#ifdef __has_include
#if __has_include("lvgl.h")
#ifndef LV_LVGL_H_INCLUDE_SIMPLE
#define LV_LVGL_H_INCLUDE_SIMPLE
#endif
#endif
#endif

#if defined(LV_LVGL_H_INCLUDE_SIMPLE)
 #include "lvgl.h"
#else
 #include "lvgl/lvgl.h"
#endif

#ifndef LV_ATTRIBUTE_MEM_ALIGN
#define LV_ATTRIBUTE_MEM_ALIGN
#endif

#ifndef LV_ATTRIBUTE_IMAGE_ICN_WHATSAPP_80X80_ARGB8888_ALIGNED
#define LV_ATTRIBUTE_IMAGE_ICN_WHATSAPP_80X80_ARGB8888_ALIGNED
#endif

const LV_ATTRIBUTE_MEM_ALIGN LV_ATTRIBUTE_LARGE_CONST LV_ATTRIBUTE_IMAGE_ICN_WHATSAPP_80X80_ARGB8888_ALIGNED uint8_t icn_whatsapp_80x80_ARGB8888_aligned_map[] = {
    0x00,0x00,0x00,0x00,0x00,0x00,0x00,0x00,0x00,0x00,0x00,0x00,0x00,0x00,0x00,0x00,
    0x00,0x00,0x00,0x00,0x00,0x00,0x00,0x00,0x00,0x00,0x00,0x00,0x00,0x00,0x00,0x00,
    0x00,0x00,0x00,0x00,0x00,0x00,0x00,0x00,0x00,0x00,0x00,0x00,0x00,0x00,0x00,0x00,
    0x00,0x00,0x00,0x00,0x00,0x00,0x00,0x00,0x00,0x00,0x00,0x00,0x00,0x00,0x00,0x00,
    0x00,0x00,0x00,0x00,0x00,0x00,0x00,0x00,0x00,0x00,0x00,0x00,0x00,0x00,0x00,0x00,
    0x00,0x00,0x00,0x00,0x00,0x00,0x00,0x00,0x00,0x00,0x00,0x00,0x00,0x00,0x00,0x00,
    0x00,0x00,0x00,0x00,0x17,0xa7,0x07,0x20,0x15,0xa3,0x0a,0x46,0x15,0xa2,0x0e,0x6c,
    0x14,0xa0,0x0d,0x92,0x15,0xa1,0x0c,0xb4,0x15,0xa1,0x0c,0xd2,0x15,0x9e,0x0b,0xec,
    0x16,0x9e,0x0c,0xfc,0x16,0xa0,0x0d,0xff,0x16,0xa0,0x0d,0xff,0x16,0xa0,0x0d,0xff,
    0x16,0xa0,0x0d,0xff,0x16,0x9f,0x0d,0xff,0x16,0x9f,0x0d,0xff,0x16,0x9f,0x0d,0xff,
    0x16,0x9f,0x0d,0xff,0x16,0x9f,0x0d,0xff,0x16,0xa0,0x0d,0xff,0x16,0xa0,0x0d,0xff,
    0x16,0xa0,0x0d,0xff,0x16,0xa1,0x0d,0xff,0x16,0xa1,0x0d,0xff,0x15,0x9e,0x0c,0xf7,
    0x15,0x9e,0x0c,0xe4,0x15,0x9e,0x0c,0xcc,0x16,0xa0,0x0b,0xad,0x14,0xa0,0x0c,0x8a,
    0x11,0x9e,0x0c,0x64,0x11,0xa2,0x08,0x3a,0x0c,0x91,0x00,0x15,0x00,0x00,0x00,0x00,
    0x00,0x00,0x00,0x00,0x00,0x00,0x00,0x00,0x00,0x00,0x00,0x00,0x00,0x00,0x00,0x00,
    0x00,0x00,0x00,0x00,0x00,0x00,0x00,0x00,0x00,0x00,0x00,0x00,0x00,0x00,0x00,0x00,
    0x00,0x00,0x00,0x00,0x00,0x00,0x00,0x00,0x00,0x00,0x00,0x00,0x00,0x00,0x00,0x00,
    0x00,0x00,0x00,0x00,0x00,0x00,0x00,0x00,0x00,0x00,0x00,0x00,0x00,0x00,0x00,0x00,
    0x00,0x00,0x00,0x00,0x00,0x00,0x00,0x00,0x00,0x00,0x00,0x00,0x00,0x00,0x00,0x00,
    0x00,0x00,0x00,0x00,0x00,0x00,0x00,0x00,0x00,0x00,0x00,0x00,0x00,0x00,0x00,0x00,
    0x00,0x00,0x00,0x00,0x00,0x00,0x00,0x00,0x00,0x00,0x00,0x00,0x00,0x00,0x00,0x00,
    0x00,0x00,0x00,0x00,0x00,0x00,0x00,0x00,0x00,0x00,0x00,0x00,0x00,0x00,0x00,0x00,
    0x00,0x00,0x00,0x00,0x00,0x00,0x00,0x00,0x00,0x00,0x00,0x00,0x00,0x00,0x00,0x00,
    0x00,0x00,0x00,0x00,0x00,0x00,0x00,0x00,0x00,0x00,0x00,0x00,0x00,0x00,0x00,0x00,
    0x00,0x00,0x00,0x00,0x00,0x00,0x00,0x00,0x00,0x00,0x00,0x00,0x00,0x00,0x00,0x00,
    0x00,0x00,0x00,0x00,0x00,0x00,0x00,0x00,0x00,0x00,0x00,0x00,0x00,0x00,0x00,0x00,
    0x1f,0x9f,0x00,0x08,0x17,0xa6,0x0b,0x2b,0x16,0xa2,0x0c,0x50,0x15,0xa0,0x0d,0x74,
    0x15,0xa0,0x0d,0x97,0x14,0xa3,0x0c,0xb7,0x15,0xa0,0x0b,0xd5,0x15,0x9f,0x0b,0xed,
    0x16,0x9e,0x0c,0xfc,0x16,0xa0,0x0d,0xff,0x16,0xa0,0x0d,0xff,0x16,0xa0,0x0d,0xff,
    0x16,0xa0,0x0d,0xff,0x16,0x9f,0x0d,0xff,0x16,0x9f,0x0d,0xff,0x16,0x9f,0x0d,0xff,
    0x16,0x9f,0x0d,0xff,0x16,0x9f,0x0d,0xff,0x16,0xa0,0x0d,0xff,0x16,0xa0,0x0d,0xff,
    0x16,0xa0,0x0d,0xff,0x16,0xa1,0x0d,0xff,0x16,0xa1,0x0d,0xff,0x15,0x9e,0x0c,0xf7,
    0x15,0x9e,0x0c,0xe6,0x14,0x9e,0x0c,0xcf,0x15,0xa1,0x0b,0xb1,0x15,0x9f,0x0c,0x90,
    0x12,0x9e,0x0b,0x6c,0x12,0x9e,0x0b,0x45,0x0f,0x9a,0x07,0x21,0x00,0xa2,0x17,0x0b,
    0x00,0x7f,0x00,0x02,0x00,0x00,0x00,0x00,0x00,0x00,0x00,0x00,0x00,0x00,0x00,0x00,
    0x00,0x00,0x00,0x00,0x00,0x00,0x00,0x00,0x00,0x00,0x00,0x00,0x00,0x00,0x00,0x00,
    0x00,0x00,0x00,0x00,0x00,0x00,0x00,0x00,0x00,0x00,0x00,0x00,0x00,0x00,0x00,0x00,
    0x00,0x00,0x00,0x00,0x00,0x00,0x00,0x00,0x00,0x00,0x00,0x00,0x00,0x00,0x00,0x00,
    0x00,0x00,0x00,0x00,0x00,0x00,0x00,0x00,0x00,0x00,0x00,0x00,0x00,0x00,0x00,0x00,
    0x00,0x00,0x00,0x00,0x00,0x00,0x00,0x00,0x00,0x00,0x00,0x00,0x00,0x00,0x00,0x00,
    0x00,0x00,0x00,0x00,0x00,0x00,0x00,0x00,0x00,0x00,0x00,0x00,0x00,0x00,0x00,0x00,
    0x00,0x00,0x00,0x00,0x00,0x00,0x00,0x00,0x00,0x00,0x00,0x00,0x00,0x00,0x00,0x00,
    0x00,0x00,0x00,0x00,0x00,0x00,0x00,0x00,0x00,0x00,0x00,0x00,0x00,0x00,0x00,0x00,
    0x00,0x00,0x00,0x00,0x00,0x00,0x00,0x00,0x00,0x00,0x00,0x00,0x00,0x00,0x00,0x00,
    0x00,0x00,0x00,0x00,0x00,0x00,0x00,0x00,0x00,0x00,0x00,0x00,0x00,0x00,0x00,0x00,
    0x00,0x00,0x00,0x00,0x0a,0x9f,0x0a,0x18,0x0e,0x9c,0x09,0x34,0x16,0x9f,0x09,0x50,
    0x17,0xa0,0x0b,0x6c,0x16,0xa0,0x0c,0x8a,0x16,0xa0,0x0e,0xa2,0x16,0x9f,0x0c,0xb6,
    0x15,0xa0,0x0c,0xc7,0x15,0x9f,0x0c,0xd9,0x15,0x9f,0x0c,0xe8,0x15,0x9f,0x0c,0xf5,
    0x16,0x9f,0x0c,0xfd,0x16,0xa0,0x0d,0xff,0x16,0xa0,0x0d,0xff,0x16,0xa0,0x0d,0xff,
    0x16,0xa0,0x0d,0xff,0x16,0x9f,0x0d,0xff,0x16,0x9f,0x0d,0xff,0x16,0x9f,0x0d,0xff,
    0x16,0x9f,0x0d,0xff,0x16,0x9f,0x0d,0xff,0x16,0xa0,0x0d,0xff,0x16,0xa0,0x0d,0xff,
    0x16,0xa0,0x0d,0xff,0x16,0xa0,0x0d,0xff,0x16,0xa0,0x0d,0xff,0x15,0x9e,0x0c,0xfb,
    0x15,0x9e,0x0c,0xf2,0x15,0x9f,0x0c,0xe5,0x15,0x9f,0x0b,0xd5,0x16,0x9e,0x0d,0xc4,
    0x14,0x9f,0x0d,0xb0,0x15,0xa0,0x0d,0x9c,0x14,0xa0,0x0b,0x87,0x15,0x9f,0x0b,0x6d,
    0x16,0xa0,0x0d,0x4e,0x16,0xa6,0x0b,0x2e,0x11,0x99,0x00,0x0f,0x00,0x00,0x00,0x00,
    0x00,0x00,0x00,0x00,0x00,0x00,0x00,0x00,0x00,0x00,0x00,0x00,0x00,0x00,0x00,0x01,
    0x00,0x00,0x00,0x00,0x00,0x00,0x00,0x00,0x00,0x00,0x00,0x00,0x00,0x00,0x00,0x00,
    0x00,0x00,0x00,0x00,0x00,0x00,0x00,0x00,0x00,0x00,0x00,0x00,0x00,0x00,0x00,0x00,
    0x00,0x00,0x00,0x00,0x00,0x00,0x00,0x00,0x00,0x00,0x00,0x00,0x00,0x00,0x00,0x00,
    0x00,0x00,0x00,0x00,0x00,0x00,0x00,0x00,0x00,0x00,0x00,0x00,0x00,0x00,0x00,0x00,
    0x00,0x00,0x00,0x00,0x00,0x00,0x00,0x00,0x00,0x00,0x00,0x00,0x00,0x00,0x00,0x00,
    0x00,0x00,0x00,0x00,0x00,0x00,0x00,0x00,0x00,0x00,0x00,0x00,0x00,0x00,0x00,0x00,
    0x00,0x00,0x00,0x00,0x00,0x00,0x00,0x00,0x00,0x00,0x00,0x00,0x00,0x00,0x00,0x00,
    0x00,0x00,0x00,0x00,0x00,0x00,0x00,0x00,0x00,0x00,0x00,0x00,0x00,0x00,0x00,0x00,
    0x00,0x00,0x00,0x00,0x00,0x00,0x00,0x00,0x00,0x00,0x00,0x00,0x00,0x00,0x00,0x00,
    0x11,0xaa,0x11,0x0f,0x11,0x9e,0x0a,0x47,0x12,0x9a,0x0a,0x7f,0x16,0x9d,0x0b,0xb8,
    0x16,0x9f,0x0c,0xde,0x17,0xa0,0x0d,0xf3,0x16,0x9f,0x0e,0xfe,0x16,0x9f,0x0d,0xff,
    0x16,0x9f,0x0d,0xfd,0x16,0x9d,0x0d,0xfe,0x16,0x9e,0x0d,0xfe,0x16,0x9f,0x0d,0xff,
    0x16,0x9f,0x0d,0xff,0x16,0x9f,0x0d,0xff,0x16,0x9f,0x0d,0xff,0x16,0x9f,0x0d,0xff,
    0x16,0x9f,0x0d,0xff,0x16,0x9f,0x0d,0xff,0x16,0x9f,0x0d,0xff,0x16,0x9f,0x0d,0xff,
    0x16,0x9f,0x0d,0xff,0x16,0x9f,0x0d,0xff,0x16,0x9f,0x0d,0xff,0x16,0x9f,0x0d,0xff,
    0x16,0x9f,0x0d,0xff,0x16,0x9f,0x0d,0xff,0x16,0x9f,0x0d,0xff,0x16,0x9f,0x0d,0xff,
    0x16,0x9f,0x0d,0xff,0x16,0x9e,0x0d,0xfe,0x16,0x9d,0x0d,0xfe,0x16,0x9e,0x0d,0xfd,
    0x16,0x9e,0x0d,0xfd,0x16,0x9f,0x0d,0xfd,0x16,0xa0,0x0c,0xf9,0x15,0x9f,0x0c,0xdd,
    0x16,0xa1,0x0d,0xab,0x15,0xa0,0x0d,0x74,0x12,0xa0,0x09,0x36,0x0e,0x9b,0x00,0x12,
    0x00,0x7f,0x00,0x02,0x00,0x00,0x00,0x00,0x00,0x00,0x00,0x00,0x00,0x00,0x00,0x00,
    0x00,0x00,0x00,0x00,0x00,0x00,0x00,0x00,0x00,0x00,0x00,0x00,0x00,0x00,0x00,0x00,
    0x00,0x00,0x00,0x00,0x00,0x00,0x00,0x00,0x00,0x00,0x00,0x00,0x00,0x00,0x00,0x00,
    0x00,0x00,0x00,0x00,0x00,0x00,0x00,0x00,0x00,0x00,0x00,0x00,0x00,0x00,0x00,0x00,
    0x00,0x00,0x00,0x00,0x00,0x00,0x00,0x00,0x00,0x00,0x00,0x00,0x00,0x00,0x00,0x00,
    0x00,0x00,0x00,0x00,0x00,0x00,0x00,0x00,0x00,0x00,0x00,0x00,0x00,0x00,0x00,0x00,
    0x00,0x00,0x00,0x00,0x00,0x00,0x00,0x00,0x00,0x00,0x00,0x00,0x00,0x00,0x00,0x00,
    0x00,0x00,0x00,0x00,0x00,0x00,0x00,0x00,0x00,0x00,0x00,0x00,0x00,0x00,0x00,0x00,
    0x00,0x00,0x00,0x00,0x00,0x00,0x00,0x00,0x00,0x00,0x00,0x00,0x00,0x00,0x00,0x00,
    0x00,0x00,0x00,0x00,0x0f,0x96,0x0f,0x11,0x17,0x9c,0x0b,0x2c,0x16,0xa0,0x0d,0x4e,
    0x13,0xa0,0x0d,0x74,0x14,0x9f,0x0c,0x9e,0x14,0x9e,0x0b,0xc4,0x16,0x9e,0x0c,0xe7,
    0x16,0xa0,0x0d,0xfd,0x17,0xa5,0x0e,0xff,0x17,0xa7,0x0e,0xff,0x17,0xa5,0x0d,0xff,
    0x17,0xa3,0x0d,0xff,0x16,0xa1,0x0d,0xff,0x16,0xa0,0x0d,0xff,0x16,0xa0,0x0d,0xff,
    0x16,0x9f,0x0d,0xff,0x16,0x9f,0x0d,0xff,0x16,0x9f,0x0d,0xff,0x16,0x9f,0x0d,0xff,
    0x16,0x9f,0x0d,0xff,0x16,0x9f,0x0d,0xff,0x16,0x9f,0x0d,0xff,0x16,0x9f,0x0d,0xff,
    0x16,0x9f,0x0d,0xff,0x16,0x9f,0x0d,0xff,0x16,0x9f,0x0d,0xff,0x16,0x9f,0x0d,0xff,
    0x16,0x9f,0x0d,0xff,0x16,0x9f,0x0d,0xff,0x16,0x9f,0x0d,0xff,0x16,0x9f,0x0d,0xff,
    0x16,0xa0,0x0d,0xff,0x16,0xa1,0x0d,0xff,0x16,0xa2,0x0d,0xff,0x17,0xa3,0x0d,0xff,
    0x17,0xa5,0x0e,0xff,0x17,0xa7,0x0e,0xff,0x17,0xa8,0x0d,0xff,0x16,0x9e,0x0d,0xfd,
    0x15,0xa0,0x0c,0xde,0x15,0xa0,0x0c,0xbd,0x15,0x9f,0x0b,0x98,0x13,0xa0,0x0a,0x74,
    0x13,0xa3,0x0d,0x4e,0x13,0xa5,0x0c,0x28,0x00,0x55,0x00,0x03,0x00,0x00,0x00,0x00,
    0x00,0x00,0x00,0x00,0x00,0x00,0x00,0x00,0x00,0x00,0x00,0x00,0x00,0x00,0x00,0x00,
    0x00,0x00,0x00,0x00,0x00,0x00,0x00,0x00,0x00,0x00,0x00,0x00,0x00,0x00,0x00,0x00,
    0x00,0x00,0x00,0x00,0x00,0x00,0x00,0x00,0x00,0x00,0x00,0x00,0x00,0x00,0x00,0x00,
    0x00,0x00,0x00,0x00,0x00,0x00,0x00,0x00,0x00,0x00,0x00,0x00,0x00,0x00,0x00,0x00,
    0x00,0x00,0x00,0x00,0x00,0x00,0x00,0x00,0x00,0x00,0x00,0x00,0x00,0x00,0x00,0x00,
    0x00,0x00,0x00,0x00,0x00,0x00,0x00,0x00,0x00,0x00,0x00,0x00,0x00,0x00,0x00,0x00,
    0x00,0x00,0x00,0x00,0x00,0x00,0x00,0x00,0x00,0x00,0x00,0x00,0x00,0x00,0x00,0x00,
    0x00,0x00,0x00,0x00,0x00,0x00,0x00,0x00,0x00,0x00,0x00,0x00,0x00,0x00,0x00,0x00,
    0x15,0xaa,0x15,0x0c,0x12,0x9b,0x0e,0x36,0x14,0xa0,0x0d,0x71,0x14,0x9e,0x0d,0xb9,
    0x15,0xa0,0x0d,0xe5,0x15,0xa0,0x0e,0xf5,0x17,0xa0,0x0e,0xfd,0x16,0x9f,0x0e,0xfe,
    0x16,0x9f,0x0e,0xfe,0x16,0x9e,0x0d,0xff,0x16,0x9e,0x0d,0xff,0x16,0x9f,0x0d,0xff,
    0x16,0x9f,0x0d,0xff,0x16,0x9f,0x0d,0xff,0x16,0x9f,0x0d,0xff,0x16,0x9f,0x0d,0xff,
    0x16,0x9f,0x0d,0xff,0x16,0x9f,0x0d,0xff,0x16,0x9f,0x0d,0xff,0x16,0x9f,0x0d,0xff,
    0x16,0x9f,0x0d,0xff,0x16,0x9f,0x0d,0xff,0x16,0x9f,0x0d,0xff,0x16,0x9f,0x0d,0xff,
    0x16,0x9f,0x0d,0xff,0x16,0x9f,0x0d,0xff,0x16,0x9f,0x0d,0xff,0x16,0x9f,0x0d,0xff,
    0x16,0x9f,0x0d,0xff,0x16,0x9f,0x0d,0xff,0x16,0x9f,0x0d,0xff,0x16,0x9f,0x0d,0xff,
    0x16,0x9f,0x0d,0xff,0x16,0x9f,0x0d,0xff,0x16,0x9f,0x0d,0xff,0x16,0x9f,0x0d,0xff,
    0x16,0x9f,0x0d,0xff,0x16,0x9f,0x0d,0xff,0x16,0x9e,0x0d,0xff,0x16,0x9e,0x0d,0xfe,
    0x16,0x9e,0x0d,0xfc,0x16,0x9f,0x0d,0xfd,0x16,0x9f,0x0d,0xff,0x15,0xa0,0x0d,0xe3,
    0x14,0xa2,0x0d,0xab,0x13,0xa2,0x0c,0x69,0x14,0xa3,0x0a,0x19,0x00,0x00,0x00,0x00,
    0x00,0x00,0x00,0x00,0x00,0x00,0x00,0x00,0x00,0x00,0x00,0x00,0x00,0x00,0x00,0x00,
    0x00,0x00,0x00,0x00,0x00,0x00,0x00,0x00,0x00,0x00,0x00,0x00,0x00,0x00,0x00,0x00,
    0x00,0x00,0x00,0x00,0x00,0x00,0x00,0x00,0x00,0x00,0x00,0x00,0x00,0x00,0x00,0x00,
    0x00,0x00,0x00,0x00,0x00,0x00,0x00,0x00,0x00,0x00,0x00,0x00,0x00,0x00,0x00,0x00,
    0x00,0x00,0x00,0x00,0x00,0x00,0x00,0x00,0x00,0x00,0x00,0x00,0x00,0x00,0x00,0x00,
    0x00,0x00,0x00,0x00,0x00,0x00,0x00,0x00,0x00,0x00,0x00,0x00,0x00,0x00,0x00,0x00,
    0x00,0x00,0x00,0x00,0x00,0x00,0x00,0x00,0x00,0x00,0x00,0x00,0x00,0x00,0x00,0x00,
    0x00,0x00,0x00,0x00,0x00,0x00,0x00,0x00,0x00,0x7f,0x00,0x02,0x17,0x9f,0x0f,0x20,
    0x14,0xa1,0x0d,0x4c,0x16,0x9e,0x0d,0x87,0x15,0xa0,0x0d,0xbc,0x15,0x9f,0x0d,0xea,
    0x16,0xa3,0x0d,0xff,0x17,0xa6,0x0e,0xff,0x18,0xa7,0x0e,0xff,0x16,0xa3,0x0e,0xff,
    0x16,0xa0,0x0e,0xff,0x16,0x9f,0x0d,0xff,0x16,0x9e,0x0d,0xff,0x16,0x9f,0x0d,0xff,
    0x16,0x9f,0x0d,0xff,0x16,0x9f,0x0d,0xff,0x16,0x9f,0x0d,0xff,0x16,0x9f,0x0d,0xff,
    0x16,0x9f,0x0d,0xff,0x16,0x9f,0x0d,0xff,0x16,0x9f,0x0d,0xff,0x16,0x9f,0x0d,0xff,
    0x16,0x9f,0x0d,0xff,0x16,0x9f,0x0d,0xff,0x16,0x9f,0x0d,0xff,0x16,0x9f,0x0d,0xff,
    0x16,0x9f,0x0d,0xff,0x16,0x9f,0x0d,0xff,0x16,0x9f,0x0d,0xff,0x16,0x9f,0x0d,0xff,
    0x16,0x9f,0x0d,0xff,0x16,0x9f,0x0d,0xff,0x16,0x9f,0x0d,0xff,0x16,0x9f,0x0d,0xff,
    0x16,0x9f,0x0d,0xff,0x16,0x9f,0x0d,0xff,0x16,0x9f,0x0d,0xff,0x16,0x9f,0x0d,0xff,
    0x16,0x9f,0x0d,0xff,0x16,0x9f,0x0d,0xff,0x16,0x9e,0x0d,0xff,0x16,0xa0,0x0d,0xff,
    0x16,0xa2,0x0d,0xff,0x17,0xa6,0x0d,0xff,0x18,0xab,0x0e,0xff,0x16,0xa2,0x0d,0xff,
    0x15,0xa0,0x0c,0xe0,0x15,0xa1,0x0d,0xaf,0x16,0xa0,0x0b,0x6f,0x16,0xa1,0x0d,0x39,
    0x0f,0xa5,0x0f,0x11,0x00,0x00,0x00,0x00,0x00,0x00,0x00,0x00,0x00,0x00,0x00,0x00,
    0x00,0x00,0x00,0x00,0x00,0x00,0x00,0x00,0x00,0x00,0x00,0x00,0x00,0x00,0x00,0x00,
    0x00,0x00,0x00,0x00,0x00,0x00,0x00,0x00,0x00,0x00,0x00,0x00,0x00,0x00,0x00,0x00,
    0x00,0x00,0x00,0x00,0x00,0x00,0x00,0x00,0x00,0x00,0x00,0x00,0x00,0x00,0x00,0x00,
    0x00,0x00,0x00,0x00,0x00,0x00,0x00,0x00,0x00,0x00,0x00,0x00,0x00,0x00,0x00,0x00,
    0x00,0x00,0x00,0x00,0x00,0x00,0x00,0x00,0x00,0x00,0x00,0x00,0x00,0x00,0x00,0x00,
    0x00,0x00,0x00,0x00,0x00,0x00,0x00,0x00,0x00,0x00,0x00,0x00,0x00,0x00,0x00,0x00,
    0x00,0x00,0x00,0x00,0x00,0x00,0x00,0x00,0x14,0x99,0x0a,0x19,0x15,0xa1,0x0a,0x5d,
    0x16,0xa0,0x0b,0xa0,0x16,0xa0,0x0c,0xe1,0x17,0xa1,0x0e,0xff,0x16,0x9f,0x0d,0xff,
    0x16,0x9f,0x0d,0xff,0x16,0x9f,0x0d,0xff,0x16,0x9f,0x0d,0xff,0x16,0x9f,0x0d,0xff,
    0x16,0x9f,0x0d,0xff,0x16,0x9f,0x0d,0xff,0x16,0x9f,0x0d,0xff,0x16,0x9f,0x0d,0xff,
    0x16,0x9f,0x0d,0xff,0x16,0x9f,0x0d,0xff,0x16,0x9f,0x0d,0xff,0x16,0x9f,0x0d,0xff,
    0x16,0x9f,0x0d,0xff,0x16,0x9f,0x0d,0xff,0x16,0x9f,0x0d,0xff,0x16,0x9f,0x0d,0xff,
    0x16,0x9f,0x0d,0xff,0x16,0x9f,0x0d,0xff,0x16,0x9f,0x0d,0xff,0x16,0x9f,0x0d,0xff,
    0x16,0x9f,0x0d,0xff,0x16,0x9f,0x0d,0xff,0x16,0x9f,0x0d,0xff,0x16,0x9f,0x0d,0xff,
    0x16,0x9f,0x0d,0xff,0x16,0x9f,0x0d,0xff,0x16,0x9f,0x0d,0xff,0x16,0x9f,0x0d,0xff,
    0x16,0x9f,0x0d,0xff,0x16,0x9f,0x0d,0xff,0x16,0x9f,0x0d,0xff,0x16,0x9f,0x0d,0xff,
    0x16,0x9f,0x0d,0xff,0x16,0x9f,0x0d,0xff,0x16,0x9f,0x0d,0xff,0x16,0x9f,0x0d,0xff,
    0x16,0x9f,0x0d,0xff,0x16,0x9f,0x0d,0xff,0x16,0xa0,0x0d,0xff,0x16,0xa0,0x0d,0xff,
    0x16,0xa0,0x0d,0xff,0x16,0xa0,0x0d,0xf0,0x16,0x9f,0x0b,0xd6,0x17,0x9f,0x0b,0x9b,
    0x14,0xa1,0x08,0x3f,0x00,0x91,0x00,0x07,0x00,0x00,0x00,0x00,0x00,0x00,0x00,0x00,
    0x00,0x00,0x00,0x00,0x00,0x00,0x00,0x00,0x00,0x00,0x00,0x00,0x00,0x00,0x00,0x00,
    0x00,0x00,0x00,0x00,0x00,0x00,0x00,0x00,0x00,0x00,0x00,0x00,0x00,0x00,0x00,0x00,
    0x00,0x00,0x00,0x00,0x00,0x00,0x00,0x00,0x00,0x00,0x00,0x00,0x00,0x00,0x00,0x00,
    0x00,0x00,0x00,0x00,0x00,0x00,0x00,0x00,0x00,0x00,0x00,0x00,0x00,0x00,0x00,0x00,
    0x00,0x00,0x00,0x00,0x00,0x00,0x00,0x00,0x00,0x00,0x00,0x00,0x00,0x00,0x00,0x00,
    0x00,0x00,0x00,0x00,0x00,0x00,0x00,0x00,0x00,0x00,0x00,0x00,0x00,0x00,0x00,0x00,
    0x17,0xa2,0x00,0x0b,0x14,0xa0,0x0a,0x33,0x16,0x9f,0x09,0x68,0x15,0xa1,0x0c,0xa7,
    0x16,0xa0,0x0c,0xd9,0x17,0xa1,0x0d,0xff,0x18,0xaa,0x0e,0xff,0x16,0xa3,0x0d,0xff,
    0x16,0xa0,0x0d,0xff,0x16,0x9f,0x0d,0xff,0x16,0x9f,0x0d,0xff,0x16,0x9f,0x0d,0xff,
    0x16,0x9f,0x0d,0xff,0x16,0x9f,0x0d,0xff,0x16,0x9f,0x0d,0xff,0x16,0x9f,0x0d,0xff,
    0x16,0x9f,0x0d,0xff,0x16,0x9f,0x0d,0xff,0x16,0x9f,0x0d,0xff,0x16,0x9f,0x0d,0xff,
    0x16,0x9f,0x0d,0xff,0x16,0x9f,0x0d,0xff,0x16,0x9f,0x0d,0xff,0x16,0x9f,0x0d,0xff,
    0x16,0x9f,0x0d,0xff,0x16,0x9f,0x0d,0xff,0x16,0x9f,0x0d,0xff,0x16,0x9f,0x0d,0xff,
    0x16,0x9f,0x0d,0xff,0x16,0x9f,0x0d,0xff,0x16,0x9f,0x0d,0xff,0x16,0x9f,0x0d,0xff,
    0x16,0x9f,0x0d,0xff,0x16,0x9f,0x0d,0xff,0x16,0x9f,0x0d,0xff,0x16,0x9f,0x0d,0xff,
    0x16,0x9f,0x0d,0xff,0x16,0x9f,0x0d,0xff,0x16,0x9f,0x0d,0xff,0x16,0x9f,0x0d,0xff,
    0x16,0x9f,0x0d,0xff,0x16,0x9f,0x0d,0xff,0x16,0x9f,0x0d,0xff,0x16,0x9f,0x0d,0xff,
    0x16,0x9f,0x0d,0xff,0x16,0x9f,0x0d,0xff,0x16,0x9f,0x0d,0xfe,0x16,0xa0,0x0d,0xff,
    0x17,0xa4,0x0d,0xff,0x17,0xa3,0x0e,0xff,0x16,0xa0,0x0c,0xfb,0x16,0xa0,0x0b,0xd7,
    0x15,0xa2,0x0d,0x97,0x18,0xa1,0x0d,0x5d,0x17,0x9c,0x0b,0x2c,0x00,0x8b,0x00,0x0b,
    0x00,0x00,0x00,0x00,0x00,0x00,0x00,0x00,0x00,0x00,0x00,0x00,0x00,0x00,0x00,0x00,
    0x00,0x00,0x00,0x00,0x00,0x00,0x00,0x00,0x00,0x00,0x00,0x00,0x00,0x00,0x00,0x00,
    0x00,0x00,0x00,0x00,0x00,0x00,0x00,0x00,0x00,0x00,0x00,0x00,0x00,0x00,0x00,0x00,
    0x00,0x00,0x00,0x00,0x00,0x00,0x00,0x00,0x00,0x00,0x00,0x00,0x00,0x00,0x00,0x00,
    0x00,0x00,0x00,0x00,0x00,0x00,0x00,0x00,0x00,0x00,0x00,0x00,0x00,0x00,0x00,0x00,
    0x00,0x00,0x00,0x00,0x00,0x00,0x00,0x00,0x00,0x00,0x00,0x00,0x00,0x00,0x00,0x00,
    0x0f,0x9f,0x05,0x30,0x15,0x9f,0x0a,0x8e,0x15,0xa0,0x0b,0xc8,0x15,0xa0,0x0c,0xed,
    0x17,0xa0,0x0e,0xff,0x16,0xa0,0x0d,0xff,0x16,0xa0,0x0d,0xff,0x16,0x9f,0x0d,0xff,
    0x16,0x9f,0x0d,0xff,0x16,0x9f,0x0d,0xff,0x16,0x9f,0x0d,0xff,0x16,0x9f,0x0d,0xff,
    0x16,0x9f,0x0d,0xff,0x16,0x9f,0x0d,0xff,0x16,0x9f,0x0d,0xff,0x16,0x9f,0x0d,0xff,
    0x16,0x9f,0x0d,0xff,0x16,0x9f,0x0d,0xff,0x16,0x9f,0x0d,0xff,0x16,0x9f,0x0d,0xff,
    0x16,0x9f,0x0d,0xff,0x16,0x9f,0x0d,0xff,0x16,0x9f,0x0d,0xff,0x16,0x9f,0x0d,0xff,
    0x16,0x9f,0x0d,0xff,0x16,0x9f,0x0d,0xff,0x16,0x9f,0x0d,0xff,0x16,0x9f,0x0d,0xff,
    0x16,0x9f,0x0d,0xff,0x16,0x9f,0x0d,0xff,0x16,0x9f,0x0d,0xff,0x16,0x9f,0x0d,0xff,
    0x16,0x9f,0x0d,0xff,0x16,0x9f,0x0d,0xff,0x16,0x9f,0x0d,0xff,0x16,0x9f,0x0d,0xff,
    0x16,0x9f,0x0d,0xff,0x16,0x9f,0x0d,0xff,0x16,0x9f,0x0d,0xff,0x16,0x9f,0x0d,0xff,
    0x16,0x9f,0x0d,0xff,0x16,0x9f,0x0d,0xff,0x16,0x9f,0x0d,0xff,0x16,0x9f,0x0d,0xff,
    0x16,0x9f,0x0d,0xff,0x16,0x9f,0x0d,0xff,0x16,0x9f,0x0d,0xff,0x16,0x9f,0x0d,0xff,
    0x16,0x9f,0x0d,0xff,0x16,0x9f,0x0d,0xff,0x16,0x9f,0x0d,0xff,0x17,0xa0,0x0d,0xfb,
    0x17,0xa3,0x0e,0xf5,0x17,0xa2,0x0d,0xcb,0x16,0x9d,0x0b,0x70,0x0b,0x8b,0x00,0x2c,
    0x1c,0x8d,0x00,0x09,0x00,0x00,0x00,0x00,0x00,0x00,0x00,0x00,0x00,0x00,0x00,0x00,
    0x00,0x00,0x00,0x00,0x00,0x00,0x00,0x00,0x00,0x00,0x00,0x00,0x00,0x00,0x00,0x00,
    0x00,0x00,0x00,0x00,0x00,0x00,0x00,0x00,0x00,0x00,0x00,0x00,0x00,0x00,0x00,0x00,
    0x00,0x00,0x00,0x00,0x00,0x00,0x00,0x00,0x00,0x00,0x00,0x00,0x00,0x00,0x00,0x00,
    0x00,0x00,0x00,0x00,0x00,0x00,0x00,0x00,0x00,0x00,0x00,0x00,0x00,0x00,0x00,0x00,
    0x00,0x00,0x00,0x00,0x00,0x00,0x00,0x00,0x00,0x8d,0x0e,0x12,0x0f,0x9c,0x0f,0x41,
    0x11,0x9f,0x0b,0x80,0x15,0x9f,0x0c,0xcb,0x14,0xa0,0x0c,0xf3,0x16,0xa3,0x0e,0xff,
    0x17,0xa6,0x0e,0xff,0x16,0xa0,0x0d,0xff,0x16,0x9e,0x0d,0xfe,0x16,0x9f,0x0d,0xff,
    0x16,0x9f,0x0d,0xff,0x16,0x9f,0x0d,0xff,0x16,0x9f,0x0d,0xff,0x16,0x9f,0x0d,0xff,
    0x16,0x9f,0x0d,0xff,0x16,0x9f,0x0d,0xff,0x16,0x9f,0x0d,0xff,0x16,0x9f,0x0d,0xff,
    0x16,0x9f,0x0d,0xff,0x16,0x9f,0x0d,0xff,0x16,0x9f,0x0d,0xff,0x16,0x9f,0x0d,0xff,
    0x17,0x9f,0x0e,0xff,0x17,0x9f,0x0e,0xff,0x17,0xa0,0x0e,0xff,0x17,0xa0,0x0e,0xff,
    0x17,0xa0,0x0e,0xff,0x17,0xa0,0x0d,0xff,0x17,0xa0,0x0d,0xff,0x17,0xa0,0x0d,0xff,
    0x17,0xa0,0x0d,0xff,0x17,0xa0,0x0d,0xff,0x17,0xa0,0x0e,0xff,0x17,0xa0,0x0e,0xff,
    0x17,0xa0,0x0e,0xff,0x17,0xa0,0x0e,0xff,0x17,0x9f,0x0e,0xff,0x17,0x9f,0x0d,0xff,
    0x16,0x9f,0x0d,0xff,0x16,0x9f,0x0d,0xff,0x16,0x9f,0x0d,0xff,0x16,0x9f,0x0d,0xff,
    0x16,0x9f,0x0d,0xff,0x16,0x9f,0x0d,0xff,0x16,0x9f,0x0d,0xff,0x16,0x9f,0x0d,0xff,
    0x16,0x9f,0x0d,0xff,0x16,0x9f,0x0d,0xff,0x16,0x9f,0x0d,0xff,0x16,0x9f,0x0d,0xff,
    0x16,0x9f,0x0d,0xff,0x16,0x9f,0x0d,0xff,0x16,0xa1,0x0d,0xff,0x17,0xa4,0x0d,0xff,
    0x19,0xac,0x10,0xff,0x17,0xa1,0x0e,0xf7,0x16,0x9d,0x0d,0xb9,0x12,0x98,0x0a,0x7a,
    0x0d,0x99,0x09,0x37,0x00,0x9c,0x00,0x0d,0x00,0x00,0x00,0x01,0x00,0x00,0x00,0x00,
    0x00,0x00,0x00,0x00,0x00,0x00,0x00,0x00,0x00,0x00,0x00,0x00,0x00,0x00,0x00,0x00,
    0x00,0x00,0x00,0x00,0x00,0x00,0x00,0x00,0x00,0x00,0x00,0x00,0x00,0x00,0x00,0x00,
    0x00,0x00,0x00,0x00,0x00,0x00,0x00,0x00,0x00,0x00,0x00,0x00,0x00,0x00,0x00,0x00,
    0x00,0x00,0x00,0x00,0x00,0x00,0x00,0x00,0x00,0x00,0x00,0x01,0x00,0x00,0x00,0x00,
    0x00,0x00,0x00,0x00,0x00,0x00,0x00,0x00,0x10,0x9c,0x0c,0x3e,0x11,0x9e,0x10,0xab,
    0x13,0x9e,0x0e,0xe1,0x14,0x9f,0x0c,0xf5,0x16,0xa0,0x0d,0xff,0x16,0xa0,0x0d,0xff,
    0x16,0xa0,0x0d,0xff,0x16,0x9f,0x0d,0xff,0x16,0x9f,0x0d,0xff,0x16,0x9f,0x0d,0xff,
    0x16,0x9f,0x0d,0xff,0x16,0x9f,0x0d,0xff,0x16,0x9f,0x0d,0xff,0x16,0x9f,0x0d,0xff,
    0x16,0x9f,0x0d,0xff,0x16,0x9f,0x0d,0xff,0x16,0x9f,0x0d,0xff,0x16,0x9f,0x0d,0xff,
    0x16,0x9f,0x0d,0xff,0x16,0x9f,0x0d,0xff,0x16,0x9f,0x0d,0xff,0x16,0x9f,0x0d,0xff,
    0x17,0x9f,0x0e,0xff,0x17,0xa0,0x0e,0xff,0x17,0xa0,0x0e,0xff,0x17,0xa0,0x0e,0xff,
    0x17,0xa0,0x0e,0xff,0x16,0xa0,0x0d,0xff,0x16,0xa0,0x0d,0xff,0x16,0xa0,0x0d,0xff,
    0x16,0xa0,0x0d,0xff,0x16,0xa0,0x0d,0xff,0x17,0xa0,0x0e,0xff,0x17,0xa0,0x0e,0xff,
    0x17,0xa0,0x0e,0xff,0x17,0xa0,0x0e,0xff,0x17,0x9f,0x0e,0xff,0x17,0x9f,0x0e,0xff,
    0x16,0x9f,0x0d,0xff,0x16,0x9f,0x0d,0xff,0x16,0x9f,0x0d,0xff,0x16,0x9f,0x0d,0xff,
    0x16,0x9f,0x0d,0xff,0x16,0x9f,0x0d,0xff,0x16,0x9f,0x0d,0xff,0x16,0x9f,0x0d,0xff,
    0x16,0x9f,0x0d,0xff,0x16,0x9f,0x0d,0xff,0x16,0x9f,0x0d,0xff,0x16,0x9f,0x0d,0xff,
    0x16,0x9f,0x0d,0xff,0x16,0x9f,0x0d,0xff,0x16,0x9f,0x0d,0xff,0x16,0xa0,0x0d,0xff,
    0x17,0xa2,0x0e,0xff,0x17,0xa0,0x0e,0xff,0x17,0x9e,0x0e,0xff,0x16,0x9d,0x0d,0xdb,
    0x10,0x9d,0x0a,0x7b,0x0a,0x9e,0x00,0x32,0x00,0xa3,0x00,0x0e,0x00,0x00,0x00,0x00,
    0x00,0x00,0x00,0x00,0x00,0x00,0x00,0x00,0x00,0x00,0x00,0x00,0x00,0x00,0x00,0x00,
    0x00,0x00,0x00,0x00,0x00,0x00,0x00,0x00,0x00,0x00,0x00,0x00,0x00,0x00,0x00,0x00,
    0x00,0x00,0x00,0x00,0x00,0x00,0x00,0x00,0x00,0x00,0x00,0x00,0x00,0x00,0x00,0x00,
    0x00,0x00,0x00,0x00,0x00,0x00,0x00,0x00,0x00,0x00,0x00,0x00,0x00,0x00,0x00,0x00,
    0x17,0xa2,0x00,0x0b,0x1a,0x9f,0x05,0x30,0x13,0x9d,0x0b,0x80,0x13,0x9d,0x0e,0xe1,
    0x15,0xa3,0x0f,0xff,0x16,0xa3,0x0d,0xff,0x16,0xa3,0x0d,0xff,0x16,0xa0,0x0d,0xff,
    0x16,0x9f,0x0d,0xff,0x16,0x9f,0x0d,0xff,0x16,0x9f,0x0d,0xff,0x16,0x9f,0x0d,0xff,
    0x16,0x9f,0x0d,0xff,0x16,0x9f,0x0d,0xff,0x16,0x9f,0x0d,0xff,0x16,0x9f,0x0d,0xff,
    0x16,0x9f,0x0d,0xff,0x16,0x9f,0x0d,0xff,0x16,0x9f,0x0d,0xff,0x17,0x9f,0x0e,0xff,
    0x17,0xa0,0x0e,0xff,0x17,0xa0,0x0e,0xff,0x16,0xa0,0x0d,0xff,0x14,0x9e,0x0a,0xff,
    0x11,0x9c,0x08,0xff,0x0e,0x9b,0x07,0xff,0x0c,0x9a,0x06,0xff,0x0b,0x98,0x05,0xff,
    0x0b,0x98,0x05,0xff,0x09,0x97,0x03,0xff,0x09,0x97,0x03,0xff,0x09,0x98,0x03,0xff,
    0x09,0x98,0x03,0xff,0x09,0x97,0x03,0xff,0x0a,0x97,0x04,0xff,0x0b,0x98,0x05,0xff,
    0x0c,0x99,0x06,0xff,0x0c,0x9a,0x07,0xff,0x0d,0x9b,0x07,0xff,0x11,0x9d,0x09,0xff,
    0x15,0x9e,0x0b,0xff,0x17,0xa0,0x0d,0xff,0x17,0xa0,0x0e,0xff,0x17,0xa0,0x0e,0xff,
    0x16,0x9f,0x0d,0xff,0x16,0x9f,0x0d,0xff,0x16,0x9f,0x0d,0xff,0x16,0x9f,0x0d,0xff,
    0x16,0x9f,0x0d,0xff,0x16,0x9f,0x0d,0xff,0x16,0x9f,0x0d,0xff,0x16,0x9f,0x0d,0xff,
    0x16,0x9f,0x0d,0xff,0x16,0x9f,0x0d,0xff,0x16,0x9f,0x0d,0xff,0x16,0x9f,0x0d,0xff,
    0x17,0x9f,0x0e,0xff,0x17,0xa2,0x0e,0xff,0x18,0xab,0x0f,0xff,0x17,0xa0,0x0e,0xff,
    0x15,0x9f,0x0b,0xc0,0x14,0xa0,0x0a,0x7a,0x16,0xa0,0x0b,0x2e,0x00,0x00,0x00,0x00,
    0x00,0x00,0x00,0x00,0x00,0x00,0x00,0x00,0x00,0x00,0x00,0x00,0x00,0x00,0x00,0x00,
    0x00,0x00,0x00,0x00,0x00,0x00,0x00,0x00,0x00,0x00,0x00,0x00,0x00,0x00,0x00,0x00,
    0x00,0x00,0x00,0x00,0x00,0x00,0x00,0x00,0x00,0x00,0x00,0x00,0x00,0x00,0x00,0x00,
    0x00,0x00,0x00,0x00,0x00,0x00,0x00,0x00,0x00,0x00,0x00,0x00,0x00,0x00,0x00,0x00,
    0x1c,0xa3,0x04,0x35,0x1b,0xa0,0x08,0x94,0x17,0x9f,0x0b,0xce,0x13,0x9e,0x0d,0xf5,
    0x15,0xa1,0x0e,0xff,0x16,0x9f,0x0d,0xff,0x16,0xa0,0x0d,0xff,0x16,0x9f,0x0d,0xff,
    0x16,0x9f,0x0d,0xff,0x16,0x9f,0x0d,0xff,0x16,0x9f,0x0d,0xff,0x16,0x9f,0x0d,0xff,
    0x16,0x9f,0x0d,0xff,0x16,0x9f,0x0d,0xff,0x16,0x9f,0x0d,0xff,0x16,0x9f,0x0d,0xff,
    0x16,0x9f,0x0d,0xff,0x16,0x9f,0x0d,0xff,0x16,0x9f,0x0d,0xff,0x18,0x9f,0x0e,0xff,
    0x18,0xa0,0x0f,0xff,0x18,0xa0,0x0f,0xff,0x16,0xa0,0x0c,0xff,0x0f,0x9d,0x05,0xff,
    0x08,0x98,0x00,0xff,0x02,0x95,0x00,0xff,0x00,0x92,0x00,0xff,0x00,0x8e,0x00,0xff,
    0x00,0x8d,0x00,0xff,0x00,0x8d,0x00,0xff,0x00,0x8c,0x00,0xff,0x00,0x8d,0x00,0xff,
    0x00,0x8d,0x00,0xff,0x00,0x8c,0x00,0xff,0x00,0x8d,0x00,0xff,0x00,0x8e,0x00,0xff,
    0x00,0x8f,0x00,0xff,0x00,0x92,0x00,0xff,0x00,0x96,0x00,0xff,0x08,0x99,0x03,0xff,
    0x12,0x9d,0x08,0xff,0x16,0xa0,0x0c,0xff,0x18,0xa1,0x0f,0xff,0x18,0xa1,0x0f,0xff,
    0x16,0x9f,0x0d,0xff,0x16,0x9f,0x0d,0xff,0x16,0x9f,0x0d,0xff,0x16,0x9f,0x0d,0xff,
    0x16,0x9f,0x0d,0xff,0x16,0x9f,0x0d,0xff,0x16,0x9f,0x0d,0xff,0x16,0x9f,0x0d,0xff,
    0x16,0x9f,0x0d,0xff,0x16,0x9f,0x0d,0xff,0x16,0x9f,0x0d,0xff,0x16,0x9f,0x0d,0xff,
    0x16,0x9f,0x0d,0xff,0x16,0x9f,0x0d,0xff,0x16,0xa2,0x0d,0xff,0x17,0xa2,0x0d,0xff,
    0x19,0xa3,0x0e,0xff,0x1a,0xa1,0x0f,0xd7,0x17,0x9f,0x0f,0x60,0x19,0x7f,0x00,0x0a,
    0x00,0x00,0x00,0x00,0x00,0x00,0x00,0x00,0x00,0x00,0x00,0x00,0x00,0x00,0x00,0x00,
    0x00,0x00,0x00,0x00,0x00,0x00,0x00,0x00,0x00,0x00,0x00,0x00,0x00,0x00,0x00,0x00,
    0x00,0x00,0x00,0x00,0x00,0x00,0x00,0x00,0x00,0x00,0x00,0x00,0x00,0x00,0x00,0x00,
    0x00,0x00,0x00,0x00,0x00,0x00,0x00,0x00,0x00,0xff,0xff,0x01,0x00,0x94,0x15,0x18,
    0x15,0xa0,0x0c,0x69,0x18,0xa0,0x0b,0xcd,0x17,0x9e,0x0c,0xf7,0x15,0x9f,0x0d,0xff,
    0x16,0xa1,0x0e,0xff,0x16,0x9f,0x0d,0xff,0x16,0x9f,0x0d,0xff,0x16,0x9f,0x0d,0xff,
    0x16,0x9f,0x0d,0xff,0x16,0x9f,0x0d,0xff,0x16,0x9f,0x0d,0xff,0x16,0x9f,0x0d,0xff,
    0x16,0x9f,0x0d,0xff,0x16,0x9f,0x0d,0xff,0x16,0x9f,0x0d,0xff,0x16,0x9f,0x0d,0xff,
    0x17,0x9f,0x0e,0xff,0x18,0xa0,0x0e,0xff,0x16,0xa0,0x0d,0xff,0x12,0x9d,0x0b,0xff,
    0x0e,0x9a,0x08,0xff,0x0c,0x98,0x06,0xff,0x0a,0x98,0x02,0xff,0x05,0x97,0x00,0xff,
    0x04,0x97,0x00,0xff,0x07,0x98,0x03,0xff,0x0e,0x98,0x0c,0xff,0x15,0x99,0x13,0xff,
    0x1b,0x9b,0x1a,0xff,0x20,0x9d,0x1f,0xff,0x23,0x9e,0x22,0xff,0x25,0x9f,0x24,0xff,
    0x25,0x9f,0x24,0xff,0x23,0x9e,0x22,0xff,0x1f,0x9c,0x1e,0xff,0x1a,0x9b,0x19,0xff,
    0x13,0x99,0x12,0xff,0x0b,0x98,0x0b,0xff,0x03,0x98,0x02,0xff,0x03,0x97,0x00,0xff,
    0x05,0x96,0x00,0xff,0x08,0x98,0x01,0xff,0x0d,0x99,0x06,0xff,0x10,0x9b,0x09,0xff,
    0x14,0x9e,0x0b,0xff,0x16,0xa0,0x0d,0xff,0x17,0xa0,0x0e,0xff,0x17,0xa0,0x0e,0xff,
    0x16,0x9f,0x0d,0xff,0x16,0x9f,0x0d,0xff,0x16,0x9f,0x0d,0xff,0x16,0x9f,0x0d,0xff,
    0x16,0x9f,0x0d,0xff,0x16,0x9f,0x0d,0xff,0x16,0x9f,0x0d,0xff,0x16,0x9f,0x0d,0xff,
    0x16,0x9f,0x0d,0xff,0x16,0x9f,0x0d,0xff,0x16,0x9f,0x0d,0xfe,0x17,0xa2,0x0d,0xff,
    0x1a,0xae,0x0f,0xff,0x19,0xa0,0x0f,0xfc,0x17,0x9e,0x0e,0xa1,0x16,0x99,0x0d,0x4e,
    0x16,0x9b,0x0b,0x17,0x00,0x00,0x00,0x00,0x00,0x00,0x00,0x00,0x00,0x00,0x00,0x00,
    0x00,0x00,0x00,0x00,0x00,0x00,0x00,0x00,0x00,0x00,0x00,0x00,0x00,0x00,0x00,0x00,
    0x00,0x00,0x00,0x00,0x00,0x00,0x00,0x00,0x00,0x00,0x00,0x00,0x00,0x00,0x00,0x00,
    0x00,0x00,0x00,0x00,0x00,0x00,0x00,0x00,0x08,0xa4,0x10,0x1f,0x0b,0x9f,0x10,0x5b,
    0x12,0x9f,0x0f,0xa5,0x16,0x9e,0x0d,0xee,0x17,0xa2,0x0e,0xff,0x17,0xa0,0x0d,0xff,
    0x17,0x9f,0x0d,0xff,0x16,0x9f,0x0d,0xff,0x16,0x9f,0x0d,0xff,0x16,0x9f,0x0d,0xff,
    0x16,0x9f,0x0d,0xff,0x16,0x9f,0x0d,0xff,0x16,0x9f,0x0d,0xff,0x16,0x9f,0x0d,0xff,
    0x16,0x9f,0x0d,0xff,0x16,0x9f,0x0d,0xff,0x16,0x9f,0x0d,0xff,0x17,0x9f,0x0e,0xff,
    0x18,0x9f,0x0e,0xff,0x1b,0xa2,0x10,0xff,0x16,0xa0,0x0d,0xff,0x09,0x99,0x05,0xff,
    0x00,0x92,0x00,0xff,0x00,0x8d,0x00,0xff,0x00,0x8d,0x00,0xff,0x00,0x92,0x00,0xff,
    0x0a,0x9a,0x01,0xff,0x1e,0xa3,0x18,0xff,0x35,0xab,0x30,0xff,0x49,0xb3,0x44,0xff,
    0x5b,0xba,0x56,0xff,0x68,0xbf,0x64,0xff,0x71,0xc3,0x6d,0xff,0x76,0xc5,0x72,0xff,
    0x76,0xc5,0x72,0xff,0x70,0xc3,0x6c,0xff,0x66,0xbe,0x61,0xff,0x57,0xb9,0x53,0xff,
    0x45,0xb1,0x40,0xff,0x2f,0xa9,0x2b,0xff,0x1a,0xa2,0x14,0xff,0x07,0x99,0x03,0xff,
    0x00,0x90,0x00,0xff,0x00,0x8d,0x00,0xff,0x00,0x8e,0x00,0xff,0x05,0x93,0x01,0xff,
    0x0f,0x9c,0x07,0xff,0x16,0xa0,0x0b,0xff,0x18,0xa1,0x0f,0xff,0x19,0xa0,0x0f,0xff,
    0x16,0x9f,0x0d,0xff,0x16,0x9f,0x0d,0xff,0x16,0x9f,0x0d,0xff,0x16,0x9f,0x0d,0xff,
    0x16,0x9f,0x0d,0xff,0x16,0x9f,0x0d,0xff,0x16,0x9f,0x0d,0xff,0x16,0x9f,0x0d,0xff,
    0x16,0x9f,0x0d,0xff,0x16,0x9f,0x0d,0xff,0x16,0x9f,0x0d,0xff,0x16,0xa0,0x0d,0xff,
    0x17,0xa3,0x0d,0xff,0x17,0xa0,0x0d,0xfd,0x16,0x9f,0x0b,0xea,0x16,0x9e,0x0c,0xb6,
    0x17,0xa2,0x0b,0x42,0x00,0x00,0x00,0x00,0x00,0x00,0x00,0x00,0x00,0x00,0x00,0x00,
    0x00,0x00,0x00,0x01,0x00,0x00,0x00,0x00,0x00,0x00,0x00,0x00,0x00,0x00,0x00,0x00,
    0x00,0x00,0x00,0x00,0x00,0x00,0x00,0x00,0x00,0x00,0x00,0x00,0x00,0x00,0x00,0x00,
    0x00,0x00,0x00,0x00,0x1f,0x9f,0x00,0x08,0x11,0xa2,0x0e,0x48,0x11,0xa0,0x0e,0x9d,
    0x14,0x9f,0x0e,0xd8,0x15,0x9e,0x0e,0xff,0x17,0xa5,0x0e,0xff,0x17,0xa0,0x0d,0xff,
    0x17,0x9f,0x0d,0xff,0x16,0x9f,0x0d,0xff,0x16,0x9f,0x0d,0xff,0x16,0x9f,0x0d,0xff,
    0x16,0x9f,0x0d,0xff,0x16,0x9f,0x0d,0xff,0x16,0x9f,0x0d,0xff,0x16,0x9f,0x0d,0xff,
    0x16,0x9f,0x0d,0xff,0x17,0x9f,0x0e,0xff,0x17,0xa0,0x0e,0xff,0x17,0x9f,0x0d,0xff,
    0x15,0x9e,0x0c,0xff,0x12,0x9b,0x09,0xff,0x0c,0x99,0x06,0xff,0x03,0x95,0x00,0xff,
    0x03,0x94,0x03,0xff,0x12,0x98,0x12,0xff,0x26,0x9f,0x25,0xff,0x3a,0xab,0x38,0xff,
    0x52,0xb8,0x4c,0xff,0x6a,0xc2,0x64,0xff,0x80,0xcb,0x7b,0xff,0x93,0xd3,0x8e,0xff,
    0xa3,0xda,0x9f,0xff,0xaf,0xde,0xac,0xff,0xb8,0xe2,0xb5,0xff,0xbc,0xe3,0xb9,0xff,
    0xbc,0xe3,0xb9,0xff,0xb6,0xe2,0xb2,0xff,0xad,0xdd,0xa9,0xff,0x9f,0xd8,0x9b,0xff,
    0x8e,0xd1,0x8a,0xff,0x7c,0xca,0x77,0xff,0x67,0xc1,0x62,0xff,0x4c,0xb5,0x4a,0xff,
    0x30,0xa8,0x31,0xff,0x1e,0x9e,0x1f,0xff,0x11,0x97,0x11,0xff,0x09,0x94,0x07,0xff,
    0x06,0x97,0x00,0xff,0x09,0x99,0x02,0xff,0x0f,0x9c,0x09,0xff,0x14,0x9e,0x0c,0xff,
    0x16,0xa0,0x0d,0xff,0x18,0xa0,0x0e,0xff,0x16,0x9f,0x0d,0xff,0x16,0x9f,0x0d,0xff,
    0x16,0x9f,0x0d,0xff,0x16,0x9f,0x0d,0xff,0x16,0x9f,0x0d,0xff,0x16,0x9f,0x0d,0xff,
    0x16,0x9f,0x0d,0xff,0x16,0x9f,0x0d,0xff,0x16,0x9f,0x0d,0xff,0x16,0x9f,0x0d,0xff,
    0x16,0x9f,0x0d,0xff,0x16,0xa0,0x0d,0xff,0x18,0xa6,0x0d,0xff,0x16,0x9f,0x0d,0xea,
    0x16,0xa0,0x0c,0x7c,0x10,0xac,0x08,0x1f,0x00,0xff,0x00,0x04,0x00,0x00,0x00,0x00,
    0x00,0x00,0x00,0x00,0x00,0x00,0x00,0x00,0x00,0x00,0x00,0x00,0x00,0x00,0x00,0x00,
    0x00,0x00,0x00,0x00,0x00,0x00,0x00,0x00,0x00,0x00,0x00,0x00,0x00,0x00,0x00,0x00,
    0x17,0x8b,0x00,0x0b,0x13,0x99,0x06,0x28,0x16,0x9f,0x0c,0x7d,0x16,0x9f,0x0d,0xe0,
    0x17,0xa1,0x0e,0xff,0x16,0xa0,0x0d,0xff,0x16,0xa0,0x0d,0xff,0x16,0x9f,0x0d,0xff,
    0x16,0x9f,0x0d,0xff,0x16,0x9f,0x0d,0xff,0x16,0x9f,0x0d,0xff,0x16,0x9f,0x0d,0xff,
    0x16,0x9f,0x0d,0xff,0x16,0x9f,0x0d,0xff,0x16,0x9f,0x0d,0xff,0x16,0x9f,0x0d,0xff,
    0x17,0x9f,0x0e,0xff,0x18,0xa0,0x0f,0xff,0x18,0xa1,0x0f,0xff,0x15,0x9f,0x0b,0xff,
    0x0e,0x9a,0x06,0xff,0x01,0x8f,0x00,0xff,0x00,0x8c,0x00,0xff,0x03,0x93,0x00,0xff,
    0x1b,0xa0,0x17,0xff,0x4d,0xb3,0x49,0xff,0x7d,0xc7,0x7c,0xff,0xaa,0xdb,0xaa,0xff,
    0xcd,0xea,0xcc,0xff,0xdd,0xf1,0xdb,0xff,0xe6,0xf4,0xe5,0xff,0xec,0xf7,0xeb,0xff,
    0xf0,0xf9,0xef,0xff,0xf4,0xfb,0xf4,0xff,0xf7,0xfc,0xf7,0xff,0xf8,0xfc,0xf8,0xff,
    0xf8,0xfc,0xf7,0xff,0xf6,0xfb,0xf5,0xff,0xf2,0xfa,0xf1,0xff,0xee,0xf8,0xed,0xff,
    0xe9,0xf6,0xe8,0xff,0xe6,0xf5,0xe5,0xff,0xde,0xf2,0xdd,0xff,0xc4,0xe7,0xc4,0xff,
    0x9f,0xd6,0x9e,0xff,0x74,0xc4,0x73,0xff,0x46,0xb0,0x43,0xff,0x1e,0x9f,0x1b,0xff,
    0x00,0x91,0x00,0xff,0x00,0x8d,0x00,0xff,0x00,0x92,0x00,0xff,0x0a,0x99,0x06,0xff,
    0x17,0xa0,0x0e,0xff,0x1b,0xa3,0x10,0xff,0x17,0xa0,0x0e,0xff,0x16,0x9f,0x0d,0xff,
    0x16,0x9f,0x0d,0xff,0x16,0x9f,0x0d,0xff,0x16,0x9f,0x0d,0xff,0x16,0x9f,0x0d,0xff,
    0x16,0x9f,0x0d,0xff,0x16,0x9f,0x0d,0xff,0x16,0x9f,0x0d,0xff,0x16,0x9f,0x0d,0xff,
    0x16,0x9f,0x0d,0xff,0x16,0x9f,0x0d,0xff,0x17,0xa4,0x0e,0xff,0x16,0x9f,0x0e,0xf6,
    0x15,0xa1,0x0b,0xc1,0x14,0xa5,0x08,0x7d,0x16,0xa6,0x05,0x2e,0x00,0x00,0x00,0x00,
    0x00,0x00,0x00,0x00,0x00,0x00,0x00,0x00,0x00,0x00,0x00,0x00,0x00,0x00,0x00,0x00,
    0x00,0x00,0x00,0x00,0x00,0x00,0x00,0x00,0x00,0x00,0x00,0x00,0x00,0x00,0x00,0x00,
    0x12,0x95,0x06,0x29,0x13,0x9b,0x09,0x69,0x17,0x9e,0x0c,0xb7,0x18,0xa1,0x0e,0xff,
    0x19,0xaa,0x0e,0xff,0x16,0xa0,0x0d,0xff,0x16,0x9f,0x0d,0xfe,0x16,0x9f,0x0d,0xff,
    0x16,0x9f,0x0d,0xff,0x16,0x9f,0x0d,0xff,0x16,0x9f,0x0d,0xff,0x16,0x9f,0x0d,0xff,
    0x16,0x9f,0x0d,0xff,0x16,0x9f,0x0d,0xff,0x16,0x9f,0x0d,0xff,0x17,0xa0,0x0e,0xff,
    0x17,0xa0,0x0e,0xff,0x16,0xa0,0x0d,0xff,0x12,0x9d,0x0a,0xff,0x0a,0x98,0x02,0xff,
    0x07,0x95,0x02,0xff,0x09,0x92,0x08,0xff,0x1b,0x99,0x1b,0xff,0x3f,0xac,0x3b,0xff,
    0x69,0xc1,0x65,0xff,0x98,0xd4,0x95,0xff,0xc4,0xe6,0xc3,0xff,0xee,0xf8,0xef,0xff,
    0xff,0xff,0xff,0xff,0xff,0xff,0xff,0xff,0xff,0xff,0xff,0xff,0xff,0xfe,0xff,0xff,
    0xf6,0xfb,0xf6,0xff,0xef,0xf8,0xef,0xff,0xea,0xf6,0xea,0xff,0xea,0xf6,0xe9,0xff,
    0xeb,0xf6,0xea,0xff,0xef,0xf8,0xef,0xff,0xf5,0xfb,0xf5,0xff,0xfc,0xfd,0xfc,0xff,
    0xff,0xff,0xff,0xff,0xff,0xff,0xff,0xff,0xff,0xff,0xff,0xff,0xff,0xff,0xff,0xff,
    0xe4,0xf4,0xe4,0xff,0xbe,0xe4,0xbc,0xff,0x90,0xd1,0x8e,0xff,0x61,0xbc,0x5f,0xff,
    0x31,0xa7,0x32,0xff,0x12,0x99,0x12,0xff,0x00,0x92,0x00,0xff,0x00,0x93,0x00,0xff,
    0x0e,0x9a,0x08,0xff,0x15,0x9e,0x0d,0xff,0x17,0xa0,0x0e,0xff,0x17,0xa0,0x0e,0xff,
    0x16,0x9f,0x0d,0xff,0x16,0x9f,0x0d,0xff,0x16,0x9f,0x0d,0xff,0x16,0x9f,0x0d,0xff,
    0x16,0x9f,0x0d,0xff,0x16,0x9f,0x0d,0xff,0x16,0x9f,0x0d,0xff,0x16,0x9f,0x0d,0xff,
    0x16,0x9f,0x0d,0xff,0x16,0x9f,0x0d,0xff,0x17,0xa2,0x0e,0xff,0x16,0x9f,0x0e,0xfe,
    0x15,0xa1,0x0c,0xef,0x15,0xa3,0x0a,0xc0,0x14,0xa1,0x08,0x57,0x00,0x7f,0x00,0x06,
    0x00,0x00,0x00,0x00,0x00,0x00,0x00,0x00,0x00,0x00,0x00,0x00,0x00,0x00,0x00,0x00,
    0x00,0x00,0x00,0x00,0x00,0x00,0x00,0x00,0x00,0x00,0x00,0x00,0x00,0x00,0x00,0x00,
    0x12,0x9a,0x0c,0x54,0x13,0x9c,0x0b,0xc3,0x16,0x9d,0x0c,0xf1,0x17,0xa0,0x0e,0xff,
    0x18,0xa4,0x0e,0xff,0x16,0x9f,0x0d,0xff,0x16,0x9f,0x0d,0xff,0x16,0x9f,0x0d,0xff,
    0x16,0x9f,0x0d,0xff,0x16,0x9f,0x0d,0xff,0x16,0x9f,0x0d,0xff,0x16,0x9f,0x0d,0xff,
    0x16,0x9f,0x0d,0xff,0x16,0x9f,0x0d,0xff,0x17,0xa0,0x0e,0xff,0x1a,0xa1,0x10,0xff,
    0x17,0xa1,0x0e,0xff,0x11,0x9e,0x08,0xff,0x06,0x97,0x00,0xff,0x00,0x8c,0x00,0xff,
    0x01,0x8f,0x00,0xff,0x28,0xa1,0x26,0xff,0x60,0xba,0x5d,0xff,0xab,0xdb,0xa9,0xff,
    0xe0,0xf3,0xdf,0xff,0xed,0xf8,0xed,0xff,0xf7,0xfc,0xf7,0xff,0xff,0xff,0xff,0xff,
    0xff,0xff,0xff,0xff,0xfe,0xfe,0xfe,0xff,0xe9,0xf4,0xe9,0xff,0xd2,0xeb,0xd0,0xff,
    0xbb,0xe2,0xba,0xff,0xa8,0xda,0xa6,0xff,0x9b,0xd5,0x97,0xff,0x99,0xd4,0x95,0xff,
    0x9d,0xd5,0x9a,0xff,0xaa,0xdb,0xa7,0xff,0xbc,0xe2,0xba,0xff,0xce,0xea,0xcd,0xff,
    0xe3,0xf2,0xe3,0xff,0xfc,0xfc,0xfc,0xff,0xff,0xff,0xff,0xff,0xff,0xff,0xff,0xff,
    0xff,0xff,0xff,0xff,0xf8,0xfd,0xf8,0xff,0xe9,0xf6,0xe9,0xff,0xc8,0xe8,0xc8,0xff,
    0x99,0xd3,0x99,0xff,0x59,0xb8,0x57,0xff,0x12,0x9a,0x10,0xff,0x00,0x8e,0x00,0xff,
    0x00,0x8f,0x00,0xff,0x07,0x94,0x04,0xff,0x16,0x9f,0x0c,0xff,0x1a,0xa3,0x10,0xff,
    0x17,0xa0,0x0e,0xff,0x16,0x9f,0x0d,0xff,0x16,0x9f,0x0d,0xff,0x16,0x9f,0x0d,0xff,
    0x16,0x9f,0x0d,0xff,0x16,0x9f,0x0d,0xff,0x16,0x9f,0x0d,0xff,0x16,0x9f,0x0d,0xff,
    0x16,0x9f,0x0d,0xff,0x16,0x9f,0x0d,0xff,0x16,0xa0,0x0d,0xff,0x16,0xa0,0x0d,0xff,
    0x17,0xa6,0x0e,0xff,0x17,0xa2,0x0e,0xe7,0x12,0x9e,0x0c,0x7f,0x07,0x94,0x00,0x24,
    0x00,0x71,0x00,0x09,0x00,0x00,0x00,0x00,0x00,0x00,0x00,0x00,0x00,0x00,0x00,0x00,
    0x00,0x00,0x00,0x00,0x00,0x00,0x00,0x00,0x00,0x00,0x00,0x00,0x15,0xaa,0x15,0x0c,
    0x15,0x9f,0x0c,0x78,0x15,0x9d,0x0c,0xf2,0x17,0xa7,0x0e,0xff,0x17,0xa0,0x0e,0xff,
    0x17,0xa0,0x0e,0xff,0x16,0x9f,0x0d,0xff,0x16,0x9f,0x0d,0xff,0x16,0x9f,0x0d,0xff,
    0x16,0x9f,0x0d,0xff,0x16,0x9f,0x0d,0xff,0x16,0x9f,0x0d,0xff,0x16,0x9f,0x0d,0xff,
    0x16,0x9f,0x0d,0xff,0x17,0x9f,0x0e,0xff,0x17,0xa0,0x0e,0xff,0x18,0xa0,0x0f,0xff,
    0x12,0x9e,0x09,0xff,0x05,0x97,0x00,0xff,0x03,0x93,0x00,0xff,0x0c,0x94,0x0c,0xff,
    0x2c,0xa1,0x2c,0xff,0x66,0xbd,0x64,0xff,0xa6,0xda,0xa3,0xff,0xee,0xf8,0xed,0xff,
    0xff,0xff,0xff,0xff,0xff,0xff,0xff,0xff,0xf5,0xfb,0xf4,0xff,0xe6,0xf5,0xe6,0xff,
    0xd5,0xed,0xd4,0xff,0xba,0xe1,0xb9,0xff,0xa0,0xd6,0xa0,0xff,0x89,0xcb,0x87,0xff,
    0x74,0xc2,0x72,0xff,0x62,0xbb,0x5f,0xff,0x55,0xb5,0x51,0xff,0x53,0xb4,0x4f,0xff,
    0x57,0xb6,0x54,0xff,0x63,0xbb,0x61,0xff,0x75,0xc3,0x73,0xff,0x86,0xcb,0x85,0xff,
    0x9a,0xd4,0x9a,0xff,0xb5,0xdf,0xb5,0xff,0xd1,0xec,0xd0,0xff,0xdf,0xf2,0xde,0xff,
    0xe7,0xf5,0xe7,0xff,0xfb,0xfe,0xfb,0xff,0xff,0xff,0xff,0xff,0xff,0xff,0xff,0xff,
    0xdc,0xf0,0xdc,0xff,0xa0,0xd7,0x9f,0xff,0x56,0xb7,0x53,0xff,0x26,0xa2,0x24,0xff,
    0x09,0x94,0x09,0xff,0x01,0x91,0x00,0xff,0x0f,0x9a,0x08,0xff,0x14,0x9e,0x0c,0xff,
    0x17,0xa0,0x0e,0xff,0x17,0xa0,0x0e,0xff,0x16,0x9f,0x0d,0xff,0x16,0x9f,0x0d,0xff,
    0x16,0x9f,0x0d,0xff,0x16,0x9f,0x0d,0xff,0x16,0x9f,0x0d,0xff,0x16,0x9f,0x0d,0xff,
    0x16,0x9f,0x0d,0xff,0x16,0x9f,0x0d,0xff,0x16,0x9f,0x0d,0xff,0x16,0xa0,0x0d,0xff,
    0x18,0xaa,0x0f,0xff,0x17,0xa0,0x0f,0xfc,0x13,0x9e,0x0b,0xab,0x0e,0x99,0x08,0x5a,
    0x0f,0x96,0x07,0x22,0x00,0x00,0x00,0x00,0x00,0x00,0x00,0x00,0x00,0x00,0x00,0x00,
    0x00,0x00,0x00,0x00,0x00,0x00,0x00,0x00,0x1c,0x9b,0x0e,0x12,0x15,0xa4,0x0c,0x3b,
    0x15,0xa2,0x0d,0x97,0x15,0x9f,0x0d,0xf8,0x18,0xa7,0x0e,0xff,0x16,0x9f,0x0d,0xff,
    0x16,0x9e,0x0d,0xff,0x16,0x9f,0x0d,0xff,0x16,0x9f,0x0d,0xff,0x16,0x9f,0x0d,0xff,
    0x16,0x9f,0x0d,0xff,0x16,0x9f,0x0d,0xff,0x16,0x9f,0x0d,0xff,0x16,0x9f,0x0d,0xff,
    0x17,0xa0,0x0e,0xff,0x19,0xa0,0x0f,0xff,0x17,0xa0,0x0e,0xff,0x12,0x9e,0x09,0xff,
    0x06,0x97,0x00,0xff,0x00,0x8c,0x00,0xff,0x07,0x93,0x07,0xff,0x48,0xaf,0x47,0xff,
    0x87,0xcb,0x84,0xff,0xc2,0xe5,0xc1,0xff,0xee,0xf8,0xed,0xff,0xff,0xff,0xff,0xff,
    0xff,0xff,0xff,0xff,0xe8,0xf6,0xe7,0xff,0xbc,0xe3,0xba,0xff,0x8a,0xce,0x87,0xff,
    0x5e,0xbc,0x5c,0xff,0x3f,0xaf,0x3d,0xff,0x2b,0xa6,0x2a,0xff,0x22,0x9f,0x22,0xff,
    0x1e,0x9b,0x1e,0xff,0x19,0x99,0x19,0xff,0x15,0x97,0x15,0xff,0x15,0x97,0x14,0xff,
    0x16,0x98,0x15,0xff,0x19,0x99,0x19,0xff,0x1e,0x9c,0x1e,0xff,0x21,0xa0,0x22,0xff,
    0x28,0xa6,0x29,0xff,0x3b,0xae,0x39,0xff,0x55,0xb8,0x51,0xff,0x70,0xc4,0x6d,0xff,
    0x93,0xd1,0x91,0xff,0xc7,0xe8,0xc7,0xff,0xfe,0xfe,0xfe,0xff,0xff,0xff,0xff,0xff,
    0xfe,0xfe,0xfe,0xff,0xea,0xf6,0xea,0xff,0xcc,0xe9,0xca,0xff,0x89,0xcc,0x87,0xff,
    0x2d,0xa6,0x2b,0xff,0x03,0x92,0x00,0xff,0x01,0x90,0x00,0xff,0x07,0x94,0x03,0xff,
    0x15,0x9e,0x0c,0xff,0x1b,0xa2,0x10,0xff,0x17,0xa0,0x0e,0xff,0x16,0x9f,0x0d,0xff,
    0x16,0x9f,0x0d,0xff,0x16,0x9f,0x0d,0xff,0x16,0x9f,0x0d,0xff,0x16,0x9f,0x0d,0xff,
    0x16,0x9f,0x0d,0xff,0x16,0x9f,0x0d,0xff,0x16,0x9f,0x0d,0xff,0x16,0x9f,0x0d,0xff,
    0x17,0xa3,0x0e,0xff,0x17,0x9f,0x0e,0xfd,0x15,0x9f,0x0c,0xdd,0x13,0x9e,0x0c,0xa7,
    0x15,0x9e,0x0a,0x47,0x00,0x00,0x00,0x00,0x00,0x00,0x00,0x00,0x00,0x00,0x00,0x00,
    0x00,0x00,0x00,0x00,0x00,0x00,0x00,0x00,0x15,0xa2,0x10,0x2f,0x15,0xa2,0x0d,0x74,
    0x17,0xa1,0x0d,0xbc,0x16,0xa0,0x0d,0xfb,0x18,0xa5,0x0e,0xff,0x16,0x9e,0x0d,0xff,
    0x16,0x9e,0x0d,0xff,0x16,0x9f,0x0d,0xff,0x16,0x9f,0x0d,0xff,0x16,0x9f,0x0d,0xff,
    0x16,0x9f,0x0d,0xff,0x16,0x9f,0x0d,0xff,0x16,0x9f,0x0d,0xff,0x16,0x9f,0x0d,0xff,
    0x17,0xa0,0x0e,0xff,0x19,0xa0,0x0f,0xff,0x14,0x9e,0x0b,0xff,0x08,0x97,0x02,0xff,
    0x05,0x94,0x01,0xff,0x08,0x93,0x07,0xff,0x31,0xa5,0x31,0xff,0x87,0xcc,0x86,0xff,
    0xcb,0xea,0xc9,0xff,0xfc,0xfe,0xfc,0xff,0xff,0xff,0xff,0xff,0xfd,0xff,0xfd,0xff,
    0xda,0xef,0xd9,0xff,0xa9,0xda,0xa7,0xff,0x76,0xc3,0x74,0xff,0x41,0xae,0x3e,0xff,
    0x18,0x9e,0x15,0xff,0x01,0x96,0x00,0xff,0x00,0x91,0x00,0xff,0x00,0x8d,0x00,0xff,
    0x00,0x8c,0x00,0xff,0x00,0x8d,0x00,0xff,0x00,0x8d,0x00,0xff,0x00,0x8d,0x00,0xff,
    0x00,0x8d,0x00,0xff,0x00,0x8d,0x00,0xff,0x00,0x8d,0x00,0xff,0x00,0x8e,0x00,0xff,
    0x00,0x91,0x00,0xff,0x00,0x95,0x00,0xff,0x0e,0x9b,0x0a,0xff,0x27,0xa4,0x24,0xff,
    0x4c,0xb1,0x4b,0xff,0x81,0xc8,0x80,0xff,0xbd,0xe2,0xbb,0xff,0xe1,0xf3,0xe0,0xff,
    0xf6,0xfb,0xf5,0xff,0xff,0xff,0xff,0xff,0xff,0xff,0xff,0xff,0xd1,0xec,0xd0,0xff,
    0x71,0xc4,0x6d,0xff,0x30,0xa7,0x2d,0xff,0x09,0x92,0x09,0xff,0x00,0x8f,0x00,0xff,
    0x0f,0x9b,0x07,0xff,0x17,0xa0,0x0d,0xff,0x16,0xa0,0x0e,0xff,0x17,0xa0,0x0e,0xff,
    0x16,0x9f,0x0d,0xff,0x16,0x9f,0x0d,0xff,0x16,0x9f,0x0d,0xff,0x16,0x9f,0x0d,0xff,
    0x16,0x9f,0x0d,0xff,0x16,0x9f,0x0d,0xff,0x16,0x9f,0x0d,0xff,0x16,0x9f,0x0d,0xff,
    0x17,0x9f,0x0e,0xff,0x17,0x9e,0x0e,0xfe,0x16,0x9f,0x0d,0xfd,0x16,0x9f,0x0c,0xda,
    0x16,0x9f,0x0c,0x68,0x00,0x99,0x00,0x05,0x00,0x00,0x00,0x00,0x00,0x00,0x00,0x00,
    0x00,0x00,0x00,0x00,0x00,0x00,0x00,0x00,0x15,0xa1,0x0c,0x52,0x15,0xa0,0x0d,0xbb,
    0x15,0xa0,0x0d,0xe9,0x16,0xa0,0x0e,0xfd,0x17,0xa2,0x0e,0xff,0x16,0x9f,0x0d,0xff,
    0x16,0x9f,0x0d,0xff,0x16,0x9f,0x0d,0xff,0x16,0x9f,0x0d,0xff,0x16,0x9f,0x0d,0xff,
    0x16,0x9f,0x0d,0xff,0x16,0x9f,0x0d,0xff,0x16,0x9f,0x0d,0xff,0x17,0x9f,0x0e,0xff,
    0x17,0xa0,0x0e,0xff,0x17,0xa1,0x0c,0xff,0x0c,0x9a,0x04,0xff,0x00,0x8b,0x00,0xff,
    0x0e,0x93,0x0c,0xff,0x48,0xb0,0x46,0xff,0x87,0xcc,0x84,0xff,0xcc,0xea,0xcb,0xff,
    0xfb,0xfe,0xfb,0xff,0xff,0xff,0xff,0xff,0xff,0xff,0xff,0xff,0xbf,0xe5,0xbd,0xff,
    0x7b,0xc7,0x78,0xff,0x44,0xab,0x42,0xff,0x1d,0x98,0x1d,0xff,0x0c,0x95,0x0c,0xff,
    0x06,0x95,0x04,0xff,0x05,0x97,0x00,0xff,0x07,0x9a,0x00,0xff,0x0a,0x99,0x01,0xff,
    0x0c,0x99,0x05,0xff,0x0d,0x99,0x06,0xff,0x0d,0x99,0x07,0xff,0x0d,0x99,0x07,0xff,
    0x0d,0x99,0x07,0xff,0x0d,0x99,0x06,0xff,0x0c,0x99,0x05,0xff,0x0a,0x9a,0x02,0xff,
    0x07,0x99,0x00,0xff,0x03,0x97,0x00,0xff,0x01,0x96,0x00,0xff,0x06,0x93,0x07,0xff,
    0x12,0x93,0x12,0xff,0x23,0x9c,0x22,0xff,0x3e,0xac,0x3a,0xff,0x76,0xc7,0x72,0xff,
    0xbe,0xe5,0xbb,0xff,0xed,0xf9,0xeb,0xff,0xff,0xff,0xff,0xff,0xff,0xff,0xff,0xff,
    0xdc,0xf0,0xd9,0xff,0x93,0xd1,0x90,0xff,0x28,0xa3,0x24,0xff,0x00,0x8f,0x00,0xff,
    0x01,0x93,0x00,0xff,0x0a,0x98,0x05,0xff,0x14,0x9e,0x0d,0xff,0x1a,0xa2,0x10,0xff,
    0x18,0xa0,0x0e,0xff,0x16,0x9f,0x0d,0xff,0x16,0x9f,0x0d,0xff,0x16,0x9f,0x0d,0xff,
    0x16,0x9f,0x0d,0xff,0x16,0x9f,0x0d,0xff,0x16,0x9f,0x0d,0xff,0x16,0x9f,0x0d,0xff,
    0x16,0x9f,0x0d,0xff,0x16,0x9f,0x0d,0xff,0x18,0xa6,0x0e,0xff,0x16,0xa0,0x0d,0xf0,
    0x15,0xa1,0x0b,0x85,0x0f,0xa5,0x07,0x22,0x00,0x99,0x00,0x05,0x00,0x00,0x00,0x00,
    0x00,0x00,0x00,0x00,0x33,0x99,0x00,0x05,0x16,0xa0,0x0b,0x6f,0x15,0x9f,0x0d,0xe8,
    0x17,0xa3,0x0d,0xff,0x16,0x9f,0x0e,0xfe,0x16,0x9f,0x0e,0xff,0x16,0x9f,0x0d,0xff,
    0x16,0x9f,0x0d,0xff,0x16,0x9f,0x0d,0xff,0x16,0x9f,0x0d,0xff,0x16,0x9f,0x0d,0xff,
    0x16,0x9f,0x0d,0xff,0x16,0x9f,0x0d,0xff,0x16,0x9f,0x0d,0xff,0x18,0xa0,0x0e,0xff,
    0x15,0x9e,0x0c,0xff,0x10,0x9c,0x08,0xff,0x08,0x96,0x02,0xff,0x00,0x8d,0x00,0xff,
    0x2a,0x9f,0x29,0xff,0x85,0xcb,0x82,0xff,0xcb,0xea,0xc7,0xff,0xfa,0xfe,0xfa,0xff,
    0xff,0xff,0xff,0xff,0xfb,0xfd,0xfb,0xff,0xce,0xea,0xcc,0xff,0x7b,0xc7,0x79,0xff,
    0x35,0xa8,0x33,0xff,0x09,0x91,0x08,0xff,0x00,0x86,0x00,0xff,0x00,0x89,0x00,0xff,
    0x00,0x90,0x00,0xff,0x08,0x98,0x01,0xff,0x11,0x9e,0x05,0xff,0x16,0xa0,0x0a,0xff,
    0x18,0xa0,0x0d,0xff,0x18,0xa0,0x0e,0xff,0x17,0xa0,0x0e,0xff,0x17,0xa0,0x0e,0xff,
    0x17,0xa0,0x0e,0xff,0x17,0xa0,0x0e,0xff,0x17,0xa0,0x0d,0xff,0x17,0xa0,0x0b,0xff,
    0x13,0x9e,0x08,0xff,0x0b,0x9b,0x05,0xff,0x02,0x97,0x00,0xff,0x00,0x90,0x00,0xff,
    0x00,0x8a,0x00,0xff,0x00,0x8b,0x00,0xff,0x00,0x91,0x00,0xff,0x2c,0xa7,0x27,0xff,
    0x78,0xc6,0x74,0xff,0xb6,0xe0,0xb4,0xff,0xe8,0xf5,0xe7,0xff,0xff,0xff,0xff,0xff,
    0xff,0xff,0xff,0xff,0xd5,0xee,0xd3,0xff,0x61,0xbd,0x5c,0xff,0x1e,0xa0,0x1a,0xff,
    0x02,0x93,0x03,0xff,0x00,0x91,0x00,0xff,0x0f,0x9c,0x08,0xff,0x19,0xa2,0x0f,0xff,
    0x18,0xa0,0x0e,0xff,0x16,0x9f,0x0d,0xff,0x16,0x9f,0x0d,0xff,0x16,0x9f,0x0d,0xff,
    0x16,0x9f,0x0d,0xff,0x16,0x9f,0x0d,0xff,0x16,0x9f,0x0d,0xff,0x16,0x9f,0x0d,0xff,
    0x16,0x9f,0x0d,0xff,0x16,0xa0,0x0d,0xff,0x18,0xa8,0x0e,0xff,0x17,0x9f,0x0e,0xfc,
    0x14,0xa1,0x0c,0xa3,0x0d,0x9f,0x0a,0x4b,0x09,0x9c,0x00,0x1a,0x00,0x00,0x00,0x00,
    0x0d,0xa1,0x00,0x13,0x10,0xa4,0x00,0x1f,0x15,0xa1,0x0b,0x85,0x16,0xa0,0x0d,0xf7,
    0x17,0xa7,0x0e,0xff,0x16,0x9f,0x0d,0xff,0x16,0x9f,0x0d,0xff,0x16,0x9f,0x0d,0xff,
    0x16,0x9f,0x0d,0xff,0x16,0x9f,0x0d,0xff,0x16,0x9f,0x0d,0xff,0x16,0x9f,0x0d,0xff,
    0x16,0x9f,0x0d,0xff,0x16,0x9f,0x0d,0xff,0x17,0xa0,0x0d,0xff,0x1a,0xa2,0x0f,0xff,
    0x12,0x9c,0x09,0xff,0x03,0x90,0x00,0xff,0x08,0x92,0x06,0xff,0x1f,0x9e,0x1b,0xff,
    0x5d,0xba,0x58,0xff,0xbf,0xe4,0xbd,0xff,0xfd,0xfe,0xfc,0xff,0xff,0xff,0xff,0xff,
    0xfa,0xfd,0xf9,0xff,0xab,0xdd,0xa6,0xff,0x65,0xbd,0x5f,0xff,0x31,0xa3,0x2d,0xff,
    0x0c,0x91,0x0c,0xff,0x00,0x8e,0x00,0xff,0x00,0x8e,0x00,0xff,0x00,0x8d,0x00,0xff,
    0x00,0x8e,0x00,0xff,0x04,0x96,0x00,0xff,0x0f,0x9d,0x04,0xff,0x16,0xa0,0x0a,0xff,
    0x1a,0xa1,0x0f,0xff,0x18,0xa1,0x0f,0xff,0x17,0xa0,0x0d,0xff,0x17,0xa0,0x0d,0xff,
    0x17,0xa0,0x0d,0xff,0x17,0xa0,0x0d,0xff,0x17,0xa0,0x0d,0xff,0x16,0x9f,0x0d,0xff,
    0x15,0x9f,0x0c,0xff,0x12,0x9e,0x0a,0xff,0x0f,0x9c,0x08,0xff,0x0f,0x9a,0x09,0xff,
    0x0f,0x99,0x07,0xff,0x06,0x96,0x01,0xff,0x00,0x92,0x00,0xff,0x05,0x93,0x04,0xff,
    0x1e,0x99,0x1d,0xff,0x5d,0xb5,0x5b,0xff,0xaf,0xde,0xac,0xff,0xe6,0xf6,0xe3,0xff,
    0xff,0xff,0xff,0xff,0xf5,0xfb,0xf4,0xff,0xba,0xe2,0xb7,0xff,0x6f,0xc2,0x6d,0xff,
    0x14,0x99,0x14,0xff,0x00,0x8b,0x00,0xff,0x06,0x98,0x00,0xff,0x14,0x9f,0x0b,0xff,
    0x16,0x9f,0x0d,0xff,0x17,0x9f,0x0e,0xff,0x17,0x9f,0x0e,0xff,0x16,0x9f,0x0d,0xff,
    0x16,0x9f,0x0d,0xff,0x16,0x9f,0x0d,0xff,0x16,0x9f,0x0d,0xff,0x16,0x9f,0x0d,0xff,
    0x16,0x9f,0x0d,0xff,0x16,0x9f,0x0d,0xff,0x18,0xa5,0x0e,0xff,0x18,0x9f,0x0e,0xfc,
    0x14,0xa0,0x0d,0xc4,0x11,0x9f,0x09,0x80,0x0e,0xa3,0x09,0x35,0x00,0x00,0x00,0x00,
    0x12,0xa0,0x04,0x36,0x13,0xa0,0x07,0x41,0x15,0x9f,0x0b,0x9b,0x16,0x9f,0x0d,0xfe,
    0x17,0xa8,0x0e,0xff,0x16,0x9f,0x0d,0xff,0x16,0x9f,0x0d,0xff,0x16,0x9f,0x0d,0xff,
    0x16,0x9f,0x0d,0xff,0x16,0x9f,0x0d,0xff,0x16,0x9f,0x0d,0xff,0x16,0x9f,0x0d,0xff,
    0x16,0x9f,0x0d,0xff,0x16,0x9f,0x0d,0xff,0x16,0xa0,0x0d,0xff,0x17,0xa1,0x0d,0xff,
    0x0d,0x99,0x05,0xff,0x00,0x8c,0x00,0xff,0x16,0x97,0x15,0xff,0x52,0xb6,0x4e,0xff,
    0x99,0xd6,0x95,0xff,0xea,0xf6,0xe9,0xff,0xff,0xff,0xff,0xff,0xff,0xff,0xff,0xff,
    0xd1,0xeb,0xce,0xff,0x66,0xbe,0x60,0xff,0x1c,0x9c,0x16,0xff,0x02,0x8d,0x00,0xff,
    0x00,0x88,0x00,0xff,0x00,0x91,0x00,0xff,0x04,0x97,0x02,0xff,0x06,0x97,0x06,0xff,
    0x09,0x96,0x07,0xff,0x0a,0x99,0x04,0xff,0x0d,0x9c,0x04,0xff,0x14,0x9e,0x09,0xff,
    0x18,0xa1,0x0f,0xff,0x18,0xa0,0x0f,0xff,0x16,0x9f,0x0d,0xff,0x16,0x9f,0x0d,0xff,
    0x16,0x9f,0x0d,0xff,0x16,0x9f,0x0d,0xff,0x16,0x9f,0x0d,0xff,0x16,0x9f,0x0d,0xff,
    0x16,0x9f,0x0d,0xff,0x17,0x9f,0x0e,0xff,0x17,0x9f,0x0e,0xff,0x19,0xa1,0x10,0xff,
    0x1b,0xa2,0x10,0xff,0x12,0x9e,0x0b,0xff,0x05,0x97,0x03,0xff,0x00,0x8c,0x00,0xff,
    0x00,0x83,0x00,0xff,0x1d,0x99,0x1b,0xff,0x6d,0xc2,0x69,0xff,0xb2,0xe0,0xae,0xff,
    0xef,0xf8,0xee,0xff,0xff,0xff,0xff,0xff,0xf4,0xfb,0xf2,0xff,0xae,0xdc,0xad,0xff,
    0x38,0xa9,0x37,0xff,0x00,0x91,0x00,0xff,0x05,0x95,0x00,0xff,0x0d,0x99,0x06,0xff,
    0x14,0x9d,0x0b,0xff,0x17,0x9f,0x0e,0xff,0x17,0x9f,0x0e,0xff,0x16,0x9f,0x0d,0xff,
    0x16,0x9f,0x0d,0xff,0x16,0x9f,0x0d,0xff,0x16,0x9f,0x0d,0xff,0x16,0x9f,0x0d,0xff,
    0x16,0x9f,0x0d,0xff,0x16,0x9f,0x0d,0xff,0x18,0xa2,0x0e,0xff,0x18,0x9e,0x0e,0xfd,
    0x15,0x9f,0x0d,0xe0,0x12,0x9d,0x0b,0xaf,0x13,0xa0,0x09,0x4e,0x00,0x00,0x00,0x00,
    0x14,0x9d,0x0a,0x63,0x15,0x9e,0x09,0x6a,0x15,0x9f,0x0d,0xb0,0x16,0x9f,0x0e,0xfe,
    0x17,0xa6,0x0e,0xff,0x16,0x9f,0x0d,0xff,0x16,0x9f,0x0d,0xff,0x16,0x9f,0x0d,0xff,
    0x16,0x9f,0x0d,0xff,0x16,0x9f,0x0d,0xff,0x16,0x9f,0x0d,0xff,0x16,0x9f,0x0d,0xff,
    0x17,0x9f,0x0e,0xff,0x17,0x9f,0x0e,0xff,0x13,0x9e,0x0b,0xff,0x0e,0x9d,0x07,0xff,
    0x05,0x97,0x00,0xff,0x00,0x90,0x00,0xff,0x33,0xa7,0x30,0xff,0xa0,0xd7,0x9e,0xff,
    0xe5,0xf4,0xe4,0xff,0xff,0xff,0xff,0xff,0xfe,0xff,0xfd,0xff,0xcb,0xeb,0xc8,0xff,
    0x8b,0xce,0x85,0xff,0x35,0xa5,0x32,0xff,0x01,0x8d,0x00,0xff,0x00,0x8c,0x00,0xff,
    0x00,0x8f,0x00,0xff,0x04,0x96,0x00,0xff,0x12,0x9d,0x0b,0xff,0x26,0xa5,0x20,0xff,
    0x2d,0xa7,0x28,0xff,0x1a,0xa0,0x11,0xff,0x0b,0x9a,0x01,0xff,0x0f,0x9c,0x05,0xff,
    0x15,0x9e,0x0c,0xff,0x16,0x9f,0x0e,0xff,0x17,0x9f,0x0e,0xff,0x17,0x9f,0x0e,0xff,
    0x16,0x9f,0x0d,0xff,0x16,0x9f,0x0d,0xff,0x16,0x9f,0x0d,0xff,0x16,0x9f,0x0d,0xff,
    0x16,0x9f,0x0d,0xff,0x17,0x9f,0x0d,0xff,0x17,0x9f,0x0e,0xff,0x18,0xa0,0x0e,0xff,
    0x18,0xa1,0x0e,0xff,0x16,0xa0,0x0d,0xff,0x13,0x9d,0x0b,0xff,0x07,0x95,0x01,0xff,
    0x00,0x8d,0x00,0xff,0x01,0x92,0x00,0xff,0x1d,0xa0,0x1a,0xff,0x69,0xc0,0x66,0xff,
    0xd6,0xed,0xd4,0xff,0xff,0xff,0xff,0xff,0xff,0xff,0xff,0xff,0xd2,0xec,0xd1,0xff,
    0x72,0xc4,0x6d,0xff,0x2f,0xa7,0x2b,0xff,0x0d,0x94,0x0b,0xff,0x01,0x8f,0x00,0xff,
    0x11,0x9b,0x09,0xff,0x1a,0xa1,0x0f,0xff,0x17,0xa0,0x0e,0xff,0x16,0x9f,0x0d,0xff,
    0x16,0x9f,0x0d,0xff,0x16,0x9f,0x0d,0xff,0x16,0x9f,0x0d,0xff,0x16,0x9f,0x0d,0xff,
    0x16,0x9f,0x0d,0xff,0x16,0x9f,0x0d,0xff,0x17,0xa1,0x0e,0xff,0x17,0x9e,0x0e,0xfe,
    0x16,0x9f,0x0d,0xf8,0x15,0x9e,0x0d,0xd4,0x15,0x9f,0x0a,0x60,0x00,0x00,0x00,0x00,
    0x13,0x9f,0x0c,0x8d,0x14,0x9d,0x0c,0x93,0x16,0x9f,0x0c,0xc5,0x16,0x9f,0x0e,0xfd,
    0x17,0xa3,0x0e,0xff,0x16,0x9f,0x0d,0xff,0x16,0x9f,0x0d,0xff,0x16,0x9f,0x0d,0xff,
    0x16,0x9f,0x0d,0xff,0x16,0x9f,0x0d,0xff,0x16,0x9f,0x0d,0xff,0x16,0x9f,0x0d,0xff,
    0x17,0x9f,0x0e,0xff,0x17,0x9f,0x0f,0xff,0x10,0x9c,0x09,0xff,0x06,0x97,0x01,0xff,
    0x05,0x96,0x00,0xff,0x0f,0x9c,0x09,0xff,0x5a,0xba,0x55,0xff,0xd7,0xee,0xd7,0xff,
    0xff,0xff,0xff,0xff,0xff,0xff,0xff,0xff,0xe1,0xf3,0xe0,0xff,0x8c,0xd0,0x87,0xff,
    0x47,0xb1,0x41,0xff,0x12,0x94,0x10,0xff,0x00,0x88,0x00,0xff,0x00,0x8f,0x00,0xff,
    0x09,0x9a,0x08,0xff,0x29,0xa6,0x23,0xff,0x47,0xb3,0x3f,0xff,0x64,0xc0,0x5d,0xff,
    0x6a,0xc2,0x63,0xff,0x42,0xb1,0x39,0xff,0x1e,0xa2,0x15,0xff,0x11,0x9b,0x0a,0xff,
    0x0e,0x99,0x07,0xff,0x12,0x9c,0x0b,0xff,0x17,0x9f,0x0e,0xff,0x17,0x9f,0x0e,0xff,
    0x16,0x9f,0x0d,0xff,0x16,0x9f,0x0d,0xff,0x16,0x9f,0x0d,0xff,0x16,0x9f,0x0d,0xff,
    0x16,0x9f,0x0d,0xff,0x16,0x9f,0x0d,0xff,0x16,0x9f,0x0d,0xff,0x16,0x9f,0x0d,0xff,
    0x16,0x9f,0x0d,0xff,0x18,0xa0,0x0e,0xff,0x1b,0xa0,0x10,0xff,0x14,0x9d,0x0b,0xff,
    0x09,0x98,0x04,0xff,0x00,0x91,0x00,0xff,0x00,0x8b,0x00,0xff,0x30,0xa7,0x2f,0xff,
    0xa9,0xda,0xa6,0xff,0xed,0xf7,0xeb,0xff,0xff,0xff,0xff,0xff,0xef,0xf9,0xee,0xff,
    0xaf,0xdf,0xa9,0xff,0x69,0xbf,0x63,0xff,0x1d,0x9a,0x1c,0xff,0x00,0x8b,0x00,0xff,
    0x0c,0x99,0x04,0xff,0x17,0xa1,0x0d,0xff,0x17,0xa0,0x0d,0xff,0x16,0x9f,0x0d,0xff,
    0x16,0x9f,0x0d,0xff,0x16,0x9f,0x0d,0xff,0x16,0x9f,0x0d,0xff,0x16,0x9f,0x0d,0xff,
    0x16,0x9f,0x0d,0xff,0x16,0x9f,0x0d,0xff,0x17,0xa0,0x0e,0xff,0x17,0x9f,0x0e,0xff,
    0x17,0xa5,0x0e,0xff,0x16,0x9f,0x0c,0xee,0x16,0x9f,0x0b,0x73,0x00,0x99,0x00,0x05,
    0x14,0x9f,0x0c,0xb1,0x13,0xa0,0x0c,0xb5,0x15,0x9e,0x0c,0xd8,0x17,0x9e,0x0d,0xfe,
    0x17,0xa2,0x0d,0xff,0x16,0x9f,0x0d,0xff,0x16,0x9f,0x0d,0xff,0x16,0x9f,0x0d,0xff,
    0x16,0x9f,0x0d,0xff,0x16,0x9f,0x0d,0xff,0x16,0x9f,0x0d,0xff,0x16,0x9f,0x0d,0xff,
    0x17,0xa0,0x0e,0xff,0x18,0xa1,0x10,0xff,0x0e,0x99,0x07,0xff,0x00,0x8f,0x00,0xff,
    0x11,0x97,0x0f,0xff,0x3f,0xaf,0x3a,0xff,0x89,0xcf,0x84,0xff,0xe7,0xf5,0xe6,0xff,
    0xff,0xff,0xff,0xff,0xfc,0xfe,0xfc,0xff,0xc1,0xe4,0xbf,0xff,0x50,0xb3,0x4e,0xff,
    0x0e,0x97,0x0c,0xff,0x00,0x90,0x00,0xff,0x00,0x8f,0x00,0xff,0x00,0x92,0x00,0xff,
    0x20,0xa3,0x1d,0xff,0x76,0xc6,0x72,0xff,0xb5,0xe1,0xb2,0xff,0xce,0xeb,0xcc,0xff,
    0xc6,0xe7,0xc2,0xff,0x8a,0xcf,0x84,0xff,0x4e,0xb5,0x47,0xff,0x1e,0x9d,0x1b,0xff,
    0x03,0x8f,0x01,0xff,0x0b,0x96,0x04,0xff,0x19,0xa0,0x0f,0xff,0x18,0xa1,0x0e,0xff,
    0x16,0x9f,0x0d,0xff,0x16,0x9f,0x0d,0xff,0x16,0x9f,0x0d,0xff,0x16,0x9f,0x0d,0xff,
    0x16,0x9f,0x0d,0xff,0x16,0x9f,0x0d,0xff,0x16,0x9f,0x0d,0xff,0x16,0x9f,0x0d,0xff,
    0x16,0x9f,0x0d,0xff,0x17,0x9f,0x0d,0xff,0x18,0xa0,0x0f,0xff,0x17,0xa0,0x0e,0xff,
    0x14,0x9f,0x0c,0xff,0x05,0x95,0x00,0xff,0x00,0x88,0x00,0xff,0x19,0x99,0x18,0xff,
    0x66,0xbd,0x60,0xff,0xad,0xdd,0xa9,0xff,0xf4,0xfb,0xf3,0xff,0xff,0xff,0xff,0xff,
    0xeb,0xf6,0xe9,0xff,0xa6,0xd8,0xa3,0xff,0x34,0xa8,0x30,0xff,0x00,0x90,0x00,0xff,
    0x05,0x98,0x00,0xff,0x0f,0x9e,0x07,0xff,0x14,0x9e,0x0a,0xff,0x17,0x9f,0x0e,0xff,
    0x17,0x9f,0x0d,0xff,0x16,0x9f,0x0d,0xff,0x16,0x9f,0x0d,0xff,0x16,0x9f,0x0d,0xff,
    0x16,0x9f,0x0d,0xff,0x16,0x9f,0x0d,0xff,0x16,0x9f,0x0d,0xff,0x16,0x9f,0x0d,0xff,
    0x18,0xa8,0x0e,0xff,0x16,0xa0,0x0d,0xf8,0x16,0x9f,0x0b,0x86,0x10,0xa4,0x08,0x1f,
    0x14,0x9f,0x0c,0xd1,0x14,0x9f,0x0c,0xd3,0x14,0x9e,0x0c,0xe8,0x17,0x9e,0x0d,0xfe,
    0x17,0xa1,0x0d,0xff,0x16,0x9f,0x0d,0xff,0x16,0x9f,0x0d,0xff,0x16,0x9f,0x0d,0xff,
    0x16,0x9f,0x0d,0xff,0x16,0x9f,0x0d,0xff,0x16,0x9f,0x0d,0xff,0x16,0x9f,0x0d,0xff,
    0x17,0xa0,0x0e,0xff,0x17,0xa1,0x0e,0xff,0x0b,0x98,0x04,0xff,0x00,0x8b,0x00,0xff,
    0x20,0x9c,0x1f,0xff,0x71,0xc3,0x6c,0xff,0xb7,0xe3,0xb3,0xff,0xf2,0xfb,0xf1,0xff,
    0xfe,0xff,0xfe,0xff,0xdc,0xf1,0xda,0xff,0x97,0xd2,0x95,0xff,0x26,0x9f,0x26,0xff,
    0x00,0x88,0x00,0xff,0x00,0x8d,0x00,0xff,0x04,0x95,0x03,0xff,0x11,0x9b,0x0d,0xff,
    0x46,0xb2,0x41,0xff,0xb4,0xe0,0xb2,0xff,0xff,0xff,0xff,0xff,0xff,0xff,0xff,0xff,
    0xff,0xff,0xff,0xff,0xc6,0xe8,0xc4,0xff,0x82,0xca,0x7e,0xff,0x33,0xa5,0x31,0xff,
    0x00,0x8b,0x00,0xff,0x05,0x93,0x00,0xff,0x17,0xa0,0x0d,0xff,0x17,0xa1,0x0e,0xff,
    0x16,0x9f,0x0d,0xff,0x16,0x9f,0x0d,0xff,0x16,0x9f,0x0d,0xff,0x16,0x9f,0x0d,0xff,
    0x16,0x9f,0x0d,0xff,0x16,0x9f,0x0d,0xff,0x16,0x9f,0x0d,0xff,0x16,0x9f,0x0d,0xff,
    0x16,0x9f,0x0d,0xff,0x16,0x9f,0x0d,0xff,0x16,0x9f,0x0d,0xff,0x18,0xa1,0x0e,0xff,
    0x1b,0xa2,0x10,0xff,0x0f,0x9a,0x09,0xff,0x00,0x8c,0x00,0xff,0x0b,0x92,0x09,0xff,
    0x2d,0xa6,0x26,0xff,0x74,0xc6,0x6e,0xff,0xdf,0xf2,0xdd,0xff,0xff,0xff,0xff,0xff,
    0xff,0xff,0xff,0xff,0xd1,0xea,0xd0,0xff,0x50,0xb7,0x4a,0xff,0x07,0x99,0x00,0xff,
    0x04,0x98,0x00,0xff,0x07,0x9a,0x02,0xff,0x11,0x9c,0x09,0xff,0x17,0x9f,0x0e,0xff,
    0x17,0x9f,0x0d,0xff,0x16,0x9f,0x0d,0xff,0x16,0x9f,0x0d,0xff,0x16,0x9f,0x0d,0xff,
    0x16,0x9f,0x0d,0xff,0x16,0x9f,0x0d,0xff,0x16,0x9f,0x0d,0xff,0x16,0x9f,0x0d,0xff,
    0x18,0xa8,0x0e,0xff,0x17,0xa0,0x0d,0xfd,0x15,0xa0,0x0b,0x97,0x11,0x9d,0x08,0x3c,
    0x15,0x9f,0x0b,0xeb,0x15,0x9f,0x0b,0xec,0x15,0x9e,0x0c,0xf5,0x16,0x9f,0x0d,0xff,
    0x16,0xa0,0x0d,0xff,0x16,0x9f,0x0d,0xff,0x16,0x9f,0x0d,0xff,0x16,0x9f,0x0d,0xff,
    0x16,0x9f,0x0d,0xff,0x16,0x9f,0x0d,0xff,0x16,0x9f,0x0d,0xff,0x16,0x9f,0x0d,0xff,
    0x15,0x9f,0x0c,0xff,0x13,0x9e,0x09,0xff,0x06,0x98,0x00,0xff,0x00,0x8f,0x00,0xff,
    0x30,0xa6,0x2c,0xff,0x9e,0xd5,0x9b,0xff,0xe3,0xf4,0xe1,0xff,0xff,0xff,0xff,0xff,
    0xed,0xf8,0xec,0xff,0xa5,0xdb,0xa2,0xff,0x5f,0xbb,0x5b,0xff,0x15,0x97,0x15,0xff,
    0x00,0x86,0x00,0xff,0x00,0x89,0x00,0xff,0x0c,0x96,0x0b,0xff,0x40,0xaf,0x3c,0xff,
    0x82,0xcc,0x7d,0xff,0xd3,0xed,0xd1,0xff,0xff,0xff,0xff,0xff,0xff,0xff,0xff,0xff,
    0xff,0xff,0xff,0xff,0xec,0xf7,0xec,0xff,0xba,0xe2,0xb8,0xff,0x52,0xb5,0x4f,0xff,
    0x01,0x92,0x00,0xff,0x00,0x94,0x00,0xff,0x10,0x9e,0x07,0xff,0x14,0x9f,0x0b,0xff,
    0x16,0x9f,0x0d,0xff,0x17,0x9f,0x0e,0xff,0x16,0x9f,0x0d,0xff,0x16,0x9f,0x0d,0xff,
    0x16,0x9f,0x0d,0xff,0x16,0x9f,0x0d,0xff,0x16,0x9f,0x0d,0xff,0x16,0x9f,0x0d,0xff,
    0x16,0x9f,0x0d,0xff,0x16,0x9f,0x0d,0xff,0x16,0x9f,0x0d,0xff,0x17,0xa0,0x0e,0xff,
    0x18,0xa1,0x0f,0xff,0x12,0x9c,0x0b,0xff,0x08,0x96,0x03,0xff,0x03,0x94,0x00,0xff,
    0x07,0x98,0x03,0xff,0x4a,0xb5,0x48,0xff,0xc9,0xe8,0xc7,0xff,0xff,0xff,0xff,0xff,
    0xff,0xff,0xff,0xff,0xdf,0xf2,0xde,0xff,0x72,0xc6,0x6c,0xff,0x28,0xa5,0x20,0xff,
    0x0b,0x97,0x07,0xff,0x01,0x92,0x00,0xff,0x0e,0x9a,0x07,0xff,0x17,0xa0,0x0e,0xff,
    0x17,0xa0,0x0e,0xff,0x16,0x9f,0x0d,0xff,0x16,0x9f,0x0d,0xff,0x16,0x9f,0x0d,0xff,
    0x16,0x9f,0x0d,0xff,0x16,0x9f,0x0d,0xff,0x16,0x9f,0x0d,0xff,0x16,0x9f,0x0d,0xff,
    0x18,0xa6,0x0e,0xff,0x17,0x9e,0x0d,0xfe,0x15,0x9f,0x0c,0xa6,0x11,0xa0,0x08,0x59,
    0x16,0x9e,0x0c,0xfc,0x16,0x9e,0x0c,0xfc,0x16,0x9f,0x0c,0xfd,0x16,0x9f,0x0d,0xff,
    0x16,0x9f,0x0d,0xff,0x16,0x9f,0x0d,0xff,0x16,0x9f,0x0d,0xff,0x16,0x9f,0x0d,0xff,
    0x16,0x9f,0x0d,0xff,0x16,0x9f,0x0d,0xff,0x16,0x9f,0x0d,0xff,0x16,0x9f,0x0d,0xff,
    0x12,0x9e,0x0a,0xff,0x0d,0x9b,0x04,0xff,0x03,0x98,0x00,0xff,0x00,0x95,0x00,0xff,
    0x43,0xb1,0x3d,0xff,0xc1,0xe4,0xbf,0xff,0xff,0xff,0xff,0xff,0xff,0xff,0xff,0xff,
    0xdc,0xf1,0xdb,0xff,0x76,0xc7,0x70,0xff,0x30,0xa8,0x29,0xff,0x0c,0x94,0x0a,0xff,
    0x00,0x8a,0x00,0xff,0x00,0x88,0x00,0xff,0x13,0x97,0x12,0xff,0x66,0xbe,0x62,0xff,
    0xb1,0xe0,0xac,0xff,0xe6,0xf5,0xe4,0xff,0xff,0xff,0xff,0xff,0xff,0xff,0xff,0xff,
    0xfe,0xff,0xff,0xff,0xff,0xff,0xff,0xff,0xe3,0xf3,0xe3,0xff,0x72,0xc5,0x6e,0xff,
    0x12,0x9e,0x0c,0xff,0x02,0x98,0x00,0xff,0x09,0x9a,0x02,0xff,0x0f,0x9c,0x07,0xff,
    0x16,0x9f,0x0d,0xff,0x17,0x9f,0x0e,0xff,0x16,0x9f,0x0d,0xff,0x16,0x9f,0x0d,0xff,
    0x16,0x9f,0x0d,0xff,0x16,0x9f,0x0d,0xff,0x16,0x9f,0x0d,0xff,0x16,0x9f,0x0d,0xff,
    0x16,0x9f,0x0d,0xff,0x16,0x9f,0x0d,0xff,0x16,0x9f,0x0d,0xff,0x16,0x9f,0x0d,0xff,
    0x16,0x9f,0x0d,0xff,0x14,0x9e,0x0b,0xff,0x10,0x9e,0x07,0xff,0x01,0x97,0x00,0xff,
    0x00,0x90,0x00,0xff,0x2e,0xa8,0x2e,0xff,0xae,0xdc,0xac,0xff,0xf3,0xf9,0xf1,0xff,
    0xff,0xff,0xff,0xff,0xe7,0xf6,0xe6,0xff,0x93,0xd3,0x8c,0xff,0x4a,0xb2,0x43,0xff,
    0x13,0x97,0x12,0xff,0x00,0x8c,0x00,0xff,0x0c,0x98,0x06,0xff,0x17,0xa0,0x0e,0xff,
    0x17,0xa0,0x0e,0xff,0x16,0x9f,0x0d,0xff,0x16,0x9f,0x0d,0xff,0x16,0x9f,0x0d,0xff,
    0x16,0x9f,0x0d,0xff,0x16,0x9f,0x0d,0xff,0x16,0x9f,0x0d,0xff,0x16,0x9f,0x0d,0xff,
    0x18,0xa5,0x0e,0xff,0x17,0x9e,0x0d,0xfd,0x15,0x9f,0x0b,0xb3,0x11,0xa1,0x08,0x72,
    0x16,0x9f,0x0d,0xff,0x16,0x9f,0x0d,0xff,0x16,0x9f,0x0d,0xff,0x16,0x9f,0x0d,0xff,
    0x16,0x9f,0x0d,0xff,0x16,0x9f,0x0d,0xff,0x16,0x9f,0x0d,0xff,0x16,0x9f,0x0d,0xff,
    0x16,0x9f,0x0d,0xff,0x16,0x9f,0x0d,0xff,0x17,0x9f,0x0e,0xff,0x17,0xa0,0x0e,0xff,
    0x0f,0x9c,0x08,0xff,0x05,0x98,0x01,0xff,0x03,0x98,0x00,0xff,0x0f,0x9d,0x07,0xff,
    0x5a,0xbb,0x52,0xff,0xd4,0xed,0xd2,0xff,0xff,0xff,0xff,0xff,0xff,0xff,0xff,0xff,
    0xd2,0xec,0xd1,0xff,0x58,0xba,0x51,0xff,0x12,0x9d,0x09,0xff,0x04,0x95,0x00,0xff,
    0x00,0x90,0x00,0xff,0x00,0x8b,0x00,0xff,0x16,0x99,0x15,0xff,0x77,0xc5,0x74,0xff,
    0xc6,0xe8,0xc2,0xff,0xee,0xf8,0xed,0xff,0xff,0xff,0xff,0xff,0xff,0xff,0xff,0xff,
    0xff,0xff,0xff,0xff,0xff,0xff,0xff,0xff,0xf7,0xfc,0xf7,0xff,0x98,0xd6,0x93,0xff,
    0x3f,0xb1,0x35,0xff,0x14,0x9d,0x0f,0xff,0x02,0x93,0x00,0xff,0x09,0x97,0x04,0xff,
    0x16,0x9f,0x0d,0xff,0x17,0xa0,0x0e,0xff,0x16,0x9f,0x0d,0xff,0x16,0x9f,0x0d,0xff,
    0x16,0x9f,0x0d,0xff,0x16,0x9f,0x0d,0xff,0x16,0x9f,0x0d,0xff,0x16,0x9f,0x0d,0xff,
    0x16,0x9f,0x0d,0xff,0x16,0x9f,0x0d,0xff,0x16,0x9f,0x0d,0xff,0x16,0x9f,0x0d,0xff,
    0x16,0x9f,0x0d,0xff,0x17,0x9f,0x0d,0xff,0x16,0xa0,0x0c,0xff,0x08,0x98,0x01,0xff,
    0x00,0x8c,0x00,0xff,0x22,0x9f,0x22,0xff,0x89,0xcd,0x87,0xff,0xd0,0xeb,0xcd,0xff,
    0xfb,0xfd,0xfb,0xff,0xf1,0xfa,0xf0,0xff,0xad,0xde,0xa8,0xff,0x65,0xbd,0x60,0xff,
    0x1c,0x9a,0x1b,0xff,0x00,0x8b,0x00,0xff,0x0b,0x98,0x05,0xff,0x17,0xa0,0x0e,0xff,
    0x17,0xa0,0x0e,0xff,0x16,0x9f,0x0d,0xff,0x16,0x9f,0x0d,0xff,0x16,0x9f,0x0d,0xff,
    0x16,0x9f,0x0d,0xff,0x16,0x9f,0x0d,0xff,0x16,0x9f,0x0d,0xff,0x16,0x9f,0x0d,0xff,
    0x17,0xa4,0x0e,0xff,0x16,0x9f,0x0e,0xfd,0x15,0x9f,0x0c,0xbd,0x15,0x9d,0x09,0x85,
    0x16,0x9f,0x0d,0xff,0x16,0x9f,0x0d,0xff,0x16,0x9f,0x0d,0xff,0x16,0x9f,0x0d,0xff,
    0x16,0x9f,0x0d,0xff,0x16,0x9f,0x0d,0xff,0x16,0x9f,0x0d,0xff,0x16,0x9f,0x0d,0xff,
    0x16,0x9f,0x0d,0xff,0x16,0x9f,0x0d,0xff,0x17,0x9f,0x0e,0xff,0x17,0xa0,0x0e,0xff,
    0x0d,0x9b,0x07,0xff,0x00,0x95,0x00,0xff,0x07,0x98,0x05,0xff,0x23,0xa5,0x1b,0xff,
    0x6f,0xc4,0x67,0xff,0xe0,0xf3,0xde,0xff,0xff,0xff,0xff,0xff,0xff,0xff,0xff,0xff,
    0xc4,0xe6,0xc2,0xff,0x42,0xb1,0x3b,0xff,0x00,0x96,0x00,0xff,0x02,0x97,0x00,0xff,
    0x01,0x96,0x00,0xff,0x00,0x8d,0x00,0xff,0x16,0x9a,0x16,0xff,0x7a,0xc6,0x78,0xff,
    0xca,0xe9,0xc7,0xff,0xef,0xf8,0xee,0xff,0xff,0xff,0xff,0xff,0xff,0xff,0xff,0xff,
    0xff,0xff,0xff,0xff,0xff,0xff,0xff,0xff,0xf6,0xfb,0xf5,0xff,0xa6,0xdc,0xa0,0xff,
    0x56,0xba,0x4c,0xff,0x1f,0x9f,0x1b,0xff,0x00,0x8f,0x00,0xff,0x06,0x95,0x02,0xff,
    0x16,0x9f,0x0d,0xff,0x17,0xa0,0x0e,0xff,0x16,0x9f,0x0d,0xff,0x16,0x9f,0x0d,0xff,
    0x16,0x9f,0x0d,0xff,0x16,0x9f,0x0d,0xff,0x16,0x9f,0x0d,0xff,0x16,0x9f,0x0d,0xff,
    0x16,0x9f,0x0d,0xff,0x16,0x9f,0x0d,0xff,0x16,0x9f,0x0d,0xff,0x16,0x9f,0x0d,0xff,
    0x16,0x9f,0x0d,0xff,0x18,0xa0,0x0e,0xff,0x19,0xa1,0x0f,0xff,0x0d,0x99,0x06,0xff,
    0x00,0x8c,0x00,0xff,0x1b,0x99,0x1b,0xff,0x69,0xbf,0x65,0xff,0xaf,0xde,0xac,0xff,
    0xf1,0xfa,0xf1,0xff,0xf8,0xfd,0xf8,0xff,0xc3,0xe6,0xc1,0xff,0x7d,0xc7,0x79,0xff,
    0x23,0x9e,0x23,0xff,0x00,0x8c,0x00,0xff,0x0a,0x98,0x04,0xff,0x17,0xa0,0x0e,0xff,
    0x17,0xa0,0x0e,0xff,0x16,0x9f,0x0d,0xff,0x16,0x9f,0x0d,0xff,0x16,0x9f,0x0d,0xff,
    0x16,0x9f,0x0d,0xff,0x16,0x9f,0x0d,0xff,0x16,0x9f,0x0d,0xff,0x16,0x9f,0x0d,0xff,
    0x17,0xa4,0x0e,0xff,0x16,0x9f,0x0e,0xfd,0x16,0x9f,0x0c,0xc5,0x16,0x9f,0x0a,0x93,
    0x15,0x9f,0x0e,0xff,0x15,0x9f,0x0e,0xff,0x15,0x9f,0x0e,0xff,0x16,0x9f,0x0d,0xff,
    0x16,0x9f,0x0d,0xff,0x16,0x9f,0x0d,0xff,0x16,0x9f,0x0d,0xff,0x16,0x9f,0x0d,0xff,
    0x16,0x9f,0x0d,0xff,0x16,0x9f,0x0d,0xff,0x17,0xa0,0x0e,0xff,0x17,0xa0,0x0e,0xff,
    0x0c,0x9a,0x06,0xff,0x00,0x91,0x00,0xff,0x0e,0x98,0x0d,0xff,0x37,0xac,0x30,0xff,
    0x82,0xcc,0x7c,0xff,0xe6,0xf5,0xe5,0xff,0xff,0xff,0xff,0xff,0xf1,0xf8,0xf0,0xff,
    0xa9,0xdb,0xa7,0xff,0x31,0xa9,0x2e,0xff,0x00,0x93,0x00,0xff,0x06,0x9a,0x00,0xff,
    0x08,0x99,0x00,0xff,0x00,0x8d,0x00,0xff,0x14,0x97,0x14,0xff,0x70,0xc1,0x6e,0xff,
    0xbf,0xe5,0xbb,0xff,0xeb,0xf6,0xe9,0xff,0xff,0xff,0xff,0xff,0xff,0xff,0xff,0xff,
    0xfe,0xff,0xfe,0xff,0xfa,0xfd,0xfa,0xff,0xdb,0xf0,0xda,0xff,0x88,0xce,0x84,0xff,
    0x3c,0xaf,0x35,0xff,0x15,0x9d,0x12,0xff,0x04,0x94,0x02,0xff,0x0a,0x98,0x05,0xff,
    0x16,0x9f,0x0d,0xff,0x17,0x9f,0x0d,0xff,0x16,0x9f,0x0d,0xff,0x16,0x9f,0x0d,0xff,
    0x16,0x9f,0x0d,0xff,0x16,0x9f,0x0d,0xff,0x16,0x9f,0x0d,0xff,0x16,0x9f,0x0d,0xff,
    0x16,0x9f,0x0d,0xff,0x16,0x9f,0x0d,0xff,0x16,0x9f,0x0d,0xff,0x16,0x9f,0x0d,0xff,
    0x16,0x9f,0x0d,0xff,0x18,0xa0,0x0e,0xff,0x18,0xa1,0x0f,0xff,0x0e,0x99,0x07,0xff,
    0x00,0x8d,0x00,0xff,0x14,0x97,0x13,0xff,0x51,0xb6,0x4d,0xff,0x97,0xd5,0x93,0xff,
    0xe9,0xf6,0xe9,0xff,0xfe,0xff,0xff,0xff,0xd7,0xee,0xd5,0xff,0x90,0xd0,0x8e,0xff,
    0x2a,0xa4,0x2a,0xff,0x00,0x8f,0x00,0xff,0x08,0x98,0x01,0xff,0x15,0x9f,0x0b,0xff,
    0x16,0x9f,0x0d,0xff,0x16,0x9f,0x0d,0xff,0x16,0x9f,0x0d,0xff,0x16,0x9f,0x0d,0xff,
    0x16,0x9f,0x0d,0xff,0x16,0x9f,0x0d,0xff,0x16,0x9f,0x0d,0xff,0x16,0x9f,0x0d,0xff,
    0x17,0xa3,0x0d,0xff,0x16,0x9d,0x0d,0xfe,0x16,0x9d,0x0c,0xcd,0x16,0xa0,0x0b,0xa0,
    0x15,0x9f,0x0e,0xff,0x15,0x9f,0x0e,0xff,0x15,0x9f,0x0e,0xff,0x16,0x9f,0x0d,0xff,
    0x16,0x9f,0x0d,0xff,0x16,0x9f,0x0d,0xff,0x16,0x9f,0x0d,0xff,0x16,0x9f,0x0d,0xff,
    0x16,0x9f,0x0d,0xff,0x16,0x9f,0x0d,0xff,0x17,0xa0,0x0e,0xff,0x17,0xa0,0x0e,0xff,
    0x0c,0x99,0x06,0xff,0x00,0x8f,0x00,0xff,0x14,0x99,0x14,0xff,0x48,0xb1,0x42,0xff,
    0x91,0xd2,0x8c,0xff,0xea,0xf6,0xe9,0xff,0xff,0xff,0xff,0xff,0xd8,0xee,0xd7,0xff,
    0x90,0xd0,0x8f,0xff,0x26,0xa4,0x26,0xff,0x00,0x91,0x00,0xff,0x0a,0x9b,0x01,0xff,
    0x0e,0x9b,0x04,0xff,0x00,0x8d,0x00,0xff,0x10,0x94,0x0f,0xff,0x5b,0xb8,0x57,0xff,
    0xa5,0xdb,0xa0,0xff,0xe1,0xf3,0xdf,0xff,0xff,0xff,0xff,0xff,0xff,0xff,0xff,0xff,
    0xfc,0xfe,0xfc,0xff,0xe5,0xf4,0xe4,0xff,0xb8,0xe2,0xb6,0xff,0x62,0xbc,0x60,0xff,
    0x1c,0x9f,0x19,0xff,0x0a,0x99,0x06,0xff,0x0c,0x99,0x06,0xff,0x0f,0x9c,0x08,0xff,
    0x16,0x9f,0x0d,0xff,0x17,0x9f,0x0d,0xff,0x16,0x9f,0x0d,0xff,0x16,0x9f,0x0d,0xff,
    0x16,0x9f,0x0d,0xff,0x16,0x9f,0x0d,0xff,0x16,0x9f,0x0d,0xff,0x16,0x9f,0x0d,0xff,
    0x16,0x9f,0x0d,0xff,0x16,0x9f,0x0d,0xff,0x16,0x9f,0x0d,0xff,0x16,0x9f,0x0d,0xff,
    0x16,0x9f,0x0d,0xff,0x17,0xa0,0x0e,0xff,0x17,0xa0,0x0e,0xff,0x0d,0x99,0x07,0xff,
    0x00,0x8f,0x00,0xff,0x0f,0x96,0x0e,0xff,0x3e,0xae,0x39,0xff,0x85,0xcd,0x80,0xff,
    0xe3,0xf4,0xe2,0xff,0xff,0xff,0xff,0xff,0xe7,0xf5,0xe5,0xff,0xa0,0xd8,0x9f,0xff,
    0x31,0xa9,0x30,0xff,0x00,0x92,0x00,0xff,0x06,0x98,0x00,0xff,0x13,0x9e,0x09,0xff,
    0x15,0x9f,0x0c,0xff,0x16,0x9f,0x0d,0xff,0x16,0x9f,0x0d,0xff,0x16,0x9f,0x0d,0xff,
    0x16,0x9f,0x0d,0xff,0x16,0x9f,0x0d,0xff,0x16,0x9f,0x0d,0xff,0x16,0x9f,0x0d,0xff,
    0x17,0xa2,0x0d,0xff,0x16,0x9d,0x0d,0xfe,0x15,0x9f,0x0c,0xd2,0x14,0xa2,0x0b,0xab,
    0x15,0xa0,0x0e,0xff,0x15,0xa0,0x0e,0xff,0x15,0xa0,0x0e,0xff,0x16,0x9f,0x0d,0xff,
    0x16,0x9f,0x0d,0xff,0x16,0x9f,0x0d,0xff,0x16,0x9f,0x0d,0xff,0x16,0x9f,0x0d,0xff,
    0x16,0x9f,0x0d,0xff,0x16,0x9f,0x0d,0xff,0x17,0xa0,0x0e,0xff,0x17,0xa0,0x0e,0xff,
    0x0b,0x98,0x05,0xff,0x00,0x8e,0x00,0xff,0x18,0x9a,0x18,0xff,0x53,0xb6,0x4e,0xff,
    0x9b,0xd6,0x97,0xff,0xed,0xf8,0xed,0xff,0xfb,0xfd,0xfb,0xff,0xc9,0xe8,0xc7,0xff,
    0x81,0xc9,0x7f,0xff,0x21,0xa0,0x21,0xff,0x00,0x8f,0x00,0xff,0x0c,0x9a,0x04,0xff,
    0x11,0x9c,0x08,0xff,0x00,0x91,0x00,0xff,0x09,0x94,0x08,0xff,0x34,0xaa,0x2f,0xff,
    0x76,0xc9,0x6f,0xff,0xd4,0xee,0xd1,0xff,0xff,0xff,0xff,0xff,0xff,0xff,0xff,0xff,
    0xf9,0xfd,0xf8,0xff,0xc5,0xe8,0xc3,0xff,0x88,0xce,0x84,0xff,0x3d,0xa7,0x3b,0xff,
    0x07,0x8c,0x06,0xff,0x08,0x94,0x02,0xff,0x16,0xa0,0x0c,0xff,0x16,0xa1,0x0c,0xff,
    0x16,0x9f,0x0d,0xff,0x16,0x9f,0x0d,0xff,0x16,0x9f,0x0d,0xff,0x16,0x9f,0x0d,0xff,
    0x17,0x9f,0x0e,0xff,0x17,0xa0,0x0e,0xff,0x17,0xa0,0x0e,0xff,0x17,0xa0,0x0e,0xff,
    0x17,0xa0,0x0e,0xff,0x17,0x9f,0x0e,0xff,0x16,0x9f,0x0d,0xff,0x16,0x9f,0x0d,0xff,
    0x16,0x9f,0x0d,0xff,0x17,0x9f,0x0e,0xff,0x17,0xa0,0x0e,0xff,0x0e,0x9a,0x08,0xff,
    0x00,0x91,0x00,0xff,0x0a,0x96,0x09,0xff,0x31,0xa9,0x2c,0xff,0x78,0xc8,0x73,0xff,
    0xdf,0xf2,0xde,0xff,0xff,0xff,0xff,0xff,0xf3,0xf9,0xf3,0xff,0xae,0xdd,0xad,0xff,
    0x39,0xae,0x35,0xff,0x00,0x95,0x00,0xff,0x04,0x98,0x00,0xff,0x10,0x9c,0x06,0xff,
    0x14,0x9e,0x0b,0xff,0x17,0x9f,0x0e,0xff,0x16,0x9f,0x0d,0xff,0x16,0x9f,0x0d,0xff,
    0x16,0x9f,0x0d,0xff,0x16,0x9f,0x0d,0xff,0x16,0x9f,0x0d,0xff,0x16,0x9f,0x0d,0xff,
    0x16,0xa2,0x0d,0xff,0x16,0x9d,0x0d,0xfe,0x15,0x9f,0x0d,0xd6,0x15,0xa0,0x0c,0xb3,
    0x16,0xa0,0x0d,0xff,0x16,0xa0,0x0d,0xff,0x16,0xa0,0x0d,0xff,0x16,0x9f,0x0d,0xff,
    0x16,0x9f,0x0d,0xff,0x16,0x9f,0x0d,0xff,0x16,0x9f,0x0d,0xff,0x16,0x9f,0x0d,0xff,
    0x16,0x9f,0x0d,0xff,0x16,0x9f,0x0d,0xff,0x17,0xa0,0x0e,0xff,0x17,0xa0,0x0e,0xff,
    0x0b,0x98,0x05,0xff,0x00,0x8d,0x00,0xff,0x1a,0x9b,0x1a,0xff,0x59,0xb9,0x55,0xff,
    0xa1,0xd9,0x9e,0xff,0xef,0xf9,0xef,0xff,0xf7,0xfc,0xf7,0xff,0xc0,0xe4,0xbd,0xff,
    0x78,0xc5,0x76,0xff,0x1f,0x9e,0x1f,0xff,0x00,0x8e,0x00,0xff,0x0d,0x99,0x06,0xff,
    0x13,0x9d,0x0a,0xff,0x05,0x96,0x01,0xff,0x05,0x96,0x02,0xff,0x10,0x9c,0x0a,0xff,
    0x46,0xb4,0x3f,0xff,0xbb,0xe3,0xb8,0xff,0xff,0xff,0xff,0xff,0xff,0xff,0xff,0xff,
    0xf8,0xfc,0xf7,0xff,0xb8,0xe3,0xb5,0xff,0x73,0xc4,0x6e,0xff,0x2d,0x9c,0x2b,0xff,
    0x00,0x82,0x00,0xff,0x07,0x90,0x01,0xff,0x1a,0xa2,0x0e,0xff,0x19,0xa2,0x0e,0xff,
    0x16,0x9f,0x0d,0xff,0x16,0x9f,0x0d,0xff,0x16,0x9f,0x0d,0xff,0x16,0x9f,0x0d,0xff,
    0x16,0x9f,0x0d,0xff,0x16,0x9f,0x0d,0xff,0x16,0x9f,0x0d,0xff,0x16,0x9f,0x0d,0xff,
    0x16,0x9f,0x0d,0xff,0x16,0x9f,0x0d,0xff,0x16,0x9f,0x0d,0xff,0x16,0x9f,0x0d,0xff,
    0x16,0x9f,0x0d,0xff,0x17,0x9f,0x0e,0xff,0x17,0xa0,0x0e,0xff,0x0e,0x9b,0x08,0xff,
    0x00,0x93,0x00,0xff,0x08,0x97,0x07,0xff,0x29,0xa6,0x23,0xff,0x70,0xc5,0x6a,0xff,
    0xdc,0xf1,0xdb,0xff,0xff,0xff,0xff,0xff,0xfb,0xfc,0xfb,0xff,0xb8,0xe1,0xb5,0xff,
    0x40,0xb1,0x39,0xff,0x00,0x97,0x00,0xff,0x03,0x98,0x00,0xff,0x0d,0x9b,0x04,0xff,
    0x13,0x9e,0x0a,0xff,0x17,0x9f,0x0e,0xff,0x16,0x9f,0x0d,0xff,0x16,0x9f,0x0d,0xff,
    0x16,0x9f,0x0d,0xff,0x16,0x9f,0x0d,0xff,0x16,0x9f,0x0d,0xff,0x16,0x9f,0x0d,0xff,
    0x16,0xa2,0x0d,0xff,0x16,0x9e,0x0d,0xfe,0x15,0x9f,0x0c,0xd9,0x14,0xa0,0x0d,0xb8,
    0x16,0xa0,0x0d,0xff,0x16,0xa0,0x0d,0xff,0x16,0xa0,0x0d,0xff,0x16,0x9f,0x0d,0xff,
    0x16,0x9f,0x0d,0xff,0x16,0x9f,0x0d,0xff,0x16,0x9f,0x0d,0xff,0x16,0x9f,0x0d,0xff,
    0x16,0x9f,0x0d,0xff,0x16,0x9f,0x0d,0xff,0x17,0xa0,0x0e,0xff,0x17,0xa0,0x0e,0xff,
    0x0b,0x98,0x05,0xff,0x00,0x8d,0x00,0xff,0x1b,0x9b,0x1b,0xff,0x5c,0xba,0x58,0xff,
    0xa4,0xda,0xa1,0xff,0xf0,0xf9,0xf0,0xff,0xf6,0xfc,0xf5,0xff,0xbc,0xe3,0xb9,0xff,
    0x74,0xc4,0x72,0xff,0x1e,0x9d,0x1e,0xff,0x00,0x8d,0x00,0xff,0x0d,0x98,0x06,0xff,
    0x16,0x9f,0x0c,0xff,0x0f,0x9d,0x07,0xff,0x0a,0x9a,0x04,0xff,0x00,0x91,0x00,0xff,
    0x25,0xa0,0x21,0xff,0x8d,0xce,0x8a,0xff,0xde,0xf2,0xdb,0xff,0xfe,0xff,0xfe,0xff,
    0xff,0xff,0xff,0xff,0xe1,0xf4,0xe0,0xff,0xaa,0xdc,0xa7,0xff,0x4d,0xb0,0x49,0xff,
    0x05,0x8d,0x01,0xff,0x00,0x8d,0x00,0xff,0x0b,0x95,0x05,0xff,0x11,0x9b,0x09,0xff,
    0x18,0xa1,0x0e,0xff,0x1b,0xa3,0x10,0xff,0x1a,0xa2,0x0f,0xff,0x14,0x9f,0x0a,0xff,
    0x0c,0x9b,0x04,0xff,0x07,0x97,0x01,0xff,0x03,0x93,0x00,0xff,0x05,0x95,0x00,0xff,
    0x0a,0x9a,0x04,0xff,0x11,0x9e,0x09,0xff,0x17,0xa0,0x0e,0xff,0x19,0xa1,0x0f,0xff,
    0x17,0x9f,0x0d,0xff,0x17,0x9f,0x0e,0xff,0x17,0xa0,0x0e,0xff,0x0e,0x9b,0x08,0xff,
    0x00,0x94,0x00,0xff,0x07,0x97,0x06,0xff,0x25,0xa5,0x1e,0xff,0x6d,0xc3,0x66,0xff,
    0xdb,0xf0,0xda,0xff,0xff,0xff,0xff,0xff,0xfe,0xfe,0xff,0xff,0xbc,0xe3,0xb9,0xff,
    0x43,0xb2,0x3b,0xff,0x00,0x97,0x00,0xff,0x03,0x98,0x00,0xff,0x0c,0x9b,0x03,0xff,
    0x13,0x9e,0x0a,0xff,0x17,0x9f,0x0e,0xff,0x16,0x9f,0x0d,0xff,0x16,0x9f,0x0d,0xff,
    0x16,0x9f,0x0d,0xff,0x16,0x9f,0x0d,0xff,0x16,0x9f,0x0d,0xff,0x16,0x9f,0x0d,0xff,
    0x16,0xa2,0x0d,0xff,0x16,0x9e,0x0d,0xfe,0x16,0x9e,0x0c,0xdb,0x15,0x9f,0x0d,0xbb,
    0x16,0xa0,0x0d,0xff,0x16,0xa0,0x0d,0xff,0x16,0xa0,0x0d,0xff,0x16,0x9f,0x0d,0xff,
    0x16,0x9f,0x0d,0xff,0x16,0x9f,0x0d,0xff,0x16,0x9f,0x0d,0xff,0x16,0x9f,0x0d,0xff,
    0x16,0x9f,0x0d,0xff,0x16,0x9f,0x0d,0xff,0x17,0xa0,0x0e,0xff,0x17,0xa0,0x0e,0xff,
    0x0b,0x98,0x05,0xff,0x00,0x8d,0x00,0xff,0x1b,0x9b,0x1a,0xff,0x5b,0xba,0x57,0xff,
    0xa3,0xda,0xa0,0xff,0xf0,0xf9,0xef,0xff,0xf7,0xfc,0xf6,0xff,0xbf,0xe5,0xbc,0xff,
    0x77,0xc5,0x75,0xff,0x1f,0x9d,0x1f,0xff,0x00,0x8d,0x00,0xff,0x0c,0x98,0x05,0xff,
    0x18,0xa0,0x0d,0xff,0x18,0xa2,0x0c,0xff,0x11,0x9d,0x08,0xff,0x00,0x8c,0x00,0xff,
    0x0e,0x91,0x0e,0xff,0x59,0xb7,0x56,0xff,0xa2,0xda,0x9d,0xff,0xdf,0xf3,0xdd,0xff,
    0xff,0xff,0xff,0xff,0xff,0xff,0xff,0xff,0xe9,0xf6,0xe9,0xff,0x82,0xcc,0x7d,0xff,
    0x26,0xa5,0x1f,0xff,0x07,0x92,0x04,0xff,0x00,0x8b,0x00,0xff,0x09,0x94,0x04,0xff,
    0x17,0xa0,0x0d,0xff,0x1b,0xa3,0x10,0xff,0x1a,0xa2,0x0f,0xff,0x11,0x9e,0x08,0xff,
    0x07,0x98,0x00,0xff,0x02,0x93,0x00,0xff,0x00,0x8f,0x00,0xff,0x00,0x91,0x00,0xff,
    0x03,0x97,0x00,0xff,0x0c,0x9c,0x05,0xff,0x16,0x9f,0x0d,0xff,0x19,0xa0,0x0f,0xff,
    0x17,0x9f,0x0d,0xff,0x17,0x9f,0x0d,0xff,0x17,0xa0,0x0e,0xff,0x0e,0x9b,0x08,0xff,
    0x00,0x94,0x00,0xff,0x08,0x97,0x06,0xff,0x26,0xa5,0x1f,0xff,0x6e,0xc3,0x67,0xff,
    0xdb,0xf0,0xda,0xff,0xff,0xff,0xff,0xff,0xfd,0xfe,0xfd,0xff,0xbb,0xe2,0xb8,0xff,
    0x42,0xb2,0x3a,0xff,0x00,0x96,0x00,0xff,0x03,0x98,0x00,0xff,0x0c,0x9b,0x03,0xff,
    0x13,0x9e,0x0a,0xff,0x17,0x9f,0x0e,0xff,0x16,0x9f,0x0d,0xff,0x16,0x9f,0x0d,0xff,
    0x16,0x9f,0x0d,0xff,0x16,0x9f,0x0d,0xff,0x16,0x9f,0x0d,0xff,0x16,0x9f,0x0d,0xff,
    0x16,0xa2,0x0d,0xff,0x16,0x9e,0x0d,0xfe,0x16,0x9e,0x0c,0xdb,0x15,0x9f,0x0c,0xbb,
    0x16,0xa0,0x0d,0xff,0x16,0xa0,0x0d,0xff,0x16,0xa0,0x0d,0xff,0x16,0x9f,0x0d,0xff,
    0x16,0x9f,0x0d,0xff,0x16,0x9f,0x0d,0xff,0x16,0x9f,0x0d,0xff,0x16,0x9f,0x0d,0xff,
    0x16,0x9f,0x0d,0xff,0x16,0x9f,0x0d,0xff,0x17,0xa0,0x0e,0xff,0x17,0xa0,0x0e,0xff,
    0x0b,0x98,0x05,0xff,0x00,0x8d,0x00,0xff,0x19,0x9a,0x18,0xff,0x57,0xb8,0x52,0xff,
    0x9f,0xd8,0x9b,0xff,0xee,0xf8,0xed,0xff,0xfa,0xfd,0xf9,0xff,0xc7,0xe8,0xc4,0xff,
    0x7f,0xc9,0x7d,0xff,0x20,0x9f,0x21,0xff,0x00,0x8e,0x00,0xff,0x0b,0x98,0x03,0xff,
    0x18,0xa0,0x0d,0xff,0x1a,0xa2,0x0e,0xff,0x14,0x9e,0x0b,0xff,0x04,0x92,0x00,0xff,
    0x06,0x91,0x04,0xff,0x21,0xa0,0x1e,0xff,0x57,0xba,0x54,0xff,0xb7,0xe2,0xb4,0xff,
    0xfc,0xff,0xfb,0xff,0xff,0xff,0xff,0xff,0xff,0xff,0xff,0xff,0xc6,0xe8,0xc2,0xff,
    0x81,0xcc,0x7c,0xff,0x3b,0xaa,0x38,0xff,0x05,0x90,0x05,0xff,0x00,0x8d,0x00,0xff,
    0x05,0x91,0x00,0xff,0x08,0x93,0x02,0xff,0x0b,0x96,0x06,0xff,0x0a,0x98,0x03,0xff,
    0x0b,0x9a,0x04,0xff,0x1b,0x9f,0x16,0xff,0x2b,0xa4,0x29,0xff,0x1f,0xa0,0x1b,0xff,
    0x06,0x99,0x00,0xff,0x01,0x95,0x00,0xff,0x03,0x92,0x00,0xff,0x09,0x95,0x03,0xff,
    0x11,0x9c,0x08,0xff,0x17,0x9f,0x0c,0xff,0x19,0xa1,0x0f,0xff,0x10,0x9b,0x09,0xff,
    0x00,0x92,0x00,0xff,0x09,0x96,0x08,0xff,0x2b,0xa6,0x24,0xff,0x73,0xc5,0x6c,0xff,
    0xdd,0xf1,0xdb,0xff,0xff,0xff,0xff,0xff,0xf7,0xfb,0xf7,0xff,0xb4,0xdf,0xb1,0xff,
    0x3c,0xaf,0x37,0xff,0x00,0x95,0x00,0xff,0x03,0x98,0x00,0xff,0x0e,0x9c,0x05,0xff,
    0x14,0x9e,0x0a,0xff,0x17,0x9f,0x0e,0xff,0x16,0x9f,0x0d,0xff,0x16,0x9f,0x0d,0xff,
    0x16,0x9f,0x0d,0xff,0x16,0x9f,0x0d,0xff,0x16,0x9f,0x0d,0xff,0x16,0x9f,0x0d,0xff,
    0x16,0xa2,0x0d,0xff,0x16,0x9d,0x0d,0xfe,0x16,0x9f,0x0c,0xd9,0x16,0xa0,0x0c,0xb8,
    0x16,0xa0,0x0d,0xff,0x16,0xa0,0x0d,0xff,0x16,0xa0,0x0d,0xff,0x16,0x9f,0x0d,0xff,
    0x16,0x9f,0x0d,0xff,0x16,0x9f,0x0d,0xff,0x16,0x9f,0x0d,0xff,0x16,0x9f,0x0d,0xff,
    0x16,0x9f,0x0d,0xff,0x16,0x9f,0x0d,0xff,0x17,0xa0,0x0e,0xff,0x17,0xa0,0x0e,0xff,
    0x0b,0x98,0x05,0xff,0x00,0x8e,0x00,0xff,0x16,0x99,0x15,0xff,0x4e,0xb4,0x49,0xff,
    0x97,0xd4,0x92,0xff,0xeb,0xf7,0xea,0xff,0xff,0xff,0xfe,0xff,0xd5,0xed,0xd2,0xff,
    0x8d,0xcf,0x8b,0xff,0x24,0xa3,0x25,0xff,0x00,0x90,0x00,0xff,0x0a,0x99,0x01,0xff,
    0x16,0x9f,0x0b,0xff,0x18,0xa0,0x0e,0xff,0x16,0x9f,0x0d,0xff,0x10,0x9c,0x08,0xff,
    0x07,0x97,0x02,0xff,0x00,0x90,0x00,0xff,0x15,0x9c,0x14,0xff,0x85,0xcc,0x82,0xff,
    0xdf,0xf2,0xdc,0xff,0xfb,0xfe,0xfa,0xff,0xff,0xff,0xff,0xff,0xff,0xff,0xfe,0xff,
    0xde,0xf1,0xdc,0xff,0x80,0xc9,0x7d,0xff,0x25,0xa1,0x23,0xff,0x07,0x90,0x06,0xff,
    0x00,0x87,0x00,0xff,0x00,0x86,0x00,0xff,0x00,0x8b,0x00,0xff,0x0d,0x96,0x09,0xff,
    0x21,0xa4,0x1a,0xff,0x49,0xb4,0x41,0xff,0x6b,0xc2,0x65,0xff,0x54,0xb9,0x4d,0xff,
    0x22,0xa5,0x1a,0xff,0x0b,0x96,0x06,0xff,0x00,0x8c,0x00,0xff,0x01,0x8f,0x00,0xff,
    0x0d,0x9a,0x06,0xff,0x15,0x9f,0x0b,0xff,0x1a,0xa2,0x0f,0xff,0x10,0x9b,0x09,0xff,
    0x00,0x90,0x00,0xff,0x0c,0x96,0x0b,0xff,0x34,0xaa,0x2e,0xff,0x7c,0xc9,0x76,0xff,
    0xe1,0xf3,0xdf,0xff,0xff,0xff,0xff,0xff,0xed,0xf6,0xec,0xff,0xa8,0xd9,0xa6,0xff,
    0x34,0xab,0x32,0xff,0x00,0x93,0x00,0xff,0x04,0x98,0x00,0xff,0x11,0x9e,0x08,0xff,
    0x15,0x9f,0x0b,0xff,0x16,0x9f,0x0d,0xff,0x16,0x9f,0x0d,0xff,0x16,0x9f,0x0d,0xff,
    0x16,0x9f,0x0d,0xff,0x16,0x9f,0x0d,0xff,0x16,0x9f,0x0d,0xff,0x16,0x9f,0x0d,0xff,
    0x16,0xa2,0x0d,0xff,0x16,0x9d,0x0d,0xfe,0x16,0xa0,0x0d,0xd5,0x17,0xa2,0x0c,0xb1,
    0x17,0xa0,0x0e,0xff,0x17,0xa0,0x0e,0xff,0x17,0xa0,0x0e,0xff,0x16,0x9f,0x0d,0xff,
    0x16,0x9f,0x0d,0xff,0x16,0x9f,0x0d,0xff,0x16,0x9f,0x0d,0xff,0x16,0x9f,0x0d,0xff,
    0x16,0x9f,0x0d,0xff,0x16,0x9f,0x0d,0xff,0x17,0xa0,0x0e,0xff,0x17,0xa0,0x0e,0xff,
    0x0c,0x99,0x06,0xff,0x00,0x90,0x00,0xff,0x11,0x98,0x0f,0xff,0x3e,0xaf,0x39,0xff,
    0x89,0xce,0x83,0xff,0xe7,0xf6,0xe6,0xff,0xff,0xff,0xff,0xff,0xed,0xf6,0xeb,0xff,
    0xa5,0xd9,0xa3,0xff,0x2f,0xa9,0x2c,0xff,0x00,0x92,0x00,0xff,0x06,0x99,0x00,0xff,
    0x11,0x9d,0x07,0xff,0x15,0x9f,0x0c,0xff,0x17,0xa0,0x0e,0xff,0x16,0xa0,0x0d,0xff,
    0x0d,0x9b,0x06,0xff,0x00,0x8f,0x00,0xff,0x00,0x92,0x00,0xff,0x3c,0xac,0x39,0xff,
    0x81,0xcb,0x7d,0xff,0xc7,0xe8,0xc4,0xff,0xf7,0xfc,0xf5,0xff,0xff,0xff,0xff,0xff,
    0xff,0xff,0xff,0xff,0xcc,0xea,0xca,0xff,0x8d,0xce,0x8b,0xff,0x5a,0xb6,0x59,0xff,
    0x2f,0xa0,0x2f,0xff,0x0e,0x90,0x0e,0xff,0x03,0x8d,0x03,0xff,0x2d,0xa3,0x2b,0xff,
    0x68,0xc1,0x64,0xff,0x98,0xd5,0x93,0xff,0xb8,0xe2,0xb4,0xff,0xac,0xde,0xa7,0xff,
    0x85,0xcd,0x7f,0xff,0x61,0xba,0x5e,0xff,0x3c,0xa8,0x3b,0xff,0x22,0x9f,0x21,0xff,
    0x13,0x9c,0x0d,0xff,0x10,0x9d,0x08,0xff,0x16,0xa0,0x0c,0xff,0x0c,0x9a,0x06,0xff,
    0x00,0x8e,0x00,0xff,0x11,0x96,0x10,0xff,0x44,0xb0,0x3f,0xff,0x8c,0xcf,0x87,0xff,
    0xe6,0xf5,0xe4,0xff,0xff,0xff,0xff,0xff,0xdd,0xf1,0xdc,0xff,0x97,0xd3,0x95,0xff,
    0x2d,0xa6,0x2c,0xff,0x00,0x90,0x00,0xff,0x06,0x98,0x00,0xff,0x14,0x9f,0x0b,0xff,
    0x16,0xa0,0x0c,0xff,0x16,0x9f,0x0d,0xff,0x16,0x9f,0x0d,0xff,0x16,0x9f,0x0d,0xff,
    0x16,0x9f,0x0d,0xff,0x16,0x9f,0x0d,0xff,0x16,0x9f,0x0d,0xff,0x16,0x9f,0x0d,0xff,
    0x16,0xa3,0x0d,0xff,0x16,0x9e,0x0d,0xfe,0x15,0x9f,0x0d,0xd1,0x15,0xa0,0x0c,0xa8,
    0x17,0xa0,0x0e,0xff,0x17,0xa0,0x0e,0xff,0x17,0xa0,0x0e,0xff,0x16,0x9f,0x0d,0xff,
    0x16,0x9f,0x0d,0xff,0x16,0x9f,0x0d,0xff,0x16,0x9f,0x0d,0xff,0x16,0x9f,0x0d,0xff,
    0x16,0x9f,0x0d,0xff,0x16,0x9f,0x0d,0xff,0x17,0x9f,0x0e,0xff,0x17,0xa0,0x0e,0xff,
    0x0d,0x9b,0x07,0xff,0x00,0x94,0x00,0xff,0x0b,0x98,0x09,0xff,0x2c,0xa8,0x25,0xff,
    0x77,0xc7,0x70,0xff,0xe1,0xf3,0xe0,0xff,0xff,0xff,0xff,0xff,0xff,0xff,0xff,0xff,
    0xbf,0xe3,0xbc,0xff,0x3f,0xb1,0x38,0xff,0x00,0x96,0x00,0xff,0x03,0x98,0x00,0xff,
    0x0b,0x9a,0x02,0xff,0x12,0x9d,0x09,0xff,0x17,0xa0,0x0e,0xff,0x1a,0xa2,0x10,0xff,
    0x16,0x9f,0x0d,0xff,0x06,0x97,0x03,0xff,0x00,0x92,0x00,0xff,0x00,0x91,0x00,0xff,
    0x1f,0xa0,0x1b,0xff,0x83,0xcc,0x7f,0xff,0xd6,0xef,0xd3,0xff,0xf4,0xfb,0xf4,0xff,
    0xff,0xff,0xff,0xff,0xff,0xff,0xff,0xff,0xf6,0xfc,0xf5,0xff,0xb9,0xe2,0xb8,0xff,
    0x75,0xc4,0x73,0xff,0x3b,0xa8,0x39,0xff,0x20,0x9b,0x1f,0xff,0x5f,0xb9,0x5e,0xff,
    0xb7,0xe2,0xb5,0xff,0xe3,0xf4,0xe2,0xff,0xf9,0xfd,0xf9,0xff,0xfd,0xfe,0xfb,0xff,
    0xea,0xf7,0xe9,0xff,0xc3,0xe5,0xc2,0xff,0x8c,0xce,0x8a,0xff,0x54,0xb7,0x51,0xff,
    0x20,0xa1,0x1b,0xff,0x0c,0x9a,0x05,0xff,0x10,0x9d,0x08,0xff,0x07,0x97,0x01,0xff,
    0x00,0x8c,0x00,0xff,0x17,0x98,0x17,0xff,0x5a,0xb9,0x56,0xff,0xa1,0xd8,0x9d,0xff,
    0xed,0xf8,0xec,0xff,0xfb,0xfd,0xfb,0xff,0xca,0xea,0xc8,0xff,0x83,0xcb,0x80,0xff,
    0x26,0xa0,0x26,0xff,0x00,0x8d,0x00,0xff,0x09,0x98,0x03,0xff,0x16,0xa0,0x0d,0xff,
    0x17,0xa0,0x0d,0xff,0x16,0x9f,0x0d,0xff,0x16,0x9f,0x0d,0xff,0x16,0x9f,0x0d,0xff,
    0x16,0x9f,0x0d,0xff,0x16,0x9f,0x0d,0xff,0x16,0x9f,0x0d,0xff,0x16,0x9f,0x0d,0xff,
    0x17,0xa4,0x0d,0xff,0x17,0xa0,0x0d,0xfd,0x15,0x9e,0x0c,0xcb,0x13,0x9e,0x0b,0x9c,
    0x17,0xa1,0x0e,0xff,0x17,0xa1,0x0e,0xff,0x17,0xa1,0x0e,0xff,0x16,0x9f,0x0d,0xff,
    0x16,0x9f,0x0d,0xff,0x16,0x9f,0x0d,0xff,0x16,0x9f,0x0d,0xff,0x16,0x9f,0x0d,0xff,
    0x16,0x9f,0x0d,0xff,0x16,0x9f,0x0d,0xff,0x17,0x9f,0x0e,0xff,0x17,0xa0,0x0e,0xff,
    0x0f,0x9c,0x08,0xff,0x03,0x97,0x00,0xff,0x05,0x98,0x01,0xff,0x16,0x9f,0x0e,0xff,
    0x61,0xbe,0x5a,0xff,0xd9,0xef,0xd8,0xff,0xff,0xff,0xff,0xff,0xff,0xff,0xff,0xff,
    0xcf,0xea,0xcc,0xff,0x54,0xba,0x4d,0xff,0x0f,0x9c,0x06,0xff,0x04,0x95,0x00,0xff,
    0x05,0x95,0x00,0xff,0x11,0x9c,0x09,0xff,0x18,0xa1,0x0f,0xff,0x19,0xa2,0x10,0xff,
    0x18,0xa0,0x0e,0xff,0x11,0x9c,0x0a,0xff,0x08,0x97,0x04,0xff,0x00,0x8e,0x00,0xff,
    0x00,0x91,0x00,0xff,0x38,0xab,0x36,0xff,0x7a,0xc8,0x77,0xff,0xbc,0xe3,0xba,0xff,
    0xf1,0xf9,0xf0,0xff,0xff,0xff,0xff,0xff,0xff,0xff,0xff,0xff,0xec,0xf8,0xec,0xff,
    0xbd,0xe4,0xbb,0xff,0x96,0xd1,0x95,0xff,0x84,0xc8,0x84,0xff,0xac,0xda,0xac,0xff,
    0xe3,0xf4,0xe3,0xff,0xfc,0xfe,0xfc,0xff,0xff,0xff,0xff,0xff,0xff,0xff,0xff,0xff,
    0xff,0xff,0xff,0xff,0xf2,0xfa,0xf2,0xff,0xd2,0xec,0xd1,0xff,0x8d,0xd0,0x89,0xff,
    0x37,0xac,0x30,0xff,0x10,0x9c,0x09,0xff,0x0a,0x9a,0x06,0xff,0x00,0x93,0x00,0xff,
    0x00,0x8a,0x00,0xff,0x1f,0x9c,0x1f,0xff,0x7a,0xc6,0x77,0xff,0xc0,0xe5,0xbd,0xff,
    0xf7,0xfc,0xf6,0xff,0xf3,0xfa,0xf3,0xff,0xb5,0xe1,0xb1,0xff,0x6d,0xc1,0x69,0xff,
    0x1e,0x9b,0x1e,0xff,0x00,0x8c,0x00,0xff,0x0a,0x98,0x05,0xff,0x17,0xa0,0x0e,0xff,
    0x17,0xa0,0x0e,0xff,0x16,0x9f,0x0d,0xff,0x16,0x9f,0x0d,0xff,0x16,0x9f,0x0d,0xff,
    0x16,0x9f,0x0d,0xff,0x16,0x9f,0x0d,0xff,0x16,0x9f,0x0d,0xff,0x16,0x9f,0x0d,0xff,
    0x17,0xa5,0x0d,0xff,0x18,0xa1,0x0d,0xfd,0x14,0x9f,0x0d,0xc3,0x11,0x9b,0x0a,0x8f,
    0x16,0xa1,0x0d,0xff,0x16,0xa1,0x0d,0xff,0x16,0xa0,0x0d,0xff,0x16,0x9f,0x0d,0xff,
    0x16,0x9f,0x0d,0xff,0x16,0x9f,0x0d,0xff,0x16,0x9f,0x0d,0xff,0x16,0x9f,0x0d,0xff,
    0x16,0x9f,0x0d,0xff,0x16,0x9f,0x0d,0xff,0x17,0x9f,0x0d,0xff,0x17,0x9f,0x0e,0xff,
    0x12,0x9e,0x09,0xff,0x09,0x9b,0x02,0xff,0x01,0x98,0x00,0xff,0x01,0x97,0x00,0xff,
    0x4a,0xb5,0x44,0xff,0xcb,0xe9,0xc9,0xff,0xff,0xff,0xff,0xff,0xff,0xff,0xff,0xff,
    0xdb,0xf0,0xd9,0xff,0x71,0xc5,0x69,0xff,0x2a,0xa5,0x22,0xff,0x09,0x93,0x07,0xff,
    0x00,0x8f,0x00,0xff,0x0f,0x9a,0x09,0xff,0x19,0xa1,0x10,0xff,0x17,0xa0,0x0e,0xff,
    0x17,0x9f,0x0d,0xff,0x1a,0xa1,0x0f,0xff,0x17,0x9f,0x0d,0xff,0x08,0x96,0x05,0xff,
    0x00,0x90,0x00,0xff,0x00,0x8e,0x00,0xff,0x14,0x9c,0x13,0xff,0x71,0xc3,0x6f,0xff,
    0xc8,0xe8,0xc7,0xff,0xf1,0xf9,0xf1,0xff,0xff,0xff,0xff,0xff,0xff,0xff,0xff,0xff,
    0xfa,0xfd,0xfa,0xff,0xf6,0xfb,0xf6,0xff,0xf5,0xfa,0xf5,0xff,0xf8,0xfc,0xf8,0xff,
    0xfc,0xfe,0xfc,0xff,0xfe,0xff,0xfe,0xff,0xff,0xfe,0xff,0xff,0xff,0xfe,0xff,0xff,
    0xff,0xff,0xff,0xff,0xff,0xff,0xff,0xff,0xff,0xff,0xff,0xff,0xbc,0xe3,0xb9,0xff,
    0x4b,0xb6,0x43,0xff,0x14,0x9d,0x0d,0xff,0x05,0x96,0x03,0xff,0x00,0x8e,0x00,0xff,
    0x00,0x8a,0x00,0xff,0x2b,0xa3,0x2b,0xff,0x9e,0xd6,0x9c,0xff,0xe2,0xf3,0xe0,0xff,
    0xff,0xff,0xff,0xff,0xea,0xf7,0xea,0xff,0x9c,0xd7,0x97,0xff,0x54,0xb7,0x4e,0xff,
    0x16,0x97,0x16,0xff,0x00,0x8c,0x00,0xff,0x0c,0x98,0x06,0xff,0x17,0xa0,0x0e,0xff,
    0x17,0xa0,0x0e,0xff,0x16,0x9f,0x0d,0xff,0x16,0x9f,0x0d,0xff,0x16,0x9f,0x0d,0xff,
    0x16,0x9f,0x0d,0xff,0x16,0x9f,0x0d,0xff,0x16,0x9f,0x0d,0xff,0x16,0x9f,0x0d,0xff,
    0x18,0xa6,0x0e,0xff,0x18,0xa1,0x0d,0xfd,0x14,0x9e,0x0c,0xbb,0x10,0x9a,0x0a,0x7f,
    0x15,0x9f,0x0c,0xf6,0x15,0x9f,0x0c,0xf6,0x15,0xa0,0x0d,0xfa,0x16,0x9f,0x0d,0xff,
    0x16,0x9f,0x0d,0xff,0x16,0x9f,0x0d,0xff,0x16,0x9f,0x0d,0xff,0x16,0x9f,0x0d,0xff,
    0x16,0x9f,0x0d,0xff,0x16,0x9f,0x0d,0xff,0x17,0x9f,0x0d,0xff,0x17,0x9f,0x0e,0xff,
    0x14,0x9f,0x0b,0xff,0x10,0x9d,0x07,0xff,0x04,0x98,0x00,0xff,0x00,0x91,0x00,0xff,
    0x37,0xaa,0x33,0xff,0xac,0xdb,0xa9,0xff,0xef,0xf8,0xef,0xff,0xff,0xff,0xff,0xff,
    0xe9,0xf6,0xe8,0xff,0x9a,0xd5,0x94,0xff,0x52,0xb5,0x4d,0xff,0x12,0x97,0x12,0xff,
    0x00,0x8c,0x00,0xff,0x0c,0x99,0x06,0xff,0x18,0xa1,0x0f,0xff,0x17,0xa0,0x0d,0xff,
    0x17,0x9f,0x0d,0xff,0x1a,0xa1,0x0f,0xff,0x19,0xa1,0x0f,0xff,0x11,0x9b,0x0b,0xff,
    0x07,0x95,0x03,0xff,0x00,0x8d,0x00,0xff,0x00,0x90,0x00,0xff,0x31,0xa8,0x30,0xff,
    0x72,0xc3,0x72,0xff,0xa6,0xda,0xa5,0xff,0xd4,0xec,0xd3,0xff,0xf3,0xfa,0xf2,0xff,
    0xff,0xff,0xff,0xff,0xff,0xff,0xff,0xff,0xff,0xff,0xff,0xff,0xff,0xff,0xff,0xff,
    0xff,0xff,0xff,0xff,0xff,0xff,0xff,0xff,0xff,0xff,0xff,0xff,0xff,0xff,0xff,0xff,
    0xff,0xff,0xff,0xff,0xff,0xff,0xff,0xff,0xff,0xff,0xff,0xff,0xb1,0xdf,0xaf,0xff,
    0x3e,0xb0,0x37,0xff,0x09,0x97,0x04,0xff,0x01,0x90,0x00,0xff,0x00,0x8d,0x00,0xff,
    0x00,0x91,0x00,0xff,0x41,0xaf,0x3e,0xff,0xbd,0xe3,0xbb,0xff,0xfe,0xff,0xfe,0xff,
    0xff,0xff,0xff,0xff,0xe5,0xf4,0xe4,0xff,0x7e,0xcb,0x78,0xff,0x33,0xab,0x2b,0xff,
    0x0d,0x97,0x0a,0xff,0x00,0x90,0x00,0xff,0x0d,0x99,0x07,0xff,0x17,0xa0,0x0e,0xff,
    0x17,0xa0,0x0e,0xff,0x16,0x9f,0x0d,0xff,0x16,0x9f,0x0d,0xff,0x16,0x9f,0x0d,0xff,
    0x16,0x9f,0x0d,0xff,0x16,0x9f,0x0d,0xff,0x16,0x9f,0x0d,0xff,0x16,0x9f,0x0d,0xff,
    0x18,0xa7,0x0e,0xff,0x18,0xa1,0x0d,0xfd,0x15,0x9f,0x0d,0xb0,0x10,0x9a,0x09,0x6b,
    0x14,0xa0,0x0c,0xe2,0x14,0x9f,0x0c,0xe4,0x15,0x9f,0x0c,0xf0,0x17,0x9f,0x0d,0xfe,
    0x17,0xa0,0x0d,0xff,0x16,0x9f,0x0d,0xff,0x16,0x9f,0x0d,0xff,0x16,0x9f,0x0d,0xff,
    0x16,0x9f,0x0d,0xff,0x16,0x9f,0x0d,0xff,0x16,0x9f,0x0d,0xff,0x16,0x9f,0x0d,0xff,
    0x17,0xa0,0x0d,0xff,0x16,0xa0,0x0c,0xff,0x09,0x98,0x02,0xff,0x00,0x8c,0x00,0xff,
    0x25,0x9f,0x25,0xff,0x80,0xc8,0x7e,0xff,0xc6,0xe7,0xc4,0xff,0xf7,0xfc,0xf7,0xff,
    0xf8,0xfc,0xf8,0xff,0xc9,0xe8,0xc7,0xff,0x84,0xca,0x82,0xff,0x21,0xa0,0x22,0xff,
    0x00,0x8e,0x00,0xff,0x08,0x98,0x01,0xff,0x15,0xa0,0x0c,0xff,0x16,0x9f,0x0c,0xff,
    0x16,0x9f,0x0d,0xff,0x16,0x9f,0x0d,0xff,0x17,0x9f,0x0d,0xff,0x19,0xa1,0x0f,0xff,
    0x17,0x9f,0x0d,0xff,0x08,0x99,0x04,0xff,0x00,0x93,0x00,0xff,0x00,0x92,0x00,0xff,
    0x0e,0x99,0x0e,0xff,0x46,0xb1,0x45,0xff,0x89,0xcd,0x87,0xff,0xc1,0xe5,0xc0,0xff,
    0xed,0xf7,0xed,0xff,0xff,0xff,0xff,0xff,0xff,0xff,0xff,0xff,0xff,0xff,0xff,0xff,
    0xff,0xff,0xff,0xff,0xff,0xff,0xff,0xff,0xff,0xff,0xff,0xff,0xff,0xff,0xff,0xff,
    0xff,0xff,0xff,0xff,0xf6,0xfb,0xf5,0xff,0xd2,0xed,0xd1,0xff,0x84,0xcc,0x81,0xff,
    0x21,0xa3,0x1d,0xff,0x00,0x8e,0x00,0xff,0x00,0x8b,0x00,0xff,0x05,0x90,0x03,0xff,
    0x1b,0x9f,0x13,0xff,0x64,0xc0,0x5d,0xff,0xd9,0xf0,0xd8,0xff,0xff,0xff,0xff,0xff,
    0xff,0xff,0xff,0xff,0xdb,0xef,0xd9,0xff,0x5d,0xbd,0x57,0xff,0x10,0x9e,0x08,0xff,
    0x05,0x98,0x00,0xff,0x05,0x97,0x00,0xff,0x10,0x9c,0x08,0xff,0x17,0x9f,0x0e,0xff,
    0x17,0x9f,0x0e,0xff,0x16,0x9f,0x0d,0xff,0x16,0x9f,0x0d,0xff,0x16,0x9f,0x0d,0xff,
    0x16,0x9f,0x0d,0xff,0x16,0x9f,0x0d,0xff,0x16,0x9f,0x0d,0xff,0x16,0x9f,0x0d,0xff,
    0x18,0xa8,0x0e,0xff,0x17,0xa0,0x0e,0xfc,0x15,0x9f,0x0c,0xa3,0x12,0x99,0x09,0x53,
    0x14,0x9e,0x0c,0xc8,0x15,0x9e,0x0c,0xcb,0x15,0x9f,0x0c,0xe3,0x17,0x9f,0x0d,0xfe,
    0x17,0xa1,0x0d,0xff,0x16,0x9f,0x0d,0xff,0x16,0x9f,0x0d,0xff,0x16,0x9f,0x0d,0xff,
    0x16,0x9f,0x0d,0xff,0x16,0x9f,0x0d,0xff,0x16,0x9f,0x0d,0xff,0x16,0x9f,0x0d,0xff,
    0x17,0xa0,0x0e,0xff,0x18,0xa0,0x0e,0xff,0x0d,0x99,0x06,0xff,0x00,0x8e,0x00,0xff,
    0x15,0x98,0x14,0xff,0x4e,0xb5,0x4a,0xff,0x96,0xd3,0x92,0xff,0xe6,0xf5,0xe5,0xff,
    0xff,0xff,0xff,0xff,0xef,0xf7,0xee,0xff,0xb2,0xde,0xb1,0xff,0x44,0xb1,0x42,0xff,
    0x09,0x98,0x06,0xff,0x08,0x98,0x03,0xff,0x0c,0x9b,0x06,0xff,0x13,0x9d,0x0a,0xff,
    0x16,0x9f,0x0e,0xff,0x16,0x9f,0x0d,0xff,0x17,0x9f,0x0d,0xff,0x1a,0xa1,0x0f,0xff,
    0x1a,0xa1,0x0f,0xff,0x12,0x9e,0x0b,0xff,0x08,0x99,0x04,0xff,0x00,0x92,0x00,0xff,
    0x00,0x90,0x00,0xff,0x18,0x9c,0x16,0xff,0x44,0xad,0x43,0xff,0x6e,0xc1,0x6d,0xff,
    0x96,0xd3,0x94,0xff,0xb2,0xe0,0xb0,0xff,0xc9,0xe9,0xc7,0xff,0xd9,0xf0,0xd8,0xff,
    0xe4,0xf4,0xe2,0xff,0xea,0xf6,0xe9,0xff,0xeb,0xf7,0xe9,0xff,0xe7,0xf5,0xe6,0xff,
    0xda,0xf0,0xd8,0xff,0xb7,0xe1,0xb4,0xff,0x84,0xcc,0x80,0xff,0x4a,0xb4,0x46,0xff,
    0x10,0x9b,0x0d,0xff,0x00,0x8b,0x00,0xff,0x00,0x87,0x00,0xff,0x14,0x97,0x12,0xff,
    0x54,0xb8,0x4d,0xff,0x9d,0xd8,0x97,0xff,0xef,0xf9,0xef,0xff,0xff,0xff,0xff,0xff,
    0xf9,0xfc,0xf8,0xff,0xb6,0xdf,0xb3,0xff,0x3f,0xad,0x3c,0xff,0x00,0x93,0x00,0xff,
    0x05,0x98,0x00,0xff,0x0d,0x9c,0x05,0xff,0x13,0x9e,0x0a,0xff,0x17,0x9f,0x0e,0xff,
    0x17,0x9f,0x0e,0xff,0x16,0x9f,0x0d,0xff,0x16,0x9f,0x0d,0xff,0x16,0x9f,0x0d,0xff,
    0x16,0x9f,0x0d,0xff,0x16,0x9f,0x0d,0xff,0x16,0x9f,0x0d,0xff,0x16,0x9f,0x0d,0xff,
    0x18,0xa9,0x0e,0xff,0x16,0x9f,0x0d,0xfe,0x16,0x9e,0x0c,0x94,0x13,0x9c,0x09,0x34,
    0x15,0x9c,0x0c,0xa6,0x16,0x9e,0x0b,0xab,0x15,0x9f,0x0c,0xd2,0x17,0xa0,0x0e,0xfd,
    0x17,0xa4,0x0e,0xff,0x16,0x9f,0x0d,0xff,0x16,0x9f,0x0d,0xff,0x16,0x9f,0x0d,0xff,
    0x16,0x9f,0x0d,0xff,0x16,0x9f,0x0d,0xff,0x16,0x9f,0x0d,0xff,0x16,0x9f,0x0d,0xff,
    0x17,0x9f,0x0e,0xff,0x18,0xa0,0x0f,0xff,0x10,0x9b,0x09,0xff,0x02,0x93,0x00,0xff,
    0x07,0x95,0x04,0xff,0x1c,0xa1,0x17,0xff,0x65,0xbf,0x60,0xff,0xd6,0xed,0xd3,0xff,
    0xff,0xff,0xff,0xff,0xff,0xff,0xff,0xff,0xda,0xf0,0xd9,0xff,0x6c,0xc4,0x67,0xff,
    0x25,0xa6,0x20,0xff,0x09,0x99,0x08,0xff,0x01,0x95,0x00,0xff,0x0e,0x9a,0x08,0xff,
    0x17,0xa0,0x0e,0xff,0x17,0x9f,0x0e,0xff,0x16,0x9f,0x0d,0xff,0x16,0x9f,0x0d,0xff,
    0x16,0x9f,0x0d,0xff,0x18,0xa1,0x0e,0xff,0x16,0xa0,0x0d,0xff,0x0f,0x9c,0x06,0xff,
    0x08,0x98,0x00,0xff,0x05,0x93,0x02,0xff,0x08,0x91,0x09,0xff,0x12,0x98,0x10,0xff,
    0x25,0xa4,0x1f,0xff,0x49,0xb4,0x43,0xff,0x71,0xc5,0x6c,0xff,0x94,0xd3,0x90,0xff,
    0xb0,0xde,0xad,0xff,0xbe,0xe4,0xbb,0xff,0xc0,0xe6,0xbd,0xff,0xb3,0xe0,0xaf,0xff,
    0x95,0xd3,0x90,0xff,0x63,0xbe,0x5d,0xff,0x28,0xa6,0x21,0xff,0x0c,0x99,0x07,0xff,
    0x03,0x95,0x02,0xff,0x00,0x8c,0x00,0xff,0x00,0x88,0x00,0xff,0x2c,0xa3,0x2b,0xff,
    0x9b,0xd5,0x98,0xff,0xde,0xf2,0xdc,0xff,0xff,0xff,0xff,0xff,0xf6,0xfc,0xf5,0xff,
    0xc6,0xe8,0xc2,0xff,0x81,0xc9,0x7d,0xff,0x25,0x9d,0x24,0xff,0x00,0x8c,0x00,0xff,
    0x0b,0x99,0x03,0xff,0x16,0xa0,0x0b,0xff,0x16,0xa0,0x0d,0xff,0x16,0x9f,0x0d,0xff,
    0x16,0x9f,0x0d,0xff,0x16,0x9f,0x0d,0xff,0x16,0x9f,0x0d,0xff,0x16,0x9f,0x0d,0xff,
    0x16,0x9f,0x0d,0xff,0x16,0x9f,0x0d,0xff,0x16,0x9f,0x0d,0xff,0x16,0x9f,0x0d,0xff,
    0x17,0xa9,0x0d,0xff,0x15,0x9d,0x0c,0xfc,0x15,0x9d,0x09,0x83,0x0c,0x91,0x00,0x15,
    0x15,0x9b,0x09,0x80,0x16,0x9c,0x0b,0x87,0x16,0x9e,0x0c,0xbf,0x17,0xa0,0x0e,0xfd,
    0x17,0xa5,0x0e,0xff,0x16,0x9f,0x0d,0xff,0x16,0x9f,0x0d,0xff,0x16,0x9f,0x0d,0xff,
    0x16,0x9f,0x0d,0xff,0x16,0x9f,0x0d,0xff,0x16,0x9f,0x0d,0xff,0x16,0x9f,0x0d,0xff,
    0x17,0x9f,0x0e,0xff,0x18,0xa0,0x0f,0xff,0x11,0x9c,0x0a,0xff,0x04,0x96,0x01,0xff,
    0x01,0x95,0x00,0xff,0x06,0x99,0x00,0xff,0x4f,0xb6,0x48,0xff,0xce,0xea,0xcc,0xff,
    0xff,0xff,0xff,0xff,0xff,0xff,0xff,0xff,0xe8,0xf7,0xe7,0xff,0x77,0xca,0x70,0xff,
    0x2c,0xaa,0x24,0xff,0x09,0x9a,0x08,0xff,0x00,0x94,0x00,0xff,0x0c,0x9a,0x06,0xff,
    0x17,0xa0,0x0e,0xff,0x17,0x9f,0x0e,0xff,0x16,0x9f,0x0d,0xff,0x16,0x9f,0x0d,0xff,
    0x17,0x9f,0x0d,0xff,0x19,0xa1,0x0f,0xff,0x19,0xa1,0x0f,0xff,0x16,0x9f,0x0b,0xff,
    0x0f,0x9b,0x06,0xff,0x06,0x95,0x00,0xff,0x00,0x8f,0x00,0xff,0x00,0x90,0x00,0xff,
    0x00,0x95,0x00,0xff,0x16,0x9e,0x11,0xff,0x33,0xa8,0x30,0xff,0x4e,0xb4,0x4b,0xff,
    0x64,0xbc,0x62,0xff,0x6f,0xc2,0x6d,0xff,0x71,0xc4,0x6f,0xff,0x66,0xbf,0x64,0xff,
    0x4f,0xb5,0x4c,0xff,0x2c,0xa6,0x28,0xff,0x04,0x96,0x00,0xff,0x00,0x8e,0x00,0xff,
    0x00,0x8b,0x00,0xff,0x01,0x8f,0x02,0xff,0x1a,0x9c,0x18,0xff,0x61,0xbc,0x5f,0xff,
    0xca,0xe9,0xc8,0xff,0xff,0xff,0xfe,0xff,0xff,0xff,0xff,0xff,0xdf,0xf2,0xdd,0xff,
    0x88,0xce,0x84,0xff,0x44,0xb0,0x40,0xff,0x11,0x96,0x10,0xff,0x00,0x8e,0x00,0xff,
    0x0f,0x9a,0x07,0xff,0x19,0xa1,0x0e,0xff,0x18,0xa0,0x0e,0xff,0x16,0x9f,0x0d,0xff,
    0x16,0x9f,0x0d,0xff,0x16,0x9f,0x0d,0xff,0x16,0x9f,0x0d,0xff,0x16,0x9f,0x0d,0xff,
    0x16,0x9f,0x0d,0xff,0x16,0x9f,0x0d,0xff,0x17,0x9f,0x0d,0xff,0x17,0x9e,0x0d,0xfe,
    0x16,0xa3,0x0d,0xff,0x14,0x9e,0x0c,0xe9,0x14,0x9f,0x0b,0x70,0x00,0x99,0x00,0x05,
    0x14,0x9b,0x08,0x57,0x15,0x9c,0x0a,0x60,0x16,0x9f,0x0c,0xaa,0x16,0x9f,0x0e,0xfc,
    0x17,0xa7,0x0e,0xff,0x16,0x9f,0x0d,0xff,0x16,0x9f,0x0d,0xff,0x16,0x9f,0x0d,0xff,
    0x16,0x9f,0x0d,0xff,0x16,0x9f,0x0d,0xff,0x16,0x9f,0x0d,0xff,0x16,0x9f,0x0d,0xff,
    0x17,0x9f,0x0e,0xff,0x17,0x9f,0x0e,0xff,0x10,0x9d,0x09,0xff,0x04,0x98,0x01,0xff,
    0x00,0x97,0x00,0xff,0x04,0x98,0x00,0xff,0x4d,0xb6,0x46,0xff,0xce,0xea,0xcd,0xff,
    0xff,0xff,0xff,0xff,0xff,0xff,0xff,0xff,0xe2,0xf4,0xe1,0xff,0x6e,0xc5,0x66,0xff,
    0x24,0xa7,0x1a,0xff,0x08,0x9a,0x05,0xff,0x00,0x96,0x00,0xff,0x0c,0x9b,0x05,0xff,
    0x15,0x9f,0x0c,0xff,0x15,0x9f,0x0c,0xff,0x15,0x9f,0x0c,0xff,0x16,0xa0,0x0d,0xff,
    0x17,0x9f,0x0e,0xff,0x17,0x9f,0x0e,0xff,0x16,0x9f,0x0d,0xff,0x17,0x9f,0x0d,0xff,
    0x16,0x9e,0x0c,0xff,0x15,0x9e,0x0c,0xff,0x13,0x9d,0x0a,0xff,0x0d,0x9b,0x03,0xff,
    0x06,0x98,0x00,0xff,0x06,0x95,0x02,0xff,0x08,0x93,0x08,0xff,0x0b,0x94,0x0c,0xff,
    0x10,0x97,0x10,0xff,0x12,0x98,0x12,0xff,0x12,0x9a,0x12,0xff,0x11,0x99,0x11,0xff,
    0x0d,0x97,0x0d,0xff,0x08,0x96,0x07,0xff,0x01,0x94,0x00,0xff,0x00,0x8c,0x00,0xff,
    0x00,0x84,0x00,0xff,0x1b,0x97,0x1a,0xff,0x63,0xbd,0x5f,0xff,0xa8,0xdc,0xa4,0xff,
    0xea,0xf7,0xe9,0xff,0xff,0xff,0xff,0xff,0xff,0xff,0xff,0xff,0xc1,0xe4,0xbe,0xff,
    0x45,0xb0,0x41,0xff,0x06,0x96,0x02,0xff,0x05,0x95,0x00,0xff,0x09,0x97,0x05,0xff,
    0x13,0x9c,0x0b,0xff,0x18,0x9f,0x0e,0xff,0x17,0x9f,0x0e,0xff,0x16,0x9f,0x0d,0xff,
    0x16,0x9f,0x0d,0xff,0x16,0x9f,0x0d,0xff,0x16,0x9f,0x0d,0xff,0x16,0x9f,0x0d,0xff,
    0x16,0x9f,0x0d,0xff,0x16,0x9f,0x0d,0xff,0x18,0xa1,0x0e,0xff,0x18,0x9e,0x0e,0xfd,
    0x16,0xa0,0x0c,0xf0,0x14,0xa1,0x0c,0xc9,0x13,0xa3,0x0b,0x5c,0x00,0x00,0x00,0x00,
    0x11,0x9c,0x05,0x2c,0x12,0x99,0x09,0x37,0x16,0x9f,0x0b,0x95,0x16,0x9f,0x0e,0xfe,
    0x17,0xa9,0x0e,0xff,0x16,0x9f,0x0d,0xff,0x16,0x9f,0x0d,0xff,0x16,0x9f,0x0d,0xff,
    0x16,0x9f,0x0d,0xff,0x16,0x9f,0x0d,0xff,0x16,0x9f,0x0d,0xff,0x16,0x9f,0x0d,0xff,
    0x17,0x9f,0x0e,0xff,0x17,0x9f,0x0e,0xff,0x0f,0x9c,0x08,0xff,0x02,0x95,0x00,0xff,
    0x05,0x97,0x01,0xff,0x16,0x9f,0x0e,0xff,0x5f,0xbd,0x59,0xff,0xd5,0xee,0xd4,0xff,
    0xff,0xff,0xff,0xff,0xff,0xff,0xff,0xff,0xcd,0xea,0xcc,0xff,0x56,0xb6,0x50,0xff,
    0x0f,0x98,0x08,0xff,0x00,0x92,0x00,0xff,0x00,0x91,0x00,0xff,0x01,0x95,0x00,0xff,
    0x07,0x97,0x01,0xff,0x07,0x97,0x01,0xff,0x09,0x98,0x03,0xff,0x0c,0x9a,0x05,0xff,
    0x10,0x9d,0x09,0xff,0x14,0x9e,0x0b,0xff,0x17,0xa0,0x0d,0xff,0x18,0xa0,0x0e,0xff,
    0x19,0xa0,0x0e,0xff,0x1a,0xa1,0x0f,0xff,0x19,0xa2,0x0e,0xff,0x14,0x9f,0x09,0xff,
    0x0c,0x9b,0x04,0xff,0x06,0x96,0x00,0xff,0x01,0x91,0x00,0xff,0x00,0x90,0x00,0xff,
    0x00,0x90,0x00,0xff,0x00,0x90,0x00,0xff,0x00,0x90,0x00,0xff,0x00,0x8d,0x00,0xff,
    0x00,0x8b,0x00,0xff,0x00,0x8b,0x00,0xff,0x00,0x8d,0x00,0xff,0x01,0x91,0x01,0xff,
    0x1b,0x97,0x19,0xff,0x57,0xb3,0x55,0xff,0xa8,0xda,0xa3,0xff,0xe1,0xf4,0xde,0xff,
    0xff,0xff,0xff,0xff,0xff,0xff,0xff,0xff,0xcc,0xea,0xca,0xff,0x81,0xca,0x7e,0xff,
    0x1c,0x9d,0x1a,0xff,0x00,0x8c,0x00,0xff,0x05,0x97,0x00,0xff,0x12,0x9d,0x0b,0xff,
    0x16,0x9e,0x0d,0xff,0x17,0x9f,0x0e,0xff,0x17,0x9f,0x0e,0xff,0x16,0x9f,0x0d,0xff,
    0x16,0x9f,0x0d,0xff,0x16,0x9f,0x0d,0xff,0x16,0x9f,0x0d,0xff,0x16,0x9f,0x0d,0xff,
    0x16,0x9f,0x0d,0xff,0x16,0x9f,0x0d,0xff,0x18,0xa3,0x0e,0xff,0x18,0x9e,0x0e,0xfc,
    0x15,0xa0,0x0d,0xd7,0x13,0xa0,0x0b,0xa0,0x12,0xa6,0x0b,0x45,0x00,0x00,0x00,0x00,
    0x00,0xbf,0x00,0x04,0x0f,0xa5,0x00,0x11,0x15,0x9f,0x09,0x80,0x16,0x9f,0x0d,0xfd,
    0x17,0xaa,0x0e,0xff,0x16,0x9f,0x0e,0xff,0x16,0x9f,0x0e,0xfe,0x16,0x9f,0x0d,0xff,
    0x16,0x9f,0x0d,0xff,0x16,0x9f,0x0d,0xff,0x16,0x9f,0x0d,0xff,0x16,0x9f,0x0d,0xff,
    0x17,0xa0,0x0e,0xff,0x18,0xa0,0x0f,0xff,0x0e,0x9a,0x07,0xff,0x00,0x8f,0x00,0xff,
    0x0e,0x97,0x0c,0xff,0x36,0xac,0x31,0xff,0x80,0xcb,0x7b,0xff,0xe2,0xf3,0xe1,0xff,
    0xff,0xff,0xff,0xff,0xef,0xf8,0xee,0xff,0xac,0xd9,0xab,0xff,0x35,0xa2,0x33,0xff,
    0x00,0x85,0x00,0xff,0x00,0x87,0x00,0xff,0x00,0x8a,0x00,0xff,0x00,0x8d,0x00,0xff,
    0x00,0x8f,0x00,0xff,0x00,0x8e,0x00,0xff,0x00,0x8f,0x00,0xff,0x00,0x94,0x00,0xff,
    0x05,0x99,0x02,0xff,0x0f,0x9d,0x08,0xff,0x17,0xa0,0x0c,0xff,0x18,0xa0,0x0e,0xff,
    0x19,0xa0,0x0e,0xff,0x19,0xa0,0x0e,0xff,0x18,0xa0,0x0e,0xff,0x17,0xa0,0x0d,0xff,
    0x15,0x9f,0x0c,0xff,0x14,0x9e,0x0b,0xff,0x13,0x9d,0x0b,0xff,0x13,0x9d,0x0b,0xff,
    0x12,0x9d,0x09,0xff,0x0f,0x9c,0x06,0xff,0x0a,0x9a,0x01,0xff,0x03,0x93,0x00,0xff,
    0x00,0x8c,0x00,0xff,0x00,0x88,0x00,0xff,0x00,0x89,0x00,0xff,0x19,0x9d,0x18,0xff,
    0x62,0xbc,0x5e,0xff,0xa7,0xd9,0xa3,0xff,0xe4,0xf4,0xe2,0xff,0xff,0xff,0xff,0xff,
    0xff,0xff,0xff,0xff,0xe2,0xf3,0xe2,0xff,0x77,0xc7,0x73,0xff,0x32,0xa8,0x2e,0xff,
    0x09,0x93,0x09,0xff,0x00,0x8e,0x00,0xff,0x0f,0x9b,0x08,0xff,0x19,0xa1,0x0f,0xff,
    0x18,0xa0,0x0e,0xff,0x16,0x9f,0x0d,0xff,0x16,0x9f,0x0d,0xff,0x16,0x9f,0x0d,0xff,
    0x16,0x9f,0x0d,0xff,0x16,0x9f,0x0d,0xff,0x16,0x9f,0x0d,0xff,0x16,0x9f,0x0d,0xff,
    0x16,0x9f,0x0d,0xff,0x16,0x9f,0x0d,0xff,0x18,0xa5,0x0e,0xff,0x16,0x9f,0x0e,0xfa,
    0x15,0x9f,0x0c,0xba,0x12,0xa0,0x09,0x71,0x10,0x9b,0x05,0x2e,0x00,0x00,0x00,0x00,
    0x00,0x00,0x00,0x00,0x00,0x00,0x00,0x00,0x16,0x9e,0x09,0x67,0x15,0x9f,0x0c,0xde,
    0x16,0xa0,0x0d,0xfd,0x16,0x9f,0x0e,0xfe,0x16,0xa0,0x0e,0xff,0x16,0x9f,0x0d,0xff,
    0x16,0x9f,0x0d,0xff,0x16,0x9f,0x0d,0xff,0x16,0x9f,0x0d,0xff,0x16,0x9f,0x0d,0xff,
    0x17,0xa0,0x0e,0xff,0x18,0xa0,0x0f,0xff,0x0c,0x98,0x06,0xff,0x00,0x8c,0x00,0xff,
    0x16,0x98,0x16,0xff,0x53,0xb7,0x4f,0xff,0x9d,0xd7,0x98,0xff,0xec,0xf8,0xec,0xff,
    0xfd,0xfe,0xfd,0xff,0xcf,0xeb,0xcc,0xff,0x88,0xca,0x86,0xff,0x23,0x9a,0x23,0xff,
    0x00,0x85,0x00,0xff,0x0d,0x91,0x0c,0xff,0x1f,0x9b,0x1e,0xff,0x28,0xa2,0x27,0xff,
    0x2b,0xa4,0x2b,0xff,0x27,0xa2,0x27,0xff,0x1d,0x9e,0x1d,0xff,0x0c,0x99,0x09,0xff,
    0x00,0x95,0x00,0xff,0x04,0x97,0x00,0xff,0x0a,0x98,0x02,0xff,0x0c,0x98,0x05,0xff,
    0x0d,0x98,0x06,0xff,0x0d,0x99,0x06,0xff,0x0d,0x99,0x07,0xff,0x0e,0x9a,0x07,0xff,
    0x0e,0x9a,0x08,0xff,0x0e,0x9a,0x08,0xff,0x0e,0x9a,0x07,0xff,0x0e,0x99,0x07,0xff,
    0x0c,0x99,0x05,0xff,0x08,0x98,0x00,0xff,0x03,0x98,0x00,0xff,0x04,0x95,0x00,0xff,
    0x0b,0x94,0x09,0xff,0x16,0x99,0x15,0xff,0x2c,0xa4,0x2b,0xff,0x60,0xbc,0x5f,0xff,
    0xa7,0xdc,0xa4,0xff,0xe0,0xf3,0xde,0xff,0xff,0xff,0xff,0xff,0xff,0xff,0xff,0xff,
    0xe9,0xf6,0xe9,0xff,0xa4,0xd8,0xa3,0xff,0x3c,0xac,0x39,0xff,0x0b,0x96,0x07,0xff,
    0x04,0x92,0x02,0xff,0x08,0x94,0x03,0xff,0x15,0x9e,0x0c,0xff,0x1a,0xa2,0x10,0xff,
    0x18,0xa0,0x0e,0xff,0x16,0x9f,0x0d,0xff,0x16,0x9f,0x0d,0xff,0x16,0x9f,0x0d,0xff,
    0x16,0x9f,0x0d,0xff,0x16,0x9f,0x0d,0xff,0x16,0x9f,0x0d,0xff,0x16,0x9f,0x0d,0xff,
    0x16,0x9f,0x0d,0xff,0x16,0x9f,0x0d,0xff,0x18,0xa8,0x0e,0xff,0x15,0xa0,0x0e,0xf9,
    0x15,0x9e,0x0b,0x9c,0x13,0x9f,0x07,0x40,0x0c,0x91,0x00,0x15,0x00,0x00,0x00,0x00,
    0x00,0x00,0x00,0x00,0x00,0x00,0x00,0x00,0x14,0x9e,0x0d,0x4a,0x15,0x9f,0x0c,0xa6,
    0x16,0x9f,0x0d,0xdb,0x17,0x9e,0x0e,0xfc,0x17,0xa3,0x0e,0xff,0x16,0x9f,0x0d,0xff,
    0x16,0x9f,0x0d,0xff,0x16,0x9f,0x0d,0xff,0x16,0x9f,0x0d,0xff,0x16,0x9f,0x0d,0xff,
    0x17,0xa0,0x0e,0xff,0x18,0xa0,0x0f,0xff,0x0b,0x97,0x05,0xff,0x00,0x8c,0x00,0xff,
    0x1f,0x9c,0x1f,0xff,0x6e,0xc2,0x6b,0xff,0xb7,0xe2,0xb4,0xff,0xf5,0xfb,0xf5,0xff,
    0xf0,0xf9,0xf0,0xff,0xaa,0xdc,0xa7,0xff,0x65,0xbd,0x63,0xff,0x22,0x9c,0x22,0xff,
    0x13,0x95,0x12,0xff,0x3f,0xac,0x3c,0xff,0x66,0xbe,0x61,0xff,0x83,0xcb,0x7f,0xff,
    0x8d,0xcf,0x8a,0xff,0x82,0xca,0x7e,0xff,0x64,0xbd,0x60,0xff,0x2d,0xa7,0x28,0xff,
    0x04,0x95,0x00,0xff,0x00,0x8f,0x00,0xff,0x00,0x8c,0x00,0xff,0x00,0x8c,0x00,0xff,
    0x00,0x8c,0x00,0xff,0x00,0x8d,0x00,0xff,0x00,0x8f,0x00,0xff,0x00,0x90,0x00,0xff,
    0x00,0x90,0x00,0xff,0x00,0x8f,0x00,0xff,0x00,0x8e,0x00,0xff,0x00,0x8c,0x00,0xff,
    0x00,0x8c,0x00,0xff,0x00,0x8d,0x00,0xff,0x00,0x90,0x00,0xff,0x05,0x97,0x03,0xff,
    0x26,0xa3,0x24,0xff,0x5b,0xb9,0x58,0xff,0x9a,0xd4,0x98,0xff,0xc8,0xe8,0xc6,0xff,
    0xea,0xf6,0xe9,0xff,0xff,0xff,0xff,0xff,0xff,0xff,0xff,0xff,0xe9,0xf6,0xe8,0xff,
    0x92,0xd2,0x90,0xff,0x4d,0xb3,0x4b,0xff,0x14,0x96,0x14,0xff,0x00,0x8e,0x00,0xff,
    0x0d,0x99,0x06,0xff,0x15,0x9e,0x0b,0xff,0x17,0xa0,0x0d,0xff,0x17,0xa0,0x0e,0xff,
    0x16,0x9f,0x0d,0xff,0x16,0x9f,0x0d,0xff,0x16,0x9f,0x0d,0xff,0x16,0x9f,0x0d,0xff,
    0x16,0x9f,0x0d,0xff,0x16,0x9f,0x0d,0xff,0x16,0x9f,0x0d,0xff,0x16,0x9f,0x0d,0xff,
    0x17,0x9f,0x0d,0xff,0x17,0x9f,0x0d,0xff,0x18,0xaa,0x0e,0xff,0x14,0xa0,0x0e,0xf6,
    0x14,0xa0,0x0e,0x7c,0x11,0x99,0x00,0x0f,0x00,0x00,0x00,0x00,0x00,0x00,0x00,0x00,
    0x00,0x00,0x00,0x00,0x00,0x00,0x00,0x00,0x12,0x9b,0x0c,0x29,0x15,0xa0,0x0c,0x69,
    0x16,0x9f,0x0c,0xb6,0x17,0x9f,0x0e,0xfd,0x17,0xa7,0x0e,0xff,0x16,0x9f,0x0d,0xff,
    0x16,0x9f,0x0d,0xff,0x16,0x9f,0x0d,0xff,0x16,0x9f,0x0d,0xff,0x16,0x9f,0x0d,0xff,
    0x16,0xa0,0x0d,0xff,0x15,0x9f,0x0c,0xff,0x08,0x97,0x01,0xff,0x00,0x8d,0x00,0xff,
    0x28,0xa2,0x27,0xff,0x8a,0xce,0x87,0xff,0xd1,0xeb,0xce,0xff,0xfb,0xfd,0xfb,0xff,
    0xf0,0xf9,0xf0,0xff,0xb1,0xdf,0xaf,0xff,0x81,0xc9,0x7f,0xff,0x60,0xb9,0x60,0xff,
    0x62,0xb9,0x61,0xff,0x89,0xcd,0x86,0xff,0xac,0xdd,0xa8,0xff,0xc7,0xe9,0xc4,0xff,
    0xd1,0xec,0xce,0xff,0xc6,0xe8,0xc3,0xff,0xa9,0xdb,0xa6,0xff,0x76,0xc6,0x71,0xff,
    0x4a,0xb2,0x45,0xff,0x31,0xa6,0x2f,0xff,0x22,0x9d,0x23,0xff,0x1b,0x99,0x1c,0xff,
    0x16,0x97,0x17,0xff,0x12,0x97,0x12,0xff,0x10,0x96,0x0f,0xff,0x0e,0x96,0x0d,0xff,
    0x0e,0x96,0x0d,0xff,0x0f,0x96,0x0f,0xff,0x12,0x96,0x12,0xff,0x16,0x97,0x16,0xff,
    0x1c,0x9a,0x1c,0xff,0x21,0x9f,0x22,0xff,0x2c,0xa7,0x2c,0xff,0x46,0xb3,0x46,0xff,
    0x6e,0xc3,0x6c,0xff,0xa4,0xd9,0xa1,0xff,0xde,0xf1,0xdd,0xff,0xfc,0xfe,0xfb,0xff,
    0xff,0xff,0xff,0xff,0xfd,0xfe,0xfc,0xff,0xe3,0xf3,0xe2,0xff,0xa5,0xd9,0xa4,0xff,
    0x4e,0xb3,0x4b,0xff,0x1a,0x9c,0x18,0xff,0x05,0x90,0x03,0xff,0x02,0x90,0x00,0xff,
    0x12,0x9d,0x0a,0xff,0x19,0xa2,0x0e,0xff,0x17,0xa0,0x0d,0xff,0x16,0x9f,0x0d,0xff,
    0x16,0x9f,0x0d,0xff,0x16,0x9f,0x0d,0xff,0x16,0x9f,0x0d,0xff,0x16,0x9f,0x0d,0xff,
    0x16,0x9f,0x0d,0xff,0x16,0x9f,0x0d,0xff,0x16,0x9f,0x0d,0xff,0x16,0x9f,0x0d,0xff,
    0x17,0xa0,0x0d,0xff,0x17,0x9e,0x0d,0xfe,0x15,0x9f,0x0d,0xf9,0x13,0xa1,0x0d,0xd1,
    0x13,0xa0,0x0d,0x5c,0x00,0x00,0x00,0x00,0x00,0x00,0x00,0x00,0x00,0x00,0x00,0x00,
    0x00,0x00,0x00,0x00,0x00,0x00,0x00,0x00,0x00,0xbf,0x00,0x04,0x15,0xa0,0x07,0x23,
    0x15,0x9f,0x0a,0x8d,0x16,0xa0,0x0d,0xff,0x17,0xab,0x0d,0xff,0x16,0xa0,0x0d,0xff,
    0x16,0x9f,0x0d,0xfe,0x16,0x9f,0x0d,0xff,0x16,0x9f,0x0d,0xff,0x16,0x9f,0x0e,0xff,
    0x14,0x9f,0x0b,0xff,0x11,0x9d,0x06,0xff,0x04,0x98,0x00,0xff,0x00,0x91,0x00,0xff,
    0x33,0xaa,0x30,0xff,0xa7,0xd9,0xa4,0xff,0xe9,0xf4,0xe8,0xff,0xfd,0xfe,0xfd,0xff,
    0xfa,0xfd,0xfa,0xff,0xe0,0xf1,0xdf,0xff,0xd4,0xec,0xd2,0xff,0xd8,0xed,0xd7,0xff,
    0xdf,0xf1,0xde,0xff,0xea,0xf6,0xe9,0xff,0xf2,0xfa,0xf2,0xff,0xfa,0xfe,0xfa,0xff,
    0xfd,0xfe,0xfc,0xff,0xf9,0xfc,0xf8,0xff,0xf0,0xf9,0xef,0xff,0xe2,0xf2,0xe1,0xff,
    0xcb,0xe8,0xca,0xff,0xa4,0xd7,0xa4,0xff,0x82,0xc8,0x82,0xff,0x6b,0xbe,0x6a,0xff,
    0x58,0xb7,0x57,0xff,0x4b,0xb2,0x47,0xff,0x41,0xaf,0x3d,0xff,0x3d,0xac,0x37,0xff,
    0x3c,0xac,0x36,0xff,0x3f,0xae,0x3c,0xff,0x48,0xb1,0x46,0xff,0x57,0xb7,0x56,0xff,
    0x6b,0xbf,0x6a,0xff,0x85,0xca,0x85,0xff,0xa3,0xd8,0xa3,0xff,0xc1,0xe5,0xc1,0xff,
    0xdd,0xf1,0xdc,0xff,0xf2,0xfa,0xf1,0xff,0xff,0xff,0xff,0xff,0xff,0xff,0xff,0xff,
    0xf7,0xfb,0xf6,0xff,0xc4,0xe7,0xc2,0xff,0x78,0xc7,0x76,0xff,0x3f,0xad,0x3d,0xff,
    0x15,0x97,0x15,0xff,0x04,0x91,0x02,0xff,0x0d,0x98,0x06,0xff,0x12,0x9c,0x09,0xff,
    0x16,0x9f,0x0d,0xff,0x18,0xa0,0x0e,0xff,0x16,0x9f,0x0d,0xff,0x16,0x9f,0x0d,0xff,
    0x16,0x9f,0x0d,0xff,0x16,0x9f,0x0d,0xff,0x16,0x9f,0x0d,0xff,0x16,0x9f,0x0d,0xff,
    0x16,0x9f,0x0d,0xff,0x16,0x9f,0x0d,0xff,0x16,0x9f,0x0d,0xff,0x16,0x9f,0x0d,0xff,
    0x17,0xa4,0x0e,0xff,0x15,0x9f,0x0e,0xfa,0x15,0xa0,0x0c,0xca,0x12,0xa0,0x0c,0x8c,
    0x11,0x9f,0x0c,0x3b,0x00,0x00,0x00,0x00,0x00,0x00,0x00,0x00,0x00,0x00,0x00,0x00,
    0x00,0x00,0x00,0x00,0x00,0x00,0x00,0x00,0x00,0x00,0x00,0x00,0x00,0xff,0x00,0x01,
    0x13,0x9c,0x09,0x68,0x15,0x9e,0x0c,0xdf,0x16,0xa1,0x0c,0xff,0x16,0xa1,0x0e,0xff,
    0x16,0xa1,0x0e,0xff,0x16,0x9f,0x0d,0xff,0x16,0x9f,0x0d,0xff,0x16,0x9f,0x0e,0xff,
    0x11,0x9d,0x09,0xff,0x0a,0x9a,0x02,0xff,0x03,0x98,0x00,0xff,0x03,0x98,0x00,0xff,
    0x48,0xb4,0x43,0xff,0xc1,0xe4,0xbf,0xff,0xfe,0xfd,0xfe,0xff,0xff,0xff,0xff,0xff,
    0xff,0xff,0xff,0xff,0xfd,0xfd,0xfc,0xff,0xff,0xfe,0xff,0xff,0xff,0xff,0xff,0xff,
    0xff,0xff,0xff,0xff,0xff,0xff,0xff,0xff,0xf7,0xfb,0xf7,0xff,0xee,0xf7,0xee,0xff,
    0xec,0xf7,0xec,0xff,0xf6,0xfa,0xf6,0xff,0xff,0xff,0xff,0xff,0xff,0xff,0xff,0xff,
    0xff,0xff,0xff,0xff,0xe9,0xf4,0xe9,0xff,0xc8,0xe7,0xc8,0xff,0xb1,0xde,0xb1,0xff,
    0x9f,0xd7,0x9d,0xff,0x92,0xd1,0x8e,0xff,0x88,0xce,0x84,0xff,0x84,0xcb,0x7f,0xff,
    0x83,0xcb,0x7e,0xff,0x86,0xcd,0x83,0xff,0x8f,0xd1,0x8d,0xff,0x9e,0xd7,0x9c,0xff,
    0xb1,0xdf,0xb0,0xff,0xcc,0xe9,0xcc,0xff,0xe9,0xf5,0xe9,0xff,0xff,0xfe,0xff,0xff,
    0xff,0xff,0xff,0xff,0xff,0xff,0xff,0xff,0xf2,0xfa,0xf2,0xff,0xd8,0xef,0xd7,0xff,
    0xb5,0xe0,0xb3,0xff,0x79,0xc6,0x77,0xff,0x33,0xa8,0x30,0xff,0x0d,0x96,0x0b,0xff,
    0x01,0x8f,0x00,0xff,0x02,0x91,0x00,0xff,0x12,0x9d,0x09,0xff,0x19,0xa1,0x0e,0xff,
    0x17,0x9f,0x0e,0xff,0x17,0x9f,0x0e,0xff,0x16,0x9f,0x0d,0xff,0x16,0x9f,0x0d,0xff,
    0x16,0x9f,0x0d,0xff,0x16,0x9f,0x0d,0xff,0x16,0x9f,0x0d,0xff,0x16,0x9f,0x0d,0xff,
    0x16,0x9f,0x0d,0xff,0x16,0x9f,0x0d,0xff,0x16,0x9f,0x0d,0xff,0x16,0x9f,0x0d,0xff,
    0x17,0xa7,0x0e,0xff,0x15,0x9f,0x0e,0xf6,0x14,0xa0,0x0c,0x9f,0x10,0x9e,0x09,0x4d,
    0x12,0x9a,0x09,0x1c,0x00,0x00,0x00,0x00,0x00,0x00,0x00,0x00,0x00,0x00,0x00,0x00,
    0x00,0x00,0x00,0x00,0x00,0x00,0x00,0x00,0x00,0x00,0x00,0x00,0x00,0x00,0x00,0x00,
    0x12,0x9c,0x0a,0x46,0x14,0x9d,0x0c,0xa0,0x16,0x9f,0x0c,0xd9,0x17,0xa1,0x0f,0xfe,
    0x18,0xa6,0x0f,0xff,0x16,0xa0,0x0d,0xff,0x17,0x9f,0x0d,0xff,0x17,0xa0,0x0e,0xff,
    0x0e,0x9b,0x08,0xff,0x02,0x95,0x00,0xff,0x06,0x98,0x03,0xff,0x1d,0xa2,0x14,0xff,
    0x67,0xc1,0x60,0xff,0xda,0xf0,0xd9,0xff,0xff,0xff,0xff,0xff,0xff,0xff,0xff,0xff,
    0xff,0xff,0xff,0xff,0xff,0xff,0xff,0xff,0xff,0xff,0xff,0xff,0xff,0xff,0xff,0xff,
    0xfb,0xfc,0xfd,0xff,0xdd,0xf0,0xdc,0xff,0xc2,0xe4,0xc0,0xff,0xa9,0xd8,0xa7,0xff,
    0xa6,0xd7,0xa5,0xff,0xc1,0xe3,0xc1,0xff,0xe0,0xf1,0xe1,0xff,0xff,0xfe,0xff,0xff,
    0xff,0xff,0xff,0xff,0xff,0xff,0xff,0xff,0xfa,0xfd,0xfa,0xff,0xf2,0xfa,0xf2,0xff,
    0xec,0xf7,0xec,0xff,0xe8,0xf5,0xe7,0xff,0xe5,0xf4,0xe4,0xff,0xe3,0xf3,0xe2,0xff,
    0xe3,0xf3,0xe2,0xff,0xe4,0xf4,0xe4,0xff,0xe7,0xf5,0xe7,0xff,0xec,0xf7,0xec,0xff,
    0xf3,0xfa,0xf2,0xff,0xfc,0xfd,0xfc,0xff,0xff,0xff,0xff,0xff,0xff,0xff,0xff,0xff,
    0xff,0xff,0xff,0xff,0xeb,0xf6,0xea,0xff,0xb9,0xe2,0xb7,0xff,0x7e,0xca,0x7b,0xff,
    0x40,0xb0,0x3c,0xff,0x1a,0x9d,0x18,0xff,0x09,0x93,0x09,0xff,0x06,0x92,0x03,0xff,
    0x0e,0x99,0x07,0xff,0x13,0x9d,0x0a,0xff,0x16,0x9f,0x0d,0xff,0x18,0xa0,0x0e,0xff,
    0x16,0x9f,0x0d,0xff,0x16,0x9f,0x0d,0xff,0x16,0x9f,0x0d,0xff,0x16,0x9f,0x0d,0xff,
    0x16,0x9f,0x0d,0xff,0x16,0x9f,0x0d,0xff,0x16,0x9f,0x0d,0xff,0x16,0x9f,0x0d,0xff,
    0x16,0x9f,0x0d,0xff,0x16,0x9f,0x0d,0xff,0x17,0x9f,0x0d,0xff,0x17,0x9f,0x0d,0xff,
    0x18,0xaa,0x0f,0xff,0x15,0xa1,0x0d,0xf0,0x15,0x9f,0x0c,0x76,0x0f,0x9f,0x0f,0x10,
    0x00,0x00,0x00,0x00,0x00,0x00,0x00,0x00,0x00,0x00,0x00,0x00,0x00,0x00,0x00,0x00,
    0x00,0x00,0x00,0x00,0x00,0x00,0x00,0x00,0x00,0x00,0x00,0x00,0x00,0x00,0x00,0x00,
    0x15,0x9b,0x07,0x24,0x12,0x9d,0x0a,0x5e,0x16,0x9f,0x0d,0xa8,0x17,0xa2,0x0e,0xf0,
    0x18,0xa5,0x0f,0xff,0x16,0xa0,0x0d,0xff,0x17,0xa0,0x0d,0xff,0x17,0xa0,0x0e,0xff,
    0x0c,0x99,0x06,0xff,0x00,0x92,0x00,0xff,0x0d,0x99,0x0b,0xff,0x35,0xac,0x2e,0xff,
    0x7e,0xca,0x76,0xff,0xde,0xf2,0xdd,0xff,0xff,0xff,0xff,0xff,0xf0,0xf9,0xef,0xff,
    0xe5,0xf5,0xe5,0xff,0xe2,0xf4,0xe1,0xff,0xda,0xf0,0xd9,0xff,0xcd,0xea,0xcd,0xff,
    0xb7,0xe0,0xb7,0xff,0x97,0xd2,0x95,0xff,0x7b,0xc4,0x79,0xff,0x62,0xb8,0x61,0xff,
    0x60,0xb7,0x5f,0xff,0x7a,0xc5,0x7a,0xff,0x9c,0xd4,0x9c,0xff,0xc3,0xe5,0xc2,0xff,
    0xe1,0xf2,0xe0,0xff,0xe9,0xf6,0xe9,0xff,0xef,0xf9,0xee,0xff,0xf6,0xfb,0xf5,0xff,
    0xfb,0xfe,0xfb,0xff,0xff,0xff,0xff,0xff,0xff,0xff,0xff,0xff,0xff,0xff,0xff,0xff,
    0xff,0xff,0xff,0xff,0xff,0xff,0xff,0xff,0xff,0xff,0xff,0xff,0xfa,0xfd,0xfa,0xff,
    0xf5,0xfb,0xf4,0xff,0xef,0xf8,0xee,0xff,0xe7,0xf5,0xe7,0xff,0xdd,0xf0,0xdc,0xff,
    0xcd,0xe9,0xcc,0xff,0xa7,0xd9,0xa5,0xff,0x73,0xc3,0x72,0xff,0x3b,0xac,0x37,0xff,
    0x04,0x97,0x00,0xff,0x00,0x8d,0x00,0xff,0x00,0x8f,0x00,0xff,0x08,0x94,0x04,0xff,
    0x15,0x9e,0x0c,0xff,0x1a,0xa2,0x0f,0xff,0x17,0xa0,0x0e,0xff,0x17,0x9f,0x0e,0xff,
    0x16,0x9f,0x0d,0xff,0x16,0x9f,0x0d,0xff,0x16,0x9f,0x0d,0xff,0x16,0x9f,0x0d,0xff,
    0x16,0x9f,0x0d,0xff,0x16,0x9f,0x0d,0xff,0x16,0x9f,0x0d,0xff,0x16,0x9f,0x0d,0xff,
    0x16,0x9f,0x0d,0xff,0x16,0x9f,0x0d,0xff,0x17,0xa3,0x0d,0xff,0x17,0xa0,0x0d,0xff,
    0x16,0xa0,0x0d,0xee,0x15,0xa2,0x0d,0xbb,0x14,0xa1,0x0d,0x4a,0x00,0x00,0x00,0x00,
    0x00,0x00,0x00,0x00,0x00,0x00,0x00,0x00,0x00,0x00,0x00,0x00,0x00,0x00,0x00,0x00,
    0x00,0x00,0x00,0x00,0x00,0x00,0x00,0x00,0x00,0x00,0x00,0x00,0x00,0x00,0x00,0x00,
    0x00,0xff,0x00,0x01,0x16,0x9b,0x0b,0x17,0x17,0x9f,0x0b,0x6d,0x17,0xa0,0x0b,0xd6,
    0x18,0x9f,0x0d,0xfc,0x18,0xa0,0x0f,0xff,0x18,0xa2,0x0f,0xff,0x16,0xa0,0x0e,0xff,
    0x0a,0x99,0x06,0xff,0x00,0x90,0x00,0xff,0x17,0x9c,0x16,0xff,0x4d,0xb5,0x48,0xff,
    0x8c,0xd0,0x86,0xff,0xcf,0xec,0xcd,0xff,0xda,0xf0,0xd8,0xff,0xb2,0xe0,0xaf,0xff,
    0x94,0xd3,0x92,0xff,0x80,0xcb,0x7d,0xff,0x6b,0xc1,0x66,0xff,0x53,0xb8,0x4e,0xff,
    0x3f,0xae,0x3a,0xff,0x2e,0xa4,0x2c,0xff,0x21,0x9c,0x21,0xff,0x19,0x96,0x1a,0xff,
    0x19,0x96,0x19,0xff,0x1e,0x9d,0x1f,0xff,0x30,0xa8,0x30,0xff,0x53,0xb7,0x50,0xff,
    0x75,0xc5,0x71,0xff,0x8e,0xd1,0x8b,0xff,0xa5,0xda,0xa2,0xff,0xba,0xe3,0xb6,0xff,
    0xcb,0xea,0xc9,0xff,0xd7,0xee,0xd5,0xff,0xdf,0xf1,0xdd,0xff,0xe3,0xf3,0xe2,0xff,
    0xe3,0xf3,0xe2,0xff,0xde,0xf1,0xdd,0xff,0xd6,0xed,0xd3,0xff,0xc8,0xe8,0xc4,0xff,
    0xb6,0xe1,0xb3,0xff,0xa3,0xd9,0x9f,0xff,0x8d,0xd0,0x89,0xff,0x71,0xc4,0x6d,0xff,
    0x53,0xb7,0x4e,0xff,0x39,0xaa,0x36,0xff,0x20,0x9c,0x20,0xff,0x0e,0x96,0x0c,0xff,
    0x02,0x96,0x00,0xff,0x03,0x97,0x00,0xff,0x0f,0x9b,0x07,0xff,0x15,0x9d,0x0c,0xff,
    0x16,0x9f,0x0e,0xff,0x17,0xa0,0x0e,0xff,0x16,0x9f,0x0d,0xff,0x16,0x9f,0x0d,0xff,
    0x16,0x9f,0x0d,0xff,0x16,0x9f,0x0d,0xff,0x16,0x9f,0x0d,0xff,0x16,0x9f,0x0d,0xff,
    0x16,0x9f,0x0d,0xff,0x16,0x9f,0x0d,0xff,0x16,0x9f,0x0d,0xff,0x16,0x9f,0x0d,0xff,
    0x16,0x9e,0x0e,0xfe,0x16,0xa0,0x0e,0xff,0x18,0xac,0x0e,0xff,0x17,0xa1,0x0d,0xfe,
    0x16,0xa1,0x0c,0xa9,0x18,0x9f,0x09,0x53,0x1b,0x9a,0x09,0x1c,0x00,0x00,0x00,0x00,
    0x00,0x00,0x00,0x00,0x00,0x00,0x00,0x00,0x00,0x00,0x00,0x00,0x00,0x00,0x00,0x00,
    0x00,0x00,0x00,0x00,0x00,0x00,0x00,0x00,0x00,0x00,0x00,0x01,0x00,0x00,0x00,0x00,
    0x00,0x00,0x00,0x00,0x00,0x00,0x00,0x00,0x16,0x9f,0x09,0x38,0x17,0xa0,0x0a,0x97,
    0x18,0xa1,0x0d,0xd4,0x17,0x9f,0x0f,0xfb,0x18,0xa5,0x0f,0xff,0x16,0xa0,0x0e,0xff,
    0x0d,0x9a,0x07,0xff,0x03,0x93,0x00,0xff,0x1c,0x9e,0x19,0xff,0x4c,0xb5,0x46,0xff,
    0x74,0xc6,0x6f,0xff,0x96,0xd4,0x94,0xff,0x91,0xd1,0x90,0xff,0x6b,0xc0,0x68,0xff,
    0x4d,0xb4,0x4a,0xff,0x36,0xaa,0x33,0xff,0x21,0xa2,0x1c,0xff,0x0b,0x9a,0x04,0xff,
    0x00,0x94,0x00,0xff,0x00,0x90,0x00,0xff,0x00,0x8c,0x00,0xff,0x00,0x8b,0x00,0xff,
    0x00,0x8b,0x00,0xff,0x00,0x8d,0x00,0xff,0x00,0x92,0x00,0xff,0x10,0x9b,0x0c,0xff,
    0x29,0xa5,0x25,0xff,0x43,0xb0,0x40,0xff,0x5c,0xba,0x58,0xff,0x71,0xc3,0x6e,0xff,
    0x83,0xcb,0x81,0xff,0x90,0xd0,0x8d,0xff,0x98,0xd3,0x96,0xff,0x9d,0xd5,0x9b,0xff,
    0x9d,0xd5,0x9b,0xff,0x97,0xd3,0x95,0xff,0x8e,0xcf,0x8c,0xff,0x80,0xc9,0x7c,0xff,
    0x6e,0xc1,0x6a,0xff,0x5a,0xb8,0x56,0xff,0x43,0xb0,0x3f,0xff,0x27,0xa5,0x22,0xff,
    0x0c,0x9a,0x05,0xff,0x00,0x92,0x00,0xff,0x00,0x8c,0x00,0xff,0x00,0x8f,0x00,0xff,
    0x07,0x98,0x00,0xff,0x10,0x9d,0x07,0xff,0x18,0xa1,0x0e,0xff,0x1b,0xa2,0x10,0xff,
    0x17,0x9f,0x0e,0xff,0x16,0x9f,0x0d,0xff,0x16,0x9f,0x0d,0xff,0x16,0x9f,0x0d,0xff,
    0x16,0x9f,0x0d,0xff,0x16,0x9f,0x0d,0xff,0x16,0x9f,0x0d,0xff,0x16,0x9f,0x0d,0xff,
    0x16,0x9f,0x0d,0xff,0x16,0x9f,0x0d,0xff,0x16,0x9f,0x0d,0xff,0x16,0x9f,0x0d,0xff,
    0x17,0xa2,0x0e,0xff,0x17,0xa0,0x0e,0xff,0x16,0xa1,0x0d,0xff,0x16,0xa0,0x0c,0xd8,
    0x18,0xa3,0x0c,0x6a,0x1c,0x9b,0x00,0x12,0x00,0x00,0x00,0x01,0x00,0x00,0x00,0x00,
    0x00,0x00,0x00,0x00,0x00,0x00,0x00,0x00,0x00,0x00,0x00,0x00,0x00,0x00,0x00,0x00,
    0x00,0x00,0x00,0x00,0x00,0x00,0x00,0x00,0x00,0x00,0x00,0x00,0x00,0x00,0x00,0x00,
    0x00,0x00,0x00,0x00,0x00,0x00,0x00,0x00,0x15,0xaa,0x00,0x0c,0x0f,0xa0,0x0a,0x33,
    0x15,0xa0,0x0c,0x8f,0x15,0x9f,0x0d,0xf6,0x18,0xab,0x0e,0xff,0x17,0xa0,0x0d,0xff,
    0x14,0x9d,0x0b,0xff,0x11,0x9c,0x09,0xff,0x1a,0xa0,0x12,0xff,0x2d,0xa8,0x24,0xff,
    0x33,0xab,0x2d,0xff,0x30,0xaa,0x2f,0xff,0x29,0xa4,0x2a,0xff,0x1d,0x9c,0x1e,0xff,
    0x15,0x97,0x14,0xff,0x0d,0x96,0x0d,0xff,0x07,0x97,0x06,0xff,0x04,0x97,0x00,0xff,
    0x04,0x98,0x00,0xff,0x08,0x99,0x00,0xff,0x0a,0x99,0x04,0xff,0x0d,0x99,0x07,0xff,
    0x0d,0x99,0x05,0xff,0x09,0x99,0x01,0xff,0x06,0x98,0x00,0xff,0x06,0x97,0x02,0xff,
    0x08,0x96,0x09,0xff,0x11,0x98,0x11,0xff,0x19,0x9a,0x19,0xff,0x20,0x9e,0x20,0xff,
    0x26,0xa2,0x26,0xff,0x2a,0xa5,0x2a,0xff,0x2d,0xa7,0x2d,0xff,0x2e,0xa8,0x2e,0xff,
    0x2e,0xa8,0x2e,0xff,0x2c,0xa7,0x2d,0xff,0x29,0xa3,0x29,0xff,0x25,0xa0,0x24,0xff,
    0x1f,0x9c,0x1f,0xff,0x19,0x99,0x18,0xff,0x11,0x97,0x11,0xff,0x09,0x97,0x07,0xff,
    0x04,0x97,0x00,0xff,0x06,0x98,0x00,0xff,0x0c,0x99,0x05,0xff,0x0f,0x9a,0x07,0xff,
    0x12,0x9d,0x0a,0xff,0x15,0x9f,0x0c,0xff,0x17,0xa0,0x0d,0xff,0x18,0xa0,0x0e,0xff,
    0x16,0x9f,0x0d,0xff,0x16,0x9f,0x0d,0xff,0x16,0x9f,0x0d,0xff,0x16,0x9f,0x0d,0xff,
    0x16,0x9f,0x0d,0xff,0x16,0x9f,0x0d,0xff,0x16,0x9f,0x0d,0xff,0x16,0x9f,0x0d,0xff,
    0x16,0x9f,0x0d,0xff,0x16,0x9f,0x0d,0xff,0x16,0x9f,0x0d,0xff,0x17,0xa0,0x0d,0xff,
    0x19,0xaa,0x0e,0xff,0x18,0xa2,0x0e,0xfd,0x16,0xa1,0x0d,0xc9,0x14,0x9f,0x0d,0x88,
    0x11,0xa1,0x0d,0x39,0x00,0x00,0x00,0x00,0x00,0x00,0x00,0x00,0x00,0x00,0x00,0x00,
    0x00,0x00,0x00,0x00,0x00,0x00,0x00,0x00,0x00,0x00,0x00,0x00,0x00,0x00,0x00,0x00,
    0x00,0x00,0x00,0x00,0x00,0x00,0x00,0x00,0x00,0x00,0x00,0x00,0x00,0x00,0x00,0x00,
    0x00,0x00,0x00,0x00,0x00,0x00,0x00,0x00,0x00,0x00,0x00,0x00,0x00,0x00,0x00,0x00,
    0x12,0x9f,0x0c,0x53,0x13,0x9f,0x0b,0xc8,0x15,0xa0,0x0c,0xf7,0x17,0x9f,0x0d,0xff,
    0x19,0xa3,0x0e,0xff,0x19,0xa1,0x0e,0xff,0x18,0xa1,0x0e,0xff,0x18,0xa0,0x0e,0xff,
    0x0d,0x9b,0x07,0xff,0x00,0x94,0x00,0xff,0x00,0x8f,0x00,0xff,0x00,0x8c,0x00,0xff,
    0x00,0x8c,0x00,0xff,0x00,0x90,0x00,0xff,0x01,0x94,0x00,0xff,0x07,0x98,0x00,0xff,
    0x0c,0x9c,0x03,0xff,0x13,0x9f,0x09,0xff,0x16,0xa0,0x0d,0xff,0x18,0xa1,0x0f,0xff,
    0x18,0xa1,0x0e,0xff,0x16,0xa0,0x0b,0xff,0x11,0x9d,0x07,0xff,0x07,0x97,0x02,0xff,
    0x00,0x92,0x00,0xff,0x00,0x8e,0x00,0xff,0x00,0x8d,0x00,0xff,0x00,0x8d,0x00,0xff,
    0x00,0x8e,0x00,0xff,0x00,0x90,0x00,0xff,0x00,0x90,0x00,0xff,0x00,0x91,0x00,0xff,
    0x00,0x91,0x00,0xff,0x00,0x90,0x00,0xff,0x00,0x8f,0x00,0xff,0x00,0x8e,0x00,0xff,
    0x00,0x8c,0x00,0xff,0x00,0x8d,0x00,0xff,0x00,0x8e,0x00,0xff,0x00,0x93,0x00,0xff,
    0x06,0x98,0x00,0xff,0x0e,0x9d,0x06,0xff,0x17,0xa1,0x0d,0xff,0x19,0xa1,0x0f,0xff,
    0x18,0x9f,0x0f,0xff,0x17,0x9f,0x0e,0xff,0x16,0x9f,0x0d,0xff,0x16,0x9f,0x0d,0xff,
    0x16,0x9f,0x0d,0xff,0x16,0x9f,0x0d,0xff,0x16,0x9f,0x0d,0xff,0x16,0x9f,0x0d,0xff,
    0x16,0x9f,0x0d,0xff,0x16,0x9f,0x0d,0xff,0x16,0x9f,0x0d,0xff,0x16,0x9f,0x0d,0xff,
    0x16,0x9f,0x0d,0xff,0x16,0x9f,0x0d,0xff,0x16,0xa0,0x0d,0xff,0x17,0xa0,0x0d,0xff,
    0x18,0xa5,0x0d,0xff,0x18,0xa3,0x0d,0xe4,0x17,0xa2,0x0e,0x8f,0x12,0x9e,0x0e,0x45,
    0x0c,0x9d,0x0c,0x15,0x00,0x00,0x00,0x00,0x00,0x00,0x00,0x00,0x00,0x00,0x00,0x00,
    0x00,0x00,0x00,0x00,0x00,0x00,0x00,0x00,0x00,0x00,0x00,0x00,0x00,0x00,0x00,0x00,
    0x00,0x00,0x00,0x00,0x00,0x00,0x00,0x00,0x00,0x00,0x00,0x00,0x00,0x00,0x00,0x00,
    0x00,0x00,0x00,0x00,0x00,0x00,0x00,0x00,0x00,0x00,0x00,0x00,0x00,0x00,0x00,0x00,
    0x0e,0x9b,0x07,0x24,0x11,0x9f,0x07,0x65,0x15,0x9f,0x0b,0xb2,0x19,0xa0,0x0e,0xff,
    0x1b,0xad,0x10,0xff,0x19,0xa2,0x0f,0xff,0x16,0x9e,0x0c,0xfe,0x13,0x9d,0x09,0xff,
    0x0d,0x9b,0x05,0xff,0x07,0x99,0x00,0xff,0x05,0x97,0x00,0xff,0x09,0x98,0x04,0xff,
    0x0c,0x98,0x06,0xff,0x0c,0x99,0x06,0xff,0x0e,0x9b,0x07,0xff,0x10,0x9d,0x08,0xff,
    0x13,0x9e,0x0a,0xff,0x15,0x9f,0x0c,0xff,0x16,0xa0,0x0d,0xff,0x17,0xa0,0x0e,0xff,
    0x17,0xa0,0x0e,0xff,0x16,0xa0,0x0d,0xff,0x14,0x9e,0x0b,0xff,0x10,0x9c,0x09,0xff,
    0x0d,0x9a,0x07,0xff,0x0c,0x99,0x06,0xff,0x0b,0x98,0x05,0xff,0x0a,0x97,0x03,0xff,
    0x08,0x97,0x02,0xff,0x07,0x97,0x00,0xff,0x06,0x97,0x00,0xff,0x05,0x98,0x00,0xff,
    0x05,0x98,0x00,0xff,0x06,0x97,0x00,0xff,0x08,0x98,0x01,0xff,0x09,0x98,0x03,0xff,
    0x0a,0x98,0x04,0xff,0x0b,0x98,0x05,0xff,0x0c,0x99,0x06,0xff,0x0e,0x9a,0x07,0xff,
    0x10,0x9d,0x08,0xff,0x13,0x9e,0x0b,0xff,0x17,0xa0,0x0d,0xff,0x17,0xa0,0x0e,0xff,
    0x17,0x9f,0x0e,0xff,0x17,0x9f,0x0e,0xff,0x16,0x9f,0x0d,0xff,0x16,0x9f,0x0d,0xff,
    0x16,0x9f,0x0d,0xff,0x16,0x9f,0x0d,0xff,0x16,0x9f,0x0d,0xff,0x16,0x9f,0x0d,0xff,
    0x16,0x9f,0x0d,0xff,0x16,0x9f,0x0d,0xff,0x16,0x9f,0x0d,0xff,0x16,0x9f,0x0d,0xff,
    0x16,0x9e,0x0d,0xfe,0x16,0xa0,0x0d,0xff,0x17,0xa6,0x0d,0xff,0x16,0xa2,0x0d,0xff,
    0x15,0xa0,0x0c,0xe8,0x16,0xa0,0x0b,0xb4,0x15,0x9f,0x0c,0x55,0x0f,0x9f,0x0f,0x10,
    0x00,0x00,0x00,0x00,0x00,0x00,0x00,0x00,0x00,0x00,0x00,0x00,0x00,0x00,0x00,0x00,
    0x00,0x00,0x00,0x00,0x00,0x00,0x00,0x00,0x00,0x00,0x00,0x00,0x00,0x00,0x00,0x00,
    0x00,0x00,0x00,0x00,0x00,0x00,0x00,0x00,0x00,0x00,0x00,0x00,0x00,0x00,0x00,0x00,
    0x00,0x00,0x00,0x00,0x00,0x00,0x00,0x00,0x00,0x00,0x00,0x00,0x00,0x00,0x00,0x00,
    0x00,0xaa,0x00,0x06,0x08,0x94,0x00,0x1f,0x14,0x9f,0x0b,0x70,0x19,0xa1,0x0f,0xd8,
    0x1a,0xa2,0x0f,0xff,0x18,0xa1,0x0f,0xff,0x15,0xa0,0x0c,0xff,0x12,0x9e,0x09,0xff,
    0x10,0x9d,0x07,0xff,0x12,0x9e,0x09,0xff,0x14,0x9e,0x0a,0xff,0x16,0xa0,0x0d,0xff,
    0x17,0xa0,0x0e,0xff,0x17,0xa0,0x0e,0xff,0x17,0xa0,0x0e,0xff,0x17,0x9f,0x0e,0xff,
    0x17,0x9f,0x0e,0xff,0x16,0x9f,0x0d,0xff,0x16,0x9f,0x0d,0xff,0x16,0x9f,0x0d,0xff,
    0x16,0x9f,0x0d,0xff,0x16,0x9f,0x0d,0xff,0x16,0x9f,0x0d,0xff,0x17,0x9f,0x0e,0xff,
    0x17,0xa0,0x0e,0xff,0x17,0xa0,0x0e,0xff,0x17,0xa0,0x0e,0xff,0x16,0x9f,0x0d,0xff,
    0x15,0x9f,0x0c,0xff,0x14,0x9e,0x0b,0xff,0x13,0x9e,0x0a,0xff,0x12,0x9e,0x09,0xff,
    0x12,0x9e,0x09,0xff,0x13,0x9e,0x0a,0xff,0x15,0x9f,0x0b,0xff,0x16,0xa0,0x0d,0xff,
    0x17,0xa0,0x0e,0xff,0x17,0xa0,0x0e,0xff,0x17,0xa0,0x0e,0xff,0x17,0xa0,0x0e,0xff,
    0x17,0x9f,0x0e,0xff,0x16,0x9f,0x0d,0xff,0x16,0x9f,0x0d,0xff,0x16,0x9f,0x0d,0xff,
    0x16,0x9f,0x0d,0xff,0x16,0x9f,0x0d,0xff,0x16,0x9f,0x0d,0xff,0x16,0x9f,0x0d,0xff,
    0x16,0x9f,0x0d,0xff,0x16,0x9f,0x0d,0xff,0x16,0x9f,0x0d,0xff,0x16,0x9f,0x0d,0xff,
    0x16,0x9f,0x0d,0xff,0x16,0x9f,0x0d,0xff,0x16,0x9f,0x0d,0xff,0x16,0x9f,0x0d,0xff,
    0x16,0xa1,0x0d,0xff,0x16,0xa1,0x0d,0xff,0x17,0xa2,0x0d,0xff,0x15,0xa0,0x0b,0xeb,
    0x15,0x9f,0x0b,0xb5,0x13,0x9d,0x0a,0x76,0x14,0xa1,0x06,0x26,0x00,0x00,0x00,0x00,
    0x00,0x00,0x00,0x00,0x00,0x00,0x00,0x00,0x00,0x00,0x00,0x00,0x00,0x00,0x00,0x00,
    0x00,0x00,0x00,0x00,0x00,0x00,0x00,0x00,0x00,0x00,0x00,0x00,0x00,0x00,0x00,0x00,
    0x00,0x00,0x00,0x00,0x00,0x00,0x00,0x00,0x00,0x00,0x00,0x00,0x00,0x00,0x00,0x00,
    0x00,0x00,0x00,0x00,0x00,0x00,0x00,0x00,0x00,0x00,0x00,0x00,0x00,0x00,0x00,0x00,
    0x00,0x00,0x00,0x00,0x00,0x99,0x00,0x05,0x14,0x9b,0x0a,0x33,0x19,0xa1,0x0e,0x78,
    0x18,0xa0,0x0d,0xbd,0x16,0xa1,0x0d,0xff,0x17,0xac,0x0d,0xff,0x15,0xa3,0x0c,0xff,
    0x14,0x9f,0x0c,0xff,0x15,0x9f,0x0c,0xff,0x16,0x9f,0x0c,0xff,0x17,0xa0,0x0d,0xff,
    0x17,0xa0,0x0e,0xff,0x17,0xa0,0x0e,0xff,0x17,0x9f,0x0e,0xff,0x17,0x9f,0x0e,0xff,
    0x16,0x9f,0x0d,0xff,0x16,0x9f,0x0d,0xff,0x16,0x9f,0x0d,0xff,0x16,0x9f,0x0d,0xff,
    0x16,0x9f,0x0d,0xff,0x16,0x9f,0x0d,0xff,0x16,0x9f,0x0d,0xff,0x17,0x9f,0x0d,0xff,
    0x17,0xa0,0x0e,0xff,0x17,0xa0,0x0e,0xff,0x17,0xa0,0x0e,0xff,0x17,0x9f,0x0d,0xff,
    0x16,0x9f,0x0d,0xff,0x16,0x9f,0x0c,0xff,0x15,0x9f,0x0c,0xff,0x15,0x9f,0x0c,0xff,
    0x15,0x9f,0x0c,0xff,0x15,0x9f,0x0c,0xff,0x16,0x9f,0x0c,0xff,0x17,0xa0,0x0d,0xff,
    0x17,0xa0,0x0e,0xff,0x17,0xa0,0x0e,0xff,0x17,0xa0,0x0e,0xff,0x17,0x9f,0x0e,0xff,
    0x17,0x9f,0x0e,0xff,0x16,0x9f,0x0d,0xff,0x16,0x9f,0x0d,0xff,0x16,0x9f,0x0d,0xff,
    0x16,0x9f,0x0d,0xff,0x16,0x9f,0x0d,0xff,0x16,0x9f,0x0d,0xff,0x16,0x9f,0x0d,0xff,
    0x16,0x9f,0x0d,0xff,0x16,0x9f,0x0d,0xff,0x16,0x9f,0x0d,0xff,0x16,0x9f,0x0d,0xff,
    0x16,0x9f,0x0d,0xff,0x16,0x9f,0x0d,0xff,0x16,0x9e,0x0d,0xfe,0x17,0xa1,0x0d,0xff,
    0x18,0xaa,0x0e,0xff,0x18,0xa5,0x0e,0xff,0x16,0xa0,0x0d,0xe7,0x15,0x9f,0x0b,0xb3,
    0x15,0xa0,0x0a,0x5e,0x0f,0x9a,0x0f,0x21,0x00,0xaa,0x00,0x06,0x00,0x00,0x00,0x00,
    0x00,0x00,0x00,0x00,0x00,0x00,0x00,0x00,0x00,0x00,0x00,0x00,0x00,0x00,0x00,0x00,
    0x00,0x00,0x00,0x00,0x00,0x00,0x00,0x00,0x00,0x00,0x00,0x00,0x00,0x00,0x00,0x00,
    0x00,0x00,0x00,0x00,0x00,0x00,0x00,0x00,0x00,0x00,0x00,0x00,0x00,0x00,0x00,0x00,
    0x00,0x00,0x00,0x00,0x00,0x00,0x00,0x00,0x00,0x00,0x00,0x00,0x00,0x00,0x00,0x00,
    0x00,0x00,0x00,0x00,0x00,0x00,0x00,0x00,0x15,0x94,0x15,0x0c,0x15,0x9f,0x0a,0x30,
    0x15,0xa0,0x0c,0x77,0x14,0xa0,0x0b,0xd5,0x15,0xa0,0x0c,0xfa,0x16,0x9f,0x0e,0xfc,
    0x16,0x9f,0x0e,0xff,0x16,0xa0,0x0d,0xff,0x16,0xa0,0x0d,0xff,0x16,0x9f,0x0d,0xff,
    0x16,0x9f,0x0d,0xff,0x16,0x9f,0x0d,0xff,0x16,0x9f,0x0d,0xff,0x16,0x9f,0x0d,0xff,
    0x16,0x9f,0x0d,0xff,0x16,0x9f,0x0d,0xff,0x16,0x9f,0x0d,0xff,0x16,0x9f,0x0d,0xff,
    0x16,0x9f,0x0d,0xff,0x16,0x9f,0x0d,0xff,0x16,0x9f,0x0d,0xff,0x16,0x9f,0x0d,0xff,
    0x16,0x9f,0x0d,0xff,0x16,0x9f,0x0d,0xff,0x16,0x9f,0x0d,0xff,0x16,0x9f,0x0d,0xff,
    0x16,0x9f,0x0d,0xff,0x16,0x9f,0x0d,0xff,0x16,0x9f,0x0d,0xff,0x16,0x9f,0x0d,0xff,
    0x16,0x9f,0x0d,0xff,0x16,0x9f,0x0d,0xff,0x16,0x9f,0x0d,0xff,0x16,0x9f,0x0d,0xff,
    0x16,0x9f,0x0d,0xff,0x16,0x9f,0x0d,0xff,0x16,0x9f,0x0d,0xff,0x16,0x9f,0x0d,0xff,
    0x16,0x9f,0x0d,0xff,0x16,0x9f,0x0d,0xff,0x16,0x9f,0x0d,0xff,0x16,0x9f,0x0d,0xff,
    0x16,0x9f,0x0d,0xff,0x16,0x9f,0x0d,0xff,0x16,0x9f,0x0d,0xff,0x16,0x9f,0x0d,0xff,
    0x16,0x9f,0x0d,0xff,0x16,0x9f,0x0d,0xff,0x16,0x9f,0x0d,0xff,0x16,0x9f,0x0d,0xff,
    0x16,0x9f,0x0d,0xff,0x16,0xa0,0x0d,0xff,0x16,0xa1,0x0d,0xff,0x17,0xa1,0x0d,0xff,
    0x17,0xa2,0x0e,0xfd,0x18,0xa2,0x0d,0xe5,0x15,0xa0,0x0c,0xb2,0x13,0x9e,0x0a,0x74,
    0x17,0x9f,0x07,0x20,0x00,0x00,0x00,0x00,0x00,0x00,0x00,0x00,0x00,0x00,0x00,0x00,
    0x00,0x00,0x00,0x00,0x00,0x00,0x00,0x00,0x00,0x00,0x00,0x00,0x00,0x00,0x00,0x00,
    0x00,0x00,0x00,0x00,0x00,0x00,0x00,0x00,0x00,0x00,0x00,0x00,0x00,0x00,0x00,0x00,
    0x00,0x00,0x00,0x00,0x00,0x00,0x00,0x00,0x00,0x00,0x00,0x00,0x00,0x00,0x00,0x00,
    0x00,0x00,0x00,0x00,0x00,0x00,0x00,0x00,0x00,0x00,0x00,0x00,0x00,0x00,0x00,0x00,
    0x00,0x00,0x00,0x00,0x00,0x00,0x00,0x00,0x00,0x00,0x00,0x01,0x13,0x9c,0x13,0x0d,
    0x10,0x9d,0x0a,0x2f,0x14,0x9e,0x0a,0x64,0x14,0xa0,0x0b,0xa0,0x15,0x9f,0x0d,0xe2,
    0x16,0xa2,0x0e,0xff,0x17,0xa4,0x0e,0xff,0x17,0xa3,0x0d,0xff,0x16,0xa0,0x0d,0xff,
    0x16,0x9e,0x0d,0xff,0x16,0x9f,0x0d,0xff,0x16,0x9f,0x0d,0xff,0x16,0x9f,0x0d,0xff,
    0x16,0x9f,0x0d,0xff,0x16,0x9f,0x0d,0xff,0x16,0x9f,0x0d,0xff,0x16,0x9f,0x0d,0xff,
    0x16,0x9f,0x0d,0xff,0x16,0x9f,0x0d,0xff,0x16,0x9f,0x0d,0xff,0x16,0x9f,0x0d,0xff,
    0x16,0x9f,0x0d,0xff,0x16,0x9f,0x0d,0xff,0x16,0x9f,0x0d,0xff,0x16,0x9f,0x0d,0xff,
    0x16,0x9f,0x0d,0xff,0x16,0x9f,0x0d,0xff,0x16,0x9f,0x0d,0xff,0x16,0x9f,0x0d,0xff,
    0x16,0x9f,0x0d,0xff,0x16,0x9f,0x0d,0xff,0x16,0x9f,0x0d,0xff,0x16,0x9f,0x0d,0xff,
    0x16,0x9f,0x0d,0xff,0x16,0x9f,0x0d,0xff,0x16,0x9f,0x0d,0xff,0x16,0x9f,0x0d,0xff,
    0x16,0x9f,0x0d,0xff,0x16,0x9f,0x0d,0xff,0x16,0x9f,0x0d,0xff,0x16,0x9f,0x0d,0xff,
    0x16,0x9f,0x0d,0xff,0x16,0x9f,0x0d,0xff,0x16,0x9f,0x0d,0xff,0x16,0x9f,0x0d,0xff,
    0x16,0x9f,0x0d,0xff,0x16,0x9f,0x0d,0xff,0x16,0x9f,0x0d,0xff,0x16,0x9f,0x0d,0xff,
    0x16,0x9f,0x0d,0xff,0x16,0xa3,0x0d,0xff,0x18,0xac,0x0e,0xff,0x17,0xa1,0x0d,0xff,
    0x16,0xa2,0x0d,0xcb,0x16,0xa1,0x0d,0x93,0x15,0xa2,0x0c,0x55,0x14,0x9e,0x0d,0x25,
    0x2a,0x7f,0x00,0x06,0x00,0x00,0x00,0x00,0x00,0x00,0x00,0x00,0x00,0x00,0x00,0x00,
    0x00,0x00,0x00,0x00,0x00,0x00,0x00,0x00,0x00,0x00,0x00,0x00,0x00,0x00,0x00,0x00,
    0x00,0x00,0x00,0x00,0x00,0x00,0x00,0x00,0x00,0x00,0x00,0x00,0x00,0x00,0x00,0x00,
    0x00,0x00,0x00,0x00,0x00,0x00,0x00,0x00,0x00,0x00,0x00,0x00,0x00,0x00,0x00,0x00,
    0x00,0x00,0x00,0x00,0x00,0x00,0x00,0x00,0x00,0x00,0x00,0x00,0x00,0x00,0x00,0x00,
    0x00,0x00,0x00,0x00,0x00,0x00,0x00,0x00,0x00,0x00,0x00,0x00,0x00,0x00,0x00,0x00,
    0x00,0x00,0x00,0x00,0x0f,0x8f,0x00,0x10,0x13,0xa0,0x09,0x4e,0x16,0x9f,0x0c,0xaa,
    0x15,0xa1,0x0c,0xdd,0x16,0xa0,0x0d,0xf3,0x16,0x9f,0x0d,0xff,0x16,0x9f,0x0d,0xff,
    0x16,0x9f,0x0d,0xff,0x16,0xa0,0x0d,0xff,0x16,0x9f,0x0d,0xff,0x16,0x9f,0x0d,0xff,
    0x16,0x9f,0x0d,0xff,0x16,0x9f,0x0d,0xff,0x16,0x9f,0x0d,0xff,0x16,0x9f,0x0d,0xff,
    0x16,0x9f,0x0d,0xff,0x16,0x9f,0x0d,0xff,0x16,0x9f,0x0d,0xff,0x16,0x9f,0x0d,0xff,
    0x16,0x9f,0x0d,0xff,0x16,0x9f,0x0d,0xff,0x16,0x9f,0x0d,0xff,0x16,0x9f,0x0d,0xff,
    0x16,0x9f,0x0d,0xff,0x16,0x9f,0x0d,0xff,0x16,0x9f,0x0d,0xff,0x16,0x9f,0x0d,0xff,
    0x16,0x9f,0x0d,0xff,0x16,0x9f,0x0d,0xff,0x16,0x9f,0x0d,0xff,0x16,0x9f,0x0d,0xff,
    0x16,0x9f,0x0d,0xff,0x16,0x9f,0x0d,0xff,0x16,0x9f,0x0d,0xff,0x16,0x9f,0x0d,0xff,
    0x16,0x9f,0x0d,0xff,0x16,0x9f,0x0d,0xff,0x16,0x9f,0x0d,0xff,0x16,0x9f,0x0d,0xff,
    0x16,0x9f,0x0d,0xff,0x16,0x9f,0x0d,0xff,0x16,0x9f,0x0d,0xff,0x16,0x9f,0x0d,0xff,
    0x16,0x9f,0x0d,0xff,0x16,0x9f,0x0d,0xff,0x16,0x9f,0x0d,0xff,0x16,0xa0,0x0d,0xff,
    0x16,0x9f,0x0d,0xff,0x16,0x9f,0x0d,0xff,0x17,0xa0,0x0d,0xff,0x17,0xa2,0x0c,0xd9,
    0x15,0xa0,0x0c,0x8c,0x14,0xa0,0x0d,0x49,0x0e,0x9b,0x0e,0x12,0x00,0x00,0x00,0x00,
    0x00,0x00,0x00,0x00,0x00,0x00,0x00,0x00,0x00,0x00,0x00,0x00,0x00,0x00,0x00,0x00,
    0x00,0x00,0x00,0x00,0x00,0x00,0x00,0x00,0x00,0x00,0x00,0x00,0x00,0x00,0x00,0x00,
    0x00,0x00,0x00,0x00,0x00,0x00,0x00,0x00,0x00,0x00,0x00,0x00,0x00,0x00,0x00,0x00,
    0x00,0x00,0x00,0x00,0x00,0x00,0x00,0x00,0x00,0x00,0x00,0x00,0x00,0x00,0x00,0x00,
    0x00,0x00,0x00,0x00,0x00,0x00,0x00,0x00,0x00,0x00,0x00,0x00,0x00,0x00,0x00,0x00,
    0x00,0x00,0x00,0x00,0x00,0x00,0x00,0x00,0x00,0x00,0x00,0x00,0x00,0x00,0x00,0x00,
    0x00,0x00,0x00,0x00,0x00,0x00,0x00,0x00,0x0b,0xa6,0x0b,0x17,0x14,0x9d,0x0c,0x3f,
    0x15,0xa1,0x0d,0x75,0x16,0x9f,0x0c,0xb9,0x15,0x9f,0x0d,0xe9,0x17,0xa3,0x0d,0xff,
    0x18,0xa9,0x0e,0xff,0x17,0xa5,0x0d,0xff,0x17,0xa2,0x0d,0xff,0x16,0x9f,0x0d,0xff,
    0x16,0x9f,0x0d,0xff,0x16,0x9f,0x0d,0xff,0x16,0x9f,0x0d,0xff,0x16,0x9f,0x0d,0xff,
    0x16,0x9f,0x0d,0xff,0x16,0x9f,0x0d,0xff,0x16,0x9f,0x0d,0xff,0x16,0x9f,0x0d,0xff,
    0x16,0x9f,0x0d,0xff,0x16,0x9f,0x0d,0xff,0x16,0x9f,0x0d,0xff,0x16,0x9f,0x0d,0xff,
    0x16,0x9f,0x0d,0xff,0x16,0x9f,0x0d,0xff,0x16,0x9f,0x0d,0xff,0x16,0x9f,0x0d,0xff,
    0x16,0x9f,0x0d,0xff,0x16,0x9f,0x0d,0xff,0x16,0x9f,0x0d,0xff,0x16,0x9f,0x0d,0xff,
    0x16,0x9f,0x0d,0xff,0x16,0x9f,0x0d,0xff,0x16,0x9f,0x0d,0xff,0x16,0x9f,0x0d,0xff,
    0x16,0x9f,0x0d,0xff,0x16,0x9f,0x0d,0xff,0x16,0x9f,0x0d,0xff,0x16,0x9f,0x0d,0xff,
    0x16,0x9f,0x0d,0xff,0x16,0x9f,0x0d,0xff,0x16,0x9f,0x0d,0xff,0x16,0x9f,0x0d,0xff,
    0x16,0x9f,0x0d,0xff,0x16,0xa1,0x0d,0xff,0x17,0xa5,0x0e,0xff,0x17,0xa6,0x0e,0xff,
    0x17,0xa6,0x0d,0xff,0x15,0x9f,0x0c,0xe9,0x16,0xa0,0x0b,0xac,0x14,0xa0,0x0b,0x71,
    0x15,0xa1,0x0c,0x3c,0x16,0x9b,0x16,0x17,0x00,0xff,0x00,0x01,0x00,0x00,0x00,0x00,
    0x00,0x00,0x00,0x00,0x00,0x00,0x00,0x00,0x00,0x00,0x00,0x00,0x00,0x00,0x00,0x00,
    0x00,0x00,0x00,0x00,0x00,0x00,0x00,0x00,0x00,0x00,0x00,0x00,0x00,0x00,0x00,0x00,
    0x00,0x00,0x00,0x00,0x00,0x00,0x00,0x00,0x00,0x00,0x00,0x00,0x00,0x00,0x00,0x00,
    0x00,0x00,0x00,0x00,0x00,0x00,0x00,0x00,0x00,0x00,0x00,0x00,0x00,0x00,0x00,0x00,
    0x00,0x00,0x00,0x00,0x00,0x00,0x00,0x00,0x00,0x00,0x00,0x00,0x00,0x00,0x00,0x00,
    0x00,0x00,0x00,0x00,0x00,0x00,0x00,0x00,0x00,0x00,0x00,0x00,0x00,0x00,0x00,0x00,
    0x00,0x00,0x00,0x00,0x00,0x00,0x00,0x00,0x00,0x00,0x00,0x00,0x00,0x00,0x00,0x00,
    0x11,0xa1,0x08,0x1e,0x15,0x9e,0x0a,0x74,0x16,0xa0,0x0c,0xb7,0x16,0xa0,0x0c,0xe6,
    0x16,0xa1,0x0c,0xfc,0x16,0xa0,0x0d,0xfc,0x17,0xa0,0x0d,0xfd,0x16,0x9f,0x0d,0xff,
    0x16,0xa0,0x0d,0xff,0x16,0x9f,0x0d,0xff,0x16,0x9f,0x0d,0xff,0x16,0x9f,0x0d,0xff,
    0x16,0x9f,0x0d,0xff,0x16,0x9f,0x0d,0xff,0x16,0x9f,0x0d,0xff,0x16,0x9f,0x0d,0xff,
    0x16,0x9f,0x0d,0xff,0x16,0x9f,0x0d,0xff,0x16,0x9f,0x0d,0xff,0x16,0x9f,0x0d,0xff,
    0x16,0x9f,0x0d,0xff,0x16,0x9f,0x0d,0xff,0x16,0x9f,0x0d,0xff,0x16,0x9f,0x0d,0xff,
    0x16,0x9f,0x0d,0xff,0x16,0x9f,0x0d,0xff,0x16,0x9f,0x0d,0xff,0x16,0x9f,0x0d,0xff,
    0x16,0x9f,0x0d,0xff,0x16,0x9f,0x0d,0xff,0x16,0x9f,0x0d,0xff,0x16,0x9f,0x0d,0xff,
    0x16,0x9f,0x0d,0xff,0x16,0x9f,0x0d,0xff,0x16,0x9f,0x0d,0xff,0x16,0x9f,0x0d,0xff,
    0x16,0x9f,0x0d,0xff,0x16,0x9f,0x0d,0xff,0x16,0x9f,0x0d,0xff,0x16,0x9f,0x0d,0xff,
    0x16,0x9e,0x0d,0xff,0x16,0x9e,0x0d,0xfe,0x16,0x9f,0x0e,0xfb,0x15,0x9f,0x0d,0xf4,
    0x16,0xa0,0x0c,0xe9,0x16,0xa0,0x0b,0xb5,0x14,0x9d,0x08,0x59,0x09,0x9c,0x09,0x1a,
    0x00,0xaa,0x00,0x03,0x00,0x00,0x00,0x00,0x00,0x00,0x00,0x00,0x00,0x00,0x00,0x00,
    0x00,0x00,0x00,0x00,0x00,0x00,0x00,0x00,0x00,0x00,0x00,0x00,0x00,0x00,0x00,0x00,
    0x00,0x00,0x00,0x00,0x00,0x00,0x00,0x00,0x00,0x00,0x00,0x00,0x00,0x00,0x00,0x00,
    0x00,0x00,0x00,0x00,0x00,0x00,0x00,0x00,0x00,0x00,0x00,0x00,0x00,0x00,0x00,0x00,
    0x00,0x00,0x00,0x00,0x00,0x00,0x00,0x00,0x00,0x00,0x00,0x00,0x00,0x00,0x00,0x00,
    0x00,0x00,0x00,0x00,0x00,0x00,0x00,0x00,0x00,0x00,0x00,0x00,0x00,0x00,0x00,0x00,
    0x00,0x00,0x00,0x00,0x00,0x00,0x00,0x00,0x00,0x00,0x00,0x00,0x00,0x00,0x00,0x00,
    0x00,0x00,0x00,0x00,0x00,0x00,0x00,0x00,0x00,0x00,0x00,0x00,0x00,0x00,0x00,0x00,
    0x00,0x99,0x00,0x05,0x18,0x9d,0x0c,0x2a,0x14,0xa0,0x0e,0x56,0x15,0xa0,0x0b,0x84,
    0x15,0xa0,0x0b,0xaf,0x15,0x9e,0x0b,0xd7,0x15,0x9f,0x0c,0xf4,0x17,0xa4,0x0d,0xff,
    0x18,0xa8,0x0e,0xff,0x17,0xa5,0x0d,0xff,0x16,0xa2,0x0d,0xff,0x16,0xa0,0x0d,0xff,
    0x16,0x9f,0x0d,0xff,0x16,0x9f,0x0d,0xff,0x16,0x9f,0x0d,0xff,0x16,0x9f,0x0d,0xff,
    0x16,0x9f,0x0d,0xff,0x16,0x9f,0x0d,0xff,0x16,0x9f,0x0d,0xff,0x16,0x9f,0x0d,0xff,
    0x16,0x9f,0x0d,0xff,0x16,0x9f,0x0d,0xff,0x16,0x9f,0x0d,0xff,0x16,0x9f,0x0d,0xff,
    0x16,0x9f,0x0d,0xff,0x16,0x9f,0x0d,0xff,0x16,0x9f,0x0d,0xff,0x16,0x9f,0x0d,0xff,
    0x16,0x9f,0x0d,0xff,0x16,0x9f,0x0d,0xff,0x16,0x9f,0x0d,0xff,0x16,0x9f,0x0d,0xff,
    0x16,0x9f,0x0d,0xff,0x16,0x9f,0x0d,0xff,0x16,0x9e,0x0d,0xff,0x16,0x9f,0x0d,0xff,
    0x16,0xa1,0x0d,0xff,0x17,0xa3,0x0d,0xff,0x18,0xa5,0x0d,0xff,0x18,0xa6,0x0e,0xff,
    0x17,0xa5,0x0d,0xff,0x17,0x9f,0x0c,0xf3,0x16,0xa0,0x0c,0xcb,0x15,0x9e,0x0c,0xa3,
    0x15,0x9f,0x0a,0x78,0x14,0xa1,0x0a,0x4c,0x0f,0x97,0x07,0x20,0x00,0x7f,0x00,0x04,
    0x00,0x00,0x00,0x00,0x00,0x00,0x00,0x00,0x00,0x00,0x00,0x00,0x00,0x00,0x00,0x00,
    0x00,0x00,0x00,0x00,0x00,0x00,0x00,0x00,0x00,0x00,0x00,0x00,0x00,0x00,0x00,0x00,
    0x00,0x00,0x00,0x00,0x00,0x00,0x00,0x00,0x00,0x00,0x00,0x00,0x00,0x00,0x00,0x00,
    0x00,0x00,0x00,0x00,0x00,0x00,0x00,0x00,0x00,0x00,0x00,0x00,0x00,0x00,0x00,0x00,
    0x00,0x00,0x00,0x00,0x00,0x00,0x00,0x00,0x00,0x00,0x00,0x00,0x00,0x00,0x00,0x00,
    0x00,0x00,0x00,0x00,0x00,0x00,0x00,0x00,0x00,0x00,0x00,0x00,0x00,0x00,0x00,0x00,
    0x00,0x00,0x00,0x00,0x00,0x00,0x00,0x00,0x00,0x00,0x00,0x00,0x00,0x00,0x00,0x00,
    0x00,0x00,0x00,0x00,0x00,0x00,0x00,0x00,0x00,0x00,0x00,0x00,0x00,0x00,0x00,0x00,
    0x00,0x00,0x00,0x00,0x00,0x00,0x00,0x00,0x1c,0xaa,0x1c,0x09,0x10,0x9d,0x0a,0x2f,
    0x12,0x9c,0x0a,0x60,0x13,0x9d,0x0b,0x9d,0x14,0xa0,0x0c,0xcb,0x15,0x9f,0x0c,0xec,
    0x16,0x9f,0x0d,0xfd,0x17,0x9e,0x0d,0xfd,0x16,0x9d,0x0d,0xfc,0x16,0x9d,0x0d,0xfe,
    0x16,0x9e,0x0d,0xff,0x16,0x9f,0x0d,0xff,0x16,0x9f,0x0d,0xff,0x16,0x9f,0x0d,0xff,
    0x16,0x9f,0x0d,0xff,0x16,0x9f,0x0d,0xff,0x16,0x9f,0x0d,0xff,0x16,0x9f,0x0d,0xff,
    0x16,0x9f,0x0d,0xff,0x16,0x9f,0x0d,0xff,0x16,0x9f,0x0d,0xff,0x16,0x9f,0x0d,0xff,
    0x16,0x9f,0x0d,0xff,0x16,0x9f,0x0d,0xff,0x16,0x9f,0x0d,0xff,0x16,0x9f,0x0d,0xff,
    0x16,0x9f,0x0d,0xff,0x16,0x9f,0x0d,0xff,0x16,0x9f,0x0d,0xff,0x16,0x9f,0x0d,0xff,
    0x16,0x9f,0x0d,0xff,0x16,0x9f,0x0d,0xff,0x16,0x9e,0x0d,0xff,0x16,0x9e,0x0d,0xfe,
    0x16,0x9f,0x0d,0xfd,0x16,0x9e,0x0d,0xfd,0x17,0x9f,0x0d,0xfb,0x16,0x9e,0x0d,0xf7,
    0x16,0xa0,0x0c,0xed,0x16,0x9f,0x0c,0xc9,0x15,0xa0,0x0c,0x8d,0x12,0x9c,0x0c,0x53,
    0x0a,0x99,0x0a,0x19,0x00,0x00,0x00,0x00,0x00,0x00,0x00,0x00,0x00,0x00,0x00,0x00,
    0x00,0x00,0x00,0x00,0x00,0x00,0x00,0x00,0x00,0x00,0x00,0x00,0x00,0x00,0x00,0x00,
    0x00,0x00,0x00,0x00,0x00,0x00,0x00,0x00,0x00,0x00,0x00,0x00,0x00,0x00,0x00,0x00,
    0x00,0x00,0x00,0x00,0x00,0x00,0x00,0x00,0x00,0x00,0x00,0x00,0x00,0x00,0x00,0x00,
    0x00,0x00,0x00,0x00,0x00,0x00,0x00,0x00,0x00,0x00,0x00,0x00,0x00,0x00,0x00,0x00,
    0x00,0x00,0x00,0x00,0x00,0x00,0x00,0x00,0x00,0x00,0x00,0x00,0x00,0x00,0x00,0x00,
    0x00,0x00,0x00,0x00,0x00,0x00,0x00,0x00,0x00,0x00,0x00,0x00,0x00,0x00,0x00,0x00,
    0x00,0x00,0x00,0x00,0x00,0x00,0x00,0x00,0x00,0x00,0x00,0x00,0x00,0x00,0x00,0x00,
    0x00,0x00,0x00,0x00,0x00,0x00,0x00,0x00,0x00,0x00,0x00,0x00,0x00,0x00,0x00,0x00,
    0x00,0x00,0x00,0x00,0x00,0x00,0x00,0x00,0x00,0x00,0x00,0x00,0x13,0x9c,0x00,0x0d,
    0x15,0x9b,0x07,0x24,0x13,0x9c,0x0b,0x41,0x15,0xa0,0x0a,0x61,0x14,0xa0,0x0b,0x87,
    0x16,0x9f,0x0c,0xa8,0x16,0x9e,0x0b,0xc4,0x16,0x9f,0x0c,0xdc,0x16,0xa0,0x0c,0xf2,
    0x17,0xa1,0x0d,0xff,0x17,0xa6,0x0d,0xff,0x17,0xa8,0x0e,0xff,0x18,0xa7,0x0e,0xff,
    0x18,0xa6,0x0e,0xff,0x17,0xa5,0x0d,0xff,0x17,0xa4,0x0d,0xff,0x17,0xa3,0x0d,0xff,
    0x16,0xa2,0x0d,0xff,0x16,0xa1,0x0d,0xff,0x16,0xa2,0x0d,0xff,0x16,0xa2,0x0d,0xff,
    0x16,0xa2,0x0d,0xff,0x16,0xa1,0x0d,0xff,0x16,0xa2,0x0d,0xff,0x16,0xa2,0x0d,0xff,
    0x17,0xa3,0x0d,0xff,0x17,0xa4,0x0d,0xff,0x17,0xa5,0x0d,0xff,0x17,0xa6,0x0e,0xff,
    0x17,0xa7,0x0e,0xff,0x17,0xa8,0x0e,0xff,0x17,0xa7,0x0e,0xff,0x16,0xa0,0x0d,0xff,
    0x15,0x9f,0x0c,0xec,0x15,0x9e,0x0d,0xd7,0x15,0xa1,0x0c,0xbe,0x16,0x9f,0x0c,0xa0,
    0x16,0x9f,0x0c,0x7d,0x16,0xa0,0x0b,0x5c,0x15,0xa1,0x0c,0x3c,0x10,0x94,0x08,0x1f,
    0x00,0x7f,0x00,0x02,0x00,0x00,0x00,0x00,0x00,0x00,0x00,0x00,0x00,0x00,0x00,0x00,
    0x00,0x00,0x00,0x00,0x00,0x00,0x00,0x00,0x00,0x00,0x00,0x00,0x00,0x00,0x00,0x00,
    0x00,0x00,0x00,0x00,0x00,0x00,0x00,0x00,0x00,0x00,0x00,0x00,0x00,0x00,0x00,0x00,
    0x00,0x00,0x00,0x00,0x00,0x00,0x00,0x00,0x00,0x00,0x00,0x00,0x00,0x00,0x00,0x00,
    0x00,0x00,0x00,0x00,0x00,0x00,0x00,0x00,0x00,0x00,0x00,0x00,0x00,0x00,0x00,0x00,
    0x00,0x00,0x00,0x00,0x00,0x00,0x00,0x00,0x00,0x00,0x00,0x00,0x00,0x00,0x00,0x00,
    0x00,0x00,0x00,0x00,0x00,0x00,0x00,0x00,0x00,0x00,0x00,0x00,0x00,0x00,0x00,0x00,
    0x00,0x00,0x00,0x00,0x00,0x00,0x00,0x00,0x00,0x00,0x00,0x00,0x00,0x00,0x00,0x00,
    0x00,0x00,0x00,0x00,0x00,0x00,0x00,0x00,0x00,0x00,0x00,0x00,0x00,0x00,0x00,0x00,
    0x00,0x00,0x00,0x00,0x00,0x00,0x00,0x00,0x00,0x00,0x00,0x00,0x00,0x00,0x00,0x00,
    0x00,0x00,0x00,0x00,0x00,0x00,0x00,0x00,0x24,0x91,0x00,0x07,0x12,0xa1,0x06,0x29,
    0x16,0x9d,0x09,0x51,0x16,0x9e,0x0c,0x7f,0x16,0xa0,0x0d,0xa8,0x16,0xa0,0x0c,0xcb,
    0x17,0x9f,0x0c,0xe6,0x16,0xa0,0x0c,0xf5,0x16,0xa0,0x0d,0xfd,0x17,0xa0,0x0e,0xfd,
    0x17,0x9f,0x0e,0xfd,0x17,0xa0,0x0d,0xfd,0x17,0xa0,0x0d,0xfd,0x16,0x9f,0x0d,0xfd,
    0x16,0x9d,0x0d,0xfe,0x16,0x9d,0x0d,0xfe,0x16,0x9e,0x0d,0xfe,0x16,0x9e,0x0d,0xfe,
    0x16,0x9e,0x0d,0xfe,0x16,0x9d,0x0d,0xfe,0x16,0x9d,0x0d,0xfe,0x16,0x9d,0x0d,0xfe,
    0x16,0x9f,0x0d,0xfd,0x16,0x9f,0x0d,0xfd,0x16,0xa0,0x0d,0xfd,0x16,0x9f,0x0d,0xfc,
    0x16,0x9f,0x0d,0xfc,0x16,0x9f,0x0d,0xfd,0x16,0xa0,0x0d,0xf8,0x16,0x9f,0x0d,0xe3,
    0x15,0x9f,0x0d,0xc2,0x14,0x9f,0x0c,0x9e,0x13,0xa0,0x0c,0x77,0x14,0xa4,0x0a,0x49,
    0x16,0xa6,0x0b,0x17,0x00,0x00,0x00,0x00,0x00,0x00,0x00,0x00,0x00,0x00,0x00,0x00,
    0x00,0x00,0x00,0x00,0x00,0x00,0x00,0x00,0x00,0x00,0x00,0x00,0x00,0x00,0x00,0x00,
    0x00,0x00,0x00,0x00,0x00,0x00,0x00,0x00,0x00,0x00,0x00,0x00,0x00,0x00,0x00,0x00,
    0x00,0x00,0x00,0x00,0x00,0x00,0x00,0x00,0x00,0x00,0x00,0x00,0x00,0x00,0x00,0x00,
    0x00,0x00,0x00,0x00,0x00,0x00,0x00,0x00,0x00,0x00,0x00,0x00,0x00,0x00,0x00,0x00,
    0x00,0x00,0x00,0x00,0x00,0x00,0x00,0x00,0x00,0x00,0x00,0x00,0x00,0x00,0x00,0x00,
    0x00,0x00,0x00,0x00,0x00,0x00,0x00,0x00,0x00,0x00,0x00,0x00,0x00,0x00,0x00,0x00,
    0x00,0x00,0x00,0x00,0x00,0x00,0x00,0x00,0x00,0x00,0x00,0x00,0x00,0x00,0x00,0x00,
    0x00,0x00,0x00,0x00,0x00,0x00,0x00,0x00,0x00,0x00,0x00,0x00,0x00,0x00,0x00,0x00,
    0x00,0x00,0x00,0x00,0x00,0x00,0x00,0x00,0x00,0x00,0x00,0x00,0x00,0x00,0x00,0x00,
    0x00,0x00,0x00,0x00,0x00,0x00,0x00,0x00,0x00,0x00,0x00,0x00,0x00,0x00,0x00,0x00,
    0x00,0x00,0x00,0x00,0x00,0x00,0x00,0x00,0x00,0x00,0x00,0x00,0x00,0xaa,0x00,0x09,
    0x11,0x9e,0x08,0x1d,0x13,0x9e,0x09,0x35,0x18,0xa1,0x0d,0x4a,0x16,0xa0,0x0b,0x5c,
    0x16,0xa0,0x0b,0x6f,0x16,0x9f,0x0b,0x86,0x15,0x9e,0x0b,0x9a,0x16,0x9f,0x0c,0xa8,
    0x16,0x9f,0x0c,0xb3,0x15,0x9d,0x0c,0xbd,0x16,0xa0,0x0d,0xc4,0x15,0x9f,0x0c,0xcb,
    0x15,0x9f,0x0d,0xd1,0x16,0x9e,0x0d,0xd7,0x16,0x9e,0x0c,0xdb,0x16,0x9d,0x0c,0xdc,
    0x16,0x9e,0x0c,0xdb,0x16,0x9e,0x0c,0xd9,0x16,0x9f,0x0d,0xd6,0x15,0x9e,0x0c,0xd1,
    0x15,0x9f,0x0c,0xca,0x16,0x9e,0x0d,0xc3,0x15,0x9f,0x0c,0xba,0x15,0x9f,0x0d,0xb0,
    0x14,0x9f,0x0c,0xa3,0x14,0x9f,0x0d,0x95,0x15,0x9f,0x0d,0x85,0x16,0x9f,0x0b,0x70,
    0x14,0xa0,0x0b,0x59,0x12,0xa1,0x0b,0x44,0x0f,0xa1,0x0a,0x31,0x14,0xa3,0x0a,0x19,
    0x00,0x00,0x00,0x00,0x00,0x00,0x00,0x00,0x00,0x00,0x00,0x00,0x00,0x00,0x00,0x00,
    0x00,0x00,0x00,0x00,0x00,0x00,0x00,0x00,0x00,0x00,0x00,0x00,0x00,0x00,0x00,0x00,
    0x00,0x00,0x00,0x00,0x00,0x00,0x00,0x00,0x00,0x00,0x00,0x00,0x00,0x00,0x00,0x00,
    0x00,0x00,0x00,0x00,0x00,0x00,0x00,0x00,0x00,0x00,0x00,0x00,0x00,0x00,0x00,0x00,
    0x00,0x00,0x00,0x00,0x00,0x00,0x00,0x00,0x00,0x00,0x00,0x00,0x00,0x00,0x00,0x00,
    0x00,0x00,0x00,0x00,0x00,0x00,0x00,0x00,0x00,0x00,0x00,0x00,0x00,0x00,0x00,0x00,
    0x00,0x00,0x00,0x00,0x00,0x00,0x00,0x00,0x00,0x00,0x00,0x00,0x00,0x00,0x00,0x00,
    0x00,0x00,0x00,0x00,0x00,0x00,0x00,0x00,0x00,0x00,0x00,0x00,0x00,0x00,0x00,0x00,
    0x00,0x00,0x00,0x00,0x00,0x00,0x00,0x00,0x00,0x00,0x00,0x00,0x00,0x00,0x00,0x00,
    0x00,0x00,0x00,0x00,0x00,0x00,0x00,0x00,0x00,0x00,0x00,0x00,0x00,0x00,0x00,0x00,
    0x00,0x00,0x00,0x00,0x00,0x00,0x00,0x00,0x00,0x00,0x00,0x00,0x00,0x00,0x00,0x00,
    0x00,0x00,0x00,0x00,0x00,0x00,0x00,0x00,0x00,0x00,0x00,0x00,0x00,0x00,0x00,0x00,
    0x00,0x00,0x00,0x00,0x00,0x00,0x00,0x00,0x00,0x00,0x00,0x00,0x00,0x00,0x00,0x00,
    0x24,0x91,0x00,0x07,0x15,0xa0,0x07,0x23,0x17,0x9c,0x07,0x41,0x16,0x9c,0x08,0x5b,
    0x14,0x9b,0x09,0x71,0x13,0x9b,0x0b,0x83,0x13,0x9e,0x0c,0x91,0x14,0xa1,0x0c,0x9e,
    0x16,0xa2,0x0d,0xa9,0x16,0xa1,0x0c,0xb4,0x15,0x9f,0x0c,0xbb,0x15,0x9d,0x0c,0xbd,
    0x15,0x9e,0x0c,0xbb,0x16,0x9f,0x0c,0xb8,0x16,0xa1,0x0c,0xb2,0x16,0xa2,0x0c,0xa8,
    0x15,0xa1,0x0b,0x9b,0x15,0x9e,0x0c,0x8e,0x16,0x9d,0x0c,0x7e,0x15,0x9d,0x0b,0x6b,
    0x12,0x9d,0x0c,0x54,0x12,0x9f,0x0d,0x38,0x11,0x95,0x08,0x1d,0x17,0xa2,0x00,0x0b,
    0x00,0x00,0x00,0x01,0x00,0x00,0x00,0x00,0x00,0x00,0x00,0x00,0x00,0x00,0x00,0x00,
    0x00,0x00,0x00,0x00,0x00,0x00,0x00,0x00,0x00,0x00,0x00,0x00,0x00,0x00,0x00,0x00,
    0x00,0x00,0x00,0x00,0x00,0x00,0x00,0x00,0x00,0x00,0x00,0x00,0x00,0x00,0x00,0x00,
    0x00,0x00,0x00,0x00,0x00,0x00,0x00,0x00,0x00,0x00,0x00,0x00,0x00,0x00,0x00,0x00,
    0x00,0x00,0x00,0x00,0x00,0x00,0x00,0x00,0x00,0x00,0x00,0x00,0x00,0x00,0x00,0x00,
    0x00,0x00,0x00,0x00,0x00,0x00,0x00,0x00,0x00,0x00,0x00,0x00,0x00,0x00,0x00,0x00,
    0x00,0x00,0x00,0x00,0x00,0x00,0x00,0x00,0x00,0x00,0x00,0x00,0x00,0x00,0x00,0x00,
};

const lv_image_dsc_t icn_whatsapp_80x80_ARGB8888_aligned = {
  .header.magic = LV_IMAGE_HEADER_MAGIC,
  .header.cf = LV_COLOR_FORMAT_ARGB8888,
  .header.stride = 320,
  .header.flags = 0,
  .header.w = 80,
  .header.h = 80,
  .data_size = sizeof(icn_whatsapp_80x80_ARGB8888_aligned_map),
  .data = icn_whatsapp_80x80_ARGB8888_aligned_map,
};
