#ifdef __has_include
#if __has_include("lvgl.h")
#ifndef LV_LVGL_H_INCLUDE_SIMPLE
#define LV_LVGL_H_INCLUDE_SIMPLE
#endif
#endif
#endif

#if defined(LV_LVGL_H_INCLUDE_SIMPLE)
 #include "lvgl.h"
#else
 #include "lvgl/lvgl.h"
#endif

#ifndef LV_ATTRIBUTE_MEM_ALIGN
#define LV_ATTRIBUTE_MEM_ALIGN
#endif

#ifndef LV_ATTRIBUTE_IMAGE_IMG_CAR_99X99_ARGB8888_ALIGNED
#define LV_ATTRIBUTE_IMAGE_IMG_CAR_99X99_ARGB8888_ALIGNED
#endif

const LV_ATTRIBUTE_MEM_ALIGN LV_ATTRIBUTE_LARGE_CONST LV_ATTRIBUTE_IMAGE_IMG_CAR_99X99_ARGB8888_ALIGNED uint8_t img_car_99x99_ARGB8888_aligned_map[] = {
    0x00,0x00,0x00,0x00,0x00,0x00,0x00,0x00,0x00,0x00,0x00,0x00,0x00,0x00,0x00,0x00,
    0x00,0x00,0x00,0x00,0x00,0x00,0x00,0x00,0x00,0x00,0x00,0x00,0x00,0x00,0x00,0x00,
    0x00,0x00,0x00,0x00,0x00,0x00,0x00,0x00,0x00,0x00,0x00,0x00,0x00,0x00,0x00,0x00,
    0x00,0x00,0x00,0x00,0x00,0x00,0x00,0x00,0x00,0x00,0x00,0x00,0x00,0x00,0x00,0x00,
    0x00,0x00,0x00,0x00,0x00,0x00,0x00,0x00,0x00,0x00,0x00,0x00,0x00,0x00,0x00,0x00,
    0x00,0x00,0x00,0x00,0x00,0x00,0x00,0x00,0x00,0x00,0x00,0x00,0x00,0x00,0x00,0x00,
    0x00,0x00,0x00,0x00,0x00,0x00,0x00,0x00,0x00,0x00,0x00,0x00,0x00,0x00,0x00,0x00,
    0x00,0x00,0x00,0x00,0x00,0x00,0x00,0x00,0x00,0x00,0x00,0x00,0x00,0x00,0x00,0x00,
    0x00,0x00,0x00,0x00,0x00,0x00,0x00,0x00,0x00,0x00,0x00,0x00,0x00,0x00,0x00,0x00,
    0x00,0x00,0x00,0x00,0x00,0x00,0x00,0x00,0x00,0x00,0x00,0x00,0x00,0x7f,0x00,0x02,
    0x3f,0xac,0x13,0x28,0x3c,0xb0,0x12,0x54,0x3e,0xb1,0x10,0x7a,0x40,0xb1,0x12,0x9a,
    0x3f,0xb0,0x13,0xb8,0x3f,0xb0,0x12,0xcd,0x40,0xb0,0x12,0xdf,0x3f,0xb0,0x12,0xec,
    0x3f,0xb0,0x12,0xf4,0x40,0xb1,0x13,0xff,0x3f,0xb0,0x12,0xfa,0x40,0xb0,0x12,0xef,
    0x3f,0xb0,0x12,0xe1,0x3f,0xaf,0x13,0xd5,0x3f,0xb0,0x13,0xc9,0x3f,0xaf,0x13,0xb9,
    0x40,0xb1,0x12,0x9a,0x3e,0xb1,0x10,0x7a,0x3c,0xb0,0x12,0x54,0x3f,0xac,0x13,0x28,
    0x00,0x7f,0x00,0x02,0x00,0x00,0x00,0x00,0x00,0x00,0x00,0x00,0x00,0x00,0x00,0x00,
    0x00,0x00,0x00,0x00,0x00,0x00,0x00,0x00,0x00,0x00,0x00,0x00,0x00,0x00,0x00,0x00,
    0x00,0x00,0x00,0x00,0x00,0x00,0x00,0x00,0x00,0x00,0x00,0x00,0x00,0x00,0x00,0x00,
    0x00,0x00,0x00,0x00,0x00,0x00,0x00,0x00,0x00,0x00,0x00,0x00,0x00,0x00,0x00,0x00,
    0x00,0x00,0x00,0x00,0x00,0x00,0x00,0x00,0x00,0x00,0x00,0x00,0x00,0x00,0x00,0x00,
    0x00,0x00,0x00,0x00,0x00,0x00,0x00,0x00,0x00,0x00,0x00,0x00,0x00,0x00,0x00,0x00,
    0x00,0x00,0x00,0x00,0x00,0x00,0x00,0x00,0x00,0x00,0x00,0x00,0x00,0x00,0x00,0x00,
    0x00,0x00,0x00,0x00,0x00,0x00,0x00,0x00,0x00,0x00,0x00,0x00,0x00,0x00,0x00,0x00,
    0x00,0x00,0x00,0x00,0x00,0x00,0x00,0x00,0x00,0x00,0x00,0x00,0x00,0x00,0x00,0x00,
    0x00,0x00,0x00,0x00,0x00,0x00,0x00,0x00,0x00,0x00,0x00,0x00,0x00,0x00,0x00,0x00,
    0x00,0x00,0x00,0x00,0x00,0x00,0x00,0x00,0x00,0x00,0x00,0x00,0x00,0x00,0x00,0x00,
    0x00,0x00,0x00,0x00,0x00,0x00,0x00,0x00,0x00,0x00,0x00,0x00,0x00,0x00,0x00,0x00,
    0x00,0x00,0x00,0x00,0x00,0x00,0x00,0x00,0x00,0x00,0x00,0x00,0x00,0x00,0x00,0x00,
    0x00,0x00,0x00,0x00,0x00,0x00,0x00,0x00,0x00,0x00,0x00,0x00,0x00,0x00,0x00,0x00,
    0x00,0x00,0x00,0x00,0x00,0x00,0x00,0x00,0x00,0x00,0x00,0x00,0x00,0x00,0x00,0x00,
    0x00,0x00,0x00,0x00,0x00,0x00,0x00,0x00,0x00,0x00,0x00,0x00,0x00,0x00,0x00,0x00,
    0x00,0x00,0x00,0x00,0x00,0x00,0x00,0x00,0x00,0x00,0x00,0x00,0x00,0x00,0x00,0x00,
    0x00,0x00,0x00,0x00,0x00,0x00,0x00,0x00,0x00,0x00,0x00,0x00,0x00,0x00,0x00,0x00,
    0x00,0x00,0x00,0x00,0x00,0x00,0x00,0x00,0x00,0x00,0x00,0x00,0x00,0x00,0x00,0x00,
    0x00,0x00,0x00,0x00,0x00,0x00,0x00,0x00,0x00,0x00,0x00,0x00,0x00,0x00,0x00,0x00,
    0x00,0x00,0x00,0x00,0x00,0x00,0x00,0x00,0x00,0x00,0x00,0x00,0x00,0x00,0x00,0x00,
    0x00,0x00,0x00,0x00,0x00,0x00,0x00,0x00,0x00,0x00,0x00,0x00,0x55,0xaa,0x00,0x03,
    0x42,0xb1,0x0b,0x17,0x3b,0xab,0x11,0x2b,0x3d,0xac,0x10,0x3e,0x40,0xaf,0x11,0x57,
    0x3f,0xaf,0x13,0x74,0x3f,0xb1,0x13,0x90,0x3f,0xb0,0x12,0xa9,0x3f,0xb0,0x11,0xbd,
    0x3f,0xb0,0x13,0xd1,0x40,0xb0,0x12,0xdf,0x3f,0xb0,0x12,0xea,0x40,0xb0,0x12,0xf3,
    0x3f,0xaf,0x12,0xf8,0x40,0xb1,0x13,0xff,0x3f,0xb0,0x12,0xfc,0x3f,0xaf,0x12,0xf5,
    0x3e,0xb0,0x12,0xec,0x40,0xb1,0x13,0xe3,0x3f,0xb0,0x12,0xdc,0x3f,0xb0,0x13,0xd1,
    0x3f,0xb0,0x11,0xbd,0x3f,0xb0,0x12,0xa9,0x3f,0xb1,0x13,0x90,0x3f,0xaf,0x13,0x74,
    0x40,0xaf,0x11,0x57,0x3d,0xac,0x10,0x3e,0x3b,0xb1,0x11,0x2b,0x42,0xb1,0x0b,0x17,
    0x55,0xaa,0x00,0x03,0x00,0x00,0x00,0x00,0x00,0x00,0x00,0x00,0x00,0x00,0x00,0x00,
    0x00,0x00,0x00,0x00,0x00,0x00,0x00,0x00,0x00,0x00,0x00,0x00,0x00,0x00,0x00,0x00,
    0x00,0x00,0x00,0x00,0x00,0x00,0x00,0x00,0x00,0x00,0x00,0x00,0x00,0x00,0x00,0x00,
    0x00,0x00,0x00,0x00,0x00,0x00,0x00,0x00,0x00,0x00,0x00,0x00,0x00,0x00,0x00,0x00,
    0x00,0x00,0x00,0x00,0x00,0x00,0x00,0x00,0x00,0x00,0x00,0x00,0x00,0x00,0x00,0x00,
    0x00,0x00,0x00,0x00,0x00,0x00,0x00,0x00,0x00,0x00,0x00,0x00,0x00,0x00,0x00,0x00,
    0x00,0x00,0x00,0x00,0x00,0x00,0x00,0x00,0x00,0x00,0x00,0x00,0x00,0x00,0x00,0x00,
    0x00,0x00,0x00,0x00,0x00,0x00,0x00,0x00,0x00,0x00,0x00,0x00,0x00,0x00,0x00,0x00,
    0x00,0x00,0x00,0x00,0x00,0x00,0x00,0x00,0x00,0x00,0x00,0x00,0x00,0x00,0x00,0x00,
    0x00,0x00,0x00,0x00,0x00,0x00,0x00,0x00,0x00,0x00,0x00,0x00,0x00,0x00,0x00,0x00,
    0x00,0x00,0x00,0x00,0x00,0x00,0x00,0x00,0x00,0x00,0x00,0x00,0x00,0x00,0x00,0x00,
    0x00,0x00,0x00,0x00,0x00,0x00,0x00,0x00,0x00,0x00,0x00,0x00,0x00,0x00,0x00,0x00,
    0x00,0x00,0x00,0x00,0x00,0x00,0x00,0x00,0x00,0x00,0x00,0x00,0x00,0x00,0x00,0x00,
    0x00,0x00,0x00,0x00,0x00,0x00,0x00,0x00,0x00,0x00,0x00,0x00,0x00,0x00,0x00,0x00,
    0x00,0x00,0x00,0x00,0x00,0x00,0x00,0x00,0x00,0x00,0x00,0x00,0x00,0x00,0x00,0x00,
    0x00,0x00,0x00,0x00,0x00,0x00,0x00,0x00,0x00,0x00,0x00,0x00,0x00,0x00,0x00,0x00,
    0x00,0x00,0x00,0x00,0x00,0x00,0x00,0x00,0x00,0x00,0x00,0x00,0x00,0x00,0x00,0x00,
    0x00,0x00,0x00,0x00,0x00,0x00,0x00,0x00,0x00,0x00,0x00,0x00,0x00,0x00,0x00,0x00,
    0x00,0x00,0x00,0x00,0x00,0x00,0x00,0x00,0x00,0x00,0x00,0x00,0x00,0x00,0x00,0x00,
    0x00,0x00,0x00,0x00,0x00,0x00,0x00,0x00,0x00,0x00,0x00,0x00,0x00,0x00,0x00,0x00,
    0x3f,0xbf,0x1f,0x08,0x4c,0xbf,0x19,0x14,0x3c,0xb5,0x0d,0x26,0x3e,0xaf,0x11,0x4a,
    0x40,0xae,0x10,0x7f,0x3f,0xaf,0x11,0xb1,0x3e,0xaf,0x12,0xe7,0x42,0xb6,0x13,0xff,
    0x44,0xbc,0x14,0xff,0x43,0xb8,0x14,0xff,0x42,0xb7,0x14,0xff,0x42,0xb5,0x14,0xff,
    0x41,0xb4,0x13,0xff,0x41,0xb3,0x13,0xff,0x41,0xb2,0x13,0xff,0x40,0xb2,0x13,0xff,
    0x40,0xb1,0x13,0xff,0x40,0xb1,0x13,0xff,0x40,0xb1,0x13,0xff,0x40,0xb2,0x13,0xff,
    0x41,0xb2,0x13,0xff,0x41,0xb3,0x13,0xff,0x41,0xb3,0x13,0xff,0x41,0xb4,0x13,0xff,
    0x42,0xb5,0x14,0xff,0x42,0xb7,0x14,0xff,0x43,0xb8,0x14,0xff,0x44,0xbc,0x14,0xff,
    0x42,0xb6,0x13,0xff,0x3e,0xaf,0x12,0xe7,0x3f,0xb0,0x11,0xb2,0x40,0xae,0x10,0x7f,
    0x3e,0xaf,0x11,0x4a,0x3c,0xb5,0x0d,0x26,0x4c,0xb2,0x19,0x14,0x3f,0xbf,0x1f,0x08,
    0x00,0x00,0x00,0x00,0x00,0x00,0x00,0x00,0x00,0x00,0x00,0x00,0x00,0x00,0x00,0x00,
    0x00,0x00,0x00,0x00,0x00,0x00,0x00,0x00,0x00,0x00,0x00,0x00,0x00,0x00,0x00,0x00,
    0x00,0x00,0x00,0x00,0x00,0x00,0x00,0x00,0x00,0x00,0x00,0x00,0x00,0x00,0x00,0x00,
    0x00,0x00,0x00,0x00,0x00,0x00,0x00,0x00,0x00,0x00,0x00,0x00,0x00,0x00,0x00,0x00,
    0x00,0x00,0x00,0x00,0x00,0x00,0x00,0x00,0x00,0x00,0x00,0x00,0x00,0x00,0x00,0x00,
    0x00,0x00,0x00,0x00,0x00,0x00,0x00,0x00,0x00,0x00,0x00,0x00,0x00,0x00,0x00,0x00,
    0x00,0x00,0x00,0x00,0x00,0x00,0x00,0x00,0x00,0x00,0x00,0x00,0x00,0x00,0x00,0x00,
    0x00,0x00,0x00,0x00,0x00,0x00,0x00,0x00,0x00,0x00,0x00,0x00,0x00,0x00,0x00,0x00,
    0x00,0x00,0x00,0x00,0x00,0x00,0x00,0x00,0x00,0x00,0x00,0x00,0x00,0x00,0x00,0x00,
    0x00,0x00,0x00,0x00,0x00,0x00,0x00,0x00,0x00,0x00,0x00,0x00,0x00,0x00,0x00,0x00,
    0x00,0x00,0x00,0x00,0x00,0x00,0x00,0x00,0x00,0x00,0x00,0x00,0x00,0x00,0x00,0x00,
    0x00,0x00,0x00,0x00,0x00,0x00,0x00,0x00,0x00,0x00,0x00,0x00,0x00,0x00,0x00,0x00,
    0x00,0x00,0x00,0x00,0x00,0x00,0x00,0x00,0x00,0x00,0x00,0x00,0x00,0x00,0x00,0x00,
    0x00,0x00,0x00,0x00,0x00,0x00,0x00,0x00,0x00,0x00,0x00,0x00,0x00,0x00,0x00,0x00,
    0x00,0x00,0x00,0x00,0x00,0x00,0x00,0x00,0x00,0x00,0x00,0x00,0x00,0x00,0x00,0x00,
    0x00,0x00,0x00,0x00,0x00,0x00,0x00,0x00,0x00,0x00,0x00,0x00,0x00,0x00,0x00,0x00,
    0x00,0x00,0x00,0x00,0x00,0x00,0x00,0x00,0x00,0x00,0x00,0x00,0x00,0x00,0x00,0x00,
    0x00,0x00,0x00,0x00,0x00,0x00,0x00,0x00,0x00,0x00,0x00,0x00,0x00,0x00,0x00,0x00,
    0x00,0x00,0x00,0x00,0x00,0xff,0x00,0x01,0x3f,0xbf,0x00,0x04,0x48,0xa3,0x00,0x0e,
    0x3f,0xac,0x0f,0x50,0x3f,0xb0,0x11,0xa0,0x3f,0xb1,0x12,0xe1,0x41,0xb5,0x12,0xff,
    0x41,0xb3,0x13,0xff,0x41,0xb3,0x13,0xff,0x40,0xb2,0x13,0xff,0x40,0xb1,0x13,0xff,
    0x40,0xb1,0x13,0xff,0x40,0xb1,0x13,0xff,0x40,0xb1,0x13,0xff,0x40,0xb1,0x13,0xff,
    0x40,0xb1,0x13,0xff,0x40,0xb1,0x13,0xff,0x40,0xb1,0x13,0xff,0x40,0xb1,0x13,0xff,
    0x40,0xb1,0x13,0xff,0x40,0xb1,0x13,0xff,0x40,0xb1,0x13,0xff,0x40,0xb1,0x13,0xff,
    0x40,0xb1,0x13,0xff,0x40,0xb1,0x13,0xff,0x40,0xb1,0x13,0xff,0x40,0xb1,0x13,0xff,
    0x40,0xb1,0x13,0xff,0x40,0xb1,0x13,0xff,0x40,0xb1,0x13,0xff,0x40,0xb1,0x13,0xff,
    0x40,0xb1,0x13,0xff,0x40,0xb2,0x13,0xff,0x41,0xb3,0x13,0xff,0x41,0xb3,0x13,0xff,
    0x41,0xb6,0x12,0xff,0x3f,0xb1,0x12,0xe1,0x3f,0xaf,0x11,0xa0,0x3f,0xac,0x0f,0x50,
    0x48,0xa3,0x00,0x0e,0x3f,0xbf,0x00,0x04,0x00,0xff,0x00,0x01,0x00,0x00,0x00,0x00,
    0x00,0x00,0x00,0x00,0x00,0x00,0x00,0x00,0x00,0x00,0x00,0x00,0x00,0x00,0x00,0x00,
    0x00,0x00,0x00,0x00,0x00,0x00,0x00,0x00,0x00,0x00,0x00,0x00,0x00,0x00,0x00,0x00,
    0x00,0x00,0x00,0x00,0x00,0x00,0x00,0x00,0x00,0x00,0x00,0x00,0x00,0x00,0x00,0x00,
    0x00,0x00,0x00,0x00,0x00,0x00,0x00,0x00,0x00,0x00,0x00,0x00,0x00,0x00,0x00,0x00,
    0x00,0x00,0x00,0x00,0x00,0x00,0x00,0x00,0x00,0x00,0x00,0x00,0x00,0x00,0x00,0x00,
    0x00,0x00,0x00,0x00,0x00,0x00,0x00,0x00,0x00,0x00,0x00,0x00,0x00,0x00,0x00,0x00,
    0x00,0x00,0x00,0x00,0x00,0x00,0x00,0x00,0x00,0x00,0x00,0x00,0x00,0x00,0x00,0x00,
    0x00,0x00,0x00,0x00,0x00,0x00,0x00,0x00,0x00,0x00,0x00,0x00,0x00,0x00,0x00,0x00,
    0x00,0x00,0x00,0x00,0x00,0x00,0x00,0x00,0x00,0x00,0x00,0x00,0x00,0x00,0x00,0x00,
    0x00,0x00,0x00,0x00,0x00,0x00,0x00,0x00,0x00,0x00,0x00,0x00,0x00,0x00,0x00,0x00,
    0x00,0x00,0x00,0x00,0x00,0x00,0x00,0x00,0x00,0x00,0x00,0x00,0x00,0x00,0x00,0x00,
    0x00,0x00,0x00,0x00,0x00,0x00,0x00,0x00,0x00,0x00,0x00,0x00,0x00,0x00,0x00,0x00,
    0x00,0x00,0x00,0x00,0x00,0x00,0x00,0x00,0x00,0x00,0x00,0x00,0x00,0x00,0x00,0x00,
    0x00,0x00,0x00,0x00,0x00,0x00,0x00,0x00,0x00,0x00,0x00,0x00,0x00,0x00,0x00,0x00,
    0x00,0x00,0x00,0x00,0x00,0x00,0x00,0x00,0x00,0x00,0x00,0x00,0x00,0x00,0x00,0x00,
    0x00,0x00,0x00,0x00,0x00,0x00,0x00,0x00,0x00,0x00,0x00,0x00,0x00,0x00,0x00,0x00,
    0x00,0x00,0x00,0x00,0x00,0x00,0x00,0x00,0x00,0x00,0x00,0x00,0x00,0x00,0x00,0x00,
    0x00,0x00,0x00,0x00,0x3c,0xb0,0x12,0x2a,0x3e,0xb0,0x12,0x8b,0x3f,0xaf,0x12,0xd9,
    0x40,0xb0,0x12,0xf3,0x3f,0xb0,0x12,0xfa,0x40,0xb0,0x13,0xfe,0x40,0xb2,0x13,0xff,
    0x40,0xb2,0x13,0xff,0x40,0xb1,0x13,0xff,0x40,0xb1,0x13,0xff,0x40,0xb1,0x13,0xff,
    0x40,0xb1,0x13,0xff,0x40,0xb1,0x13,0xff,0x40,0xb1,0x13,0xff,0x40,0xb1,0x13,0xff,
    0x40,0xb1,0x13,0xff,0x40,0xb1,0x13,0xff,0x40,0xb1,0x13,0xff,0x40,0xb1,0x13,0xff,
    0x40,0xb1,0x13,0xff,0x40,0xb1,0x13,0xff,0x40,0xb1,0x13,0xff,0x40,0xb1,0x13,0xff,
    0x40,0xb1,0x13,0xff,0x40,0xb1,0x13,0xff,0x40,0xb1,0x13,0xff,0x40,0xb1,0x13,0xff,
    0x40,0xb1,0x13,0xff,0x40,0xb1,0x13,0xff,0x40,0xb1,0x13,0xff,0x40,0xb1,0x13,0xff,
    0x40,0xb1,0x13,0xff,0x40,0xb1,0x13,0xff,0x40,0xb1,0x13,0xff,0x40,0xb2,0x13,0xff,
    0x40,0xb2,0x13,0xff,0x40,0xb0,0x13,0xfe,0x3f,0xaf,0x12,0xfa,0x40,0xb0,0x12,0xf3,
    0x3f,0xaf,0x12,0xd9,0x3e,0xb0,0x12,0x8b,0x3c,0xb0,0x12,0x2a,0x00,0x00,0x00,0x00,
    0x00,0x00,0x00,0x00,0x00,0x00,0x00,0x00,0x00,0x00,0x00,0x00,0x00,0x00,0x00,0x00,
    0x00,0x00,0x00,0x00,0x00,0x00,0x00,0x00,0x00,0x00,0x00,0x00,0x00,0x00,0x00,0x00,
    0x00,0x00,0x00,0x00,0x00,0x00,0x00,0x00,0x00,0x00,0x00,0x00,0x00,0x00,0x00,0x00,
    0x00,0x00,0x00,0x00,0x00,0x00,0x00,0x00,0x00,0x00,0x00,0x00,0x00,0x00,0x00,0x00,
    0x00,0x00,0x00,0x00,0x00,0x00,0x00,0x00,0x00,0x00,0x00,0x00,0x00,0x00,0x00,0x00,
    0x00,0x00,0x00,0x00,0x00,0x00,0x00,0x00,0x00,0x00,0x00,0x00,0x00,0x00,0x00,0x00,
    0x00,0x00,0x00,0x00,0x00,0x00,0x00,0x00,0x00,0x00,0x00,0x00,0x00,0x00,0x00,0x00,
    0x00,0x00,0x00,0x00,0x00,0x00,0x00,0x00,0x00,0x00,0x00,0x00,0x00,0x00,0x00,0x00,
    0x00,0x00,0x00,0x00,0x00,0x00,0x00,0x00,0x00,0x00,0x00,0x00,0x00,0x00,0x00,0x00,
    0x00,0x00,0x00,0x00,0x00,0x00,0x00,0x00,0x00,0x00,0x00,0x00,0x00,0x00,0x00,0x00,
    0x00,0x00,0x00,0x00,0x00,0x00,0x00,0x00,0x00,0x00,0x00,0x00,0x00,0x00,0x00,0x00,
    0x00,0x00,0x00,0x00,0x00,0x00,0x00,0x00,0x00,0x00,0x00,0x00,0x00,0x00,0x00,0x00,
    0x00,0x00,0x00,0x00,0x00,0x00,0x00,0x00,0x00,0x00,0x00,0x00,0x00,0x00,0x00,0x00,
    0x00,0x00,0x00,0x00,0x00,0x00,0x00,0x00,0x00,0x00,0x00,0x00,0x00,0x00,0x00,0x00,
    0x00,0x00,0x00,0x00,0x00,0x00,0x00,0x00,0x00,0x00,0x00,0x00,0x00,0x00,0x00,0x00,
    0x00,0x00,0x00,0x00,0x00,0x00,0x00,0x00,0x00,0x00,0x00,0x00,0x00,0x00,0x00,0x00,
    0x00,0x00,0x00,0x00,0x00,0x00,0x00,0x00,0x00,0x7f,0x00,0x02,0x3c,0xb0,0x12,0x44,
    0x3e,0xb2,0x13,0x9f,0x3f,0xb1,0x11,0xd9,0x40,0xb0,0x13,0xee,0x40,0xb1,0x13,0xff,
    0x41,0xb4,0x13,0xff,0x41,0xb3,0x13,0xff,0x40,0xb2,0x13,0xff,0x40,0xb1,0x13,0xff,
    0x40,0xb1,0x13,0xff,0x40,0xb1,0x13,0xff,0x40,0xb1,0x13,0xff,0x40,0xb1,0x13,0xff,
    0x40,0xb1,0x13,0xff,0x40,0xb1,0x13,0xff,0x40,0xb1,0x13,0xff,0x40,0xb1,0x13,0xff,
    0x40,0xb1,0x13,0xff,0x40,0xb1,0x13,0xff,0x40,0xb1,0x13,0xff,0x40,0xb1,0x13,0xff,
    0x40,0xb1,0x13,0xff,0x40,0xb1,0x13,0xff,0x40,0xb1,0x13,0xff,0x40,0xb1,0x13,0xff,
    0x40,0xb1,0x13,0xff,0x40,0xb1,0x13,0xff,0x40,0xb1,0x13,0xff,0x40,0xb1,0x13,0xff,
    0x40,0xb1,0x13,0xff,0x40,0xb1,0x13,0xff,0x40,0xb1,0x13,0xff,0x40,0xb1,0x13,0xff,
    0x40,0xb1,0x13,0xff,0x40,0xb1,0x13,0xff,0x40,0xb1,0x13,0xff,0x40,0xb1,0x13,0xff,
    0x40,0xb1,0x13,0xff,0x40,0xb2,0x13,0xff,0x41,0xb3,0x13,0xff,0x41,0xb4,0x13,0xff,
    0x40,0xb1,0x13,0xff,0x40,0xb0,0x13,0xee,0x3f,0xb1,0x11,0xd9,0x3f,0xb0,0x13,0xa0,
    0x3e,0xad,0x12,0x45,0x00,0x7f,0x00,0x02,0x00,0x00,0x00,0x00,0x00,0x00,0x00,0x00,
    0x00,0x00,0x00,0x00,0x00,0x00,0x00,0x00,0x00,0x00,0x00,0x00,0x00,0x00,0x00,0x00,
    0x00,0x00,0x00,0x00,0x00,0x00,0x00,0x00,0x00,0x00,0x00,0x00,0x00,0x00,0x00,0x00,
    0x00,0x00,0x00,0x00,0x00,0x00,0x00,0x00,0x00,0x00,0x00,0x00,0x00,0x00,0x00,0x00,
    0x00,0x00,0x00,0x00,0x00,0x00,0x00,0x00,0x00,0x00,0x00,0x00,0x00,0x00,0x00,0x00,
    0x00,0x00,0x00,0x00,0x00,0x00,0x00,0x00,0x00,0x00,0x00,0x00,0x00,0x00,0x00,0x00,
    0x00,0x00,0x00,0x00,0x00,0x00,0x00,0x00,0x00,0x00,0x00,0x00,0x00,0x00,0x00,0x00,
    0x00,0x00,0x00,0x00,0x00,0x00,0x00,0x00,0x00,0x00,0x00,0x00,0x00,0x00,0x00,0x00,
    0x00,0x00,0x00,0x00,0x00,0x00,0x00,0x00,0x00,0x00,0x00,0x00,0x00,0x00,0x00,0x00,
    0x00,0x00,0x00,0x00,0x00,0x00,0x00,0x00,0x00,0x00,0x00,0x00,0x00,0x00,0x00,0x00,
    0x00,0x00,0x00,0x00,0x00,0x00,0x00,0x00,0x00,0x00,0x00,0x00,0x00,0x00,0x00,0x00,
    0x00,0x00,0x00,0x00,0x00,0x00,0x00,0x00,0x00,0x00,0x00,0x00,0x00,0x00,0x00,0x00,
    0x00,0x00,0x00,0x00,0x00,0x00,0x00,0x00,0x00,0x00,0x00,0x00,0x00,0x00,0x00,0x00,
    0x00,0x00,0x00,0x00,0x00,0x00,0x00,0x00,0x00,0x00,0x00,0x00,0x00,0x00,0x00,0x00,
    0x00,0x00,0x00,0x00,0x00,0x00,0x00,0x00,0x00,0x00,0x00,0x00,0x00,0x00,0x00,0x00,
    0x00,0x00,0x00,0x00,0x00,0x00,0x00,0x00,0x00,0x00,0x00,0x00,0x00,0x00,0x00,0x00,
    0x00,0x00,0x00,0x00,0x3f,0xb0,0x12,0x44,0x3d,0xaf,0x11,0x91,0x3f,0xb0,0x12,0xcd,
    0x3f,0xb0,0x12,0xf5,0x42,0xb8,0x13,0xff,0x41,0xb4,0x13,0xff,0x40,0xb2,0x13,0xff,
    0x40,0xb1,0x13,0xff,0x40,0xb1,0x13,0xff,0x40,0xb1,0x13,0xff,0x40,0xb1,0x13,0xff,
    0x40,0xb1,0x13,0xff,0x40,0xb1,0x13,0xff,0x40,0xb1,0x13,0xff,0x40,0xb1,0x13,0xff,
    0x40,0xb1,0x13,0xff,0x40,0xb1,0x13,0xff,0x40,0xb1,0x13,0xff,0x40,0xb1,0x13,0xff,
    0x40,0xb1,0x13,0xff,0x40,0xb1,0x13,0xff,0x40,0xb1,0x13,0xff,0x40,0xb1,0x13,0xff,
    0x40,0xb1,0x13,0xff,0x40,0xb1,0x13,0xff,0x40,0xb1,0x13,0xff,0x40,0xb1,0x13,0xff,
    0x40,0xb1,0x13,0xff,0x40,0xb1,0x13,0xff,0x40,0xb1,0x13,0xff,0x40,0xb1,0x13,0xff,
    0x40,0xb1,0x13,0xff,0x40,0xb1,0x13,0xff,0x40,0xb1,0x13,0xff,0x40,0xb1,0x13,0xff,
    0x40,0xb1,0x13,0xff,0x40,0xb1,0x13,0xff,0x40,0xb1,0x13,0xff,0x40,0xb1,0x13,0xff,
    0x40,0xb1,0x13,0xff,0x40,0xb1,0x13,0xff,0x40,0xb1,0x13,0xff,0x40,0xb1,0x13,0xff,
    0x40,0xb2,0x13,0xff,0x41,0xb4,0x13,0xff,0x42,0xb8,0x13,0xff,0x3f,0xb0,0x12,0xf5,
    0x3f,0xb0,0x12,0xcd,0x3d,0xaf,0x11,0x91,0x3f,0xb0,0x12,0x44,0x00,0x00,0x00,0x00,
    0x00,0x00,0x00,0x00,0x00,0x00,0x00,0x00,0x00,0x00,0x00,0x00,0x00,0x00,0x00,0x00,
    0x00,0x00,0x00,0x00,0x00,0x00,0x00,0x00,0x00,0x00,0x00,0x00,0x00,0x00,0x00,0x00,
    0x00,0x00,0x00,0x00,0x00,0x00,0x00,0x00,0x00,0x00,0x00,0x00,0x00,0x00,0x00,0x00,
    0x00,0x00,0x00,0x00,0x00,0x00,0x00,0x00,0x00,0x00,0x00,0x00,0x00,0x00,0x00,0x00,
    0x00,0x00,0x00,0x00,0x00,0x00,0x00,0x00,0x00,0x00,0x00,0x00,0x00,0x00,0x00,0x00,
    0x00,0x00,0x00,0x00,0x00,0x00,0x00,0x00,0x00,0x00,0x00,0x00,0x00,0x00,0x00,0x00,
    0x00,0x00,0x00,0x00,0x00,0x00,0x00,0x00,0x00,0x00,0x00,0x00,0x00,0x00,0x00,0x00,
    0x00,0x00,0x00,0x00,0x00,0x00,0x00,0x00,0x00,0x00,0x00,0x00,0x00,0x00,0x00,0x00,
    0x00,0x00,0x00,0x00,0x00,0x00,0x00,0x00,0x00,0x00,0x00,0x00,0x00,0x00,0x00,0x00,
    0x00,0x00,0x00,0x00,0x00,0x00,0x00,0x00,0x00,0x00,0x00,0x00,0x00,0x00,0x00,0x00,
    0x00,0x00,0x00,0x00,0x00,0x00,0x00,0x00,0x00,0x00,0x00,0x00,0x00,0x00,0x00,0x00,
    0x00,0x00,0x00,0x00,0x00,0x00,0x00,0x00,0x00,0x00,0x00,0x00,0x00,0x00,0x00,0x00,
    0x00,0x00,0x00,0x00,0x00,0x00,0x00,0x00,0x00,0x00,0x00,0x00,0x00,0x00,0x00,0x00,
    0x00,0x00,0x00,0x00,0x00,0x00,0x00,0x00,0x00,0x00,0x00,0x00,0x00,0x00,0x00,0x00,
    0x00,0x00,0x00,0x00,0x00,0x00,0x00,0x00,0x00,0x00,0x00,0x00,0x3c,0xb0,0x12,0x2a,
    0x3e,0xb0,0x12,0x6e,0x40,0xb1,0x12,0xbf,0x3e,0xb0,0x12,0xfc,0x43,0xbb,0x14,0xff,
    0x41,0xb3,0x13,0xff,0x40,0xb1,0x13,0xff,0x40,0xb1,0x13,0xff,0x40,0xb1,0x13,0xff,
    0x40,0xb1,0x13,0xff,0x40,0xb1,0x13,0xff,0x40,0xb1,0x13,0xff,0x40,0xb1,0x13,0xff,
    0x40,0xb1,0x13,0xff,0x40,0xb1,0x13,0xff,0x40,0xb1,0x13,0xff,0x40,0xb1,0x13,0xff,
    0x40,0xb1,0x13,0xff,0x40,0xb1,0x13,0xff,0x40,0xb1,0x13,0xff,0x40,0xb1,0x13,0xff,
    0x40,0xb1,0x13,0xff,0x40,0xb1,0x13,0xff,0x40,0xb1,0x13,0xff,0x40,0xb1,0x13,0xff,
    0x40,0xb1,0x13,0xff,0x40,0xb1,0x13,0xff,0x40,0xb1,0x13,0xff,0x40,0xb1,0x13,0xff,
    0x40,0xb1,0x13,0xff,0x40,0xb1,0x13,0xff,0x40,0xb1,0x13,0xff,0x40,0xb1,0x13,0xff,
    0x40,0xb1,0x13,0xff,0x40,0xb1,0x13,0xff,0x40,0xb1,0x13,0xff,0x40,0xb1,0x13,0xff,
    0x40,0xb1,0x13,0xff,0x40,0xb1,0x13,0xff,0x40,0xb1,0x13,0xff,0x40,0xb1,0x13,0xff,
    0x40,0xb1,0x13,0xff,0x40,0xb1,0x13,0xff,0x40,0xb1,0x13,0xff,0x40,0xb1,0x13,0xff,
    0x40,0xb1,0x13,0xff,0x40,0xb1,0x13,0xff,0x40,0xb1,0x13,0xff,0x41,0xb3,0x13,0xff,
    0x43,0xbb,0x14,0xff,0x3e,0xb0,0x12,0xfc,0x40,0xb1,0x12,0xbf,0x3e,0xb0,0x12,0x6e,
    0x3c,0xb0,0x12,0x2a,0x00,0x00,0x00,0x00,0x00,0x00,0x00,0x00,0x00,0x00,0x00,0x00,
    0x00,0x00,0x00,0x00,0x00,0x00,0x00,0x00,0x00,0x00,0x00,0x00,0x00,0x00,0x00,0x00,
    0x00,0x00,0x00,0x00,0x00,0x00,0x00,0x00,0x00,0x00,0x00,0x00,0x00,0x00,0x00,0x00,
    0x00,0x00,0x00,0x00,0x00,0x00,0x00,0x00,0x00,0x00,0x00,0x00,0x00,0x00,0x00,0x00,
    0x00,0x00,0x00,0x00,0x00,0x00,0x00,0x00,0x00,0x00,0x00,0x00,0x00,0x00,0x00,0x00,
    0x00,0x00,0x00,0x00,0x00,0x00,0x00,0x00,0x00,0x00,0x00,0x00,0x00,0x00,0x00,0x00,
    0x00,0x00,0x00,0x00,0x00,0x00,0x00,0x00,0x00,0x00,0x00,0x00,0x00,0x00,0x00,0x00,
    0x00,0x00,0x00,0x00,0x00,0x00,0x00,0x00,0x00,0x00,0x00,0x00,0x00,0x00,0x00,0x00,
    0x00,0x00,0x00,0x00,0x00,0x00,0x00,0x00,0x00,0x00,0x00,0x00,0x00,0x00,0x00,0x00,
    0x00,0x00,0x00,0x00,0x00,0x00,0x00,0x00,0x00,0x00,0x00,0x00,0x00,0x00,0x00,0x00,
    0x00,0x00,0x00,0x00,0x00,0x00,0x00,0x00,0x00,0x00,0x00,0x00,0x00,0x00,0x00,0x00,
    0x00,0x00,0x00,0x00,0x00,0x00,0x00,0x00,0x00,0x00,0x00,0x00,0x00,0x00,0x00,0x00,
    0x00,0x00,0x00,0x00,0x00,0x00,0x00,0x00,0x00,0x00,0x00,0x00,0x00,0x00,0x00,0x00,
    0x00,0x00,0x00,0x00,0x00,0x00,0x00,0x00,0x00,0x00,0x00,0x00,0x00,0x00,0x00,0x00,
    0x00,0x00,0x00,0x00,0x3f,0xaa,0x15,0x0c,0x3e,0xac,0x0f,0x41,0x3e,0xaf,0x11,0x9e,
    0x3f,0xb0,0x13,0xfe,0x42,0xb8,0x14,0xff,0x41,0xb3,0x13,0xff,0x40,0xb1,0x13,0xff,
    0x40,0xb1,0x13,0xff,0x40,0xb1,0x13,0xff,0x40,0xb1,0x13,0xff,0x40,0xb1,0x13,0xff,
    0x40,0xb1,0x13,0xff,0x40,0xb1,0x13,0xff,0x40,0xb1,0x13,0xff,0x40,0xb1,0x13,0xff,
    0x40,0xb1,0x13,0xff,0x40,0xb1,0x13,0xff,0x40,0xb1,0x13,0xff,0x40,0xb1,0x13,0xff,
    0x40,0xb1,0x13,0xff,0x40,0xb1,0x13,0xff,0x40,0xb1,0x13,0xff,0x40,0xb1,0x13,0xff,
    0x40,0xb1,0x13,0xff,0x40,0xb1,0x13,0xff,0x40,0xb1,0x13,0xff,0x40,0xb1,0x13,0xff,
    0x40,0xb1,0x13,0xff,0x40,0xb1,0x13,0xff,0x40,0xb1,0x13,0xff,0x40,0xb1,0x13,0xff,
    0x40,0xb1,0x13,0xff,0x40,0xb1,0x13,0xff,0x40,0xb1,0x13,0xff,0x40,0xb1,0x13,0xff,
    0x40,0xb1,0x13,0xff,0x40,0xb1,0x13,0xff,0x40,0xb1,0x13,0xff,0x40,0xb1,0x13,0xff,
    0x40,0xb1,0x13,0xff,0x40,0xb1,0x13,0xff,0x40,0xb1,0x13,0xff,0x40,0xb1,0x13,0xff,
    0x40,0xb1,0x13,0xff,0x40,0xb1,0x13,0xff,0x40,0xb1,0x13,0xff,0x40,0xb1,0x13,0xff,
    0x40,0xb1,0x13,0xff,0x40,0xb1,0x13,0xff,0x40,0xb1,0x13,0xff,0x40,0xb1,0x13,0xff,
    0x40,0xb1,0x13,0xff,0x41,0xb3,0x13,0xff,0x42,0xb8,0x14,0xff,0x3f,0xb0,0x13,0xfe,
    0x3e,0xaf,0x11,0x9e,0x3e,0xac,0x0f,0x41,0x3f,0xaa,0x15,0x0c,0x00,0x00,0x00,0x00,
    0x00,0x00,0x00,0x00,0x00,0x00,0x00,0x00,0x00,0x00,0x00,0x00,0x00,0x00,0x00,0x00,
    0x00,0x00,0x00,0x00,0x00,0x00,0x00,0x00,0x00,0x00,0x00,0x00,0x00,0x00,0x00,0x00,
    0x00,0x00,0x00,0x00,0x00,0x00,0x00,0x00,0x00,0x00,0x00,0x00,0x00,0x00,0x00,0x00,
    0x00,0x00,0x00,0x00,0x00,0x00,0x00,0x00,0x00,0x00,0x00,0x00,0x00,0x00,0x00,0x00,
    0x00,0x00,0x00,0x00,0x00,0x00,0x00,0x00,0x00,0x00,0x00,0x00,0x00,0x00,0x00,0x00,
    0x00,0x00,0x00,0x00,0x00,0x00,0x00,0x00,0x00,0x00,0x00,0x00,0x00,0x00,0x00,0x00,
    0x00,0x00,0x00,0x00,0x00,0x00,0x00,0x00,0x00,0x00,0x00,0x00,0x00,0x00,0x00,0x00,
    0x00,0x00,0x00,0x00,0x00,0x00,0x00,0x00,0x00,0x00,0x00,0x00,0x00,0x00,0x00,0x00,
    0x00,0x00,0x00,0x00,0x00,0x00,0x00,0x00,0x00,0x00,0x00,0x00,0x00,0x00,0x00,0x00,
    0x00,0x00,0x00,0x00,0x00,0x00,0x00,0x00,0x00,0x00,0x00,0x00,0x00,0x00,0x00,0x00,
    0x00,0x00,0x00,0x00,0x00,0x00,0x00,0x00,0x00,0x00,0x00,0x00,0x00,0x00,0x00,0x00,
    0x00,0x00,0x00,0x00,0x00,0x00,0x00,0x00,0x00,0x00,0x00,0x00,0x00,0x00,0x00,0x00,
    0x00,0x00,0x00,0x00,0x00,0x00,0x00,0x00,0x00,0x00,0x00,0x00,0x00,0x00,0x00,0x00,
    0x45,0xa2,0x0b,0x16,0x3d,0xaf,0x11,0x67,0x40,0xb0,0x11,0xe7,0x42,0xb6,0x14,0xff,
    0x40,0xb2,0x13,0xff,0x40,0xb1,0x13,0xff,0x40,0xb1,0x13,0xff,0x40,0xb1,0x13,0xff,
    0x40,0xb1,0x13,0xff,0x40,0xb1,0x13,0xff,0x40,0xb1,0x13,0xff,0x40,0xb1,0x13,0xff,
    0x40,0xb1,0x13,0xff,0x40,0xb1,0x13,0xff,0x40,0xb1,0x13,0xff,0x40,0xb1,0x13,0xff,
    0x40,0xb1,0x13,0xff,0x40,0xb1,0x13,0xff,0x40,0xb1,0x13,0xff,0x40,0xb1,0x13,0xff,
    0x40,0xb1,0x13,0xff,0x40,0xb1,0x13,0xff,0x40,0xb1,0x13,0xff,0x40,0xb1,0x13,0xff,
    0x40,0xb1,0x13,0xff,0x40,0xb1,0x13,0xff,0x40,0xb1,0x13,0xff,0x40,0xb1,0x13,0xff,
    0x40,0xb1,0x13,0xff,0x40,0xb1,0x13,0xff,0x40,0xb1,0x13,0xff,0x40,0xb1,0x13,0xff,
    0x40,0xb1,0x13,0xff,0x40,0xb1,0x13,0xff,0x40,0xb1,0x13,0xff,0x40,0xb1,0x13,0xff,
    0x40,0xb1,0x13,0xff,0x40,0xb1,0x13,0xff,0x40,0xb1,0x13,0xff,0x40,0xb1,0x13,0xff,
    0x40,0xb1,0x13,0xff,0x40,0xb1,0x13,0xff,0x40,0xb1,0x13,0xff,0x40,0xb1,0x13,0xff,
    0x40,0xb1,0x13,0xff,0x40,0xb1,0x13,0xff,0x40,0xb1,0x13,0xff,0x40,0xb1,0x13,0xff,
    0x40,0xb1,0x13,0xff,0x40,0xb1,0x13,0xff,0x40,0xb1,0x13,0xff,0x40,0xb1,0x13,0xff,
    0x40,0xb1,0x13,0xff,0x40,0xb1,0x13,0xff,0x40,0xb1,0x13,0xff,0x40,0xb2,0x13,0xff,
    0x42,0xb6,0x14,0xff,0x40,0xb0,0x11,0xe7,0x3d,0xb0,0x11,0x68,0x45,0xad,0x0b,0x16,
    0x00,0x00,0x00,0x00,0x00,0x00,0x00,0x00,0x00,0x00,0x00,0x00,0x00,0x00,0x00,0x00,
    0x00,0x00,0x00,0x00,0x00,0x00,0x00,0x00,0x00,0x00,0x00,0x00,0x00,0x00,0x00,0x00,
    0x00,0x00,0x00,0x00,0x00,0x00,0x00,0x00,0x00,0x00,0x00,0x00,0x00,0x00,0x00,0x00,
    0x00,0x00,0x00,0x00,0x00,0x00,0x00,0x00,0x00,0x00,0x00,0x00,0x00,0x00,0x00,0x00,
    0x00,0x00,0x00,0x00,0x00,0x00,0x00,0x00,0x00,0x00,0x00,0x00,0x00,0x00,0x00,0x00,
    0x00,0x00,0x00,0x00,0x00,0x00,0x00,0x00,0x00,0x00,0x00,0x00,0x00,0x00,0x00,0x00,
    0x00,0x00,0x00,0x00,0x00,0x00,0x00,0x00,0x00,0x00,0x00,0x00,0x00,0x00,0x00,0x00,
    0x00,0x00,0x00,0x00,0x00,0x00,0x00,0x00,0x00,0x00,0x00,0x00,0x00,0x00,0x00,0x00,
    0x00,0x00,0x00,0x00,0x00,0x00,0x00,0x00,0x00,0x00,0x00,0x00,0x00,0x00,0x00,0x00,
    0x00,0x00,0x00,0x00,0x00,0x00,0x00,0x00,0x00,0x00,0x00,0x00,0x00,0x00,0x00,0x00,
    0x00,0x00,0x00,0x00,0x00,0x00,0x00,0x00,0x00,0x00,0x00,0x00,0x00,0x00,0x00,0x00,
    0x00,0x00,0x00,0x00,0x00,0x00,0x00,0x00,0x00,0x00,0x00,0x00,0x00,0x00,0x00,0x00,
    0x00,0x00,0x00,0x00,0x00,0x00,0x00,0x00,0x00,0x00,0x00,0x00,0x41,0xb3,0x10,0x2f,
    0x3d,0xb0,0x12,0xa5,0x40,0xb1,0x13,0xff,0x40,0xb1,0x13,0xff,0x40,0xb1,0x13,0xff,
    0x40,0xb1,0x13,0xff,0x40,0xb1,0x13,0xff,0x40,0xb1,0x13,0xff,0x40,0xb1,0x13,0xff,
    0x40,0xb1,0x13,0xff,0x40,0xb1,0x13,0xff,0x40,0xb1,0x13,0xff,0x40,0xb1,0x13,0xff,
    0x40,0xb1,0x13,0xff,0x40,0xb1,0x13,0xff,0x40,0xb1,0x13,0xff,0x40,0xb1,0x13,0xff,
    0x40,0xb1,0x13,0xff,0x40,0xb1,0x13,0xff,0x40,0xb1,0x13,0xff,0x40,0xb1,0x13,0xff,
    0x40,0xb1,0x13,0xff,0x40,0xb1,0x13,0xff,0x40,0xb1,0x13,0xff,0x40,0xb1,0x13,0xff,
    0x40,0xb1,0x13,0xff,0x40,0xb1,0x13,0xff,0x40,0xb1,0x13,0xff,0x40,0xb1,0x13,0xff,
    0x40,0xb1,0x13,0xff,0x40,0xb1,0x13,0xff,0x40,0xb1,0x13,0xff,0x40,0xb1,0x13,0xff,
    0x40,0xb1,0x13,0xff,0x40,0xb1,0x13,0xff,0x40,0xb1,0x13,0xff,0x40,0xb1,0x13,0xff,
    0x40,0xb1,0x13,0xff,0x40,0xb1,0x13,0xff,0x40,0xb1,0x13,0xff,0x40,0xb1,0x13,0xff,
    0x40,0xb1,0x13,0xff,0x40,0xb1,0x13,0xff,0x40,0xb1,0x13,0xff,0x40,0xb1,0x13,0xff,
    0x40,0xb1,0x13,0xff,0x40,0xb1,0x13,0xff,0x40,0xb1,0x13,0xff,0x40,0xb1,0x13,0xff,
    0x40,0xb1,0x13,0xff,0x40,0xb1,0x13,0xff,0x40,0xb1,0x13,0xff,0x40,0xb1,0x13,0xff,
    0x40,0xb1,0x13,0xff,0x40,0xb1,0x13,0xff,0x40,0xb1,0x13,0xff,0x40,0xb1,0x13,0xff,
    0x40,0xb1,0x13,0xff,0x40,0xb1,0x13,0xff,0x40,0xb1,0x13,0xff,0x3d,0xb0,0x12,0xa5,
    0x41,0xb3,0x10,0x2f,0x00,0x00,0x00,0x00,0x00,0x00,0x00,0x00,0x00,0x00,0x00,0x00,
    0x00,0x00,0x00,0x00,0x00,0x00,0x00,0x00,0x00,0x00,0x00,0x00,0x00,0x00,0x00,0x00,
    0x00,0x00,0x00,0x00,0x00,0x00,0x00,0x00,0x00,0x00,0x00,0x00,0x00,0x00,0x00,0x00,
    0x00,0x00,0x00,0x00,0x00,0x00,0x00,0x00,0x00,0x00,0x00,0x00,0x00,0x00,0x00,0x00,
    0x00,0x00,0x00,0x00,0x00,0x00,0x00,0x00,0x00,0x00,0x00,0x00,0x00,0x00,0x00,0x00,
    0x00,0x00,0x00,0x00,0x00,0x00,0x00,0x00,0x00,0x00,0x00,0x00,0x00,0x00,0x00,0x00,
    0x00,0x00,0x00,0x00,0x00,0x00,0x00,0x00,0x00,0x00,0x00,0x00,0x00,0x00,0x00,0x00,
    0x00,0x00,0x00,0x00,0x00,0x00,0x00,0x00,0x00,0x00,0x00,0x00,0x00,0x00,0x00,0x00,
    0x00,0x00,0x00,0x00,0x00,0x00,0x00,0x00,0x00,0x00,0x00,0x00,0x00,0x00,0x00,0x00,
    0x00,0x00,0x00,0x00,0x00,0x00,0x00,0x00,0x00,0x00,0x00,0x00,0x00,0x00,0x00,0x00,
    0x00,0x00,0x00,0x00,0x00,0x00,0x00,0x00,0x00,0x00,0x00,0x00,0x00,0x00,0x00,0x00,
    0x00,0x00,0x00,0x00,0x00,0x00,0x00,0x00,0x00,0x00,0x00,0x00,0x00,0x00,0x00,0x00,
    0x00,0x00,0x00,0x00,0x00,0x00,0x00,0x00,0x3c,0xab,0x11,0x59,0x3f,0xb1,0x11,0xc8,
    0x3f,0xb1,0x13,0xfc,0x41,0xb3,0x13,0xff,0x40,0xb1,0x13,0xff,0x40,0xb1,0x13,0xff,
    0x40,0xb1,0x13,0xff,0x40,0xb1,0x13,0xff,0x40,0xb1,0x13,0xff,0x40,0xb1,0x13,0xff,
    0x40,0xb1,0x13,0xff,0x40,0xb1,0x13,0xff,0x40,0xb1,0x13,0xff,0x40,0xb1,0x13,0xff,
    0x40,0xb1,0x13,0xff,0x40,0xb1,0x13,0xff,0x40,0xb1,0x13,0xff,0x40,0xb1,0x13,0xff,
    0x40,0xb1,0x13,0xff,0x40,0xb1,0x13,0xff,0x40,0xb1,0x13,0xff,0x40,0xb1,0x13,0xff,
    0x40,0xb1,0x13,0xff,0x40,0xb1,0x13,0xff,0x40,0xb1,0x13,0xff,0x40,0xb1,0x13,0xff,
    0x40,0xb1,0x13,0xff,0x40,0xb1,0x13,0xff,0x40,0xb1,0x13,0xff,0x40,0xb1,0x13,0xff,
    0x40,0xb1,0x13,0xff,0x40,0xb1,0x13,0xff,0x40,0xb1,0x13,0xff,0x40,0xb1,0x13,0xff,
    0x40,0xb1,0x13,0xff,0x40,0xb1,0x13,0xff,0x40,0xb1,0x13,0xff,0x40,0xb1,0x13,0xff,
    0x40,0xb1,0x13,0xff,0x40,0xb1,0x13,0xff,0x40,0xb1,0x13,0xff,0x40,0xb1,0x13,0xff,
    0x40,0xb1,0x13,0xff,0x40,0xb1,0x13,0xff,0x40,0xb1,0x13,0xff,0x40,0xb1,0x13,0xff,
    0x40,0xb1,0x13,0xff,0x40,0xb1,0x13,0xff,0x40,0xb1,0x13,0xff,0x40,0xb1,0x13,0xff,
    0x40,0xb1,0x13,0xff,0x40,0xb1,0x13,0xff,0x40,0xb1,0x13,0xff,0x40,0xb1,0x13,0xff,
    0x40,0xb1,0x13,0xff,0x40,0xb1,0x13,0xff,0x40,0xb1,0x13,0xff,0x40,0xb1,0x13,0xff,
    0x40,0xb1,0x13,0xff,0x40,0xb1,0x13,0xff,0x41,0xb3,0x13,0xff,0x3f,0xb1,0x13,0xfc,
    0x3f,0xb0,0x11,0xc9,0x3c,0xae,0x11,0x59,0x00,0x00,0x00,0x00,0x00,0x00,0x00,0x00,
    0x00,0x00,0x00,0x00,0x00,0x00,0x00,0x00,0x00,0x00,0x00,0x00,0x00,0x00,0x00,0x00,
    0x00,0x00,0x00,0x00,0x00,0x00,0x00,0x00,0x00,0x00,0x00,0x00,0x00,0x00,0x00,0x00,
    0x00,0x00,0x00,0x00,0x00,0x00,0x00,0x00,0x00,0x00,0x00,0x00,0x00,0x00,0x00,0x00,
    0x00,0x00,0x00,0x00,0x00,0x00,0x00,0x00,0x00,0x00,0x00,0x00,0x00,0x00,0x00,0x00,
    0x00,0x00,0x00,0x00,0x00,0x00,0x00,0x00,0x00,0x00,0x00,0x00,0x00,0x00,0x00,0x00,
    0x00,0x00,0x00,0x00,0x00,0x00,0x00,0x00,0x00,0x00,0x00,0x00,0x00,0x00,0x00,0x00,
    0x00,0x00,0x00,0x00,0x00,0x00,0x00,0x00,0x00,0x00,0x00,0x00,0x00,0x00,0x00,0x00,
    0x00,0x00,0x00,0x00,0x00,0x00,0x00,0x00,0x00,0x00,0x00,0x00,0x00,0x00,0x00,0x00,
    0x00,0x00,0x00,0x00,0x00,0x00,0x00,0x00,0x00,0x00,0x00,0x00,0x00,0x00,0x00,0x00,
    0x00,0x00,0x00,0x00,0x00,0x00,0x00,0x00,0x00,0x00,0x00,0x00,0x00,0x00,0x00,0x00,
    0x00,0x00,0x00,0x00,0x00,0x00,0x00,0x00,0x00,0x00,0x00,0x00,0x00,0x00,0x00,0x00,
    0x00,0x00,0x00,0x00,0x3e,0xb0,0x10,0x6f,0x3f,0xb1,0x12,0xd2,0x40,0xb1,0x13,0xff,
    0x41,0xb5,0x14,0xff,0x40,0xb1,0x13,0xff,0x40,0xb1,0x13,0xff,0x40,0xb1,0x13,0xff,
    0x40,0xb1,0x13,0xff,0x40,0xb1,0x13,0xff,0x40,0xb1,0x13,0xff,0x40,0xb1,0x13,0xff,
    0x40,0xb1,0x13,0xff,0x40,0xb1,0x13,0xff,0x40,0xb1,0x13,0xff,0x40,0xb1,0x13,0xff,
    0x40,0xb1,0x13,0xff,0x40,0xb1,0x13,0xff,0x40,0xb1,0x13,0xff,0x40,0xb1,0x13,0xff,
    0x40,0xb1,0x13,0xff,0x40,0xb1,0x13,0xff,0x40,0xb1,0x13,0xff,0x40,0xb1,0x13,0xff,
    0x40,0xb1,0x13,0xff,0x40,0xb1,0x13,0xff,0x40,0xb1,0x13,0xff,0x40,0xb1,0x13,0xff,
    0x40,0xb1,0x13,0xff,0x40,0xb1,0x13,0xff,0x40,0xb1,0x13,0xff,0x40,0xb1,0x13,0xff,
    0x40,0xb1,0x13,0xff,0x40,0xb1,0x13,0xff,0x40,0xb1,0x13,0xff,0x40,0xb1,0x13,0xff,
    0x40,0xb1,0x13,0xff,0x40,0xb1,0x13,0xff,0x40,0xb1,0x13,0xff,0x40,0xb1,0x13,0xff,
    0x40,0xb1,0x13,0xff,0x40,0xb1,0x13,0xff,0x40,0xb1,0x13,0xff,0x40,0xb1,0x13,0xff,
    0x40,0xb1,0x13,0xff,0x40,0xb1,0x13,0xff,0x40,0xb1,0x13,0xff,0x40,0xb1,0x13,0xff,
    0x40,0xb1,0x13,0xff,0x40,0xb1,0x13,0xff,0x40,0xb1,0x13,0xff,0x40,0xb1,0x13,0xff,
    0x40,0xb1,0x13,0xff,0x40,0xb1,0x13,0xff,0x40,0xb1,0x13,0xff,0x40,0xb1,0x13,0xff,
    0x40,0xb1,0x13,0xff,0x40,0xb1,0x13,0xff,0x40,0xb1,0x13,0xff,0x40,0xb1,0x13,0xff,
    0x40,0xb1,0x13,0xff,0x40,0xb1,0x13,0xff,0x40,0xb1,0x13,0xff,0x41,0xb5,0x14,0xff,
    0x40,0xb1,0x13,0xff,0x3f,0xb1,0x12,0xd2,0x3e,0xb0,0x10,0x6f,0x00,0x00,0x00,0x00,
    0x00,0x00,0x00,0x00,0x00,0x00,0x00,0x00,0x00,0x00,0x00,0x00,0x00,0x00,0x00,0x00,
    0x00,0x00,0x00,0x00,0x00,0x00,0x00,0x00,0x00,0x00,0x00,0x00,0x00,0x00,0x00,0x00,
    0x00,0x00,0x00,0x00,0x00,0x00,0x00,0x00,0x00,0x00,0x00,0x00,0x00,0x00,0x00,0x00,
    0x00,0x00,0x00,0x00,0x00,0x00,0x00,0x00,0x00,0x00,0x00,0x00,0x00,0x00,0x00,0x00,
    0x00,0x00,0x00,0x00,0x00,0x00,0x00,0x00,0x00,0x00,0x00,0x00,0x00,0x00,0x00,0x00,
    0x00,0x00,0x00,0x00,0x00,0x00,0x00,0x00,0x00,0x00,0x00,0x00,0x00,0x00,0x00,0x00,
    0x00,0x00,0x00,0x00,0x00,0x00,0x00,0x00,0x00,0x00,0x00,0x00,0x00,0x00,0x00,0x00,
    0x00,0x00,0x00,0x00,0x00,0x00,0x00,0x00,0x00,0x00,0x00,0x00,0x00,0x00,0x00,0x00,
    0x00,0x00,0x00,0x00,0x00,0x00,0x00,0x00,0x00,0x00,0x00,0x00,0x00,0x00,0x00,0x00,
    0x00,0x00,0x00,0x00,0x00,0x00,0x00,0x00,0x00,0x00,0x00,0x00,0x00,0x00,0x00,0x00,
    0x00,0x00,0x00,0x00,0x00,0x00,0x00,0x00,0x00,0x00,0x00,0x00,0x48,0xb6,0x12,0x0e,
    0x3f,0xb0,0x12,0x71,0x3f,0xb0,0x12,0xdd,0x41,0xb3,0x13,0xff,0x41,0xb4,0x13,0xff,
    0x40,0xb1,0x13,0xff,0x40,0xb1,0x13,0xff,0x40,0xb1,0x13,0xff,0x40,0xb1,0x13,0xff,
    0x40,0xb1,0x13,0xff,0x40,0xb1,0x13,0xff,0x40,0xb1,0x13,0xff,0x40,0xb1,0x13,0xff,
    0x40,0xb1,0x13,0xff,0x40,0xb1,0x13,0xff,0x40,0xb1,0x13,0xff,0x40,0xb1,0x13,0xff,
    0x40,0xb1,0x13,0xff,0x40,0xb1,0x13,0xff,0x40,0xb1,0x13,0xff,0x40,0xb1,0x13,0xff,
    0x40,0xb1,0x13,0xff,0x40,0xb1,0x13,0xff,0x40,0xb1,0x13,0xff,0x40,0xb1,0x13,0xff,
    0x40,0xb1,0x13,0xff,0x40,0xb1,0x13,0xff,0x40,0xb1,0x13,0xff,0x40,0xb1,0x13,0xff,
    0x40,0xb1,0x13,0xff,0x40,0xb1,0x13,0xff,0x40,0xb1,0x13,0xff,0x40,0xb1,0x13,0xff,
    0x40,0xb1,0x13,0xff,0x40,0xb1,0x13,0xff,0x40,0xb1,0x13,0xff,0x40,0xb1,0x13,0xff,
    0x40,0xb1,0x13,0xff,0x40,0xb1,0x13,0xff,0x40,0xb1,0x13,0xff,0x40,0xb1,0x13,0xff,
    0x40,0xb1,0x13,0xff,0x40,0xb1,0x13,0xff,0x40,0xb1,0x13,0xff,0x40,0xb1,0x13,0xff,
    0x40,0xb1,0x13,0xff,0x40,0xb1,0x13,0xff,0x40,0xb1,0x13,0xff,0x40,0xb1,0x13,0xff,
    0x40,0xb1,0x13,0xff,0x40,0xb1,0x13,0xff,0x40,0xb1,0x13,0xff,0x40,0xb1,0x13,0xff,
    0x40,0xb1,0x13,0xff,0x40,0xb1,0x13,0xff,0x40,0xb1,0x13,0xff,0x40,0xb1,0x13,0xff,
    0x40,0xb1,0x13,0xff,0x40,0xb1,0x13,0xff,0x40,0xb1,0x13,0xff,0x40,0xb1,0x13,0xff,
    0x40,0xb1,0x13,0xff,0x40,0xb1,0x13,0xff,0x40,0xb1,0x13,0xff,0x40,0xb1,0x13,0xff,
    0x41,0xb4,0x13,0xff,0x41,0xb3,0x13,0xff,0x3f,0xb0,0x12,0xdd,0x3f,0xb0,0x12,0x71,
    0x48,0xb6,0x12,0x0e,0x00,0x00,0x00,0x00,0x00,0x00,0x00,0x00,0x00,0x00,0x00,0x00,
    0x00,0x00,0x00,0x00,0x00,0x00,0x00,0x00,0x00,0x00,0x00,0x00,0x00,0x00,0x00,0x00,
    0x00,0x00,0x00,0x00,0x00,0x00,0x00,0x00,0x00,0x00,0x00,0x00,0x00,0x00,0x00,0x00,
    0x00,0x00,0x00,0x00,0x00,0x00,0x00,0x00,0x00,0x00,0x00,0x00,0x00,0x00,0x00,0x00,
    0x00,0x00,0x00,0x00,0x00,0x00,0x00,0x00,0x00,0x00,0x00,0x00,0x00,0x00,0x00,0x00,
    0x00,0x00,0x00,0x00,0x00,0x00,0x00,0x00,0x00,0x00,0x00,0x00,0x00,0x00,0x00,0x00,
    0x00,0x00,0x00,0x00,0x00,0x00,0x00,0x00,0x00,0x00,0x00,0x00,0x00,0x00,0x00,0x00,
    0x00,0x00,0x00,0x00,0x00,0x00,0x00,0x00,0x00,0x00,0x00,0x00,0x00,0x00,0x00,0x00,
    0x00,0x00,0x00,0x00,0x00,0x00,0x00,0x00,0x00,0x00,0x00,0x00,0x00,0x00,0x00,0x00,
    0x00,0x00,0x00,0x00,0x00,0x00,0x00,0x00,0x00,0x00,0x00,0x00,0x00,0x00,0x00,0x00,
    0x00,0x00,0x00,0x00,0x00,0x00,0x00,0x00,0x3f,0xa5,0x19,0x14,0x3e,0xae,0x11,0x72,
    0x3f,0xb0,0x12,0xea,0x41,0xb4,0x14,0xff,0x40,0xb2,0x13,0xff,0x40,0xb1,0x13,0xff,
    0x40,0xb1,0x13,0xff,0x40,0xb1,0x13,0xff,0x40,0xb1,0x13,0xff,0x40,0xb1,0x13,0xff,
    0x40,0xb1,0x13,0xff,0x40,0xb1,0x13,0xff,0x40,0xb1,0x13,0xff,0x40,0xb1,0x13,0xff,
    0x40,0xb1,0x13,0xff,0x40,0xb1,0x13,0xff,0x40,0xb1,0x13,0xff,0x40,0xb1,0x13,0xff,
    0x40,0xb1,0x13,0xff,0x40,0xb1,0x13,0xff,0x40,0xb1,0x13,0xff,0x40,0xb1,0x13,0xff,
    0x40,0xb1,0x13,0xff,0x40,0xb1,0x13,0xff,0x40,0xb1,0x13,0xff,0x40,0xb1,0x13,0xff,
    0x40,0xb1,0x13,0xff,0x40,0xb1,0x13,0xff,0x40,0xb1,0x13,0xff,0x40,0xb1,0x13,0xff,
    0x40,0xb1,0x13,0xff,0x40,0xb1,0x13,0xff,0x40,0xb1,0x13,0xff,0x40,0xb1,0x13,0xff,
    0x40,0xb1,0x13,0xff,0x40,0xb1,0x13,0xff,0x40,0xb1,0x13,0xff,0x40,0xb1,0x13,0xff,
    0x40,0xb1,0x13,0xff,0x40,0xb1,0x13,0xff,0x40,0xb1,0x13,0xff,0x40,0xb1,0x13,0xff,
    0x40,0xb1,0x13,0xff,0x40,0xb1,0x13,0xff,0x40,0xb1,0x13,0xff,0x40,0xb1,0x13,0xff,
    0x40,0xb1,0x13,0xff,0x40,0xb1,0x13,0xff,0x40,0xb1,0x13,0xff,0x40,0xb1,0x13,0xff,
    0x40,0xb1,0x13,0xff,0x40,0xb1,0x13,0xff,0x40,0xb1,0x13,0xff,0x40,0xb1,0x13,0xff,
    0x40,0xb1,0x13,0xff,0x40,0xb1,0x13,0xff,0x40,0xb1,0x13,0xff,0x40,0xb1,0x13,0xff,
    0x40,0xb1,0x13,0xff,0x40,0xb1,0x13,0xff,0x40,0xb1,0x13,0xff,0x40,0xb1,0x13,0xff,
    0x40,0xb1,0x13,0xff,0x40,0xb1,0x13,0xff,0x40,0xb1,0x13,0xff,0x40,0xb1,0x13,0xff,
    0x40,0xb1,0x13,0xff,0x40,0xb2,0x13,0xff,0x41,0xb4,0x14,0xff,0x3f,0xb0,0x12,0xea,
    0x3e,0xae,0x11,0x72,0x3f,0xa5,0x19,0x14,0x00,0x00,0x00,0x00,0x00,0x00,0x00,0x00,
    0x00,0x00,0x00,0x00,0x00,0x00,0x00,0x00,0x00,0x00,0x00,0x00,0x00,0x00,0x00,0x00,
    0x00,0x00,0x00,0x00,0x00,0x00,0x00,0x00,0x00,0x00,0x00,0x00,0x00,0x00,0x00,0x00,
    0x00,0x00,0x00,0x00,0x00,0x00,0x00,0x00,0x00,0x00,0x00,0x00,0x00,0x00,0x00,0x00,
    0x00,0x00,0x00,0x00,0x00,0x00,0x00,0x00,0x00,0x00,0x00,0x00,0x00,0x00,0x00,0x00,
    0x00,0x00,0x00,0x00,0x00,0x00,0x00,0x00,0x00,0x00,0x00,0x00,0x00,0x00,0x00,0x00,
    0x00,0x00,0x00,0x00,0x00,0x00,0x00,0x00,0x00,0x00,0x00,0x00,0x00,0x00,0x00,0x00,
    0x00,0x00,0x00,0x00,0x00,0x00,0x00,0x00,0x00,0x00,0x00,0x00,0x00,0x00,0x00,0x00,
    0x00,0x00,0x00,0x00,0x00,0x00,0x00,0x00,0x00,0x00,0x00,0x00,0x00,0x00,0x00,0x00,
    0x00,0x00,0x00,0x00,0x00,0x00,0x00,0x00,0x00,0x00,0x00,0x00,0x00,0x00,0x00,0x00,
    0x00,0x00,0x00,0x00,0x3f,0x9f,0x0f,0x10,0x3e,0xaf,0x11,0x73,0x40,0xb0,0x12,0xf7,
    0x41,0xb4,0x13,0xff,0x40,0xb1,0x13,0xff,0x40,0xb1,0x13,0xff,0x40,0xb1,0x13,0xff,
    0x40,0xb1,0x13,0xff,0x40,0xb1,0x13,0xff,0x40,0xb1,0x13,0xff,0x40,0xb1,0x13,0xff,
    0x40,0xb1,0x13,0xff,0x40,0xb1,0x13,0xff,0x40,0xb1,0x13,0xff,0x40,0xb1,0x13,0xff,
    0x40,0xb1,0x13,0xff,0x40,0xb1,0x13,0xff,0x40,0xb1,0x13,0xff,0x40,0xb1,0x13,0xff,
    0x40,0xb1,0x13,0xff,0x40,0xb1,0x13,0xff,0x40,0xb1,0x13,0xff,0x40,0xb1,0x13,0xff,
    0x40,0xb1,0x13,0xff,0x40,0xb1,0x13,0xff,0x40,0xb1,0x13,0xff,0x40,0xb1,0x13,0xff,
    0x40,0xb1,0x13,0xff,0x40,0xb1,0x13,0xff,0x40,0xb1,0x13,0xff,0x40,0xb1,0x13,0xff,
    0x40,0xb1,0x13,0xff,0x40,0xb1,0x13,0xff,0x40,0xb1,0x13,0xff,0x40,0xb1,0x13,0xff,
    0x40,0xb1,0x13,0xff,0x40,0xb1,0x13,0xff,0x40,0xb1,0x13,0xff,0x40,0xb1,0x13,0xff,
    0x40,0xb1,0x13,0xff,0x40,0xb1,0x13,0xff,0x40,0xb1,0x13,0xff,0x40,0xb1,0x13,0xff,
    0x40,0xb1,0x13,0xff,0x40,0xb1,0x13,0xff,0x40,0xb1,0x13,0xff,0x40,0xb1,0x13,0xff,
    0x40,0xb1,0x13,0xff,0x40,0xb1,0x13,0xff,0x40,0xb1,0x13,0xff,0x40,0xb1,0x13,0xff,
    0x40,0xb1,0x13,0xff,0x40,0xb1,0x13,0xff,0x40,0xb1,0x13,0xff,0x40,0xb1,0x13,0xff,
    0x40,0xb1,0x13,0xff,0x40,0xb1,0x13,0xff,0x40,0xb1,0x13,0xff,0x40,0xb1,0x13,0xff,
    0x40,0xb1,0x13,0xff,0x40,0xb1,0x13,0xff,0x40,0xb1,0x13,0xff,0x40,0xb1,0x13,0xff,
    0x40,0xb1,0x13,0xff,0x40,0xb1,0x13,0xff,0x40,0xb1,0x13,0xff,0x40,0xb1,0x13,0xff,
    0x40,0xb1,0x13,0xff,0x40,0xb1,0x13,0xff,0x40,0xb1,0x13,0xff,0x41,0xb4,0x13,0xff,
    0x40,0xb0,0x12,0xf7,0x3e,0xaf,0x11,0x73,0x3f,0x9f,0x0f,0x10,0x00,0x00,0x00,0x00,
    0x00,0x00,0x00,0x00,0x00,0x00,0x00,0x00,0x00,0x00,0x00,0x00,0x00,0x00,0x00,0x00,
    0x00,0x00,0x00,0x00,0x00,0x00,0x00,0x00,0x00,0x00,0x00,0x00,0x00,0x00,0x00,0x00,
    0x00,0x00,0x00,0x00,0x00,0x00,0x00,0x00,0x00,0x00,0x00,0x00,0x00,0x00,0x00,0x00,
    0x00,0x00,0x00,0x00,0x00,0x00,0x00,0x00,0x00,0x00,0x00,0x00,0x00,0x00,0x00,0x00,
    0x00,0x00,0x00,0x00,0x00,0x00,0x00,0x00,0x00,0x00,0x00,0x00,0x00,0x00,0x00,0x00,
    0x00,0x00,0x00,0x00,0x00,0x00,0x00,0x00,0x00,0x00,0x00,0x00,0x00,0x00,0x00,0x00,
    0x00,0x00,0x00,0x00,0x00,0x00,0x00,0x00,0x00,0x00,0x00,0x00,0x00,0x00,0x00,0x00,
    0x00,0x00,0x00,0x00,0x00,0x00,0x00,0x00,0x00,0x00,0x00,0x00,0x00,0x00,0x00,0x00,
    0x00,0x00,0x00,0x00,0x00,0x00,0x00,0x00,0x00,0x00,0x00,0x00,0x00,0x00,0x00,0x00,
    0x00,0xaa,0x00,0x03,0x3f,0xb1,0x12,0x79,0x40,0xb0,0x12,0xef,0x41,0xb5,0x13,0xff,
    0x40,0xb1,0x13,0xff,0x40,0xb1,0x13,0xff,0x40,0xb1,0x13,0xff,0x40,0xb1,0x13,0xff,
    0x40,0xb1,0x13,0xff,0x40,0xb1,0x13,0xff,0x40,0xb1,0x13,0xff,0x40,0xb1,0x13,0xff,
    0x40,0xb1,0x13,0xff,0x40,0xb1,0x13,0xff,0x40,0xb1,0x13,0xff,0x40,0xb1,0x13,0xff,
    0x40,0xb1,0x13,0xff,0x40,0xb1,0x13,0xff,0x40,0xb1,0x13,0xff,0x40,0xb1,0x13,0xff,
    0x40,0xb1,0x13,0xff,0x40,0xb1,0x13,0xff,0x40,0xb1,0x13,0xff,0x40,0xb1,0x13,0xff,
    0x40,0xb1,0x13,0xff,0x40,0xb1,0x13,0xff,0x40,0xb1,0x13,0xff,0x40,0xb1,0x13,0xff,
    0x40,0xb1,0x13,0xff,0x40,0xb1,0x13,0xff,0x40,0xb1,0x13,0xff,0x40,0xb1,0x13,0xff,
    0x40,0xb1,0x13,0xff,0x40,0xb1,0x13,0xff,0x40,0xb1,0x13,0xff,0x40,0xb1,0x13,0xff,
    0x40,0xb1,0x13,0xff,0x40,0xb1,0x13,0xff,0x40,0xb1,0x13,0xff,0x40,0xb1,0x13,0xff,
    0x40,0xb1,0x13,0xff,0x40,0xb1,0x13,0xff,0x40,0xb1,0x13,0xff,0x40,0xb1,0x13,0xff,
    0x40,0xb1,0x13,0xff,0x40,0xb1,0x13,0xff,0x40,0xb1,0x13,0xff,0x40,0xb1,0x13,0xff,
    0x40,0xb1,0x13,0xff,0x40,0xb1,0x13,0xff,0x40,0xb1,0x13,0xff,0x40,0xb1,0x13,0xff,
    0x40,0xb1,0x13,0xff,0x40,0xb1,0x13,0xff,0x40,0xb1,0x13,0xff,0x40,0xb1,0x13,0xff,
    0x40,0xb1,0x13,0xff,0x40,0xb1,0x13,0xff,0x40,0xb1,0x13,0xff,0x40,0xb1,0x13,0xff,
    0x40,0xb1,0x13,0xff,0x40,0xb1,0x13,0xff,0x40,0xb1,0x13,0xff,0x40,0xb1,0x13,0xff,
    0x40,0xb1,0x13,0xff,0x40,0xb1,0x13,0xff,0x40,0xb1,0x13,0xff,0x40,0xb1,0x13,0xff,
    0x40,0xb1,0x13,0xff,0x40,0xb1,0x13,0xff,0x40,0xb1,0x13,0xff,0x40,0xb1,0x13,0xff,
    0x41,0xb5,0x13,0xff,0x40,0xb0,0x12,0xef,0x3f,0xb1,0x12,0x79,0x00,0xaa,0x00,0x03,
    0x00,0x00,0x00,0x00,0x00,0x00,0x00,0x00,0x00,0x00,0x00,0x00,0x00,0x00,0x00,0x00,
    0x00,0x00,0x00,0x00,0x00,0x00,0x00,0x00,0x00,0x00,0x00,0x00,0x00,0x00,0x00,0x00,
    0x00,0x00,0x00,0x00,0x00,0x00,0x00,0x00,0x00,0x00,0x00,0x00,0x00,0x00,0x00,0x00,
    0x00,0x00,0x00,0x00,0x00,0x00,0x00,0x00,0x00,0x00,0x00,0x00,0x00,0x00,0x00,0x00,
    0x00,0x00,0x00,0x00,0x00,0x00,0x00,0x00,0x00,0x00,0x00,0x00,0x00,0x00,0x00,0x00,
    0x00,0x00,0x00,0x00,0x00,0x00,0x00,0x00,0x00,0x00,0x00,0x00,0x00,0x00,0x00,0x00,
    0x00,0x00,0x00,0x00,0x00,0x00,0x00,0x00,0x00,0x00,0x00,0x00,0x00,0x00,0x00,0x00,
    0x00,0x00,0x00,0x00,0x00,0x00,0x00,0x00,0x00,0x00,0x00,0x00,0x00,0x00,0x00,0x00,
    0x00,0x00,0x00,0x00,0x00,0x00,0x00,0x00,0x00,0x00,0x00,0x00,0x00,0x00,0x00,0x00,
    0x40,0xae,0x11,0x72,0x3e,0xb1,0x12,0xdf,0x41,0xb5,0x13,0xff,0x40,0xb1,0x13,0xff,
    0x40,0xb1,0x13,0xff,0x40,0xb1,0x13,0xff,0x40,0xb1,0x13,0xff,0x40,0xb1,0x13,0xff,
    0x40,0xb1,0x13,0xff,0x40,0xb1,0x13,0xff,0x40,0xb1,0x13,0xff,0x40,0xb1,0x13,0xff,
    0x40,0xb1,0x13,0xff,0x40,0xb1,0x13,0xff,0x40,0xb1,0x13,0xff,0x40,0xb1,0x13,0xff,
    0x40,0xb1,0x13,0xff,0x40,0xb1,0x13,0xff,0x40,0xb1,0x13,0xff,0x40,0xb1,0x13,0xff,
    0x40,0xb1,0x13,0xff,0x40,0xb1,0x13,0xff,0x40,0xb1,0x13,0xff,0x40,0xb1,0x13,0xff,
    0x40,0xb1,0x13,0xff,0x40,0xb1,0x13,0xff,0x40,0xb1,0x13,0xff,0x40,0xb1,0x13,0xff,
    0x40,0xb1,0x13,0xff,0x40,0xb1,0x13,0xff,0x40,0xb1,0x13,0xff,0x40,0xb1,0x13,0xff,
    0x40,0xb1,0x13,0xff,0x40,0xb1,0x13,0xff,0x40,0xb1,0x13,0xff,0x40,0xb1,0x13,0xff,
    0x40,0xb1,0x13,0xff,0x40,0xb1,0x13,0xff,0x40,0xb1,0x13,0xff,0x40,0xb1,0x13,0xff,
    0x40,0xb1,0x13,0xff,0x40,0xb1,0x13,0xff,0x40,0xb1,0x13,0xff,0x40,0xb1,0x13,0xff,
    0x40,0xb1,0x13,0xff,0x40,0xb1,0x13,0xff,0x40,0xb1,0x13,0xff,0x40,0xb1,0x13,0xff,
    0x40,0xb1,0x13,0xff,0x40,0xb1,0x13,0xff,0x40,0xb1,0x13,0xff,0x40,0xb1,0x13,0xff,
    0x40,0xb1,0x13,0xff,0x40,0xb1,0x13,0xff,0x40,0xb1,0x13,0xff,0x40,0xb1,0x13,0xff,
    0x40,0xb1,0x13,0xff,0x40,0xb1,0x13,0xff,0x40,0xb1,0x13,0xff,0x40,0xb1,0x13,0xff,
    0x40,0xb1,0x13,0xff,0x40,0xb1,0x13,0xff,0x40,0xb1,0x13,0xff,0x40,0xb1,0x13,0xff,
    0x40,0xb1,0x13,0xff,0x40,0xb1,0x13,0xff,0x40,0xb1,0x13,0xff,0x40,0xb1,0x13,0xff,
    0x40,0xb1,0x13,0xff,0x40,0xb1,0x13,0xff,0x40,0xb1,0x13,0xff,0x40,0xb1,0x13,0xff,
    0x40,0xb1,0x13,0xff,0x41,0xb5,0x13,0xff,0x3e,0xb1,0x12,0xe0,0x3f,0xaf,0x11,0x74,
    0x00,0x00,0x00,0x00,0x00,0x00,0x00,0x00,0x00,0x00,0x00,0x00,0x00,0x00,0x00,0x00,
    0x00,0x00,0x00,0x00,0x00,0x00,0x00,0x00,0x00,0x00,0x00,0x00,0x00,0x00,0x00,0x00,
    0x00,0x00,0x00,0x00,0x00,0x00,0x00,0x00,0x00,0x00,0x00,0x00,0x00,0x00,0x00,0x00,
    0x00,0x00,0x00,0x00,0x00,0x00,0x00,0x00,0x00,0x00,0x00,0x00,0x00,0x00,0x00,0x00,
    0x00,0x00,0x00,0x00,0x00,0x00,0x00,0x00,0x00,0x00,0x00,0x00,0x00,0x00,0x00,0x00,
    0x00,0x00,0x00,0x00,0x00,0x00,0x00,0x00,0x00,0x00,0x00,0x00,0x00,0x00,0x00,0x00,
    0x00,0x00,0x00,0x00,0x00,0x00,0x00,0x00,0x00,0x00,0x00,0x00,0x00,0x00,0x00,0x00,
    0x00,0x00,0x00,0x00,0x00,0x00,0x00,0x00,0x00,0x00,0x00,0x00,0x00,0x00,0x00,0x00,
    0x00,0x00,0x00,0x00,0x00,0x00,0x00,0x00,0x00,0x00,0x00,0x00,0x3f,0xb0,0x11,0x58,
    0x40,0xaf,0x13,0xd3,0x41,0xb3,0x14,0xff,0x40,0xb2,0x13,0xff,0x40,0xb1,0x13,0xff,
    0x40,0xb1,0x13,0xff,0x40,0xb1,0x13,0xff,0x40,0xb1,0x13,0xff,0x40,0xb1,0x13,0xff,
    0x40,0xb1,0x13,0xff,0x40,0xb1,0x13,0xff,0x40,0xb1,0x13,0xff,0x40,0xb1,0x13,0xff,
    0x40,0xb1,0x13,0xff,0x40,0xb1,0x13,0xff,0x40,0xb1,0x13,0xff,0x40,0xb1,0x13,0xff,
    0x40,0xb1,0x13,0xff,0x40,0xb1,0x13,0xff,0x40,0xb1,0x13,0xff,0x40,0xb1,0x13,0xff,
    0x40,0xb1,0x13,0xff,0x40,0xb1,0x13,0xff,0x40,0xb1,0x13,0xff,0x40,0xb1,0x13,0xff,
    0x40,0xb1,0x13,0xff,0x40,0xb1,0x13,0xff,0x40,0xb1,0x13,0xff,0x40,0xb1,0x13,0xff,
    0x40,0xb1,0x13,0xff,0x40,0xb1,0x13,0xff,0x40,0xb1,0x13,0xff,0x40,0xb1,0x13,0xff,
    0x40,0xb1,0x13,0xff,0x40,0xb1,0x13,0xff,0x40,0xb1,0x13,0xff,0x40,0xb1,0x13,0xff,
    0x40,0xb1,0x13,0xff,0x40,0xb1,0x13,0xff,0x40,0xb1,0x13,0xff,0x40,0xb1,0x13,0xff,
    0x40,0xb1,0x13,0xff,0x40,0xb1,0x13,0xff,0x40,0xb1,0x13,0xff,0x40,0xb1,0x13,0xff,
    0x40,0xb1,0x13,0xff,0x40,0xb1,0x13,0xff,0x40,0xb1,0x13,0xff,0x40,0xb1,0x13,0xff,
    0x40,0xb1,0x13,0xff,0x40,0xb1,0x13,0xff,0x40,0xb1,0x13,0xff,0x40,0xb1,0x13,0xff,
    0x40,0xb1,0x13,0xff,0x40,0xb1,0x13,0xff,0x40,0xb1,0x13,0xff,0x40,0xb1,0x13,0xff,
    0x40,0xb1,0x13,0xff,0x40,0xb1,0x13,0xff,0x40,0xb1,0x13,0xff,0x40,0xb1,0x13,0xff,
    0x40,0xb1,0x13,0xff,0x40,0xb1,0x13,0xff,0x40,0xb1,0x13,0xff,0x40,0xb1,0x13,0xff,
    0x40,0xb1,0x13,0xff,0x40,0xb1,0x13,0xff,0x40,0xb1,0x13,0xff,0x40,0xb1,0x13,0xff,
    0x40,0xb1,0x13,0xff,0x40,0xb1,0x13,0xff,0x40,0xb1,0x13,0xff,0x40,0xb1,0x13,0xff,
    0x40,0xb1,0x13,0xff,0x40,0xb2,0x13,0xff,0x41,0xb3,0x14,0xff,0x40,0xb0,0x13,0xd3,
    0x3f,0xb0,0x11,0x58,0x00,0x00,0x00,0x00,0x00,0x00,0x00,0x00,0x00,0x00,0x00,0x00,
    0x00,0x00,0x00,0x00,0x00,0x00,0x00,0x00,0x00,0x00,0x00,0x00,0x00,0x00,0x00,0x00,
    0x00,0x00,0x00,0x00,0x00,0x00,0x00,0x00,0x00,0x00,0x00,0x00,0x00,0x00,0x00,0x00,
    0x00,0x00,0x00,0x00,0x00,0x00,0x00,0x00,0x00,0x00,0x00,0x00,0x00,0x00,0x00,0x00,
    0x00,0x00,0x00,0x00,0x00,0x00,0x00,0x00,0x00,0x00,0x00,0x00,0x00,0x00,0x00,0x00,
    0x00,0x00,0x00,0x00,0x00,0x00,0x00,0x00,0x00,0x00,0x00,0x00,0x00,0x00,0x00,0x00,
    0x00,0x00,0x00,0x00,0x00,0x00,0x00,0x00,0x00,0x00,0x00,0x00,0x00,0x00,0x00,0x00,
    0x00,0x00,0x00,0x00,0x00,0x00,0x00,0x00,0x00,0x00,0x00,0x00,0x00,0x00,0x00,0x00,
    0x00,0x00,0x00,0x00,0x00,0x00,0x00,0x01,0x3f,0xaf,0x0f,0x30,0x3f,0xb1,0x11,0xc8,
    0x40,0xb1,0x13,0xff,0x41,0xb3,0x13,0xff,0x40,0xb1,0x13,0xff,0x40,0xb1,0x13,0xff,
    0x40,0xb1,0x13,0xff,0x40,0xb1,0x13,0xff,0x40,0xb1,0x13,0xff,0x40,0xb1,0x13,0xff,
    0x40,0xb1,0x13,0xff,0x40,0xb1,0x13,0xff,0x40,0xb1,0x13,0xff,0x40,0xb1,0x13,0xff,
    0x40,0xb1,0x13,0xff,0x40,0xb1,0x13,0xff,0x40,0xb1,0x13,0xff,0x40,0xb1,0x13,0xff,
    0x40,0xb1,0x13,0xff,0x40,0xb1,0x13,0xff,0x40,0xb1,0x13,0xff,0x40,0xb1,0x13,0xff,
    0x40,0xb1,0x13,0xff,0x40,0xb1,0x13,0xff,0x40,0xb1,0x13,0xff,0x40,0xb1,0x13,0xff,
    0x40,0xb1,0x13,0xff,0x40,0xb1,0x13,0xff,0x40,0xb1,0x13,0xff,0x40,0xb1,0x13,0xff,
    0x40,0xb1,0x13,0xff,0x40,0xb1,0x13,0xff,0x40,0xb1,0x13,0xff,0x40,0xb1,0x13,0xff,
    0x40,0xb1,0x13,0xff,0x40,0xb1,0x13,0xff,0x40,0xb1,0x13,0xff,0x40,0xb1,0x13,0xff,
    0x40,0xb1,0x13,0xff,0x40,0xb1,0x13,0xff,0x40,0xb1,0x13,0xff,0x40,0xb1,0x13,0xff,
    0x40,0xb1,0x13,0xff,0x40,0xb1,0x13,0xff,0x40,0xb1,0x13,0xff,0x40,0xb1,0x13,0xff,
    0x40,0xb1,0x13,0xff,0x40,0xb1,0x13,0xff,0x40,0xb1,0x13,0xff,0x40,0xb1,0x13,0xff,
    0x40,0xb1,0x13,0xff,0x40,0xb1,0x13,0xff,0x40,0xb1,0x13,0xff,0x40,0xb1,0x13,0xff,
    0x40,0xb1,0x13,0xff,0x40,0xb1,0x13,0xff,0x40,0xb1,0x13,0xff,0x40,0xb1,0x13,0xff,
    0x40,0xb1,0x13,0xff,0x40,0xb1,0x13,0xff,0x40,0xb1,0x13,0xff,0x40,0xb1,0x13,0xff,
    0x40,0xb1,0x13,0xff,0x40,0xb1,0x13,0xff,0x40,0xb1,0x13,0xff,0x40,0xb1,0x13,0xff,
    0x40,0xb1,0x13,0xff,0x40,0xb1,0x13,0xff,0x40,0xb1,0x13,0xff,0x40,0xb1,0x13,0xff,
    0x40,0xb1,0x13,0xff,0x40,0xb1,0x13,0xff,0x40,0xb1,0x13,0xff,0x40,0xb1,0x13,0xff,
    0x40,0xb1,0x13,0xff,0x40,0xb1,0x13,0xff,0x41,0xb3,0x13,0xff,0x40,0xb1,0x13,0xff,
    0x3f,0xb1,0x13,0xc8,0x3e,0xb0,0x14,0x31,0x00,0x00,0x00,0x01,0x00,0x00,0x00,0x00,
    0x00,0x00,0x00,0x00,0x00,0x00,0x00,0x00,0x00,0x00,0x00,0x00,0x00,0x00,0x00,0x00,
    0x00,0x00,0x00,0x00,0x00,0x00,0x00,0x00,0x00,0x00,0x00,0x00,0x00,0x00,0x00,0x00,
    0x00,0x00,0x00,0x00,0x00,0x00,0x00,0x00,0x00,0x00,0x00,0x00,0x00,0x00,0x00,0x00,
    0x00,0x00,0x00,0x00,0x00,0x00,0x00,0x00,0x00,0x00,0x00,0x00,0x00,0x00,0x00,0x00,
    0x00,0x00,0x00,0x00,0x00,0x00,0x00,0x00,0x00,0x00,0x00,0x00,0x00,0x00,0x00,0x00,
    0x00,0x00,0x00,0x00,0x00,0x00,0x00,0x00,0x00,0x00,0x00,0x00,0x00,0x00,0x00,0x00,
    0x00,0x00,0x00,0x00,0x00,0x00,0x00,0x00,0x00,0x00,0x00,0x00,0x00,0x00,0x00,0x00,
    0x00,0x00,0x00,0x00,0x37,0xb1,0x0b,0x17,0x3e,0xb0,0x12,0xa6,0x3f,0xb1,0x13,0xfd,
    0x41,0xb5,0x13,0xff,0x40,0xb1,0x13,0xff,0x40,0xb1,0x13,0xff,0x40,0xb1,0x13,0xff,
    0x40,0xb1,0x13,0xff,0x40,0xb1,0x13,0xff,0x40,0xb1,0x13,0xff,0x40,0xb1,0x13,0xff,
    0x40,0xb1,0x13,0xff,0x40,0xb1,0x13,0xff,0x40,0xb1,0x13,0xff,0x40,0xb1,0x13,0xff,
    0x40,0xb1,0x13,0xff,0x40,0xb1,0x13,0xff,0x40,0xb1,0x13,0xff,0x40,0xb1,0x13,0xff,
    0x40,0xb1,0x13,0xff,0x40,0xb1,0x13,0xff,0x40,0xb1,0x13,0xff,0x40,0xb1,0x13,0xff,
    0x40,0xb1,0x13,0xff,0x40,0xb1,0x13,0xff,0x40,0xb1,0x13,0xff,0x40,0xb1,0x13,0xff,
    0x40,0xb1,0x13,0xff,0x40,0xb1,0x13,0xff,0x40,0xb1,0x13,0xff,0x40,0xb1,0x13,0xff,
    0x40,0xb1,0x13,0xff,0x40,0xb1,0x13,0xff,0x40,0xb1,0x13,0xff,0x40,0xb1,0x13,0xff,
    0x40,0xb1,0x13,0xff,0x40,0xb1,0x13,0xff,0x40,0xb1,0x13,0xff,0x40,0xb1,0x13,0xff,
    0x40,0xb1,0x13,0xff,0x40,0xb1,0x13,0xff,0x40,0xb1,0x13,0xff,0x40,0xb1,0x13,0xff,
    0x40,0xb1,0x13,0xff,0x40,0xb1,0x13,0xff,0x40,0xb1,0x13,0xff,0x40,0xb1,0x13,0xff,
    0x40,0xb1,0x13,0xff,0x40,0xb1,0x13,0xff,0x40,0xb1,0x13,0xff,0x40,0xb1,0x13,0xff,
    0x40,0xb1,0x13,0xff,0x40,0xb1,0x13,0xff,0x40,0xb1,0x13,0xff,0x40,0xb1,0x13,0xff,
    0x40,0xb1,0x13,0xff,0x40,0xb1,0x13,0xff,0x40,0xb1,0x13,0xff,0x40,0xb1,0x13,0xff,
    0x40,0xb1,0x13,0xff,0x40,0xb1,0x13,0xff,0x40,0xb1,0x13,0xff,0x40,0xb1,0x13,0xff,
    0x40,0xb1,0x13,0xff,0x40,0xb1,0x13,0xff,0x40,0xb1,0x13,0xff,0x40,0xb1,0x13,0xff,
    0x40,0xb1,0x13,0xff,0x40,0xb1,0x13,0xff,0x40,0xb1,0x13,0xff,0x40,0xb1,0x13,0xff,
    0x40,0xb1,0x13,0xff,0x40,0xb1,0x13,0xff,0x40,0xb1,0x13,0xff,0x40,0xb1,0x13,0xff,
    0x40,0xb1,0x13,0xff,0x40,0xb1,0x13,0xff,0x40,0xb1,0x13,0xff,0x41,0xb5,0x13,0xff,
    0x3f,0xb1,0x13,0xfd,0x3e,0xb1,0x12,0xa7,0x37,0xb1,0x16,0x17,0x00,0x00,0x00,0x00,
    0x00,0x00,0x00,0x00,0x00,0x00,0x00,0x00,0x00,0x00,0x00,0x00,0x00,0x00,0x00,0x00,
    0x00,0x00,0x00,0x00,0x00,0x00,0x00,0x00,0x00,0x00,0x00,0x00,0x00,0x00,0x00,0x00,
    0x00,0x00,0x00,0x00,0x00,0x00,0x00,0x00,0x00,0x00,0x00,0x00,0x00,0x00,0x00,0x00,
    0x00,0x00,0x00,0x00,0x00,0x00,0x00,0x00,0x00,0x00,0x00,0x00,0x00,0x00,0x00,0x00,
    0x00,0x00,0x00,0x00,0x00,0x00,0x00,0x00,0x00,0x00,0x00,0x00,0x00,0x00,0x00,0x00,
    0x00,0x00,0x00,0x00,0x00,0x00,0x00,0x00,0x00,0x00,0x00,0x00,0x00,0x00,0x00,0x00,
    0x00,0x00,0x00,0x00,0x00,0x00,0x00,0x00,0x00,0x00,0x00,0x00,0x00,0x00,0x00,0x00,
    0x3a,0xb0,0x13,0x0d,0x3c,0xb1,0x11,0x69,0x41,0xb2,0x13,0xff,0x40,0xb3,0x13,0xff,
    0x40,0xb1,0x13,0xff,0x40,0xb1,0x13,0xff,0x40,0xb1,0x13,0xff,0x40,0xb1,0x13,0xff,
    0x40,0xb1,0x13,0xff,0x40,0xb1,0x13,0xff,0x40,0xb1,0x13,0xff,0x40,0xb1,0x13,0xff,
    0x40,0xb1,0x13,0xff,0x40,0xb1,0x13,0xff,0x40,0xb1,0x13,0xff,0x40,0xb1,0x13,0xff,
    0x40,0xb1,0x13,0xff,0x40,0xb1,0x13,0xff,0x40,0xb1,0x13,0xff,0x40,0xb1,0x13,0xff,
    0x40,0xb1,0x13,0xff,0x40,0xb1,0x13,0xff,0x40,0xb1,0x13,0xff,0x40,0xb1,0x13,0xff,
    0x40,0xb1,0x13,0xff,0x40,0xb1,0x13,0xff,0x40,0xb1,0x13,0xff,0x40,0xb1,0x13,0xff,
    0x40,0xb1,0x13,0xff,0x40,0xb1,0x13,0xff,0x40,0xb1,0x13,0xff,0x40,0xb1,0x13,0xff,
    0x40,0xb1,0x13,0xff,0x40,0xb1,0x13,0xff,0x40,0xb1,0x13,0xff,0x40,0xb1,0x13,0xff,
    0x40,0xb1,0x13,0xff,0x40,0xb1,0x13,0xff,0x40,0xb1,0x13,0xff,0x40,0xb1,0x13,0xff,
    0x40,0xb1,0x13,0xff,0x40,0xb1,0x13,0xff,0x40,0xb1,0x13,0xff,0x40,0xb1,0x13,0xff,
    0x40,0xb1,0x13,0xff,0x40,0xb1,0x13,0xff,0x40,0xb1,0x13,0xff,0x40,0xb1,0x13,0xff,
    0x40,0xb1,0x13,0xff,0x40,0xb1,0x13,0xff,0x40,0xb1,0x13,0xff,0x40,0xb1,0x13,0xff,
    0x40,0xb1,0x13,0xff,0x40,0xb1,0x13,0xff,0x40,0xb1,0x13,0xff,0x40,0xb1,0x13,0xff,
    0x40,0xb1,0x13,0xff,0x40,0xb1,0x13,0xff,0x40,0xb1,0x13,0xff,0x40,0xb1,0x13,0xff,
    0x40,0xb1,0x13,0xff,0x40,0xb1,0x13,0xff,0x40,0xb1,0x13,0xff,0x40,0xb1,0x13,0xff,
    0x40,0xb1,0x13,0xff,0x40,0xb1,0x13,0xff,0x40,0xb1,0x13,0xff,0x40,0xb1,0x13,0xff,
    0x40,0xb1,0x13,0xff,0x40,0xb1,0x13,0xff,0x40,0xb1,0x13,0xff,0x40,0xb1,0x13,0xff,
    0x40,0xb1,0x13,0xff,0x40,0xb1,0x13,0xff,0x40,0xb1,0x13,0xff,0x40,0xb1,0x13,0xff,
    0x40,0xb1,0x13,0xff,0x40,0xb1,0x13,0xff,0x40,0xb1,0x13,0xff,0x40,0xb1,0x13,0xff,
    0x40,0xb3,0x13,0xff,0x41,0xb2,0x13,0xff,0x3c,0xb1,0x11,0x69,0x3a,0xb0,0x13,0x0d,
    0x00,0x00,0x00,0x00,0x00,0x00,0x00,0x00,0x00,0x00,0x00,0x00,0x00,0x00,0x00,0x00,
    0x00,0x00,0x00,0x00,0x00,0x00,0x00,0x00,0x00,0x00,0x00,0x00,0x00,0x00,0x00,0x00,
    0x00,0x00,0x00,0x00,0x00,0x00,0x00,0x00,0x00,0x00,0x00,0x00,0x00,0x00,0x00,0x00,
    0x00,0x00,0x00,0x00,0x00,0x00,0x00,0x00,0x00,0x00,0x00,0x00,0x00,0x00,0x00,0x00,
    0x00,0x00,0x00,0x00,0x00,0x00,0x00,0x00,0x00,0x00,0x00,0x00,0x00,0x00,0x00,0x00,
    0x00,0x00,0x00,0x00,0x00,0x00,0x00,0x00,0x00,0x00,0x00,0x00,0x00,0x00,0x00,0x00,
    0x00,0x00,0x00,0x00,0x00,0x00,0x00,0x00,0x00,0x00,0x00,0x00,0x00,0x00,0x00,0x00,
    0x3c,0xb2,0x10,0x3f,0x3f,0xb0,0x12,0xe8,0x40,0xb1,0x13,0xff,0x40,0xb1,0x13,0xff,
    0x40,0xb1,0x13,0xff,0x40,0xb1,0x13,0xff,0x40,0xb1,0x13,0xff,0x40,0xb1,0x13,0xff,
    0x40,0xb1,0x13,0xff,0x40,0xb1,0x13,0xff,0x40,0xb1,0x13,0xff,0x40,0xb1,0x13,0xff,
    0x40,0xb1,0x13,0xff,0x40,0xb1,0x13,0xff,0x40,0xb1,0x13,0xff,0x40,0xb1,0x13,0xff,
    0x40,0xb1,0x13,0xff,0x40,0xb1,0x13,0xff,0x40,0xb1,0x13,0xff,0x40,0xb1,0x13,0xff,
    0x40,0xb1,0x13,0xff,0x40,0xb1,0x13,0xff,0x40,0xb1,0x13,0xff,0x40,0xb1,0x13,0xff,
    0x40,0xb1,0x13,0xff,0x40,0xb1,0x13,0xff,0x40,0xb1,0x13,0xff,0x40,0xb1,0x13,0xff,
    0x40,0xb1,0x13,0xff,0x40,0xb1,0x13,0xff,0x40,0xb1,0x13,0xff,0x40,0xb1,0x13,0xff,
    0x40,0xb1,0x13,0xff,0x40,0xb1,0x13,0xff,0x40,0xb1,0x13,0xff,0x40,0xb1,0x13,0xff,
    0x40,0xb1,0x13,0xff,0x40,0xb1,0x13,0xff,0x40,0xb1,0x13,0xff,0x40,0xb1,0x13,0xff,
    0x40,0xb1,0x13,0xff,0x40,0xb1,0x13,0xff,0x40,0xb1,0x13,0xff,0x40,0xb1,0x13,0xff,
    0x40,0xb1,0x13,0xff,0x40,0xb1,0x13,0xff,0x40,0xb1,0x13,0xff,0x40,0xb1,0x13,0xff,
    0x40,0xb1,0x13,0xff,0x40,0xb1,0x13,0xff,0x40,0xb1,0x13,0xff,0x40,0xb1,0x13,0xff,
    0x40,0xb1,0x13,0xff,0x40,0xb1,0x13,0xff,0x40,0xb1,0x13,0xff,0x40,0xb1,0x13,0xff,
    0x40,0xb1,0x13,0xff,0x40,0xb1,0x13,0xff,0x40,0xb1,0x13,0xff,0x40,0xb1,0x13,0xff,
    0x40,0xb1,0x13,0xff,0x40,0xb1,0x13,0xff,0x40,0xb1,0x13,0xff,0x40,0xb1,0x13,0xff,
    0x40,0xb1,0x13,0xff,0x40,0xb1,0x13,0xff,0x40,0xb1,0x13,0xff,0x40,0xb1,0x13,0xff,
    0x40,0xb1,0x13,0xff,0x40,0xb1,0x13,0xff,0x40,0xb1,0x13,0xff,0x40,0xb1,0x13,0xff,
    0x40,0xb1,0x13,0xff,0x40,0xb1,0x13,0xff,0x40,0xb1,0x13,0xff,0x40,0xb1,0x13,0xff,
    0x40,0xb1,0x13,0xff,0x40,0xb1,0x13,0xff,0x40,0xb1,0x13,0xff,0x40,0xb1,0x13,0xff,
    0x40,0xb1,0x13,0xff,0x40,0xb1,0x13,0xff,0x3f,0xb0,0x12,0xe8,0x3c,0xb2,0x10,0x3f,
    0x00,0x00,0x00,0x00,0x00,0x00,0x00,0x00,0x00,0x00,0x00,0x00,0x00,0x00,0x00,0x00,
    0x00,0x00,0x00,0x00,0x00,0x00,0x00,0x00,0x00,0x00,0x00,0x00,0x00,0x00,0x00,0x00,
    0x00,0x00,0x00,0x00,0x00,0x00,0x00,0x00,0x00,0x00,0x00,0x00,0x00,0x00,0x00,0x00,
    0x00,0x00,0x00,0x00,0x00,0x00,0x00,0x00,0x00,0x00,0x00,0x00,0x00,0x00,0x00,0x00,
    0x00,0x00,0x00,0x00,0x00,0x00,0x00,0x00,0x00,0x00,0x00,0x00,0x00,0x00,0x00,0x00,
    0x00,0x00,0x00,0x00,0x00,0x00,0x00,0x00,0x00,0x00,0x00,0x00,0x00,0x00,0x00,0x00,
    0x00,0x00,0x00,0x00,0x00,0x00,0x00,0x00,0x00,0x00,0x00,0x00,0x3c,0xb5,0x0d,0x26,
    0x3e,0xb0,0x10,0x98,0x42,0xb6,0x14,0xff,0x40,0xb1,0x13,0xff,0x40,0xb1,0x13,0xff,
    0x40,0xb1,0x13,0xff,0x40,0xb1,0x13,0xff,0x40,0xb1,0x13,0xff,0x40,0xb1,0x13,0xff,
    0x40,0xb1,0x13,0xff,0x40,0xb1,0x13,0xff,0x40,0xb1,0x13,0xff,0x40,0xb1,0x13,0xff,
    0x40,0xb1,0x13,0xff,0x40,0xb1,0x13,0xff,0x40,0xb1,0x13,0xff,0x40,0xb1,0x13,0xff,
    0x40,0xb1,0x13,0xff,0x40,0xb1,0x13,0xff,0x40,0xb1,0x13,0xff,0x40,0xb1,0x13,0xff,
    0x40,0xb1,0x13,0xff,0x40,0xb1,0x13,0xff,0x40,0xb1,0x13,0xff,0x40,0xb1,0x13,0xff,
    0x40,0xb1,0x13,0xff,0x40,0xb1,0x13,0xff,0x40,0xb1,0x13,0xff,0x40,0xb1,0x13,0xff,
    0x40,0xb1,0x13,0xff,0x40,0xb1,0x13,0xff,0x40,0xb1,0x13,0xff,0x40,0xb1,0x13,0xff,
    0x40,0xb1,0x13,0xff,0x40,0xb1,0x13,0xff,0x40,0xb1,0x13,0xff,0x40,0xb1,0x13,0xff,
    0x40,0xb1,0x13,0xff,0x40,0xb1,0x13,0xff,0x40,0xb1,0x13,0xff,0x40,0xb1,0x13,0xff,
    0x40,0xb1,0x13,0xff,0x40,0xb1,0x13,0xff,0x40,0xb1,0x13,0xff,0x40,0xb1,0x13,0xff,
    0x40,0xb1,0x13,0xff,0x40,0xb1,0x13,0xff,0x40,0xb1,0x13,0xff,0x40,0xb1,0x13,0xff,
    0x40,0xb1,0x13,0xff,0x40,0xb1,0x13,0xff,0x40,0xb1,0x13,0xff,0x40,0xb1,0x13,0xff,
    0x40,0xb1,0x13,0xff,0x40,0xb1,0x13,0xff,0x40,0xb1,0x13,0xff,0x40,0xb1,0x13,0xff,
    0x40,0xb1,0x13,0xff,0x40,0xb1,0x13,0xff,0x40,0xb1,0x13,0xff,0x40,0xb1,0x13,0xff,
    0x40,0xb1,0x13,0xff,0x40,0xb1,0x13,0xff,0x40,0xb1,0x13,0xff,0x40,0xb1,0x13,0xff,
    0x40,0xb1,0x13,0xff,0x40,0xb1,0x13,0xff,0x40,0xb1,0x13,0xff,0x40,0xb1,0x13,0xff,
    0x40,0xb1,0x13,0xff,0x40,0xb1,0x13,0xff,0x40,0xb1,0x13,0xff,0x40,0xb1,0x13,0xff,
    0x40,0xb1,0x13,0xff,0x40,0xb1,0x13,0xff,0x40,0xb1,0x13,0xff,0x40,0xb1,0x13,0xff,
    0x40,0xb1,0x13,0xff,0x40,0xb1,0x13,0xff,0x40,0xb1,0x13,0xff,0x40,0xb1,0x13,0xff,
    0x40,0xb1,0x13,0xff,0x40,0xb1,0x13,0xff,0x42,0xb6,0x14,0xff,0x3f,0xaf,0x12,0x99,
    0x3a,0xb0,0x13,0x27,0x00,0x00,0x00,0x00,0x00,0x00,0x00,0x00,0x00,0x00,0x00,0x00,
    0x00,0x00,0x00,0x00,0x00,0x00,0x00,0x00,0x00,0x00,0x00,0x00,0x00,0x00,0x00,0x00,
    0x00,0x00,0x00,0x00,0x00,0x00,0x00,0x00,0x00,0x00,0x00,0x00,0x00,0x00,0x00,0x00,
    0x00,0x00,0x00,0x00,0x00,0x00,0x00,0x00,0x00,0x00,0x00,0x00,0x00,0x00,0x00,0x00,
    0x00,0x00,0x00,0x00,0x00,0x00,0x00,0x00,0x00,0x00,0x00,0x00,0x00,0x00,0x00,0x00,
    0x00,0x00,0x00,0x00,0x00,0x00,0x00,0x00,0x00,0x00,0x00,0x00,0x00,0x00,0x00,0x00,
    0x00,0x00,0x00,0x00,0x00,0x00,0x00,0x00,0x00,0x00,0x00,0x00,0x3f,0xae,0x11,0x68,
    0x3e,0xb0,0x12,0xf8,0x40,0xb3,0x13,0xff,0x40,0xb1,0x13,0xff,0x40,0xb1,0x13,0xff,
    0x40,0xb1,0x13,0xff,0x40,0xb1,0x13,0xff,0x40,0xb1,0x13,0xff,0x40,0xb1,0x13,0xff,
    0x40,0xb1,0x13,0xff,0x40,0xb1,0x13,0xff,0x40,0xb1,0x13,0xff,0x40,0xb1,0x13,0xff,
    0x40,0xb1,0x13,0xff,0x40,0xb1,0x13,0xff,0x40,0xb1,0x13,0xff,0x40,0xb1,0x13,0xff,
    0x40,0xb1,0x13,0xff,0x40,0xb1,0x13,0xff,0x40,0xb1,0x13,0xff,0x40,0xb1,0x13,0xff,
    0x40,0xb1,0x13,0xff,0x40,0xb1,0x13,0xff,0x40,0xb1,0x13,0xff,0x40,0xb1,0x13,0xff,
    0x40,0xb1,0x13,0xff,0x40,0xb1,0x13,0xff,0x40,0xb1,0x13,0xff,0x40,0xb1,0x13,0xff,
    0x40,0xb1,0x13,0xff,0x40,0xb1,0x13,0xff,0x40,0xb1,0x13,0xff,0x40,0xb1,0x13,0xff,
    0x40,0xb1,0x13,0xff,0x40,0xb1,0x13,0xff,0x40,0xb1,0x13,0xff,0x40,0xb1,0x13,0xff,
    0x40,0xb1,0x13,0xff,0x40,0xb1,0x13,0xff,0x40,0xb1,0x13,0xff,0x40,0xb1,0x13,0xff,
    0x40,0xb1,0x13,0xff,0x40,0xb1,0x13,0xff,0x40,0xb1,0x13,0xff,0x40,0xb1,0x13,0xff,
    0x40,0xb1,0x13,0xff,0x40,0xb1,0x13,0xff,0x40,0xb1,0x13,0xff,0x40,0xb1,0x13,0xff,
    0x40,0xb1,0x13,0xff,0x40,0xb1,0x13,0xff,0x40,0xb1,0x13,0xff,0x40,0xb1,0x13,0xff,
    0x40,0xb1,0x13,0xff,0x40,0xb1,0x13,0xff,0x40,0xb1,0x13,0xff,0x40,0xb1,0x13,0xff,
    0x40,0xb1,0x13,0xff,0x40,0xb1,0x13,0xff,0x40,0xb1,0x13,0xff,0x40,0xb1,0x13,0xff,
    0x40,0xb1,0x13,0xff,0x40,0xb1,0x13,0xff,0x40,0xb1,0x13,0xff,0x40,0xb1,0x13,0xff,
    0x40,0xb1,0x13,0xff,0x40,0xb1,0x13,0xff,0x40,0xb1,0x13,0xff,0x40,0xb1,0x13,0xff,
    0x40,0xb1,0x13,0xff,0x40,0xb1,0x13,0xff,0x40,0xb1,0x13,0xff,0x40,0xb1,0x13,0xff,
    0x40,0xb1,0x13,0xff,0x40,0xb1,0x13,0xff,0x40,0xb1,0x13,0xff,0x40,0xb1,0x13,0xff,
    0x40,0xb1,0x13,0xff,0x40,0xb1,0x13,0xff,0x40,0xb1,0x13,0xff,0x40,0xb1,0x13,0xff,
    0x40,0xb1,0x13,0xff,0x40,0xb1,0x13,0xff,0x40,0xb3,0x13,0xff,0x3f,0xb0,0x12,0xf8,
    0x3f,0xae,0x11,0x68,0x00,0x00,0x00,0x00,0x00,0x00,0x00,0x00,0x00,0x00,0x00,0x00,
    0x00,0x00,0x00,0x00,0x00,0x00,0x00,0x00,0x00,0x00,0x00,0x00,0x00,0x00,0x00,0x00,
    0x00,0x00,0x00,0x00,0x00,0x00,0x00,0x00,0x00,0x00,0x00,0x00,0x00,0x00,0x00,0x00,
    0x00,0x00,0x00,0x00,0x00,0x00,0x00,0x00,0x00,0x00,0x00,0x00,0x00,0x00,0x00,0x00,
    0x00,0x00,0x00,0x00,0x00,0x00,0x00,0x00,0x00,0x00,0x00,0x00,0x00,0x00,0x00,0x00,
    0x00,0x00,0x00,0x00,0x00,0x00,0x00,0x00,0x00,0x00,0x00,0x00,0x00,0x00,0x00,0x00,
    0x00,0x00,0x00,0x00,0x00,0x00,0x00,0x00,0x3d,0xad,0x13,0x42,0x3f,0xb0,0x12,0xbc,
    0x42,0xb8,0x14,0xff,0x40,0xb1,0x13,0xff,0x40,0xb1,0x13,0xff,0x40,0xb1,0x13,0xff,
    0x40,0xb1,0x13,0xff,0x40,0xb1,0x13,0xff,0x40,0xb1,0x13,0xff,0x40,0xb1,0x13,0xff,
    0x40,0xb1,0x13,0xff,0x40,0xb1,0x13,0xff,0x40,0xb1,0x13,0xff,0x40,0xb1,0x13,0xff,
    0x40,0xb1,0x13,0xff,0x40,0xb1,0x13,0xff,0x40,0xb1,0x13,0xff,0x40,0xb1,0x13,0xff,
    0x40,0xb1,0x13,0xff,0x40,0xb1,0x13,0xff,0x40,0xb1,0x13,0xff,0x40,0xb1,0x13,0xff,
    0x40,0xb1,0x13,0xff,0x40,0xb1,0x13,0xff,0x40,0xb1,0x13,0xff,0x40,0xb1,0x13,0xff,
    0x40,0xb1,0x13,0xff,0x40,0xb1,0x13,0xff,0x40,0xb1,0x13,0xff,0x40,0xb1,0x13,0xff,
    0x40,0xb1,0x13,0xff,0x40,0xb1,0x13,0xff,0x40,0xb1,0x13,0xff,0x40,0xb1,0x13,0xff,
    0x40,0xb1,0x13,0xff,0x40,0xb1,0x13,0xff,0x40,0xb1,0x13,0xff,0x40,0xb1,0x13,0xff,
    0x40,0xb1,0x13,0xff,0x40,0xb1,0x13,0xff,0x40,0xb1,0x13,0xff,0x40,0xb1,0x13,0xff,
    0x40,0xb1,0x13,0xff,0x40,0xb1,0x13,0xff,0x40,0xb1,0x13,0xff,0x40,0xb1,0x13,0xff,
    0x40,0xb1,0x13,0xff,0x40,0xb1,0x13,0xff,0x40,0xb1,0x13,0xff,0x40,0xb1,0x13,0xff,
    0x40,0xb1,0x13,0xff,0x40,0xb1,0x13,0xff,0x40,0xb1,0x13,0xff,0x40,0xb1,0x13,0xff,
    0x40,0xb1,0x13,0xff,0x40,0xb1,0x13,0xff,0x40,0xb1,0x13,0xff,0x40,0xb1,0x13,0xff,
    0x40,0xb1,0x13,0xff,0x40,0xb1,0x13,0xff,0x40,0xb1,0x13,0xff,0x40,0xb1,0x13,0xff,
    0x40,0xb1,0x13,0xff,0x40,0xb1,0x13,0xff,0x40,0xb1,0x13,0xff,0x40,0xb1,0x13,0xff,
    0x40,0xb1,0x13,0xff,0x40,0xb1,0x13,0xff,0x40,0xb1,0x13,0xff,0x40,0xb1,0x13,0xff,
    0x40,0xb1,0x13,0xff,0x40,0xb1,0x13,0xff,0x40,0xb1,0x13,0xff,0x40,0xb1,0x13,0xff,
    0x40,0xb1,0x13,0xff,0x40,0xb1,0x13,0xff,0x40,0xb1,0x13,0xff,0x40,0xb1,0x13,0xff,
    0x40,0xb1,0x13,0xff,0x40,0xb1,0x13,0xff,0x40,0xb1,0x13,0xff,0x40,0xb1,0x13,0xff,
    0x40,0xb1,0x13,0xff,0x40,0xb1,0x13,0xff,0x40,0xb1,0x13,0xff,0x42,0xb8,0x14,0xff,
    0x3f,0xb0,0x12,0xbc,0x3d,0xad,0x13,0x42,0x00,0x00,0x00,0x00,0x00,0x00,0x00,0x00,
    0x00,0x00,0x00,0x00,0x00,0x00,0x00,0x00,0x00,0x00,0x00,0x00,0x00,0x00,0x00,0x00,
    0x00,0x00,0x00,0x00,0x00,0x00,0x00,0x00,0x00,0x00,0x00,0x00,0x00,0x00,0x00,0x00,
    0x00,0x00,0x00,0x00,0x00,0x00,0x00,0x00,0x00,0x00,0x00,0x00,0x00,0x00,0x00,0x00,
    0x00,0x00,0x00,0x00,0x00,0x00,0x00,0x00,0x00,0x00,0x00,0x00,0x00,0x00,0x00,0x00,
    0x00,0x00,0x00,0x00,0x00,0x00,0x00,0x00,0x00,0x00,0x00,0x00,0x00,0x00,0x00,0x00,
    0x00,0x00,0x00,0x00,0x00,0x7f,0x00,0x02,0x3d,0xaf,0x11,0x90,0x40,0xb0,0x12,0xfb,
    0x41,0xb3,0x13,0xff,0x40,0xb1,0x13,0xff,0x40,0xb1,0x13,0xff,0x40,0xb1,0x13,0xff,
    0x40,0xb1,0x13,0xff,0x40,0xb1,0x13,0xff,0x40,0xb1,0x13,0xff,0x40,0xb1,0x13,0xff,
    0x40,0xb1,0x13,0xff,0x40,0xb1,0x13,0xff,0x40,0xb1,0x13,0xff,0x40,0xb1,0x13,0xff,
    0x40,0xb1,0x13,0xff,0x40,0xb1,0x13,0xff,0x40,0xb1,0x13,0xff,0x40,0xb1,0x13,0xff,
    0x40,0xb1,0x13,0xff,0x40,0xb1,0x13,0xff,0x40,0xb1,0x13,0xff,0x40,0xb1,0x13,0xff,
    0x40,0xb1,0x13,0xff,0x40,0xb1,0x13,0xff,0x40,0xb1,0x13,0xff,0x40,0xb1,0x13,0xff,
    0x40,0xb1,0x13,0xff,0x40,0xb1,0x13,0xff,0x40,0xb1,0x13,0xff,0x40,0xb1,0x13,0xff,
    0x40,0xb1,0x13,0xff,0x40,0xb1,0x13,0xff,0x40,0xb1,0x13,0xff,0x40,0xb1,0x13,0xff,
    0x40,0xb1,0x13,0xff,0x40,0xb1,0x13,0xff,0x40,0xb1,0x13,0xff,0x40,0xb1,0x13,0xff,
    0x40,0xb1,0x13,0xff,0x40,0xb1,0x13,0xff,0x40,0xb1,0x13,0xff,0x40,0xb1,0x13,0xff,
    0x40,0xb1,0x13,0xff,0x40,0xb1,0x13,0xff,0x40,0xb1,0x13,0xff,0x40,0xb1,0x13,0xff,
    0x40,0xb1,0x13,0xff,0x40,0xb1,0x13,0xff,0x40,0xb1,0x13,0xff,0x40,0xb1,0x13,0xff,
    0x40,0xb1,0x13,0xff,0x40,0xb1,0x13,0xff,0x40,0xb1,0x13,0xff,0x40,0xb1,0x13,0xff,
    0x40,0xb1,0x13,0xff,0x40,0xb1,0x13,0xff,0x40,0xb1,0x13,0xff,0x40,0xb1,0x13,0xff,
    0x40,0xb1,0x13,0xff,0x40,0xb1,0x13,0xff,0x40,0xb1,0x13,0xff,0x40,0xb1,0x13,0xff,
    0x40,0xb1,0x13,0xff,0x40,0xb1,0x13,0xff,0x40,0xb1,0x13,0xff,0x40,0xb1,0x13,0xff,
    0x40,0xb1,0x13,0xff,0x40,0xb1,0x13,0xff,0x40,0xb1,0x13,0xff,0x40,0xb1,0x13,0xff,
    0x40,0xb1,0x13,0xff,0x40,0xb1,0x13,0xff,0x40,0xb1,0x13,0xff,0x40,0xb1,0x13,0xff,
    0x40,0xb1,0x13,0xff,0x40,0xb1,0x13,0xff,0x40,0xb1,0x13,0xff,0x40,0xb1,0x13,0xff,
    0x40,0xb1,0x13,0xff,0x40,0xb1,0x13,0xff,0x40,0xb1,0x13,0xff,0x40,0xb1,0x13,0xff,
    0x40,0xb1,0x13,0xff,0x40,0xb1,0x13,0xff,0x40,0xb1,0x13,0xff,0x41,0xb3,0x13,0xff,
    0x40,0xb0,0x12,0xfb,0x3d,0xb1,0x11,0x90,0x00,0x7f,0x00,0x02,0x00,0x00,0x00,0x00,
    0x00,0x00,0x00,0x00,0x00,0x00,0x00,0x00,0x00,0x00,0x00,0x00,0x00,0x00,0x00,0x00,
    0x00,0x00,0x00,0x00,0x00,0x00,0x00,0x00,0x00,0x00,0x00,0x00,0x00,0x00,0x00,0x00,
    0x00,0x00,0x00,0x00,0x00,0x00,0x00,0x00,0x00,0x00,0x00,0x00,0x00,0x00,0x00,0x00,
    0x00,0x00,0x00,0x00,0x00,0x00,0x00,0x00,0x00,0x00,0x00,0x00,0x00,0x00,0x00,0x00,
    0x00,0x00,0x00,0x00,0x00,0x00,0x00,0x00,0x00,0x00,0x00,0x00,0x00,0x00,0x00,0x00,
    0x00,0x00,0x00,0x00,0x3f,0xac,0x0f,0x44,0x3f,0xb0,0x11,0xcc,0x43,0xbb,0x13,0xff,
    0x40,0xb1,0x13,0xfe,0x40,0xb1,0x13,0xff,0x40,0xb1,0x13,0xff,0x40,0xb1,0x13,0xff,
    0x40,0xb1,0x13,0xff,0x40,0xb1,0x13,0xff,0x40,0xb1,0x13,0xff,0x40,0xb1,0x13,0xff,
    0x40,0xb1,0x13,0xff,0x40,0xb1,0x13,0xff,0x40,0xb1,0x13,0xff,0x40,0xb1,0x13,0xff,
    0x40,0xb1,0x13,0xff,0x40,0xb1,0x13,0xff,0x40,0xb1,0x13,0xff,0x40,0xb1,0x13,0xff,
    0x40,0xb1,0x13,0xff,0x40,0xb1,0x13,0xff,0x40,0xb1,0x13,0xff,0x40,0xb1,0x13,0xff,
    0x40,0xb1,0x13,0xff,0x40,0xb1,0x13,0xff,0x40,0xb1,0x13,0xff,0x40,0xb1,0x13,0xff,
    0x40,0xb1,0x13,0xff,0x40,0xb1,0x13,0xff,0x40,0xb1,0x13,0xff,0x40,0xb1,0x13,0xff,
    0x40,0xb1,0x13,0xff,0x40,0xb1,0x13,0xff,0x40,0xb1,0x13,0xff,0x40,0xb1,0x13,0xff,
    0x40,0xb1,0x13,0xff,0x40,0xb1,0x13,0xff,0x40,0xb1,0x13,0xff,0x40,0xb1,0x13,0xff,
    0x40,0xb1,0x13,0xff,0x40,0xb1,0x13,0xff,0x40,0xb1,0x13,0xff,0x40,0xb1,0x13,0xff,
    0x40,0xb1,0x13,0xff,0x40,0xb1,0x13,0xff,0x40,0xb1,0x13,0xff,0x40,0xb1,0x13,0xff,
    0x40,0xb1,0x13,0xff,0x40,0xb1,0x13,0xff,0x40,0xb1,0x13,0xff,0x40,0xb1,0x13,0xff,
    0x40,0xb1,0x13,0xff,0x40,0xb1,0x13,0xff,0x40,0xb1,0x13,0xff,0x40,0xb1,0x13,0xff,
    0x40,0xb1,0x13,0xff,0x40,0xb1,0x13,0xff,0x40,0xb1,0x13,0xff,0x40,0xb1,0x13,0xff,
    0x40,0xb1,0x13,0xff,0x40,0xb1,0x13,0xff,0x40,0xb1,0x13,0xff,0x40,0xb1,0x13,0xff,
    0x40,0xb1,0x13,0xff,0x40,0xb1,0x13,0xff,0x40,0xb1,0x13,0xff,0x40,0xb1,0x13,0xff,
    0x40,0xb1,0x13,0xff,0x40,0xb1,0x13,0xff,0x40,0xb1,0x13,0xff,0x40,0xb1,0x13,0xff,
    0x40,0xb1,0x13,0xff,0x40,0xb1,0x13,0xff,0x40,0xb1,0x13,0xff,0x40,0xb1,0x13,0xff,
    0x40,0xb1,0x13,0xff,0x40,0xb1,0x13,0xff,0x40,0xb1,0x13,0xff,0x40,0xb1,0x13,0xff,
    0x40,0xb1,0x13,0xff,0x40,0xb1,0x13,0xff,0x40,0xb1,0x13,0xff,0x40,0xb1,0x13,0xff,
    0x40,0xb1,0x13,0xff,0x40,0xb1,0x13,0xff,0x40,0xb1,0x13,0xff,0x40,0xb1,0x13,0xfe,
    0x43,0xbb,0x13,0xff,0x3f,0xb0,0x11,0xcd,0x3f,0xb0,0x0f,0x44,0x00,0x00,0x00,0x00,
    0x00,0x00,0x00,0x00,0x00,0x00,0x00,0x00,0x00,0x00,0x00,0x00,0x00,0x00,0x00,0x00,
    0x00,0x00,0x00,0x00,0x00,0x00,0x00,0x00,0x00,0x00,0x00,0x00,0x00,0x00,0x00,0x00,
    0x00,0x00,0x00,0x00,0x00,0x00,0x00,0x00,0x00,0x00,0x00,0x00,0x00,0x00,0x00,0x00,
    0x00,0x00,0x00,0x00,0x00,0x00,0x00,0x00,0x00,0x00,0x00,0x00,0x00,0x00,0x00,0x00,
    0x00,0x00,0x00,0x00,0x00,0x00,0x00,0x00,0x00,0x00,0x00,0x00,0x00,0x00,0x00,0x00,
    0x00,0x00,0x00,0x00,0x41,0xb0,0x13,0xa0,0x40,0xb0,0x12,0xf5,0x41,0xb4,0x13,0xff,
    0x40,0xb1,0x13,0xff,0x40,0xb1,0x13,0xff,0x40,0xb1,0x13,0xff,0x40,0xb1,0x13,0xff,
    0x40,0xb1,0x13,0xff,0x40,0xb1,0x13,0xff,0x40,0xb1,0x13,0xff,0x40,0xb1,0x13,0xff,
    0x40,0xb1,0x13,0xff,0x40,0xb1,0x13,0xff,0x40,0xb1,0x13,0xff,0x40,0xb1,0x13,0xff,
    0x40,0xb1,0x13,0xff,0x40,0xb1,0x13,0xff,0x40,0xb1,0x13,0xff,0x40,0xb1,0x13,0xff,
    0x40,0xb1,0x13,0xff,0x40,0xb1,0x13,0xff,0x40,0xb1,0x13,0xff,0x40,0xb1,0x13,0xff,
    0x40,0xb1,0x13,0xff,0x40,0xb1,0x13,0xff,0x40,0xb1,0x13,0xff,0x40,0xb1,0x13,0xff,
    0x40,0xb1,0x13,0xff,0x40,0xb1,0x13,0xff,0x40,0xb1,0x13,0xff,0x40,0xb1,0x13,0xff,
    0x40,0xb1,0x13,0xff,0x40,0xb1,0x13,0xff,0x3f,0xb1,0x12,0xff,0x3e,0xb0,0x11,0xff,
    0x3d,0xb0,0x10,0xff,0x3d,0xb0,0x0f,0xff,0x3d,0xb0,0x0f,0xff,0x3c,0xb0,0x0f,0xff,
    0x3d,0xb0,0x0f,0xff,0x3d,0xb0,0x0f,0xff,0x3d,0xb0,0x0f,0xff,0x3d,0xb0,0x0f,0xff,
    0x3d,0xb0,0x0f,0xff,0x3d,0xb0,0x0f,0xff,0x3d,0xb0,0x0f,0xff,0x3d,0xb0,0x0f,0xff,
    0x3d,0xb0,0x0f,0xff,0x3d,0xb0,0x0f,0xff,0x3d,0xb0,0x0f,0xff,0x3d,0xb0,0x0f,0xff,
    0x3d,0xb0,0x0f,0xff,0x3c,0xb0,0x0f,0xff,0x3d,0xb0,0x0f,0xff,0x3d,0xb0,0x0f,0xff,
    0x3d,0xb0,0x10,0xff,0x3e,0xb0,0x11,0xff,0x3f,0xb1,0x12,0xff,0x40,0xb1,0x13,0xff,
    0x40,0xb1,0x13,0xff,0x40,0xb1,0x13,0xff,0x40,0xb1,0x13,0xff,0x40,0xb1,0x13,0xff,
    0x40,0xb1,0x13,0xff,0x40,0xb1,0x13,0xff,0x40,0xb1,0x13,0xff,0x40,0xb1,0x13,0xff,
    0x40,0xb1,0x13,0xff,0x40,0xb1,0x13,0xff,0x40,0xb1,0x13,0xff,0x40,0xb1,0x13,0xff,
    0x40,0xb1,0x13,0xff,0x40,0xb1,0x13,0xff,0x40,0xb1,0x13,0xff,0x40,0xb1,0x13,0xff,
    0x40,0xb1,0x13,0xff,0x40,0xb1,0x13,0xff,0x40,0xb1,0x13,0xff,0x40,0xb1,0x13,0xff,
    0x40,0xb1,0x13,0xff,0x40,0xb1,0x13,0xff,0x40,0xb1,0x13,0xff,0x40,0xb1,0x13,0xff,
    0x40,0xb1,0x13,0xff,0x40,0xb1,0x13,0xff,0x40,0xb1,0x13,0xff,0x40,0xb1,0x13,0xff,
    0x41,0xb4,0x13,0xff,0x40,0xb0,0x12,0xf5,0x40,0xb1,0x13,0xa1,0x00,0x00,0x00,0x00,
    0x00,0x00,0x00,0x00,0x00,0x00,0x00,0x00,0x00,0x00,0x00,0x00,0x00,0x00,0x00,0x00,
    0x00,0x00,0x00,0x00,0x00,0x00,0x00,0x00,0x00,0x00,0x00,0x00,0x00,0x00,0x00,0x00,
    0x00,0x00,0x00,0x00,0x00,0x00,0x00,0x00,0x00,0x00,0x00,0x00,0x00,0x00,0x00,0x00,
    0x00,0x00,0x00,0x00,0x00,0x00,0x00,0x00,0x00,0x00,0x00,0x00,0x00,0x00,0x00,0x00,
    0x00,0x00,0x00,0x00,0x00,0x00,0x00,0x00,0x00,0x00,0x00,0x00,0x00,0xff,0x00,0x01,
    0x3e,0xaa,0x11,0x2d,0x3f,0xb1,0x11,0xda,0x42,0xb9,0x13,0xff,0x40,0xb1,0x13,0xff,
    0x40,0xb1,0x13,0xff,0x40,0xb1,0x13,0xff,0x40,0xb1,0x13,0xff,0x40,0xb1,0x13,0xff,
    0x40,0xb1,0x13,0xff,0x40,0xb1,0x13,0xff,0x40,0xb1,0x13,0xff,0x40,0xb1,0x13,0xff,
    0x40,0xb1,0x13,0xff,0x40,0xb1,0x13,0xff,0x40,0xb1,0x13,0xff,0x40,0xb1,0x13,0xff,
    0x40,0xb1,0x13,0xff,0x40,0xb1,0x13,0xff,0x40,0xb1,0x13,0xff,0x40,0xb1,0x13,0xff,
    0x40,0xb1,0x13,0xff,0x40,0xb1,0x13,0xff,0x40,0xb1,0x13,0xff,0x40,0xb1,0x13,0xff,
    0x40,0xb1,0x13,0xff,0x40,0xb1,0x13,0xff,0x40,0xb1,0x13,0xff,0x40,0xb1,0x13,0xff,
    0x40,0xb1,0x13,0xff,0x40,0xb1,0x13,0xff,0x40,0xb1,0x13,0xff,0x40,0xb1,0x13,0xff,
    0x40,0xb1,0x13,0xff,0x3f,0xb1,0x12,0xff,0x41,0xb1,0x14,0xff,0x44,0xb3,0x18,0xff,
    0x47,0xb4,0x1c,0xff,0x49,0xb5,0x1e,0xff,0x4a,0xb5,0x1f,0xff,0x4a,0xb5,0x20,0xff,
    0x4a,0xb5,0x20,0xff,0x4a,0xb5,0x20,0xff,0x4a,0xb5,0x20,0xff,0x4a,0xb5,0x20,0xff,
    0x4a,0xb5,0x20,0xff,0x4a,0xb5,0x20,0xff,0x4a,0xb5,0x20,0xff,0x4a,0xb5,0x20,0xff,
    0x4a,0xb5,0x20,0xff,0x4a,0xb5,0x20,0xff,0x4a,0xb5,0x20,0xff,0x4a,0xb5,0x20,0xff,
    0x4a,0xb5,0x20,0xff,0x4a,0xb5,0x20,0xff,0x4a,0xb5,0x20,0xff,0x49,0xb5,0x1e,0xff,
    0x48,0xb4,0x1d,0xff,0x45,0xb3,0x1a,0xff,0x42,0xb2,0x15,0xff,0x3f,0xb1,0x12,0xff,
    0x40,0xb1,0x13,0xff,0x40,0xb1,0x13,0xff,0x40,0xb1,0x13,0xff,0x40,0xb1,0x13,0xff,
    0x40,0xb1,0x13,0xff,0x40,0xb1,0x13,0xff,0x40,0xb1,0x13,0xff,0x40,0xb1,0x13,0xff,
    0x40,0xb1,0x13,0xff,0x40,0xb1,0x13,0xff,0x40,0xb1,0x13,0xff,0x40,0xb1,0x13,0xff,
    0x40,0xb1,0x13,0xff,0x40,0xb1,0x13,0xff,0x40,0xb1,0x13,0xff,0x40,0xb1,0x13,0xff,
    0x40,0xb1,0x13,0xff,0x40,0xb1,0x13,0xff,0x40,0xb1,0x13,0xff,0x40,0xb1,0x13,0xff,
    0x40,0xb1,0x13,0xff,0x40,0xb1,0x13,0xff,0x40,0xb1,0x13,0xff,0x40,0xb1,0x13,0xff,
    0x40,0xb1,0x13,0xff,0x40,0xb1,0x13,0xff,0x40,0xb1,0x13,0xff,0x40,0xb1,0x13,0xff,
    0x40,0xb1,0x13,0xff,0x42,0xb9,0x13,0xff,0x3f,0xb0,0x11,0xda,0x3e,0xaa,0x11,0x2d,
    0x00,0xff,0x00,0x01,0x00,0x00,0x00,0x00,0x00,0x00,0x00,0x00,0x00,0x00,0x00,0x00,
    0x00,0x00,0x00,0x00,0x00,0x00,0x00,0x00,0x00,0x00,0x00,0x00,0x00,0x00,0x00,0x00,
    0x00,0x00,0x00,0x00,0x00,0x00,0x00,0x00,0x00,0x00,0x00,0x00,0x00,0x00,0x00,0x00,
    0x00,0x00,0x00,0x00,0x00,0x00,0x00,0x00,0x00,0x00,0x00,0x00,0x00,0x00,0x00,0x00,
    0x00,0x00,0x00,0x00,0x00,0x00,0x00,0x00,0x00,0x00,0x00,0x00,0x3f,0xbf,0x00,0x04,
    0x3f,0xb0,0x12,0x8c,0x40,0xb0,0x13,0xef,0x41,0xb4,0x13,0xff,0x40,0xb1,0x13,0xff,
    0x40,0xb1,0x13,0xff,0x40,0xb1,0x13,0xff,0x40,0xb1,0x13,0xff,0x40,0xb1,0x13,0xff,
    0x40,0xb1,0x13,0xff,0x40,0xb1,0x13,0xff,0x40,0xb1,0x13,0xff,0x40,0xb1,0x13,0xff,
    0x40,0xb1,0x13,0xff,0x40,0xb1,0x13,0xff,0x40,0xb1,0x13,0xff,0x40,0xb1,0x13,0xff,
    0x40,0xb1,0x13,0xff,0x40,0xb1,0x13,0xff,0x40,0xb1,0x13,0xff,0x40,0xb1,0x13,0xff,
    0x40,0xb1,0x13,0xff,0x40,0xb1,0x13,0xff,0x40,0xb1,0x13,0xff,0x40,0xb1,0x13,0xff,
    0x40,0xb1,0x13,0xff,0x40,0xb1,0x13,0xff,0x40,0xb1,0x13,0xff,0x40,0xb1,0x13,0xff,
    0x40,0xb1,0x13,0xff,0x40,0xb1,0x13,0xff,0x40,0xb1,0x13,0xff,0x40,0xb1,0x13,0xff,
    0x40,0xb1,0x13,0xff,0x3c,0xaf,0x0f,0xff,0x55,0xb9,0x2c,0xff,0x82,0xcc,0x64,0xff,
    0xa8,0xdb,0x93,0xff,0xbc,0xe4,0xad,0xff,0xcb,0xea,0xbf,0xff,0xd1,0xec,0xc6,0xff,
    0xcf,0xec,0xc4,0xff,0xcf,0xec,0xc4,0xff,0xcf,0xec,0xc4,0xff,0xcf,0xec,0xc4,0xff,
    0xcf,0xec,0xc4,0xff,0xcf,0xec,0xc4,0xff,0xcf,0xec,0xc4,0xff,0xcf,0xec,0xc4,0xff,
    0xcf,0xec,0xc4,0xff,0xcf,0xec,0xc4,0xff,0xcf,0xec,0xc4,0xff,0xcf,0xec,0xc4,0xff,
    0xcf,0xec,0xc4,0xff,0xd1,0xec,0xc6,0xff,0xce,0xeb,0xc2,0xff,0xc1,0xe6,0xb3,0xff,
    0xae,0xde,0x9b,0xff,0x8f,0xd1,0x74,0xff,0x60,0xbe,0x3a,0xff,0x3e,0xb0,0x11,0xff,
    0x3f,0xb1,0x12,0xff,0x40,0xb1,0x13,0xff,0x40,0xb1,0x13,0xff,0x40,0xb1,0x13,0xff,
    0x40,0xb1,0x13,0xff,0x40,0xb1,0x13,0xff,0x40,0xb1,0x13,0xff,0x40,0xb1,0x13,0xff,
    0x40,0xb1,0x13,0xff,0x40,0xb1,0x13,0xff,0x40,0xb1,0x13,0xff,0x40,0xb1,0x13,0xff,
    0x40,0xb1,0x13,0xff,0x40,0xb1,0x13,0xff,0x40,0xb1,0x13,0xff,0x40,0xb1,0x13,0xff,
    0x40,0xb1,0x13,0xff,0x40,0xb1,0x13,0xff,0x40,0xb1,0x13,0xff,0x40,0xb1,0x13,0xff,
    0x40,0xb1,0x13,0xff,0x40,0xb1,0x13,0xff,0x40,0xb1,0x13,0xff,0x40,0xb1,0x13,0xff,
    0x40,0xb1,0x13,0xff,0x40,0xb1,0x13,0xff,0x40,0xb1,0x13,0xff,0x40,0xb1,0x13,0xff,
    0x40,0xb1,0x13,0xff,0x41,0xb4,0x13,0xff,0x40,0xb0,0x13,0xef,0x3f,0xb0,0x12,0x8c,
    0x3f,0xbf,0x00,0x04,0x00,0x00,0x00,0x00,0x00,0x00,0x00,0x00,0x00,0x00,0x00,0x00,
    0x00,0x00,0x00,0x00,0x00,0x00,0x00,0x00,0x00,0x00,0x00,0x00,0x00,0x00,0x00,0x00,
    0x00,0x00,0x00,0x00,0x00,0x00,0x00,0x00,0x00,0x00,0x00,0x00,0x00,0x00,0x00,0x00,
    0x00,0x00,0x00,0x00,0x00,0x00,0x00,0x00,0x00,0x00,0x00,0x00,0x00,0x00,0x00,0x00,
    0x00,0x00,0x00,0x00,0x00,0x00,0x00,0x00,0x00,0x00,0x00,0x00,0x48,0xa3,0x00,0x0e,
    0x3f,0xaf,0x12,0xd9,0x40,0xb1,0x13,0xff,0x40,0xb1,0x13,0xff,0x40,0xb1,0x13,0xff,
    0x40,0xb1,0x13,0xff,0x40,0xb1,0x13,0xff,0x40,0xb1,0x13,0xff,0x40,0xb1,0x13,0xff,
    0x40,0xb1,0x13,0xff,0x40,0xb1,0x13,0xff,0x40,0xb1,0x13,0xff,0x40,0xb1,0x13,0xff,
    0x40,0xb1,0x13,0xff,0x40,0xb1,0x13,0xff,0x40,0xb1,0x13,0xff,0x40,0xb1,0x13,0xff,
    0x40,0xb1,0x13,0xff,0x40,0xb1,0x13,0xff,0x40,0xb1,0x13,0xff,0x40,0xb1,0x13,0xff,
    0x40,0xb1,0x13,0xff,0x40,0xb1,0x13,0xff,0x40,0xb1,0x13,0xff,0x40,0xb1,0x13,0xff,
    0x40,0xb1,0x13,0xff,0x40,0xb1,0x13,0xff,0x40,0xb1,0x13,0xff,0x40,0xb1,0x13,0xff,
    0x40,0xb1,0x13,0xff,0x40,0xb1,0x13,0xff,0x40,0xb1,0x13,0xff,0x3d,0xaf,0x0f,0xff,
    0x39,0xae,0x0a,0xff,0x8a,0xce,0x6e,0xff,0xd8,0xef,0xcf,0xff,0xf1,0xfa,0xee,0xff,
    0xf4,0xfa,0xf1,0xff,0xf7,0xfc,0xf6,0xff,0xfa,0xfd,0xf9,0xff,0xfb,0xfd,0xfa,0xff,
    0xfb,0xfd,0xfa,0xff,0xfb,0xfd,0xfa,0xff,0xfb,0xfd,0xfa,0xff,0xfb,0xfd,0xfa,0xff,
    0xfb,0xfd,0xfa,0xff,0xfb,0xfd,0xfa,0xff,0xfb,0xfd,0xfa,0xff,0xfb,0xfd,0xfa,0xff,
    0xfb,0xfd,0xfa,0xff,0xfb,0xfd,0xfa,0xff,0xfb,0xfd,0xfa,0xff,0xfb,0xfd,0xfa,0xff,
    0xfb,0xfd,0xfa,0xff,0xfb,0xfd,0xfa,0xff,0xfb,0xfd,0xf9,0xff,0xf8,0xfc,0xf7,0xff,
    0xf5,0xfb,0xf3,0xff,0xf2,0xfa,0xee,0xff,0xe3,0xf4,0xdc,0xff,0xa0,0xd8,0x8b,0xff,
    0x44,0xb3,0x18,0xff,0x39,0xae,0x09,0xff,0x40,0xb1,0x14,0xff,0x40,0xb1,0x13,0xff,
    0x40,0xb1,0x13,0xff,0x40,0xb1,0x13,0xff,0x40,0xb1,0x13,0xff,0x40,0xb1,0x13,0xff,
    0x40,0xb1,0x13,0xff,0x40,0xb1,0x13,0xff,0x40,0xb1,0x13,0xff,0x40,0xb1,0x13,0xff,
    0x40,0xb1,0x13,0xff,0x40,0xb1,0x13,0xff,0x40,0xb1,0x13,0xff,0x40,0xb1,0x13,0xff,
    0x40,0xb1,0x13,0xff,0x40,0xb1,0x13,0xff,0x40,0xb1,0x13,0xff,0x40,0xb1,0x13,0xff,
    0x40,0xb1,0x13,0xff,0x40,0xb1,0x13,0xff,0x40,0xb1,0x13,0xff,0x40,0xb1,0x13,0xff,
    0x40,0xb1,0x13,0xff,0x40,0xb1,0x13,0xff,0x40,0xb1,0x13,0xff,0x40,0xb1,0x13,0xff,
    0x40,0xb1,0x13,0xff,0x40,0xb1,0x13,0xff,0x40,0xb1,0x13,0xff,0x3f,0xaf,0x12,0xd9,
    0x48,0xa3,0x00,0x0e,0x00,0x00,0x00,0x00,0x00,0x00,0x00,0x00,0x00,0x00,0x00,0x00,
    0x00,0x00,0x00,0x00,0x00,0x00,0x00,0x00,0x00,0x00,0x00,0x00,0x00,0x00,0x00,0x00,
    0x00,0x00,0x00,0x00,0x00,0x00,0x00,0x00,0x00,0x00,0x00,0x00,0x00,0x00,0x00,0x00,
    0x00,0x00,0x00,0x00,0x00,0x00,0x00,0x00,0x00,0x00,0x00,0x00,0x00,0x00,0x00,0x00,
    0x00,0x00,0x00,0x00,0x00,0x00,0x00,0x00,0x3f,0xbf,0x1f,0x08,0x40,0xae,0x10,0x4f,
    0x3e,0xb0,0x12,0xf3,0x41,0xb4,0x13,0xff,0x40,0xb1,0x13,0xff,0x40,0xb1,0x13,0xff,
    0x40,0xb1,0x13,0xff,0x40,0xb1,0x13,0xff,0x40,0xb1,0x13,0xff,0x40,0xb1,0x13,0xff,
    0x40,0xb1,0x13,0xff,0x40,0xb1,0x13,0xff,0x40,0xb1,0x13,0xff,0x40,0xb1,0x13,0xff,
    0x40,0xb1,0x13,0xff,0x40,0xb1,0x13,0xff,0x40,0xb1,0x13,0xff,0x40,0xb1,0x13,0xff,
    0x40,0xb1,0x13,0xff,0x40,0xb1,0x13,0xff,0x40,0xb1,0x13,0xff,0x40,0xb1,0x13,0xff,
    0x40,0xb1,0x13,0xff,0x40,0xb1,0x13,0xff,0x40,0xb1,0x13,0xff,0x40,0xb1,0x13,0xff,
    0x40,0xb1,0x13,0xff,0x40,0xb1,0x13,0xff,0x40,0xb1,0x13,0xff,0x40,0xb1,0x13,0xff,
    0x40,0xb1,0x13,0xff,0x41,0xb1,0x14,0xff,0x3a,0xae,0x0a,0xff,0x46,0xb3,0x1b,0xff,
    0xa6,0xdb,0x90,0xff,0xe4,0xf3,0xdd,0xff,0xff,0xff,0xff,0xff,0xff,0xff,0xff,0xff,
    0xff,0xff,0xff,0xff,0xff,0xff,0xff,0xff,0xff,0xff,0xff,0xff,0xff,0xff,0xff,0xff,
    0xff,0xff,0xff,0xff,0xff,0xff,0xff,0xff,0xff,0xff,0xff,0xff,0xff,0xff,0xff,0xff,
    0xff,0xff,0xff,0xff,0xff,0xff,0xff,0xff,0xff,0xff,0xff,0xff,0xff,0xff,0xff,0xff,
    0xff,0xff,0xff,0xff,0xff,0xff,0xff,0xff,0xff,0xff,0xff,0xff,0xff,0xff,0xff,0xff,
    0xff,0xff,0xff,0xff,0xff,0xff,0xff,0xff,0xff,0xff,0xff,0xff,0xff,0xff,0xff,0xff,
    0xff,0xff,0xff,0xff,0xff,0xff,0xff,0xff,0xff,0xff,0xff,0xff,0xee,0xf8,0xeb,0xff,
    0xbb,0xe3,0xab,0xff,0x5a,0xbb,0x32,0xff,0x37,0xad,0x07,0xff,0x41,0xb1,0x13,0xff,
    0x40,0xb1,0x13,0xff,0x40,0xb1,0x13,0xff,0x40,0xb1,0x13,0xff,0x40,0xb1,0x13,0xff,
    0x40,0xb1,0x13,0xff,0x40,0xb1,0x13,0xff,0x40,0xb1,0x13,0xff,0x40,0xb1,0x13,0xff,
    0x40,0xb1,0x13,0xff,0x40,0xb1,0x13,0xff,0x40,0xb1,0x13,0xff,0x40,0xb1,0x13,0xff,
    0x40,0xb1,0x13,0xff,0x40,0xb1,0x13,0xff,0x40,0xb1,0x13,0xff,0x40,0xb1,0x13,0xff,
    0x40,0xb1,0x13,0xff,0x40,0xb1,0x13,0xff,0x40,0xb1,0x13,0xff,0x40,0xb1,0x13,0xff,
    0x40,0xb1,0x13,0xff,0x40,0xb1,0x13,0xff,0x40,0xb1,0x13,0xff,0x40,0xb1,0x13,0xff,
    0x40,0xb1,0x13,0xff,0x40,0xb1,0x13,0xff,0x41,0xb4,0x13,0xff,0x40,0xb0,0x12,0xf3,
    0x42,0xac,0x0f,0x50,0x5f,0xbf,0x1f,0x08,0x00,0x00,0x00,0x00,0x00,0x00,0x00,0x00,
    0x00,0x00,0x00,0x00,0x00,0x00,0x00,0x00,0x00,0x00,0x00,0x00,0x00,0x00,0x00,0x00,
    0x00,0x00,0x00,0x00,0x00,0x00,0x00,0x00,0x00,0x00,0x00,0x00,0x00,0x00,0x00,0x00,
    0x00,0x00,0x00,0x00,0x00,0x00,0x00,0x00,0x00,0x00,0x00,0x00,0x00,0x00,0x00,0x00,
    0x00,0x00,0x00,0x00,0x00,0x00,0x00,0x00,0x3f,0xb2,0x0c,0x14,0x3f,0xb0,0x11,0xa0,
    0x3f,0xb1,0x13,0xf9,0x41,0xb3,0x13,0xff,0x40,0xb1,0x13,0xff,0x40,0xb1,0x13,0xff,
    0x40,0xb1,0x13,0xff,0x40,0xb1,0x13,0xff,0x40,0xb1,0x13,0xff,0x40,0xb1,0x13,0xff,
    0x40,0xb1,0x13,0xff,0x40,0xb1,0x13,0xff,0x40,0xb1,0x13,0xff,0x40,0xb1,0x13,0xff,
    0x40,0xb1,0x13,0xff,0x40,0xb1,0x13,0xff,0x40,0xb1,0x13,0xff,0x40,0xb1,0x13,0xff,
    0x40,0xb1,0x13,0xff,0x40,0xb1,0x13,0xff,0x40,0xb1,0x13,0xff,0x40,0xb1,0x13,0xff,
    0x40,0xb1,0x13,0xff,0x40,0xb1,0x13,0xff,0x40,0xb1,0x13,0xff,0x40,0xb1,0x13,0xff,
    0x40,0xb1,0x13,0xff,0x40,0xb1,0x13,0xff,0x40,0xb1,0x13,0xff,0x40,0xb1,0x13,0xff,
    0x40,0xb1,0x13,0xff,0x3b,0xaf,0x0d,0xff,0x4c,0xb6,0x21,0xff,0x90,0xd2,0x76,0xff,
    0xf4,0xfb,0xf2,0xff,0xff,0xff,0xff,0xff,0xff,0xff,0xff,0xff,0xff,0xff,0xff,0xff,
    0xff,0xff,0xff,0xff,0xff,0xff,0xff,0xff,0xff,0xff,0xff,0xff,0xff,0xff,0xff,0xff,
    0xff,0xff,0xff,0xff,0xff,0xff,0xff,0xff,0xff,0xff,0xff,0xff,0xff,0xff,0xff,0xff,
    0xff,0xff,0xff,0xff,0xff,0xff,0xff,0xff,0xff,0xff,0xff,0xff,0xff,0xff,0xff,0xff,
    0xff,0xff,0xff,0xff,0xff,0xff,0xff,0xff,0xff,0xff,0xff,0xff,0xff,0xff,0xff,0xff,
    0xff,0xff,0xff,0xff,0xff,0xff,0xff,0xff,0xff,0xff,0xff,0xff,0xff,0xff,0xff,0xff,
    0xff,0xff,0xff,0xff,0xff,0xff,0xff,0xff,0xff,0xff,0xff,0xff,0xff,0xff,0xff,0xff,
    0xff,0xff,0xff,0xff,0xac,0xdd,0x98,0xff,0x58,0xbb,0x31,0xff,0x39,0xae,0x0a,0xff,
    0x40,0xb1,0x13,0xff,0x40,0xb1,0x13,0xff,0x40,0xb1,0x13,0xff,0x40,0xb1,0x13,0xff,
    0x40,0xb1,0x13,0xff,0x40,0xb1,0x13,0xff,0x40,0xb1,0x13,0xff,0x40,0xb1,0x13,0xff,
    0x40,0xb1,0x13,0xff,0x40,0xb1,0x13,0xff,0x40,0xb1,0x13,0xff,0x40,0xb1,0x13,0xff,
    0x40,0xb1,0x13,0xff,0x40,0xb1,0x13,0xff,0x40,0xb1,0x13,0xff,0x40,0xb1,0x13,0xff,
    0x40,0xb1,0x13,0xff,0x40,0xb1,0x13,0xff,0x40,0xb1,0x13,0xff,0x40,0xb1,0x13,0xff,
    0x40,0xb1,0x13,0xff,0x40,0xb1,0x13,0xff,0x40,0xb1,0x13,0xff,0x40,0xb1,0x13,0xff,
    0x40,0xb1,0x13,0xff,0x40,0xb1,0x13,0xff,0x41,0xb3,0x13,0xff,0x40,0xb1,0x13,0xf9,
    0x3f,0xb0,0x11,0xa0,0x3f,0xb2,0x0c,0x14,0x00,0x00,0x00,0x00,0x00,0x00,0x00,0x00,
    0x00,0x00,0x00,0x00,0x00,0x00,0x00,0x00,0x00,0x00,0x00,0x00,0x00,0x00,0x00,0x00,
    0x00,0x00,0x00,0x00,0x00,0x00,0x00,0x00,0x00,0x00,0x00,0x00,0x00,0x00,0x00,0x00,
    0x00,0x00,0x00,0x00,0x00,0x00,0x00,0x00,0x00,0x00,0x00,0x00,0x00,0x00,0x00,0x00,
    0x00,0x00,0x00,0x00,0x00,0x00,0x00,0x00,0x3c,0xae,0x14,0x26,0x3f,0xb1,0x12,0xe2,
    0x3f,0xb0,0x13,0xfe,0x40,0xb2,0x13,0xff,0x40,0xb1,0x13,0xff,0x40,0xb1,0x13,0xff,
    0x40,0xb1,0x13,0xff,0x40,0xb1,0x13,0xff,0x40,0xb1,0x13,0xff,0x40,0xb1,0x13,0xff,
    0x40,0xb1,0x13,0xff,0x40,0xb1,0x13,0xff,0x40,0xb1,0x13,0xff,0x40,0xb1,0x13,0xff,
    0x40,0xb1,0x13,0xff,0x40,0xb1,0x13,0xff,0x40,0xb1,0x13,0xff,0x40,0xb1,0x13,0xff,
    0x40,0xb1,0x13,0xff,0x40,0xb1,0x13,0xff,0x40,0xb1,0x13,0xff,0x40,0xb1,0x13,0xff,
    0x40,0xb1,0x13,0xff,0x40,0xb1,0x13,0xff,0x40,0xb1,0x13,0xff,0x40,0xb1,0x13,0xff,
    0x40,0xb1,0x13,0xff,0x40,0xb1,0x13,0xff,0x40,0xb1,0x13,0xff,0x40,0xb1,0x13,0xff,
    0x3f,0xb1,0x12,0xff,0x3b,0xaf,0x0d,0xff,0x75,0xc6,0x54,0xff,0xe9,0xf6,0xe4,0xff,
    0xff,0xff,0xff,0xff,0xff,0xff,0xff,0xff,0xff,0xff,0xff,0xff,0xff,0xff,0xff,0xff,
    0xff,0xff,0xff,0xff,0xff,0xff,0xff,0xff,0xff,0xff,0xff,0xff,0xff,0xff,0xff,0xff,
    0xff,0xff,0xff,0xff,0xff,0xff,0xff,0xff,0xff,0xff,0xff,0xff,0xff,0xff,0xff,0xff,
    0xff,0xff,0xff,0xff,0xff,0xff,0xff,0xff,0xff,0xff,0xff,0xff,0xff,0xff,0xff,0xff,
    0xff,0xff,0xff,0xff,0xff,0xff,0xff,0xff,0xff,0xff,0xff,0xff,0xff,0xff,0xff,0xff,
    0xff,0xff,0xff,0xff,0xff,0xff,0xff,0xff,0xff,0xff,0xff,0xff,0xff,0xff,0xff,0xff,
    0xff,0xff,0xff,0xff,0xff,0xff,0xff,0xff,0xff,0xff,0xff,0xff,0xff,0xff,0xff,0xff,
    0xff,0xff,0xff,0xff,0xf7,0xfb,0xf5,0xff,0x95,0xd4,0x7d,0xff,0x3d,0xb0,0x0f,0xff,
    0x3f,0xb1,0x12,0xff,0x40,0xb1,0x13,0xff,0x40,0xb1,0x13,0xff,0x40,0xb1,0x13,0xff,
    0x40,0xb1,0x13,0xff,0x40,0xb1,0x13,0xff,0x40,0xb1,0x13,0xff,0x40,0xb1,0x13,0xff,
    0x40,0xb1,0x13,0xff,0x40,0xb1,0x13,0xff,0x40,0xb1,0x13,0xff,0x40,0xb1,0x13,0xff,
    0x40,0xb1,0x13,0xff,0x40,0xb1,0x13,0xff,0x40,0xb1,0x13,0xff,0x40,0xb1,0x13,0xff,
    0x40,0xb1,0x13,0xff,0x40,0xb1,0x13,0xff,0x40,0xb1,0x13,0xff,0x40,0xb1,0x13,0xff,
    0x40,0xb1,0x13,0xff,0x40,0xb1,0x13,0xff,0x40,0xb1,0x13,0xff,0x40,0xb1,0x13,0xff,
    0x40,0xb1,0x13,0xff,0x40,0xb1,0x13,0xff,0x40,0xb2,0x13,0xff,0x3f,0xb0,0x13,0xfe,
    0x3f,0xb1,0x12,0xe2,0x3c,0xae,0x0d,0x26,0x00,0x00,0x00,0x00,0x00,0x00,0x00,0x00,
    0x00,0x00,0x00,0x00,0x00,0x00,0x00,0x00,0x00,0x00,0x00,0x00,0x00,0x00,0x00,0x00,
    0x00,0x00,0x00,0x00,0x00,0x00,0x00,0x00,0x00,0x00,0x00,0x00,0x00,0x00,0x00,0x00,
    0x00,0x00,0x00,0x00,0x00,0x00,0x00,0x00,0x00,0x00,0x00,0x00,0x00,0x00,0x00,0x00,
    0x00,0x00,0x00,0x00,0x3f,0x7f,0x00,0x04,0x3d,0xb0,0x14,0x4b,0x41,0xb5,0x12,0xff,
    0x40,0xb2,0x13,0xff,0x40,0xb1,0x13,0xff,0x40,0xb1,0x13,0xff,0x40,0xb1,0x13,0xff,
    0x40,0xb1,0x13,0xff,0x40,0xb1,0x13,0xff,0x40,0xb1,0x13,0xff,0x40,0xb1,0x13,0xff,
    0x40,0xb1,0x13,0xff,0x40,0xb1,0x13,0xff,0x40,0xb1,0x13,0xff,0x40,0xb1,0x13,0xff,
    0x40,0xb1,0x13,0xff,0x40,0xb1,0x13,0xff,0x40,0xb1,0x13,0xff,0x40,0xb1,0x13,0xff,
    0x40,0xb1,0x13,0xff,0x40,0xb1,0x13,0xff,0x40,0xb1,0x13,0xff,0x40,0xb1,0x13,0xff,
    0x40,0xb1,0x13,0xff,0x40,0xb1,0x13,0xff,0x40,0xb1,0x13,0xff,0x40,0xb1,0x13,0xff,
    0x40,0xb1,0x13,0xff,0x40,0xb1,0x13,0xff,0x40,0xb1,0x13,0xff,0x40,0xb1,0x13,0xff,
    0x3c,0xaf,0x0e,0xff,0x52,0xb8,0x29,0xff,0xa6,0xda,0x91,0xff,0xff,0xff,0xff,0xff,
    0xff,0xff,0xff,0xff,0xff,0xff,0xff,0xff,0xff,0xff,0xff,0xff,0xff,0xff,0xff,0xff,
    0xf8,0xfc,0xf7,0xff,0xeb,0xf7,0xe6,0xff,0xe7,0xf5,0xe1,0xff,0xe7,0xf5,0xe2,0xff,
    0xe7,0xf5,0xe2,0xff,0xe7,0xf5,0xe2,0xff,0xe7,0xf5,0xe2,0xff,0xe7,0xf5,0xe2,0xff,
    0xe7,0xf5,0xe2,0xff,0xe7,0xf5,0xe2,0xff,0xe7,0xf5,0xe2,0xff,0xe7,0xf5,0xe2,0xff,
    0xe7,0xf5,0xe2,0xff,0xe7,0xf5,0xe2,0xff,0xe7,0xf5,0xe2,0xff,0xe7,0xf5,0xe2,0xff,
    0xe7,0xf5,0xe2,0xff,0xe7,0xf5,0xe2,0xff,0xe6,0xf5,0xe1,0xff,0xe9,0xf6,0xe4,0xff,
    0xf4,0xfb,0xf1,0xff,0xff,0xff,0xff,0xff,0xff,0xff,0xff,0xff,0xff,0xff,0xff,0xff,
    0xff,0xff,0xff,0xff,0xff,0xff,0xff,0xff,0xc6,0xe7,0xb8,0xff,0x63,0xc0,0x3d,0xff,
    0x3c,0xaf,0x0e,0xff,0x40,0xb1,0x13,0xff,0x40,0xb1,0x13,0xff,0x40,0xb1,0x13,0xff,
    0x40,0xb1,0x13,0xff,0x40,0xb1,0x13,0xff,0x40,0xb1,0x13,0xff,0x40,0xb1,0x13,0xff,
    0x40,0xb1,0x13,0xff,0x40,0xb1,0x13,0xff,0x40,0xb1,0x13,0xff,0x40,0xb1,0x13,0xff,
    0x40,0xb1,0x13,0xff,0x40,0xb1,0x13,0xff,0x40,0xb1,0x13,0xff,0x40,0xb1,0x13,0xff,
    0x40,0xb1,0x13,0xff,0x40,0xb1,0x13,0xff,0x40,0xb1,0x13,0xff,0x40,0xb1,0x13,0xff,
    0x40,0xb1,0x13,0xff,0x40,0xb1,0x13,0xff,0x40,0xb1,0x13,0xff,0x40,0xb1,0x13,0xff,
    0x40,0xb1,0x13,0xff,0x40,0xb1,0x13,0xff,0x40,0xb1,0x13,0xff,0x40,0xb2,0x13,0xff,
    0x41,0xb5,0x12,0xff,0x3e,0xb3,0x11,0x4a,0x55,0xaa,0x00,0x03,0x00,0x00,0x00,0x00,
    0x00,0x00,0x00,0x00,0x00,0x00,0x00,0x00,0x00,0x00,0x00,0x00,0x00,0x00,0x00,0x00,
    0x00,0x00,0x00,0x00,0x00,0x00,0x00,0x00,0x00,0x00,0x00,0x00,0x00,0x00,0x00,0x00,
    0x00,0x00,0x00,0x00,0x00,0x00,0x00,0x00,0x00,0x00,0x00,0x00,0x00,0x00,0x00,0x00,
    0x00,0x00,0x00,0x00,0x3a,0xb0,0x13,0x1a,0x41,0xb0,0x11,0x85,0x41,0xb3,0x13,0xff,
    0x40,0xb2,0x13,0xff,0x40,0xb1,0x13,0xff,0x40,0xb1,0x13,0xff,0x40,0xb1,0x13,0xff,
    0x40,0xb1,0x13,0xff,0x40,0xb1,0x13,0xff,0x40,0xb1,0x13,0xff,0x40,0xb1,0x13,0xff,
    0x40,0xb1,0x13,0xff,0x40,0xb1,0x13,0xff,0x40,0xb1,0x13,0xff,0x40,0xb1,0x13,0xff,
    0x40,0xb1,0x13,0xff,0x40,0xb1,0x13,0xff,0x40,0xb1,0x13,0xff,0x40,0xb1,0x13,0xff,
    0x40,0xb1,0x13,0xff,0x40,0xb1,0x13,0xff,0x40,0xb1,0x13,0xff,0x40,0xb1,0x13,0xff,
    0x40,0xb1,0x13,0xff,0x40,0xb1,0x13,0xff,0x40,0xb1,0x13,0xff,0x40,0xb1,0x13,0xff,
    0x40,0xb1,0x13,0xff,0x40,0xb1,0x13,0xff,0x40,0xb1,0x13,0xff,0x40,0xb1,0x13,0xff,
    0x37,0xad,0x08,0xff,0x7d,0xca,0x5d,0xff,0xdd,0xf1,0xd5,0xff,0xff,0xff,0xff,0xff,
    0xff,0xff,0xff,0xff,0xff,0xff,0xff,0xff,0xff,0xff,0xff,0xff,0xfe,0xfe,0xfd,0xff,
    0xc3,0xe6,0xb5,0xff,0x72,0xc5,0x51,0xff,0x5b,0xbb,0x35,0xff,0x5e,0xbd,0x38,0xff,
    0x5e,0xbd,0x38,0xff,0x5e,0xbd,0x38,0xff,0x5e,0xbd,0x38,0xff,0x5e,0xbd,0x38,0xff,
    0x5e,0xbd,0x38,0xff,0x5e,0xbd,0x38,0xff,0x5e,0xbd,0x38,0xff,0x5e,0xbd,0x38,0xff,
    0x5e,0xbd,0x38,0xff,0x5e,0xbd,0x38,0xff,0x5e,0xbd,0x38,0xff,0x5e,0xbd,0x38,0xff,
    0x5e,0xbd,0x38,0xff,0x5e,0xbd,0x38,0xff,0x5a,0xbb,0x34,0xff,0x67,0xc1,0x44,0xff,
    0xa9,0xdc,0x94,0xff,0xf7,0xfc,0xf5,0xff,0xff,0xff,0xff,0xff,0xff,0xff,0xff,0xff,
    0xff,0xff,0xff,0xff,0xff,0xff,0xff,0xff,0xed,0xf8,0xe9,0xff,0x9b,0xd6,0x84,0xff,
    0x37,0xad,0x08,0xff,0x40,0xb1,0x13,0xff,0x40,0xb1,0x13,0xff,0x40,0xb1,0x13,0xff,
    0x40,0xb1,0x13,0xff,0x40,0xb1,0x13,0xff,0x40,0xb1,0x13,0xff,0x40,0xb1,0x13,0xff,
    0x40,0xb1,0x13,0xff,0x40,0xb1,0x13,0xff,0x40,0xb1,0x13,0xff,0x40,0xb1,0x13,0xff,
    0x40,0xb1,0x13,0xff,0x40,0xb1,0x13,0xff,0x40,0xb1,0x13,0xff,0x40,0xb1,0x13,0xff,
    0x40,0xb1,0x13,0xff,0x40,0xb1,0x13,0xff,0x40,0xb1,0x13,0xff,0x40,0xb1,0x13,0xff,
    0x40,0xb1,0x13,0xff,0x40,0xb1,0x13,0xff,0x40,0xb1,0x13,0xff,0x40,0xb1,0x13,0xff,
    0x40,0xb1,0x13,0xff,0x40,0xb1,0x13,0xff,0x40,0xb1,0x13,0xff,0x40,0xb2,0x13,0xff,
    0x41,0xb3,0x13,0xff,0x41,0xb0,0x11,0x85,0x3a,0xb0,0x13,0x1a,0x00,0x00,0x00,0x00,
    0x00,0x00,0x00,0x00,0x00,0x00,0x00,0x00,0x00,0x00,0x00,0x00,0x00,0x00,0x00,0x00,
    0x00,0x00,0x00,0x00,0x00,0x00,0x00,0x00,0x00,0x00,0x00,0x00,0x00,0x00,0x00,0x00,
    0x00,0x00,0x00,0x00,0x00,0x00,0x00,0x00,0x00,0x00,0x00,0x00,0x00,0x00,0x00,0x00,
    0x00,0x00,0x00,0x00,0x3b,0xad,0x10,0x2f,0x3f,0xb0,0x11,0xbd,0x40,0xb2,0x13,0xff,
    0x40,0xb1,0x13,0xff,0x40,0xb1,0x13,0xff,0x40,0xb1,0x13,0xff,0x40,0xb1,0x13,0xff,
    0x40,0xb1,0x13,0xff,0x40,0xb1,0x13,0xff,0x40,0xb1,0x13,0xff,0x40,0xb1,0x13,0xff,
    0x40,0xb1,0x13,0xff,0x40,0xb1,0x13,0xff,0x40,0xb1,0x13,0xff,0x40,0xb1,0x13,0xff,
    0x40,0xb1,0x13,0xff,0x40,0xb1,0x13,0xff,0x40,0xb1,0x13,0xff,0x40,0xb1,0x13,0xff,
    0x40,0xb1,0x13,0xff,0x40,0xb1,0x13,0xff,0x40,0xb1,0x13,0xff,0x40,0xb1,0x13,0xff,
    0x40,0xb1,0x13,0xff,0x40,0xb1,0x13,0xff,0x40,0xb1,0x13,0xff,0x40,0xb1,0x13,0xff,
    0x40,0xb1,0x13,0xff,0x40,0xb1,0x13,0xff,0x40,0xb1,0x13,0xff,0x40,0xb1,0x13,0xff,
    0x32,0xab,0x01,0xff,0x95,0xd4,0x7b,0xff,0xff,0xff,0xff,0xff,0xff,0xff,0xff,0xff,
    0xff,0xff,0xff,0xff,0xff,0xff,0xff,0xff,0xff,0xff,0xff,0xff,0xb1,0xdf,0x9e,0xff,
    0x5a,0xbc,0x33,0xff,0x40,0xb1,0x13,0xff,0x41,0xb2,0x15,0xff,0x42,0xb2,0x15,0xff,
    0x42,0xb2,0x15,0xff,0x42,0xb2,0x15,0xff,0x42,0xb2,0x15,0xff,0x42,0xb2,0x15,0xff,
    0x42,0xb2,0x15,0xff,0x42,0xb2,0x15,0xff,0x42,0xb2,0x15,0xff,0x42,0xb2,0x15,0xff,
    0x42,0xb2,0x15,0xff,0x42,0xb2,0x15,0xff,0x42,0xb2,0x15,0xff,0x42,0xb2,0x15,0xff,
    0x42,0xb2,0x15,0xff,0x42,0xb2,0x15,0xff,0x41,0xb2,0x15,0xff,0x40,0xb1,0x13,0xff,
    0x4d,0xb6,0x23,0xff,0x8e,0xd1,0x73,0xff,0xff,0xff,0xff,0xff,0xff,0xff,0xff,0xff,
    0xff,0xff,0xff,0xff,0xff,0xff,0xff,0xff,0xff,0xff,0xff,0xff,0xbc,0xe4,0xae,0xff,
    0x33,0xac,0x03,0xff,0x40,0xb1,0x13,0xff,0x40,0xb1,0x13,0xff,0x40,0xb1,0x13,0xff,
    0x40,0xb1,0x13,0xff,0x40,0xb1,0x13,0xff,0x40,0xb1,0x13,0xff,0x40,0xb1,0x13,0xff,
    0x40,0xb1,0x13,0xff,0x40,0xb1,0x13,0xff,0x40,0xb1,0x13,0xff,0x40,0xb1,0x13,0xff,
    0x40,0xb1,0x13,0xff,0x40,0xb1,0x13,0xff,0x40,0xb1,0x13,0xff,0x40,0xb1,0x13,0xff,
    0x40,0xb1,0x13,0xff,0x40,0xb1,0x13,0xff,0x40,0xb1,0x13,0xff,0x40,0xb1,0x13,0xff,
    0x40,0xb1,0x13,0xff,0x40,0xb1,0x13,0xff,0x40,0xb1,0x13,0xff,0x40,0xb1,0x13,0xff,
    0x40,0xb1,0x13,0xff,0x40,0xb1,0x13,0xff,0x40,0xb1,0x13,0xff,0x40,0xb1,0x13,0xff,
    0x40,0xb2,0x13,0xff,0x3f,0xb0,0x11,0xbd,0x3b,0xad,0x10,0x2f,0x00,0x00,0x00,0x00,
    0x00,0x00,0x00,0x00,0x00,0x00,0x00,0x00,0x00,0x00,0x00,0x00,0x00,0x00,0x00,0x00,
    0x00,0x00,0x00,0x00,0x00,0x00,0x00,0x00,0x00,0x00,0x00,0x00,0x00,0x00,0x00,0x00,
    0x00,0x00,0x00,0x00,0x00,0x00,0x00,0x00,0x00,0x00,0x00,0x00,0x00,0x00,0x00,0x00,
    0x00,0x00,0x00,0x00,0x3f,0xb3,0x0f,0x40,0x3e,0xb1,0x12,0xef,0x40,0xb1,0x13,0xff,
    0x40,0xb1,0x13,0xff,0x40,0xb1,0x13,0xff,0x40,0xb1,0x13,0xff,0x40,0xb1,0x13,0xff,
    0x40,0xb1,0x13,0xff,0x40,0xb1,0x13,0xff,0x40,0xb1,0x13,0xff,0x40,0xb1,0x13,0xff,
    0x40,0xb1,0x13,0xff,0x40,0xb1,0x13,0xff,0x40,0xb1,0x13,0xff,0x40,0xb1,0x13,0xff,
    0x40,0xb1,0x13,0xff,0x40,0xb1,0x13,0xff,0x40,0xb1,0x13,0xff,0x40,0xb1,0x13,0xff,
    0x40,0xb1,0x13,0xff,0x40,0xb1,0x13,0xff,0x40,0xb1,0x13,0xff,0x40,0xb1,0x13,0xff,
    0x40,0xb1,0x13,0xff,0x40,0xb1,0x13,0xff,0x40,0xb1,0x13,0xff,0x40,0xb1,0x13,0xff,
    0x40,0xb1,0x13,0xff,0x40,0xb1,0x13,0xff,0x40,0xb1,0x13,0xff,0x3e,0xb0,0x10,0xff,
    0x4b,0xb6,0x21,0xff,0xb1,0xdf,0x9e,0xff,0xff,0xff,0xff,0xff,0xff,0xff,0xff,0xff,
    0xff,0xff,0xff,0xff,0xff,0xff,0xff,0xff,0xff,0xff,0xff,0xff,0x89,0xcf,0x6e,0xff,
    0x37,0xad,0x07,0xff,0x3e,0xb0,0x11,0xff,0x3f,0xb1,0x12,0xff,0x3f,0xb1,0x12,0xff,
    0x3f,0xb1,0x12,0xff,0x3f,0xb1,0x12,0xff,0x3f,0xb1,0x12,0xff,0x3f,0xb1,0x12,0xff,
    0x3f,0xb1,0x12,0xff,0x3f,0xb1,0x12,0xff,0x3f,0xb1,0x12,0xff,0x3f,0xb1,0x12,0xff,
    0x3f,0xb1,0x12,0xff,0x3f,0xb1,0x12,0xff,0x3f,0xb1,0x12,0xff,0x3f,0xb1,0x12,0xff,
    0x3f,0xb1,0x12,0xff,0x3f,0xb1,0x12,0xff,0x3f,0xb1,0x12,0xff,0x3f,0xb0,0x11,0xff,
    0x38,0xae,0x09,0xff,0x67,0xc0,0x42,0xff,0xf8,0xfc,0xf6,0xff,0xfe,0xff,0xfe,0xff,
    0xff,0xff,0xff,0xff,0xff,0xff,0xff,0xff,0xff,0xff,0xff,0xff,0xd5,0xee,0xcb,0xff,
    0x60,0xbe,0x3b,0xff,0x3f,0xb0,0x12,0xff,0x40,0xb1,0x13,0xff,0x40,0xb1,0x13,0xff,
    0x40,0xb1,0x13,0xff,0x40,0xb1,0x13,0xff,0x40,0xb1,0x13,0xff,0x40,0xb1,0x13,0xff,
    0x40,0xb1,0x13,0xff,0x40,0xb1,0x13,0xff,0x40,0xb1,0x13,0xff,0x40,0xb1,0x13,0xff,
    0x40,0xb1,0x13,0xff,0x40,0xb1,0x13,0xff,0x40,0xb1,0x13,0xff,0x40,0xb1,0x13,0xff,
    0x40,0xb1,0x13,0xff,0x40,0xb1,0x13,0xff,0x40,0xb1,0x13,0xff,0x40,0xb1,0x13,0xff,
    0x40,0xb1,0x13,0xff,0x40,0xb1,0x13,0xff,0x40,0xb1,0x13,0xff,0x40,0xb1,0x13,0xff,
    0x40,0xb1,0x13,0xff,0x40,0xb1,0x13,0xff,0x40,0xb1,0x13,0xff,0x40,0xb1,0x13,0xff,
    0x40,0xb1,0x13,0xff,0x3e,0xb1,0x12,0xef,0x3f,0xb3,0x0f,0x40,0x00,0x00,0x00,0x00,
    0x00,0x00,0x00,0x00,0x00,0x00,0x00,0x00,0x00,0x00,0x00,0x00,0x00,0x00,0x00,0x00,
    0x00,0x00,0x00,0x00,0x00,0x00,0x00,0x00,0x00,0x00,0x00,0x00,0x00,0x00,0x00,0x00,
    0x00,0x00,0x00,0x00,0x00,0x00,0x00,0x00,0x00,0x00,0x00,0x00,0x00,0x00,0x00,0x00,
    0x3f,0x7f,0x00,0x04,0x3f,0xb1,0x11,0x59,0x42,0xb8,0x13,0xff,0x40,0xb1,0x13,0xff,
    0x40,0xb1,0x13,0xff,0x40,0xb1,0x13,0xff,0x40,0xb1,0x13,0xff,0x40,0xb1,0x13,0xff,
    0x40,0xb1,0x13,0xff,0x40,0xb1,0x13,0xff,0x40,0xb1,0x13,0xff,0x40,0xb1,0x13,0xff,
    0x40,0xb1,0x13,0xff,0x40,0xb1,0x13,0xff,0x40,0xb1,0x13,0xff,0x40,0xb1,0x13,0xff,
    0x40,0xb1,0x13,0xff,0x40,0xb1,0x13,0xff,0x40,0xb1,0x13,0xff,0x40,0xb1,0x13,0xff,
    0x40,0xb1,0x13,0xff,0x40,0xb1,0x13,0xff,0x40,0xb1,0x13,0xff,0x40,0xb1,0x13,0xff,
    0x40,0xb1,0x13,0xff,0x40,0xb1,0x13,0xff,0x40,0xb1,0x13,0xff,0x40,0xb1,0x13,0xff,
    0x40,0xb1,0x13,0xff,0x40,0xb1,0x13,0xff,0x40,0xb1,0x13,0xff,0x3a,0xaf,0x0b,0xff,
    0x7c,0xca,0x5c,0xff,0xd6,0xef,0xcc,0xff,0xff,0xff,0xff,0xff,0xff,0xff,0xff,0xff,
    0xff,0xff,0xff,0xff,0xff,0xff,0xff,0xff,0xd5,0xee,0xcc,0xff,0x6c,0xc3,0x4a,0xff,
    0x36,0xad,0x06,0xff,0x40,0xb1,0x13,0xff,0x40,0xb1,0x13,0xff,0x40,0xb1,0x13,0xff,
    0x40,0xb1,0x13,0xff,0x40,0xb1,0x13,0xff,0x40,0xb1,0x13,0xff,0x40,0xb1,0x13,0xff,
    0x40,0xb1,0x13,0xff,0x40,0xb1,0x13,0xff,0x40,0xb1,0x13,0xff,0x40,0xb1,0x13,0xff,
    0x40,0xb1,0x13,0xff,0x40,0xb1,0x13,0xff,0x40,0xb1,0x13,0xff,0x40,0xb1,0x13,0xff,
    0x40,0xb1,0x13,0xff,0x40,0xb1,0x13,0xff,0x40,0xb1,0x13,0xff,0x40,0xb1,0x13,0xff,
    0x3a,0xae,0x0b,0xff,0x55,0xb9,0x2d,0xff,0xbf,0xe6,0xb1,0xff,0xfd,0xfe,0xfd,0xff,
    0xff,0xff,0xff,0xff,0xff,0xff,0xff,0xff,0xff,0xff,0xff,0xff,0xee,0xf8,0xe9,0xff,
    0x9f,0xd7,0x88,0xff,0x3c,0xaf,0x0e,0xff,0x3f,0xb1,0x12,0xff,0x40,0xb1,0x13,0xff,
    0x40,0xb1,0x13,0xff,0x40,0xb1,0x13,0xff,0x40,0xb1,0x13,0xff,0x40,0xb1,0x13,0xff,
    0x40,0xb1,0x13,0xff,0x40,0xb1,0x13,0xff,0x40,0xb1,0x13,0xff,0x40,0xb1,0x13,0xff,
    0x40,0xb1,0x13,0xff,0x40,0xb1,0x13,0xff,0x40,0xb1,0x13,0xff,0x40,0xb1,0x13,0xff,
    0x40,0xb1,0x13,0xff,0x40,0xb1,0x13,0xff,0x40,0xb1,0x13,0xff,0x40,0xb1,0x13,0xff,
    0x40,0xb1,0x13,0xff,0x40,0xb1,0x13,0xff,0x40,0xb1,0x13,0xff,0x40,0xb1,0x13,0xff,
    0x40,0xb1,0x13,0xff,0x40,0xb1,0x13,0xff,0x40,0xb1,0x13,0xff,0x40,0xb1,0x13,0xff,
    0x40,0xb1,0x13,0xff,0x42,0xb8,0x13,0xff,0x3f,0xb1,0x11,0x59,0x00,0x00,0x00,0x00,
    0x00,0x00,0x00,0x00,0x00,0x00,0x00,0x00,0x00,0x00,0x00,0x00,0x00,0x00,0x00,0x00,
    0x00,0x00,0x00,0x00,0x00,0x00,0x00,0x00,0x00,0x00,0x00,0x00,0x00,0x00,0x00,0x00,
    0x00,0x00,0x00,0x00,0x00,0x00,0x00,0x00,0x00,0x00,0x00,0x00,0x00,0x00,0x00,0x00,
    0x3c,0xaa,0x12,0x2a,0x3f,0xb0,0x11,0x75,0x44,0xbb,0x14,0xff,0x40,0xb1,0x13,0xff,
    0x40,0xb1,0x13,0xff,0x40,0xb1,0x13,0xff,0x40,0xb1,0x13,0xff,0x40,0xb1,0x13,0xff,
    0x40,0xb1,0x13,0xff,0x40,0xb1,0x13,0xff,0x40,0xb1,0x13,0xff,0x40,0xb1,0x13,0xff,
    0x40,0xb1,0x13,0xff,0x40,0xb1,0x13,0xff,0x40,0xb1,0x13,0xff,0x40,0xb1,0x13,0xff,
    0x40,0xb1,0x13,0xff,0x40,0xb1,0x13,0xff,0x40,0xb1,0x13,0xff,0x40,0xb1,0x13,0xff,
    0x40,0xb1,0x13,0xff,0x40,0xb1,0x13,0xff,0x40,0xb1,0x13,0xff,0x40,0xb1,0x13,0xff,
    0x40,0xb1,0x13,0xff,0x3c,0xaf,0x0e,0xff,0x38,0xae,0x0a,0xff,0x37,0xae,0x08,0xff,
    0x38,0xae,0x09,0xff,0x38,0xae,0x09,0xff,0x38,0xae,0x09,0xff,0x2e,0xaa,0x00,0xff,
    0xa8,0xdc,0x94,0xff,0xf9,0xfc,0xf7,0xff,0xff,0xff,0xff,0xff,0xff,0xff,0xff,0xff,
    0xff,0xff,0xff,0xff,0xff,0xff,0xff,0xff,0x98,0xd6,0x81,0xff,0x50,0xb8,0x26,0xff,
    0x3c,0xaf,0x0e,0xff,0x40,0xb1,0x13,0xff,0x40,0xb1,0x13,0xff,0x40,0xb1,0x13,0xff,
    0x40,0xb1,0x13,0xff,0x40,0xb1,0x13,0xff,0x40,0xb1,0x13,0xff,0x40,0xb1,0x13,0xff,
    0x40,0xb1,0x13,0xff,0x40,0xb1,0x13,0xff,0x40,0xb1,0x13,0xff,0x40,0xb1,0x13,0xff,
    0x40,0xb1,0x13,0xff,0x40,0xb1,0x13,0xff,0x40,0xb1,0x13,0xff,0x40,0xb1,0x13,0xff,
    0x40,0xb1,0x13,0xff,0x40,0xb1,0x13,0xff,0x40,0xb1,0x13,0xff,0x40,0xb1,0x13,0xff,
    0x3d,0xb0,0x10,0xff,0x47,0xb4,0x1c,0xff,0x7c,0xca,0x5f,0xff,0xfd,0xfe,0xfd,0xff,
    0xff,0xff,0xff,0xff,0xff,0xff,0xff,0xff,0xff,0xff,0xff,0xff,0xff,0xff,0xff,0xff,
    0xd1,0xec,0xc5,0xff,0x3c,0xaf,0x0e,0xff,0x37,0xae,0x08,0xff,0x38,0xae,0x08,0xff,
    0x38,0xae,0x09,0xff,0x38,0xae,0x08,0xff,0x38,0xae,0x09,0xff,0x3b,0xaf,0x0c,0xff,
    0x40,0xb1,0x13,0xff,0x40,0xb1,0x13,0xff,0x40,0xb1,0x13,0xff,0x40,0xb1,0x13,0xff,
    0x40,0xb1,0x13,0xff,0x40,0xb1,0x13,0xff,0x40,0xb1,0x13,0xff,0x40,0xb1,0x13,0xff,
    0x40,0xb1,0x13,0xff,0x40,0xb1,0x13,0xff,0x40,0xb1,0x13,0xff,0x40,0xb1,0x13,0xff,
    0x40,0xb1,0x13,0xff,0x40,0xb1,0x13,0xff,0x40,0xb1,0x13,0xff,0x40,0xb1,0x13,0xff,
    0x40,0xb1,0x13,0xff,0x40,0xb1,0x13,0xff,0x40,0xb1,0x13,0xff,0x40,0xb1,0x13,0xff,
    0x40,0xb1,0x13,0xff,0x44,0xbb,0x14,0xff,0x3f,0xb0,0x11,0x75,0x00,0x00,0x00,0x00,
    0x00,0x00,0x00,0x00,0x00,0x00,0x00,0x00,0x00,0x00,0x00,0x00,0x00,0x00,0x00,0x00,
    0x00,0x00,0x00,0x00,0x00,0x00,0x00,0x00,0x00,0x00,0x00,0x00,0x00,0x00,0x00,0x00,
    0x00,0x00,0x00,0x00,0x00,0x00,0x00,0x00,0x00,0x00,0x00,0x00,0x00,0x00,0x00,0x00,
    0x3c,0xad,0x12,0x54,0x3f,0xaf,0x13,0x90,0x43,0xb8,0x14,0xff,0x40,0xb1,0x13,0xff,
    0x40,0xb1,0x13,0xff,0x40,0xb1,0x13,0xff,0x40,0xb1,0x13,0xff,0x40,0xb1,0x13,0xff,
    0x40,0xb1,0x13,0xff,0x40,0xb1,0x13,0xff,0x40,0xb1,0x13,0xff,0x40,0xb1,0x13,0xff,
    0x40,0xb1,0x13,0xff,0x40,0xb1,0x13,0xff,0x40,0xb1,0x13,0xff,0x40,0xb1,0x13,0xff,
    0x40,0xb1,0x13,0xff,0x40,0xb1,0x13,0xff,0x40,0xb1,0x13,0xff,0x40,0xb1,0x13,0xff,
    0x40,0xb1,0x13,0xff,0x40,0xb1,0x13,0xff,0x40,0xb1,0x13,0xff,0x40,0xb1,0x13,0xff,
    0x3c,0xb0,0x0e,0xff,0x50,0xb8,0x27,0xff,0x60,0xbe,0x3a,0xff,0x65,0xc0,0x40,0xff,
    0x65,0xc0,0x40,0xff,0x64,0xc0,0x40,0xff,0x64,0xc0,0x40,0xff,0x60,0xbf,0x3c,0xff,
    0xd0,0xec,0xc6,0xff,0xff,0xff,0xff,0xff,0xff,0xff,0xff,0xff,0xff,0xff,0xff,0xff,
    0xff,0xff,0xff,0xff,0xff,0xff,0xff,0xff,0x6e,0xc4,0x4c,0xff,0x3b,0xaf,0x0d,0xff,
    0x40,0xb0,0x12,0xff,0x40,0xb1,0x13,0xff,0x40,0xb1,0x13,0xff,0x40,0xb1,0x13,0xff,
    0x40,0xb1,0x13,0xff,0x40,0xb1,0x13,0xff,0x40,0xb1,0x13,0xff,0x40,0xb1,0x13,0xff,
    0x40,0xb1,0x13,0xff,0x40,0xb1,0x13,0xff,0x40,0xb1,0x13,0xff,0x40,0xb1,0x13,0xff,
    0x40,0xb1,0x13,0xff,0x40,0xb1,0x13,0xff,0x40,0xb1,0x13,0xff,0x40,0xb1,0x13,0xff,
    0x40,0xb1,0x13,0xff,0x40,0xb1,0x13,0xff,0x40,0xb1,0x13,0xff,0x40,0xb1,0x13,0xff,
    0x3f,0xb1,0x13,0xff,0x3d,0xb0,0x10,0xff,0x53,0xb8,0x2a,0xff,0xf4,0xfa,0xf1,0xff,
    0xff,0xff,0xff,0xff,0xff,0xff,0xff,0xff,0xff,0xff,0xff,0xff,0xff,0xff,0xff,0xff,
    0xee,0xf8,0xe9,0xff,0x76,0xc7,0x55,0xff,0x64,0xc0,0x41,0xff,0x64,0xc0,0x3e,0xff,
    0x65,0xc0,0x40,0xff,0x65,0xc0,0x40,0xff,0x62,0xbf,0x3d,0xff,0x56,0xba,0x2e,0xff,
    0x3e,0xb0,0x10,0xff,0x3f,0xb1,0x12,0xff,0x40,0xb1,0x13,0xff,0x40,0xb1,0x13,0xff,
    0x40,0xb1,0x13,0xff,0x40,0xb1,0x13,0xff,0x40,0xb1,0x13,0xff,0x40,0xb1,0x13,0xff,
    0x40,0xb1,0x13,0xff,0x40,0xb1,0x13,0xff,0x40,0xb1,0x13,0xff,0x40,0xb1,0x13,0xff,
    0x40,0xb1,0x13,0xff,0x40,0xb1,0x13,0xff,0x40,0xb1,0x13,0xff,0x40,0xb1,0x13,0xff,
    0x40,0xb1,0x13,0xff,0x40,0xb1,0x13,0xff,0x40,0xb1,0x13,0xff,0x40,0xb1,0x13,0xff,
    0x40,0xb1,0x13,0xff,0x43,0xb8,0x14,0xff,0x3f,0xaf,0x13,0x90,0x00,0x00,0x00,0x00,
    0x00,0x00,0x00,0x00,0x00,0x00,0x00,0x00,0x00,0x00,0x00,0x00,0x00,0x00,0x00,0x00,
    0x00,0x00,0x00,0x00,0x00,0x00,0x00,0x00,0x00,0x00,0x00,0x00,0x00,0x00,0x00,0x00,
    0x00,0x00,0x00,0x00,0x00,0x00,0x00,0x00,0x00,0x00,0x00,0x00,0x00,0x00,0x00,0x00,
    0x40,0xae,0x10,0x7b,0x3f,0xb0,0x12,0xa9,0x42,0xb7,0x14,0xff,0x40,0xb1,0x13,0xff,
    0x40,0xb1,0x13,0xff,0x40,0xb1,0x13,0xff,0x40,0xb1,0x13,0xff,0x40,0xb1,0x13,0xff,
    0x40,0xb1,0x13,0xff,0x40,0xb1,0x13,0xff,0x40,0xb1,0x13,0xff,0x40,0xb1,0x13,0xff,
    0x40,0xb1,0x13,0xff,0x40,0xb1,0x13,0xff,0x40,0xb1,0x13,0xff,0x40,0xb1,0x13,0xff,
    0x40,0xb1,0x13,0xff,0x40,0xb1,0x13,0xff,0x40,0xb1,0x13,0xff,0x40,0xb1,0x13,0xff,
    0x40,0xb1,0x13,0xff,0x40,0xb1,0x13,0xff,0x40,0xb1,0x13,0xff,0x40,0xb1,0x13,0xff,
    0x42,0xb2,0x16,0xff,0x9d,0xd6,0x85,0xff,0xda,0xef,0xd0,0xff,0xea,0xf7,0xe5,0xff,
    0xe9,0xf7,0xe4,0xff,0xe8,0xf6,0xe2,0xff,0xe7,0xf6,0xe2,0xff,0xf0,0xfa,0xed,0xff,
    0xfd,0xfd,0xfb,0xff,0xff,0xff,0xff,0xff,0xff,0xff,0xff,0xff,0xff,0xff,0xff,0xff,
    0xfe,0xff,0xfe,0xff,0xdd,0xf1,0xd4,0xff,0x5c,0xbc,0x35,0xff,0x38,0xae,0x08,0xff,
    0x3f,0xb1,0x12,0xff,0x3f,0xb1,0x12,0xff,0x3f,0xb1,0x12,0xff,0x3f,0xb1,0x12,0xff,
    0x3f,0xb1,0x12,0xff,0x3f,0xb1,0x12,0xff,0x3f,0xb1,0x12,0xff,0x3f,0xb1,0x12,0xff,
    0x3f,0xb1,0x12,0xff,0x3f,0xb1,0x12,0xff,0x3f,0xb1,0x12,0xff,0x3f,0xb1,0x12,0xff,
    0x3f,0xb1,0x12,0xff,0x3f,0xb1,0x12,0xff,0x3f,0xb1,0x12,0xff,0x3f,0xb1,0x12,0xff,
    0x3f,0xb1,0x12,0xff,0x3f,0xb1,0x12,0xff,0x3f,0xb1,0x12,0xff,0x3f,0xb1,0x12,0xff,
    0x3f,0xb1,0x12,0xff,0x3c,0xb0,0x0e,0xff,0x49,0xb4,0x1d,0xff,0xc7,0xe8,0xba,0xff,
    0xf9,0xfc,0xf8,0xff,0xff,0xff,0xff,0xff,0xff,0xff,0xff,0xff,0xff,0xff,0xff,0xff,
    0xfe,0xff,0xfe,0xff,0xf8,0xfc,0xf6,0xff,0xe8,0xf6,0xe4,0xff,0xe7,0xf6,0xe1,0xff,
    0xe9,0xf7,0xe4,0xff,0xe9,0xf7,0xe5,0xff,0xe0,0xf2,0xd9,0xff,0xb3,0xe0,0xa1,0xff,
    0x4d,0xb6,0x23,0xff,0x40,0xb1,0x13,0xff,0x40,0xb1,0x13,0xff,0x40,0xb1,0x13,0xff,
    0x40,0xb1,0x13,0xff,0x40,0xb1,0x13,0xff,0x40,0xb1,0x13,0xff,0x40,0xb1,0x13,0xff,
    0x40,0xb1,0x13,0xff,0x40,0xb1,0x13,0xff,0x40,0xb1,0x13,0xff,0x40,0xb1,0x13,0xff,
    0x40,0xb1,0x13,0xff,0x40,0xb1,0x13,0xff,0x40,0xb1,0x13,0xff,0x40,0xb1,0x13,0xff,
    0x40,0xb1,0x13,0xff,0x40,0xb1,0x13,0xff,0x40,0xb1,0x13,0xff,0x40,0xb1,0x13,0xff,
    0x40,0xb1,0x13,0xff,0x42,0xb7,0x14,0xff,0x3f,0xb0,0x12,0xa9,0x00,0x00,0x00,0x00,
    0x00,0x00,0x00,0x00,0x00,0x00,0x00,0x00,0x00,0x00,0x00,0x00,0x00,0x00,0x00,0x00,
    0x00,0x00,0x00,0x00,0x00,0x00,0x00,0x00,0x00,0x00,0x00,0x00,0x00,0x00,0x00,0x00,
    0x00,0x00,0x00,0x00,0x00,0x00,0x00,0x00,0x00,0x00,0x00,0x00,0x00,0x00,0x00,0x00,
    0x40,0xb1,0x12,0x9a,0x3f,0xaf,0x11,0xbe,0x42,0xb5,0x14,0xff,0x40,0xb1,0x13,0xff,
    0x40,0xb1,0x13,0xff,0x40,0xb1,0x13,0xff,0x40,0xb1,0x13,0xff,0x40,0xb1,0x13,0xff,
    0x40,0xb1,0x13,0xff,0x40,0xb1,0x13,0xff,0x40,0xb1,0x13,0xff,0x40,0xb1,0x13,0xff,
    0x40,0xb1,0x13,0xff,0x40,0xb1,0x13,0xff,0x40,0xb1,0x13,0xff,0x40,0xb1,0x13,0xff,
    0x40,0xb1,0x13,0xff,0x40,0xb1,0x13,0xff,0x40,0xb1,0x13,0xff,0x40,0xb1,0x13,0xff,
    0x40,0xb1,0x13,0xff,0x40,0xb1,0x13,0xff,0x3f,0xb0,0x12,0xff,0x41,0xb1,0x14,0xff,
    0x93,0xd2,0x79,0xff,0xeb,0xf7,0xe6,0xff,0xff,0xff,0xff,0xff,0xff,0xff,0xff,0xff,
    0xff,0xff,0xff,0xff,0xff,0xff,0xff,0xff,0xff,0xff,0xff,0xff,0xff,0xff,0xff,0xff,
    0xff,0xff,0xff,0xff,0xff,0xff,0xff,0xff,0xff,0xff,0xff,0xff,0xff,0xff,0xff,0xff,
    0xfc,0xfe,0xfb,0xff,0x88,0xce,0x6c,0xff,0x49,0xb5,0x1e,0xff,0x3c,0xb0,0x0e,0xff,
    0x3f,0xb1,0x12,0xff,0x3f,0xb1,0x12,0xff,0x3f,0xb1,0x12,0xff,0x3f,0xb1,0x12,0xff,
    0x3f,0xb1,0x12,0xff,0x3f,0xb1,0x12,0xff,0x3f,0xb1,0x12,0xff,0x3f,0xb1,0x12,0xff,
    0x3f,0xb1,0x12,0xff,0x3f,0xb1,0x12,0xff,0x3f,0xb1,0x12,0xff,0x3f,0xb1,0x12,0xff,
    0x3f,0xb1,0x12,0xff,0x3f,0xb1,0x12,0xff,0x3f,0xb1,0x12,0xff,0x3f,0xb1,0x12,0xff,
    0x3f,0xb1,0x12,0xff,0x3f,0xb1,0x12,0xff,0x3f,0xb1,0x12,0xff,0x3f,0xb1,0x12,0xff,
    0x3f,0xb1,0x12,0xff,0x3e,0xb1,0x11,0xff,0x43,0xb2,0x15,0xff,0x6c,0xc2,0x49,0xff,
    0xe9,0xf6,0xe4,0xff,0xff,0xff,0xff,0xff,0xff,0xff,0xff,0xff,0xff,0xff,0xff,0xff,
    0xff,0xff,0xff,0xff,0xff,0xff,0xff,0xff,0xff,0xff,0xff,0xff,0xff,0xff,0xff,0xff,
    0xff,0xff,0xff,0xff,0xff,0xff,0xff,0xff,0xff,0xff,0xff,0xff,0xf7,0xfc,0xf5,0xff,
    0xab,0xdd,0x97,0xff,0x4c,0xb6,0x22,0xff,0x3c,0xb0,0x0f,0xff,0x40,0xb1,0x13,0xff,
    0x40,0xb1,0x13,0xff,0x40,0xb1,0x13,0xff,0x40,0xb1,0x13,0xff,0x40,0xb1,0x13,0xff,
    0x40,0xb1,0x13,0xff,0x40,0xb1,0x13,0xff,0x40,0xb1,0x13,0xff,0x40,0xb1,0x13,0xff,
    0x40,0xb1,0x13,0xff,0x40,0xb1,0x13,0xff,0x40,0xb1,0x13,0xff,0x40,0xb1,0x13,0xff,
    0x40,0xb1,0x13,0xff,0x40,0xb1,0x13,0xff,0x40,0xb1,0x13,0xff,0x40,0xb1,0x13,0xff,
    0x40,0xb1,0x13,0xff,0x42,0xb5,0x14,0xff,0x3f,0xaf,0x11,0xbe,0x00,0x00,0x00,0x00,
    0x00,0x00,0x00,0x00,0x00,0x00,0x00,0x00,0x00,0x00,0x00,0x00,0x00,0x00,0x00,0x00,
    0x00,0x00,0x00,0x00,0x00,0x00,0x00,0x00,0x00,0x00,0x00,0x00,0x00,0x00,0x00,0x00,
    0x00,0x00,0x00,0x00,0x00,0x00,0x00,0x00,0x00,0x00,0x00,0x00,0x00,0x00,0x00,0x00,
    0x40,0xaf,0x13,0xb7,0x3f,0xb1,0x13,0xd0,0x41,0xb4,0x13,0xff,0x40,0xb1,0x13,0xff,
    0x40,0xb1,0x13,0xff,0x40,0xb1,0x13,0xff,0x40,0xb1,0x13,0xff,0x40,0xb1,0x13,0xff,
    0x40,0xb1,0x13,0xff,0x40,0xb1,0x13,0xff,0x40,0xb1,0x13,0xff,0x40,0xb1,0x13,0xff,
    0x40,0xb1,0x13,0xff,0x40,0xb1,0x13,0xff,0x40,0xb1,0x13,0xff,0x40,0xb1,0x13,0xff,
    0x40,0xb1,0x13,0xff,0x40,0xb1,0x13,0xff,0x40,0xb1,0x13,0xff,0x40,0xb1,0x13,0xff,
    0x40,0xb1,0x13,0xff,0x40,0xb1,0x13,0xff,0x3e,0xb0,0x11,0xff,0x41,0xb1,0x15,0xff,
    0xcd,0xea,0xc1,0xff,0xfd,0xfe,0xfb,0xff,0xff,0xff,0xff,0xff,0xff,0xff,0xff,0xff,
    0xff,0xff,0xff,0xff,0xff,0xff,0xff,0xff,0xff,0xff,0xff,0xff,0xff,0xff,0xff,0xff,
    0xff,0xff,0xff,0xff,0xff,0xff,0xff,0xff,0xff,0xff,0xff,0xff,0xff,0xff,0xff,0xff,
    0xfc,0xfe,0xfc,0xff,0x93,0xd3,0x7a,0xff,0x77,0xc7,0x56,0xff,0x75,0xc6,0x54,0xff,
    0x76,0xc7,0x55,0xff,0x76,0xc7,0x55,0xff,0x76,0xc7,0x55,0xff,0x76,0xc7,0x55,0xff,
    0x76,0xc7,0x55,0xff,0x76,0xc7,0x55,0xff,0x76,0xc7,0x55,0xff,0x76,0xc7,0x55,0xff,
    0x76,0xc7,0x55,0xff,0x76,0xc7,0x55,0xff,0x76,0xc7,0x55,0xff,0x76,0xc7,0x55,0xff,
    0x76,0xc7,0x55,0xff,0x76,0xc7,0x55,0xff,0x76,0xc7,0x55,0xff,0x76,0xc7,0x55,0xff,
    0x76,0xc7,0x55,0xff,0x76,0xc7,0x55,0xff,0x76,0xc7,0x55,0xff,0x76,0xc7,0x55,0xff,
    0x76,0xc7,0x55,0xff,0x76,0xc7,0x55,0xff,0x75,0xc7,0x55,0xff,0x80,0xcb,0x62,0xff,
    0xec,0xf7,0xe8,0xff,0xff,0xff,0xff,0xff,0xff,0xff,0xff,0xff,0xff,0xff,0xff,0xff,
    0xff,0xff,0xff,0xff,0xff,0xff,0xff,0xff,0xff,0xff,0xff,0xff,0xff,0xff,0xff,0xff,
    0xff,0xff,0xff,0xff,0xff,0xff,0xff,0xff,0xff,0xff,0xff,0xff,0xfd,0xfe,0xfe,0xff,
    0xdc,0xf2,0xd4,0xff,0x52,0xb9,0x2a,0xff,0x3b,0xaf,0x0c,0xff,0x40,0xb1,0x13,0xff,
    0x40,0xb1,0x13,0xff,0x40,0xb1,0x13,0xff,0x40,0xb1,0x13,0xff,0x40,0xb1,0x13,0xff,
    0x40,0xb1,0x13,0xff,0x40,0xb1,0x13,0xff,0x40,0xb1,0x13,0xff,0x40,0xb1,0x13,0xff,
    0x40,0xb1,0x13,0xff,0x40,0xb1,0x13,0xff,0x40,0xb1,0x13,0xff,0x40,0xb1,0x13,0xff,
    0x40,0xb1,0x13,0xff,0x40,0xb1,0x13,0xff,0x40,0xb1,0x13,0xff,0x40,0xb1,0x13,0xff,
    0x40,0xb1,0x13,0xff,0x41,0xb4,0x13,0xff,0x3f,0xb1,0x13,0xd0,0x00,0x00,0x00,0x00,
    0x00,0x00,0x00,0x00,0x00,0x00,0x00,0x00,0x00,0x00,0x00,0x00,0x00,0x00,0x00,0x00,
    0x00,0x00,0x00,0x00,0x00,0x00,0x00,0x00,0x00,0x00,0x00,0x00,0x00,0x00,0x00,0x00,
    0x00,0x00,0x00,0x00,0x00,0x00,0x00,0x00,0x00,0x00,0x00,0x00,0x00,0x00,0x00,0x00,
    0x3d,0xaf,0x12,0xce,0x3f,0xb2,0x13,0xde,0x41,0xb3,0x13,0xff,0x40,0xb1,0x13,0xff,
    0x40,0xb1,0x13,0xff,0x40,0xb1,0x13,0xff,0x40,0xb1,0x13,0xff,0x40,0xb1,0x13,0xff,
    0x40,0xb1,0x13,0xff,0x40,0xb1,0x13,0xff,0x40,0xb1,0x13,0xff,0x40,0xb1,0x13,0xff,
    0x40,0xb1,0x13,0xff,0x40,0xb1,0x13,0xff,0x40,0xb1,0x13,0xff,0x40,0xb1,0x13,0xff,
    0x40,0xb1,0x13,0xff,0x40,0xb1,0x13,0xff,0x40,0xb1,0x13,0xff,0x40,0xb1,0x13,0xff,
    0x40,0xb1,0x13,0xff,0x40,0xb1,0x13,0xff,0x3e,0xb0,0x11,0xff,0x41,0xb1,0x14,0xff,
    0xc2,0xe7,0xb4,0xff,0xfb,0xfd,0xfa,0xff,0xff,0xff,0xff,0xff,0xff,0xff,0xff,0xff,
    0xff,0xff,0xff,0xff,0xff,0xff,0xff,0xff,0xff,0xff,0xff,0xff,0xff,0xff,0xff,0xff,
    0xff,0xff,0xff,0xff,0xff,0xff,0xff,0xff,0xff,0xff,0xff,0xff,0xff,0xff,0xff,0xff,
    0xfe,0xff,0xfe,0xff,0xe5,0xf4,0xdf,0xff,0xe0,0xf2,0xd9,0xff,0xe0,0xf2,0xd9,0xff,
    0xe0,0xf2,0xd9,0xff,0xe0,0xf2,0xd9,0xff,0xe0,0xf2,0xd9,0xff,0xe0,0xf2,0xd9,0xff,
    0xe0,0xf2,0xd9,0xff,0xe0,0xf2,0xd9,0xff,0xe0,0xf2,0xd9,0xff,0xe0,0xf2,0xd9,0xff,
    0xe0,0xf2,0xd9,0xff,0xe0,0xf2,0xd9,0xff,0xe0,0xf2,0xd9,0xff,0xe0,0xf2,0xd9,0xff,
    0xe0,0xf2,0xd9,0xff,0xe0,0xf2,0xd9,0xff,0xe0,0xf2,0xd9,0xff,0xe0,0xf2,0xd9,0xff,
    0xe0,0xf2,0xd9,0xff,0xe0,0xf2,0xd9,0xff,0xe0,0xf2,0xd9,0xff,0xe0,0xf2,0xd9,0xff,
    0xe0,0xf2,0xd9,0xff,0xe0,0xf2,0xd9,0xff,0xe0,0xf2,0xd9,0xff,0xe1,0xf3,0xda,0xff,
    0xfb,0xfd,0xf9,0xff,0xff,0xff,0xff,0xff,0xff,0xff,0xff,0xff,0xff,0xff,0xff,0xff,
    0xff,0xff,0xff,0xff,0xff,0xff,0xff,0xff,0xff,0xff,0xff,0xff,0xff,0xff,0xff,0xff,
    0xff,0xff,0xff,0xff,0xff,0xff,0xff,0xff,0xff,0xff,0xff,0xff,0xfe,0xff,0xfe,0xff,
    0xd7,0xef,0xce,0xff,0x52,0xb8,0x2a,0xff,0x3b,0xaf,0x0d,0xff,0x40,0xb1,0x13,0xff,
    0x40,0xb1,0x13,0xff,0x40,0xb1,0x13,0xff,0x40,0xb1,0x13,0xff,0x40,0xb1,0x13,0xff,
    0x40,0xb1,0x13,0xff,0x40,0xb1,0x13,0xff,0x40,0xb1,0x13,0xff,0x40,0xb1,0x13,0xff,
    0x40,0xb1,0x13,0xff,0x40,0xb1,0x13,0xff,0x40,0xb1,0x13,0xff,0x40,0xb1,0x13,0xff,
    0x40,0xb1,0x13,0xff,0x40,0xb1,0x13,0xff,0x40,0xb1,0x13,0xff,0x40,0xb1,0x13,0xff,
    0x40,0xb1,0x13,0xff,0x41,0xb3,0x13,0xff,0x40,0xb1,0x13,0xdf,0x00,0x00,0x00,0x00,
    0x00,0x00,0x00,0x00,0x00,0x00,0x00,0x00,0x00,0x00,0x00,0x00,0x00,0x00,0x00,0x00,
    0x00,0x00,0x00,0x00,0x00,0x00,0x00,0x00,0x00,0x00,0x00,0x00,0x00,0x00,0x00,0x00,
    0x00,0x00,0x00,0x00,0x00,0x00,0x00,0x00,0x00,0x00,0x00,0x00,0x00,0x00,0x00,0x00,
    0x3e,0xaf,0x13,0xe1,0x3e,0xb0,0x13,0xeb,0x40,0xb2,0x13,0xff,0x40,0xb1,0x13,0xff,
    0x40,0xb1,0x13,0xff,0x40,0xb1,0x13,0xff,0x40,0xb1,0x13,0xff,0x40,0xb1,0x13,0xff,
    0x40,0xb1,0x13,0xff,0x40,0xb1,0x13,0xff,0x40,0xb1,0x13,0xff,0x40,0xb1,0x13,0xff,
    0x40,0xb1,0x13,0xff,0x40,0xb1,0x13,0xff,0x40,0xb1,0x13,0xff,0x40,0xb1,0x13,0xff,
    0x40,0xb1,0x13,0xff,0x40,0xb1,0x13,0xff,0x40,0xb1,0x13,0xff,0x40,0xb1,0x13,0xff,
    0x40,0xb1,0x13,0xff,0x40,0xb1,0x13,0xff,0x3f,0xb1,0x12,0xff,0x40,0xb1,0x13,0xff,
    0x76,0xc7,0x56,0xff,0xd9,0xf0,0xd1,0xff,0xff,0xff,0xff,0xff,0xff,0xff,0xff,0xff,
    0xfe,0xfe,0xfd,0xff,0xff,0xff,0xff,0xff,0xff,0xff,0xff,0xff,0xff,0xff,0xff,0xff,
    0xff,0xff,0xff,0xff,0xff,0xff,0xff,0xff,0xff,0xff,0xff,0xff,0xff,0xff,0xff,0xff,
    0xff,0xff,0xff,0xff,0xff,0xff,0xff,0xff,0xff,0xff,0xff,0xff,0xff,0xff,0xff,0xff,
    0xff,0xff,0xff,0xff,0xff,0xff,0xff,0xff,0xff,0xff,0xff,0xff,0xff,0xff,0xff,0xff,
    0xff,0xff,0xff,0xff,0xff,0xff,0xff,0xff,0xff,0xff,0xff,0xff,0xff,0xff,0xff,0xff,
    0xff,0xff,0xff,0xff,0xff,0xff,0xff,0xff,0xff,0xff,0xff,0xff,0xff,0xff,0xff,0xff,
    0xff,0xff,0xff,0xff,0xff,0xff,0xff,0xff,0xff,0xff,0xff,0xff,0xff,0xff,0xff,0xff,
    0xff,0xff,0xff,0xff,0xff,0xff,0xff,0xff,0xff,0xff,0xff,0xff,0xff,0xff,0xff,0xff,
    0xff,0xff,0xff,0xff,0xff,0xff,0xff,0xff,0xff,0xff,0xff,0xff,0xff,0xff,0xff,0xff,
    0xff,0xff,0xff,0xff,0xff,0xff,0xff,0xff,0xff,0xff,0xff,0xff,0xff,0xff,0xff,0xff,
    0xff,0xff,0xff,0xff,0xff,0xff,0xff,0xff,0xff,0xff,0xff,0xff,0xff,0xff,0xff,0xff,
    0xfd,0xfe,0xfd,0xff,0xff,0xff,0xff,0xff,0xff,0xff,0xff,0xff,0xec,0xf7,0xe7,0xff,
    0x8b,0xcf,0x70,0xff,0x48,0xb4,0x1d,0xff,0x3e,0xb0,0x10,0xff,0x40,0xb1,0x13,0xff,
    0x40,0xb1,0x13,0xff,0x40,0xb1,0x13,0xff,0x40,0xb1,0x13,0xff,0x40,0xb1,0x13,0xff,
    0x40,0xb1,0x13,0xff,0x40,0xb1,0x13,0xff,0x40,0xb1,0x13,0xff,0x40,0xb1,0x13,0xff,
    0x40,0xb1,0x13,0xff,0x40,0xb1,0x13,0xff,0x40,0xb1,0x13,0xff,0x40,0xb1,0x13,0xff,
    0x40,0xb1,0x13,0xff,0x40,0xb1,0x13,0xff,0x40,0xb1,0x13,0xff,0x40,0xb1,0x13,0xff,
    0x40,0xb1,0x13,0xff,0x40,0xb2,0x13,0xff,0x40,0xb0,0x13,0xeb,0x00,0x00,0x00,0x00,
    0x00,0x00,0x00,0x00,0x00,0x00,0x00,0x00,0x00,0x00,0x00,0x00,0x00,0x00,0x00,0x00,
    0x00,0x00,0x00,0x00,0x00,0x00,0x00,0x00,0x00,0x00,0x00,0x00,0x00,0x00,0x00,0x00,
    0x00,0x00,0x00,0x00,0x00,0x00,0x00,0x00,0x00,0x00,0x00,0x00,0x00,0x00,0x00,0x00,
    0x3f,0xaf,0x12,0xed,0x40,0xb0,0x12,0xf3,0x40,0xb2,0x13,0xff,0x40,0xb1,0x13,0xff,
    0x40,0xb1,0x13,0xff,0x40,0xb1,0x13,0xff,0x40,0xb1,0x13,0xff,0x40,0xb1,0x13,0xff,
    0x40,0xb1,0x13,0xff,0x40,0xb1,0x13,0xff,0x40,0xb1,0x13,0xff,0x40,0xb1,0x13,0xff,
    0x40,0xb1,0x13,0xff,0x40,0xb1,0x13,0xff,0x40,0xb1,0x13,0xff,0x40,0xb1,0x13,0xff,
    0x40,0xb1,0x13,0xff,0x40,0xb1,0x13,0xff,0x40,0xb1,0x13,0xff,0x40,0xb1,0x13,0xff,
    0x40,0xb1,0x13,0xff,0x40,0xb1,0x13,0xff,0x40,0xb1,0x13,0xff,0x40,0xb1,0x13,0xff,
    0x3e,0xb0,0x10,0xff,0x87,0xce,0x6b,0xff,0xb6,0xe2,0xa5,0xff,0xd8,0xef,0xce,0xff,
    0xfa,0xfc,0xf7,0xff,0xff,0xff,0xff,0xff,0xff,0xff,0xff,0xff,0xff,0xff,0xff,0xff,
    0xff,0xff,0xff,0xff,0xff,0xff,0xff,0xff,0xff,0xff,0xff,0xff,0xff,0xff,0xff,0xff,
    0xff,0xff,0xff,0xff,0xff,0xff,0xff,0xff,0xff,0xff,0xff,0xff,0xff,0xff,0xff,0xff,
    0xff,0xff,0xff,0xff,0xff,0xff,0xff,0xff,0xff,0xff,0xff,0xff,0xff,0xff,0xff,0xff,
    0xff,0xff,0xff,0xff,0xff,0xff,0xff,0xff,0xff,0xff,0xff,0xff,0xff,0xff,0xff,0xff,
    0xff,0xff,0xff,0xff,0xff,0xff,0xff,0xff,0xff,0xff,0xff,0xff,0xff,0xff,0xff,0xff,
    0xff,0xff,0xff,0xff,0xff,0xff,0xff,0xff,0xff,0xff,0xff,0xff,0xff,0xff,0xff,0xff,
    0xff,0xff,0xff,0xff,0xff,0xff,0xff,0xff,0xff,0xff,0xff,0xff,0xff,0xff,0xff,0xff,
    0xff,0xff,0xff,0xff,0xff,0xff,0xff,0xff,0xff,0xff,0xff,0xff,0xff,0xff,0xff,0xff,
    0xff,0xff,0xff,0xff,0xff,0xff,0xff,0xff,0xff,0xff,0xff,0xff,0xff,0xff,0xff,0xff,
    0xff,0xff,0xff,0xff,0xff,0xff,0xff,0xff,0xff,0xff,0xff,0xff,0xff,0xff,0xff,0xff,
    0xfc,0xfe,0xfb,0xff,0xe2,0xf3,0xda,0xff,0xbc,0xe3,0xac,0xff,0x99,0xd6,0x81,0xff,
    0x48,0xb4,0x1d,0xff,0x40,0xb1,0x13,0xff,0x40,0xb1,0x13,0xff,0x40,0xb1,0x13,0xff,
    0x40,0xb1,0x13,0xff,0x40,0xb1,0x13,0xff,0x40,0xb1,0x13,0xff,0x40,0xb1,0x13,0xff,
    0x40,0xb1,0x13,0xff,0x40,0xb1,0x13,0xff,0x40,0xb1,0x13,0xff,0x40,0xb1,0x13,0xff,
    0x40,0xb1,0x13,0xff,0x40,0xb1,0x13,0xff,0x40,0xb1,0x13,0xff,0x40,0xb1,0x13,0xff,
    0x40,0xb1,0x13,0xff,0x40,0xb1,0x13,0xff,0x40,0xb1,0x13,0xff,0x40,0xb1,0x13,0xff,
    0x40,0xb1,0x13,0xff,0x40,0xb2,0x13,0xff,0x3e,0xb1,0x12,0xf3,0x00,0x00,0x00,0x00,
    0x00,0x00,0x00,0x00,0x00,0x00,0x00,0x00,0x00,0x00,0x00,0x00,0x00,0x00,0x00,0x00,
    0x00,0x00,0x00,0x00,0x00,0x00,0x00,0x00,0x00,0x00,0x00,0x00,0x00,0x00,0x00,0x00,
    0x00,0x00,0x00,0x00,0x00,0x00,0x00,0x00,0x00,0x00,0x00,0x00,0x00,0x00,0x00,0x00,
    0x3f,0xaf,0x12,0xf4,0x3f,0xb0,0x12,0xf8,0x40,0xb2,0x13,0xff,0x40,0xb1,0x13,0xff,
    0x40,0xb1,0x13,0xff,0x40,0xb1,0x13,0xff,0x40,0xb1,0x13,0xff,0x40,0xb1,0x13,0xff,
    0x40,0xb1,0x13,0xff,0x40,0xb1,0x13,0xff,0x40,0xb1,0x13,0xff,0x40,0xb1,0x13,0xff,
    0x40,0xb1,0x13,0xff,0x40,0xb1,0x13,0xff,0x40,0xb1,0x13,0xff,0x40,0xb1,0x13,0xff,
    0x40,0xb1,0x13,0xff,0x40,0xb1,0x13,0xff,0x40,0xb1,0x13,0xff,0x40,0xb1,0x13,0xff,
    0x40,0xb1,0x13,0xff,0x40,0xb1,0x13,0xff,0x40,0xb1,0x13,0xff,0x40,0xb1,0x13,0xff,
    0x3f,0xb1,0x12,0xff,0x36,0xad,0x07,0xff,0x34,0xac,0x04,0xff,0x87,0xcd,0x6a,0xff,
    0xfb,0xfd,0xf9,0xff,0xff,0xff,0xff,0xff,0xff,0xff,0xff,0xff,0xff,0xff,0xff,0xff,
    0xff,0xff,0xff,0xff,0xff,0xff,0xff,0xff,0xff,0xff,0xff,0xff,0xff,0xff,0xff,0xff,
    0xff,0xff,0xff,0xff,0xff,0xff,0xff,0xff,0xff,0xff,0xff,0xff,0xff,0xff,0xff,0xff,
    0xff,0xff,0xff,0xff,0xff,0xff,0xff,0xff,0xff,0xff,0xff,0xff,0xff,0xff,0xff,0xff,
    0xff,0xff,0xff,0xff,0xff,0xff,0xff,0xff,0xff,0xff,0xff,0xff,0xff,0xff,0xff,0xff,
    0xff,0xff,0xff,0xff,0xff,0xff,0xff,0xff,0xff,0xff,0xff,0xff,0xff,0xff,0xff,0xff,
    0xff,0xff,0xff,0xff,0xff,0xff,0xff,0xff,0xff,0xff,0xff,0xff,0xff,0xff,0xff,0xff,
    0xff,0xff,0xff,0xff,0xff,0xff,0xff,0xff,0xff,0xff,0xff,0xff,0xff,0xff,0xff,0xff,
    0xff,0xff,0xff,0xff,0xff,0xff,0xff,0xff,0xff,0xff,0xff,0xff,0xff,0xff,0xff,0xff,
    0xff,0xff,0xff,0xff,0xff,0xff,0xff,0xff,0xff,0xff,0xff,0xff,0xff,0xff,0xff,0xff,
    0xff,0xff,0xff,0xff,0xff,0xff,0xff,0xff,0xff,0xff,0xff,0xff,0xff,0xff,0xff,0xff,
    0xff,0xff,0xff,0xff,0xaa,0xdc,0x96,0xff,0x39,0xad,0x0b,0xff,0x35,0xad,0x05,0xff,
    0x3e,0xb0,0x11,0xff,0x40,0xb1,0x13,0xff,0x40,0xb1,0x13,0xff,0x40,0xb1,0x13,0xff,
    0x40,0xb1,0x13,0xff,0x40,0xb1,0x13,0xff,0x40,0xb1,0x13,0xff,0x40,0xb1,0x13,0xff,
    0x40,0xb1,0x13,0xff,0x40,0xb1,0x13,0xff,0x40,0xb1,0x13,0xff,0x40,0xb1,0x13,0xff,
    0x40,0xb1,0x13,0xff,0x40,0xb1,0x13,0xff,0x40,0xb1,0x13,0xff,0x40,0xb1,0x13,0xff,
    0x40,0xb1,0x13,0xff,0x40,0xb1,0x13,0xff,0x40,0xb1,0x13,0xff,0x40,0xb1,0x13,0xff,
    0x40,0xb1,0x13,0xff,0x40,0xb2,0x13,0xff,0x3f,0xb0,0x12,0xf9,0x00,0x00,0x00,0x00,
    0x00,0x00,0x00,0x00,0x00,0x00,0x00,0x00,0x00,0x00,0x00,0x00,0x00,0x00,0x00,0x00,
    0x00,0x00,0x00,0x00,0x00,0x00,0x00,0x00,0x00,0x00,0x00,0x00,0x00,0x00,0x00,0x00,
    0x00,0x00,0x00,0x00,0x00,0x00,0x00,0x00,0x00,0x00,0x00,0x00,0x00,0x00,0x00,0x00,
    0x40,0xb1,0x13,0xff,0x40,0xb1,0x13,0xff,0x40,0xb1,0x13,0xff,0x40,0xb1,0x13,0xff,
    0x40,0xb1,0x13,0xff,0x40,0xb1,0x13,0xff,0x40,0xb1,0x13,0xff,0x40,0xb1,0x13,0xff,
    0x40,0xb1,0x13,0xff,0x40,0xb1,0x13,0xff,0x40,0xb1,0x13,0xff,0x40,0xb1,0x13,0xff,
    0x40,0xb1,0x13,0xff,0x40,0xb1,0x13,0xff,0x40,0xb1,0x13,0xff,0x40,0xb1,0x13,0xff,
    0x40,0xb1,0x13,0xff,0x40,0xb1,0x13,0xff,0x40,0xb1,0x13,0xff,0x40,0xb1,0x13,0xff,
    0x40,0xb1,0x13,0xff,0x40,0xb1,0x13,0xff,0x40,0xb1,0x13,0xff,0x40,0xb1,0x13,0xff,
    0x40,0xb1,0x13,0xff,0x3f,0xb1,0x12,0xff,0x3a,0xaf,0x0c,0xff,0x92,0xd2,0x78,0xff,
    0xff,0xff,0xff,0xff,0xff,0xff,0xff,0xff,0xff,0xff,0xff,0xff,0xff,0xff,0xff,0xff,
    0xff,0xff,0xff,0xff,0xff,0xff,0xff,0xff,0xfe,0xff,0xfe,0xff,0xfc,0xfe,0xfb,0xff,
    0xfc,0xfe,0xfb,0xff,0xfe,0xff,0xfe,0xff,0xff,0xff,0xff,0xff,0xff,0xff,0xff,0xff,
    0xff,0xff,0xff,0xff,0xff,0xff,0xff,0xff,0xff,0xff,0xff,0xff,0xff,0xff,0xff,0xff,
    0xff,0xff,0xff,0xff,0xff,0xff,0xff,0xff,0xff,0xff,0xff,0xff,0xff,0xff,0xff,0xff,
    0xff,0xff,0xff,0xff,0xff,0xff,0xff,0xff,0xff,0xff,0xff,0xff,0xff,0xff,0xff,0xff,
    0xff,0xff,0xff,0xff,0xff,0xff,0xff,0xff,0xff,0xff,0xff,0xff,0xff,0xff,0xff,0xff,
    0xff,0xff,0xff,0xff,0xff,0xff,0xff,0xff,0xff,0xff,0xff,0xff,0xff,0xff,0xff,0xff,
    0xff,0xff,0xff,0xff,0xff,0xff,0xff,0xff,0xff,0xff,0xff,0xff,0xff,0xff,0xff,0xff,
    0xfc,0xfe,0xfc,0xff,0xfb,0xfe,0xfb,0xff,0xfd,0xfe,0xfd,0xff,0xff,0xff,0xff,0xff,
    0xff,0xff,0xff,0xff,0xff,0xff,0xff,0xff,0xff,0xff,0xff,0xff,0xff,0xff,0xff,0xff,
    0xff,0xff,0xff,0xff,0xb9,0xe3,0xa9,0xff,0x44,0xb3,0x18,0xff,0x3f,0xb1,0x12,0xff,
    0x40,0xb1,0x13,0xff,0x40,0xb1,0x13,0xff,0x40,0xb1,0x13,0xff,0x40,0xb1,0x13,0xff,
    0x40,0xb1,0x13,0xff,0x40,0xb1,0x13,0xff,0x40,0xb1,0x13,0xff,0x40,0xb1,0x13,0xff,
    0x40,0xb1,0x13,0xff,0x40,0xb1,0x13,0xff,0x40,0xb1,0x13,0xff,0x40,0xb1,0x13,0xff,
    0x40,0xb1,0x13,0xff,0x40,0xb1,0x13,0xff,0x40,0xb1,0x13,0xff,0x40,0xb1,0x13,0xff,
    0x40,0xb1,0x13,0xff,0x40,0xb1,0x13,0xff,0x40,0xb1,0x13,0xff,0x40,0xb1,0x13,0xff,
    0x40,0xb1,0x13,0xff,0x40,0xb1,0x13,0xff,0x40,0xb1,0x13,0xff,0x00,0x00,0x00,0x00,
    0x00,0x00,0x00,0x00,0x00,0x00,0x00,0x00,0x00,0x00,0x00,0x00,0x00,0x00,0x00,0x00,
    0x00,0x00,0x00,0x00,0x00,0x00,0x00,0x00,0x00,0x00,0x00,0x00,0x00,0x00,0x00,0x00,
    0x00,0x00,0x00,0x00,0x00,0x00,0x00,0x00,0x00,0x00,0x00,0x00,0x00,0x00,0x00,0x00,
    0x3f,0xb0,0x12,0xfa,0x3f,0xb0,0x12,0xfc,0x40,0xb1,0x13,0xff,0x40,0xb1,0x13,0xff,
    0x40,0xb1,0x13,0xff,0x40,0xb1,0x13,0xff,0x40,0xb1,0x13,0xff,0x40,0xb1,0x13,0xff,
    0x40,0xb1,0x13,0xff,0x40,0xb1,0x13,0xff,0x40,0xb1,0x13,0xff,0x40,0xb1,0x13,0xff,
    0x40,0xb1,0x13,0xff,0x40,0xb1,0x13,0xff,0x40,0xb1,0x13,0xff,0x40,0xb1,0x13,0xff,
    0x40,0xb1,0x13,0xff,0x40,0xb1,0x13,0xff,0x40,0xb1,0x13,0xff,0x40,0xb1,0x13,0xff,
    0x40,0xb1,0x13,0xff,0x40,0xb1,0x13,0xff,0x40,0xb1,0x13,0xff,0x40,0xb1,0x13,0xff,
    0x40,0xb1,0x13,0xff,0x3c,0xaf,0x0e,0xff,0x57,0xba,0x30,0xff,0xb0,0xde,0x9e,0xff,
    0xff,0xff,0xff,0xff,0xff,0xff,0xff,0xff,0xff,0xff,0xff,0xff,0xff,0xff,0xff,0xff,
    0xff,0xff,0xff,0xff,0xff,0xff,0xff,0xff,0xee,0xf8,0xea,0xff,0xb9,0xe2,0xa8,0xff,
    0xb9,0xe3,0xa9,0xff,0xef,0xf9,0xeb,0xff,0xff,0xff,0xfe,0xff,0xff,0xff,0xff,0xff,
    0xff,0xff,0xff,0xff,0xff,0xff,0xff,0xff,0xff,0xff,0xff,0xff,0xff,0xff,0xff,0xff,
    0xff,0xff,0xff,0xff,0xff,0xff,0xff,0xff,0xff,0xff,0xff,0xff,0xff,0xff,0xff,0xff,
    0xff,0xff,0xff,0xff,0xff,0xff,0xff,0xff,0xff,0xff,0xff,0xff,0xff,0xff,0xff,0xff,
    0xff,0xff,0xff,0xff,0xff,0xff,0xff,0xff,0xff,0xff,0xff,0xff,0xff,0xff,0xff,0xff,
    0xff,0xff,0xff,0xff,0xff,0xff,0xff,0xff,0xff,0xff,0xff,0xff,0xff,0xff,0xff,0xff,
    0xff,0xff,0xff,0xff,0xff,0xff,0xff,0xff,0xff,0xff,0xff,0xff,0xfb,0xfd,0xf9,0xff,
    0xc4,0xe7,0xb7,0xff,0xb5,0xe1,0xa3,0xff,0xdd,0xf1,0xd4,0xff,0xff,0xff,0xff,0xff,
    0xff,0xff,0xff,0xff,0xff,0xff,0xff,0xff,0xff,0xff,0xff,0xff,0xff,0xff,0xff,0xff,
    0xff,0xff,0xff,0xff,0xd0,0xec,0xc5,0xff,0x6d,0xc3,0x4a,0xff,0x3c,0xaf,0x0e,0xff,
    0x40,0xb1,0x13,0xff,0x40,0xb1,0x13,0xff,0x40,0xb1,0x13,0xff,0x40,0xb1,0x13,0xff,
    0x40,0xb1,0x13,0xff,0x40,0xb1,0x13,0xff,0x40,0xb1,0x13,0xff,0x40,0xb1,0x13,0xff,
    0x40,0xb1,0x13,0xff,0x40,0xb1,0x13,0xff,0x40,0xb1,0x13,0xff,0x40,0xb1,0x13,0xff,
    0x40,0xb1,0x13,0xff,0x40,0xb1,0x13,0xff,0x40,0xb1,0x13,0xff,0x40,0xb1,0x13,0xff,
    0x40,0xb1,0x13,0xff,0x40,0xb1,0x13,0xff,0x40,0xb1,0x13,0xff,0x40,0xb1,0x13,0xff,
    0x40,0xb1,0x13,0xff,0x40,0xb1,0x13,0xff,0x40,0xb1,0x13,0xff,0x00,0x00,0x00,0x00,
    0x00,0x00,0x00,0x00,0x00,0x00,0x00,0x00,0x00,0x00,0x00,0x00,0x00,0x00,0x00,0x00,
    0x00,0x00,0x00,0x00,0x00,0x00,0x00,0x00,0x00,0x00,0x00,0x00,0x00,0x00,0x00,0x00,
    0x00,0x00,0x00,0x00,0x00,0x00,0x00,0x00,0x00,0x00,0x00,0x00,0x00,0x00,0x00,0x00,
    0x40,0xaf,0x12,0xee,0x40,0xb0,0x12,0xf4,0x40,0xb2,0x13,0xff,0x40,0xb1,0x13,0xff,
    0x40,0xb1,0x13,0xff,0x40,0xb1,0x13,0xff,0x40,0xb1,0x13,0xff,0x40,0xb1,0x13,0xff,
    0x40,0xb1,0x13,0xff,0x40,0xb1,0x13,0xff,0x40,0xb1,0x13,0xff,0x40,0xb1,0x13,0xff,
    0x40,0xb1,0x13,0xff,0x40,0xb1,0x13,0xff,0x40,0xb1,0x13,0xff,0x40,0xb1,0x13,0xff,
    0x40,0xb1,0x13,0xff,0x40,0xb1,0x13,0xff,0x40,0xb1,0x13,0xff,0x40,0xb1,0x13,0xff,
    0x40,0xb1,0x13,0xff,0x40,0xb1,0x13,0xff,0x40,0xb1,0x13,0xff,0x40,0xb1,0x13,0xff,
    0x40,0xb1,0x13,0xff,0x3b,0xaf,0x0d,0xff,0x5c,0xbc,0x36,0xff,0xb5,0xe1,0xa4,0xff,
    0xff,0xff,0xff,0xff,0xff,0xff,0xff,0xff,0xff,0xff,0xff,0xff,0xff,0xff,0xff,0xff,
    0xff,0xff,0xff,0xff,0xc5,0xe7,0xb7,0xff,0x6c,0xc3,0x49,0xff,0x51,0xb8,0x28,0xff,
    0x53,0xb9,0x2b,0xff,0x61,0xbf,0x3c,0xff,0xd9,0xef,0xd1,0xff,0xff,0xff,0xff,0xff,
    0xff,0xff,0xff,0xff,0xff,0xff,0xff,0xff,0xff,0xff,0xff,0xff,0xff,0xff,0xff,0xff,
    0xff,0xff,0xff,0xff,0xff,0xff,0xff,0xff,0xff,0xff,0xff,0xff,0xff,0xff,0xff,0xff,
    0xff,0xff,0xff,0xff,0xff,0xff,0xff,0xff,0xff,0xff,0xff,0xff,0xff,0xff,0xff,0xff,
    0xff,0xff,0xff,0xff,0xff,0xff,0xff,0xff,0xff,0xff,0xff,0xff,0xff,0xff,0xff,0xff,
    0xff,0xff,0xff,0xff,0xff,0xff,0xff,0xff,0xff,0xff,0xff,0xff,0xff,0xff,0xff,0xff,
    0xff,0xff,0xff,0xff,0xff,0xff,0xff,0xff,0xee,0xf8,0xea,0xff,0x76,0xc7,0x55,0xff,
    0x56,0xba,0x2e,0xff,0x50,0xb8,0x27,0xff,0x5f,0xbe,0x39,0xff,0xa7,0xdc,0x93,0xff,
    0xff,0xff,0xff,0xff,0xff,0xff,0xff,0xff,0xff,0xff,0xff,0xff,0xff,0xff,0xff,0xff,
    0xff,0xff,0xff,0xff,0xd2,0xec,0xc7,0xff,0x71,0xc4,0x50,0xff,0x3c,0xaf,0x0e,0xff,
    0x40,0xb1,0x13,0xff,0x40,0xb1,0x13,0xff,0x40,0xb1,0x13,0xff,0x40,0xb1,0x13,0xff,
    0x40,0xb1,0x13,0xff,0x40,0xb1,0x13,0xff,0x40,0xb1,0x13,0xff,0x40,0xb1,0x13,0xff,
    0x40,0xb1,0x13,0xff,0x40,0xb1,0x13,0xff,0x40,0xb1,0x13,0xff,0x40,0xb1,0x13,0xff,
    0x40,0xb1,0x13,0xff,0x40,0xb1,0x13,0xff,0x40,0xb1,0x13,0xff,0x40,0xb1,0x13,0xff,
    0x40,0xb1,0x13,0xff,0x40,0xb1,0x13,0xff,0x40,0xb1,0x13,0xff,0x40,0xb1,0x13,0xff,
    0x40,0xb1,0x13,0xff,0x40,0xb2,0x13,0xff,0x3f,0xb0,0x12,0xf9,0x00,0x00,0x00,0x00,
    0x00,0x00,0x00,0x00,0x00,0x00,0x00,0x00,0x00,0x00,0x00,0x00,0x00,0x00,0x00,0x00,
    0x00,0x00,0x00,0x00,0x00,0x00,0x00,0x00,0x00,0x00,0x00,0x00,0x00,0x00,0x00,0x00,
    0x00,0x00,0x00,0x00,0x00,0x00,0x00,0x00,0x00,0x00,0x00,0x00,0x00,0x00,0x00,0x00,
    0x3f,0xb0,0x12,0xe2,0x3f,0xb0,0x12,0xec,0x41,0xb2,0x13,0xff,0x40,0xb1,0x13,0xff,
    0x40,0xb1,0x13,0xff,0x40,0xb1,0x13,0xff,0x40,0xb1,0x13,0xff,0x40,0xb1,0x13,0xff,
    0x40,0xb1,0x13,0xff,0x40,0xb1,0x13,0xff,0x40,0xb1,0x13,0xff,0x40,0xb1,0x13,0xff,
    0x40,0xb1,0x13,0xff,0x40,0xb1,0x13,0xff,0x40,0xb1,0x13,0xff,0x40,0xb1,0x13,0xff,
    0x40,0xb1,0x13,0xff,0x40,0xb1,0x13,0xff,0x40,0xb1,0x13,0xff,0x40,0xb1,0x13,0xff,
    0x40,0xb1,0x13,0xff,0x40,0xb1,0x13,0xff,0x40,0xb1,0x13,0xff,0x40,0xb1,0x13,0xff,
    0x40,0xb1,0x13,0xff,0x3c,0xaf,0x0d,0xff,0x5b,0xbc,0x35,0xff,0xb4,0xe0,0xa3,0xff,
    0xff,0xff,0xff,0xff,0xff,0xff,0xff,0xff,0xff,0xff,0xff,0xff,0xff,0xff,0xff,0xff,
    0xe9,0xf6,0xe3,0xff,0x89,0xcf,0x6d,0xff,0x38,0xae,0x09,0xff,0x3a,0xaf,0x0c,0xff,
    0x3b,0xaf,0x0d,0xff,0x37,0xae,0x08,0xff,0x90,0xd1,0x77,0xff,0xe6,0xf4,0xdf,0xff,
    0xff,0xff,0xff,0xff,0xff,0xff,0xff,0xff,0xff,0xff,0xff,0xff,0xff,0xff,0xff,0xff,
    0xff,0xff,0xff,0xff,0xff,0xff,0xff,0xff,0xff,0xff,0xff,0xff,0xff,0xff,0xff,0xff,
    0xff,0xff,0xff,0xff,0xff,0xff,0xff,0xff,0xff,0xff,0xff,0xff,0xff,0xff,0xff,0xff,
    0xff,0xff,0xff,0xff,0xff,0xff,0xff,0xff,0xff,0xff,0xff,0xff,0xff,0xff,0xff,0xff,
    0xff,0xff,0xff,0xff,0xff,0xff,0xff,0xff,0xff,0xff,0xff,0xff,0xff,0xff,0xff,0xff,
    0xff,0xff,0xff,0xff,0xf4,0xfa,0xf1,0xff,0xad,0xde,0x9a,0xff,0x42,0xb2,0x16,0xff,
    0x39,0xae,0x0b,0xff,0x3a,0xaf,0x0c,0xff,0x37,0xad,0x08,0xff,0x68,0xc2,0x46,0xff,
    0xd5,0xed,0xca,0xff,0xff,0xff,0xff,0xff,0xff,0xff,0xff,0xff,0xff,0xff,0xff,0xff,
    0xff,0xff,0xff,0xff,0xd1,0xec,0xc6,0xff,0x6f,0xc4,0x4d,0xff,0x3c,0xaf,0x0e,0xff,
    0x40,0xb1,0x13,0xff,0x40,0xb1,0x13,0xff,0x40,0xb1,0x13,0xff,0x40,0xb1,0x13,0xff,
    0x40,0xb1,0x13,0xff,0x40,0xb1,0x13,0xff,0x40,0xb1,0x13,0xff,0x40,0xb1,0x13,0xff,
    0x40,0xb1,0x13,0xff,0x40,0xb1,0x13,0xff,0x40,0xb1,0x13,0xff,0x40,0xb1,0x13,0xff,
    0x40,0xb1,0x13,0xff,0x40,0xb1,0x13,0xff,0x40,0xb1,0x13,0xff,0x40,0xb1,0x13,0xff,
    0x40,0xb1,0x13,0xff,0x40,0xb1,0x13,0xff,0x40,0xb1,0x13,0xff,0x40,0xb1,0x13,0xff,
    0x40,0xb1,0x13,0xff,0x40,0xb2,0x13,0xff,0x3e,0xb1,0x12,0xf3,0x00,0x00,0x00,0x00,
    0x00,0x00,0x00,0x00,0x00,0x00,0x00,0x00,0x00,0x00,0x00,0x00,0x00,0x00,0x00,0x00,
    0x00,0x00,0x00,0x00,0x00,0x00,0x00,0x00,0x00,0x00,0x00,0x00,0x00,0x00,0x00,0x00,
    0x00,0x00,0x00,0x00,0x00,0x00,0x00,0x00,0x00,0x00,0x00,0x00,0x00,0x00,0x00,0x00,
    0x3e,0xb0,0x12,0xd7,0x3f,0xaf,0x11,0xe5,0x41,0xb2,0x13,0xff,0x40,0xb1,0x13,0xff,
    0x40,0xb1,0x13,0xff,0x40,0xb1,0x13,0xff,0x40,0xb1,0x13,0xff,0x40,0xb1,0x13,0xff,
    0x40,0xb1,0x13,0xff,0x40,0xb1,0x13,0xff,0x40,0xb1,0x13,0xff,0x40,0xb1,0x13,0xff,
    0x40,0xb1,0x13,0xff,0x40,0xb1,0x13,0xff,0x40,0xb1,0x13,0xff,0x40,0xb1,0x13,0xff,
    0x40,0xb1,0x13,0xff,0x40,0xb1,0x13,0xff,0x40,0xb1,0x13,0xff,0x40,0xb1,0x13,0xff,
    0x40,0xb1,0x13,0xff,0x40,0xb1,0x13,0xff,0x40,0xb1,0x13,0xff,0x40,0xb1,0x13,0xff,
    0x40,0xb1,0x13,0xff,0x3c,0xaf,0x0d,0xff,0x5a,0xbc,0x34,0xff,0xb3,0xe0,0xa2,0xff,
    0xff,0xff,0xff,0xff,0xff,0xff,0xff,0xff,0xff,0xff,0xff,0xff,0xff,0xff,0xff,0xff,
    0xcd,0xeb,0xc1,0xff,0x6f,0xc4,0x4d,0xff,0x36,0xad,0x06,0xff,0x40,0xb1,0x13,0xff,
    0x40,0xb1,0x13,0xff,0x3d,0xb0,0x0f,0xff,0x66,0xc1,0x42,0xff,0xd0,0xec,0xc4,0xff,
    0xff,0xff,0xff,0xff,0xff,0xff,0xff,0xff,0xff,0xff,0xff,0xff,0xff,0xff,0xff,0xff,
    0xff,0xff,0xff,0xff,0xff,0xff,0xff,0xff,0xff,0xff,0xff,0xff,0xff,0xff,0xff,0xff,
    0xff,0xff,0xff,0xff,0xff,0xff,0xff,0xff,0xff,0xff,0xff,0xff,0xff,0xff,0xff,0xff,
    0xff,0xff,0xff,0xff,0xff,0xff,0xff,0xff,0xff,0xff,0xff,0xff,0xff,0xff,0xff,0xff,
    0xff,0xff,0xff,0xff,0xff,0xff,0xff,0xff,0xff,0xff,0xff,0xff,0xff,0xff,0xff,0xff,
    0xff,0xff,0xff,0xff,0xea,0xf7,0xe5,0xff,0x82,0xcd,0x65,0xff,0x40,0xb1,0x14,0xff,
    0x3e,0xb0,0x11,0xff,0x40,0xb1,0x13,0xff,0x3a,0xae,0x0b,0xff,0x53,0xb9,0x2c,0xff,
    0xa9,0xdc,0x94,0xff,0xff,0xff,0xff,0xff,0xff,0xff,0xff,0xff,0xff,0xff,0xff,0xff,
    0xff,0xff,0xff,0xff,0xd1,0xec,0xc6,0xff,0x6e,0xc4,0x4c,0xff,0x3c,0xaf,0x0e,0xff,
    0x40,0xb1,0x13,0xff,0x40,0xb1,0x13,0xff,0x40,0xb1,0x13,0xff,0x40,0xb1,0x13,0xff,
    0x40,0xb1,0x13,0xff,0x40,0xb1,0x13,0xff,0x40,0xb1,0x13,0xff,0x40,0xb1,0x13,0xff,
    0x40,0xb1,0x13,0xff,0x40,0xb1,0x13,0xff,0x40,0xb1,0x13,0xff,0x40,0xb1,0x13,0xff,
    0x40,0xb1,0x13,0xff,0x40,0xb1,0x13,0xff,0x40,0xb1,0x13,0xff,0x40,0xb1,0x13,0xff,
    0x40,0xb1,0x13,0xff,0x40,0xb1,0x13,0xff,0x40,0xb1,0x13,0xff,0x40,0xb1,0x13,0xff,
    0x40,0xb1,0x13,0xff,0x40,0xb2,0x13,0xff,0x40,0xb0,0x13,0xeb,0x00,0x00,0x00,0x00,
    0x00,0x00,0x00,0x00,0x00,0x00,0x00,0x00,0x00,0x00,0x00,0x00,0x00,0x00,0x00,0x00,
    0x00,0x00,0x00,0x00,0x00,0x00,0x00,0x00,0x00,0x00,0x00,0x00,0x00,0x00,0x00,0x00,
    0x00,0x00,0x00,0x00,0x00,0x00,0x00,0x00,0x00,0x00,0x00,0x00,0x00,0x00,0x00,0x00,
    0x3f,0xaf,0x12,0xca,0x3f,0xb0,0x12,0xdd,0x41,0xb3,0x13,0xff,0x40,0xb1,0x13,0xff,
    0x40,0xb1,0x13,0xff,0x40,0xb1,0x13,0xff,0x40,0xb1,0x13,0xff,0x40,0xb1,0x13,0xff,
    0x40,0xb1,0x13,0xff,0x40,0xb1,0x13,0xff,0x40,0xb1,0x13,0xff,0x40,0xb1,0x13,0xff,
    0x40,0xb1,0x13,0xff,0x40,0xb1,0x13,0xff,0x40,0xb1,0x13,0xff,0x40,0xb1,0x13,0xff,
    0x40,0xb1,0x13,0xff,0x40,0xb1,0x13,0xff,0x40,0xb1,0x13,0xff,0x40,0xb1,0x13,0xff,
    0x40,0xb1,0x13,0xff,0x40,0xb1,0x13,0xff,0x40,0xb1,0x13,0xff,0x40,0xb1,0x13,0xff,
    0x40,0xb1,0x13,0xff,0x3c,0xaf,0x0d,0xff,0x5a,0xbc,0x34,0xff,0xb3,0xe0,0xa2,0xff,
    0xff,0xff,0xff,0xff,0xff,0xff,0xff,0xff,0xff,0xff,0xff,0xff,0xff,0xff,0xff,0xff,
    0xdc,0xf1,0xd4,0xff,0x7b,0xc9,0x5c,0xff,0x35,0xad,0x05,0xff,0x3d,0xb0,0x10,0xff,
    0x3d,0xb0,0x10,0xff,0x37,0xad,0x08,0xff,0x7d,0xca,0x5f,0xff,0xdc,0xf1,0xd3,0xff,
    0xff,0xff,0xff,0xff,0xff,0xff,0xff,0xff,0xff,0xff,0xff,0xff,0xff,0xff,0xff,0xff,
    0xff,0xff,0xff,0xff,0xff,0xff,0xff,0xff,0xff,0xff,0xff,0xff,0xff,0xff,0xff,0xff,
    0xff,0xff,0xff,0xff,0xff,0xff,0xff,0xff,0xff,0xff,0xff,0xff,0xff,0xff,0xff,0xff,
    0xff,0xff,0xff,0xff,0xff,0xff,0xff,0xff,0xff,0xff,0xff,0xff,0xff,0xff,0xff,0xff,
    0xff,0xff,0xff,0xff,0xff,0xff,0xff,0xff,0xff,0xff,0xff,0xff,0xff,0xff,0xff,0xff,
    0xff,0xff,0xff,0xff,0xef,0xf9,0xeb,0xff,0x98,0xd6,0x81,0xff,0x3d,0xb0,0x10,0xff,
    0x3c,0xaf,0x0d,0xff,0x3d,0xb0,0x10,0xff,0x36,0xad,0x06,0xff,0x5b,0xbc,0x35,0xff,
    0xc0,0xe5,0xb1,0xff,0xff,0xff,0xff,0xff,0xff,0xff,0xff,0xff,0xff,0xff,0xff,0xff,
    0xff,0xff,0xff,0xff,0xd1,0xec,0xc6,0xff,0x6e,0xc4,0x4c,0xff,0x3c,0xaf,0x0e,0xff,
    0x40,0xb1,0x13,0xff,0x40,0xb1,0x13,0xff,0x40,0xb1,0x13,0xff,0x40,0xb1,0x13,0xff,
    0x40,0xb1,0x13,0xff,0x40,0xb1,0x13,0xff,0x40,0xb1,0x13,0xff,0x40,0xb1,0x13,0xff,
    0x40,0xb1,0x13,0xff,0x40,0xb1,0x13,0xff,0x40,0xb1,0x13,0xff,0x40,0xb1,0x13,0xff,
    0x40,0xb1,0x13,0xff,0x40,0xb1,0x13,0xff,0x40,0xb1,0x13,0xff,0x40,0xb1,0x13,0xff,
    0x40,0xb1,0x13,0xff,0x40,0xb1,0x13,0xff,0x40,0xb1,0x13,0xff,0x40,0xb1,0x13,0xff,
    0x40,0xb1,0x13,0xff,0x41,0xb3,0x13,0xff,0x40,0xb1,0x13,0xdf,0x00,0x00,0x00,0x00,
    0x00,0x00,0x00,0x00,0x00,0x00,0x00,0x00,0x00,0x00,0x00,0x00,0x00,0x00,0x00,0x00,
    0x00,0x00,0x00,0x00,0x00,0x00,0x00,0x00,0x00,0x00,0x00,0x00,0x00,0x00,0x00,0x00,
    0x00,0x00,0x00,0x00,0x00,0x00,0x00,0x00,0x00,0x00,0x00,0x00,0x00,0x00,0x00,0x00,
    0x3f,0xb0,0x13,0xb6,0x3e,0xb0,0x13,0xd0,0x41,0xb4,0x13,0xff,0x40,0xb1,0x13,0xff,
    0x40,0xb1,0x13,0xff,0x40,0xb1,0x13,0xff,0x40,0xb1,0x13,0xff,0x40,0xb1,0x13,0xff,
    0x40,0xb1,0x13,0xff,0x40,0xb1,0x13,0xff,0x40,0xb1,0x13,0xff,0x40,0xb1,0x13,0xff,
    0x40,0xb1,0x13,0xff,0x40,0xb1,0x13,0xff,0x40,0xb1,0x13,0xff,0x40,0xb1,0x13,0xff,
    0x40,0xb1,0x13,0xff,0x40,0xb1,0x13,0xff,0x40,0xb1,0x13,0xff,0x40,0xb1,0x13,0xff,
    0x40,0xb1,0x13,0xff,0x40,0xb1,0x13,0xff,0x40,0xb1,0x13,0xff,0x40,0xb1,0x13,0xff,
    0x40,0xb1,0x13,0xff,0x3c,0xaf,0x0d,0xff,0x5a,0xbc,0x34,0xff,0xb3,0xe0,0xa2,0xff,
    0xff,0xff,0xff,0xff,0xff,0xff,0xff,0xff,0xff,0xff,0xff,0xff,0xff,0xff,0xff,0xff,
    0xff,0xff,0xff,0xff,0xad,0xde,0x9a,0xff,0x50,0xb7,0x27,0xff,0x47,0xb4,0x1c,0xff,
    0x48,0xb4,0x1d,0xff,0x4b,0xb5,0x21,0xff,0xc4,0xe7,0xb7,0xff,0xfb,0xfd,0xfb,0xff,
    0xff,0xff,0xff,0xff,0xff,0xff,0xff,0xff,0xff,0xff,0xff,0xff,0xff,0xff,0xff,0xff,
    0xff,0xff,0xff,0xff,0xff,0xff,0xff,0xff,0xff,0xff,0xff,0xff,0xff,0xff,0xff,0xff,
    0xff,0xff,0xff,0xff,0xff,0xff,0xff,0xff,0xff,0xff,0xff,0xff,0xff,0xff,0xff,0xff,
    0xff,0xff,0xff,0xff,0xff,0xff,0xff,0xff,0xff,0xff,0xff,0xff,0xff,0xff,0xff,0xff,
    0xff,0xff,0xff,0xff,0xff,0xff,0xff,0xff,0xff,0xff,0xff,0xff,0xff,0xff,0xff,0xff,
    0xff,0xff,0xff,0xff,0xfd,0xfe,0xfd,0xff,0xdc,0xf1,0xd3,0xff,0x57,0xbb,0x2f,0xff,
    0x47,0xb4,0x1c,0xff,0x46,0xb4,0x1b,0xff,0x48,0xb4,0x1c,0xff,0x8b,0xd0,0x6f,0xff,
    0xff,0xff,0xff,0xff,0xff,0xff,0xff,0xff,0xff,0xff,0xff,0xff,0xff,0xff,0xff,0xff,
    0xff,0xff,0xff,0xff,0xd1,0xec,0xc6,0xff,0x6e,0xc4,0x4c,0xff,0x3c,0xaf,0x0e,0xff,
    0x40,0xb1,0x13,0xff,0x40,0xb1,0x13,0xff,0x40,0xb1,0x13,0xff,0x40,0xb1,0x13,0xff,
    0x40,0xb1,0x13,0xff,0x40,0xb1,0x13,0xff,0x40,0xb1,0x13,0xff,0x40,0xb1,0x13,0xff,
    0x40,0xb1,0x13,0xff,0x40,0xb1,0x13,0xff,0x40,0xb1,0x13,0xff,0x40,0xb1,0x13,0xff,
    0x40,0xb1,0x13,0xff,0x40,0xb1,0x13,0xff,0x40,0xb1,0x13,0xff,0x40,0xb1,0x13,0xff,
    0x40,0xb1,0x13,0xff,0x40,0xb1,0x13,0xff,0x40,0xb1,0x13,0xff,0x40,0xb1,0x13,0xff,
    0x40,0xb1,0x13,0xff,0x41,0xb4,0x13,0xff,0x3f,0xb1,0x13,0xd0,0x00,0x00,0x00,0x00,
    0x00,0x00,0x00,0x00,0x00,0x00,0x00,0x00,0x00,0x00,0x00,0x00,0x00,0x00,0x00,0x00,
    0x00,0x00,0x00,0x00,0x00,0x00,0x00,0x00,0x00,0x00,0x00,0x00,0x00,0x00,0x00,0x00,
    0x00,0x00,0x00,0x00,0x00,0x00,0x00,0x00,0x00,0x00,0x00,0x00,0x00,0x00,0x00,0x00,
    0x40,0xb1,0x12,0x9a,0x3f,0xaf,0x11,0xbe,0x42,0xb5,0x14,0xff,0x40,0xb1,0x13,0xff,
    0x40,0xb1,0x13,0xff,0x40,0xb1,0x13,0xff,0x40,0xb1,0x13,0xff,0x40,0xb1,0x13,0xff,
    0x40,0xb1,0x13,0xff,0x40,0xb1,0x13,0xff,0x40,0xb1,0x13,0xff,0x40,0xb1,0x13,0xff,
    0x40,0xb1,0x13,0xff,0x40,0xb1,0x13,0xff,0x40,0xb1,0x13,0xff,0x40,0xb1,0x13,0xff,
    0x40,0xb1,0x13,0xff,0x40,0xb1,0x13,0xff,0x40,0xb1,0x13,0xff,0x40,0xb1,0x13,0xff,
    0x40,0xb1,0x13,0xff,0x40,0xb1,0x13,0xff,0x40,0xb1,0x13,0xff,0x40,0xb1,0x13,0xff,
    0x40,0xb1,0x13,0xff,0x3c,0xaf,0x0d,0xff,0x5a,0xbc,0x34,0xff,0xb3,0xe0,0xa2,0xff,
    0xff,0xff,0xff,0xff,0xff,0xff,0xff,0xff,0xff,0xff,0xff,0xff,0xff,0xff,0xff,0xff,
    0xff,0xff,0xff,0xff,0xfd,0xfe,0xfc,0xff,0xd1,0xed,0xc7,0xff,0x8a,0xd0,0x6f,0xff,
    0x8d,0xd1,0x73,0xff,0xcf,0xec,0xc4,0xff,0xf8,0xfc,0xf8,0xff,0xff,0xff,0xff,0xff,
    0xff,0xff,0xff,0xff,0xff,0xff,0xff,0xff,0xff,0xff,0xff,0xff,0xff,0xff,0xff,0xff,
    0xff,0xff,0xff,0xff,0xff,0xff,0xff,0xff,0xff,0xff,0xff,0xff,0xff,0xff,0xff,0xff,
    0xff,0xff,0xff,0xff,0xff,0xff,0xff,0xff,0xff,0xff,0xff,0xff,0xff,0xff,0xff,0xff,
    0xff,0xff,0xff,0xff,0xff,0xff,0xff,0xff,0xff,0xff,0xff,0xff,0xff,0xff,0xff,0xff,
    0xff,0xff,0xff,0xff,0xff,0xff,0xff,0xff,0xff,0xff,0xff,0xff,0xff,0xff,0xff,0xff,
    0xff,0xff,0xff,0xff,0xff,0xff,0xff,0xff,0xfd,0xfe,0xfc,0xff,0xe0,0xf3,0xd9,0xff,
    0x98,0xd6,0x81,0xff,0x84,0xce,0x68,0xff,0xb8,0xe3,0xa8,0xff,0xf4,0xfa,0xf1,0xff,
    0xff,0xff,0xff,0xff,0xff,0xff,0xff,0xff,0xff,0xff,0xff,0xff,0xff,0xff,0xff,0xff,
    0xff,0xff,0xff,0xff,0xd1,0xec,0xc6,0xff,0x6e,0xc4,0x4c,0xff,0x3c,0xaf,0x0e,0xff,
    0x40,0xb1,0x13,0xff,0x40,0xb1,0x13,0xff,0x40,0xb1,0x13,0xff,0x40,0xb1,0x13,0xff,
    0x40,0xb1,0x13,0xff,0x40,0xb1,0x13,0xff,0x40,0xb1,0x13,0xff,0x40,0xb1,0x13,0xff,
    0x40,0xb1,0x13,0xff,0x40,0xb1,0x13,0xff,0x40,0xb1,0x13,0xff,0x40,0xb1,0x13,0xff,
    0x40,0xb1,0x13,0xff,0x40,0xb1,0x13,0xff,0x40,0xb1,0x13,0xff,0x40,0xb1,0x13,0xff,
    0x40,0xb1,0x13,0xff,0x40,0xb1,0x13,0xff,0x40,0xb1,0x13,0xff,0x40,0xb1,0x13,0xff,
    0x40,0xb1,0x13,0xff,0x42,0xb5,0x14,0xff,0x3f,0xaf,0x11,0xbe,0x00,0x00,0x00,0x00,
    0x00,0x00,0x00,0x00,0x00,0x00,0x00,0x00,0x00,0x00,0x00,0x00,0x00,0x00,0x00,0x00,
    0x00,0x00,0x00,0x00,0x00,0x00,0x00,0x00,0x00,0x00,0x00,0x00,0x00,0x00,0x00,0x00,
    0x00,0x00,0x00,0x00,0x00,0x00,0x00,0x00,0x00,0x00,0x00,0x00,0x00,0x00,0x00,0x00,
    0x40,0xae,0x10,0x7b,0x3f,0xb0,0x12,0xa9,0x42,0xb7,0x14,0xff,0x40,0xb1,0x13,0xff,
    0x40,0xb1,0x13,0xff,0x40,0xb1,0x13,0xff,0x40,0xb1,0x13,0xff,0x40,0xb1,0x13,0xff,
    0x40,0xb1,0x13,0xff,0x40,0xb1,0x13,0xff,0x40,0xb1,0x13,0xff,0x40,0xb1,0x13,0xff,
    0x40,0xb1,0x13,0xff,0x40,0xb1,0x13,0xff,0x40,0xb1,0x13,0xff,0x40,0xb1,0x13,0xff,
    0x40,0xb1,0x13,0xff,0x40,0xb1,0x13,0xff,0x40,0xb1,0x13,0xff,0x40,0xb1,0x13,0xff,
    0x40,0xb1,0x13,0xff,0x40,0xb1,0x13,0xff,0x40,0xb1,0x13,0xff,0x40,0xb1,0x13,0xff,
    0x40,0xb1,0x13,0xff,0x3c,0xaf,0x0d,0xff,0x5a,0xbc,0x34,0xff,0xb3,0xe0,0xa2,0xff,
    0xff,0xff,0xff,0xff,0xff,0xff,0xff,0xff,0xff,0xff,0xff,0xff,0xff,0xff,0xff,0xff,
    0xff,0xff,0xff,0xff,0xff,0xff,0xff,0xff,0xfc,0xfe,0xfb,0xff,0xf4,0xfb,0xf2,0xff,
    0xf4,0xfb,0xf2,0xff,0xfb,0xfe,0xfb,0xff,0xff,0xff,0xff,0xff,0xff,0xff,0xff,0xff,
    0xff,0xff,0xff,0xff,0xff,0xff,0xff,0xff,0xff,0xff,0xff,0xff,0xff,0xff,0xff,0xff,
    0xff,0xff,0xff,0xff,0xff,0xff,0xff,0xff,0xff,0xff,0xff,0xff,0xff,0xff,0xff,0xff,
    0xff,0xff,0xff,0xff,0xff,0xff,0xff,0xff,0xff,0xff,0xff,0xff,0xff,0xff,0xff,0xff,
    0xff,0xff,0xff,0xff,0xff,0xff,0xff,0xff,0xff,0xff,0xff,0xff,0xff,0xff,0xff,0xff,
    0xff,0xff,0xff,0xff,0xff,0xff,0xff,0xff,0xff,0xff,0xff,0xff,0xff,0xff,0xff,0xff,
    0xff,0xff,0xff,0xff,0xff,0xff,0xff,0xff,0xff,0xff,0xff,0xff,0xfd,0xfe,0xfd,0xff,
    0xf6,0xfb,0xf3,0xff,0xf4,0xfa,0xf1,0xff,0xf9,0xfd,0xf8,0xff,0xff,0xff,0xff,0xff,
    0xff,0xff,0xff,0xff,0xff,0xff,0xff,0xff,0xff,0xff,0xff,0xff,0xff,0xff,0xff,0xff,
    0xff,0xff,0xff,0xff,0xd1,0xec,0xc6,0xff,0x6e,0xc4,0x4c,0xff,0x3c,0xaf,0x0e,0xff,
    0x40,0xb1,0x13,0xff,0x40,0xb1,0x13,0xff,0x40,0xb1,0x13,0xff,0x40,0xb1,0x13,0xff,
    0x40,0xb1,0x13,0xff,0x40,0xb1,0x13,0xff,0x40,0xb1,0x13,0xff,0x40,0xb1,0x13,0xff,
    0x40,0xb1,0x13,0xff,0x40,0xb1,0x13,0xff,0x40,0xb1,0x13,0xff,0x40,0xb1,0x13,0xff,
    0x40,0xb1,0x13,0xff,0x40,0xb1,0x13,0xff,0x40,0xb1,0x13,0xff,0x40,0xb1,0x13,0xff,
    0x40,0xb1,0x13,0xff,0x40,0xb1,0x13,0xff,0x40,0xb1,0x13,0xff,0x40,0xb1,0x13,0xff,
    0x40,0xb1,0x13,0xff,0x42,0xb7,0x14,0xff,0x3f,0xb0,0x12,0xa9,0x00,0x00,0x00,0x00,
    0x00,0x00,0x00,0x00,0x00,0x00,0x00,0x00,0x00,0x00,0x00,0x00,0x00,0x00,0x00,0x00,
    0x00,0x00,0x00,0x00,0x00,0x00,0x00,0x00,0x00,0x00,0x00,0x00,0x00,0x00,0x00,0x00,
    0x00,0x00,0x00,0x00,0x00,0x00,0x00,0x00,0x00,0x00,0x00,0x00,0x00,0x00,0x00,0x00,
    0x3c,0xad,0x12,0x54,0x3f,0xaf,0x13,0x90,0x43,0xb8,0x14,0xff,0x40,0xb1,0x13,0xff,
    0x40,0xb1,0x13,0xff,0x40,0xb1,0x13,0xff,0x40,0xb1,0x13,0xff,0x40,0xb1,0x13,0xff,
    0x40,0xb1,0x13,0xff,0x40,0xb1,0x13,0xff,0x40,0xb1,0x13,0xff,0x40,0xb1,0x13,0xff,
    0x40,0xb1,0x13,0xff,0x40,0xb1,0x13,0xff,0x40,0xb1,0x13,0xff,0x40,0xb1,0x13,0xff,
    0x40,0xb1,0x13,0xff,0x40,0xb1,0x13,0xff,0x40,0xb1,0x13,0xff,0x40,0xb1,0x13,0xff,
    0x40,0xb1,0x13,0xff,0x40,0xb1,0x13,0xff,0x40,0xb1,0x13,0xff,0x40,0xb1,0x13,0xff,
    0x40,0xb1,0x13,0xff,0x3c,0xaf,0x0d,0xff,0x5a,0xbc,0x34,0xff,0xb3,0xe0,0xa2,0xff,
    0xff,0xff,0xff,0xff,0xff,0xff,0xff,0xff,0xff,0xff,0xff,0xff,0xff,0xff,0xff,0xff,
    0xff,0xff,0xff,0xff,0xff,0xff,0xff,0xff,0xff,0xff,0xff,0xff,0xff,0xff,0xff,0xff,
    0xff,0xff,0xff,0xff,0xff,0xff,0xff,0xff,0xff,0xff,0xff,0xff,0xff,0xff,0xff,0xff,
    0xff,0xff,0xff,0xff,0xff,0xff,0xff,0xff,0xff,0xff,0xff,0xff,0xff,0xff,0xff,0xff,
    0xff,0xff,0xff,0xff,0xff,0xff,0xff,0xff,0xff,0xff,0xff,0xff,0xff,0xff,0xff,0xff,
    0xff,0xff,0xff,0xff,0xff,0xff,0xff,0xff,0xff,0xff,0xff,0xff,0xff,0xff,0xff,0xff,
    0xff,0xff,0xff,0xff,0xff,0xff,0xff,0xff,0xff,0xff,0xff,0xff,0xff,0xff,0xff,0xff,
    0xff,0xff,0xff,0xff,0xff,0xff,0xff,0xff,0xff,0xff,0xff,0xff,0xff,0xff,0xff,0xff,
    0xff,0xff,0xff,0xff,0xff,0xff,0xff,0xff,0xff,0xff,0xff,0xff,0xff,0xff,0xff,0xff,
    0xff,0xff,0xff,0xff,0xff,0xff,0xff,0xff,0xff,0xff,0xff,0xff,0xff,0xff,0xff,0xff,
    0xff,0xff,0xff,0xff,0xff,0xff,0xff,0xff,0xff,0xff,0xff,0xff,0xff,0xff,0xff,0xff,
    0xff,0xff,0xff,0xff,0xd1,0xec,0xc6,0xff,0x6e,0xc4,0x4c,0xff,0x3c,0xaf,0x0e,0xff,
    0x40,0xb1,0x13,0xff,0x40,0xb1,0x13,0xff,0x40,0xb1,0x13,0xff,0x40,0xb1,0x13,0xff,
    0x40,0xb1,0x13,0xff,0x40,0xb1,0x13,0xff,0x40,0xb1,0x13,0xff,0x40,0xb1,0x13,0xff,
    0x40,0xb1,0x13,0xff,0x40,0xb1,0x13,0xff,0x40,0xb1,0x13,0xff,0x40,0xb1,0x13,0xff,
    0x40,0xb1,0x13,0xff,0x40,0xb1,0x13,0xff,0x40,0xb1,0x13,0xff,0x40,0xb1,0x13,0xff,
    0x40,0xb1,0x13,0xff,0x40,0xb1,0x13,0xff,0x40,0xb1,0x13,0xff,0x40,0xb1,0x13,0xff,
    0x40,0xb1,0x13,0xff,0x43,0xb8,0x14,0xff,0x3f,0xaf,0x13,0x90,0x00,0x00,0x00,0x00,
    0x00,0x00,0x00,0x00,0x00,0x00,0x00,0x00,0x00,0x00,0x00,0x00,0x00,0x00,0x00,0x00,
    0x00,0x00,0x00,0x00,0x00,0x00,0x00,0x00,0x00,0x00,0x00,0x00,0x00,0x00,0x00,0x00,
    0x00,0x00,0x00,0x00,0x00,0x00,0x00,0x00,0x00,0x00,0x00,0x00,0x00,0x00,0x00,0x00,
    0x3c,0xaa,0x12,0x2a,0x3f,0xb0,0x11,0x75,0x44,0xbb,0x14,0xff,0x40,0xb1,0x13,0xff,
    0x40,0xb1,0x13,0xff,0x40,0xb1,0x13,0xff,0x40,0xb1,0x13,0xff,0x40,0xb1,0x13,0xff,
    0x40,0xb1,0x13,0xff,0x40,0xb1,0x13,0xff,0x40,0xb1,0x13,0xff,0x40,0xb1,0x13,0xff,
    0x40,0xb1,0x13,0xff,0x40,0xb1,0x13,0xff,0x40,0xb1,0x13,0xff,0x40,0xb1,0x13,0xff,
    0x40,0xb1,0x13,0xff,0x40,0xb1,0x13,0xff,0x40,0xb1,0x13,0xff,0x40,0xb1,0x13,0xff,
    0x40,0xb1,0x13,0xff,0x40,0xb1,0x13,0xff,0x40,0xb1,0x13,0xff,0x40,0xb1,0x13,0xff,
    0x40,0xb1,0x13,0xff,0x3c,0xaf,0x0d,0xff,0x5a,0xbc,0x34,0xff,0xb3,0xe0,0xa2,0xff,
    0xff,0xff,0xff,0xff,0xff,0xff,0xff,0xff,0xff,0xff,0xff,0xff,0xff,0xff,0xff,0xff,
    0xff,0xff,0xff,0xff,0xff,0xff,0xff,0xff,0xff,0xff,0xff,0xff,0xff,0xff,0xff,0xff,
    0xff,0xff,0xff,0xff,0xff,0xff,0xff,0xff,0xff,0xff,0xff,0xff,0xff,0xff,0xff,0xff,
    0xff,0xff,0xff,0xff,0xff,0xff,0xff,0xff,0xff,0xff,0xff,0xff,0xff,0xff,0xff,0xff,
    0xff,0xff,0xff,0xff,0xff,0xff,0xff,0xff,0xff,0xff,0xff,0xff,0xff,0xff,0xff,0xff,
    0xff,0xff,0xff,0xff,0xff,0xff,0xff,0xff,0xff,0xff,0xff,0xff,0xff,0xff,0xff,0xff,
    0xff,0xff,0xff,0xff,0xff,0xff,0xff,0xff,0xff,0xff,0xff,0xff,0xff,0xff,0xff,0xff,
    0xff,0xff,0xff,0xff,0xff,0xff,0xff,0xff,0xff,0xff,0xff,0xff,0xff,0xff,0xff,0xff,
    0xff,0xff,0xff,0xff,0xff,0xff,0xff,0xff,0xff,0xff,0xff,0xff,0xff,0xff,0xff,0xff,
    0xff,0xff,0xff,0xff,0xff,0xff,0xff,0xff,0xff,0xff,0xff,0xff,0xff,0xff,0xff,0xff,
    0xff,0xff,0xff,0xff,0xff,0xff,0xff,0xff,0xff,0xff,0xff,0xff,0xff,0xff,0xff,0xff,
    0xff,0xff,0xff,0xff,0xd1,0xec,0xc6,0xff,0x6e,0xc4,0x4c,0xff,0x3c,0xaf,0x0e,0xff,
    0x40,0xb1,0x13,0xff,0x40,0xb1,0x13,0xff,0x40,0xb1,0x13,0xff,0x40,0xb1,0x13,0xff,
    0x40,0xb1,0x13,0xff,0x40,0xb1,0x13,0xff,0x40,0xb1,0x13,0xff,0x40,0xb1,0x13,0xff,
    0x40,0xb1,0x13,0xff,0x40,0xb1,0x13,0xff,0x40,0xb1,0x13,0xff,0x40,0xb1,0x13,0xff,
    0x40,0xb1,0x13,0xff,0x40,0xb1,0x13,0xff,0x40,0xb1,0x13,0xff,0x40,0xb1,0x13,0xff,
    0x40,0xb1,0x13,0xff,0x40,0xb1,0x13,0xff,0x40,0xb1,0x13,0xff,0x40,0xb1,0x13,0xff,
    0x40,0xb1,0x13,0xff,0x44,0xbb,0x14,0xff,0x3f,0xb0,0x11,0x75,0x00,0x00,0x00,0x00,
    0x00,0x00,0x00,0x00,0x00,0x00,0x00,0x00,0x00,0x00,0x00,0x00,0x00,0x00,0x00,0x00,
    0x00,0x00,0x00,0x00,0x00,0x00,0x00,0x00,0x00,0x00,0x00,0x00,0x00,0x00,0x00,0x00,
    0x00,0x00,0x00,0x00,0x00,0x00,0x00,0x00,0x00,0x00,0x00,0x00,0x00,0x00,0x00,0x00,
    0x3f,0x7f,0x00,0x04,0x3f,0xb1,0x11,0x59,0x42,0xb8,0x13,0xff,0x40,0xb1,0x13,0xff,
    0x40,0xb1,0x13,0xff,0x40,0xb1,0x13,0xff,0x40,0xb1,0x13,0xff,0x40,0xb1,0x13,0xff,
    0x40,0xb1,0x13,0xff,0x40,0xb1,0x13,0xff,0x40,0xb1,0x13,0xff,0x40,0xb1,0x13,0xff,
    0x40,0xb1,0x13,0xff,0x40,0xb1,0x13,0xff,0x40,0xb1,0x13,0xff,0x40,0xb1,0x13,0xff,
    0x40,0xb1,0x13,0xff,0x40,0xb1,0x13,0xff,0x40,0xb1,0x13,0xff,0x40,0xb1,0x13,0xff,
    0x40,0xb1,0x13,0xff,0x40,0xb1,0x13,0xff,0x40,0xb1,0x13,0xff,0x40,0xb1,0x13,0xff,
    0x40,0xb1,0x13,0xff,0x3c,0xaf,0x0d,0xff,0x5a,0xbc,0x34,0xff,0xb3,0xe0,0xa2,0xff,
    0xff,0xff,0xff,0xff,0xff,0xff,0xff,0xff,0xff,0xff,0xff,0xff,0xff,0xff,0xff,0xff,
    0xff,0xff,0xff,0xff,0xff,0xff,0xff,0xff,0xff,0xff,0xff,0xff,0xff,0xff,0xff,0xff,
    0xff,0xff,0xff,0xff,0xff,0xff,0xff,0xff,0xff,0xff,0xff,0xff,0xff,0xff,0xff,0xff,
    0xff,0xff,0xff,0xff,0xff,0xff,0xff,0xff,0xff,0xff,0xff,0xff,0xff,0xff,0xff,0xff,
    0xff,0xff,0xff,0xff,0xff,0xff,0xff,0xff,0xff,0xff,0xff,0xff,0xff,0xff,0xff,0xff,
    0xff,0xff,0xff,0xff,0xff,0xff,0xff,0xff,0xff,0xff,0xff,0xff,0xff,0xff,0xff,0xff,
    0xff,0xff,0xff,0xff,0xff,0xff,0xff,0xff,0xff,0xff,0xff,0xff,0xff,0xff,0xff,0xff,
    0xff,0xff,0xff,0xff,0xff,0xff,0xff,0xff,0xff,0xff,0xff,0xff,0xff,0xff,0xff,0xff,
    0xff,0xff,0xff,0xff,0xff,0xff,0xff,0xff,0xff,0xff,0xff,0xff,0xff,0xff,0xff,0xff,
    0xff,0xff,0xff,0xff,0xff,0xff,0xff,0xff,0xff,0xff,0xff,0xff,0xff,0xff,0xff,0xff,
    0xff,0xff,0xff,0xff,0xff,0xff,0xff,0xff,0xff,0xff,0xff,0xff,0xff,0xff,0xff,0xff,
    0xff,0xff,0xff,0xff,0xd1,0xec,0xc6,0xff,0x6e,0xc4,0x4c,0xff,0x3c,0xaf,0x0e,0xff,
    0x40,0xb1,0x13,0xff,0x40,0xb1,0x13,0xff,0x40,0xb1,0x13,0xff,0x40,0xb1,0x13,0xff,
    0x40,0xb1,0x13,0xff,0x40,0xb1,0x13,0xff,0x40,0xb1,0x13,0xff,0x40,0xb1,0x13,0xff,
    0x40,0xb1,0x13,0xff,0x40,0xb1,0x13,0xff,0x40,0xb1,0x13,0xff,0x40,0xb1,0x13,0xff,
    0x40,0xb1,0x13,0xff,0x40,0xb1,0x13,0xff,0x40,0xb1,0x13,0xff,0x40,0xb1,0x13,0xff,
    0x40,0xb1,0x13,0xff,0x40,0xb1,0x13,0xff,0x40,0xb1,0x13,0xff,0x40,0xb1,0x13,0xff,
    0x40,0xb1,0x13,0xff,0x42,0xb8,0x13,0xff,0x3f,0xb1,0x11,0x59,0x00,0x00,0x00,0x00,
    0x00,0x00,0x00,0x00,0x00,0x00,0x00,0x00,0x00,0x00,0x00,0x00,0x00,0x00,0x00,0x00,
    0x00,0x00,0x00,0x00,0x00,0x00,0x00,0x00,0x00,0x00,0x00,0x00,0x00,0x00,0x00,0x00,
    0x00,0x00,0x00,0x00,0x00,0x00,0x00,0x00,0x00,0x00,0x00,0x00,0x00,0x00,0x00,0x00,
    0x00,0x00,0x00,0x00,0x3f,0xb3,0x0f,0x40,0x3e,0xb1,0x12,0xef,0x40,0xb1,0x13,0xff,
    0x40,0xb1,0x13,0xff,0x40,0xb1,0x13,0xff,0x40,0xb1,0x13,0xff,0x40,0xb1,0x13,0xff,
    0x40,0xb1,0x13,0xff,0x40,0xb1,0x13,0xff,0x40,0xb1,0x13,0xff,0x40,0xb1,0x13,0xff,
    0x40,0xb1,0x13,0xff,0x40,0xb1,0x13,0xff,0x40,0xb1,0x13,0xff,0x40,0xb1,0x13,0xff,
    0x40,0xb1,0x13,0xff,0x40,0xb1,0x13,0xff,0x40,0xb1,0x13,0xff,0x40,0xb1,0x13,0xff,
    0x40,0xb1,0x13,0xff,0x40,0xb1,0x13,0xff,0x40,0xb1,0x13,0xff,0x40,0xb1,0x13,0xff,
    0x40,0xb1,0x13,0xff,0x3c,0xaf,0x0d,0xff,0x5a,0xbc,0x34,0xff,0xb3,0xe0,0xa2,0xff,
    0xff,0xff,0xff,0xff,0xff,0xff,0xff,0xff,0xff,0xff,0xff,0xff,0xff,0xff,0xff,0xff,
    0xff,0xff,0xff,0xff,0xff,0xff,0xff,0xff,0xff,0xff,0xff,0xff,0xff,0xff,0xff,0xff,
    0xff,0xff,0xff,0xff,0xff,0xff,0xff,0xff,0xff,0xff,0xff,0xff,0xff,0xff,0xff,0xff,
    0xff,0xff,0xff,0xff,0xff,0xff,0xff,0xff,0xff,0xff,0xff,0xff,0xff,0xff,0xff,0xff,
    0xff,0xff,0xff,0xff,0xff,0xff,0xff,0xff,0xff,0xff,0xff,0xff,0xff,0xff,0xff,0xff,
    0xff,0xff,0xff,0xff,0xff,0xff,0xff,0xff,0xff,0xff,0xff,0xff,0xff,0xff,0xff,0xff,
    0xff,0xff,0xff,0xff,0xff,0xff,0xff,0xff,0xff,0xff,0xff,0xff,0xff,0xff,0xff,0xff,
    0xff,0xff,0xff,0xff,0xff,0xff,0xff,0xff,0xff,0xff,0xff,0xff,0xff,0xff,0xff,0xff,
    0xff,0xff,0xff,0xff,0xff,0xff,0xff,0xff,0xff,0xff,0xff,0xff,0xff,0xff,0xff,0xff,
    0xff,0xff,0xff,0xff,0xff,0xff,0xff,0xff,0xff,0xff,0xff,0xff,0xff,0xff,0xff,0xff,
    0xff,0xff,0xff,0xff,0xff,0xff,0xff,0xff,0xff,0xff,0xff,0xff,0xff,0xff,0xff,0xff,
    0xff,0xff,0xff,0xff,0xd1,0xec,0xc6,0xff,0x6e,0xc4,0x4c,0xff,0x3c,0xaf,0x0e,0xff,
    0x40,0xb1,0x13,0xff,0x40,0xb1,0x13,0xff,0x40,0xb1,0x13,0xff,0x40,0xb1,0x13,0xff,
    0x40,0xb1,0x13,0xff,0x40,0xb1,0x13,0xff,0x40,0xb1,0x13,0xff,0x40,0xb1,0x13,0xff,
    0x40,0xb1,0x13,0xff,0x40,0xb1,0x13,0xff,0x40,0xb1,0x13,0xff,0x40,0xb1,0x13,0xff,
    0x40,0xb1,0x13,0xff,0x40,0xb1,0x13,0xff,0x40,0xb1,0x13,0xff,0x40,0xb1,0x13,0xff,
    0x40,0xb1,0x13,0xff,0x40,0xb1,0x13,0xff,0x40,0xb1,0x13,0xff,0x40,0xb1,0x13,0xff,
    0x40,0xb1,0x13,0xff,0x3e,0xb1,0x12,0xef,0x3f,0xb3,0x0f,0x40,0x00,0x00,0x00,0x00,
    0x00,0x00,0x00,0x00,0x00,0x00,0x00,0x00,0x00,0x00,0x00,0x00,0x00,0x00,0x00,0x00,
    0x00,0x00,0x00,0x00,0x00,0x00,0x00,0x00,0x00,0x00,0x00,0x00,0x00,0x00,0x00,0x00,
    0x00,0x00,0x00,0x00,0x00,0x00,0x00,0x00,0x00,0x00,0x00,0x00,0x00,0x00,0x00,0x00,
    0x00,0x00,0x00,0x00,0x3b,0xad,0x10,0x2f,0x3f,0xb0,0x11,0xbd,0x40,0xb2,0x13,0xff,
    0x40,0xb1,0x13,0xff,0x40,0xb1,0x13,0xff,0x40,0xb1,0x13,0xff,0x40,0xb1,0x13,0xff,
    0x40,0xb1,0x13,0xff,0x40,0xb1,0x13,0xff,0x40,0xb1,0x13,0xff,0x40,0xb1,0x13,0xff,
    0x40,0xb1,0x13,0xff,0x40,0xb1,0x13,0xff,0x40,0xb1,0x13,0xff,0x40,0xb1,0x13,0xff,
    0x40,0xb1,0x13,0xff,0x40,0xb1,0x13,0xff,0x40,0xb1,0x13,0xff,0x40,0xb1,0x13,0xff,
    0x40,0xb1,0x13,0xff,0x40,0xb1,0x13,0xff,0x40,0xb1,0x13,0xff,0x40,0xb1,0x13,0xff,
    0x40,0xb1,0x13,0xff,0x3c,0xaf,0x0d,0xff,0x5a,0xbc,0x34,0xff,0xb3,0xe0,0xa2,0xff,
    0xff,0xff,0xff,0xff,0xff,0xff,0xff,0xff,0xff,0xff,0xff,0xff,0xff,0xff,0xff,0xff,
    0xff,0xff,0xff,0xff,0xff,0xff,0xff,0xff,0xff,0xff,0xff,0xff,0xff,0xff,0xfe,0xff,
    0xfc,0xfe,0xfc,0xff,0xfc,0xfe,0xfb,0xff,0xfc,0xfe,0xfb,0xff,0xfc,0xfe,0xfb,0xff,
    0xfc,0xfe,0xfb,0xff,0xfc,0xfe,0xfb,0xff,0xfc,0xfe,0xfb,0xff,0xfc,0xfe,0xfb,0xff,
    0xfc,0xfe,0xfb,0xff,0xfc,0xfe,0xfb,0xff,0xfc,0xfe,0xfb,0xff,0xfc,0xfe,0xfb,0xff,
    0xfc,0xfe,0xfb,0xff,0xfc,0xfe,0xfb,0xff,0xfc,0xfe,0xfb,0xff,0xfc,0xfe,0xfb,0xff,
    0xfc,0xfe,0xfb,0xff,0xfc,0xfe,0xfb,0xff,0xfc,0xfe,0xfb,0xff,0xfc,0xfe,0xfb,0xff,
    0xfc,0xfe,0xfb,0xff,0xfc,0xfe,0xfb,0xff,0xfc,0xfe,0xfb,0xff,0xfc,0xfe,0xfb,0xff,
    0xfc,0xfe,0xfb,0xff,0xfc,0xfe,0xfb,0xff,0xfc,0xfe,0xfb,0xff,0xfc,0xfe,0xfb,0xff,
    0xfc,0xfe,0xfb,0xff,0xfe,0xff,0xfe,0xff,0xff,0xff,0xff,0xff,0xff,0xff,0xff,0xff,
    0xff,0xff,0xff,0xff,0xff,0xff,0xff,0xff,0xff,0xff,0xff,0xff,0xff,0xff,0xff,0xff,
    0xff,0xff,0xff,0xff,0xd1,0xec,0xc6,0xff,0x6e,0xc4,0x4c,0xff,0x3c,0xaf,0x0e,0xff,
    0x40,0xb1,0x13,0xff,0x40,0xb1,0x13,0xff,0x40,0xb1,0x13,0xff,0x40,0xb1,0x13,0xff,
    0x40,0xb1,0x13,0xff,0x40,0xb1,0x13,0xff,0x40,0xb1,0x13,0xff,0x40,0xb1,0x13,0xff,
    0x40,0xb1,0x13,0xff,0x40,0xb1,0x13,0xff,0x40,0xb1,0x13,0xff,0x40,0xb1,0x13,0xff,
    0x40,0xb1,0x13,0xff,0x40,0xb1,0x13,0xff,0x40,0xb1,0x13,0xff,0x40,0xb1,0x13,0xff,
    0x40,0xb1,0x13,0xff,0x40,0xb1,0x13,0xff,0x40,0xb1,0x13,0xff,0x40,0xb1,0x13,0xff,
    0x40,0xb2,0x13,0xff,0x3f,0xb0,0x11,0xbd,0x3b,0xad,0x10,0x2f,0x00,0x00,0x00,0x00,
    0x00,0x00,0x00,0x00,0x00,0x00,0x00,0x00,0x00,0x00,0x00,0x00,0x00,0x00,0x00,0x00,
    0x00,0x00,0x00,0x00,0x00,0x00,0x00,0x00,0x00,0x00,0x00,0x00,0x00,0x00,0x00,0x00,
    0x00,0x00,0x00,0x00,0x00,0x00,0x00,0x00,0x00,0x00,0x00,0x00,0x00,0x00,0x00,0x00,
    0x00,0x00,0x00,0x00,0x3a,0xb0,0x13,0x1a,0x41,0xb0,0x11,0x85,0x41,0xb3,0x13,0xff,
    0x40,0xb2,0x13,0xff,0x40,0xb1,0x13,0xff,0x40,0xb1,0x13,0xff,0x40,0xb1,0x13,0xff,
    0x40,0xb1,0x13,0xff,0x40,0xb1,0x13,0xff,0x40,0xb1,0x13,0xff,0x40,0xb1,0x13,0xff,
    0x40,0xb1,0x13,0xff,0x40,0xb1,0x13,0xff,0x40,0xb1,0x13,0xff,0x40,0xb1,0x13,0xff,
    0x40,0xb1,0x13,0xff,0x40,0xb1,0x13,0xff,0x40,0xb1,0x13,0xff,0x40,0xb1,0x13,0xff,
    0x40,0xb1,0x13,0xff,0x40,0xb1,0x13,0xff,0x40,0xb1,0x13,0xff,0x40,0xb1,0x13,0xff,
    0x40,0xb1,0x13,0xff,0x3c,0xaf,0x0d,0xff,0x5a,0xbc,0x34,0xff,0xb3,0xe0,0xa2,0xff,
    0xff,0xff,0xff,0xff,0xff,0xff,0xff,0xff,0xff,0xff,0xff,0xff,0xff,0xff,0xff,0xff,
    0xff,0xff,0xff,0xff,0xff,0xff,0xff,0xff,0xff,0xff,0xff,0xff,0xf8,0xfc,0xf6,0xff,
    0xd2,0xec,0xc7,0xff,0xca,0xea,0xbe,0xff,0xcb,0xea,0xbf,0xff,0xcb,0xea,0xbf,0xff,
    0xcb,0xea,0xbf,0xff,0xcb,0xea,0xbf,0xff,0xcb,0xea,0xbf,0xff,0xcb,0xea,0xbf,0xff,
    0xcb,0xea,0xbf,0xff,0xcb,0xea,0xbf,0xff,0xcb,0xea,0xbf,0xff,0xcb,0xea,0xbf,0xff,
    0xcb,0xea,0xbf,0xff,0xcb,0xea,0xbf,0xff,0xcb,0xea,0xbf,0xff,0xcb,0xea,0xbf,0xff,
    0xcb,0xea,0xbf,0xff,0xcb,0xea,0xbf,0xff,0xcb,0xea,0xbf,0xff,0xcb,0xea,0xbf,0xff,
    0xcb,0xea,0xbf,0xff,0xcb,0xea,0xbf,0xff,0xcb,0xea,0xbf,0xff,0xcb,0xea,0xbf,0xff,
    0xcb,0xea,0xbf,0xff,0xcb,0xea,0xbf,0xff,0xcb,0xea,0xbf,0xff,0xca,0xea,0xbe,0xff,
    0xcb,0xe9,0xbe,0xff,0xef,0xf8,0xea,0xff,0xff,0xff,0xff,0xff,0xff,0xff,0xff,0xff,
    0xff,0xff,0xff,0xff,0xff,0xff,0xff,0xff,0xff,0xff,0xff,0xff,0xff,0xff,0xff,0xff,
    0xff,0xff,0xff,0xff,0xd1,0xec,0xc6,0xff,0x6e,0xc4,0x4c,0xff,0x3c,0xaf,0x0e,0xff,
    0x40,0xb1,0x13,0xff,0x40,0xb1,0x13,0xff,0x40,0xb1,0x13,0xff,0x40,0xb1,0x13,0xff,
    0x40,0xb1,0x13,0xff,0x40,0xb1,0x13,0xff,0x40,0xb1,0x13,0xff,0x40,0xb1,0x13,0xff,
    0x40,0xb1,0x13,0xff,0x40,0xb1,0x13,0xff,0x40,0xb1,0x13,0xff,0x40,0xb1,0x13,0xff,
    0x40,0xb1,0x13,0xff,0x40,0xb1,0x13,0xff,0x40,0xb1,0x13,0xff,0x40,0xb1,0x13,0xff,
    0x40,0xb1,0x13,0xff,0x40,0xb1,0x13,0xff,0x40,0xb1,0x13,0xff,0x40,0xb2,0x13,0xff,
    0x41,0xb3,0x13,0xff,0x41,0xb0,0x11,0x85,0x3a,0xb0,0x13,0x1a,0x00,0x00,0x00,0x00,
    0x00,0x00,0x00,0x00,0x00,0x00,0x00,0x00,0x00,0x00,0x00,0x00,0x00,0x00,0x00,0x00,
    0x00,0x00,0x00,0x00,0x00,0x00,0x00,0x00,0x00,0x00,0x00,0x00,0x00,0x00,0x00,0x00,
    0x00,0x00,0x00,0x00,0x00,0x00,0x00,0x00,0x00,0x00,0x00,0x00,0x00,0x00,0x00,0x00,
    0x00,0x00,0x00,0x00,0x3f,0x7f,0x00,0x04,0x3d,0xb0,0x14,0x4b,0x41,0xb5,0x12,0xff,
    0x40,0xb2,0x13,0xff,0x40,0xb1,0x13,0xff,0x40,0xb1,0x13,0xff,0x40,0xb1,0x13,0xff,
    0x40,0xb1,0x13,0xff,0x40,0xb1,0x13,0xff,0x40,0xb1,0x13,0xff,0x40,0xb1,0x13,0xff,
    0x40,0xb1,0x13,0xff,0x40,0xb1,0x13,0xff,0x40,0xb1,0x13,0xff,0x40,0xb1,0x13,0xff,
    0x40,0xb1,0x13,0xff,0x40,0xb1,0x13,0xff,0x40,0xb1,0x13,0xff,0x40,0xb1,0x13,0xff,
    0x40,0xb1,0x13,0xff,0x40,0xb1,0x13,0xff,0x40,0xb1,0x13,0xff,0x40,0xb1,0x13,0xff,
    0x40,0xb1,0x13,0xff,0x3c,0xaf,0x0d,0xff,0x5a,0xbc,0x34,0xff,0xb3,0xe0,0xa2,0xff,
    0xff,0xff,0xff,0xff,0xff,0xff,0xff,0xff,0xff,0xff,0xff,0xff,0xff,0xff,0xff,0xff,
    0xff,0xff,0xff,0xff,0xff,0xff,0xff,0xff,0xff,0xff,0xff,0xff,0xe2,0xf3,0xda,0xff,
    0x51,0xb7,0x28,0xff,0x53,0xb9,0x2b,0xff,0x54,0xb9,0x2c,0xff,0x54,0xb9,0x2c,0xff,
    0x54,0xb9,0x2c,0xff,0x54,0xb9,0x2c,0xff,0x54,0xb9,0x2c,0xff,0x54,0xb9,0x2c,0xff,
    0x54,0xb9,0x2c,0xff,0x54,0xb9,0x2c,0xff,0x54,0xb9,0x2c,0xff,0x54,0xb9,0x2c,0xff,
    0x54,0xb9,0x2c,0xff,0x54,0xb9,0x2c,0xff,0x54,0xb9,0x2c,0xff,0x54,0xb9,0x2c,0xff,
    0x54,0xb9,0x2c,0xff,0x54,0xb9,0x2c,0xff,0x54,0xb9,0x2c,0xff,0x54,0xb9,0x2c,0xff,
    0x54,0xb9,0x2c,0xff,0x54,0xb9,0x2c,0xff,0x54,0xb9,0x2c,0xff,0x54,0xb9,0x2c,0xff,
    0x54,0xb9,0x2c,0xff,0x54,0xb9,0x2c,0xff,0x54,0xb9,0x2c,0xff,0x54,0xb9,0x2c,0xff,
    0x4b,0xb6,0x20,0xff,0xbc,0xe3,0xac,0xff,0xff,0xff,0xff,0xff,0xff,0xff,0xff,0xff,
    0xff,0xff,0xff,0xff,0xff,0xff,0xff,0xff,0xff,0xff,0xff,0xff,0xff,0xff,0xff,0xff,
    0xff,0xff,0xff,0xff,0xd1,0xec,0xc6,0xff,0x6e,0xc4,0x4c,0xff,0x3c,0xaf,0x0e,0xff,
    0x40,0xb1,0x13,0xff,0x40,0xb1,0x13,0xff,0x40,0xb1,0x13,0xff,0x40,0xb1,0x13,0xff,
    0x40,0xb1,0x13,0xff,0x40,0xb1,0x13,0xff,0x40,0xb1,0x13,0xff,0x40,0xb1,0x13,0xff,
    0x40,0xb1,0x13,0xff,0x40,0xb1,0x13,0xff,0x40,0xb1,0x13,0xff,0x40,0xb1,0x13,0xff,
    0x40,0xb1,0x13,0xff,0x40,0xb1,0x13,0xff,0x40,0xb1,0x13,0xff,0x40,0xb1,0x13,0xff,
    0x40,0xb1,0x13,0xff,0x40,0xb1,0x13,0xff,0x40,0xb1,0x13,0xff,0x40,0xb2,0x13,0xff,
    0x41,0xb5,0x12,0xff,0x3e,0xb3,0x11,0x4a,0x55,0xaa,0x00,0x03,0x00,0x00,0x00,0x00,
    0x00,0x00,0x00,0x00,0x00,0x00,0x00,0x00,0x00,0x00,0x00,0x00,0x00,0x00,0x00,0x00,
    0x00,0x00,0x00,0x00,0x00,0x00,0x00,0x00,0x00,0x00,0x00,0x00,0x00,0x00,0x00,0x00,
    0x00,0x00,0x00,0x00,0x00,0x00,0x00,0x00,0x00,0x00,0x00,0x00,0x00,0x00,0x00,0x00,
    0x00,0x00,0x00,0x00,0x00,0x00,0x00,0x00,0x3c,0xae,0x14,0x26,0x3f,0xb1,0x12,0xe2,
    0x3f,0xb0,0x13,0xfe,0x40,0xb2,0x13,0xff,0x40,0xb1,0x13,0xff,0x40,0xb1,0x13,0xff,
    0x40,0xb1,0x13,0xff,0x40,0xb1,0x13,0xff,0x40,0xb1,0x13,0xff,0x40,0xb1,0x13,0xff,
    0x40,0xb1,0x13,0xff,0x40,0xb1,0x13,0xff,0x40,0xb1,0x13,0xff,0x40,0xb1,0x13,0xff,
    0x40,0xb1,0x13,0xff,0x40,0xb1,0x13,0xff,0x40,0xb1,0x13,0xff,0x40,0xb1,0x13,0xff,
    0x40,0xb1,0x13,0xff,0x40,0xb1,0x13,0xff,0x40,0xb1,0x13,0xff,0x40,0xb1,0x13,0xff,
    0x40,0xb1,0x13,0xff,0x3c,0xaf,0x0d,0xff,0x5a,0xbc,0x34,0xff,0xb3,0xe0,0xa2,0xff,
    0xff,0xff,0xff,0xff,0xff,0xff,0xff,0xff,0xff,0xff,0xff,0xff,0xff,0xff,0xff,0xff,
    0xff,0xff,0xff,0xff,0xff,0xff,0xff,0xff,0xff,0xff,0xff,0xff,0xde,0xf1,0xd7,0xff,
    0x40,0xb1,0x13,0xff,0x3a,0xaf,0x0c,0xff,0x3b,0xaf,0x0d,0xff,0x3b,0xaf,0x0d,0xff,
    0x3b,0xaf,0x0d,0xff,0x3b,0xaf,0x0d,0xff,0x3b,0xaf,0x0d,0xff,0x3b,0xaf,0x0d,0xff,
    0x3b,0xaf,0x0d,0xff,0x3b,0xaf,0x0d,0xff,0x3b,0xaf,0x0d,0xff,0x3b,0xaf,0x0d,0xff,
    0x3b,0xaf,0x0d,0xff,0x3b,0xaf,0x0d,0xff,0x3b,0xaf,0x0d,0xff,0x3b,0xaf,0x0d,0xff,
    0x3b,0xaf,0x0d,0xff,0x3b,0xaf,0x0d,0xff,0x3b,0xaf,0x0d,0xff,0x3b,0xaf,0x0d,0xff,
    0x3b,0xaf,0x0d,0xff,0x3b,0xaf,0x0d,0xff,0x3b,0xaf,0x0d,0xff,0x3b,0xaf,0x0d,0xff,
    0x3b,0xaf,0x0d,0xff,0x3b,0xaf,0x0d,0xff,0x3b,0xaf,0x0d,0xff,0x3b,0xaf,0x0d,0xff,
    0x2f,0xab,0x00,0xff,0xb0,0xdf,0x9d,0xff,0xfe,0xff,0xfd,0xff,0xff,0xff,0xff,0xff,
    0xff,0xff,0xff,0xff,0xff,0xff,0xff,0xff,0xff,0xff,0xff,0xff,0xff,0xff,0xff,0xff,
    0xff,0xff,0xff,0xff,0xd1,0xec,0xc6,0xff,0x6e,0xc4,0x4c,0xff,0x3c,0xaf,0x0e,0xff,
    0x40,0xb1,0x13,0xff,0x40,0xb1,0x13,0xff,0x40,0xb1,0x13,0xff,0x40,0xb1,0x13,0xff,
    0x40,0xb1,0x13,0xff,0x40,0xb1,0x13,0xff,0x40,0xb1,0x13,0xff,0x40,0xb1,0x13,0xff,
    0x40,0xb1,0x13,0xff,0x40,0xb1,0x13,0xff,0x40,0xb1,0x13,0xff,0x40,0xb1,0x13,0xff,
    0x40,0xb1,0x13,0xff,0x40,0xb1,0x13,0xff,0x40,0xb1,0x13,0xff,0x40,0xb1,0x13,0xff,
    0x40,0xb1,0x13,0xff,0x40,0xb1,0x13,0xff,0x40,0xb2,0x13,0xff,0x3f,0xb0,0x13,0xfe,
    0x3f,0xb1,0x12,0xe2,0x3c,0xae,0x0d,0x26,0x00,0x00,0x00,0x00,0x00,0x00,0x00,0x00,
    0x00,0x00,0x00,0x00,0x00,0x00,0x00,0x00,0x00,0x00,0x00,0x00,0x00,0x00,0x00,0x00,
    0x00,0x00,0x00,0x00,0x00,0x00,0x00,0x00,0x00,0x00,0x00,0x00,0x00,0x00,0x00,0x00,
    0x00,0x00,0x00,0x00,0x00,0x00,0x00,0x00,0x00,0x00,0x00,0x00,0x00,0x00,0x00,0x00,
    0x00,0x00,0x00,0x00,0x00,0x00,0x00,0x00,0x3f,0xb2,0x0c,0x14,0x3f,0xb0,0x11,0xa0,
    0x40,0xb1,0x13,0xf9,0x41,0xb3,0x13,0xff,0x40,0xb1,0x13,0xff,0x40,0xb1,0x13,0xff,
    0x40,0xb1,0x13,0xff,0x40,0xb1,0x13,0xff,0x40,0xb1,0x13,0xff,0x40,0xb1,0x13,0xff,
    0x40,0xb1,0x13,0xff,0x40,0xb1,0x13,0xff,0x40,0xb1,0x13,0xff,0x40,0xb1,0x13,0xff,
    0x40,0xb1,0x13,0xff,0x40,0xb1,0x13,0xff,0x40,0xb1,0x13,0xff,0x40,0xb1,0x13,0xff,
    0x40,0xb1,0x13,0xff,0x40,0xb1,0x13,0xff,0x40,0xb1,0x13,0xff,0x40,0xb1,0x13,0xff,
    0x40,0xb1,0x13,0xff,0x3b,0xaf,0x0d,0xff,0x5b,0xbc,0x35,0xff,0xb4,0xe1,0xa4,0xff,
    0xff,0xff,0xff,0xff,0xff,0xff,0xff,0xff,0xff,0xff,0xff,0xff,0xff,0xff,0xff,0xff,
    0xff,0xff,0xff,0xff,0xff,0xff,0xff,0xff,0xff,0xff,0xff,0xff,0xe2,0xf3,0xdc,0xff,
    0x4f,0xb7,0x26,0xff,0x41,0xb1,0x14,0xff,0x40,0xb1,0x12,0xff,0x40,0xb1,0x13,0xff,
    0x40,0xb1,0x13,0xff,0x40,0xb1,0x13,0xff,0x40,0xb1,0x13,0xff,0x40,0xb1,0x13,0xff,
    0x40,0xb1,0x13,0xff,0x40,0xb1,0x13,0xff,0x40,0xb1,0x13,0xff,0x40,0xb1,0x13,0xff,
    0x40,0xb1,0x13,0xff,0x40,0xb1,0x13,0xff,0x40,0xb1,0x13,0xff,0x40,0xb1,0x13,0xff,
    0x40,0xb1,0x13,0xff,0x40,0xb1,0x13,0xff,0x40,0xb1,0x13,0xff,0x40,0xb1,0x13,0xff,
    0x40,0xb1,0x13,0xff,0x40,0xb1,0x13,0xff,0x40,0xb1,0x13,0xff,0x40,0xb1,0x13,0xff,
    0x40,0xb1,0x13,0xff,0x40,0xb1,0x13,0xff,0x40,0xb1,0x13,0xff,0x40,0xb1,0x13,0xff,
    0x35,0xad,0x06,0xff,0xb2,0xe0,0xa0,0xff,0xfe,0xff,0xfe,0xff,0xff,0xff,0xff,0xff,
    0xff,0xff,0xff,0xff,0xff,0xff,0xff,0xff,0xff,0xff,0xff,0xff,0xff,0xff,0xff,0xff,
    0xff,0xff,0xff,0xff,0xd2,0xed,0xc7,0xff,0x70,0xc5,0x4e,0xff,0x3c,0xaf,0x0e,0xff,
    0x40,0xb1,0x13,0xff,0x40,0xb1,0x13,0xff,0x40,0xb1,0x13,0xff,0x40,0xb1,0x13,0xff,
    0x40,0xb1,0x13,0xff,0x40,0xb1,0x13,0xff,0x40,0xb1,0x13,0xff,0x40,0xb1,0x13,0xff,
    0x40,0xb1,0x13,0xff,0x40,0xb1,0x13,0xff,0x40,0xb1,0x13,0xff,0x40,0xb1,0x13,0xff,
    0x40,0xb1,0x13,0xff,0x40,0xb1,0x13,0xff,0x40,0xb1,0x13,0xff,0x40,0xb1,0x13,0xff,
    0x40,0xb1,0x13,0xff,0x40,0xb1,0x13,0xff,0x41,0xb3,0x13,0xff,0x40,0xb1,0x13,0xf9,
    0x3f,0xaf,0x11,0xa1,0x3c,0xaa,0x0c,0x15,0x00,0x00,0x00,0x00,0x00,0x00,0x00,0x00,
    0x00,0x00,0x00,0x00,0x00,0x00,0x00,0x00,0x00,0x00,0x00,0x00,0x00,0x00,0x00,0x00,
    0x00,0x00,0x00,0x00,0x00,0x00,0x00,0x00,0x00,0x00,0x00,0x00,0x00,0x00,0x00,0x00,
    0x00,0x00,0x00,0x00,0x00,0x00,0x00,0x00,0x00,0x00,0x00,0x00,0x00,0x00,0x00,0x00,
    0x00,0x00,0x00,0x00,0x00,0x00,0x00,0x00,0x5f,0xbf,0x1f,0x08,0x42,0xac,0x0f,0x50,
    0x40,0xb0,0x12,0xf3,0x41,0xb4,0x13,0xff,0x40,0xb1,0x13,0xff,0x40,0xb1,0x13,0xff,
    0x40,0xb1,0x13,0xff,0x40,0xb1,0x13,0xff,0x40,0xb1,0x13,0xff,0x40,0xb1,0x13,0xff,
    0x40,0xb1,0x13,0xff,0x40,0xb1,0x13,0xff,0x40,0xb1,0x13,0xff,0x40,0xb1,0x13,0xff,
    0x40,0xb1,0x13,0xff,0x40,0xb1,0x13,0xff,0x40,0xb1,0x13,0xff,0x40,0xb1,0x13,0xff,
    0x40,0xb1,0x13,0xff,0x40,0xb1,0x13,0xff,0x40,0xb1,0x13,0xff,0x40,0xb1,0x13,0xff,
    0x40,0xb1,0x13,0xff,0x3b,0xaf,0x0d,0xff,0x5d,0xbc,0x37,0xff,0xb6,0xe1,0xa6,0xff,
    0xff,0xff,0xff,0xff,0xff,0xff,0xff,0xff,0xff,0xff,0xff,0xff,0xff,0xff,0xff,0xff,
    0xff,0xff,0xff,0xff,0xff,0xff,0xff,0xff,0xff,0xff,0xff,0xff,0xe5,0xf5,0xdf,0xff,
    0x50,0xb7,0x26,0xff,0x41,0xb1,0x14,0xff,0x40,0xb1,0x12,0xff,0x40,0xb1,0x13,0xff,
    0x40,0xb1,0x13,0xff,0x40,0xb1,0x13,0xff,0x40,0xb1,0x13,0xff,0x40,0xb1,0x13,0xff,
    0x40,0xb1,0x13,0xff,0x40,0xb1,0x13,0xff,0x40,0xb1,0x13,0xff,0x40,0xb1,0x13,0xff,
    0x40,0xb1,0x13,0xff,0x40,0xb1,0x13,0xff,0x40,0xb1,0x13,0xff,0x40,0xb1,0x13,0xff,
    0x40,0xb1,0x13,0xff,0x40,0xb1,0x13,0xff,0x40,0xb1,0x13,0xff,0x40,0xb1,0x13,0xff,
    0x40,0xb1,0x13,0xff,0x40,0xb1,0x13,0xff,0x40,0xb1,0x13,0xff,0x40,0xb1,0x13,0xff,
    0x40,0xb1,0x13,0xff,0x40,0xb1,0x13,0xff,0x40,0xb1,0x13,0xff,0x40,0xb1,0x13,0xff,
    0x35,0xad,0x05,0xff,0xb7,0xe1,0xa6,0xff,0xff,0xff,0xff,0xff,0xff,0xff,0xff,0xff,
    0xff,0xff,0xff,0xff,0xff,0xff,0xff,0xff,0xff,0xff,0xff,0xff,0xff,0xff,0xff,0xff,
    0xff,0xff,0xff,0xff,0xd3,0xed,0xc9,0xff,0x72,0xc5,0x51,0xff,0x3c,0xaf,0x0e,0xff,
    0x40,0xb1,0x13,0xff,0x40,0xb1,0x13,0xff,0x40,0xb1,0x13,0xff,0x40,0xb1,0x13,0xff,
    0x40,0xb1,0x13,0xff,0x40,0xb1,0x13,0xff,0x40,0xb1,0x13,0xff,0x40,0xb1,0x13,0xff,
    0x40,0xb1,0x13,0xff,0x40,0xb1,0x13,0xff,0x40,0xb1,0x13,0xff,0x40,0xb1,0x13,0xff,
    0x40,0xb1,0x13,0xff,0x40,0xb1,0x13,0xff,0x40,0xb1,0x13,0xff,0x40,0xb1,0x13,0xff,
    0x40,0xb1,0x13,0xff,0x40,0xb1,0x13,0xff,0x41,0xb4,0x13,0xff,0x40,0xb0,0x12,0xf3,
    0x42,0xad,0x0f,0x51,0x55,0xaa,0x1c,0x09,0x00,0x00,0x00,0x00,0x00,0x00,0x00,0x00,
    0x00,0x00,0x00,0x00,0x00,0x00,0x00,0x00,0x00,0x00,0x00,0x00,0x00,0x00,0x00,0x00,
    0x00,0x00,0x00,0x00,0x00,0x00,0x00,0x00,0x00,0x00,0x00,0x00,0x00,0x00,0x00,0x00,
    0x00,0x00,0x00,0x00,0x00,0x00,0x00,0x00,0x00,0x00,0x00,0x00,0x00,0x00,0x00,0x00,
    0x00,0x00,0x00,0x00,0x00,0x00,0x00,0x00,0x00,0x00,0x00,0x00,0x48,0xa3,0x00,0x0e,
    0x3f,0xaf,0x12,0xd9,0x40,0xb1,0x13,0xff,0x40,0xb1,0x13,0xff,0x40,0xb1,0x13,0xff,
    0x40,0xb1,0x13,0xff,0x40,0xb1,0x13,0xff,0x40,0xb1,0x13,0xff,0x40,0xb1,0x13,0xff,
    0x40,0xb1,0x13,0xff,0x40,0xb1,0x13,0xff,0x40,0xb1,0x13,0xff,0x40,0xb1,0x13,0xff,
    0x40,0xb1,0x13,0xff,0x40,0xb1,0x13,0xff,0x40,0xb1,0x13,0xff,0x40,0xb1,0x13,0xff,
    0x40,0xb1,0x13,0xff,0x40,0xb1,0x13,0xff,0x40,0xb1,0x13,0xff,0x40,0xb1,0x13,0xff,
    0x40,0xb1,0x13,0xff,0x3c,0xaf,0x0e,0xff,0x57,0xba,0x30,0xff,0xb1,0xdf,0x9f,0xff,
    0xff,0xff,0xff,0xff,0xff,0xff,0xff,0xff,0xff,0xff,0xff,0xff,0xff,0xff,0xff,0xff,
    0xff,0xff,0xff,0xff,0xff,0xff,0xff,0xff,0xff,0xff,0xff,0xff,0xe1,0xf3,0xd9,0xff,
    0x47,0xb3,0x1b,0xff,0x40,0xb1,0x13,0xff,0x40,0xb1,0x13,0xff,0x40,0xb1,0x13,0xff,
    0x40,0xb1,0x13,0xff,0x40,0xb1,0x13,0xff,0x40,0xb1,0x13,0xff,0x40,0xb1,0x13,0xff,
    0x40,0xb1,0x13,0xff,0x40,0xb1,0x13,0xff,0x40,0xb1,0x13,0xff,0x40,0xb1,0x13,0xff,
    0x40,0xb1,0x13,0xff,0x40,0xb1,0x13,0xff,0x40,0xb1,0x13,0xff,0x40,0xb1,0x13,0xff,
    0x40,0xb1,0x13,0xff,0x40,0xb1,0x13,0xff,0x40,0xb1,0x13,0xff,0x40,0xb1,0x13,0xff,
    0x40,0xb1,0x13,0xff,0x40,0xb1,0x13,0xff,0x40,0xb1,0x13,0xff,0x40,0xb1,0x13,0xff,
    0x40,0xb1,0x13,0xff,0x40,0xb1,0x13,0xff,0x40,0xb1,0x13,0xff,0x40,0xb1,0x13,0xff,
    0x34,0xac,0x05,0xff,0xbb,0xe3,0xaa,0xff,0xff,0xff,0xff,0xff,0xff,0xff,0xff,0xff,
    0xff,0xff,0xff,0xff,0xff,0xff,0xff,0xff,0xff,0xff,0xff,0xff,0xff,0xff,0xff,0xff,
    0xff,0xff,0xff,0xff,0xcf,0xeb,0xc5,0xff,0x69,0xc2,0x47,0xff,0x3c,0xaf,0x0e,0xff,
    0x40,0xb1,0x13,0xff,0x40,0xb1,0x13,0xff,0x40,0xb1,0x13,0xff,0x40,0xb1,0x13,0xff,
    0x40,0xb1,0x13,0xff,0x40,0xb1,0x13,0xff,0x40,0xb1,0x13,0xff,0x40,0xb1,0x13,0xff,
    0x40,0xb1,0x13,0xff,0x40,0xb1,0x13,0xff,0x40,0xb1,0x13,0xff,0x40,0xb1,0x13,0xff,
    0x40,0xb1,0x13,0xff,0x40,0xb1,0x13,0xff,0x40,0xb1,0x13,0xff,0x40,0xb1,0x13,0xff,
    0x40,0xb1,0x13,0xff,0x40,0xb1,0x13,0xff,0x40,0xb1,0x13,0xff,0x3f,0xaf,0x12,0xd9,
    0x48,0xa3,0x00,0x0e,0x00,0x00,0x00,0x00,0x00,0x00,0x00,0x00,0x00,0x00,0x00,0x00,
    0x00,0x00,0x00,0x00,0x00,0x00,0x00,0x00,0x00,0x00,0x00,0x00,0x00,0x00,0x00,0x00,
    0x00,0x00,0x00,0x00,0x00,0x00,0x00,0x00,0x00,0x00,0x00,0x00,0x00,0x00,0x00,0x00,
    0x00,0x00,0x00,0x00,0x00,0x00,0x00,0x00,0x00,0x00,0x00,0x00,0x00,0x00,0x00,0x00,
    0x00,0x00,0x00,0x00,0x00,0x00,0x00,0x00,0x00,0x00,0x00,0x00,0x3f,0xbf,0x00,0x04,
    0x3f,0xb0,0x12,0x8c,0x40,0xb0,0x13,0xef,0x41,0xb4,0x13,0xff,0x40,0xb1,0x13,0xff,
    0x40,0xb1,0x13,0xff,0x40,0xb1,0x13,0xff,0x40,0xb1,0x13,0xff,0x40,0xb1,0x13,0xff,
    0x40,0xb1,0x13,0xff,0x40,0xb1,0x13,0xff,0x40,0xb1,0x13,0xff,0x40,0xb1,0x13,0xff,
    0x40,0xb1,0x13,0xff,0x40,0xb1,0x13,0xff,0x40,0xb1,0x13,0xff,0x40,0xb1,0x13,0xff,
    0x40,0xb1,0x13,0xff,0x40,0xb1,0x13,0xff,0x40,0xb1,0x13,0xff,0x40,0xb1,0x13,0xff,
    0x40,0xb1,0x13,0xff,0x3e,0xb0,0x11,0xff,0x40,0xb1,0x14,0xff,0x96,0xd4,0x7e,0xff,
    0xff,0xff,0xff,0xff,0xff,0xff,0xfe,0xff,0xff,0xff,0xff,0xff,0xff,0xff,0xff,0xff,
    0xff,0xff,0xff,0xff,0xff,0xff,0xff,0xff,0xfa,0xfc,0xf9,0xff,0xc1,0xe6,0xb4,0xff,
    0x3d,0xb0,0x0f,0xff,0x3f,0xb1,0x12,0xff,0x40,0xb1,0x13,0xff,0x40,0xb1,0x13,0xff,
    0x40,0xb1,0x13,0xff,0x40,0xb1,0x13,0xff,0x40,0xb1,0x13,0xff,0x40,0xb1,0x13,0xff,
    0x40,0xb1,0x13,0xff,0x40,0xb1,0x13,0xff,0x40,0xb1,0x13,0xff,0x40,0xb1,0x13,0xff,
    0x40,0xb1,0x13,0xff,0x40,0xb1,0x13,0xff,0x40,0xb1,0x13,0xff,0x40,0xb1,0x13,0xff,
    0x40,0xb1,0x13,0xff,0x40,0xb1,0x13,0xff,0x40,0xb1,0x13,0xff,0x40,0xb1,0x13,0xff,
    0x40,0xb1,0x13,0xff,0x40,0xb1,0x13,0xff,0x40,0xb1,0x13,0xff,0x40,0xb1,0x13,0xff,
    0x40,0xb1,0x13,0xff,0x40,0xb1,0x13,0xff,0x40,0xb1,0x13,0xff,0x40,0xb1,0x13,0xff,
    0x36,0xad,0x07,0xff,0xa5,0xda,0x90,0xff,0xf3,0xfa,0xf1,0xff,0xff,0xff,0xff,0xff,
    0xff,0xff,0xff,0xff,0xff,0xff,0xff,0xff,0xff,0xff,0xff,0xff,0xff,0xff,0xff,0xff,
    0xff,0xff,0xff,0xff,0xb9,0xe3,0xaa,0xff,0x49,0xb5,0x1e,0xff,0x3e,0xb0,0x11,0xff,
    0x40,0xb1,0x13,0xff,0x40,0xb1,0x13,0xff,0x40,0xb1,0x13,0xff,0x40,0xb1,0x13,0xff,
    0x40,0xb1,0x13,0xff,0x40,0xb1,0x13,0xff,0x40,0xb1,0x13,0xff,0x40,0xb1,0x13,0xff,
    0x40,0xb1,0x13,0xff,0x40,0xb1,0x13,0xff,0x40,0xb1,0x13,0xff,0x40,0xb1,0x13,0xff,
    0x40,0xb1,0x13,0xff,0x40,0xb1,0x13,0xff,0x40,0xb1,0x13,0xff,0x40,0xb1,0x13,0xff,
    0x40,0xb1,0x13,0xff,0x41,0xb4,0x13,0xff,0x40,0xb0,0x13,0xef,0x3f,0xb0,0x12,0x8c,
    0x3f,0xbf,0x00,0x04,0x00,0x00,0x00,0x00,0x00,0x00,0x00,0x00,0x00,0x00,0x00,0x00,
    0x00,0x00,0x00,0x00,0x00,0x00,0x00,0x00,0x00,0x00,0x00,0x00,0x00,0x00,0x00,0x00,
    0x00,0x00,0x00,0x00,0x00,0x00,0x00,0x00,0x00,0x00,0x00,0x00,0x00,0x00,0x00,0x00,
    0x00,0x00,0x00,0x00,0x00,0x00,0x00,0x00,0x00,0x00,0x00,0x00,0x00,0x00,0x00,0x00,
    0x00,0x00,0x00,0x00,0x00,0x00,0x00,0x00,0x00,0x00,0x00,0x00,0x00,0xff,0x00,0x01,
    0x3e,0xaa,0x11,0x2d,0x3f,0xb0,0x11,0xda,0x42,0xb9,0x13,0xff,0x40,0xb1,0x13,0xff,
    0x40,0xb1,0x13,0xff,0x40,0xb1,0x13,0xff,0x40,0xb1,0x13,0xff,0x40,0xb1,0x13,0xff,
    0x40,0xb1,0x13,0xff,0x40,0xb1,0x13,0xff,0x40,0xb1,0x13,0xff,0x40,0xb1,0x13,0xff,
    0x40,0xb1,0x13,0xff,0x40,0xb1,0x13,0xff,0x40,0xb1,0x13,0xff,0x40,0xb1,0x13,0xff,
    0x40,0xb1,0x13,0xff,0x40,0xb1,0x13,0xff,0x40,0xb1,0x13,0xff,0x40,0xb1,0x13,0xff,
    0x40,0xb1,0x13,0xff,0x40,0xb1,0x13,0xff,0x3b,0xaf,0x0d,0xff,0x5d,0xbd,0x38,0xff,
    0xad,0xdd,0x9a,0xff,0xf1,0xfa,0xee,0xff,0xfb,0xfe,0xfa,0xff,0xfb,0xfe,0xfa,0xff,
    0xfc,0xfe,0xfb,0xff,0xf4,0xfb,0xf1,0xff,0xbd,0xe4,0xae,0xff,0x61,0xbf,0x3b,0xff,
    0x3f,0xb1,0x12,0xff,0x40,0xb1,0x13,0xff,0x40,0xb1,0x13,0xff,0x40,0xb1,0x13,0xff,
    0x40,0xb1,0x13,0xff,0x40,0xb1,0x13,0xff,0x40,0xb1,0x13,0xff,0x40,0xb1,0x13,0xff,
    0x40,0xb1,0x13,0xff,0x40,0xb1,0x13,0xff,0x40,0xb1,0x13,0xff,0x40,0xb1,0x13,0xff,
    0x40,0xb1,0x13,0xff,0x40,0xb1,0x13,0xff,0x40,0xb1,0x13,0xff,0x40,0xb1,0x13,0xff,
    0x40,0xb1,0x13,0xff,0x40,0xb1,0x13,0xff,0x40,0xb1,0x13,0xff,0x40,0xb1,0x13,0xff,
    0x40,0xb1,0x13,0xff,0x40,0xb1,0x13,0xff,0x40,0xb1,0x13,0xff,0x40,0xb1,0x13,0xff,
    0x40,0xb1,0x13,0xff,0x40,0xb1,0x13,0xff,0x40,0xb1,0x13,0xff,0x40,0xb1,0x13,0xff,
    0x3d,0xb0,0x10,0xff,0x53,0xb9,0x2b,0xff,0xa3,0xd9,0x8e,0xff,0xee,0xf8,0xe9,0xff,
    0xfb,0xfe,0xfa,0xff,0xfb,0xfe,0xfa,0xff,0xfc,0xfe,0xfb,0xff,0xf7,0xfc,0xf5,0xff,
    0xc3,0xe7,0xb5,0xff,0x72,0xc5,0x50,0xff,0x3b,0xaf,0x0d,0xff,0x40,0xb1,0x13,0xff,
    0x40,0xb1,0x13,0xff,0x40,0xb1,0x13,0xff,0x40,0xb1,0x13,0xff,0x40,0xb1,0x13,0xff,
    0x40,0xb1,0x13,0xff,0x40,0xb1,0x13,0xff,0x40,0xb1,0x13,0xff,0x40,0xb1,0x13,0xff,
    0x40,0xb1,0x13,0xff,0x40,0xb1,0x13,0xff,0x40,0xb1,0x13,0xff,0x40,0xb1,0x13,0xff,
    0x40,0xb1,0x13,0xff,0x40,0xb1,0x13,0xff,0x40,0xb1,0x13,0xff,0x40,0xb1,0x13,0xff,
    0x40,0xb1,0x13,0xff,0x42,0xb9,0x13,0xff,0x3f,0xb0,0x11,0xda,0x3c,0xab,0x10,0x2e,
    0x00,0xff,0x00,0x01,0x00,0x00,0x00,0x00,0x00,0x00,0x00,0x00,0x00,0x00,0x00,0x00,
    0x00,0x00,0x00,0x00,0x00,0x00,0x00,0x00,0x00,0x00,0x00,0x00,0x00,0x00,0x00,0x00,
    0x00,0x00,0x00,0x00,0x00,0x00,0x00,0x00,0x00,0x00,0x00,0x00,0x00,0x00,0x00,0x00,
    0x00,0x00,0x00,0x00,0x00,0x00,0x00,0x00,0x00,0x00,0x00,0x00,0x00,0x00,0x00,0x00,
    0x00,0x00,0x00,0x00,0x00,0x00,0x00,0x00,0x00,0x00,0x00,0x00,0x00,0x00,0x00,0x00,
    0x00,0x00,0x00,0x00,0x40,0xb1,0x13,0xa1,0x40,0xb0,0x12,0xf5,0x41,0xb4,0x13,0xff,
    0x40,0xb1,0x13,0xff,0x40,0xb1,0x13,0xff,0x40,0xb1,0x13,0xff,0x40,0xb1,0x13,0xff,
    0x40,0xb1,0x13,0xff,0x40,0xb1,0x13,0xff,0x40,0xb1,0x13,0xff,0x40,0xb1,0x13,0xff,
    0x40,0xb1,0x13,0xff,0x40,0xb1,0x13,0xff,0x40,0xb1,0x13,0xff,0x40,0xb1,0x13,0xff,
    0x40,0xb1,0x13,0xff,0x40,0xb1,0x13,0xff,0x40,0xb1,0x13,0xff,0x40,0xb1,0x13,0xff,
    0x40,0xb1,0x13,0xff,0x40,0xb1,0x13,0xff,0x3f,0xb1,0x12,0xff,0x43,0xb2,0x17,0xff,
    0x51,0xb8,0x28,0xff,0x62,0xbf,0x3d,0xff,0x64,0xc0,0x3f,0xff,0x64,0xc0,0x3f,0xff,
    0x64,0xc0,0x40,0xff,0x62,0xbf,0x3d,0xff,0x56,0xba,0x2e,0xff,0x42,0xb2,0x16,0xff,
    0x40,0xb1,0x13,0xff,0x40,0xb1,0x13,0xff,0x40,0xb1,0x13,0xff,0x40,0xb1,0x13,0xff,
    0x40,0xb1,0x13,0xff,0x40,0xb1,0x13,0xff,0x40,0xb1,0x13,0xff,0x40,0xb1,0x13,0xff,
    0x40,0xb1,0x13,0xff,0x40,0xb1,0x13,0xff,0x40,0xb1,0x13,0xff,0x40,0xb1,0x13,0xff,
    0x40,0xb1,0x13,0xff,0x40,0xb1,0x13,0xff,0x40,0xb1,0x13,0xff,0x40,0xb1,0x13,0xff,
    0x40,0xb1,0x13,0xff,0x40,0xb1,0x13,0xff,0x40,0xb1,0x13,0xff,0x40,0xb1,0x13,0xff,
    0x40,0xb1,0x13,0xff,0x40,0xb1,0x13,0xff,0x40,0xb1,0x13,0xff,0x40,0xb1,0x13,0xff,
    0x40,0xb1,0x13,0xff,0x40,0xb1,0x13,0xff,0x40,0xb1,0x13,0xff,0x40,0xb1,0x13,0xff,
    0x40,0xb1,0x13,0xff,0x40,0xb1,0x13,0xff,0x50,0xb7,0x27,0xff,0x61,0xbe,0x3b,0xff,
    0x64,0xc0,0x3f,0xff,0x64,0xc0,0x3f,0xff,0x64,0xc0,0x40,0xff,0x63,0xbf,0x3e,0xff,
    0x56,0xba,0x2f,0xff,0x47,0xb4,0x1b,0xff,0x3e,0xb0,0x11,0xff,0x40,0xb1,0x13,0xff,
    0x40,0xb1,0x13,0xff,0x40,0xb1,0x13,0xff,0x40,0xb1,0x13,0xff,0x40,0xb1,0x13,0xff,
    0x40,0xb1,0x13,0xff,0x40,0xb1,0x13,0xff,0x40,0xb1,0x13,0xff,0x40,0xb1,0x13,0xff,
    0x40,0xb1,0x13,0xff,0x40,0xb1,0x13,0xff,0x40,0xb1,0x13,0xff,0x40,0xb1,0x13,0xff,
    0x40,0xb1,0x13,0xff,0x40,0xb1,0x13,0xff,0x40,0xb1,0x13,0xff,0x40,0xb1,0x13,0xff,
    0x41,0xb4,0x13,0xff,0x40,0xb0,0x12,0xf5,0x40,0xb1,0x13,0xa1,0x00,0x00,0x00,0x00,
    0x00,0x00,0x00,0x00,0x00,0x00,0x00,0x00,0x00,0x00,0x00,0x00,0x00,0x00,0x00,0x00,
    0x00,0x00,0x00,0x00,0x00,0x00,0x00,0x00,0x00,0x00,0x00,0x00,0x00,0x00,0x00,0x00,
    0x00,0x00,0x00,0x00,0x00,0x00,0x00,0x00,0x00,0x00,0x00,0x00,0x00,0x00,0x00,0x00,
    0x00,0x00,0x00,0x00,0x00,0x00,0x00,0x00,0x00,0x00,0x00,0x00,0x00,0x00,0x00,0x00,
    0x00,0x00,0x00,0x00,0x00,0x00,0x00,0x00,0x00,0x00,0x00,0x00,0x00,0x00,0x00,0x00,
    0x00,0x00,0x00,0x00,0x3f,0xb0,0x0f,0x44,0x3f,0xb0,0x11,0xcc,0x43,0xbb,0x13,0xff,
    0x40,0xb1,0x13,0xfe,0x40,0xb1,0x13,0xff,0x40,0xb1,0x13,0xff,0x40,0xb1,0x13,0xff,
    0x40,0xb1,0x13,0xff,0x40,0xb1,0x13,0xff,0x40,0xb1,0x13,0xff,0x40,0xb1,0x13,0xff,
    0x40,0xb1,0x13,0xff,0x40,0xb1,0x13,0xff,0x40,0xb1,0x13,0xff,0x40,0xb1,0x13,0xff,
    0x40,0xb1,0x13,0xff,0x40,0xb1,0x13,0xff,0x40,0xb1,0x13,0xff,0x40,0xb1,0x13,0xff,
    0x40,0xb1,0x13,0xff,0x40,0xb1,0x13,0xff,0x40,0xb1,0x13,0xff,0x3f,0xb1,0x12,0xff,
    0x3b,0xaf,0x0d,0xff,0x38,0xae,0x09,0xff,0x37,0xad,0x08,0xff,0x37,0xad,0x08,0xff,
    0x37,0xad,0x08,0xff,0x38,0xae,0x09,0xff,0x3a,0xaf,0x0c,0xff,0x3f,0xb1,0x12,0xff,
    0x40,0xb1,0x13,0xff,0x40,0xb1,0x13,0xff,0x40,0xb1,0x13,0xff,0x40,0xb1,0x13,0xff,
    0x40,0xb1,0x13,0xff,0x40,0xb1,0x13,0xff,0x40,0xb1,0x13,0xff,0x40,0xb1,0x13,0xff,
    0x40,0xb1,0x13,0xff,0x40,0xb1,0x13,0xff,0x40,0xb1,0x13,0xff,0x40,0xb1,0x13,0xff,
    0x40,0xb1,0x13,0xff,0x40,0xb1,0x13,0xff,0x40,0xb1,0x13,0xff,0x40,0xb1,0x13,0xff,
    0x40,0xb1,0x13,0xff,0x40,0xb1,0x13,0xff,0x40,0xb1,0x13,0xff,0x40,0xb1,0x13,0xff,
    0x40,0xb1,0x13,0xff,0x40,0xb1,0x13,0xff,0x40,0xb1,0x13,0xff,0x40,0xb1,0x13,0xff,
    0x40,0xb1,0x13,0xff,0x40,0xb1,0x13,0xff,0x40,0xb1,0x13,0xff,0x40,0xb1,0x13,0xff,
    0x40,0xb1,0x13,0xff,0x3f,0xb1,0x12,0xff,0x3c,0xaf,0x0e,0xff,0x38,0xae,0x09,0xff,
    0x37,0xad,0x08,0xff,0x37,0xad,0x08,0xff,0x37,0xad,0x08,0xff,0x38,0xae,0x09,0xff,
    0x3a,0xaf,0x0c,0xff,0x3e,0xb0,0x10,0xff,0x40,0xb1,0x13,0xff,0x40,0xb1,0x13,0xff,
    0x40,0xb1,0x13,0xff,0x40,0xb1,0x13,0xff,0x40,0xb1,0x13,0xff,0x40,0xb1,0x13,0xff,
    0x40,0xb1,0x13,0xff,0x40,0xb1,0x13,0xff,0x40,0xb1,0x13,0xff,0x40,0xb1,0x13,0xff,
    0x40,0xb1,0x13,0xff,0x40,0xb1,0x13,0xff,0x40,0xb1,0x13,0xff,0x40,0xb1,0x13,0xff,
    0x40,0xb1,0x13,0xff,0x40,0xb1,0x13,0xff,0x40,0xb1,0x13,0xff,0x40,0xb1,0x13,0xfe,
    0x43,0xbb,0x13,0xff,0x3f,0xb0,0x11,0xcd,0x3f,0xb0,0x0f,0x44,0x00,0x00,0x00,0x00,
    0x00,0x00,0x00,0x00,0x00,0x00,0x00,0x00,0x00,0x00,0x00,0x00,0x00,0x00,0x00,0x00,
    0x00,0x00,0x00,0x00,0x00,0x00,0x00,0x00,0x00,0x00,0x00,0x00,0x00,0x00,0x00,0x00,
    0x00,0x00,0x00,0x00,0x00,0x00,0x00,0x00,0x00,0x00,0x00,0x00,0x00,0x00,0x00,0x00,
    0x00,0x00,0x00,0x00,0x00,0x00,0x00,0x00,0x00,0x00,0x00,0x00,0x00,0x00,0x00,0x00,
    0x00,0x00,0x00,0x00,0x00,0x00,0x00,0x00,0x00,0x00,0x00,0x00,0x00,0x00,0x00,0x00,
    0x00,0x00,0x00,0x00,0x00,0x7f,0x00,0x02,0x3d,0xaf,0x11,0x90,0x40,0xb0,0x12,0xfb,
    0x41,0xb3,0x13,0xff,0x40,0xb1,0x13,0xff,0x40,0xb1,0x13,0xff,0x40,0xb1,0x13,0xff,
    0x40,0xb1,0x13,0xff,0x40,0xb1,0x13,0xff,0x40,0xb1,0x13,0xff,0x40,0xb1,0x13,0xff,
    0x40,0xb1,0x13,0xff,0x40,0xb1,0x13,0xff,0x40,0xb1,0x13,0xff,0x40,0xb1,0x13,0xff,
    0x40,0xb1,0x13,0xff,0x40,0xb1,0x13,0xff,0x40,0xb1,0x13,0xff,0x40,0xb1,0x13,0xff,
    0x40,0xb1,0x13,0xff,0x40,0xb1,0x13,0xff,0x40,0xb1,0x13,0xff,0x40,0xb1,0x13,0xff,
    0x40,0xb1,0x13,0xff,0x40,0xb1,0x13,0xff,0x40,0xb1,0x13,0xff,0x40,0xb1,0x13,0xff,
    0x40,0xb1,0x13,0xff,0x40,0xb1,0x13,0xff,0x40,0xb1,0x13,0xff,0x40,0xb1,0x13,0xff,
    0x40,0xb1,0x13,0xff,0x40,0xb1,0x13,0xff,0x40,0xb1,0x13,0xff,0x40,0xb1,0x13,0xff,
    0x40,0xb1,0x13,0xff,0x40,0xb1,0x13,0xff,0x40,0xb1,0x13,0xff,0x40,0xb1,0x13,0xff,
    0x40,0xb1,0x13,0xff,0x40,0xb1,0x13,0xff,0x40,0xb1,0x13,0xff,0x40,0xb1,0x13,0xff,
    0x40,0xb1,0x13,0xff,0x40,0xb1,0x13,0xff,0x40,0xb1,0x13,0xff,0x40,0xb1,0x13,0xff,
    0x40,0xb1,0x13,0xff,0x40,0xb1,0x13,0xff,0x40,0xb1,0x13,0xff,0x40,0xb1,0x13,0xff,
    0x40,0xb1,0x13,0xff,0x40,0xb1,0x13,0xff,0x40,0xb1,0x13,0xff,0x40,0xb1,0x13,0xff,
    0x40,0xb1,0x13,0xff,0x40,0xb1,0x13,0xff,0x40,0xb1,0x13,0xff,0x40,0xb1,0x13,0xff,
    0x40,0xb1,0x13,0xff,0x40,0xb1,0x13,0xff,0x40,0xb1,0x13,0xff,0x40,0xb1,0x13,0xff,
    0x40,0xb1,0x13,0xff,0x40,0xb1,0x13,0xff,0x40,0xb1,0x13,0xff,0x40,0xb1,0x13,0xff,
    0x40,0xb1,0x13,0xff,0x40,0xb1,0x13,0xff,0x40,0xb1,0x13,0xff,0x40,0xb1,0x13,0xff,
    0x40,0xb1,0x13,0xff,0x40,0xb1,0x13,0xff,0x40,0xb1,0x13,0xff,0x40,0xb1,0x13,0xff,
    0x40,0xb1,0x13,0xff,0x40,0xb1,0x13,0xff,0x40,0xb1,0x13,0xff,0x40,0xb1,0x13,0xff,
    0x40,0xb1,0x13,0xff,0x40,0xb1,0x13,0xff,0x40,0xb1,0x13,0xff,0x40,0xb1,0x13,0xff,
    0x40,0xb1,0x13,0xff,0x40,0xb1,0x13,0xff,0x40,0xb1,0x13,0xff,0x41,0xb3,0x13,0xff,
    0x40,0xb0,0x12,0xfb,0x3f,0xaf,0x11,0x91,0x00,0x7f,0x00,0x02,0x00,0x00,0x00,0x00,
    0x00,0x00,0x00,0x00,0x00,0x00,0x00,0x00,0x00,0x00,0x00,0x00,0x00,0x00,0x00,0x00,
    0x00,0x00,0x00,0x00,0x00,0x00,0x00,0x00,0x00,0x00,0x00,0x00,0x00,0x00,0x00,0x00,
    0x00,0x00,0x00,0x00,0x00,0x00,0x00,0x00,0x00,0x00,0x00,0x00,0x00,0x00,0x00,0x00,
    0x00,0x00,0x00,0x00,0x00,0x00,0x00,0x00,0x00,0x00,0x00,0x00,0x00,0x00,0x00,0x00,
    0x00,0x00,0x00,0x00,0x00,0x00,0x00,0x00,0x00,0x00,0x00,0x00,0x00,0x00,0x00,0x00,
    0x00,0x00,0x00,0x00,0x00,0x00,0x00,0x00,0x3d,0xad,0x13,0x42,0x3f,0xb0,0x12,0xbc,
    0x42,0xb8,0x14,0xff,0x40,0xb1,0x13,0xff,0x40,0xb1,0x13,0xff,0x40,0xb1,0x13,0xff,
    0x40,0xb1,0x13,0xff,0x40,0xb1,0x13,0xff,0x40,0xb1,0x13,0xff,0x40,0xb1,0x13,0xff,
    0x40,0xb1,0x13,0xff,0x40,0xb1,0x13,0xff,0x40,0xb1,0x13,0xff,0x40,0xb1,0x13,0xff,
    0x40,0xb1,0x13,0xff,0x40,0xb1,0x13,0xff,0x40,0xb1,0x13,0xff,0x40,0xb1,0x13,0xff,
    0x40,0xb1,0x13,0xff,0x40,0xb1,0x13,0xff,0x40,0xb1,0x13,0xff,0x40,0xb1,0x13,0xff,
    0x40,0xb1,0x13,0xff,0x40,0xb1,0x13,0xff,0x40,0xb1,0x13,0xff,0x40,0xb1,0x13,0xff,
    0x40,0xb1,0x13,0xff,0x40,0xb1,0x13,0xff,0x40,0xb1,0x13,0xff,0x40,0xb1,0x13,0xff,
    0x40,0xb1,0x13,0xff,0x40,0xb1,0x13,0xff,0x40,0xb1,0x13,0xff,0x40,0xb1,0x13,0xff,
    0x40,0xb1,0x13,0xff,0x40,0xb1,0x13,0xff,0x40,0xb1,0x13,0xff,0x40,0xb1,0x13,0xff,
    0x40,0xb1,0x13,0xff,0x40,0xb1,0x13,0xff,0x40,0xb1,0x13,0xff,0x40,0xb1,0x13,0xff,
    0x40,0xb1,0x13,0xff,0x40,0xb1,0x13,0xff,0x40,0xb1,0x13,0xff,0x40,0xb1,0x13,0xff,
    0x40,0xb1,0x13,0xff,0x40,0xb1,0x13,0xff,0x40,0xb1,0x13,0xff,0x40,0xb1,0x13,0xff,
    0x40,0xb1,0x13,0xff,0x40,0xb1,0x13,0xff,0x40,0xb1,0x13,0xff,0x40,0xb1,0x13,0xff,
    0x40,0xb1,0x13,0xff,0x40,0xb1,0x13,0xff,0x40,0xb1,0x13,0xff,0x40,0xb1,0x13,0xff,
    0x40,0xb1,0x13,0xff,0x40,0xb1,0x13,0xff,0x40,0xb1,0x13,0xff,0x40,0xb1,0x13,0xff,
    0x40,0xb1,0x13,0xff,0x40,0xb1,0x13,0xff,0x40,0xb1,0x13,0xff,0x40,0xb1,0x13,0xff,
    0x40,0xb1,0x13,0xff,0x40,0xb1,0x13,0xff,0x40,0xb1,0x13,0xff,0x40,0xb1,0x13,0xff,
    0x40,0xb1,0x13,0xff,0x40,0xb1,0x13,0xff,0x40,0xb1,0x13,0xff,0x40,0xb1,0x13,0xff,
    0x40,0xb1,0x13,0xff,0x40,0xb1,0x13,0xff,0x40,0xb1,0x13,0xff,0x40,0xb1,0x13,0xff,
    0x40,0xb1,0x13,0xff,0x40,0xb1,0x13,0xff,0x40,0xb1,0x13,0xff,0x40,0xb1,0x13,0xff,
    0x40,0xb1,0x13,0xff,0x40,0xb1,0x13,0xff,0x40,0xb1,0x13,0xff,0x42,0xb8,0x14,0xff,
    0x40,0xaf,0x12,0xbd,0x41,0xad,0x13,0x42,0x00,0x00,0x00,0x00,0x00,0x00,0x00,0x00,
    0x00,0x00,0x00,0x00,0x00,0x00,0x00,0x00,0x00,0x00,0x00,0x00,0x00,0x00,0x00,0x00,
    0x00,0x00,0x00,0x00,0x00,0x00,0x00,0x00,0x00,0x00,0x00,0x00,0x00,0x00,0x00,0x00,
    0x00,0x00,0x00,0x00,0x00,0x00,0x00,0x00,0x00,0x00,0x00,0x00,0x00,0x00,0x00,0x00,
    0x00,0x00,0x00,0x00,0x00,0x00,0x00,0x00,0x00,0x00,0x00,0x00,0x00,0x00,0x00,0x00,
    0x00,0x00,0x00,0x00,0x00,0x00,0x00,0x00,0x00,0x00,0x00,0x00,0x00,0x00,0x00,0x00,
    0x00,0x00,0x00,0x00,0x00,0x00,0x00,0x00,0x00,0x00,0x00,0x00,0x3f,0xae,0x11,0x68,
    0x3f,0xb0,0x12,0xf8,0x40,0xb3,0x13,0xff,0x40,0xb1,0x13,0xff,0x40,0xb1,0x13,0xff,
    0x40,0xb1,0x13,0xff,0x40,0xb1,0x13,0xff,0x40,0xb1,0x13,0xff,0x40,0xb1,0x13,0xff,
    0x40,0xb1,0x13,0xff,0x40,0xb1,0x13,0xff,0x40,0xb1,0x13,0xff,0x40,0xb1,0x13,0xff,
    0x40,0xb1,0x13,0xff,0x40,0xb1,0x13,0xff,0x40,0xb1,0x13,0xff,0x40,0xb1,0x13,0xff,
    0x40,0xb1,0x13,0xff,0x40,0xb1,0x13,0xff,0x40,0xb1,0x13,0xff,0x40,0xb1,0x13,0xff,
    0x40,0xb1,0x13,0xff,0x40,0xb1,0x13,0xff,0x40,0xb1,0x13,0xff,0x40,0xb1,0x13,0xff,
    0x40,0xb1,0x13,0xff,0x40,0xb1,0x13,0xff,0x40,0xb1,0x13,0xff,0x40,0xb1,0x13,0xff,
    0x40,0xb1,0x13,0xff,0x40,0xb1,0x13,0xff,0x40,0xb1,0x13,0xff,0x40,0xb1,0x13,0xff,
    0x40,0xb1,0x13,0xff,0x40,0xb1,0x13,0xff,0x40,0xb1,0x13,0xff,0x40,0xb1,0x13,0xff,
    0x40,0xb1,0x13,0xff,0x40,0xb1,0x13,0xff,0x40,0xb1,0x13,0xff,0x40,0xb1,0x13,0xff,
    0x40,0xb1,0x13,0xff,0x40,0xb1,0x13,0xff,0x40,0xb1,0x13,0xff,0x40,0xb1,0x13,0xff,
    0x40,0xb1,0x13,0xff,0x40,0xb1,0x13,0xff,0x40,0xb1,0x13,0xff,0x40,0xb1,0x13,0xff,
    0x40,0xb1,0x13,0xff,0x40,0xb1,0x13,0xff,0x40,0xb1,0x13,0xff,0x40,0xb1,0x13,0xff,
    0x40,0xb1,0x13,0xff,0x40,0xb1,0x13,0xff,0x40,0xb1,0x13,0xff,0x40,0xb1,0x13,0xff,
    0x40,0xb1,0x13,0xff,0x40,0xb1,0x13,0xff,0x40,0xb1,0x13,0xff,0x40,0xb1,0x13,0xff,
    0x40,0xb1,0x13,0xff,0x40,0xb1,0x13,0xff,0x40,0xb1,0x13,0xff,0x40,0xb1,0x13,0xff,
    0x40,0xb1,0x13,0xff,0x40,0xb1,0x13,0xff,0x40,0xb1,0x13,0xff,0x40,0xb1,0x13,0xff,
    0x40,0xb1,0x13,0xff,0x40,0xb1,0x13,0xff,0x40,0xb1,0x13,0xff,0x40,0xb1,0x13,0xff,
    0x40,0xb1,0x13,0xff,0x40,0xb1,0x13,0xff,0x40,0xb1,0x13,0xff,0x40,0xb1,0x13,0xff,
    0x40,0xb1,0x13,0xff,0x40,0xb1,0x13,0xff,0x40,0xb1,0x13,0xff,0x40,0xb1,0x13,0xff,
    0x40,0xb1,0x13,0xff,0x40,0xb1,0x13,0xff,0x40,0xb3,0x13,0xff,0x3f,0xb0,0x12,0xf8,
    0x3f,0xae,0x11,0x68,0x00,0x00,0x00,0x00,0x00,0x00,0x00,0x00,0x00,0x00,0x00,0x00,
    0x00,0x00,0x00,0x00,0x00,0x00,0x00,0x00,0x00,0x00,0x00,0x00,0x00,0x00,0x00,0x00,
    0x00,0x00,0x00,0x00,0x00,0x00,0x00,0x00,0x00,0x00,0x00,0x00,0x00,0x00,0x00,0x00,
    0x00,0x00,0x00,0x00,0x00,0x00,0x00,0x00,0x00,0x00,0x00,0x00,0x00,0x00,0x00,0x00,
    0x00,0x00,0x00,0x00,0x00,0x00,0x00,0x00,0x00,0x00,0x00,0x00,0x00,0x00,0x00,0x00,
    0x00,0x00,0x00,0x00,0x00,0x00,0x00,0x00,0x00,0x00,0x00,0x00,0x00,0x00,0x00,0x00,
    0x00,0x00,0x00,0x00,0x00,0x00,0x00,0x00,0x00,0x00,0x00,0x00,0x3a,0xb0,0x13,0x27,
    0x3f,0xaf,0x12,0x99,0x42,0xb6,0x14,0xff,0x40,0xb1,0x13,0xff,0x40,0xb1,0x13,0xff,
    0x40,0xb1,0x13,0xff,0x40,0xb1,0x13,0xff,0x40,0xb1,0x13,0xff,0x40,0xb1,0x13,0xff,
    0x40,0xb1,0x13,0xff,0x40,0xb1,0x13,0xff,0x40,0xb1,0x13,0xff,0x40,0xb1,0x13,0xff,
    0x40,0xb1,0x13,0xff,0x40,0xb1,0x13,0xff,0x40,0xb1,0x13,0xff,0x40,0xb1,0x13,0xff,
    0x40,0xb1,0x13,0xff,0x40,0xb1,0x13,0xff,0x40,0xb1,0x13,0xff,0x40,0xb1,0x13,0xff,
    0x40,0xb1,0x13,0xff,0x40,0xb1,0x13,0xff,0x40,0xb1,0x13,0xff,0x40,0xb1,0x13,0xff,
    0x40,0xb1,0x13,0xff,0x40,0xb1,0x13,0xff,0x40,0xb1,0x13,0xff,0x40,0xb1,0x13,0xff,
    0x40,0xb1,0x13,0xff,0x40,0xb1,0x13,0xff,0x40,0xb1,0x13,0xff,0x40,0xb1,0x13,0xff,
    0x40,0xb1,0x13,0xff,0x40,0xb1,0x13,0xff,0x40,0xb1,0x13,0xff,0x40,0xb1,0x13,0xff,
    0x40,0xb1,0x13,0xff,0x40,0xb1,0x13,0xff,0x40,0xb1,0x13,0xff,0x40,0xb1,0x13,0xff,
    0x40,0xb1,0x13,0xff,0x40,0xb1,0x13,0xff,0x40,0xb1,0x13,0xff,0x40,0xb1,0x13,0xff,
    0x40,0xb1,0x13,0xff,0x40,0xb1,0x13,0xff,0x40,0xb1,0x13,0xff,0x40,0xb1,0x13,0xff,
    0x40,0xb1,0x13,0xff,0x40,0xb1,0x13,0xff,0x40,0xb1,0x13,0xff,0x40,0xb1,0x13,0xff,
    0x40,0xb1,0x13,0xff,0x40,0xb1,0x13,0xff,0x40,0xb1,0x13,0xff,0x40,0xb1,0x13,0xff,
    0x40,0xb1,0x13,0xff,0x40,0xb1,0x13,0xff,0x40,0xb1,0x13,0xff,0x40,0xb1,0x13,0xff,
    0x40,0xb1,0x13,0xff,0x40,0xb1,0x13,0xff,0x40,0xb1,0x13,0xff,0x40,0xb1,0x13,0xff,
    0x40,0xb1,0x13,0xff,0x40,0xb1,0x13,0xff,0x40,0xb1,0x13,0xff,0x40,0xb1,0x13,0xff,
    0x40,0xb1,0x13,0xff,0x40,0xb1,0x13,0xff,0x40,0xb1,0x13,0xff,0x40,0xb1,0x13,0xff,
    0x40,0xb1,0x13,0xff,0x40,0xb1,0x13,0xff,0x40,0xb1,0x13,0xff,0x40,0xb1,0x13,0xff,
    0x40,0xb1,0x13,0xff,0x40,0xb1,0x13,0xff,0x40,0xb1,0x13,0xff,0x40,0xb1,0x13,0xff,
    0x40,0xb1,0x13,0xff,0x40,0xb1,0x13,0xff,0x42,0xb6,0x14,0xff,0x3f,0xaf,0x12,0x99,
    0x3a,0xb0,0x13,0x27,0x00,0x00,0x00,0x00,0x00,0x00,0x00,0x00,0x00,0x00,0x00,0x00,
    0x00,0x00,0x00,0x00,0x00,0x00,0x00,0x00,0x00,0x00,0x00,0x00,0x00,0x00,0x00,0x00,
    0x00,0x00,0x00,0x00,0x00,0x00,0x00,0x00,0x00,0x00,0x00,0x00,0x00,0x00,0x00,0x00,
    0x00,0x00,0x00,0x00,0x00,0x00,0x00,0x00,0x00,0x00,0x00,0x00,0x00,0x00,0x00,0x00,
    0x00,0x00,0x00,0x00,0x00,0x00,0x00,0x00,0x00,0x00,0x00,0x00,0x00,0x00,0x00,0x00,
    0x00,0x00,0x00,0x00,0x00,0x00,0x00,0x00,0x00,0x00,0x00,0x00,0x00,0x00,0x00,0x00,
    0x00,0x00,0x00,0x00,0x00,0x00,0x00,0x00,0x00,0x00,0x00,0x00,0x00,0x00,0x00,0x00,
    0x3c,0xb2,0x10,0x3f,0x3f,0xb0,0x12,0xe8,0x40,0xb1,0x13,0xff,0x40,0xb1,0x13,0xff,
    0x40,0xb1,0x13,0xff,0x40,0xb1,0x13,0xff,0x40,0xb1,0x13,0xff,0x40,0xb1,0x13,0xff,
    0x40,0xb1,0x13,0xff,0x40,0xb1,0x13,0xff,0x40,0xb1,0x13,0xff,0x40,0xb1,0x13,0xff,
    0x40,0xb1,0x13,0xff,0x40,0xb1,0x13,0xff,0x40,0xb1,0x13,0xff,0x40,0xb1,0x13,0xff,
    0x40,0xb1,0x13,0xff,0x40,0xb1,0x13,0xff,0x40,0xb1,0x13,0xff,0x40,0xb1,0x13,0xff,
    0x40,0xb1,0x13,0xff,0x40,0xb1,0x13,0xff,0x40,0xb1,0x13,0xff,0x40,0xb1,0x13,0xff,
    0x40,0xb1,0x13,0xff,0x40,0xb1,0x13,0xff,0x40,0xb1,0x13,0xff,0x40,0xb1,0x13,0xff,
    0x40,0xb1,0x13,0xff,0x40,0xb1,0x13,0xff,0x40,0xb1,0x13,0xff,0x40,0xb1,0x13,0xff,
    0x40,0xb1,0x13,0xff,0x40,0xb1,0x13,0xff,0x40,0xb1,0x13,0xff,0x40,0xb1,0x13,0xff,
    0x40,0xb1,0x13,0xff,0x40,0xb1,0x13,0xff,0x40,0xb1,0x13,0xff,0x40,0xb1,0x13,0xff,
    0x40,0xb1,0x13,0xff,0x40,0xb1,0x13,0xff,0x40,0xb1,0x13,0xff,0x40,0xb1,0x13,0xff,
    0x40,0xb1,0x13,0xff,0x40,0xb1,0x13,0xff,0x40,0xb1,0x13,0xff,0x40,0xb1,0x13,0xff,
    0x40,0xb1,0x13,0xff,0x40,0xb1,0x13,0xff,0x40,0xb1,0x13,0xff,0x40,0xb1,0x13,0xff,
    0x40,0xb1,0x13,0xff,0x40,0xb1,0x13,0xff,0x40,0xb1,0x13,0xff,0x40,0xb1,0x13,0xff,
    0x40,0xb1,0x13,0xff,0x40,0xb1,0x13,0xff,0x40,0xb1,0x13,0xff,0x40,0xb1,0x13,0xff,
    0x40,0xb1,0x13,0xff,0x40,0xb1,0x13,0xff,0x40,0xb1,0x13,0xff,0x40,0xb1,0x13,0xff,
    0x40,0xb1,0x13,0xff,0x40,0xb1,0x13,0xff,0x40,0xb1,0x13,0xff,0x40,0xb1,0x13,0xff,
    0x40,0xb1,0x13,0xff,0x40,0xb1,0x13,0xff,0x40,0xb1,0x13,0xff,0x40,0xb1,0x13,0xff,
    0x40,0xb1,0x13,0xff,0x40,0xb1,0x13,0xff,0x40,0xb1,0x13,0xff,0x40,0xb1,0x13,0xff,
    0x40,0xb1,0x13,0xff,0x40,0xb1,0x13,0xff,0x40,0xb1,0x13,0xff,0x40,0xb1,0x13,0xff,
    0x40,0xb1,0x13,0xff,0x40,0xb1,0x13,0xff,0x3f,0xb0,0x12,0xe8,0x3c,0xb2,0x10,0x3f,
    0x00,0x00,0x00,0x00,0x00,0x00,0x00,0x00,0x00,0x00,0x00,0x00,0x00,0x00,0x00,0x00,
    0x00,0x00,0x00,0x00,0x00,0x00,0x00,0x00,0x00,0x00,0x00,0x00,0x00,0x00,0x00,0x00,
    0x00,0x00,0x00,0x00,0x00,0x00,0x00,0x00,0x00,0x00,0x00,0x00,0x00,0x00,0x00,0x00,
    0x00,0x00,0x00,0x00,0x00,0x00,0x00,0x00,0x00,0x00,0x00,0x00,0x00,0x00,0x00,0x00,
    0x00,0x00,0x00,0x00,0x00,0x00,0x00,0x00,0x00,0x00,0x00,0x00,0x00,0x00,0x00,0x00,
    0x00,0x00,0x00,0x00,0x00,0x00,0x00,0x00,0x00,0x00,0x00,0x00,0x00,0x00,0x00,0x00,
    0x00,0x00,0x00,0x00,0x00,0x00,0x00,0x00,0x00,0x00,0x00,0x00,0x00,0x00,0x00,0x00,
    0x3a,0xb0,0x13,0x0d,0x3c,0xb1,0x11,0x69,0x41,0xb2,0x13,0xff,0x40,0xb3,0x13,0xff,
    0x40,0xb1,0x13,0xff,0x40,0xb1,0x13,0xff,0x40,0xb1,0x13,0xff,0x40,0xb1,0x13,0xff,
    0x40,0xb1,0x13,0xff,0x40,0xb1,0x13,0xff,0x40,0xb1,0x13,0xff,0x40,0xb1,0x13,0xff,
    0x40,0xb1,0x13,0xff,0x40,0xb1,0x13,0xff,0x40,0xb1,0x13,0xff,0x40,0xb1,0x13,0xff,
    0x40,0xb1,0x13,0xff,0x40,0xb1,0x13,0xff,0x40,0xb1,0x13,0xff,0x40,0xb1,0x13,0xff,
    0x40,0xb1,0x13,0xff,0x40,0xb1,0x13,0xff,0x40,0xb1,0x13,0xff,0x40,0xb1,0x13,0xff,
    0x40,0xb1,0x13,0xff,0x40,0xb1,0x13,0xff,0x40,0xb1,0x13,0xff,0x40,0xb1,0x13,0xff,
    0x40,0xb1,0x13,0xff,0x40,0xb1,0x13,0xff,0x40,0xb1,0x13,0xff,0x40,0xb1,0x13,0xff,
    0x40,0xb1,0x13,0xff,0x40,0xb1,0x13,0xff,0x40,0xb1,0x13,0xff,0x40,0xb1,0x13,0xff,
    0x40,0xb1,0x13,0xff,0x40,0xb1,0x13,0xff,0x40,0xb1,0x13,0xff,0x40,0xb1,0x13,0xff,
    0x40,0xb1,0x13,0xff,0x40,0xb1,0x13,0xff,0x40,0xb1,0x13,0xff,0x40,0xb1,0x13,0xff,
    0x40,0xb1,0x13,0xff,0x40,0xb1,0x13,0xff,0x40,0xb1,0x13,0xff,0x40,0xb1,0x13,0xff,
    0x40,0xb1,0x13,0xff,0x40,0xb1,0x13,0xff,0x40,0xb1,0x13,0xff,0x40,0xb1,0x13,0xff,
    0x40,0xb1,0x13,0xff,0x40,0xb1,0x13,0xff,0x40,0xb1,0x13,0xff,0x40,0xb1,0x13,0xff,
    0x40,0xb1,0x13,0xff,0x40,0xb1,0x13,0xff,0x40,0xb1,0x13,0xff,0x40,0xb1,0x13,0xff,
    0x40,0xb1,0x13,0xff,0x40,0xb1,0x13,0xff,0x40,0xb1,0x13,0xff,0x40,0xb1,0x13,0xff,
    0x40,0xb1,0x13,0xff,0x40,0xb1,0x13,0xff,0x40,0xb1,0x13,0xff,0x40,0xb1,0x13,0xff,
    0x40,0xb1,0x13,0xff,0x40,0xb1,0x13,0xff,0x40,0xb1,0x13,0xff,0x40,0xb1,0x13,0xff,
    0x40,0xb1,0x13,0xff,0x40,0xb1,0x13,0xff,0x40,0xb1,0x13,0xff,0x40,0xb1,0x13,0xff,
    0x40,0xb1,0x13,0xff,0x40,0xb1,0x13,0xff,0x40,0xb1,0x13,0xff,0x40,0xb1,0x13,0xff,
    0x40,0xb3,0x13,0xff,0x41,0xb2,0x13,0xff,0x3c,0xb1,0x11,0x69,0x3a,0xb0,0x13,0x0d,
    0x00,0x00,0x00,0x00,0x00,0x00,0x00,0x00,0x00,0x00,0x00,0x00,0x00,0x00,0x00,0x00,
    0x00,0x00,0x00,0x00,0x00,0x00,0x00,0x00,0x00,0x00,0x00,0x00,0x00,0x00,0x00,0x00,
    0x00,0x00,0x00,0x00,0x00,0x00,0x00,0x00,0x00,0x00,0x00,0x00,0x00,0x00,0x00,0x00,
    0x00,0x00,0x00,0x00,0x00,0x00,0x00,0x00,0x00,0x00,0x00,0x00,0x00,0x00,0x00,0x00,
    0x00,0x00,0x00,0x00,0x00,0x00,0x00,0x00,0x00,0x00,0x00,0x00,0x00,0x00,0x00,0x00,
    0x00,0x00,0x00,0x00,0x00,0x00,0x00,0x00,0x00,0x00,0x00,0x00,0x00,0x00,0x00,0x00,
    0x00,0x00,0x00,0x00,0x00,0x00,0x00,0x00,0x00,0x00,0x00,0x00,0x00,0x00,0x00,0x00,
    0x00,0x00,0x00,0x00,0x37,0xb1,0x16,0x17,0x3e,0xb1,0x12,0xa7,0x3f,0xb1,0x13,0xfd,
    0x41,0xb5,0x13,0xff,0x40,0xb1,0x13,0xff,0x40,0xb1,0x13,0xff,0x40,0xb1,0x13,0xff,
    0x40,0xb1,0x13,0xff,0x40,0xb1,0x13,0xff,0x40,0xb1,0x13,0xff,0x40,0xb1,0x13,0xff,
    0x40,0xb1,0x13,0xff,0x40,0xb1,0x13,0xff,0x40,0xb1,0x13,0xff,0x40,0xb1,0x13,0xff,
    0x40,0xb1,0x13,0xff,0x40,0xb1,0x13,0xff,0x40,0xb1,0x13,0xff,0x40,0xb1,0x13,0xff,
    0x40,0xb1,0x13,0xff,0x40,0xb1,0x13,0xff,0x40,0xb1,0x13,0xff,0x40,0xb1,0x13,0xff,
    0x40,0xb1,0x13,0xff,0x40,0xb1,0x13,0xff,0x40,0xb1,0x13,0xff,0x40,0xb1,0x13,0xff,
    0x40,0xb1,0x13,0xff,0x40,0xb1,0x13,0xff,0x40,0xb1,0x13,0xff,0x40,0xb1,0x13,0xff,
    0x40,0xb1,0x13,0xff,0x40,0xb1,0x13,0xff,0x40,0xb1,0x13,0xff,0x40,0xb1,0x13,0xff,
    0x40,0xb1,0x13,0xff,0x40,0xb1,0x13,0xff,0x40,0xb1,0x13,0xff,0x40,0xb1,0x13,0xff,
    0x40,0xb1,0x13,0xff,0x40,0xb1,0x13,0xff,0x40,0xb1,0x13,0xff,0x40,0xb1,0x13,0xff,
    0x40,0xb1,0x13,0xff,0x40,0xb1,0x13,0xff,0x40,0xb1,0x13,0xff,0x40,0xb1,0x13,0xff,
    0x40,0xb1,0x13,0xff,0x40,0xb1,0x13,0xff,0x40,0xb1,0x13,0xff,0x40,0xb1,0x13,0xff,
    0x40,0xb1,0x13,0xff,0x40,0xb1,0x13,0xff,0x40,0xb1,0x13,0xff,0x40,0xb1,0x13,0xff,
    0x40,0xb1,0x13,0xff,0x40,0xb1,0x13,0xff,0x40,0xb1,0x13,0xff,0x40,0xb1,0x13,0xff,
    0x40,0xb1,0x13,0xff,0x40,0xb1,0x13,0xff,0x40,0xb1,0x13,0xff,0x40,0xb1,0x13,0xff,
    0x40,0xb1,0x13,0xff,0x40,0xb1,0x13,0xff,0x40,0xb1,0x13,0xff,0x40,0xb1,0x13,0xff,
    0x40,0xb1,0x13,0xff,0x40,0xb1,0x13,0xff,0x40,0xb1,0x13,0xff,0x40,0xb1,0x13,0xff,
    0x40,0xb1,0x13,0xff,0x40,0xb1,0x13,0xff,0x40,0xb1,0x13,0xff,0x40,0xb1,0x13,0xff,
    0x40,0xb1,0x13,0xff,0x40,0xb1,0x13,0xff,0x40,0xb1,0x13,0xff,0x41,0xb5,0x13,0xff,
    0x3f,0xb1,0x13,0xfd,0x3e,0xb1,0x12,0xa7,0x37,0xb1,0x16,0x17,0x00,0x00,0x00,0x00,
    0x00,0x00,0x00,0x00,0x00,0x00,0x00,0x00,0x00,0x00,0x00,0x00,0x00,0x00,0x00,0x00,
    0x00,0x00,0x00,0x00,0x00,0x00,0x00,0x00,0x00,0x00,0x00,0x00,0x00,0x00,0x00,0x00,
    0x00,0x00,0x00,0x00,0x00,0x00,0x00,0x00,0x00,0x00,0x00,0x00,0x00,0x00,0x00,0x00,
    0x00,0x00,0x00,0x00,0x00,0x00,0x00,0x00,0x00,0x00,0x00,0x00,0x00,0x00,0x00,0x00,
    0x00,0x00,0x00,0x00,0x00,0x00,0x00,0x00,0x00,0x00,0x00,0x00,0x00,0x00,0x00,0x00,
    0x00,0x00,0x00,0x00,0x00,0x00,0x00,0x00,0x00,0x00,0x00,0x00,0x00,0x00,0x00,0x00,
    0x00,0x00,0x00,0x00,0x00,0x00,0x00,0x00,0x00,0x00,0x00,0x00,0x00,0x00,0x00,0x00,
    0x00,0x00,0x00,0x00,0x00,0x00,0x00,0x01,0x3e,0xb0,0x14,0x31,0x3f,0xb1,0x13,0xc8,
    0x40,0xb1,0x13,0xff,0x41,0xb3,0x13,0xff,0x40,0xb1,0x13,0xff,0x40,0xb1,0x13,0xff,
    0x40,0xb1,0x13,0xff,0x40,0xb1,0x13,0xff,0x40,0xb1,0x13,0xff,0x40,0xb1,0x13,0xff,
    0x40,0xb1,0x13,0xff,0x40,0xb1,0x13,0xff,0x40,0xb1,0x13,0xff,0x40,0xb1,0x13,0xff,
    0x40,0xb1,0x13,0xff,0x40,0xb1,0x13,0xff,0x40,0xb1,0x13,0xff,0x40,0xb1,0x13,0xff,
    0x40,0xb1,0x13,0xff,0x40,0xb1,0x13,0xff,0x40,0xb1,0x13,0xff,0x40,0xb1,0x13,0xff,
    0x40,0xb1,0x13,0xff,0x40,0xb1,0x13,0xff,0x40,0xb1,0x13,0xff,0x40,0xb1,0x13,0xff,
    0x40,0xb1,0x13,0xff,0x40,0xb1,0x13,0xff,0x40,0xb1,0x13,0xff,0x40,0xb1,0x13,0xff,
    0x40,0xb1,0x13,0xff,0x40,0xb1,0x13,0xff,0x40,0xb1,0x13,0xff,0x40,0xb1,0x13,0xff,
    0x40,0xb1,0x13,0xff,0x40,0xb1,0x13,0xff,0x40,0xb1,0x13,0xff,0x40,0xb1,0x13,0xff,
    0x40,0xb1,0x13,0xff,0x40,0xb1,0x13,0xff,0x40,0xb1,0x13,0xff,0x40,0xb1,0x13,0xff,
    0x40,0xb1,0x13,0xff,0x40,0xb1,0x13,0xff,0x40,0xb1,0x13,0xff,0x40,0xb1,0x13,0xff,
    0x40,0xb1,0x13,0xff,0x40,0xb1,0x13,0xff,0x40,0xb1,0x13,0xff,0x40,0xb1,0x13,0xff,
    0x40,0xb1,0x13,0xff,0x40,0xb1,0x13,0xff,0x40,0xb1,0x13,0xff,0x40,0xb1,0x13,0xff,
    0x40,0xb1,0x13,0xff,0x40,0xb1,0x13,0xff,0x40,0xb1,0x13,0xff,0x40,0xb1,0x13,0xff,
    0x40,0xb1,0x13,0xff,0x40,0xb1,0x13,0xff,0x40,0xb1,0x13,0xff,0x40,0xb1,0x13,0xff,
    0x40,0xb1,0x13,0xff,0x40,0xb1,0x13,0xff,0x40,0xb1,0x13,0xff,0x40,0xb1,0x13,0xff,
    0x40,0xb1,0x13,0xff,0x40,0xb1,0x13,0xff,0x40,0xb1,0x13,0xff,0x40,0xb1,0x13,0xff,
    0x40,0xb1,0x13,0xff,0x40,0xb1,0x13,0xff,0x40,0xb1,0x13,0xff,0x40,0xb1,0x13,0xff,
    0x40,0xb1,0x13,0xff,0x40,0xb1,0x13,0xff,0x41,0xb3,0x13,0xff,0x40,0xb1,0x13,0xff,
    0x3f,0xb1,0x13,0xc8,0x3e,0xb0,0x14,0x31,0x00,0x00,0x00,0x01,0x00,0x00,0x00,0x00,
    0x00,0x00,0x00,0x00,0x00,0x00,0x00,0x00,0x00,0x00,0x00,0x00,0x00,0x00,0x00,0x00,
    0x00,0x00,0x00,0x00,0x00,0x00,0x00,0x00,0x00,0x00,0x00,0x00,0x00,0x00,0x00,0x00,
    0x00,0x00,0x00,0x00,0x00,0x00,0x00,0x00,0x00,0x00,0x00,0x00,0x00,0x00,0x00,0x00,
    0x00,0x00,0x00,0x00,0x00,0x00,0x00,0x00,0x00,0x00,0x00,0x00,0x00,0x00,0x00,0x00,
    0x00,0x00,0x00,0x00,0x00,0x00,0x00,0x00,0x00,0x00,0x00,0x00,0x00,0x00,0x00,0x00,
    0x00,0x00,0x00,0x00,0x00,0x00,0x00,0x00,0x00,0x00,0x00,0x00,0x00,0x00,0x00,0x00,
    0x00,0x00,0x00,0x00,0x00,0x00,0x00,0x00,0x00,0x00,0x00,0x00,0x00,0x00,0x00,0x00,
    0x00,0x00,0x00,0x00,0x00,0x00,0x00,0x00,0x00,0x00,0x00,0x00,0x3f,0xb1,0x11,0x59,
    0x40,0xb1,0x13,0xd3,0x41,0xb3,0x14,0xff,0x40,0xb2,0x13,0xff,0x40,0xb1,0x13,0xff,
    0x40,0xb1,0x13,0xff,0x40,0xb1,0x13,0xff,0x40,0xb1,0x13,0xff,0x40,0xb1,0x13,0xff,
    0x40,0xb1,0x13,0xff,0x40,0xb1,0x13,0xff,0x40,0xb1,0x13,0xff,0x40,0xb1,0x13,0xff,
    0x40,0xb1,0x13,0xff,0x40,0xb1,0x13,0xff,0x40,0xb1,0x13,0xff,0x40,0xb1,0x13,0xff,
    0x40,0xb1,0x13,0xff,0x40,0xb1,0x13,0xff,0x40,0xb1,0x13,0xff,0x40,0xb1,0x13,0xff,
    0x40,0xb1,0x13,0xff,0x40,0xb1,0x13,0xff,0x40,0xb1,0x13,0xff,0x40,0xb1,0x13,0xff,
    0x40,0xb1,0x13,0xff,0x40,0xb1,0x13,0xff,0x40,0xb1,0x13,0xff,0x40,0xb1,0x13,0xff,
    0x40,0xb1,0x13,0xff,0x40,0xb1,0x13,0xff,0x40,0xb1,0x13,0xff,0x40,0xb1,0x13,0xff,
    0x40,0xb1,0x13,0xff,0x40,0xb1,0x13,0xff,0x40,0xb1,0x13,0xff,0x40,0xb1,0x13,0xff,
    0x40,0xb1,0x13,0xff,0x40,0xb1,0x13,0xff,0x40,0xb1,0x13,0xff,0x40,0xb1,0x13,0xff,
    0x40,0xb1,0x13,0xff,0x40,0xb1,0x13,0xff,0x40,0xb1,0x13,0xff,0x40,0xb1,0x13,0xff,
    0x40,0xb1,0x13,0xff,0x40,0xb1,0x13,0xff,0x40,0xb1,0x13,0xff,0x40,0xb1,0x13,0xff,
    0x40,0xb1,0x13,0xff,0x40,0xb1,0x13,0xff,0x40,0xb1,0x13,0xff,0x40,0xb1,0x13,0xff,
    0x40,0xb1,0x13,0xff,0x40,0xb1,0x13,0xff,0x40,0xb1,0x13,0xff,0x40,0xb1,0x13,0xff,
    0x40,0xb1,0x13,0xff,0x40,0xb1,0x13,0xff,0x40,0xb1,0x13,0xff,0x40,0xb1,0x13,0xff,
    0x40,0xb1,0x13,0xff,0x40,0xb1,0x13,0xff,0x40,0xb1,0x13,0xff,0x40,0xb1,0x13,0xff,
    0x40,0xb1,0x13,0xff,0x40,0xb1,0x13,0xff,0x40,0xb1,0x13,0xff,0x40,0xb1,0x13,0xff,
    0x40,0xb1,0x13,0xff,0x40,0xb1,0x13,0xff,0x40,0xb1,0x13,0xff,0x40,0xb1,0x13,0xff,
    0x40,0xb1,0x13,0xff,0x40,0xb2,0x13,0xff,0x41,0xb3,0x14,0xff,0x40,0xb1,0x13,0xd3,
    0x3f,0xb1,0x11,0x59,0x00,0x00,0x00,0x00,0x00,0x00,0x00,0x00,0x00,0x00,0x00,0x00,
    0x00,0x00,0x00,0x00,0x00,0x00,0x00,0x00,0x00,0x00,0x00,0x00,0x00,0x00,0x00,0x00,
    0x00,0x00,0x00,0x00,0x00,0x00,0x00,0x00,0x00,0x00,0x00,0x00,0x00,0x00,0x00,0x00,
    0x00,0x00,0x00,0x00,0x00,0x00,0x00,0x00,0x00,0x00,0x00,0x00,0x00,0x00,0x00,0x00,
    0x00,0x00,0x00,0x00,0x00,0x00,0x00,0x00,0x00,0x00,0x00,0x00,0x00,0x00,0x00,0x00,
    0x00,0x00,0x00,0x00,0x00,0x00,0x00,0x00,0x00,0x00,0x00,0x00,0x00,0x00,0x00,0x00,
    0x00,0x00,0x00,0x00,0x00,0x00,0x00,0x00,0x00,0x00,0x00,0x00,0x00,0x00,0x00,0x00,
    0x00,0x00,0x00,0x00,0x00,0x00,0x00,0x00,0x00,0x00,0x00,0x00,0x00,0x00,0x00,0x00,
    0x00,0x00,0x00,0x00,0x00,0x00,0x00,0x00,0x00,0x00,0x00,0x00,0x00,0x00,0x00,0x00,
    0x40,0xaf,0x11,0x73,0x3e,0xb0,0x12,0xe0,0x41,0xb5,0x13,0xff,0x40,0xb1,0x13,0xff,
    0x40,0xb1,0x13,0xff,0x40,0xb1,0x13,0xff,0x40,0xb1,0x13,0xff,0x40,0xb1,0x13,0xff,
    0x40,0xb1,0x13,0xff,0x40,0xb1,0x13,0xff,0x40,0xb1,0x13,0xff,0x40,0xb1,0x13,0xff,
    0x40,0xb1,0x13,0xff,0x40,0xb1,0x13,0xff,0x40,0xb1,0x13,0xff,0x40,0xb1,0x13,0xff,
    0x40,0xb1,0x13,0xff,0x40,0xb1,0x13,0xff,0x40,0xb1,0x13,0xff,0x40,0xb1,0x13,0xff,
    0x40,0xb1,0x13,0xff,0x40,0xb1,0x13,0xff,0x40,0xb1,0x13,0xff,0x40,0xb1,0x13,0xff,
    0x40,0xb1,0x13,0xff,0x40,0xb1,0x13,0xff,0x40,0xb1,0x13,0xff,0x40,0xb1,0x13,0xff,
    0x40,0xb1,0x13,0xff,0x40,0xb1,0x13,0xff,0x40,0xb1,0x13,0xff,0x40,0xb1,0x13,0xff,
    0x40,0xb1,0x13,0xff,0x40,0xb1,0x13,0xff,0x40,0xb1,0x13,0xff,0x40,0xb1,0x13,0xff,
    0x40,0xb1,0x13,0xff,0x40,0xb1,0x13,0xff,0x40,0xb1,0x13,0xff,0x40,0xb1,0x13,0xff,
    0x40,0xb1,0x13,0xff,0x40,0xb1,0x13,0xff,0x40,0xb1,0x13,0xff,0x40,0xb1,0x13,0xff,
    0x40,0xb1,0x13,0xff,0x40,0xb1,0x13,0xff,0x40,0xb1,0x13,0xff,0x40,0xb1,0x13,0xff,
    0x40,0xb1,0x13,0xff,0x40,0xb1,0x13,0xff,0x40,0xb1,0x13,0xff,0x40,0xb1,0x13,0xff,
    0x40,0xb1,0x13,0xff,0x40,0xb1,0x13,0xff,0x40,0xb1,0x13,0xff,0x40,0xb1,0x13,0xff,
    0x40,0xb1,0x13,0xff,0x40,0xb1,0x13,0xff,0x40,0xb1,0x13,0xff,0x40,0xb1,0x13,0xff,
    0x40,0xb1,0x13,0xff,0x40,0xb1,0x13,0xff,0x40,0xb1,0x13,0xff,0x40,0xb1,0x13,0xff,
    0x40,0xb1,0x13,0xff,0x40,0xb1,0x13,0xff,0x40,0xb1,0x13,0xff,0x40,0xb1,0x13,0xff,
    0x40,0xb1,0x13,0xff,0x40,0xb1,0x13,0xff,0x40,0xb1,0x13,0xff,0x40,0xb1,0x13,0xff,
    0x40,0xb1,0x13,0xff,0x41,0xb5,0x13,0xff,0x3f,0xb0,0x12,0xe1,0x3f,0xaf,0x11,0x74,
    0x00,0x00,0x00,0x00,0x00,0x00,0x00,0x00,0x00,0x00,0x00,0x00,0x00,0x00,0x00,0x00,
    0x00,0x00,0x00,0x00,0x00,0x00,0x00,0x00,0x00,0x00,0x00,0x00,0x00,0x00,0x00,0x00,
    0x00,0x00,0x00,0x00,0x00,0x00,0x00,0x00,0x00,0x00,0x00,0x00,0x00,0x00,0x00,0x00,
    0x00,0x00,0x00,0x00,0x00,0x00,0x00,0x00,0x00,0x00,0x00,0x00,0x00,0x00,0x00,0x00,
    0x00,0x00,0x00,0x00,0x00,0x00,0x00,0x00,0x00,0x00,0x00,0x00,0x00,0x00,0x00,0x00,
    0x00,0x00,0x00,0x00,0x00,0x00,0x00,0x00,0x00,0x00,0x00,0x00,0x00,0x00,0x00,0x00,
    0x00,0x00,0x00,0x00,0x00,0x00,0x00,0x00,0x00,0x00,0x00,0x00,0x00,0x00,0x00,0x00,
    0x00,0x00,0x00,0x00,0x00,0x00,0x00,0x00,0x00,0x00,0x00,0x00,0x00,0x00,0x00,0x00,
    0x00,0x00,0x00,0x00,0x00,0x00,0x00,0x00,0x00,0x00,0x00,0x00,0x00,0x00,0x00,0x00,
    0x00,0xaa,0x00,0x03,0x3f,0xb1,0x12,0x79,0x40,0xb0,0x12,0xef,0x41,0xb5,0x13,0xff,
    0x40,0xb1,0x13,0xff,0x40,0xb1,0x13,0xff,0x40,0xb1,0x13,0xff,0x40,0xb1,0x13,0xff,
    0x40,0xb1,0x13,0xff,0x40,0xb1,0x13,0xff,0x40,0xb1,0x13,0xff,0x40,0xb1,0x13,0xff,
    0x40,0xb1,0x13,0xff,0x40,0xb1,0x13,0xff,0x40,0xb1,0x13,0xff,0x40,0xb1,0x13,0xff,
    0x40,0xb1,0x13,0xff,0x40,0xb1,0x13,0xff,0x40,0xb1,0x13,0xff,0x40,0xb1,0x13,0xff,
    0x40,0xb1,0x13,0xff,0x40,0xb1,0x13,0xff,0x40,0xb1,0x13,0xff,0x40,0xb1,0x13,0xff,
    0x40,0xb1,0x13,0xff,0x40,0xb1,0x13,0xff,0x40,0xb1,0x13,0xff,0x40,0xb1,0x13,0xff,
    0x40,0xb1,0x13,0xff,0x40,0xb1,0x13,0xff,0x40,0xb1,0x13,0xff,0x40,0xb1,0x13,0xff,
    0x40,0xb1,0x13,0xff,0x40,0xb1,0x13,0xff,0x40,0xb1,0x13,0xff,0x40,0xb1,0x13,0xff,
    0x40,0xb1,0x13,0xff,0x40,0xb1,0x13,0xff,0x40,0xb1,0x13,0xff,0x40,0xb1,0x13,0xff,
    0x40,0xb1,0x13,0xff,0x40,0xb1,0x13,0xff,0x40,0xb1,0x13,0xff,0x40,0xb1,0x13,0xff,
    0x40,0xb1,0x13,0xff,0x40,0xb1,0x13,0xff,0x40,0xb1,0x13,0xff,0x40,0xb1,0x13,0xff,
    0x40,0xb1,0x13,0xff,0x40,0xb1,0x13,0xff,0x40,0xb1,0x13,0xff,0x40,0xb1,0x13,0xff,
    0x40,0xb1,0x13,0xff,0x40,0xb1,0x13,0xff,0x40,0xb1,0x13,0xff,0x40,0xb1,0x13,0xff,
    0x40,0xb1,0x13,0xff,0x40,0xb1,0x13,0xff,0x40,0xb1,0x13,0xff,0x40,0xb1,0x13,0xff,
    0x40,0xb1,0x13,0xff,0x40,0xb1,0x13,0xff,0x40,0xb1,0x13,0xff,0x40,0xb1,0x13,0xff,
    0x40,0xb1,0x13,0xff,0x40,0xb1,0x13,0xff,0x40,0xb1,0x13,0xff,0x40,0xb1,0x13,0xff,
    0x40,0xb1,0x13,0xff,0x40,0xb1,0x13,0xff,0x40,0xb1,0x13,0xff,0x40,0xb1,0x13,0xff,
    0x41,0xb5,0x13,0xff,0x40,0xb0,0x12,0xef,0x3f,0xb1,0x12,0x79,0x00,0xaa,0x00,0x03,
    0x00,0x00,0x00,0x00,0x00,0x00,0x00,0x00,0x00,0x00,0x00,0x00,0x00,0x00,0x00,0x00,
    0x00,0x00,0x00,0x00,0x00,0x00,0x00,0x00,0x00,0x00,0x00,0x00,0x00,0x00,0x00,0x00,
    0x00,0x00,0x00,0x00,0x00,0x00,0x00,0x00,0x00,0x00,0x00,0x00,0x00,0x00,0x00,0x00,
    0x00,0x00,0x00,0x00,0x00,0x00,0x00,0x00,0x00,0x00,0x00,0x00,0x00,0x00,0x00,0x00,
    0x00,0x00,0x00,0x00,0x00,0x00,0x00,0x00,0x00,0x00,0x00,0x00,0x00,0x00,0x00,0x00,
    0x00,0x00,0x00,0x00,0x00,0x00,0x00,0x00,0x00,0x00,0x00,0x00,0x00,0x00,0x00,0x00,
    0x00,0x00,0x00,0x00,0x00,0x00,0x00,0x00,0x00,0x00,0x00,0x00,0x00,0x00,0x00,0x00,
    0x00,0x00,0x00,0x00,0x00,0x00,0x00,0x00,0x00,0x00,0x00,0x00,0x00,0x00,0x00,0x00,
    0x00,0x00,0x00,0x00,0x00,0x00,0x00,0x00,0x00,0x00,0x00,0x00,0x00,0x00,0x00,0x00,
    0x00,0x00,0x00,0x00,0x3f,0x9f,0x0f,0x10,0x3e,0xaf,0x11,0x73,0x40,0xb0,0x12,0xf7,
    0x41,0xb4,0x13,0xff,0x40,0xb1,0x13,0xff,0x40,0xb1,0x13,0xff,0x40,0xb1,0x13,0xff,
    0x40,0xb1,0x13,0xff,0x40,0xb1,0x13,0xff,0x40,0xb1,0x13,0xff,0x40,0xb1,0x13,0xff,
    0x40,0xb1,0x13,0xff,0x40,0xb1,0x13,0xff,0x40,0xb1,0x13,0xff,0x40,0xb1,0x13,0xff,
    0x40,0xb1,0x13,0xff,0x40,0xb1,0x13,0xff,0x40,0xb1,0x13,0xff,0x40,0xb1,0x13,0xff,
    0x40,0xb1,0x13,0xff,0x40,0xb1,0x13,0xff,0x40,0xb1,0x13,0xff,0x40,0xb1,0x13,0xff,
    0x40,0xb1,0x13,0xff,0x40,0xb1,0x13,0xff,0x40,0xb1,0x13,0xff,0x40,0xb1,0x13,0xff,
    0x40,0xb1,0x13,0xff,0x40,0xb1,0x13,0xff,0x40,0xb1,0x13,0xff,0x40,0xb1,0x13,0xff,
    0x40,0xb1,0x13,0xff,0x40,0xb1,0x13,0xff,0x40,0xb1,0x13,0xff,0x40,0xb1,0x13,0xff,
    0x40,0xb1,0x13,0xff,0x40,0xb1,0x13,0xff,0x40,0xb1,0x13,0xff,0x40,0xb1,0x13,0xff,
    0x40,0xb1,0x13,0xff,0x40,0xb1,0x13,0xff,0x40,0xb1,0x13,0xff,0x40,0xb1,0x13,0xff,
    0x40,0xb1,0x13,0xff,0x40,0xb1,0x13,0xff,0x40,0xb1,0x13,0xff,0x40,0xb1,0x13,0xff,
    0x40,0xb1,0x13,0xff,0x40,0xb1,0x13,0xff,0x40,0xb1,0x13,0xff,0x40,0xb1,0x13,0xff,
    0x40,0xb1,0x13,0xff,0x40,0xb1,0x13,0xff,0x40,0xb1,0x13,0xff,0x40,0xb1,0x13,0xff,
    0x40,0xb1,0x13,0xff,0x40,0xb1,0x13,0xff,0x40,0xb1,0x13,0xff,0x40,0xb1,0x13,0xff,
    0x40,0xb1,0x13,0xff,0x40,0xb1,0x13,0xff,0x40,0xb1,0x13,0xff,0x40,0xb1,0x13,0xff,
    0x40,0xb1,0x13,0xff,0x40,0xb1,0x13,0xff,0x40,0xb1,0x13,0xff,0x40,0xb1,0x13,0xff,
    0x40,0xb1,0x13,0xff,0x40,0xb1,0x13,0xff,0x40,0xb1,0x13,0xff,0x41,0xb4,0x13,0xff,
    0x40,0xb0,0x12,0xf7,0x3e,0xaf,0x11,0x73,0x3f,0x9f,0x0f,0x10,0x00,0x00,0x00,0x00,
    0x00,0x00,0x00,0x00,0x00,0x00,0x00,0x00,0x00,0x00,0x00,0x00,0x00,0x00,0x00,0x00,
    0x00,0x00,0x00,0x00,0x00,0x00,0x00,0x00,0x00,0x00,0x00,0x00,0x00,0x00,0x00,0x00,
    0x00,0x00,0x00,0x00,0x00,0x00,0x00,0x00,0x00,0x00,0x00,0x00,0x00,0x00,0x00,0x00,
    0x00,0x00,0x00,0x00,0x00,0x00,0x00,0x00,0x00,0x00,0x00,0x00,0x00,0x00,0x00,0x00,
    0x00,0x00,0x00,0x00,0x00,0x00,0x00,0x00,0x00,0x00,0x00,0x00,0x00,0x00,0x00,0x00,
    0x00,0x00,0x00,0x00,0x00,0x00,0x00,0x00,0x00,0x00,0x00,0x00,0x00,0x00,0x00,0x00,
    0x00,0x00,0x00,0x00,0x00,0x00,0x00,0x00,0x00,0x00,0x00,0x00,0x00,0x00,0x00,0x00,
    0x00,0x00,0x00,0x00,0x00,0x00,0x00,0x00,0x00,0x00,0x00,0x00,0x00,0x00,0x00,0x00,
    0x00,0x00,0x00,0x00,0x00,0x00,0x00,0x00,0x00,0x00,0x00,0x00,0x00,0x00,0x00,0x00,
    0x00,0x00,0x00,0x00,0x00,0x00,0x00,0x00,0x3f,0xa5,0x19,0x14,0x3e,0xae,0x11,0x72,
    0x3f,0xb0,0x12,0xea,0x41,0xb4,0x14,0xff,0x40,0xb2,0x13,0xff,0x40,0xb1,0x13,0xff,
    0x40,0xb1,0x13,0xff,0x40,0xb1,0x13,0xff,0x40,0xb1,0x13,0xff,0x40,0xb1,0x13,0xff,
    0x40,0xb1,0x13,0xff,0x40,0xb1,0x13,0xff,0x40,0xb1,0x13,0xff,0x40,0xb1,0x13,0xff,
    0x40,0xb1,0x13,0xff,0x40,0xb1,0x13,0xff,0x40,0xb1,0x13,0xff,0x40,0xb1,0x13,0xff,
    0x40,0xb1,0x13,0xff,0x40,0xb1,0x13,0xff,0x40,0xb1,0x13,0xff,0x40,0xb1,0x13,0xff,
    0x40,0xb1,0x13,0xff,0x40,0xb1,0x13,0xff,0x40,0xb1,0x13,0xff,0x40,0xb1,0x13,0xff,
    0x40,0xb1,0x13,0xff,0x40,0xb1,0x13,0xff,0x40,0xb1,0x13,0xff,0x40,0xb1,0x13,0xff,
    0x40,0xb1,0x13,0xff,0x40,0xb1,0x13,0xff,0x40,0xb1,0x13,0xff,0x40,0xb1,0x13,0xff,
    0x40,0xb1,0x13,0xff,0x40,0xb1,0x13,0xff,0x40,0xb1,0x13,0xff,0x40,0xb1,0x13,0xff,
    0x40,0xb1,0x13,0xff,0x40,0xb1,0x13,0xff,0x40,0xb1,0x13,0xff,0x40,0xb1,0x13,0xff,
    0x40,0xb1,0x13,0xff,0x40,0xb1,0x13,0xff,0x40,0xb1,0x13,0xff,0x40,0xb1,0x13,0xff,
    0x40,0xb1,0x13,0xff,0x40,0xb1,0x13,0xff,0x40,0xb1,0x13,0xff,0x40,0xb1,0x13,0xff,
    0x40,0xb1,0x13,0xff,0x40,0xb1,0x13,0xff,0x40,0xb1,0x13,0xff,0x40,0xb1,0x13,0xff,
    0x40,0xb1,0x13,0xff,0x40,0xb1,0x13,0xff,0x40,0xb1,0x13,0xff,0x40,0xb1,0x13,0xff,
    0x40,0xb1,0x13,0xff,0x40,0xb1,0x13,0xff,0x40,0xb1,0x13,0xff,0x40,0xb1,0x13,0xff,
    0x40,0xb1,0x13,0xff,0x40,0xb1,0x13,0xff,0x40,0xb1,0x13,0xff,0x40,0xb1,0x13,0xff,
    0x40,0xb1,0x13,0xff,0x40,0xb2,0x13,0xff,0x41,0xb4,0x14,0xff,0x3f,0xb0,0x12,0xea,
    0x3e,0xae,0x11,0x72,0x3f,0xa5,0x19,0x14,0x00,0x00,0x00,0x00,0x00,0x00,0x00,0x00,
    0x00,0x00,0x00,0x00,0x00,0x00,0x00,0x00,0x00,0x00,0x00,0x00,0x00,0x00,0x00,0x00,
    0x00,0x00,0x00,0x00,0x00,0x00,0x00,0x00,0x00,0x00,0x00,0x00,0x00,0x00,0x00,0x00,
    0x00,0x00,0x00,0x00,0x00,0x00,0x00,0x00,0x00,0x00,0x00,0x00,0x00,0x00,0x00,0x00,
    0x00,0x00,0x00,0x00,0x00,0x00,0x00,0x00,0x00,0x00,0x00,0x00,0x00,0x00,0x00,0x00,
    0x00,0x00,0x00,0x00,0x00,0x00,0x00,0x00,0x00,0x00,0x00,0x00,0x00,0x00,0x00,0x00,
    0x00,0x00,0x00,0x00,0x00,0x00,0x00,0x00,0x00,0x00,0x00,0x00,0x00,0x00,0x00,0x00,
    0x00,0x00,0x00,0x00,0x00,0x00,0x00,0x00,0x00,0x00,0x00,0x00,0x00,0x00,0x00,0x00,
    0x00,0x00,0x00,0x00,0x00,0x00,0x00,0x00,0x00,0x00,0x00,0x00,0x00,0x00,0x00,0x00,
    0x00,0x00,0x00,0x00,0x00,0x00,0x00,0x00,0x00,0x00,0x00,0x00,0x00,0x00,0x00,0x00,
    0x00,0x00,0x00,0x00,0x00,0x00,0x00,0x00,0x00,0x00,0x00,0x00,0x48,0xb6,0x12,0x0e,
    0x3f,0xb0,0x12,0x71,0x3f,0xb0,0x12,0xdd,0x41,0xb3,0x13,0xff,0x41,0xb4,0x13,0xff,
    0x40,0xb1,0x13,0xff,0x40,0xb1,0x13,0xff,0x40,0xb1,0x13,0xff,0x40,0xb1,0x13,0xff,
    0x40,0xb1,0x13,0xff,0x40,0xb1,0x13,0xff,0x40,0xb1,0x13,0xff,0x40,0xb1,0x13,0xff,
    0x40,0xb1,0x13,0xff,0x40,0xb1,0x13,0xff,0x40,0xb1,0x13,0xff,0x40,0xb1,0x13,0xff,
    0x40,0xb1,0x13,0xff,0x40,0xb1,0x13,0xff,0x40,0xb1,0x13,0xff,0x40,0xb1,0x13,0xff,
    0x40,0xb1,0x13,0xff,0x40,0xb1,0x13,0xff,0x40,0xb1,0x13,0xff,0x40,0xb1,0x13,0xff,
    0x40,0xb1,0x13,0xff,0x40,0xb1,0x13,0xff,0x40,0xb1,0x13,0xff,0x40,0xb1,0x13,0xff,
    0x40,0xb1,0x13,0xff,0x40,0xb1,0x13,0xff,0x40,0xb1,0x13,0xff,0x40,0xb1,0x13,0xff,
    0x40,0xb1,0x13,0xff,0x40,0xb1,0x13,0xff,0x40,0xb1,0x13,0xff,0x40,0xb1,0x13,0xff,
    0x40,0xb1,0x13,0xff,0x40,0xb1,0x13,0xff,0x40,0xb1,0x13,0xff,0x40,0xb1,0x13,0xff,
    0x40,0xb1,0x13,0xff,0x40,0xb1,0x13,0xff,0x40,0xb1,0x13,0xff,0x40,0xb1,0x13,0xff,
    0x40,0xb1,0x13,0xff,0x40,0xb1,0x13,0xff,0x40,0xb1,0x13,0xff,0x40,0xb1,0x13,0xff,
    0x40,0xb1,0x13,0xff,0x40,0xb1,0x13,0xff,0x40,0xb1,0x13,0xff,0x40,0xb1,0x13,0xff,
    0x40,0xb1,0x13,0xff,0x40,0xb1,0x13,0xff,0x40,0xb1,0x13,0xff,0x40,0xb1,0x13,0xff,
    0x40,0xb1,0x13,0xff,0x40,0xb1,0x13,0xff,0x40,0xb1,0x13,0xff,0x40,0xb1,0x13,0xff,
    0x40,0xb1,0x13,0xff,0x40,0xb1,0x13,0xff,0x40,0xb1,0x13,0xff,0x40,0xb1,0x13,0xff,
    0x41,0xb4,0x13,0xff,0x41,0xb3,0x13,0xff,0x3f,0xb0,0x12,0xdd,0x3f,0xb0,0x12,0x71,
    0x48,0xb6,0x12,0x0e,0x00,0x00,0x00,0x00,0x00,0x00,0x00,0x00,0x00,0x00,0x00,0x00,
    0x00,0x00,0x00,0x00,0x00,0x00,0x00,0x00,0x00,0x00,0x00,0x00,0x00,0x00,0x00,0x00,
    0x00,0x00,0x00,0x00,0x00,0x00,0x00,0x00,0x00,0x00,0x00,0x00,0x00,0x00,0x00,0x00,
    0x00,0x00,0x00,0x00,0x00,0x00,0x00,0x00,0x00,0x00,0x00,0x00,0x00,0x00,0x00,0x00,
    0x00,0x00,0x00,0x00,0x00,0x00,0x00,0x00,0x00,0x00,0x00,0x00,0x00,0x00,0x00,0x00,
    0x00,0x00,0x00,0x00,0x00,0x00,0x00,0x00,0x00,0x00,0x00,0x00,0x00,0x00,0x00,0x00,
    0x00,0x00,0x00,0x00,0x00,0x00,0x00,0x00,0x00,0x00,0x00,0x00,0x00,0x00,0x00,0x00,
    0x00,0x00,0x00,0x00,0x00,0x00,0x00,0x00,0x00,0x00,0x00,0x00,0x00,0x00,0x00,0x00,
    0x00,0x00,0x00,0x00,0x00,0x00,0x00,0x00,0x00,0x00,0x00,0x00,0x00,0x00,0x00,0x00,
    0x00,0x00,0x00,0x00,0x00,0x00,0x00,0x00,0x00,0x00,0x00,0x00,0x00,0x00,0x00,0x00,
    0x00,0x00,0x00,0x00,0x00,0x00,0x00,0x00,0x00,0x00,0x00,0x00,0x00,0x00,0x00,0x00,
    0x00,0x00,0x00,0x00,0x3e,0xb0,0x10,0x6f,0x3f,0xb1,0x12,0xd2,0x40,0xb1,0x13,0xff,
    0x41,0xb5,0x14,0xff,0x40,0xb1,0x13,0xff,0x40,0xb1,0x13,0xff,0x40,0xb1,0x13,0xff,
    0x40,0xb1,0x13,0xff,0x40,0xb1,0x13,0xff,0x40,0xb1,0x13,0xff,0x40,0xb1,0x13,0xff,
    0x40,0xb1,0x13,0xff,0x40,0xb1,0x13,0xff,0x40,0xb1,0x13,0xff,0x40,0xb1,0x13,0xff,
    0x40,0xb1,0x13,0xff,0x40,0xb1,0x13,0xff,0x40,0xb1,0x13,0xff,0x40,0xb1,0x13,0xff,
    0x40,0xb1,0x13,0xff,0x40,0xb1,0x13,0xff,0x40,0xb1,0x13,0xff,0x40,0xb1,0x13,0xff,
    0x40,0xb1,0x13,0xff,0x40,0xb1,0x13,0xff,0x40,0xb1,0x13,0xff,0x40,0xb1,0x13,0xff,
    0x40,0xb1,0x13,0xff,0x40,0xb1,0x13,0xff,0x40,0xb1,0x13,0xff,0x40,0xb1,0x13,0xff,
    0x40,0xb1,0x13,0xff,0x40,0xb1,0x13,0xff,0x40,0xb1,0x13,0xff,0x40,0xb1,0x13,0xff,
    0x40,0xb1,0x13,0xff,0x40,0xb1,0x13,0xff,0x40,0xb1,0x13,0xff,0x40,0xb1,0x13,0xff,
    0x40,0xb1,0x13,0xff,0x40,0xb1,0x13,0xff,0x40,0xb1,0x13,0xff,0x40,0xb1,0x13,0xff,
    0x40,0xb1,0x13,0xff,0x40,0xb1,0x13,0xff,0x40,0xb1,0x13,0xff,0x40,0xb1,0x13,0xff,
    0x40,0xb1,0x13,0xff,0x40,0xb1,0x13,0xff,0x40,0xb1,0x13,0xff,0x40,0xb1,0x13,0xff,
    0x40,0xb1,0x13,0xff,0x40,0xb1,0x13,0xff,0x40,0xb1,0x13,0xff,0x40,0xb1,0x13,0xff,
    0x40,0xb1,0x13,0xff,0x40,0xb1,0x13,0xff,0x40,0xb1,0x13,0xff,0x40,0xb1,0x13,0xff,
    0x40,0xb1,0x13,0xff,0x40,0xb1,0x13,0xff,0x40,0xb1,0x13,0xff,0x41,0xb5,0x14,0xff,
    0x40,0xb1,0x13,0xff,0x3f,0xb1,0x12,0xd2,0x3e,0xb0,0x10,0x6f,0x00,0x00,0x00,0x00,
    0x00,0x00,0x00,0x00,0x00,0x00,0x00,0x00,0x00,0x00,0x00,0x00,0x00,0x00,0x00,0x00,
    0x00,0x00,0x00,0x00,0x00,0x00,0x00,0x00,0x00,0x00,0x00,0x00,0x00,0x00,0x00,0x00,
    0x00,0x00,0x00,0x00,0x00,0x00,0x00,0x00,0x00,0x00,0x00,0x00,0x00,0x00,0x00,0x00,
    0x00,0x00,0x00,0x00,0x00,0x00,0x00,0x00,0x00,0x00,0x00,0x00,0x00,0x00,0x00,0x00,
    0x00,0x00,0x00,0x00,0x00,0x00,0x00,0x00,0x00,0x00,0x00,0x00,0x00,0x00,0x00,0x00,
    0x00,0x00,0x00,0x00,0x00,0x00,0x00,0x00,0x00,0x00,0x00,0x00,0x00,0x00,0x00,0x00,
    0x00,0x00,0x00,0x00,0x00,0x00,0x00,0x00,0x00,0x00,0x00,0x00,0x00,0x00,0x00,0x00,
    0x00,0x00,0x00,0x00,0x00,0x00,0x00,0x00,0x00,0x00,0x00,0x00,0x00,0x00,0x00,0x00,
    0x00,0x00,0x00,0x00,0x00,0x00,0x00,0x00,0x00,0x00,0x00,0x00,0x00,0x00,0x00,0x00,
    0x00,0x00,0x00,0x00,0x00,0x00,0x00,0x00,0x00,0x00,0x00,0x00,0x00,0x00,0x00,0x00,
    0x00,0x00,0x00,0x00,0x00,0x00,0x00,0x00,0x00,0x00,0x00,0x00,0x00,0x00,0x00,0x00,
    0x00,0x00,0x00,0x00,0x00,0x00,0x00,0x00,0x3c,0xae,0x11,0x59,0x3f,0xb0,0x11,0xc9,
    0x40,0xb0,0x13,0xfd,0x41,0xb3,0x13,0xff,0x40,0xb1,0x13,0xff,0x40,0xb1,0x13,0xff,
    0x40,0xb1,0x13,0xff,0x40,0xb1,0x13,0xff,0x40,0xb1,0x13,0xff,0x40,0xb1,0x13,0xff,
    0x40,0xb1,0x13,0xff,0x40,0xb1,0x13,0xff,0x40,0xb1,0x13,0xff,0x40,0xb1,0x13,0xff,
    0x40,0xb1,0x13,0xff,0x40,0xb1,0x13,0xff,0x40,0xb1,0x13,0xff,0x40,0xb1,0x13,0xff,
    0x40,0xb1,0x13,0xff,0x40,0xb1,0x13,0xff,0x40,0xb1,0x13,0xff,0x40,0xb1,0x13,0xff,
    0x40,0xb1,0x13,0xff,0x40,0xb1,0x13,0xff,0x40,0xb1,0x13,0xff,0x40,0xb1,0x13,0xff,
    0x40,0xb1,0x13,0xff,0x40,0xb1,0x13,0xff,0x40,0xb1,0x13,0xff,0x40,0xb1,0x13,0xff,
    0x40,0xb1,0x13,0xff,0x40,0xb1,0x13,0xff,0x40,0xb1,0x13,0xff,0x40,0xb1,0x13,0xff,
    0x40,0xb1,0x13,0xff,0x40,0xb1,0x13,0xff,0x40,0xb1,0x13,0xff,0x40,0xb1,0x13,0xff,
    0x40,0xb1,0x13,0xff,0x40,0xb1,0x13,0xff,0x40,0xb1,0x13,0xff,0x40,0xb1,0x13,0xff,
    0x40,0xb1,0x13,0xff,0x40,0xb1,0x13,0xff,0x40,0xb1,0x13,0xff,0x40,0xb1,0x13,0xff,
    0x40,0xb1,0x13,0xff,0x40,0xb1,0x13,0xff,0x40,0xb1,0x13,0xff,0x40,0xb1,0x13,0xff,
    0x40,0xb1,0x13,0xff,0x40,0xb1,0x13,0xff,0x40,0xb1,0x13,0xff,0x40,0xb1,0x13,0xff,
    0x40,0xb1,0x13,0xff,0x40,0xb1,0x13,0xff,0x40,0xb1,0x13,0xff,0x40,0xb1,0x13,0xff,
    0x40,0xb1,0x13,0xff,0x40,0xb1,0x13,0xff,0x41,0xb3,0x13,0xff,0x40,0xb0,0x13,0xfd,
    0x3f,0xb0,0x11,0xc9,0x3c,0xae,0x11,0x59,0x00,0x00,0x00,0x00,0x00,0x00,0x00,0x00,
    0x00,0x00,0x00,0x00,0x00,0x00,0x00,0x00,0x00,0x00,0x00,0x00,0x00,0x00,0x00,0x00,
    0x00,0x00,0x00,0x00,0x00,0x00,0x00,0x00,0x00,0x00,0x00,0x00,0x00,0x00,0x00,0x00,
    0x00,0x00,0x00,0x00,0x00,0x00,0x00,0x00,0x00,0x00,0x00,0x00,0x00,0x00,0x00,0x00,
    0x00,0x00,0x00,0x00,0x00,0x00,0x00,0x00,0x00,0x00,0x00,0x00,0x00,0x00,0x00,0x00,
    0x00,0x00,0x00,0x00,0x00,0x00,0x00,0x00,0x00,0x00,0x00,0x00,0x00,0x00,0x00,0x00,
    0x00,0x00,0x00,0x00,0x00,0x00,0x00,0x00,0x00,0x00,0x00,0x00,0x00,0x00,0x00,0x00,
    0x00,0x00,0x00,0x00,0x00,0x00,0x00,0x00,0x00,0x00,0x00,0x00,0x00,0x00,0x00,0x00,
    0x00,0x00,0x00,0x00,0x00,0x00,0x00,0x00,0x00,0x00,0x00,0x00,0x00,0x00,0x00,0x00,
    0x00,0x00,0x00,0x00,0x00,0x00,0x00,0x00,0x00,0x00,0x00,0x00,0x00,0x00,0x00,0x00,
    0x00,0x00,0x00,0x00,0x00,0x00,0x00,0x00,0x00,0x00,0x00,0x00,0x00,0x00,0x00,0x00,
    0x00,0x00,0x00,0x00,0x00,0x00,0x00,0x00,0x00,0x00,0x00,0x00,0x00,0x00,0x00,0x00,
    0x00,0x00,0x00,0x00,0x00,0x00,0x00,0x00,0x00,0x00,0x00,0x00,0x3f,0xaf,0x0f,0x30,
    0x3e,0xb0,0x12,0xa6,0x41,0xb2,0x13,0xff,0x40,0xb1,0x13,0xff,0x40,0xb1,0x13,0xff,
    0x40,0xb1,0x13,0xff,0x40,0xb1,0x13,0xff,0x40,0xb1,0x13,0xff,0x40,0xb1,0x13,0xff,
    0x40,0xb1,0x13,0xff,0x40,0xb1,0x13,0xff,0x40,0xb1,0x13,0xff,0x40,0xb1,0x13,0xff,
    0x40,0xb1,0x13,0xff,0x40,0xb1,0x13,0xff,0x40,0xb1,0x13,0xff,0x40,0xb1,0x13,0xff,
    0x40,0xb1,0x13,0xff,0x40,0xb1,0x13,0xff,0x40,0xb1,0x13,0xff,0x40,0xb1,0x13,0xff,
    0x40,0xb1,0x13,0xff,0x40,0xb1,0x13,0xff,0x40,0xb1,0x13,0xff,0x40,0xb1,0x13,0xff,
    0x40,0xb1,0x13,0xff,0x40,0xb1,0x13,0xff,0x40,0xb1,0x13,0xff,0x40,0xb1,0x13,0xff,
    0x40,0xb1,0x13,0xff,0x40,0xb1,0x13,0xff,0x40,0xb1,0x13,0xff,0x40,0xb1,0x13,0xff,
    0x40,0xb1,0x13,0xff,0x40,0xb1,0x13,0xff,0x40,0xb1,0x13,0xff,0x40,0xb1,0x13,0xff,
    0x40,0xb1,0x13,0xff,0x40,0xb1,0x13,0xff,0x40,0xb1,0x13,0xff,0x40,0xb1,0x13,0xff,
    0x40,0xb1,0x13,0xff,0x40,0xb1,0x13,0xff,0x40,0xb1,0x13,0xff,0x40,0xb1,0x13,0xff,
    0x40,0xb1,0x13,0xff,0x40,0xb1,0x13,0xff,0x40,0xb1,0x13,0xff,0x40,0xb1,0x13,0xff,
    0x40,0xb1,0x13,0xff,0x40,0xb1,0x13,0xff,0x40,0xb1,0x13,0xff,0x40,0xb1,0x13,0xff,
    0x40,0xb1,0x13,0xff,0x40,0xb1,0x13,0xff,0x40,0xb1,0x13,0xff,0x40,0xb1,0x13,0xff,
    0x40,0xb1,0x13,0xff,0x40,0xb1,0x13,0xff,0x41,0xb2,0x13,0xff,0x3e,0xb0,0x12,0xa6,
    0x3f,0xaf,0x0f,0x30,0x00,0x00,0x00,0x00,0x00,0x00,0x00,0x00,0x00,0x00,0x00,0x00,
    0x00,0x00,0x00,0x00,0x00,0x00,0x00,0x00,0x00,0x00,0x00,0x00,0x00,0x00,0x00,0x00,
    0x00,0x00,0x00,0x00,0x00,0x00,0x00,0x00,0x00,0x00,0x00,0x00,0x00,0x00,0x00,0x00,
    0x00,0x00,0x00,0x00,0x00,0x00,0x00,0x00,0x00,0x00,0x00,0x00,0x00,0x00,0x00,0x00,
    0x00,0x00,0x00,0x00,0x00,0x00,0x00,0x00,0x00,0x00,0x00,0x00,0x00,0x00,0x00,0x00,
    0x00,0x00,0x00,0x00,0x00,0x00,0x00,0x00,0x00,0x00,0x00,0x00,0x00,0x00,0x00,0x00,
    0x00,0x00,0x00,0x00,0x00,0x00,0x00,0x00,0x00,0x00,0x00,0x00,0x00,0x00,0x00,0x00,
    0x00,0x00,0x00,0x00,0x00,0x00,0x00,0x00,0x00,0x00,0x00,0x00,0x00,0x00,0x00,0x00,
    0x00,0x00,0x00,0x00,0x00,0x00,0x00,0x00,0x00,0x00,0x00,0x00,0x00,0x00,0x00,0x00,
    0x00,0x00,0x00,0x00,0x00,0x00,0x00,0x00,0x00,0x00,0x00,0x00,0x00,0x00,0x00,0x00,
    0x00,0x00,0x00,0x00,0x00,0x00,0x00,0x00,0x00,0x00,0x00,0x00,0x00,0x00,0x00,0x00,
    0x00,0x00,0x00,0x00,0x00,0x00,0x00,0x00,0x00,0x00,0x00,0x00,0x00,0x00,0x00,0x00,
    0x00,0x00,0x00,0x00,0x00,0x00,0x00,0x00,0x00,0x00,0x00,0x00,0x00,0x00,0x00,0x01,
    0x42,0xa6,0x0b,0x17,0x3d,0xb0,0x11,0x68,0x40,0xb0,0x11,0xe7,0x42,0xb6,0x14,0xff,
    0x40,0xb2,0x13,0xff,0x40,0xb1,0x13,0xff,0x40,0xb1,0x13,0xff,0x40,0xb1,0x13,0xff,
    0x40,0xb1,0x13,0xff,0x40,0xb1,0x13,0xff,0x40,0xb1,0x13,0xff,0x40,0xb1,0x13,0xff,
    0x40,0xb1,0x13,0xff,0x40,0xb1,0x13,0xff,0x40,0xb1,0x13,0xff,0x40,0xb1,0x13,0xff,
    0x40,0xb1,0x13,0xff,0x40,0xb1,0x13,0xff,0x40,0xb1,0x13,0xff,0x40,0xb1,0x13,0xff,
    0x40,0xb1,0x13,0xff,0x40,0xb1,0x13,0xff,0x40,0xb1,0x13,0xff,0x40,0xb1,0x13,0xff,
    0x40,0xb1,0x13,0xff,0x40,0xb1,0x13,0xff,0x40,0xb1,0x13,0xff,0x40,0xb1,0x13,0xff,
    0x40,0xb1,0x13,0xff,0x40,0xb1,0x13,0xff,0x40,0xb1,0x13,0xff,0x40,0xb1,0x13,0xff,
    0x40,0xb1,0x13,0xff,0x40,0xb1,0x13,0xff,0x40,0xb1,0x13,0xff,0x40,0xb1,0x13,0xff,
    0x40,0xb1,0x13,0xff,0x40,0xb1,0x13,0xff,0x40,0xb1,0x13,0xff,0x40,0xb1,0x13,0xff,
    0x40,0xb1,0x13,0xff,0x40,0xb1,0x13,0xff,0x40,0xb1,0x13,0xff,0x40,0xb1,0x13,0xff,
    0x40,0xb1,0x13,0xff,0x40,0xb1,0x13,0xff,0x40,0xb1,0x13,0xff,0x40,0xb1,0x13,0xff,
    0x40,0xb1,0x13,0xff,0x40,0xb1,0x13,0xff,0x40,0xb1,0x13,0xff,0x40,0xb1,0x13,0xff,
    0x40,0xb1,0x13,0xff,0x40,0xb1,0x13,0xff,0x40,0xb1,0x13,0xff,0x40,0xb2,0x13,0xff,
    0x42,0xb6,0x14,0xff,0x3f,0xb0,0x12,0xe8,0x3c,0xb1,0x13,0x69,0x42,0xa6,0x0b,0x17,
    0x00,0x00,0x00,0x01,0x00,0x00,0x00,0x00,0x00,0x00,0x00,0x00,0x00,0x00,0x00,0x00,
    0x00,0x00,0x00,0x00,0x00,0x00,0x00,0x00,0x00,0x00,0x00,0x00,0x00,0x00,0x00,0x00,
    0x00,0x00,0x00,0x00,0x00,0x00,0x00,0x00,0x00,0x00,0x00,0x00,0x00,0x00,0x00,0x00,
    0x00,0x00,0x00,0x00,0x00,0x00,0x00,0x00,0x00,0x00,0x00,0x00,0x00,0x00,0x00,0x00,
    0x00,0x00,0x00,0x00,0x00,0x00,0x00,0x00,0x00,0x00,0x00,0x00,0x00,0x00,0x00,0x00,
    0x00,0x00,0x00,0x00,0x00,0x00,0x00,0x00,0x00,0x00,0x00,0x00,0x00,0x00,0x00,0x00,
    0x00,0x00,0x00,0x00,0x00,0x00,0x00,0x00,0x00,0x00,0x00,0x00,0x00,0x00,0x00,0x00,
    0x00,0x00,0x00,0x00,0x00,0x00,0x00,0x00,0x00,0x00,0x00,0x00,0x00,0x00,0x00,0x00,
    0x00,0x00,0x00,0x00,0x00,0x00,0x00,0x00,0x00,0x00,0x00,0x00,0x00,0x00,0x00,0x00,
    0x00,0x00,0x00,0x00,0x00,0x00,0x00,0x00,0x00,0x00,0x00,0x00,0x00,0x00,0x00,0x00,
    0x00,0x00,0x00,0x00,0x00,0x00,0x00,0x00,0x00,0x00,0x00,0x00,0x00,0x00,0x00,0x00,
    0x00,0x00,0x00,0x00,0x00,0x00,0x00,0x00,0x00,0x00,0x00,0x00,0x00,0x00,0x00,0x00,
    0x00,0x00,0x00,0x00,0x00,0x00,0x00,0x00,0x00,0x00,0x00,0x00,0x00,0x00,0x00,0x00,
    0x00,0x00,0x00,0x00,0x3f,0xaa,0x15,0x0c,0x3e,0xac,0x0f,0x41,0x3e,0xb0,0x11,0x9f,
    0x3f,0xb0,0x13,0xfe,0x42,0xb8,0x14,0xff,0x41,0xb3,0x13,0xff,0x40,0xb1,0x13,0xff,
    0x40,0xb1,0x13,0xff,0x40,0xb1,0x13,0xff,0x40,0xb1,0x13,0xff,0x40,0xb1,0x13,0xff,
    0x40,0xb1,0x13,0xff,0x40,0xb1,0x13,0xff,0x40,0xb1,0x13,0xff,0x40,0xb1,0x13,0xff,
    0x40,0xb1,0x13,0xff,0x40,0xb1,0x13,0xff,0x40,0xb1,0x13,0xff,0x40,0xb1,0x13,0xff,
    0x40,0xb1,0x13,0xff,0x40,0xb1,0x13,0xff,0x40,0xb1,0x13,0xff,0x40,0xb1,0x13,0xff,
    0x40,0xb1,0x13,0xff,0x40,0xb1,0x13,0xff,0x40,0xb1,0x13,0xff,0x40,0xb1,0x13,0xff,
    0x40,0xb1,0x13,0xff,0x40,0xb1,0x13,0xff,0x40,0xb1,0x13,0xff,0x40,0xb1,0x13,0xff,
    0x40,0xb1,0x13,0xff,0x40,0xb1,0x13,0xff,0x40,0xb1,0x13,0xff,0x40,0xb1,0x13,0xff,
    0x40,0xb1,0x13,0xff,0x40,0xb1,0x13,0xff,0x40,0xb1,0x13,0xff,0x40,0xb1,0x13,0xff,
    0x40,0xb1,0x13,0xff,0x40,0xb1,0x13,0xff,0x40,0xb1,0x13,0xff,0x40,0xb1,0x13,0xff,
    0x40,0xb1,0x13,0xff,0x40,0xb1,0x13,0xff,0x40,0xb1,0x13,0xff,0x40,0xb1,0x13,0xff,
    0x40,0xb1,0x13,0xff,0x40,0xb1,0x13,0xff,0x40,0xb1,0x13,0xff,0x40,0xb1,0x13,0xff,
    0x40,0xb1,0x13,0xff,0x41,0xb3,0x13,0xff,0x42,0xb8,0x14,0xff,0x3f,0xb0,0x13,0xfe,
    0x3e,0xb0,0x11,0x9f,0x3e,0xac,0x13,0x41,0x3f,0xbf,0x15,0x0c,0x00,0x00,0x00,0x00,
    0x00,0x00,0x00,0x00,0x00,0x00,0x00,0x00,0x00,0x00,0x00,0x00,0x00,0x00,0x00,0x00,
    0x00,0x00,0x00,0x00,0x00,0x00,0x00,0x00,0x00,0x00,0x00,0x00,0x00,0x00,0x00,0x00,
    0x00,0x00,0x00,0x00,0x00,0x00,0x00,0x00,0x00,0x00,0x00,0x00,0x00,0x00,0x00,0x00,
    0x00,0x00,0x00,0x00,0x00,0x00,0x00,0x00,0x00,0x00,0x00,0x00,0x00,0x00,0x00,0x00,
    0x00,0x00,0x00,0x00,0x00,0x00,0x00,0x00,0x00,0x00,0x00,0x00,0x00,0x00,0x00,0x00,
    0x00,0x00,0x00,0x00,0x00,0x00,0x00,0x00,0x00,0x00,0x00,0x00,0x00,0x00,0x00,0x00,
    0x00,0x00,0x00,0x00,0x00,0x00,0x00,0x00,0x00,0x00,0x00,0x00,0x00,0x00,0x00,0x00,
    0x00,0x00,0x00,0x00,0x00,0x00,0x00,0x00,0x00,0x00,0x00,0x00,0x00,0x00,0x00,0x00,
    0x00,0x00,0x00,0x00,0x00,0x00,0x00,0x00,0x00,0x00,0x00,0x00,0x00,0x00,0x00,0x00,
    0x00,0x00,0x00,0x00,0x00,0x00,0x00,0x00,0x00,0x00,0x00,0x00,0x00,0x00,0x00,0x00,
    0x00,0x00,0x00,0x00,0x00,0x00,0x00,0x00,0x00,0x00,0x00,0x00,0x00,0x00,0x00,0x00,
    0x00,0x00,0x00,0x00,0x00,0x00,0x00,0x00,0x00,0x00,0x00,0x00,0x00,0x00,0x00,0x00,
    0x00,0x00,0x00,0x00,0x00,0x00,0x00,0x00,0x00,0x00,0x00,0x00,0x00,0x00,0x00,0x00,
    0x00,0x00,0x00,0x00,0x00,0x00,0x00,0x00,0x00,0x00,0x00,0x00,0x3c,0xb0,0x12,0x2a,
    0x3e,0xae,0x12,0x6f,0x3f,0xb0,0x12,0xc0,0x3e,0xb0,0x12,0xfb,0x43,0xbb,0x14,0xff,
    0x41,0xb3,0x13,0xff,0x40,0xb1,0x13,0xff,0x40,0xb1,0x13,0xff,0x40,0xb1,0x13,0xff,
    0x40,0xb1,0x13,0xff,0x40,0xb1,0x13,0xff,0x40,0xb1,0x13,0xff,0x40,0xb1,0x13,0xff,
    0x40,0xb1,0x13,0xff,0x40,0xb1,0x13,0xff,0x40,0xb1,0x13,0xff,0x40,0xb1,0x13,0xff,
    0x40,0xb1,0x13,0xff,0x40,0xb1,0x13,0xff,0x40,0xb1,0x13,0xff,0x40,0xb1,0x13,0xff,
    0x40,0xb1,0x13,0xff,0x40,0xb1,0x13,0xff,0x40,0xb1,0x13,0xff,0x40,0xb1,0x13,0xff,
    0x40,0xb1,0x13,0xff,0x40,0xb1,0x13,0xff,0x40,0xb1,0x13,0xff,0x40,0xb1,0x13,0xff,
    0x40,0xb1,0x13,0xff,0x40,0xb1,0x13,0xff,0x40,0xb1,0x13,0xff,0x40,0xb1,0x13,0xff,
    0x40,0xb1,0x13,0xff,0x40,0xb1,0x13,0xff,0x40,0xb1,0x13,0xff,0x40,0xb1,0x13,0xff,
    0x40,0xb1,0x13,0xff,0x40,0xb1,0x13,0xff,0x40,0xb1,0x13,0xff,0x40,0xb1,0x13,0xff,
    0x40,0xb1,0x13,0xff,0x40,0xb1,0x13,0xff,0x40,0xb1,0x13,0xff,0x40,0xb1,0x13,0xff,
    0x40,0xb1,0x13,0xff,0x40,0xb1,0x13,0xff,0x40,0xb1,0x13,0xff,0x41,0xb3,0x13,0xff,
    0x43,0xbb,0x14,0xff,0x3e,0xb0,0x12,0xfb,0x3f,0xb0,0x12,0xc0,0x3e,0xae,0x12,0x6f,
    0x3c,0xb0,0x12,0x2a,0x00,0x00,0x00,0x00,0x00,0x00,0x00,0x00,0x00,0x00,0x00,0x00,
    0x00,0x00,0x00,0x00,0x00,0x00,0x00,0x00,0x00,0x00,0x00,0x00,0x00,0x00,0x00,0x00,
    0x00,0x00,0x00,0x00,0x00,0x00,0x00,0x00,0x00,0x00,0x00,0x00,0x00,0x00,0x00,0x00,
    0x00,0x00,0x00,0x00,0x00,0x00,0x00,0x00,0x00,0x00,0x00,0x00,0x00,0x00,0x00,0x00,
    0x00,0x00,0x00,0x00,0x00,0x00,0x00,0x00,0x00,0x00,0x00,0x00,0x00,0x00,0x00,0x00,
    0x00,0x00,0x00,0x00,0x00,0x00,0x00,0x00,0x00,0x00,0x00,0x00,0x00,0x00,0x00,0x00,
    0x00,0x00,0x00,0x00,0x00,0x00,0x00,0x00,0x00,0x00,0x00,0x00,0x00,0x00,0x00,0x00,
    0x00,0x00,0x00,0x00,0x00,0x00,0x00,0x00,0x00,0x00,0x00,0x00,0x00,0x00,0x00,0x00,
    0x00,0x00,0x00,0x00,0x00,0x00,0x00,0x00,0x00,0x00,0x00,0x00,0x00,0x00,0x00,0x00,
    0x00,0x00,0x00,0x00,0x00,0x00,0x00,0x00,0x00,0x00,0x00,0x00,0x00,0x00,0x00,0x00,
    0x00,0x00,0x00,0x00,0x00,0x00,0x00,0x00,0x00,0x00,0x00,0x00,0x00,0x00,0x00,0x00,
    0x00,0x00,0x00,0x00,0x00,0x00,0x00,0x00,0x00,0x00,0x00,0x00,0x00,0x00,0x00,0x00,
    0x00,0x00,0x00,0x00,0x00,0x00,0x00,0x00,0x00,0x00,0x00,0x00,0x00,0x00,0x00,0x00,
    0x00,0x00,0x00,0x00,0x00,0x00,0x00,0x00,0x00,0x00,0x00,0x00,0x00,0x00,0x00,0x00,
    0x00,0x00,0x00,0x00,0x00,0x00,0x00,0x00,0x00,0x00,0x00,0x00,0x00,0x00,0x00,0x00,
    0x00,0x00,0x00,0x00,0x3f,0xb0,0x12,0x44,0x3d,0xaf,0x11,0x91,0x3f,0xb0,0x12,0xcd,
    0x3f,0xb0,0x12,0xf5,0x43,0xb9,0x14,0xff,0x41,0xb4,0x13,0xff,0x40,0xb2,0x13,0xff,
    0x40,0xb1,0x13,0xff,0x40,0xb1,0x13,0xff,0x40,0xb1,0x13,0xff,0x40,0xb1,0x13,0xff,
    0x40,0xb1,0x13,0xff,0x40,0xb1,0x13,0xff,0x40,0xb1,0x13,0xff,0x40,0xb1,0x13,0xff,
    0x40,0xb1,0x13,0xff,0x40,0xb1,0x13,0xff,0x40,0xb1,0x13,0xff,0x40,0xb1,0x13,0xff,
    0x40,0xb1,0x13,0xff,0x40,0xb1,0x13,0xff,0x40,0xb1,0x13,0xff,0x40,0xb1,0x13,0xff,
    0x40,0xb1,0x13,0xff,0x40,0xb1,0x13,0xff,0x40,0xb1,0x13,0xff,0x40,0xb1,0x13,0xff,
    0x40,0xb1,0x13,0xff,0x40,0xb1,0x13,0xff,0x40,0xb1,0x13,0xff,0x40,0xb1,0x13,0xff,
    0x40,0xb1,0x13,0xff,0x40,0xb1,0x13,0xff,0x40,0xb1,0x13,0xff,0x40,0xb1,0x13,0xff,
    0x40,0xb1,0x13,0xff,0x40,0xb1,0x13,0xff,0x40,0xb1,0x13,0xff,0x40,0xb1,0x13,0xff,
    0x40,0xb1,0x13,0xff,0x40,0xb1,0x13,0xff,0x40,0xb1,0x13,0xff,0x40,0xb1,0x13,0xff,
    0x40,0xb2,0x13,0xff,0x41,0xb4,0x13,0xff,0x43,0xb9,0x14,0xff,0x3f,0xb0,0x12,0xf5,
    0x3f,0xb0,0x12,0xcd,0x3d,0xaf,0x11,0x91,0x3f,0xb0,0x12,0x44,0x00,0x00,0x00,0x00,
    0x00,0x00,0x00,0x00,0x00,0x00,0x00,0x00,0x00,0x00,0x00,0x00,0x00,0x00,0x00,0x00,
    0x00,0x00,0x00,0x00,0x00,0x00,0x00,0x00,0x00,0x00,0x00,0x00,0x00,0x00,0x00,0x00,
    0x00,0x00,0x00,0x00,0x00,0x00,0x00,0x00,0x00,0x00,0x00,0x00,0x00,0x00,0x00,0x00,
    0x00,0x00,0x00,0x00,0x00,0x00,0x00,0x00,0x00,0x00,0x00,0x00,0x00,0x00,0x00,0x00,
    0x00,0x00,0x00,0x00,0x00,0x00,0x00,0x00,0x00,0x00,0x00,0x00,0x00,0x00,0x00,0x00,
    0x00,0x00,0x00,0x00,0x00,0x00,0x00,0x00,0x00,0x00,0x00,0x00,0x00,0x00,0x00,0x00,
    0x00,0x00,0x00,0x00,0x00,0x00,0x00,0x00,0x00,0x00,0x00,0x00,0x00,0x00,0x00,0x00,
    0x00,0x00,0x00,0x00,0x00,0x00,0x00,0x00,0x00,0x00,0x00,0x00,0x00,0x00,0x00,0x00,
    0x00,0x00,0x00,0x00,0x00,0x00,0x00,0x00,0x00,0x00,0x00,0x00,0x00,0x00,0x00,0x00,
    0x00,0x00,0x00,0x00,0x00,0x00,0x00,0x00,0x00,0x00,0x00,0x00,0x00,0x00,0x00,0x00,
    0x00,0x00,0x00,0x00,0x00,0x00,0x00,0x00,0x00,0x00,0x00,0x00,0x00,0x00,0x00,0x00,
    0x00,0x00,0x00,0x00,0x00,0x00,0x00,0x00,0x00,0x00,0x00,0x00,0x00,0x00,0x00,0x00,
    0x00,0x00,0x00,0x00,0x00,0x00,0x00,0x00,0x00,0x00,0x00,0x00,0x00,0x00,0x00,0x00,
    0x00,0x00,0x00,0x00,0x00,0x00,0x00,0x00,0x00,0x00,0x00,0x00,0x00,0x00,0x00,0x00,
    0x00,0x00,0x00,0x00,0x00,0x00,0x00,0x00,0x00,0x00,0x00,0x00,0x00,0x00,0x00,0x00,
    0x00,0x00,0x00,0x00,0x00,0x00,0x00,0x00,0x00,0xff,0x00,0x02,0x3e,0xb1,0x12,0x45,
    0x3f,0xaf,0x13,0xa1,0x40,0xb0,0x12,0xdb,0x40,0xb1,0x13,0xee,0x40,0xb2,0x13,0xff,
    0x41,0xb4,0x13,0xff,0x41,0xb3,0x13,0xff,0x40,0xb2,0x13,0xff,0x40,0xb1,0x13,0xff,
    0x40,0xb1,0x13,0xff,0x40,0xb1,0x13,0xff,0x40,0xb1,0x13,0xff,0x40,0xb1,0x13,0xff,
    0x40,0xb1,0x13,0xff,0x40,0xb1,0x13,0xff,0x40,0xb1,0x13,0xff,0x40,0xb1,0x13,0xff,
    0x40,0xb1,0x13,0xff,0x40,0xb1,0x13,0xff,0x40,0xb1,0x13,0xff,0x40,0xb1,0x13,0xff,
    0x40,0xb1,0x13,0xff,0x40,0xb1,0x13,0xff,0x40,0xb1,0x13,0xff,0x40,0xb1,0x13,0xff,
    0x40,0xb1,0x13,0xff,0x40,0xb1,0x13,0xff,0x40,0xb1,0x13,0xff,0x40,0xb1,0x13,0xff,
    0x40,0xb1,0x13,0xff,0x40,0xb1,0x13,0xff,0x40,0xb1,0x13,0xff,0x40,0xb1,0x13,0xff,
    0x40,0xb1,0x13,0xff,0x40,0xb1,0x13,0xff,0x40,0xb1,0x13,0xff,0x40,0xb1,0x13,0xff,
    0x40,0xb1,0x13,0xff,0x40,0xb2,0x13,0xff,0x41,0xb3,0x13,0xff,0x41,0xb4,0x13,0xff,
    0x40,0xb2,0x13,0xff,0x40,0xb1,0x13,0xef,0x40,0xb0,0x12,0xdb,0x3f,0xb1,0x13,0xa1,
    0x3d,0xae,0x12,0x46,0x00,0xff,0x00,0x02,0x00,0x00,0x00,0x00,0x00,0x00,0x00,0x00,
    0x00,0x00,0x00,0x00,0x00,0x00,0x00,0x00,0x00,0x00,0x00,0x00,0x00,0x00,0x00,0x00,
    0x00,0x00,0x00,0x00,0x00,0x00,0x00,0x00,0x00,0x00,0x00,0x00,0x00,0x00,0x00,0x00,
    0x00,0x00,0x00,0x00,0x00,0x00,0x00,0x00,0x00,0x00,0x00,0x00,0x00,0x00,0x00,0x00,
    0x00,0x00,0x00,0x00,0x00,0x00,0x00,0x00,0x00,0x00,0x00,0x00,0x00,0x00,0x00,0x00,
    0x00,0x00,0x00,0x00,0x00,0x00,0x00,0x00,0x00,0x00,0x00,0x00,0x00,0x00,0x00,0x00,
    0x00,0x00,0x00,0x00,0x00,0x00,0x00,0x00,0x00,0x00,0x00,0x00,0x00,0x00,0x00,0x00,
    0x00,0x00,0x00,0x00,0x00,0x00,0x00,0x00,0x00,0x00,0x00,0x00,0x00,0x00,0x00,0x00,
    0x00,0x00,0x00,0x00,0x00,0x00,0x00,0x00,0x00,0x00,0x00,0x00,0x00,0x00,0x00,0x00,
    0x00,0x00,0x00,0x00,0x00,0x00,0x00,0x00,0x00,0x00,0x00,0x00,0x00,0x00,0x00,0x00,
    0x00,0x00,0x00,0x00,0x00,0x00,0x00,0x00,0x00,0x00,0x00,0x00,0x00,0x00,0x00,0x00,
    0x00,0x00,0x00,0x00,0x00,0x00,0x00,0x00,0x00,0x00,0x00,0x00,0x00,0x00,0x00,0x00,
    0x00,0x00,0x00,0x00,0x00,0x00,0x00,0x00,0x00,0x00,0x00,0x00,0x00,0x00,0x00,0x00,
    0x00,0x00,0x00,0x00,0x00,0x00,0x00,0x00,0x00,0x00,0x00,0x00,0x00,0x00,0x00,0x00,
    0x00,0x00,0x00,0x00,0x00,0x00,0x00,0x00,0x00,0x00,0x00,0x00,0x00,0x00,0x00,0x00,
    0x00,0x00,0x00,0x00,0x00,0x00,0x00,0x00,0x00,0x00,0x00,0x00,0x00,0x00,0x00,0x00,
    0x00,0x00,0x00,0x00,0x00,0x00,0x00,0x00,0x00,0x00,0x00,0x00,0x00,0x00,0x00,0x00,
    0x00,0x00,0x00,0x00,0x3e,0xaf,0x11,0x2d,0x3f,0xb0,0x12,0x8c,0x3f,0xb0,0x12,0xd9,
    0x40,0xb0,0x12,0xf3,0x3f,0xaf,0x12,0xfa,0x40,0xb0,0x13,0xfe,0x40,0xb2,0x13,0xff,
    0x40,0xb2,0x13,0xff,0x40,0xb1,0x13,0xff,0x40,0xb1,0x13,0xff,0x40,0xb1,0x13,0xff,
    0x40,0xb1,0x13,0xff,0x40,0xb1,0x13,0xff,0x40,0xb1,0x13,0xff,0x40,0xb1,0x13,0xff,
    0x40,0xb1,0x13,0xff,0x40,0xb1,0x13,0xff,0x40,0xb1,0x13,0xff,0x40,0xb1,0x13,0xff,
    0x40,0xb1,0x13,0xff,0x40,0xb1,0x13,0xff,0x40,0xb1,0x13,0xff,0x40,0xb1,0x13,0xff,
    0x40,0xb1,0x13,0xff,0x40,0xb1,0x13,0xff,0x40,0xb1,0x13,0xff,0x40,0xb1,0x13,0xff,
    0x40,0xb1,0x13,0xff,0x40,0xb1,0x13,0xff,0x40,0xb1,0x13,0xff,0x40,0xb1,0x13,0xff,
    0x40,0xb1,0x13,0xff,0x40,0xb1,0x13,0xff,0x40,0xb1,0x13,0xff,0x40,0xb2,0x13,0xff,
    0x40,0xb2,0x13,0xff,0x40,0xb0,0x13,0xfe,0x3f,0xaf,0x12,0xfa,0x40,0xb0,0x12,0xf3,
    0x3f,0xb0,0x12,0xda,0x3f,0xaf,0x12,0x8d,0x3e,0xaf,0x11,0x2d,0x00,0x00,0x00,0x00,
    0x00,0x00,0x00,0x00,0x00,0x00,0x00,0x00,0x00,0x00,0x00,0x00,0x00,0x00,0x00,0x00,
    0x00,0x00,0x00,0x00,0x00,0x00,0x00,0x00,0x00,0x00,0x00,0x00,0x00,0x00,0x00,0x00,
    0x00,0x00,0x00,0x00,0x00,0x00,0x00,0x00,0x00,0x00,0x00,0x00,0x00,0x00,0x00,0x00,
    0x00,0x00,0x00,0x00,0x00,0x00,0x00,0x00,0x00,0x00,0x00,0x00,0x00,0x00,0x00,0x00,
    0x00,0x00,0x00,0x00,0x00,0x00,0x00,0x00,0x00,0x00,0x00,0x00,0x00,0x00,0x00,0x00,
    0x00,0x00,0x00,0x00,0x00,0x00,0x00,0x00,0x00,0x00,0x00,0x00,0x00,0x00,0x00,0x00,
    0x00,0x00,0x00,0x00,0x00,0x00,0x00,0x00,0x00,0x00,0x00,0x00,0x00,0x00,0x00,0x00,
    0x00,0x00,0x00,0x00,0x00,0x00,0x00,0x00,0x00,0x00,0x00,0x00,0x00,0x00,0x00,0x00,
    0x00,0x00,0x00,0x00,0x00,0x00,0x00,0x00,0x00,0x00,0x00,0x00,0x00,0x00,0x00,0x00,
    0x00,0x00,0x00,0x00,0x00,0x00,0x00,0x00,0x00,0x00,0x00,0x00,0x00,0x00,0x00,0x00,
    0x00,0x00,0x00,0x00,0x00,0x00,0x00,0x00,0x00,0x00,0x00,0x00,0x00,0x00,0x00,0x00,
    0x00,0x00,0x00,0x00,0x00,0x00,0x00,0x00,0x00,0x00,0x00,0x00,0x00,0x00,0x00,0x00,
    0x00,0x00,0x00,0x00,0x00,0x00,0x00,0x00,0x00,0x00,0x00,0x00,0x00,0x00,0x00,0x00,
    0x00,0x00,0x00,0x00,0x00,0x00,0x00,0x00,0x00,0x00,0x00,0x00,0x00,0x00,0x00,0x00,
    0x00,0x00,0x00,0x00,0x00,0x00,0x00,0x00,0x00,0x00,0x00,0x00,0x00,0x00,0x00,0x00,
    0x00,0x00,0x00,0x00,0x00,0x00,0x00,0x00,0x00,0x00,0x00,0x00,0x00,0x00,0x00,0x00,
    0x00,0x00,0x00,0x00,0x00,0x00,0x00,0x00,0x00,0x00,0x00,0x00,0x00,0x00,0x00,0x00,
    0x00,0x00,0x00,0x00,0x00,0xff,0x00,0x01,0x3f,0xbf,0x00,0x04,0x44,0xaa,0x00,0x0f,
    0x3f,0xaf,0x0f,0x50,0x3f,0xaf,0x11,0xa0,0x3f,0xb1,0x12,0xe1,0x41,0xb6,0x12,0xff,
    0x41,0xb3,0x13,0xff,0x41,0xb2,0x13,0xff,0x40,0xb2,0x13,0xff,0x40,0xb1,0x13,0xff,
    0x40,0xb1,0x13,0xff,0x40,0xb1,0x13,0xff,0x40,0xb1,0x13,0xff,0x40,0xb1,0x13,0xff,
    0x40,0xb1,0x13,0xff,0x40,0xb1,0x13,0xff,0x40,0xb1,0x13,0xff,0x40,0xb1,0x13,0xff,
    0x40,0xb1,0x13,0xff,0x40,0xb1,0x13,0xff,0x40,0xb1,0x13,0xff,0x40,0xb1,0x13,0xff,
    0x40,0xb1,0x13,0xff,0x40,0xb1,0x13,0xff,0x40,0xb1,0x13,0xff,0x40,0xb1,0x13,0xff,
    0x40,0xb1,0x13,0xff,0x40,0xb1,0x13,0xff,0x40,0xb1,0x13,0xff,0x40,0xb1,0x13,0xff,
    0x40,0xb1,0x13,0xff,0x40,0xb2,0x13,0xff,0x41,0xb2,0x13,0xff,0x41,0xb3,0x13,0xff,
    0x41,0xb6,0x12,0xff,0x3f,0xb1,0x12,0xe1,0x3f,0xaf,0x11,0xa0,0x3f,0xaf,0x0f,0x50,
    0x44,0xaa,0x00,0x0f,0x3f,0xbf,0x00,0x04,0x00,0xff,0x00,0x01,0x00,0x00,0x00,0x00,
    0x00,0x00,0x00,0x00,0x00,0x00,0x00,0x00,0x00,0x00,0x00,0x00,0x00,0x00,0x00,0x00,
    0x00,0x00,0x00,0x00,0x00,0x00,0x00,0x00,0x00,0x00,0x00,0x00,0x00,0x00,0x00,0x00,
    0x00,0x00,0x00,0x00,0x00,0x00,0x00,0x00,0x00,0x00,0x00,0x00,0x00,0x00,0x00,0x00,
    0x00,0x00,0x00,0x00,0x00,0x00,0x00,0x00,0x00,0x00,0x00,0x00,0x00,0x00,0x00,0x00,
    0x00,0x00,0x00,0x00,0x00,0x00,0x00,0x00,0x00,0x00,0x00,0x00,0x00,0x00,0x00,0x00,
    0x00,0x00,0x00,0x00,0x00,0x00,0x00,0x00,0x00,0x00,0x00,0x00,0x00,0x00,0x00,0x00,
    0x00,0x00,0x00,0x00,0x00,0x00,0x00,0x00,0x00,0x00,0x00,0x00,0x00,0x00,0x00,0x00,
    0x00,0x00,0x00,0x00,0x00,0x00,0x00,0x00,0x00,0x00,0x00,0x00,0x00,0x00,0x00,0x00,
    0x00,0x00,0x00,0x00,0x00,0x00,0x00,0x00,0x00,0x00,0x00,0x00,0x00,0x00,0x00,0x00,
    0x00,0x00,0x00,0x00,0x00,0x00,0x00,0x00,0x00,0x00,0x00,0x00,0x00,0x00,0x00,0x00,
    0x00,0x00,0x00,0x00,0x00,0x00,0x00,0x00,0x00,0x00,0x00,0x00,0x00,0x00,0x00,0x00,
    0x00,0x00,0x00,0x00,0x00,0x00,0x00,0x00,0x00,0x00,0x00,0x00,0x00,0x00,0x00,0x00,
    0x00,0x00,0x00,0x00,0x00,0x00,0x00,0x00,0x00,0x00,0x00,0x00,0x00,0x00,0x00,0x00,
    0x00,0x00,0x00,0x00,0x00,0x00,0x00,0x00,0x00,0x00,0x00,0x00,0x00,0x00,0x00,0x00,
    0x00,0x00,0x00,0x00,0x00,0x00,0x00,0x00,0x00,0x00,0x00,0x00,0x00,0x00,0x00,0x00,
    0x00,0x00,0x00,0x00,0x00,0x00,0x00,0x00,0x00,0x00,0x00,0x00,0x00,0x00,0x00,0x00,
    0x00,0x00,0x00,0x00,0x00,0x00,0x00,0x00,0x00,0x00,0x00,0x00,0x00,0x00,0x00,0x00,
    0x00,0x00,0x00,0x00,0x00,0x00,0x00,0x00,0x00,0x00,0x00,0x00,0x00,0x00,0x00,0x00,
    0x3f,0xbf,0x1f,0x08,0x4c,0xb2,0x19,0x14,0x3a,0xb0,0x0d,0x27,0x3c,0xab,0x14,0x4c,
    0x41,0xb0,0x11,0x85,0x3e,0xaf,0x11,0xbd,0x3e,0xb0,0x12,0xef,0x42,0xb8,0x13,0xff,
    0x43,0xbb,0x14,0xff,0x43,0xb8,0x14,0xff,0x42,0xb7,0x14,0xff,0x42,0xb5,0x14,0xff,
    0x41,0xb4,0x13,0xff,0x41,0xb3,0x13,0xff,0x41,0xb2,0x13,0xff,0x40,0xb2,0x13,0xff,
    0x40,0xb1,0x13,0xff,0x40,0xb1,0x13,0xff,0x40,0xb1,0x13,0xff,0x40,0xb1,0x13,0xff,
    0x40,0xb2,0x13,0xff,0x41,0xb2,0x13,0xff,0x41,0xb3,0x13,0xff,0x41,0xb4,0x13,0xff,
    0x42,0xb5,0x14,0xff,0x42,0xb6,0x14,0xff,0x43,0xb8,0x14,0xff,0x43,0xbb,0x14,0xff,
    0x42,0xb8,0x13,0xff,0x3e,0xb0,0x12,0xef,0x3e,0xaf,0x11,0xbd,0x41,0xb0,0x11,0x85,
    0x3c,0xab,0x14,0x4c,0x3a,0xb0,0x0d,0x27,0x4c,0xb2,0x19,0x14,0x3f,0xbf,0x1f,0x08,
    0x00,0x00,0x00,0x00,0x00,0x00,0x00,0x00,0x00,0x00,0x00,0x00,0x00,0x00,0x00,0x00,
    0x00,0x00,0x00,0x00,0x00,0x00,0x00,0x00,0x00,0x00,0x00,0x00,0x00,0x00,0x00,0x00,
    0x00,0x00,0x00,0x00,0x00,0x00,0x00,0x00,0x00,0x00,0x00,0x00,0x00,0x00,0x00,0x00,
    0x00,0x00,0x00,0x00,0x00,0x00,0x00,0x00,0x00,0x00,0x00,0x00,0x00,0x00,0x00,0x00,
    0x00,0x00,0x00,0x00,0x00,0x00,0x00,0x00,0x00,0x00,0x00,0x00,0x00,0x00,0x00,0x00,
    0x00,0x00,0x00,0x00,0x00,0x00,0x00,0x00,0x00,0x00,0x00,0x00,0x00,0x00,0x00,0x00,
    0x00,0x00,0x00,0x00,0x00,0x00,0x00,0x00,0x00,0x00,0x00,0x00,0x00,0x00,0x00,0x00,
    0x00,0x00,0x00,0x00,0x00,0x00,0x00,0x00,0x00,0x00,0x00,0x00,0x00,0x00,0x00,0x00,
    0x00,0x00,0x00,0x00,0x00,0x00,0x00,0x00,0x00,0x00,0x00,0x00,0x00,0x00,0x00,0x00,
    0x00,0x00,0x00,0x00,0x00,0x00,0x00,0x00,0x00,0x00,0x00,0x00,0x00,0x00,0x00,0x00,
    0x00,0x00,0x00,0x00,0x00,0x00,0x00,0x00,0x00,0x00,0x00,0x00,0x00,0x00,0x00,0x00,
    0x00,0x00,0x00,0x00,0x00,0x00,0x00,0x00,0x00,0x00,0x00,0x00,0x00,0x00,0x00,0x00,
    0x00,0x00,0x00,0x00,0x00,0x00,0x00,0x00,0x00,0x00,0x00,0x00,0x00,0x00,0x00,0x00,
    0x00,0x00,0x00,0x00,0x00,0x00,0x00,0x00,0x00,0x00,0x00,0x00,0x00,0x00,0x00,0x00,
    0x00,0x00,0x00,0x00,0x00,0x00,0x00,0x00,0x00,0x00,0x00,0x00,0x00,0x00,0x00,0x00,
    0x00,0x00,0x00,0x00,0x00,0x00,0x00,0x00,0x00,0x00,0x00,0x00,0x00,0x00,0x00,0x00,
    0x00,0x00,0x00,0x00,0x00,0x00,0x00,0x00,0x00,0x00,0x00,0x00,0x00,0x00,0x00,0x00,
    0x00,0x00,0x00,0x00,0x00,0x00,0x00,0x00,0x00,0x00,0x00,0x00,0x00,0x00,0x00,0x00,
    0x00,0x00,0x00,0x00,0x00,0x00,0x00,0x00,0x00,0x00,0x00,0x00,0x00,0x00,0x00,0x00,
    0x00,0x00,0x00,0x00,0x00,0x00,0x00,0x00,0x00,0x00,0x00,0x00,0x3f,0x7f,0x00,0x04,
    0x44,0xb0,0x13,0x1a,0x3b,0xad,0x10,0x2f,0x3e,0xac,0x13,0x41,0x3f,0xb0,0x11,0x58,
    0x3f,0xae,0x13,0x75,0x3f,0xb1,0x13,0x90,0x3f,0xb0,0x12,0xa9,0x3f,0xb0,0x11,0xbd,
    0x3f,0xb0,0x13,0xd1,0x40,0xb0,0x12,0xdf,0x3e,0xaf,0x13,0xeb,0x3f,0xb0,0x12,0xf4,
    0x40,0xb1,0x12,0xfa,0x40,0xb1,0x13,0xff,0x40,0xb1,0x13,0xff,0x40,0xb1,0x12,0xfa,
    0x3f,0xb0,0x12,0xf4,0x3e,0xaf,0x13,0xeb,0x40,0xb1,0x12,0xdf,0x3f,0xb0,0x13,0xd1,
    0x3f,0xb0,0x11,0xbd,0x3f,0xb2,0x12,0xa9,0x3f,0xb1,0x13,0x90,0x3f,0xae,0x13,0x75,
    0x3f,0xb0,0x11,0x58,0x3e,0xac,0x13,0x41,0x3b,0xad,0x10,0x2f,0x44,0xb0,0x13,0x1a,
    0x3f,0x7f,0x00,0x04,0x00,0x00,0x00,0x00,0x00,0x00,0x00,0x00,0x00,0x00,0x00,0x00,
    0x00,0x00,0x00,0x00,0x00,0x00,0x00,0x00,0x00,0x00,0x00,0x00,0x00,0x00,0x00,0x00,
    0x00,0x00,0x00,0x00,0x00,0x00,0x00,0x00,0x00,0x00,0x00,0x00,0x00,0x00,0x00,0x00,
    0x00,0x00,0x00,0x00,0x00,0x00,0x00,0x00,0x00,0x00,0x00,0x00,0x00,0x00,0x00,0x00,
    0x00,0x00,0x00,0x00,0x00,0x00,0x00,0x00,0x00,0x00,0x00,0x00,0x00,0x00,0x00,0x00,
    0x00,0x00,0x00,0x00,0x00,0x00,0x00,0x00,0x00,0x00,0x00,0x00,0x00,0x00,0x00,0x00,
    0x00,0x00,0x00,0x00,0x00,0x00,0x00,0x00,0x00,0x00,0x00,0x00,0x00,0x00,0x00,0x00,
    0x00,0x00,0x00,0x00,0x00,0x00,0x00,0x00,0x00,0x00,0x00,0x00,0x00,0x00,0x00,0x00,
    0x00,0x00,0x00,0x00,0x00,0x00,0x00,0x00,0x00,0x00,0x00,0x00,0x00,0x00,0x00,0x00,
    0x00,0x00,0x00,0x00,0x00,0x00,0x00,0x00,0x00,0x00,0x00,0x00,0x00,0x00,0x00,0x00,
    0x00,0x00,0x00,0x00,0x00,0x00,0x00,0x00,0x00,0x00,0x00,0x00,0x00,0x00,0x00,0x00,
    0x00,0x00,0x00,0x00,0x00,0x00,0x00,0x00,0x00,0x00,0x00,0x00,0x00,0x00,0x00,0x00,
};

const lv_image_dsc_t img_car_99x99_ARGB8888_aligned = {
  .header.magic = LV_IMAGE_HEADER_MAGIC,
  .header.cf = LV_COLOR_FORMAT_ARGB8888,
  .header.stride = 448,
  .header.flags = 0,
  .header.w = 99,
  .header.h = 99,
  .data_size = sizeof(img_car_99x99_ARGB8888_aligned_map),
  .data = img_car_99x99_ARGB8888_aligned_map,
};
