#ifdef __has_include
#if __has_include("lvgl.h")
#ifndef LV_LVGL_H_INCLUDE_SIMPLE
#define LV_LVGL_H_INCLUDE_SIMPLE
#endif
#endif
#endif

#if defined(LV_LVGL_H_INCLUDE_SIMPLE)
 #include "lvgl.h"
#else
 #include "lvgl/lvgl.h"
#endif

#ifndef LV_ATTRIBUTE_MEM_ALIGN
#define LV_ATTRIBUTE_MEM_ALIGN
#endif

#ifndef LV_ATTRIBUTE_IMAGE_IMG_CLOCKWISE_SEC_30X180_ARGB8888_ALIGNED
#define LV_ATTRIBUTE_IMAGE_IMG_CLOCKWISE_SEC_30X180_ARGB8888_ALIGNED
#endif

const LV_ATTRIBUTE_MEM_ALIGN LV_ATTRIBUTE_LARGE_CONST LV_ATTRIBUTE_IMAGE_IMG_CLOCKWISE_SEC_30X180_ARGB8888_ALIGNED uint8_t img_clockwise_sec_30x180_ARGB8888_aligned_map[] = {
    0x00,0x00,0x00,0x00,0x00,0x00,0x00,0x00,0x00,0x00,0x00,0x00,0x00,0x00,0x00,0x00,
    0x00,0x00,0x00,0x00,0x00,0x00,0x00,0x00,0x00,0x00,0x00,0x00,0x00,0x00,0x00,0x00,
    0x00,0x00,0x00,0x00,0x00,0x00,0x00,0x00,0x00,0x00,0x00,0x00,0x2a,0xd4,0xaa,0x06,
    0x00,0x00,0x00,0x00,0x2e,0xd6,0xbe,0x72,0x34,0xe9,0xcf,0xff,0x34,0xe9,0xcf,0xff,
    0x2e,0xd6,0xbe,0x72,0x00,0x00,0x00,0x00,0x2a,0xd4,0xaa,0x06,0x00,0x00,0x00,0x00,
    0x00,0x00,0x00,0x00,0x00,0x00,0x00,0x00,0x00,0x00,0x00,0x00,0x00,0x00,0x00,0x00,
    0x00,0x00,0x00,0x00,0x00,0x00,0x00,0x00,0x00,0x00,0x00,0x00,0x00,0x00,0x00,0x00,
    0x00,0x00,0x00,0x00,0x00,0x00,0x00,0x00,0x00,0x00,0x00,0x00,0x00,0x00,0x00,0x00,
    0x00,0x00,0x00,0x00,0x00,0x00,0x00,0x00,0x00,0x00,0x00,0x00,0x00,0x00,0x00,0x00,
    0x00,0x00,0x00,0x00,0x00,0x00,0x00,0x00,0x00,0x00,0x00,0x00,0x00,0x00,0x00,0x00,
    0x00,0x00,0x00,0x00,0x00,0x00,0x00,0x00,0x00,0x00,0x00,0x00,0x2a,0xd4,0xaa,0x06,
    0x00,0x00,0x00,0x00,0x2e,0xd6,0xbe,0x72,0x34,0xe9,0xcf,0xff,0x34,0xe9,0xcf,0xff,
    0x2e,0xd6,0xbe,0x72,0x00,0x00,0x00,0x00,0x2a,0xd4,0xaa,0x06,0x00,0x00,0x00,0x00,
    0x00,0x00,0x00,0x00,0x00,0x00,0x00,0x00,0x00,0x00,0x00,0x00,0x00,0x00,0x00,0x00,
    0x00,0x00,0x00,0x00,0x00,0x00,0x00,0x00,0x00,0x00,0x00,0x00,0x00,0x00,0x00,0x00,
    0x00,0x00,0x00,0x00,0x00,0x00,0x00,0x00,0x00,0x00,0x00,0x00,0x00,0x00,0x00,0x00,
    0x00,0x00,0x00,0x00,0x00,0x00,0x00,0x00,0x00,0x00,0x00,0x00,0x00,0x00,0x00,0x00,
    0x00,0x00,0x00,0x00,0x00,0x00,0x00,0x00,0x00,0x00,0x00,0x00,0x00,0x00,0x00,0x00,
    0x00,0x00,0x00,0x00,0x00,0x00,0x00,0x00,0x00,0x00,0x00,0x00,0x2a,0xd4,0xaa,0x06,
    0x00,0x00,0x00,0x00,0x2e,0xd6,0xbe,0x72,0x34,0xe9,0xcf,0xff,0x34,0xe9,0xcf,0xff,
    0x2e,0xd6,0xbe,0x72,0x00,0x00,0x00,0x00,0x2a,0xd4,0xaa,0x06,0x00,0x00,0x00,0x00,
    0x00,0x00,0x00,0x00,0x00,0x00,0x00,0x00,0x00,0x00,0x00,0x00,0x00,0x00,0x00,0x00,
    0x00,0x00,0x00,0x00,0x00,0x00,0x00,0x00,0x00,0x00,0x00,0x00,0x00,0x00,0x00,0x00,
    0x00,0x00,0x00,0x00,0x00,0x00,0x00,0x00,0x00,0x00,0x00,0x00,0x00,0x00,0x00,0x00,
    0x00,0x00,0x00,0x00,0x00,0x00,0x00,0x00,0x00,0x00,0x00,0x00,0x00,0x00,0x00,0x00,
    0x00,0x00,0x00,0x00,0x00,0x00,0x00,0x00,0x00,0x00,0x00,0x00,0x00,0x00,0x00,0x00,
    0x00,0x00,0x00,0x00,0x00,0x00,0x00,0x00,0x00,0x00,0x00,0x00,0x2a,0xd4,0xaa,0x06,
    0x00,0x00,0x00,0x00,0x2e,0xd6,0xbe,0x72,0x34,0xe9,0xcf,0xff,0x34,0xe9,0xcf,0xff,
    0x2e,0xd6,0xbe,0x72,0x00,0x00,0x00,0x00,0x2a,0xd4,0xaa,0x06,0x00,0x00,0x00,0x00,
    0x00,0x00,0x00,0x00,0x00,0x00,0x00,0x00,0x00,0x00,0x00,0x00,0x00,0x00,0x00,0x00,
    0x00,0x00,0x00,0x00,0x00,0x00,0x00,0x00,0x00,0x00,0x00,0x00,0x00,0x00,0x00,0x00,
    0x00,0x00,0x00,0x00,0x00,0x00,0x00,0x00,0x00,0x00,0x00,0x00,0x00,0x00,0x00,0x00,
    0x00,0x00,0x00,0x00,0x00,0x00,0x00,0x00,0x00,0x00,0x00,0x00,0x00,0x00,0x00,0x00,
    0x00,0x00,0x00,0x00,0x00,0x00,0x00,0x00,0x00,0x00,0x00,0x00,0x00,0x00,0x00,0x00,
    0x00,0x00,0x00,0x00,0x00,0x00,0x00,0x00,0x00,0x00,0x00,0x00,0x2a,0xd4,0xaa,0x06,
    0x00,0x00,0x00,0x00,0x2e,0xd6,0xbe,0x72,0x34,0xe9,0xcf,0xff,0x34,0xe9,0xcf,0xff,
    0x2e,0xd6,0xbe,0x72,0x00,0x00,0x00,0x00,0x2a,0xd4,0xaa,0x06,0x00,0x00,0x00,0x00,
    0x00,0x00,0x00,0x00,0x00,0x00,0x00,0x00,0x00,0x00,0x00,0x00,0x00,0x00,0x00,0x00,
    0x00,0x00,0x00,0x00,0x00,0x00,0x00,0x00,0x00,0x00,0x00,0x00,0x00,0x00,0x00,0x00,
    0x00,0x00,0x00,0x00,0x00,0x00,0x00,0x00,0x00,0x00,0x00,0x00,0x00,0x00,0x00,0x00,
    0x00,0x00,0x00,0x00,0x00,0x00,0x00,0x00,0x00,0x00,0x00,0x00,0x00,0x00,0x00,0x00,
    0x00,0x00,0x00,0x00,0x00,0x00,0x00,0x00,0x00,0x00,0x00,0x00,0x00,0x00,0x00,0x00,
    0x00,0x00,0x00,0x00,0x00,0x00,0x00,0x00,0x00,0x00,0x00,0x00,0x2a,0xd4,0xaa,0x06,
    0x00,0x00,0x00,0x00,0x2e,0xd6,0xbe,0x72,0x34,0xe9,0xcf,0xff,0x34,0xe9,0xcf,0xff,
    0x2e,0xd6,0xbe,0x72,0x00,0x00,0x00,0x00,0x2a,0xd4,0xaa,0x06,0x00,0x00,0x00,0x00,
    0x00,0x00,0x00,0x00,0x00,0x00,0x00,0x00,0x00,0x00,0x00,0x00,0x00,0x00,0x00,0x00,
    0x00,0x00,0x00,0x00,0x00,0x00,0x00,0x00,0x00,0x00,0x00,0x00,0x00,0x00,0x00,0x00,
    0x00,0x00,0x00,0x00,0x00,0x00,0x00,0x00,0x00,0x00,0x00,0x00,0x00,0x00,0x00,0x00,
    0x00,0x00,0x00,0x00,0x00,0x00,0x00,0x00,0x00,0x00,0x00,0x00,0x00,0x00,0x00,0x00,
    0x00,0x00,0x00,0x00,0x00,0x00,0x00,0x00,0x00,0x00,0x00,0x00,0x00,0x00,0x00,0x00,
    0x00,0x00,0x00,0x00,0x00,0x00,0x00,0x00,0x00,0x00,0x00,0x00,0x2a,0xd4,0xaa,0x06,
    0x00,0x00,0x00,0x00,0x2e,0xd6,0xbe,0x72,0x34,0xe9,0xcf,0xff,0x34,0xe9,0xcf,0xff,
    0x2e,0xd6,0xbe,0x72,0x00,0x00,0x00,0x00,0x2a,0xd4,0xaa,0x06,0x00,0x00,0x00,0x00,
    0x00,0x00,0x00,0x00,0x00,0x00,0x00,0x00,0x00,0x00,0x00,0x00,0x00,0x00,0x00,0x00,
    0x00,0x00,0x00,0x00,0x00,0x00,0x00,0x00,0x00,0x00,0x00,0x00,0x00,0x00,0x00,0x00,
    0x00,0x00,0x00,0x00,0x00,0x00,0x00,0x00,0x00,0x00,0x00,0x00,0x00,0x00,0x00,0x00,
    0x00,0x00,0x00,0x00,0x00,0x00,0x00,0x00,0x00,0x00,0x00,0x00,0x00,0x00,0x00,0x00,
    0x00,0x00,0x00,0x00,0x00,0x00,0x00,0x00,0x00,0x00,0x00,0x00,0x00,0x00,0x00,0x00,
    0x00,0x00,0x00,0x00,0x00,0x00,0x00,0x00,0x00,0x00,0x00,0x00,0x2a,0xd4,0xaa,0x06,
    0x00,0x00,0x00,0x00,0x2e,0xd6,0xbe,0x72,0x34,0xe9,0xcf,0xff,0x34,0xe9,0xcf,0xff,
    0x2e,0xd6,0xbe,0x72,0x00,0x00,0x00,0x00,0x2a,0xd4,0xaa,0x06,0x00,0x00,0x00,0x00,
    0x00,0x00,0x00,0x00,0x00,0x00,0x00,0x00,0x00,0x00,0x00,0x00,0x00,0x00,0x00,0x00,
    0x00,0x00,0x00,0x00,0x00,0x00,0x00,0x00,0x00,0x00,0x00,0x00,0x00,0x00,0x00,0x00,
    0x00,0x00,0x00,0x00,0x00,0x00,0x00,0x00,0x00,0x00,0x00,0x00,0x00,0x00,0x00,0x00,
    0x00,0x00,0x00,0x00,0x00,0x00,0x00,0x00,0x00,0x00,0x00,0x00,0x00,0x00,0x00,0x00,
    0x00,0x00,0x00,0x00,0x00,0x00,0x00,0x00,0x00,0x00,0x00,0x00,0x00,0x00,0x00,0x00,
    0x00,0x00,0x00,0x00,0x00,0x00,0x00,0x00,0x00,0x00,0x00,0x00,0x2a,0xd4,0xaa,0x06,
    0x00,0x00,0x00,0x00,0x2e,0xd6,0xbe,0x72,0x34,0xe9,0xcf,0xff,0x34,0xe9,0xcf,0xff,
    0x2e,0xd6,0xbe,0x72,0x00,0x00,0x00,0x00,0x2a,0xd4,0xaa,0x06,0x00,0x00,0x00,0x00,
    0x00,0x00,0x00,0x00,0x00,0x00,0x00,0x00,0x00,0x00,0x00,0x00,0x00,0x00,0x00,0x00,
    0x00,0x00,0x00,0x00,0x00,0x00,0x00,0x00,0x00,0x00,0x00,0x00,0x00,0x00,0x00,0x00,
    0x00,0x00,0x00,0x00,0x00,0x00,0x00,0x00,0x00,0x00,0x00,0x00,0x00,0x00,0x00,0x00,
    0x00,0x00,0x00,0x00,0x00,0x00,0x00,0x00,0x00,0x00,0x00,0x00,0x00,0x00,0x00,0x00,
    0x00,0x00,0x00,0x00,0x00,0x00,0x00,0x00,0x00,0x00,0x00,0x00,0x00,0x00,0x00,0x00,
    0x00,0x00,0x00,0x00,0x00,0x00,0x00,0x00,0x00,0x00,0x00,0x00,0x2a,0xd4,0xaa,0x06,
    0x00,0x00,0x00,0x00,0x2e,0xd6,0xbe,0x72,0x34,0xe9,0xcf,0xff,0x34,0xe9,0xcf,0xff,
    0x2e,0xd6,0xbe,0x72,0x00,0x00,0x00,0x00,0x2a,0xd4,0xaa,0x06,0x00,0x00,0x00,0x00,
    0x00,0x00,0x00,0x00,0x00,0x00,0x00,0x00,0x00,0x00,0x00,0x00,0x00,0x00,0x00,0x00,
    0x00,0x00,0x00,0x00,0x00,0x00,0x00,0x00,0x00,0x00,0x00,0x00,0x00,0x00,0x00,0x00,
    0x00,0x00,0x00,0x00,0x00,0x00,0x00,0x00,0x00,0x00,0x00,0x00,0x00,0x00,0x00,0x00,
    0x00,0x00,0x00,0x00,0x00,0x00,0x00,0x00,0x00,0x00,0x00,0x00,0x00,0x00,0x00,0x00,
    0x00,0x00,0x00,0x00,0x00,0x00,0x00,0x00,0x00,0x00,0x00,0x00,0x00,0x00,0x00,0x00,
    0x00,0x00,0x00,0x00,0x00,0x00,0x00,0x00,0x00,0x00,0x00,0x00,0x2a,0xd4,0xaa,0x06,
    0x00,0x00,0x00,0x00,0x2e,0xd6,0xbe,0x72,0x34,0xe9,0xcf,0xff,0x34,0xe9,0xcf,0xff,
    0x2e,0xd6,0xbe,0x72,0x00,0x00,0x00,0x00,0x2a,0xd4,0xaa,0x06,0x00,0x00,0x00,0x00,
    0x00,0x00,0x00,0x00,0x00,0x00,0x00,0x00,0x00,0x00,0x00,0x00,0x00,0x00,0x00,0x00,
    0x00,0x00,0x00,0x00,0x00,0x00,0x00,0x00,0x00,0x00,0x00,0x00,0x00,0x00,0x00,0x00,
    0x00,0x00,0x00,0x00,0x00,0x00,0x00,0x00,0x00,0x00,0x00,0x00,0x00,0x00,0x00,0x00,
    0x00,0x00,0x00,0x00,0x00,0x00,0x00,0x00,0x00,0x00,0x00,0x00,0x00,0x00,0x00,0x00,
    0x00,0x00,0x00,0x00,0x00,0x00,0x00,0x00,0x00,0x00,0x00,0x00,0x00,0x00,0x00,0x00,
    0x00,0x00,0x00,0x00,0x00,0x00,0x00,0x00,0x00,0x00,0x00,0x00,0x2a,0xd4,0xaa,0x06,
    0x00,0x00,0x00,0x00,0x2e,0xd6,0xbe,0x72,0x34,0xe9,0xcf,0xff,0x34,0xe9,0xcf,0xff,
    0x2e,0xd6,0xbe,0x72,0x00,0x00,0x00,0x00,0x2a,0xd4,0xaa,0x06,0x00,0x00,0x00,0x00,
    0x00,0x00,0x00,0x00,0x00,0x00,0x00,0x00,0x00,0x00,0x00,0x00,0x00,0x00,0x00,0x00,
    0x00,0x00,0x00,0x00,0x00,0x00,0x00,0x00,0x00,0x00,0x00,0x00,0x00,0x00,0x00,0x00,
    0x00,0x00,0x00,0x00,0x00,0x00,0x00,0x00,0x00,0x00,0x00,0x00,0x00,0x00,0x00,0x00,
    0x00,0x00,0x00,0x00,0x00,0x00,0x00,0x00,0x00,0x00,0x00,0x00,0x00,0x00,0x00,0x00,
    0x00,0x00,0x00,0x00,0x00,0x00,0x00,0x00,0x00,0x00,0x00,0x00,0x00,0x00,0x00,0x00,
    0x00,0x00,0x00,0x00,0x00,0x00,0x00,0x00,0x00,0x00,0x00,0x00,0x2a,0xd4,0xaa,0x06,
    0x00,0x00,0x00,0x00,0x2e,0xd6,0xbe,0x72,0x34,0xe9,0xcf,0xff,0x34,0xe9,0xcf,0xff,
    0x2e,0xd6,0xbe,0x72,0x00,0x00,0x00,0x00,0x2a,0xd4,0xaa,0x06,0x00,0x00,0x00,0x00,
    0x00,0x00,0x00,0x00,0x00,0x00,0x00,0x00,0x00,0x00,0x00,0x00,0x00,0x00,0x00,0x00,
    0x00,0x00,0x00,0x00,0x00,0x00,0x00,0x00,0x00,0x00,0x00,0x00,0x00,0x00,0x00,0x00,
    0x00,0x00,0x00,0x00,0x00,0x00,0x00,0x00,0x00,0x00,0x00,0x00,0x00,0x00,0x00,0x00,
    0x00,0x00,0x00,0x00,0x00,0x00,0x00,0x00,0x00,0x00,0x00,0x00,0x00,0x00,0x00,0x00,
    0x00,0x00,0x00,0x00,0x00,0x00,0x00,0x00,0x00,0x00,0x00,0x00,0x00,0x00,0x00,0x00,
    0x00,0x00,0x00,0x00,0x00,0x00,0x00,0x00,0x00,0x00,0x00,0x00,0x2a,0xd4,0xaa,0x06,
    0x00,0x00,0x00,0x00,0x2e,0xd6,0xbe,0x72,0x34,0xe9,0xcf,0xff,0x34,0xe9,0xcf,0xff,
    0x2e,0xd6,0xbe,0x72,0x00,0x00,0x00,0x00,0x2a,0xd4,0xaa,0x06,0x00,0x00,0x00,0x00,
    0x00,0x00,0x00,0x00,0x00,0x00,0x00,0x00,0x00,0x00,0x00,0x00,0x00,0x00,0x00,0x00,
    0x00,0x00,0x00,0x00,0x00,0x00,0x00,0x00,0x00,0x00,0x00,0x00,0x00,0x00,0x00,0x00,
    0x00,0x00,0x00,0x00,0x00,0x00,0x00,0x00,0x00,0x00,0x00,0x00,0x00,0x00,0x00,0x00,
    0x00,0x00,0x00,0x00,0x00,0x00,0x00,0x00,0x00,0x00,0x00,0x00,0x00,0x00,0x00,0x00,
    0x00,0x00,0x00,0x00,0x00,0x00,0x00,0x00,0x00,0x00,0x00,0x00,0x00,0x00,0x00,0x00,
    0x00,0x00,0x00,0x00,0x00,0x00,0x00,0x00,0x00,0x00,0x00,0x00,0x2a,0xd4,0xaa,0x06,
    0x00,0x00,0x00,0x00,0x2e,0xd6,0xbe,0x72,0x34,0xe9,0xcf,0xff,0x34,0xe9,0xcf,0xff,
    0x2e,0xd6,0xbe,0x72,0x00,0x00,0x00,0x00,0x2a,0xd4,0xaa,0x06,0x00,0x00,0x00,0x00,
    0x00,0x00,0x00,0x00,0x00,0x00,0x00,0x00,0x00,0x00,0x00,0x00,0x00,0x00,0x00,0x00,
    0x00,0x00,0x00,0x00,0x00,0x00,0x00,0x00,0x00,0x00,0x00,0x00,0x00,0x00,0x00,0x00,
    0x00,0x00,0x00,0x00,0x00,0x00,0x00,0x00,0x00,0x00,0x00,0x00,0x00,0x00,0x00,0x00,
    0x00,0x00,0x00,0x00,0x00,0x00,0x00,0x00,0x00,0x00,0x00,0x00,0x00,0x00,0x00,0x00,
    0x00,0x00,0x00,0x00,0x00,0x00,0x00,0x00,0x00,0x00,0x00,0x00,0x00,0x00,0x00,0x00,
    0x00,0x00,0x00,0x00,0x00,0x00,0x00,0x00,0x00,0x00,0x00,0x00,0x2a,0xd4,0xaa,0x06,
    0x00,0x00,0x00,0x00,0x2e,0xd6,0xbe,0x72,0x34,0xe9,0xcf,0xff,0x34,0xe9,0xcf,0xff,
    0x2e,0xd6,0xbe,0x72,0x00,0x00,0x00,0x00,0x2a,0xd4,0xaa,0x06,0x00,0x00,0x00,0x00,
    0x00,0x00,0x00,0x00,0x00,0x00,0x00,0x00,0x00,0x00,0x00,0x00,0x00,0x00,0x00,0x00,
    0x00,0x00,0x00,0x00,0x00,0x00,0x00,0x00,0x00,0x00,0x00,0x00,0x00,0x00,0x00,0x00,
    0x00,0x00,0x00,0x00,0x00,0x00,0x00,0x00,0x00,0x00,0x00,0x00,0x00,0x00,0x00,0x00,
    0x00,0x00,0x00,0x00,0x00,0x00,0x00,0x00,0x00,0x00,0x00,0x00,0x00,0x00,0x00,0x00,
    0x00,0x00,0x00,0x00,0x00,0x00,0x00,0x00,0x00,0x00,0x00,0x00,0x00,0x00,0x00,0x00,
    0x00,0x00,0x00,0x00,0x00,0x00,0x00,0x00,0x00,0x00,0x00,0x00,0x2a,0xd4,0xaa,0x06,
    0x00,0x00,0x00,0x00,0x2e,0xd6,0xbe,0x72,0x34,0xe9,0xcf,0xff,0x34,0xe9,0xcf,0xff,
    0x2e,0xd6,0xbe,0x72,0x00,0x00,0x00,0x00,0x2a,0xd4,0xaa,0x06,0x00,0x00,0x00,0x00,
    0x00,0x00,0x00,0x00,0x00,0x00,0x00,0x00,0x00,0x00,0x00,0x00,0x00,0x00,0x00,0x00,
    0x00,0x00,0x00,0x00,0x00,0x00,0x00,0x00,0x00,0x00,0x00,0x00,0x00,0x00,0x00,0x00,
    0x00,0x00,0x00,0x00,0x00,0x00,0x00,0x00,0x00,0x00,0x00,0x00,0x00,0x00,0x00,0x00,
    0x00,0x00,0x00,0x00,0x00,0x00,0x00,0x00,0x00,0x00,0x00,0x00,0x00,0x00,0x00,0x00,
    0x00,0x00,0x00,0x00,0x00,0x00,0x00,0x00,0x00,0x00,0x00,0x00,0x00,0x00,0x00,0x00,
    0x00,0x00,0x00,0x00,0x00,0x00,0x00,0x00,0x00,0x00,0x00,0x00,0x2a,0xd4,0xaa,0x06,
    0x00,0x00,0x00,0x00,0x2e,0xd6,0xbe,0x72,0x34,0xe9,0xcf,0xff,0x34,0xe9,0xcf,0xff,
    0x2e,0xd6,0xbe,0x72,0x00,0x00,0x00,0x00,0x2a,0xd4,0xaa,0x06,0x00,0x00,0x00,0x00,
    0x00,0x00,0x00,0x00,0x00,0x00,0x00,0x00,0x00,0x00,0x00,0x00,0x00,0x00,0x00,0x00,
    0x00,0x00,0x00,0x00,0x00,0x00,0x00,0x00,0x00,0x00,0x00,0x00,0x00,0x00,0x00,0x00,
    0x00,0x00,0x00,0x00,0x00,0x00,0x00,0x00,0x00,0x00,0x00,0x00,0x00,0x00,0x00,0x00,
    0x00,0x00,0x00,0x00,0x00,0x00,0x00,0x00,0x00,0x00,0x00,0x00,0x00,0x00,0x00,0x00,
    0x00,0x00,0x00,0x00,0x00,0x00,0x00,0x00,0x00,0x00,0x00,0x00,0x00,0x00,0x00,0x00,
    0x00,0x00,0x00,0x00,0x00,0x00,0x00,0x00,0x00,0x00,0x00,0x00,0x2a,0xd4,0xaa,0x06,
    0x00,0x00,0x00,0x00,0x2e,0xd6,0xbe,0x72,0x34,0xe9,0xcf,0xff,0x34,0xe9,0xcf,0xff,
    0x2e,0xd6,0xbe,0x72,0x00,0x00,0x00,0x00,0x2a,0xd4,0xaa,0x06,0x00,0x00,0x00,0x00,
    0x00,0x00,0x00,0x00,0x00,0x00,0x00,0x00,0x00,0x00,0x00,0x00,0x00,0x00,0x00,0x00,
    0x00,0x00,0x00,0x00,0x00,0x00,0x00,0x00,0x00,0x00,0x00,0x00,0x00,0x00,0x00,0x00,
    0x00,0x00,0x00,0x00,0x00,0x00,0x00,0x00,0x00,0x00,0x00,0x00,0x00,0x00,0x00,0x00,
    0x00,0x00,0x00,0x00,0x00,0x00,0x00,0x00,0x00,0x00,0x00,0x00,0x00,0x00,0x00,0x00,
    0x00,0x00,0x00,0x00,0x00,0x00,0x00,0x00,0x00,0x00,0x00,0x00,0x00,0x00,0x00,0x00,
    0x00,0x00,0x00,0x00,0x00,0x00,0x00,0x00,0x00,0x00,0x00,0x00,0x2a,0xd4,0xaa,0x06,
    0x00,0x00,0x00,0x00,0x2e,0xd6,0xbe,0x72,0x34,0xe9,0xcf,0xff,0x34,0xe9,0xcf,0xff,
    0x2e,0xd6,0xbe,0x72,0x00,0x00,0x00,0x00,0x2a,0xd4,0xaa,0x06,0x00,0x00,0x00,0x00,
    0x00,0x00,0x00,0x00,0x00,0x00,0x00,0x00,0x00,0x00,0x00,0x00,0x00,0x00,0x00,0x00,
    0x00,0x00,0x00,0x00,0x00,0x00,0x00,0x00,0x00,0x00,0x00,0x00,0x00,0x00,0x00,0x00,
    0x00,0x00,0x00,0x00,0x00,0x00,0x00,0x00,0x00,0x00,0x00,0x00,0x00,0x00,0x00,0x00,
    0x00,0x00,0x00,0x00,0x00,0x00,0x00,0x00,0x00,0x00,0x00,0x00,0x00,0x00,0x00,0x00,
    0x00,0x00,0x00,0x00,0x00,0x00,0x00,0x00,0x00,0x00,0x00,0x00,0x00,0x00,0x00,0x00,
    0x00,0x00,0x00,0x00,0x00,0x00,0x00,0x00,0x00,0x00,0x00,0x00,0x2a,0xd4,0xaa,0x06,
    0x00,0x00,0x00,0x00,0x2e,0xd6,0xbe,0x72,0x34,0xe9,0xcf,0xff,0x34,0xe9,0xcf,0xff,
    0x2e,0xd6,0xbe,0x72,0x00,0x00,0x00,0x00,0x2a,0xd4,0xaa,0x06,0x00,0x00,0x00,0x00,
    0x00,0x00,0x00,0x00,0x00,0x00,0x00,0x00,0x00,0x00,0x00,0x00,0x00,0x00,0x00,0x00,
    0x00,0x00,0x00,0x00,0x00,0x00,0x00,0x00,0x00,0x00,0x00,0x00,0x00,0x00,0x00,0x00,
    0x00,0x00,0x00,0x00,0x00,0x00,0x00,0x00,0x00,0x00,0x00,0x00,0x00,0x00,0x00,0x00,
    0x00,0x00,0x00,0x00,0x00,0x00,0x00,0x00,0x00,0x00,0x00,0x00,0x00,0x00,0x00,0x00,
    0x00,0x00,0x00,0x00,0x00,0x00,0x00,0x00,0x00,0x00,0x00,0x00,0x00,0x00,0x00,0x00,
    0x00,0x00,0x00,0x00,0x00,0x00,0x00,0x00,0x00,0x00,0x00,0x00,0x2a,0xd4,0xaa,0x06,
    0x00,0x00,0x00,0x00,0x2e,0xd6,0xbe,0x72,0x34,0xe9,0xcf,0xff,0x34,0xe9,0xcf,0xff,
    0x2e,0xd6,0xbe,0x72,0x00,0x00,0x00,0x00,0x2a,0xd4,0xaa,0x06,0x00,0x00,0x00,0x00,
    0x00,0x00,0x00,0x00,0x00,0x00,0x00,0x00,0x00,0x00,0x00,0x00,0x00,0x00,0x00,0x00,
    0x00,0x00,0x00,0x00,0x00,0x00,0x00,0x00,0x00,0x00,0x00,0x00,0x00,0x00,0x00,0x00,
    0x00,0x00,0x00,0x00,0x00,0x00,0x00,0x00,0x00,0x00,0x00,0x00,0x00,0x00,0x00,0x00,
    0x00,0x00,0x00,0x00,0x00,0x00,0x00,0x00,0x00,0x00,0x00,0x00,0x00,0x00,0x00,0x00,
    0x00,0x00,0x00,0x00,0x00,0x00,0x00,0x00,0x00,0x00,0x00,0x00,0x00,0x00,0x00,0x00,
    0x00,0x00,0x00,0x00,0x00,0x00,0x00,0x00,0x00,0x00,0x00,0x00,0x2a,0xd4,0xaa,0x06,
    0x00,0x00,0x00,0x00,0x2e,0xd6,0xbe,0x72,0x34,0xe9,0xcf,0xff,0x34,0xe9,0xcf,0xff,
    0x2e,0xd6,0xbe,0x72,0x00,0x00,0x00,0x00,0x2a,0xd4,0xaa,0x06,0x00,0x00,0x00,0x00,
    0x00,0x00,0x00,0x00,0x00,0x00,0x00,0x00,0x00,0x00,0x00,0x00,0x00,0x00,0x00,0x00,
    0x00,0x00,0x00,0x00,0x00,0x00,0x00,0x00,0x00,0x00,0x00,0x00,0x00,0x00,0x00,0x00,
    0x00,0x00,0x00,0x00,0x00,0x00,0x00,0x00,0x00,0x00,0x00,0x00,0x00,0x00,0x00,0x00,
    0x00,0x00,0x00,0x00,0x00,0x00,0x00,0x00,0x00,0x00,0x00,0x00,0x00,0x00,0x00,0x00,
    0x00,0x00,0x00,0x00,0x00,0x00,0x00,0x00,0x00,0x00,0x00,0x00,0x00,0x00,0x00,0x00,
    0x00,0x00,0x00,0x00,0x00,0x00,0x00,0x00,0x00,0x00,0x00,0x00,0x2a,0xd4,0xaa,0x06,
    0x00,0x00,0x00,0x00,0x2e,0xd6,0xbe,0x72,0x34,0xe9,0xcf,0xff,0x34,0xe9,0xcf,0xff,
    0x2e,0xd6,0xbe,0x72,0x00,0x00,0x00,0x00,0x2a,0xd4,0xaa,0x06,0x00,0x00,0x00,0x00,
    0x00,0x00,0x00,0x00,0x00,0x00,0x00,0x00,0x00,0x00,0x00,0x00,0x00,0x00,0x00,0x00,
    0x00,0x00,0x00,0x00,0x00,0x00,0x00,0x00,0x00,0x00,0x00,0x00,0x00,0x00,0x00,0x00,
    0x00,0x00,0x00,0x00,0x00,0x00,0x00,0x00,0x00,0x00,0x00,0x00,0x00,0x00,0x00,0x00,
    0x00,0x00,0x00,0x00,0x00,0x00,0x00,0x00,0x00,0x00,0x00,0x00,0x00,0x00,0x00,0x00,
    0x00,0x00,0x00,0x00,0x00,0x00,0x00,0x00,0x00,0x00,0x00,0x00,0x00,0x00,0x00,0x00,
    0x00,0x00,0x00,0x00,0x00,0x00,0x00,0x00,0x00,0x00,0x00,0x00,0x2a,0xd4,0xaa,0x06,
    0x00,0x00,0x00,0x00,0x2e,0xd6,0xbe,0x72,0x34,0xe9,0xcf,0xff,0x34,0xe9,0xcf,0xff,
    0x2e,0xd6,0xbe,0x72,0x00,0x00,0x00,0x00,0x2a,0xd4,0xaa,0x06,0x00,0x00,0x00,0x00,
    0x00,0x00,0x00,0x00,0x00,0x00,0x00,0x00,0x00,0x00,0x00,0x00,0x00,0x00,0x00,0x00,
    0x00,0x00,0x00,0x00,0x00,0x00,0x00,0x00,0x00,0x00,0x00,0x00,0x00,0x00,0x00,0x00,
    0x00,0x00,0x00,0x00,0x00,0x00,0x00,0x00,0x00,0x00,0x00,0x00,0x00,0x00,0x00,0x00,
    0x00,0x00,0x00,0x00,0x00,0x00,0x00,0x00,0x00,0x00,0x00,0x00,0x00,0x00,0x00,0x00,
    0x00,0x00,0x00,0x00,0x00,0x00,0x00,0x00,0x00,0x00,0x00,0x00,0x00,0x00,0x00,0x00,
    0x00,0x00,0x00,0x00,0x00,0x00,0x00,0x00,0x00,0x00,0x00,0x00,0x2a,0xd4,0xaa,0x06,
    0x00,0x00,0x00,0x00,0x2e,0xd6,0xbe,0x72,0x34,0xe9,0xcf,0xff,0x34,0xe9,0xcf,0xff,
    0x2e,0xd6,0xbe,0x72,0x00,0x00,0x00,0x00,0x2a,0xd4,0xaa,0x06,0x00,0x00,0x00,0x00,
    0x00,0x00,0x00,0x00,0x00,0x00,0x00,0x00,0x00,0x00,0x00,0x00,0x00,0x00,0x00,0x00,
    0x00,0x00,0x00,0x00,0x00,0x00,0x00,0x00,0x00,0x00,0x00,0x00,0x00,0x00,0x00,0x00,
    0x00,0x00,0x00,0x00,0x00,0x00,0x00,0x00,0x00,0x00,0x00,0x00,0x00,0x00,0x00,0x00,
    0x00,0x00,0x00,0x00,0x00,0x00,0x00,0x00,0x00,0x00,0x00,0x00,0x00,0x00,0x00,0x00,
    0x00,0x00,0x00,0x00,0x00,0x00,0x00,0x00,0x00,0x00,0x00,0x00,0x00,0x00,0x00,0x00,
    0x00,0x00,0x00,0x00,0x00,0x00,0x00,0x00,0x00,0x00,0x00,0x00,0x2a,0xd4,0xaa,0x06,
    0x00,0x00,0x00,0x00,0x2e,0xd6,0xbe,0x72,0x34,0xe9,0xcf,0xff,0x34,0xe9,0xcf,0xff,
    0x2e,0xd6,0xbe,0x72,0x00,0x00,0x00,0x00,0x2a,0xd4,0xaa,0x06,0x00,0x00,0x00,0x00,
    0x00,0x00,0x00,0x00,0x00,0x00,0x00,0x00,0x00,0x00,0x00,0x00,0x00,0x00,0x00,0x00,
    0x00,0x00,0x00,0x00,0x00,0x00,0x00,0x00,0x00,0x00,0x00,0x00,0x00,0x00,0x00,0x00,
    0x00,0x00,0x00,0x00,0x00,0x00,0x00,0x00,0x00,0x00,0x00,0x00,0x00,0x00,0x00,0x00,
    0x00,0x00,0x00,0x00,0x00,0x00,0x00,0x00,0x00,0x00,0x00,0x00,0x00,0x00,0x00,0x00,
    0x00,0x00,0x00,0x00,0x00,0x00,0x00,0x00,0x00,0x00,0x00,0x00,0x00,0x00,0x00,0x00,
    0x00,0x00,0x00,0x00,0x00,0x00,0x00,0x00,0x00,0x00,0x00,0x00,0x2a,0xd4,0xaa,0x06,
    0x00,0x00,0x00,0x00,0x2e,0xd6,0xbe,0x72,0x34,0xe9,0xcf,0xff,0x34,0xe9,0xcf,0xff,
    0x2e,0xd6,0xbe,0x72,0x00,0x00,0x00,0x00,0x2a,0xd4,0xaa,0x06,0x00,0x00,0x00,0x00,
    0x00,0x00,0x00,0x00,0x00,0x00,0x00,0x00,0x00,0x00,0x00,0x00,0x00,0x00,0x00,0x00,
    0x00,0x00,0x00,0x00,0x00,0x00,0x00,0x00,0x00,0x00,0x00,0x00,0x00,0x00,0x00,0x00,
    0x00,0x00,0x00,0x00,0x00,0x00,0x00,0x00,0x00,0x00,0x00,0x00,0x00,0x00,0x00,0x00,
    0x00,0x00,0x00,0x00,0x00,0x00,0x00,0x00,0x00,0x00,0x00,0x00,0x00,0x00,0x00,0x00,
    0x00,0x00,0x00,0x00,0x00,0x00,0x00,0x00,0x00,0x00,0x00,0x00,0x00,0x00,0x00,0x00,
    0x00,0x00,0x00,0x00,0x00,0x00,0x00,0x00,0x00,0x00,0x00,0x00,0x2a,0xd4,0xaa,0x06,
    0x00,0x00,0x00,0x00,0x2e,0xd6,0xbe,0x72,0x34,0xe9,0xcf,0xff,0x34,0xe9,0xcf,0xff,
    0x2e,0xd6,0xbe,0x72,0x00,0x00,0x00,0x00,0x2a,0xd4,0xaa,0x06,0x00,0x00,0x00,0x00,
    0x00,0x00,0x00,0x00,0x00,0x00,0x00,0x00,0x00,0x00,0x00,0x00,0x00,0x00,0x00,0x00,
    0x00,0x00,0x00,0x00,0x00,0x00,0x00,0x00,0x00,0x00,0x00,0x00,0x00,0x00,0x00,0x00,
    0x00,0x00,0x00,0x00,0x00,0x00,0x00,0x00,0x00,0x00,0x00,0x00,0x00,0x00,0x00,0x00,
    0x00,0x00,0x00,0x00,0x00,0x00,0x00,0x00,0x00,0x00,0x00,0x00,0x00,0x00,0x00,0x00,
    0x00,0x00,0x00,0x00,0x00,0x00,0x00,0x00,0x00,0x00,0x00,0x00,0x00,0x00,0x00,0x00,
    0x00,0x00,0x00,0x00,0x00,0x00,0x00,0x00,0x00,0x00,0x00,0x00,0x2a,0xd4,0xaa,0x06,
    0x00,0x00,0x00,0x00,0x2e,0xd6,0xbe,0x72,0x34,0xe9,0xcf,0xff,0x34,0xe9,0xcf,0xff,
    0x2e,0xd6,0xbe,0x72,0x00,0x00,0x00,0x00,0x2a,0xd4,0xaa,0x06,0x00,0x00,0x00,0x00,
    0x00,0x00,0x00,0x00,0x00,0x00,0x00,0x00,0x00,0x00,0x00,0x00,0x00,0x00,0x00,0x00,
    0x00,0x00,0x00,0x00,0x00,0x00,0x00,0x00,0x00,0x00,0x00,0x00,0x00,0x00,0x00,0x00,
    0x00,0x00,0x00,0x00,0x00,0x00,0x00,0x00,0x00,0x00,0x00,0x00,0x00,0x00,0x00,0x00,
    0x00,0x00,0x00,0x00,0x00,0x00,0x00,0x00,0x00,0x00,0x00,0x00,0x00,0x00,0x00,0x00,
    0x00,0x00,0x00,0x00,0x00,0x00,0x00,0x00,0x00,0x00,0x00,0x00,0x00,0x00,0x00,0x00,
    0x00,0x00,0x00,0x00,0x00,0x00,0x00,0x00,0x00,0x00,0x00,0x00,0x2a,0xd4,0xaa,0x06,
    0x00,0x00,0x00,0x00,0x2e,0xd6,0xbe,0x72,0x34,0xe9,0xcf,0xff,0x34,0xe9,0xcf,0xff,
    0x2e,0xd6,0xbe,0x72,0x00,0x00,0x00,0x00,0x2a,0xd4,0xaa,0x06,0x00,0x00,0x00,0x00,
    0x00,0x00,0x00,0x00,0x00,0x00,0x00,0x00,0x00,0x00,0x00,0x00,0x00,0x00,0x00,0x00,
    0x00,0x00,0x00,0x00,0x00,0x00,0x00,0x00,0x00,0x00,0x00,0x00,0x00,0x00,0x00,0x00,
    0x00,0x00,0x00,0x00,0x00,0x00,0x00,0x00,0x00,0x00,0x00,0x00,0x00,0x00,0x00,0x00,
    0x00,0x00,0x00,0x00,0x00,0x00,0x00,0x00,0x00,0x00,0x00,0x00,0x00,0x00,0x00,0x00,
    0x00,0x00,0x00,0x00,0x00,0x00,0x00,0x00,0x00,0x00,0x00,0x00,0x00,0x00,0x00,0x00,
    0x00,0x00,0x00,0x00,0x00,0x00,0x00,0x00,0x00,0x00,0x00,0x00,0x2a,0xd4,0xaa,0x06,
    0x00,0x00,0x00,0x00,0x2e,0xd6,0xbe,0x72,0x34,0xe9,0xcf,0xff,0x34,0xe9,0xcf,0xff,
    0x2e,0xd6,0xbe,0x72,0x00,0x00,0x00,0x00,0x2a,0xd4,0xaa,0x06,0x00,0x00,0x00,0x00,
    0x00,0x00,0x00,0x00,0x00,0x00,0x00,0x00,0x00,0x00,0x00,0x00,0x00,0x00,0x00,0x00,
    0x00,0x00,0x00,0x00,0x00,0x00,0x00,0x00,0x00,0x00,0x00,0x00,0x00,0x00,0x00,0x00,
    0x00,0x00,0x00,0x00,0x00,0x00,0x00,0x00,0x00,0x00,0x00,0x00,0x00,0x00,0x00,0x00,
    0x00,0x00,0x00,0x00,0x00,0x00,0x00,0x00,0x00,0x00,0x00,0x00,0x00,0x00,0x00,0x00,
    0x00,0x00,0x00,0x00,0x00,0x00,0x00,0x00,0x00,0x00,0x00,0x00,0x00,0x00,0x00,0x00,
    0x00,0x00,0x00,0x00,0x00,0x00,0x00,0x00,0x00,0x00,0x00,0x00,0x2a,0xd4,0xaa,0x06,
    0x00,0x00,0x00,0x00,0x2e,0xd6,0xbe,0x72,0x34,0xe9,0xcf,0xff,0x34,0xe9,0xcf,0xff,
    0x2e,0xd6,0xbe,0x72,0x00,0x00,0x00,0x00,0x2a,0xd4,0xaa,0x06,0x00,0x00,0x00,0x00,
    0x00,0x00,0x00,0x00,0x00,0x00,0x00,0x00,0x00,0x00,0x00,0x00,0x00,0x00,0x00,0x00,
    0x00,0x00,0x00,0x00,0x00,0x00,0x00,0x00,0x00,0x00,0x00,0x00,0x00,0x00,0x00,0x00,
    0x00,0x00,0x00,0x00,0x00,0x00,0x00,0x00,0x00,0x00,0x00,0x00,0x00,0x00,0x00,0x00,
    0x00,0x00,0x00,0x00,0x00,0x00,0x00,0x00,0x00,0x00,0x00,0x00,0x00,0x00,0x00,0x00,
    0x00,0x00,0x00,0x00,0x00,0x00,0x00,0x00,0x00,0x00,0x00,0x00,0x00,0x00,0x00,0x00,
    0x00,0x00,0x00,0x00,0x00,0x00,0x00,0x00,0x00,0x00,0x00,0x00,0x2a,0xd4,0xaa,0x06,
    0x00,0x00,0x00,0x00,0x2e,0xd6,0xbe,0x72,0x34,0xe9,0xcf,0xff,0x34,0xe9,0xcf,0xff,
    0x2e,0xd6,0xbe,0x72,0x00,0x00,0x00,0x00,0x2a,0xd4,0xaa,0x06,0x00,0x00,0x00,0x00,
    0x00,0x00,0x00,0x00,0x00,0x00,0x00,0x00,0x00,0x00,0x00,0x00,0x00,0x00,0x00,0x00,
    0x00,0x00,0x00,0x00,0x00,0x00,0x00,0x00,0x00,0x00,0x00,0x00,0x00,0x00,0x00,0x00,
    0x00,0x00,0x00,0x00,0x00,0x00,0x00,0x00,0x00,0x00,0x00,0x00,0x00,0x00,0x00,0x00,
    0x00,0x00,0x00,0x00,0x00,0x00,0x00,0x00,0x00,0x00,0x00,0x00,0x00,0x00,0x00,0x00,
    0x00,0x00,0x00,0x00,0x00,0x00,0x00,0x00,0x00,0x00,0x00,0x00,0x00,0x00,0x00,0x00,
    0x00,0x00,0x00,0x00,0x00,0x00,0x00,0x00,0x00,0x00,0x00,0x00,0x2a,0xd4,0xaa,0x06,
    0x00,0x00,0x00,0x00,0x2e,0xd6,0xbe,0x72,0x34,0xe9,0xcf,0xff,0x34,0xe9,0xcf,0xff,
    0x2e,0xd6,0xbe,0x72,0x00,0x00,0x00,0x00,0x2a,0xd4,0xaa,0x06,0x00,0x00,0x00,0x00,
    0x00,0x00,0x00,0x00,0x00,0x00,0x00,0x00,0x00,0x00,0x00,0x00,0x00,0x00,0x00,0x00,
    0x00,0x00,0x00,0x00,0x00,0x00,0x00,0x00,0x00,0x00,0x00,0x00,0x00,0x00,0x00,0x00,
    0x00,0x00,0x00,0x00,0x00,0x00,0x00,0x00,0x00,0x00,0x00,0x00,0x00,0x00,0x00,0x00,
    0x00,0x00,0x00,0x00,0x00,0x00,0x00,0x00,0x00,0x00,0x00,0x00,0x00,0x00,0x00,0x00,
    0x00,0x00,0x00,0x00,0x00,0x00,0x00,0x00,0x00,0x00,0x00,0x00,0x00,0x00,0x00,0x00,
    0x00,0x00,0x00,0x00,0x00,0x00,0x00,0x00,0x00,0x00,0x00,0x00,0x2a,0xd4,0xaa,0x06,
    0x00,0x00,0x00,0x00,0x2e,0xd6,0xbe,0x72,0x34,0xe9,0xcf,0xff,0x34,0xe9,0xcf,0xff,
    0x2e,0xd6,0xbe,0x72,0x00,0x00,0x00,0x00,0x2a,0xd4,0xaa,0x06,0x00,0x00,0x00,0x00,
    0x00,0x00,0x00,0x00,0x00,0x00,0x00,0x00,0x00,0x00,0x00,0x00,0x00,0x00,0x00,0x00,
    0x00,0x00,0x00,0x00,0x00,0x00,0x00,0x00,0x00,0x00,0x00,0x00,0x00,0x00,0x00,0x00,
    0x00,0x00,0x00,0x00,0x00,0x00,0x00,0x00,0x00,0x00,0x00,0x00,0x00,0x00,0x00,0x00,
    0x00,0x00,0x00,0x00,0x00,0x00,0x00,0x00,0x00,0x00,0x00,0x00,0x00,0x00,0x00,0x00,
    0x00,0x00,0x00,0x00,0x00,0x00,0x00,0x00,0x00,0x00,0x00,0x00,0x00,0x00,0x00,0x00,
    0x00,0x00,0x00,0x00,0x00,0x00,0x00,0x00,0x00,0x00,0x00,0x00,0x2a,0xd4,0xaa,0x06,
    0x00,0x00,0x00,0x00,0x2e,0xd6,0xbe,0x72,0x34,0xe9,0xcf,0xff,0x34,0xe9,0xcf,0xff,
    0x2e,0xd6,0xbe,0x72,0x00,0x00,0x00,0x00,0x2a,0xd4,0xaa,0x06,0x00,0x00,0x00,0x00,
    0x00,0x00,0x00,0x00,0x00,0x00,0x00,0x00,0x00,0x00,0x00,0x00,0x00,0x00,0x00,0x00,
    0x00,0x00,0x00,0x00,0x00,0x00,0x00,0x00,0x00,0x00,0x00,0x00,0x00,0x00,0x00,0x00,
    0x00,0x00,0x00,0x00,0x00,0x00,0x00,0x00,0x00,0x00,0x00,0x00,0x00,0x00,0x00,0x00,
    0x00,0x00,0x00,0x00,0x00,0x00,0x00,0x00,0x00,0x00,0x00,0x00,0x00,0x00,0x00,0x00,
    0x00,0x00,0x00,0x00,0x00,0x00,0x00,0x00,0x00,0x00,0x00,0x00,0x00,0x00,0x00,0x00,
    0x00,0x00,0x00,0x00,0x00,0x00,0x00,0x00,0x00,0x00,0x00,0x00,0x2a,0xd4,0xaa,0x06,
    0x00,0x00,0x00,0x00,0x2e,0xd6,0xbe,0x72,0x34,0xe9,0xcf,0xff,0x34,0xe9,0xcf,0xff,
    0x2e,0xd6,0xbe,0x72,0x00,0x00,0x00,0x00,0x2a,0xd4,0xaa,0x06,0x00,0x00,0x00,0x00,
    0x00,0x00,0x00,0x00,0x00,0x00,0x00,0x00,0x00,0x00,0x00,0x00,0x00,0x00,0x00,0x00,
    0x00,0x00,0x00,0x00,0x00,0x00,0x00,0x00,0x00,0x00,0x00,0x00,0x00,0x00,0x00,0x00,
    0x00,0x00,0x00,0x00,0x00,0x00,0x00,0x00,0x00,0x00,0x00,0x00,0x00,0x00,0x00,0x00,
    0x00,0x00,0x00,0x00,0x00,0x00,0x00,0x00,0x00,0x00,0x00,0x00,0x00,0x00,0x00,0x00,
    0x00,0x00,0x00,0x00,0x00,0x00,0x00,0x00,0x00,0x00,0x00,0x00,0x00,0x00,0x00,0x00,
    0x00,0x00,0x00,0x00,0x00,0x00,0x00,0x00,0x00,0x00,0x00,0x00,0x2a,0xd4,0xaa,0x06,
    0x00,0x00,0x00,0x00,0x2e,0xd6,0xbe,0x72,0x34,0xe9,0xcf,0xff,0x34,0xe9,0xcf,0xff,
    0x2e,0xd6,0xbe,0x72,0x00,0x00,0x00,0x00,0x2a,0xd4,0xaa,0x06,0x00,0x00,0x00,0x00,
    0x00,0x00,0x00,0x00,0x00,0x00,0x00,0x00,0x00,0x00,0x00,0x00,0x00,0x00,0x00,0x00,
    0x00,0x00,0x00,0x00,0x00,0x00,0x00,0x00,0x00,0x00,0x00,0x00,0x00,0x00,0x00,0x00,
    0x00,0x00,0x00,0x00,0x00,0x00,0x00,0x00,0x00,0x00,0x00,0x00,0x00,0x00,0x00,0x00,
    0x00,0x00,0x00,0x00,0x00,0x00,0x00,0x00,0x00,0x00,0x00,0x00,0x00,0x00,0x00,0x00,
    0x00,0x00,0x00,0x00,0x00,0x00,0x00,0x00,0x00,0x00,0x00,0x00,0x00,0x00,0x00,0x00,
    0x00,0x00,0x00,0x00,0x00,0x00,0x00,0x00,0x00,0x00,0x00,0x00,0x2a,0xd4,0xaa,0x06,
    0x00,0x00,0x00,0x00,0x2e,0xd6,0xbe,0x72,0x34,0xe9,0xcf,0xff,0x34,0xe9,0xcf,0xff,
    0x2e,0xd6,0xbe,0x72,0x00,0x00,0x00,0x00,0x2a,0xd4,0xaa,0x06,0x00,0x00,0x00,0x00,
    0x00,0x00,0x00,0x00,0x00,0x00,0x00,0x00,0x00,0x00,0x00,0x00,0x00,0x00,0x00,0x00,
    0x00,0x00,0x00,0x00,0x00,0x00,0x00,0x00,0x00,0x00,0x00,0x00,0x00,0x00,0x00,0x00,
    0x00,0x00,0x00,0x00,0x00,0x00,0x00,0x00,0x00,0x00,0x00,0x00,0x00,0x00,0x00,0x00,
    0x00,0x00,0x00,0x00,0x00,0x00,0x00,0x00,0x00,0x00,0x00,0x00,0x00,0x00,0x00,0x00,
    0x00,0x00,0x00,0x00,0x00,0x00,0x00,0x00,0x00,0x00,0x00,0x00,0x00,0x00,0x00,0x00,
    0x00,0x00,0x00,0x00,0x00,0x00,0x00,0x00,0x00,0x00,0x00,0x00,0x2a,0xd4,0xaa,0x06,
    0x00,0x00,0x00,0x00,0x2e,0xd6,0xbe,0x72,0x34,0xe9,0xcf,0xff,0x34,0xe9,0xcf,0xff,
    0x2e,0xd6,0xbe,0x72,0x00,0x00,0x00,0x00,0x2a,0xd4,0xaa,0x06,0x00,0x00,0x00,0x00,
    0x00,0x00,0x00,0x00,0x00,0x00,0x00,0x00,0x00,0x00,0x00,0x00,0x00,0x00,0x00,0x00,
    0x00,0x00,0x00,0x00,0x00,0x00,0x00,0x00,0x00,0x00,0x00,0x00,0x00,0x00,0x00,0x00,
    0x00,0x00,0x00,0x00,0x00,0x00,0x00,0x00,0x00,0x00,0x00,0x00,0x00,0x00,0x00,0x00,
    0x00,0x00,0x00,0x00,0x00,0x00,0x00,0x00,0x00,0x00,0x00,0x00,0x00,0x00,0x00,0x00,
    0x00,0x00,0x00,0x00,0x00,0x00,0x00,0x00,0x00,0x00,0x00,0x00,0x00,0x00,0x00,0x00,
    0x00,0x00,0x00,0x00,0x00,0x00,0x00,0x00,0x00,0x00,0x00,0x00,0x2a,0xd4,0xaa,0x06,
    0x00,0x00,0x00,0x00,0x2e,0xd6,0xbe,0x72,0x34,0xe9,0xcf,0xff,0x34,0xe9,0xcf,0xff,
    0x2e,0xd6,0xbe,0x72,0x00,0x00,0x00,0x00,0x2a,0xd4,0xaa,0x06,0x00,0x00,0x00,0x00,
    0x00,0x00,0x00,0x00,0x00,0x00,0x00,0x00,0x00,0x00,0x00,0x00,0x00,0x00,0x00,0x00,
    0x00,0x00,0x00,0x00,0x00,0x00,0x00,0x00,0x00,0x00,0x00,0x00,0x00,0x00,0x00,0x00,
    0x00,0x00,0x00,0x00,0x00,0x00,0x00,0x00,0x00,0x00,0x00,0x00,0x00,0x00,0x00,0x00,
    0x00,0x00,0x00,0x00,0x00,0x00,0x00,0x00,0x00,0x00,0x00,0x00,0x00,0x00,0x00,0x00,
    0x00,0x00,0x00,0x00,0x00,0x00,0x00,0x00,0x00,0x00,0x00,0x00,0x00,0x00,0x00,0x00,
    0x00,0x00,0x00,0x00,0x00,0x00,0x00,0x00,0x00,0x00,0x00,0x00,0x2a,0xd4,0xaa,0x06,
    0x00,0x00,0x00,0x00,0x2e,0xd6,0xbe,0x72,0x34,0xe9,0xcf,0xff,0x34,0xe9,0xcf,0xff,
    0x2e,0xd6,0xbe,0x72,0x00,0x00,0x00,0x00,0x2a,0xd4,0xaa,0x06,0x00,0x00,0x00,0x00,
    0x00,0x00,0x00,0x00,0x00,0x00,0x00,0x00,0x00,0x00,0x00,0x00,0x00,0x00,0x00,0x00,
    0x00,0x00,0x00,0x00,0x00,0x00,0x00,0x00,0x00,0x00,0x00,0x00,0x00,0x00,0x00,0x00,
    0x00,0x00,0x00,0x00,0x00,0x00,0x00,0x00,0x00,0x00,0x00,0x00,0x00,0x00,0x00,0x00,
    0x00,0x00,0x00,0x00,0x00,0x00,0x00,0x00,0x00,0x00,0x00,0x00,0x00,0x00,0x00,0x00,
    0x00,0x00,0x00,0x00,0x00,0x00,0x00,0x00,0x00,0x00,0x00,0x00,0x00,0x00,0x00,0x00,
    0x00,0x00,0x00,0x00,0x00,0x00,0x00,0x00,0x00,0x00,0x00,0x00,0x2a,0xd4,0xaa,0x06,
    0x00,0x00,0x00,0x00,0x2e,0xd6,0xbe,0x72,0x34,0xe9,0xcf,0xff,0x34,0xe9,0xcf,0xff,
    0x2e,0xd6,0xbe,0x72,0x00,0x00,0x00,0x00,0x2a,0xd4,0xaa,0x06,0x00,0x00,0x00,0x00,
    0x00,0x00,0x00,0x00,0x00,0x00,0x00,0x00,0x00,0x00,0x00,0x00,0x00,0x00,0x00,0x00,
    0x00,0x00,0x00,0x00,0x00,0x00,0x00,0x00,0x00,0x00,0x00,0x00,0x00,0x00,0x00,0x00,
    0x00,0x00,0x00,0x00,0x00,0x00,0x00,0x00,0x00,0x00,0x00,0x00,0x00,0x00,0x00,0x00,
    0x00,0x00,0x00,0x00,0x00,0x00,0x00,0x00,0x00,0x00,0x00,0x00,0x00,0x00,0x00,0x00,
    0x00,0x00,0x00,0x00,0x00,0x00,0x00,0x00,0x00,0x00,0x00,0x00,0x00,0x00,0x00,0x00,
    0x00,0x00,0x00,0x00,0x00,0x00,0x00,0x00,0x00,0x00,0x00,0x00,0x2a,0xd4,0xaa,0x06,
    0x00,0x00,0x00,0x00,0x2e,0xd6,0xbe,0x72,0x34,0xe9,0xcf,0xff,0x34,0xe9,0xcf,0xff,
    0x2e,0xd6,0xbe,0x72,0x00,0x00,0x00,0x00,0x2a,0xd4,0xaa,0x06,0x00,0x00,0x00,0x00,
    0x00,0x00,0x00,0x00,0x00,0x00,0x00,0x00,0x00,0x00,0x00,0x00,0x00,0x00,0x00,0x00,
    0x00,0x00,0x00,0x00,0x00,0x00,0x00,0x00,0x00,0x00,0x00,0x00,0x00,0x00,0x00,0x00,
    0x00,0x00,0x00,0x00,0x00,0x00,0x00,0x00,0x00,0x00,0x00,0x00,0x00,0x00,0x00,0x00,
    0x00,0x00,0x00,0x00,0x00,0x00,0x00,0x00,0x00,0x00,0x00,0x00,0x00,0x00,0x00,0x00,
    0x00,0x00,0x00,0x00,0x00,0x00,0x00,0x00,0x00,0x00,0x00,0x00,0x00,0x00,0x00,0x00,
    0x00,0x00,0x00,0x00,0x00,0x00,0x00,0x00,0x00,0x00,0x00,0x00,0x2a,0xd4,0xaa,0x06,
    0x00,0x00,0x00,0x00,0x2e,0xd6,0xbe,0x72,0x34,0xe9,0xcf,0xff,0x34,0xe9,0xcf,0xff,
    0x2e,0xd6,0xbe,0x72,0x00,0x00,0x00,0x00,0x2a,0xd4,0xaa,0x06,0x00,0x00,0x00,0x00,
    0x00,0x00,0x00,0x00,0x00,0x00,0x00,0x00,0x00,0x00,0x00,0x00,0x00,0x00,0x00,0x00,
    0x00,0x00,0x00,0x00,0x00,0x00,0x00,0x00,0x00,0x00,0x00,0x00,0x00,0x00,0x00,0x00,
    0x00,0x00,0x00,0x00,0x00,0x00,0x00,0x00,0x00,0x00,0x00,0x00,0x00,0x00,0x00,0x00,
    0x00,0x00,0x00,0x00,0x00,0x00,0x00,0x00,0x00,0x00,0x00,0x00,0x00,0x00,0x00,0x00,
    0x00,0x00,0x00,0x00,0x00,0x00,0x00,0x00,0x00,0x00,0x00,0x00,0x00,0x00,0x00,0x00,
    0x00,0x00,0x00,0x00,0x00,0x00,0x00,0x00,0x00,0x00,0x00,0x00,0x2a,0xd4,0xaa,0x06,
    0x00,0x00,0x00,0x00,0x2e,0xd6,0xbe,0x72,0x34,0xe9,0xcf,0xff,0x34,0xe9,0xcf,0xff,
    0x2e,0xd6,0xbe,0x72,0x00,0x00,0x00,0x00,0x2a,0xd4,0xaa,0x06,0x00,0x00,0x00,0x00,
    0x00,0x00,0x00,0x00,0x00,0x00,0x00,0x00,0x00,0x00,0x00,0x00,0x00,0x00,0x00,0x00,
    0x00,0x00,0x00,0x00,0x00,0x00,0x00,0x00,0x00,0x00,0x00,0x00,0x00,0x00,0x00,0x00,
    0x00,0x00,0x00,0x00,0x00,0x00,0x00,0x00,0x00,0x00,0x00,0x00,0x00,0x00,0x00,0x00,
    0x00,0x00,0x00,0x00,0x00,0x00,0x00,0x00,0x00,0x00,0x00,0x00,0x00,0x00,0x00,0x00,
    0x00,0x00,0x00,0x00,0x00,0x00,0x00,0x00,0x00,0x00,0x00,0x00,0x00,0x00,0x00,0x00,
    0x00,0x00,0x00,0x00,0x00,0x00,0x00,0x00,0x00,0x00,0x00,0x00,0x2a,0xd4,0xaa,0x06,
    0x00,0x00,0x00,0x00,0x2e,0xd6,0xbe,0x72,0x34,0xe9,0xcf,0xff,0x34,0xe9,0xcf,0xff,
    0x2e,0xd6,0xbe,0x72,0x00,0x00,0x00,0x00,0x2a,0xd4,0xaa,0x06,0x00,0x00,0x00,0x00,
    0x00,0x00,0x00,0x00,0x00,0x00,0x00,0x00,0x00,0x00,0x00,0x00,0x00,0x00,0x00,0x00,
    0x00,0x00,0x00,0x00,0x00,0x00,0x00,0x00,0x00,0x00,0x00,0x00,0x00,0x00,0x00,0x00,
    0x00,0x00,0x00,0x00,0x00,0x00,0x00,0x00,0x00,0x00,0x00,0x00,0x00,0x00,0x00,0x00,
    0x00,0x00,0x00,0x00,0x00,0x00,0x00,0x00,0x00,0x00,0x00,0x00,0x00,0x00,0x00,0x00,
    0x00,0x00,0x00,0x00,0x00,0x00,0x00,0x00,0x00,0x00,0x00,0x00,0x00,0x00,0x00,0x00,
    0x00,0x00,0x00,0x00,0x00,0x00,0x00,0x00,0x00,0x00,0x00,0x00,0x2a,0xd4,0xaa,0x06,
    0x00,0x00,0x00,0x00,0x2e,0xd6,0xbe,0x72,0x34,0xe9,0xcf,0xff,0x34,0xe9,0xcf,0xff,
    0x2e,0xd6,0xbe,0x72,0x00,0x00,0x00,0x00,0x2a,0xd4,0xaa,0x06,0x00,0x00,0x00,0x00,
    0x00,0x00,0x00,0x00,0x00,0x00,0x00,0x00,0x00,0x00,0x00,0x00,0x00,0x00,0x00,0x00,
    0x00,0x00,0x00,0x00,0x00,0x00,0x00,0x00,0x00,0x00,0x00,0x00,0x00,0x00,0x00,0x00,
    0x00,0x00,0x00,0x00,0x00,0x00,0x00,0x00,0x00,0x00,0x00,0x00,0x00,0x00,0x00,0x00,
    0x00,0x00,0x00,0x00,0x00,0x00,0x00,0x00,0x00,0x00,0x00,0x00,0x00,0x00,0x00,0x00,
    0x00,0x00,0x00,0x00,0x00,0x00,0x00,0x00,0x00,0x00,0x00,0x00,0x00,0x00,0x00,0x00,
    0x00,0x00,0x00,0x00,0x00,0x00,0x00,0x00,0x00,0x00,0x00,0x00,0x2a,0xd4,0xaa,0x06,
    0x00,0x00,0x00,0x00,0x2e,0xd6,0xbe,0x72,0x34,0xe9,0xcf,0xff,0x34,0xe9,0xcf,0xff,
    0x2e,0xd6,0xbe,0x72,0x00,0x00,0x00,0x00,0x2a,0xd4,0xaa,0x06,0x00,0x00,0x00,0x00,
    0x00,0x00,0x00,0x00,0x00,0x00,0x00,0x00,0x00,0x00,0x00,0x00,0x00,0x00,0x00,0x00,
    0x00,0x00,0x00,0x00,0x00,0x00,0x00,0x00,0x00,0x00,0x00,0x00,0x00,0x00,0x00,0x00,
    0x00,0x00,0x00,0x00,0x00,0x00,0x00,0x00,0x00,0x00,0x00,0x00,0x00,0x00,0x00,0x00,
    0x00,0x00,0x00,0x00,0x00,0x00,0x00,0x00,0x00,0x00,0x00,0x00,0x00,0x00,0x00,0x00,
    0x00,0x00,0x00,0x00,0x00,0x00,0x00,0x00,0x00,0x00,0x00,0x00,0x00,0x00,0x00,0x00,
    0x00,0x00,0x00,0x00,0x00,0x00,0x00,0x00,0x00,0x00,0x00,0x00,0x2a,0xd4,0xaa,0x06,
    0x00,0x00,0x00,0x00,0x2e,0xd6,0xbe,0x72,0x34,0xe9,0xcf,0xff,0x34,0xe9,0xcf,0xff,
    0x2e,0xd6,0xbe,0x72,0x00,0x00,0x00,0x00,0x2a,0xd4,0xaa,0x06,0x00,0x00,0x00,0x00,
    0x00,0x00,0x00,0x00,0x00,0x00,0x00,0x00,0x00,0x00,0x00,0x00,0x00,0x00,0x00,0x00,
    0x00,0x00,0x00,0x00,0x00,0x00,0x00,0x00,0x00,0x00,0x00,0x00,0x00,0x00,0x00,0x00,
    0x00,0x00,0x00,0x00,0x00,0x00,0x00,0x00,0x00,0x00,0x00,0x00,0x00,0x00,0x00,0x00,
    0x00,0x00,0x00,0x00,0x00,0x00,0x00,0x00,0x00,0x00,0x00,0x00,0x00,0x00,0x00,0x00,
    0x00,0x00,0x00,0x00,0x00,0x00,0x00,0x00,0x00,0x00,0x00,0x00,0x00,0x00,0x00,0x00,
    0x00,0x00,0x00,0x00,0x00,0x00,0x00,0x00,0x00,0x00,0x00,0x00,0x2a,0xd4,0xaa,0x06,
    0x00,0x00,0x00,0x00,0x2e,0xd6,0xbe,0x72,0x34,0xe9,0xcf,0xff,0x34,0xe9,0xcf,0xff,
    0x2e,0xd6,0xbe,0x72,0x00,0x00,0x00,0x00,0x2a,0xd4,0xaa,0x06,0x00,0x00,0x00,0x00,
    0x00,0x00,0x00,0x00,0x00,0x00,0x00,0x00,0x00,0x00,0x00,0x00,0x00,0x00,0x00,0x00,
    0x00,0x00,0x00,0x00,0x00,0x00,0x00,0x00,0x00,0x00,0x00,0x00,0x00,0x00,0x00,0x00,
    0x00,0x00,0x00,0x00,0x00,0x00,0x00,0x00,0x00,0x00,0x00,0x00,0x00,0x00,0x00,0x00,
    0x00,0x00,0x00,0x00,0x00,0x00,0x00,0x00,0x00,0x00,0x00,0x00,0x00,0x00,0x00,0x00,
    0x00,0x00,0x00,0x00,0x00,0x00,0x00,0x00,0x00,0x00,0x00,0x00,0x00,0x00,0x00,0x00,
    0x00,0x00,0x00,0x00,0x00,0x00,0x00,0x00,0x00,0x00,0x00,0x00,0x2a,0xd4,0xaa,0x06,
    0x00,0x00,0x00,0x00,0x2e,0xd6,0xbe,0x72,0x34,0xe9,0xcf,0xff,0x34,0xe9,0xcf,0xff,
    0x2e,0xd6,0xbe,0x72,0x00,0x00,0x00,0x00,0x2a,0xd4,0xaa,0x06,0x00,0x00,0x00,0x00,
    0x00,0x00,0x00,0x00,0x00,0x00,0x00,0x00,0x00,0x00,0x00,0x00,0x00,0x00,0x00,0x00,
    0x00,0x00,0x00,0x00,0x00,0x00,0x00,0x00,0x00,0x00,0x00,0x00,0x00,0x00,0x00,0x00,
    0x00,0x00,0x00,0x00,0x00,0x00,0x00,0x00,0x00,0x00,0x00,0x00,0x00,0x00,0x00,0x00,
    0x00,0x00,0x00,0x00,0x00,0x00,0x00,0x00,0x00,0x00,0x00,0x00,0x00,0x00,0x00,0x00,
    0x00,0x00,0x00,0x00,0x00,0x00,0x00,0x00,0x00,0x00,0x00,0x00,0x00,0x00,0x00,0x00,
    0x00,0x00,0x00,0x00,0x00,0x00,0x00,0x00,0x00,0x00,0x00,0x00,0x2a,0xd4,0xaa,0x06,
    0x00,0x00,0x00,0x00,0x2e,0xd6,0xbe,0x72,0x34,0xe9,0xcf,0xff,0x34,0xe9,0xcf,0xff,
    0x2e,0xd6,0xbe,0x72,0x00,0x00,0x00,0x00,0x2a,0xd4,0xaa,0x06,0x00,0x00,0x00,0x00,
    0x00,0x00,0x00,0x00,0x00,0x00,0x00,0x00,0x00,0x00,0x00,0x00,0x00,0x00,0x00,0x00,
    0x00,0x00,0x00,0x00,0x00,0x00,0x00,0x00,0x00,0x00,0x00,0x00,0x00,0x00,0x00,0x00,
    0x00,0x00,0x00,0x00,0x00,0x00,0x00,0x00,0x00,0x00,0x00,0x00,0x00,0x00,0x00,0x00,
    0x00,0x00,0x00,0x00,0x00,0x00,0x00,0x00,0x00,0x00,0x00,0x00,0x00,0x00,0x00,0x00,
    0x00,0x00,0x00,0x00,0x00,0x00,0x00,0x00,0x00,0x00,0x00,0x00,0x00,0x00,0x00,0x00,
    0x00,0x00,0x00,0x00,0x00,0x00,0x00,0x00,0x00,0x00,0x00,0x00,0x2a,0xd4,0xaa,0x06,
    0x00,0x00,0x00,0x00,0x2e,0xd6,0xbe,0x72,0x34,0xe9,0xcf,0xff,0x34,0xe9,0xcf,0xff,
    0x2e,0xd6,0xbe,0x72,0x00,0x00,0x00,0x00,0x2a,0xd4,0xaa,0x06,0x00,0x00,0x00,0x00,
    0x00,0x00,0x00,0x00,0x00,0x00,0x00,0x00,0x00,0x00,0x00,0x00,0x00,0x00,0x00,0x00,
    0x00,0x00,0x00,0x00,0x00,0x00,0x00,0x00,0x00,0x00,0x00,0x00,0x00,0x00,0x00,0x00,
    0x00,0x00,0x00,0x00,0x00,0x00,0x00,0x00,0x00,0x00,0x00,0x00,0x00,0x00,0x00,0x00,
    0x00,0x00,0x00,0x00,0x00,0x00,0x00,0x00,0x00,0x00,0x00,0x00,0x00,0x00,0x00,0x00,
    0x00,0x00,0x00,0x00,0x00,0x00,0x00,0x00,0x00,0x00,0x00,0x00,0x00,0x00,0x00,0x00,
    0x00,0x00,0x00,0x00,0x00,0x00,0x00,0x00,0x00,0x00,0x00,0x00,0x2a,0xd4,0xaa,0x06,
    0x00,0x00,0x00,0x00,0x2e,0xd6,0xbe,0x72,0x34,0xe9,0xcf,0xff,0x34,0xe9,0xcf,0xff,
    0x2e,0xd6,0xbe,0x72,0x00,0x00,0x00,0x00,0x2a,0xd4,0xaa,0x06,0x00,0x00,0x00,0x00,
    0x00,0x00,0x00,0x00,0x00,0x00,0x00,0x00,0x00,0x00,0x00,0x00,0x00,0x00,0x00,0x00,
    0x00,0x00,0x00,0x00,0x00,0x00,0x00,0x00,0x00,0x00,0x00,0x00,0x00,0x00,0x00,0x00,
    0x00,0x00,0x00,0x00,0x00,0x00,0x00,0x00,0x00,0x00,0x00,0x00,0x00,0x00,0x00,0x00,
    0x00,0x00,0x00,0x00,0x00,0x00,0x00,0x00,0x00,0x00,0x00,0x00,0x00,0x00,0x00,0x00,
    0x00,0x00,0x00,0x00,0x00,0x00,0x00,0x00,0x00,0x00,0x00,0x00,0x00,0x00,0x00,0x00,
    0x00,0x00,0x00,0x00,0x00,0x00,0x00,0x00,0x00,0x00,0x00,0x00,0x2a,0xd4,0xaa,0x06,
    0x00,0x00,0x00,0x00,0x2e,0xd6,0xbe,0x72,0x34,0xe9,0xcf,0xff,0x34,0xe9,0xcf,0xff,
    0x2e,0xd6,0xbe,0x72,0x00,0x00,0x00,0x00,0x2a,0xd4,0xaa,0x06,0x00,0x00,0x00,0x00,
    0x00,0x00,0x00,0x00,0x00,0x00,0x00,0x00,0x00,0x00,0x00,0x00,0x00,0x00,0x00,0x00,
    0x00,0x00,0x00,0x00,0x00,0x00,0x00,0x00,0x00,0x00,0x00,0x00,0x00,0x00,0x00,0x00,
    0x00,0x00,0x00,0x00,0x00,0x00,0x00,0x00,0x00,0x00,0x00,0x00,0x00,0x00,0x00,0x00,
    0x00,0x00,0x00,0x00,0x00,0x00,0x00,0x00,0x00,0x00,0x00,0x00,0x00,0x00,0x00,0x00,
    0x00,0x00,0x00,0x00,0x00,0x00,0x00,0x00,0x00,0x00,0x00,0x00,0x00,0x00,0x00,0x00,
    0x00,0x00,0x00,0x00,0x00,0x00,0x00,0x00,0x00,0x00,0x00,0x00,0x2a,0xd4,0xaa,0x06,
    0x00,0x00,0x00,0x00,0x2e,0xd6,0xbe,0x72,0x34,0xe9,0xcf,0xff,0x34,0xe9,0xcf,0xff,
    0x2e,0xd6,0xbe,0x72,0x00,0x00,0x00,0x00,0x2a,0xd4,0xaa,0x06,0x00,0x00,0x00,0x00,
    0x00,0x00,0x00,0x00,0x00,0x00,0x00,0x00,0x00,0x00,0x00,0x00,0x00,0x00,0x00,0x00,
    0x00,0x00,0x00,0x00,0x00,0x00,0x00,0x00,0x00,0x00,0x00,0x00,0x00,0x00,0x00,0x00,
    0x00,0x00,0x00,0x00,0x00,0x00,0x00,0x00,0x00,0x00,0x00,0x00,0x00,0x00,0x00,0x00,
    0x00,0x00,0x00,0x00,0x00,0x00,0x00,0x00,0x00,0x00,0x00,0x00,0x00,0x00,0x00,0x00,
    0x00,0x00,0x00,0x00,0x00,0x00,0x00,0x00,0x00,0x00,0x00,0x00,0x00,0x00,0x00,0x00,
    0x00,0x00,0x00,0x00,0x00,0x00,0x00,0x00,0x00,0x00,0x00,0x00,0x2a,0xd4,0xaa,0x06,
    0x00,0x00,0x00,0x00,0x2e,0xd6,0xbe,0x72,0x34,0xe9,0xcf,0xff,0x34,0xe9,0xcf,0xff,
    0x2e,0xd6,0xbe,0x72,0x00,0x00,0x00,0x00,0x2a,0xd4,0xaa,0x06,0x00,0x00,0x00,0x00,
    0x00,0x00,0x00,0x00,0x00,0x00,0x00,0x00,0x00,0x00,0x00,0x00,0x00,0x00,0x00,0x00,
    0x00,0x00,0x00,0x00,0x00,0x00,0x00,0x00,0x00,0x00,0x00,0x00,0x00,0x00,0x00,0x00,
    0x00,0x00,0x00,0x00,0x00,0x00,0x00,0x00,0x00,0x00,0x00,0x00,0x00,0x00,0x00,0x00,
    0x00,0x00,0x00,0x00,0x00,0x00,0x00,0x00,0x00,0x00,0x00,0x00,0x00,0x00,0x00,0x00,
    0x00,0x00,0x00,0x00,0x00,0x00,0x00,0x00,0x00,0x00,0x00,0x00,0x00,0x00,0x00,0x00,
    0x00,0x00,0x00,0x00,0x00,0x00,0x00,0x00,0x00,0x00,0x00,0x00,0x2a,0xd4,0xaa,0x06,
    0x00,0x00,0x00,0x00,0x2e,0xd6,0xbe,0x72,0x34,0xe9,0xcf,0xff,0x34,0xe9,0xcf,0xff,
    0x2e,0xd6,0xbe,0x72,0x00,0x00,0x00,0x00,0x2a,0xd4,0xaa,0x06,0x00,0x00,0x00,0x00,
    0x00,0x00,0x00,0x00,0x00,0x00,0x00,0x00,0x00,0x00,0x00,0x00,0x00,0x00,0x00,0x00,
    0x00,0x00,0x00,0x00,0x00,0x00,0x00,0x00,0x00,0x00,0x00,0x00,0x00,0x00,0x00,0x00,
    0x00,0x00,0x00,0x00,0x00,0x00,0x00,0x00,0x00,0x00,0x00,0x00,0x00,0x00,0x00,0x00,
    0x00,0x00,0x00,0x00,0x00,0x00,0x00,0x00,0x00,0x00,0x00,0x00,0x00,0x00,0x00,0x00,
    0x00,0x00,0x00,0x00,0x00,0x00,0x00,0x00,0x00,0x00,0x00,0x00,0x00,0x00,0x00,0x00,
    0x00,0x00,0x00,0x00,0x00,0x00,0x00,0x00,0x00,0x00,0x00,0x00,0x2a,0xd4,0xaa,0x06,
    0x00,0x00,0x00,0x00,0x2e,0xd6,0xbe,0x72,0x34,0xe9,0xcf,0xff,0x34,0xe9,0xcf,0xff,
    0x2e,0xd6,0xbe,0x72,0x00,0x00,0x00,0x00,0x2a,0xd4,0xaa,0x06,0x00,0x00,0x00,0x00,
    0x00,0x00,0x00,0x00,0x00,0x00,0x00,0x00,0x00,0x00,0x00,0x00,0x00,0x00,0x00,0x00,
    0x00,0x00,0x00,0x00,0x00,0x00,0x00,0x00,0x00,0x00,0x00,0x00,0x00,0x00,0x00,0x00,
    0x00,0x00,0x00,0x00,0x00,0x00,0x00,0x00,0x00,0x00,0x00,0x00,0x00,0x00,0x00,0x00,
    0x00,0x00,0x00,0x00,0x00,0x00,0x00,0x00,0x00,0x00,0x00,0x00,0x00,0x00,0x00,0x00,
    0x00,0x00,0x00,0x00,0x00,0x00,0x00,0x00,0x00,0x00,0x00,0x00,0x00,0x00,0x00,0x00,
    0x00,0x00,0x00,0x00,0x00,0x00,0x00,0x00,0x00,0x00,0x00,0x00,0x2a,0xd4,0xaa,0x06,
    0x00,0x00,0x00,0x00,0x2e,0xd6,0xbe,0x72,0x34,0xe9,0xcf,0xff,0x34,0xe9,0xcf,0xff,
    0x2e,0xd6,0xbe,0x72,0x00,0x00,0x00,0x00,0x2a,0xd4,0xaa,0x06,0x00,0x00,0x00,0x00,
    0x00,0x00,0x00,0x00,0x00,0x00,0x00,0x00,0x00,0x00,0x00,0x00,0x00,0x00,0x00,0x00,
    0x00,0x00,0x00,0x00,0x00,0x00,0x00,0x00,0x00,0x00,0x00,0x00,0x00,0x00,0x00,0x00,
    0x00,0x00,0x00,0x00,0x00,0x00,0x00,0x00,0x00,0x00,0x00,0x00,0x00,0x00,0x00,0x00,
    0x00,0x00,0x00,0x00,0x00,0x00,0x00,0x00,0x00,0x00,0x00,0x00,0x00,0x00,0x00,0x00,
    0x00,0x00,0x00,0x00,0x00,0x00,0x00,0x00,0x00,0x00,0x00,0x00,0x00,0x00,0x00,0x00,
    0x00,0x00,0x00,0x00,0x00,0x00,0x00,0x00,0x00,0x00,0x00,0x00,0x2a,0xd4,0xaa,0x06,
    0x00,0x00,0x00,0x00,0x2e,0xd6,0xbe,0x72,0x34,0xe9,0xcf,0xff,0x34,0xe9,0xcf,0xff,
    0x2e,0xd6,0xbe,0x72,0x00,0x00,0x00,0x00,0x2a,0xd4,0xaa,0x06,0x00,0x00,0x00,0x00,
    0x00,0x00,0x00,0x00,0x00,0x00,0x00,0x00,0x00,0x00,0x00,0x00,0x00,0x00,0x00,0x00,
    0x00,0x00,0x00,0x00,0x00,0x00,0x00,0x00,0x00,0x00,0x00,0x00,0x00,0x00,0x00,0x00,
    0x00,0x00,0x00,0x00,0x00,0x00,0x00,0x00,0x00,0x00,0x00,0x00,0x00,0x00,0x00,0x00,
    0x00,0x00,0x00,0x00,0x00,0x00,0x00,0x00,0x00,0x00,0x00,0x00,0x00,0x00,0x00,0x00,
    0x00,0x00,0x00,0x00,0x00,0x00,0x00,0x00,0x00,0x00,0x00,0x00,0x00,0x00,0x00,0x00,
    0x00,0x00,0x00,0x00,0x00,0x00,0x00,0x00,0x00,0x00,0x00,0x00,0x2a,0xd4,0xaa,0x06,
    0x00,0x00,0x00,0x00,0x2e,0xd6,0xbe,0x72,0x34,0xe9,0xcf,0xff,0x34,0xe9,0xcf,0xff,
    0x2e,0xd6,0xbe,0x72,0x00,0x00,0x00,0x00,0x2a,0xd4,0xaa,0x06,0x00,0x00,0x00,0x00,
    0x00,0x00,0x00,0x00,0x00,0x00,0x00,0x00,0x00,0x00,0x00,0x00,0x00,0x00,0x00,0x00,
    0x00,0x00,0x00,0x00,0x00,0x00,0x00,0x00,0x00,0x00,0x00,0x00,0x00,0x00,0x00,0x00,
    0x00,0x00,0x00,0x00,0x00,0x00,0x00,0x00,0x00,0x00,0x00,0x00,0x00,0x00,0x00,0x00,
    0x00,0x00,0x00,0x00,0x00,0x00,0x00,0x00,0x00,0x00,0x00,0x00,0x00,0x00,0x00,0x00,
    0x00,0x00,0x00,0x00,0x00,0x00,0x00,0x00,0x00,0x00,0x00,0x00,0x00,0x00,0x00,0x00,
    0x00,0x00,0x00,0x00,0x00,0x00,0x00,0x00,0x00,0x00,0x00,0x00,0x2a,0xd4,0xaa,0x06,
    0x00,0x00,0x00,0x00,0x2e,0xd6,0xbe,0x72,0x34,0xe9,0xcf,0xff,0x34,0xe9,0xcf,0xff,
    0x2e,0xd6,0xbe,0x72,0x00,0x00,0x00,0x00,0x2a,0xd4,0xaa,0x06,0x00,0x00,0x00,0x00,
    0x00,0x00,0x00,0x00,0x00,0x00,0x00,0x00,0x00,0x00,0x00,0x00,0x00,0x00,0x00,0x00,
    0x00,0x00,0x00,0x00,0x00,0x00,0x00,0x00,0x00,0x00,0x00,0x00,0x00,0x00,0x00,0x00,
    0x00,0x00,0x00,0x00,0x00,0x00,0x00,0x00,0x00,0x00,0x00,0x00,0x00,0x00,0x00,0x00,
    0x00,0x00,0x00,0x00,0x00,0x00,0x00,0x00,0x00,0x00,0x00,0x00,0x00,0x00,0x00,0x00,
    0x00,0x00,0x00,0x00,0x00,0x00,0x00,0x00,0x00,0x00,0x00,0x00,0x00,0x00,0x00,0x00,
    0x00,0x00,0x00,0x00,0x00,0x00,0x00,0x00,0x00,0x00,0x00,0x00,0x2a,0xd4,0xaa,0x06,
    0x00,0x00,0x00,0x00,0x2e,0xd6,0xbe,0x72,0x34,0xe9,0xcf,0xff,0x34,0xe9,0xcf,0xff,
    0x2e,0xd6,0xbe,0x72,0x00,0x00,0x00,0x00,0x2a,0xd4,0xaa,0x06,0x00,0x00,0x00,0x00,
    0x00,0x00,0x00,0x00,0x00,0x00,0x00,0x00,0x00,0x00,0x00,0x00,0x00,0x00,0x00,0x00,
    0x00,0x00,0x00,0x00,0x00,0x00,0x00,0x00,0x00,0x00,0x00,0x00,0x00,0x00,0x00,0x00,
    0x00,0x00,0x00,0x00,0x00,0x00,0x00,0x00,0x00,0x00,0x00,0x00,0x00,0x00,0x00,0x00,
    0x00,0x00,0x00,0x00,0x00,0x00,0x00,0x00,0x00,0x00,0x00,0x00,0x00,0x00,0x00,0x00,
    0x00,0x00,0x00,0x00,0x00,0x00,0x00,0x00,0x00,0x00,0x00,0x00,0x00,0x00,0x00,0x00,
    0x00,0x00,0x00,0x00,0x00,0x00,0x00,0x00,0x00,0x00,0x00,0x00,0x2a,0xd4,0xaa,0x06,
    0x00,0x00,0x00,0x00,0x2e,0xd6,0xbe,0x72,0x34,0xe9,0xcf,0xff,0x34,0xe9,0xcf,0xff,
    0x2e,0xd6,0xbe,0x72,0x00,0x00,0x00,0x00,0x2a,0xd4,0xaa,0x06,0x00,0x00,0x00,0x00,
    0x00,0x00,0x00,0x00,0x00,0x00,0x00,0x00,0x00,0x00,0x00,0x00,0x00,0x00,0x00,0x00,
    0x00,0x00,0x00,0x00,0x00,0x00,0x00,0x00,0x00,0x00,0x00,0x00,0x00,0x00,0x00,0x00,
    0x00,0x00,0x00,0x00,0x00,0x00,0x00,0x00,0x00,0x00,0x00,0x00,0x00,0x00,0x00,0x00,
    0x00,0x00,0x00,0x00,0x00,0x00,0x00,0x00,0x00,0x00,0x00,0x00,0x00,0x00,0x00,0x00,
    0x00,0x00,0x00,0x00,0x00,0x00,0x00,0x00,0x00,0x00,0x00,0x00,0x00,0x00,0x00,0x00,
    0x00,0x00,0x00,0x00,0x00,0x00,0x00,0x00,0x00,0x00,0x00,0x00,0x2a,0xd4,0xaa,0x06,
    0x00,0x00,0x00,0x00,0x2e,0xd6,0xbe,0x72,0x34,0xe9,0xcf,0xff,0x34,0xe9,0xcf,0xff,
    0x2e,0xd6,0xbe,0x72,0x00,0x00,0x00,0x00,0x2a,0xd4,0xaa,0x06,0x00,0x00,0x00,0x00,
    0x00,0x00,0x00,0x00,0x00,0x00,0x00,0x00,0x00,0x00,0x00,0x00,0x00,0x00,0x00,0x00,
    0x00,0x00,0x00,0x00,0x00,0x00,0x00,0x00,0x00,0x00,0x00,0x00,0x00,0x00,0x00,0x00,
    0x00,0x00,0x00,0x00,0x00,0x00,0x00,0x00,0x00,0x00,0x00,0x00,0x00,0x00,0x00,0x00,
    0x00,0x00,0x00,0x00,0x00,0x00,0x00,0x00,0x00,0x00,0x00,0x00,0x00,0x00,0x00,0x00,
    0x00,0x00,0x00,0x00,0x00,0x00,0x00,0x00,0x00,0x00,0x00,0x00,0x00,0x00,0x00,0x00,
    0x00,0x00,0x00,0x00,0x00,0x00,0x00,0x00,0x00,0x00,0x00,0x00,0x2a,0xd4,0xaa,0x06,
    0x00,0x00,0x00,0x00,0x2e,0xd6,0xbe,0x72,0x34,0xe9,0xcf,0xff,0x34,0xe9,0xcf,0xff,
    0x2e,0xd6,0xbe,0x72,0x00,0x00,0x00,0x00,0x2a,0xd4,0xaa,0x06,0x00,0x00,0x00,0x00,
    0x00,0x00,0x00,0x00,0x00,0x00,0x00,0x00,0x00,0x00,0x00,0x00,0x00,0x00,0x00,0x00,
    0x00,0x00,0x00,0x00,0x00,0x00,0x00,0x00,0x00,0x00,0x00,0x00,0x00,0x00,0x00,0x00,
    0x00,0x00,0x00,0x00,0x00,0x00,0x00,0x00,0x00,0x00,0x00,0x00,0x00,0x00,0x00,0x00,
    0x00,0x00,0x00,0x00,0x00,0x00,0x00,0x00,0x00,0x00,0x00,0x00,0x00,0x00,0x00,0x00,
    0x00,0x00,0x00,0x00,0x00,0x00,0x00,0x00,0x00,0x00,0x00,0x00,0x00,0x00,0x00,0x00,
    0x00,0x00,0x00,0x00,0x00,0x00,0x00,0x00,0x00,0x00,0x00,0x00,0x2a,0xd4,0xaa,0x06,
    0x00,0x00,0x00,0x00,0x2e,0xd6,0xbe,0x72,0x34,0xe9,0xcf,0xff,0x34,0xe9,0xcf,0xff,
    0x2e,0xd6,0xbe,0x72,0x00,0x00,0x00,0x00,0x2a,0xd4,0xaa,0x06,0x00,0x00,0x00,0x00,
    0x00,0x00,0x00,0x00,0x00,0x00,0x00,0x00,0x00,0x00,0x00,0x00,0x00,0x00,0x00,0x00,
    0x00,0x00,0x00,0x00,0x00,0x00,0x00,0x00,0x00,0x00,0x00,0x00,0x00,0x00,0x00,0x00,
    0x00,0x00,0x00,0x00,0x00,0x00,0x00,0x00,0x00,0x00,0x00,0x00,0x00,0x00,0x00,0x00,
    0x00,0x00,0x00,0x00,0x00,0x00,0x00,0x00,0x00,0x00,0x00,0x00,0x00,0x00,0x00,0x00,
    0x00,0x00,0x00,0x00,0x00,0x00,0x00,0x00,0x00,0x00,0x00,0x00,0x00,0x00,0x00,0x00,
    0x00,0x00,0x00,0x00,0x00,0x00,0x00,0x00,0x00,0x00,0x00,0x00,0x2a,0xd4,0xaa,0x06,
    0x00,0x00,0x00,0x00,0x2e,0xd6,0xbe,0x72,0x34,0xe9,0xcf,0xff,0x34,0xe9,0xcf,0xff,
    0x2e,0xd6,0xbe,0x72,0x00,0x00,0x00,0x00,0x2a,0xd4,0xaa,0x06,0x00,0x00,0x00,0x00,
    0x00,0x00,0x00,0x00,0x00,0x00,0x00,0x00,0x00,0x00,0x00,0x00,0x00,0x00,0x00,0x00,
    0x00,0x00,0x00,0x00,0x00,0x00,0x00,0x00,0x00,0x00,0x00,0x00,0x00,0x00,0x00,0x00,
    0x00,0x00,0x00,0x00,0x00,0x00,0x00,0x00,0x00,0x00,0x00,0x00,0x00,0x00,0x00,0x00,
    0x00,0x00,0x00,0x00,0x00,0x00,0x00,0x00,0x00,0x00,0x00,0x00,0x00,0x00,0x00,0x00,
    0x00,0x00,0x00,0x00,0x00,0x00,0x00,0x00,0x00,0x00,0x00,0x00,0x00,0x00,0x00,0x00,
    0x00,0x00,0x00,0x00,0x00,0x00,0x00,0x00,0x00,0x00,0x00,0x00,0x2a,0xd4,0xaa,0x06,
    0x00,0x00,0x00,0x00,0x2e,0xd6,0xbe,0x72,0x34,0xe9,0xcf,0xff,0x34,0xe9,0xcf,0xff,
    0x2e,0xd6,0xbe,0x72,0x00,0x00,0x00,0x00,0x2a,0xd4,0xaa,0x06,0x00,0x00,0x00,0x00,
    0x00,0x00,0x00,0x00,0x00,0x00,0x00,0x00,0x00,0x00,0x00,0x00,0x00,0x00,0x00,0x00,
    0x00,0x00,0x00,0x00,0x00,0x00,0x00,0x00,0x00,0x00,0x00,0x00,0x00,0x00,0x00,0x00,
    0x00,0x00,0x00,0x00,0x00,0x00,0x00,0x00,0x00,0x00,0x00,0x00,0x00,0x00,0x00,0x00,
    0x00,0x00,0x00,0x00,0x00,0x00,0x00,0x00,0x00,0x00,0x00,0x00,0x00,0x00,0x00,0x00,
    0x00,0x00,0x00,0x00,0x00,0x00,0x00,0x00,0x00,0x00,0x00,0x00,0x00,0x00,0x00,0x00,
    0x00,0x00,0x00,0x00,0x00,0x00,0x00,0x00,0x00,0x00,0x00,0x00,0x2a,0xd4,0xaa,0x06,
    0x00,0x00,0x00,0x00,0x2e,0xd6,0xbe,0x72,0x34,0xe9,0xcf,0xff,0x34,0xe9,0xcf,0xff,
    0x2e,0xd6,0xbe,0x72,0x00,0x00,0x00,0x00,0x2a,0xd4,0xaa,0x06,0x00,0x00,0x00,0x00,
    0x00,0x00,0x00,0x00,0x00,0x00,0x00,0x00,0x00,0x00,0x00,0x00,0x00,0x00,0x00,0x00,
    0x00,0x00,0x00,0x00,0x00,0x00,0x00,0x00,0x00,0x00,0x00,0x00,0x00,0x00,0x00,0x00,
    0x00,0x00,0x00,0x00,0x00,0x00,0x00,0x00,0x00,0x00,0x00,0x00,0x00,0x00,0x00,0x00,
    0x00,0x00,0x00,0x00,0x00,0x00,0x00,0x00,0x00,0x00,0x00,0x00,0x00,0x00,0x00,0x00,
    0x00,0x00,0x00,0x00,0x00,0x00,0x00,0x00,0x00,0x00,0x00,0x00,0x00,0x00,0x00,0x00,
    0x00,0x00,0x00,0x00,0x00,0x00,0x00,0x00,0x00,0x00,0x00,0x00,0x2a,0xd4,0xaa,0x06,
    0x00,0x00,0x00,0x00,0x2e,0xd6,0xbe,0x72,0x34,0xe9,0xcf,0xff,0x34,0xe9,0xcf,0xff,
    0x2e,0xd6,0xbe,0x72,0x00,0x00,0x00,0x00,0x2a,0xd4,0xaa,0x06,0x00,0x00,0x00,0x00,
    0x00,0x00,0x00,0x00,0x00,0x00,0x00,0x00,0x00,0x00,0x00,0x00,0x00,0x00,0x00,0x00,
    0x00,0x00,0x00,0x00,0x00,0x00,0x00,0x00,0x00,0x00,0x00,0x00,0x00,0x00,0x00,0x00,
    0x00,0x00,0x00,0x00,0x00,0x00,0x00,0x00,0x00,0x00,0x00,0x00,0x00,0x00,0x00,0x00,
    0x00,0x00,0x00,0x00,0x00,0x00,0x00,0x00,0x00,0x00,0x00,0x00,0x00,0x00,0x00,0x00,
    0x00,0x00,0x00,0x00,0x00,0x00,0x00,0x00,0x00,0x00,0x00,0x00,0x00,0x00,0x00,0x00,
    0x00,0x00,0x00,0x00,0x00,0x00,0x00,0x00,0x00,0x00,0x00,0x00,0x2a,0xd4,0xaa,0x06,
    0x00,0x00,0x00,0x00,0x2e,0xd6,0xbe,0x72,0x34,0xe9,0xcf,0xff,0x34,0xe9,0xcf,0xff,
    0x2e,0xd6,0xbe,0x72,0x00,0x00,0x00,0x00,0x2a,0xd4,0xaa,0x06,0x00,0x00,0x00,0x00,
    0x00,0x00,0x00,0x00,0x00,0x00,0x00,0x00,0x00,0x00,0x00,0x00,0x00,0x00,0x00,0x00,
    0x00,0x00,0x00,0x00,0x00,0x00,0x00,0x00,0x00,0x00,0x00,0x00,0x00,0x00,0x00,0x00,
    0x00,0x00,0x00,0x00,0x00,0x00,0x00,0x00,0x00,0x00,0x00,0x00,0x00,0x00,0x00,0x00,
    0x00,0x00,0x00,0x00,0x00,0x00,0x00,0x00,0x00,0x00,0x00,0x00,0x00,0x00,0x00,0x00,
    0x00,0x00,0x00,0x00,0x00,0x00,0x00,0x00,0x00,0x00,0x00,0x00,0x00,0x00,0x00,0x00,
    0x00,0x00,0x00,0x00,0x00,0x00,0x00,0x00,0x00,0x00,0x00,0x00,0x2a,0xd4,0xaa,0x06,
    0x00,0x00,0x00,0x00,0x2e,0xd6,0xbe,0x72,0x34,0xe9,0xcf,0xff,0x34,0xe9,0xcf,0xff,
    0x2e,0xd6,0xbe,0x72,0x00,0x00,0x00,0x00,0x2a,0xd4,0xaa,0x06,0x00,0x00,0x00,0x00,
    0x00,0x00,0x00,0x00,0x00,0x00,0x00,0x00,0x00,0x00,0x00,0x00,0x00,0x00,0x00,0x00,
    0x00,0x00,0x00,0x00,0x00,0x00,0x00,0x00,0x00,0x00,0x00,0x00,0x00,0x00,0x00,0x00,
    0x00,0x00,0x00,0x00,0x00,0x00,0x00,0x00,0x00,0x00,0x00,0x00,0x00,0x00,0x00,0x00,
    0x00,0x00,0x00,0x00,0x00,0x00,0x00,0x00,0x00,0x00,0x00,0x00,0x00,0x00,0x00,0x00,
    0x00,0x00,0x00,0x00,0x00,0x00,0x00,0x00,0x00,0x00,0x00,0x00,0x00,0x00,0x00,0x00,
    0x00,0x00,0x00,0x00,0x00,0x00,0x00,0x00,0x00,0x00,0x00,0x00,0x2a,0xd4,0xaa,0x06,
    0x00,0x00,0x00,0x00,0x2e,0xd6,0xbe,0x72,0x34,0xe9,0xcf,0xff,0x34,0xe9,0xcf,0xff,
    0x2e,0xd6,0xbe,0x72,0x00,0x00,0x00,0x00,0x2a,0xd4,0xaa,0x06,0x00,0x00,0x00,0x00,
    0x00,0x00,0x00,0x00,0x00,0x00,0x00,0x00,0x00,0x00,0x00,0x00,0x00,0x00,0x00,0x00,
    0x00,0x00,0x00,0x00,0x00,0x00,0x00,0x00,0x00,0x00,0x00,0x00,0x00,0x00,0x00,0x00,
    0x00,0x00,0x00,0x00,0x00,0x00,0x00,0x00,0x00,0x00,0x00,0x00,0x00,0x00,0x00,0x00,
    0x00,0x00,0x00,0x00,0x00,0x00,0x00,0x00,0x00,0x00,0x00,0x00,0x00,0x00,0x00,0x00,
    0x00,0x00,0x00,0x00,0x00,0x00,0x00,0x00,0x00,0x00,0x00,0x00,0x00,0x00,0x00,0x00,
    0x00,0x00,0x00,0x00,0x00,0x00,0x00,0x00,0x00,0x00,0x00,0x00,0x2a,0xd4,0xaa,0x06,
    0x00,0x00,0x00,0x00,0x2e,0xd6,0xbe,0x72,0x34,0xe9,0xcf,0xff,0x34,0xe9,0xcf,0xff,
    0x2e,0xd6,0xbe,0x72,0x00,0x00,0x00,0x00,0x2a,0xd4,0xaa,0x06,0x00,0x00,0x00,0x00,
    0x00,0x00,0x00,0x00,0x00,0x00,0x00,0x00,0x00,0x00,0x00,0x00,0x00,0x00,0x00,0x00,
    0x00,0x00,0x00,0x00,0x00,0x00,0x00,0x00,0x00,0x00,0x00,0x00,0x00,0x00,0x00,0x00,
    0x00,0x00,0x00,0x00,0x00,0x00,0x00,0x00,0x00,0x00,0x00,0x00,0x00,0x00,0x00,0x00,
    0x00,0x00,0x00,0x00,0x00,0x00,0x00,0x00,0x00,0x00,0x00,0x00,0x00,0x00,0x00,0x00,
    0x00,0x00,0x00,0x00,0x00,0x00,0x00,0x00,0x00,0x00,0x00,0x00,0x00,0x00,0x00,0x00,
    0x00,0x00,0x00,0x00,0x00,0x00,0x00,0x00,0x00,0x00,0x00,0x00,0x2a,0xd4,0xaa,0x06,
    0x00,0x00,0x00,0x00,0x2e,0xd6,0xbe,0x72,0x34,0xe9,0xcf,0xff,0x34,0xe9,0xcf,0xff,
    0x2e,0xd6,0xbe,0x72,0x00,0x00,0x00,0x00,0x2a,0xd4,0xaa,0x06,0x00,0x00,0x00,0x00,
    0x00,0x00,0x00,0x00,0x00,0x00,0x00,0x00,0x00,0x00,0x00,0x00,0x00,0x00,0x00,0x00,
    0x00,0x00,0x00,0x00,0x00,0x00,0x00,0x00,0x00,0x00,0x00,0x00,0x00,0x00,0x00,0x00,
    0x00,0x00,0x00,0x00,0x00,0x00,0x00,0x00,0x00,0x00,0x00,0x00,0x00,0x00,0x00,0x00,
    0x00,0x00,0x00,0x00,0x00,0x00,0x00,0x00,0x00,0x00,0x00,0x00,0x00,0x00,0x00,0x00,
    0x00,0x00,0x00,0x00,0x00,0x00,0x00,0x00,0x00,0x00,0x00,0x00,0x00,0x00,0x00,0x00,
    0x00,0x00,0x00,0x00,0x00,0x00,0x00,0x00,0x00,0x00,0x00,0x00,0x2a,0xd4,0xaa,0x06,
    0x00,0x00,0x00,0x00,0x2e,0xd6,0xbe,0x72,0x34,0xe9,0xcf,0xff,0x34,0xe9,0xcf,0xff,
    0x2e,0xd6,0xbe,0x72,0x00,0x00,0x00,0x00,0x2a,0xd4,0xaa,0x06,0x00,0x00,0x00,0x00,
    0x00,0x00,0x00,0x00,0x00,0x00,0x00,0x00,0x00,0x00,0x00,0x00,0x00,0x00,0x00,0x00,
    0x00,0x00,0x00,0x00,0x00,0x00,0x00,0x00,0x00,0x00,0x00,0x00,0x00,0x00,0x00,0x00,
    0x00,0x00,0x00,0x00,0x00,0x00,0x00,0x00,0x00,0x00,0x00,0x00,0x00,0x00,0x00,0x00,
    0x00,0x00,0x00,0x00,0x00,0x00,0x00,0x00,0x00,0x00,0x00,0x00,0x00,0x00,0x00,0x00,
    0x00,0x00,0x00,0x00,0x00,0x00,0x00,0x00,0x00,0x00,0x00,0x00,0x00,0x00,0x00,0x00,
    0x00,0x00,0x00,0x00,0x00,0x00,0x00,0x00,0x00,0x00,0x00,0x00,0x2a,0xd4,0xaa,0x06,
    0x00,0x00,0x00,0x00,0x2e,0xd6,0xbe,0x72,0x34,0xe9,0xcf,0xff,0x34,0xe9,0xcf,0xff,
    0x2e,0xd6,0xbe,0x72,0x00,0x00,0x00,0x00,0x2a,0xd4,0xaa,0x06,0x00,0x00,0x00,0x00,
    0x00,0x00,0x00,0x00,0x00,0x00,0x00,0x00,0x00,0x00,0x00,0x00,0x00,0x00,0x00,0x00,
    0x00,0x00,0x00,0x00,0x00,0x00,0x00,0x00,0x00,0x00,0x00,0x00,0x00,0x00,0x00,0x00,
    0x00,0x00,0x00,0x00,0x00,0x00,0x00,0x00,0x00,0x00,0x00,0x00,0x00,0x00,0x00,0x00,
    0x00,0x00,0x00,0x00,0x00,0x00,0x00,0x00,0x00,0x00,0x00,0x00,0x00,0x00,0x00,0x00,
    0x00,0x00,0x00,0x00,0x00,0x00,0x00,0x00,0x00,0x00,0x00,0x00,0x00,0x00,0x00,0x00,
    0x00,0x00,0x00,0x00,0x00,0x00,0x00,0x00,0x00,0x00,0x00,0x00,0x2a,0xd4,0xaa,0x06,
    0x00,0x00,0x00,0x00,0x2e,0xd6,0xbe,0x72,0x34,0xe9,0xcf,0xff,0x34,0xe9,0xcf,0xff,
    0x2e,0xd6,0xbe,0x72,0x00,0x00,0x00,0x00,0x2a,0xd4,0xaa,0x06,0x00,0x00,0x00,0x00,
    0x00,0x00,0x00,0x00,0x00,0x00,0x00,0x00,0x00,0x00,0x00,0x00,0x00,0x00,0x00,0x00,
    0x00,0x00,0x00,0x00,0x00,0x00,0x00,0x00,0x00,0x00,0x00,0x00,0x00,0x00,0x00,0x00,
    0x00,0x00,0x00,0x00,0x00,0x00,0x00,0x00,0x00,0x00,0x00,0x00,0x00,0x00,0x00,0x00,
    0x00,0x00,0x00,0x00,0x00,0x00,0x00,0x00,0x00,0x00,0x00,0x00,0x00,0x00,0x00,0x00,
    0x00,0x00,0x00,0x00,0x00,0x00,0x00,0x00,0x00,0x00,0x00,0x00,0x00,0x00,0x00,0x00,
    0x00,0x00,0x00,0x00,0x00,0x00,0x00,0x00,0x00,0x00,0x00,0x00,0x2a,0xd4,0xaa,0x06,
    0x00,0x00,0x00,0x00,0x2e,0xd6,0xbe,0x72,0x34,0xe9,0xcf,0xff,0x34,0xe9,0xcf,0xff,
    0x2e,0xd6,0xbe,0x72,0x00,0x00,0x00,0x00,0x2a,0xd4,0xaa,0x06,0x00,0x00,0x00,0x00,
    0x00,0x00,0x00,0x00,0x00,0x00,0x00,0x00,0x00,0x00,0x00,0x00,0x00,0x00,0x00,0x00,
    0x00,0x00,0x00,0x00,0x00,0x00,0x00,0x00,0x00,0x00,0x00,0x00,0x00,0x00,0x00,0x00,
    0x00,0x00,0x00,0x00,0x00,0x00,0x00,0x00,0x00,0x00,0x00,0x00,0x00,0x00,0x00,0x00,
    0x00,0x00,0x00,0x00,0x00,0x00,0x00,0x00,0x00,0x00,0x00,0x00,0x00,0x00,0x00,0x00,
    0x00,0x00,0x00,0x00,0x00,0x00,0x00,0x00,0x00,0x00,0x00,0x00,0x00,0x00,0x00,0x00,
    0x00,0x00,0x00,0x00,0x00,0x00,0x00,0x00,0x00,0x00,0x00,0x00,0x2a,0xd4,0xaa,0x06,
    0x00,0x00,0x00,0x00,0x2e,0xd6,0xbe,0x72,0x34,0xe9,0xcf,0xff,0x34,0xe9,0xcf,0xff,
    0x2e,0xd6,0xbe,0x72,0x00,0x00,0x00,0x00,0x2a,0xd4,0xaa,0x06,0x00,0x00,0x00,0x00,
    0x00,0x00,0x00,0x00,0x00,0x00,0x00,0x00,0x00,0x00,0x00,0x00,0x00,0x00,0x00,0x00,
    0x00,0x00,0x00,0x00,0x00,0x00,0x00,0x00,0x00,0x00,0x00,0x00,0x00,0x00,0x00,0x00,
    0x00,0x00,0x00,0x00,0x00,0x00,0x00,0x00,0x00,0x00,0x00,0x00,0x00,0x00,0x00,0x00,
    0x00,0x00,0x00,0x00,0x00,0x00,0x00,0x00,0x00,0x00,0x00,0x00,0x00,0x00,0x00,0x00,
    0x00,0x00,0x00,0x00,0x00,0x00,0x00,0x00,0x00,0x00,0x00,0x00,0x00,0x00,0x00,0x00,
    0x00,0x00,0x00,0x00,0x00,0x00,0x00,0x00,0x00,0x00,0x00,0x00,0x2a,0xd4,0xaa,0x06,
    0x00,0x00,0x00,0x00,0x2e,0xd6,0xbe,0x72,0x34,0xe9,0xcf,0xff,0x34,0xe9,0xcf,0xff,
    0x2e,0xd6,0xbe,0x72,0x00,0x00,0x00,0x00,0x2a,0xd4,0xaa,0x06,0x00,0x00,0x00,0x00,
    0x00,0x00,0x00,0x00,0x00,0x00,0x00,0x00,0x00,0x00,0x00,0x00,0x00,0x00,0x00,0x00,
    0x00,0x00,0x00,0x00,0x00,0x00,0x00,0x00,0x00,0x00,0x00,0x00,0x00,0x00,0x00,0x00,
    0x00,0x00,0x00,0x00,0x00,0x00,0x00,0x00,0x00,0x00,0x00,0x00,0x00,0x00,0x00,0x00,
    0x00,0x00,0x00,0x00,0x00,0x00,0x00,0x00,0x00,0x00,0x00,0x00,0x00,0x00,0x00,0x00,
    0x00,0x00,0x00,0x00,0x00,0x00,0x00,0x00,0x00,0x00,0x00,0x00,0x00,0x00,0x00,0x00,
    0x00,0x00,0x00,0x00,0x00,0x00,0x00,0x00,0x00,0x00,0x00,0x00,0x2a,0xd4,0xaa,0x06,
    0x00,0x00,0x00,0x00,0x2e,0xd6,0xbe,0x72,0x34,0xe9,0xcf,0xff,0x34,0xe9,0xcf,0xff,
    0x2e,0xd6,0xbe,0x72,0x00,0x00,0x00,0x00,0x2a,0xd4,0xaa,0x06,0x00,0x00,0x00,0x00,
    0x00,0x00,0x00,0x00,0x00,0x00,0x00,0x00,0x00,0x00,0x00,0x00,0x00,0x00,0x00,0x00,
    0x00,0x00,0x00,0x00,0x00,0x00,0x00,0x00,0x00,0x00,0x00,0x00,0x00,0x00,0x00,0x00,
    0x00,0x00,0x00,0x00,0x00,0x00,0x00,0x00,0x00,0x00,0x00,0x00,0x00,0x00,0x00,0x00,
    0x00,0x00,0x00,0x00,0x00,0x00,0x00,0x00,0x00,0x00,0x00,0x00,0x00,0x00,0x00,0x00,
    0x00,0x00,0x00,0x00,0x00,0x00,0x00,0x00,0x00,0x00,0x00,0x00,0x00,0x00,0x00,0x00,
    0x00,0x00,0x00,0x00,0x00,0x00,0x00,0x00,0x00,0x00,0x00,0x00,0x2a,0xd4,0xaa,0x06,
    0x00,0x00,0x00,0x00,0x2e,0xd6,0xbe,0x72,0x34,0xe9,0xcf,0xff,0x34,0xe9,0xcf,0xff,
    0x2e,0xd6,0xbe,0x72,0x00,0x00,0x00,0x00,0x2a,0xd4,0xaa,0x06,0x00,0x00,0x00,0x00,
    0x00,0x00,0x00,0x00,0x00,0x00,0x00,0x00,0x00,0x00,0x00,0x00,0x00,0x00,0x00,0x00,
    0x00,0x00,0x00,0x00,0x00,0x00,0x00,0x00,0x00,0x00,0x00,0x00,0x00,0x00,0x00,0x00,
    0x00,0x00,0x00,0x00,0x00,0x00,0x00,0x00,0x00,0x00,0x00,0x00,0x00,0x00,0x00,0x00,
    0x00,0x00,0x00,0x00,0x00,0x00,0x00,0x00,0x00,0x00,0x00,0x00,0x00,0x00,0x00,0x00,
    0x00,0x00,0x00,0x00,0x00,0x00,0x00,0x00,0x00,0x00,0x00,0x00,0x00,0x00,0x00,0x00,
    0x00,0x00,0x00,0x00,0x00,0x00,0x00,0x00,0x00,0x00,0x00,0x00,0x2a,0xd4,0xaa,0x06,
    0x00,0x00,0x00,0x00,0x2e,0xd6,0xbe,0x72,0x34,0xe9,0xcf,0xff,0x34,0xe9,0xcf,0xff,
    0x2e,0xd6,0xbe,0x72,0x00,0x00,0x00,0x00,0x2a,0xd4,0xaa,0x06,0x00,0x00,0x00,0x00,
    0x00,0x00,0x00,0x00,0x00,0x00,0x00,0x00,0x00,0x00,0x00,0x00,0x00,0x00,0x00,0x00,
    0x00,0x00,0x00,0x00,0x00,0x00,0x00,0x00,0x00,0x00,0x00,0x00,0x00,0x00,0x00,0x00,
    0x00,0x00,0x00,0x00,0x00,0x00,0x00,0x00,0x00,0x00,0x00,0x00,0x00,0x00,0x00,0x00,
    0x00,0x00,0x00,0x00,0x00,0x00,0x00,0x00,0x00,0x00,0x00,0x00,0x00,0x00,0x00,0x00,
    0x00,0x00,0x00,0x00,0x00,0x00,0x00,0x00,0x00,0x00,0x00,0x00,0x00,0x00,0x00,0x00,
    0x00,0x00,0x00,0x00,0x00,0x00,0x00,0x00,0x00,0x00,0x00,0x00,0x2a,0xd4,0xaa,0x06,
    0x00,0x00,0x00,0x00,0x2e,0xd6,0xbe,0x72,0x34,0xe9,0xcf,0xff,0x34,0xe9,0xcf,0xff,
    0x2e,0xd6,0xbe,0x72,0x00,0x00,0x00,0x00,0x2a,0xd4,0xaa,0x06,0x00,0x00,0x00,0x00,
    0x00,0x00,0x00,0x00,0x00,0x00,0x00,0x00,0x00,0x00,0x00,0x00,0x00,0x00,0x00,0x00,
    0x00,0x00,0x00,0x00,0x00,0x00,0x00,0x00,0x00,0x00,0x00,0x00,0x00,0x00,0x00,0x00,
    0x00,0x00,0x00,0x00,0x00,0x00,0x00,0x00,0x00,0x00,0x00,0x00,0x00,0x00,0x00,0x00,
    0x00,0x00,0x00,0x00,0x00,0x00,0x00,0x00,0x00,0x00,0x00,0x00,0x00,0x00,0x00,0x00,
    0x00,0x00,0x00,0x00,0x00,0x00,0x00,0x00,0x00,0x00,0x00,0x00,0x00,0x00,0x00,0x00,
    0x00,0x00,0x00,0x00,0x00,0x00,0x00,0x00,0x00,0x00,0x00,0x00,0x2a,0xd4,0xaa,0x06,
    0x00,0x00,0x00,0x00,0x2e,0xd6,0xbe,0x72,0x34,0xe9,0xcf,0xff,0x34,0xe9,0xcf,0xff,
    0x2e,0xd6,0xbe,0x72,0x00,0x00,0x00,0x00,0x2a,0xd4,0xaa,0x06,0x00,0x00,0x00,0x00,
    0x00,0x00,0x00,0x00,0x00,0x00,0x00,0x00,0x00,0x00,0x00,0x00,0x00,0x00,0x00,0x00,
    0x00,0x00,0x00,0x00,0x00,0x00,0x00,0x00,0x00,0x00,0x00,0x00,0x00,0x00,0x00,0x00,
    0x00,0x00,0x00,0x00,0x00,0x00,0x00,0x00,0x00,0x00,0x00,0x00,0x00,0x00,0x00,0x00,
    0x00,0x00,0x00,0x00,0x00,0x00,0x00,0x00,0x00,0x00,0x00,0x00,0x00,0x00,0x00,0x00,
    0x00,0x00,0x00,0x00,0x00,0x00,0x00,0x00,0x00,0x00,0x00,0x00,0x00,0x00,0x00,0x00,
    0x00,0x00,0x00,0x00,0x00,0x00,0x00,0x00,0x00,0x00,0x00,0x00,0x2a,0xd4,0xaa,0x06,
    0x00,0x00,0x00,0x00,0x2e,0xd6,0xbe,0x72,0x34,0xe9,0xcf,0xff,0x34,0xe9,0xcf,0xff,
    0x2e,0xd6,0xbe,0x72,0x00,0x00,0x00,0x00,0x2a,0xd4,0xaa,0x06,0x00,0x00,0x00,0x00,
    0x00,0x00,0x00,0x00,0x00,0x00,0x00,0x00,0x00,0x00,0x00,0x00,0x00,0x00,0x00,0x00,
    0x00,0x00,0x00,0x00,0x00,0x00,0x00,0x00,0x00,0x00,0x00,0x00,0x00,0x00,0x00,0x00,
    0x00,0x00,0x00,0x00,0x00,0x00,0x00,0x00,0x00,0x00,0x00,0x00,0x00,0x00,0x00,0x00,
    0x00,0x00,0x00,0x00,0x00,0x00,0x00,0x00,0x00,0x00,0x00,0x00,0x00,0x00,0x00,0x00,
    0x00,0x00,0x00,0x00,0x00,0x00,0x00,0x00,0x00,0x00,0x00,0x00,0x00,0x00,0x00,0x00,
    0x00,0x00,0x00,0x00,0x00,0x00,0x00,0x00,0x00,0x00,0x00,0x00,0x2a,0xd4,0xaa,0x06,
    0x00,0x00,0x00,0x00,0x2e,0xd6,0xbe,0x72,0x34,0xe9,0xcf,0xff,0x34,0xe9,0xcf,0xff,
    0x2e,0xd6,0xbe,0x72,0x00,0x00,0x00,0x00,0x2a,0xd4,0xaa,0x06,0x00,0x00,0x00,0x00,
    0x00,0x00,0x00,0x00,0x00,0x00,0x00,0x00,0x00,0x00,0x00,0x00,0x00,0x00,0x00,0x00,
    0x00,0x00,0x00,0x00,0x00,0x00,0x00,0x00,0x00,0x00,0x00,0x00,0x00,0x00,0x00,0x00,
    0x00,0x00,0x00,0x00,0x00,0x00,0x00,0x00,0x00,0x00,0x00,0x00,0x00,0x00,0x00,0x00,
    0x00,0x00,0x00,0x00,0x00,0x00,0x00,0x00,0x00,0x00,0x00,0x00,0x00,0x00,0x00,0x00,
    0x00,0x00,0x00,0x00,0x00,0x00,0x00,0x00,0x00,0x00,0x00,0x00,0x00,0x00,0x00,0x00,
    0x00,0x00,0x00,0x00,0x00,0x00,0x00,0x00,0x00,0x00,0x00,0x00,0x2a,0xd4,0xaa,0x06,
    0x00,0x00,0x00,0x00,0x2e,0xd6,0xbe,0x72,0x34,0xe9,0xcf,0xff,0x34,0xe9,0xcf,0xff,
    0x2e,0xd6,0xbe,0x72,0x00,0x00,0x00,0x00,0x2a,0xd4,0xaa,0x06,0x00,0x00,0x00,0x00,
    0x00,0x00,0x00,0x00,0x00,0x00,0x00,0x00,0x00,0x00,0x00,0x00,0x00,0x00,0x00,0x00,
    0x00,0x00,0x00,0x00,0x00,0x00,0x00,0x00,0x00,0x00,0x00,0x00,0x00,0x00,0x00,0x00,
    0x00,0x00,0x00,0x00,0x00,0x00,0x00,0x00,0x00,0x00,0x00,0x00,0x00,0x00,0x00,0x00,
    0x00,0x00,0x00,0x00,0x00,0x00,0x00,0x00,0x00,0x00,0x00,0x00,0x00,0x00,0x00,0x00,
    0x00,0x00,0x00,0x00,0x00,0x00,0x00,0x00,0x00,0x00,0x00,0x00,0x00,0x00,0x00,0x00,
    0x00,0x00,0x00,0x00,0x00,0x00,0x00,0x00,0x00,0x00,0x00,0x00,0x2a,0xd4,0xaa,0x06,
    0x00,0x00,0x00,0x00,0x2e,0xd6,0xbe,0x72,0x34,0xe9,0xcf,0xff,0x34,0xe9,0xcf,0xff,
    0x2e,0xd6,0xbe,0x72,0x00,0x00,0x00,0x00,0x2a,0xd4,0xaa,0x06,0x00,0x00,0x00,0x00,
    0x00,0x00,0x00,0x00,0x00,0x00,0x00,0x00,0x00,0x00,0x00,0x00,0x00,0x00,0x00,0x00,
    0x00,0x00,0x00,0x00,0x00,0x00,0x00,0x00,0x00,0x00,0x00,0x00,0x00,0x00,0x00,0x00,
    0x00,0x00,0x00,0x00,0x00,0x00,0x00,0x00,0x00,0x00,0x00,0x00,0x00,0x00,0x00,0x00,
    0x00,0x00,0x00,0x00,0x00,0x00,0x00,0x00,0x00,0x00,0x00,0x00,0x00,0x00,0x00,0x00,
    0x00,0x00,0x00,0x00,0x00,0x00,0x00,0x00,0x00,0x00,0x00,0x00,0x00,0x00,0x00,0x00,
    0x00,0x00,0x00,0x00,0x00,0x00,0x00,0x00,0x00,0x00,0x00,0x00,0x2a,0xd4,0xaa,0x06,
    0x00,0x00,0x00,0x00,0x2e,0xd6,0xbe,0x72,0x34,0xe9,0xcf,0xff,0x34,0xe9,0xcf,0xff,
    0x2e,0xd6,0xbe,0x72,0x00,0x00,0x00,0x00,0x2a,0xd4,0xaa,0x06,0x00,0x00,0x00,0x00,
    0x00,0x00,0x00,0x00,0x00,0x00,0x00,0x00,0x00,0x00,0x00,0x00,0x00,0x00,0x00,0x00,
    0x00,0x00,0x00,0x00,0x00,0x00,0x00,0x00,0x00,0x00,0x00,0x00,0x00,0x00,0x00,0x00,
    0x00,0x00,0x00,0x00,0x00,0x00,0x00,0x00,0x00,0x00,0x00,0x00,0x00,0x00,0x00,0x00,
    0x00,0x00,0x00,0x00,0x00,0x00,0x00,0x00,0x00,0x00,0x00,0x00,0x00,0x00,0x00,0x00,
    0x00,0x00,0x00,0x00,0x00,0x00,0x00,0x00,0x00,0x00,0x00,0x00,0x00,0x00,0x00,0x00,
    0x00,0x00,0x00,0x00,0x00,0x00,0x00,0x00,0x00,0x00,0x00,0x00,0x2a,0xd4,0xaa,0x06,
    0x00,0x00,0x00,0x00,0x2e,0xd6,0xbe,0x72,0x34,0xe9,0xcf,0xff,0x34,0xe9,0xcf,0xff,
    0x2e,0xd6,0xbe,0x72,0x00,0x00,0x00,0x00,0x2a,0xd4,0xaa,0x06,0x00,0x00,0x00,0x00,
    0x00,0x00,0x00,0x00,0x00,0x00,0x00,0x00,0x00,0x00,0x00,0x00,0x00,0x00,0x00,0x00,
    0x00,0x00,0x00,0x00,0x00,0x00,0x00,0x00,0x00,0x00,0x00,0x00,0x00,0x00,0x00,0x00,
    0x00,0x00,0x00,0x00,0x00,0x00,0x00,0x00,0x00,0x00,0x00,0x00,0x00,0x00,0x00,0x00,
    0x00,0x00,0x00,0x00,0x00,0x00,0x00,0x00,0x00,0x00,0x00,0x00,0x00,0x00,0x00,0x00,
    0x00,0x00,0x00,0x00,0x00,0x00,0x00,0x00,0x00,0x00,0x00,0x00,0x00,0x00,0x00,0x00,
    0x00,0x00,0x00,0x00,0x00,0x00,0x00,0x00,0x00,0x00,0x00,0x00,0x2a,0xd4,0xaa,0x06,
    0x00,0x00,0x00,0x00,0x2e,0xd6,0xbe,0x72,0x34,0xe9,0xcf,0xff,0x34,0xe9,0xcf,0xff,
    0x2e,0xd6,0xbe,0x72,0x00,0x00,0x00,0x00,0x2a,0xd4,0xaa,0x06,0x00,0x00,0x00,0x00,
    0x00,0x00,0x00,0x00,0x00,0x00,0x00,0x00,0x00,0x00,0x00,0x00,0x00,0x00,0x00,0x00,
    0x00,0x00,0x00,0x00,0x00,0x00,0x00,0x00,0x00,0x00,0x00,0x00,0x00,0x00,0x00,0x00,
    0x00,0x00,0x00,0x00,0x00,0x00,0x00,0x00,0x00,0x00,0x00,0x00,0x00,0x00,0x00,0x00,
    0x00,0x00,0x00,0x00,0x00,0x00,0x00,0x00,0x00,0x00,0x00,0x00,0x00,0x00,0x00,0x00,
    0x00,0x00,0x00,0x00,0x00,0x00,0x00,0x00,0x00,0x00,0x00,0x00,0x00,0x00,0x00,0x00,
    0x00,0x00,0x00,0x00,0x00,0x00,0x00,0x00,0x00,0x00,0x00,0x00,0x2a,0xd4,0xaa,0x06,
    0x00,0x00,0x00,0x00,0x2e,0xd6,0xbe,0x72,0x34,0xe9,0xcf,0xff,0x34,0xe9,0xcf,0xff,
    0x2e,0xd6,0xbe,0x72,0x00,0x00,0x00,0x00,0x2a,0xd4,0xaa,0x06,0x00,0x00,0x00,0x00,
    0x00,0x00,0x00,0x00,0x00,0x00,0x00,0x00,0x00,0x00,0x00,0x00,0x00,0x00,0x00,0x00,
    0x00,0x00,0x00,0x00,0x00,0x00,0x00,0x00,0x00,0x00,0x00,0x00,0x00,0x00,0x00,0x00,
    0x00,0x00,0x00,0x00,0x00,0x00,0x00,0x00,0x00,0x00,0x00,0x00,0x00,0x00,0x00,0x00,
    0x00,0x00,0x00,0x00,0x00,0x00,0x00,0x00,0x00,0x00,0x00,0x00,0x00,0x00,0x00,0x00,
    0x00,0x00,0x00,0x00,0x00,0x00,0x00,0x00,0x00,0x00,0x00,0x00,0x00,0x00,0x00,0x00,
    0x00,0x00,0x00,0x00,0x00,0x00,0x00,0x00,0x00,0x00,0x00,0x00,0x2a,0xd4,0xaa,0x06,
    0x00,0x00,0x00,0x00,0x2e,0xd6,0xbe,0x72,0x34,0xe9,0xcf,0xff,0x34,0xe9,0xcf,0xff,
    0x2e,0xd6,0xbe,0x72,0x00,0x00,0x00,0x00,0x2a,0xd4,0xaa,0x06,0x00,0x00,0x00,0x00,
    0x00,0x00,0x00,0x00,0x00,0x00,0x00,0x00,0x00,0x00,0x00,0x00,0x00,0x00,0x00,0x00,
    0x00,0x00,0x00,0x00,0x00,0x00,0x00,0x00,0x00,0x00,0x00,0x00,0x00,0x00,0x00,0x00,
    0x00,0x00,0x00,0x00,0x00,0x00,0x00,0x00,0x00,0x00,0x00,0x00,0x00,0x00,0x00,0x00,
    0x00,0x00,0x00,0x00,0x00,0x00,0x00,0x00,0x00,0x00,0x00,0x00,0x00,0x00,0x00,0x00,
    0x00,0x00,0x00,0x00,0x00,0x00,0x00,0x00,0x00,0x00,0x00,0x00,0x00,0x00,0x00,0x00,
    0x00,0x00,0x00,0x00,0x00,0x00,0x00,0x00,0x00,0x00,0x00,0x00,0x2a,0xd4,0xaa,0x06,
    0x00,0x00,0x00,0x00,0x2e,0xd6,0xbe,0x72,0x34,0xe9,0xcf,0xff,0x34,0xe9,0xcf,0xff,
    0x2e,0xd6,0xbe,0x72,0x00,0x00,0x00,0x00,0x2a,0xd4,0xaa,0x06,0x00,0x00,0x00,0x00,
    0x00,0x00,0x00,0x00,0x00,0x00,0x00,0x00,0x00,0x00,0x00,0x00,0x00,0x00,0x00,0x00,
    0x00,0x00,0x00,0x00,0x00,0x00,0x00,0x00,0x00,0x00,0x00,0x00,0x00,0x00,0x00,0x00,
    0x00,0x00,0x00,0x00,0x00,0x00,0x00,0x00,0x00,0x00,0x00,0x00,0x00,0x00,0x00,0x00,
    0x00,0x00,0x00,0x00,0x00,0x00,0x00,0x00,0x00,0x00,0x00,0x00,0x00,0x00,0x00,0x00,
    0x00,0x00,0x00,0x00,0x00,0x00,0x00,0x00,0x00,0x00,0x00,0x00,0x00,0x00,0x00,0x00,
    0x00,0x00,0x00,0x00,0x00,0x00,0x00,0x00,0x00,0x00,0x00,0x00,0x2a,0xd4,0xaa,0x06,
    0x00,0x00,0x00,0x00,0x2e,0xd6,0xbe,0x72,0x34,0xe9,0xcf,0xff,0x34,0xe9,0xcf,0xff,
    0x2e,0xd6,0xbe,0x72,0x00,0x00,0x00,0x00,0x2a,0xd4,0xaa,0x06,0x00,0x00,0x00,0x00,
    0x00,0x00,0x00,0x00,0x00,0x00,0x00,0x00,0x00,0x00,0x00,0x00,0x00,0x00,0x00,0x00,
    0x00,0x00,0x00,0x00,0x00,0x00,0x00,0x00,0x00,0x00,0x00,0x00,0x00,0x00,0x00,0x00,
    0x00,0x00,0x00,0x00,0x00,0x00,0x00,0x00,0x00,0x00,0x00,0x00,0x00,0x00,0x00,0x00,
    0x00,0x00,0x00,0x00,0x00,0x00,0x00,0x00,0x00,0x00,0x00,0x00,0x00,0x00,0x00,0x00,
    0x00,0x00,0x00,0x00,0x00,0x00,0x00,0x00,0x00,0x00,0x00,0x00,0x00,0x00,0x00,0x00,
    0x00,0x00,0x00,0x00,0x00,0x00,0x00,0x00,0x00,0x00,0x00,0x00,0x2a,0xd4,0xaa,0x06,
    0x00,0x00,0x00,0x00,0x2e,0xd6,0xbe,0x72,0x34,0xe9,0xcf,0xff,0x34,0xe9,0xcf,0xff,
    0x2e,0xd6,0xbe,0x72,0x00,0x00,0x00,0x00,0x2a,0xd4,0xaa,0x06,0x00,0x00,0x00,0x00,
    0x00,0x00,0x00,0x00,0x00,0x00,0x00,0x00,0x00,0x00,0x00,0x00,0x00,0x00,0x00,0x00,
    0x00,0x00,0x00,0x00,0x00,0x00,0x00,0x00,0x00,0x00,0x00,0x00,0x00,0x00,0x00,0x00,
    0x00,0x00,0x00,0x00,0x00,0x00,0x00,0x00,0x00,0x00,0x00,0x00,0x00,0x00,0x00,0x00,
    0x00,0x00,0x00,0x00,0x00,0x00,0x00,0x00,0x00,0x00,0x00,0x00,0x00,0x00,0x00,0x00,
    0x00,0x00,0x00,0x00,0x00,0x00,0x00,0x00,0x00,0x00,0x00,0x00,0x00,0x00,0x00,0x00,
    0x00,0x00,0x00,0x00,0x00,0x00,0x00,0x00,0x00,0x00,0x00,0x00,0x2a,0xd4,0xaa,0x06,
    0x00,0x00,0x00,0x00,0x2e,0xd6,0xbe,0x72,0x34,0xe9,0xcf,0xff,0x34,0xe9,0xcf,0xff,
    0x2e,0xd6,0xbe,0x72,0x00,0x00,0x00,0x00,0x2a,0xd4,0xaa,0x06,0x00,0x00,0x00,0x00,
    0x00,0x00,0x00,0x00,0x00,0x00,0x00,0x00,0x00,0x00,0x00,0x00,0x00,0x00,0x00,0x00,
    0x00,0x00,0x00,0x00,0x00,0x00,0x00,0x00,0x00,0x00,0x00,0x00,0x00,0x00,0x00,0x00,
    0x00,0x00,0x00,0x00,0x00,0x00,0x00,0x00,0x00,0x00,0x00,0x00,0x00,0x00,0x00,0x00,
    0x00,0x00,0x00,0x00,0x00,0x00,0x00,0x00,0x00,0x00,0x00,0x00,0x00,0x00,0x00,0x00,
    0x00,0x00,0x00,0x00,0x00,0x00,0x00,0x00,0x00,0x00,0x00,0x00,0x00,0x00,0x00,0x00,
    0x00,0x00,0x00,0x00,0x00,0x00,0x00,0x00,0x00,0x00,0x00,0x00,0x2a,0xd4,0xaa,0x06,
    0x00,0x00,0x00,0x00,0x2e,0xd6,0xbe,0x72,0x34,0xe9,0xcf,0xff,0x34,0xe9,0xcf,0xff,
    0x2e,0xd6,0xbe,0x72,0x00,0x00,0x00,0x00,0x2a,0xd4,0xaa,0x06,0x00,0x00,0x00,0x00,
    0x00,0x00,0x00,0x00,0x00,0x00,0x00,0x00,0x00,0x00,0x00,0x00,0x00,0x00,0x00,0x00,
    0x00,0x00,0x00,0x00,0x00,0x00,0x00,0x00,0x00,0x00,0x00,0x00,0x00,0x00,0x00,0x00,
    0x00,0x00,0x00,0x00,0x00,0x00,0x00,0x00,0x00,0x00,0x00,0x00,0x00,0x00,0x00,0x00,
    0x00,0x00,0x00,0x00,0x00,0x00,0x00,0x00,0x00,0x00,0x00,0x00,0x00,0x00,0x00,0x00,
    0x00,0x00,0x00,0x00,0x00,0x00,0x00,0x00,0x00,0x00,0x00,0x00,0x00,0x00,0x00,0x00,
    0x00,0x00,0x00,0x00,0x00,0x00,0x00,0x00,0x00,0x00,0x00,0x00,0x2a,0xd4,0xaa,0x06,
    0x00,0x00,0x00,0x00,0x2e,0xd6,0xbe,0x72,0x34,0xe9,0xcf,0xff,0x34,0xe9,0xcf,0xff,
    0x2e,0xd6,0xbe,0x72,0x00,0x00,0x00,0x00,0x2a,0xd4,0xaa,0x06,0x00,0x00,0x00,0x00,
    0x00,0x00,0x00,0x00,0x00,0x00,0x00,0x00,0x00,0x00,0x00,0x00,0x00,0x00,0x00,0x00,
    0x00,0x00,0x00,0x00,0x00,0x00,0x00,0x00,0x00,0x00,0x00,0x00,0x00,0x00,0x00,0x00,
    0x00,0x00,0x00,0x00,0x00,0x00,0x00,0x00,0x00,0x00,0x00,0x00,0x00,0x00,0x00,0x00,
    0x00,0x00,0x00,0x00,0x00,0x00,0x00,0x00,0x00,0x00,0x00,0x00,0x00,0x00,0x00,0x00,
    0x00,0x00,0x00,0x00,0x00,0x00,0x00,0x00,0x00,0x00,0x00,0x00,0x00,0x00,0x00,0x00,
    0x00,0x00,0x00,0x00,0x00,0x00,0x00,0x00,0x00,0x00,0x00,0x00,0x2a,0xd4,0xaa,0x06,
    0x00,0x00,0x00,0x00,0x2e,0xd6,0xbe,0x72,0x34,0xe9,0xcf,0xff,0x34,0xe9,0xcf,0xff,
    0x2e,0xd6,0xbe,0x72,0x00,0x00,0x00,0x00,0x2a,0xd4,0xaa,0x06,0x00,0x00,0x00,0x00,
    0x00,0x00,0x00,0x00,0x00,0x00,0x00,0x00,0x00,0x00,0x00,0x00,0x00,0x00,0x00,0x00,
    0x00,0x00,0x00,0x00,0x00,0x00,0x00,0x00,0x00,0x00,0x00,0x00,0x00,0x00,0x00,0x00,
    0x00,0x00,0x00,0x00,0x00,0x00,0x00,0x00,0x00,0x00,0x00,0x00,0x00,0x00,0x00,0x00,
    0x00,0x00,0x00,0x00,0x00,0x00,0x00,0x00,0x00,0x00,0x00,0x00,0x00,0x00,0x00,0x00,
    0x00,0x00,0x00,0x00,0x00,0x00,0x00,0x00,0x00,0x00,0x00,0x00,0x00,0x00,0x00,0x00,
    0x00,0x00,0x00,0x00,0x00,0x00,0x00,0x00,0x00,0x00,0x00,0x00,0x2a,0xd4,0xaa,0x06,
    0x00,0x00,0x00,0x00,0x2e,0xd6,0xbe,0x72,0x34,0xe9,0xcf,0xff,0x34,0xe9,0xcf,0xff,
    0x2e,0xd6,0xbe,0x72,0x00,0x00,0x00,0x00,0x2a,0xd4,0xaa,0x06,0x00,0x00,0x00,0x00,
    0x00,0x00,0x00,0x00,0x00,0x00,0x00,0x00,0x00,0x00,0x00,0x00,0x00,0x00,0x00,0x00,
    0x00,0x00,0x00,0x00,0x00,0x00,0x00,0x00,0x00,0x00,0x00,0x00,0x00,0x00,0x00,0x00,
    0x00,0x00,0x00,0x00,0x00,0x00,0x00,0x00,0x00,0x00,0x00,0x00,0x00,0x00,0x00,0x00,
    0x00,0x00,0x00,0x00,0x00,0x00,0x00,0x00,0x00,0x00,0x00,0x00,0x00,0x00,0x00,0x00,
    0x00,0x00,0x00,0x00,0x00,0x00,0x00,0x00,0x00,0x00,0x00,0x00,0x00,0x00,0x00,0x00,
    0x00,0x00,0x00,0x00,0x00,0x00,0x00,0x00,0x00,0x00,0x00,0x00,0x2a,0xd4,0xaa,0x06,
    0x00,0x00,0x00,0x00,0x2e,0xd6,0xbe,0x72,0x34,0xe9,0xcf,0xff,0x34,0xe9,0xcf,0xff,
    0x2e,0xd6,0xbe,0x72,0x00,0x00,0x00,0x00,0x2a,0xd4,0xaa,0x06,0x00,0x00,0x00,0x00,
    0x00,0x00,0x00,0x00,0x00,0x00,0x00,0x00,0x00,0x00,0x00,0x00,0x00,0x00,0x00,0x00,
    0x00,0x00,0x00,0x00,0x00,0x00,0x00,0x00,0x00,0x00,0x00,0x00,0x00,0x00,0x00,0x00,
    0x00,0x00,0x00,0x00,0x00,0x00,0x00,0x00,0x00,0x00,0x00,0x00,0x00,0x00,0x00,0x00,
    0x00,0x00,0x00,0x00,0x00,0x00,0x00,0x00,0x00,0x00,0x00,0x00,0x00,0x00,0x00,0x00,
    0x00,0x00,0x00,0x00,0x00,0x00,0x00,0x00,0x00,0x00,0x00,0x00,0x00,0x00,0x00,0x00,
    0x00,0x00,0x00,0x00,0x00,0x00,0x00,0x00,0x00,0x00,0x00,0x00,0x2a,0xd4,0xaa,0x06,
    0x00,0x00,0x00,0x00,0x2e,0xd6,0xbe,0x72,0x34,0xe9,0xcf,0xff,0x34,0xe9,0xcf,0xff,
    0x2e,0xd6,0xbe,0x72,0x00,0x00,0x00,0x00,0x2a,0xd4,0xaa,0x06,0x00,0x00,0x00,0x00,
    0x00,0x00,0x00,0x00,0x00,0x00,0x00,0x00,0x00,0x00,0x00,0x00,0x00,0x00,0x00,0x00,
    0x00,0x00,0x00,0x00,0x00,0x00,0x00,0x00,0x00,0x00,0x00,0x00,0x00,0x00,0x00,0x00,
    0x00,0x00,0x00,0x00,0x00,0x00,0x00,0x00,0x00,0x00,0x00,0x00,0x00,0x00,0x00,0x00,
    0x00,0x00,0x00,0x00,0x00,0x00,0x00,0x00,0x00,0x00,0x00,0x00,0x00,0x00,0x00,0x00,
    0x00,0x00,0x00,0x00,0x00,0x00,0x00,0x00,0x00,0x00,0x00,0x00,0x00,0x00,0x00,0x00,
    0x00,0x00,0x00,0x00,0x00,0x00,0x00,0x00,0x00,0x00,0x00,0x00,0x2a,0xd4,0xaa,0x06,
    0x00,0x00,0x00,0x00,0x2e,0xd6,0xbe,0x72,0x34,0xe9,0xcf,0xff,0x34,0xe9,0xcf,0xff,
    0x2e,0xd6,0xbe,0x72,0x00,0x00,0x00,0x00,0x2a,0xd4,0xaa,0x06,0x00,0x00,0x00,0x00,
    0x00,0x00,0x00,0x00,0x00,0x00,0x00,0x00,0x00,0x00,0x00,0x00,0x00,0x00,0x00,0x00,
    0x00,0x00,0x00,0x00,0x00,0x00,0x00,0x00,0x00,0x00,0x00,0x00,0x00,0x00,0x00,0x00,
    0x00,0x00,0x00,0x00,0x00,0x00,0x00,0x00,0x00,0x00,0x00,0x00,0x00,0x00,0x00,0x00,
    0x00,0x00,0x00,0x00,0x00,0x00,0x00,0x00,0x00,0x00,0x00,0x00,0x00,0x00,0x00,0x00,
    0x00,0x00,0x00,0x00,0x00,0x00,0x00,0x00,0x00,0x00,0x00,0x00,0x00,0x00,0x00,0x00,
    0x00,0x00,0x00,0x00,0x00,0x00,0x00,0x00,0x00,0x00,0x00,0x00,0x2a,0xd4,0xaa,0x06,
    0x00,0x00,0x00,0x00,0x2e,0xd6,0xbe,0x72,0x34,0xe9,0xcf,0xff,0x34,0xe9,0xcf,0xff,
    0x2e,0xd6,0xbe,0x72,0x00,0x00,0x00,0x00,0x2a,0xd4,0xaa,0x06,0x00,0x00,0x00,0x00,
    0x00,0x00,0x00,0x00,0x00,0x00,0x00,0x00,0x00,0x00,0x00,0x00,0x00,0x00,0x00,0x00,
    0x00,0x00,0x00,0x00,0x00,0x00,0x00,0x00,0x00,0x00,0x00,0x00,0x00,0x00,0x00,0x00,
    0x00,0x00,0x00,0x00,0x00,0x00,0x00,0x00,0x00,0x00,0x00,0x00,0x00,0x00,0x00,0x00,
    0x00,0x00,0x00,0x00,0x00,0x00,0x00,0x00,0x00,0x00,0x00,0x00,0x00,0x00,0x00,0x00,
    0x00,0x00,0x00,0x00,0x00,0x00,0x00,0x00,0x00,0x00,0x00,0x00,0x00,0x00,0x00,0x00,
    0x00,0x00,0x00,0x00,0x00,0x00,0x00,0x00,0x00,0x00,0x00,0x00,0x2a,0xd4,0xaa,0x06,
    0x00,0x00,0x00,0x00,0x2e,0xd6,0xbe,0x72,0x34,0xe9,0xcf,0xff,0x34,0xe9,0xcf,0xff,
    0x2e,0xd6,0xbe,0x72,0x00,0x00,0x00,0x00,0x2a,0xd4,0xaa,0x06,0x00,0x00,0x00,0x00,
    0x00,0x00,0x00,0x00,0x00,0x00,0x00,0x00,0x00,0x00,0x00,0x00,0x00,0x00,0x00,0x00,
    0x00,0x00,0x00,0x00,0x00,0x00,0x00,0x00,0x00,0x00,0x00,0x00,0x00,0x00,0x00,0x00,
    0x00,0x00,0x00,0x00,0x00,0x00,0x00,0x00,0x00,0x00,0x00,0x00,0x00,0x00,0x00,0x00,
    0x00,0x00,0x00,0x00,0x00,0x00,0x00,0x00,0x00,0x00,0x00,0x00,0x00,0x00,0x00,0x00,
    0x00,0x00,0x00,0x00,0x00,0x00,0x00,0x00,0x00,0x00,0x00,0x00,0x00,0x00,0x00,0x00,
    0x00,0x00,0x00,0x00,0x00,0x00,0x00,0x00,0x00,0x00,0x00,0x00,0x2a,0xd4,0xaa,0x06,
    0x00,0x00,0x00,0x00,0x2e,0xd6,0xbe,0x72,0x34,0xe9,0xcf,0xff,0x34,0xe9,0xcf,0xff,
    0x2e,0xd6,0xbe,0x72,0x00,0x00,0x00,0x00,0x2a,0xd4,0xaa,0x06,0x00,0x00,0x00,0x00,
    0x00,0x00,0x00,0x00,0x00,0x00,0x00,0x00,0x00,0x00,0x00,0x00,0x00,0x00,0x00,0x00,
    0x00,0x00,0x00,0x00,0x00,0x00,0x00,0x00,0x00,0x00,0x00,0x00,0x00,0x00,0x00,0x00,
    0x00,0x00,0x00,0x00,0x00,0x00,0x00,0x00,0x00,0x00,0x00,0x00,0x00,0x00,0x00,0x00,
    0x00,0x00,0x00,0x00,0x00,0x00,0x00,0x00,0x00,0x00,0x00,0x00,0x00,0x00,0x00,0x00,
    0x00,0x00,0x00,0x00,0x00,0x00,0x00,0x00,0x00,0x00,0x00,0x00,0x00,0x00,0x00,0x00,
    0x00,0x00,0x00,0x00,0x00,0x00,0x00,0x00,0x00,0x00,0x00,0x00,0x2a,0xd4,0xaa,0x06,
    0x00,0x00,0x00,0x00,0x2e,0xd6,0xbe,0x72,0x34,0xe9,0xcf,0xff,0x34,0xe9,0xcf,0xff,
    0x2e,0xd6,0xbe,0x72,0x00,0x00,0x00,0x00,0x2a,0xd4,0xaa,0x06,0x00,0x00,0x00,0x00,
    0x00,0x00,0x00,0x00,0x00,0x00,0x00,0x00,0x00,0x00,0x00,0x00,0x00,0x00,0x00,0x00,
    0x00,0x00,0x00,0x00,0x00,0x00,0x00,0x00,0x00,0x00,0x00,0x00,0x00,0x00,0x00,0x00,
    0x00,0x00,0x00,0x00,0x00,0x00,0x00,0x00,0x00,0x00,0x00,0x00,0x00,0x00,0x00,0x00,
    0x00,0x00,0x00,0x00,0x00,0x00,0x00,0x00,0x00,0x00,0x00,0x00,0x00,0x00,0x00,0x00,
    0x00,0x00,0x00,0x00,0x00,0x00,0x00,0x00,0x00,0x00,0x00,0x00,0x00,0x00,0x00,0x00,
    0x00,0x00,0x00,0x00,0x00,0x00,0x00,0x00,0x00,0x00,0x00,0x00,0x2a,0xd4,0xaa,0x06,
    0x00,0x00,0x00,0x00,0x2e,0xd6,0xbe,0x72,0x34,0xe9,0xcf,0xff,0x34,0xe9,0xcf,0xff,
    0x2e,0xd6,0xbe,0x72,0x00,0x00,0x00,0x00,0x2a,0xd4,0xaa,0x06,0x00,0x00,0x00,0x00,
    0x00,0x00,0x00,0x00,0x00,0x00,0x00,0x00,0x00,0x00,0x00,0x00,0x00,0x00,0x00,0x00,
    0x00,0x00,0x00,0x00,0x00,0x00,0x00,0x00,0x00,0x00,0x00,0x00,0x00,0x00,0x00,0x00,
    0x00,0x00,0x00,0x00,0x00,0x00,0x00,0x00,0x00,0x00,0x00,0x00,0x00,0x00,0x00,0x00,
    0x00,0x00,0x00,0x00,0x00,0x00,0x00,0x00,0x00,0x00,0x00,0x00,0x00,0x00,0x00,0x00,
    0x00,0x00,0x00,0x00,0x00,0x00,0x00,0x00,0x00,0x00,0x00,0x00,0x00,0x00,0x00,0x00,
    0x00,0x00,0x00,0x00,0x00,0x00,0x00,0x00,0x00,0x00,0x00,0x00,0x2a,0xd4,0xaa,0x06,
    0x00,0x00,0x00,0x00,0x2e,0xd6,0xbe,0x72,0x34,0xe9,0xcf,0xff,0x34,0xe9,0xcf,0xff,
    0x2e,0xd6,0xbe,0x72,0x00,0x00,0x00,0x00,0x2a,0xd4,0xaa,0x06,0x00,0x00,0x00,0x00,
    0x00,0x00,0x00,0x00,0x00,0x00,0x00,0x00,0x00,0x00,0x00,0x00,0x00,0x00,0x00,0x00,
    0x00,0x00,0x00,0x00,0x00,0x00,0x00,0x00,0x00,0x00,0x00,0x00,0x00,0x00,0x00,0x00,
    0x00,0x00,0x00,0x00,0x00,0x00,0x00,0x00,0x00,0x00,0x00,0x00,0x00,0x00,0x00,0x00,
    0x00,0x00,0x00,0x00,0x00,0x00,0x00,0x00,0x00,0x00,0x00,0x00,0x00,0x00,0x00,0x00,
    0x00,0x00,0x00,0x00,0x00,0x00,0x00,0x00,0x00,0x00,0x00,0x00,0x00,0x00,0x00,0x00,
    0x00,0x00,0x00,0x00,0x00,0x00,0x00,0x00,0x00,0x00,0x00,0x00,0x2a,0xd4,0xaa,0x06,
    0x00,0x00,0x00,0x00,0x2e,0xd6,0xbe,0x72,0x34,0xe9,0xcf,0xff,0x34,0xe9,0xcf,0xff,
    0x2e,0xd6,0xbe,0x72,0x00,0x00,0x00,0x00,0x2a,0xd4,0xaa,0x06,0x00,0x00,0x00,0x00,
    0x00,0x00,0x00,0x00,0x00,0x00,0x00,0x00,0x00,0x00,0x00,0x00,0x00,0x00,0x00,0x00,
    0x00,0x00,0x00,0x00,0x00,0x00,0x00,0x00,0x00,0x00,0x00,0x00,0x00,0x00,0x00,0x00,
    0x00,0x00,0x00,0x00,0x00,0x00,0x00,0x00,0x00,0x00,0x00,0x00,0x00,0x00,0x00,0x00,
    0x00,0x00,0x00,0x00,0x00,0x00,0x00,0x00,0x00,0x00,0x00,0x00,0x00,0x00,0x00,0x00,
    0x00,0x00,0x00,0x00,0x00,0x00,0x00,0x00,0x00,0x00,0x00,0x00,0x00,0x00,0x00,0x00,
    0x00,0x00,0x00,0x00,0x00,0x00,0x00,0x00,0x00,0x00,0x00,0x00,0x2a,0xd4,0xaa,0x06,
    0x00,0x00,0x00,0x00,0x2e,0xd6,0xbe,0x72,0x34,0xe9,0xcf,0xff,0x34,0xe9,0xcf,0xff,
    0x2e,0xd6,0xbe,0x72,0x00,0x00,0x00,0x00,0x2a,0xd4,0xaa,0x06,0x00,0x00,0x00,0x00,
    0x00,0x00,0x00,0x00,0x00,0x00,0x00,0x00,0x00,0x00,0x00,0x00,0x00,0x00,0x00,0x00,
    0x00,0x00,0x00,0x00,0x00,0x00,0x00,0x00,0x00,0x00,0x00,0x00,0x00,0x00,0x00,0x00,
    0x00,0x00,0x00,0x00,0x00,0x00,0x00,0x00,0x00,0x00,0x00,0x00,0x00,0x00,0x00,0x00,
    0x00,0x00,0x00,0x00,0x00,0x00,0x00,0x00,0x00,0x00,0x00,0x00,0x00,0x00,0x00,0x00,
    0x00,0x00,0x00,0x00,0x00,0x00,0x00,0x00,0x00,0x00,0x00,0x00,0x00,0x00,0x00,0x00,
    0x00,0x00,0x00,0x00,0x00,0x00,0x00,0x00,0x00,0x00,0x00,0x00,0x2a,0xd4,0xaa,0x06,
    0x00,0x00,0x00,0x00,0x2e,0xd6,0xbe,0x72,0x34,0xe9,0xcf,0xff,0x34,0xe9,0xcf,0xff,
    0x2e,0xd6,0xbe,0x72,0x00,0x00,0x00,0x00,0x2a,0xd4,0xaa,0x06,0x00,0x00,0x00,0x00,
    0x00,0x00,0x00,0x00,0x00,0x00,0x00,0x00,0x00,0x00,0x00,0x00,0x00,0x00,0x00,0x00,
    0x00,0x00,0x00,0x00,0x00,0x00,0x00,0x00,0x00,0x00,0x00,0x00,0x00,0x00,0x00,0x00,
    0x00,0x00,0x00,0x00,0x00,0x00,0x00,0x00,0x00,0x00,0x00,0x00,0x00,0x00,0x00,0x00,
    0x00,0x00,0x00,0x00,0x00,0x00,0x00,0x00,0x00,0x00,0x00,0x00,0x00,0x00,0x00,0x00,
    0x00,0x00,0x00,0x00,0x00,0x00,0x00,0x00,0x00,0x00,0x00,0x00,0x00,0x00,0x00,0x00,
    0x00,0x00,0x00,0x00,0x00,0x00,0x00,0x00,0x00,0x00,0x00,0x00,0x2a,0xd4,0xaa,0x06,
    0x00,0x00,0x00,0x00,0x2e,0xd6,0xbe,0x72,0x34,0xe9,0xcf,0xff,0x34,0xe9,0xcf,0xff,
    0x2e,0xd6,0xbe,0x72,0x00,0x00,0x00,0x00,0x2a,0xd4,0xaa,0x06,0x00,0x00,0x00,0x00,
    0x00,0x00,0x00,0x00,0x00,0x00,0x00,0x00,0x00,0x00,0x00,0x00,0x00,0x00,0x00,0x00,
    0x00,0x00,0x00,0x00,0x00,0x00,0x00,0x00,0x00,0x00,0x00,0x00,0x00,0x00,0x00,0x00,
    0x00,0x00,0x00,0x00,0x00,0x00,0x00,0x00,0x00,0x00,0x00,0x00,0x00,0x00,0x00,0x00,
    0x00,0x00,0x00,0x00,0x00,0x00,0x00,0x00,0x00,0x00,0x00,0x00,0x00,0x00,0x00,0x00,
    0x00,0x00,0x00,0x00,0x00,0x00,0x00,0x00,0x00,0x00,0x00,0x00,0x00,0x00,0x00,0x00,
    0x00,0x00,0x00,0x00,0x00,0x00,0x00,0x00,0x00,0x00,0x00,0x00,0x2a,0xd4,0xaa,0x06,
    0x00,0x00,0x00,0x00,0x2e,0xd6,0xbe,0x72,0x34,0xe9,0xcf,0xff,0x34,0xe9,0xcf,0xff,
    0x2e,0xd6,0xbe,0x72,0x00,0x00,0x00,0x00,0x2a,0xd4,0xaa,0x06,0x00,0x00,0x00,0x00,
    0x00,0x00,0x00,0x00,0x00,0x00,0x00,0x00,0x00,0x00,0x00,0x00,0x00,0x00,0x00,0x00,
    0x00,0x00,0x00,0x00,0x00,0x00,0x00,0x00,0x00,0x00,0x00,0x00,0x00,0x00,0x00,0x00,
    0x00,0x00,0x00,0x00,0x00,0x00,0x00,0x00,0x00,0x00,0x00,0x00,0x00,0x00,0x00,0x00,
    0x00,0x00,0x00,0x00,0x00,0x00,0x00,0x00,0x00,0x00,0x00,0x00,0x00,0x00,0x00,0x00,
    0x00,0x00,0x00,0x00,0x00,0x00,0x00,0x00,0x00,0x00,0x00,0x00,0x00,0x00,0x00,0x00,
    0x00,0x00,0x00,0x00,0x00,0x00,0x00,0x00,0x00,0x00,0x00,0x00,0x2a,0xd4,0xaa,0x06,
    0x00,0x00,0x00,0x00,0x2e,0xd6,0xbe,0x72,0x34,0xe9,0xcf,0xff,0x34,0xe9,0xcf,0xff,
    0x2e,0xd6,0xbe,0x72,0x00,0x00,0x00,0x00,0x2a,0xd4,0xaa,0x06,0x00,0x00,0x00,0x00,
    0x00,0x00,0x00,0x00,0x00,0x00,0x00,0x00,0x00,0x00,0x00,0x00,0x00,0x00,0x00,0x00,
    0x00,0x00,0x00,0x00,0x00,0x00,0x00,0x00,0x00,0x00,0x00,0x00,0x00,0x00,0x00,0x00,
    0x00,0x00,0x00,0x00,0x00,0x00,0x00,0x00,0x00,0x00,0x00,0x00,0x00,0x00,0x00,0x00,
    0x00,0x00,0x00,0x00,0x00,0x00,0x00,0x00,0x00,0x00,0x00,0x00,0x00,0x00,0x00,0x00,
    0x00,0x00,0x00,0x00,0x00,0x00,0x00,0x00,0x00,0x00,0x00,0x00,0x00,0x00,0x00,0x00,
    0x00,0x00,0x00,0x00,0x00,0x00,0x00,0x00,0x00,0x00,0x00,0x00,0x2a,0xd4,0xaa,0x06,
    0x00,0x00,0x00,0x00,0x2e,0xd6,0xbe,0x72,0x34,0xe9,0xcf,0xff,0x34,0xe9,0xcf,0xff,
    0x2e,0xd6,0xbe,0x72,0x00,0x00,0x00,0x00,0x2a,0xd4,0xaa,0x06,0x00,0x00,0x00,0x00,
    0x00,0x00,0x00,0x00,0x00,0x00,0x00,0x00,0x00,0x00,0x00,0x00,0x00,0x00,0x00,0x00,
    0x00,0x00,0x00,0x00,0x00,0x00,0x00,0x00,0x00,0x00,0x00,0x00,0x00,0x00,0x00,0x00,
    0x00,0x00,0x00,0x00,0x00,0x00,0x00,0x00,0x00,0x00,0x00,0x00,0x00,0x00,0x00,0x00,
    0x00,0x00,0x00,0x00,0x00,0x00,0x00,0x00,0x00,0x00,0x00,0x00,0x00,0x00,0x00,0x00,
    0x00,0x00,0x00,0x00,0x00,0x00,0x00,0x00,0x00,0x00,0x00,0x00,0x00,0x00,0x00,0x00,
    0x00,0x00,0x00,0x00,0x00,0x00,0x00,0x00,0x00,0x00,0x00,0x00,0x2a,0xd4,0xaa,0x06,
    0x00,0x00,0x00,0x00,0x2e,0xd6,0xbe,0x72,0x34,0xe9,0xcf,0xff,0x34,0xe9,0xcf,0xff,
    0x2e,0xd6,0xbe,0x72,0x00,0x00,0x00,0x00,0x2a,0xd4,0xaa,0x06,0x00,0x00,0x00,0x00,
    0x00,0x00,0x00,0x00,0x00,0x00,0x00,0x00,0x00,0x00,0x00,0x00,0x00,0x00,0x00,0x00,
    0x00,0x00,0x00,0x00,0x00,0x00,0x00,0x00,0x00,0x00,0x00,0x00,0x00,0x00,0x00,0x00,
    0x00,0x00,0x00,0x00,0x00,0x00,0x00,0x00,0x00,0x00,0x00,0x00,0x00,0x00,0x00,0x00,
    0x00,0x00,0x00,0x00,0x00,0x00,0x00,0x00,0x00,0x00,0x00,0x00,0x00,0x00,0x00,0x00,
    0x00,0x00,0x00,0x00,0x00,0x00,0x00,0x00,0x00,0x00,0x00,0x00,0x00,0x00,0x00,0x00,
    0x00,0x00,0x00,0x00,0x00,0x00,0x00,0x00,0x00,0x00,0x00,0x00,0x2a,0xd4,0xaa,0x06,
    0x00,0x00,0x00,0x00,0x2e,0xd6,0xbe,0x72,0x34,0xe9,0xcf,0xff,0x34,0xe9,0xcf,0xff,
    0x2e,0xd6,0xbe,0x72,0x00,0x00,0x00,0x00,0x2a,0xd4,0xaa,0x06,0x00,0x00,0x00,0x00,
    0x00,0x00,0x00,0x00,0x00,0x00,0x00,0x00,0x00,0x00,0x00,0x00,0x00,0x00,0x00,0x00,
    0x00,0x00,0x00,0x00,0x00,0x00,0x00,0x00,0x00,0x00,0x00,0x00,0x00,0x00,0x00,0x00,
    0x00,0x00,0x00,0x00,0x00,0x00,0x00,0x00,0x00,0x00,0x00,0x00,0x00,0x00,0x00,0x00,
    0x00,0x00,0x00,0x00,0x00,0x00,0x00,0x00,0x00,0x00,0x00,0x00,0x00,0x00,0x00,0x00,
    0x00,0x00,0x00,0x00,0x00,0x00,0x00,0x00,0x00,0x00,0x00,0x00,0x00,0x00,0x00,0x00,
    0x00,0x00,0x00,0x00,0x00,0x00,0x00,0x00,0x00,0x00,0x00,0x00,0x2a,0xd4,0xaa,0x06,
    0x00,0x00,0x00,0x00,0x2e,0xd6,0xbe,0x72,0x34,0xe9,0xcf,0xff,0x34,0xe9,0xcf,0xff,
    0x2e,0xd6,0xbe,0x72,0x00,0x00,0x00,0x00,0x2a,0xd4,0xaa,0x06,0x00,0x00,0x00,0x00,
    0x00,0x00,0x00,0x00,0x00,0x00,0x00,0x00,0x00,0x00,0x00,0x00,0x00,0x00,0x00,0x00,
    0x00,0x00,0x00,0x00,0x00,0x00,0x00,0x00,0x00,0x00,0x00,0x00,0x00,0x00,0x00,0x00,
    0x00,0x00,0x00,0x00,0x00,0x00,0x00,0x00,0x00,0x00,0x00,0x00,0x00,0x00,0x00,0x00,
    0x00,0x00,0x00,0x00,0x00,0x00,0x00,0x00,0x00,0x00,0x00,0x00,0x00,0x00,0x00,0x00,
    0x00,0x00,0x00,0x00,0x00,0x00,0x00,0x00,0x00,0x00,0x00,0x00,0x00,0x00,0x00,0x00,
    0x00,0x00,0x00,0x00,0x00,0x00,0x00,0x00,0x00,0x00,0x00,0x00,0x2a,0xd4,0xaa,0x06,
    0x00,0x00,0x00,0x00,0x2e,0xd6,0xbe,0x72,0x34,0xe9,0xcf,0xff,0x34,0xe9,0xcf,0xff,
    0x2e,0xd6,0xbe,0x72,0x00,0x00,0x00,0x00,0x2a,0xd4,0xaa,0x06,0x00,0x00,0x00,0x00,
    0x00,0x00,0x00,0x00,0x00,0x00,0x00,0x00,0x00,0x00,0x00,0x00,0x00,0x00,0x00,0x00,
    0x00,0x00,0x00,0x00,0x00,0x00,0x00,0x00,0x00,0x00,0x00,0x00,0x00,0x00,0x00,0x00,
    0x00,0x00,0x00,0x00,0x00,0x00,0x00,0x00,0x00,0x00,0x00,0x00,0x00,0x00,0x00,0x00,
    0x00,0x00,0x00,0x00,0x00,0x00,0x00,0x00,0x00,0x00,0x00,0x00,0x00,0x00,0x00,0x00,
    0x00,0x00,0x00,0x00,0x00,0x00,0x00,0x00,0x00,0x00,0x00,0x00,0x00,0x00,0x00,0x00,
    0x00,0x00,0x00,0x00,0x00,0x00,0x00,0x00,0x00,0x00,0x00,0x00,0x2a,0xd4,0xaa,0x06,
    0x00,0x00,0x00,0x00,0x2e,0xd6,0xbe,0x72,0x34,0xe9,0xcf,0xff,0x34,0xe9,0xcf,0xff,
    0x2e,0xd6,0xbe,0x72,0x00,0x00,0x00,0x00,0x2a,0xd4,0xaa,0x06,0x00,0x00,0x00,0x00,
    0x00,0x00,0x00,0x00,0x00,0x00,0x00,0x00,0x00,0x00,0x00,0x00,0x00,0x00,0x00,0x00,
    0x00,0x00,0x00,0x00,0x00,0x00,0x00,0x00,0x00,0x00,0x00,0x00,0x00,0x00,0x00,0x00,
    0x00,0x00,0x00,0x00,0x00,0x00,0x00,0x00,0x00,0x00,0x00,0x00,0x00,0x00,0x00,0x00,
    0x00,0x00,0x00,0x00,0x00,0x00,0x00,0x00,0x00,0x00,0x00,0x00,0x00,0x00,0x00,0x00,
    0x00,0x00,0x00,0x00,0x00,0x00,0x00,0x00,0x00,0x00,0x00,0x00,0x00,0x00,0x00,0x00,
    0x00,0x00,0x00,0x00,0x00,0x00,0x00,0x00,0x00,0x00,0x00,0x00,0x2a,0xd4,0xaa,0x06,
    0x00,0x00,0x00,0x00,0x2e,0xd6,0xbe,0x72,0x34,0xe9,0xcf,0xff,0x34,0xe9,0xcf,0xff,
    0x2e,0xd6,0xbe,0x72,0x00,0x00,0x00,0x00,0x2a,0xd4,0xaa,0x06,0x00,0x00,0x00,0x00,
    0x00,0x00,0x00,0x00,0x00,0x00,0x00,0x00,0x00,0x00,0x00,0x00,0x00,0x00,0x00,0x00,
    0x00,0x00,0x00,0x00,0x00,0x00,0x00,0x00,0x00,0x00,0x00,0x00,0x00,0x00,0x00,0x00,
    0x00,0x00,0x00,0x00,0x00,0x00,0x00,0x00,0x00,0x00,0x00,0x00,0x00,0x00,0x00,0x00,
    0x00,0x00,0x00,0x00,0x00,0x00,0x00,0x00,0x00,0x00,0x00,0x00,0x00,0x00,0x00,0x00,
    0x00,0x00,0x00,0x00,0x00,0x00,0x00,0x00,0x00,0x00,0x00,0x00,0x00,0x00,0x00,0x00,
    0x00,0x00,0x00,0x00,0x00,0x00,0x00,0x00,0x00,0x00,0x00,0x00,0x2a,0xd4,0xaa,0x06,
    0x00,0x00,0x00,0x00,0x2e,0xd6,0xbe,0x72,0x34,0xe9,0xcf,0xff,0x34,0xe9,0xcf,0xff,
    0x2e,0xd6,0xbe,0x72,0x00,0x00,0x00,0x00,0x2a,0xd4,0xaa,0x06,0x00,0x00,0x00,0x00,
    0x00,0x00,0x00,0x00,0x00,0x00,0x00,0x00,0x00,0x00,0x00,0x00,0x00,0x00,0x00,0x00,
    0x00,0x00,0x00,0x00,0x00,0x00,0x00,0x00,0x00,0x00,0x00,0x00,0x00,0x00,0x00,0x00,
    0x00,0x00,0x00,0x00,0x00,0x00,0x00,0x00,0x00,0x00,0x00,0x00,0x00,0x00,0x00,0x00,
    0x00,0x00,0x00,0x00,0x00,0x00,0x00,0x00,0x00,0x00,0x00,0x00,0x00,0x00,0x00,0x00,
    0x00,0x00,0x00,0x00,0x00,0x00,0x00,0x00,0x00,0x00,0x00,0x00,0x00,0x00,0x00,0x00,
    0x00,0x00,0x00,0x00,0x00,0x00,0x00,0x00,0x00,0x00,0x00,0x00,0x2a,0xd4,0xaa,0x06,
    0x00,0x00,0x00,0x00,0x2e,0xd6,0xbe,0x72,0x34,0xe9,0xcf,0xff,0x34,0xe9,0xcf,0xff,
    0x2e,0xd6,0xbe,0x72,0x00,0x00,0x00,0x00,0x2a,0xd4,0xaa,0x06,0x00,0x00,0x00,0x00,
    0x00,0x00,0x00,0x00,0x00,0x00,0x00,0x00,0x00,0x00,0x00,0x00,0x00,0x00,0x00,0x00,
    0x00,0x00,0x00,0x00,0x00,0x00,0x00,0x00,0x00,0x00,0x00,0x00,0x00,0x00,0x00,0x00,
    0x00,0x00,0x00,0x00,0x00,0x00,0x00,0x00,0x00,0x00,0x00,0x00,0x00,0x00,0x00,0x00,
    0x00,0x00,0x00,0x00,0x00,0x00,0x00,0x00,0x00,0x00,0x00,0x00,0x00,0x00,0x00,0x00,
    0x00,0x00,0x00,0x00,0x00,0x00,0x00,0x00,0x00,0x00,0x00,0x00,0x00,0x00,0x00,0x00,
    0x00,0x00,0x00,0x00,0x00,0x00,0x00,0x00,0x00,0x00,0x00,0x00,0x2a,0xd4,0xaa,0x06,
    0x00,0x00,0x00,0x00,0x2e,0xd6,0xbe,0x72,0x34,0xe9,0xcf,0xff,0x34,0xe9,0xcf,0xff,
    0x2e,0xd6,0xbe,0x72,0x00,0x00,0x00,0x00,0x2a,0xd4,0xaa,0x06,0x00,0x00,0x00,0x00,
    0x00,0x00,0x00,0x00,0x00,0x00,0x00,0x00,0x00,0x00,0x00,0x00,0x00,0x00,0x00,0x00,
    0x00,0x00,0x00,0x00,0x00,0x00,0x00,0x00,0x00,0x00,0x00,0x00,0x00,0x00,0x00,0x00,
    0x00,0x00,0x00,0x00,0x00,0x00,0x00,0x00,0x00,0x00,0x00,0x00,0x00,0x00,0x00,0x00,
    0x00,0x00,0x00,0x00,0x00,0x00,0x00,0x00,0x00,0x00,0x00,0x00,0x00,0x00,0x00,0x00,
    0x00,0x00,0x00,0x00,0x00,0x00,0x00,0x00,0x00,0x00,0x00,0x00,0x00,0x00,0x00,0x00,
    0x00,0x00,0x00,0x00,0x00,0x00,0x00,0x00,0x00,0x00,0x00,0x00,0x2a,0xd4,0xaa,0x06,
    0x00,0x00,0x00,0x00,0x2e,0xd6,0xbe,0x72,0x34,0xe9,0xcf,0xff,0x34,0xe9,0xcf,0xff,
    0x2e,0xd6,0xbe,0x72,0x00,0x00,0x00,0x00,0x2a,0xd4,0xaa,0x06,0x00,0x00,0x00,0x00,
    0x00,0x00,0x00,0x00,0x00,0x00,0x00,0x00,0x00,0x00,0x00,0x00,0x00,0x00,0x00,0x00,
    0x00,0x00,0x00,0x00,0x00,0x00,0x00,0x00,0x00,0x00,0x00,0x00,0x00,0x00,0x00,0x00,
    0x00,0x00,0x00,0x00,0x00,0x00,0x00,0x00,0x00,0x00,0x00,0x00,0x00,0x00,0x00,0x00,
    0x00,0x00,0x00,0x00,0x00,0x00,0x00,0x00,0x00,0x00,0x00,0x00,0x00,0x00,0x00,0x00,
    0x00,0x00,0x00,0x00,0x00,0x00,0x00,0x00,0x00,0x00,0x00,0x00,0x00,0x00,0x00,0x00,
    0x00,0x00,0x00,0x00,0x00,0x00,0x00,0x00,0x00,0x00,0x00,0x00,0x2a,0xd4,0xaa,0x06,
    0x00,0x00,0x00,0x00,0x2e,0xd6,0xbe,0x72,0x34,0xe9,0xcf,0xff,0x34,0xe9,0xcf,0xff,
    0x2e,0xd6,0xbe,0x72,0x00,0x00,0x00,0x00,0x2a,0xd4,0xaa,0x06,0x00,0x00,0x00,0x00,
    0x00,0x00,0x00,0x00,0x00,0x00,0x00,0x00,0x00,0x00,0x00,0x00,0x00,0x00,0x00,0x00,
    0x00,0x00,0x00,0x00,0x00,0x00,0x00,0x00,0x00,0x00,0x00,0x00,0x00,0x00,0x00,0x00,
    0x00,0x00,0x00,0x00,0x00,0x00,0x00,0x00,0x00,0x00,0x00,0x00,0x00,0x00,0x00,0x00,
    0x00,0x00,0x00,0x00,0x00,0x00,0x00,0x00,0x00,0x00,0x00,0x00,0x00,0x00,0x00,0x00,
    0x00,0x00,0x00,0x00,0x00,0x00,0x00,0x00,0x00,0x00,0x00,0x00,0x00,0x00,0x00,0x00,
    0x00,0x00,0x00,0x00,0x00,0x00,0x00,0x00,0x00,0x00,0x00,0x00,0x2a,0xd4,0xaa,0x06,
    0x00,0x00,0x00,0x00,0x2e,0xd6,0xbe,0x72,0x34,0xe9,0xcf,0xff,0x34,0xe9,0xcf,0xff,
    0x2e,0xd6,0xbe,0x72,0x00,0x00,0x00,0x00,0x2a,0xd4,0xaa,0x06,0x00,0x00,0x00,0x00,
    0x00,0x00,0x00,0x00,0x00,0x00,0x00,0x00,0x00,0x00,0x00,0x00,0x00,0x00,0x00,0x00,
    0x00,0x00,0x00,0x00,0x00,0x00,0x00,0x00,0x00,0x00,0x00,0x00,0x00,0x00,0x00,0x00,
    0x00,0x00,0x00,0x00,0x00,0x00,0x00,0x00,0x00,0x00,0x00,0x00,0x00,0x00,0x00,0x00,
    0x00,0x00,0x00,0x00,0x00,0x00,0x00,0x00,0x00,0x00,0x00,0x00,0x00,0x00,0x00,0x00,
    0x00,0x00,0x00,0x00,0x00,0x00,0x00,0x00,0x00,0x00,0x00,0x00,0x00,0x00,0x00,0x00,
    0x00,0x00,0x00,0x00,0x00,0x00,0x00,0x00,0x00,0x00,0x00,0x00,0x2a,0xd4,0xaa,0x06,
    0x00,0x00,0x00,0x00,0x2e,0xd6,0xbe,0x72,0x34,0xe9,0xcf,0xff,0x34,0xe9,0xcf,0xff,
    0x2e,0xd6,0xbe,0x72,0x00,0x00,0x00,0x00,0x2a,0xd4,0xaa,0x06,0x00,0x00,0x00,0x00,
    0x00,0x00,0x00,0x00,0x00,0x00,0x00,0x00,0x00,0x00,0x00,0x00,0x00,0x00,0x00,0x00,
    0x00,0x00,0x00,0x00,0x00,0x00,0x00,0x00,0x00,0x00,0x00,0x00,0x00,0x00,0x00,0x00,
    0x00,0x00,0x00,0x00,0x00,0x00,0x00,0x00,0x00,0x00,0x00,0x00,0x00,0x00,0x00,0x00,
    0x00,0x00,0x00,0x00,0x00,0x00,0x00,0x00,0x00,0x00,0x00,0x00,0x00,0x00,0x00,0x00,
    0x00,0x00,0x00,0x00,0x00,0x00,0x00,0x00,0x00,0x00,0x00,0x00,0x00,0x00,0x00,0x00,
    0x00,0x00,0x00,0x00,0x00,0x00,0x00,0x00,0x00,0x00,0x00,0x00,0x2a,0xd4,0xaa,0x06,
    0x00,0x00,0x00,0x00,0x2e,0xd6,0xbe,0x72,0x34,0xe9,0xcf,0xff,0x34,0xe9,0xcf,0xff,
    0x2e,0xd6,0xbe,0x72,0x00,0x00,0x00,0x00,0x2a,0xd4,0xaa,0x06,0x00,0x00,0x00,0x00,
    0x00,0x00,0x00,0x00,0x00,0x00,0x00,0x00,0x00,0x00,0x00,0x00,0x00,0x00,0x00,0x00,
    0x00,0x00,0x00,0x00,0x00,0x00,0x00,0x00,0x00,0x00,0x00,0x00,0x00,0x00,0x00,0x00,
    0x00,0x00,0x00,0x00,0x00,0x00,0x00,0x00,0x00,0x00,0x00,0x00,0x00,0x00,0x00,0x00,
    0x00,0x00,0x00,0x00,0x00,0x00,0x00,0x00,0x00,0x00,0x00,0x00,0x00,0x00,0x00,0x00,
    0x00,0x00,0x00,0x00,0x00,0x00,0x00,0x00,0x00,0x00,0x00,0x00,0x00,0x00,0x00,0x00,
    0x00,0x00,0x00,0x00,0x00,0x00,0x00,0x00,0x00,0x00,0x00,0x00,0x2a,0xd4,0xaa,0x06,
    0x00,0x00,0x00,0x00,0x2e,0xd6,0xbe,0x72,0x34,0xe9,0xcf,0xff,0x34,0xe9,0xcf,0xff,
    0x2e,0xd6,0xbe,0x72,0x00,0x00,0x00,0x00,0x2a,0xd4,0xaa,0x06,0x00,0x00,0x00,0x00,
    0x00,0x00,0x00,0x00,0x00,0x00,0x00,0x00,0x00,0x00,0x00,0x00,0x00,0x00,0x00,0x00,
    0x00,0x00,0x00,0x00,0x00,0x00,0x00,0x00,0x00,0x00,0x00,0x00,0x00,0x00,0x00,0x00,
    0x00,0x00,0x00,0x00,0x00,0x00,0x00,0x00,0x00,0x00,0x00,0x00,0x00,0x00,0x00,0x00,
    0x00,0x00,0x00,0x00,0x00,0x00,0x00,0x00,0x00,0x00,0x00,0x00,0x00,0x00,0x00,0x00,
    0x00,0x00,0x00,0x00,0x00,0x00,0x00,0x00,0x00,0x00,0x00,0x00,0x00,0x00,0x00,0x00,
    0x00,0x00,0x00,0x00,0x00,0x00,0x00,0x00,0x00,0x00,0x00,0x00,0x2a,0xd4,0xaa,0x06,
    0x00,0x00,0x00,0x00,0x2e,0xd6,0xbe,0x72,0x34,0xe9,0xcf,0xff,0x34,0xe9,0xcf,0xff,
    0x2e,0xd6,0xbe,0x72,0x00,0x00,0x00,0x00,0x2a,0xd4,0xaa,0x06,0x00,0x00,0x00,0x00,
    0x00,0x00,0x00,0x00,0x00,0x00,0x00,0x00,0x00,0x00,0x00,0x00,0x00,0x00,0x00,0x00,
    0x00,0x00,0x00,0x00,0x00,0x00,0x00,0x00,0x00,0x00,0x00,0x00,0x00,0x00,0x00,0x00,
    0x00,0x00,0x00,0x00,0x00,0x00,0x00,0x00,0x00,0x00,0x00,0x00,0x00,0x00,0x00,0x00,
    0x00,0x00,0x00,0x00,0x00,0x00,0x00,0x00,0x00,0x00,0x00,0x00,0x00,0x00,0x00,0x00,
    0x00,0x00,0x00,0x00,0x00,0x00,0x00,0x00,0x00,0x00,0x00,0x00,0x00,0x00,0x00,0x00,
    0x00,0x00,0x00,0x00,0x00,0x00,0x00,0x00,0x00,0x00,0x00,0x00,0x2a,0xd4,0xaa,0x06,
    0x00,0x00,0x00,0x00,0x2e,0xd6,0xbe,0x72,0x34,0xe9,0xcf,0xff,0x34,0xe9,0xcf,0xff,
    0x2e,0xd6,0xbe,0x72,0x00,0x00,0x00,0x00,0x2a,0xd4,0xaa,0x06,0x00,0x00,0x00,0x00,
    0x00,0x00,0x00,0x00,0x00,0x00,0x00,0x00,0x00,0x00,0x00,0x00,0x00,0x00,0x00,0x00,
    0x00,0x00,0x00,0x00,0x00,0x00,0x00,0x00,0x00,0x00,0x00,0x00,0x00,0x00,0x00,0x00,
    0x00,0x00,0x00,0x00,0x00,0x00,0x00,0x00,0x00,0x00,0x00,0x00,0x00,0x00,0x00,0x00,
    0x00,0x00,0x00,0x00,0x00,0x00,0x00,0x00,0x00,0x00,0x00,0x00,0x00,0x00,0x00,0x00,
    0x00,0x00,0x00,0x00,0x00,0x00,0x00,0x00,0x00,0x00,0x00,0x00,0x00,0x00,0x00,0x00,
    0x00,0x00,0x00,0x00,0x00,0x00,0x00,0x00,0x00,0x00,0x00,0x00,0x2a,0xd4,0xaa,0x06,
    0x00,0x00,0x00,0x00,0x2e,0xd6,0xbe,0x72,0x34,0xe9,0xcf,0xff,0x34,0xe9,0xcf,0xff,
    0x2e,0xd6,0xbe,0x72,0x00,0x00,0x00,0x00,0x2a,0xd4,0xaa,0x06,0x00,0x00,0x00,0x00,
    0x00,0x00,0x00,0x00,0x00,0x00,0x00,0x00,0x00,0x00,0x00,0x00,0x00,0x00,0x00,0x00,
    0x00,0x00,0x00,0x00,0x00,0x00,0x00,0x00,0x00,0x00,0x00,0x00,0x00,0x00,0x00,0x00,
    0x00,0x00,0x00,0x00,0x00,0x00,0x00,0x00,0x00,0x00,0x00,0x00,0x00,0x00,0x00,0x00,
    0x00,0x00,0x00,0x00,0x00,0x00,0x00,0x00,0x00,0x00,0x00,0x00,0x00,0x00,0x00,0x00,
    0x00,0x00,0x00,0x00,0x00,0x00,0x00,0x00,0x00,0x00,0x00,0x00,0x00,0x00,0x00,0x00,
    0x00,0x00,0x00,0x00,0x00,0xff,0x7f,0x02,0x2f,0xcf,0xbf,0x10,0x30,0xce,0xba,0x25,
    0x22,0xd0,0xb9,0x16,0x2f,0xd6,0xbf,0x8c,0x33,0xe6,0xcc,0xff,0x33,0xe6,0xcc,0xff,
    0x2f,0xd6,0xbf,0x8c,0x22,0xd0,0xb9,0x16,0x30,0xce,0xba,0x25,0x2f,0xcf,0xbf,0x10,
    0x00,0xff,0x7f,0x02,0x00,0x00,0x00,0x00,0x00,0x00,0x00,0x00,0x00,0x00,0x00,0x00,
    0x00,0x00,0x00,0x00,0x00,0x00,0x00,0x00,0x00,0x00,0x00,0x00,0x00,0x00,0x00,0x00,
    0x00,0x00,0x00,0x00,0x00,0x00,0x00,0x00,0x00,0x00,0x00,0x00,0x00,0x00,0x00,0x00,
    0x00,0x00,0x00,0x00,0x00,0x00,0x00,0x00,0x00,0x00,0x00,0x00,0x00,0x00,0x00,0x00,
    0x00,0x00,0x00,0x00,0x00,0x00,0x00,0x00,0x00,0x00,0x00,0x00,0x00,0x7f,0x7f,0x04,
    0x24,0xd1,0xbf,0x1c,0x2d,0xd1,0xb7,0x32,0x2f,0xd4,0xbc,0x36,0x30,0xd3,0xbd,0x3a,
    0x2e,0xd8,0xc1,0x21,0x2f,0xd6,0xbd,0x90,0x33,0xe5,0xcc,0xff,0x33,0xe5,0xcc,0xff,
    0x2f,0xd6,0xbd,0x90,0x2e,0xd8,0xc1,0x21,0x30,0xd3,0xbd,0x3a,0x2f,0xd4,0xbc,0x36,
    0x2d,0xd1,0xb7,0x32,0x24,0xd1,0xbf,0x1c,0x00,0x7f,0x7f,0x04,0x00,0x00,0x00,0x00,
    0x00,0x00,0x00,0x00,0x00,0x00,0x00,0x00,0x00,0x00,0x00,0x00,0x00,0x00,0x00,0x00,
    0x00,0x00,0x00,0x00,0x00,0x00,0x00,0x00,0x00,0x00,0x00,0x00,0x00,0x00,0x00,0x00,
    0x00,0x00,0x00,0x00,0x00,0x00,0x00,0x00,0x00,0x00,0x00,0x00,0x00,0x00,0x00,0x00,
    0x00,0x00,0x00,0x00,0x00,0x00,0x00,0x00,0x28,0xd6,0xae,0x13,0x2d,0xd1,0xbc,0x32,
    0x2f,0xd4,0xbc,0x36,0x2f,0xd4,0xbc,0x36,0x2f,0xd4,0xbc,0x36,0x30,0xd7,0xbd,0x3a,
    0x2e,0xd8,0xc1,0x21,0x2f,0xd6,0xbd,0x90,0x33,0xe5,0xcc,0xff,0x33,0xe5,0xcc,0xff,
    0x2f,0xd6,0xbd,0x90,0x2e,0xd8,0xc1,0x21,0x30,0xd7,0xbd,0x3a,0x2f,0xd4,0xbc,0x36,
    0x2f,0xd4,0xbc,0x36,0x2f,0xd4,0xbc,0x36,0x2d,0xd1,0xbc,0x32,0x28,0xd6,0xae,0x13,
    0x00,0x00,0x00,0x00,0x00,0x00,0x00,0x00,0x00,0x00,0x00,0x00,0x00,0x00,0x00,0x00,
    0x00,0x00,0x00,0x00,0x00,0x00,0x00,0x00,0x00,0x00,0x00,0x00,0x00,0x00,0x00,0x00,
    0x00,0x00,0x00,0x00,0x00,0x00,0x00,0x00,0x00,0x00,0x00,0x00,0x00,0x00,0x00,0x00,
    0x00,0xff,0x7f,0x02,0x29,0xd5,0xbd,0x1f,0x2e,0xd5,0xbe,0x37,0x30,0xd3,0xc0,0x35,
    0x2f,0xd4,0xbc,0x36,0x2f,0xd4,0xbc,0x36,0x2f,0xd4,0xbc,0x36,0x30,0xd7,0xbd,0x3a,
    0x2e,0xd8,0xc1,0x21,0x2f,0xd6,0xbd,0x90,0x33,0xe5,0xcc,0xff,0x33,0xe5,0xcc,0xff,
    0x2f,0xd6,0xbd,0x90,0x2e,0xd8,0xc1,0x21,0x30,0xd7,0xbd,0x3a,0x2f,0xd4,0xbc,0x36,
    0x2f,0xd4,0xbc,0x36,0x2f,0xd4,0xbc,0x36,0x30,0xd3,0xc0,0x35,0x2e,0xd5,0xbe,0x37,
    0x29,0xd5,0xbd,0x1f,0x00,0xff,0x7f,0x02,0x00,0x00,0x00,0x00,0x00,0x00,0x00,0x00,
    0x00,0x00,0x00,0x00,0x00,0x00,0x00,0x00,0x00,0x00,0x00,0x00,0x00,0x00,0x00,0x00,
    0x00,0x00,0x00,0x00,0x00,0x00,0x00,0x00,0x00,0x00,0x00,0x00,0x00,0xff,0x7f,0x02,
    0x2b,0xd3,0xbd,0x23,0x2e,0xd5,0xbe,0x37,0x30,0xd8,0xc0,0x35,0x2f,0xd4,0xbc,0x36,
    0x2f,0xd4,0xbc,0x36,0x2f,0xd4,0xbc,0x36,0x2f,0xd4,0xbc,0x36,0x30,0xd7,0xbd,0x3a,
    0x2e,0xd8,0xc1,0x21,0x2f,0xd6,0xbd,0x90,0x33,0xe5,0xcc,0xff,0x33,0xe5,0xcc,0xff,
    0x2f,0xd6,0xbd,0x90,0x2e,0xd8,0xc1,0x21,0x30,0xd7,0xbd,0x3a,0x2f,0xd4,0xbc,0x36,
    0x2f,0xd4,0xbc,0x36,0x2f,0xd4,0xbc,0x36,0x2f,0xd4,0xbc,0x36,0x30,0xd8,0xc0,0x35,
    0x2e,0xd5,0xbe,0x37,0x2b,0xd3,0xbd,0x23,0x00,0xff,0x7f,0x02,0x00,0x00,0x00,0x00,
    0x00,0x00,0x00,0x00,0x00,0x00,0x00,0x00,0x00,0x00,0x00,0x00,0x00,0x00,0x00,0x00,
    0x00,0x00,0x00,0x00,0x00,0x00,0x00,0x00,0x00,0xff,0xff,0x01,0x2a,0xcc,0xbb,0x1e,
    0x2e,0xd5,0xbe,0x37,0x30,0xd8,0xc0,0x35,0x2f,0xd4,0xbc,0x36,0x2f,0xd4,0xbc,0x36,
    0x2f,0xd4,0xbc,0x36,0x2f,0xd4,0xbc,0x36,0x2f,0xd4,0xbc,0x36,0x30,0xd7,0xbd,0x3a,
    0x2e,0xd8,0xc1,0x21,0x2f,0xd6,0xbd,0x90,0x33,0xe5,0xcc,0xff,0x33,0xe5,0xcc,0xff,
    0x2f,0xd6,0xbd,0x90,0x2e,0xd8,0xc1,0x21,0x30,0xd7,0xbd,0x3a,0x2f,0xd4,0xbc,0x36,
    0x2f,0xd4,0xbc,0x36,0x2f,0xd4,0xbc,0x36,0x2f,0xd4,0xbc,0x36,0x2f,0xd4,0xbc,0x36,
    0x30,0xd8,0xc0,0x35,0x2e,0xd5,0xbe,0x37,0x2a,0xcc,0xbb,0x1e,0x00,0xff,0xff,0x01,
    0x00,0x00,0x00,0x00,0x00,0x00,0x00,0x00,0x00,0x00,0x00,0x00,0x00,0x00,0x00,0x00,
    0x00,0x00,0x00,0x00,0x00,0x00,0x00,0x00,0x2a,0xd4,0xb8,0x12,0x2d,0xd1,0xba,0x38,
    0x30,0xd3,0xc0,0x35,0x2f,0xd4,0xbc,0x36,0x2f,0xd4,0xbc,0x36,0x2f,0xd4,0xbc,0x36,
    0x2f,0xd4,0xbc,0x36,0x2f,0xd4,0xbc,0x36,0x2f,0xd4,0xbc,0x36,0x30,0xd7,0xbd,0x3a,
    0x2e,0xd8,0xc1,0x21,0x2f,0xd6,0xbd,0x90,0x33,0xe5,0xcc,0xff,0x33,0xe5,0xcc,0xff,
    0x2f,0xd6,0xbd,0x90,0x2e,0xd8,0xc1,0x21,0x30,0xd7,0xbd,0x3a,0x2f,0xd4,0xbc,0x36,
    0x2f,0xd4,0xbc,0x36,0x2f,0xd4,0xbc,0x36,0x2f,0xd4,0xbc,0x36,0x2f,0xd4,0xbc,0x36,
    0x2f,0xd4,0xbc,0x36,0x30,0xd3,0xc0,0x35,0x2d,0xd1,0xba,0x38,0x2a,0xd4,0xb8,0x12,
    0x00,0x00,0x00,0x00,0x00,0x00,0x00,0x00,0x00,0x00,0x00,0x00,0x00,0x00,0x00,0x00,
    0x00,0x00,0x00,0x00,0x00,0xbf,0x7f,0x04,0x29,0xd5,0xbb,0x31,0x2f,0xd4,0xbc,0x36,
    0x2f,0xd4,0xbc,0x36,0x2f,0xd4,0xbc,0x36,0x2f,0xd4,0xbc,0x36,0x2f,0xd4,0xbc,0x36,
    0x2f,0xd4,0xbc,0x36,0x2f,0xd4,0xbc,0x36,0x2f,0xd4,0xbc,0x36,0x30,0xd7,0xbd,0x3a,
    0x2e,0xd8,0xc1,0x21,0x2f,0xd6,0xbd,0x90,0x33,0xe5,0xcc,0xff,0x33,0xe5,0xcc,0xff,
    0x2f,0xd6,0xbd,0x90,0x2e,0xd8,0xc1,0x21,0x30,0xd7,0xbd,0x3a,0x2f,0xd4,0xbc,0x36,
    0x2f,0xd4,0xbc,0x36,0x2f,0xd4,0xbc,0x36,0x2f,0xd4,0xbc,0x36,0x2f,0xd4,0xbc,0x36,
    0x2f,0xd4,0xbc,0x36,0x2f,0xd4,0xbc,0x36,0x2f,0xd4,0xbc,0x36,0x29,0xd5,0xbb,0x31,
    0x00,0xbf,0x7f,0x04,0x00,0x00,0x00,0x00,0x00,0x00,0x00,0x00,0x00,0x00,0x00,0x00,
    0x00,0x00,0x00,0x00,0x25,0xcf,0xb3,0x1b,0x2e,0xd5,0xbe,0x37,0x2f,0xd4,0xbc,0x36,
    0x2f,0xd4,0xbc,0x36,0x2f,0xd4,0xbc,0x36,0x2f,0xd4,0xbc,0x36,0x2f,0xd4,0xbc,0x36,
    0x2f,0xd4,0xbc,0x36,0x2f,0xd4,0xbc,0x36,0x30,0xd3,0xbb,0x35,0x2d,0xd6,0xbd,0x65,
    0x2f,0xd6,0xbd,0xbc,0x30,0xd6,0xbe,0xef,0x30,0xd8,0xc0,0xff,0x30,0xd8,0xc0,0xff,
    0x30,0xd6,0xbe,0xef,0x2f,0xd6,0xbd,0xbc,0x2d,0xd6,0xbd,0x65,0x30,0xd3,0xbb,0x35,
    0x2f,0xd4,0xbc,0x36,0x2f,0xd4,0xbc,0x36,0x2f,0xd4,0xbc,0x36,0x2f,0xd4,0xbc,0x36,
    0x2f,0xd4,0xbc,0x36,0x2f,0xd4,0xbc,0x36,0x2f,0xd4,0xbc,0x36,0x2e,0xd5,0xbe,0x37,
    0x25,0xcf,0xb3,0x1b,0x00,0x00,0x00,0x00,0x00,0x00,0x00,0x00,0x00,0x00,0x00,0x00,
    0x00,0x7f,0x7f,0x02,0x2e,0xd5,0xbb,0x31,0x2f,0xd4,0xbc,0x36,0x2f,0xd4,0xbc,0x36,
    0x2f,0xd4,0xbc,0x36,0x2f,0xd4,0xbc,0x36,0x2f,0xd4,0xbc,0x36,0x2e,0xd5,0xbe,0x37,
    0x2d,0xd2,0xb9,0x33,0x2c,0xd6,0xbe,0x3f,0x2f,0xd6,0xbf,0xa8,0x31,0xdc,0xc4,0xff,
    0x2f,0xd7,0xbf,0xfc,0x30,0xd7,0xbf,0xff,0x30,0xd7,0xbf,0xff,0x30,0xd7,0xbf,0xff,
    0x30,0xd7,0xbf,0xff,0x2f,0xd7,0xbf,0xfc,0x31,0xdc,0xc4,0xff,0x2f,0xd6,0xbf,0xa8,
    0x2c,0xd6,0xbe,0x3f,0x2d,0xd2,0xb9,0x33,0x2e,0xd5,0xbe,0x37,0x2f,0xd4,0xbc,0x36,
    0x2f,0xd4,0xbc,0x36,0x2f,0xd4,0xbc,0x36,0x2f,0xd4,0xbc,0x36,0x2f,0xd4,0xbc,0x36,
    0x2e,0xd5,0xbb,0x31,0x00,0x7f,0x7f,0x02,0x00,0x00,0x00,0x00,0x00,0x00,0x00,0x00,
    0x1f,0xcf,0xbf,0x10,0x2e,0xd0,0xb9,0x37,0x2f,0xd4,0xbc,0x36,0x2f,0xd4,0xbc,0x36,
    0x2f,0xd4,0xbc,0x36,0x2f,0xd4,0xbc,0x36,0x2e,0xd5,0xbe,0x37,0x2d,0xd2,0xbe,0x33,
    0x2d,0xd5,0xbc,0x3d,0x2d,0xd5,0xbe,0xa7,0x32,0xe1,0xc8,0xff,0x2f,0xd7,0xbe,0xfb,
    0x30,0xd7,0xbf,0xff,0x30,0xd7,0xbf,0xff,0x30,0xd7,0xbf,0xff,0x30,0xd7,0xbf,0xff,
    0x30,0xd7,0xbf,0xff,0x30,0xd7,0xbf,0xff,0x2f,0xd7,0xbe,0xfb,0x32,0xe1,0xc8,0xff,
    0x2d,0xd5,0xbe,0xa7,0x2d,0xd5,0xbc,0x3d,0x2d,0xd2,0xbe,0x33,0x2e,0xd5,0xbe,0x37,
    0x2f,0xd4,0xbc,0x36,0x2f,0xd4,0xbc,0x36,0x2f,0xd4,0xbc,0x36,0x2f,0xd4,0xbc,0x36,
    0x2e,0xd0,0xb9,0x37,0x1f,0xcf,0xbf,0x10,0x00,0x00,0x00,0x00,0x00,0x00,0x00,0x00,
    0x27,0xcf,0xb7,0x20,0x2f,0xd4,0xbc,0x36,0x2f,0xd4,0xbc,0x36,0x2f,0xd4,0xbc,0x36,
    0x2f,0xd4,0xbc,0x36,0x2f,0xd4,0xbc,0x36,0x2f,0xd4,0xbc,0x36,0x30,0xd3,0xbd,0x2f,
    0x2e,0xd6,0xbf,0x78,0x32,0xe0,0xc7,0xff,0x2f,0xd7,0xbe,0xfb,0x30,0xd7,0xbf,0xff,
    0x30,0xd7,0xbf,0xff,0x30,0xd7,0xbf,0xff,0x30,0xd7,0xbf,0xff,0x30,0xd7,0xbf,0xff,
    0x30,0xd7,0xbf,0xff,0x30,0xd7,0xbf,0xff,0x30,0xd7,0xbf,0xff,0x2f,0xd7,0xbe,0xfb,
    0x32,0xe0,0xc7,0xff,0x2e,0xd6,0xbf,0x78,0x30,0xd3,0xbd,0x2f,0x2f,0xd4,0xbc,0x36,
    0x2f,0xd4,0xbc,0x36,0x2f,0xd4,0xbc,0x36,0x2f,0xd4,0xbc,0x36,0x2f,0xd4,0xbc,0x36,
    0x2f,0xd4,0xbc,0x36,0x27,0xcf,0xb7,0x20,0x00,0x00,0x00,0x00,0x00,0x00,0x00,0x00,
    0x2a,0xd4,0xbc,0x2a,0x2f,0xd4,0xbc,0x36,0x2f,0xd4,0xbc,0x36,0x2f,0xd4,0xbc,0x36,
    0x2f,0xd4,0xbc,0x36,0x2e,0xd5,0xbe,0x37,0x2f,0xd4,0xbf,0x30,0x2e,0xd3,0xbe,0x47,
    0x30,0xd5,0xbd,0xc4,0x31,0xdd,0xc4,0xff,0x2f,0xd7,0xbf,0xfc,0x30,0xd7,0xbf,0xff,
    0x30,0xd7,0xbf,0xff,0x30,0xd7,0xbf,0xff,0x30,0xd7,0xbf,0xff,0x30,0xd7,0xbf,0xff,
    0x30,0xd7,0xbf,0xff,0x30,0xd7,0xbf,0xff,0x30,0xd7,0xbf,0xff,0x2f,0xd7,0xbf,0xfc,
    0x31,0xdd,0xc4,0xff,0x30,0xd5,0xbd,0xc4,0x2e,0xd3,0xbe,0x47,0x2f,0xd4,0xbf,0x30,
    0x2e,0xd5,0xbe,0x37,0x2f,0xd4,0xbc,0x36,0x2f,0xd4,0xbc,0x36,0x2f,0xd4,0xbc,0x36,
    0x2f,0xd4,0xbc,0x36,0x2a,0xd4,0xbc,0x2a,0x00,0x00,0x00,0x00,0x00,0x00,0x00,0x00,
    0x2d,0xd6,0xbc,0x32,0x2f,0xd4,0xbc,0x36,0x2f,0xd4,0xbc,0x36,0x2f,0xd4,0xbc,0x36,
    0x2f,0xd4,0xbc,0x36,0x2e,0xd5,0xbe,0x37,0x2e,0xd0,0xb9,0x2c,0x2e,0xd6,0xbf,0x58,
    0x2f,0xd7,0xbe,0xf5,0x30,0xd6,0xbe,0xfe,0x30,0xd6,0xbe,0xfe,0x30,0xd7,0xbf,0xff,
    0x30,0xd7,0xbf,0xff,0x30,0xd7,0xbf,0xff,0x30,0xd7,0xbf,0xff,0x30,0xd7,0xbf,0xff,
    0x30,0xd7,0xbf,0xff,0x30,0xd7,0xbf,0xff,0x30,0xd7,0xbf,0xff,0x30,0xd6,0xbe,0xfe,
    0x30,0xd6,0xbe,0xfe,0x2f,0xd7,0xbe,0xf5,0x2e,0xd6,0xbf,0x58,0x2e,0xd0,0xb9,0x2c,
    0x2e,0xd5,0xbe,0x37,0x2f,0xd4,0xbc,0x36,0x2f,0xd4,0xbc,0x36,0x2f,0xd4,0xbc,0x36,
    0x2f,0xd4,0xbc,0x36,0x2d,0xd6,0xbc,0x32,0x00,0x00,0x00,0x00,0x00,0x00,0x00,0x00,
    0x2b,0xd3,0xbb,0x35,0x2f,0xd4,0xbc,0x36,0x2f,0xd4,0xbc,0x36,0x2f,0xd4,0xbc,0x36,
    0x2f,0xd4,0xbc,0x36,0x2d,0xd1,0xba,0x38,0x30,0xd4,0xbc,0x2a,0x2f,0xd7,0xbf,0x60,
    0x32,0xe2,0xc9,0xff,0x2f,0xd7,0xbe,0xfa,0x30,0xd7,0xbf,0xff,0x30,0xd7,0xbf,0xff,
    0x30,0xd7,0xbf,0xff,0x30,0xd7,0xbf,0xff,0x30,0xd7,0xbf,0xff,0x30,0xd7,0xbf,0xff,
    0x30,0xd7,0xbf,0xff,0x30,0xd7,0xbf,0xff,0x30,0xd7,0xbf,0xff,0x30,0xd7,0xbf,0xff,
    0x2f,0xd7,0xbe,0xfa,0x32,0xe2,0xc9,0xff,0x2f,0xd7,0xbf,0x60,0x30,0xd4,0xbc,0x2a,
    0x2d,0xd1,0xba,0x38,0x2f,0xd4,0xbc,0x36,0x2f,0xd4,0xbc,0x36,0x2f,0xd4,0xbc,0x36,
    0x2f,0xd4,0xbc,0x36,0x2b,0xd3,0xbb,0x35,0x00,0x00,0x00,0x00,0x00,0x00,0x00,0x00,
    0x2b,0xd3,0xbb,0x35,0x2f,0xd4,0xbc,0x36,0x2f,0xd4,0xbc,0x36,0x2f,0xd4,0xbc,0x36,
    0x2f,0xd4,0xbc,0x36,0x2d,0xd1,0xba,0x38,0x30,0xd4,0xbc,0x2a,0x2e,0xd5,0xbd,0x62,
    0x33,0xe5,0xcb,0xff,0x2f,0xd6,0xbe,0xfa,0x30,0xd7,0xbf,0xff,0x30,0xd7,0xbf,0xff,
    0x30,0xd7,0xbf,0xff,0x30,0xd7,0xbf,0xff,0x30,0xd7,0xbf,0xff,0x30,0xd7,0xbf,0xff,
    0x30,0xd7,0xbf,0xff,0x30,0xd7,0xbf,0xff,0x30,0xd7,0xbf,0xff,0x30,0xd7,0xbf,0xff,
    0x2f,0xd6,0xbe,0xfa,0x33,0xe5,0xcb,0xff,0x2e,0xd5,0xbd,0x62,0x30,0xd4,0xbc,0x2a,
    0x2d,0xd1,0xba,0x38,0x2f,0xd4,0xbc,0x36,0x2f,0xd4,0xbc,0x36,0x2f,0xd4,0xbc,0x36,
    0x2f,0xd4,0xbc,0x36,0x2b,0xd3,0xbb,0x35,0x00,0x00,0x00,0x00,0x00,0x00,0x00,0x00,
    0x2d,0xd6,0xbc,0x32,0x2f,0xd4,0xbc,0x36,0x2f,0xd4,0xbc,0x36,0x2f,0xd4,0xbc,0x36,
    0x2f,0xd4,0xbc,0x36,0x2e,0xd5,0xbe,0x37,0x2e,0xd0,0xb9,0x2c,0x2d,0xd6,0xbd,0x59,
    0x2f,0xd6,0xbe,0xf7,0x30,0xd6,0xbe,0xfe,0x30,0xd6,0xbe,0xfe,0x30,0xd7,0xbf,0xff,
    0x30,0xd7,0xbf,0xff,0x30,0xd7,0xbf,0xff,0x30,0xd7,0xbf,0xff,0x30,0xd7,0xbf,0xff,
    0x30,0xd7,0xbf,0xff,0x30,0xd7,0xbf,0xff,0x30,0xd7,0xbf,0xff,0x30,0xd6,0xbe,0xfe,
    0x30,0xd6,0xbe,0xfe,0x2f,0xd6,0xbe,0xf7,0x2d,0xd6,0xbd,0x59,0x2e,0xd0,0xb9,0x2c,
    0x2e,0xd5,0xbe,0x37,0x2f,0xd4,0xbc,0x36,0x2f,0xd4,0xbc,0x36,0x2f,0xd4,0xbc,0x36,
    0x2f,0xd4,0xbc,0x36,0x2d,0xd6,0xbc,0x32,0x00,0x00,0x00,0x00,0x00,0x00,0x00,0x00,
    0x2a,0xd4,0xbc,0x2a,0x2f,0xd4,0xbc,0x36,0x2f,0xd4,0xbc,0x36,0x2f,0xd4,0xbc,0x36,
    0x2f,0xd4,0xbc,0x36,0x2e,0xd5,0xbe,0x37,0x2f,0xd4,0xbf,0x30,0x2e,0xd3,0xbe,0x47,
    0x30,0xd5,0xbd,0xc4,0x31,0xdd,0xc4,0xff,0x2f,0xd7,0xbf,0xfc,0x30,0xd7,0xbf,0xff,
    0x30,0xd7,0xbf,0xff,0x30,0xd7,0xbf,0xff,0x30,0xd7,0xbf,0xff,0x30,0xd7,0xbf,0xff,
    0x30,0xd7,0xbf,0xff,0x30,0xd7,0xbf,0xff,0x30,0xd7,0xbf,0xff,0x2f,0xd7,0xbf,0xfc,
    0x31,0xdd,0xc4,0xff,0x30,0xd5,0xbd,0xc4,0x2e,0xd3,0xbe,0x47,0x2f,0xd4,0xbf,0x30,
    0x2e,0xd5,0xbe,0x37,0x2f,0xd4,0xbc,0x36,0x2f,0xd4,0xbc,0x36,0x2f,0xd4,0xbc,0x36,
    0x2f,0xd4,0xbc,0x36,0x2a,0xd4,0xbc,0x2a,0x00,0x00,0x00,0x00,0x00,0x00,0x00,0x00,
    0x29,0xcd,0xb4,0x1f,0x2f,0xd4,0xbc,0x36,0x2f,0xd4,0xbc,0x36,0x2f,0xd4,0xbc,0x36,
    0x2f,0xd4,0xbc,0x36,0x2f,0xd4,0xbc,0x36,0x2f,0xd4,0xbc,0x36,0x30,0xd3,0xbd,0x2f,
    0x2e,0xd6,0xbf,0x78,0x32,0xe0,0xc7,0xff,0x2f,0xd7,0xbe,0xfb,0x30,0xd7,0xbf,0xff,
    0x30,0xd7,0xbf,0xff,0x30,0xd7,0xbf,0xff,0x30,0xd7,0xbf,0xff,0x30,0xd7,0xbf,0xff,
    0x30,0xd7,0xbf,0xff,0x30,0xd7,0xbf,0xff,0x30,0xd7,0xbf,0xff,0x2f,0xd7,0xbe,0xfb,
    0x32,0xe0,0xc7,0xff,0x2e,0xd6,0xbf,0x78,0x30,0xd3,0xbd,0x2f,0x2f,0xd4,0xbc,0x36,
    0x2f,0xd4,0xbc,0x36,0x2f,0xd4,0xbc,0x36,0x2f,0xd4,0xbc,0x36,0x2f,0xd4,0xbc,0x36,
    0x2f,0xd4,0xbc,0x36,0x29,0xcd,0xb4,0x1f,0x00,0x00,0x00,0x00,0x00,0x00,0x00,0x00,
    0x1f,0xcf,0xbf,0x10,0x2e,0xd0,0xb9,0x37,0x2f,0xd4,0xbc,0x36,0x2f,0xd4,0xbc,0x36,
    0x2f,0xd4,0xbc,0x36,0x2f,0xd4,0xbc,0x36,0x2e,0xd5,0xbe,0x37,0x2d,0xd2,0xbe,0x33,
    0x2d,0xd5,0xbc,0x3d,0x2e,0xd7,0xbe,0xa6,0x32,0xe1,0xc8,0xff,0x2f,0xd7,0xbe,0xfb,
    0x30,0xd7,0xbf,0xff,0x30,0xd7,0xbf,0xff,0x30,0xd7,0xbf,0xff,0x30,0xd7,0xbf,0xff,
    0x30,0xd7,0xbf,0xff,0x30,0xd7,0xbf,0xff,0x2f,0xd7,0xbe,0xfb,0x32,0xe1,0xc8,0xff,
    0x2e,0xd7,0xbe,0xa6,0x2d,0xd5,0xbc,0x3d,0x2d,0xd2,0xbe,0x33,0x2e,0xd5,0xbe,0x37,
    0x2f,0xd4,0xbc,0x36,0x2f,0xd4,0xbc,0x36,0x2f,0xd4,0xbc,0x36,0x2f,0xd4,0xbc,0x36,
    0x2e,0xd0,0xb9,0x37,0x1f,0xcf,0xbf,0x10,0x00,0x00,0x00,0x00,0x00,0x00,0x00,0x00,
    0x00,0x7f,0x7f,0x02,0x2e,0xd5,0xbb,0x31,0x2f,0xd4,0xbc,0x36,0x2f,0xd4,0xbc,0x36,
    0x2f,0xd4,0xbc,0x36,0x2f,0xd4,0xbc,0x36,0x2f,0xd4,0xbc,0x36,0x2e,0xd5,0xbe,0x37,
    0x2d,0xd2,0xb9,0x33,0x2c,0xd6,0xbe,0x3f,0x2f,0xd6,0xbf,0xa8,0x31,0xdc,0xc4,0xff,
    0x2f,0xd7,0xbf,0xfc,0x30,0xd7,0xbf,0xff,0x30,0xd7,0xbf,0xff,0x30,0xd7,0xbf,0xff,
    0x30,0xd7,0xbf,0xff,0x2f,0xd7,0xbf,0xfc,0x31,0xdc,0xc4,0xff,0x2f,0xd6,0xbf,0xa8,
    0x2c,0xd6,0xbe,0x3f,0x2d,0xd2,0xb9,0x33,0x2e,0xd5,0xbe,0x37,0x2f,0xd4,0xbc,0x36,
    0x2f,0xd4,0xbc,0x36,0x2f,0xd4,0xbc,0x36,0x2f,0xd4,0xbc,0x36,0x2f,0xd4,0xbc,0x36,
    0x2e,0xd5,0xbb,0x31,0x00,0x7f,0x7f,0x02,0x00,0x00,0x00,0x00,0x00,0x00,0x00,0x00,
    0x00,0x00,0x00,0x00,0x25,0xcf,0xb3,0x1b,0x2e,0xd5,0xbe,0x37,0x2f,0xd4,0xbc,0x36,
    0x2f,0xd4,0xbc,0x36,0x2f,0xd4,0xbc,0x36,0x2f,0xd4,0xbc,0x36,0x2f,0xd4,0xbc,0x36,
    0x2f,0xd4,0xbc,0x36,0x2f,0xd4,0xbc,0x36,0x30,0xd3,0xbb,0x35,0x2d,0xd6,0xbd,0x65,
    0x2f,0xd6,0xbd,0xbc,0x30,0xd6,0xbe,0xef,0x30,0xd8,0xc0,0xff,0x30,0xd8,0xc0,0xff,
    0x30,0xd6,0xbe,0xef,0x2f,0xd6,0xbd,0xbc,0x2d,0xd6,0xbd,0x65,0x30,0xd3,0xbb,0x35,
    0x2f,0xd4,0xbc,0x36,0x2f,0xd4,0xbc,0x36,0x2f,0xd4,0xbc,0x36,0x2f,0xd4,0xbc,0x36,
    0x2f,0xd4,0xbc,0x36,0x2f,0xd4,0xbc,0x36,0x2f,0xd4,0xbc,0x36,0x2e,0xd5,0xbe,0x37,
    0x25,0xcf,0xb3,0x1b,0x00,0x00,0x00,0x00,0x00,0x00,0x00,0x00,0x00,0x00,0x00,0x00,
    0x00,0x00,0x00,0x00,0x00,0xbf,0x7f,0x04,0x29,0xd5,0xbb,0x31,0x2f,0xd4,0xbc,0x36,
    0x2f,0xd4,0xbc,0x36,0x2f,0xd4,0xbc,0x36,0x2f,0xd4,0xbc,0x36,0x2f,0xd4,0xbc,0x36,
    0x2f,0xd4,0xbc,0x36,0x2f,0xd4,0xbc,0x36,0x2f,0xd4,0xbc,0x36,0x30,0xd7,0xbd,0x3a,
    0x2e,0xd8,0xc1,0x21,0x2f,0xd6,0xbd,0x90,0x33,0xe5,0xcc,0xff,0x33,0xe5,0xcc,0xff,
    0x2f,0xd6,0xbd,0x90,0x2e,0xd8,0xc1,0x21,0x30,0xd7,0xbd,0x3a,0x2f,0xd4,0xbc,0x36,
    0x2f,0xd4,0xbc,0x36,0x2f,0xd4,0xbc,0x36,0x2f,0xd4,0xbc,0x36,0x2f,0xd4,0xbc,0x36,
    0x2f,0xd4,0xbc,0x36,0x2f,0xd4,0xbc,0x36,0x2f,0xd4,0xbc,0x36,0x29,0xd5,0xbb,0x31,
    0x00,0xbf,0x7f,0x04,0x00,0x00,0x00,0x00,0x00,0x00,0x00,0x00,0x00,0x00,0x00,0x00,
    0x00,0x00,0x00,0x00,0x00,0x00,0x00,0x00,0x2a,0xd4,0xb8,0x12,0x2d,0xd1,0xba,0x38,
    0x30,0xd3,0xc0,0x35,0x2f,0xd4,0xbc,0x36,0x2f,0xd4,0xbc,0x36,0x2f,0xd4,0xbc,0x36,
    0x2f,0xd4,0xbc,0x36,0x2f,0xd4,0xbc,0x36,0x2f,0xd4,0xbc,0x36,0x30,0xd7,0xbd,0x3a,
    0x2e,0xd8,0xc1,0x21,0x2f,0xd6,0xbd,0x90,0x33,0xe5,0xcc,0xff,0x33,0xe5,0xcc,0xff,
    0x2f,0xd6,0xbd,0x90,0x2e,0xd8,0xc1,0x21,0x30,0xd7,0xbd,0x3a,0x2f,0xd4,0xbc,0x36,
    0x2f,0xd4,0xbc,0x36,0x2f,0xd4,0xbc,0x36,0x2f,0xd4,0xbc,0x36,0x2f,0xd4,0xbc,0x36,
    0x2f,0xd4,0xbc,0x36,0x30,0xd3,0xc0,0x35,0x2d,0xd1,0xba,0x38,0x2a,0xd4,0xb8,0x12,
    0x00,0x00,0x00,0x00,0x00,0x00,0x00,0x00,0x00,0x00,0x00,0x00,0x00,0x00,0x00,0x00,
    0x00,0x00,0x00,0x00,0x00,0x00,0x00,0x00,0x00,0xff,0xff,0x01,0x2a,0xcc,0xbb,0x1e,
    0x2e,0xd5,0xbe,0x37,0x30,0xd8,0xc0,0x35,0x2f,0xd4,0xbc,0x36,0x2f,0xd4,0xbc,0x36,
    0x2f,0xd4,0xbc,0x36,0x2f,0xd4,0xbc,0x36,0x2f,0xd4,0xbc,0x36,0x30,0xd7,0xbd,0x3a,
    0x2e,0xd8,0xc1,0x21,0x2f,0xd6,0xbd,0x90,0x33,0xe5,0xcc,0xff,0x33,0xe5,0xcc,0xff,
    0x2f,0xd6,0xbd,0x90,0x2e,0xd8,0xc1,0x21,0x30,0xd7,0xbd,0x3a,0x2f,0xd4,0xbc,0x36,
    0x2f,0xd4,0xbc,0x36,0x2f,0xd4,0xbc,0x36,0x2f,0xd4,0xbc,0x36,0x2f,0xd4,0xbc,0x36,
    0x30,0xd8,0xc0,0x35,0x2e,0xd5,0xbe,0x37,0x2a,0xcc,0xbb,0x1e,0x00,0xff,0xff,0x01,
    0x00,0x00,0x00,0x00,0x00,0x00,0x00,0x00,0x00,0x00,0x00,0x00,0x00,0x00,0x00,0x00,
    0x00,0x00,0x00,0x00,0x00,0x00,0x00,0x00,0x00,0x00,0x00,0x00,0x00,0xff,0x7f,0x02,
    0x2b,0xd3,0xbd,0x23,0x2e,0xd5,0xbe,0x37,0x30,0xd8,0xc0,0x35,0x2f,0xd4,0xbc,0x36,
    0x2f,0xd4,0xbc,0x36,0x2f,0xd4,0xbc,0x36,0x2f,0xd4,0xbc,0x36,0x30,0xd7,0xbd,0x3a,
    0x2e,0xd8,0xc1,0x21,0x2f,0xd6,0xbd,0x90,0x33,0xe5,0xcc,0xff,0x33,0xe5,0xcc,0xff,
    0x2f,0xd6,0xbd,0x90,0x2e,0xd8,0xc1,0x21,0x30,0xd7,0xbd,0x3a,0x2f,0xd4,0xbc,0x36,
    0x2f,0xd4,0xbc,0x36,0x2f,0xd4,0xbc,0x36,0x2f,0xd4,0xbc,0x36,0x30,0xd8,0xc0,0x35,
    0x2e,0xd5,0xbe,0x37,0x2b,0xd3,0xbd,0x23,0x00,0xff,0x7f,0x02,0x00,0x00,0x00,0x00,
    0x00,0x00,0x00,0x00,0x00,0x00,0x00,0x00,0x00,0x00,0x00,0x00,0x00,0x00,0x00,0x00,
    0x00,0x00,0x00,0x00,0x00,0x00,0x00,0x00,0x00,0x00,0x00,0x00,0x00,0x00,0x00,0x00,
    0x00,0xff,0x7f,0x02,0x2a,0xd4,0xbb,0x1e,0x2e,0xd5,0xbe,0x37,0x30,0xd3,0xc0,0x35,
    0x2f,0xd4,0xbc,0x36,0x2f,0xd4,0xbc,0x36,0x2f,0xd4,0xbc,0x36,0x30,0xd7,0xbd,0x3a,
    0x2e,0xd8,0xc1,0x21,0x2f,0xd6,0xbd,0x90,0x33,0xe5,0xcc,0xff,0x33,0xe5,0xcc,0xff,
    0x2f,0xd6,0xbd,0x90,0x2e,0xd8,0xc1,0x21,0x30,0xd7,0xbd,0x3a,0x2f,0xd4,0xbc,0x36,
    0x2f,0xd4,0xbc,0x36,0x2f,0xd4,0xbc,0x36,0x30,0xd3,0xc0,0x35,0x2e,0xd5,0xbe,0x37,
    0x2a,0xd4,0xbb,0x1e,0x00,0xff,0x7f,0x02,0x00,0x00,0x00,0x00,0x00,0x00,0x00,0x00,
    0x00,0x00,0x00,0x00,0x00,0x00,0x00,0x00,0x00,0x00,0x00,0x00,0x00,0x00,0x00,0x00,
    0x00,0x00,0x00,0x00,0x00,0x00,0x00,0x00,0x00,0x00,0x00,0x00,0x00,0x00,0x00,0x00,
    0x00,0x00,0x00,0x00,0x00,0x00,0x00,0x00,0x28,0xd6,0xae,0x13,0x2d,0xd1,0xbc,0x32,
    0x2f,0xd4,0xbc,0x36,0x2f,0xd4,0xbc,0x36,0x2f,0xd4,0xbc,0x36,0x30,0xd7,0xbd,0x3a,
    0x2e,0xd8,0xc1,0x21,0x2f,0xd6,0xbd,0x90,0x33,0xe5,0xcc,0xff,0x33,0xe5,0xcc,0xff,
    0x2f,0xd6,0xbd,0x90,0x2e,0xd8,0xc1,0x21,0x30,0xd7,0xbd,0x3a,0x2f,0xd4,0xbc,0x36,
    0x2f,0xd4,0xbc,0x36,0x2f,0xd4,0xbc,0x36,0x2d,0xd1,0xbc,0x32,0x28,0xd6,0xae,0x13,
    0x00,0x00,0x00,0x00,0x00,0x00,0x00,0x00,0x00,0x00,0x00,0x00,0x00,0x00,0x00,0x00,
    0x00,0x00,0x00,0x00,0x00,0x00,0x00,0x00,0x00,0x00,0x00,0x00,0x00,0x00,0x00,0x00,
    0x00,0x00,0x00,0x00,0x00,0x00,0x00,0x00,0x00,0x00,0x00,0x00,0x00,0x00,0x00,0x00,
    0x00,0x00,0x00,0x00,0x00,0x00,0x00,0x00,0x00,0x00,0x00,0x00,0x00,0x7f,0x7f,0x04,
    0x24,0xd1,0xbf,0x1c,0x2d,0xd1,0xb7,0x32,0x2f,0xd4,0xbc,0x36,0x30,0xd3,0xbd,0x3a,
    0x2e,0xd8,0xc1,0x21,0x2f,0xd6,0xbd,0x90,0x33,0xe5,0xcc,0xff,0x33,0xe5,0xcc,0xff,
    0x2f,0xd6,0xbd,0x90,0x2e,0xd8,0xc1,0x21,0x30,0xd3,0xbd,0x3a,0x2f,0xd4,0xbc,0x36,
    0x2d,0xd1,0xb7,0x32,0x24,0xd1,0xbf,0x1c,0x00,0x7f,0x7f,0x04,0x00,0x00,0x00,0x00,
    0x00,0x00,0x00,0x00,0x00,0x00,0x00,0x00,0x00,0x00,0x00,0x00,0x00,0x00,0x00,0x00,
    0x00,0x00,0x00,0x00,0x00,0x00,0x00,0x00,0x00,0x00,0x00,0x00,0x00,0x00,0x00,0x00,
    0x00,0x00,0x00,0x00,0x00,0x00,0x00,0x00,0x00,0x00,0x00,0x00,0x00,0x00,0x00,0x00,
    0x00,0x00,0x00,0x00,0x00,0x00,0x00,0x00,0x00,0x00,0x00,0x00,0x00,0x00,0x00,0x00,
    0x00,0x00,0x00,0x00,0x00,0x7f,0x7f,0x02,0x1f,0xcf,0xaf,0x10,0x30,0xce,0xba,0x25,
    0x22,0xd0,0xb9,0x16,0x2f,0xd6,0xbf,0x8c,0x33,0xe6,0xcc,0xff,0x33,0xe6,0xcc,0xff,
    0x2f,0xd6,0xbf,0x8c,0x22,0xd0,0xb9,0x16,0x30,0xce,0xba,0x25,0x1f,0xcf,0xaf,0x10,
    0x00,0x7f,0x7f,0x02,0x00,0x00,0x00,0x00,0x00,0x00,0x00,0x00,0x00,0x00,0x00,0x00,
    0x00,0x00,0x00,0x00,0x00,0x00,0x00,0x00,0x00,0x00,0x00,0x00,0x00,0x00,0x00,0x00,
    0x00,0x00,0x00,0x00,0x00,0x00,0x00,0x00,0x00,0x00,0x00,0x00,0x00,0x00,0x00,0x00,
    0x00,0x00,0x00,0x00,0x00,0x00,0x00,0x00,0x00,0x00,0x00,0x00,0x00,0x00,0x00,0x00,
    0x00,0x00,0x00,0x00,0x00,0x00,0x00,0x00,0x00,0x00,0x00,0x00,0x00,0x00,0x00,0x00,
    0x00,0x00,0x00,0x00,0x00,0x00,0x00,0x00,0x00,0x00,0x00,0x00,0x2a,0xd4,0xaa,0x06,
    0x00,0x00,0x00,0x00,0x2e,0xd6,0xbe,0x72,0x34,0xe9,0xcf,0xff,0x34,0xe9,0xcf,0xff,
    0x2e,0xd6,0xbe,0x72,0x00,0x00,0x00,0x00,0x2a,0xd4,0xaa,0x06,0x00,0x00,0x00,0x00,
    0x00,0x00,0x00,0x00,0x00,0x00,0x00,0x00,0x00,0x00,0x00,0x00,0x00,0x00,0x00,0x00,
    0x00,0x00,0x00,0x00,0x00,0x00,0x00,0x00,0x00,0x00,0x00,0x00,0x00,0x00,0x00,0x00,
    0x00,0x00,0x00,0x00,0x00,0x00,0x00,0x00,0x00,0x00,0x00,0x00,0x00,0x00,0x00,0x00,
    0x00,0x00,0x00,0x00,0x00,0x00,0x00,0x00,0x00,0x00,0x00,0x00,0x00,0x00,0x00,0x00,
    0x00,0x00,0x00,0x00,0x00,0x00,0x00,0x00,0x00,0x00,0x00,0x00,0x00,0x00,0x00,0x00,
    0x00,0x00,0x00,0x00,0x00,0x00,0x00,0x00,0x00,0x00,0x00,0x00,0x2a,0xd4,0xaa,0x06,
    0x00,0x00,0x00,0x00,0x2e,0xd6,0xbe,0x72,0x34,0xe9,0xcf,0xff,0x34,0xe9,0xcf,0xff,
    0x2e,0xd6,0xbe,0x72,0x00,0x00,0x00,0x00,0x2a,0xd4,0xaa,0x06,0x00,0x00,0x00,0x00,
    0x00,0x00,0x00,0x00,0x00,0x00,0x00,0x00,0x00,0x00,0x00,0x00,0x00,0x00,0x00,0x00,
    0x00,0x00,0x00,0x00,0x00,0x00,0x00,0x00,0x00,0x00,0x00,0x00,0x00,0x00,0x00,0x00,
    0x00,0x00,0x00,0x00,0x00,0x00,0x00,0x00,0x00,0x00,0x00,0x00,0x00,0x00,0x00,0x00,
    0x00,0x00,0x00,0x00,0x00,0x00,0x00,0x00,0x00,0x00,0x00,0x00,0x00,0x00,0x00,0x00,
    0x00,0x00,0x00,0x00,0x00,0x00,0x00,0x00,0x00,0x00,0x00,0x00,0x00,0x00,0x00,0x00,
    0x00,0x00,0x00,0x00,0x00,0x00,0x00,0x00,0x00,0x00,0x00,0x00,0x2a,0xd4,0xaa,0x06,
    0x00,0x00,0x00,0x00,0x2e,0xd6,0xbe,0x72,0x34,0xe9,0xcf,0xff,0x34,0xe9,0xcf,0xff,
    0x2e,0xd6,0xbe,0x72,0x00,0x00,0x00,0x00,0x2a,0xd4,0xaa,0x06,0x00,0x00,0x00,0x00,
    0x00,0x00,0x00,0x00,0x00,0x00,0x00,0x00,0x00,0x00,0x00,0x00,0x00,0x00,0x00,0x00,
    0x00,0x00,0x00,0x00,0x00,0x00,0x00,0x00,0x00,0x00,0x00,0x00,0x00,0x00,0x00,0x00,
    0x00,0x00,0x00,0x00,0x00,0x00,0x00,0x00,0x00,0x00,0x00,0x00,0x00,0x00,0x00,0x00,
    0x00,0x00,0x00,0x00,0x00,0x00,0x00,0x00,0x00,0x00,0x00,0x00,0x00,0x00,0x00,0x00,
    0x00,0x00,0x00,0x00,0x00,0x00,0x00,0x00,0x00,0x00,0x00,0x00,0x00,0x00,0x00,0x00,
    0x00,0x00,0x00,0x00,0x00,0x00,0x00,0x00,0x00,0x00,0x00,0x00,0x2a,0xd4,0xaa,0x06,
    0x00,0x00,0x00,0x00,0x2e,0xd6,0xbe,0x72,0x34,0xe9,0xcf,0xff,0x34,0xe9,0xcf,0xff,
    0x2e,0xd6,0xbe,0x72,0x00,0x00,0x00,0x00,0x2a,0xd4,0xaa,0x06,0x00,0x00,0x00,0x00,
    0x00,0x00,0x00,0x00,0x00,0x00,0x00,0x00,0x00,0x00,0x00,0x00,0x00,0x00,0x00,0x00,
    0x00,0x00,0x00,0x00,0x00,0x00,0x00,0x00,0x00,0x00,0x00,0x00,0x00,0x00,0x00,0x00,
    0x00,0x00,0x00,0x00,0x00,0x00,0x00,0x00,0x00,0x00,0x00,0x00,0x00,0x00,0x00,0x00,
    0x00,0x00,0x00,0x00,0x00,0x00,0x00,0x00,0x00,0x00,0x00,0x00,0x00,0x00,0x00,0x00,
    0x00,0x00,0x00,0x00,0x00,0x00,0x00,0x00,0x00,0x00,0x00,0x00,0x00,0x00,0x00,0x00,
    0x00,0x00,0x00,0x00,0x00,0x00,0x00,0x00,0x00,0x00,0x00,0x00,0x2a,0xd4,0xaa,0x06,
    0x00,0x00,0x00,0x00,0x2e,0xd6,0xbe,0x72,0x34,0xe9,0xcf,0xff,0x34,0xe9,0xcf,0xff,
    0x2e,0xd6,0xbe,0x72,0x00,0x00,0x00,0x00,0x2a,0xd4,0xaa,0x06,0x00,0x00,0x00,0x00,
    0x00,0x00,0x00,0x00,0x00,0x00,0x00,0x00,0x00,0x00,0x00,0x00,0x00,0x00,0x00,0x00,
    0x00,0x00,0x00,0x00,0x00,0x00,0x00,0x00,0x00,0x00,0x00,0x00,0x00,0x00,0x00,0x00,
    0x00,0x00,0x00,0x00,0x00,0x00,0x00,0x00,0x00,0x00,0x00,0x00,0x00,0x00,0x00,0x00,
    0x00,0x00,0x00,0x00,0x00,0x00,0x00,0x00,0x00,0x00,0x00,0x00,0x00,0x00,0x00,0x00,
    0x00,0x00,0x00,0x00,0x00,0x00,0x00,0x00,0x00,0x00,0x00,0x00,0x00,0x00,0x00,0x00,
    0x00,0x00,0x00,0x00,0x00,0x00,0x00,0x00,0x00,0x00,0x00,0x00,0x2a,0xd4,0xaa,0x06,
    0x00,0x00,0x00,0x00,0x2e,0xd6,0xbe,0x72,0x34,0xe9,0xcf,0xff,0x34,0xe9,0xcf,0xff,
    0x2e,0xd6,0xbe,0x72,0x00,0x00,0x00,0x00,0x2a,0xd4,0xaa,0x06,0x00,0x00,0x00,0x00,
    0x00,0x00,0x00,0x00,0x00,0x00,0x00,0x00,0x00,0x00,0x00,0x00,0x00,0x00,0x00,0x00,
    0x00,0x00,0x00,0x00,0x00,0x00,0x00,0x00,0x00,0x00,0x00,0x00,0x00,0x00,0x00,0x00,
    0x00,0x00,0x00,0x00,0x00,0x00,0x00,0x00,0x00,0x00,0x00,0x00,0x00,0x00,0x00,0x00,
    0x00,0x00,0x00,0x00,0x00,0x00,0x00,0x00,0x00,0x00,0x00,0x00,0x00,0x00,0x00,0x00,
    0x00,0x00,0x00,0x00,0x00,0x00,0x00,0x00,0x00,0x00,0x00,0x00,0x00,0x00,0x00,0x00,
    0x00,0x00,0x00,0x00,0x00,0x00,0x00,0x00,0x00,0x00,0x00,0x00,0x2a,0xd4,0xaa,0x06,
    0x00,0x00,0x00,0x00,0x2e,0xd6,0xbe,0x72,0x34,0xe9,0xcf,0xff,0x34,0xe9,0xcf,0xff,
    0x2e,0xd6,0xbe,0x72,0x00,0x00,0x00,0x00,0x2a,0xd4,0xaa,0x06,0x00,0x00,0x00,0x00,
    0x00,0x00,0x00,0x00,0x00,0x00,0x00,0x00,0x00,0x00,0x00,0x00,0x00,0x00,0x00,0x00,
    0x00,0x00,0x00,0x00,0x00,0x00,0x00,0x00,0x00,0x00,0x00,0x00,0x00,0x00,0x00,0x00,
    0x00,0x00,0x00,0x00,0x00,0x00,0x00,0x00,0x00,0x00,0x00,0x00,0x00,0x00,0x00,0x00,
    0x00,0x00,0x00,0x00,0x00,0x00,0x00,0x00,0x00,0x00,0x00,0x00,0x00,0x00,0x00,0x00,
    0x00,0x00,0x00,0x00,0x00,0x00,0x00,0x00,0x00,0x00,0x00,0x00,0x00,0x00,0x00,0x00,
    0x00,0x00,0x00,0x00,0x00,0x00,0x00,0x00,0x00,0x00,0x00,0x00,0x2a,0xd4,0xaa,0x06,
    0x00,0x00,0x00,0x00,0x2e,0xd6,0xbe,0x72,0x34,0xe9,0xcf,0xff,0x34,0xe9,0xcf,0xff,
    0x2e,0xd6,0xbe,0x72,0x00,0x00,0x00,0x00,0x2a,0xd4,0xaa,0x06,0x00,0x00,0x00,0x00,
    0x00,0x00,0x00,0x00,0x00,0x00,0x00,0x00,0x00,0x00,0x00,0x00,0x00,0x00,0x00,0x00,
    0x00,0x00,0x00,0x00,0x00,0x00,0x00,0x00,0x00,0x00,0x00,0x00,0x00,0x00,0x00,0x00,
    0x00,0x00,0x00,0x00,0x00,0x00,0x00,0x00,0x00,0x00,0x00,0x00,0x00,0x00,0x00,0x00,
    0x00,0x00,0x00,0x00,0x00,0x00,0x00,0x00,0x00,0x00,0x00,0x00,0x00,0x00,0x00,0x00,
    0x00,0x00,0x00,0x00,0x00,0x00,0x00,0x00,0x00,0x00,0x00,0x00,0x00,0x00,0x00,0x00,
    0x00,0x00,0x00,0x00,0x00,0x00,0x00,0x00,0x00,0x00,0x00,0x00,0x00,0x00,0x00,0x00,
    0x00,0x00,0x00,0x00,0x00,0x00,0x00,0x00,0x00,0x00,0x00,0x00,0x00,0x00,0x00,0x00,
    0x00,0x00,0x00,0x00,0x00,0x00,0x00,0x00,0x00,0x00,0x00,0x00,0x00,0x00,0x00,0x00,
    0x00,0x00,0x00,0x00,0x00,0x00,0x00,0x00,0x00,0x00,0x00,0x00,0x00,0x00,0x00,0x00,
    0x00,0x00,0x00,0x00,0x00,0x00,0x00,0x00,0x00,0x00,0x00,0x00,0x00,0x00,0x00,0x00,
    0x00,0x00,0x00,0x00,0x00,0x00,0x00,0x00,0x00,0x00,0x00,0x00,0x00,0x00,0x00,0x00,
};

const lv_image_dsc_t img_clockwise_sec_30x180_ARGB8888_aligned = {
  .header.magic = LV_IMAGE_HEADER_MAGIC,
  .header.cf = LV_COLOR_FORMAT_ARGB8888,
  .header.stride = 128,
  .header.flags = 0,
  .header.w = 30,
  .header.h = 180,
  .data_size = sizeof(img_clockwise_sec_30x180_ARGB8888_aligned_map),
  .data = img_clockwise_sec_30x180_ARGB8888_aligned_map,
};
