#ifdef __has_include
#if __has_include("lvgl.h")
#ifndef LV_LVGL_H_INCLUDE_SIMPLE
#define LV_LVGL_H_INCLUDE_SIMPLE
#endif
#endif
#endif

#if defined(LV_LVGL_H_INCLUDE_SIMPLE)
 #include "lvgl.h"
#else
 #include "lvgl/lvgl.h"
#endif

#ifndef LV_ATTRIBUTE_MEM_ALIGN
#define LV_ATTRIBUTE_MEM_ALIGN
#endif

#ifndef LV_ATTRIBUTE_IMAGE_IMG_EKG_152X134_ARGB8888_ALIGNED
#define LV_ATTRIBUTE_IMAGE_IMG_EKG_152X134_ARGB8888_ALIGNED
#endif

const LV_ATTRIBUTE_MEM_ALIGN LV_ATTRIBUTE_LARGE_CONST LV_ATTRIBUTE_IMAGE_IMG_EKG_152X134_ARGB8888_ALIGNED uint8_t img_ekg_152x134_ARGB8888_aligned_map[] = {
    0x27,0x27,0x27,0xff,0x28,0x28,0x28,0xff,0x23,0x23,0x23,0xff,0x0b,0x0b,0x0b,0xff,
    0x0b,0x0b,0x0b,0xff,0x0b,0x0b,0x0b,0xff,0x0b,0x0b,0x0b,0xff,0x0b,0x0b,0x0b,0xff,
    0x0b,0x0b,0x0b,0xff,0x0b,0x0b,0x0b,0xff,0x0b,0x0b,0x0b,0xff,0x0b,0x0b,0x0b,0xff,
    0x0b,0x0b,0x0b,0xff,0x0b,0x0b,0x0b,0xff,0x0b,0x0b,0x0b,0xff,0x0b,0x0b,0x0b,0xff,
    0x0b,0x0b,0x0b,0xff,0x0b,0x0b,0x0b,0xff,0x0b,0x0b,0x0b,0xff,0x0b,0x0b,0x0b,0xff,
    0x0b,0x0b,0x0b,0xff,0x0b,0x0b,0x0b,0xff,0x0b,0x0b,0x0b,0xff,0x0b,0x0b,0x0b,0xff,
    0x0b,0x0b,0x0b,0xff,0x0b,0x0b,0x0b,0xff,0x0b,0x0b,0x0b,0xff,0x0b,0x0b,0x0b,0xff,
    0x0b,0x0b,0x0b,0xff,0x0b,0x0b,0x0b,0xff,0x0b,0x0b,0x0b,0xff,0x0b,0x0b,0x0b,0xff,
    0x0b,0x0b,0x0b,0xff,0x0b,0x0b,0x0b,0xff,0x0b,0x0b,0x0b,0xff,0x0b,0x0b,0x0b,0xff,
    0x0b,0x0b,0x0b,0xff,0x0b,0x0b,0x0b,0xff,0x0b,0x0b,0x0b,0xff,0x0b,0x0b,0x0b,0xff,
    0x0b,0x0b,0x0b,0xff,0x0b,0x0b,0x0b,0xff,0x0b,0x0b,0x0b,0xff,0x0b,0x0b,0x0b,0xff,
    0x0b,0x0b,0x0b,0xff,0x0b,0x0b,0x0b,0xff,0x0b,0x0b,0x0b,0xff,0x0b,0x0b,0x0b,0xff,
    0x0b,0x0b,0x0b,0xff,0x0b,0x0b,0x0b,0xff,0x0b,0x0b,0x0b,0xff,0x0b,0x0b,0x0b,0xff,
    0x0b,0x0b,0x0b,0xff,0x0b,0x0b,0x0b,0xff,0x0b,0x0b,0x0b,0xff,0x0b,0x0b,0x0b,0xff,
    0x0b,0x0b,0x0b,0xff,0x0b,0x0b,0x0b,0xff,0x0b,0x0b,0x0b,0xff,0x0b,0x0b,0x0b,0xff,
    0x0b,0x0b,0x0b,0xff,0x0b,0x0b,0x0b,0xff,0x0b,0x0b,0x0b,0xff,0x0b,0x0b,0x0b,0xff,
    0x0b,0x0b,0x0b,0xff,0x0b,0x0b,0x0b,0xff,0x0b,0x0b,0x0b,0xff,0x0b,0x0b,0x0b,0xff,
    0x0b,0x0b,0x0b,0xff,0x0b,0x0b,0x0b,0xff,0x0b,0x0b,0x0b,0xff,0x0b,0x0b,0x0b,0xff,
    0x0b,0x0b,0x0b,0xff,0x0b,0x0b,0x0b,0xff,0x0b,0x0b,0x0b,0xff,0x0b,0x0b,0x0b,0xff,
    0x0b,0x0b,0x0b,0xff,0x0b,0x0b,0x0b,0xff,0x0b,0x0b,0x0b,0xff,0x0b,0x0b,0x0b,0xff,
    0x0b,0x0b,0x0b,0xff,0x0b,0x0b,0x0b,0xff,0x0b,0x0b,0x0b,0xff,0x0b,0x0b,0x0b,0xff,
    0x0b,0x0b,0x0b,0xff,0x0b,0x0b,0x0b,0xff,0x0b,0x0b,0x0b,0xff,0x0b,0x0b,0x0b,0xff,
    0x0b,0x0b,0x0b,0xff,0x0b,0x0b,0x0b,0xff,0x0b,0x0b,0x0b,0xff,0x0b,0x0b,0x0b,0xff,
    0x0b,0x0b,0x0b,0xff,0x0b,0x0b,0x0b,0xff,0x0b,0x0b,0x0b,0xff,0x0b,0x0b,0x0b,0xff,
    0x0b,0x0b,0x0b,0xff,0x0b,0x0b,0x0b,0xff,0x0b,0x0b,0x0b,0xff,0x0b,0x0b,0x0b,0xff,
    0x0b,0x0b,0x0b,0xff,0x0b,0x0b,0x0b,0xff,0x0b,0x0b,0x0b,0xff,0x0b,0x0b,0x0b,0xff,
    0x0b,0x0b,0x0b,0xff,0x0b,0x0b,0x0b,0xff,0x0b,0x0b,0x0b,0xff,0x0b,0x0b,0x0b,0xff,
    0x0b,0x0b,0x0b,0xff,0x0b,0x0b,0x0b,0xff,0x0b,0x0b,0x0b,0xff,0x0b,0x0b,0x0b,0xff,
    0x0b,0x0b,0x0b,0xff,0x0b,0x0b,0x0b,0xff,0x0b,0x0b,0x0b,0xff,0x0b,0x0b,0x0b,0xff,
    0x0b,0x0b,0x0b,0xff,0x0b,0x0b,0x0b,0xff,0x0b,0x0b,0x0b,0xff,0x0b,0x0b,0x0b,0xff,
    0x0b,0x0b,0x0b,0xff,0x0b,0x0b,0x0b,0xff,0x0b,0x0b,0x0b,0xff,0x0b,0x0b,0x0b,0xff,
    0x0b,0x0b,0x0b,0xff,0x0b,0x0b,0x0b,0xff,0x0b,0x0b,0x0b,0xff,0x0b,0x0b,0x0b,0xff,
    0x0b,0x0b,0x0b,0xff,0x0b,0x0b,0x0b,0xff,0x0b,0x0b,0x0b,0xff,0x0b,0x0b,0x0b,0xff,
    0x0b,0x0b,0x0b,0xff,0x0b,0x0b,0x0b,0xff,0x0b,0x0b,0x0b,0xff,0x0b,0x0b,0x0b,0xff,
    0x0b,0x0b,0x0b,0xff,0x0b,0x0b,0x0b,0xff,0x0b,0x0b,0x0b,0xff,0x0b,0x0b,0x0b,0xff,
    0x0b,0x0b,0x0b,0xff,0x0b,0x0b,0x0b,0xff,0x0b,0x0b,0x0b,0xff,0x0b,0x0b,0x0b,0xff,
    0x0b,0x0b,0x0b,0xff,0x0b,0x0b,0x0b,0xff,0x0b,0x0b,0x0b,0xff,0x0b,0x0b,0x0b,0xff,
    0x0b,0x0b,0x0b,0xff,0x0b,0x0b,0x0b,0xff,0x09,0x09,0x09,0xff,0x1f,0x1f,0x1f,0xff,
    0x00,0x00,0x00,0x00,0x00,0x00,0x00,0x00,0x00,0x00,0x00,0x00,0x00,0x00,0x00,0x00,
    0x00,0x00,0x00,0x00,0x00,0x00,0x00,0x00,0x00,0x00,0x00,0x00,0x00,0x00,0x00,0x00,
    0x27,0x27,0x27,0xff,0x28,0x28,0x28,0xff,0x24,0x24,0x24,0xff,0x0f,0x0f,0x0f,0xff,
    0x0f,0x0f,0x0f,0xff,0x0f,0x0f,0x0f,0xff,0x0f,0x0f,0x0f,0xff,0x0f,0x0f,0x0f,0xff,
    0x0f,0x0f,0x0f,0xff,0x0f,0x0f,0x0f,0xff,0x0f,0x0f,0x0f,0xff,0x0f,0x0f,0x0f,0xff,
    0x0f,0x0f,0x0f,0xff,0x0f,0x0f,0x0f,0xff,0x0f,0x0f,0x0f,0xff,0x0f,0x0f,0x0f,0xff,
    0x0f,0x0f,0x0f,0xff,0x0f,0x0f,0x0f,0xff,0x0f,0x0f,0x0f,0xff,0x0f,0x0f,0x0f,0xff,
    0x0f,0x0f,0x0f,0xff,0x0f,0x0f,0x0f,0xff,0x0f,0x0f,0x0f,0xff,0x0f,0x0f,0x0f,0xff,
    0x0f,0x0f,0x0f,0xff,0x0f,0x0f,0x0f,0xff,0x0f,0x0f,0x0f,0xff,0x0f,0x0f,0x0f,0xff,
    0x0f,0x0f,0x0f,0xff,0x0f,0x0f,0x0f,0xff,0x0f,0x0f,0x0f,0xff,0x0f,0x0f,0x0f,0xff,
    0x0f,0x0f,0x0f,0xff,0x0f,0x0f,0x0f,0xff,0x0f,0x0f,0x0f,0xff,0x0f,0x0f,0x0f,0xff,
    0x0f,0x0f,0x0f,0xff,0x0f,0x0f,0x0f,0xff,0x0f,0x0f,0x0f,0xff,0x0f,0x0f,0x0f,0xff,
    0x0f,0x0f,0x0f,0xff,0x0f,0x0f,0x0f,0xff,0x0f,0x0f,0x0f,0xff,0x0f,0x0f,0x0f,0xff,
    0x0f,0x0f,0x0f,0xff,0x0f,0x0f,0x0f,0xff,0x0f,0x0f,0x0f,0xff,0x0f,0x0f,0x0f,0xff,
    0x0f,0x0f,0x0f,0xff,0x0f,0x0f,0x0f,0xff,0x0f,0x0f,0x0f,0xff,0x0f,0x0f,0x0f,0xff,
    0x0f,0x0f,0x0f,0xff,0x0f,0x0f,0x0f,0xff,0x0f,0x0f,0x0f,0xff,0x0f,0x0f,0x0f,0xff,
    0x0f,0x0f,0x0f,0xff,0x0f,0x0f,0x0f,0xff,0x0f,0x0f,0x0f,0xff,0x0f,0x0f,0x0f,0xff,
    0x0f,0x0f,0x0f,0xff,0x0f,0x0f,0x0f,0xff,0x0f,0x0f,0x0f,0xff,0x0f,0x0f,0x0f,0xff,
    0x0f,0x0f,0x0f,0xff,0x0f,0x0f,0x0f,0xff,0x0f,0x0f,0x0f,0xff,0x0f,0x0f,0x0f,0xff,
    0x0f,0x0f,0x0f,0xff,0x0f,0x0f,0x0f,0xff,0x0f,0x0f,0x0f,0xff,0x0f,0x0f,0x0f,0xff,
    0x0f,0x0f,0x0f,0xff,0x0f,0x0f,0x0f,0xff,0x0f,0x0f,0x0f,0xff,0x0f,0x0f,0x0f,0xff,
    0x0f,0x0f,0x0f,0xff,0x0f,0x0f,0x0f,0xff,0x0f,0x0f,0x0f,0xff,0x0f,0x0f,0x0f,0xff,
    0x0f,0x0f,0x0f,0xff,0x0f,0x0f,0x0f,0xff,0x0f,0x0f,0x0f,0xff,0x0f,0x0f,0x0f,0xff,
    0x0f,0x0f,0x0f,0xff,0x0f,0x0f,0x0f,0xff,0x0f,0x0f,0x0f,0xff,0x0f,0x0f,0x0f,0xff,
    0x0f,0x0f,0x0f,0xff,0x0f,0x0f,0x0f,0xff,0x0f,0x0f,0x0f,0xff,0x0f,0x0f,0x0f,0xff,
    0x0f,0x0f,0x0f,0xff,0x0f,0x0f,0x0f,0xff,0x0f,0x0f,0x0f,0xff,0x0f,0x0f,0x0f,0xff,
    0x0f,0x0f,0x0f,0xff,0x0f,0x0f,0x0f,0xff,0x0f,0x0f,0x0f,0xff,0x0f,0x0f,0x0f,0xff,
    0x0f,0x0f,0x0f,0xff,0x0f,0x0f,0x0f,0xff,0x0f,0x0f,0x0f,0xff,0x0f,0x0f,0x0f,0xff,
    0x0f,0x0f,0x0f,0xff,0x0f,0x0f,0x0f,0xff,0x0f,0x0f,0x0f,0xff,0x0f,0x0f,0x0f,0xff,
    0x0f,0x0f,0x0f,0xff,0x0f,0x0f,0x0f,0xff,0x0f,0x0f,0x0f,0xff,0x0f,0x0f,0x0f,0xff,
    0x0f,0x0f,0x0f,0xff,0x0f,0x0f,0x0f,0xff,0x0f,0x0f,0x0f,0xff,0x0f,0x0f,0x0f,0xff,
    0x0f,0x0f,0x0f,0xff,0x0f,0x0f,0x0f,0xff,0x0f,0x0f,0x0f,0xff,0x0f,0x0f,0x0f,0xff,
    0x0f,0x0f,0x0f,0xff,0x0f,0x0f,0x0f,0xff,0x0f,0x0f,0x0f,0xff,0x0f,0x0f,0x0f,0xff,
    0x0f,0x0f,0x0f,0xff,0x0f,0x0f,0x0f,0xff,0x0f,0x0f,0x0f,0xff,0x0f,0x0f,0x0f,0xff,
    0x0f,0x0f,0x0f,0xff,0x0f,0x0f,0x0f,0xff,0x0f,0x0f,0x0f,0xff,0x0f,0x0f,0x0f,0xff,
    0x0f,0x0f,0x0f,0xff,0x0f,0x0f,0x0f,0xff,0x0f,0x0f,0x0f,0xff,0x0f,0x0f,0x0f,0xff,
    0x0f,0x0f,0x0f,0xff,0x0f,0x0f,0x0f,0xff,0x0f,0x0f,0x0f,0xff,0x0f,0x0f,0x0f,0xff,
    0x0f,0x0f,0x0f,0xff,0x0f,0x0f,0x0f,0xff,0x0f,0x0f,0x0f,0xff,0x0f,0x0f,0x0f,0xff,
    0x0f,0x0f,0x0f,0xff,0x0f,0x0f,0x0f,0xff,0x0f,0x0f,0x0f,0xff,0x0f,0x0f,0x0f,0xff,
    0x0f,0x0f,0x0f,0xff,0x0f,0x0f,0x0f,0xff,0x0e,0x0e,0x0e,0xff,0x20,0x20,0x20,0xff,
    0x00,0x00,0x00,0x00,0x00,0x00,0x00,0x00,0x00,0x00,0x00,0x00,0x00,0x00,0x00,0x00,
    0x00,0x00,0x00,0x00,0x00,0x00,0x00,0x00,0x00,0x00,0x00,0x00,0x00,0x00,0x00,0x00,
    0x27,0x27,0x27,0xff,0x28,0x28,0x28,0xff,0x25,0x25,0x25,0xff,0x18,0x18,0x18,0xff,
    0x18,0x18,0x18,0xff,0x18,0x18,0x18,0xff,0x18,0x18,0x18,0xff,0x18,0x18,0x18,0xff,
    0x18,0x18,0x18,0xff,0x18,0x18,0x18,0xff,0x18,0x18,0x18,0xff,0x18,0x18,0x18,0xff,
    0x18,0x18,0x18,0xff,0x18,0x18,0x18,0xff,0x18,0x18,0x18,0xff,0x18,0x18,0x18,0xff,
    0x18,0x18,0x18,0xff,0x18,0x18,0x18,0xff,0x18,0x18,0x18,0xff,0x18,0x18,0x18,0xff,
    0x18,0x18,0x18,0xff,0x18,0x18,0x18,0xff,0x18,0x18,0x18,0xff,0x18,0x18,0x18,0xff,
    0x18,0x18,0x18,0xff,0x18,0x18,0x18,0xff,0x18,0x18,0x18,0xff,0x18,0x18,0x18,0xff,
    0x18,0x18,0x18,0xff,0x18,0x18,0x18,0xff,0x18,0x18,0x18,0xff,0x18,0x18,0x18,0xff,
    0x18,0x18,0x18,0xff,0x18,0x18,0x18,0xff,0x18,0x18,0x18,0xff,0x18,0x18,0x18,0xff,
    0x18,0x18,0x18,0xff,0x18,0x18,0x18,0xff,0x18,0x18,0x18,0xff,0x18,0x18,0x18,0xff,
    0x18,0x18,0x18,0xff,0x18,0x18,0x18,0xff,0x18,0x18,0x18,0xff,0x18,0x18,0x18,0xff,
    0x18,0x18,0x18,0xff,0x18,0x18,0x18,0xff,0x18,0x18,0x18,0xff,0x18,0x18,0x18,0xff,
    0x18,0x18,0x18,0xff,0x18,0x18,0x18,0xff,0x18,0x18,0x18,0xff,0x18,0x18,0x18,0xff,
    0x18,0x18,0x18,0xff,0x18,0x18,0x18,0xff,0x18,0x18,0x18,0xff,0x18,0x18,0x18,0xff,
    0x18,0x18,0x18,0xff,0x18,0x18,0x18,0xff,0x18,0x18,0x18,0xff,0x18,0x18,0x18,0xff,
    0x18,0x18,0x18,0xff,0x18,0x18,0x18,0xff,0x18,0x18,0x18,0xff,0x18,0x18,0x18,0xff,
    0x18,0x18,0x18,0xff,0x18,0x18,0x18,0xff,0x18,0x18,0x18,0xff,0x18,0x18,0x18,0xff,
    0x18,0x18,0x18,0xff,0x18,0x18,0x18,0xff,0x18,0x18,0x18,0xff,0x18,0x18,0x18,0xff,
    0x18,0x18,0x18,0xff,0x18,0x18,0x18,0xff,0x18,0x18,0x18,0xff,0x18,0x18,0x18,0xff,
    0x18,0x18,0x18,0xff,0x18,0x18,0x18,0xff,0x18,0x18,0x18,0xff,0x18,0x18,0x18,0xff,
    0x18,0x18,0x18,0xff,0x18,0x18,0x18,0xff,0x18,0x18,0x18,0xff,0x18,0x18,0x18,0xff,
    0x18,0x18,0x18,0xff,0x18,0x18,0x18,0xff,0x18,0x18,0x18,0xff,0x18,0x18,0x18,0xff,
    0x18,0x18,0x18,0xff,0x18,0x18,0x18,0xff,0x18,0x18,0x18,0xff,0x18,0x18,0x18,0xff,
    0x18,0x18,0x18,0xff,0x18,0x18,0x18,0xff,0x18,0x18,0x18,0xff,0x18,0x18,0x18,0xff,
    0x18,0x18,0x18,0xff,0x18,0x18,0x18,0xff,0x18,0x18,0x18,0xff,0x18,0x18,0x18,0xff,
    0x18,0x18,0x18,0xff,0x18,0x18,0x18,0xff,0x18,0x18,0x18,0xff,0x18,0x18,0x18,0xff,
    0x18,0x18,0x18,0xff,0x18,0x18,0x18,0xff,0x18,0x18,0x18,0xff,0x18,0x18,0x18,0xff,
    0x18,0x18,0x18,0xff,0x18,0x18,0x18,0xff,0x18,0x18,0x18,0xff,0x18,0x18,0x18,0xff,
    0x18,0x18,0x18,0xff,0x18,0x18,0x18,0xff,0x18,0x18,0x18,0xff,0x18,0x18,0x18,0xff,
    0x18,0x18,0x18,0xff,0x18,0x18,0x18,0xff,0x18,0x18,0x18,0xff,0x18,0x18,0x18,0xff,
    0x18,0x18,0x18,0xff,0x18,0x18,0x18,0xff,0x18,0x18,0x18,0xff,0x18,0x18,0x18,0xff,
    0x18,0x18,0x18,0xff,0x18,0x18,0x18,0xff,0x18,0x18,0x18,0xff,0x18,0x18,0x18,0xff,
    0x18,0x18,0x18,0xff,0x18,0x18,0x18,0xff,0x18,0x18,0x18,0xff,0x18,0x18,0x18,0xff,
    0x18,0x18,0x18,0xff,0x18,0x18,0x18,0xff,0x18,0x18,0x18,0xff,0x18,0x18,0x18,0xff,
    0x18,0x18,0x18,0xff,0x18,0x18,0x18,0xff,0x18,0x18,0x18,0xff,0x18,0x18,0x18,0xff,
    0x18,0x18,0x18,0xff,0x18,0x18,0x18,0xff,0x18,0x18,0x18,0xff,0x18,0x18,0x18,0xff,
    0x18,0x18,0x18,0xff,0x18,0x18,0x18,0xff,0x18,0x18,0x18,0xff,0x18,0x18,0x18,0xff,
    0x18,0x18,0x18,0xff,0x18,0x18,0x18,0xff,0x17,0x17,0x17,0xff,0x22,0x22,0x22,0xff,
    0x00,0x00,0x00,0x00,0x00,0x00,0x00,0x00,0x00,0x00,0x00,0x00,0x00,0x00,0x00,0x00,
    0x00,0x00,0x00,0x00,0x00,0x00,0x00,0x00,0x00,0x00,0x00,0x00,0x00,0x00,0x00,0x00,
    0x27,0x27,0x27,0xff,0x28,0x28,0x28,0xff,0x25,0x25,0x25,0xff,0x17,0x17,0x17,0xff,
    0x17,0x17,0x17,0xff,0x17,0x17,0x17,0xff,0x17,0x17,0x17,0xff,0x17,0x17,0x17,0xff,
    0x17,0x17,0x17,0xff,0x17,0x17,0x17,0xff,0x17,0x17,0x17,0xff,0x17,0x17,0x17,0xff,
    0x17,0x17,0x17,0xff,0x17,0x17,0x17,0xff,0x17,0x17,0x17,0xff,0x17,0x17,0x17,0xff,
    0x17,0x17,0x17,0xff,0x17,0x17,0x17,0xff,0x17,0x17,0x17,0xff,0x17,0x17,0x17,0xff,
    0x17,0x17,0x17,0xff,0x17,0x17,0x17,0xff,0x17,0x17,0x17,0xff,0x17,0x17,0x17,0xff,
    0x17,0x17,0x17,0xff,0x17,0x17,0x17,0xff,0x17,0x17,0x17,0xff,0x17,0x17,0x17,0xff,
    0x17,0x17,0x17,0xff,0x17,0x17,0x17,0xff,0x17,0x17,0x17,0xff,0x17,0x17,0x17,0xff,
    0x17,0x17,0x17,0xff,0x17,0x17,0x17,0xff,0x17,0x17,0x17,0xff,0x17,0x17,0x17,0xff,
    0x17,0x17,0x17,0xff,0x17,0x17,0x17,0xff,0x17,0x17,0x17,0xff,0x17,0x17,0x17,0xff,
    0x17,0x17,0x17,0xff,0x17,0x17,0x17,0xff,0x17,0x17,0x17,0xff,0x17,0x17,0x17,0xff,
    0x17,0x17,0x17,0xff,0x17,0x17,0x17,0xff,0x17,0x17,0x17,0xff,0x17,0x17,0x17,0xff,
    0x17,0x17,0x17,0xff,0x17,0x17,0x17,0xff,0x17,0x17,0x17,0xff,0x17,0x17,0x17,0xff,
    0x17,0x17,0x17,0xff,0x17,0x17,0x17,0xff,0x17,0x17,0x17,0xff,0x17,0x17,0x17,0xff,
    0x17,0x17,0x17,0xff,0x17,0x17,0x17,0xff,0x17,0x17,0x17,0xff,0x17,0x17,0x17,0xff,
    0x17,0x17,0x17,0xff,0x17,0x17,0x17,0xff,0x17,0x17,0x17,0xff,0x17,0x17,0x17,0xff,
    0x17,0x17,0x17,0xff,0x17,0x17,0x17,0xff,0x17,0x17,0x17,0xff,0x17,0x17,0x17,0xff,
    0x17,0x17,0x17,0xff,0x17,0x17,0x17,0xff,0x17,0x17,0x17,0xff,0x17,0x17,0x17,0xff,
    0x17,0x17,0x17,0xff,0x17,0x17,0x17,0xff,0x17,0x17,0x17,0xff,0x17,0x17,0x17,0xff,
    0x17,0x17,0x17,0xff,0x17,0x17,0x17,0xff,0x17,0x17,0x17,0xff,0x17,0x17,0x17,0xff,
    0x17,0x17,0x17,0xff,0x17,0x17,0x17,0xff,0x17,0x17,0x17,0xff,0x17,0x17,0x17,0xff,
    0x17,0x17,0x17,0xff,0x17,0x17,0x17,0xff,0x17,0x17,0x17,0xff,0x17,0x17,0x17,0xff,
    0x17,0x17,0x17,0xff,0x17,0x17,0x17,0xff,0x17,0x17,0x17,0xff,0x17,0x17,0x17,0xff,
    0x17,0x17,0x17,0xff,0x17,0x17,0x17,0xff,0x17,0x17,0x17,0xff,0x17,0x17,0x17,0xff,
    0x17,0x17,0x17,0xff,0x17,0x17,0x17,0xff,0x17,0x17,0x17,0xff,0x17,0x17,0x17,0xff,
    0x17,0x17,0x17,0xff,0x17,0x17,0x17,0xff,0x17,0x17,0x17,0xff,0x17,0x17,0x17,0xff,
    0x17,0x17,0x17,0xff,0x17,0x17,0x17,0xff,0x17,0x17,0x17,0xff,0x17,0x17,0x17,0xff,
    0x17,0x17,0x17,0xff,0x17,0x17,0x17,0xff,0x17,0x17,0x17,0xff,0x17,0x17,0x17,0xff,
    0x17,0x17,0x17,0xff,0x17,0x17,0x17,0xff,0x17,0x17,0x17,0xff,0x17,0x17,0x17,0xff,
    0x17,0x17,0x17,0xff,0x17,0x17,0x17,0xff,0x17,0x17,0x17,0xff,0x17,0x17,0x17,0xff,
    0x17,0x17,0x17,0xff,0x17,0x17,0x17,0xff,0x17,0x17,0x17,0xff,0x17,0x17,0x17,0xff,
    0x17,0x17,0x17,0xff,0x17,0x17,0x17,0xff,0x17,0x17,0x17,0xff,0x17,0x17,0x17,0xff,
    0x17,0x17,0x17,0xff,0x17,0x17,0x17,0xff,0x17,0x17,0x17,0xff,0x17,0x17,0x17,0xff,
    0x17,0x17,0x17,0xff,0x17,0x17,0x17,0xff,0x17,0x17,0x17,0xff,0x17,0x17,0x17,0xff,
    0x17,0x17,0x17,0xff,0x17,0x17,0x17,0xff,0x17,0x17,0x17,0xff,0x17,0x17,0x17,0xff,
    0x17,0x17,0x17,0xff,0x17,0x17,0x17,0xff,0x17,0x17,0x17,0xff,0x17,0x17,0x17,0xff,
    0x17,0x17,0x17,0xff,0x17,0x17,0x17,0xff,0x17,0x17,0x17,0xff,0x17,0x17,0x17,0xff,
    0x17,0x17,0x17,0xff,0x17,0x17,0x17,0xff,0x16,0x16,0x16,0xff,0x22,0x22,0x22,0xff,
    0x00,0x00,0x00,0x00,0x00,0x00,0x00,0x00,0x00,0x00,0x00,0x00,0x00,0x00,0x00,0x00,
    0x00,0x00,0x00,0x00,0x00,0x00,0x00,0x00,0x00,0x00,0x00,0x00,0x00,0x00,0x00,0x00,
    0x27,0x27,0x27,0xff,0x28,0x28,0x28,0xff,0x25,0x25,0x25,0xff,0x17,0x17,0x17,0xff,
    0x17,0x17,0x17,0xff,0x17,0x17,0x17,0xff,0x17,0x17,0x17,0xff,0x17,0x17,0x17,0xff,
    0x17,0x17,0x17,0xff,0x17,0x17,0x17,0xff,0x17,0x17,0x17,0xff,0x17,0x17,0x17,0xff,
    0x17,0x17,0x17,0xff,0x17,0x17,0x17,0xff,0x17,0x17,0x17,0xff,0x17,0x17,0x17,0xff,
    0x17,0x17,0x17,0xff,0x17,0x17,0x17,0xff,0x17,0x17,0x17,0xff,0x17,0x17,0x17,0xff,
    0x17,0x17,0x17,0xff,0x17,0x17,0x17,0xff,0x17,0x17,0x17,0xff,0x17,0x17,0x17,0xff,
    0x17,0x17,0x17,0xff,0x17,0x17,0x17,0xff,0x17,0x17,0x17,0xff,0x17,0x17,0x17,0xff,
    0x17,0x17,0x17,0xff,0x17,0x17,0x17,0xff,0x17,0x17,0x17,0xff,0x17,0x17,0x17,0xff,
    0x17,0x17,0x17,0xff,0x17,0x17,0x17,0xff,0x17,0x17,0x17,0xff,0x17,0x17,0x17,0xff,
    0x17,0x17,0x17,0xff,0x17,0x17,0x17,0xff,0x17,0x17,0x17,0xff,0x17,0x17,0x17,0xff,
    0x17,0x17,0x17,0xff,0x17,0x17,0x17,0xff,0x17,0x17,0x17,0xff,0x17,0x17,0x17,0xff,
    0x17,0x17,0x17,0xff,0x17,0x17,0x17,0xff,0x17,0x17,0x17,0xff,0x17,0x17,0x17,0xff,
    0x17,0x17,0x17,0xff,0x17,0x17,0x17,0xff,0x17,0x17,0x17,0xff,0x17,0x17,0x17,0xff,
    0x17,0x17,0x17,0xff,0x17,0x17,0x17,0xff,0x17,0x17,0x17,0xff,0x17,0x17,0x17,0xff,
    0x17,0x17,0x17,0xff,0x17,0x17,0x17,0xff,0x17,0x17,0x17,0xff,0x17,0x17,0x17,0xff,
    0x17,0x17,0x17,0xff,0x17,0x17,0x17,0xff,0x17,0x17,0x17,0xff,0x17,0x17,0x17,0xff,
    0x17,0x17,0x17,0xff,0x17,0x17,0x17,0xff,0x17,0x17,0x17,0xff,0x17,0x17,0x17,0xff,
    0x17,0x17,0x17,0xff,0x17,0x17,0x17,0xff,0x17,0x17,0x17,0xff,0x17,0x17,0x17,0xff,
    0x17,0x17,0x17,0xff,0x17,0x17,0x17,0xff,0x17,0x17,0x17,0xff,0x17,0x17,0x17,0xff,
    0x17,0x17,0x17,0xff,0x17,0x17,0x17,0xff,0x17,0x17,0x17,0xff,0x17,0x17,0x17,0xff,
    0x17,0x17,0x17,0xff,0x17,0x17,0x17,0xff,0x17,0x17,0x17,0xff,0x17,0x17,0x17,0xff,
    0x17,0x17,0x17,0xff,0x17,0x17,0x17,0xff,0x17,0x17,0x17,0xff,0x17,0x17,0x17,0xff,
    0x17,0x17,0x17,0xff,0x17,0x17,0x17,0xff,0x17,0x17,0x17,0xff,0x17,0x17,0x17,0xff,
    0x17,0x17,0x17,0xff,0x17,0x17,0x17,0xff,0x17,0x17,0x17,0xff,0x17,0x17,0x17,0xff,
    0x17,0x17,0x17,0xff,0x17,0x17,0x17,0xff,0x17,0x17,0x17,0xff,0x17,0x17,0x17,0xff,
    0x17,0x17,0x17,0xff,0x17,0x17,0x17,0xff,0x17,0x17,0x17,0xff,0x17,0x17,0x17,0xff,
    0x17,0x17,0x17,0xff,0x17,0x17,0x17,0xff,0x17,0x17,0x17,0xff,0x17,0x17,0x17,0xff,
    0x17,0x17,0x17,0xff,0x17,0x17,0x17,0xff,0x17,0x17,0x17,0xff,0x17,0x17,0x17,0xff,
    0x17,0x17,0x17,0xff,0x17,0x17,0x17,0xff,0x17,0x17,0x17,0xff,0x17,0x17,0x17,0xff,
    0x17,0x17,0x17,0xff,0x17,0x17,0x17,0xff,0x17,0x17,0x17,0xff,0x17,0x17,0x17,0xff,
    0x17,0x17,0x17,0xff,0x17,0x17,0x17,0xff,0x17,0x17,0x17,0xff,0x17,0x17,0x17,0xff,
    0x17,0x17,0x17,0xff,0x17,0x17,0x17,0xff,0x17,0x17,0x17,0xff,0x17,0x17,0x17,0xff,
    0x17,0x17,0x17,0xff,0x17,0x17,0x17,0xff,0x17,0x17,0x17,0xff,0x17,0x17,0x17,0xff,
    0x17,0x17,0x17,0xff,0x17,0x17,0x17,0xff,0x17,0x17,0x17,0xff,0x17,0x17,0x17,0xff,
    0x17,0x17,0x17,0xff,0x17,0x17,0x17,0xff,0x17,0x17,0x17,0xff,0x17,0x17,0x17,0xff,
    0x17,0x17,0x17,0xff,0x17,0x17,0x17,0xff,0x17,0x17,0x17,0xff,0x17,0x17,0x17,0xff,
    0x17,0x17,0x17,0xff,0x17,0x17,0x17,0xff,0x17,0x17,0x17,0xff,0x17,0x17,0x17,0xff,
    0x17,0x17,0x17,0xff,0x17,0x17,0x17,0xff,0x16,0x16,0x16,0xff,0x22,0x22,0x22,0xff,
    0x00,0x00,0x00,0x00,0x00,0x00,0x00,0x00,0x00,0x00,0x00,0x00,0x00,0x00,0x00,0x00,
    0x00,0x00,0x00,0x00,0x00,0x00,0x00,0x00,0x00,0x00,0x00,0x00,0x00,0x00,0x00,0x00,
    0x27,0x27,0x27,0xff,0x28,0x28,0x28,0xff,0x25,0x25,0x25,0xff,0x17,0x17,0x17,0xff,
    0x17,0x17,0x17,0xff,0x17,0x17,0x17,0xff,0x17,0x17,0x17,0xff,0x17,0x17,0x17,0xff,
    0x17,0x17,0x17,0xff,0x17,0x17,0x17,0xff,0x17,0x17,0x17,0xff,0x17,0x17,0x17,0xff,
    0x17,0x17,0x17,0xff,0x17,0x17,0x17,0xff,0x17,0x17,0x17,0xff,0x17,0x17,0x17,0xff,
    0x17,0x17,0x17,0xff,0x17,0x17,0x17,0xff,0x17,0x17,0x17,0xff,0x17,0x17,0x17,0xff,
    0x17,0x17,0x17,0xff,0x17,0x17,0x17,0xff,0x17,0x17,0x17,0xff,0x17,0x17,0x17,0xff,
    0x17,0x17,0x17,0xff,0x17,0x17,0x17,0xff,0x17,0x17,0x17,0xff,0x17,0x17,0x17,0xff,
    0x17,0x17,0x17,0xff,0x17,0x17,0x17,0xff,0x17,0x17,0x17,0xff,0x17,0x17,0x17,0xff,
    0x17,0x17,0x17,0xff,0x17,0x17,0x17,0xff,0x17,0x17,0x17,0xff,0x17,0x17,0x17,0xff,
    0x17,0x17,0x17,0xff,0x17,0x17,0x17,0xff,0x17,0x17,0x17,0xff,0x17,0x17,0x17,0xff,
    0x17,0x17,0x17,0xff,0x17,0x17,0x17,0xff,0x17,0x17,0x17,0xff,0x17,0x17,0x17,0xff,
    0x17,0x17,0x17,0xff,0x17,0x17,0x17,0xff,0x17,0x17,0x17,0xff,0x17,0x17,0x17,0xff,
    0x17,0x17,0x17,0xff,0x17,0x17,0x17,0xff,0x17,0x17,0x17,0xff,0x17,0x17,0x17,0xff,
    0x17,0x17,0x17,0xff,0x17,0x17,0x17,0xff,0x17,0x17,0x17,0xff,0x17,0x17,0x17,0xff,
    0x17,0x17,0x17,0xff,0x17,0x17,0x17,0xff,0x17,0x17,0x17,0xff,0x17,0x17,0x17,0xff,
    0x17,0x17,0x17,0xff,0x17,0x17,0x17,0xff,0x17,0x17,0x17,0xff,0x17,0x17,0x17,0xff,
    0x17,0x17,0x17,0xff,0x17,0x17,0x17,0xff,0x17,0x17,0x17,0xff,0x17,0x17,0x17,0xff,
    0x17,0x17,0x17,0xff,0x17,0x17,0x17,0xff,0x17,0x17,0x17,0xff,0x17,0x17,0x17,0xff,
    0x17,0x17,0x17,0xff,0x17,0x17,0x17,0xff,0x17,0x17,0x17,0xff,0x17,0x17,0x17,0xff,
    0x17,0x17,0x17,0xff,0x17,0x17,0x17,0xff,0x17,0x17,0x17,0xff,0x17,0x17,0x17,0xff,
    0x17,0x17,0x17,0xff,0x17,0x17,0x17,0xff,0x17,0x17,0x17,0xff,0x17,0x17,0x17,0xff,
    0x17,0x17,0x17,0xff,0x17,0x17,0x17,0xff,0x17,0x17,0x17,0xff,0x17,0x17,0x17,0xff,
    0x17,0x17,0x17,0xff,0x17,0x17,0x17,0xff,0x17,0x17,0x17,0xff,0x17,0x17,0x17,0xff,
    0x17,0x17,0x17,0xff,0x17,0x17,0x17,0xff,0x17,0x17,0x17,0xff,0x17,0x17,0x17,0xff,
    0x17,0x17,0x17,0xff,0x17,0x17,0x17,0xff,0x17,0x17,0x17,0xff,0x17,0x17,0x17,0xff,
    0x17,0x17,0x17,0xff,0x17,0x17,0x17,0xff,0x17,0x17,0x17,0xff,0x17,0x17,0x17,0xff,
    0x17,0x17,0x17,0xff,0x17,0x17,0x17,0xff,0x17,0x17,0x17,0xff,0x17,0x17,0x17,0xff,
    0x17,0x17,0x17,0xff,0x17,0x17,0x17,0xff,0x17,0x17,0x17,0xff,0x17,0x17,0x17,0xff,
    0x17,0x17,0x17,0xff,0x17,0x17,0x17,0xff,0x17,0x17,0x17,0xff,0x17,0x17,0x17,0xff,
    0x17,0x17,0x17,0xff,0x17,0x17,0x17,0xff,0x17,0x17,0x17,0xff,0x17,0x17,0x17,0xff,
    0x17,0x17,0x17,0xff,0x17,0x17,0x17,0xff,0x17,0x17,0x17,0xff,0x17,0x17,0x17,0xff,
    0x17,0x17,0x17,0xff,0x17,0x17,0x17,0xff,0x17,0x17,0x17,0xff,0x17,0x17,0x17,0xff,
    0x17,0x17,0x17,0xff,0x17,0x17,0x17,0xff,0x17,0x17,0x17,0xff,0x17,0x17,0x17,0xff,
    0x17,0x17,0x17,0xff,0x17,0x17,0x17,0xff,0x17,0x17,0x17,0xff,0x17,0x17,0x17,0xff,
    0x17,0x17,0x17,0xff,0x17,0x17,0x17,0xff,0x17,0x17,0x17,0xff,0x17,0x17,0x17,0xff,
    0x17,0x17,0x17,0xff,0x17,0x17,0x17,0xff,0x17,0x17,0x17,0xff,0x17,0x17,0x17,0xff,
    0x17,0x17,0x17,0xff,0x17,0x17,0x17,0xff,0x17,0x17,0x17,0xff,0x17,0x17,0x17,0xff,
    0x17,0x17,0x17,0xff,0x17,0x17,0x17,0xff,0x16,0x16,0x16,0xff,0x22,0x22,0x22,0xff,
    0x00,0x00,0x00,0x00,0x00,0x00,0x00,0x00,0x00,0x00,0x00,0x00,0x00,0x00,0x00,0x00,
    0x00,0x00,0x00,0x00,0x00,0x00,0x00,0x00,0x00,0x00,0x00,0x00,0x00,0x00,0x00,0x00,
    0x27,0x27,0x27,0xff,0x28,0x28,0x28,0xff,0x25,0x25,0x25,0xff,0x17,0x17,0x17,0xff,
    0x17,0x17,0x17,0xff,0x17,0x17,0x17,0xff,0x17,0x17,0x17,0xff,0x17,0x17,0x17,0xff,
    0x17,0x17,0x17,0xff,0x17,0x17,0x17,0xff,0x17,0x17,0x17,0xff,0x17,0x17,0x17,0xff,
    0x17,0x17,0x17,0xff,0x17,0x17,0x17,0xff,0x17,0x17,0x17,0xff,0x17,0x17,0x17,0xff,
    0x17,0x17,0x17,0xff,0x17,0x17,0x17,0xff,0x17,0x17,0x17,0xff,0x17,0x17,0x17,0xff,
    0x17,0x17,0x17,0xff,0x17,0x17,0x17,0xff,0x17,0x17,0x17,0xff,0x17,0x17,0x17,0xff,
    0x17,0x17,0x17,0xff,0x17,0x17,0x17,0xff,0x17,0x17,0x17,0xff,0x17,0x17,0x17,0xff,
    0x17,0x17,0x17,0xff,0x17,0x17,0x17,0xff,0x17,0x17,0x17,0xff,0x17,0x17,0x17,0xff,
    0x17,0x17,0x17,0xff,0x17,0x17,0x17,0xff,0x17,0x17,0x17,0xff,0x17,0x17,0x17,0xff,
    0x17,0x17,0x17,0xff,0x17,0x17,0x17,0xff,0x17,0x17,0x17,0xff,0x17,0x17,0x17,0xff,
    0x17,0x17,0x17,0xff,0x17,0x17,0x17,0xff,0x17,0x17,0x17,0xff,0x17,0x17,0x17,0xff,
    0x17,0x17,0x17,0xff,0x17,0x17,0x17,0xff,0x17,0x17,0x17,0xff,0x17,0x17,0x17,0xff,
    0x17,0x17,0x17,0xff,0x17,0x17,0x17,0xff,0x17,0x17,0x17,0xff,0x17,0x17,0x17,0xff,
    0x17,0x17,0x17,0xff,0x17,0x17,0x17,0xff,0x17,0x17,0x17,0xff,0x17,0x17,0x17,0xff,
    0x17,0x17,0x17,0xff,0x17,0x17,0x17,0xff,0x17,0x17,0x17,0xff,0x17,0x17,0x17,0xff,
    0x17,0x17,0x17,0xff,0x17,0x17,0x17,0xff,0x17,0x17,0x17,0xff,0x17,0x17,0x17,0xff,
    0x17,0x17,0x17,0xff,0x17,0x17,0x17,0xff,0x17,0x17,0x17,0xff,0x17,0x17,0x17,0xff,
    0x17,0x17,0x17,0xff,0x17,0x17,0x17,0xff,0x17,0x17,0x17,0xff,0x17,0x17,0x17,0xff,
    0x17,0x17,0x17,0xff,0x17,0x17,0x17,0xff,0x17,0x17,0x17,0xff,0x17,0x17,0x17,0xff,
    0x17,0x17,0x17,0xff,0x17,0x17,0x17,0xff,0x17,0x17,0x17,0xff,0x17,0x17,0x17,0xff,
    0x17,0x17,0x17,0xff,0x17,0x17,0x17,0xff,0x17,0x17,0x17,0xff,0x17,0x17,0x17,0xff,
    0x17,0x17,0x17,0xff,0x17,0x17,0x17,0xff,0x17,0x17,0x17,0xff,0x17,0x17,0x17,0xff,
    0x17,0x17,0x17,0xff,0x17,0x17,0x17,0xff,0x17,0x17,0x17,0xff,0x17,0x17,0x17,0xff,
    0x17,0x17,0x17,0xff,0x17,0x17,0x17,0xff,0x17,0x17,0x17,0xff,0x17,0x17,0x17,0xff,
    0x17,0x17,0x17,0xff,0x17,0x17,0x17,0xff,0x17,0x17,0x17,0xff,0x17,0x17,0x17,0xff,
    0x17,0x17,0x17,0xff,0x17,0x17,0x17,0xff,0x17,0x17,0x17,0xff,0x17,0x17,0x17,0xff,
    0x17,0x17,0x17,0xff,0x17,0x17,0x17,0xff,0x17,0x17,0x17,0xff,0x17,0x17,0x17,0xff,
    0x17,0x17,0x17,0xff,0x17,0x17,0x17,0xff,0x17,0x17,0x17,0xff,0x17,0x17,0x17,0xff,
    0x17,0x17,0x17,0xff,0x17,0x17,0x17,0xff,0x17,0x17,0x17,0xff,0x17,0x17,0x17,0xff,
    0x17,0x17,0x17,0xff,0x17,0x17,0x17,0xff,0x17,0x17,0x17,0xff,0x17,0x17,0x17,0xff,
    0x17,0x17,0x17,0xff,0x17,0x17,0x17,0xff,0x17,0x17,0x17,0xff,0x17,0x17,0x17,0xff,
    0x17,0x17,0x17,0xff,0x17,0x17,0x17,0xff,0x17,0x17,0x17,0xff,0x17,0x17,0x17,0xff,
    0x17,0x17,0x17,0xff,0x17,0x17,0x17,0xff,0x17,0x17,0x17,0xff,0x17,0x17,0x17,0xff,
    0x17,0x17,0x17,0xff,0x17,0x17,0x17,0xff,0x17,0x17,0x17,0xff,0x17,0x17,0x17,0xff,
    0x17,0x17,0x17,0xff,0x17,0x17,0x17,0xff,0x17,0x17,0x17,0xff,0x17,0x17,0x17,0xff,
    0x17,0x17,0x17,0xff,0x17,0x17,0x17,0xff,0x17,0x17,0x17,0xff,0x17,0x17,0x17,0xff,
    0x17,0x17,0x17,0xff,0x17,0x17,0x17,0xff,0x17,0x17,0x17,0xff,0x17,0x17,0x17,0xff,
    0x17,0x17,0x17,0xff,0x17,0x17,0x17,0xff,0x16,0x16,0x16,0xff,0x22,0x22,0x22,0xff,
    0x00,0x00,0x00,0x00,0x00,0x00,0x00,0x00,0x00,0x00,0x00,0x00,0x00,0x00,0x00,0x00,
    0x00,0x00,0x00,0x00,0x00,0x00,0x00,0x00,0x00,0x00,0x00,0x00,0x00,0x00,0x00,0x00,
    0x27,0x27,0x27,0xff,0x28,0x28,0x28,0xff,0x25,0x25,0x25,0xff,0x17,0x17,0x17,0xff,
    0x17,0x17,0x17,0xff,0x17,0x17,0x17,0xff,0x17,0x17,0x17,0xff,0x17,0x17,0x17,0xff,
    0x17,0x17,0x17,0xff,0x17,0x17,0x17,0xff,0x17,0x17,0x17,0xff,0x17,0x17,0x17,0xff,
    0x17,0x17,0x17,0xff,0x17,0x17,0x17,0xff,0x17,0x17,0x17,0xff,0x17,0x17,0x17,0xff,
    0x17,0x17,0x17,0xff,0x17,0x17,0x17,0xff,0x17,0x17,0x17,0xff,0x17,0x17,0x17,0xff,
    0x17,0x17,0x17,0xff,0x17,0x17,0x17,0xff,0x17,0x17,0x17,0xff,0x17,0x17,0x17,0xff,
    0x17,0x17,0x17,0xff,0x17,0x17,0x17,0xff,0x17,0x17,0x17,0xff,0x17,0x17,0x17,0xff,
    0x17,0x17,0x17,0xff,0x17,0x17,0x17,0xff,0x17,0x17,0x17,0xff,0x17,0x17,0x17,0xff,
    0x17,0x17,0x17,0xff,0x17,0x17,0x17,0xff,0x17,0x17,0x17,0xff,0x17,0x17,0x17,0xff,
    0x17,0x17,0x17,0xff,0x17,0x17,0x17,0xff,0x17,0x17,0x17,0xff,0x17,0x17,0x17,0xff,
    0x17,0x17,0x17,0xff,0x17,0x17,0x17,0xff,0x17,0x17,0x17,0xff,0x17,0x17,0x17,0xff,
    0x17,0x17,0x17,0xff,0x17,0x17,0x17,0xff,0x17,0x17,0x17,0xff,0x17,0x17,0x17,0xff,
    0x17,0x17,0x17,0xff,0x17,0x17,0x17,0xff,0x17,0x17,0x17,0xff,0x17,0x17,0x17,0xff,
    0x17,0x17,0x17,0xff,0x17,0x17,0x17,0xff,0x17,0x17,0x17,0xff,0x17,0x17,0x17,0xff,
    0x17,0x17,0x17,0xff,0x17,0x17,0x17,0xff,0x17,0x17,0x17,0xff,0x17,0x17,0x17,0xff,
    0x17,0x17,0x17,0xff,0x17,0x17,0x17,0xff,0x17,0x17,0x17,0xff,0x17,0x17,0x17,0xff,
    0x17,0x17,0x17,0xff,0x17,0x17,0x17,0xff,0x17,0x17,0x17,0xff,0x17,0x17,0x17,0xff,
    0x17,0x17,0x17,0xff,0x17,0x17,0x17,0xff,0x17,0x17,0x17,0xff,0x17,0x17,0x17,0xff,
    0x17,0x17,0x17,0xff,0x17,0x17,0x17,0xff,0x17,0x17,0x17,0xff,0x17,0x17,0x17,0xff,
    0x17,0x17,0x17,0xff,0x17,0x17,0x17,0xff,0x17,0x17,0x17,0xff,0x17,0x17,0x17,0xff,
    0x17,0x17,0x17,0xff,0x17,0x17,0x17,0xff,0x17,0x17,0x17,0xff,0x17,0x17,0x17,0xff,
    0x17,0x17,0x17,0xff,0x17,0x17,0x17,0xff,0x17,0x17,0x17,0xff,0x17,0x17,0x17,0xff,
    0x17,0x17,0x17,0xff,0x17,0x17,0x17,0xff,0x17,0x17,0x17,0xff,0x17,0x17,0x17,0xff,
    0x17,0x17,0x17,0xff,0x17,0x17,0x17,0xff,0x17,0x17,0x17,0xff,0x17,0x17,0x17,0xff,
    0x17,0x17,0x17,0xff,0x17,0x17,0x17,0xff,0x17,0x17,0x17,0xff,0x17,0x17,0x17,0xff,
    0x17,0x17,0x17,0xff,0x17,0x17,0x17,0xff,0x17,0x17,0x17,0xff,0x17,0x17,0x17,0xff,
    0x17,0x17,0x17,0xff,0x17,0x17,0x17,0xff,0x17,0x17,0x17,0xff,0x17,0x17,0x17,0xff,
    0x17,0x17,0x17,0xff,0x17,0x17,0x17,0xff,0x17,0x17,0x17,0xff,0x17,0x17,0x17,0xff,
    0x17,0x17,0x17,0xff,0x17,0x17,0x17,0xff,0x17,0x17,0x17,0xff,0x17,0x17,0x17,0xff,
    0x17,0x17,0x17,0xff,0x17,0x17,0x17,0xff,0x17,0x17,0x17,0xff,0x17,0x17,0x17,0xff,
    0x17,0x17,0x17,0xff,0x17,0x17,0x17,0xff,0x17,0x17,0x17,0xff,0x17,0x17,0x17,0xff,
    0x17,0x17,0x17,0xff,0x17,0x17,0x17,0xff,0x17,0x17,0x17,0xff,0x17,0x17,0x17,0xff,
    0x17,0x17,0x17,0xff,0x17,0x17,0x17,0xff,0x17,0x17,0x17,0xff,0x17,0x17,0x17,0xff,
    0x17,0x17,0x17,0xff,0x17,0x17,0x17,0xff,0x17,0x17,0x17,0xff,0x17,0x17,0x17,0xff,
    0x17,0x17,0x17,0xff,0x17,0x17,0x17,0xff,0x17,0x17,0x17,0xff,0x17,0x17,0x17,0xff,
    0x17,0x17,0x17,0xff,0x17,0x17,0x17,0xff,0x17,0x17,0x17,0xff,0x17,0x17,0x17,0xff,
    0x17,0x17,0x17,0xff,0x17,0x17,0x17,0xff,0x17,0x17,0x17,0xff,0x17,0x17,0x17,0xff,
    0x17,0x17,0x17,0xff,0x17,0x17,0x17,0xff,0x16,0x16,0x16,0xff,0x22,0x22,0x22,0xff,
    0x00,0x00,0x00,0x00,0x00,0x00,0x00,0x00,0x00,0x00,0x00,0x00,0x00,0x00,0x00,0x00,
    0x00,0x00,0x00,0x00,0x00,0x00,0x00,0x00,0x00,0x00,0x00,0x00,0x00,0x00,0x00,0x00,
    0x27,0x27,0x27,0xff,0x28,0x28,0x28,0xff,0x25,0x25,0x25,0xff,0x17,0x17,0x17,0xff,
    0x17,0x17,0x17,0xff,0x17,0x17,0x17,0xff,0x17,0x17,0x17,0xff,0x17,0x17,0x17,0xff,
    0x17,0x17,0x17,0xff,0x17,0x17,0x17,0xff,0x17,0x17,0x17,0xff,0x17,0x17,0x17,0xff,
    0x17,0x17,0x17,0xff,0x17,0x17,0x17,0xff,0x17,0x17,0x17,0xff,0x17,0x17,0x17,0xff,
    0x17,0x17,0x17,0xff,0x17,0x17,0x17,0xff,0x17,0x17,0x17,0xff,0x17,0x17,0x17,0xff,
    0x17,0x17,0x17,0xff,0x17,0x17,0x17,0xff,0x17,0x17,0x17,0xff,0x17,0x17,0x17,0xff,
    0x17,0x17,0x17,0xff,0x17,0x17,0x17,0xff,0x17,0x17,0x17,0xff,0x17,0x17,0x17,0xff,
    0x17,0x17,0x17,0xff,0x17,0x17,0x17,0xff,0x17,0x17,0x17,0xff,0x17,0x17,0x17,0xff,
    0x17,0x17,0x17,0xff,0x17,0x17,0x17,0xff,0x17,0x17,0x17,0xff,0x17,0x17,0x17,0xff,
    0x17,0x17,0x17,0xff,0x17,0x17,0x17,0xff,0x17,0x17,0x17,0xff,0x17,0x17,0x17,0xff,
    0x17,0x17,0x17,0xff,0x17,0x17,0x17,0xff,0x17,0x17,0x17,0xff,0x17,0x17,0x17,0xff,
    0x17,0x17,0x17,0xff,0x17,0x17,0x17,0xff,0x17,0x17,0x17,0xff,0x17,0x17,0x17,0xff,
    0x17,0x17,0x17,0xff,0x17,0x17,0x17,0xff,0x17,0x17,0x17,0xff,0x17,0x17,0x17,0xff,
    0x17,0x17,0x17,0xff,0x17,0x17,0x17,0xff,0x17,0x17,0x17,0xff,0x17,0x17,0x17,0xff,
    0x17,0x17,0x17,0xff,0x17,0x17,0x17,0xff,0x17,0x17,0x17,0xff,0x17,0x17,0x17,0xff,
    0x17,0x17,0x17,0xff,0x17,0x17,0x17,0xff,0x17,0x17,0x17,0xff,0x17,0x17,0x17,0xff,
    0x17,0x17,0x17,0xff,0x17,0x17,0x17,0xff,0x17,0x17,0x17,0xff,0x17,0x17,0x17,0xff,
    0x17,0x17,0x17,0xff,0x17,0x17,0x17,0xff,0x17,0x17,0x17,0xff,0x17,0x17,0x17,0xff,
    0x17,0x17,0x17,0xff,0x17,0x17,0x17,0xff,0x17,0x17,0x17,0xff,0x17,0x17,0x17,0xff,
    0x17,0x17,0x17,0xff,0x17,0x17,0x17,0xff,0x17,0x17,0x17,0xff,0x17,0x17,0x17,0xff,
    0x17,0x17,0x17,0xff,0x17,0x17,0x17,0xff,0x17,0x17,0x17,0xff,0x17,0x17,0x17,0xff,
    0x17,0x17,0x17,0xff,0x17,0x17,0x17,0xff,0x17,0x17,0x17,0xff,0x17,0x17,0x17,0xff,
    0x17,0x17,0x17,0xff,0x17,0x17,0x17,0xff,0x17,0x17,0x17,0xff,0x17,0x17,0x17,0xff,
    0x17,0x17,0x17,0xff,0x17,0x17,0x17,0xff,0x17,0x17,0x17,0xff,0x17,0x17,0x17,0xff,
    0x17,0x17,0x17,0xff,0x17,0x17,0x17,0xff,0x17,0x17,0x17,0xff,0x17,0x17,0x17,0xff,
    0x17,0x17,0x17,0xff,0x17,0x17,0x17,0xff,0x17,0x17,0x17,0xff,0x17,0x17,0x17,0xff,
    0x17,0x17,0x17,0xff,0x17,0x17,0x17,0xff,0x17,0x17,0x17,0xff,0x17,0x17,0x17,0xff,
    0x17,0x17,0x17,0xff,0x17,0x17,0x17,0xff,0x17,0x17,0x17,0xff,0x17,0x17,0x17,0xff,
    0x17,0x17,0x17,0xff,0x17,0x17,0x17,0xff,0x17,0x17,0x17,0xff,0x17,0x17,0x17,0xff,
    0x17,0x17,0x17,0xff,0x17,0x17,0x17,0xff,0x17,0x17,0x17,0xff,0x17,0x17,0x17,0xff,
    0x17,0x17,0x17,0xff,0x17,0x17,0x17,0xff,0x17,0x17,0x17,0xff,0x17,0x17,0x17,0xff,
    0x17,0x17,0x17,0xff,0x17,0x17,0x17,0xff,0x17,0x17,0x17,0xff,0x17,0x17,0x17,0xff,
    0x17,0x17,0x17,0xff,0x17,0x17,0x17,0xff,0x17,0x17,0x17,0xff,0x17,0x17,0x17,0xff,
    0x17,0x17,0x17,0xff,0x17,0x17,0x17,0xff,0x17,0x17,0x17,0xff,0x17,0x17,0x17,0xff,
    0x17,0x17,0x17,0xff,0x17,0x17,0x17,0xff,0x17,0x17,0x17,0xff,0x17,0x17,0x17,0xff,
    0x17,0x17,0x17,0xff,0x17,0x17,0x17,0xff,0x17,0x17,0x17,0xff,0x17,0x17,0x17,0xff,
    0x17,0x17,0x17,0xff,0x17,0x17,0x17,0xff,0x17,0x17,0x17,0xff,0x17,0x17,0x17,0xff,
    0x17,0x17,0x17,0xff,0x17,0x17,0x17,0xff,0x16,0x16,0x16,0xff,0x22,0x22,0x22,0xff,
    0x00,0x00,0x00,0x00,0x00,0x00,0x00,0x00,0x00,0x00,0x00,0x00,0x00,0x00,0x00,0x00,
    0x00,0x00,0x00,0x00,0x00,0x00,0x00,0x00,0x00,0x00,0x00,0x00,0x00,0x00,0x00,0x00,
    0x27,0x27,0x27,0xff,0x28,0x28,0x28,0xff,0x25,0x25,0x25,0xff,0x17,0x17,0x17,0xff,
    0x17,0x17,0x17,0xff,0x17,0x17,0x17,0xff,0x17,0x17,0x17,0xff,0x17,0x17,0x17,0xff,
    0x17,0x17,0x17,0xff,0x17,0x17,0x17,0xff,0x17,0x17,0x17,0xff,0x17,0x17,0x17,0xff,
    0x17,0x17,0x17,0xff,0x17,0x17,0x17,0xff,0x17,0x17,0x17,0xff,0x17,0x17,0x17,0xff,
    0x17,0x17,0x17,0xff,0x17,0x17,0x17,0xff,0x17,0x17,0x17,0xff,0x17,0x17,0x17,0xff,
    0x17,0x17,0x17,0xff,0x17,0x17,0x17,0xff,0x17,0x17,0x17,0xff,0x17,0x17,0x17,0xff,
    0x17,0x17,0x17,0xff,0x17,0x17,0x17,0xff,0x17,0x17,0x17,0xff,0x17,0x17,0x17,0xff,
    0x17,0x17,0x17,0xff,0x17,0x17,0x17,0xff,0x17,0x17,0x17,0xff,0x17,0x17,0x17,0xff,
    0x17,0x17,0x17,0xff,0x17,0x17,0x17,0xff,0x17,0x17,0x17,0xff,0x17,0x17,0x17,0xff,
    0x17,0x17,0x17,0xff,0x17,0x17,0x17,0xff,0x17,0x17,0x17,0xff,0x17,0x17,0x17,0xff,
    0x17,0x17,0x17,0xff,0x17,0x17,0x17,0xff,0x17,0x17,0x17,0xff,0x17,0x17,0x17,0xff,
    0x17,0x17,0x17,0xff,0x17,0x17,0x17,0xff,0x17,0x17,0x17,0xff,0x17,0x17,0x17,0xff,
    0x17,0x17,0x17,0xff,0x17,0x17,0x17,0xff,0x17,0x17,0x17,0xff,0x17,0x17,0x17,0xff,
    0x17,0x17,0x17,0xff,0x17,0x17,0x17,0xff,0x17,0x17,0x17,0xff,0x17,0x17,0x17,0xff,
    0x17,0x17,0x17,0xff,0x17,0x17,0x17,0xff,0x17,0x17,0x17,0xff,0x17,0x17,0x17,0xff,
    0x17,0x17,0x17,0xff,0x17,0x17,0x17,0xff,0x17,0x17,0x17,0xff,0x17,0x17,0x17,0xff,
    0x17,0x17,0x17,0xff,0x17,0x17,0x17,0xff,0x17,0x17,0x17,0xff,0x17,0x17,0x17,0xff,
    0x17,0x17,0x17,0xff,0x17,0x17,0x17,0xff,0x17,0x17,0x17,0xff,0x17,0x17,0x17,0xff,
    0x17,0x17,0x17,0xff,0x17,0x17,0x17,0xff,0x17,0x17,0x17,0xff,0x17,0x17,0x17,0xff,
    0x17,0x17,0x17,0xff,0x17,0x17,0x17,0xff,0x17,0x17,0x17,0xff,0x17,0x17,0x17,0xff,
    0x17,0x17,0x17,0xff,0x17,0x17,0x17,0xff,0x17,0x17,0x17,0xff,0x17,0x17,0x17,0xff,
    0x17,0x17,0x17,0xff,0x17,0x17,0x17,0xff,0x17,0x17,0x17,0xff,0x17,0x17,0x17,0xff,
    0x17,0x17,0x17,0xff,0x17,0x17,0x17,0xff,0x17,0x17,0x17,0xff,0x17,0x17,0x17,0xff,
    0x17,0x17,0x17,0xff,0x17,0x17,0x17,0xff,0x17,0x17,0x17,0xff,0x17,0x17,0x17,0xff,
    0x17,0x17,0x17,0xff,0x17,0x17,0x17,0xff,0x17,0x17,0x17,0xff,0x17,0x17,0x17,0xff,
    0x17,0x17,0x17,0xff,0x17,0x17,0x17,0xff,0x17,0x17,0x17,0xff,0x17,0x17,0x17,0xff,
    0x17,0x17,0x17,0xff,0x17,0x17,0x17,0xff,0x17,0x17,0x17,0xff,0x17,0x17,0x17,0xff,
    0x17,0x17,0x17,0xff,0x17,0x17,0x17,0xff,0x17,0x17,0x17,0xff,0x17,0x17,0x17,0xff,
    0x17,0x17,0x17,0xff,0x17,0x17,0x17,0xff,0x17,0x17,0x17,0xff,0x17,0x17,0x17,0xff,
    0x17,0x17,0x17,0xff,0x17,0x17,0x17,0xff,0x17,0x17,0x17,0xff,0x17,0x17,0x17,0xff,
    0x17,0x17,0x17,0xff,0x17,0x17,0x17,0xff,0x17,0x17,0x17,0xff,0x17,0x17,0x17,0xff,
    0x17,0x17,0x17,0xff,0x17,0x17,0x17,0xff,0x17,0x17,0x17,0xff,0x17,0x17,0x17,0xff,
    0x17,0x17,0x17,0xff,0x17,0x17,0x17,0xff,0x17,0x17,0x17,0xff,0x17,0x17,0x17,0xff,
    0x17,0x17,0x17,0xff,0x17,0x17,0x17,0xff,0x17,0x17,0x17,0xff,0x17,0x17,0x17,0xff,
    0x17,0x17,0x17,0xff,0x17,0x17,0x17,0xff,0x17,0x17,0x17,0xff,0x17,0x17,0x17,0xff,
    0x17,0x17,0x17,0xff,0x17,0x17,0x17,0xff,0x17,0x17,0x17,0xff,0x17,0x17,0x17,0xff,
    0x17,0x17,0x17,0xff,0x17,0x17,0x17,0xff,0x17,0x17,0x17,0xff,0x17,0x17,0x17,0xff,
    0x17,0x17,0x17,0xff,0x17,0x17,0x17,0xff,0x16,0x16,0x16,0xff,0x22,0x22,0x22,0xff,
    0x00,0x00,0x00,0x00,0x00,0x00,0x00,0x00,0x00,0x00,0x00,0x00,0x00,0x00,0x00,0x00,
    0x00,0x00,0x00,0x00,0x00,0x00,0x00,0x00,0x00,0x00,0x00,0x00,0x00,0x00,0x00,0x00,
    0x27,0x27,0x27,0xff,0x28,0x28,0x28,0xff,0x25,0x25,0x25,0xff,0x17,0x17,0x17,0xff,
    0x17,0x17,0x17,0xff,0x17,0x17,0x17,0xff,0x17,0x17,0x17,0xff,0x17,0x17,0x17,0xff,
    0x17,0x17,0x17,0xff,0x17,0x17,0x17,0xff,0x17,0x17,0x17,0xff,0x17,0x17,0x17,0xff,
    0x17,0x17,0x17,0xff,0x17,0x17,0x17,0xff,0x17,0x17,0x17,0xff,0x17,0x17,0x17,0xff,
    0x17,0x17,0x17,0xff,0x17,0x17,0x17,0xff,0x17,0x17,0x17,0xff,0x17,0x17,0x17,0xff,
    0x17,0x17,0x17,0xff,0x17,0x17,0x17,0xff,0x17,0x17,0x17,0xff,0x17,0x17,0x17,0xff,
    0x17,0x17,0x17,0xff,0x17,0x17,0x17,0xff,0x17,0x17,0x17,0xff,0x17,0x17,0x17,0xff,
    0x17,0x17,0x17,0xff,0x17,0x17,0x17,0xff,0x17,0x17,0x17,0xff,0x17,0x17,0x17,0xff,
    0x17,0x17,0x17,0xff,0x17,0x17,0x17,0xff,0x17,0x17,0x17,0xff,0x17,0x17,0x17,0xff,
    0x17,0x17,0x17,0xff,0x17,0x17,0x17,0xff,0x17,0x17,0x17,0xff,0x17,0x17,0x17,0xff,
    0x17,0x17,0x17,0xff,0x17,0x17,0x17,0xff,0x17,0x17,0x17,0xff,0x17,0x17,0x17,0xff,
    0x17,0x17,0x17,0xff,0x17,0x17,0x17,0xff,0x17,0x17,0x17,0xff,0x17,0x17,0x17,0xff,
    0x17,0x17,0x17,0xff,0x17,0x17,0x17,0xff,0x17,0x17,0x17,0xff,0x17,0x17,0x17,0xff,
    0x17,0x17,0x17,0xff,0x17,0x17,0x17,0xff,0x17,0x17,0x17,0xff,0x17,0x17,0x17,0xff,
    0x17,0x17,0x17,0xff,0x17,0x17,0x17,0xff,0x17,0x17,0x17,0xff,0x17,0x17,0x17,0xff,
    0x17,0x17,0x17,0xff,0x17,0x17,0x17,0xff,0x17,0x17,0x17,0xff,0x17,0x17,0x17,0xff,
    0x17,0x17,0x17,0xff,0x17,0x17,0x17,0xff,0x17,0x17,0x17,0xff,0x17,0x17,0x17,0xff,
    0x17,0x17,0x17,0xff,0x17,0x17,0x17,0xff,0x17,0x17,0x17,0xff,0x17,0x17,0x17,0xff,
    0x17,0x17,0x17,0xff,0x17,0x17,0x17,0xff,0x17,0x17,0x17,0xff,0x17,0x17,0x17,0xff,
    0x17,0x17,0x17,0xff,0x17,0x17,0x17,0xff,0x17,0x17,0x17,0xff,0x17,0x17,0x17,0xff,
    0x17,0x17,0x17,0xff,0x17,0x17,0x17,0xff,0x17,0x17,0x17,0xff,0x17,0x17,0x17,0xff,
    0x17,0x17,0x17,0xff,0x17,0x17,0x17,0xff,0x17,0x17,0x17,0xff,0x17,0x17,0x17,0xff,
    0x17,0x17,0x17,0xff,0x17,0x17,0x17,0xff,0x17,0x17,0x17,0xff,0x17,0x17,0x17,0xff,
    0x17,0x17,0x17,0xff,0x17,0x17,0x17,0xff,0x17,0x17,0x17,0xff,0x17,0x17,0x17,0xff,
    0x17,0x17,0x17,0xff,0x17,0x17,0x17,0xff,0x17,0x17,0x17,0xff,0x17,0x17,0x17,0xff,
    0x17,0x17,0x17,0xff,0x17,0x17,0x17,0xff,0x17,0x17,0x17,0xff,0x17,0x17,0x17,0xff,
    0x17,0x17,0x17,0xff,0x17,0x17,0x17,0xff,0x17,0x17,0x17,0xff,0x17,0x17,0x17,0xff,
    0x17,0x17,0x17,0xff,0x17,0x17,0x17,0xff,0x17,0x17,0x17,0xff,0x17,0x17,0x17,0xff,
    0x17,0x17,0x17,0xff,0x17,0x17,0x17,0xff,0x17,0x17,0x17,0xff,0x17,0x17,0x17,0xff,
    0x17,0x17,0x17,0xff,0x17,0x17,0x17,0xff,0x17,0x17,0x17,0xff,0x17,0x17,0x17,0xff,
    0x17,0x17,0x17,0xff,0x17,0x17,0x17,0xff,0x17,0x17,0x17,0xff,0x17,0x17,0x17,0xff,
    0x17,0x17,0x17,0xff,0x17,0x17,0x17,0xff,0x17,0x17,0x17,0xff,0x17,0x17,0x17,0xff,
    0x17,0x17,0x17,0xff,0x17,0x17,0x17,0xff,0x17,0x17,0x17,0xff,0x17,0x17,0x17,0xff,
    0x17,0x17,0x17,0xff,0x17,0x17,0x17,0xff,0x17,0x17,0x17,0xff,0x17,0x17,0x17,0xff,
    0x17,0x17,0x17,0xff,0x17,0x17,0x17,0xff,0x17,0x17,0x17,0xff,0x17,0x17,0x17,0xff,
    0x17,0x17,0x17,0xff,0x17,0x17,0x17,0xff,0x17,0x17,0x17,0xff,0x17,0x17,0x17,0xff,
    0x17,0x17,0x17,0xff,0x17,0x17,0x17,0xff,0x17,0x17,0x17,0xff,0x17,0x17,0x17,0xff,
    0x17,0x17,0x17,0xff,0x17,0x17,0x17,0xff,0x16,0x16,0x16,0xff,0x22,0x22,0x22,0xff,
    0x00,0x00,0x00,0x00,0x00,0x00,0x00,0x00,0x00,0x00,0x00,0x00,0x00,0x00,0x00,0x00,
    0x00,0x00,0x00,0x00,0x00,0x00,0x00,0x00,0x00,0x00,0x00,0x00,0x00,0x00,0x00,0x00,
    0x27,0x27,0x27,0xff,0x28,0x28,0x28,0xff,0x25,0x25,0x25,0xff,0x17,0x17,0x17,0xff,
    0x17,0x17,0x17,0xff,0x17,0x17,0x17,0xff,0x17,0x17,0x17,0xff,0x17,0x17,0x17,0xff,
    0x17,0x17,0x17,0xff,0x17,0x17,0x17,0xff,0x17,0x17,0x17,0xff,0x17,0x17,0x17,0xff,
    0x17,0x17,0x17,0xff,0x17,0x17,0x17,0xff,0x17,0x17,0x17,0xff,0x17,0x17,0x17,0xff,
    0x17,0x17,0x17,0xff,0x17,0x17,0x17,0xff,0x17,0x17,0x17,0xff,0x17,0x17,0x17,0xff,
    0x17,0x17,0x17,0xff,0x17,0x17,0x17,0xff,0x17,0x17,0x17,0xff,0x17,0x17,0x17,0xff,
    0x17,0x17,0x17,0xff,0x17,0x17,0x17,0xff,0x17,0x17,0x17,0xff,0x17,0x17,0x17,0xff,
    0x17,0x17,0x17,0xff,0x17,0x17,0x17,0xff,0x17,0x17,0x17,0xff,0x17,0x17,0x17,0xff,
    0x17,0x17,0x17,0xff,0x17,0x17,0x17,0xff,0x17,0x17,0x17,0xff,0x17,0x17,0x17,0xff,
    0x17,0x17,0x17,0xff,0x17,0x17,0x17,0xff,0x17,0x17,0x17,0xff,0x17,0x17,0x17,0xff,
    0x17,0x17,0x17,0xff,0x17,0x17,0x17,0xff,0x17,0x17,0x17,0xff,0x17,0x17,0x17,0xff,
    0x17,0x17,0x17,0xff,0x17,0x17,0x17,0xff,0x17,0x17,0x17,0xff,0x17,0x17,0x17,0xff,
    0x17,0x17,0x17,0xff,0x17,0x17,0x17,0xff,0x17,0x17,0x17,0xff,0x17,0x17,0x17,0xff,
    0x17,0x17,0x17,0xff,0x17,0x17,0x17,0xff,0x17,0x17,0x17,0xff,0x17,0x17,0x17,0xff,
    0x17,0x17,0x17,0xff,0x17,0x17,0x17,0xff,0x17,0x17,0x17,0xff,0x17,0x17,0x17,0xff,
    0x17,0x17,0x17,0xff,0x17,0x17,0x17,0xff,0x17,0x17,0x17,0xff,0x17,0x17,0x17,0xff,
    0x17,0x17,0x17,0xff,0x17,0x17,0x17,0xff,0x17,0x17,0x17,0xff,0x17,0x17,0x17,0xff,
    0x17,0x17,0x17,0xff,0x17,0x17,0x17,0xff,0x17,0x17,0x17,0xff,0x17,0x17,0x17,0xff,
    0x17,0x17,0x17,0xff,0x17,0x17,0x17,0xff,0x17,0x17,0x17,0xff,0x17,0x17,0x17,0xff,
    0x17,0x17,0x17,0xff,0x17,0x17,0x17,0xff,0x17,0x17,0x17,0xff,0x17,0x17,0x17,0xff,
    0x17,0x17,0x17,0xff,0x17,0x17,0x17,0xff,0x17,0x17,0x17,0xff,0x17,0x17,0x17,0xff,
    0x17,0x17,0x17,0xff,0x17,0x17,0x17,0xff,0x17,0x17,0x17,0xff,0x17,0x17,0x17,0xff,
    0x17,0x17,0x17,0xff,0x17,0x17,0x17,0xff,0x17,0x17,0x17,0xff,0x17,0x17,0x17,0xff,
    0x17,0x17,0x17,0xff,0x17,0x17,0x17,0xff,0x17,0x17,0x17,0xff,0x17,0x17,0x17,0xff,
    0x17,0x17,0x17,0xff,0x17,0x17,0x17,0xff,0x17,0x17,0x17,0xff,0x17,0x17,0x17,0xff,
    0x17,0x17,0x17,0xff,0x17,0x17,0x17,0xff,0x17,0x17,0x17,0xff,0x17,0x17,0x17,0xff,
    0x17,0x17,0x17,0xff,0x17,0x17,0x17,0xff,0x17,0x17,0x17,0xff,0x17,0x17,0x17,0xff,
    0x17,0x17,0x17,0xff,0x17,0x17,0x17,0xff,0x17,0x17,0x17,0xff,0x17,0x17,0x17,0xff,
    0x17,0x17,0x17,0xff,0x17,0x17,0x17,0xff,0x17,0x17,0x17,0xff,0x17,0x17,0x17,0xff,
    0x17,0x17,0x17,0xff,0x17,0x17,0x17,0xff,0x17,0x17,0x17,0xff,0x17,0x17,0x17,0xff,
    0x17,0x17,0x17,0xff,0x17,0x17,0x17,0xff,0x17,0x17,0x17,0xff,0x17,0x17,0x17,0xff,
    0x17,0x17,0x17,0xff,0x17,0x17,0x17,0xff,0x17,0x17,0x17,0xff,0x17,0x17,0x17,0xff,
    0x17,0x17,0x17,0xff,0x17,0x17,0x17,0xff,0x17,0x17,0x17,0xff,0x17,0x17,0x17,0xff,
    0x17,0x17,0x17,0xff,0x17,0x17,0x17,0xff,0x17,0x17,0x17,0xff,0x17,0x17,0x17,0xff,
    0x17,0x17,0x17,0xff,0x17,0x17,0x17,0xff,0x17,0x17,0x17,0xff,0x17,0x17,0x17,0xff,
    0x17,0x17,0x17,0xff,0x17,0x17,0x17,0xff,0x17,0x17,0x17,0xff,0x17,0x17,0x17,0xff,
    0x17,0x17,0x17,0xff,0x17,0x17,0x17,0xff,0x17,0x17,0x17,0xff,0x17,0x17,0x17,0xff,
    0x17,0x17,0x17,0xff,0x17,0x17,0x17,0xff,0x16,0x16,0x16,0xff,0x22,0x22,0x22,0xff,
    0x00,0x00,0x00,0x00,0x00,0x00,0x00,0x00,0x00,0x00,0x00,0x00,0x00,0x00,0x00,0x00,
    0x00,0x00,0x00,0x00,0x00,0x00,0x00,0x00,0x00,0x00,0x00,0x00,0x00,0x00,0x00,0x00,
    0x27,0x27,0x27,0xff,0x28,0x28,0x28,0xff,0x25,0x25,0x25,0xff,0x17,0x17,0x17,0xff,
    0x17,0x17,0x17,0xff,0x17,0x17,0x17,0xff,0x17,0x17,0x17,0xff,0x17,0x17,0x17,0xff,
    0x17,0x17,0x17,0xff,0x17,0x17,0x17,0xff,0x17,0x17,0x17,0xff,0x17,0x17,0x17,0xff,
    0x17,0x17,0x17,0xff,0x17,0x17,0x17,0xff,0x17,0x17,0x17,0xff,0x17,0x17,0x17,0xff,
    0x17,0x17,0x17,0xff,0x17,0x17,0x17,0xff,0x17,0x17,0x17,0xff,0x17,0x17,0x17,0xff,
    0x17,0x17,0x17,0xff,0x17,0x17,0x17,0xff,0x17,0x17,0x17,0xff,0x17,0x17,0x17,0xff,
    0x17,0x17,0x17,0xff,0x17,0x17,0x17,0xff,0x17,0x17,0x17,0xff,0x17,0x17,0x17,0xff,
    0x17,0x17,0x17,0xff,0x17,0x17,0x17,0xff,0x17,0x17,0x17,0xff,0x17,0x17,0x17,0xff,
    0x17,0x17,0x17,0xff,0x17,0x17,0x17,0xff,0x17,0x17,0x17,0xff,0x17,0x17,0x17,0xff,
    0x17,0x17,0x17,0xff,0x17,0x17,0x17,0xff,0x17,0x17,0x17,0xff,0x17,0x17,0x17,0xff,
    0x17,0x17,0x17,0xff,0x17,0x17,0x17,0xff,0x17,0x17,0x17,0xff,0x17,0x17,0x17,0xff,
    0x17,0x17,0x17,0xff,0x17,0x17,0x17,0xff,0x17,0x17,0x17,0xff,0x17,0x17,0x17,0xff,
    0x17,0x17,0x17,0xff,0x17,0x17,0x17,0xff,0x17,0x17,0x17,0xff,0x17,0x17,0x17,0xff,
    0x17,0x17,0x17,0xff,0x17,0x17,0x17,0xff,0x17,0x17,0x17,0xff,0x17,0x17,0x17,0xff,
    0x17,0x17,0x17,0xff,0x17,0x17,0x17,0xff,0x17,0x17,0x17,0xff,0x17,0x17,0x17,0xff,
    0x17,0x17,0x17,0xff,0x17,0x17,0x17,0xff,0x17,0x17,0x17,0xff,0x17,0x17,0x17,0xff,
    0x17,0x17,0x17,0xff,0x17,0x17,0x17,0xff,0x17,0x17,0x17,0xff,0x17,0x17,0x17,0xff,
    0x17,0x17,0x17,0xff,0x17,0x17,0x17,0xff,0x17,0x17,0x17,0xff,0x17,0x17,0x17,0xff,
    0x17,0x17,0x17,0xff,0x17,0x17,0x17,0xff,0x17,0x17,0x17,0xff,0x17,0x17,0x17,0xff,
    0x17,0x17,0x17,0xff,0x17,0x17,0x17,0xff,0x17,0x17,0x17,0xff,0x17,0x17,0x17,0xff,
    0x17,0x17,0x17,0xff,0x17,0x17,0x17,0xff,0x17,0x17,0x17,0xff,0x17,0x17,0x17,0xff,
    0x17,0x17,0x17,0xff,0x17,0x17,0x17,0xff,0x17,0x17,0x17,0xff,0x17,0x17,0x17,0xff,
    0x17,0x17,0x17,0xff,0x17,0x17,0x17,0xff,0x17,0x17,0x17,0xff,0x17,0x17,0x17,0xff,
    0x17,0x17,0x17,0xff,0x17,0x17,0x17,0xff,0x17,0x17,0x17,0xff,0x17,0x17,0x17,0xff,
    0x17,0x17,0x17,0xff,0x17,0x17,0x17,0xff,0x17,0x17,0x17,0xff,0x17,0x17,0x17,0xff,
    0x17,0x17,0x17,0xff,0x17,0x17,0x17,0xff,0x17,0x17,0x17,0xff,0x17,0x17,0x17,0xff,
    0x17,0x17,0x17,0xff,0x17,0x17,0x17,0xff,0x17,0x17,0x17,0xff,0x17,0x17,0x17,0xff,
    0x17,0x17,0x17,0xff,0x17,0x17,0x17,0xff,0x17,0x17,0x17,0xff,0x17,0x17,0x17,0xff,
    0x17,0x17,0x17,0xff,0x17,0x17,0x17,0xff,0x17,0x17,0x17,0xff,0x17,0x17,0x17,0xff,
    0x17,0x17,0x17,0xff,0x17,0x17,0x17,0xff,0x17,0x17,0x17,0xff,0x17,0x17,0x17,0xff,
    0x17,0x17,0x17,0xff,0x17,0x17,0x17,0xff,0x17,0x17,0x17,0xff,0x17,0x17,0x17,0xff,
    0x17,0x17,0x17,0xff,0x17,0x17,0x17,0xff,0x17,0x17,0x17,0xff,0x17,0x17,0x17,0xff,
    0x17,0x17,0x17,0xff,0x17,0x17,0x17,0xff,0x17,0x17,0x17,0xff,0x17,0x17,0x17,0xff,
    0x17,0x17,0x17,0xff,0x17,0x17,0x17,0xff,0x17,0x17,0x17,0xff,0x17,0x17,0x17,0xff,
    0x17,0x17,0x17,0xff,0x17,0x17,0x17,0xff,0x17,0x17,0x17,0xff,0x17,0x17,0x17,0xff,
    0x17,0x17,0x17,0xff,0x17,0x17,0x17,0xff,0x17,0x17,0x17,0xff,0x17,0x17,0x17,0xff,
    0x17,0x17,0x17,0xff,0x17,0x17,0x17,0xff,0x17,0x17,0x17,0xff,0x17,0x17,0x17,0xff,
    0x17,0x17,0x17,0xff,0x17,0x17,0x17,0xff,0x16,0x16,0x16,0xff,0x22,0x22,0x22,0xff,
    0x00,0x00,0x00,0x00,0x00,0x00,0x00,0x00,0x00,0x00,0x00,0x00,0x00,0x00,0x00,0x00,
    0x00,0x00,0x00,0x00,0x00,0x00,0x00,0x00,0x00,0x00,0x00,0x00,0x00,0x00,0x00,0x00,
    0x27,0x27,0x27,0xff,0x28,0x28,0x28,0xff,0x25,0x25,0x25,0xff,0x17,0x17,0x17,0xff,
    0x17,0x17,0x17,0xff,0x17,0x17,0x17,0xff,0x17,0x17,0x17,0xff,0x17,0x17,0x17,0xff,
    0x17,0x17,0x17,0xff,0x17,0x17,0x17,0xff,0x17,0x17,0x17,0xff,0x17,0x17,0x17,0xff,
    0x17,0x17,0x17,0xff,0x17,0x17,0x17,0xff,0x17,0x17,0x17,0xff,0x17,0x17,0x17,0xff,
    0x17,0x17,0x17,0xff,0x17,0x17,0x17,0xff,0x17,0x17,0x17,0xff,0x17,0x17,0x17,0xff,
    0x17,0x17,0x17,0xff,0x17,0x17,0x17,0xff,0x17,0x17,0x17,0xff,0x17,0x17,0x17,0xff,
    0x17,0x17,0x17,0xff,0x17,0x17,0x17,0xff,0x17,0x17,0x17,0xff,0x17,0x17,0x17,0xff,
    0x17,0x17,0x17,0xff,0x17,0x17,0x17,0xff,0x17,0x17,0x17,0xff,0x17,0x17,0x17,0xff,
    0x17,0x17,0x17,0xff,0x17,0x17,0x17,0xff,0x17,0x17,0x17,0xff,0x17,0x17,0x17,0xff,
    0x17,0x17,0x17,0xff,0x17,0x17,0x17,0xff,0x17,0x17,0x17,0xff,0x17,0x17,0x17,0xff,
    0x17,0x17,0x17,0xff,0x17,0x17,0x17,0xff,0x17,0x17,0x17,0xff,0x17,0x17,0x17,0xff,
    0x17,0x17,0x17,0xff,0x17,0x17,0x17,0xff,0x17,0x17,0x17,0xff,0x17,0x17,0x17,0xff,
    0x17,0x17,0x17,0xff,0x17,0x17,0x17,0xff,0x17,0x17,0x17,0xff,0x17,0x17,0x17,0xff,
    0x17,0x17,0x17,0xff,0x17,0x17,0x17,0xff,0x17,0x17,0x17,0xff,0x17,0x17,0x17,0xff,
    0x17,0x17,0x17,0xff,0x17,0x17,0x17,0xff,0x17,0x17,0x17,0xff,0x17,0x17,0x17,0xff,
    0x17,0x17,0x17,0xff,0x17,0x17,0x17,0xff,0x17,0x17,0x17,0xff,0x17,0x17,0x17,0xff,
    0x17,0x17,0x17,0xff,0x17,0x17,0x17,0xff,0x17,0x17,0x17,0xff,0x17,0x17,0x17,0xff,
    0x17,0x17,0x17,0xff,0x17,0x17,0x17,0xff,0x17,0x17,0x17,0xff,0x17,0x17,0x17,0xff,
    0x17,0x17,0x17,0xff,0x17,0x17,0x17,0xff,0x17,0x17,0x17,0xff,0x17,0x17,0x17,0xff,
    0x17,0x17,0x17,0xff,0x17,0x17,0x17,0xff,0x17,0x17,0x17,0xff,0x17,0x17,0x17,0xff,
    0x17,0x17,0x17,0xff,0x17,0x17,0x17,0xff,0x17,0x17,0x17,0xff,0x17,0x17,0x17,0xff,
    0x17,0x17,0x17,0xff,0x17,0x17,0x17,0xff,0x17,0x17,0x17,0xff,0x17,0x17,0x17,0xff,
    0x17,0x17,0x17,0xff,0x17,0x17,0x17,0xff,0x17,0x17,0x17,0xff,0x17,0x17,0x17,0xff,
    0x17,0x17,0x17,0xff,0x17,0x17,0x17,0xff,0x17,0x17,0x17,0xff,0x17,0x17,0x17,0xff,
    0x17,0x17,0x17,0xff,0x17,0x17,0x17,0xff,0x17,0x17,0x17,0xff,0x17,0x17,0x17,0xff,
    0x17,0x17,0x17,0xff,0x17,0x17,0x17,0xff,0x17,0x17,0x17,0xff,0x17,0x17,0x17,0xff,
    0x17,0x17,0x17,0xff,0x17,0x17,0x17,0xff,0x17,0x17,0x17,0xff,0x17,0x17,0x17,0xff,
    0x17,0x17,0x17,0xff,0x17,0x17,0x17,0xff,0x17,0x17,0x17,0xff,0x17,0x17,0x17,0xff,
    0x17,0x17,0x17,0xff,0x17,0x17,0x17,0xff,0x17,0x17,0x17,0xff,0x17,0x17,0x17,0xff,
    0x17,0x17,0x17,0xff,0x17,0x17,0x17,0xff,0x17,0x17,0x17,0xff,0x17,0x17,0x17,0xff,
    0x17,0x17,0x17,0xff,0x17,0x17,0x17,0xff,0x17,0x17,0x17,0xff,0x17,0x17,0x17,0xff,
    0x17,0x17,0x17,0xff,0x17,0x17,0x17,0xff,0x17,0x17,0x17,0xff,0x17,0x17,0x17,0xff,
    0x17,0x17,0x17,0xff,0x17,0x17,0x17,0xff,0x17,0x17,0x17,0xff,0x17,0x17,0x17,0xff,
    0x17,0x17,0x17,0xff,0x17,0x17,0x17,0xff,0x17,0x17,0x17,0xff,0x17,0x17,0x17,0xff,
    0x17,0x17,0x17,0xff,0x17,0x17,0x17,0xff,0x17,0x17,0x17,0xff,0x17,0x17,0x17,0xff,
    0x17,0x17,0x17,0xff,0x17,0x17,0x17,0xff,0x17,0x17,0x17,0xff,0x17,0x17,0x17,0xff,
    0x17,0x17,0x17,0xff,0x17,0x17,0x17,0xff,0x17,0x17,0x17,0xff,0x17,0x17,0x17,0xff,
    0x17,0x17,0x17,0xff,0x17,0x17,0x17,0xff,0x16,0x16,0x16,0xff,0x22,0x22,0x22,0xff,
    0x00,0x00,0x00,0x00,0x00,0x00,0x00,0x00,0x00,0x00,0x00,0x00,0x00,0x00,0x00,0x00,
    0x00,0x00,0x00,0x00,0x00,0x00,0x00,0x00,0x00,0x00,0x00,0x00,0x00,0x00,0x00,0x00,
    0x27,0x27,0x27,0xff,0x28,0x28,0x28,0xff,0x25,0x25,0x25,0xff,0x17,0x17,0x17,0xff,
    0x17,0x17,0x17,0xff,0x17,0x17,0x17,0xff,0x17,0x17,0x17,0xff,0x17,0x17,0x17,0xff,
    0x17,0x17,0x17,0xff,0x17,0x17,0x17,0xff,0x17,0x17,0x17,0xff,0x17,0x17,0x17,0xff,
    0x17,0x17,0x17,0xff,0x17,0x17,0x17,0xff,0x17,0x17,0x17,0xff,0x17,0x17,0x17,0xff,
    0x17,0x17,0x17,0xff,0x17,0x17,0x17,0xff,0x17,0x17,0x17,0xff,0x17,0x17,0x17,0xff,
    0x17,0x17,0x17,0xff,0x17,0x17,0x17,0xff,0x17,0x17,0x17,0xff,0x17,0x17,0x17,0xff,
    0x17,0x17,0x17,0xff,0x17,0x17,0x17,0xff,0x17,0x17,0x17,0xff,0x17,0x17,0x17,0xff,
    0x17,0x17,0x17,0xff,0x17,0x17,0x17,0xff,0x17,0x17,0x17,0xff,0x17,0x17,0x17,0xff,
    0x17,0x17,0x17,0xff,0x17,0x17,0x17,0xff,0x17,0x17,0x17,0xff,0x17,0x17,0x17,0xff,
    0x17,0x17,0x17,0xff,0x17,0x17,0x17,0xff,0x17,0x17,0x17,0xff,0x17,0x17,0x17,0xff,
    0x17,0x17,0x17,0xff,0x17,0x17,0x17,0xff,0x17,0x17,0x17,0xff,0x17,0x17,0x17,0xff,
    0x17,0x17,0x17,0xff,0x17,0x17,0x17,0xff,0x17,0x17,0x17,0xff,0x17,0x17,0x17,0xff,
    0x17,0x17,0x17,0xff,0x17,0x17,0x17,0xff,0x17,0x17,0x17,0xff,0x17,0x17,0x17,0xff,
    0x17,0x17,0x17,0xff,0x17,0x17,0x17,0xff,0x17,0x17,0x17,0xff,0x17,0x17,0x17,0xff,
    0x17,0x17,0x17,0xff,0x17,0x17,0x17,0xff,0x17,0x17,0x17,0xff,0x17,0x17,0x17,0xff,
    0x17,0x17,0x17,0xff,0x17,0x17,0x17,0xff,0x17,0x17,0x17,0xff,0x17,0x17,0x17,0xff,
    0x17,0x17,0x17,0xff,0x17,0x17,0x17,0xff,0x17,0x17,0x17,0xff,0x17,0x17,0x17,0xff,
    0x17,0x17,0x17,0xff,0x17,0x17,0x17,0xff,0x17,0x17,0x17,0xff,0x17,0x17,0x17,0xff,
    0x17,0x17,0x17,0xff,0x17,0x17,0x17,0xff,0x17,0x17,0x17,0xff,0x17,0x17,0x17,0xff,
    0x17,0x17,0x17,0xff,0x17,0x17,0x17,0xff,0x17,0x17,0x17,0xff,0x17,0x17,0x17,0xff,
    0x17,0x17,0x17,0xff,0x17,0x17,0x17,0xff,0x17,0x17,0x17,0xff,0x17,0x17,0x17,0xff,
    0x17,0x17,0x17,0xff,0x17,0x17,0x17,0xff,0x17,0x17,0x17,0xff,0x17,0x17,0x17,0xff,
    0x17,0x17,0x17,0xff,0x17,0x17,0x17,0xff,0x17,0x17,0x17,0xff,0x17,0x17,0x17,0xff,
    0x17,0x17,0x17,0xff,0x17,0x17,0x17,0xff,0x17,0x17,0x17,0xff,0x17,0x17,0x17,0xff,
    0x17,0x17,0x17,0xff,0x17,0x17,0x17,0xff,0x17,0x17,0x17,0xff,0x17,0x17,0x17,0xff,
    0x17,0x17,0x17,0xff,0x17,0x17,0x17,0xff,0x17,0x17,0x17,0xff,0x17,0x17,0x17,0xff,
    0x17,0x17,0x17,0xff,0x17,0x17,0x17,0xff,0x17,0x17,0x17,0xff,0x17,0x17,0x17,0xff,
    0x17,0x17,0x17,0xff,0x17,0x17,0x17,0xff,0x17,0x17,0x17,0xff,0x17,0x17,0x17,0xff,
    0x17,0x17,0x17,0xff,0x17,0x17,0x17,0xff,0x17,0x17,0x17,0xff,0x17,0x17,0x17,0xff,
    0x17,0x17,0x17,0xff,0x17,0x17,0x17,0xff,0x17,0x17,0x17,0xff,0x17,0x17,0x17,0xff,
    0x17,0x17,0x17,0xff,0x17,0x17,0x17,0xff,0x17,0x17,0x17,0xff,0x17,0x17,0x17,0xff,
    0x17,0x17,0x17,0xff,0x17,0x17,0x17,0xff,0x17,0x17,0x17,0xff,0x17,0x17,0x17,0xff,
    0x17,0x17,0x17,0xff,0x17,0x17,0x17,0xff,0x17,0x17,0x17,0xff,0x17,0x17,0x17,0xff,
    0x17,0x17,0x17,0xff,0x17,0x17,0x17,0xff,0x17,0x17,0x17,0xff,0x17,0x17,0x17,0xff,
    0x17,0x17,0x17,0xff,0x17,0x17,0x17,0xff,0x17,0x17,0x17,0xff,0x17,0x17,0x17,0xff,
    0x17,0x17,0x17,0xff,0x17,0x17,0x17,0xff,0x17,0x17,0x17,0xff,0x17,0x17,0x17,0xff,
    0x17,0x17,0x17,0xff,0x17,0x17,0x17,0xff,0x17,0x17,0x17,0xff,0x17,0x17,0x17,0xff,
    0x17,0x17,0x17,0xff,0x17,0x17,0x17,0xff,0x16,0x16,0x16,0xff,0x22,0x22,0x22,0xff,
    0x00,0x00,0x00,0x00,0x00,0x00,0x00,0x00,0x00,0x00,0x00,0x00,0x00,0x00,0x00,0x00,
    0x00,0x00,0x00,0x00,0x00,0x00,0x00,0x00,0x00,0x00,0x00,0x00,0x00,0x00,0x00,0x00,
    0x27,0x27,0x27,0xff,0x28,0x28,0x28,0xff,0x25,0x25,0x25,0xff,0x17,0x17,0x17,0xff,
    0x17,0x17,0x17,0xff,0x17,0x17,0x17,0xff,0x17,0x17,0x17,0xff,0x17,0x17,0x17,0xff,
    0x17,0x17,0x17,0xff,0x17,0x17,0x17,0xff,0x17,0x17,0x17,0xff,0x17,0x17,0x17,0xff,
    0x17,0x17,0x17,0xff,0x17,0x17,0x17,0xff,0x17,0x17,0x17,0xff,0x17,0x17,0x17,0xff,
    0x17,0x17,0x17,0xff,0x17,0x17,0x17,0xff,0x17,0x17,0x17,0xff,0x17,0x17,0x17,0xff,
    0x17,0x17,0x17,0xff,0x17,0x17,0x17,0xff,0x17,0x17,0x17,0xff,0x17,0x17,0x17,0xff,
    0x17,0x17,0x17,0xff,0x17,0x17,0x17,0xff,0x17,0x17,0x17,0xff,0x17,0x17,0x17,0xff,
    0x17,0x17,0x17,0xff,0x17,0x17,0x17,0xff,0x17,0x17,0x17,0xff,0x17,0x17,0x17,0xff,
    0x17,0x17,0x17,0xff,0x17,0x17,0x17,0xff,0x17,0x17,0x17,0xff,0x17,0x17,0x17,0xff,
    0x17,0x17,0x17,0xff,0x17,0x17,0x17,0xff,0x17,0x17,0x17,0xff,0x17,0x17,0x17,0xff,
    0x17,0x17,0x17,0xff,0x17,0x17,0x17,0xff,0x17,0x17,0x17,0xff,0x17,0x17,0x17,0xff,
    0x17,0x17,0x17,0xff,0x17,0x17,0x17,0xff,0x17,0x17,0x17,0xff,0x17,0x17,0x17,0xff,
    0x17,0x17,0x17,0xff,0x17,0x17,0x17,0xff,0x17,0x17,0x17,0xff,0x17,0x17,0x17,0xff,
    0x17,0x17,0x17,0xff,0x17,0x17,0x17,0xff,0x17,0x17,0x17,0xff,0x17,0x17,0x17,0xff,
    0x17,0x17,0x17,0xff,0x17,0x17,0x17,0xff,0x17,0x17,0x17,0xff,0x17,0x17,0x17,0xff,
    0x17,0x17,0x17,0xff,0x17,0x17,0x17,0xff,0x17,0x17,0x17,0xff,0x17,0x17,0x17,0xff,
    0x17,0x17,0x17,0xff,0x17,0x17,0x17,0xff,0x17,0x17,0x17,0xff,0x17,0x17,0x17,0xff,
    0x17,0x17,0x17,0xff,0x17,0x17,0x17,0xff,0x17,0x17,0x17,0xff,0x17,0x17,0x17,0xff,
    0x17,0x17,0x17,0xff,0x17,0x17,0x17,0xff,0x17,0x17,0x17,0xff,0x17,0x17,0x17,0xff,
    0x17,0x17,0x17,0xff,0x17,0x17,0x17,0xff,0x17,0x17,0x17,0xff,0x17,0x17,0x17,0xff,
    0x17,0x17,0x17,0xff,0x17,0x17,0x17,0xff,0x17,0x17,0x17,0xff,0x17,0x17,0x17,0xff,
    0x17,0x17,0x17,0xff,0x17,0x17,0x17,0xff,0x17,0x17,0x17,0xff,0x17,0x17,0x17,0xff,
    0x17,0x17,0x17,0xff,0x17,0x17,0x17,0xff,0x17,0x17,0x17,0xff,0x17,0x17,0x17,0xff,
    0x17,0x17,0x17,0xff,0x17,0x17,0x17,0xff,0x17,0x17,0x17,0xff,0x17,0x17,0x17,0xff,
    0x17,0x17,0x17,0xff,0x17,0x17,0x17,0xff,0x17,0x17,0x17,0xff,0x17,0x17,0x17,0xff,
    0x17,0x17,0x17,0xff,0x17,0x17,0x17,0xff,0x17,0x17,0x17,0xff,0x17,0x17,0x17,0xff,
    0x17,0x17,0x17,0xff,0x17,0x17,0x17,0xff,0x17,0x17,0x17,0xff,0x17,0x17,0x17,0xff,
    0x17,0x17,0x17,0xff,0x17,0x17,0x17,0xff,0x17,0x17,0x17,0xff,0x17,0x17,0x17,0xff,
    0x17,0x17,0x17,0xff,0x17,0x17,0x17,0xff,0x17,0x17,0x17,0xff,0x17,0x17,0x17,0xff,
    0x17,0x17,0x17,0xff,0x17,0x17,0x17,0xff,0x17,0x17,0x17,0xff,0x17,0x17,0x17,0xff,
    0x17,0x17,0x17,0xff,0x17,0x17,0x17,0xff,0x17,0x17,0x17,0xff,0x17,0x17,0x17,0xff,
    0x17,0x17,0x17,0xff,0x17,0x17,0x17,0xff,0x17,0x17,0x17,0xff,0x17,0x17,0x17,0xff,
    0x17,0x17,0x17,0xff,0x17,0x17,0x17,0xff,0x17,0x17,0x17,0xff,0x17,0x17,0x17,0xff,
    0x17,0x17,0x17,0xff,0x17,0x17,0x17,0xff,0x17,0x17,0x17,0xff,0x17,0x17,0x17,0xff,
    0x17,0x17,0x17,0xff,0x17,0x17,0x17,0xff,0x17,0x17,0x17,0xff,0x17,0x17,0x17,0xff,
    0x17,0x17,0x17,0xff,0x17,0x17,0x17,0xff,0x17,0x17,0x17,0xff,0x17,0x17,0x17,0xff,
    0x17,0x17,0x17,0xff,0x17,0x17,0x17,0xff,0x17,0x17,0x17,0xff,0x17,0x17,0x17,0xff,
    0x17,0x17,0x17,0xff,0x17,0x17,0x17,0xff,0x16,0x16,0x16,0xff,0x22,0x22,0x22,0xff,
    0x00,0x00,0x00,0x00,0x00,0x00,0x00,0x00,0x00,0x00,0x00,0x00,0x00,0x00,0x00,0x00,
    0x00,0x00,0x00,0x00,0x00,0x00,0x00,0x00,0x00,0x00,0x00,0x00,0x00,0x00,0x00,0x00,
    0x27,0x27,0x27,0xff,0x28,0x28,0x28,0xff,0x25,0x25,0x25,0xff,0x17,0x17,0x17,0xff,
    0x17,0x17,0x17,0xff,0x17,0x17,0x17,0xff,0x17,0x17,0x17,0xff,0x17,0x17,0x17,0xff,
    0x17,0x17,0x17,0xff,0x17,0x17,0x17,0xff,0x17,0x17,0x17,0xff,0x17,0x17,0x17,0xff,
    0x17,0x17,0x17,0xff,0x17,0x17,0x17,0xff,0x17,0x17,0x17,0xff,0x17,0x17,0x17,0xff,
    0x17,0x17,0x17,0xff,0x17,0x17,0x17,0xff,0x17,0x17,0x17,0xff,0x17,0x17,0x17,0xff,
    0x17,0x17,0x17,0xff,0x17,0x17,0x17,0xff,0x17,0x17,0x17,0xff,0x17,0x17,0x17,0xff,
    0x17,0x17,0x17,0xff,0x17,0x17,0x17,0xff,0x17,0x17,0x17,0xff,0x17,0x17,0x17,0xff,
    0x17,0x17,0x17,0xff,0x17,0x17,0x17,0xff,0x17,0x17,0x17,0xff,0x17,0x17,0x17,0xff,
    0x17,0x17,0x17,0xff,0x17,0x17,0x17,0xff,0x17,0x17,0x17,0xff,0x17,0x17,0x17,0xff,
    0x17,0x17,0x17,0xff,0x17,0x17,0x17,0xff,0x17,0x17,0x17,0xff,0x17,0x17,0x17,0xff,
    0x17,0x17,0x17,0xff,0x17,0x17,0x17,0xff,0x17,0x17,0x17,0xff,0x17,0x17,0x17,0xff,
    0x17,0x17,0x17,0xff,0x17,0x17,0x17,0xff,0x17,0x17,0x17,0xff,0x17,0x17,0x17,0xff,
    0x17,0x17,0x17,0xff,0x17,0x17,0x17,0xff,0x17,0x17,0x17,0xff,0x17,0x17,0x17,0xff,
    0x17,0x17,0x17,0xff,0x17,0x17,0x17,0xff,0x17,0x17,0x17,0xff,0x17,0x17,0x17,0xff,
    0x17,0x17,0x17,0xff,0x17,0x17,0x17,0xff,0x17,0x17,0x17,0xff,0x17,0x17,0x17,0xff,
    0x17,0x17,0x17,0xff,0x17,0x17,0x17,0xff,0x17,0x17,0x17,0xff,0x17,0x17,0x17,0xff,
    0x17,0x17,0x17,0xff,0x17,0x17,0x17,0xff,0x17,0x17,0x17,0xff,0x17,0x17,0x17,0xff,
    0x17,0x17,0x17,0xff,0x17,0x17,0x17,0xff,0x17,0x17,0x17,0xff,0x17,0x17,0x17,0xff,
    0x17,0x17,0x17,0xff,0x17,0x17,0x17,0xff,0x17,0x17,0x17,0xff,0x17,0x17,0x17,0xff,
    0x17,0x17,0x17,0xff,0x17,0x17,0x17,0xff,0x17,0x17,0x17,0xff,0x17,0x17,0x17,0xff,
    0x17,0x17,0x17,0xff,0x17,0x17,0x17,0xff,0x17,0x17,0x17,0xff,0x17,0x17,0x17,0xff,
    0x17,0x17,0x17,0xff,0x17,0x17,0x17,0xff,0x17,0x17,0x17,0xff,0x17,0x17,0x17,0xff,
    0x17,0x17,0x17,0xff,0x17,0x17,0x17,0xff,0x17,0x17,0x17,0xff,0x17,0x17,0x17,0xff,
    0x17,0x17,0x17,0xff,0x17,0x17,0x17,0xff,0x17,0x17,0x17,0xff,0x17,0x17,0x17,0xff,
    0x17,0x17,0x17,0xff,0x17,0x17,0x17,0xff,0x17,0x17,0x17,0xff,0x17,0x17,0x17,0xff,
    0x17,0x17,0x17,0xff,0x17,0x17,0x17,0xff,0x17,0x17,0x17,0xff,0x17,0x17,0x17,0xff,
    0x17,0x17,0x17,0xff,0x17,0x17,0x17,0xff,0x17,0x17,0x17,0xff,0x17,0x17,0x17,0xff,
    0x17,0x17,0x17,0xff,0x17,0x17,0x17,0xff,0x17,0x17,0x17,0xff,0x17,0x17,0x17,0xff,
    0x17,0x17,0x17,0xff,0x17,0x17,0x17,0xff,0x17,0x17,0x17,0xff,0x17,0x17,0x17,0xff,
    0x17,0x17,0x17,0xff,0x17,0x17,0x17,0xff,0x17,0x17,0x17,0xff,0x17,0x17,0x17,0xff,
    0x17,0x17,0x17,0xff,0x17,0x17,0x17,0xff,0x17,0x17,0x17,0xff,0x17,0x17,0x17,0xff,
    0x17,0x17,0x17,0xff,0x17,0x17,0x17,0xff,0x17,0x17,0x17,0xff,0x17,0x17,0x17,0xff,
    0x17,0x17,0x17,0xff,0x17,0x17,0x17,0xff,0x17,0x17,0x17,0xff,0x17,0x17,0x17,0xff,
    0x17,0x17,0x17,0xff,0x17,0x17,0x17,0xff,0x17,0x17,0x17,0xff,0x17,0x17,0x17,0xff,
    0x17,0x17,0x17,0xff,0x17,0x17,0x17,0xff,0x17,0x17,0x17,0xff,0x17,0x17,0x17,0xff,
    0x17,0x17,0x17,0xff,0x17,0x17,0x17,0xff,0x17,0x17,0x17,0xff,0x17,0x17,0x17,0xff,
    0x17,0x17,0x17,0xff,0x17,0x17,0x17,0xff,0x17,0x17,0x17,0xff,0x17,0x17,0x17,0xff,
    0x17,0x17,0x17,0xff,0x17,0x17,0x17,0xff,0x16,0x16,0x16,0xff,0x22,0x22,0x22,0xff,
    0x00,0x00,0x00,0x00,0x00,0x00,0x00,0x00,0x00,0x00,0x00,0x00,0x00,0x00,0x00,0x00,
    0x00,0x00,0x00,0x00,0x00,0x00,0x00,0x00,0x00,0x00,0x00,0x00,0x00,0x00,0x00,0x00,
    0x27,0x27,0x27,0xff,0x28,0x28,0x28,0xff,0x25,0x25,0x25,0xff,0x17,0x17,0x17,0xff,
    0x17,0x17,0x17,0xff,0x17,0x17,0x17,0xff,0x17,0x17,0x17,0xff,0x17,0x17,0x17,0xff,
    0x17,0x17,0x17,0xff,0x17,0x17,0x17,0xff,0x17,0x17,0x17,0xff,0x17,0x17,0x17,0xff,
    0x17,0x17,0x17,0xff,0x17,0x17,0x17,0xff,0x17,0x17,0x17,0xff,0x17,0x17,0x17,0xff,
    0x17,0x17,0x17,0xff,0x17,0x17,0x17,0xff,0x17,0x17,0x17,0xff,0x17,0x17,0x17,0xff,
    0x17,0x17,0x17,0xff,0x17,0x17,0x17,0xff,0x17,0x17,0x17,0xff,0x17,0x17,0x17,0xff,
    0x17,0x17,0x17,0xff,0x17,0x17,0x17,0xff,0x17,0x17,0x17,0xff,0x17,0x17,0x17,0xff,
    0x17,0x17,0x17,0xff,0x17,0x17,0x17,0xff,0x17,0x17,0x17,0xff,0x17,0x17,0x17,0xff,
    0x17,0x17,0x17,0xff,0x17,0x17,0x17,0xff,0x17,0x17,0x17,0xff,0x17,0x17,0x17,0xff,
    0x17,0x17,0x17,0xff,0x17,0x17,0x17,0xff,0x17,0x17,0x17,0xff,0x17,0x17,0x17,0xff,
    0x17,0x17,0x17,0xff,0x17,0x17,0x17,0xff,0x17,0x17,0x17,0xff,0x17,0x17,0x17,0xff,
    0x17,0x17,0x17,0xff,0x17,0x17,0x17,0xff,0x17,0x17,0x17,0xff,0x17,0x17,0x17,0xff,
    0x17,0x17,0x17,0xff,0x17,0x17,0x17,0xff,0x17,0x17,0x17,0xff,0x17,0x17,0x17,0xff,
    0x17,0x17,0x17,0xff,0x17,0x17,0x17,0xff,0x17,0x17,0x17,0xff,0x17,0x17,0x17,0xff,
    0x17,0x17,0x17,0xff,0x17,0x17,0x17,0xff,0x17,0x17,0x17,0xff,0x17,0x17,0x17,0xff,
    0x17,0x17,0x17,0xff,0x17,0x17,0x17,0xff,0x17,0x17,0x17,0xff,0x17,0x17,0x17,0xff,
    0x17,0x17,0x17,0xff,0x17,0x17,0x17,0xff,0x17,0x17,0x17,0xff,0x17,0x17,0x17,0xff,
    0x17,0x17,0x17,0xff,0x17,0x17,0x17,0xff,0x17,0x17,0x17,0xff,0x17,0x17,0x17,0xff,
    0x17,0x17,0x17,0xff,0x17,0x17,0x17,0xff,0x17,0x17,0x17,0xff,0x17,0x17,0x17,0xff,
    0x17,0x17,0x17,0xff,0x17,0x17,0x17,0xff,0x17,0x17,0x17,0xff,0x17,0x17,0x17,0xff,
    0x17,0x17,0x17,0xff,0x17,0x17,0x17,0xff,0x17,0x17,0x17,0xff,0x17,0x17,0x17,0xff,
    0x17,0x17,0x17,0xff,0x17,0x17,0x17,0xff,0x17,0x17,0x17,0xff,0x17,0x17,0x17,0xff,
    0x17,0x17,0x17,0xff,0x17,0x17,0x17,0xff,0x17,0x17,0x17,0xff,0x17,0x17,0x17,0xff,
    0x17,0x17,0x17,0xff,0x17,0x17,0x17,0xff,0x17,0x17,0x17,0xff,0x17,0x17,0x17,0xff,
    0x17,0x17,0x17,0xff,0x17,0x17,0x17,0xff,0x17,0x17,0x17,0xff,0x17,0x17,0x17,0xff,
    0x17,0x17,0x17,0xff,0x17,0x17,0x17,0xff,0x17,0x17,0x17,0xff,0x17,0x17,0x17,0xff,
    0x17,0x17,0x17,0xff,0x17,0x17,0x17,0xff,0x17,0x17,0x17,0xff,0x17,0x17,0x17,0xff,
    0x17,0x17,0x17,0xff,0x17,0x17,0x17,0xff,0x17,0x17,0x17,0xff,0x17,0x17,0x17,0xff,
    0x17,0x17,0x17,0xff,0x17,0x17,0x17,0xff,0x17,0x17,0x17,0xff,0x17,0x17,0x17,0xff,
    0x17,0x17,0x17,0xff,0x17,0x17,0x17,0xff,0x17,0x17,0x17,0xff,0x17,0x17,0x17,0xff,
    0x17,0x17,0x17,0xff,0x17,0x17,0x17,0xff,0x17,0x17,0x17,0xff,0x17,0x17,0x17,0xff,
    0x17,0x17,0x17,0xff,0x17,0x17,0x17,0xff,0x17,0x17,0x17,0xff,0x17,0x17,0x17,0xff,
    0x17,0x17,0x17,0xff,0x17,0x17,0x17,0xff,0x17,0x17,0x17,0xff,0x17,0x17,0x17,0xff,
    0x17,0x17,0x17,0xff,0x17,0x17,0x17,0xff,0x17,0x17,0x17,0xff,0x17,0x17,0x17,0xff,
    0x17,0x17,0x17,0xff,0x17,0x17,0x17,0xff,0x17,0x17,0x17,0xff,0x17,0x17,0x17,0xff,
    0x17,0x17,0x17,0xff,0x17,0x17,0x17,0xff,0x17,0x17,0x17,0xff,0x17,0x17,0x17,0xff,
    0x17,0x17,0x17,0xff,0x17,0x17,0x17,0xff,0x17,0x17,0x17,0xff,0x17,0x17,0x17,0xff,
    0x17,0x17,0x17,0xff,0x17,0x17,0x17,0xff,0x16,0x16,0x16,0xff,0x22,0x22,0x22,0xff,
    0x00,0x00,0x00,0x00,0x00,0x00,0x00,0x00,0x00,0x00,0x00,0x00,0x00,0x00,0x00,0x00,
    0x00,0x00,0x00,0x00,0x00,0x00,0x00,0x00,0x00,0x00,0x00,0x00,0x00,0x00,0x00,0x00,
    0x27,0x27,0x27,0xff,0x28,0x28,0x28,0xff,0x25,0x25,0x25,0xff,0x17,0x17,0x17,0xff,
    0x17,0x17,0x17,0xff,0x17,0x17,0x17,0xff,0x17,0x17,0x17,0xff,0x17,0x17,0x17,0xff,
    0x17,0x17,0x17,0xff,0x17,0x17,0x17,0xff,0x17,0x17,0x17,0xff,0x17,0x17,0x17,0xff,
    0x17,0x17,0x17,0xff,0x17,0x17,0x17,0xff,0x17,0x17,0x17,0xff,0x17,0x17,0x17,0xff,
    0x17,0x17,0x17,0xff,0x17,0x17,0x17,0xff,0x17,0x17,0x17,0xff,0x17,0x17,0x17,0xff,
    0x17,0x17,0x17,0xff,0x17,0x17,0x17,0xff,0x17,0x17,0x17,0xff,0x17,0x17,0x17,0xff,
    0x17,0x17,0x17,0xff,0x17,0x17,0x17,0xff,0x17,0x17,0x17,0xff,0x17,0x17,0x17,0xff,
    0x17,0x17,0x17,0xff,0x17,0x17,0x17,0xff,0x17,0x17,0x17,0xff,0x17,0x17,0x17,0xff,
    0x17,0x17,0x17,0xff,0x17,0x17,0x17,0xff,0x17,0x17,0x17,0xff,0x17,0x17,0x17,0xff,
    0x17,0x17,0x17,0xff,0x17,0x17,0x17,0xff,0x17,0x17,0x17,0xff,0x17,0x17,0x17,0xff,
    0x17,0x17,0x17,0xff,0x17,0x17,0x17,0xff,0x17,0x17,0x17,0xff,0x17,0x17,0x17,0xff,
    0x17,0x17,0x17,0xff,0x17,0x17,0x17,0xff,0x17,0x17,0x17,0xff,0x17,0x17,0x17,0xff,
    0x17,0x17,0x17,0xff,0x17,0x17,0x17,0xff,0x17,0x17,0x17,0xff,0x17,0x17,0x17,0xff,
    0x17,0x17,0x17,0xff,0x17,0x17,0x17,0xff,0x17,0x17,0x17,0xff,0x17,0x17,0x17,0xff,
    0x17,0x17,0x17,0xff,0x17,0x17,0x17,0xff,0x17,0x17,0x17,0xff,0x17,0x17,0x17,0xff,
    0x17,0x17,0x17,0xff,0x17,0x17,0x17,0xff,0x17,0x17,0x17,0xff,0x17,0x17,0x17,0xff,
    0x17,0x17,0x17,0xff,0x17,0x17,0x17,0xff,0x17,0x17,0x17,0xff,0x17,0x17,0x17,0xff,
    0x17,0x17,0x17,0xff,0x17,0x17,0x17,0xff,0x17,0x17,0x17,0xff,0x17,0x17,0x17,0xff,
    0x17,0x17,0x17,0xff,0x17,0x17,0x17,0xff,0x17,0x17,0x17,0xff,0x17,0x17,0x17,0xff,
    0x17,0x17,0x17,0xff,0x17,0x17,0x17,0xff,0x17,0x17,0x17,0xff,0x17,0x17,0x17,0xff,
    0x17,0x17,0x17,0xff,0x17,0x17,0x17,0xff,0x17,0x17,0x17,0xff,0x17,0x17,0x17,0xff,
    0x17,0x17,0x17,0xff,0x17,0x17,0x17,0xff,0x17,0x17,0x17,0xff,0x17,0x17,0x17,0xff,
    0x17,0x17,0x17,0xff,0x17,0x17,0x17,0xff,0x17,0x17,0x17,0xff,0x17,0x17,0x17,0xff,
    0x17,0x17,0x17,0xff,0x17,0x17,0x17,0xff,0x17,0x17,0x17,0xff,0x17,0x17,0x17,0xff,
    0x17,0x17,0x17,0xff,0x17,0x17,0x17,0xff,0x17,0x17,0x17,0xff,0x17,0x17,0x17,0xff,
    0x17,0x17,0x17,0xff,0x17,0x17,0x17,0xff,0x17,0x17,0x17,0xff,0x17,0x17,0x17,0xff,
    0x17,0x17,0x17,0xff,0x17,0x17,0x17,0xff,0x17,0x17,0x17,0xff,0x17,0x17,0x17,0xff,
    0x17,0x17,0x17,0xff,0x17,0x17,0x17,0xff,0x17,0x17,0x17,0xff,0x17,0x17,0x17,0xff,
    0x17,0x17,0x17,0xff,0x17,0x17,0x17,0xff,0x17,0x17,0x17,0xff,0x17,0x17,0x17,0xff,
    0x17,0x17,0x17,0xff,0x17,0x17,0x17,0xff,0x17,0x17,0x17,0xff,0x17,0x17,0x17,0xff,
    0x17,0x17,0x17,0xff,0x17,0x17,0x17,0xff,0x17,0x17,0x17,0xff,0x17,0x17,0x17,0xff,
    0x17,0x17,0x17,0xff,0x17,0x17,0x17,0xff,0x17,0x17,0x17,0xff,0x17,0x17,0x17,0xff,
    0x17,0x17,0x17,0xff,0x17,0x17,0x17,0xff,0x17,0x17,0x17,0xff,0x17,0x17,0x17,0xff,
    0x17,0x17,0x17,0xff,0x17,0x17,0x17,0xff,0x17,0x17,0x17,0xff,0x17,0x17,0x17,0xff,
    0x17,0x17,0x17,0xff,0x17,0x17,0x17,0xff,0x17,0x17,0x17,0xff,0x17,0x17,0x17,0xff,
    0x17,0x17,0x17,0xff,0x17,0x17,0x17,0xff,0x17,0x17,0x17,0xff,0x17,0x17,0x17,0xff,
    0x17,0x17,0x17,0xff,0x17,0x17,0x17,0xff,0x17,0x17,0x17,0xff,0x17,0x17,0x17,0xff,
    0x17,0x17,0x17,0xff,0x17,0x17,0x17,0xff,0x16,0x16,0x16,0xff,0x22,0x22,0x22,0xff,
    0x00,0x00,0x00,0x00,0x00,0x00,0x00,0x00,0x00,0x00,0x00,0x00,0x00,0x00,0x00,0x00,
    0x00,0x00,0x00,0x00,0x00,0x00,0x00,0x00,0x00,0x00,0x00,0x00,0x00,0x00,0x00,0x00,
    0x27,0x27,0x27,0xff,0x28,0x28,0x28,0xff,0x25,0x25,0x25,0xff,0x17,0x17,0x17,0xff,
    0x17,0x17,0x17,0xff,0x17,0x17,0x17,0xff,0x17,0x17,0x17,0xff,0x17,0x17,0x17,0xff,
    0x17,0x17,0x17,0xff,0x17,0x17,0x17,0xff,0x17,0x17,0x17,0xff,0x17,0x17,0x17,0xff,
    0x17,0x17,0x17,0xff,0x17,0x17,0x17,0xff,0x17,0x17,0x17,0xff,0x17,0x17,0x17,0xff,
    0x17,0x17,0x17,0xff,0x17,0x17,0x17,0xff,0x17,0x17,0x17,0xff,0x17,0x17,0x17,0xff,
    0x17,0x17,0x17,0xff,0x17,0x17,0x17,0xff,0x17,0x17,0x17,0xff,0x17,0x17,0x17,0xff,
    0x17,0x17,0x17,0xff,0x17,0x17,0x17,0xff,0x17,0x17,0x17,0xff,0x17,0x17,0x17,0xff,
    0x17,0x17,0x17,0xff,0x17,0x17,0x17,0xff,0x17,0x17,0x17,0xff,0x17,0x17,0x17,0xff,
    0x17,0x17,0x17,0xff,0x17,0x17,0x17,0xff,0x17,0x17,0x17,0xff,0x17,0x17,0x17,0xff,
    0x17,0x17,0x17,0xff,0x17,0x17,0x17,0xff,0x17,0x17,0x17,0xff,0x17,0x17,0x17,0xff,
    0x17,0x17,0x17,0xff,0x17,0x17,0x17,0xff,0x17,0x17,0x17,0xff,0x17,0x17,0x17,0xff,
    0x17,0x17,0x17,0xff,0x17,0x17,0x17,0xff,0x17,0x17,0x17,0xff,0x17,0x17,0x17,0xff,
    0x17,0x17,0x17,0xff,0x17,0x17,0x17,0xff,0x17,0x17,0x17,0xff,0x17,0x17,0x17,0xff,
    0x17,0x17,0x17,0xff,0x17,0x17,0x17,0xff,0x17,0x17,0x17,0xff,0x17,0x17,0x17,0xff,
    0x17,0x17,0x17,0xff,0x17,0x17,0x17,0xff,0x17,0x17,0x17,0xff,0x17,0x17,0x17,0xff,
    0x17,0x17,0x17,0xff,0x17,0x17,0x17,0xff,0x17,0x17,0x17,0xff,0x17,0x17,0x17,0xff,
    0x17,0x17,0x17,0xff,0x17,0x17,0x17,0xff,0x17,0x17,0x17,0xff,0x17,0x17,0x17,0xff,
    0x17,0x17,0x17,0xff,0x17,0x17,0x17,0xff,0x17,0x17,0x17,0xff,0x17,0x17,0x17,0xff,
    0x17,0x17,0x17,0xff,0x17,0x17,0x17,0xff,0x17,0x17,0x17,0xff,0x17,0x17,0x17,0xff,
    0x17,0x17,0x17,0xff,0x17,0x17,0x17,0xff,0x17,0x17,0x17,0xff,0x17,0x17,0x17,0xff,
    0x17,0x17,0x17,0xff,0x17,0x17,0x17,0xff,0x17,0x17,0x17,0xff,0x17,0x17,0x17,0xff,
    0x17,0x17,0x17,0xff,0x17,0x17,0x17,0xff,0x17,0x17,0x17,0xff,0x17,0x17,0x17,0xff,
    0x17,0x17,0x17,0xff,0x17,0x17,0x17,0xff,0x17,0x17,0x17,0xff,0x17,0x17,0x17,0xff,
    0x17,0x17,0x17,0xff,0x17,0x17,0x17,0xff,0x17,0x17,0x17,0xff,0x17,0x17,0x17,0xff,
    0x17,0x17,0x17,0xff,0x17,0x17,0x17,0xff,0x17,0x17,0x17,0xff,0x17,0x17,0x17,0xff,
    0x17,0x17,0x17,0xff,0x17,0x17,0x17,0xff,0x17,0x17,0x17,0xff,0x17,0x17,0x17,0xff,
    0x17,0x17,0x17,0xff,0x17,0x17,0x17,0xff,0x17,0x17,0x17,0xff,0x17,0x17,0x17,0xff,
    0x17,0x17,0x17,0xff,0x17,0x17,0x17,0xff,0x17,0x17,0x17,0xff,0x17,0x17,0x17,0xff,
    0x17,0x17,0x17,0xff,0x17,0x17,0x17,0xff,0x17,0x17,0x17,0xff,0x17,0x17,0x17,0xff,
    0x17,0x17,0x17,0xff,0x17,0x17,0x17,0xff,0x17,0x17,0x17,0xff,0x17,0x17,0x17,0xff,
    0x17,0x17,0x17,0xff,0x17,0x17,0x17,0xff,0x17,0x17,0x17,0xff,0x17,0x17,0x17,0xff,
    0x17,0x17,0x17,0xff,0x17,0x17,0x17,0xff,0x17,0x17,0x17,0xff,0x17,0x17,0x17,0xff,
    0x17,0x17,0x17,0xff,0x17,0x17,0x17,0xff,0x17,0x17,0x17,0xff,0x17,0x17,0x17,0xff,
    0x17,0x17,0x17,0xff,0x17,0x17,0x17,0xff,0x17,0x17,0x17,0xff,0x17,0x17,0x17,0xff,
    0x17,0x17,0x17,0xff,0x17,0x17,0x17,0xff,0x17,0x17,0x17,0xff,0x17,0x17,0x17,0xff,
    0x17,0x17,0x17,0xff,0x17,0x17,0x17,0xff,0x17,0x17,0x17,0xff,0x17,0x17,0x17,0xff,
    0x17,0x17,0x17,0xff,0x17,0x17,0x17,0xff,0x17,0x17,0x17,0xff,0x17,0x17,0x17,0xff,
    0x17,0x17,0x17,0xff,0x17,0x17,0x17,0xff,0x16,0x16,0x16,0xff,0x22,0x22,0x22,0xff,
    0x00,0x00,0x00,0x00,0x00,0x00,0x00,0x00,0x00,0x00,0x00,0x00,0x00,0x00,0x00,0x00,
    0x00,0x00,0x00,0x00,0x00,0x00,0x00,0x00,0x00,0x00,0x00,0x00,0x00,0x00,0x00,0x00,
    0x27,0x27,0x27,0xff,0x28,0x28,0x28,0xff,0x25,0x25,0x25,0xff,0x17,0x17,0x17,0xff,
    0x17,0x17,0x17,0xff,0x17,0x17,0x17,0xff,0x17,0x17,0x17,0xff,0x17,0x17,0x17,0xff,
    0x17,0x17,0x17,0xff,0x17,0x17,0x17,0xff,0x17,0x17,0x17,0xff,0x17,0x17,0x17,0xff,
    0x17,0x17,0x17,0xff,0x17,0x17,0x17,0xff,0x17,0x17,0x17,0xff,0x17,0x17,0x17,0xff,
    0x17,0x17,0x17,0xff,0x17,0x17,0x17,0xff,0x17,0x17,0x17,0xff,0x17,0x17,0x17,0xff,
    0x17,0x17,0x17,0xff,0x17,0x17,0x17,0xff,0x17,0x17,0x17,0xff,0x17,0x17,0x17,0xff,
    0x17,0x17,0x17,0xff,0x17,0x17,0x17,0xff,0x17,0x17,0x17,0xff,0x17,0x17,0x17,0xff,
    0x17,0x17,0x17,0xff,0x17,0x17,0x17,0xff,0x17,0x17,0x17,0xff,0x17,0x17,0x17,0xff,
    0x17,0x17,0x17,0xff,0x17,0x17,0x17,0xff,0x17,0x17,0x17,0xff,0x17,0x17,0x17,0xff,
    0x17,0x17,0x17,0xff,0x17,0x17,0x17,0xff,0x17,0x17,0x17,0xff,0x17,0x17,0x17,0xff,
    0x17,0x17,0x17,0xff,0x17,0x17,0x17,0xff,0x17,0x17,0x17,0xff,0x17,0x17,0x17,0xff,
    0x17,0x17,0x17,0xff,0x17,0x17,0x17,0xff,0x17,0x17,0x17,0xff,0x17,0x17,0x17,0xff,
    0x17,0x17,0x17,0xff,0x17,0x17,0x17,0xff,0x17,0x17,0x17,0xff,0x17,0x17,0x17,0xff,
    0x17,0x17,0x17,0xff,0x17,0x17,0x17,0xff,0x17,0x17,0x17,0xff,0x17,0x17,0x17,0xff,
    0x17,0x17,0x17,0xff,0x17,0x17,0x17,0xff,0x17,0x17,0x17,0xff,0x17,0x17,0x17,0xff,
    0x17,0x17,0x17,0xff,0x17,0x17,0x17,0xff,0x17,0x17,0x17,0xff,0x17,0x17,0x17,0xff,
    0x17,0x17,0x17,0xff,0x17,0x17,0x17,0xff,0x17,0x17,0x17,0xff,0x17,0x17,0x17,0xff,
    0x17,0x17,0x17,0xff,0x17,0x17,0x17,0xff,0x17,0x17,0x17,0xff,0x17,0x17,0x17,0xff,
    0x17,0x17,0x17,0xff,0x17,0x17,0x17,0xff,0x17,0x17,0x17,0xff,0x17,0x17,0x17,0xff,
    0x17,0x17,0x17,0xff,0x17,0x17,0x17,0xff,0x17,0x17,0x17,0xff,0x17,0x17,0x17,0xff,
    0x17,0x17,0x17,0xff,0x17,0x17,0x17,0xff,0x17,0x17,0x17,0xff,0x17,0x17,0x17,0xff,
    0x17,0x17,0x17,0xff,0x17,0x17,0x17,0xff,0x17,0x17,0x17,0xff,0x17,0x17,0x17,0xff,
    0x17,0x17,0x17,0xff,0x17,0x17,0x17,0xff,0x17,0x17,0x17,0xff,0x17,0x17,0x17,0xff,
    0x17,0x17,0x17,0xff,0x17,0x17,0x17,0xff,0x17,0x17,0x17,0xff,0x17,0x17,0x17,0xff,
    0x17,0x17,0x17,0xff,0x17,0x17,0x17,0xff,0x17,0x17,0x17,0xff,0x17,0x17,0x17,0xff,
    0x17,0x17,0x17,0xff,0x17,0x17,0x17,0xff,0x17,0x17,0x17,0xff,0x17,0x17,0x17,0xff,
    0x17,0x17,0x17,0xff,0x17,0x17,0x17,0xff,0x17,0x17,0x17,0xff,0x17,0x17,0x17,0xff,
    0x17,0x17,0x17,0xff,0x17,0x17,0x17,0xff,0x17,0x17,0x17,0xff,0x17,0x17,0x17,0xff,
    0x17,0x17,0x17,0xff,0x17,0x17,0x17,0xff,0x17,0x17,0x17,0xff,0x17,0x17,0x17,0xff,
    0x17,0x17,0x17,0xff,0x17,0x17,0x17,0xff,0x17,0x17,0x17,0xff,0x17,0x17,0x17,0xff,
    0x17,0x17,0x17,0xff,0x17,0x17,0x17,0xff,0x17,0x17,0x17,0xff,0x17,0x17,0x17,0xff,
    0x17,0x17,0x17,0xff,0x17,0x17,0x17,0xff,0x17,0x17,0x17,0xff,0x17,0x17,0x17,0xff,
    0x17,0x17,0x17,0xff,0x17,0x17,0x17,0xff,0x17,0x17,0x17,0xff,0x17,0x17,0x17,0xff,
    0x17,0x17,0x17,0xff,0x17,0x17,0x17,0xff,0x17,0x17,0x17,0xff,0x17,0x17,0x17,0xff,
    0x17,0x17,0x17,0xff,0x17,0x17,0x17,0xff,0x17,0x17,0x17,0xff,0x17,0x17,0x17,0xff,
    0x17,0x17,0x17,0xff,0x17,0x17,0x17,0xff,0x17,0x17,0x17,0xff,0x17,0x17,0x17,0xff,
    0x17,0x17,0x17,0xff,0x17,0x17,0x17,0xff,0x17,0x17,0x17,0xff,0x17,0x17,0x17,0xff,
    0x17,0x17,0x17,0xff,0x17,0x17,0x17,0xff,0x16,0x16,0x16,0xff,0x22,0x22,0x22,0xff,
    0x00,0x00,0x00,0x00,0x00,0x00,0x00,0x00,0x00,0x00,0x00,0x00,0x00,0x00,0x00,0x00,
    0x00,0x00,0x00,0x00,0x00,0x00,0x00,0x00,0x00,0x00,0x00,0x00,0x00,0x00,0x00,0x00,
    0x27,0x27,0x27,0xff,0x28,0x28,0x28,0xff,0x25,0x25,0x25,0xff,0x17,0x17,0x17,0xff,
    0x17,0x17,0x17,0xff,0x17,0x17,0x17,0xff,0x17,0x17,0x17,0xff,0x17,0x17,0x17,0xff,
    0x17,0x17,0x17,0xff,0x17,0x17,0x17,0xff,0x17,0x17,0x17,0xff,0x17,0x17,0x17,0xff,
    0x17,0x17,0x17,0xff,0x17,0x17,0x17,0xff,0x17,0x17,0x17,0xff,0x17,0x17,0x17,0xff,
    0x17,0x17,0x17,0xff,0x17,0x17,0x17,0xff,0x17,0x17,0x17,0xff,0x17,0x17,0x17,0xff,
    0x17,0x17,0x17,0xff,0x17,0x17,0x17,0xff,0x17,0x17,0x17,0xff,0x17,0x17,0x17,0xff,
    0x17,0x17,0x17,0xff,0x17,0x17,0x17,0xff,0x17,0x17,0x17,0xff,0x17,0x17,0x17,0xff,
    0x17,0x17,0x17,0xff,0x17,0x17,0x17,0xff,0x17,0x17,0x17,0xff,0x17,0x17,0x17,0xff,
    0x17,0x17,0x17,0xff,0x17,0x17,0x17,0xff,0x17,0x17,0x17,0xff,0x17,0x17,0x17,0xff,
    0x17,0x17,0x17,0xff,0x17,0x17,0x17,0xff,0x17,0x17,0x17,0xff,0x17,0x17,0x17,0xff,
    0x17,0x17,0x17,0xff,0x17,0x17,0x17,0xff,0x17,0x17,0x17,0xff,0x17,0x17,0x17,0xff,
    0x17,0x17,0x17,0xff,0x17,0x17,0x17,0xff,0x17,0x17,0x17,0xff,0x17,0x17,0x17,0xff,
    0x17,0x17,0x17,0xff,0x17,0x17,0x17,0xff,0x17,0x17,0x17,0xff,0x17,0x17,0x17,0xff,
    0x17,0x17,0x17,0xff,0x17,0x17,0x17,0xff,0x17,0x17,0x17,0xff,0x17,0x17,0x17,0xff,
    0x17,0x17,0x17,0xff,0x17,0x17,0x17,0xff,0x17,0x17,0x17,0xff,0x17,0x17,0x17,0xff,
    0x17,0x17,0x17,0xff,0x17,0x17,0x17,0xff,0x17,0x17,0x17,0xff,0x17,0x17,0x17,0xff,
    0x17,0x17,0x17,0xff,0x17,0x17,0x17,0xff,0x17,0x17,0x17,0xff,0x17,0x17,0x17,0xff,
    0x17,0x17,0x17,0xff,0x17,0x17,0x17,0xff,0x17,0x17,0x17,0xff,0x17,0x17,0x17,0xff,
    0x17,0x17,0x17,0xff,0x17,0x17,0x15,0xff,0x17,0x17,0x14,0xff,0x17,0x17,0x16,0xff,
    0x17,0x17,0x17,0xff,0x17,0x17,0x17,0xff,0x17,0x17,0x17,0xff,0x17,0x17,0x17,0xff,
    0x17,0x17,0x17,0xff,0x17,0x17,0x17,0xff,0x17,0x17,0x17,0xff,0x17,0x17,0x17,0xff,
    0x17,0x17,0x17,0xff,0x17,0x17,0x17,0xff,0x17,0x17,0x17,0xff,0x17,0x17,0x17,0xff,
    0x17,0x17,0x17,0xff,0x17,0x17,0x17,0xff,0x17,0x17,0x17,0xff,0x17,0x17,0x17,0xff,
    0x17,0x17,0x17,0xff,0x17,0x17,0x17,0xff,0x17,0x17,0x17,0xff,0x17,0x17,0x17,0xff,
    0x17,0x17,0x17,0xff,0x17,0x17,0x17,0xff,0x17,0x17,0x17,0xff,0x17,0x17,0x17,0xff,
    0x17,0x17,0x17,0xff,0x17,0x17,0x17,0xff,0x17,0x17,0x17,0xff,0x17,0x17,0x17,0xff,
    0x17,0x17,0x17,0xff,0x17,0x17,0x17,0xff,0x17,0x17,0x17,0xff,0x17,0x17,0x17,0xff,
    0x17,0x17,0x17,0xff,0x17,0x17,0x17,0xff,0x17,0x17,0x17,0xff,0x17,0x17,0x17,0xff,
    0x17,0x17,0x17,0xff,0x17,0x17,0x17,0xff,0x17,0x17,0x17,0xff,0x17,0x17,0x17,0xff,
    0x17,0x17,0x17,0xff,0x17,0x17,0x17,0xff,0x17,0x17,0x17,0xff,0x17,0x17,0x17,0xff,
    0x17,0x17,0x17,0xff,0x17,0x17,0x17,0xff,0x17,0x17,0x17,0xff,0x17,0x17,0x17,0xff,
    0x17,0x17,0x17,0xff,0x17,0x17,0x17,0xff,0x17,0x17,0x17,0xff,0x17,0x17,0x17,0xff,
    0x17,0x17,0x17,0xff,0x17,0x17,0x17,0xff,0x17,0x17,0x17,0xff,0x17,0x17,0x17,0xff,
    0x17,0x17,0x17,0xff,0x17,0x17,0x17,0xff,0x17,0x17,0x17,0xff,0x17,0x17,0x17,0xff,
    0x17,0x17,0x17,0xff,0x17,0x17,0x17,0xff,0x17,0x17,0x17,0xff,0x17,0x17,0x17,0xff,
    0x17,0x17,0x17,0xff,0x17,0x17,0x17,0xff,0x17,0x17,0x17,0xff,0x17,0x17,0x17,0xff,
    0x17,0x17,0x17,0xff,0x17,0x17,0x17,0xff,0x17,0x17,0x17,0xff,0x17,0x17,0x17,0xff,
    0x17,0x17,0x17,0xff,0x17,0x17,0x17,0xff,0x16,0x16,0x16,0xff,0x22,0x22,0x22,0xff,
    0x00,0x00,0x00,0x00,0x00,0x00,0x00,0x00,0x00,0x00,0x00,0x00,0x00,0x00,0x00,0x00,
    0x00,0x00,0x00,0x00,0x00,0x00,0x00,0x00,0x00,0x00,0x00,0x00,0x00,0x00,0x00,0x00,
    0x27,0x27,0x27,0xff,0x28,0x28,0x28,0xff,0x25,0x25,0x25,0xff,0x17,0x17,0x17,0xff,
    0x17,0x17,0x17,0xff,0x17,0x17,0x17,0xff,0x17,0x17,0x17,0xff,0x17,0x17,0x17,0xff,
    0x17,0x17,0x17,0xff,0x17,0x17,0x17,0xff,0x17,0x17,0x17,0xff,0x17,0x17,0x17,0xff,
    0x17,0x17,0x17,0xff,0x17,0x17,0x17,0xff,0x17,0x17,0x17,0xff,0x17,0x17,0x17,0xff,
    0x17,0x17,0x17,0xff,0x17,0x17,0x17,0xff,0x17,0x17,0x17,0xff,0x17,0x17,0x17,0xff,
    0x17,0x17,0x17,0xff,0x17,0x17,0x17,0xff,0x17,0x17,0x17,0xff,0x17,0x17,0x17,0xff,
    0x17,0x17,0x17,0xff,0x17,0x17,0x17,0xff,0x17,0x17,0x17,0xff,0x17,0x17,0x17,0xff,
    0x17,0x17,0x17,0xff,0x17,0x17,0x17,0xff,0x17,0x17,0x17,0xff,0x17,0x17,0x17,0xff,
    0x17,0x17,0x17,0xff,0x17,0x17,0x17,0xff,0x17,0x17,0x17,0xff,0x17,0x17,0x17,0xff,
    0x17,0x17,0x17,0xff,0x17,0x17,0x17,0xff,0x17,0x17,0x17,0xff,0x17,0x17,0x17,0xff,
    0x17,0x17,0x17,0xff,0x17,0x17,0x17,0xff,0x17,0x17,0x17,0xff,0x17,0x17,0x17,0xff,
    0x17,0x17,0x17,0xff,0x17,0x17,0x17,0xff,0x17,0x17,0x17,0xff,0x17,0x17,0x17,0xff,
    0x17,0x17,0x17,0xff,0x17,0x17,0x17,0xff,0x17,0x17,0x17,0xff,0x17,0x17,0x17,0xff,
    0x17,0x17,0x17,0xff,0x17,0x17,0x17,0xff,0x17,0x17,0x17,0xff,0x17,0x17,0x17,0xff,
    0x17,0x17,0x17,0xff,0x17,0x17,0x17,0xff,0x17,0x17,0x17,0xff,0x17,0x17,0x17,0xff,
    0x17,0x17,0x17,0xff,0x17,0x17,0x17,0xff,0x17,0x17,0x17,0xff,0x17,0x17,0x17,0xff,
    0x17,0x17,0x17,0xff,0x17,0x17,0x17,0xff,0x17,0x17,0x17,0xff,0x17,0x17,0x17,0xff,
    0x17,0x17,0x17,0xff,0x17,0x17,0x17,0xff,0x17,0x17,0x17,0xff,0x17,0x17,0x17,0xff,
    0x17,0x17,0x17,0xff,0x17,0x17,0x1b,0xff,0x17,0x17,0x1b,0xff,0x17,0x17,0x18,0xff,
    0x17,0x17,0x17,0xff,0x17,0x17,0x17,0xff,0x17,0x17,0x17,0xff,0x17,0x17,0x17,0xff,
    0x17,0x17,0x17,0xff,0x17,0x17,0x17,0xff,0x17,0x17,0x17,0xff,0x17,0x17,0x17,0xff,
    0x17,0x17,0x17,0xff,0x17,0x17,0x17,0xff,0x17,0x17,0x17,0xff,0x17,0x17,0x17,0xff,
    0x17,0x17,0x17,0xff,0x17,0x17,0x17,0xff,0x17,0x17,0x17,0xff,0x17,0x17,0x17,0xff,
    0x17,0x17,0x17,0xff,0x17,0x17,0x17,0xff,0x17,0x17,0x17,0xff,0x17,0x17,0x17,0xff,
    0x17,0x17,0x17,0xff,0x17,0x17,0x17,0xff,0x17,0x17,0x17,0xff,0x17,0x17,0x17,0xff,
    0x17,0x17,0x17,0xff,0x17,0x17,0x17,0xff,0x17,0x17,0x17,0xff,0x17,0x17,0x17,0xff,
    0x17,0x17,0x17,0xff,0x17,0x17,0x17,0xff,0x17,0x17,0x17,0xff,0x17,0x17,0x17,0xff,
    0x17,0x17,0x17,0xff,0x17,0x17,0x17,0xff,0x17,0x17,0x17,0xff,0x17,0x17,0x17,0xff,
    0x17,0x17,0x17,0xff,0x17,0x17,0x17,0xff,0x17,0x17,0x17,0xff,0x17,0x17,0x17,0xff,
    0x17,0x17,0x17,0xff,0x17,0x17,0x17,0xff,0x17,0x17,0x17,0xff,0x17,0x17,0x17,0xff,
    0x17,0x17,0x17,0xff,0x17,0x17,0x17,0xff,0x17,0x17,0x17,0xff,0x17,0x17,0x17,0xff,
    0x17,0x17,0x17,0xff,0x17,0x17,0x17,0xff,0x17,0x17,0x17,0xff,0x17,0x17,0x17,0xff,
    0x17,0x17,0x17,0xff,0x17,0x17,0x17,0xff,0x17,0x17,0x17,0xff,0x17,0x17,0x17,0xff,
    0x17,0x17,0x17,0xff,0x17,0x17,0x17,0xff,0x17,0x17,0x17,0xff,0x17,0x17,0x17,0xff,
    0x17,0x17,0x17,0xff,0x17,0x17,0x17,0xff,0x17,0x17,0x17,0xff,0x17,0x17,0x17,0xff,
    0x17,0x17,0x17,0xff,0x17,0x17,0x17,0xff,0x17,0x17,0x17,0xff,0x17,0x17,0x17,0xff,
    0x17,0x17,0x17,0xff,0x17,0x17,0x17,0xff,0x17,0x17,0x17,0xff,0x17,0x17,0x17,0xff,
    0x17,0x17,0x17,0xff,0x17,0x17,0x17,0xff,0x16,0x16,0x16,0xff,0x22,0x22,0x22,0xff,
    0x00,0x00,0x00,0x00,0x00,0x00,0x00,0x00,0x00,0x00,0x00,0x00,0x00,0x00,0x00,0x00,
    0x00,0x00,0x00,0x00,0x00,0x00,0x00,0x00,0x00,0x00,0x00,0x00,0x00,0x00,0x00,0x00,
    0x27,0x27,0x27,0xff,0x28,0x28,0x28,0xff,0x25,0x25,0x25,0xff,0x17,0x17,0x17,0xff,
    0x17,0x17,0x17,0xff,0x17,0x17,0x17,0xff,0x17,0x17,0x17,0xff,0x17,0x17,0x17,0xff,
    0x17,0x17,0x17,0xff,0x17,0x17,0x17,0xff,0x17,0x17,0x17,0xff,0x17,0x17,0x17,0xff,
    0x17,0x17,0x17,0xff,0x17,0x17,0x17,0xff,0x17,0x17,0x17,0xff,0x17,0x17,0x17,0xff,
    0x17,0x17,0x17,0xff,0x17,0x17,0x17,0xff,0x17,0x17,0x17,0xff,0x17,0x17,0x17,0xff,
    0x17,0x17,0x17,0xff,0x17,0x17,0x17,0xff,0x17,0x17,0x17,0xff,0x17,0x17,0x17,0xff,
    0x17,0x17,0x17,0xff,0x17,0x17,0x17,0xff,0x17,0x17,0x17,0xff,0x17,0x17,0x17,0xff,
    0x17,0x17,0x17,0xff,0x17,0x17,0x17,0xff,0x17,0x17,0x17,0xff,0x17,0x17,0x17,0xff,
    0x17,0x17,0x17,0xff,0x17,0x17,0x17,0xff,0x17,0x17,0x17,0xff,0x17,0x17,0x17,0xff,
    0x17,0x17,0x17,0xff,0x17,0x17,0x17,0xff,0x17,0x17,0x17,0xff,0x17,0x17,0x17,0xff,
    0x17,0x17,0x17,0xff,0x17,0x17,0x17,0xff,0x17,0x17,0x17,0xff,0x17,0x17,0x17,0xff,
    0x17,0x17,0x17,0xff,0x17,0x17,0x17,0xff,0x17,0x17,0x17,0xff,0x17,0x17,0x17,0xff,
    0x17,0x17,0x17,0xff,0x17,0x17,0x17,0xff,0x17,0x17,0x17,0xff,0x17,0x17,0x17,0xff,
    0x17,0x17,0x17,0xff,0x17,0x17,0x17,0xff,0x17,0x17,0x17,0xff,0x17,0x17,0x17,0xff,
    0x17,0x17,0x17,0xff,0x17,0x17,0x17,0xff,0x17,0x17,0x17,0xff,0x17,0x17,0x17,0xff,
    0x17,0x17,0x17,0xff,0x17,0x17,0x17,0xff,0x17,0x17,0x17,0xff,0x17,0x17,0x17,0xff,
    0x17,0x17,0x17,0xff,0x17,0x17,0x17,0xff,0x17,0x17,0x17,0xff,0x17,0x17,0x17,0xff,
    0x17,0x17,0x17,0xff,0x17,0x17,0x17,0xff,0x17,0x17,0x17,0xff,0x17,0x17,0x12,0xff,
    0x18,0x18,0x22,0xff,0x1f,0x1f,0x9a,0xff,0x20,0x20,0xa3,0xff,0x1a,0x1a,0x3f,0xff,
    0x16,0x16,0x0f,0xff,0x17,0x17,0x17,0xff,0x17,0x17,0x17,0xff,0x17,0x17,0x17,0xff,
    0x17,0x17,0x17,0xff,0x17,0x17,0x17,0xff,0x17,0x17,0x17,0xff,0x17,0x17,0x17,0xff,
    0x17,0x17,0x17,0xff,0x17,0x17,0x17,0xff,0x17,0x17,0x17,0xff,0x17,0x17,0x17,0xff,
    0x17,0x17,0x17,0xff,0x17,0x17,0x17,0xff,0x17,0x17,0x17,0xff,0x17,0x17,0x17,0xff,
    0x17,0x17,0x17,0xff,0x17,0x17,0x17,0xff,0x17,0x17,0x17,0xff,0x17,0x17,0x17,0xff,
    0x17,0x17,0x17,0xff,0x17,0x17,0x17,0xff,0x17,0x17,0x17,0xff,0x17,0x17,0x17,0xff,
    0x17,0x17,0x17,0xff,0x17,0x17,0x17,0xff,0x17,0x17,0x17,0xff,0x17,0x17,0x17,0xff,
    0x17,0x17,0x17,0xff,0x17,0x17,0x17,0xff,0x17,0x17,0x17,0xff,0x17,0x17,0x17,0xff,
    0x17,0x17,0x17,0xff,0x17,0x17,0x17,0xff,0x17,0x17,0x17,0xff,0x17,0x17,0x17,0xff,
    0x17,0x17,0x17,0xff,0x17,0x17,0x17,0xff,0x17,0x17,0x17,0xff,0x17,0x17,0x17,0xff,
    0x17,0x17,0x17,0xff,0x17,0x17,0x17,0xff,0x17,0x17,0x17,0xff,0x17,0x17,0x17,0xff,
    0x17,0x17,0x17,0xff,0x17,0x17,0x17,0xff,0x17,0x17,0x17,0xff,0x17,0x17,0x17,0xff,
    0x17,0x17,0x17,0xff,0x17,0x17,0x17,0xff,0x17,0x17,0x17,0xff,0x17,0x17,0x17,0xff,
    0x17,0x17,0x17,0xff,0x17,0x17,0x17,0xff,0x17,0x17,0x17,0xff,0x17,0x17,0x17,0xff,
    0x17,0x17,0x17,0xff,0x17,0x17,0x17,0xff,0x17,0x17,0x17,0xff,0x17,0x17,0x17,0xff,
    0x17,0x17,0x17,0xff,0x17,0x17,0x17,0xff,0x17,0x17,0x17,0xff,0x17,0x17,0x17,0xff,
    0x17,0x17,0x17,0xff,0x17,0x17,0x17,0xff,0x17,0x17,0x17,0xff,0x17,0x17,0x17,0xff,
    0x17,0x17,0x17,0xff,0x17,0x17,0x17,0xff,0x17,0x17,0x17,0xff,0x17,0x17,0x17,0xff,
    0x17,0x17,0x17,0xff,0x17,0x17,0x17,0xff,0x16,0x16,0x16,0xff,0x22,0x22,0x22,0xff,
    0x00,0x00,0x00,0x00,0x00,0x00,0x00,0x00,0x00,0x00,0x00,0x00,0x00,0x00,0x00,0x00,
    0x00,0x00,0x00,0x00,0x00,0x00,0x00,0x00,0x00,0x00,0x00,0x00,0x00,0x00,0x00,0x00,
    0x27,0x27,0x27,0xff,0x28,0x28,0x28,0xff,0x25,0x25,0x25,0xff,0x17,0x17,0x17,0xff,
    0x17,0x17,0x17,0xff,0x17,0x17,0x17,0xff,0x17,0x17,0x17,0xff,0x17,0x17,0x17,0xff,
    0x17,0x17,0x17,0xff,0x17,0x17,0x17,0xff,0x17,0x17,0x17,0xff,0x17,0x17,0x17,0xff,
    0x17,0x17,0x17,0xff,0x17,0x17,0x17,0xff,0x17,0x17,0x17,0xff,0x17,0x17,0x17,0xff,
    0x17,0x17,0x17,0xff,0x17,0x17,0x17,0xff,0x17,0x17,0x17,0xff,0x17,0x17,0x17,0xff,
    0x17,0x17,0x17,0xff,0x17,0x17,0x17,0xff,0x17,0x17,0x17,0xff,0x17,0x17,0x17,0xff,
    0x17,0x17,0x17,0xff,0x17,0x17,0x17,0xff,0x17,0x17,0x17,0xff,0x17,0x17,0x17,0xff,
    0x17,0x17,0x17,0xff,0x17,0x17,0x17,0xff,0x17,0x17,0x17,0xff,0x17,0x17,0x17,0xff,
    0x17,0x17,0x17,0xff,0x17,0x17,0x17,0xff,0x17,0x17,0x17,0xff,0x17,0x17,0x17,0xff,
    0x17,0x17,0x17,0xff,0x17,0x17,0x17,0xff,0x17,0x17,0x17,0xff,0x17,0x17,0x17,0xff,
    0x17,0x17,0x17,0xff,0x17,0x17,0x17,0xff,0x17,0x17,0x17,0xff,0x17,0x17,0x17,0xff,
    0x17,0x17,0x17,0xff,0x17,0x17,0x17,0xff,0x17,0x17,0x17,0xff,0x17,0x17,0x17,0xff,
    0x17,0x17,0x17,0xff,0x17,0x17,0x17,0xff,0x17,0x17,0x17,0xff,0x17,0x17,0x17,0xff,
    0x17,0x17,0x17,0xff,0x17,0x17,0x17,0xff,0x17,0x17,0x17,0xff,0x17,0x17,0x17,0xff,
    0x17,0x17,0x17,0xff,0x17,0x17,0x17,0xff,0x17,0x17,0x17,0xff,0x17,0x17,0x17,0xff,
    0x17,0x17,0x17,0xff,0x17,0x17,0x17,0xff,0x17,0x17,0x17,0xff,0x17,0x17,0x17,0xff,
    0x17,0x17,0x17,0xff,0x17,0x17,0x17,0xff,0x17,0x17,0x17,0xff,0x17,0x17,0x17,0xff,
    0x17,0x17,0x17,0xff,0x17,0x17,0x17,0xff,0x17,0x17,0x17,0xff,0x17,0x17,0x11,0xff,
    0x18,0x18,0x2b,0xff,0x24,0x24,0xe8,0xff,0x25,0x25,0xfb,0xff,0x1b,0x1b,0x58,0xff,
    0x16,0x16,0x0a,0xff,0x17,0x17,0x17,0xff,0x17,0x17,0x17,0xff,0x17,0x17,0x17,0xff,
    0x17,0x17,0x17,0xff,0x17,0x17,0x17,0xff,0x17,0x17,0x17,0xff,0x17,0x17,0x17,0xff,
    0x17,0x17,0x17,0xff,0x17,0x17,0x17,0xff,0x17,0x17,0x17,0xff,0x17,0x17,0x17,0xff,
    0x17,0x17,0x17,0xff,0x17,0x17,0x17,0xff,0x17,0x17,0x17,0xff,0x17,0x17,0x17,0xff,
    0x17,0x17,0x17,0xff,0x17,0x17,0x17,0xff,0x17,0x17,0x17,0xff,0x17,0x17,0x17,0xff,
    0x17,0x17,0x17,0xff,0x17,0x17,0x17,0xff,0x17,0x17,0x17,0xff,0x17,0x17,0x17,0xff,
    0x17,0x17,0x17,0xff,0x17,0x17,0x17,0xff,0x17,0x17,0x17,0xff,0x17,0x17,0x17,0xff,
    0x17,0x17,0x17,0xff,0x17,0x17,0x17,0xff,0x17,0x17,0x17,0xff,0x17,0x17,0x17,0xff,
    0x17,0x17,0x17,0xff,0x17,0x17,0x17,0xff,0x17,0x17,0x17,0xff,0x17,0x17,0x17,0xff,
    0x17,0x17,0x17,0xff,0x17,0x17,0x17,0xff,0x17,0x17,0x17,0xff,0x17,0x17,0x17,0xff,
    0x17,0x17,0x17,0xff,0x17,0x17,0x17,0xff,0x17,0x17,0x17,0xff,0x17,0x17,0x17,0xff,
    0x17,0x17,0x17,0xff,0x17,0x17,0x17,0xff,0x17,0x17,0x17,0xff,0x17,0x17,0x17,0xff,
    0x17,0x17,0x17,0xff,0x17,0x17,0x17,0xff,0x17,0x17,0x17,0xff,0x17,0x17,0x17,0xff,
    0x17,0x17,0x17,0xff,0x17,0x17,0x17,0xff,0x17,0x17,0x17,0xff,0x17,0x17,0x17,0xff,
    0x17,0x17,0x17,0xff,0x17,0x17,0x17,0xff,0x17,0x17,0x17,0xff,0x17,0x17,0x17,0xff,
    0x17,0x17,0x17,0xff,0x17,0x17,0x17,0xff,0x17,0x17,0x17,0xff,0x17,0x17,0x17,0xff,
    0x17,0x17,0x17,0xff,0x17,0x17,0x17,0xff,0x17,0x17,0x17,0xff,0x17,0x17,0x17,0xff,
    0x17,0x17,0x17,0xff,0x17,0x17,0x17,0xff,0x17,0x17,0x17,0xff,0x17,0x17,0x17,0xff,
    0x17,0x17,0x17,0xff,0x17,0x17,0x17,0xff,0x16,0x16,0x16,0xff,0x22,0x22,0x22,0xff,
    0x00,0x00,0x00,0x00,0x00,0x00,0x00,0x00,0x00,0x00,0x00,0x00,0x00,0x00,0x00,0x00,
    0x00,0x00,0x00,0x00,0x00,0x00,0x00,0x00,0x00,0x00,0x00,0x00,0x00,0x00,0x00,0x00,
    0x27,0x27,0x27,0xff,0x28,0x28,0x28,0xff,0x25,0x25,0x25,0xff,0x17,0x17,0x17,0xff,
    0x17,0x17,0x17,0xff,0x17,0x17,0x17,0xff,0x17,0x17,0x17,0xff,0x17,0x17,0x17,0xff,
    0x17,0x17,0x17,0xff,0x17,0x17,0x17,0xff,0x17,0x17,0x17,0xff,0x17,0x17,0x17,0xff,
    0x17,0x17,0x17,0xff,0x17,0x17,0x17,0xff,0x17,0x17,0x17,0xff,0x17,0x17,0x17,0xff,
    0x17,0x17,0x17,0xff,0x17,0x17,0x17,0xff,0x17,0x17,0x17,0xff,0x17,0x17,0x17,0xff,
    0x17,0x17,0x17,0xff,0x17,0x17,0x17,0xff,0x17,0x17,0x17,0xff,0x17,0x17,0x17,0xff,
    0x17,0x17,0x17,0xff,0x17,0x17,0x17,0xff,0x17,0x17,0x17,0xff,0x17,0x17,0x17,0xff,
    0x17,0x17,0x17,0xff,0x17,0x17,0x17,0xff,0x17,0x17,0x17,0xff,0x17,0x17,0x17,0xff,
    0x17,0x17,0x17,0xff,0x17,0x17,0x17,0xff,0x17,0x17,0x17,0xff,0x17,0x17,0x17,0xff,
    0x17,0x17,0x17,0xff,0x17,0x17,0x17,0xff,0x17,0x17,0x17,0xff,0x17,0x17,0x17,0xff,
    0x17,0x17,0x17,0xff,0x17,0x17,0x17,0xff,0x17,0x17,0x17,0xff,0x17,0x17,0x17,0xff,
    0x17,0x17,0x17,0xff,0x17,0x17,0x17,0xff,0x17,0x17,0x17,0xff,0x17,0x17,0x17,0xff,
    0x17,0x17,0x17,0xff,0x17,0x17,0x17,0xff,0x17,0x17,0x17,0xff,0x17,0x17,0x17,0xff,
    0x17,0x17,0x17,0xff,0x17,0x17,0x17,0xff,0x17,0x17,0x17,0xff,0x17,0x17,0x17,0xff,
    0x17,0x17,0x17,0xff,0x17,0x17,0x17,0xff,0x17,0x17,0x17,0xff,0x17,0x17,0x17,0xff,
    0x17,0x17,0x17,0xff,0x17,0x17,0x17,0xff,0x17,0x17,0x17,0xff,0x17,0x17,0x17,0xff,
    0x17,0x17,0x17,0xff,0x17,0x17,0x17,0xff,0x17,0x17,0x17,0xff,0x17,0x17,0x17,0xff,
    0x17,0x17,0x17,0xff,0x17,0x17,0x17,0xff,0x17,0x17,0x16,0xff,0x17,0x17,0x13,0xff,
    0x19,0x19,0x33,0xff,0x25,0x25,0xf9,0xff,0x26,0x26,0xff,0xff,0x1c,0x1c,0x60,0xff,
    0x17,0x17,0x0a,0xff,0x17,0x17,0x17,0xff,0x17,0x17,0x17,0xff,0x17,0x17,0x17,0xff,
    0x17,0x17,0x17,0xff,0x17,0x17,0x17,0xff,0x17,0x17,0x17,0xff,0x17,0x17,0x17,0xff,
    0x17,0x17,0x17,0xff,0x17,0x17,0x17,0xff,0x17,0x17,0x17,0xff,0x17,0x17,0x17,0xff,
    0x17,0x17,0x17,0xff,0x17,0x17,0x17,0xff,0x17,0x17,0x17,0xff,0x17,0x17,0x17,0xff,
    0x17,0x17,0x17,0xff,0x17,0x17,0x17,0xff,0x17,0x17,0x17,0xff,0x17,0x17,0x17,0xff,
    0x17,0x17,0x17,0xff,0x17,0x17,0x17,0xff,0x17,0x17,0x17,0xff,0x17,0x17,0x17,0xff,
    0x17,0x17,0x17,0xff,0x17,0x17,0x17,0xff,0x17,0x17,0x17,0xff,0x17,0x17,0x17,0xff,
    0x17,0x17,0x17,0xff,0x17,0x17,0x17,0xff,0x17,0x17,0x17,0xff,0x17,0x17,0x17,0xff,
    0x17,0x17,0x17,0xff,0x17,0x17,0x17,0xff,0x17,0x17,0x17,0xff,0x17,0x17,0x17,0xff,
    0x17,0x17,0x17,0xff,0x17,0x17,0x17,0xff,0x17,0x17,0x17,0xff,0x17,0x17,0x17,0xff,
    0x17,0x17,0x17,0xff,0x17,0x17,0x17,0xff,0x17,0x17,0x17,0xff,0x17,0x17,0x17,0xff,
    0x17,0x17,0x17,0xff,0x17,0x17,0x17,0xff,0x17,0x17,0x17,0xff,0x17,0x17,0x17,0xff,
    0x17,0x17,0x17,0xff,0x17,0x17,0x17,0xff,0x17,0x17,0x17,0xff,0x17,0x17,0x17,0xff,
    0x17,0x17,0x17,0xff,0x17,0x17,0x17,0xff,0x17,0x17,0x17,0xff,0x17,0x17,0x17,0xff,
    0x17,0x17,0x17,0xff,0x17,0x17,0x17,0xff,0x17,0x17,0x17,0xff,0x17,0x17,0x17,0xff,
    0x17,0x17,0x17,0xff,0x17,0x17,0x17,0xff,0x17,0x17,0x17,0xff,0x17,0x17,0x17,0xff,
    0x17,0x17,0x17,0xff,0x17,0x17,0x17,0xff,0x17,0x17,0x17,0xff,0x17,0x17,0x17,0xff,
    0x17,0x17,0x17,0xff,0x17,0x17,0x17,0xff,0x17,0x17,0x17,0xff,0x17,0x17,0x17,0xff,
    0x17,0x17,0x17,0xff,0x17,0x17,0x17,0xff,0x16,0x16,0x16,0xff,0x22,0x22,0x22,0xff,
    0x00,0x00,0x00,0x00,0x00,0x00,0x00,0x00,0x00,0x00,0x00,0x00,0x00,0x00,0x00,0x00,
    0x00,0x00,0x00,0x00,0x00,0x00,0x00,0x00,0x00,0x00,0x00,0x00,0x00,0x00,0x00,0x00,
    0x27,0x27,0x27,0xff,0x28,0x28,0x28,0xff,0x25,0x25,0x25,0xff,0x17,0x17,0x17,0xff,
    0x17,0x17,0x17,0xff,0x17,0x17,0x17,0xff,0x17,0x17,0x17,0xff,0x17,0x17,0x17,0xff,
    0x17,0x17,0x17,0xff,0x17,0x17,0x17,0xff,0x17,0x17,0x17,0xff,0x17,0x17,0x17,0xff,
    0x17,0x17,0x17,0xff,0x17,0x17,0x17,0xff,0x17,0x17,0x17,0xff,0x17,0x17,0x17,0xff,
    0x17,0x17,0x17,0xff,0x17,0x17,0x17,0xff,0x17,0x17,0x17,0xff,0x17,0x17,0x17,0xff,
    0x17,0x17,0x17,0xff,0x17,0x17,0x17,0xff,0x17,0x17,0x17,0xff,0x17,0x17,0x17,0xff,
    0x17,0x17,0x17,0xff,0x17,0x17,0x17,0xff,0x17,0x17,0x17,0xff,0x17,0x17,0x17,0xff,
    0x17,0x17,0x17,0xff,0x17,0x17,0x17,0xff,0x17,0x17,0x17,0xff,0x17,0x17,0x17,0xff,
    0x17,0x17,0x17,0xff,0x17,0x17,0x17,0xff,0x17,0x17,0x17,0xff,0x17,0x17,0x17,0xff,
    0x17,0x17,0x17,0xff,0x17,0x17,0x17,0xff,0x17,0x17,0x17,0xff,0x17,0x17,0x17,0xff,
    0x17,0x17,0x17,0xff,0x17,0x17,0x17,0xff,0x17,0x17,0x17,0xff,0x17,0x17,0x17,0xff,
    0x17,0x17,0x17,0xff,0x17,0x17,0x17,0xff,0x17,0x17,0x17,0xff,0x17,0x17,0x17,0xff,
    0x17,0x17,0x17,0xff,0x17,0x17,0x17,0xff,0x17,0x17,0x17,0xff,0x17,0x17,0x17,0xff,
    0x17,0x17,0x17,0xff,0x17,0x17,0x17,0xff,0x17,0x17,0x17,0xff,0x17,0x17,0x17,0xff,
    0x17,0x17,0x17,0xff,0x17,0x17,0x17,0xff,0x17,0x17,0x17,0xff,0x17,0x17,0x17,0xff,
    0x17,0x17,0x17,0xff,0x17,0x17,0x17,0xff,0x17,0x17,0x17,0xff,0x17,0x17,0x17,0xff,
    0x17,0x17,0x17,0xff,0x17,0x17,0x17,0xff,0x17,0x17,0x17,0xff,0x17,0x17,0x17,0xff,
    0x17,0x17,0x17,0xff,0x17,0x17,0x17,0xff,0x17,0x17,0x16,0xff,0x17,0x17,0x15,0xff,
    0x19,0x19,0x3a,0xff,0x25,0x25,0xf5,0xff,0x26,0x26,0xff,0xff,0x1c,0x1c,0x64,0xff,
    0x17,0x17,0x0e,0xff,0x17,0x17,0x17,0xff,0x17,0x17,0x17,0xff,0x17,0x17,0x17,0xff,
    0x17,0x17,0x17,0xff,0x17,0x17,0x17,0xff,0x17,0x17,0x17,0xff,0x17,0x17,0x17,0xff,
    0x17,0x17,0x17,0xff,0x17,0x17,0x17,0xff,0x17,0x17,0x17,0xff,0x17,0x17,0x17,0xff,
    0x17,0x17,0x17,0xff,0x17,0x17,0x17,0xff,0x17,0x17,0x17,0xff,0x17,0x17,0x17,0xff,
    0x17,0x17,0x17,0xff,0x17,0x17,0x17,0xff,0x17,0x17,0x17,0xff,0x17,0x17,0x17,0xff,
    0x17,0x17,0x17,0xff,0x17,0x17,0x17,0xff,0x17,0x17,0x17,0xff,0x17,0x17,0x17,0xff,
    0x17,0x17,0x17,0xff,0x17,0x17,0x17,0xff,0x17,0x17,0x17,0xff,0x17,0x17,0x17,0xff,
    0x17,0x17,0x17,0xff,0x17,0x17,0x17,0xff,0x17,0x17,0x17,0xff,0x17,0x17,0x17,0xff,
    0x17,0x17,0x17,0xff,0x17,0x17,0x17,0xff,0x17,0x17,0x17,0xff,0x17,0x17,0x17,0xff,
    0x17,0x17,0x17,0xff,0x17,0x17,0x17,0xff,0x17,0x17,0x17,0xff,0x17,0x17,0x17,0xff,
    0x17,0x17,0x17,0xff,0x17,0x17,0x17,0xff,0x17,0x17,0x17,0xff,0x17,0x17,0x17,0xff,
    0x17,0x17,0x17,0xff,0x17,0x17,0x17,0xff,0x17,0x17,0x17,0xff,0x17,0x17,0x17,0xff,
    0x17,0x17,0x17,0xff,0x17,0x17,0x17,0xff,0x17,0x17,0x17,0xff,0x17,0x17,0x17,0xff,
    0x17,0x17,0x17,0xff,0x17,0x17,0x17,0xff,0x17,0x17,0x17,0xff,0x17,0x17,0x17,0xff,
    0x17,0x17,0x17,0xff,0x17,0x17,0x17,0xff,0x17,0x17,0x17,0xff,0x17,0x17,0x17,0xff,
    0x17,0x17,0x17,0xff,0x17,0x17,0x17,0xff,0x17,0x17,0x17,0xff,0x17,0x17,0x17,0xff,
    0x17,0x17,0x17,0xff,0x17,0x17,0x17,0xff,0x17,0x17,0x17,0xff,0x17,0x17,0x17,0xff,
    0x17,0x17,0x17,0xff,0x17,0x17,0x17,0xff,0x17,0x17,0x17,0xff,0x17,0x17,0x17,0xff,
    0x17,0x17,0x17,0xff,0x17,0x17,0x17,0xff,0x16,0x16,0x16,0xff,0x22,0x22,0x22,0xff,
    0x00,0x00,0x00,0x00,0x00,0x00,0x00,0x00,0x00,0x00,0x00,0x00,0x00,0x00,0x00,0x00,
    0x00,0x00,0x00,0x00,0x00,0x00,0x00,0x00,0x00,0x00,0x00,0x00,0x00,0x00,0x00,0x00,
    0x27,0x27,0x27,0xff,0x28,0x28,0x28,0xff,0x25,0x25,0x25,0xff,0x17,0x17,0x17,0xff,
    0x17,0x17,0x17,0xff,0x17,0x17,0x17,0xff,0x17,0x17,0x17,0xff,0x17,0x17,0x17,0xff,
    0x17,0x17,0x17,0xff,0x17,0x17,0x17,0xff,0x17,0x17,0x17,0xff,0x17,0x17,0x17,0xff,
    0x17,0x17,0x17,0xff,0x17,0x17,0x17,0xff,0x17,0x17,0x17,0xff,0x17,0x17,0x17,0xff,
    0x17,0x17,0x17,0xff,0x17,0x17,0x17,0xff,0x17,0x17,0x17,0xff,0x17,0x17,0x17,0xff,
    0x17,0x17,0x17,0xff,0x17,0x17,0x17,0xff,0x17,0x17,0x17,0xff,0x17,0x17,0x17,0xff,
    0x17,0x17,0x17,0xff,0x17,0x17,0x17,0xff,0x17,0x17,0x17,0xff,0x17,0x17,0x17,0xff,
    0x17,0x17,0x17,0xff,0x17,0x17,0x17,0xff,0x17,0x17,0x17,0xff,0x17,0x17,0x17,0xff,
    0x17,0x17,0x17,0xff,0x17,0x17,0x17,0xff,0x17,0x17,0x17,0xff,0x17,0x17,0x17,0xff,
    0x17,0x17,0x17,0xff,0x17,0x17,0x17,0xff,0x17,0x17,0x17,0xff,0x17,0x17,0x17,0xff,
    0x17,0x17,0x17,0xff,0x17,0x17,0x17,0xff,0x17,0x17,0x17,0xff,0x17,0x17,0x17,0xff,
    0x17,0x17,0x17,0xff,0x17,0x17,0x17,0xff,0x17,0x17,0x17,0xff,0x17,0x17,0x17,0xff,
    0x17,0x17,0x17,0xff,0x17,0x17,0x17,0xff,0x17,0x17,0x17,0xff,0x17,0x17,0x17,0xff,
    0x17,0x17,0x17,0xff,0x17,0x17,0x17,0xff,0x17,0x17,0x17,0xff,0x17,0x17,0x17,0xff,
    0x17,0x17,0x17,0xff,0x17,0x17,0x17,0xff,0x17,0x17,0x17,0xff,0x17,0x17,0x17,0xff,
    0x17,0x17,0x17,0xff,0x17,0x17,0x17,0xff,0x17,0x17,0x17,0xff,0x17,0x17,0x17,0xff,
    0x17,0x17,0x17,0xff,0x17,0x17,0x17,0xff,0x17,0x17,0x17,0xff,0x17,0x17,0x17,0xff,
    0x17,0x17,0x17,0xff,0x17,0x17,0x17,0xff,0x17,0x17,0x16,0xff,0x17,0x17,0x17,0xff,
    0x19,0x19,0x41,0xff,0x25,0x25,0xf6,0xff,0x26,0x26,0xff,0xff,0x1c,0x1c,0x6c,0xff,
    0x17,0x17,0x14,0xff,0x17,0x17,0x16,0xff,0x17,0x17,0x17,0xff,0x17,0x17,0x17,0xff,
    0x17,0x17,0x17,0xff,0x17,0x17,0x17,0xff,0x17,0x17,0x17,0xff,0x17,0x17,0x17,0xff,
    0x17,0x17,0x17,0xff,0x17,0x17,0x17,0xff,0x17,0x17,0x17,0xff,0x17,0x17,0x17,0xff,
    0x17,0x17,0x17,0xff,0x17,0x17,0x17,0xff,0x17,0x17,0x17,0xff,0x17,0x17,0x17,0xff,
    0x17,0x17,0x17,0xff,0x17,0x17,0x17,0xff,0x17,0x17,0x17,0xff,0x17,0x17,0x17,0xff,
    0x17,0x17,0x17,0xff,0x17,0x17,0x17,0xff,0x17,0x17,0x17,0xff,0x17,0x17,0x17,0xff,
    0x17,0x17,0x17,0xff,0x17,0x17,0x17,0xff,0x17,0x17,0x17,0xff,0x17,0x17,0x17,0xff,
    0x17,0x17,0x17,0xff,0x17,0x17,0x17,0xff,0x17,0x17,0x17,0xff,0x17,0x17,0x17,0xff,
    0x17,0x17,0x17,0xff,0x17,0x17,0x17,0xff,0x17,0x17,0x17,0xff,0x17,0x17,0x17,0xff,
    0x17,0x17,0x17,0xff,0x17,0x17,0x17,0xff,0x17,0x17,0x17,0xff,0x17,0x17,0x17,0xff,
    0x17,0x17,0x17,0xff,0x17,0x17,0x17,0xff,0x17,0x17,0x17,0xff,0x17,0x17,0x17,0xff,
    0x17,0x17,0x17,0xff,0x17,0x17,0x17,0xff,0x17,0x17,0x17,0xff,0x17,0x17,0x17,0xff,
    0x17,0x17,0x17,0xff,0x17,0x17,0x17,0xff,0x17,0x17,0x17,0xff,0x17,0x17,0x17,0xff,
    0x17,0x17,0x17,0xff,0x17,0x17,0x17,0xff,0x17,0x17,0x17,0xff,0x17,0x17,0x17,0xff,
    0x17,0x17,0x17,0xff,0x17,0x17,0x17,0xff,0x17,0x17,0x17,0xff,0x17,0x17,0x17,0xff,
    0x17,0x17,0x17,0xff,0x17,0x17,0x17,0xff,0x17,0x17,0x17,0xff,0x17,0x17,0x17,0xff,
    0x17,0x17,0x17,0xff,0x17,0x17,0x17,0xff,0x17,0x17,0x17,0xff,0x17,0x17,0x17,0xff,
    0x17,0x17,0x17,0xff,0x17,0x17,0x17,0xff,0x17,0x17,0x17,0xff,0x17,0x17,0x17,0xff,
    0x17,0x17,0x17,0xff,0x17,0x17,0x17,0xff,0x16,0x16,0x16,0xff,0x22,0x22,0x22,0xff,
    0x00,0x00,0x00,0x00,0x00,0x00,0x00,0x00,0x00,0x00,0x00,0x00,0x00,0x00,0x00,0x00,
    0x00,0x00,0x00,0x00,0x00,0x00,0x00,0x00,0x00,0x00,0x00,0x00,0x00,0x00,0x00,0x00,
    0x27,0x27,0x27,0xff,0x28,0x28,0x28,0xff,0x25,0x25,0x25,0xff,0x17,0x17,0x17,0xff,
    0x17,0x17,0x17,0xff,0x17,0x17,0x17,0xff,0x17,0x17,0x17,0xff,0x17,0x17,0x17,0xff,
    0x17,0x17,0x17,0xff,0x17,0x17,0x17,0xff,0x17,0x17,0x17,0xff,0x17,0x17,0x17,0xff,
    0x17,0x17,0x17,0xff,0x17,0x17,0x17,0xff,0x17,0x17,0x17,0xff,0x17,0x17,0x17,0xff,
    0x17,0x17,0x17,0xff,0x17,0x17,0x17,0xff,0x17,0x17,0x17,0xff,0x17,0x17,0x17,0xff,
    0x17,0x17,0x17,0xff,0x17,0x17,0x17,0xff,0x17,0x17,0x17,0xff,0x17,0x17,0x17,0xff,
    0x17,0x17,0x17,0xff,0x17,0x17,0x17,0xff,0x17,0x17,0x17,0xff,0x17,0x17,0x17,0xff,
    0x17,0x17,0x17,0xff,0x17,0x17,0x17,0xff,0x17,0x17,0x17,0xff,0x17,0x17,0x17,0xff,
    0x17,0x17,0x17,0xff,0x17,0x17,0x17,0xff,0x17,0x17,0x17,0xff,0x17,0x17,0x17,0xff,
    0x17,0x17,0x17,0xff,0x17,0x17,0x17,0xff,0x17,0x17,0x17,0xff,0x17,0x17,0x17,0xff,
    0x17,0x17,0x17,0xff,0x17,0x17,0x17,0xff,0x17,0x17,0x17,0xff,0x17,0x17,0x17,0xff,
    0x17,0x17,0x17,0xff,0x17,0x17,0x17,0xff,0x17,0x17,0x17,0xff,0x17,0x17,0x17,0xff,
    0x17,0x17,0x17,0xff,0x17,0x17,0x17,0xff,0x17,0x17,0x17,0xff,0x17,0x17,0x17,0xff,
    0x17,0x17,0x17,0xff,0x17,0x17,0x17,0xff,0x17,0x17,0x17,0xff,0x17,0x17,0x17,0xff,
    0x17,0x17,0x17,0xff,0x17,0x17,0x17,0xff,0x17,0x17,0x17,0xff,0x17,0x17,0x17,0xff,
    0x17,0x17,0x17,0xff,0x17,0x17,0x17,0xff,0x17,0x17,0x17,0xff,0x17,0x17,0x17,0xff,
    0x17,0x17,0x17,0xff,0x17,0x17,0x17,0xff,0x17,0x17,0x17,0xff,0x17,0x17,0x17,0xff,
    0x17,0x17,0x17,0xff,0x17,0x17,0x17,0xff,0x17,0x17,0x15,0xff,0x17,0x17,0x19,0xff,
    0x1a,0x1a,0x4a,0xff,0x25,0x25,0xf6,0xff,0x26,0x26,0xff,0xff,0x1c,0x1c,0x75,0xff,
    0x17,0x17,0x1b,0xff,0x17,0x17,0x15,0xff,0x17,0x17,0x17,0xff,0x17,0x17,0x17,0xff,
    0x17,0x17,0x17,0xff,0x17,0x17,0x17,0xff,0x17,0x17,0x17,0xff,0x17,0x17,0x17,0xff,
    0x17,0x17,0x17,0xff,0x17,0x17,0x17,0xff,0x17,0x17,0x17,0xff,0x17,0x17,0x17,0xff,
    0x17,0x17,0x17,0xff,0x17,0x17,0x17,0xff,0x17,0x17,0x17,0xff,0x17,0x17,0x17,0xff,
    0x17,0x17,0x17,0xff,0x17,0x17,0x17,0xff,0x17,0x17,0x17,0xff,0x17,0x17,0x17,0xff,
    0x17,0x17,0x17,0xff,0x17,0x17,0x17,0xff,0x17,0x17,0x17,0xff,0x17,0x17,0x17,0xff,
    0x17,0x17,0x17,0xff,0x17,0x17,0x17,0xff,0x17,0x17,0x17,0xff,0x17,0x17,0x17,0xff,
    0x17,0x17,0x17,0xff,0x17,0x17,0x17,0xff,0x17,0x17,0x17,0xff,0x17,0x17,0x17,0xff,
    0x17,0x17,0x17,0xff,0x17,0x17,0x17,0xff,0x17,0x17,0x17,0xff,0x17,0x17,0x17,0xff,
    0x17,0x17,0x17,0xff,0x17,0x17,0x17,0xff,0x17,0x17,0x17,0xff,0x17,0x17,0x17,0xff,
    0x17,0x17,0x17,0xff,0x17,0x17,0x17,0xff,0x17,0x17,0x17,0xff,0x17,0x17,0x17,0xff,
    0x17,0x17,0x17,0xff,0x17,0x17,0x17,0xff,0x17,0x17,0x17,0xff,0x17,0x17,0x17,0xff,
    0x17,0x17,0x17,0xff,0x17,0x17,0x17,0xff,0x17,0x17,0x17,0xff,0x17,0x17,0x17,0xff,
    0x17,0x17,0x17,0xff,0x17,0x17,0x17,0xff,0x17,0x17,0x17,0xff,0x17,0x17,0x17,0xff,
    0x17,0x17,0x17,0xff,0x17,0x17,0x17,0xff,0x17,0x17,0x17,0xff,0x17,0x17,0x17,0xff,
    0x17,0x17,0x17,0xff,0x17,0x17,0x17,0xff,0x17,0x17,0x17,0xff,0x17,0x17,0x17,0xff,
    0x17,0x17,0x17,0xff,0x17,0x17,0x17,0xff,0x17,0x17,0x17,0xff,0x17,0x17,0x17,0xff,
    0x17,0x17,0x17,0xff,0x17,0x17,0x17,0xff,0x17,0x17,0x17,0xff,0x17,0x17,0x17,0xff,
    0x17,0x17,0x17,0xff,0x17,0x17,0x17,0xff,0x16,0x16,0x16,0xff,0x22,0x22,0x22,0xff,
    0x00,0x00,0x00,0x00,0x00,0x00,0x00,0x00,0x00,0x00,0x00,0x00,0x00,0x00,0x00,0x00,
    0x00,0x00,0x00,0x00,0x00,0x00,0x00,0x00,0x00,0x00,0x00,0x00,0x00,0x00,0x00,0x00,
    0x27,0x27,0x27,0xff,0x28,0x28,0x28,0xff,0x25,0x25,0x25,0xff,0x17,0x17,0x17,0xff,
    0x17,0x17,0x17,0xff,0x17,0x17,0x17,0xff,0x17,0x17,0x17,0xff,0x17,0x17,0x17,0xff,
    0x17,0x17,0x17,0xff,0x17,0x17,0x17,0xff,0x17,0x17,0x17,0xff,0x17,0x17,0x17,0xff,
    0x17,0x17,0x17,0xff,0x17,0x17,0x17,0xff,0x17,0x17,0x17,0xff,0x17,0x17,0x17,0xff,
    0x17,0x17,0x17,0xff,0x17,0x17,0x17,0xff,0x17,0x17,0x17,0xff,0x17,0x17,0x17,0xff,
    0x17,0x17,0x17,0xff,0x17,0x17,0x17,0xff,0x17,0x17,0x17,0xff,0x17,0x17,0x17,0xff,
    0x17,0x17,0x17,0xff,0x17,0x17,0x17,0xff,0x17,0x17,0x17,0xff,0x17,0x17,0x17,0xff,
    0x17,0x17,0x17,0xff,0x17,0x17,0x17,0xff,0x17,0x17,0x17,0xff,0x17,0x17,0x17,0xff,
    0x17,0x17,0x17,0xff,0x17,0x17,0x17,0xff,0x17,0x17,0x17,0xff,0x17,0x17,0x17,0xff,
    0x17,0x17,0x17,0xff,0x17,0x17,0x17,0xff,0x17,0x17,0x17,0xff,0x17,0x17,0x17,0xff,
    0x17,0x17,0x17,0xff,0x17,0x17,0x17,0xff,0x17,0x17,0x17,0xff,0x17,0x17,0x17,0xff,
    0x17,0x17,0x17,0xff,0x17,0x17,0x17,0xff,0x17,0x17,0x17,0xff,0x17,0x17,0x17,0xff,
    0x17,0x17,0x17,0xff,0x17,0x17,0x17,0xff,0x17,0x17,0x17,0xff,0x17,0x17,0x17,0xff,
    0x17,0x17,0x17,0xff,0x17,0x17,0x17,0xff,0x17,0x17,0x17,0xff,0x17,0x17,0x17,0xff,
    0x17,0x17,0x17,0xff,0x17,0x17,0x17,0xff,0x17,0x17,0x17,0xff,0x17,0x17,0x17,0xff,
    0x17,0x17,0x17,0xff,0x17,0x17,0x17,0xff,0x17,0x17,0x17,0xff,0x17,0x17,0x17,0xff,
    0x17,0x17,0x17,0xff,0x17,0x17,0x17,0xff,0x17,0x17,0x17,0xff,0x17,0x17,0x17,0xff,
    0x17,0x17,0x17,0xff,0x17,0x17,0x17,0xff,0x17,0x17,0x15,0xff,0x17,0x17,0x1b,0xff,
    0x1a,0x1a,0x50,0xff,0x25,0x25,0xf6,0xff,0x26,0x26,0xff,0xff,0x1e,0x1e,0x81,0xff,
    0x18,0x18,0x24,0xff,0x17,0x17,0x13,0xff,0x17,0x17,0x17,0xff,0x17,0x17,0x17,0xff,
    0x17,0x17,0x17,0xff,0x17,0x17,0x17,0xff,0x17,0x17,0x17,0xff,0x17,0x17,0x17,0xff,
    0x17,0x17,0x17,0xff,0x17,0x17,0x17,0xff,0x17,0x17,0x17,0xff,0x17,0x17,0x17,0xff,
    0x17,0x17,0x17,0xff,0x17,0x17,0x17,0xff,0x17,0x17,0x17,0xff,0x17,0x17,0x17,0xff,
    0x17,0x17,0x17,0xff,0x17,0x17,0x17,0xff,0x17,0x17,0x17,0xff,0x17,0x17,0x17,0xff,
    0x17,0x17,0x17,0xff,0x17,0x17,0x17,0xff,0x17,0x17,0x17,0xff,0x17,0x17,0x17,0xff,
    0x17,0x17,0x17,0xff,0x17,0x17,0x17,0xff,0x17,0x17,0x17,0xff,0x17,0x17,0x17,0xff,
    0x17,0x17,0x17,0xff,0x17,0x17,0x17,0xff,0x17,0x17,0x17,0xff,0x17,0x17,0x17,0xff,
    0x17,0x17,0x17,0xff,0x17,0x17,0x17,0xff,0x17,0x17,0x17,0xff,0x17,0x17,0x17,0xff,
    0x17,0x17,0x17,0xff,0x17,0x17,0x17,0xff,0x17,0x17,0x17,0xff,0x17,0x17,0x17,0xff,
    0x17,0x17,0x17,0xff,0x17,0x17,0x17,0xff,0x17,0x17,0x17,0xff,0x17,0x17,0x17,0xff,
    0x17,0x17,0x17,0xff,0x17,0x17,0x17,0xff,0x17,0x17,0x17,0xff,0x17,0x17,0x17,0xff,
    0x17,0x17,0x17,0xff,0x17,0x17,0x17,0xff,0x17,0x17,0x17,0xff,0x17,0x17,0x17,0xff,
    0x17,0x17,0x17,0xff,0x17,0x17,0x17,0xff,0x17,0x17,0x17,0xff,0x17,0x17,0x17,0xff,
    0x17,0x17,0x17,0xff,0x17,0x17,0x17,0xff,0x17,0x17,0x17,0xff,0x17,0x17,0x17,0xff,
    0x17,0x17,0x17,0xff,0x17,0x17,0x17,0xff,0x17,0x17,0x17,0xff,0x17,0x17,0x17,0xff,
    0x17,0x17,0x17,0xff,0x17,0x17,0x17,0xff,0x17,0x17,0x17,0xff,0x17,0x17,0x17,0xff,
    0x17,0x17,0x17,0xff,0x17,0x17,0x17,0xff,0x17,0x17,0x17,0xff,0x17,0x17,0x17,0xff,
    0x17,0x17,0x17,0xff,0x17,0x17,0x17,0xff,0x16,0x16,0x16,0xff,0x22,0x22,0x22,0xff,
    0x00,0x00,0x00,0x00,0x00,0x00,0x00,0x00,0x00,0x00,0x00,0x00,0x00,0x00,0x00,0x00,
    0x00,0x00,0x00,0x00,0x00,0x00,0x00,0x00,0x00,0x00,0x00,0x00,0x00,0x00,0x00,0x00,
    0x27,0x27,0x27,0xff,0x28,0x28,0x28,0xff,0x25,0x25,0x25,0xff,0x17,0x17,0x17,0xff,
    0x17,0x17,0x17,0xff,0x17,0x17,0x17,0xff,0x17,0x17,0x17,0xff,0x17,0x17,0x17,0xff,
    0x17,0x17,0x17,0xff,0x17,0x17,0x17,0xff,0x17,0x17,0x17,0xff,0x17,0x17,0x17,0xff,
    0x17,0x17,0x17,0xff,0x17,0x17,0x17,0xff,0x17,0x17,0x17,0xff,0x17,0x17,0x17,0xff,
    0x17,0x17,0x17,0xff,0x17,0x17,0x17,0xff,0x17,0x17,0x17,0xff,0x17,0x17,0x17,0xff,
    0x17,0x17,0x17,0xff,0x17,0x17,0x17,0xff,0x17,0x17,0x17,0xff,0x17,0x17,0x17,0xff,
    0x17,0x17,0x17,0xff,0x17,0x17,0x17,0xff,0x17,0x17,0x17,0xff,0x17,0x17,0x17,0xff,
    0x17,0x17,0x17,0xff,0x17,0x17,0x17,0xff,0x17,0x17,0x17,0xff,0x17,0x17,0x17,0xff,
    0x17,0x17,0x17,0xff,0x17,0x17,0x17,0xff,0x17,0x17,0x17,0xff,0x17,0x17,0x17,0xff,
    0x17,0x17,0x17,0xff,0x17,0x17,0x17,0xff,0x17,0x17,0x17,0xff,0x17,0x17,0x17,0xff,
    0x17,0x17,0x17,0xff,0x17,0x17,0x17,0xff,0x17,0x17,0x17,0xff,0x17,0x17,0x17,0xff,
    0x17,0x17,0x17,0xff,0x17,0x17,0x17,0xff,0x17,0x17,0x17,0xff,0x17,0x17,0x17,0xff,
    0x17,0x17,0x17,0xff,0x17,0x17,0x17,0xff,0x17,0x17,0x17,0xff,0x17,0x17,0x17,0xff,
    0x17,0x17,0x17,0xff,0x17,0x17,0x17,0xff,0x17,0x17,0x17,0xff,0x17,0x17,0x17,0xff,
    0x17,0x17,0x17,0xff,0x17,0x17,0x17,0xff,0x17,0x17,0x17,0xff,0x17,0x17,0x17,0xff,
    0x17,0x17,0x17,0xff,0x17,0x17,0x17,0xff,0x17,0x17,0x17,0xff,0x17,0x17,0x17,0xff,
    0x17,0x17,0x17,0xff,0x17,0x17,0x17,0xff,0x17,0x17,0x17,0xff,0x17,0x17,0x17,0xff,
    0x17,0x17,0x17,0xff,0x17,0x17,0x17,0xff,0x17,0x17,0x14,0xff,0x17,0x17,0x1e,0xff,
    0x1a,0x1a,0x58,0xff,0x25,0x25,0xf6,0xff,0x26,0x26,0xff,0xff,0x1e,0x1e,0x8c,0xff,
    0x18,0x18,0x2b,0xff,0x17,0x17,0x12,0xff,0x17,0x17,0x17,0xff,0x17,0x17,0x17,0xff,
    0x17,0x17,0x17,0xff,0x17,0x17,0x17,0xff,0x17,0x17,0x17,0xff,0x17,0x17,0x17,0xff,
    0x17,0x17,0x17,0xff,0x17,0x17,0x17,0xff,0x17,0x17,0x17,0xff,0x17,0x17,0x17,0xff,
    0x17,0x17,0x17,0xff,0x17,0x17,0x17,0xff,0x17,0x17,0x17,0xff,0x17,0x17,0x17,0xff,
    0x17,0x17,0x17,0xff,0x17,0x17,0x17,0xff,0x17,0x17,0x17,0xff,0x17,0x17,0x17,0xff,
    0x17,0x17,0x17,0xff,0x17,0x17,0x17,0xff,0x17,0x17,0x17,0xff,0x17,0x17,0x17,0xff,
    0x17,0x17,0x17,0xff,0x17,0x17,0x17,0xff,0x17,0x17,0x17,0xff,0x17,0x17,0x17,0xff,
    0x17,0x17,0x17,0xff,0x17,0x17,0x17,0xff,0x17,0x17,0x17,0xff,0x17,0x17,0x17,0xff,
    0x17,0x17,0x17,0xff,0x17,0x17,0x17,0xff,0x17,0x17,0x17,0xff,0x17,0x17,0x17,0xff,
    0x17,0x17,0x17,0xff,0x17,0x17,0x17,0xff,0x17,0x17,0x17,0xff,0x17,0x17,0x17,0xff,
    0x17,0x17,0x17,0xff,0x17,0x17,0x17,0xff,0x17,0x17,0x17,0xff,0x17,0x17,0x17,0xff,
    0x17,0x17,0x17,0xff,0x17,0x17,0x17,0xff,0x17,0x17,0x17,0xff,0x17,0x17,0x17,0xff,
    0x17,0x17,0x17,0xff,0x17,0x17,0x17,0xff,0x17,0x17,0x17,0xff,0x17,0x17,0x17,0xff,
    0x17,0x17,0x17,0xff,0x17,0x17,0x17,0xff,0x17,0x17,0x17,0xff,0x17,0x17,0x17,0xff,
    0x17,0x17,0x17,0xff,0x17,0x17,0x17,0xff,0x17,0x17,0x17,0xff,0x17,0x17,0x17,0xff,
    0x17,0x17,0x17,0xff,0x17,0x17,0x17,0xff,0x17,0x17,0x17,0xff,0x17,0x17,0x17,0xff,
    0x17,0x17,0x17,0xff,0x17,0x17,0x17,0xff,0x17,0x17,0x17,0xff,0x17,0x17,0x17,0xff,
    0x17,0x17,0x17,0xff,0x17,0x17,0x17,0xff,0x17,0x17,0x17,0xff,0x17,0x17,0x17,0xff,
    0x17,0x17,0x17,0xff,0x17,0x17,0x17,0xff,0x16,0x16,0x16,0xff,0x22,0x22,0x22,0xff,
    0x00,0x00,0x00,0x00,0x00,0x00,0x00,0x00,0x00,0x00,0x00,0x00,0x00,0x00,0x00,0x00,
    0x00,0x00,0x00,0x00,0x00,0x00,0x00,0x00,0x00,0x00,0x00,0x00,0x00,0x00,0x00,0x00,
    0x27,0x27,0x27,0xff,0x28,0x28,0x28,0xff,0x25,0x25,0x25,0xff,0x17,0x17,0x17,0xff,
    0x17,0x17,0x17,0xff,0x17,0x17,0x17,0xff,0x17,0x17,0x17,0xff,0x17,0x17,0x17,0xff,
    0x17,0x17,0x17,0xff,0x17,0x17,0x17,0xff,0x17,0x17,0x17,0xff,0x17,0x17,0x17,0xff,
    0x17,0x17,0x17,0xff,0x17,0x17,0x17,0xff,0x17,0x17,0x17,0xff,0x17,0x17,0x17,0xff,
    0x17,0x17,0x17,0xff,0x17,0x17,0x17,0xff,0x17,0x17,0x17,0xff,0x17,0x17,0x17,0xff,
    0x17,0x17,0x17,0xff,0x17,0x17,0x17,0xff,0x17,0x17,0x17,0xff,0x17,0x17,0x17,0xff,
    0x17,0x17,0x17,0xff,0x17,0x17,0x17,0xff,0x17,0x17,0x17,0xff,0x17,0x17,0x17,0xff,
    0x17,0x17,0x17,0xff,0x17,0x17,0x17,0xff,0x17,0x17,0x17,0xff,0x17,0x17,0x17,0xff,
    0x17,0x17,0x17,0xff,0x17,0x17,0x17,0xff,0x17,0x17,0x17,0xff,0x17,0x17,0x17,0xff,
    0x17,0x17,0x17,0xff,0x17,0x17,0x17,0xff,0x17,0x17,0x17,0xff,0x17,0x17,0x17,0xff,
    0x17,0x17,0x17,0xff,0x17,0x17,0x17,0xff,0x17,0x17,0x17,0xff,0x17,0x17,0x17,0xff,
    0x17,0x17,0x17,0xff,0x17,0x17,0x17,0xff,0x17,0x17,0x17,0xff,0x17,0x17,0x17,0xff,
    0x17,0x17,0x17,0xff,0x17,0x17,0x17,0xff,0x17,0x17,0x17,0xff,0x17,0x17,0x17,0xff,
    0x17,0x17,0x17,0xff,0x17,0x17,0x17,0xff,0x17,0x17,0x17,0xff,0x17,0x17,0x17,0xff,
    0x17,0x17,0x17,0xff,0x17,0x17,0x17,0xff,0x17,0x17,0x17,0xff,0x17,0x17,0x17,0xff,
    0x17,0x17,0x17,0xff,0x17,0x17,0x17,0xff,0x17,0x17,0x17,0xff,0x17,0x17,0x17,0xff,
    0x17,0x17,0x17,0xff,0x17,0x17,0x17,0xff,0x17,0x17,0x17,0xff,0x17,0x17,0x17,0xff,
    0x17,0x17,0x17,0xff,0x17,0x17,0x17,0xff,0x17,0x17,0x13,0xff,0x18,0x18,0x21,0xff,
    0x1b,0x1b,0x64,0xff,0x25,0x25,0xf6,0xff,0x26,0x26,0xff,0xff,0x1e,0x1e,0x93,0xff,
    0x18,0x18,0x31,0xff,0x17,0x17,0x11,0xff,0x17,0x17,0x17,0xff,0x17,0x17,0x17,0xff,
    0x17,0x17,0x17,0xff,0x17,0x17,0x17,0xff,0x17,0x17,0x17,0xff,0x17,0x17,0x17,0xff,
    0x17,0x17,0x17,0xff,0x17,0x17,0x17,0xff,0x17,0x17,0x17,0xff,0x17,0x17,0x17,0xff,
    0x17,0x17,0x17,0xff,0x17,0x17,0x17,0xff,0x17,0x17,0x17,0xff,0x17,0x17,0x17,0xff,
    0x17,0x17,0x17,0xff,0x17,0x17,0x17,0xff,0x17,0x17,0x17,0xff,0x17,0x17,0x17,0xff,
    0x17,0x17,0x17,0xff,0x17,0x17,0x17,0xff,0x17,0x17,0x17,0xff,0x17,0x17,0x17,0xff,
    0x17,0x17,0x17,0xff,0x17,0x17,0x17,0xff,0x17,0x17,0x17,0xff,0x17,0x17,0x17,0xff,
    0x17,0x17,0x17,0xff,0x17,0x17,0x17,0xff,0x17,0x17,0x17,0xff,0x17,0x17,0x17,0xff,
    0x17,0x17,0x17,0xff,0x17,0x17,0x17,0xff,0x17,0x17,0x17,0xff,0x17,0x17,0x17,0xff,
    0x17,0x17,0x17,0xff,0x17,0x17,0x17,0xff,0x17,0x17,0x17,0xff,0x17,0x17,0x17,0xff,
    0x17,0x17,0x17,0xff,0x17,0x17,0x17,0xff,0x17,0x17,0x17,0xff,0x17,0x17,0x17,0xff,
    0x17,0x17,0x17,0xff,0x17,0x17,0x17,0xff,0x17,0x17,0x17,0xff,0x17,0x17,0x17,0xff,
    0x17,0x17,0x17,0xff,0x17,0x17,0x17,0xff,0x17,0x17,0x17,0xff,0x17,0x17,0x17,0xff,
    0x17,0x17,0x17,0xff,0x17,0x17,0x17,0xff,0x17,0x17,0x17,0xff,0x17,0x17,0x17,0xff,
    0x17,0x17,0x17,0xff,0x17,0x17,0x17,0xff,0x17,0x17,0x17,0xff,0x17,0x17,0x17,0xff,
    0x17,0x17,0x17,0xff,0x17,0x17,0x17,0xff,0x17,0x17,0x17,0xff,0x17,0x17,0x17,0xff,
    0x17,0x17,0x17,0xff,0x17,0x17,0x17,0xff,0x17,0x17,0x17,0xff,0x17,0x17,0x17,0xff,
    0x17,0x17,0x17,0xff,0x17,0x17,0x17,0xff,0x17,0x17,0x17,0xff,0x17,0x17,0x17,0xff,
    0x17,0x17,0x17,0xff,0x17,0x17,0x17,0xff,0x16,0x16,0x16,0xff,0x22,0x22,0x22,0xff,
    0x00,0x00,0x00,0x00,0x00,0x00,0x00,0x00,0x00,0x00,0x00,0x00,0x00,0x00,0x00,0x00,
    0x00,0x00,0x00,0x00,0x00,0x00,0x00,0x00,0x00,0x00,0x00,0x00,0x00,0x00,0x00,0x00,
    0x27,0x27,0x27,0xff,0x28,0x28,0x28,0xff,0x25,0x25,0x25,0xff,0x17,0x17,0x17,0xff,
    0x17,0x17,0x17,0xff,0x17,0x17,0x17,0xff,0x17,0x17,0x17,0xff,0x17,0x17,0x17,0xff,
    0x17,0x17,0x17,0xff,0x17,0x17,0x17,0xff,0x17,0x17,0x17,0xff,0x17,0x17,0x17,0xff,
    0x17,0x17,0x17,0xff,0x17,0x17,0x17,0xff,0x17,0x17,0x17,0xff,0x17,0x17,0x17,0xff,
    0x17,0x17,0x17,0xff,0x17,0x17,0x17,0xff,0x17,0x17,0x17,0xff,0x17,0x17,0x17,0xff,
    0x17,0x17,0x17,0xff,0x17,0x17,0x17,0xff,0x17,0x17,0x17,0xff,0x17,0x17,0x17,0xff,
    0x17,0x17,0x17,0xff,0x17,0x17,0x17,0xff,0x17,0x17,0x17,0xff,0x17,0x17,0x17,0xff,
    0x17,0x17,0x17,0xff,0x17,0x17,0x17,0xff,0x17,0x17,0x17,0xff,0x17,0x17,0x17,0xff,
    0x17,0x17,0x17,0xff,0x17,0x17,0x17,0xff,0x17,0x17,0x17,0xff,0x17,0x17,0x17,0xff,
    0x17,0x17,0x17,0xff,0x17,0x17,0x17,0xff,0x17,0x17,0x17,0xff,0x17,0x17,0x17,0xff,
    0x17,0x17,0x17,0xff,0x17,0x17,0x17,0xff,0x17,0x17,0x17,0xff,0x17,0x17,0x17,0xff,
    0x17,0x17,0x17,0xff,0x17,0x17,0x17,0xff,0x17,0x17,0x17,0xff,0x17,0x17,0x17,0xff,
    0x17,0x17,0x17,0xff,0x17,0x17,0x17,0xff,0x17,0x17,0x17,0xff,0x17,0x17,0x17,0xff,
    0x17,0x17,0x17,0xff,0x17,0x17,0x17,0xff,0x17,0x17,0x17,0xff,0x17,0x17,0x17,0xff,
    0x17,0x17,0x17,0xff,0x17,0x17,0x17,0xff,0x17,0x17,0x17,0xff,0x17,0x17,0x17,0xff,
    0x17,0x17,0x17,0xff,0x17,0x17,0x17,0xff,0x17,0x17,0x17,0xff,0x17,0x17,0x17,0xff,
    0x17,0x17,0x17,0xff,0x17,0x17,0x17,0xff,0x17,0x17,0x17,0xff,0x17,0x17,0x17,0xff,
    0x17,0x17,0x17,0xff,0x17,0x17,0x17,0xff,0x17,0x17,0x13,0xff,0x18,0x18,0x25,0xff,
    0x1c,0x1c,0x72,0xff,0x25,0x25,0xf6,0xff,0x26,0x26,0xff,0xff,0x1e,0x1e,0x9a,0xff,
    0x18,0x18,0x36,0xff,0x17,0x17,0x11,0xff,0x17,0x17,0x17,0xff,0x17,0x17,0x17,0xff,
    0x17,0x17,0x17,0xff,0x17,0x17,0x17,0xff,0x17,0x17,0x17,0xff,0x17,0x17,0x17,0xff,
    0x17,0x17,0x17,0xff,0x17,0x17,0x17,0xff,0x17,0x17,0x17,0xff,0x17,0x17,0x17,0xff,
    0x17,0x17,0x17,0xff,0x17,0x17,0x17,0xff,0x17,0x17,0x17,0xff,0x17,0x17,0x17,0xff,
    0x17,0x17,0x17,0xff,0x17,0x17,0x17,0xff,0x17,0x17,0x17,0xff,0x17,0x17,0x17,0xff,
    0x17,0x17,0x17,0xff,0x17,0x17,0x17,0xff,0x17,0x17,0x17,0xff,0x17,0x17,0x17,0xff,
    0x17,0x17,0x17,0xff,0x17,0x17,0x17,0xff,0x17,0x17,0x17,0xff,0x17,0x17,0x17,0xff,
    0x17,0x17,0x17,0xff,0x17,0x17,0x17,0xff,0x17,0x17,0x17,0xff,0x17,0x17,0x17,0xff,
    0x17,0x17,0x17,0xff,0x17,0x17,0x17,0xff,0x17,0x17,0x17,0xff,0x17,0x17,0x17,0xff,
    0x17,0x17,0x17,0xff,0x17,0x17,0x17,0xff,0x17,0x17,0x17,0xff,0x17,0x17,0x17,0xff,
    0x17,0x17,0x17,0xff,0x17,0x17,0x17,0xff,0x17,0x17,0x17,0xff,0x17,0x17,0x17,0xff,
    0x17,0x17,0x17,0xff,0x17,0x17,0x17,0xff,0x17,0x17,0x17,0xff,0x17,0x17,0x17,0xff,
    0x17,0x17,0x17,0xff,0x17,0x17,0x17,0xff,0x17,0x17,0x17,0xff,0x17,0x17,0x17,0xff,
    0x17,0x17,0x17,0xff,0x17,0x17,0x17,0xff,0x17,0x17,0x17,0xff,0x17,0x17,0x17,0xff,
    0x17,0x17,0x17,0xff,0x17,0x17,0x17,0xff,0x17,0x17,0x17,0xff,0x17,0x17,0x17,0xff,
    0x17,0x17,0x17,0xff,0x17,0x17,0x17,0xff,0x17,0x17,0x17,0xff,0x17,0x17,0x17,0xff,
    0x17,0x17,0x17,0xff,0x17,0x17,0x17,0xff,0x17,0x17,0x17,0xff,0x17,0x17,0x17,0xff,
    0x17,0x17,0x17,0xff,0x17,0x17,0x17,0xff,0x17,0x17,0x17,0xff,0x17,0x17,0x17,0xff,
    0x17,0x17,0x17,0xff,0x17,0x17,0x17,0xff,0x16,0x16,0x16,0xff,0x22,0x22,0x22,0xff,
    0x00,0x00,0x00,0x00,0x00,0x00,0x00,0x00,0x00,0x00,0x00,0x00,0x00,0x00,0x00,0x00,
    0x00,0x00,0x00,0x00,0x00,0x00,0x00,0x00,0x00,0x00,0x00,0x00,0x00,0x00,0x00,0x00,
    0x27,0x27,0x27,0xff,0x28,0x28,0x28,0xff,0x25,0x25,0x25,0xff,0x17,0x17,0x17,0xff,
    0x17,0x17,0x17,0xff,0x17,0x17,0x17,0xff,0x17,0x17,0x17,0xff,0x17,0x17,0x17,0xff,
    0x17,0x17,0x17,0xff,0x17,0x17,0x17,0xff,0x17,0x17,0x17,0xff,0x17,0x17,0x17,0xff,
    0x17,0x17,0x17,0xff,0x17,0x17,0x17,0xff,0x17,0x17,0x17,0xff,0x17,0x17,0x17,0xff,
    0x17,0x17,0x17,0xff,0x17,0x17,0x17,0xff,0x17,0x17,0x17,0xff,0x17,0x17,0x17,0xff,
    0x17,0x17,0x17,0xff,0x17,0x17,0x17,0xff,0x17,0x17,0x17,0xff,0x17,0x17,0x17,0xff,
    0x17,0x17,0x17,0xff,0x17,0x17,0x17,0xff,0x17,0x17,0x17,0xff,0x17,0x17,0x17,0xff,
    0x17,0x17,0x17,0xff,0x17,0x17,0x17,0xff,0x17,0x17,0x17,0xff,0x17,0x17,0x17,0xff,
    0x17,0x17,0x17,0xff,0x17,0x17,0x17,0xff,0x17,0x17,0x17,0xff,0x17,0x17,0x17,0xff,
    0x17,0x17,0x17,0xff,0x17,0x17,0x17,0xff,0x17,0x17,0x17,0xff,0x17,0x17,0x17,0xff,
    0x17,0x17,0x17,0xff,0x17,0x17,0x17,0xff,0x17,0x17,0x17,0xff,0x17,0x17,0x17,0xff,
    0x17,0x17,0x17,0xff,0x17,0x17,0x17,0xff,0x17,0x17,0x17,0xff,0x17,0x17,0x17,0xff,
    0x17,0x17,0x17,0xff,0x17,0x17,0x17,0xff,0x17,0x17,0x17,0xff,0x17,0x17,0x17,0xff,
    0x17,0x17,0x17,0xff,0x17,0x17,0x17,0xff,0x17,0x17,0x17,0xff,0x17,0x17,0x17,0xff,
    0x17,0x17,0x17,0xff,0x17,0x17,0x17,0xff,0x17,0x17,0x17,0xff,0x17,0x17,0x17,0xff,
    0x17,0x17,0x17,0xff,0x17,0x17,0x17,0xff,0x17,0x17,0x17,0xff,0x17,0x17,0x17,0xff,
    0x17,0x17,0x17,0xff,0x17,0x17,0x17,0xff,0x17,0x17,0x17,0xff,0x17,0x17,0x17,0xff,
    0x17,0x17,0x17,0xff,0x17,0x17,0x17,0xff,0x17,0x17,0x12,0xff,0x18,0x18,0x2a,0xff,
    0x1e,0x1e,0x83,0xff,0x25,0x25,0xf7,0xff,0x26,0x26,0xff,0xff,0x1f,0x1f,0xa1,0xff,
    0x19,0x19,0x3b,0xff,0x17,0x17,0x11,0xff,0x17,0x17,0x17,0xff,0x17,0x17,0x17,0xff,
    0x17,0x17,0x17,0xff,0x17,0x17,0x17,0xff,0x17,0x17,0x17,0xff,0x17,0x17,0x17,0xff,
    0x17,0x17,0x17,0xff,0x17,0x17,0x17,0xff,0x17,0x17,0x17,0xff,0x17,0x17,0x17,0xff,
    0x17,0x17,0x17,0xff,0x17,0x17,0x17,0xff,0x17,0x17,0x17,0xff,0x17,0x17,0x17,0xff,
    0x17,0x17,0x17,0xff,0x17,0x17,0x17,0xff,0x17,0x17,0x17,0xff,0x17,0x17,0x17,0xff,
    0x17,0x17,0x17,0xff,0x17,0x17,0x17,0xff,0x17,0x17,0x17,0xff,0x17,0x17,0x17,0xff,
    0x17,0x17,0x17,0xff,0x17,0x17,0x17,0xff,0x17,0x17,0x17,0xff,0x17,0x17,0x17,0xff,
    0x17,0x17,0x17,0xff,0x17,0x17,0x17,0xff,0x17,0x17,0x17,0xff,0x17,0x17,0x17,0xff,
    0x17,0x17,0x17,0xff,0x17,0x17,0x17,0xff,0x17,0x17,0x17,0xff,0x17,0x17,0x17,0xff,
    0x17,0x17,0x17,0xff,0x17,0x17,0x17,0xff,0x17,0x17,0x17,0xff,0x17,0x17,0x17,0xff,
    0x17,0x17,0x17,0xff,0x17,0x17,0x17,0xff,0x17,0x17,0x17,0xff,0x17,0x17,0x17,0xff,
    0x17,0x17,0x17,0xff,0x17,0x17,0x17,0xff,0x17,0x17,0x17,0xff,0x17,0x17,0x17,0xff,
    0x17,0x17,0x17,0xff,0x17,0x17,0x17,0xff,0x17,0x17,0x17,0xff,0x17,0x17,0x17,0xff,
    0x17,0x17,0x17,0xff,0x17,0x17,0x17,0xff,0x17,0x17,0x17,0xff,0x17,0x17,0x17,0xff,
    0x17,0x17,0x17,0xff,0x17,0x17,0x17,0xff,0x17,0x17,0x17,0xff,0x17,0x17,0x17,0xff,
    0x17,0x17,0x17,0xff,0x17,0x17,0x17,0xff,0x17,0x17,0x17,0xff,0x17,0x17,0x17,0xff,
    0x17,0x17,0x17,0xff,0x17,0x17,0x17,0xff,0x17,0x17,0x17,0xff,0x17,0x17,0x17,0xff,
    0x17,0x17,0x17,0xff,0x17,0x17,0x17,0xff,0x17,0x17,0x17,0xff,0x17,0x17,0x17,0xff,
    0x17,0x17,0x17,0xff,0x17,0x17,0x17,0xff,0x16,0x16,0x16,0xff,0x22,0x22,0x22,0xff,
    0x00,0x00,0x00,0x00,0x00,0x00,0x00,0x00,0x00,0x00,0x00,0x00,0x00,0x00,0x00,0x00,
    0x00,0x00,0x00,0x00,0x00,0x00,0x00,0x00,0x00,0x00,0x00,0x00,0x00,0x00,0x00,0x00,
    0x27,0x27,0x27,0xff,0x28,0x28,0x28,0xff,0x25,0x25,0x25,0xff,0x17,0x17,0x17,0xff,
    0x17,0x17,0x17,0xff,0x17,0x17,0x17,0xff,0x17,0x17,0x17,0xff,0x17,0x17,0x17,0xff,
    0x17,0x17,0x17,0xff,0x17,0x17,0x17,0xff,0x17,0x17,0x17,0xff,0x17,0x17,0x17,0xff,
    0x17,0x17,0x17,0xff,0x17,0x17,0x17,0xff,0x17,0x17,0x17,0xff,0x17,0x17,0x17,0xff,
    0x17,0x17,0x17,0xff,0x17,0x17,0x17,0xff,0x17,0x17,0x17,0xff,0x17,0x17,0x17,0xff,
    0x17,0x17,0x17,0xff,0x17,0x17,0x17,0xff,0x17,0x17,0x17,0xff,0x17,0x17,0x17,0xff,
    0x17,0x17,0x17,0xff,0x17,0x17,0x17,0xff,0x17,0x17,0x17,0xff,0x17,0x17,0x17,0xff,
    0x17,0x17,0x17,0xff,0x17,0x17,0x17,0xff,0x17,0x17,0x17,0xff,0x17,0x17,0x17,0xff,
    0x17,0x17,0x17,0xff,0x17,0x17,0x17,0xff,0x17,0x17,0x17,0xff,0x17,0x17,0x17,0xff,
    0x17,0x17,0x17,0xff,0x17,0x17,0x17,0xff,0x17,0x17,0x17,0xff,0x17,0x17,0x17,0xff,
    0x17,0x17,0x17,0xff,0x17,0x17,0x17,0xff,0x17,0x17,0x17,0xff,0x17,0x17,0x17,0xff,
    0x17,0x17,0x17,0xff,0x17,0x17,0x17,0xff,0x17,0x17,0x17,0xff,0x17,0x17,0x17,0xff,
    0x17,0x17,0x17,0xff,0x17,0x17,0x17,0xff,0x17,0x17,0x17,0xff,0x17,0x17,0x17,0xff,
    0x17,0x17,0x17,0xff,0x17,0x17,0x17,0xff,0x17,0x17,0x17,0xff,0x17,0x17,0x17,0xff,
    0x17,0x17,0x17,0xff,0x17,0x17,0x17,0xff,0x17,0x17,0x17,0xff,0x17,0x17,0x17,0xff,
    0x17,0x17,0x17,0xff,0x17,0x17,0x17,0xff,0x17,0x17,0x17,0xff,0x17,0x17,0x17,0xff,
    0x17,0x17,0x17,0xff,0x17,0x17,0x17,0xff,0x17,0x17,0x17,0xff,0x17,0x17,0x17,0xff,
    0x17,0x17,0x17,0xff,0x17,0x17,0x17,0xff,0x17,0x17,0x11,0xff,0x19,0x19,0x30,0xff,
    0x1f,0x1f,0x93,0xff,0x25,0x25,0xf7,0xff,0x26,0x26,0xff,0xff,0x1f,0x1f,0xa7,0xff,
    0x19,0x19,0x40,0xff,0x17,0x17,0x10,0xff,0x17,0x17,0x17,0xff,0x17,0x17,0x17,0xff,
    0x17,0x17,0x17,0xff,0x17,0x17,0x17,0xff,0x17,0x17,0x17,0xff,0x17,0x17,0x17,0xff,
    0x17,0x17,0x17,0xff,0x17,0x17,0x17,0xff,0x17,0x17,0x17,0xff,0x17,0x17,0x17,0xff,
    0x17,0x17,0x17,0xff,0x17,0x17,0x17,0xff,0x17,0x17,0x17,0xff,0x17,0x17,0x17,0xff,
    0x17,0x17,0x17,0xff,0x17,0x17,0x17,0xff,0x17,0x17,0x17,0xff,0x17,0x17,0x17,0xff,
    0x17,0x17,0x17,0xff,0x17,0x17,0x17,0xff,0x17,0x17,0x17,0xff,0x17,0x17,0x17,0xff,
    0x17,0x17,0x17,0xff,0x17,0x17,0x17,0xff,0x17,0x17,0x17,0xff,0x17,0x17,0x17,0xff,
    0x17,0x17,0x17,0xff,0x17,0x17,0x17,0xff,0x17,0x17,0x17,0xff,0x17,0x17,0x17,0xff,
    0x17,0x17,0x17,0xff,0x17,0x17,0x17,0xff,0x17,0x17,0x17,0xff,0x17,0x17,0x17,0xff,
    0x17,0x17,0x17,0xff,0x17,0x17,0x17,0xff,0x17,0x17,0x17,0xff,0x17,0x17,0x17,0xff,
    0x17,0x17,0x17,0xff,0x17,0x17,0x17,0xff,0x17,0x17,0x17,0xff,0x17,0x17,0x17,0xff,
    0x17,0x17,0x17,0xff,0x17,0x17,0x17,0xff,0x17,0x17,0x17,0xff,0x17,0x17,0x17,0xff,
    0x17,0x17,0x17,0xff,0x17,0x17,0x17,0xff,0x17,0x17,0x17,0xff,0x17,0x17,0x17,0xff,
    0x17,0x17,0x17,0xff,0x17,0x17,0x17,0xff,0x17,0x17,0x17,0xff,0x17,0x17,0x17,0xff,
    0x17,0x17,0x17,0xff,0x17,0x17,0x17,0xff,0x17,0x17,0x17,0xff,0x17,0x17,0x17,0xff,
    0x17,0x17,0x17,0xff,0x17,0x17,0x17,0xff,0x17,0x17,0x17,0xff,0x17,0x17,0x17,0xff,
    0x17,0x17,0x17,0xff,0x17,0x17,0x17,0xff,0x17,0x17,0x17,0xff,0x17,0x17,0x17,0xff,
    0x17,0x17,0x17,0xff,0x17,0x17,0x17,0xff,0x17,0x17,0x17,0xff,0x17,0x17,0x17,0xff,
    0x17,0x17,0x17,0xff,0x17,0x17,0x17,0xff,0x16,0x16,0x16,0xff,0x22,0x22,0x22,0xff,
    0x00,0x00,0x00,0x00,0x00,0x00,0x00,0x00,0x00,0x00,0x00,0x00,0x00,0x00,0x00,0x00,
    0x00,0x00,0x00,0x00,0x00,0x00,0x00,0x00,0x00,0x00,0x00,0x00,0x00,0x00,0x00,0x00,
    0x27,0x27,0x27,0xff,0x28,0x28,0x28,0xff,0x25,0x25,0x25,0xff,0x17,0x17,0x17,0xff,
    0x17,0x17,0x17,0xff,0x17,0x17,0x17,0xff,0x17,0x17,0x17,0xff,0x17,0x17,0x17,0xff,
    0x17,0x17,0x17,0xff,0x17,0x17,0x17,0xff,0x17,0x17,0x17,0xff,0x17,0x17,0x17,0xff,
    0x17,0x17,0x17,0xff,0x17,0x17,0x17,0xff,0x17,0x17,0x17,0xff,0x17,0x17,0x17,0xff,
    0x17,0x17,0x17,0xff,0x17,0x17,0x17,0xff,0x17,0x17,0x17,0xff,0x17,0x17,0x17,0xff,
    0x17,0x17,0x17,0xff,0x17,0x17,0x17,0xff,0x17,0x17,0x17,0xff,0x17,0x17,0x17,0xff,
    0x17,0x17,0x17,0xff,0x17,0x17,0x17,0xff,0x17,0x17,0x17,0xff,0x17,0x17,0x17,0xff,
    0x17,0x17,0x17,0xff,0x17,0x17,0x17,0xff,0x17,0x17,0x17,0xff,0x17,0x17,0x17,0xff,
    0x17,0x17,0x17,0xff,0x17,0x17,0x17,0xff,0x17,0x17,0x17,0xff,0x17,0x17,0x17,0xff,
    0x17,0x17,0x17,0xff,0x17,0x17,0x17,0xff,0x17,0x17,0x17,0xff,0x17,0x17,0x17,0xff,
    0x17,0x17,0x17,0xff,0x17,0x17,0x17,0xff,0x17,0x17,0x17,0xff,0x17,0x17,0x17,0xff,
    0x17,0x17,0x17,0xff,0x17,0x17,0x17,0xff,0x17,0x17,0x17,0xff,0x17,0x17,0x17,0xff,
    0x17,0x17,0x17,0xff,0x17,0x17,0x17,0xff,0x17,0x17,0x17,0xff,0x17,0x17,0x17,0xff,
    0x17,0x17,0x17,0xff,0x17,0x17,0x17,0xff,0x17,0x17,0x17,0xff,0x17,0x17,0x17,0xff,
    0x17,0x17,0x17,0xff,0x17,0x17,0x17,0xff,0x17,0x17,0x17,0xff,0x17,0x17,0x17,0xff,
    0x17,0x17,0x17,0xff,0x17,0x17,0x17,0xff,0x17,0x17,0x17,0xff,0x17,0x17,0x17,0xff,
    0x17,0x17,0x17,0xff,0x17,0x17,0x17,0xff,0x17,0x17,0x17,0xff,0x17,0x17,0x17,0xff,
    0x17,0x17,0x17,0xff,0x17,0x17,0x17,0xff,0x17,0x17,0x10,0xff,0x19,0x19,0x32,0xff,
    0x1f,0x1f,0x9c,0xff,0x25,0x25,0xf7,0xff,0x26,0x26,0xff,0xff,0x20,0x20,0xac,0xff,
    0x1a,0x1a,0x43,0xff,0x17,0x17,0x0f,0xff,0x17,0x17,0x17,0xff,0x17,0x17,0x17,0xff,
    0x17,0x17,0x17,0xff,0x17,0x17,0x17,0xff,0x17,0x17,0x17,0xff,0x17,0x17,0x17,0xff,
    0x17,0x17,0x17,0xff,0x17,0x17,0x17,0xff,0x17,0x17,0x17,0xff,0x17,0x17,0x17,0xff,
    0x17,0x17,0x17,0xff,0x17,0x17,0x17,0xff,0x17,0x17,0x17,0xff,0x17,0x17,0x17,0xff,
    0x17,0x17,0x17,0xff,0x17,0x17,0x17,0xff,0x17,0x17,0x17,0xff,0x17,0x17,0x17,0xff,
    0x17,0x17,0x17,0xff,0x17,0x17,0x17,0xff,0x17,0x17,0x17,0xff,0x17,0x17,0x17,0xff,
    0x17,0x17,0x17,0xff,0x17,0x17,0x17,0xff,0x17,0x17,0x17,0xff,0x17,0x17,0x17,0xff,
    0x17,0x17,0x17,0xff,0x17,0x17,0x17,0xff,0x17,0x17,0x17,0xff,0x17,0x17,0x17,0xff,
    0x17,0x17,0x17,0xff,0x17,0x17,0x17,0xff,0x17,0x17,0x17,0xff,0x17,0x17,0x17,0xff,
    0x17,0x17,0x17,0xff,0x17,0x17,0x17,0xff,0x17,0x17,0x17,0xff,0x17,0x17,0x17,0xff,
    0x17,0x17,0x17,0xff,0x17,0x17,0x17,0xff,0x17,0x17,0x17,0xff,0x17,0x17,0x17,0xff,
    0x17,0x17,0x17,0xff,0x17,0x17,0x17,0xff,0x17,0x17,0x17,0xff,0x17,0x17,0x17,0xff,
    0x17,0x17,0x17,0xff,0x17,0x17,0x17,0xff,0x17,0x17,0x17,0xff,0x17,0x17,0x17,0xff,
    0x17,0x17,0x17,0xff,0x17,0x17,0x17,0xff,0x17,0x17,0x17,0xff,0x17,0x17,0x17,0xff,
    0x17,0x17,0x17,0xff,0x17,0x17,0x17,0xff,0x17,0x17,0x17,0xff,0x17,0x17,0x17,0xff,
    0x17,0x17,0x17,0xff,0x17,0x17,0x17,0xff,0x17,0x17,0x17,0xff,0x17,0x17,0x17,0xff,
    0x17,0x17,0x17,0xff,0x17,0x17,0x17,0xff,0x17,0x17,0x17,0xff,0x17,0x17,0x17,0xff,
    0x17,0x17,0x17,0xff,0x17,0x17,0x17,0xff,0x17,0x17,0x17,0xff,0x17,0x17,0x17,0xff,
    0x17,0x17,0x17,0xff,0x17,0x17,0x17,0xff,0x16,0x16,0x16,0xff,0x22,0x22,0x22,0xff,
    0x00,0x00,0x00,0x00,0x00,0x00,0x00,0x00,0x00,0x00,0x00,0x00,0x00,0x00,0x00,0x00,
    0x00,0x00,0x00,0x00,0x00,0x00,0x00,0x00,0x00,0x00,0x00,0x00,0x00,0x00,0x00,0x00,
    0x27,0x27,0x27,0xff,0x28,0x28,0x28,0xff,0x25,0x25,0x25,0xff,0x17,0x17,0x17,0xff,
    0x17,0x17,0x17,0xff,0x17,0x17,0x17,0xff,0x17,0x17,0x17,0xff,0x17,0x17,0x17,0xff,
    0x17,0x17,0x17,0xff,0x17,0x17,0x17,0xff,0x17,0x17,0x17,0xff,0x17,0x17,0x17,0xff,
    0x17,0x17,0x17,0xff,0x17,0x17,0x17,0xff,0x17,0x17,0x17,0xff,0x17,0x17,0x17,0xff,
    0x17,0x17,0x17,0xff,0x17,0x17,0x17,0xff,0x17,0x17,0x17,0xff,0x17,0x17,0x17,0xff,
    0x17,0x17,0x17,0xff,0x17,0x17,0x17,0xff,0x17,0x17,0x17,0xff,0x17,0x17,0x17,0xff,
    0x17,0x17,0x17,0xff,0x17,0x17,0x17,0xff,0x17,0x17,0x17,0xff,0x17,0x17,0x17,0xff,
    0x17,0x17,0x17,0xff,0x17,0x17,0x17,0xff,0x17,0x17,0x17,0xff,0x17,0x17,0x17,0xff,
    0x17,0x17,0x17,0xff,0x17,0x17,0x17,0xff,0x17,0x17,0x17,0xff,0x17,0x17,0x17,0xff,
    0x17,0x17,0x17,0xff,0x17,0x17,0x17,0xff,0x17,0x17,0x17,0xff,0x17,0x17,0x17,0xff,
    0x17,0x17,0x17,0xff,0x17,0x17,0x17,0xff,0x17,0x17,0x17,0xff,0x17,0x17,0x17,0xff,
    0x17,0x17,0x17,0xff,0x17,0x17,0x17,0xff,0x17,0x17,0x17,0xff,0x17,0x17,0x17,0xff,
    0x17,0x17,0x17,0xff,0x17,0x17,0x17,0xff,0x17,0x17,0x17,0xff,0x17,0x17,0x17,0xff,
    0x17,0x17,0x17,0xff,0x17,0x17,0x17,0xff,0x17,0x17,0x17,0xff,0x17,0x17,0x17,0xff,
    0x17,0x17,0x17,0xff,0x17,0x17,0x17,0xff,0x17,0x17,0x17,0xff,0x17,0x17,0x17,0xff,
    0x17,0x17,0x17,0xff,0x17,0x17,0x17,0xff,0x17,0x17,0x17,0xff,0x17,0x17,0x17,0xff,
    0x17,0x17,0x17,0xff,0x17,0x17,0x17,0xff,0x17,0x17,0x17,0xff,0x17,0x17,0x17,0xff,
    0x17,0x17,0x17,0xff,0x17,0x17,0x17,0xff,0x17,0x17,0x10,0xff,0x19,0x19,0x35,0xff,
    0x21,0x21,0xa6,0xff,0x25,0x25,0xf7,0xff,0x26,0x26,0xff,0xff,0x21,0x21,0xb1,0xff,
    0x1a,0x1a,0x47,0xff,0x16,0x16,0x0f,0xff,0x17,0x17,0x17,0xff,0x17,0x17,0x17,0xff,
    0x17,0x17,0x17,0xff,0x17,0x17,0x17,0xff,0x17,0x17,0x17,0xff,0x17,0x17,0x17,0xff,
    0x17,0x17,0x17,0xff,0x17,0x17,0x17,0xff,0x17,0x17,0x17,0xff,0x17,0x17,0x17,0xff,
    0x17,0x17,0x17,0xff,0x17,0x17,0x17,0xff,0x17,0x17,0x17,0xff,0x17,0x17,0x17,0xff,
    0x17,0x17,0x17,0xff,0x17,0x17,0x17,0xff,0x17,0x17,0x17,0xff,0x17,0x17,0x17,0xff,
    0x17,0x17,0x17,0xff,0x17,0x17,0x17,0xff,0x17,0x17,0x17,0xff,0x17,0x17,0x17,0xff,
    0x17,0x17,0x17,0xff,0x17,0x17,0x17,0xff,0x17,0x17,0x17,0xff,0x17,0x17,0x17,0xff,
    0x17,0x17,0x17,0xff,0x17,0x17,0x17,0xff,0x17,0x17,0x17,0xff,0x17,0x17,0x17,0xff,
    0x17,0x17,0x17,0xff,0x17,0x17,0x17,0xff,0x17,0x17,0x17,0xff,0x17,0x17,0x17,0xff,
    0x17,0x17,0x17,0xff,0x17,0x17,0x17,0xff,0x17,0x17,0x17,0xff,0x17,0x17,0x17,0xff,
    0x17,0x17,0x17,0xff,0x17,0x17,0x17,0xff,0x17,0x17,0x17,0xff,0x17,0x17,0x17,0xff,
    0x17,0x17,0x17,0xff,0x17,0x17,0x17,0xff,0x17,0x17,0x17,0xff,0x17,0x17,0x17,0xff,
    0x17,0x17,0x17,0xff,0x17,0x17,0x17,0xff,0x17,0x17,0x17,0xff,0x17,0x17,0x17,0xff,
    0x17,0x17,0x17,0xff,0x17,0x17,0x17,0xff,0x17,0x17,0x17,0xff,0x17,0x17,0x17,0xff,
    0x17,0x17,0x17,0xff,0x17,0x17,0x17,0xff,0x17,0x17,0x17,0xff,0x17,0x17,0x17,0xff,
    0x17,0x17,0x17,0xff,0x17,0x17,0x17,0xff,0x17,0x17,0x17,0xff,0x17,0x17,0x17,0xff,
    0x17,0x17,0x17,0xff,0x17,0x17,0x17,0xff,0x17,0x17,0x17,0xff,0x17,0x17,0x17,0xff,
    0x17,0x17,0x17,0xff,0x17,0x17,0x17,0xff,0x17,0x17,0x17,0xff,0x17,0x17,0x17,0xff,
    0x17,0x17,0x17,0xff,0x17,0x17,0x17,0xff,0x16,0x16,0x16,0xff,0x22,0x22,0x22,0xff,
    0x00,0x00,0x00,0x00,0x00,0x00,0x00,0x00,0x00,0x00,0x00,0x00,0x00,0x00,0x00,0x00,
    0x00,0x00,0x00,0x00,0x00,0x00,0x00,0x00,0x00,0x00,0x00,0x00,0x00,0x00,0x00,0x00,
    0x27,0x27,0x27,0xff,0x28,0x28,0x28,0xff,0x25,0x25,0x25,0xff,0x17,0x17,0x17,0xff,
    0x17,0x17,0x17,0xff,0x17,0x17,0x17,0xff,0x17,0x17,0x17,0xff,0x17,0x17,0x17,0xff,
    0x17,0x17,0x17,0xff,0x17,0x17,0x17,0xff,0x17,0x17,0x17,0xff,0x17,0x17,0x17,0xff,
    0x17,0x17,0x17,0xff,0x17,0x17,0x17,0xff,0x17,0x17,0x17,0xff,0x17,0x17,0x17,0xff,
    0x17,0x17,0x17,0xff,0x17,0x17,0x17,0xff,0x17,0x17,0x17,0xff,0x17,0x17,0x17,0xff,
    0x17,0x17,0x17,0xff,0x17,0x17,0x17,0xff,0x17,0x17,0x17,0xff,0x17,0x17,0x17,0xff,
    0x17,0x17,0x17,0xff,0x17,0x17,0x17,0xff,0x17,0x17,0x17,0xff,0x17,0x17,0x17,0xff,
    0x17,0x17,0x17,0xff,0x17,0x17,0x17,0xff,0x17,0x17,0x17,0xff,0x17,0x17,0x17,0xff,
    0x17,0x17,0x17,0xff,0x17,0x17,0x17,0xff,0x17,0x17,0x17,0xff,0x17,0x17,0x17,0xff,
    0x17,0x17,0x17,0xff,0x17,0x17,0x17,0xff,0x17,0x17,0x17,0xff,0x17,0x17,0x17,0xff,
    0x17,0x17,0x17,0xff,0x17,0x17,0x17,0xff,0x17,0x17,0x17,0xff,0x17,0x17,0x17,0xff,
    0x17,0x17,0x17,0xff,0x17,0x17,0x17,0xff,0x17,0x17,0x17,0xff,0x17,0x17,0x17,0xff,
    0x17,0x17,0x17,0xff,0x17,0x17,0x17,0xff,0x17,0x17,0x17,0xff,0x17,0x17,0x17,0xff,
    0x17,0x17,0x17,0xff,0x17,0x17,0x17,0xff,0x17,0x17,0x17,0xff,0x17,0x17,0x17,0xff,
    0x17,0x17,0x17,0xff,0x17,0x17,0x17,0xff,0x17,0x17,0x17,0xff,0x17,0x17,0x17,0xff,
    0x17,0x17,0x17,0xff,0x17,0x17,0x17,0xff,0x17,0x17,0x17,0xff,0x17,0x17,0x17,0xff,
    0x17,0x17,0x17,0xff,0x17,0x17,0x17,0xff,0x17,0x17,0x17,0xff,0x17,0x17,0x17,0xff,
    0x17,0x17,0x17,0xff,0x17,0x17,0x17,0xff,0x17,0x17,0x0f,0xff,0x19,0x19,0x37,0xff,
    0x20,0x20,0xad,0xff,0x25,0x25,0xf8,0xff,0x25,0x25,0xff,0xff,0x21,0x21,0xbb,0xff,
    0x1b,0x1b,0x4e,0xff,0x16,0x16,0x0e,0xff,0x17,0x17,0x17,0xff,0x17,0x17,0x17,0xff,
    0x17,0x17,0x17,0xff,0x17,0x17,0x17,0xff,0x17,0x17,0x17,0xff,0x17,0x17,0x17,0xff,
    0x17,0x17,0x17,0xff,0x17,0x17,0x17,0xff,0x17,0x17,0x17,0xff,0x17,0x17,0x17,0xff,
    0x17,0x17,0x17,0xff,0x17,0x17,0x17,0xff,0x17,0x17,0x17,0xff,0x17,0x17,0x17,0xff,
    0x17,0x17,0x17,0xff,0x17,0x17,0x17,0xff,0x17,0x17,0x17,0xff,0x17,0x17,0x17,0xff,
    0x17,0x17,0x17,0xff,0x17,0x17,0x17,0xff,0x17,0x17,0x17,0xff,0x17,0x17,0x17,0xff,
    0x17,0x17,0x17,0xff,0x17,0x17,0x17,0xff,0x17,0x17,0x17,0xff,0x17,0x17,0x17,0xff,
    0x17,0x17,0x17,0xff,0x17,0x17,0x17,0xff,0x17,0x17,0x17,0xff,0x17,0x17,0x17,0xff,
    0x17,0x17,0x17,0xff,0x17,0x17,0x17,0xff,0x17,0x17,0x17,0xff,0x17,0x17,0x17,0xff,
    0x17,0x17,0x17,0xff,0x17,0x17,0x17,0xff,0x17,0x17,0x17,0xff,0x17,0x17,0x17,0xff,
    0x17,0x17,0x17,0xff,0x17,0x17,0x17,0xff,0x17,0x17,0x17,0xff,0x17,0x17,0x17,0xff,
    0x17,0x17,0x17,0xff,0x17,0x17,0x17,0xff,0x17,0x17,0x17,0xff,0x17,0x17,0x17,0xff,
    0x17,0x17,0x17,0xff,0x17,0x17,0x17,0xff,0x17,0x17,0x17,0xff,0x17,0x17,0x17,0xff,
    0x17,0x17,0x17,0xff,0x17,0x17,0x17,0xff,0x17,0x17,0x17,0xff,0x17,0x17,0x17,0xff,
    0x17,0x17,0x17,0xff,0x17,0x17,0x17,0xff,0x17,0x17,0x17,0xff,0x17,0x17,0x17,0xff,
    0x17,0x17,0x17,0xff,0x17,0x17,0x17,0xff,0x17,0x17,0x17,0xff,0x17,0x17,0x17,0xff,
    0x17,0x17,0x17,0xff,0x17,0x17,0x17,0xff,0x17,0x17,0x17,0xff,0x17,0x17,0x17,0xff,
    0x17,0x17,0x17,0xff,0x17,0x17,0x17,0xff,0x17,0x17,0x17,0xff,0x17,0x17,0x17,0xff,
    0x17,0x17,0x17,0xff,0x17,0x17,0x17,0xff,0x16,0x16,0x16,0xff,0x22,0x22,0x22,0xff,
    0x00,0x00,0x00,0x00,0x00,0x00,0x00,0x00,0x00,0x00,0x00,0x00,0x00,0x00,0x00,0x00,
    0x00,0x00,0x00,0x00,0x00,0x00,0x00,0x00,0x00,0x00,0x00,0x00,0x00,0x00,0x00,0x00,
    0x27,0x27,0x27,0xff,0x28,0x28,0x28,0xff,0x25,0x25,0x25,0xff,0x17,0x17,0x17,0xff,
    0x17,0x17,0x17,0xff,0x17,0x17,0x17,0xff,0x17,0x17,0x17,0xff,0x17,0x17,0x17,0xff,
    0x17,0x17,0x17,0xff,0x17,0x17,0x17,0xff,0x17,0x17,0x17,0xff,0x17,0x17,0x17,0xff,
    0x17,0x17,0x17,0xff,0x17,0x17,0x17,0xff,0x17,0x17,0x17,0xff,0x17,0x17,0x17,0xff,
    0x17,0x17,0x17,0xff,0x17,0x17,0x17,0xff,0x17,0x17,0x17,0xff,0x17,0x17,0x17,0xff,
    0x17,0x17,0x17,0xff,0x17,0x17,0x17,0xff,0x17,0x17,0x17,0xff,0x17,0x17,0x17,0xff,
    0x17,0x17,0x17,0xff,0x17,0x17,0x17,0xff,0x17,0x17,0x17,0xff,0x17,0x17,0x17,0xff,
    0x17,0x17,0x17,0xff,0x17,0x17,0x17,0xff,0x17,0x17,0x17,0xff,0x17,0x17,0x17,0xff,
    0x17,0x17,0x17,0xff,0x17,0x17,0x17,0xff,0x17,0x17,0x17,0xff,0x17,0x17,0x17,0xff,
    0x17,0x17,0x17,0xff,0x17,0x17,0x17,0xff,0x17,0x17,0x17,0xff,0x17,0x17,0x17,0xff,
    0x17,0x17,0x17,0xff,0x17,0x17,0x17,0xff,0x17,0x17,0x17,0xff,0x17,0x17,0x17,0xff,
    0x17,0x17,0x17,0xff,0x17,0x17,0x17,0xff,0x17,0x17,0x17,0xff,0x17,0x17,0x17,0xff,
    0x17,0x17,0x17,0xff,0x17,0x17,0x17,0xff,0x17,0x17,0x17,0xff,0x17,0x17,0x17,0xff,
    0x17,0x17,0x17,0xff,0x17,0x17,0x17,0xff,0x17,0x17,0x17,0xff,0x17,0x17,0x17,0xff,
    0x17,0x17,0x17,0xff,0x17,0x17,0x17,0xff,0x17,0x17,0x17,0xff,0x17,0x17,0x17,0xff,
    0x17,0x17,0x17,0xff,0x17,0x17,0x17,0xff,0x17,0x17,0x17,0xff,0x17,0x17,0x17,0xff,
    0x17,0x17,0x17,0xff,0x17,0x17,0x17,0xff,0x17,0x17,0x17,0xff,0x17,0x17,0x17,0xff,
    0x17,0x17,0x17,0xff,0x17,0x17,0x17,0xff,0x17,0x17,0x0f,0xff,0x19,0x19,0x39,0xff,
    0x20,0x20,0xb5,0xff,0x25,0x25,0xf8,0xff,0x25,0x25,0xff,0xff,0x21,0x21,0xc6,0xff,
    0x1b,0x1b,0x56,0xff,0x16,0x16,0x0d,0xff,0x17,0x17,0x17,0xff,0x17,0x17,0x17,0xff,
    0x17,0x17,0x17,0xff,0x17,0x17,0x17,0xff,0x17,0x17,0x17,0xff,0x17,0x17,0x17,0xff,
    0x17,0x17,0x17,0xff,0x17,0x17,0x17,0xff,0x17,0x17,0x17,0xff,0x17,0x17,0x17,0xff,
    0x17,0x17,0x17,0xff,0x17,0x17,0x17,0xff,0x17,0x17,0x17,0xff,0x17,0x17,0x17,0xff,
    0x17,0x17,0x17,0xff,0x17,0x17,0x17,0xff,0x17,0x17,0x17,0xff,0x17,0x17,0x17,0xff,
    0x17,0x17,0x17,0xff,0x17,0x17,0x17,0xff,0x17,0x17,0x17,0xff,0x17,0x17,0x17,0xff,
    0x17,0x17,0x17,0xff,0x17,0x17,0x17,0xff,0x17,0x17,0x17,0xff,0x17,0x17,0x17,0xff,
    0x17,0x17,0x17,0xff,0x17,0x17,0x17,0xff,0x17,0x17,0x17,0xff,0x17,0x17,0x17,0xff,
    0x17,0x17,0x17,0xff,0x17,0x17,0x17,0xff,0x17,0x17,0x17,0xff,0x17,0x17,0x17,0xff,
    0x17,0x17,0x17,0xff,0x17,0x17,0x17,0xff,0x17,0x17,0x17,0xff,0x17,0x17,0x17,0xff,
    0x17,0x17,0x17,0xff,0x17,0x17,0x17,0xff,0x17,0x17,0x17,0xff,0x17,0x17,0x17,0xff,
    0x17,0x17,0x17,0xff,0x17,0x17,0x17,0xff,0x17,0x17,0x17,0xff,0x17,0x17,0x17,0xff,
    0x17,0x17,0x17,0xff,0x17,0x17,0x17,0xff,0x17,0x17,0x17,0xff,0x17,0x17,0x17,0xff,
    0x17,0x17,0x17,0xff,0x17,0x17,0x17,0xff,0x17,0x17,0x17,0xff,0x17,0x17,0x17,0xff,
    0x17,0x17,0x17,0xff,0x17,0x17,0x17,0xff,0x17,0x17,0x17,0xff,0x17,0x17,0x17,0xff,
    0x17,0x17,0x17,0xff,0x17,0x17,0x17,0xff,0x17,0x17,0x17,0xff,0x17,0x17,0x17,0xff,
    0x17,0x17,0x17,0xff,0x17,0x17,0x17,0xff,0x17,0x17,0x17,0xff,0x17,0x17,0x17,0xff,
    0x17,0x17,0x17,0xff,0x17,0x17,0x17,0xff,0x17,0x17,0x17,0xff,0x17,0x17,0x17,0xff,
    0x17,0x17,0x17,0xff,0x17,0x17,0x17,0xff,0x16,0x16,0x16,0xff,0x22,0x22,0x22,0xff,
    0x00,0x00,0x00,0x00,0x00,0x00,0x00,0x00,0x00,0x00,0x00,0x00,0x00,0x00,0x00,0x00,
    0x00,0x00,0x00,0x00,0x00,0x00,0x00,0x00,0x00,0x00,0x00,0x00,0x00,0x00,0x00,0x00,
    0x27,0x27,0x27,0xff,0x28,0x28,0x28,0xff,0x25,0x25,0x25,0xff,0x17,0x17,0x17,0xff,
    0x17,0x17,0x17,0xff,0x17,0x17,0x17,0xff,0x17,0x17,0x17,0xff,0x17,0x17,0x17,0xff,
    0x17,0x17,0x17,0xff,0x17,0x17,0x17,0xff,0x17,0x17,0x17,0xff,0x17,0x17,0x17,0xff,
    0x17,0x17,0x17,0xff,0x17,0x17,0x17,0xff,0x17,0x17,0x17,0xff,0x17,0x17,0x17,0xff,
    0x17,0x17,0x17,0xff,0x17,0x17,0x17,0xff,0x17,0x17,0x17,0xff,0x17,0x17,0x17,0xff,
    0x17,0x17,0x17,0xff,0x17,0x17,0x17,0xff,0x17,0x17,0x17,0xff,0x17,0x17,0x17,0xff,
    0x17,0x17,0x17,0xff,0x17,0x17,0x17,0xff,0x17,0x17,0x17,0xff,0x17,0x17,0x17,0xff,
    0x17,0x17,0x17,0xff,0x17,0x17,0x17,0xff,0x17,0x17,0x17,0xff,0x17,0x17,0x17,0xff,
    0x17,0x17,0x17,0xff,0x17,0x17,0x17,0xff,0x17,0x17,0x17,0xff,0x17,0x17,0x17,0xff,
    0x17,0x17,0x17,0xff,0x17,0x17,0x17,0xff,0x17,0x17,0x17,0xff,0x17,0x17,0x17,0xff,
    0x17,0x17,0x17,0xff,0x17,0x17,0x17,0xff,0x17,0x17,0x17,0xff,0x17,0x17,0x17,0xff,
    0x17,0x17,0x17,0xff,0x17,0x17,0x17,0xff,0x17,0x17,0x17,0xff,0x17,0x17,0x17,0xff,
    0x17,0x17,0x17,0xff,0x17,0x17,0x17,0xff,0x17,0x17,0x17,0xff,0x17,0x17,0x17,0xff,
    0x17,0x17,0x17,0xff,0x17,0x17,0x17,0xff,0x17,0x17,0x17,0xff,0x17,0x17,0x17,0xff,
    0x17,0x17,0x17,0xff,0x17,0x17,0x17,0xff,0x17,0x17,0x17,0xff,0x17,0x17,0x17,0xff,
    0x17,0x17,0x17,0xff,0x17,0x17,0x17,0xff,0x17,0x17,0x17,0xff,0x17,0x17,0x17,0xff,
    0x17,0x17,0x17,0xff,0x17,0x17,0x17,0xff,0x17,0x17,0x17,0xff,0x17,0x17,0x17,0xff,
    0x17,0x17,0x17,0xff,0x17,0x17,0x17,0xff,0x17,0x17,0x0f,0xff,0x19,0x19,0x3b,0xff,
    0x21,0x21,0xbd,0xff,0x25,0x25,0xf8,0xff,0x25,0x25,0xff,0xff,0x22,0x22,0xd3,0xff,
    0x1b,0x1b,0x60,0xff,0x16,0x16,0x0c,0xff,0x17,0x17,0x17,0xff,0x17,0x17,0x17,0xff,
    0x17,0x17,0x17,0xff,0x17,0x17,0x17,0xff,0x17,0x17,0x17,0xff,0x17,0x17,0x17,0xff,
    0x17,0x17,0x17,0xff,0x17,0x17,0x17,0xff,0x17,0x17,0x17,0xff,0x17,0x17,0x17,0xff,
    0x17,0x17,0x17,0xff,0x17,0x17,0x17,0xff,0x17,0x17,0x17,0xff,0x17,0x17,0x17,0xff,
    0x17,0x17,0x17,0xff,0x17,0x17,0x17,0xff,0x17,0x17,0x17,0xff,0x17,0x17,0x17,0xff,
    0x17,0x17,0x17,0xff,0x17,0x17,0x17,0xff,0x17,0x17,0x17,0xff,0x17,0x17,0x17,0xff,
    0x17,0x17,0x17,0xff,0x17,0x17,0x17,0xff,0x17,0x17,0x17,0xff,0x17,0x17,0x17,0xff,
    0x17,0x17,0x17,0xff,0x17,0x17,0x17,0xff,0x17,0x17,0x17,0xff,0x17,0x17,0x17,0xff,
    0x17,0x17,0x17,0xff,0x17,0x17,0x17,0xff,0x17,0x17,0x17,0xff,0x17,0x17,0x17,0xff,
    0x17,0x17,0x17,0xff,0x17,0x17,0x17,0xff,0x17,0x17,0x17,0xff,0x17,0x17,0x17,0xff,
    0x17,0x17,0x17,0xff,0x17,0x17,0x17,0xff,0x17,0x17,0x17,0xff,0x17,0x17,0x17,0xff,
    0x17,0x17,0x17,0xff,0x17,0x17,0x17,0xff,0x17,0x17,0x17,0xff,0x17,0x17,0x17,0xff,
    0x17,0x17,0x17,0xff,0x17,0x17,0x17,0xff,0x17,0x17,0x17,0xff,0x17,0x17,0x17,0xff,
    0x17,0x17,0x17,0xff,0x17,0x17,0x17,0xff,0x17,0x17,0x17,0xff,0x17,0x17,0x17,0xff,
    0x17,0x17,0x17,0xff,0x17,0x17,0x17,0xff,0x17,0x17,0x17,0xff,0x17,0x17,0x17,0xff,
    0x17,0x17,0x17,0xff,0x17,0x17,0x17,0xff,0x17,0x17,0x17,0xff,0x17,0x17,0x17,0xff,
    0x17,0x17,0x17,0xff,0x17,0x17,0x17,0xff,0x17,0x17,0x17,0xff,0x17,0x17,0x17,0xff,
    0x17,0x17,0x17,0xff,0x17,0x17,0x17,0xff,0x17,0x17,0x17,0xff,0x17,0x17,0x17,0xff,
    0x17,0x17,0x17,0xff,0x17,0x17,0x17,0xff,0x16,0x16,0x16,0xff,0x22,0x22,0x22,0xff,
    0x00,0x00,0x00,0x00,0x00,0x00,0x00,0x00,0x00,0x00,0x00,0x00,0x00,0x00,0x00,0x00,
    0x00,0x00,0x00,0x00,0x00,0x00,0x00,0x00,0x00,0x00,0x00,0x00,0x00,0x00,0x00,0x00,
    0x27,0x27,0x27,0xff,0x28,0x28,0x28,0xff,0x25,0x25,0x25,0xff,0x17,0x17,0x17,0xff,
    0x17,0x17,0x17,0xff,0x17,0x17,0x17,0xff,0x17,0x17,0x17,0xff,0x17,0x17,0x17,0xff,
    0x17,0x17,0x17,0xff,0x17,0x17,0x17,0xff,0x17,0x17,0x17,0xff,0x17,0x17,0x17,0xff,
    0x17,0x17,0x17,0xff,0x17,0x17,0x17,0xff,0x17,0x17,0x17,0xff,0x17,0x17,0x17,0xff,
    0x17,0x17,0x17,0xff,0x17,0x17,0x17,0xff,0x17,0x17,0x17,0xff,0x17,0x17,0x17,0xff,
    0x17,0x17,0x17,0xff,0x17,0x17,0x17,0xff,0x17,0x17,0x17,0xff,0x17,0x17,0x17,0xff,
    0x17,0x17,0x17,0xff,0x17,0x17,0x17,0xff,0x17,0x17,0x17,0xff,0x17,0x17,0x17,0xff,
    0x17,0x17,0x17,0xff,0x17,0x17,0x17,0xff,0x17,0x17,0x17,0xff,0x17,0x17,0x17,0xff,
    0x17,0x17,0x17,0xff,0x17,0x17,0x17,0xff,0x17,0x17,0x17,0xff,0x17,0x17,0x17,0xff,
    0x17,0x17,0x17,0xff,0x17,0x17,0x17,0xff,0x17,0x17,0x17,0xff,0x17,0x17,0x17,0xff,
    0x17,0x17,0x17,0xff,0x17,0x17,0x17,0xff,0x17,0x17,0x17,0xff,0x17,0x17,0x17,0xff,
    0x17,0x17,0x17,0xff,0x17,0x17,0x17,0xff,0x17,0x17,0x17,0xff,0x17,0x17,0x17,0xff,
    0x17,0x17,0x17,0xff,0x17,0x17,0x17,0xff,0x17,0x17,0x17,0xff,0x17,0x17,0x17,0xff,
    0x17,0x17,0x17,0xff,0x17,0x17,0x17,0xff,0x17,0x17,0x17,0xff,0x17,0x17,0x17,0xff,
    0x17,0x17,0x17,0xff,0x17,0x17,0x17,0xff,0x17,0x17,0x17,0xff,0x17,0x17,0x17,0xff,
    0x17,0x17,0x17,0xff,0x17,0x17,0x17,0xff,0x17,0x17,0x17,0xff,0x17,0x17,0x17,0xff,
    0x17,0x17,0x17,0xff,0x17,0x17,0x17,0xff,0x17,0x17,0x17,0xff,0x17,0x17,0x17,0xff,
    0x17,0x17,0x17,0xff,0x17,0x17,0x17,0xff,0x16,0x16,0x0e,0xff,0x19,0x19,0x3f,0xff,
    0x22,0x22,0xc9,0xff,0x25,0x25,0xf8,0xff,0x25,0x25,0xfe,0xff,0x23,0x23,0xdf,0xff,
    0x1c,0x1c,0x69,0xff,0x16,0x16,0x0b,0xff,0x17,0x17,0x17,0xff,0x17,0x17,0x17,0xff,
    0x17,0x17,0x17,0xff,0x17,0x17,0x17,0xff,0x17,0x17,0x17,0xff,0x17,0x17,0x17,0xff,
    0x17,0x17,0x17,0xff,0x17,0x17,0x17,0xff,0x17,0x17,0x17,0xff,0x17,0x17,0x17,0xff,
    0x17,0x17,0x17,0xff,0x17,0x17,0x17,0xff,0x17,0x17,0x17,0xff,0x17,0x17,0x17,0xff,
    0x17,0x17,0x17,0xff,0x17,0x17,0x17,0xff,0x17,0x17,0x17,0xff,0x17,0x17,0x17,0xff,
    0x17,0x17,0x17,0xff,0x17,0x17,0x17,0xff,0x17,0x17,0x17,0xff,0x17,0x17,0x17,0xff,
    0x17,0x17,0x17,0xff,0x17,0x17,0x17,0xff,0x17,0x17,0x17,0xff,0x17,0x17,0x17,0xff,
    0x17,0x17,0x17,0xff,0x17,0x17,0x17,0xff,0x17,0x17,0x17,0xff,0x17,0x17,0x17,0xff,
    0x17,0x17,0x17,0xff,0x17,0x17,0x17,0xff,0x17,0x17,0x17,0xff,0x17,0x17,0x17,0xff,
    0x17,0x17,0x17,0xff,0x17,0x17,0x17,0xff,0x17,0x17,0x17,0xff,0x17,0x17,0x17,0xff,
    0x17,0x17,0x17,0xff,0x17,0x17,0x17,0xff,0x17,0x17,0x17,0xff,0x17,0x17,0x17,0xff,
    0x17,0x17,0x17,0xff,0x17,0x17,0x17,0xff,0x17,0x17,0x17,0xff,0x17,0x17,0x17,0xff,
    0x17,0x17,0x17,0xff,0x17,0x17,0x17,0xff,0x17,0x17,0x17,0xff,0x17,0x17,0x17,0xff,
    0x17,0x17,0x17,0xff,0x17,0x17,0x17,0xff,0x17,0x17,0x17,0xff,0x17,0x17,0x17,0xff,
    0x17,0x17,0x17,0xff,0x17,0x17,0x17,0xff,0x17,0x17,0x17,0xff,0x17,0x17,0x17,0xff,
    0x17,0x17,0x17,0xff,0x17,0x17,0x17,0xff,0x17,0x17,0x17,0xff,0x17,0x17,0x17,0xff,
    0x17,0x17,0x17,0xff,0x17,0x17,0x17,0xff,0x17,0x17,0x17,0xff,0x17,0x17,0x17,0xff,
    0x17,0x17,0x17,0xff,0x17,0x17,0x17,0xff,0x17,0x17,0x17,0xff,0x17,0x17,0x17,0xff,
    0x17,0x17,0x17,0xff,0x17,0x17,0x17,0xff,0x16,0x16,0x16,0xff,0x22,0x22,0x22,0xff,
    0x00,0x00,0x00,0x00,0x00,0x00,0x00,0x00,0x00,0x00,0x00,0x00,0x00,0x00,0x00,0x00,
    0x00,0x00,0x00,0x00,0x00,0x00,0x00,0x00,0x00,0x00,0x00,0x00,0x00,0x00,0x00,0x00,
    0x27,0x27,0x27,0xff,0x28,0x28,0x28,0xff,0x25,0x25,0x25,0xff,0x17,0x17,0x17,0xff,
    0x17,0x17,0x17,0xff,0x17,0x17,0x17,0xff,0x17,0x17,0x17,0xff,0x17,0x17,0x17,0xff,
    0x17,0x17,0x17,0xff,0x17,0x17,0x17,0xff,0x17,0x17,0x17,0xff,0x17,0x17,0x17,0xff,
    0x17,0x17,0x17,0xff,0x17,0x17,0x17,0xff,0x17,0x17,0x17,0xff,0x17,0x17,0x17,0xff,
    0x17,0x17,0x17,0xff,0x17,0x17,0x17,0xff,0x17,0x17,0x17,0xff,0x17,0x17,0x17,0xff,
    0x17,0x17,0x17,0xff,0x17,0x17,0x17,0xff,0x17,0x17,0x17,0xff,0x17,0x17,0x17,0xff,
    0x17,0x17,0x17,0xff,0x17,0x17,0x17,0xff,0x17,0x17,0x17,0xff,0x17,0x17,0x17,0xff,
    0x17,0x17,0x17,0xff,0x17,0x17,0x17,0xff,0x17,0x17,0x17,0xff,0x17,0x17,0x17,0xff,
    0x17,0x17,0x17,0xff,0x17,0x17,0x17,0xff,0x17,0x17,0x17,0xff,0x17,0x17,0x17,0xff,
    0x17,0x17,0x17,0xff,0x17,0x17,0x17,0xff,0x17,0x17,0x17,0xff,0x17,0x17,0x17,0xff,
    0x17,0x17,0x17,0xff,0x17,0x17,0x17,0xff,0x17,0x17,0x17,0xff,0x17,0x17,0x17,0xff,
    0x17,0x17,0x17,0xff,0x17,0x17,0x17,0xff,0x17,0x17,0x17,0xff,0x17,0x17,0x17,0xff,
    0x17,0x17,0x17,0xff,0x17,0x17,0x17,0xff,0x17,0x17,0x17,0xff,0x17,0x17,0x17,0xff,
    0x17,0x17,0x17,0xff,0x17,0x17,0x17,0xff,0x17,0x17,0x17,0xff,0x17,0x17,0x17,0xff,
    0x17,0x17,0x17,0xff,0x17,0x17,0x17,0xff,0x17,0x17,0x17,0xff,0x17,0x17,0x17,0xff,
    0x17,0x17,0x17,0xff,0x17,0x17,0x17,0xff,0x17,0x17,0x17,0xff,0x17,0x17,0x17,0xff,
    0x17,0x17,0x17,0xff,0x17,0x17,0x17,0xff,0x17,0x17,0x17,0xff,0x17,0x17,0x17,0xff,
    0x17,0x17,0x17,0xff,0x17,0x17,0x17,0xff,0x16,0x16,0x0d,0xff,0x1a,0x1a,0x44,0xff,
    0x23,0x23,0xd9,0xff,0x25,0x25,0xf8,0xff,0x25,0x25,0xfd,0xff,0x24,0x24,0xe6,0xff,
    0x1c,0x1c,0x6d,0xff,0x16,0x16,0x0a,0xff,0x17,0x17,0x17,0xff,0x17,0x17,0x17,0xff,
    0x17,0x17,0x17,0xff,0x17,0x17,0x17,0xff,0x17,0x17,0x17,0xff,0x17,0x17,0x17,0xff,
    0x17,0x17,0x17,0xff,0x17,0x17,0x17,0xff,0x17,0x17,0x17,0xff,0x17,0x17,0x17,0xff,
    0x17,0x17,0x17,0xff,0x17,0x17,0x17,0xff,0x17,0x17,0x17,0xff,0x17,0x17,0x17,0xff,
    0x17,0x17,0x17,0xff,0x17,0x17,0x17,0xff,0x17,0x17,0x17,0xff,0x17,0x17,0x17,0xff,
    0x17,0x17,0x17,0xff,0x17,0x17,0x17,0xff,0x17,0x17,0x17,0xff,0x17,0x17,0x17,0xff,
    0x17,0x17,0x17,0xff,0x17,0x17,0x17,0xff,0x17,0x17,0x17,0xff,0x17,0x17,0x17,0xff,
    0x17,0x17,0x17,0xff,0x17,0x17,0x17,0xff,0x17,0x17,0x17,0xff,0x17,0x17,0x17,0xff,
    0x17,0x17,0x17,0xff,0x17,0x17,0x17,0xff,0x17,0x17,0x17,0xff,0x17,0x17,0x17,0xff,
    0x17,0x17,0x17,0xff,0x17,0x17,0x17,0xff,0x17,0x17,0x17,0xff,0x17,0x17,0x17,0xff,
    0x17,0x17,0x17,0xff,0x17,0x17,0x17,0xff,0x17,0x17,0x17,0xff,0x17,0x17,0x17,0xff,
    0x17,0x17,0x17,0xff,0x17,0x17,0x17,0xff,0x17,0x17,0x17,0xff,0x17,0x17,0x17,0xff,
    0x17,0x17,0x17,0xff,0x17,0x17,0x17,0xff,0x17,0x17,0x17,0xff,0x17,0x17,0x17,0xff,
    0x17,0x17,0x17,0xff,0x17,0x17,0x17,0xff,0x17,0x17,0x17,0xff,0x17,0x17,0x17,0xff,
    0x17,0x17,0x17,0xff,0x17,0x17,0x17,0xff,0x17,0x17,0x17,0xff,0x17,0x17,0x17,0xff,
    0x17,0x17,0x17,0xff,0x17,0x17,0x17,0xff,0x17,0x17,0x17,0xff,0x17,0x17,0x17,0xff,
    0x17,0x17,0x17,0xff,0x17,0x17,0x17,0xff,0x17,0x17,0x17,0xff,0x17,0x17,0x17,0xff,
    0x17,0x17,0x17,0xff,0x17,0x17,0x17,0xff,0x17,0x17,0x17,0xff,0x17,0x17,0x17,0xff,
    0x17,0x17,0x17,0xff,0x17,0x17,0x17,0xff,0x16,0x16,0x16,0xff,0x22,0x22,0x22,0xff,
    0x00,0x00,0x00,0x00,0x00,0x00,0x00,0x00,0x00,0x00,0x00,0x00,0x00,0x00,0x00,0x00,
    0x00,0x00,0x00,0x00,0x00,0x00,0x00,0x00,0x00,0x00,0x00,0x00,0x00,0x00,0x00,0x00,
    0x27,0x27,0x27,0xff,0x28,0x28,0x28,0xff,0x25,0x25,0x25,0xff,0x17,0x17,0x17,0xff,
    0x17,0x17,0x17,0xff,0x17,0x17,0x17,0xff,0x17,0x17,0x17,0xff,0x17,0x17,0x17,0xff,
    0x17,0x17,0x17,0xff,0x17,0x17,0x17,0xff,0x17,0x17,0x17,0xff,0x17,0x17,0x17,0xff,
    0x17,0x17,0x17,0xff,0x17,0x17,0x17,0xff,0x17,0x17,0x17,0xff,0x17,0x17,0x17,0xff,
    0x17,0x17,0x17,0xff,0x17,0x17,0x17,0xff,0x17,0x17,0x17,0xff,0x17,0x17,0x17,0xff,
    0x17,0x17,0x17,0xff,0x17,0x17,0x17,0xff,0x17,0x17,0x17,0xff,0x17,0x17,0x17,0xff,
    0x17,0x17,0x17,0xff,0x17,0x17,0x17,0xff,0x17,0x17,0x17,0xff,0x17,0x17,0x17,0xff,
    0x17,0x17,0x17,0xff,0x17,0x17,0x17,0xff,0x17,0x17,0x17,0xff,0x17,0x17,0x17,0xff,
    0x17,0x17,0x17,0xff,0x17,0x17,0x17,0xff,0x17,0x17,0x17,0xff,0x17,0x17,0x17,0xff,
    0x17,0x17,0x17,0xff,0x17,0x17,0x17,0xff,0x17,0x17,0x17,0xff,0x17,0x17,0x17,0xff,
    0x17,0x17,0x17,0xff,0x17,0x17,0x17,0xff,0x17,0x17,0x17,0xff,0x17,0x17,0x17,0xff,
    0x17,0x17,0x17,0xff,0x17,0x17,0x17,0xff,0x17,0x17,0x17,0xff,0x17,0x17,0x17,0xff,
    0x17,0x17,0x17,0xff,0x17,0x17,0x17,0xff,0x17,0x17,0x17,0xff,0x17,0x17,0x17,0xff,
    0x17,0x17,0x17,0xff,0x17,0x17,0x17,0xff,0x17,0x17,0x17,0xff,0x17,0x17,0x17,0xff,
    0x17,0x17,0x17,0xff,0x17,0x17,0x17,0xff,0x17,0x17,0x17,0xff,0x17,0x17,0x17,0xff,
    0x17,0x17,0x17,0xff,0x17,0x17,0x17,0xff,0x17,0x17,0x17,0xff,0x17,0x17,0x17,0xff,
    0x17,0x17,0x17,0xff,0x17,0x17,0x17,0xff,0x17,0x17,0x17,0xff,0x17,0x17,0x17,0xff,
    0x17,0x17,0x17,0xff,0x17,0x17,0x17,0xff,0x16,0x16,0x0d,0xff,0x1a,0x1a,0x4a,0xff,
    0x24,0x24,0xeb,0xff,0x25,0x25,0xf9,0xff,0x25,0x25,0xfc,0xff,0x24,0x24,0xea,0xff,
    0x1c,0x1c,0x70,0xff,0x16,0x16,0x09,0xff,0x17,0x17,0x17,0xff,0x17,0x17,0x17,0xff,
    0x17,0x17,0x17,0xff,0x17,0x17,0x17,0xff,0x17,0x17,0x17,0xff,0x17,0x17,0x17,0xff,
    0x17,0x17,0x17,0xff,0x17,0x17,0x17,0xff,0x17,0x17,0x17,0xff,0x17,0x17,0x17,0xff,
    0x17,0x17,0x17,0xff,0x17,0x17,0x17,0xff,0x17,0x17,0x17,0xff,0x17,0x17,0x17,0xff,
    0x17,0x17,0x17,0xff,0x17,0x17,0x17,0xff,0x17,0x17,0x17,0xff,0x17,0x17,0x17,0xff,
    0x17,0x17,0x17,0xff,0x17,0x17,0x17,0xff,0x17,0x17,0x17,0xff,0x17,0x17,0x17,0xff,
    0x17,0x17,0x17,0xff,0x17,0x17,0x17,0xff,0x17,0x17,0x17,0xff,0x17,0x17,0x17,0xff,
    0x17,0x17,0x17,0xff,0x17,0x17,0x17,0xff,0x17,0x17,0x17,0xff,0x17,0x17,0x17,0xff,
    0x17,0x17,0x17,0xff,0x17,0x17,0x17,0xff,0x17,0x17,0x17,0xff,0x17,0x17,0x17,0xff,
    0x17,0x17,0x17,0xff,0x17,0x17,0x17,0xff,0x17,0x17,0x17,0xff,0x17,0x17,0x17,0xff,
    0x17,0x17,0x17,0xff,0x17,0x17,0x17,0xff,0x17,0x17,0x17,0xff,0x17,0x17,0x17,0xff,
    0x17,0x17,0x17,0xff,0x17,0x17,0x17,0xff,0x17,0x17,0x17,0xff,0x17,0x17,0x17,0xff,
    0x17,0x17,0x17,0xff,0x17,0x17,0x17,0xff,0x17,0x17,0x17,0xff,0x17,0x17,0x17,0xff,
    0x17,0x17,0x17,0xff,0x17,0x17,0x17,0xff,0x17,0x17,0x17,0xff,0x17,0x17,0x17,0xff,
    0x17,0x17,0x17,0xff,0x17,0x17,0x17,0xff,0x17,0x17,0x17,0xff,0x17,0x17,0x17,0xff,
    0x17,0x17,0x17,0xff,0x17,0x17,0x17,0xff,0x17,0x17,0x17,0xff,0x17,0x17,0x17,0xff,
    0x17,0x17,0x17,0xff,0x17,0x17,0x17,0xff,0x17,0x17,0x17,0xff,0x17,0x17,0x17,0xff,
    0x17,0x17,0x17,0xff,0x17,0x17,0x17,0xff,0x17,0x17,0x17,0xff,0x17,0x17,0x17,0xff,
    0x17,0x17,0x17,0xff,0x17,0x17,0x17,0xff,0x16,0x16,0x16,0xff,0x22,0x22,0x22,0xff,
    0x00,0x00,0x00,0x00,0x00,0x00,0x00,0x00,0x00,0x00,0x00,0x00,0x00,0x00,0x00,0x00,
    0x00,0x00,0x00,0x00,0x00,0x00,0x00,0x00,0x00,0x00,0x00,0x00,0x00,0x00,0x00,0x00,
    0x27,0x27,0x27,0xff,0x28,0x28,0x28,0xff,0x25,0x25,0x25,0xff,0x17,0x17,0x17,0xff,
    0x17,0x17,0x17,0xff,0x17,0x17,0x17,0xff,0x17,0x17,0x17,0xff,0x17,0x17,0x17,0xff,
    0x17,0x17,0x17,0xff,0x17,0x17,0x17,0xff,0x17,0x17,0x17,0xff,0x17,0x17,0x17,0xff,
    0x17,0x17,0x17,0xff,0x17,0x17,0x17,0xff,0x17,0x17,0x17,0xff,0x17,0x17,0x17,0xff,
    0x17,0x17,0x17,0xff,0x17,0x17,0x17,0xff,0x17,0x17,0x17,0xff,0x17,0x17,0x17,0xff,
    0x17,0x17,0x17,0xff,0x17,0x17,0x17,0xff,0x17,0x17,0x17,0xff,0x17,0x17,0x17,0xff,
    0x17,0x17,0x17,0xff,0x17,0x17,0x17,0xff,0x17,0x17,0x17,0xff,0x17,0x17,0x17,0xff,
    0x17,0x17,0x17,0xff,0x17,0x17,0x17,0xff,0x17,0x17,0x17,0xff,0x17,0x17,0x17,0xff,
    0x17,0x17,0x17,0xff,0x17,0x17,0x17,0xff,0x17,0x17,0x17,0xff,0x17,0x17,0x17,0xff,
    0x17,0x17,0x17,0xff,0x17,0x17,0x17,0xff,0x17,0x17,0x17,0xff,0x17,0x17,0x17,0xff,
    0x17,0x17,0x17,0xff,0x17,0x17,0x17,0xff,0x17,0x17,0x17,0xff,0x17,0x17,0x17,0xff,
    0x17,0x17,0x17,0xff,0x17,0x17,0x17,0xff,0x17,0x17,0x17,0xff,0x17,0x17,0x17,0xff,
    0x17,0x17,0x17,0xff,0x17,0x17,0x17,0xff,0x17,0x17,0x17,0xff,0x17,0x17,0x17,0xff,
    0x17,0x17,0x17,0xff,0x17,0x17,0x17,0xff,0x17,0x17,0x17,0xff,0x17,0x17,0x17,0xff,
    0x17,0x17,0x17,0xff,0x17,0x17,0x17,0xff,0x17,0x17,0x17,0xff,0x17,0x17,0x17,0xff,
    0x17,0x17,0x17,0xff,0x17,0x17,0x17,0xff,0x17,0x17,0x17,0xff,0x17,0x17,0x17,0xff,
    0x17,0x17,0x17,0xff,0x17,0x17,0x17,0xff,0x17,0x17,0x17,0xff,0x17,0x17,0x17,0xff,
    0x17,0x17,0x17,0xff,0x17,0x17,0x16,0xff,0x16,0x16,0x0f,0xff,0x1a,0x1a,0x52,0xff,
    0x25,0x25,0xf6,0xff,0x25,0x25,0xf9,0xff,0x25,0x25,0xfb,0xff,0x25,0x25,0xef,0xff,
    0x1d,0x1d,0x74,0xff,0x16,0x16,0x09,0xff,0x17,0x17,0x17,0xff,0x17,0x17,0x17,0xff,
    0x17,0x17,0x17,0xff,0x17,0x17,0x17,0xff,0x17,0x17,0x17,0xff,0x17,0x17,0x17,0xff,
    0x17,0x17,0x17,0xff,0x17,0x17,0x17,0xff,0x17,0x17,0x17,0xff,0x17,0x17,0x17,0xff,
    0x17,0x17,0x17,0xff,0x17,0x17,0x17,0xff,0x17,0x17,0x17,0xff,0x17,0x17,0x17,0xff,
    0x17,0x17,0x17,0xff,0x17,0x17,0x17,0xff,0x17,0x17,0x17,0xff,0x17,0x17,0x17,0xff,
    0x17,0x17,0x17,0xff,0x17,0x17,0x17,0xff,0x17,0x17,0x17,0xff,0x17,0x17,0x17,0xff,
    0x17,0x17,0x17,0xff,0x17,0x17,0x17,0xff,0x17,0x17,0x17,0xff,0x17,0x17,0x17,0xff,
    0x17,0x17,0x17,0xff,0x17,0x17,0x17,0xff,0x17,0x17,0x17,0xff,0x17,0x17,0x17,0xff,
    0x17,0x17,0x17,0xff,0x17,0x17,0x17,0xff,0x17,0x17,0x17,0xff,0x17,0x17,0x17,0xff,
    0x17,0x17,0x17,0xff,0x17,0x17,0x17,0xff,0x17,0x17,0x17,0xff,0x17,0x17,0x17,0xff,
    0x17,0x17,0x17,0xff,0x17,0x17,0x17,0xff,0x17,0x17,0x17,0xff,0x17,0x17,0x17,0xff,
    0x17,0x17,0x17,0xff,0x17,0x17,0x17,0xff,0x17,0x17,0x17,0xff,0x17,0x17,0x17,0xff,
    0x17,0x17,0x17,0xff,0x17,0x17,0x17,0xff,0x17,0x17,0x17,0xff,0x17,0x17,0x17,0xff,
    0x17,0x17,0x17,0xff,0x17,0x17,0x17,0xff,0x17,0x17,0x17,0xff,0x17,0x17,0x17,0xff,
    0x17,0x17,0x17,0xff,0x17,0x17,0x17,0xff,0x17,0x17,0x17,0xff,0x17,0x17,0x17,0xff,
    0x17,0x17,0x17,0xff,0x17,0x17,0x17,0xff,0x17,0x17,0x17,0xff,0x17,0x17,0x17,0xff,
    0x17,0x17,0x17,0xff,0x17,0x17,0x17,0xff,0x17,0x17,0x17,0xff,0x17,0x17,0x17,0xff,
    0x17,0x17,0x17,0xff,0x17,0x17,0x17,0xff,0x17,0x17,0x17,0xff,0x17,0x17,0x17,0xff,
    0x17,0x17,0x17,0xff,0x17,0x17,0x17,0xff,0x16,0x16,0x16,0xff,0x22,0x22,0x22,0xff,
    0x00,0x00,0x00,0x00,0x00,0x00,0x00,0x00,0x00,0x00,0x00,0x00,0x00,0x00,0x00,0x00,
    0x00,0x00,0x00,0x00,0x00,0x00,0x00,0x00,0x00,0x00,0x00,0x00,0x00,0x00,0x00,0x00,
    0x27,0x27,0x27,0xff,0x28,0x28,0x28,0xff,0x25,0x25,0x25,0xff,0x17,0x17,0x17,0xff,
    0x17,0x17,0x17,0xff,0x17,0x17,0x17,0xff,0x17,0x17,0x17,0xff,0x17,0x17,0x17,0xff,
    0x17,0x17,0x17,0xff,0x17,0x17,0x17,0xff,0x17,0x17,0x17,0xff,0x17,0x17,0x17,0xff,
    0x17,0x17,0x17,0xff,0x17,0x17,0x17,0xff,0x17,0x17,0x17,0xff,0x17,0x17,0x17,0xff,
    0x17,0x17,0x17,0xff,0x17,0x17,0x17,0xff,0x17,0x17,0x17,0xff,0x17,0x17,0x17,0xff,
    0x17,0x17,0x17,0xff,0x17,0x17,0x17,0xff,0x17,0x17,0x17,0xff,0x17,0x17,0x17,0xff,
    0x17,0x17,0x17,0xff,0x17,0x17,0x17,0xff,0x17,0x17,0x17,0xff,0x17,0x17,0x17,0xff,
    0x17,0x17,0x17,0xff,0x17,0x17,0x17,0xff,0x17,0x17,0x17,0xff,0x17,0x17,0x17,0xff,
    0x17,0x17,0x17,0xff,0x17,0x17,0x17,0xff,0x17,0x17,0x17,0xff,0x17,0x17,0x17,0xff,
    0x17,0x17,0x17,0xff,0x17,0x17,0x17,0xff,0x17,0x17,0x17,0xff,0x17,0x17,0x17,0xff,
    0x17,0x17,0x17,0xff,0x17,0x17,0x17,0xff,0x17,0x17,0x17,0xff,0x17,0x17,0x17,0xff,
    0x17,0x17,0x17,0xff,0x17,0x17,0x17,0xff,0x17,0x17,0x17,0xff,0x17,0x17,0x17,0xff,
    0x17,0x17,0x17,0xff,0x17,0x17,0x17,0xff,0x17,0x17,0x17,0xff,0x17,0x17,0x17,0xff,
    0x17,0x17,0x17,0xff,0x17,0x17,0x17,0xff,0x17,0x17,0x17,0xff,0x17,0x17,0x17,0xff,
    0x17,0x17,0x17,0xff,0x17,0x17,0x17,0xff,0x17,0x17,0x17,0xff,0x17,0x17,0x17,0xff,
    0x17,0x17,0x17,0xff,0x17,0x17,0x17,0xff,0x17,0x17,0x17,0xff,0x17,0x17,0x17,0xff,
    0x17,0x17,0x17,0xff,0x17,0x17,0x17,0xff,0x17,0x17,0x17,0xff,0x17,0x17,0x17,0xff,
    0x17,0x17,0x17,0xff,0x17,0x17,0x16,0xff,0x17,0x17,0x12,0xff,0x1b,0x1b,0x5a,0xff,
    0x26,0x26,0xfb,0xff,0x25,0x25,0xf9,0xff,0x25,0x25,0xfb,0xff,0x25,0x25,0xf3,0xff,
    0x1d,0x1d,0x78,0xff,0x16,0x16,0x09,0xff,0x17,0x17,0x17,0xff,0x17,0x17,0x17,0xff,
    0x17,0x17,0x17,0xff,0x17,0x17,0x17,0xff,0x17,0x17,0x17,0xff,0x17,0x17,0x17,0xff,
    0x17,0x17,0x17,0xff,0x17,0x17,0x17,0xff,0x17,0x17,0x17,0xff,0x17,0x17,0x17,0xff,
    0x17,0x17,0x17,0xff,0x17,0x17,0x17,0xff,0x17,0x17,0x17,0xff,0x17,0x17,0x17,0xff,
    0x17,0x17,0x17,0xff,0x17,0x17,0x17,0xff,0x17,0x17,0x17,0xff,0x17,0x17,0x17,0xff,
    0x17,0x17,0x17,0xff,0x17,0x17,0x17,0xff,0x17,0x17,0x17,0xff,0x17,0x17,0x17,0xff,
    0x17,0x17,0x17,0xff,0x17,0x17,0x17,0xff,0x17,0x17,0x17,0xff,0x17,0x17,0x17,0xff,
    0x17,0x17,0x17,0xff,0x17,0x17,0x17,0xff,0x17,0x17,0x17,0xff,0x17,0x17,0x17,0xff,
    0x17,0x17,0x17,0xff,0x17,0x17,0x17,0xff,0x17,0x17,0x17,0xff,0x17,0x17,0x17,0xff,
    0x17,0x17,0x17,0xff,0x17,0x17,0x17,0xff,0x17,0x17,0x17,0xff,0x17,0x17,0x17,0xff,
    0x17,0x17,0x17,0xff,0x17,0x17,0x17,0xff,0x17,0x17,0x17,0xff,0x17,0x17,0x17,0xff,
    0x17,0x17,0x17,0xff,0x17,0x17,0x17,0xff,0x17,0x17,0x17,0xff,0x17,0x17,0x17,0xff,
    0x17,0x17,0x17,0xff,0x17,0x17,0x17,0xff,0x17,0x17,0x17,0xff,0x17,0x17,0x17,0xff,
    0x17,0x17,0x17,0xff,0x17,0x17,0x17,0xff,0x17,0x17,0x17,0xff,0x17,0x17,0x17,0xff,
    0x17,0x17,0x17,0xff,0x17,0x17,0x17,0xff,0x17,0x17,0x17,0xff,0x17,0x17,0x17,0xff,
    0x17,0x17,0x17,0xff,0x17,0x17,0x17,0xff,0x17,0x17,0x17,0xff,0x17,0x17,0x17,0xff,
    0x17,0x17,0x17,0xff,0x17,0x17,0x17,0xff,0x17,0x17,0x17,0xff,0x17,0x17,0x17,0xff,
    0x17,0x17,0x17,0xff,0x17,0x17,0x17,0xff,0x17,0x17,0x17,0xff,0x17,0x17,0x17,0xff,
    0x17,0x17,0x17,0xff,0x17,0x17,0x17,0xff,0x16,0x16,0x16,0xff,0x22,0x22,0x22,0xff,
    0x00,0x00,0x00,0x00,0x00,0x00,0x00,0x00,0x00,0x00,0x00,0x00,0x00,0x00,0x00,0x00,
    0x00,0x00,0x00,0x00,0x00,0x00,0x00,0x00,0x00,0x00,0x00,0x00,0x00,0x00,0x00,0x00,
    0x27,0x27,0x27,0xff,0x28,0x28,0x28,0xff,0x25,0x25,0x25,0xff,0x17,0x17,0x17,0xff,
    0x17,0x17,0x17,0xff,0x17,0x17,0x17,0xff,0x17,0x17,0x17,0xff,0x17,0x17,0x17,0xff,
    0x17,0x17,0x17,0xff,0x17,0x17,0x17,0xff,0x17,0x17,0x17,0xff,0x17,0x17,0x17,0xff,
    0x17,0x17,0x17,0xff,0x17,0x17,0x17,0xff,0x17,0x17,0x17,0xff,0x17,0x17,0x17,0xff,
    0x17,0x17,0x17,0xff,0x17,0x17,0x17,0xff,0x17,0x17,0x17,0xff,0x17,0x17,0x17,0xff,
    0x17,0x17,0x17,0xff,0x17,0x17,0x17,0xff,0x17,0x17,0x17,0xff,0x17,0x17,0x17,0xff,
    0x17,0x17,0x17,0xff,0x17,0x17,0x17,0xff,0x17,0x17,0x17,0xff,0x17,0x17,0x17,0xff,
    0x17,0x17,0x17,0xff,0x17,0x17,0x17,0xff,0x17,0x17,0x17,0xff,0x17,0x17,0x17,0xff,
    0x17,0x17,0x17,0xff,0x17,0x17,0x17,0xff,0x17,0x17,0x17,0xff,0x17,0x17,0x17,0xff,
    0x17,0x17,0x17,0xff,0x17,0x17,0x17,0xff,0x17,0x17,0x17,0xff,0x17,0x17,0x17,0xff,
    0x17,0x17,0x17,0xff,0x17,0x17,0x17,0xff,0x17,0x17,0x17,0xff,0x17,0x17,0x17,0xff,
    0x17,0x17,0x17,0xff,0x17,0x17,0x17,0xff,0x17,0x17,0x17,0xff,0x17,0x17,0x17,0xff,
    0x17,0x17,0x17,0xff,0x17,0x17,0x17,0xff,0x17,0x17,0x17,0xff,0x17,0x17,0x17,0xff,
    0x17,0x17,0x17,0xff,0x17,0x17,0x17,0xff,0x17,0x17,0x17,0xff,0x17,0x17,0x17,0xff,
    0x17,0x17,0x17,0xff,0x17,0x17,0x17,0xff,0x17,0x17,0x17,0xff,0x17,0x17,0x17,0xff,
    0x17,0x17,0x17,0xff,0x17,0x17,0x17,0xff,0x17,0x17,0x17,0xff,0x17,0x17,0x17,0xff,
    0x17,0x17,0x17,0xff,0x17,0x17,0x17,0xff,0x17,0x17,0x17,0xff,0x17,0x17,0x17,0xff,
    0x17,0x17,0x17,0xff,0x17,0x17,0x16,0xff,0x17,0x17,0x16,0xff,0x1b,0x1b,0x63,0xff,
    0x26,0x26,0xff,0xff,0x25,0x25,0xfb,0xff,0x25,0x25,0xfc,0xff,0x25,0x25,0xfa,0xff,
    0x1d,0x1d,0x7f,0xff,0x16,0x16,0x0b,0xff,0x17,0x17,0x17,0xff,0x17,0x17,0x17,0xff,
    0x17,0x17,0x17,0xff,0x17,0x17,0x17,0xff,0x17,0x17,0x17,0xff,0x17,0x17,0x17,0xff,
    0x17,0x17,0x17,0xff,0x17,0x17,0x17,0xff,0x17,0x17,0x17,0xff,0x17,0x17,0x17,0xff,
    0x17,0x17,0x17,0xff,0x17,0x17,0x17,0xff,0x17,0x17,0x17,0xff,0x17,0x17,0x17,0xff,
    0x17,0x17,0x17,0xff,0x17,0x17,0x17,0xff,0x17,0x17,0x17,0xff,0x17,0x17,0x17,0xff,
    0x17,0x17,0x17,0xff,0x17,0x17,0x17,0xff,0x17,0x17,0x17,0xff,0x17,0x17,0x17,0xff,
    0x17,0x17,0x17,0xff,0x17,0x17,0x17,0xff,0x17,0x17,0x17,0xff,0x17,0x17,0x17,0xff,
    0x17,0x17,0x17,0xff,0x17,0x17,0x17,0xff,0x17,0x17,0x17,0xff,0x17,0x17,0x17,0xff,
    0x17,0x17,0x17,0xff,0x17,0x17,0x17,0xff,0x17,0x17,0x17,0xff,0x17,0x17,0x17,0xff,
    0x17,0x17,0x17,0xff,0x17,0x17,0x17,0xff,0x17,0x17,0x17,0xff,0x17,0x17,0x17,0xff,
    0x17,0x17,0x17,0xff,0x17,0x17,0x17,0xff,0x17,0x17,0x17,0xff,0x17,0x17,0x17,0xff,
    0x17,0x17,0x17,0xff,0x17,0x17,0x17,0xff,0x17,0x17,0x17,0xff,0x17,0x17,0x17,0xff,
    0x17,0x17,0x17,0xff,0x17,0x17,0x17,0xff,0x17,0x17,0x17,0xff,0x17,0x17,0x17,0xff,
    0x17,0x17,0x17,0xff,0x17,0x17,0x17,0xff,0x17,0x17,0x17,0xff,0x17,0x17,0x17,0xff,
    0x17,0x17,0x17,0xff,0x17,0x17,0x17,0xff,0x17,0x17,0x17,0xff,0x17,0x17,0x17,0xff,
    0x17,0x17,0x17,0xff,0x17,0x17,0x17,0xff,0x17,0x17,0x17,0xff,0x17,0x17,0x17,0xff,
    0x17,0x17,0x17,0xff,0x17,0x17,0x17,0xff,0x17,0x17,0x17,0xff,0x17,0x17,0x17,0xff,
    0x17,0x17,0x17,0xff,0x17,0x17,0x17,0xff,0x17,0x17,0x17,0xff,0x17,0x17,0x17,0xff,
    0x17,0x17,0x17,0xff,0x17,0x17,0x17,0xff,0x16,0x16,0x16,0xff,0x22,0x22,0x22,0xff,
    0x00,0x00,0x00,0x00,0x00,0x00,0x00,0x00,0x00,0x00,0x00,0x00,0x00,0x00,0x00,0x00,
    0x00,0x00,0x00,0x00,0x00,0x00,0x00,0x00,0x00,0x00,0x00,0x00,0x00,0x00,0x00,0x00,
    0x27,0x27,0x27,0xff,0x28,0x28,0x28,0xff,0x25,0x25,0x25,0xff,0x17,0x17,0x17,0xff,
    0x17,0x17,0x17,0xff,0x17,0x17,0x17,0xff,0x17,0x17,0x17,0xff,0x17,0x17,0x17,0xff,
    0x17,0x17,0x17,0xff,0x17,0x17,0x17,0xff,0x17,0x17,0x17,0xff,0x17,0x17,0x17,0xff,
    0x17,0x17,0x17,0xff,0x17,0x17,0x17,0xff,0x17,0x17,0x17,0xff,0x17,0x17,0x17,0xff,
    0x17,0x17,0x17,0xff,0x17,0x17,0x17,0xff,0x17,0x17,0x17,0xff,0x17,0x17,0x17,0xff,
    0x17,0x17,0x17,0xff,0x17,0x17,0x17,0xff,0x17,0x17,0x17,0xff,0x17,0x17,0x17,0xff,
    0x17,0x17,0x17,0xff,0x17,0x17,0x17,0xff,0x17,0x17,0x17,0xff,0x17,0x17,0x17,0xff,
    0x17,0x17,0x17,0xff,0x17,0x17,0x17,0xff,0x17,0x17,0x17,0xff,0x17,0x17,0x17,0xff,
    0x17,0x17,0x17,0xff,0x17,0x17,0x17,0xff,0x17,0x17,0x17,0xff,0x17,0x17,0x17,0xff,
    0x17,0x17,0x17,0xff,0x17,0x17,0x17,0xff,0x17,0x17,0x17,0xff,0x17,0x17,0x17,0xff,
    0x17,0x17,0x17,0xff,0x17,0x17,0x17,0xff,0x17,0x17,0x17,0xff,0x17,0x17,0x17,0xff,
    0x17,0x17,0x17,0xff,0x17,0x17,0x17,0xff,0x17,0x17,0x17,0xff,0x17,0x17,0x17,0xff,
    0x17,0x17,0x17,0xff,0x17,0x17,0x17,0xff,0x17,0x17,0x17,0xff,0x17,0x17,0x17,0xff,
    0x17,0x17,0x17,0xff,0x17,0x17,0x17,0xff,0x17,0x17,0x17,0xff,0x17,0x17,0x17,0xff,
    0x17,0x17,0x17,0xff,0x17,0x17,0x17,0xff,0x17,0x17,0x17,0xff,0x17,0x17,0x17,0xff,
    0x17,0x17,0x17,0xff,0x17,0x17,0x17,0xff,0x17,0x17,0x17,0xff,0x17,0x17,0x17,0xff,
    0x17,0x17,0x17,0xff,0x17,0x17,0x17,0xff,0x17,0x17,0x17,0xff,0x17,0x17,0x17,0xff,
    0x17,0x17,0x17,0xff,0x17,0x17,0x15,0xff,0x17,0x17,0x1a,0xff,0x1b,0x1b,0x6a,0xff,
    0x26,0x26,0xff,0xff,0x25,0x25,0xf3,0xff,0x25,0x25,0xf4,0xff,0x25,0x25,0xff,0xff,
    0x1e,0x1e,0x88,0xff,0x16,0x16,0x0f,0xff,0x17,0x17,0x17,0xff,0x17,0x17,0x17,0xff,
    0x17,0x17,0x17,0xff,0x17,0x17,0x17,0xff,0x17,0x17,0x17,0xff,0x17,0x17,0x17,0xff,
    0x17,0x17,0x17,0xff,0x17,0x17,0x17,0xff,0x17,0x17,0x17,0xff,0x17,0x17,0x17,0xff,
    0x17,0x17,0x17,0xff,0x17,0x17,0x17,0xff,0x17,0x17,0x17,0xff,0x17,0x17,0x17,0xff,
    0x17,0x17,0x17,0xff,0x17,0x17,0x17,0xff,0x17,0x17,0x17,0xff,0x17,0x17,0x17,0xff,
    0x17,0x17,0x17,0xff,0x17,0x17,0x17,0xff,0x17,0x17,0x17,0xff,0x17,0x17,0x17,0xff,
    0x17,0x17,0x17,0xff,0x17,0x17,0x17,0xff,0x17,0x17,0x17,0xff,0x17,0x17,0x17,0xff,
    0x17,0x17,0x17,0xff,0x17,0x17,0x17,0xff,0x17,0x17,0x17,0xff,0x17,0x17,0x17,0xff,
    0x17,0x17,0x17,0xff,0x17,0x17,0x17,0xff,0x17,0x17,0x17,0xff,0x17,0x17,0x17,0xff,
    0x17,0x17,0x17,0xff,0x17,0x17,0x17,0xff,0x17,0x17,0x17,0xff,0x17,0x17,0x17,0xff,
    0x17,0x17,0x17,0xff,0x17,0x17,0x17,0xff,0x17,0x17,0x17,0xff,0x17,0x17,0x17,0xff,
    0x17,0x17,0x17,0xff,0x17,0x17,0x17,0xff,0x17,0x17,0x17,0xff,0x17,0x17,0x17,0xff,
    0x17,0x17,0x17,0xff,0x17,0x17,0x17,0xff,0x17,0x17,0x17,0xff,0x17,0x17,0x17,0xff,
    0x17,0x17,0x17,0xff,0x17,0x17,0x17,0xff,0x17,0x17,0x17,0xff,0x17,0x17,0x17,0xff,
    0x17,0x17,0x17,0xff,0x17,0x17,0x17,0xff,0x17,0x17,0x17,0xff,0x17,0x17,0x17,0xff,
    0x17,0x17,0x17,0xff,0x17,0x17,0x17,0xff,0x17,0x17,0x17,0xff,0x17,0x17,0x17,0xff,
    0x17,0x17,0x17,0xff,0x17,0x17,0x17,0xff,0x17,0x17,0x17,0xff,0x17,0x17,0x17,0xff,
    0x17,0x17,0x17,0xff,0x17,0x17,0x17,0xff,0x17,0x17,0x17,0xff,0x17,0x17,0x17,0xff,
    0x17,0x17,0x17,0xff,0x17,0x17,0x17,0xff,0x16,0x16,0x16,0xff,0x22,0x22,0x22,0xff,
    0x00,0x00,0x00,0x00,0x00,0x00,0x00,0x00,0x00,0x00,0x00,0x00,0x00,0x00,0x00,0x00,
    0x00,0x00,0x00,0x00,0x00,0x00,0x00,0x00,0x00,0x00,0x00,0x00,0x00,0x00,0x00,0x00,
    0x27,0x27,0x27,0xff,0x28,0x28,0x28,0xff,0x25,0x25,0x25,0xff,0x17,0x17,0x17,0xff,
    0x17,0x17,0x17,0xff,0x17,0x17,0x17,0xff,0x17,0x17,0x17,0xff,0x17,0x17,0x17,0xff,
    0x17,0x17,0x17,0xff,0x17,0x17,0x17,0xff,0x17,0x17,0x17,0xff,0x17,0x17,0x17,0xff,
    0x17,0x17,0x17,0xff,0x17,0x17,0x17,0xff,0x17,0x17,0x17,0xff,0x17,0x17,0x17,0xff,
    0x17,0x17,0x17,0xff,0x17,0x17,0x17,0xff,0x17,0x17,0x17,0xff,0x17,0x17,0x17,0xff,
    0x17,0x17,0x17,0xff,0x17,0x17,0x17,0xff,0x17,0x17,0x17,0xff,0x17,0x17,0x17,0xff,
    0x17,0x17,0x17,0xff,0x17,0x17,0x17,0xff,0x17,0x17,0x17,0xff,0x17,0x17,0x17,0xff,
    0x17,0x17,0x17,0xff,0x17,0x17,0x17,0xff,0x17,0x17,0x17,0xff,0x17,0x17,0x17,0xff,
    0x17,0x17,0x17,0xff,0x17,0x17,0x17,0xff,0x17,0x17,0x17,0xff,0x17,0x17,0x17,0xff,
    0x17,0x17,0x17,0xff,0x17,0x17,0x17,0xff,0x17,0x17,0x17,0xff,0x17,0x17,0x17,0xff,
    0x17,0x17,0x17,0xff,0x17,0x17,0x17,0xff,0x17,0x17,0x17,0xff,0x17,0x17,0x17,0xff,
    0x17,0x17,0x17,0xff,0x17,0x17,0x17,0xff,0x17,0x17,0x17,0xff,0x17,0x17,0x17,0xff,
    0x17,0x17,0x17,0xff,0x17,0x17,0x17,0xff,0x17,0x17,0x17,0xff,0x17,0x17,0x17,0xff,
    0x17,0x17,0x17,0xff,0x17,0x17,0x17,0xff,0x17,0x17,0x17,0xff,0x17,0x17,0x17,0xff,
    0x17,0x17,0x17,0xff,0x17,0x17,0x17,0xff,0x17,0x17,0x17,0xff,0x17,0x17,0x17,0xff,
    0x17,0x17,0x17,0xff,0x17,0x17,0x17,0xff,0x17,0x17,0x17,0xff,0x17,0x17,0x17,0xff,
    0x17,0x17,0x17,0xff,0x17,0x17,0x17,0xff,0x17,0x17,0x17,0xff,0x17,0x17,0x17,0xff,
    0x17,0x17,0x17,0xff,0x17,0x17,0x14,0xff,0x17,0x17,0x1d,0xff,0x1c,0x1c,0x70,0xff,
    0x25,0x25,0xff,0xff,0x24,0x24,0xd8,0xff,0x24,0x24,0xdc,0xff,0x26,0x26,0xff,0xff,
    0x1f,0x1f,0x93,0xff,0x17,0x17,0x14,0xff,0x17,0x17,0x16,0xff,0x17,0x17,0x17,0xff,
    0x17,0x17,0x17,0xff,0x17,0x17,0x17,0xff,0x17,0x17,0x17,0xff,0x17,0x17,0x17,0xff,
    0x17,0x17,0x17,0xff,0x17,0x17,0x17,0xff,0x17,0x17,0x17,0xff,0x17,0x17,0x17,0xff,
    0x17,0x17,0x17,0xff,0x17,0x17,0x17,0xff,0x17,0x17,0x17,0xff,0x17,0x17,0x17,0xff,
    0x17,0x17,0x17,0xff,0x17,0x17,0x17,0xff,0x17,0x17,0x17,0xff,0x17,0x17,0x17,0xff,
    0x17,0x17,0x17,0xff,0x17,0x17,0x17,0xff,0x17,0x17,0x17,0xff,0x17,0x17,0x17,0xff,
    0x17,0x17,0x17,0xff,0x17,0x17,0x17,0xff,0x17,0x17,0x17,0xff,0x17,0x17,0x17,0xff,
    0x17,0x17,0x17,0xff,0x17,0x17,0x17,0xff,0x17,0x17,0x17,0xff,0x17,0x17,0x17,0xff,
    0x17,0x17,0x17,0xff,0x17,0x17,0x17,0xff,0x17,0x17,0x17,0xff,0x17,0x17,0x17,0xff,
    0x17,0x17,0x17,0xff,0x17,0x17,0x17,0xff,0x17,0x17,0x17,0xff,0x17,0x17,0x17,0xff,
    0x17,0x17,0x17,0xff,0x17,0x17,0x17,0xff,0x17,0x17,0x17,0xff,0x17,0x17,0x17,0xff,
    0x17,0x17,0x17,0xff,0x17,0x17,0x17,0xff,0x17,0x17,0x17,0xff,0x17,0x17,0x17,0xff,
    0x17,0x17,0x17,0xff,0x17,0x17,0x17,0xff,0x17,0x17,0x17,0xff,0x17,0x17,0x17,0xff,
    0x17,0x17,0x17,0xff,0x17,0x17,0x17,0xff,0x17,0x17,0x17,0xff,0x17,0x17,0x17,0xff,
    0x17,0x17,0x17,0xff,0x17,0x17,0x17,0xff,0x17,0x17,0x17,0xff,0x17,0x17,0x17,0xff,
    0x17,0x17,0x17,0xff,0x17,0x17,0x17,0xff,0x17,0x17,0x17,0xff,0x17,0x17,0x17,0xff,
    0x17,0x17,0x17,0xff,0x17,0x17,0x17,0xff,0x17,0x17,0x17,0xff,0x17,0x17,0x17,0xff,
    0x17,0x17,0x17,0xff,0x17,0x17,0x17,0xff,0x17,0x17,0x17,0xff,0x17,0x17,0x17,0xff,
    0x17,0x17,0x17,0xff,0x17,0x17,0x17,0xff,0x16,0x16,0x16,0xff,0x22,0x22,0x22,0xff,
    0x00,0x00,0x00,0x00,0x00,0x00,0x00,0x00,0x00,0x00,0x00,0x00,0x00,0x00,0x00,0x00,
    0x00,0x00,0x00,0x00,0x00,0x00,0x00,0x00,0x00,0x00,0x00,0x00,0x00,0x00,0x00,0x00,
    0x27,0x27,0x27,0xff,0x28,0x28,0x28,0xff,0x25,0x25,0x25,0xff,0x17,0x17,0x17,0xff,
    0x17,0x17,0x17,0xff,0x17,0x17,0x17,0xff,0x17,0x17,0x17,0xff,0x17,0x17,0x17,0xff,
    0x17,0x17,0x17,0xff,0x17,0x17,0x17,0xff,0x17,0x17,0x17,0xff,0x17,0x17,0x17,0xff,
    0x17,0x17,0x17,0xff,0x17,0x17,0x17,0xff,0x17,0x17,0x17,0xff,0x17,0x17,0x17,0xff,
    0x17,0x17,0x17,0xff,0x17,0x17,0x17,0xff,0x17,0x17,0x17,0xff,0x17,0x17,0x17,0xff,
    0x17,0x17,0x17,0xff,0x17,0x17,0x17,0xff,0x17,0x17,0x17,0xff,0x17,0x17,0x17,0xff,
    0x17,0x17,0x17,0xff,0x17,0x17,0x17,0xff,0x17,0x17,0x17,0xff,0x17,0x17,0x17,0xff,
    0x17,0x17,0x17,0xff,0x17,0x17,0x17,0xff,0x17,0x17,0x17,0xff,0x17,0x17,0x17,0xff,
    0x17,0x17,0x17,0xff,0x17,0x17,0x17,0xff,0x17,0x17,0x17,0xff,0x17,0x17,0x17,0xff,
    0x17,0x17,0x17,0xff,0x17,0x17,0x17,0xff,0x17,0x17,0x17,0xff,0x17,0x17,0x17,0xff,
    0x17,0x17,0x17,0xff,0x17,0x17,0x17,0xff,0x17,0x17,0x17,0xff,0x17,0x17,0x17,0xff,
    0x17,0x17,0x17,0xff,0x17,0x17,0x17,0xff,0x17,0x17,0x17,0xff,0x17,0x17,0x17,0xff,
    0x17,0x17,0x17,0xff,0x17,0x17,0x17,0xff,0x17,0x17,0x17,0xff,0x17,0x17,0x17,0xff,
    0x17,0x17,0x17,0xff,0x17,0x17,0x17,0xff,0x17,0x17,0x17,0xff,0x17,0x17,0x17,0xff,
    0x17,0x17,0x17,0xff,0x17,0x17,0x17,0xff,0x17,0x17,0x17,0xff,0x17,0x17,0x17,0xff,
    0x17,0x17,0x17,0xff,0x17,0x17,0x17,0xff,0x17,0x17,0x17,0xff,0x17,0x17,0x17,0xff,
    0x17,0x17,0x17,0xff,0x17,0x17,0x17,0xff,0x17,0x17,0x17,0xff,0x17,0x17,0x17,0xff,
    0x17,0x17,0x17,0xff,0x17,0x17,0x14,0xff,0x18,0x18,0x22,0xff,0x1d,0x1d,0x79,0xff,
    0x25,0x25,0xfd,0xff,0x22,0x22,0xc1,0xff,0x22,0x22,0xbf,0xff,0x25,0x25,0xf8,0xff,
    0x1f,0x1f,0x99,0xff,0x17,0x17,0x19,0xff,0x17,0x17,0x16,0xff,0x17,0x17,0x17,0xff,
    0x17,0x17,0x17,0xff,0x17,0x17,0x17,0xff,0x17,0x17,0x17,0xff,0x17,0x17,0x17,0xff,
    0x17,0x17,0x17,0xff,0x17,0x17,0x17,0xff,0x17,0x17,0x17,0xff,0x17,0x17,0x17,0xff,
    0x17,0x17,0x17,0xff,0x17,0x17,0x17,0xff,0x17,0x17,0x17,0xff,0x17,0x17,0x17,0xff,
    0x17,0x17,0x17,0xff,0x17,0x17,0x17,0xff,0x17,0x17,0x17,0xff,0x17,0x17,0x17,0xff,
    0x17,0x17,0x17,0xff,0x17,0x17,0x17,0xff,0x17,0x17,0x17,0xff,0x17,0x17,0x17,0xff,
    0x17,0x17,0x17,0xff,0x17,0x17,0x17,0xff,0x17,0x17,0x17,0xff,0x17,0x17,0x17,0xff,
    0x17,0x17,0x17,0xff,0x17,0x17,0x17,0xff,0x17,0x17,0x17,0xff,0x17,0x17,0x17,0xff,
    0x17,0x17,0x17,0xff,0x17,0x17,0x17,0xff,0x17,0x17,0x17,0xff,0x17,0x17,0x17,0xff,
    0x17,0x17,0x17,0xff,0x17,0x17,0x17,0xff,0x17,0x17,0x17,0xff,0x17,0x17,0x17,0xff,
    0x17,0x17,0x17,0xff,0x17,0x17,0x17,0xff,0x17,0x17,0x17,0xff,0x17,0x17,0x17,0xff,
    0x17,0x17,0x17,0xff,0x17,0x17,0x17,0xff,0x17,0x17,0x17,0xff,0x17,0x17,0x17,0xff,
    0x17,0x17,0x17,0xff,0x17,0x17,0x17,0xff,0x17,0x17,0x17,0xff,0x17,0x17,0x17,0xff,
    0x17,0x17,0x17,0xff,0x17,0x17,0x17,0xff,0x17,0x17,0x17,0xff,0x17,0x17,0x17,0xff,
    0x17,0x17,0x17,0xff,0x17,0x17,0x17,0xff,0x17,0x17,0x17,0xff,0x17,0x17,0x17,0xff,
    0x17,0x17,0x17,0xff,0x17,0x17,0x17,0xff,0x17,0x17,0x17,0xff,0x17,0x17,0x17,0xff,
    0x17,0x17,0x17,0xff,0x17,0x17,0x17,0xff,0x17,0x17,0x17,0xff,0x17,0x17,0x17,0xff,
    0x17,0x17,0x17,0xff,0x17,0x17,0x17,0xff,0x17,0x17,0x17,0xff,0x17,0x17,0x17,0xff,
    0x17,0x17,0x17,0xff,0x17,0x17,0x17,0xff,0x16,0x16,0x16,0xff,0x22,0x22,0x22,0xff,
    0x00,0x00,0x00,0x00,0x00,0x00,0x00,0x00,0x00,0x00,0x00,0x00,0x00,0x00,0x00,0x00,
    0x00,0x00,0x00,0x00,0x00,0x00,0x00,0x00,0x00,0x00,0x00,0x00,0x00,0x00,0x00,0x00,
    0x27,0x27,0x27,0xff,0x28,0x28,0x28,0xff,0x25,0x25,0x25,0xff,0x17,0x17,0x17,0xff,
    0x17,0x17,0x17,0xff,0x17,0x17,0x17,0xff,0x17,0x17,0x17,0xff,0x17,0x17,0x17,0xff,
    0x17,0x17,0x17,0xff,0x17,0x17,0x17,0xff,0x17,0x17,0x17,0xff,0x17,0x17,0x17,0xff,
    0x17,0x17,0x17,0xff,0x17,0x17,0x17,0xff,0x17,0x17,0x17,0xff,0x17,0x17,0x17,0xff,
    0x17,0x17,0x17,0xff,0x17,0x17,0x17,0xff,0x17,0x17,0x17,0xff,0x17,0x17,0x17,0xff,
    0x17,0x17,0x17,0xff,0x17,0x17,0x17,0xff,0x17,0x17,0x17,0xff,0x17,0x17,0x17,0xff,
    0x17,0x17,0x17,0xff,0x17,0x17,0x17,0xff,0x17,0x17,0x17,0xff,0x17,0x17,0x17,0xff,
    0x17,0x17,0x17,0xff,0x17,0x17,0x17,0xff,0x17,0x17,0x17,0xff,0x17,0x17,0x17,0xff,
    0x17,0x17,0x17,0xff,0x17,0x17,0x17,0xff,0x17,0x17,0x17,0xff,0x17,0x17,0x17,0xff,
    0x17,0x17,0x17,0xff,0x17,0x17,0x17,0xff,0x17,0x17,0x17,0xff,0x17,0x17,0x17,0xff,
    0x17,0x17,0x17,0xff,0x17,0x17,0x17,0xff,0x17,0x17,0x17,0xff,0x17,0x17,0x17,0xff,
    0x17,0x17,0x17,0xff,0x17,0x17,0x17,0xff,0x17,0x17,0x17,0xff,0x17,0x17,0x17,0xff,
    0x17,0x17,0x17,0xff,0x17,0x17,0x17,0xff,0x17,0x17,0x17,0xff,0x17,0x17,0x17,0xff,
    0x17,0x17,0x17,0xff,0x17,0x17,0x17,0xff,0x17,0x17,0x17,0xff,0x17,0x17,0x17,0xff,
    0x17,0x17,0x17,0xff,0x17,0x17,0x17,0xff,0x17,0x17,0x17,0xff,0x17,0x17,0x17,0xff,
    0x17,0x17,0x17,0xff,0x17,0x17,0x17,0xff,0x17,0x17,0x17,0xff,0x17,0x17,0x17,0xff,
    0x17,0x17,0x17,0xff,0x17,0x17,0x17,0xff,0x17,0x17,0x17,0xff,0x17,0x17,0x17,0xff,
    0x17,0x17,0x17,0xff,0x17,0x17,0x12,0xff,0x18,0x18,0x28,0xff,0x1e,0x1e,0x84,0xff,
    0x25,0x25,0xfb,0xff,0x20,0x20,0xaa,0xff,0x20,0x20,0xa8,0xff,0x24,0x24,0xf0,0xff,
    0x1f,0x1f,0x9d,0xff,0x17,0x17,0x1d,0xff,0x17,0x17,0x15,0xff,0x17,0x17,0x17,0xff,
    0x17,0x17,0x17,0xff,0x17,0x17,0x17,0xff,0x17,0x17,0x17,0xff,0x17,0x17,0x17,0xff,
    0x17,0x17,0x17,0xff,0x17,0x17,0x17,0xff,0x17,0x17,0x17,0xff,0x17,0x17,0x17,0xff,
    0x17,0x17,0x17,0xff,0x17,0x17,0x17,0xff,0x17,0x17,0x17,0xff,0x17,0x17,0x17,0xff,
    0x17,0x17,0x17,0xff,0x17,0x17,0x17,0xff,0x17,0x17,0x17,0xff,0x17,0x17,0x17,0xff,
    0x17,0x17,0x17,0xff,0x17,0x17,0x17,0xff,0x17,0x17,0x17,0xff,0x17,0x17,0x17,0xff,
    0x17,0x17,0x17,0xff,0x17,0x17,0x17,0xff,0x17,0x17,0x17,0xff,0x17,0x17,0x17,0xff,
    0x17,0x17,0x17,0xff,0x17,0x17,0x17,0xff,0x17,0x17,0x17,0xff,0x17,0x17,0x17,0xff,
    0x17,0x17,0x17,0xff,0x17,0x17,0x17,0xff,0x17,0x17,0x17,0xff,0x17,0x17,0x17,0xff,
    0x17,0x17,0x17,0xff,0x17,0x17,0x17,0xff,0x17,0x17,0x17,0xff,0x17,0x17,0x17,0xff,
    0x17,0x17,0x17,0xff,0x17,0x17,0x17,0xff,0x17,0x17,0x17,0xff,0x17,0x17,0x17,0xff,
    0x17,0x17,0x17,0xff,0x17,0x17,0x17,0xff,0x17,0x17,0x17,0xff,0x17,0x17,0x17,0xff,
    0x17,0x17,0x17,0xff,0x17,0x17,0x17,0xff,0x17,0x17,0x17,0xff,0x17,0x17,0x17,0xff,
    0x17,0x17,0x17,0xff,0x17,0x17,0x17,0xff,0x17,0x17,0x17,0xff,0x17,0x17,0x17,0xff,
    0x17,0x17,0x17,0xff,0x17,0x17,0x17,0xff,0x17,0x17,0x17,0xff,0x17,0x17,0x17,0xff,
    0x17,0x17,0x17,0xff,0x17,0x17,0x17,0xff,0x17,0x17,0x17,0xff,0x17,0x17,0x17,0xff,
    0x17,0x17,0x17,0xff,0x17,0x17,0x17,0xff,0x17,0x17,0x17,0xff,0x17,0x17,0x17,0xff,
    0x17,0x17,0x17,0xff,0x17,0x17,0x17,0xff,0x17,0x17,0x17,0xff,0x17,0x17,0x17,0xff,
    0x17,0x17,0x17,0xff,0x17,0x17,0x17,0xff,0x16,0x16,0x16,0xff,0x22,0x22,0x22,0xff,
    0x00,0x00,0x00,0x00,0x00,0x00,0x00,0x00,0x00,0x00,0x00,0x00,0x00,0x00,0x00,0x00,
    0x00,0x00,0x00,0x00,0x00,0x00,0x00,0x00,0x00,0x00,0x00,0x00,0x00,0x00,0x00,0x00,
    0x27,0x27,0x27,0xff,0x28,0x28,0x28,0xff,0x25,0x25,0x25,0xff,0x17,0x17,0x17,0xff,
    0x17,0x17,0x17,0xff,0x17,0x17,0x17,0xff,0x17,0x17,0x17,0xff,0x17,0x17,0x17,0xff,
    0x17,0x17,0x17,0xff,0x17,0x17,0x17,0xff,0x17,0x17,0x17,0xff,0x17,0x17,0x17,0xff,
    0x17,0x17,0x17,0xff,0x17,0x17,0x17,0xff,0x17,0x17,0x17,0xff,0x17,0x17,0x17,0xff,
    0x17,0x17,0x17,0xff,0x17,0x17,0x17,0xff,0x17,0x17,0x17,0xff,0x17,0x17,0x17,0xff,
    0x17,0x17,0x17,0xff,0x17,0x17,0x17,0xff,0x17,0x17,0x17,0xff,0x17,0x17,0x17,0xff,
    0x17,0x17,0x17,0xff,0x17,0x17,0x17,0xff,0x17,0x17,0x17,0xff,0x17,0x17,0x17,0xff,
    0x17,0x17,0x17,0xff,0x17,0x17,0x17,0xff,0x17,0x17,0x17,0xff,0x17,0x17,0x17,0xff,
    0x17,0x17,0x17,0xff,0x17,0x17,0x17,0xff,0x17,0x17,0x17,0xff,0x17,0x17,0x17,0xff,
    0x17,0x17,0x17,0xff,0x17,0x17,0x17,0xff,0x17,0x17,0x17,0xff,0x17,0x17,0x17,0xff,
    0x17,0x17,0x17,0xff,0x17,0x17,0x17,0xff,0x17,0x17,0x17,0xff,0x17,0x17,0x17,0xff,
    0x17,0x17,0x17,0xff,0x17,0x17,0x17,0xff,0x17,0x17,0x17,0xff,0x17,0x17,0x17,0xff,
    0x17,0x17,0x17,0xff,0x17,0x17,0x17,0xff,0x17,0x17,0x17,0xff,0x17,0x17,0x17,0xff,
    0x17,0x17,0x17,0xff,0x17,0x17,0x17,0xff,0x17,0x17,0x17,0xff,0x17,0x17,0x17,0xff,
    0x17,0x17,0x17,0xff,0x17,0x17,0x17,0xff,0x17,0x17,0x17,0xff,0x17,0x17,0x17,0xff,
    0x17,0x17,0x17,0xff,0x17,0x17,0x17,0xff,0x17,0x17,0x17,0xff,0x17,0x17,0x17,0xff,
    0x17,0x17,0x17,0xff,0x17,0x17,0x17,0xff,0x17,0x17,0x17,0xff,0x17,0x17,0x17,0xff,
    0x17,0x17,0x17,0xff,0x17,0x17,0x11,0xff,0x19,0x19,0x30,0xff,0x1f,0x1f,0x90,0xff,
    0x25,0x25,0xf7,0xff,0x1e,0x1e,0x90,0xff,0x1e,0x1e,0x91,0xff,0x24,0x24,0xea,0xff,
    0x20,0x20,0xa2,0xff,0x17,0x17,0x22,0xff,0x17,0x17,0x15,0xff,0x17,0x17,0x17,0xff,
    0x17,0x17,0x17,0xff,0x17,0x17,0x17,0xff,0x17,0x17,0x17,0xff,0x17,0x17,0x17,0xff,
    0x17,0x17,0x17,0xff,0x17,0x17,0x17,0xff,0x17,0x17,0x17,0xff,0x17,0x17,0x17,0xff,
    0x17,0x17,0x17,0xff,0x17,0x17,0x17,0xff,0x17,0x17,0x17,0xff,0x17,0x17,0x17,0xff,
    0x17,0x17,0x17,0xff,0x17,0x17,0x17,0xff,0x17,0x17,0x17,0xff,0x17,0x17,0x17,0xff,
    0x17,0x17,0x17,0xff,0x17,0x17,0x17,0xff,0x17,0x17,0x17,0xff,0x17,0x17,0x17,0xff,
    0x17,0x17,0x17,0xff,0x17,0x17,0x17,0xff,0x17,0x17,0x17,0xff,0x17,0x17,0x17,0xff,
    0x17,0x17,0x17,0xff,0x17,0x17,0x17,0xff,0x17,0x17,0x17,0xff,0x17,0x17,0x17,0xff,
    0x17,0x17,0x17,0xff,0x17,0x17,0x17,0xff,0x17,0x17,0x17,0xff,0x17,0x17,0x17,0xff,
    0x17,0x17,0x17,0xff,0x17,0x17,0x17,0xff,0x17,0x17,0x17,0xff,0x17,0x17,0x17,0xff,
    0x17,0x17,0x17,0xff,0x17,0x17,0x17,0xff,0x17,0x17,0x17,0xff,0x17,0x17,0x17,0xff,
    0x17,0x17,0x17,0xff,0x17,0x17,0x17,0xff,0x17,0x17,0x17,0xff,0x17,0x17,0x17,0xff,
    0x17,0x17,0x17,0xff,0x17,0x17,0x17,0xff,0x17,0x17,0x17,0xff,0x17,0x17,0x17,0xff,
    0x17,0x17,0x17,0xff,0x17,0x17,0x17,0xff,0x17,0x17,0x17,0xff,0x17,0x17,0x17,0xff,
    0x17,0x17,0x17,0xff,0x17,0x17,0x17,0xff,0x17,0x17,0x17,0xff,0x17,0x17,0x17,0xff,
    0x17,0x17,0x17,0xff,0x17,0x17,0x17,0xff,0x17,0x17,0x17,0xff,0x17,0x17,0x17,0xff,
    0x17,0x17,0x17,0xff,0x17,0x17,0x17,0xff,0x17,0x17,0x17,0xff,0x17,0x17,0x17,0xff,
    0x17,0x17,0x17,0xff,0x17,0x17,0x17,0xff,0x17,0x17,0x17,0xff,0x17,0x17,0x17,0xff,
    0x17,0x17,0x17,0xff,0x17,0x17,0x17,0xff,0x16,0x16,0x16,0xff,0x22,0x22,0x22,0xff,
    0x00,0x00,0x00,0x00,0x00,0x00,0x00,0x00,0x00,0x00,0x00,0x00,0x00,0x00,0x00,0x00,
    0x00,0x00,0x00,0x00,0x00,0x00,0x00,0x00,0x00,0x00,0x00,0x00,0x00,0x00,0x00,0x00,
    0x27,0x27,0x27,0xff,0x28,0x28,0x28,0xff,0x25,0x25,0x25,0xff,0x17,0x17,0x17,0xff,
    0x17,0x17,0x17,0xff,0x17,0x17,0x17,0xff,0x17,0x17,0x17,0xff,0x17,0x17,0x17,0xff,
    0x17,0x17,0x17,0xff,0x17,0x17,0x17,0xff,0x17,0x17,0x17,0xff,0x17,0x17,0x17,0xff,
    0x17,0x17,0x17,0xff,0x17,0x17,0x17,0xff,0x17,0x17,0x17,0xff,0x17,0x17,0x17,0xff,
    0x17,0x17,0x17,0xff,0x17,0x17,0x17,0xff,0x17,0x17,0x17,0xff,0x17,0x17,0x17,0xff,
    0x17,0x17,0x17,0xff,0x17,0x17,0x17,0xff,0x17,0x17,0x17,0xff,0x17,0x17,0x17,0xff,
    0x17,0x17,0x17,0xff,0x17,0x17,0x17,0xff,0x17,0x17,0x17,0xff,0x17,0x17,0x17,0xff,
    0x17,0x17,0x17,0xff,0x17,0x17,0x17,0xff,0x17,0x17,0x17,0xff,0x17,0x17,0x17,0xff,
    0x17,0x17,0x17,0xff,0x17,0x17,0x17,0xff,0x17,0x17,0x17,0xff,0x17,0x17,0x17,0xff,
    0x17,0x17,0x17,0xff,0x17,0x17,0x17,0xff,0x17,0x17,0x17,0xff,0x17,0x17,0x17,0xff,
    0x17,0x17,0x17,0xff,0x17,0x17,0x17,0xff,0x17,0x17,0x17,0xff,0x17,0x17,0x17,0xff,
    0x17,0x17,0x17,0xff,0x17,0x17,0x17,0xff,0x17,0x17,0x17,0xff,0x17,0x17,0x17,0xff,
    0x17,0x17,0x17,0xff,0x17,0x17,0x17,0xff,0x17,0x17,0x17,0xff,0x17,0x17,0x17,0xff,
    0x17,0x17,0x17,0xff,0x17,0x17,0x17,0xff,0x17,0x17,0x17,0xff,0x17,0x17,0x17,0xff,
    0x17,0x17,0x17,0xff,0x17,0x17,0x17,0xff,0x17,0x17,0x17,0xff,0x17,0x17,0x17,0xff,
    0x17,0x17,0x17,0xff,0x17,0x17,0x17,0xff,0x17,0x17,0x17,0xff,0x17,0x17,0x17,0xff,
    0x17,0x17,0x17,0xff,0x17,0x17,0x17,0xff,0x17,0x17,0x17,0xff,0x17,0x17,0x17,0xff,
    0x17,0x17,0x17,0xff,0x17,0x17,0x11,0xff,0x19,0x19,0x39,0xff,0x20,0x20,0xa0,0xff,
    0x25,0x25,0xf4,0xff,0x1c,0x1c,0x7b,0xff,0x1c,0x1c,0x80,0xff,0x24,0x24,0xe5,0xff,
    0x20,0x20,0xa7,0xff,0x18,0x18,0x27,0xff,0x17,0x17,0x15,0xff,0x17,0x17,0x17,0xff,
    0x17,0x17,0x17,0xff,0x17,0x17,0x17,0xff,0x17,0x17,0x17,0xff,0x17,0x17,0x17,0xff,
    0x17,0x17,0x17,0xff,0x17,0x17,0x17,0xff,0x17,0x17,0x17,0xff,0x17,0x17,0x17,0xff,
    0x17,0x17,0x17,0xff,0x17,0x17,0x17,0xff,0x17,0x17,0x17,0xff,0x17,0x17,0x17,0xff,
    0x17,0x17,0x17,0xff,0x17,0x17,0x17,0xff,0x17,0x17,0x17,0xff,0x17,0x17,0x17,0xff,
    0x17,0x17,0x17,0xff,0x17,0x17,0x17,0xff,0x17,0x17,0x17,0xff,0x17,0x17,0x17,0xff,
    0x17,0x17,0x17,0xff,0x17,0x17,0x17,0xff,0x17,0x17,0x17,0xff,0x17,0x17,0x17,0xff,
    0x17,0x17,0x17,0xff,0x17,0x17,0x17,0xff,0x17,0x17,0x17,0xff,0x17,0x17,0x17,0xff,
    0x17,0x17,0x17,0xff,0x17,0x17,0x17,0xff,0x17,0x17,0x17,0xff,0x17,0x17,0x17,0xff,
    0x17,0x17,0x17,0xff,0x17,0x17,0x17,0xff,0x17,0x17,0x17,0xff,0x17,0x17,0x17,0xff,
    0x17,0x17,0x17,0xff,0x17,0x17,0x17,0xff,0x17,0x17,0x17,0xff,0x17,0x17,0x17,0xff,
    0x17,0x17,0x17,0xff,0x17,0x17,0x17,0xff,0x17,0x17,0x17,0xff,0x17,0x17,0x17,0xff,
    0x17,0x17,0x17,0xff,0x17,0x17,0x17,0xff,0x17,0x17,0x17,0xff,0x17,0x17,0x17,0xff,
    0x17,0x17,0x17,0xff,0x17,0x17,0x17,0xff,0x17,0x17,0x17,0xff,0x17,0x17,0x17,0xff,
    0x17,0x17,0x17,0xff,0x17,0x17,0x17,0xff,0x17,0x17,0x17,0xff,0x17,0x17,0x17,0xff,
    0x17,0x17,0x17,0xff,0x17,0x17,0x17,0xff,0x17,0x17,0x17,0xff,0x17,0x17,0x17,0xff,
    0x17,0x17,0x17,0xff,0x17,0x17,0x17,0xff,0x17,0x17,0x17,0xff,0x17,0x17,0x17,0xff,
    0x17,0x17,0x17,0xff,0x17,0x17,0x17,0xff,0x17,0x17,0x17,0xff,0x17,0x17,0x17,0xff,
    0x17,0x17,0x17,0xff,0x17,0x17,0x17,0xff,0x16,0x16,0x16,0xff,0x22,0x22,0x22,0xff,
    0x00,0x00,0x00,0x00,0x00,0x00,0x00,0x00,0x00,0x00,0x00,0x00,0x00,0x00,0x00,0x00,
    0x00,0x00,0x00,0x00,0x00,0x00,0x00,0x00,0x00,0x00,0x00,0x00,0x00,0x00,0x00,0x00,
    0x27,0x27,0x27,0xff,0x28,0x28,0x28,0xff,0x25,0x25,0x25,0xff,0x17,0x17,0x17,0xff,
    0x17,0x17,0x17,0xff,0x17,0x17,0x17,0xff,0x17,0x17,0x17,0xff,0x17,0x17,0x17,0xff,
    0x17,0x17,0x17,0xff,0x17,0x17,0x17,0xff,0x17,0x17,0x17,0xff,0x17,0x17,0x17,0xff,
    0x17,0x17,0x17,0xff,0x17,0x17,0x17,0xff,0x17,0x17,0x17,0xff,0x17,0x17,0x17,0xff,
    0x17,0x17,0x17,0xff,0x17,0x17,0x17,0xff,0x17,0x17,0x17,0xff,0x17,0x17,0x17,0xff,
    0x17,0x17,0x17,0xff,0x17,0x17,0x17,0xff,0x17,0x17,0x17,0xff,0x17,0x17,0x17,0xff,
    0x17,0x17,0x17,0xff,0x17,0x17,0x17,0xff,0x17,0x17,0x17,0xff,0x17,0x17,0x17,0xff,
    0x17,0x17,0x17,0xff,0x17,0x17,0x17,0xff,0x17,0x17,0x17,0xff,0x17,0x17,0x17,0xff,
    0x17,0x17,0x17,0xff,0x17,0x17,0x17,0xff,0x17,0x17,0x17,0xff,0x17,0x17,0x17,0xff,
    0x17,0x17,0x17,0xff,0x17,0x17,0x17,0xff,0x17,0x17,0x17,0xff,0x17,0x17,0x17,0xff,
    0x17,0x17,0x17,0xff,0x17,0x17,0x17,0xff,0x17,0x17,0x17,0xff,0x17,0x17,0x17,0xff,
    0x17,0x17,0x17,0xff,0x17,0x17,0x17,0xff,0x17,0x17,0x17,0xff,0x17,0x17,0x17,0xff,
    0x17,0x17,0x17,0xff,0x17,0x17,0x17,0xff,0x17,0x17,0x17,0xff,0x17,0x17,0x17,0xff,
    0x17,0x17,0x17,0xff,0x17,0x17,0x17,0xff,0x17,0x17,0x17,0xff,0x17,0x17,0x17,0xff,
    0x17,0x17,0x17,0xff,0x17,0x17,0x17,0xff,0x17,0x17,0x17,0xff,0x17,0x17,0x17,0xff,
    0x17,0x17,0x17,0xff,0x17,0x17,0x17,0xff,0x17,0x17,0x17,0xff,0x17,0x17,0x17,0xff,
    0x17,0x17,0x17,0xff,0x17,0x17,0x17,0xff,0x17,0x17,0x17,0xff,0x17,0x17,0x17,0xff,
    0x17,0x17,0x17,0xff,0x17,0x17,0x10,0xff,0x19,0x19,0x40,0xff,0x20,0x20,0xad,0xff,
    0x25,0x25,0xf2,0xff,0x1c,0x1c,0x69,0xff,0x1c,0x1c,0x73,0xff,0x23,0x23,0xe2,0xff,
    0x20,0x20,0xac,0xff,0x18,0x18,0x2c,0xff,0x17,0x17,0x14,0xff,0x17,0x17,0x17,0xff,
    0x17,0x17,0x17,0xff,0x17,0x17,0x17,0xff,0x17,0x17,0x17,0xff,0x17,0x17,0x17,0xff,
    0x17,0x17,0x17,0xff,0x17,0x17,0x17,0xff,0x17,0x17,0x17,0xff,0x17,0x17,0x17,0xff,
    0x17,0x17,0x17,0xff,0x17,0x17,0x17,0xff,0x17,0x17,0x17,0xff,0x17,0x17,0x17,0xff,
    0x17,0x17,0x17,0xff,0x17,0x17,0x17,0xff,0x17,0x17,0x17,0xff,0x17,0x17,0x17,0xff,
    0x17,0x17,0x17,0xff,0x17,0x17,0x17,0xff,0x17,0x17,0x17,0xff,0x17,0x17,0x17,0xff,
    0x17,0x17,0x17,0xff,0x17,0x17,0x17,0xff,0x17,0x17,0x17,0xff,0x17,0x17,0x17,0xff,
    0x17,0x17,0x17,0xff,0x17,0x17,0x17,0xff,0x17,0x17,0x17,0xff,0x17,0x17,0x17,0xff,
    0x17,0x17,0x17,0xff,0x17,0x17,0x17,0xff,0x17,0x17,0x17,0xff,0x17,0x17,0x17,0xff,
    0x17,0x17,0x17,0xff,0x17,0x17,0x17,0xff,0x17,0x17,0x17,0xff,0x17,0x17,0x17,0xff,
    0x17,0x17,0x17,0xff,0x17,0x17,0x17,0xff,0x17,0x17,0x17,0xff,0x17,0x17,0x17,0xff,
    0x17,0x17,0x17,0xff,0x17,0x17,0x17,0xff,0x17,0x17,0x17,0xff,0x17,0x17,0x17,0xff,
    0x17,0x17,0x17,0xff,0x17,0x17,0x17,0xff,0x17,0x17,0x17,0xff,0x17,0x17,0x17,0xff,
    0x17,0x17,0x17,0xff,0x17,0x17,0x17,0xff,0x17,0x17,0x17,0xff,0x17,0x17,0x17,0xff,
    0x17,0x17,0x17,0xff,0x17,0x17,0x17,0xff,0x17,0x17,0x17,0xff,0x17,0x17,0x17,0xff,
    0x17,0x17,0x17,0xff,0x17,0x17,0x17,0xff,0x17,0x17,0x17,0xff,0x17,0x17,0x17,0xff,
    0x17,0x17,0x17,0xff,0x17,0x17,0x17,0xff,0x17,0x17,0x17,0xff,0x17,0x17,0x17,0xff,
    0x17,0x17,0x17,0xff,0x17,0x17,0x17,0xff,0x17,0x17,0x17,0xff,0x17,0x17,0x17,0xff,
    0x17,0x17,0x17,0xff,0x17,0x17,0x17,0xff,0x16,0x16,0x16,0xff,0x22,0x22,0x22,0xff,
    0x00,0x00,0x00,0x00,0x00,0x00,0x00,0x00,0x00,0x00,0x00,0x00,0x00,0x00,0x00,0x00,
    0x00,0x00,0x00,0x00,0x00,0x00,0x00,0x00,0x00,0x00,0x00,0x00,0x00,0x00,0x00,0x00,
    0x27,0x27,0x27,0xff,0x28,0x28,0x28,0xff,0x25,0x25,0x25,0xff,0x17,0x17,0x17,0xff,
    0x17,0x17,0x17,0xff,0x17,0x17,0x17,0xff,0x17,0x17,0x17,0xff,0x17,0x17,0x17,0xff,
    0x17,0x17,0x17,0xff,0x17,0x17,0x17,0xff,0x17,0x17,0x17,0xff,0x17,0x17,0x17,0xff,
    0x17,0x17,0x17,0xff,0x17,0x17,0x17,0xff,0x17,0x17,0x17,0xff,0x17,0x17,0x17,0xff,
    0x17,0x17,0x17,0xff,0x17,0x17,0x17,0xff,0x17,0x17,0x17,0xff,0x17,0x17,0x17,0xff,
    0x17,0x17,0x17,0xff,0x17,0x17,0x17,0xff,0x17,0x17,0x17,0xff,0x17,0x17,0x17,0xff,
    0x17,0x17,0x17,0xff,0x17,0x17,0x17,0xff,0x17,0x17,0x17,0xff,0x17,0x17,0x17,0xff,
    0x17,0x17,0x17,0xff,0x17,0x17,0x17,0xff,0x17,0x17,0x17,0xff,0x17,0x17,0x17,0xff,
    0x17,0x17,0x17,0xff,0x17,0x17,0x17,0xff,0x17,0x17,0x17,0xff,0x17,0x17,0x17,0xff,
    0x17,0x17,0x17,0xff,0x17,0x17,0x17,0xff,0x17,0x17,0x17,0xff,0x17,0x17,0x17,0xff,
    0x17,0x17,0x17,0xff,0x17,0x17,0x17,0xff,0x17,0x17,0x17,0xff,0x17,0x17,0x17,0xff,
    0x17,0x17,0x17,0xff,0x17,0x17,0x17,0xff,0x17,0x17,0x17,0xff,0x17,0x17,0x17,0xff,
    0x17,0x17,0x17,0xff,0x17,0x17,0x17,0xff,0x17,0x17,0x17,0xff,0x17,0x17,0x17,0xff,
    0x17,0x17,0x17,0xff,0x17,0x17,0x17,0xff,0x17,0x17,0x17,0xff,0x17,0x17,0x17,0xff,
    0x17,0x17,0x17,0xff,0x17,0x17,0x17,0xff,0x17,0x17,0x17,0xff,0x17,0x17,0x17,0xff,
    0x17,0x17,0x17,0xff,0x17,0x17,0x17,0xff,0x17,0x17,0x17,0xff,0x17,0x17,0x17,0xff,
    0x17,0x17,0x17,0xff,0x17,0x17,0x17,0xff,0x17,0x17,0x17,0xff,0x17,0x17,0x17,0xff,
    0x17,0x17,0x17,0xff,0x16,0x16,0x0f,0xff,0x1a,0x1a,0x45,0xff,0x21,0x21,0xb6,0xff,
    0x24,0x24,0xf1,0xff,0x1b,0x1b,0x5b,0xff,0x1c,0x1c,0x68,0xff,0x23,0x23,0xde,0xff,
    0x20,0x20,0xb1,0xff,0x18,0x18,0x33,0xff,0x17,0x17,0x14,0xff,0x17,0x17,0x17,0xff,
    0x17,0x17,0x17,0xff,0x17,0x17,0x17,0xff,0x17,0x17,0x17,0xff,0x17,0x17,0x17,0xff,
    0x17,0x17,0x17,0xff,0x17,0x17,0x17,0xff,0x17,0x17,0x17,0xff,0x17,0x17,0x17,0xff,
    0x17,0x17,0x17,0xff,0x17,0x17,0x17,0xff,0x17,0x17,0x17,0xff,0x17,0x17,0x17,0xff,
    0x17,0x17,0x17,0xff,0x17,0x17,0x17,0xff,0x17,0x17,0x17,0xff,0x17,0x17,0x17,0xff,
    0x17,0x17,0x17,0xff,0x17,0x17,0x17,0xff,0x17,0x17,0x17,0xff,0x17,0x17,0x17,0xff,
    0x17,0x17,0x17,0xff,0x17,0x17,0x17,0xff,0x17,0x17,0x17,0xff,0x17,0x17,0x17,0xff,
    0x17,0x17,0x17,0xff,0x17,0x17,0x17,0xff,0x17,0x17,0x17,0xff,0x17,0x17,0x17,0xff,
    0x17,0x17,0x17,0xff,0x17,0x17,0x17,0xff,0x17,0x17,0x17,0xff,0x17,0x17,0x17,0xff,
    0x17,0x17,0x17,0xff,0x17,0x17,0x17,0xff,0x17,0x17,0x17,0xff,0x17,0x17,0x17,0xff,
    0x17,0x17,0x17,0xff,0x17,0x17,0x17,0xff,0x17,0x17,0x17,0xff,0x17,0x17,0x17,0xff,
    0x17,0x17,0x17,0xff,0x17,0x17,0x17,0xff,0x17,0x17,0x17,0xff,0x17,0x17,0x17,0xff,
    0x17,0x17,0x17,0xff,0x17,0x17,0x17,0xff,0x17,0x17,0x17,0xff,0x17,0x17,0x17,0xff,
    0x17,0x17,0x17,0xff,0x17,0x17,0x17,0xff,0x17,0x17,0x17,0xff,0x17,0x17,0x17,0xff,
    0x17,0x17,0x17,0xff,0x17,0x17,0x17,0xff,0x17,0x17,0x17,0xff,0x17,0x17,0x17,0xff,
    0x17,0x17,0x17,0xff,0x17,0x17,0x17,0xff,0x17,0x17,0x17,0xff,0x17,0x17,0x17,0xff,
    0x17,0x17,0x17,0xff,0x17,0x17,0x17,0xff,0x17,0x17,0x17,0xff,0x17,0x17,0x17,0xff,
    0x17,0x17,0x17,0xff,0x17,0x17,0x17,0xff,0x17,0x17,0x17,0xff,0x17,0x17,0x17,0xff,
    0x17,0x17,0x17,0xff,0x17,0x17,0x17,0xff,0x16,0x16,0x16,0xff,0x22,0x22,0x22,0xff,
    0x00,0x00,0x00,0x00,0x00,0x00,0x00,0x00,0x00,0x00,0x00,0x00,0x00,0x00,0x00,0x00,
    0x00,0x00,0x00,0x00,0x00,0x00,0x00,0x00,0x00,0x00,0x00,0x00,0x00,0x00,0x00,0x00,
    0x27,0x27,0x27,0xff,0x28,0x28,0x28,0xff,0x25,0x25,0x25,0xff,0x17,0x17,0x17,0xff,
    0x17,0x17,0x17,0xff,0x17,0x17,0x17,0xff,0x17,0x17,0x17,0xff,0x17,0x17,0x17,0xff,
    0x17,0x17,0x17,0xff,0x17,0x17,0x17,0xff,0x17,0x17,0x17,0xff,0x17,0x17,0x17,0xff,
    0x17,0x17,0x17,0xff,0x17,0x17,0x17,0xff,0x17,0x17,0x17,0xff,0x17,0x17,0x17,0xff,
    0x17,0x17,0x17,0xff,0x17,0x17,0x17,0xff,0x17,0x17,0x17,0xff,0x17,0x17,0x17,0xff,
    0x17,0x17,0x17,0xff,0x17,0x17,0x17,0xff,0x17,0x17,0x17,0xff,0x17,0x17,0x17,0xff,
    0x17,0x17,0x17,0xff,0x17,0x17,0x17,0xff,0x17,0x17,0x17,0xff,0x17,0x17,0x17,0xff,
    0x17,0x17,0x17,0xff,0x17,0x17,0x17,0xff,0x17,0x17,0x17,0xff,0x17,0x17,0x17,0xff,
    0x17,0x17,0x17,0xff,0x17,0x17,0x17,0xff,0x17,0x17,0x17,0xff,0x17,0x17,0x17,0xff,
    0x17,0x17,0x17,0xff,0x17,0x17,0x17,0xff,0x17,0x17,0x17,0xff,0x17,0x17,0x17,0xff,
    0x17,0x17,0x17,0xff,0x17,0x17,0x17,0xff,0x17,0x17,0x17,0xff,0x17,0x17,0x17,0xff,
    0x17,0x17,0x17,0xff,0x17,0x17,0x17,0xff,0x17,0x17,0x17,0xff,0x17,0x17,0x17,0xff,
    0x17,0x17,0x17,0xff,0x17,0x17,0x17,0xff,0x17,0x17,0x17,0xff,0x17,0x17,0x17,0xff,
    0x17,0x17,0x17,0xff,0x17,0x17,0x17,0xff,0x17,0x17,0x17,0xff,0x17,0x17,0x17,0xff,
    0x17,0x17,0x17,0xff,0x17,0x17,0x17,0xff,0x17,0x17,0x17,0xff,0x17,0x17,0x17,0xff,
    0x17,0x17,0x17,0xff,0x17,0x17,0x17,0xff,0x17,0x17,0x17,0xff,0x17,0x17,0x17,0xff,
    0x17,0x17,0x17,0xff,0x17,0x17,0x17,0xff,0x17,0x17,0x17,0xff,0x17,0x17,0x17,0xff,
    0x17,0x17,0x17,0xff,0x16,0x16,0x0e,0xff,0x1a,0x1a,0x4a,0xff,0x21,0x21,0xbe,0xff,
    0x24,0x24,0xef,0xff,0x1a,0x1a,0x52,0xff,0x1b,0x1b,0x5d,0xff,0x23,0x23,0xda,0xff,
    0x21,0x21,0xb8,0xff,0x19,0x19,0x3b,0xff,0x17,0x17,0x13,0xff,0x17,0x17,0x17,0xff,
    0x17,0x17,0x17,0xff,0x17,0x17,0x17,0xff,0x17,0x17,0x17,0xff,0x17,0x17,0x17,0xff,
    0x17,0x17,0x17,0xff,0x17,0x17,0x17,0xff,0x17,0x17,0x17,0xff,0x17,0x17,0x17,0xff,
    0x17,0x17,0x17,0xff,0x17,0x17,0x17,0xff,0x17,0x17,0x17,0xff,0x17,0x17,0x17,0xff,
    0x17,0x17,0x17,0xff,0x17,0x17,0x17,0xff,0x17,0x17,0x17,0xff,0x17,0x17,0x17,0xff,
    0x17,0x17,0x17,0xff,0x17,0x17,0x17,0xff,0x17,0x17,0x17,0xff,0x17,0x17,0x17,0xff,
    0x17,0x17,0x17,0xff,0x17,0x17,0x17,0xff,0x17,0x17,0x17,0xff,0x17,0x17,0x17,0xff,
    0x17,0x17,0x17,0xff,0x17,0x17,0x17,0xff,0x17,0x17,0x17,0xff,0x17,0x17,0x17,0xff,
    0x17,0x17,0x17,0xff,0x17,0x17,0x17,0xff,0x17,0x17,0x17,0xff,0x17,0x17,0x17,0xff,
    0x17,0x17,0x17,0xff,0x17,0x17,0x17,0xff,0x17,0x17,0x17,0xff,0x17,0x17,0x17,0xff,
    0x17,0x17,0x17,0xff,0x17,0x17,0x17,0xff,0x17,0x17,0x17,0xff,0x17,0x17,0x17,0xff,
    0x17,0x17,0x17,0xff,0x17,0x17,0x17,0xff,0x17,0x17,0x17,0xff,0x17,0x17,0x17,0xff,
    0x17,0x17,0x17,0xff,0x17,0x17,0x17,0xff,0x17,0x17,0x17,0xff,0x17,0x17,0x17,0xff,
    0x17,0x17,0x17,0xff,0x17,0x17,0x17,0xff,0x17,0x17,0x17,0xff,0x17,0x17,0x17,0xff,
    0x17,0x17,0x17,0xff,0x17,0x17,0x17,0xff,0x17,0x17,0x17,0xff,0x17,0x17,0x17,0xff,
    0x17,0x17,0x17,0xff,0x17,0x17,0x17,0xff,0x17,0x17,0x17,0xff,0x17,0x17,0x17,0xff,
    0x17,0x17,0x17,0xff,0x17,0x17,0x17,0xff,0x17,0x17,0x17,0xff,0x17,0x17,0x17,0xff,
    0x17,0x17,0x17,0xff,0x17,0x17,0x17,0xff,0x17,0x17,0x17,0xff,0x17,0x17,0x17,0xff,
    0x17,0x17,0x17,0xff,0x17,0x17,0x17,0xff,0x16,0x16,0x16,0xff,0x22,0x22,0x22,0xff,
    0x00,0x00,0x00,0x00,0x00,0x00,0x00,0x00,0x00,0x00,0x00,0x00,0x00,0x00,0x00,0x00,
    0x00,0x00,0x00,0x00,0x00,0x00,0x00,0x00,0x00,0x00,0x00,0x00,0x00,0x00,0x00,0x00,
    0x27,0x27,0x27,0xff,0x28,0x28,0x28,0xff,0x25,0x25,0x25,0xff,0x17,0x17,0x17,0xff,
    0x17,0x17,0x17,0xff,0x17,0x17,0x17,0xff,0x17,0x17,0x17,0xff,0x17,0x17,0x17,0xff,
    0x17,0x17,0x17,0xff,0x17,0x17,0x17,0xff,0x17,0x17,0x17,0xff,0x17,0x17,0x17,0xff,
    0x17,0x17,0x17,0xff,0x17,0x17,0x17,0xff,0x17,0x17,0x17,0xff,0x17,0x17,0x17,0xff,
    0x17,0x17,0x17,0xff,0x17,0x17,0x17,0xff,0x17,0x17,0x17,0xff,0x17,0x17,0x17,0xff,
    0x17,0x17,0x17,0xff,0x17,0x17,0x17,0xff,0x17,0x17,0x17,0xff,0x17,0x17,0x17,0xff,
    0x17,0x17,0x17,0xff,0x17,0x17,0x17,0xff,0x17,0x17,0x17,0xff,0x17,0x17,0x17,0xff,
    0x17,0x17,0x17,0xff,0x17,0x17,0x17,0xff,0x17,0x17,0x17,0xff,0x17,0x17,0x17,0xff,
    0x17,0x17,0x17,0xff,0x17,0x17,0x17,0xff,0x17,0x17,0x17,0xff,0x17,0x17,0x17,0xff,
    0x17,0x17,0x17,0xff,0x17,0x17,0x17,0xff,0x17,0x17,0x17,0xff,0x17,0x17,0x17,0xff,
    0x17,0x17,0x17,0xff,0x17,0x17,0x17,0xff,0x17,0x17,0x17,0xff,0x17,0x17,0x17,0xff,
    0x17,0x17,0x17,0xff,0x17,0x17,0x17,0xff,0x17,0x17,0x17,0xff,0x17,0x17,0x17,0xff,
    0x17,0x17,0x17,0xff,0x17,0x17,0x17,0xff,0x17,0x17,0x17,0xff,0x17,0x17,0x17,0xff,
    0x17,0x17,0x17,0xff,0x17,0x17,0x17,0xff,0x17,0x17,0x17,0xff,0x17,0x17,0x17,0xff,
    0x17,0x17,0x17,0xff,0x17,0x17,0x17,0xff,0x17,0x17,0x17,0xff,0x17,0x17,0x17,0xff,
    0x17,0x17,0x17,0xff,0x17,0x17,0x17,0xff,0x17,0x17,0x17,0xff,0x17,0x17,0x17,0xff,
    0x17,0x17,0x17,0xff,0x17,0x17,0x17,0xff,0x17,0x17,0x17,0xff,0x17,0x17,0x17,0xff,
    0x17,0x17,0x17,0xff,0x16,0x16,0x0d,0xff,0x1a,0x1a,0x4f,0xff,0x21,0x21,0xc7,0xff,
    0x24,0x24,0xed,0xff,0x19,0x19,0x43,0xff,0x1a,0x1a,0x56,0xff,0x23,0x23,0xd8,0xff,
    0x21,0x21,0xc0,0xff,0x1a,0x1a,0x45,0xff,0x17,0x17,0x12,0xff,0x17,0x17,0x17,0xff,
    0x17,0x17,0x17,0xff,0x17,0x17,0x17,0xff,0x17,0x17,0x17,0xff,0x17,0x17,0x17,0xff,
    0x17,0x17,0x17,0xff,0x17,0x17,0x17,0xff,0x17,0x17,0x17,0xff,0x17,0x17,0x17,0xff,
    0x17,0x17,0x17,0xff,0x17,0x17,0x17,0xff,0x17,0x17,0x17,0xff,0x17,0x17,0x17,0xff,
    0x17,0x17,0x17,0xff,0x17,0x17,0x17,0xff,0x17,0x17,0x17,0xff,0x17,0x17,0x17,0xff,
    0x17,0x17,0x17,0xff,0x17,0x17,0x17,0xff,0x17,0x17,0x17,0xff,0x17,0x17,0x17,0xff,
    0x17,0x17,0x17,0xff,0x17,0x17,0x17,0xff,0x17,0x17,0x17,0xff,0x17,0x17,0x17,0xff,
    0x17,0x17,0x17,0xff,0x17,0x17,0x17,0xff,0x17,0x17,0x17,0xff,0x17,0x17,0x17,0xff,
    0x17,0x17,0x17,0xff,0x17,0x17,0x17,0xff,0x17,0x17,0x17,0xff,0x17,0x17,0x17,0xff,
    0x17,0x17,0x17,0xff,0x17,0x17,0x17,0xff,0x17,0x17,0x17,0xff,0x17,0x17,0x17,0xff,
    0x17,0x17,0x17,0xff,0x17,0x17,0x17,0xff,0x17,0x17,0x17,0xff,0x17,0x17,0x17,0xff,
    0x17,0x17,0x17,0xff,0x17,0x17,0x17,0xff,0x17,0x17,0x17,0xff,0x17,0x17,0x17,0xff,
    0x17,0x17,0x17,0xff,0x17,0x17,0x17,0xff,0x17,0x17,0x17,0xff,0x17,0x17,0x17,0xff,
    0x17,0x17,0x17,0xff,0x17,0x17,0x17,0xff,0x17,0x17,0x17,0xff,0x17,0x17,0x17,0xff,
    0x17,0x17,0x17,0xff,0x17,0x17,0x17,0xff,0x17,0x17,0x17,0xff,0x17,0x17,0x17,0xff,
    0x17,0x17,0x17,0xff,0x17,0x17,0x17,0xff,0x17,0x17,0x17,0xff,0x17,0x17,0x17,0xff,
    0x17,0x17,0x17,0xff,0x17,0x17,0x17,0xff,0x17,0x17,0x17,0xff,0x17,0x17,0x17,0xff,
    0x17,0x17,0x17,0xff,0x17,0x17,0x17,0xff,0x17,0x17,0x17,0xff,0x17,0x17,0x17,0xff,
    0x17,0x17,0x17,0xff,0x17,0x17,0x17,0xff,0x16,0x16,0x16,0xff,0x22,0x22,0x22,0xff,
    0x00,0x00,0x00,0x00,0x00,0x00,0x00,0x00,0x00,0x00,0x00,0x00,0x00,0x00,0x00,0x00,
    0x00,0x00,0x00,0x00,0x00,0x00,0x00,0x00,0x00,0x00,0x00,0x00,0x00,0x00,0x00,0x00,
    0x27,0x27,0x27,0xff,0x28,0x28,0x28,0xff,0x25,0x25,0x25,0xff,0x17,0x17,0x17,0xff,
    0x17,0x17,0x17,0xff,0x17,0x17,0x17,0xff,0x17,0x17,0x17,0xff,0x17,0x17,0x17,0xff,
    0x17,0x17,0x17,0xff,0x17,0x17,0x17,0xff,0x17,0x17,0x17,0xff,0x17,0x17,0x17,0xff,
    0x17,0x17,0x17,0xff,0x17,0x17,0x17,0xff,0x17,0x17,0x17,0xff,0x17,0x17,0x17,0xff,
    0x17,0x17,0x17,0xff,0x17,0x17,0x17,0xff,0x17,0x17,0x17,0xff,0x17,0x17,0x17,0xff,
    0x17,0x17,0x17,0xff,0x17,0x17,0x17,0xff,0x17,0x17,0x17,0xff,0x17,0x17,0x17,0xff,
    0x17,0x17,0x17,0xff,0x17,0x17,0x17,0xff,0x17,0x17,0x17,0xff,0x17,0x17,0x17,0xff,
    0x17,0x17,0x17,0xff,0x17,0x17,0x17,0xff,0x17,0x17,0x17,0xff,0x17,0x17,0x17,0xff,
    0x17,0x17,0x17,0xff,0x17,0x17,0x17,0xff,0x17,0x17,0x17,0xff,0x17,0x17,0x17,0xff,
    0x17,0x17,0x17,0xff,0x17,0x17,0x17,0xff,0x17,0x17,0x17,0xff,0x17,0x17,0x17,0xff,
    0x17,0x17,0x17,0xff,0x17,0x17,0x17,0xff,0x17,0x17,0x17,0xff,0x17,0x17,0x17,0xff,
    0x17,0x17,0x17,0xff,0x17,0x17,0x17,0xff,0x17,0x17,0x17,0xff,0x17,0x17,0x17,0xff,
    0x17,0x17,0x17,0xff,0x17,0x17,0x17,0xff,0x17,0x17,0x17,0xff,0x17,0x17,0x17,0xff,
    0x17,0x17,0x17,0xff,0x17,0x17,0x17,0xff,0x17,0x17,0x17,0xff,0x17,0x17,0x17,0xff,
    0x17,0x17,0x17,0xff,0x17,0x17,0x17,0xff,0x17,0x17,0x17,0xff,0x17,0x17,0x17,0xff,
    0x17,0x17,0x17,0xff,0x17,0x17,0x17,0xff,0x17,0x17,0x17,0xff,0x17,0x17,0x17,0xff,
    0x17,0x17,0x17,0xff,0x17,0x17,0x17,0xff,0x17,0x17,0x17,0xff,0x17,0x17,0x17,0xff,
    0x17,0x17,0x17,0xff,0x16,0x16,0x0c,0xff,0x1b,0x1b,0x52,0xff,0x22,0x22,0xcc,0xff,
    0x24,0x24,0xec,0xff,0x18,0x18,0x3b,0xff,0x1a,0x1a,0x4b,0xff,0x23,0x23,0xd4,0xff,
    0x23,0x23,0xca,0xff,0x1b,0x1b,0x53,0xff,0x17,0x17,0x11,0xff,0x17,0x17,0x17,0xff,
    0x17,0x17,0x17,0xff,0x17,0x17,0x17,0xff,0x17,0x17,0x17,0xff,0x17,0x17,0x17,0xff,
    0x17,0x17,0x17,0xff,0x17,0x17,0x17,0xff,0x17,0x17,0x17,0xff,0x17,0x17,0x17,0xff,
    0x17,0x17,0x17,0xff,0x17,0x17,0x17,0xff,0x17,0x17,0x17,0xff,0x17,0x17,0x17,0xff,
    0x17,0x17,0x17,0xff,0x17,0x17,0x17,0xff,0x17,0x17,0x17,0xff,0x17,0x17,0x17,0xff,
    0x17,0x17,0x17,0xff,0x17,0x17,0x17,0xff,0x17,0x17,0x17,0xff,0x17,0x17,0x17,0xff,
    0x17,0x17,0x17,0xff,0x17,0x17,0x17,0xff,0x17,0x17,0x17,0xff,0x17,0x17,0x17,0xff,
    0x17,0x17,0x17,0xff,0x17,0x17,0x17,0xff,0x17,0x17,0x17,0xff,0x17,0x17,0x17,0xff,
    0x17,0x17,0x17,0xff,0x17,0x17,0x17,0xff,0x17,0x17,0x17,0xff,0x17,0x17,0x17,0xff,
    0x17,0x17,0x17,0xff,0x17,0x17,0x17,0xff,0x17,0x17,0x17,0xff,0x17,0x17,0x17,0xff,
    0x17,0x17,0x17,0xff,0x17,0x17,0x17,0xff,0x17,0x17,0x17,0xff,0x17,0x17,0x17,0xff,
    0x17,0x17,0x17,0xff,0x17,0x17,0x17,0xff,0x17,0x17,0x17,0xff,0x17,0x17,0x17,0xff,
    0x17,0x17,0x17,0xff,0x17,0x17,0x17,0xff,0x17,0x17,0x17,0xff,0x17,0x17,0x17,0xff,
    0x17,0x17,0x17,0xff,0x17,0x17,0x17,0xff,0x17,0x17,0x17,0xff,0x17,0x17,0x17,0xff,
    0x17,0x17,0x17,0xff,0x17,0x17,0x17,0xff,0x17,0x17,0x17,0xff,0x17,0x17,0x17,0xff,
    0x17,0x17,0x17,0xff,0x17,0x17,0x17,0xff,0x17,0x17,0x17,0xff,0x17,0x17,0x17,0xff,
    0x17,0x17,0x17,0xff,0x17,0x17,0x17,0xff,0x17,0x17,0x17,0xff,0x17,0x17,0x17,0xff,
    0x17,0x17,0x17,0xff,0x17,0x17,0x17,0xff,0x17,0x17,0x17,0xff,0x17,0x17,0x17,0xff,
    0x17,0x17,0x17,0xff,0x17,0x17,0x17,0xff,0x16,0x16,0x16,0xff,0x22,0x22,0x22,0xff,
    0x00,0x00,0x00,0x00,0x00,0x00,0x00,0x00,0x00,0x00,0x00,0x00,0x00,0x00,0x00,0x00,
    0x00,0x00,0x00,0x00,0x00,0x00,0x00,0x00,0x00,0x00,0x00,0x00,0x00,0x00,0x00,0x00,
    0x27,0x27,0x27,0xff,0x28,0x28,0x28,0xff,0x25,0x25,0x25,0xff,0x17,0x17,0x17,0xff,
    0x17,0x17,0x17,0xff,0x17,0x17,0x17,0xff,0x17,0x17,0x17,0xff,0x17,0x17,0x17,0xff,
    0x17,0x17,0x17,0xff,0x17,0x17,0x17,0xff,0x17,0x17,0x17,0xff,0x17,0x17,0x17,0xff,
    0x17,0x17,0x17,0xff,0x17,0x17,0x17,0xff,0x17,0x17,0x17,0xff,0x17,0x17,0x17,0xff,
    0x17,0x17,0x17,0xff,0x17,0x17,0x17,0xff,0x17,0x17,0x17,0xff,0x17,0x17,0x17,0xff,
    0x17,0x17,0x17,0xff,0x17,0x17,0x17,0xff,0x17,0x17,0x17,0xff,0x17,0x17,0x17,0xff,
    0x17,0x17,0x17,0xff,0x17,0x17,0x17,0xff,0x17,0x17,0x17,0xff,0x17,0x17,0x17,0xff,
    0x17,0x17,0x17,0xff,0x17,0x17,0x17,0xff,0x17,0x17,0x17,0xff,0x17,0x17,0x17,0xff,
    0x17,0x17,0x17,0xff,0x17,0x17,0x17,0xff,0x17,0x17,0x17,0xff,0x17,0x17,0x17,0xff,
    0x17,0x17,0x17,0xff,0x17,0x17,0x17,0xff,0x17,0x17,0x17,0xff,0x17,0x17,0x17,0xff,
    0x17,0x17,0x17,0xff,0x17,0x17,0x17,0xff,0x17,0x17,0x17,0xff,0x17,0x17,0x17,0xff,
    0x17,0x17,0x17,0xff,0x17,0x17,0x17,0xff,0x17,0x17,0x17,0xff,0x17,0x17,0x17,0xff,
    0x17,0x17,0x17,0xff,0x17,0x17,0x17,0xff,0x17,0x17,0x17,0xff,0x17,0x17,0x17,0xff,
    0x17,0x17,0x17,0xff,0x17,0x17,0x17,0xff,0x17,0x17,0x17,0xff,0x17,0x17,0x17,0xff,
    0x17,0x17,0x17,0xff,0x17,0x17,0x17,0xff,0x17,0x17,0x17,0xff,0x17,0x17,0x17,0xff,
    0x17,0x17,0x17,0xff,0x17,0x17,0x17,0xff,0x17,0x17,0x17,0xff,0x17,0x17,0x17,0xff,
    0x17,0x17,0x17,0xff,0x17,0x17,0x17,0xff,0x17,0x17,0x17,0xff,0x17,0x17,0x17,0xff,
    0x17,0x17,0x17,0xff,0x16,0x16,0x0b,0xff,0x1b,0x1b,0x57,0xff,0x23,0x23,0xd5,0xff,
    0x24,0x24,0xeb,0xff,0x18,0x18,0x31,0xff,0x19,0x19,0x3d,0xff,0x22,0x22,0xce,0xff,
    0x23,0x23,0xd4,0xff,0x1c,0x1c,0x5f,0xff,0x17,0x17,0x0f,0xff,0x17,0x17,0x17,0xff,
    0x17,0x17,0x17,0xff,0x17,0x17,0x17,0xff,0x17,0x17,0x17,0xff,0x17,0x17,0x17,0xff,
    0x17,0x17,0x17,0xff,0x17,0x17,0x17,0xff,0x17,0x17,0x17,0xff,0x17,0x17,0x17,0xff,
    0x17,0x17,0x17,0xff,0x17,0x17,0x17,0xff,0x17,0x17,0x17,0xff,0x17,0x17,0x17,0xff,
    0x17,0x17,0x17,0xff,0x17,0x17,0x17,0xff,0x17,0x17,0x17,0xff,0x17,0x17,0x17,0xff,
    0x17,0x17,0x17,0xff,0x17,0x17,0x17,0xff,0x17,0x17,0x17,0xff,0x17,0x17,0x17,0xff,
    0x17,0x17,0x17,0xff,0x17,0x17,0x17,0xff,0x17,0x17,0x17,0xff,0x17,0x17,0x17,0xff,
    0x17,0x17,0x17,0xff,0x17,0x17,0x17,0xff,0x17,0x17,0x17,0xff,0x17,0x17,0x17,0xff,
    0x17,0x17,0x17,0xff,0x17,0x17,0x17,0xff,0x17,0x17,0x17,0xff,0x17,0x17,0x17,0xff,
    0x17,0x17,0x17,0xff,0x17,0x17,0x17,0xff,0x17,0x17,0x17,0xff,0x17,0x17,0x17,0xff,
    0x17,0x17,0x17,0xff,0x17,0x17,0x17,0xff,0x17,0x17,0x17,0xff,0x17,0x17,0x17,0xff,
    0x17,0x17,0x17,0xff,0x17,0x17,0x17,0xff,0x17,0x17,0x17,0xff,0x17,0x17,0x17,0xff,
    0x17,0x17,0x17,0xff,0x17,0x17,0x17,0xff,0x17,0x17,0x17,0xff,0x17,0x17,0x17,0xff,
    0x17,0x17,0x17,0xff,0x17,0x17,0x17,0xff,0x17,0x17,0x17,0xff,0x17,0x17,0x17,0xff,
    0x17,0x17,0x17,0xff,0x17,0x17,0x17,0xff,0x17,0x17,0x17,0xff,0x17,0x17,0x17,0xff,
    0x17,0x17,0x17,0xff,0x17,0x17,0x17,0xff,0x17,0x17,0x17,0xff,0x17,0x17,0x17,0xff,
    0x17,0x17,0x17,0xff,0x17,0x17,0x17,0xff,0x17,0x17,0x17,0xff,0x17,0x17,0x17,0xff,
    0x17,0x17,0x17,0xff,0x17,0x17,0x17,0xff,0x17,0x17,0x17,0xff,0x17,0x17,0x17,0xff,
    0x17,0x17,0x17,0xff,0x17,0x17,0x17,0xff,0x16,0x16,0x16,0xff,0x22,0x22,0x22,0xff,
    0x00,0x00,0x00,0x00,0x00,0x00,0x00,0x00,0x00,0x00,0x00,0x00,0x00,0x00,0x00,0x00,
    0x00,0x00,0x00,0x00,0x00,0x00,0x00,0x00,0x00,0x00,0x00,0x00,0x00,0x00,0x00,0x00,
    0x27,0x27,0x27,0xff,0x28,0x28,0x28,0xff,0x25,0x25,0x25,0xff,0x17,0x17,0x17,0xff,
    0x17,0x17,0x17,0xff,0x17,0x17,0x17,0xff,0x17,0x17,0x17,0xff,0x17,0x17,0x17,0xff,
    0x17,0x17,0x17,0xff,0x17,0x17,0x17,0xff,0x17,0x17,0x17,0xff,0x17,0x17,0x17,0xff,
    0x17,0x17,0x17,0xff,0x17,0x17,0x17,0xff,0x17,0x17,0x17,0xff,0x17,0x17,0x17,0xff,
    0x17,0x17,0x17,0xff,0x17,0x17,0x17,0xff,0x17,0x17,0x17,0xff,0x17,0x17,0x17,0xff,
    0x17,0x17,0x17,0xff,0x17,0x17,0x17,0xff,0x17,0x17,0x17,0xff,0x17,0x17,0x17,0xff,
    0x17,0x17,0x17,0xff,0x17,0x17,0x17,0xff,0x17,0x17,0x17,0xff,0x17,0x17,0x17,0xff,
    0x17,0x17,0x17,0xff,0x17,0x17,0x17,0xff,0x17,0x17,0x17,0xff,0x17,0x17,0x17,0xff,
    0x17,0x17,0x17,0xff,0x17,0x17,0x17,0xff,0x17,0x17,0x17,0xff,0x17,0x17,0x17,0xff,
    0x17,0x17,0x17,0xff,0x17,0x17,0x17,0xff,0x17,0x17,0x17,0xff,0x17,0x17,0x17,0xff,
    0x17,0x17,0x17,0xff,0x17,0x17,0x17,0xff,0x17,0x17,0x17,0xff,0x17,0x17,0x17,0xff,
    0x17,0x17,0x17,0xff,0x17,0x17,0x17,0xff,0x17,0x17,0x17,0xff,0x17,0x17,0x17,0xff,
    0x17,0x17,0x17,0xff,0x17,0x17,0x17,0xff,0x17,0x17,0x17,0xff,0x17,0x17,0x17,0xff,
    0x17,0x17,0x17,0xff,0x17,0x17,0x17,0xff,0x17,0x17,0x17,0xff,0x17,0x17,0x17,0xff,
    0x17,0x17,0x17,0xff,0x17,0x17,0x17,0xff,0x17,0x17,0x17,0xff,0x17,0x17,0x17,0xff,
    0x17,0x17,0x17,0xff,0x17,0x17,0x17,0xff,0x17,0x17,0x17,0xff,0x17,0x17,0x17,0xff,
    0x17,0x17,0x17,0xff,0x17,0x17,0x17,0xff,0x17,0x17,0x17,0xff,0x17,0x17,0x17,0xff,
    0x17,0x17,0x17,0xff,0x16,0x16,0x0b,0xff,0x1b,0x1b,0x5f,0xff,0x23,0x23,0xe2,0xff,
    0x24,0x24,0xe9,0xff,0x18,0x18,0x23,0xff,0x19,0x19,0x31,0xff,0x22,0x22,0xca,0xff,
    0x23,0x23,0xda,0xff,0x1c,0x1c,0x67,0xff,0x17,0x17,0x0f,0xff,0x17,0x17,0x17,0xff,
    0x17,0x17,0x17,0xff,0x17,0x17,0x17,0xff,0x17,0x17,0x17,0xff,0x17,0x17,0x17,0xff,
    0x17,0x17,0x17,0xff,0x17,0x17,0x17,0xff,0x17,0x17,0x17,0xff,0x17,0x17,0x17,0xff,
    0x17,0x17,0x17,0xff,0x17,0x17,0x17,0xff,0x17,0x17,0x17,0xff,0x17,0x17,0x17,0xff,
    0x17,0x17,0x17,0xff,0x17,0x17,0x17,0xff,0x17,0x17,0x17,0xff,0x17,0x17,0x17,0xff,
    0x17,0x17,0x17,0xff,0x17,0x17,0x17,0xff,0x17,0x17,0x17,0xff,0x17,0x17,0x17,0xff,
    0x17,0x17,0x17,0xff,0x17,0x17,0x17,0xff,0x17,0x17,0x17,0xff,0x17,0x17,0x17,0xff,
    0x17,0x17,0x17,0xff,0x17,0x17,0x17,0xff,0x17,0x17,0x17,0xff,0x17,0x17,0x17,0xff,
    0x17,0x17,0x17,0xff,0x17,0x17,0x17,0xff,0x17,0x17,0x17,0xff,0x17,0x17,0x17,0xff,
    0x17,0x17,0x17,0xff,0x17,0x17,0x17,0xff,0x17,0x17,0x17,0xff,0x17,0x17,0x17,0xff,
    0x17,0x17,0x17,0xff,0x17,0x17,0x17,0xff,0x17,0x17,0x17,0xff,0x17,0x17,0x17,0xff,
    0x17,0x17,0x17,0xff,0x17,0x17,0x17,0xff,0x17,0x17,0x17,0xff,0x17,0x17,0x17,0xff,
    0x17,0x17,0x17,0xff,0x17,0x17,0x17,0xff,0x17,0x17,0x17,0xff,0x17,0x17,0x17,0xff,
    0x17,0x17,0x17,0xff,0x17,0x17,0x17,0xff,0x17,0x17,0x17,0xff,0x17,0x17,0x17,0xff,
    0x17,0x17,0x17,0xff,0x17,0x17,0x17,0xff,0x17,0x17,0x17,0xff,0x17,0x17,0x17,0xff,
    0x17,0x17,0x17,0xff,0x17,0x17,0x17,0xff,0x17,0x17,0x17,0xff,0x17,0x17,0x17,0xff,
    0x17,0x17,0x17,0xff,0x17,0x17,0x17,0xff,0x17,0x17,0x17,0xff,0x17,0x17,0x17,0xff,
    0x17,0x17,0x17,0xff,0x17,0x17,0x17,0xff,0x17,0x17,0x17,0xff,0x17,0x17,0x17,0xff,
    0x17,0x17,0x17,0xff,0x17,0x17,0x17,0xff,0x16,0x16,0x16,0xff,0x22,0x22,0x22,0xff,
    0x00,0x00,0x00,0x00,0x00,0x00,0x00,0x00,0x00,0x00,0x00,0x00,0x00,0x00,0x00,0x00,
    0x00,0x00,0x00,0x00,0x00,0x00,0x00,0x00,0x00,0x00,0x00,0x00,0x00,0x00,0x00,0x00,
    0x27,0x27,0x27,0xff,0x28,0x28,0x28,0xff,0x25,0x25,0x25,0xff,0x17,0x17,0x17,0xff,
    0x17,0x17,0x17,0xff,0x17,0x17,0x17,0xff,0x17,0x17,0x17,0xff,0x17,0x17,0x17,0xff,
    0x17,0x17,0x17,0xff,0x17,0x17,0x17,0xff,0x17,0x17,0x17,0xff,0x17,0x17,0x17,0xff,
    0x17,0x17,0x17,0xff,0x17,0x17,0x17,0xff,0x17,0x17,0x17,0xff,0x17,0x17,0x17,0xff,
    0x17,0x17,0x17,0xff,0x17,0x17,0x17,0xff,0x17,0x17,0x17,0xff,0x17,0x17,0x17,0xff,
    0x17,0x17,0x17,0xff,0x17,0x17,0x17,0xff,0x17,0x17,0x17,0xff,0x17,0x17,0x17,0xff,
    0x17,0x17,0x17,0xff,0x17,0x17,0x17,0xff,0x17,0x17,0x17,0xff,0x17,0x17,0x17,0xff,
    0x17,0x17,0x17,0xff,0x17,0x17,0x17,0xff,0x17,0x17,0x17,0xff,0x17,0x17,0x17,0xff,
    0x17,0x17,0x17,0xff,0x17,0x17,0x17,0xff,0x17,0x17,0x17,0xff,0x17,0x17,0x17,0xff,
    0x17,0x17,0x17,0xff,0x17,0x17,0x17,0xff,0x17,0x17,0x17,0xff,0x17,0x17,0x17,0xff,
    0x17,0x17,0x17,0xff,0x17,0x17,0x17,0xff,0x17,0x17,0x17,0xff,0x17,0x17,0x17,0xff,
    0x17,0x17,0x17,0xff,0x17,0x17,0x17,0xff,0x17,0x17,0x17,0xff,0x17,0x17,0x17,0xff,
    0x17,0x17,0x17,0xff,0x17,0x17,0x17,0xff,0x17,0x17,0x17,0xff,0x17,0x17,0x17,0xff,
    0x17,0x17,0x17,0xff,0x17,0x17,0x17,0xff,0x17,0x17,0x17,0xff,0x17,0x17,0x17,0xff,
    0x17,0x17,0x17,0xff,0x17,0x17,0x17,0xff,0x17,0x17,0x17,0xff,0x17,0x17,0x17,0xff,
    0x17,0x17,0x17,0xff,0x17,0x17,0x17,0xff,0x17,0x17,0x17,0xff,0x17,0x17,0x17,0xff,
    0x17,0x17,0x17,0xff,0x17,0x17,0x17,0xff,0x17,0x17,0x17,0xff,0x17,0x17,0x17,0xff,
    0x17,0x17,0x17,0xff,0x16,0x16,0x09,0xff,0x1c,0x1c,0x68,0xff,0x24,0x24,0xf3,0xff,
    0x24,0x24,0xe8,0xff,0x17,0x17,0x19,0xff,0x18,0x18,0x28,0xff,0x22,0x22,0xc7,0xff,
    0x23,0x23,0xdf,0xff,0x1c,0x1c,0x6c,0xff,0x17,0x17,0x0f,0xff,0x17,0x17,0x17,0xff,
    0x17,0x17,0x17,0xff,0x17,0x17,0x17,0xff,0x17,0x17,0x17,0xff,0x17,0x17,0x17,0xff,
    0x17,0x17,0x17,0xff,0x17,0x17,0x17,0xff,0x17,0x17,0x17,0xff,0x17,0x17,0x17,0xff,
    0x17,0x17,0x17,0xff,0x17,0x17,0x17,0xff,0x17,0x17,0x17,0xff,0x17,0x17,0x17,0xff,
    0x17,0x17,0x17,0xff,0x17,0x17,0x17,0xff,0x17,0x17,0x17,0xff,0x17,0x17,0x17,0xff,
    0x17,0x17,0x17,0xff,0x17,0x17,0x17,0xff,0x17,0x17,0x17,0xff,0x17,0x17,0x17,0xff,
    0x17,0x17,0x17,0xff,0x17,0x17,0x17,0xff,0x17,0x17,0x17,0xff,0x17,0x17,0x17,0xff,
    0x17,0x17,0x17,0xff,0x17,0x17,0x17,0xff,0x17,0x17,0x17,0xff,0x17,0x17,0x17,0xff,
    0x17,0x17,0x17,0xff,0x17,0x17,0x17,0xff,0x17,0x17,0x17,0xff,0x17,0x17,0x17,0xff,
    0x17,0x17,0x17,0xff,0x17,0x17,0x17,0xff,0x17,0x17,0x17,0xff,0x17,0x17,0x17,0xff,
    0x17,0x17,0x17,0xff,0x17,0x17,0x17,0xff,0x17,0x17,0x17,0xff,0x17,0x17,0x17,0xff,
    0x17,0x17,0x17,0xff,0x17,0x17,0x17,0xff,0x17,0x17,0x17,0xff,0x17,0x17,0x17,0xff,
    0x17,0x17,0x17,0xff,0x17,0x17,0x17,0xff,0x17,0x17,0x17,0xff,0x17,0x17,0x17,0xff,
    0x17,0x17,0x17,0xff,0x17,0x17,0x17,0xff,0x17,0x17,0x17,0xff,0x17,0x17,0x17,0xff,
    0x17,0x17,0x17,0xff,0x17,0x17,0x17,0xff,0x17,0x17,0x17,0xff,0x17,0x17,0x17,0xff,
    0x17,0x17,0x17,0xff,0x17,0x17,0x17,0xff,0x17,0x17,0x17,0xff,0x17,0x17,0x17,0xff,
    0x17,0x17,0x17,0xff,0x17,0x17,0x17,0xff,0x17,0x17,0x17,0xff,0x17,0x17,0x17,0xff,
    0x17,0x17,0x17,0xff,0x17,0x17,0x17,0xff,0x17,0x17,0x17,0xff,0x17,0x17,0x17,0xff,
    0x17,0x17,0x17,0xff,0x17,0x17,0x17,0xff,0x16,0x16,0x16,0xff,0x22,0x22,0x22,0xff,
    0x00,0x00,0x00,0x00,0x00,0x00,0x00,0x00,0x00,0x00,0x00,0x00,0x00,0x00,0x00,0x00,
    0x00,0x00,0x00,0x00,0x00,0x00,0x00,0x00,0x00,0x00,0x00,0x00,0x00,0x00,0x00,0x00,
    0x27,0x27,0x27,0xff,0x28,0x28,0x28,0xff,0x25,0x25,0x25,0xff,0x17,0x17,0x17,0xff,
    0x17,0x17,0x17,0xff,0x17,0x17,0x17,0xff,0x17,0x17,0x17,0xff,0x17,0x17,0x17,0xff,
    0x17,0x17,0x17,0xff,0x17,0x17,0x17,0xff,0x17,0x17,0x17,0xff,0x17,0x17,0x17,0xff,
    0x17,0x17,0x17,0xff,0x17,0x17,0x17,0xff,0x17,0x17,0x17,0xff,0x17,0x17,0x17,0xff,
    0x17,0x17,0x17,0xff,0x17,0x17,0x17,0xff,0x17,0x17,0x17,0xff,0x17,0x17,0x17,0xff,
    0x17,0x17,0x17,0xff,0x17,0x17,0x17,0xff,0x17,0x17,0x17,0xff,0x17,0x17,0x17,0xff,
    0x17,0x17,0x17,0xff,0x17,0x17,0x17,0xff,0x17,0x17,0x17,0xff,0x17,0x17,0x17,0xff,
    0x17,0x17,0x17,0xff,0x17,0x17,0x17,0xff,0x17,0x17,0x17,0xff,0x17,0x17,0x17,0xff,
    0x17,0x17,0x17,0xff,0x17,0x17,0x17,0xff,0x17,0x17,0x17,0xff,0x17,0x17,0x17,0xff,
    0x17,0x17,0x17,0xff,0x17,0x17,0x17,0xff,0x17,0x17,0x17,0xff,0x17,0x17,0x17,0xff,
    0x17,0x17,0x17,0xff,0x17,0x17,0x17,0xff,0x17,0x17,0x17,0xff,0x17,0x17,0x17,0xff,
    0x17,0x17,0x17,0xff,0x17,0x17,0x17,0xff,0x17,0x17,0x17,0xff,0x17,0x17,0x17,0xff,
    0x17,0x17,0x17,0xff,0x17,0x17,0x17,0xff,0x17,0x17,0x17,0xff,0x17,0x17,0x17,0xff,
    0x17,0x17,0x17,0xff,0x17,0x17,0x17,0xff,0x17,0x17,0x17,0xff,0x17,0x17,0x17,0xff,
    0x17,0x17,0x17,0xff,0x17,0x17,0x17,0xff,0x17,0x17,0x17,0xff,0x17,0x17,0x17,0xff,
    0x17,0x17,0x17,0xff,0x17,0x17,0x17,0xff,0x17,0x17,0x17,0xff,0x17,0x17,0x17,0xff,
    0x17,0x17,0x17,0xff,0x17,0x17,0x17,0xff,0x17,0x17,0x17,0xff,0x17,0x17,0x17,0xff,
    0x17,0x17,0x17,0xff,0x16,0x16,0x08,0xff,0x1d,0x1d,0x74,0xff,0x26,0x26,0xff,0xff,
    0x24,0x24,0xe7,0xff,0x17,0x17,0x1a,0xff,0x17,0x17,0x20,0xff,0x21,0x21,0xc4,0xff,
    0x24,0x24,0xe7,0xff,0x1d,0x1d,0x76,0xff,0x16,0x16,0x0e,0xff,0x17,0x17,0x17,0xff,
    0x17,0x17,0x17,0xff,0x17,0x17,0x17,0xff,0x17,0x17,0x17,0xff,0x17,0x17,0x17,0xff,
    0x17,0x17,0x17,0xff,0x17,0x17,0x17,0xff,0x17,0x17,0x17,0xff,0x17,0x17,0x17,0xff,
    0x17,0x17,0x17,0xff,0x17,0x17,0x17,0xff,0x17,0x17,0x17,0xff,0x17,0x17,0x17,0xff,
    0x17,0x17,0x17,0xff,0x17,0x17,0x17,0xff,0x17,0x17,0x17,0xff,0x17,0x17,0x17,0xff,
    0x17,0x17,0x17,0xff,0x17,0x17,0x17,0xff,0x17,0x17,0x17,0xff,0x17,0x17,0x17,0xff,
    0x17,0x17,0x17,0xff,0x17,0x17,0x17,0xff,0x17,0x17,0x17,0xff,0x17,0x17,0x17,0xff,
    0x17,0x17,0x17,0xff,0x17,0x17,0x17,0xff,0x17,0x17,0x17,0xff,0x17,0x17,0x17,0xff,
    0x17,0x17,0x17,0xff,0x17,0x17,0x17,0xff,0x17,0x17,0x17,0xff,0x17,0x17,0x17,0xff,
    0x17,0x17,0x17,0xff,0x17,0x17,0x17,0xff,0x17,0x17,0x17,0xff,0x17,0x17,0x17,0xff,
    0x17,0x17,0x17,0xff,0x17,0x17,0x17,0xff,0x17,0x17,0x17,0xff,0x17,0x17,0x17,0xff,
    0x17,0x17,0x17,0xff,0x17,0x17,0x17,0xff,0x17,0x17,0x17,0xff,0x17,0x17,0x17,0xff,
    0x17,0x17,0x17,0xff,0x17,0x17,0x17,0xff,0x17,0x17,0x17,0xff,0x17,0x17,0x17,0xff,
    0x17,0x17,0x17,0xff,0x17,0x17,0x17,0xff,0x17,0x17,0x17,0xff,0x17,0x17,0x17,0xff,
    0x17,0x17,0x17,0xff,0x17,0x17,0x17,0xff,0x17,0x17,0x17,0xff,0x17,0x17,0x17,0xff,
    0x17,0x17,0x17,0xff,0x17,0x17,0x17,0xff,0x17,0x17,0x17,0xff,0x17,0x17,0x17,0xff,
    0x17,0x17,0x17,0xff,0x17,0x17,0x17,0xff,0x17,0x17,0x17,0xff,0x17,0x17,0x17,0xff,
    0x17,0x17,0x17,0xff,0x17,0x17,0x17,0xff,0x17,0x17,0x17,0xff,0x17,0x17,0x17,0xff,
    0x17,0x17,0x17,0xff,0x17,0x17,0x17,0xff,0x16,0x16,0x16,0xff,0x22,0x22,0x22,0xff,
    0x00,0x00,0x00,0x00,0x00,0x00,0x00,0x00,0x00,0x00,0x00,0x00,0x00,0x00,0x00,0x00,
    0x00,0x00,0x00,0x00,0x00,0x00,0x00,0x00,0x00,0x00,0x00,0x00,0x00,0x00,0x00,0x00,
    0x27,0x27,0x27,0xff,0x28,0x28,0x28,0xff,0x25,0x25,0x25,0xff,0x17,0x17,0x17,0xff,
    0x17,0x17,0x17,0xff,0x17,0x17,0x17,0xff,0x17,0x17,0x17,0xff,0x17,0x17,0x17,0xff,
    0x17,0x17,0x17,0xff,0x17,0x17,0x17,0xff,0x17,0x17,0x17,0xff,0x17,0x17,0x17,0xff,
    0x17,0x17,0x17,0xff,0x17,0x17,0x17,0xff,0x17,0x17,0x17,0xff,0x17,0x17,0x17,0xff,
    0x17,0x17,0x17,0xff,0x17,0x17,0x17,0xff,0x17,0x17,0x17,0xff,0x17,0x17,0x17,0xff,
    0x17,0x17,0x17,0xff,0x17,0x17,0x17,0xff,0x17,0x17,0x17,0xff,0x17,0x17,0x17,0xff,
    0x17,0x17,0x17,0xff,0x17,0x17,0x17,0xff,0x17,0x17,0x17,0xff,0x17,0x17,0x17,0xff,
    0x17,0x17,0x17,0xff,0x17,0x17,0x17,0xff,0x17,0x17,0x17,0xff,0x17,0x17,0x17,0xff,
    0x17,0x17,0x17,0xff,0x17,0x17,0x17,0xff,0x17,0x17,0x17,0xff,0x17,0x17,0x17,0xff,
    0x17,0x17,0x17,0xff,0x17,0x17,0x17,0xff,0x17,0x17,0x17,0xff,0x17,0x17,0x17,0xff,
    0x17,0x17,0x17,0xff,0x17,0x17,0x17,0xff,0x17,0x17,0x17,0xff,0x17,0x17,0x17,0xff,
    0x17,0x17,0x17,0xff,0x17,0x17,0x17,0xff,0x17,0x17,0x17,0xff,0x17,0x17,0x17,0xff,
    0x17,0x17,0x17,0xff,0x17,0x17,0x17,0xff,0x17,0x17,0x17,0xff,0x17,0x17,0x17,0xff,
    0x17,0x17,0x17,0xff,0x17,0x17,0x17,0xff,0x17,0x17,0x17,0xff,0x17,0x17,0x17,0xff,
    0x17,0x17,0x17,0xff,0x17,0x17,0x17,0xff,0x17,0x17,0x17,0xff,0x17,0x17,0x17,0xff,
    0x17,0x17,0x17,0xff,0x17,0x17,0x17,0xff,0x17,0x17,0x17,0xff,0x17,0x17,0x17,0xff,
    0x17,0x17,0x17,0xff,0x17,0x17,0x17,0xff,0x17,0x17,0x17,0xff,0x17,0x17,0x17,0xff,
    0x17,0x17,0x17,0xff,0x16,0x16,0x0b,0xff,0x1d,0x1d,0x7e,0xff,0x26,0x26,0xff,0xff,
    0x24,0x24,0xe6,0xff,0x17,0x17,0x1a,0xff,0x17,0x17,0x1d,0xff,0x21,0x21,0xc1,0xff,
    0x24,0x24,0xed,0xff,0x1e,0x1e,0x7e,0xff,0x16,0x16,0x0d,0xff,0x17,0x17,0x17,0xff,
    0x17,0x17,0x17,0xff,0x17,0x17,0x17,0xff,0x17,0x17,0x17,0xff,0x17,0x17,0x17,0xff,
    0x17,0x17,0x17,0xff,0x17,0x17,0x17,0xff,0x17,0x17,0x17,0xff,0x17,0x17,0x17,0xff,
    0x17,0x17,0x17,0xff,0x17,0x17,0x17,0xff,0x17,0x17,0x17,0xff,0x17,0x17,0x17,0xff,
    0x17,0x17,0x17,0xff,0x17,0x17,0x17,0xff,0x17,0x17,0x17,0xff,0x17,0x17,0x17,0xff,
    0x17,0x17,0x17,0xff,0x17,0x17,0x17,0xff,0x17,0x17,0x17,0xff,0x17,0x17,0x17,0xff,
    0x17,0x17,0x17,0xff,0x17,0x17,0x17,0xff,0x17,0x17,0x17,0xff,0x17,0x17,0x17,0xff,
    0x17,0x17,0x17,0xff,0x17,0x17,0x17,0xff,0x17,0x17,0x17,0xff,0x17,0x17,0x17,0xff,
    0x17,0x17,0x17,0xff,0x17,0x17,0x17,0xff,0x17,0x17,0x17,0xff,0x17,0x17,0x17,0xff,
    0x17,0x17,0x17,0xff,0x17,0x17,0x17,0xff,0x17,0x17,0x17,0xff,0x17,0x17,0x17,0xff,
    0x17,0x17,0x17,0xff,0x17,0x17,0x17,0xff,0x17,0x17,0x17,0xff,0x17,0x17,0x17,0xff,
    0x17,0x17,0x17,0xff,0x17,0x17,0x17,0xff,0x17,0x17,0x17,0xff,0x17,0x17,0x17,0xff,
    0x17,0x17,0x17,0xff,0x17,0x17,0x17,0xff,0x17,0x17,0x17,0xff,0x17,0x17,0x17,0xff,
    0x17,0x17,0x17,0xff,0x17,0x17,0x17,0xff,0x17,0x17,0x17,0xff,0x17,0x17,0x17,0xff,
    0x17,0x17,0x17,0xff,0x17,0x17,0x17,0xff,0x17,0x17,0x17,0xff,0x17,0x17,0x17,0xff,
    0x17,0x17,0x17,0xff,0x17,0x17,0x17,0xff,0x17,0x17,0x17,0xff,0x17,0x17,0x17,0xff,
    0x17,0x17,0x17,0xff,0x17,0x17,0x17,0xff,0x17,0x17,0x17,0xff,0x17,0x17,0x17,0xff,
    0x17,0x17,0x17,0xff,0x17,0x17,0x17,0xff,0x17,0x17,0x17,0xff,0x17,0x17,0x17,0xff,
    0x17,0x17,0x17,0xff,0x17,0x17,0x17,0xff,0x16,0x16,0x16,0xff,0x22,0x22,0x22,0xff,
    0x00,0x00,0x00,0x00,0x00,0x00,0x00,0x00,0x00,0x00,0x00,0x00,0x00,0x00,0x00,0x00,
    0x00,0x00,0x00,0x00,0x00,0x00,0x00,0x00,0x00,0x00,0x00,0x00,0x00,0x00,0x00,0x00,
    0x27,0x27,0x27,0xff,0x28,0x28,0x28,0xff,0x25,0x25,0x25,0xff,0x17,0x17,0x17,0xff,
    0x17,0x17,0x17,0xff,0x17,0x17,0x17,0xff,0x17,0x17,0x17,0xff,0x17,0x17,0x17,0xff,
    0x17,0x17,0x17,0xff,0x17,0x17,0x17,0xff,0x17,0x17,0x17,0xff,0x17,0x17,0x17,0xff,
    0x17,0x17,0x17,0xff,0x17,0x17,0x17,0xff,0x17,0x17,0x17,0xff,0x17,0x17,0x17,0xff,
    0x17,0x17,0x17,0xff,0x17,0x17,0x17,0xff,0x17,0x17,0x17,0xff,0x17,0x17,0x17,0xff,
    0x17,0x17,0x17,0xff,0x17,0x17,0x17,0xff,0x17,0x17,0x17,0xff,0x17,0x17,0x17,0xff,
    0x17,0x17,0x17,0xff,0x17,0x17,0x17,0xff,0x17,0x17,0x17,0xff,0x17,0x17,0x17,0xff,
    0x17,0x17,0x17,0xff,0x17,0x17,0x17,0xff,0x17,0x17,0x17,0xff,0x17,0x17,0x17,0xff,
    0x17,0x17,0x17,0xff,0x17,0x17,0x17,0xff,0x17,0x17,0x17,0xff,0x17,0x17,0x17,0xff,
    0x17,0x17,0x17,0xff,0x17,0x17,0x17,0xff,0x17,0x17,0x17,0xff,0x17,0x17,0x17,0xff,
    0x17,0x17,0x17,0xff,0x17,0x17,0x17,0xff,0x17,0x17,0x17,0xff,0x17,0x17,0x17,0xff,
    0x17,0x17,0x17,0xff,0x17,0x17,0x17,0xff,0x17,0x17,0x17,0xff,0x17,0x17,0x17,0xff,
    0x17,0x17,0x17,0xff,0x17,0x17,0x17,0xff,0x17,0x17,0x17,0xff,0x17,0x17,0x17,0xff,
    0x17,0x17,0x17,0xff,0x17,0x17,0x17,0xff,0x17,0x17,0x17,0xff,0x17,0x17,0x17,0xff,
    0x17,0x17,0x17,0xff,0x17,0x17,0x17,0xff,0x17,0x17,0x17,0xff,0x17,0x17,0x17,0xff,
    0x17,0x17,0x17,0xff,0x17,0x17,0x17,0xff,0x17,0x17,0x17,0xff,0x17,0x17,0x17,0xff,
    0x17,0x17,0x17,0xff,0x17,0x17,0x17,0xff,0x17,0x17,0x17,0xff,0x17,0x17,0x17,0xff,
    0x17,0x17,0x16,0xff,0x17,0x17,0x10,0xff,0x1e,0x1e,0x84,0xff,0x26,0x26,0xff,0xff,
    0x24,0x24,0xe2,0xff,0x17,0x17,0x1a,0xff,0x17,0x17,0x1b,0xff,0x21,0x21,0xbf,0xff,
    0x24,0x24,0xf1,0xff,0x1e,0x1e,0x83,0xff,0x16,0x16,0x0d,0xff,0x17,0x17,0x17,0xff,
    0x17,0x17,0x17,0xff,0x17,0x17,0x17,0xff,0x17,0x17,0x17,0xff,0x17,0x17,0x17,0xff,
    0x17,0x17,0x17,0xff,0x17,0x17,0x17,0xff,0x17,0x17,0x17,0xff,0x17,0x17,0x17,0xff,
    0x17,0x17,0x17,0xff,0x17,0x17,0x17,0xff,0x17,0x17,0x17,0xff,0x17,0x17,0x17,0xff,
    0x17,0x17,0x17,0xff,0x17,0x17,0x17,0xff,0x17,0x17,0x17,0xff,0x17,0x17,0x17,0xff,
    0x17,0x17,0x17,0xff,0x17,0x17,0x17,0xff,0x17,0x17,0x17,0xff,0x17,0x17,0x17,0xff,
    0x17,0x17,0x17,0xff,0x17,0x17,0x17,0xff,0x17,0x17,0x17,0xff,0x17,0x17,0x17,0xff,
    0x17,0x17,0x17,0xff,0x17,0x17,0x17,0xff,0x17,0x17,0x17,0xff,0x17,0x17,0x17,0xff,
    0x17,0x17,0x17,0xff,0x17,0x17,0x17,0xff,0x17,0x17,0x17,0xff,0x17,0x17,0x17,0xff,
    0x17,0x17,0x17,0xff,0x17,0x17,0x17,0xff,0x17,0x17,0x17,0xff,0x17,0x17,0x17,0xff,
    0x17,0x17,0x17,0xff,0x17,0x17,0x17,0xff,0x17,0x17,0x17,0xff,0x17,0x17,0x17,0xff,
    0x17,0x17,0x17,0xff,0x17,0x17,0x17,0xff,0x17,0x17,0x17,0xff,0x17,0x17,0x17,0xff,
    0x17,0x17,0x17,0xff,0x17,0x17,0x17,0xff,0x17,0x17,0x17,0xff,0x17,0x17,0x17,0xff,
    0x17,0x17,0x17,0xff,0x17,0x17,0x17,0xff,0x17,0x17,0x17,0xff,0x17,0x17,0x17,0xff,
    0x17,0x17,0x17,0xff,0x17,0x17,0x17,0xff,0x17,0x17,0x17,0xff,0x17,0x17,0x17,0xff,
    0x17,0x17,0x17,0xff,0x17,0x17,0x17,0xff,0x17,0x17,0x17,0xff,0x17,0x17,0x17,0xff,
    0x17,0x17,0x17,0xff,0x17,0x17,0x17,0xff,0x17,0x17,0x17,0xff,0x17,0x17,0x17,0xff,
    0x17,0x17,0x17,0xff,0x17,0x17,0x17,0xff,0x17,0x17,0x17,0xff,0x17,0x17,0x17,0xff,
    0x17,0x17,0x17,0xff,0x17,0x17,0x17,0xff,0x16,0x16,0x16,0xff,0x22,0x22,0x22,0xff,
    0x00,0x00,0x00,0x00,0x00,0x00,0x00,0x00,0x00,0x00,0x00,0x00,0x00,0x00,0x00,0x00,
    0x00,0x00,0x00,0x00,0x00,0x00,0x00,0x00,0x00,0x00,0x00,0x00,0x00,0x00,0x00,0x00,
    0x27,0x27,0x27,0xff,0x28,0x28,0x28,0xff,0x25,0x25,0x25,0xff,0x17,0x17,0x17,0xff,
    0x17,0x17,0x17,0xff,0x17,0x17,0x17,0xff,0x17,0x17,0x17,0xff,0x17,0x17,0x17,0xff,
    0x17,0x17,0x17,0xff,0x17,0x17,0x17,0xff,0x17,0x17,0x17,0xff,0x17,0x17,0x17,0xff,
    0x17,0x17,0x17,0xff,0x17,0x17,0x17,0xff,0x17,0x17,0x17,0xff,0x17,0x17,0x17,0xff,
    0x17,0x17,0x17,0xff,0x17,0x17,0x17,0xff,0x17,0x17,0x17,0xff,0x17,0x17,0x17,0xff,
    0x17,0x17,0x17,0xff,0x17,0x17,0x17,0xff,0x17,0x17,0x17,0xff,0x17,0x17,0x17,0xff,
    0x17,0x17,0x17,0xff,0x17,0x17,0x17,0xff,0x17,0x17,0x17,0xff,0x17,0x17,0x17,0xff,
    0x17,0x17,0x17,0xff,0x17,0x17,0x17,0xff,0x17,0x17,0x17,0xff,0x17,0x17,0x17,0xff,
    0x17,0x17,0x17,0xff,0x17,0x17,0x17,0xff,0x17,0x17,0x17,0xff,0x17,0x17,0x17,0xff,
    0x17,0x17,0x17,0xff,0x17,0x17,0x17,0xff,0x17,0x17,0x17,0xff,0x17,0x17,0x17,0xff,
    0x17,0x17,0x17,0xff,0x17,0x17,0x17,0xff,0x17,0x17,0x17,0xff,0x17,0x17,0x17,0xff,
    0x17,0x17,0x17,0xff,0x17,0x17,0x17,0xff,0x17,0x17,0x17,0xff,0x17,0x17,0x17,0xff,
    0x17,0x17,0x17,0xff,0x17,0x17,0x17,0xff,0x17,0x17,0x17,0xff,0x17,0x17,0x17,0xff,
    0x17,0x17,0x17,0xff,0x17,0x17,0x17,0xff,0x17,0x17,0x17,0xff,0x17,0x17,0x17,0xff,
    0x17,0x17,0x17,0xff,0x17,0x17,0x17,0xff,0x17,0x17,0x17,0xff,0x17,0x17,0x17,0xff,
    0x17,0x17,0x17,0xff,0x17,0x17,0x17,0xff,0x17,0x17,0x17,0xff,0x17,0x17,0x17,0xff,
    0x17,0x17,0x17,0xff,0x17,0x17,0x17,0xff,0x17,0x17,0x17,0xff,0x17,0x17,0x17,0xff,
    0x17,0x17,0x15,0xff,0x17,0x17,0x17,0xff,0x1e,0x1e,0x89,0xff,0x26,0x26,0xff,0xff,
    0x23,0x23,0xd8,0xff,0x17,0x17,0x1a,0xff,0x17,0x17,0x18,0xff,0x21,0x21,0xbe,0xff,
    0x25,0x25,0xf6,0xff,0x1e,0x1e,0x8b,0xff,0x16,0x16,0x0c,0xff,0x17,0x17,0x17,0xff,
    0x17,0x17,0x17,0xff,0x17,0x17,0x17,0xff,0x17,0x17,0x17,0xff,0x17,0x17,0x17,0xff,
    0x17,0x17,0x17,0xff,0x17,0x17,0x17,0xff,0x17,0x17,0x17,0xff,0x17,0x17,0x17,0xff,
    0x17,0x17,0x17,0xff,0x17,0x17,0x17,0xff,0x17,0x17,0x17,0xff,0x17,0x17,0x17,0xff,
    0x17,0x17,0x17,0xff,0x17,0x17,0x17,0xff,0x17,0x17,0x17,0xff,0x17,0x17,0x17,0xff,
    0x17,0x17,0x17,0xff,0x17,0x17,0x17,0xff,0x17,0x17,0x17,0xff,0x17,0x17,0x17,0xff,
    0x17,0x17,0x17,0xff,0x17,0x17,0x17,0xff,0x17,0x17,0x17,0xff,0x17,0x17,0x17,0xff,
    0x17,0x17,0x17,0xff,0x17,0x17,0x17,0xff,0x17,0x17,0x17,0xff,0x17,0x17,0x17,0xff,
    0x17,0x17,0x17,0xff,0x17,0x17,0x17,0xff,0x17,0x17,0x17,0xff,0x17,0x17,0x17,0xff,
    0x17,0x17,0x17,0xff,0x17,0x17,0x17,0xff,0x17,0x17,0x17,0xff,0x17,0x17,0x17,0xff,
    0x17,0x17,0x17,0xff,0x17,0x17,0x17,0xff,0x17,0x17,0x17,0xff,0x17,0x17,0x17,0xff,
    0x17,0x17,0x17,0xff,0x17,0x17,0x17,0xff,0x17,0x17,0x17,0xff,0x17,0x17,0x17,0xff,
    0x17,0x17,0x17,0xff,0x17,0x17,0x17,0xff,0x17,0x17,0x17,0xff,0x17,0x17,0x17,0xff,
    0x17,0x17,0x17,0xff,0x17,0x17,0x17,0xff,0x17,0x17,0x17,0xff,0x17,0x17,0x17,0xff,
    0x17,0x17,0x17,0xff,0x17,0x17,0x17,0xff,0x17,0x17,0x17,0xff,0x17,0x17,0x17,0xff,
    0x17,0x17,0x17,0xff,0x17,0x17,0x17,0xff,0x17,0x17,0x17,0xff,0x17,0x17,0x17,0xff,
    0x17,0x17,0x17,0xff,0x17,0x17,0x17,0xff,0x17,0x17,0x17,0xff,0x17,0x17,0x17,0xff,
    0x17,0x17,0x17,0xff,0x17,0x17,0x17,0xff,0x17,0x17,0x17,0xff,0x17,0x17,0x17,0xff,
    0x17,0x17,0x17,0xff,0x17,0x17,0x17,0xff,0x16,0x16,0x16,0xff,0x22,0x22,0x22,0xff,
    0x00,0x00,0x00,0x00,0x00,0x00,0x00,0x00,0x00,0x00,0x00,0x00,0x00,0x00,0x00,0x00,
    0x00,0x00,0x00,0x00,0x00,0x00,0x00,0x00,0x00,0x00,0x00,0x00,0x00,0x00,0x00,0x00,
    0x27,0x27,0x27,0xff,0x28,0x28,0x28,0xff,0x25,0x25,0x25,0xff,0x17,0x17,0x17,0xff,
    0x17,0x17,0x17,0xff,0x17,0x17,0x17,0xff,0x17,0x17,0x17,0xff,0x17,0x17,0x17,0xff,
    0x17,0x17,0x17,0xff,0x17,0x17,0x17,0xff,0x17,0x17,0x17,0xff,0x17,0x17,0x17,0xff,
    0x17,0x17,0x17,0xff,0x17,0x17,0x17,0xff,0x17,0x17,0x17,0xff,0x17,0x17,0x17,0xff,
    0x17,0x17,0x17,0xff,0x17,0x17,0x17,0xff,0x17,0x17,0x17,0xff,0x17,0x17,0x17,0xff,
    0x17,0x17,0x17,0xff,0x17,0x17,0x17,0xff,0x17,0x17,0x17,0xff,0x17,0x17,0x17,0xff,
    0x17,0x17,0x17,0xff,0x17,0x17,0x17,0xff,0x17,0x17,0x17,0xff,0x17,0x17,0x17,0xff,
    0x17,0x17,0x17,0xff,0x17,0x17,0x17,0xff,0x17,0x17,0x17,0xff,0x17,0x17,0x17,0xff,
    0x17,0x17,0x17,0xff,0x17,0x17,0x17,0xff,0x17,0x17,0x17,0xff,0x17,0x17,0x17,0xff,
    0x17,0x17,0x17,0xff,0x17,0x17,0x17,0xff,0x17,0x17,0x17,0xff,0x17,0x17,0x17,0xff,
    0x17,0x17,0x17,0xff,0x17,0x17,0x17,0xff,0x17,0x17,0x17,0xff,0x17,0x17,0x17,0xff,
    0x17,0x17,0x17,0xff,0x17,0x17,0x17,0xff,0x17,0x17,0x17,0xff,0x17,0x17,0x17,0xff,
    0x17,0x17,0x17,0xff,0x17,0x17,0x17,0xff,0x17,0x17,0x17,0xff,0x17,0x17,0x17,0xff,
    0x17,0x17,0x17,0xff,0x17,0x17,0x17,0xff,0x17,0x17,0x17,0xff,0x17,0x17,0x17,0xff,
    0x17,0x17,0x17,0xff,0x17,0x17,0x17,0xff,0x17,0x17,0x17,0xff,0x17,0x17,0x17,0xff,
    0x17,0x17,0x17,0xff,0x17,0x17,0x17,0xff,0x17,0x17,0x17,0xff,0x17,0x17,0x17,0xff,
    0x17,0x17,0x17,0xff,0x17,0x17,0x17,0xff,0x17,0x17,0x17,0xff,0x17,0x17,0x17,0xff,
    0x17,0x17,0x15,0xff,0x17,0x17,0x1b,0xff,0x1e,0x1e,0x8e,0xff,0x26,0x26,0xff,0xff,
    0x23,0x23,0xce,0xff,0x17,0x17,0x1a,0xff,0x17,0x17,0x13,0xff,0x21,0x21,0xbb,0xff,
    0x25,0x25,0xfd,0xff,0x1e,0x1e,0x94,0xff,0x16,0x16,0x0c,0xff,0x17,0x17,0x17,0xff,
    0x17,0x17,0x17,0xff,0x17,0x17,0x17,0xff,0x17,0x17,0x17,0xff,0x17,0x17,0x17,0xff,
    0x17,0x17,0x17,0xff,0x17,0x17,0x17,0xff,0x17,0x17,0x17,0xff,0x17,0x17,0x17,0xff,
    0x17,0x17,0x17,0xff,0x17,0x17,0x17,0xff,0x17,0x17,0x17,0xff,0x17,0x17,0x17,0xff,
    0x17,0x17,0x17,0xff,0x17,0x17,0x17,0xff,0x17,0x17,0x17,0xff,0x17,0x17,0x17,0xff,
    0x17,0x17,0x17,0xff,0x17,0x17,0x17,0xff,0x17,0x17,0x17,0xff,0x17,0x17,0x17,0xff,
    0x17,0x17,0x17,0xff,0x17,0x17,0x17,0xff,0x17,0x17,0x17,0xff,0x17,0x17,0x17,0xff,
    0x17,0x17,0x17,0xff,0x17,0x17,0x17,0xff,0x17,0x17,0x17,0xff,0x17,0x17,0x17,0xff,
    0x17,0x17,0x17,0xff,0x17,0x17,0x17,0xff,0x17,0x17,0x17,0xff,0x17,0x17,0x17,0xff,
    0x17,0x17,0x17,0xff,0x17,0x17,0x17,0xff,0x17,0x17,0x17,0xff,0x17,0x17,0x17,0xff,
    0x17,0x17,0x17,0xff,0x17,0x17,0x17,0xff,0x17,0x17,0x17,0xff,0x17,0x17,0x17,0xff,
    0x17,0x17,0x17,0xff,0x17,0x17,0x17,0xff,0x17,0x17,0x17,0xff,0x17,0x17,0x17,0xff,
    0x17,0x17,0x17,0xff,0x17,0x17,0x17,0xff,0x17,0x17,0x17,0xff,0x17,0x17,0x17,0xff,
    0x17,0x17,0x17,0xff,0x17,0x17,0x17,0xff,0x17,0x17,0x17,0xff,0x17,0x17,0x17,0xff,
    0x17,0x17,0x17,0xff,0x17,0x17,0x17,0xff,0x17,0x17,0x17,0xff,0x17,0x17,0x17,0xff,
    0x17,0x17,0x17,0xff,0x17,0x17,0x17,0xff,0x17,0x17,0x17,0xff,0x17,0x17,0x17,0xff,
    0x17,0x17,0x17,0xff,0x17,0x17,0x17,0xff,0x17,0x17,0x17,0xff,0x17,0x17,0x17,0xff,
    0x17,0x17,0x17,0xff,0x17,0x17,0x17,0xff,0x17,0x17,0x17,0xff,0x17,0x17,0x17,0xff,
    0x17,0x17,0x17,0xff,0x17,0x17,0x17,0xff,0x16,0x16,0x16,0xff,0x22,0x22,0x22,0xff,
    0x00,0x00,0x00,0x00,0x00,0x00,0x00,0x00,0x00,0x00,0x00,0x00,0x00,0x00,0x00,0x00,
    0x00,0x00,0x00,0x00,0x00,0x00,0x00,0x00,0x00,0x00,0x00,0x00,0x00,0x00,0x00,0x00,
    0x27,0x27,0x27,0xff,0x28,0x28,0x28,0xff,0x25,0x25,0x25,0xff,0x17,0x17,0x17,0xff,
    0x17,0x17,0x17,0xff,0x17,0x17,0x17,0xff,0x17,0x17,0x17,0xff,0x17,0x17,0x17,0xff,
    0x17,0x17,0x17,0xff,0x17,0x17,0x17,0xff,0x17,0x17,0x17,0xff,0x17,0x17,0x17,0xff,
    0x17,0x17,0x17,0xff,0x17,0x17,0x17,0xff,0x17,0x17,0x17,0xff,0x17,0x17,0x17,0xff,
    0x17,0x17,0x17,0xff,0x17,0x17,0x17,0xff,0x17,0x17,0x17,0xff,0x17,0x17,0x17,0xff,
    0x17,0x17,0x17,0xff,0x17,0x17,0x17,0xff,0x17,0x17,0x17,0xff,0x17,0x17,0x17,0xff,
    0x17,0x17,0x17,0xff,0x17,0x17,0x17,0xff,0x17,0x17,0x17,0xff,0x17,0x17,0x17,0xff,
    0x17,0x17,0x17,0xff,0x17,0x17,0x17,0xff,0x17,0x17,0x17,0xff,0x17,0x17,0x17,0xff,
    0x17,0x17,0x17,0xff,0x17,0x17,0x17,0xff,0x17,0x17,0x17,0xff,0x17,0x17,0x17,0xff,
    0x17,0x17,0x17,0xff,0x17,0x17,0x17,0xff,0x17,0x17,0x17,0xff,0x17,0x17,0x17,0xff,
    0x17,0x17,0x17,0xff,0x17,0x17,0x17,0xff,0x17,0x17,0x17,0xff,0x17,0x17,0x17,0xff,
    0x17,0x17,0x17,0xff,0x17,0x17,0x17,0xff,0x17,0x17,0x17,0xff,0x17,0x17,0x17,0xff,
    0x17,0x17,0x17,0xff,0x17,0x17,0x17,0xff,0x17,0x17,0x17,0xff,0x17,0x17,0x17,0xff,
    0x17,0x17,0x17,0xff,0x17,0x17,0x17,0xff,0x17,0x17,0x17,0xff,0x17,0x17,0x17,0xff,
    0x17,0x17,0x17,0xff,0x17,0x17,0x17,0xff,0x17,0x17,0x17,0xff,0x17,0x17,0x17,0xff,
    0x17,0x17,0x17,0xff,0x17,0x17,0x17,0xff,0x17,0x17,0x17,0xff,0x17,0x17,0x17,0xff,
    0x17,0x17,0x17,0xff,0x17,0x17,0x17,0xff,0x17,0x17,0x17,0xff,0x17,0x17,0x17,0xff,
    0x17,0x17,0x15,0xff,0x17,0x17,0x20,0xff,0x1f,0x1f,0x93,0xff,0x26,0x26,0xff,0xff,
    0x22,0x22,0xc5,0xff,0x17,0x17,0x1a,0xff,0x16,0x16,0x0d,0xff,0x21,0x21,0xb8,0xff,
    0x26,0x26,0xff,0xff,0x20,0x20,0xa0,0xff,0x16,0x16,0x0a,0xff,0x17,0x17,0x17,0xff,
    0x17,0x17,0x17,0xff,0x17,0x17,0x17,0xff,0x17,0x17,0x17,0xff,0x17,0x17,0x17,0xff,
    0x17,0x17,0x17,0xff,0x17,0x17,0x17,0xff,0x17,0x17,0x17,0xff,0x17,0x17,0x17,0xff,
    0x17,0x17,0x17,0xff,0x17,0x17,0x17,0xff,0x17,0x17,0x17,0xff,0x17,0x17,0x17,0xff,
    0x17,0x17,0x17,0xff,0x17,0x17,0x17,0xff,0x17,0x17,0x17,0xff,0x17,0x17,0x17,0xff,
    0x17,0x17,0x17,0xff,0x17,0x17,0x17,0xff,0x17,0x17,0x17,0xff,0x17,0x17,0x17,0xff,
    0x17,0x17,0x17,0xff,0x17,0x17,0x17,0xff,0x17,0x17,0x17,0xff,0x17,0x17,0x17,0xff,
    0x17,0x17,0x17,0xff,0x17,0x17,0x17,0xff,0x17,0x17,0x17,0xff,0x17,0x17,0x17,0xff,
    0x17,0x17,0x17,0xff,0x17,0x17,0x17,0xff,0x17,0x17,0x17,0xff,0x17,0x17,0x17,0xff,
    0x17,0x17,0x17,0xff,0x17,0x17,0x17,0xff,0x17,0x17,0x17,0xff,0x17,0x17,0x17,0xff,
    0x17,0x17,0x17,0xff,0x17,0x17,0x17,0xff,0x17,0x17,0x17,0xff,0x17,0x17,0x17,0xff,
    0x17,0x17,0x17,0xff,0x17,0x17,0x17,0xff,0x17,0x17,0x17,0xff,0x17,0x17,0x17,0xff,
    0x17,0x17,0x17,0xff,0x17,0x17,0x17,0xff,0x17,0x17,0x17,0xff,0x17,0x17,0x17,0xff,
    0x17,0x17,0x17,0xff,0x17,0x17,0x17,0xff,0x17,0x17,0x17,0xff,0x17,0x17,0x17,0xff,
    0x17,0x17,0x17,0xff,0x17,0x17,0x17,0xff,0x17,0x17,0x17,0xff,0x17,0x17,0x17,0xff,
    0x17,0x17,0x17,0xff,0x17,0x17,0x17,0xff,0x17,0x17,0x17,0xff,0x17,0x17,0x17,0xff,
    0x17,0x17,0x17,0xff,0x17,0x17,0x17,0xff,0x17,0x17,0x17,0xff,0x17,0x17,0x17,0xff,
    0x17,0x17,0x17,0xff,0x17,0x17,0x17,0xff,0x17,0x17,0x17,0xff,0x17,0x17,0x17,0xff,
    0x17,0x17,0x17,0xff,0x17,0x17,0x17,0xff,0x16,0x16,0x16,0xff,0x22,0x22,0x22,0xff,
    0x00,0x00,0x00,0x00,0x00,0x00,0x00,0x00,0x00,0x00,0x00,0x00,0x00,0x00,0x00,0x00,
    0x00,0x00,0x00,0x00,0x00,0x00,0x00,0x00,0x00,0x00,0x00,0x00,0x00,0x00,0x00,0x00,
    0x27,0x27,0x27,0xff,0x28,0x28,0x28,0xff,0x25,0x25,0x25,0xff,0x17,0x17,0x17,0xff,
    0x17,0x17,0x17,0xff,0x17,0x17,0x17,0xff,0x17,0x17,0x17,0xff,0x17,0x17,0x17,0xff,
    0x17,0x17,0x17,0xff,0x17,0x17,0x17,0xff,0x17,0x17,0x17,0xff,0x17,0x17,0x17,0xff,
    0x17,0x17,0x17,0xff,0x17,0x17,0x17,0xff,0x17,0x17,0x17,0xff,0x17,0x17,0x17,0xff,
    0x17,0x17,0x17,0xff,0x17,0x17,0x17,0xff,0x17,0x17,0x17,0xff,0x17,0x17,0x17,0xff,
    0x17,0x17,0x17,0xff,0x17,0x17,0x17,0xff,0x17,0x17,0x17,0xff,0x17,0x17,0x17,0xff,
    0x17,0x17,0x17,0xff,0x17,0x17,0x17,0xff,0x17,0x17,0x17,0xff,0x17,0x17,0x17,0xff,
    0x17,0x17,0x17,0xff,0x17,0x17,0x17,0xff,0x17,0x17,0x17,0xff,0x17,0x17,0x17,0xff,
    0x17,0x17,0x17,0xff,0x17,0x17,0x17,0xff,0x17,0x17,0x17,0xff,0x17,0x17,0x17,0xff,
    0x17,0x17,0x17,0xff,0x17,0x17,0x17,0xff,0x17,0x17,0x17,0xff,0x17,0x17,0x17,0xff,
    0x17,0x17,0x17,0xff,0x17,0x17,0x17,0xff,0x17,0x17,0x17,0xff,0x17,0x17,0x17,0xff,
    0x17,0x17,0x17,0xff,0x17,0x17,0x17,0xff,0x17,0x17,0x17,0xff,0x17,0x17,0x17,0xff,
    0x17,0x17,0x17,0xff,0x17,0x17,0x17,0xff,0x17,0x17,0x17,0xff,0x17,0x17,0x17,0xff,
    0x17,0x17,0x17,0xff,0x17,0x17,0x17,0xff,0x17,0x17,0x17,0xff,0x17,0x17,0x17,0xff,
    0x17,0x17,0x17,0xff,0x17,0x17,0x17,0xff,0x17,0x17,0x17,0xff,0x17,0x17,0x17,0xff,
    0x17,0x17,0x17,0xff,0x17,0x17,0x17,0xff,0x17,0x17,0x17,0xff,0x17,0x17,0x17,0xff,
    0x17,0x17,0x17,0xff,0x17,0x17,0x17,0xff,0x17,0x17,0x17,0xff,0x17,0x17,0x17,0xff,
    0x17,0x17,0x14,0xff,0x17,0x17,0x25,0xff,0x1f,0x1f,0x98,0xff,0x25,0x25,0xff,0xff,
    0x21,0x21,0xb9,0xff,0x17,0x17,0x1a,0xff,0x16,0x16,0x09,0xff,0x21,0x21,0xb4,0xff,
    0x27,0x27,0xff,0xff,0x21,0x21,0xae,0xff,0x16,0x16,0x0b,0xff,0x17,0x17,0x17,0xff,
    0x17,0x17,0x17,0xff,0x17,0x17,0x17,0xff,0x17,0x17,0x17,0xff,0x17,0x17,0x17,0xff,
    0x17,0x17,0x17,0xff,0x17,0x17,0x17,0xff,0x17,0x17,0x17,0xff,0x17,0x17,0x17,0xff,
    0x17,0x17,0x17,0xff,0x17,0x17,0x17,0xff,0x17,0x17,0x17,0xff,0x17,0x17,0x17,0xff,
    0x17,0x17,0x17,0xff,0x17,0x17,0x17,0xff,0x17,0x17,0x17,0xff,0x17,0x17,0x17,0xff,
    0x17,0x17,0x17,0xff,0x17,0x17,0x17,0xff,0x17,0x17,0x17,0xff,0x17,0x17,0x17,0xff,
    0x17,0x17,0x17,0xff,0x17,0x17,0x17,0xff,0x17,0x17,0x17,0xff,0x17,0x17,0x17,0xff,
    0x17,0x17,0x17,0xff,0x17,0x17,0x17,0xff,0x17,0x17,0x17,0xff,0x17,0x17,0x17,0xff,
    0x17,0x17,0x17,0xff,0x17,0x17,0x17,0xff,0x17,0x17,0x17,0xff,0x17,0x17,0x17,0xff,
    0x17,0x17,0x17,0xff,0x17,0x17,0x17,0xff,0x17,0x17,0x17,0xff,0x17,0x17,0x17,0xff,
    0x17,0x17,0x17,0xff,0x17,0x17,0x17,0xff,0x17,0x17,0x17,0xff,0x17,0x17,0x17,0xff,
    0x17,0x17,0x17,0xff,0x17,0x17,0x17,0xff,0x17,0x17,0x17,0xff,0x17,0x17,0x17,0xff,
    0x17,0x17,0x17,0xff,0x17,0x17,0x17,0xff,0x17,0x17,0x17,0xff,0x17,0x17,0x17,0xff,
    0x17,0x17,0x17,0xff,0x17,0x17,0x17,0xff,0x17,0x17,0x17,0xff,0x17,0x17,0x17,0xff,
    0x17,0x17,0x17,0xff,0x17,0x17,0x17,0xff,0x17,0x17,0x17,0xff,0x17,0x17,0x17,0xff,
    0x17,0x17,0x17,0xff,0x17,0x17,0x17,0xff,0x17,0x17,0x17,0xff,0x17,0x17,0x17,0xff,
    0x17,0x17,0x17,0xff,0x17,0x17,0x17,0xff,0x17,0x17,0x17,0xff,0x17,0x17,0x17,0xff,
    0x17,0x17,0x17,0xff,0x17,0x17,0x17,0xff,0x17,0x17,0x17,0xff,0x17,0x17,0x17,0xff,
    0x17,0x17,0x17,0xff,0x17,0x17,0x17,0xff,0x16,0x16,0x16,0xff,0x22,0x22,0x22,0xff,
    0x00,0x00,0x00,0x00,0x00,0x00,0x00,0x00,0x00,0x00,0x00,0x00,0x00,0x00,0x00,0x00,
    0x00,0x00,0x00,0x00,0x00,0x00,0x00,0x00,0x00,0x00,0x00,0x00,0x00,0x00,0x00,0x00,
    0x27,0x27,0x27,0xff,0x28,0x28,0x28,0xff,0x25,0x25,0x25,0xff,0x17,0x17,0x17,0xff,
    0x17,0x17,0x17,0xff,0x17,0x17,0x17,0xff,0x17,0x17,0x17,0xff,0x17,0x17,0x17,0xff,
    0x17,0x17,0x17,0xff,0x17,0x17,0x17,0xff,0x17,0x17,0x17,0xff,0x17,0x17,0x17,0xff,
    0x17,0x17,0x17,0xff,0x17,0x17,0x17,0xff,0x17,0x17,0x17,0xff,0x17,0x17,0x17,0xff,
    0x17,0x17,0x17,0xff,0x17,0x17,0x17,0xff,0x17,0x17,0x17,0xff,0x17,0x17,0x17,0xff,
    0x17,0x17,0x17,0xff,0x17,0x17,0x17,0xff,0x17,0x17,0x17,0xff,0x17,0x17,0x17,0xff,
    0x17,0x17,0x17,0xff,0x17,0x17,0x17,0xff,0x17,0x17,0x17,0xff,0x17,0x17,0x17,0xff,
    0x17,0x17,0x17,0xff,0x17,0x17,0x17,0xff,0x17,0x17,0x17,0xff,0x17,0x17,0x17,0xff,
    0x17,0x17,0x17,0xff,0x17,0x17,0x17,0xff,0x17,0x17,0x17,0xff,0x17,0x17,0x17,0xff,
    0x17,0x17,0x17,0xff,0x17,0x17,0x17,0xff,0x17,0x17,0x17,0xff,0x17,0x17,0x17,0xff,
    0x17,0x17,0x17,0xff,0x17,0x17,0x17,0xff,0x17,0x17,0x17,0xff,0x17,0x17,0x17,0xff,
    0x17,0x17,0x17,0xff,0x17,0x17,0x17,0xff,0x17,0x17,0x17,0xff,0x17,0x17,0x17,0xff,
    0x17,0x17,0x17,0xff,0x17,0x17,0x17,0xff,0x17,0x17,0x17,0xff,0x17,0x17,0x17,0xff,
    0x17,0x17,0x17,0xff,0x17,0x17,0x17,0xff,0x17,0x17,0x17,0xff,0x17,0x17,0x17,0xff,
    0x17,0x17,0x17,0xff,0x17,0x17,0x17,0xff,0x17,0x17,0x17,0xff,0x17,0x17,0x17,0xff,
    0x17,0x17,0x17,0xff,0x17,0x17,0x17,0xff,0x17,0x17,0x17,0xff,0x17,0x17,0x17,0xff,
    0x17,0x17,0x17,0xff,0x17,0x17,0x17,0xff,0x17,0x17,0x17,0xff,0x17,0x17,0x17,0xff,
    0x17,0x17,0x13,0xff,0x18,0x18,0x2c,0xff,0x1f,0x1f,0xa0,0xff,0x25,0x25,0xf9,0xff,
    0x20,0x20,0xa4,0xff,0x17,0x17,0x1a,0xff,0x16,0x16,0x07,0xff,0x21,0x21,0xad,0xff,
    0x27,0x27,0xff,0xff,0x21,0x21,0xb7,0xff,0x16,0x16,0x12,0xff,0x17,0x17,0x17,0xff,
    0x17,0x17,0x17,0xff,0x17,0x17,0x17,0xff,0x17,0x17,0x17,0xff,0x17,0x17,0x17,0xff,
    0x17,0x17,0x17,0xff,0x17,0x17,0x17,0xff,0x17,0x17,0x17,0xff,0x17,0x17,0x17,0xff,
    0x17,0x17,0x17,0xff,0x17,0x17,0x17,0xff,0x17,0x17,0x17,0xff,0x17,0x17,0x17,0xff,
    0x17,0x17,0x17,0xff,0x17,0x17,0x17,0xff,0x17,0x17,0x17,0xff,0x17,0x17,0x17,0xff,
    0x17,0x17,0x17,0xff,0x17,0x17,0x17,0xff,0x17,0x17,0x17,0xff,0x17,0x17,0x17,0xff,
    0x17,0x17,0x17,0xff,0x17,0x17,0x17,0xff,0x17,0x17,0x17,0xff,0x17,0x17,0x17,0xff,
    0x17,0x17,0x17,0xff,0x17,0x17,0x17,0xff,0x17,0x17,0x17,0xff,0x17,0x17,0x17,0xff,
    0x17,0x17,0x17,0xff,0x17,0x17,0x17,0xff,0x17,0x17,0x17,0xff,0x17,0x17,0x17,0xff,
    0x17,0x17,0x17,0xff,0x17,0x17,0x17,0xff,0x17,0x17,0x17,0xff,0x17,0x17,0x17,0xff,
    0x17,0x17,0x17,0xff,0x17,0x17,0x17,0xff,0x17,0x17,0x17,0xff,0x17,0x17,0x17,0xff,
    0x17,0x17,0x17,0xff,0x17,0x17,0x17,0xff,0x17,0x17,0x17,0xff,0x17,0x17,0x17,0xff,
    0x17,0x17,0x17,0xff,0x17,0x17,0x17,0xff,0x17,0x17,0x17,0xff,0x17,0x17,0x17,0xff,
    0x17,0x17,0x17,0xff,0x17,0x17,0x17,0xff,0x17,0x17,0x17,0xff,0x17,0x17,0x17,0xff,
    0x17,0x17,0x17,0xff,0x17,0x17,0x17,0xff,0x17,0x17,0x17,0xff,0x17,0x17,0x17,0xff,
    0x17,0x17,0x17,0xff,0x17,0x17,0x17,0xff,0x17,0x17,0x17,0xff,0x17,0x17,0x17,0xff,
    0x17,0x17,0x17,0xff,0x17,0x17,0x17,0xff,0x17,0x17,0x17,0xff,0x17,0x17,0x17,0xff,
    0x17,0x17,0x17,0xff,0x17,0x17,0x17,0xff,0x17,0x17,0x17,0xff,0x17,0x17,0x17,0xff,
    0x17,0x17,0x17,0xff,0x17,0x17,0x17,0xff,0x16,0x16,0x16,0xff,0x22,0x22,0x22,0xff,
    0x00,0x00,0x00,0x00,0x00,0x00,0x00,0x00,0x00,0x00,0x00,0x00,0x00,0x00,0x00,0x00,
    0x00,0x00,0x00,0x00,0x00,0x00,0x00,0x00,0x00,0x00,0x00,0x00,0x00,0x00,0x00,0x00,
    0x27,0x27,0x27,0xff,0x28,0x28,0x28,0xff,0x25,0x25,0x25,0xff,0x17,0x17,0x17,0xff,
    0x17,0x17,0x17,0xff,0x17,0x17,0x17,0xff,0x17,0x17,0x17,0xff,0x17,0x17,0x17,0xff,
    0x17,0x17,0x17,0xff,0x17,0x17,0x17,0xff,0x17,0x17,0x17,0xff,0x17,0x17,0x17,0xff,
    0x17,0x17,0x17,0xff,0x17,0x17,0x17,0xff,0x17,0x17,0x17,0xff,0x17,0x17,0x17,0xff,
    0x17,0x17,0x17,0xff,0x17,0x17,0x17,0xff,0x17,0x17,0x17,0xff,0x17,0x17,0x17,0xff,
    0x17,0x17,0x17,0xff,0x17,0x17,0x17,0xff,0x17,0x17,0x17,0xff,0x17,0x17,0x17,0xff,
    0x17,0x17,0x17,0xff,0x17,0x17,0x17,0xff,0x17,0x17,0x17,0xff,0x17,0x17,0x17,0xff,
    0x17,0x17,0x17,0xff,0x17,0x17,0x17,0xff,0x17,0x17,0x17,0xff,0x17,0x17,0x17,0xff,
    0x17,0x17,0x17,0xff,0x17,0x17,0x17,0xff,0x17,0x17,0x17,0xff,0x17,0x17,0x17,0xff,
    0x17,0x17,0x17,0xff,0x17,0x17,0x17,0xff,0x17,0x17,0x17,0xff,0x17,0x17,0x17,0xff,
    0x17,0x17,0x17,0xff,0x17,0x17,0x17,0xff,0x17,0x17,0x17,0xff,0x17,0x17,0x17,0xff,
    0x17,0x17,0x17,0xff,0x17,0x17,0x17,0xff,0x17,0x17,0x17,0xff,0x17,0x17,0x17,0xff,
    0x17,0x17,0x17,0xff,0x17,0x17,0x17,0xff,0x17,0x17,0x17,0xff,0x17,0x17,0x17,0xff,
    0x17,0x17,0x17,0xff,0x17,0x17,0x17,0xff,0x17,0x17,0x17,0xff,0x17,0x17,0x17,0xff,
    0x17,0x17,0x17,0xff,0x17,0x17,0x17,0xff,0x17,0x17,0x17,0xff,0x17,0x17,0x17,0xff,
    0x17,0x17,0x17,0xff,0x17,0x17,0x17,0xff,0x17,0x17,0x17,0xff,0x17,0x17,0x17,0xff,
    0x17,0x17,0x17,0xff,0x17,0x17,0x17,0xff,0x17,0x17,0x17,0xff,0x17,0x17,0x17,0xff,
    0x17,0x17,0x12,0xff,0x19,0x19,0x37,0xff,0x20,0x20,0xaa,0xff,0x24,0x24,0xf2,0xff,
    0x1e,0x1e,0x90,0xff,0x17,0x17,0x19,0xff,0x16,0x16,0x09,0xff,0x20,0x20,0x9f,0xff,
    0x26,0x26,0xff,0xff,0x21,0x21,0xbc,0xff,0x17,0x17,0x1b,0xff,0x17,0x17,0x17,0xff,
    0x17,0x17,0x17,0xff,0x17,0x17,0x17,0xff,0x17,0x17,0x17,0xff,0x17,0x17,0x17,0xff,
    0x17,0x17,0x17,0xff,0x17,0x17,0x17,0xff,0x17,0x17,0x17,0xff,0x17,0x17,0x17,0xff,
    0x17,0x17,0x17,0xff,0x17,0x17,0x17,0xff,0x17,0x17,0x17,0xff,0x17,0x17,0x17,0xff,
    0x17,0x17,0x17,0xff,0x17,0x17,0x17,0xff,0x17,0x17,0x17,0xff,0x17,0x17,0x17,0xff,
    0x17,0x17,0x17,0xff,0x17,0x17,0x17,0xff,0x17,0x17,0x17,0xff,0x17,0x17,0x17,0xff,
    0x17,0x17,0x17,0xff,0x17,0x17,0x17,0xff,0x17,0x17,0x17,0xff,0x17,0x17,0x17,0xff,
    0x17,0x17,0x17,0xff,0x17,0x17,0x17,0xff,0x17,0x17,0x17,0xff,0x17,0x17,0x17,0xff,
    0x17,0x17,0x17,0xff,0x17,0x17,0x17,0xff,0x17,0x17,0x17,0xff,0x17,0x17,0x17,0xff,
    0x17,0x17,0x17,0xff,0x17,0x17,0x17,0xff,0x17,0x17,0x17,0xff,0x17,0x17,0x17,0xff,
    0x17,0x17,0x17,0xff,0x17,0x17,0x17,0xff,0x17,0x17,0x17,0xff,0x17,0x17,0x17,0xff,
    0x17,0x17,0x17,0xff,0x17,0x17,0x17,0xff,0x17,0x17,0x17,0xff,0x17,0x17,0x17,0xff,
    0x17,0x17,0x17,0xff,0x17,0x17,0x17,0xff,0x17,0x17,0x17,0xff,0x17,0x17,0x17,0xff,
    0x17,0x17,0x17,0xff,0x17,0x17,0x17,0xff,0x17,0x17,0x17,0xff,0x17,0x17,0x17,0xff,
    0x17,0x17,0x17,0xff,0x17,0x17,0x17,0xff,0x17,0x17,0x17,0xff,0x17,0x17,0x17,0xff,
    0x17,0x17,0x17,0xff,0x17,0x17,0x17,0xff,0x17,0x17,0x17,0xff,0x17,0x17,0x17,0xff,
    0x17,0x17,0x17,0xff,0x17,0x17,0x17,0xff,0x17,0x17,0x17,0xff,0x17,0x17,0x17,0xff,
    0x17,0x17,0x17,0xff,0x17,0x17,0x17,0xff,0x17,0x17,0x17,0xff,0x17,0x17,0x17,0xff,
    0x17,0x17,0x17,0xff,0x17,0x17,0x17,0xff,0x16,0x16,0x16,0xff,0x22,0x22,0x22,0xff,
    0x00,0x00,0x00,0x00,0x00,0x00,0x00,0x00,0x00,0x00,0x00,0x00,0x00,0x00,0x00,0x00,
    0x00,0x00,0x00,0x00,0x00,0x00,0x00,0x00,0x00,0x00,0x00,0x00,0x00,0x00,0x00,0x00,
    0x27,0x27,0x27,0xff,0x28,0x28,0x28,0xff,0x25,0x25,0x25,0xff,0x17,0x17,0x17,0xff,
    0x17,0x17,0x17,0xff,0x17,0x17,0x17,0xff,0x17,0x17,0x17,0xff,0x17,0x17,0x17,0xff,
    0x17,0x17,0x17,0xff,0x17,0x17,0x17,0xff,0x17,0x17,0x17,0xff,0x17,0x17,0x17,0xff,
    0x17,0x17,0x17,0xff,0x17,0x17,0x17,0xff,0x17,0x17,0x17,0xff,0x17,0x17,0x17,0xff,
    0x17,0x17,0x17,0xff,0x17,0x17,0x17,0xff,0x17,0x17,0x17,0xff,0x17,0x17,0x17,0xff,
    0x17,0x17,0x17,0xff,0x17,0x17,0x17,0xff,0x17,0x17,0x17,0xff,0x17,0x17,0x17,0xff,
    0x17,0x17,0x17,0xff,0x17,0x17,0x17,0xff,0x17,0x17,0x17,0xff,0x17,0x17,0x17,0xff,
    0x17,0x17,0x17,0xff,0x17,0x17,0x17,0xff,0x17,0x17,0x17,0xff,0x17,0x17,0x17,0xff,
    0x17,0x17,0x17,0xff,0x17,0x17,0x17,0xff,0x17,0x17,0x17,0xff,0x17,0x17,0x17,0xff,
    0x17,0x17,0x17,0xff,0x17,0x17,0x17,0xff,0x17,0x17,0x17,0xff,0x17,0x17,0x17,0xff,
    0x17,0x17,0x17,0xff,0x17,0x17,0x17,0xff,0x17,0x17,0x17,0xff,0x17,0x17,0x17,0xff,
    0x17,0x17,0x17,0xff,0x17,0x17,0x17,0xff,0x17,0x17,0x17,0xff,0x17,0x17,0x17,0xff,
    0x17,0x17,0x17,0xff,0x17,0x17,0x17,0xff,0x17,0x17,0x17,0xff,0x17,0x17,0x17,0xff,
    0x17,0x17,0x17,0xff,0x17,0x17,0x17,0xff,0x17,0x17,0x17,0xff,0x17,0x17,0x17,0xff,
    0x17,0x17,0x17,0xff,0x17,0x17,0x17,0xff,0x17,0x17,0x17,0xff,0x17,0x17,0x17,0xff,
    0x17,0x17,0x17,0xff,0x17,0x17,0x17,0xff,0x17,0x17,0x17,0xff,0x17,0x17,0x17,0xff,
    0x17,0x17,0x17,0xff,0x17,0x17,0x17,0xff,0x17,0x17,0x17,0xff,0x17,0x17,0x17,0xff,
    0x17,0x17,0x11,0xff,0x1a,0x1a,0x46,0xff,0x21,0x21,0xb8,0xff,0x24,0x24,0xec,0xff,
    0x1d,0x1d,0x81,0xff,0x17,0x17,0x19,0xff,0x16,0x16,0x0a,0xff,0x1f,0x1f,0x95,0xff,
    0x25,0x25,0xfe,0xff,0x22,0x22,0xbf,0xff,0x18,0x18,0x21,0xff,0x17,0x17,0x17,0xff,
    0x17,0x17,0x17,0xff,0x17,0x17,0x17,0xff,0x17,0x17,0x17,0xff,0x17,0x17,0x17,0xff,
    0x17,0x17,0x17,0xff,0x17,0x17,0x17,0xff,0x17,0x17,0x17,0xff,0x17,0x17,0x17,0xff,
    0x17,0x17,0x17,0xff,0x17,0x17,0x17,0xff,0x17,0x17,0x17,0xff,0x17,0x17,0x17,0xff,
    0x17,0x17,0x17,0xff,0x17,0x17,0x17,0xff,0x17,0x17,0x17,0xff,0x17,0x17,0x17,0xff,
    0x17,0x17,0x17,0xff,0x17,0x17,0x17,0xff,0x17,0x17,0x17,0xff,0x17,0x17,0x17,0xff,
    0x17,0x17,0x17,0xff,0x17,0x17,0x17,0xff,0x17,0x17,0x17,0xff,0x17,0x17,0x17,0xff,
    0x17,0x17,0x17,0xff,0x17,0x17,0x17,0xff,0x17,0x17,0x17,0xff,0x17,0x17,0x17,0xff,
    0x17,0x17,0x17,0xff,0x17,0x17,0x17,0xff,0x17,0x17,0x17,0xff,0x17,0x17,0x17,0xff,
    0x17,0x17,0x17,0xff,0x17,0x17,0x17,0xff,0x17,0x17,0x17,0xff,0x17,0x17,0x17,0xff,
    0x17,0x17,0x17,0xff,0x17,0x17,0x17,0xff,0x17,0x17,0x17,0xff,0x17,0x17,0x17,0xff,
    0x17,0x17,0x17,0xff,0x17,0x17,0x17,0xff,0x17,0x17,0x17,0xff,0x17,0x17,0x17,0xff,
    0x17,0x17,0x17,0xff,0x17,0x17,0x17,0xff,0x17,0x17,0x17,0xff,0x17,0x17,0x17,0xff,
    0x17,0x17,0x17,0xff,0x17,0x17,0x17,0xff,0x17,0x17,0x17,0xff,0x17,0x17,0x17,0xff,
    0x17,0x17,0x17,0xff,0x17,0x17,0x17,0xff,0x17,0x17,0x17,0xff,0x17,0x17,0x17,0xff,
    0x17,0x17,0x17,0xff,0x17,0x17,0x17,0xff,0x17,0x17,0x17,0xff,0x17,0x17,0x17,0xff,
    0x17,0x17,0x17,0xff,0x17,0x17,0x17,0xff,0x17,0x17,0x17,0xff,0x17,0x17,0x17,0xff,
    0x17,0x17,0x17,0xff,0x17,0x17,0x17,0xff,0x17,0x17,0x17,0xff,0x17,0x17,0x17,0xff,
    0x17,0x17,0x17,0xff,0x17,0x17,0x17,0xff,0x16,0x16,0x16,0xff,0x22,0x22,0x22,0xff,
    0x00,0x00,0x00,0x00,0x00,0x00,0x00,0x00,0x00,0x00,0x00,0x00,0x00,0x00,0x00,0x00,
    0x00,0x00,0x00,0x00,0x00,0x00,0x00,0x00,0x00,0x00,0x00,0x00,0x00,0x00,0x00,0x00,
    0x27,0x27,0x27,0xff,0x28,0x28,0x28,0xff,0x25,0x25,0x25,0xff,0x17,0x17,0x17,0xff,
    0x17,0x17,0x17,0xff,0x17,0x17,0x17,0xff,0x17,0x17,0x17,0xff,0x17,0x17,0x17,0xff,
    0x17,0x17,0x17,0xff,0x17,0x17,0x17,0xff,0x17,0x17,0x17,0xff,0x17,0x17,0x17,0xff,
    0x17,0x17,0x17,0xff,0x17,0x17,0x17,0xff,0x17,0x17,0x17,0xff,0x17,0x17,0x17,0xff,
    0x17,0x17,0x17,0xff,0x17,0x17,0x17,0xff,0x17,0x17,0x17,0xff,0x17,0x17,0x17,0xff,
    0x17,0x17,0x17,0xff,0x17,0x17,0x17,0xff,0x17,0x17,0x17,0xff,0x17,0x17,0x17,0xff,
    0x17,0x17,0x17,0xff,0x17,0x17,0x17,0xff,0x17,0x17,0x17,0xff,0x17,0x17,0x17,0xff,
    0x17,0x17,0x17,0xff,0x17,0x17,0x17,0xff,0x17,0x17,0x17,0xff,0x17,0x17,0x17,0xff,
    0x17,0x17,0x17,0xff,0x17,0x17,0x17,0xff,0x17,0x17,0x17,0xff,0x17,0x17,0x17,0xff,
    0x17,0x17,0x17,0xff,0x17,0x17,0x17,0xff,0x17,0x17,0x17,0xff,0x17,0x17,0x17,0xff,
    0x17,0x17,0x17,0xff,0x17,0x17,0x17,0xff,0x17,0x17,0x17,0xff,0x17,0x17,0x17,0xff,
    0x17,0x17,0x17,0xff,0x17,0x17,0x17,0xff,0x17,0x17,0x17,0xff,0x17,0x17,0x17,0xff,
    0x17,0x17,0x17,0xff,0x17,0x17,0x17,0xff,0x17,0x17,0x17,0xff,0x17,0x17,0x17,0xff,
    0x17,0x17,0x17,0xff,0x17,0x17,0x17,0xff,0x17,0x17,0x17,0xff,0x17,0x17,0x17,0xff,
    0x17,0x17,0x17,0xff,0x17,0x17,0x17,0xff,0x17,0x17,0x17,0xff,0x17,0x17,0x17,0xff,
    0x17,0x17,0x17,0xff,0x17,0x17,0x17,0xff,0x17,0x17,0x17,0xff,0x17,0x17,0x17,0xff,
    0x17,0x17,0x17,0xff,0x17,0x17,0x17,0xff,0x17,0x17,0x17,0xff,0x17,0x17,0x17,0xff,
    0x17,0x17,0x0f,0xff,0x1b,0x1b,0x51,0xff,0x22,0x22,0xc3,0xff,0x24,0x24,0xe8,0xff,
    0x1d,0x1d,0x76,0xff,0x17,0x17,0x19,0xff,0x16,0x16,0x0b,0xff,0x1e,0x1e,0x8a,0xff,
    0x24,0x24,0xf5,0xff,0x22,0x22,0xc3,0xff,0x18,0x18,0x27,0xff,0x17,0x17,0x16,0xff,
    0x17,0x17,0x17,0xff,0x17,0x17,0x17,0xff,0x17,0x17,0x17,0xff,0x17,0x17,0x17,0xff,
    0x17,0x17,0x17,0xff,0x17,0x17,0x17,0xff,0x17,0x17,0x17,0xff,0x17,0x17,0x17,0xff,
    0x17,0x17,0x17,0xff,0x17,0x17,0x17,0xff,0x17,0x17,0x17,0xff,0x17,0x17,0x17,0xff,
    0x17,0x17,0x17,0xff,0x17,0x17,0x17,0xff,0x17,0x17,0x17,0xff,0x17,0x17,0x17,0xff,
    0x17,0x17,0x17,0xff,0x17,0x17,0x17,0xff,0x17,0x17,0x17,0xff,0x17,0x17,0x17,0xff,
    0x17,0x17,0x17,0xff,0x17,0x17,0x17,0xff,0x17,0x17,0x17,0xff,0x17,0x17,0x17,0xff,
    0x17,0x17,0x17,0xff,0x17,0x17,0x17,0xff,0x17,0x17,0x17,0xff,0x17,0x17,0x17,0xff,
    0x17,0x17,0x17,0xff,0x17,0x17,0x17,0xff,0x17,0x17,0x17,0xff,0x17,0x17,0x17,0xff,
    0x17,0x17,0x17,0xff,0x17,0x17,0x17,0xff,0x17,0x17,0x17,0xff,0x17,0x17,0x17,0xff,
    0x17,0x17,0x17,0xff,0x17,0x17,0x17,0xff,0x17,0x17,0x17,0xff,0x17,0x17,0x17,0xff,
    0x17,0x17,0x17,0xff,0x17,0x17,0x17,0xff,0x17,0x17,0x17,0xff,0x17,0x17,0x17,0xff,
    0x17,0x17,0x17,0xff,0x17,0x17,0x17,0xff,0x17,0x17,0x17,0xff,0x17,0x17,0x17,0xff,
    0x17,0x17,0x17,0xff,0x17,0x17,0x17,0xff,0x17,0x17,0x17,0xff,0x17,0x17,0x17,0xff,
    0x17,0x17,0x17,0xff,0x17,0x17,0x17,0xff,0x17,0x17,0x17,0xff,0x17,0x17,0x17,0xff,
    0x17,0x17,0x17,0xff,0x17,0x17,0x17,0xff,0x17,0x17,0x17,0xff,0x17,0x17,0x17,0xff,
    0x17,0x17,0x17,0xff,0x17,0x17,0x17,0xff,0x17,0x17,0x17,0xff,0x17,0x17,0x17,0xff,
    0x17,0x17,0x17,0xff,0x17,0x17,0x17,0xff,0x17,0x17,0x17,0xff,0x17,0x17,0x17,0xff,
    0x17,0x17,0x17,0xff,0x17,0x17,0x17,0xff,0x16,0x16,0x16,0xff,0x22,0x22,0x22,0xff,
    0x00,0x00,0x00,0x00,0x00,0x00,0x00,0x00,0x00,0x00,0x00,0x00,0x00,0x00,0x00,0x00,
    0x00,0x00,0x00,0x00,0x00,0x00,0x00,0x00,0x00,0x00,0x00,0x00,0x00,0x00,0x00,0x00,
    0x27,0x27,0x27,0xff,0x28,0x28,0x28,0xff,0x25,0x25,0x25,0xff,0x17,0x17,0x17,0xff,
    0x17,0x17,0x17,0xff,0x17,0x17,0x17,0xff,0x17,0x17,0x17,0xff,0x17,0x17,0x17,0xff,
    0x17,0x17,0x17,0xff,0x17,0x17,0x17,0xff,0x17,0x17,0x17,0xff,0x17,0x17,0x17,0xff,
    0x17,0x17,0x17,0xff,0x17,0x17,0x17,0xff,0x17,0x17,0x17,0xff,0x17,0x17,0x17,0xff,
    0x17,0x17,0x17,0xff,0x17,0x17,0x17,0xff,0x17,0x17,0x17,0xff,0x17,0x17,0x17,0xff,
    0x17,0x17,0x17,0xff,0x17,0x17,0x17,0xff,0x17,0x17,0x17,0xff,0x17,0x17,0x17,0xff,
    0x17,0x17,0x17,0xff,0x17,0x17,0x17,0xff,0x17,0x17,0x17,0xff,0x17,0x17,0x17,0xff,
    0x17,0x17,0x17,0xff,0x17,0x17,0x17,0xff,0x17,0x17,0x17,0xff,0x17,0x17,0x17,0xff,
    0x17,0x17,0x17,0xff,0x17,0x17,0x17,0xff,0x17,0x17,0x17,0xff,0x17,0x17,0x17,0xff,
    0x17,0x17,0x17,0xff,0x17,0x17,0x17,0xff,0x17,0x17,0x17,0xff,0x17,0x17,0x17,0xff,
    0x17,0x17,0x17,0xff,0x17,0x17,0x17,0xff,0x17,0x17,0x17,0xff,0x17,0x17,0x17,0xff,
    0x17,0x17,0x17,0xff,0x17,0x17,0x17,0xff,0x17,0x17,0x17,0xff,0x17,0x17,0x17,0xff,
    0x17,0x17,0x17,0xff,0x17,0x17,0x17,0xff,0x17,0x17,0x17,0xff,0x17,0x17,0x17,0xff,
    0x17,0x17,0x17,0xff,0x17,0x17,0x17,0xff,0x17,0x17,0x17,0xff,0x17,0x17,0x17,0xff,
    0x17,0x17,0x17,0xff,0x17,0x17,0x17,0xff,0x17,0x17,0x17,0xff,0x17,0x17,0x17,0xff,
    0x17,0x17,0x17,0xff,0x17,0x17,0x17,0xff,0x17,0x17,0x17,0xff,0x17,0x17,0x17,0xff,
    0x17,0x17,0x17,0xff,0x17,0x17,0x17,0xff,0x17,0x17,0x17,0xff,0x17,0x17,0x17,0xff,
    0x17,0x17,0x0f,0xff,0x1b,0x1b,0x57,0xff,0x22,0x22,0xc9,0xff,0x24,0x24,0xe5,0xff,
    0x1d,0x1d,0x6e,0xff,0x17,0x17,0x19,0xff,0x16,0x16,0x0b,0xff,0x1e,0x1e,0x80,0xff,
    0x24,0x24,0xed,0xff,0x22,0x22,0xc7,0xff,0x18,0x18,0x2e,0xff,0x17,0x17,0x16,0xff,
    0x17,0x17,0x17,0xff,0x17,0x17,0x17,0xff,0x17,0x17,0x17,0xff,0x17,0x17,0x17,0xff,
    0x17,0x17,0x17,0xff,0x17,0x17,0x17,0xff,0x17,0x17,0x17,0xff,0x17,0x17,0x17,0xff,
    0x17,0x17,0x17,0xff,0x17,0x17,0x17,0xff,0x17,0x17,0x17,0xff,0x17,0x17,0x17,0xff,
    0x17,0x17,0x17,0xff,0x17,0x17,0x17,0xff,0x17,0x17,0x17,0xff,0x17,0x17,0x17,0xff,
    0x17,0x17,0x17,0xff,0x17,0x17,0x17,0xff,0x17,0x17,0x17,0xff,0x17,0x17,0x17,0xff,
    0x17,0x17,0x17,0xff,0x17,0x17,0x17,0xff,0x17,0x17,0x17,0xff,0x17,0x17,0x17,0xff,
    0x17,0x17,0x17,0xff,0x17,0x17,0x17,0xff,0x17,0x17,0x17,0xff,0x17,0x17,0x17,0xff,
    0x17,0x17,0x17,0xff,0x17,0x17,0x17,0xff,0x17,0x17,0x17,0xff,0x17,0x17,0x17,0xff,
    0x17,0x17,0x17,0xff,0x17,0x17,0x17,0xff,0x17,0x17,0x17,0xff,0x17,0x17,0x17,0xff,
    0x17,0x17,0x17,0xff,0x17,0x17,0x17,0xff,0x17,0x17,0x17,0xff,0x17,0x17,0x17,0xff,
    0x17,0x17,0x17,0xff,0x17,0x17,0x17,0xff,0x17,0x17,0x17,0xff,0x17,0x17,0x17,0xff,
    0x17,0x17,0x17,0xff,0x17,0x17,0x17,0xff,0x17,0x17,0x17,0xff,0x17,0x17,0x17,0xff,
    0x17,0x17,0x17,0xff,0x17,0x17,0x17,0xff,0x17,0x17,0x17,0xff,0x17,0x17,0x17,0xff,
    0x17,0x17,0x17,0xff,0x17,0x17,0x17,0xff,0x17,0x17,0x17,0xff,0x17,0x17,0x17,0xff,
    0x17,0x17,0x17,0xff,0x17,0x17,0x17,0xff,0x17,0x17,0x17,0xff,0x17,0x17,0x17,0xff,
    0x17,0x17,0x17,0xff,0x17,0x17,0x17,0xff,0x17,0x17,0x17,0xff,0x17,0x17,0x17,0xff,
    0x17,0x17,0x17,0xff,0x17,0x17,0x17,0xff,0x17,0x17,0x17,0xff,0x17,0x17,0x17,0xff,
    0x17,0x17,0x17,0xff,0x17,0x17,0x17,0xff,0x16,0x16,0x16,0xff,0x22,0x22,0x22,0xff,
    0x00,0x00,0x00,0x00,0x00,0x00,0x00,0x00,0x00,0x00,0x00,0x00,0x00,0x00,0x00,0x00,
    0x00,0x00,0x00,0x00,0x00,0x00,0x00,0x00,0x00,0x00,0x00,0x00,0x00,0x00,0x00,0x00,
    0x27,0x27,0x27,0xff,0x28,0x28,0x28,0xff,0x25,0x25,0x25,0xff,0x17,0x17,0x17,0xff,
    0x17,0x17,0x17,0xff,0x17,0x17,0x17,0xff,0x17,0x17,0x17,0xff,0x17,0x17,0x17,0xff,
    0x17,0x17,0x17,0xff,0x17,0x17,0x17,0xff,0x17,0x17,0x17,0xff,0x17,0x17,0x17,0xff,
    0x17,0x17,0x17,0xff,0x17,0x17,0x17,0xff,0x17,0x17,0x17,0xff,0x17,0x17,0x17,0xff,
    0x17,0x17,0x17,0xff,0x17,0x17,0x17,0xff,0x17,0x17,0x17,0xff,0x17,0x17,0x17,0xff,
    0x17,0x17,0x17,0xff,0x17,0x17,0x17,0xff,0x17,0x17,0x17,0xff,0x17,0x17,0x17,0xff,
    0x17,0x17,0x17,0xff,0x17,0x17,0x17,0xff,0x17,0x17,0x17,0xff,0x17,0x17,0x17,0xff,
    0x17,0x17,0x17,0xff,0x17,0x17,0x17,0xff,0x17,0x17,0x17,0xff,0x17,0x17,0x17,0xff,
    0x17,0x17,0x17,0xff,0x17,0x17,0x17,0xff,0x17,0x17,0x17,0xff,0x17,0x17,0x17,0xff,
    0x17,0x17,0x17,0xff,0x17,0x17,0x17,0xff,0x17,0x17,0x17,0xff,0x17,0x17,0x17,0xff,
    0x17,0x17,0x17,0xff,0x17,0x17,0x17,0xff,0x17,0x17,0x17,0xff,0x17,0x17,0x17,0xff,
    0x17,0x17,0x17,0xff,0x17,0x17,0x17,0xff,0x17,0x17,0x17,0xff,0x17,0x17,0x17,0xff,
    0x17,0x17,0x17,0xff,0x17,0x17,0x17,0xff,0x17,0x17,0x17,0xff,0x17,0x17,0x17,0xff,
    0x17,0x17,0x17,0xff,0x17,0x17,0x17,0xff,0x17,0x17,0x17,0xff,0x17,0x17,0x17,0xff,
    0x17,0x17,0x17,0xff,0x17,0x17,0x17,0xff,0x17,0x17,0x17,0xff,0x17,0x17,0x17,0xff,
    0x17,0x17,0x17,0xff,0x17,0x17,0x17,0xff,0x17,0x17,0x17,0xff,0x17,0x17,0x17,0xff,
    0x17,0x17,0x17,0xff,0x17,0x17,0x17,0xff,0x17,0x17,0x17,0xff,0x17,0x17,0x17,0xff,
    0x17,0x17,0x0f,0xff,0x1b,0x1b,0x5c,0xff,0x22,0x22,0xce,0xff,0x24,0x24,0xe2,0xff,
    0x1c,0x1c,0x67,0xff,0x17,0x17,0x19,0xff,0x16,0x16,0x0c,0xff,0x1e,0x1e,0x79,0xff,
    0x24,0x24,0xe7,0xff,0x22,0x22,0xca,0xff,0x19,0x19,0x35,0xff,0x17,0x17,0x16,0xff,
    0x17,0x17,0x17,0xff,0x17,0x17,0x17,0xff,0x17,0x17,0x17,0xff,0x17,0x17,0x17,0xff,
    0x17,0x17,0x17,0xff,0x17,0x17,0x17,0xff,0x17,0x17,0x17,0xff,0x17,0x17,0x17,0xff,
    0x17,0x17,0x17,0xff,0x17,0x17,0x17,0xff,0x17,0x17,0x17,0xff,0x17,0x17,0x17,0xff,
    0x17,0x17,0x17,0xff,0x17,0x17,0x17,0xff,0x17,0x17,0x17,0xff,0x17,0x17,0x17,0xff,
    0x17,0x17,0x17,0xff,0x17,0x17,0x17,0xff,0x17,0x17,0x17,0xff,0x17,0x17,0x17,0xff,
    0x17,0x17,0x17,0xff,0x17,0x17,0x17,0xff,0x17,0x17,0x17,0xff,0x17,0x17,0x17,0xff,
    0x17,0x17,0x17,0xff,0x17,0x17,0x17,0xff,0x17,0x17,0x17,0xff,0x17,0x17,0x17,0xff,
    0x17,0x17,0x17,0xff,0x17,0x17,0x17,0xff,0x17,0x17,0x17,0xff,0x17,0x17,0x17,0xff,
    0x17,0x17,0x17,0xff,0x17,0x17,0x17,0xff,0x17,0x17,0x17,0xff,0x17,0x17,0x17,0xff,
    0x17,0x17,0x17,0xff,0x17,0x17,0x17,0xff,0x17,0x17,0x17,0xff,0x17,0x17,0x17,0xff,
    0x17,0x17,0x17,0xff,0x17,0x17,0x17,0xff,0x17,0x17,0x17,0xff,0x17,0x17,0x17,0xff,
    0x17,0x17,0x17,0xff,0x17,0x17,0x17,0xff,0x17,0x17,0x17,0xff,0x17,0x17,0x17,0xff,
    0x17,0x17,0x17,0xff,0x17,0x17,0x17,0xff,0x17,0x17,0x17,0xff,0x17,0x17,0x17,0xff,
    0x17,0x17,0x17,0xff,0x17,0x17,0x17,0xff,0x17,0x17,0x17,0xff,0x17,0x17,0x17,0xff,
    0x17,0x17,0x17,0xff,0x17,0x17,0x17,0xff,0x17,0x17,0x17,0xff,0x17,0x17,0x17,0xff,
    0x17,0x17,0x17,0xff,0x17,0x17,0x17,0xff,0x17,0x17,0x17,0xff,0x17,0x17,0x17,0xff,
    0x17,0x17,0x17,0xff,0x17,0x17,0x17,0xff,0x17,0x17,0x17,0xff,0x17,0x17,0x17,0xff,
    0x17,0x17,0x17,0xff,0x17,0x17,0x17,0xff,0x16,0x16,0x16,0xff,0x22,0x22,0x22,0xff,
    0x00,0x00,0x00,0x00,0x00,0x00,0x00,0x00,0x00,0x00,0x00,0x00,0x00,0x00,0x00,0x00,
    0x00,0x00,0x00,0x00,0x00,0x00,0x00,0x00,0x00,0x00,0x00,0x00,0x00,0x00,0x00,0x00,
    0x27,0x27,0x27,0xff,0x28,0x28,0x28,0xff,0x25,0x25,0x25,0xff,0x17,0x17,0x17,0xff,
    0x17,0x17,0x17,0xff,0x17,0x17,0x17,0xff,0x17,0x17,0x17,0xff,0x17,0x17,0x17,0xff,
    0x17,0x17,0x17,0xff,0x17,0x17,0x17,0xff,0x17,0x17,0x17,0xff,0x17,0x17,0x17,0xff,
    0x17,0x17,0x17,0xff,0x17,0x17,0x17,0xff,0x17,0x17,0x17,0xff,0x17,0x17,0x17,0xff,
    0x17,0x17,0x17,0xff,0x17,0x17,0x17,0xff,0x17,0x17,0x17,0xff,0x17,0x17,0x17,0xff,
    0x17,0x17,0x17,0xff,0x17,0x17,0x17,0xff,0x17,0x17,0x17,0xff,0x17,0x17,0x17,0xff,
    0x17,0x17,0x17,0xff,0x17,0x17,0x17,0xff,0x17,0x17,0x17,0xff,0x17,0x17,0x17,0xff,
    0x17,0x17,0x17,0xff,0x17,0x17,0x17,0xff,0x17,0x17,0x17,0xff,0x17,0x17,0x17,0xff,
    0x17,0x17,0x17,0xff,0x17,0x17,0x17,0xff,0x17,0x17,0x17,0xff,0x17,0x17,0x17,0xff,
    0x17,0x17,0x17,0xff,0x17,0x17,0x17,0xff,0x17,0x17,0x17,0xff,0x17,0x17,0x17,0xff,
    0x17,0x17,0x17,0xff,0x17,0x17,0x17,0xff,0x17,0x17,0x17,0xff,0x17,0x17,0x17,0xff,
    0x17,0x17,0x17,0xff,0x17,0x17,0x17,0xff,0x17,0x17,0x17,0xff,0x17,0x17,0x17,0xff,
    0x17,0x17,0x17,0xff,0x17,0x17,0x17,0xff,0x17,0x17,0x17,0xff,0x17,0x17,0x17,0xff,
    0x17,0x17,0x17,0xff,0x17,0x17,0x17,0xff,0x17,0x17,0x17,0xff,0x17,0x17,0x17,0xff,
    0x17,0x17,0x17,0xff,0x17,0x17,0x17,0xff,0x17,0x17,0x17,0xff,0x17,0x17,0x17,0xff,
    0x17,0x17,0x17,0xff,0x17,0x17,0x17,0xff,0x17,0x17,0x17,0xff,0x17,0x17,0x17,0xff,
    0x17,0x17,0x17,0xff,0x17,0x17,0x17,0xff,0x17,0x17,0x17,0xff,0x17,0x17,0x17,0xff,
    0x17,0x17,0x0e,0xff,0x1b,0x1b,0x63,0xff,0x22,0x22,0xd5,0xff,0x24,0x24,0xdf,0xff,
    0x1c,0x1c,0x5c,0xff,0x17,0x17,0x18,0xff,0x16,0x16,0x0d,0xff,0x1c,0x1c,0x71,0xff,
    0x23,0x23,0xe2,0xff,0x22,0x22,0xcc,0xff,0x19,0x19,0x3a,0xff,0x17,0x17,0x16,0xff,
    0x17,0x17,0x17,0xff,0x17,0x17,0x17,0xff,0x17,0x17,0x17,0xff,0x17,0x17,0x17,0xff,
    0x17,0x17,0x17,0xff,0x17,0x17,0x17,0xff,0x17,0x17,0x17,0xff,0x17,0x17,0x17,0xff,
    0x17,0x17,0x17,0xff,0x17,0x17,0x17,0xff,0x17,0x17,0x17,0xff,0x17,0x17,0x17,0xff,
    0x17,0x17,0x17,0xff,0x17,0x17,0x17,0xff,0x17,0x17,0x17,0xff,0x17,0x17,0x17,0xff,
    0x17,0x17,0x17,0xff,0x17,0x17,0x17,0xff,0x17,0x17,0x17,0xff,0x17,0x17,0x17,0xff,
    0x17,0x17,0x17,0xff,0x17,0x17,0x17,0xff,0x17,0x17,0x17,0xff,0x17,0x17,0x17,0xff,
    0x17,0x17,0x17,0xff,0x17,0x17,0x17,0xff,0x17,0x17,0x17,0xff,0x17,0x17,0x17,0xff,
    0x17,0x17,0x17,0xff,0x17,0x17,0x17,0xff,0x17,0x17,0x17,0xff,0x17,0x17,0x17,0xff,
    0x17,0x17,0x17,0xff,0x17,0x17,0x17,0xff,0x17,0x17,0x17,0xff,0x17,0x17,0x17,0xff,
    0x17,0x17,0x17,0xff,0x17,0x17,0x17,0xff,0x17,0x17,0x17,0xff,0x17,0x17,0x17,0xff,
    0x17,0x17,0x17,0xff,0x17,0x17,0x17,0xff,0x17,0x17,0x17,0xff,0x17,0x17,0x17,0xff,
    0x17,0x17,0x17,0xff,0x17,0x17,0x17,0xff,0x17,0x17,0x17,0xff,0x17,0x17,0x17,0xff,
    0x17,0x17,0x17,0xff,0x17,0x17,0x17,0xff,0x17,0x17,0x17,0xff,0x17,0x17,0x17,0xff,
    0x17,0x17,0x17,0xff,0x17,0x17,0x17,0xff,0x17,0x17,0x17,0xff,0x17,0x17,0x17,0xff,
    0x17,0x17,0x17,0xff,0x17,0x17,0x17,0xff,0x17,0x17,0x17,0xff,0x17,0x17,0x17,0xff,
    0x17,0x17,0x17,0xff,0x17,0x17,0x17,0xff,0x17,0x17,0x17,0xff,0x17,0x17,0x17,0xff,
    0x17,0x17,0x17,0xff,0x17,0x17,0x17,0xff,0x17,0x17,0x17,0xff,0x17,0x17,0x17,0xff,
    0x17,0x17,0x17,0xff,0x17,0x17,0x17,0xff,0x16,0x16,0x16,0xff,0x22,0x22,0x22,0xff,
    0x00,0x00,0x00,0x00,0x00,0x00,0x00,0x00,0x00,0x00,0x00,0x00,0x00,0x00,0x00,0x00,
    0x00,0x00,0x00,0x00,0x00,0x00,0x00,0x00,0x00,0x00,0x00,0x00,0x00,0x00,0x00,0x00,
    0x27,0x27,0x27,0xff,0x28,0x28,0x28,0xff,0x25,0x25,0x25,0xff,0x17,0x17,0x17,0xff,
    0x17,0x17,0x17,0xff,0x17,0x17,0x17,0xff,0x17,0x17,0x17,0xff,0x17,0x17,0x17,0xff,
    0x17,0x17,0x17,0xff,0x17,0x17,0x17,0xff,0x17,0x17,0x17,0xff,0x17,0x17,0x17,0xff,
    0x17,0x17,0x17,0xff,0x17,0x17,0x17,0xff,0x17,0x17,0x17,0xff,0x17,0x17,0x17,0xff,
    0x17,0x17,0x17,0xff,0x17,0x17,0x17,0xff,0x17,0x17,0x17,0xff,0x17,0x17,0x17,0xff,
    0x17,0x17,0x17,0xff,0x17,0x17,0x17,0xff,0x17,0x17,0x17,0xff,0x17,0x17,0x17,0xff,
    0x17,0x17,0x17,0xff,0x17,0x17,0x17,0xff,0x17,0x17,0x17,0xff,0x17,0x17,0x17,0xff,
    0x17,0x17,0x17,0xff,0x17,0x17,0x17,0xff,0x17,0x17,0x17,0xff,0x17,0x17,0x17,0xff,
    0x17,0x17,0x17,0xff,0x17,0x17,0x17,0xff,0x17,0x17,0x17,0xff,0x17,0x17,0x17,0xff,
    0x17,0x17,0x17,0xff,0x17,0x17,0x17,0xff,0x17,0x17,0x17,0xff,0x17,0x17,0x17,0xff,
    0x17,0x17,0x17,0xff,0x17,0x17,0x17,0xff,0x17,0x17,0x17,0xff,0x17,0x17,0x17,0xff,
    0x17,0x17,0x17,0xff,0x17,0x17,0x17,0xff,0x17,0x17,0x17,0xff,0x17,0x17,0x17,0xff,
    0x17,0x17,0x17,0xff,0x17,0x17,0x17,0xff,0x17,0x17,0x17,0xff,0x17,0x17,0x17,0xff,
    0x17,0x17,0x17,0xff,0x17,0x17,0x17,0xff,0x17,0x17,0x17,0xff,0x17,0x17,0x17,0xff,
    0x17,0x17,0x17,0xff,0x17,0x17,0x17,0xff,0x17,0x17,0x17,0xff,0x17,0x17,0x17,0xff,
    0x17,0x17,0x17,0xff,0x17,0x17,0x17,0xff,0x17,0x17,0x17,0xff,0x17,0x17,0x17,0xff,
    0x17,0x17,0x17,0xff,0x17,0x17,0x17,0xff,0x17,0x17,0x17,0xff,0x17,0x17,0x17,0xff,
    0x16,0x16,0x0d,0xff,0x1c,0x1c,0x69,0xff,0x23,0x23,0xdb,0xff,0x23,0x23,0xdb,0xff,
    0x1a,0x1a,0x55,0xff,0x17,0x17,0x18,0xff,0x17,0x17,0x0e,0xff,0x1b,0x1b,0x6b,0xff,
    0x23,0x23,0xdc,0xff,0x23,0x23,0xd0,0xff,0x1a,0x1a,0x41,0xff,0x17,0x17,0x16,0xff,
    0x17,0x17,0x17,0xff,0x17,0x17,0x17,0xff,0x17,0x17,0x17,0xff,0x17,0x17,0x17,0xff,
    0x17,0x17,0x17,0xff,0x17,0x17,0x17,0xff,0x17,0x17,0x17,0xff,0x17,0x17,0x17,0xff,
    0x17,0x17,0x17,0xff,0x17,0x17,0x17,0xff,0x17,0x17,0x17,0xff,0x17,0x17,0x17,0xff,
    0x17,0x17,0x17,0xff,0x17,0x17,0x17,0xff,0x17,0x17,0x17,0xff,0x17,0x17,0x17,0xff,
    0x17,0x17,0x17,0xff,0x17,0x17,0x17,0xff,0x17,0x17,0x17,0xff,0x17,0x17,0x17,0xff,
    0x17,0x17,0x17,0xff,0x17,0x17,0x17,0xff,0x17,0x17,0x17,0xff,0x17,0x17,0x17,0xff,
    0x17,0x17,0x17,0xff,0x17,0x17,0x17,0xff,0x17,0x17,0x17,0xff,0x17,0x17,0x17,0xff,
    0x17,0x17,0x17,0xff,0x17,0x17,0x17,0xff,0x17,0x17,0x17,0xff,0x17,0x17,0x17,0xff,
    0x17,0x17,0x17,0xff,0x17,0x17,0x17,0xff,0x17,0x17,0x17,0xff,0x17,0x17,0x17,0xff,
    0x17,0x17,0x17,0xff,0x17,0x17,0x17,0xff,0x17,0x17,0x17,0xff,0x17,0x17,0x17,0xff,
    0x17,0x17,0x17,0xff,0x17,0x17,0x17,0xff,0x17,0x17,0x17,0xff,0x17,0x17,0x17,0xff,
    0x17,0x17,0x17,0xff,0x17,0x17,0x17,0xff,0x17,0x17,0x17,0xff,0x17,0x17,0x17,0xff,
    0x17,0x17,0x17,0xff,0x17,0x17,0x17,0xff,0x17,0x17,0x17,0xff,0x17,0x17,0x17,0xff,
    0x17,0x17,0x17,0xff,0x17,0x17,0x17,0xff,0x17,0x17,0x17,0xff,0x17,0x17,0x17,0xff,
    0x17,0x17,0x17,0xff,0x17,0x17,0x17,0xff,0x17,0x17,0x17,0xff,0x17,0x17,0x17,0xff,
    0x17,0x17,0x17,0xff,0x17,0x17,0x17,0xff,0x17,0x17,0x17,0xff,0x17,0x17,0x17,0xff,
    0x17,0x17,0x17,0xff,0x17,0x17,0x17,0xff,0x17,0x17,0x17,0xff,0x17,0x17,0x17,0xff,
    0x17,0x17,0x17,0xff,0x17,0x17,0x17,0xff,0x16,0x16,0x16,0xff,0x22,0x22,0x22,0xff,
    0x00,0x00,0x00,0x00,0x00,0x00,0x00,0x00,0x00,0x00,0x00,0x00,0x00,0x00,0x00,0x00,
    0x00,0x00,0x00,0x00,0x00,0x00,0x00,0x00,0x00,0x00,0x00,0x00,0x00,0x00,0x00,0x00,
    0x27,0x27,0x27,0xff,0x28,0x28,0x28,0xff,0x25,0x25,0x25,0xff,0x17,0x17,0x17,0xff,
    0x17,0x17,0x17,0xff,0x17,0x17,0x17,0xff,0x17,0x17,0x17,0xff,0x17,0x17,0x17,0xff,
    0x17,0x17,0x17,0xff,0x17,0x17,0x17,0xff,0x17,0x17,0x17,0xff,0x17,0x17,0x17,0xff,
    0x17,0x17,0x17,0xff,0x17,0x17,0x17,0xff,0x17,0x17,0x17,0xff,0x17,0x17,0x17,0xff,
    0x17,0x17,0x17,0xff,0x17,0x17,0x17,0xff,0x17,0x17,0x17,0xff,0x17,0x17,0x17,0xff,
    0x17,0x17,0x17,0xff,0x17,0x17,0x17,0xff,0x17,0x17,0x17,0xff,0x17,0x17,0x17,0xff,
    0x17,0x17,0x17,0xff,0x17,0x17,0x17,0xff,0x17,0x17,0x17,0xff,0x17,0x17,0x17,0xff,
    0x17,0x17,0x17,0xff,0x17,0x17,0x17,0xff,0x17,0x17,0x17,0xff,0x17,0x17,0x17,0xff,
    0x17,0x17,0x17,0xff,0x17,0x17,0x17,0xff,0x17,0x17,0x17,0xff,0x17,0x17,0x17,0xff,
    0x17,0x17,0x17,0xff,0x17,0x17,0x17,0xff,0x17,0x17,0x17,0xff,0x17,0x17,0x17,0xff,
    0x17,0x17,0x17,0xff,0x17,0x17,0x17,0xff,0x17,0x17,0x17,0xff,0x17,0x17,0x17,0xff,
    0x17,0x17,0x17,0xff,0x17,0x17,0x17,0xff,0x17,0x17,0x17,0xff,0x17,0x17,0x17,0xff,
    0x17,0x17,0x17,0xff,0x17,0x17,0x17,0xff,0x17,0x17,0x17,0xff,0x17,0x17,0x17,0xff,
    0x17,0x17,0x17,0xff,0x17,0x17,0x17,0xff,0x17,0x17,0x17,0xff,0x17,0x17,0x17,0xff,
    0x17,0x17,0x17,0xff,0x17,0x17,0x17,0xff,0x17,0x17,0x17,0xff,0x17,0x17,0x17,0xff,
    0x17,0x17,0x17,0xff,0x17,0x17,0x17,0xff,0x17,0x17,0x17,0xff,0x17,0x17,0x17,0xff,
    0x17,0x17,0x17,0xff,0x17,0x17,0x17,0xff,0x17,0x17,0x17,0xff,0x17,0x17,0x17,0xff,
    0x16,0x16,0x0c,0xff,0x1d,0x1d,0x70,0xff,0x24,0x24,0xe2,0xff,0x23,0x23,0xd7,0xff,
    0x1a,0x1a,0x49,0xff,0x17,0x17,0x18,0xff,0x16,0x16,0x0f,0xff,0x1c,0x1c,0x66,0xff,
    0x23,0x23,0xd7,0xff,0x23,0x23,0xd4,0xff,0x1a,0x1a,0x4a,0xff,0x17,0x17,0x16,0xff,
    0x17,0x17,0x16,0xff,0x17,0x17,0x17,0xff,0x17,0x17,0x17,0xff,0x17,0x17,0x17,0xff,
    0x17,0x17,0x17,0xff,0x17,0x17,0x17,0xff,0x17,0x17,0x17,0xff,0x17,0x17,0x17,0xff,
    0x17,0x17,0x17,0xff,0x17,0x17,0x17,0xff,0x17,0x17,0x17,0xff,0x17,0x17,0x17,0xff,
    0x17,0x17,0x17,0xff,0x17,0x17,0x17,0xff,0x17,0x17,0x17,0xff,0x17,0x17,0x17,0xff,
    0x17,0x17,0x17,0xff,0x17,0x17,0x17,0xff,0x17,0x17,0x17,0xff,0x17,0x17,0x17,0xff,
    0x17,0x17,0x17,0xff,0x17,0x17,0x17,0xff,0x17,0x17,0x17,0xff,0x17,0x17,0x17,0xff,
    0x17,0x17,0x17,0xff,0x17,0x17,0x17,0xff,0x17,0x17,0x17,0xff,0x17,0x17,0x17,0xff,
    0x17,0x17,0x17,0xff,0x17,0x17,0x17,0xff,0x17,0x17,0x17,0xff,0x17,0x17,0x17,0xff,
    0x17,0x17,0x17,0xff,0x17,0x17,0x17,0xff,0x17,0x17,0x17,0xff,0x17,0x17,0x17,0xff,
    0x17,0x17,0x17,0xff,0x17,0x17,0x17,0xff,0x17,0x17,0x17,0xff,0x17,0x17,0x17,0xff,
    0x17,0x17,0x17,0xff,0x17,0x17,0x17,0xff,0x17,0x17,0x17,0xff,0x17,0x17,0x17,0xff,
    0x17,0x17,0x17,0xff,0x17,0x17,0x17,0xff,0x17,0x17,0x17,0xff,0x17,0x17,0x17,0xff,
    0x17,0x17,0x17,0xff,0x17,0x17,0x17,0xff,0x17,0x17,0x17,0xff,0x17,0x17,0x17,0xff,
    0x17,0x17,0x17,0xff,0x17,0x17,0x17,0xff,0x17,0x17,0x17,0xff,0x17,0x17,0x17,0xff,
    0x17,0x17,0x17,0xff,0x17,0x17,0x17,0xff,0x17,0x17,0x17,0xff,0x17,0x17,0x17,0xff,
    0x17,0x17,0x17,0xff,0x17,0x17,0x17,0xff,0x17,0x17,0x17,0xff,0x17,0x17,0x17,0xff,
    0x17,0x17,0x17,0xff,0x17,0x17,0x17,0xff,0x17,0x17,0x17,0xff,0x17,0x17,0x17,0xff,
    0x17,0x17,0x17,0xff,0x17,0x17,0x17,0xff,0x16,0x16,0x16,0xff,0x22,0x22,0x22,0xff,
    0x00,0x00,0x00,0x00,0x00,0x00,0x00,0x00,0x00,0x00,0x00,0x00,0x00,0x00,0x00,0x00,
    0x00,0x00,0x00,0x00,0x00,0x00,0x00,0x00,0x00,0x00,0x00,0x00,0x00,0x00,0x00,0x00,
    0x27,0x27,0x27,0xff,0x28,0x28,0x28,0xff,0x25,0x25,0x25,0xff,0x17,0x17,0x17,0xff,
    0x17,0x17,0x17,0xff,0x17,0x17,0x17,0xff,0x17,0x17,0x17,0xff,0x17,0x17,0x17,0xff,
    0x17,0x17,0x17,0xff,0x17,0x17,0x17,0xff,0x17,0x17,0x17,0xff,0x17,0x17,0x17,0xff,
    0x17,0x17,0x17,0xff,0x17,0x17,0x17,0xff,0x17,0x17,0x17,0xff,0x17,0x17,0x17,0xff,
    0x17,0x17,0x17,0xff,0x17,0x17,0x17,0xff,0x17,0x17,0x17,0xff,0x17,0x17,0x17,0xff,
    0x17,0x17,0x17,0xff,0x17,0x17,0x17,0xff,0x17,0x17,0x17,0xff,0x17,0x17,0x17,0xff,
    0x17,0x17,0x17,0xff,0x17,0x17,0x17,0xff,0x17,0x17,0x17,0xff,0x17,0x17,0x17,0xff,
    0x17,0x17,0x17,0xff,0x17,0x17,0x17,0xff,0x17,0x17,0x17,0xff,0x17,0x17,0x17,0xff,
    0x17,0x17,0x17,0xff,0x17,0x17,0x17,0xff,0x17,0x17,0x17,0xff,0x17,0x17,0x17,0xff,
    0x17,0x17,0x17,0xff,0x17,0x17,0x17,0xff,0x17,0x17,0x17,0xff,0x17,0x17,0x17,0xff,
    0x17,0x17,0x17,0xff,0x17,0x17,0x17,0xff,0x17,0x17,0x17,0xff,0x17,0x17,0x17,0xff,
    0x17,0x17,0x17,0xff,0x17,0x17,0x17,0xff,0x17,0x17,0x17,0xff,0x17,0x17,0x17,0xff,
    0x17,0x17,0x17,0xff,0x17,0x17,0x17,0xff,0x17,0x17,0x17,0xff,0x17,0x17,0x17,0xff,
    0x17,0x17,0x17,0xff,0x17,0x17,0x17,0xff,0x17,0x17,0x17,0xff,0x17,0x17,0x17,0xff,
    0x17,0x17,0x17,0xff,0x17,0x17,0x17,0xff,0x17,0x17,0x17,0xff,0x17,0x17,0x17,0xff,
    0x17,0x17,0x17,0xff,0x17,0x17,0x17,0xff,0x17,0x17,0x17,0xff,0x17,0x17,0x17,0xff,
    0x17,0x17,0x17,0xff,0x17,0x17,0x17,0xff,0x17,0x17,0x17,0xff,0x17,0x17,0x17,0xff,
    0x16,0x16,0x0b,0xff,0x1e,0x1e,0x7b,0xff,0x25,0x25,0xec,0xff,0x22,0x22,0xd1,0xff,
    0x19,0x19,0x38,0xff,0x17,0x17,0x18,0xff,0x17,0x17,0x10,0xff,0x1c,0x1c,0x5f,0xff,
    0x22,0x22,0xd2,0xff,0x23,0x23,0xd9,0xff,0x1b,0x1b,0x59,0xff,0x17,0x17,0x16,0xff,
    0x17,0x17,0x16,0xff,0x17,0x17,0x17,0xff,0x17,0x17,0x17,0xff,0x17,0x17,0x17,0xff,
    0x17,0x17,0x17,0xff,0x17,0x17,0x17,0xff,0x17,0x17,0x17,0xff,0x17,0x17,0x17,0xff,
    0x17,0x17,0x17,0xff,0x17,0x17,0x17,0xff,0x17,0x17,0x17,0xff,0x17,0x17,0x17,0xff,
    0x17,0x17,0x17,0xff,0x17,0x17,0x17,0xff,0x17,0x17,0x17,0xff,0x17,0x17,0x17,0xff,
    0x17,0x17,0x17,0xff,0x17,0x17,0x17,0xff,0x17,0x17,0x17,0xff,0x17,0x17,0x17,0xff,
    0x17,0x17,0x17,0xff,0x17,0x17,0x17,0xff,0x17,0x17,0x17,0xff,0x17,0x17,0x17,0xff,
    0x17,0x17,0x17,0xff,0x17,0x17,0x17,0xff,0x17,0x17,0x17,0xff,0x17,0x17,0x17,0xff,
    0x17,0x17,0x17,0xff,0x17,0x17,0x17,0xff,0x17,0x17,0x17,0xff,0x17,0x17,0x17,0xff,
    0x17,0x17,0x17,0xff,0x17,0x17,0x17,0xff,0x17,0x17,0x17,0xff,0x17,0x17,0x17,0xff,
    0x17,0x17,0x17,0xff,0x17,0x17,0x17,0xff,0x17,0x17,0x17,0xff,0x17,0x17,0x17,0xff,
    0x17,0x17,0x17,0xff,0x17,0x17,0x17,0xff,0x17,0x17,0x17,0xff,0x17,0x17,0x17,0xff,
    0x17,0x17,0x17,0xff,0x17,0x17,0x17,0xff,0x17,0x17,0x17,0xff,0x17,0x17,0x17,0xff,
    0x17,0x17,0x17,0xff,0x17,0x17,0x17,0xff,0x17,0x17,0x17,0xff,0x17,0x17,0x17,0xff,
    0x17,0x17,0x17,0xff,0x17,0x17,0x17,0xff,0x17,0x17,0x17,0xff,0x17,0x17,0x17,0xff,
    0x17,0x17,0x17,0xff,0x17,0x17,0x17,0xff,0x17,0x17,0x17,0xff,0x17,0x17,0x17,0xff,
    0x17,0x17,0x17,0xff,0x17,0x17,0x17,0xff,0x17,0x17,0x17,0xff,0x17,0x17,0x17,0xff,
    0x17,0x17,0x17,0xff,0x17,0x17,0x17,0xff,0x17,0x17,0x17,0xff,0x17,0x17,0x17,0xff,
    0x17,0x17,0x17,0xff,0x17,0x17,0x17,0xff,0x16,0x16,0x16,0xff,0x22,0x22,0x22,0xff,
    0x00,0x00,0x00,0x00,0x00,0x00,0x00,0x00,0x00,0x00,0x00,0x00,0x00,0x00,0x00,0x00,
    0x00,0x00,0x00,0x00,0x00,0x00,0x00,0x00,0x00,0x00,0x00,0x00,0x00,0x00,0x00,0x00,
    0x27,0x27,0x27,0xff,0x28,0x28,0x28,0xff,0x25,0x25,0x25,0xff,0x17,0x17,0x17,0xff,
    0x17,0x17,0x17,0xff,0x17,0x17,0x17,0xff,0x17,0x17,0x17,0xff,0x17,0x17,0x17,0xff,
    0x17,0x17,0x17,0xff,0x17,0x17,0x17,0xff,0x17,0x17,0x17,0xff,0x17,0x17,0x17,0xff,
    0x17,0x17,0x17,0xff,0x17,0x17,0x17,0xff,0x17,0x17,0x17,0xff,0x17,0x17,0x17,0xff,
    0x17,0x17,0x17,0xff,0x17,0x17,0x17,0xff,0x17,0x17,0x17,0xff,0x17,0x17,0x17,0xff,
    0x17,0x17,0x17,0xff,0x17,0x17,0x17,0xff,0x17,0x17,0x17,0xff,0x17,0x17,0x17,0xff,
    0x17,0x17,0x17,0xff,0x17,0x17,0x17,0xff,0x17,0x17,0x17,0xff,0x17,0x17,0x17,0xff,
    0x17,0x17,0x17,0xff,0x17,0x17,0x17,0xff,0x17,0x17,0x17,0xff,0x17,0x17,0x17,0xff,
    0x17,0x17,0x17,0xff,0x17,0x17,0x17,0xff,0x17,0x17,0x17,0xff,0x17,0x17,0x17,0xff,
    0x17,0x17,0x17,0xff,0x17,0x17,0x17,0xff,0x17,0x17,0x17,0xff,0x17,0x17,0x17,0xff,
    0x17,0x17,0x17,0xff,0x17,0x17,0x17,0xff,0x17,0x17,0x17,0xff,0x17,0x17,0x17,0xff,
    0x17,0x17,0x17,0xff,0x17,0x17,0x17,0xff,0x17,0x17,0x17,0xff,0x17,0x17,0x17,0xff,
    0x17,0x17,0x17,0xff,0x17,0x17,0x17,0xff,0x17,0x17,0x17,0xff,0x17,0x17,0x17,0xff,
    0x17,0x17,0x17,0xff,0x17,0x17,0x17,0xff,0x17,0x17,0x17,0xff,0x17,0x17,0x17,0xff,
    0x17,0x17,0x17,0xff,0x17,0x17,0x17,0xff,0x17,0x17,0x17,0xff,0x17,0x17,0x17,0xff,
    0x17,0x17,0x17,0xff,0x17,0x17,0x17,0xff,0x17,0x17,0x17,0xff,0x17,0x17,0x17,0xff,
    0x17,0x17,0x17,0xff,0x17,0x17,0x17,0xff,0x17,0x17,0x17,0xff,0x17,0x17,0x17,0xff,
    0x16,0x16,0x0b,0xff,0x1e,0x1e,0x86,0xff,0x25,0x25,0xf7,0xff,0x22,0x22,0xcb,0xff,
    0x17,0x17,0x29,0xff,0x17,0x17,0x18,0xff,0x17,0x17,0x10,0xff,0x1b,0x1b,0x54,0xff,
    0x22,0x22,0xc9,0xff,0x23,0x23,0xe2,0xff,0x1d,0x1d,0x6c,0xff,0x17,0x17,0x16,0xff,
    0x17,0x17,0x16,0xff,0x17,0x17,0x17,0xff,0x17,0x17,0x17,0xff,0x17,0x17,0x17,0xff,
    0x17,0x17,0x17,0xff,0x17,0x17,0x17,0xff,0x17,0x17,0x17,0xff,0x17,0x17,0x17,0xff,
    0x17,0x17,0x17,0xff,0x17,0x17,0x17,0xff,0x17,0x17,0x17,0xff,0x17,0x17,0x17,0xff,
    0x17,0x17,0x17,0xff,0x17,0x17,0x17,0xff,0x17,0x17,0x17,0xff,0x17,0x17,0x17,0xff,
    0x17,0x17,0x17,0xff,0x17,0x17,0x17,0xff,0x17,0x17,0x17,0xff,0x17,0x17,0x17,0xff,
    0x17,0x17,0x17,0xff,0x17,0x17,0x17,0xff,0x17,0x17,0x17,0xff,0x17,0x17,0x17,0xff,
    0x17,0x17,0x17,0xff,0x17,0x17,0x17,0xff,0x17,0x17,0x17,0xff,0x17,0x17,0x17,0xff,
    0x17,0x17,0x17,0xff,0x17,0x17,0x17,0xff,0x17,0x17,0x17,0xff,0x17,0x17,0x17,0xff,
    0x17,0x17,0x17,0xff,0x17,0x17,0x17,0xff,0x17,0x17,0x17,0xff,0x17,0x17,0x17,0xff,
    0x17,0x17,0x17,0xff,0x17,0x17,0x17,0xff,0x17,0x17,0x17,0xff,0x17,0x17,0x17,0xff,
    0x17,0x17,0x17,0xff,0x17,0x17,0x17,0xff,0x17,0x17,0x17,0xff,0x17,0x17,0x17,0xff,
    0x17,0x17,0x17,0xff,0x17,0x17,0x17,0xff,0x17,0x17,0x17,0xff,0x17,0x17,0x17,0xff,
    0x17,0x17,0x17,0xff,0x17,0x17,0x17,0xff,0x17,0x17,0x17,0xff,0x17,0x17,0x17,0xff,
    0x17,0x17,0x17,0xff,0x17,0x17,0x17,0xff,0x17,0x17,0x17,0xff,0x17,0x17,0x17,0xff,
    0x17,0x17,0x17,0xff,0x17,0x17,0x17,0xff,0x17,0x17,0x17,0xff,0x17,0x17,0x17,0xff,
    0x17,0x17,0x17,0xff,0x17,0x17,0x17,0xff,0x17,0x17,0x17,0xff,0x17,0x17,0x17,0xff,
    0x17,0x17,0x17,0xff,0x17,0x17,0x17,0xff,0x17,0x17,0x17,0xff,0x17,0x17,0x17,0xff,
    0x17,0x17,0x17,0xff,0x17,0x17,0x17,0xff,0x16,0x16,0x16,0xff,0x22,0x22,0x22,0xff,
    0x00,0x00,0x00,0x00,0x00,0x00,0x00,0x00,0x00,0x00,0x00,0x00,0x00,0x00,0x00,0x00,
    0x00,0x00,0x00,0x00,0x00,0x00,0x00,0x00,0x00,0x00,0x00,0x00,0x00,0x00,0x00,0x00,
    0x27,0x27,0x27,0xff,0x28,0x28,0x28,0xff,0x25,0x25,0x25,0xff,0x17,0x17,0x17,0xff,
    0x17,0x17,0x17,0xff,0x17,0x17,0x17,0xff,0x17,0x17,0x17,0xff,0x17,0x17,0x17,0xff,
    0x17,0x17,0x17,0xff,0x17,0x17,0x17,0xff,0x17,0x17,0x17,0xff,0x17,0x17,0x17,0xff,
    0x17,0x17,0x17,0xff,0x17,0x17,0x17,0xff,0x17,0x17,0x17,0xff,0x17,0x17,0x17,0xff,
    0x17,0x17,0x17,0xff,0x17,0x17,0x17,0xff,0x17,0x17,0x17,0xff,0x17,0x17,0x17,0xff,
    0x17,0x17,0x17,0xff,0x17,0x17,0x17,0xff,0x17,0x17,0x17,0xff,0x17,0x17,0x17,0xff,
    0x17,0x17,0x17,0xff,0x17,0x17,0x17,0xff,0x17,0x17,0x17,0xff,0x17,0x17,0x17,0xff,
    0x17,0x17,0x17,0xff,0x17,0x17,0x17,0xff,0x17,0x17,0x17,0xff,0x17,0x17,0x17,0xff,
    0x17,0x17,0x17,0xff,0x17,0x17,0x17,0xff,0x17,0x17,0x17,0xff,0x17,0x17,0x17,0xff,
    0x17,0x17,0x17,0xff,0x17,0x17,0x17,0xff,0x17,0x17,0x17,0xff,0x17,0x17,0x17,0xff,
    0x17,0x17,0x17,0xff,0x17,0x17,0x17,0xff,0x17,0x17,0x17,0xff,0x17,0x17,0x17,0xff,
    0x17,0x17,0x17,0xff,0x17,0x17,0x17,0xff,0x17,0x17,0x17,0xff,0x17,0x17,0x17,0xff,
    0x17,0x17,0x17,0xff,0x17,0x17,0x17,0xff,0x17,0x17,0x17,0xff,0x17,0x17,0x17,0xff,
    0x17,0x17,0x17,0xff,0x17,0x17,0x17,0xff,0x17,0x17,0x17,0xff,0x17,0x17,0x17,0xff,
    0x17,0x17,0x17,0xff,0x17,0x17,0x17,0xff,0x17,0x17,0x17,0xff,0x17,0x17,0x17,0xff,
    0x17,0x17,0x17,0xff,0x17,0x17,0x17,0xff,0x17,0x17,0x17,0xff,0x17,0x17,0x17,0xff,
    0x17,0x17,0x17,0xff,0x17,0x17,0x17,0xff,0x17,0x17,0x17,0xff,0x17,0x17,0x17,0xff,
    0x16,0x16,0x09,0xff,0x1e,0x1e,0x93,0xff,0x25,0x25,0xff,0xff,0x22,0x22,0xc6,0xff,
    0x17,0x17,0x1d,0xff,0x17,0x17,0x17,0xff,0x17,0x17,0x12,0xff,0x1a,0x1a,0x46,0xff,
    0x21,0x21,0xbd,0xff,0x24,0x24,0xe9,0xff,0x1d,0x1d,0x7b,0xff,0x17,0x17,0x15,0xff,
    0x17,0x17,0x16,0xff,0x17,0x17,0x17,0xff,0x17,0x17,0x17,0xff,0x17,0x17,0x17,0xff,
    0x17,0x17,0x17,0xff,0x17,0x17,0x17,0xff,0x17,0x17,0x17,0xff,0x17,0x17,0x17,0xff,
    0x17,0x17,0x17,0xff,0x17,0x17,0x17,0xff,0x17,0x17,0x17,0xff,0x17,0x17,0x17,0xff,
    0x17,0x17,0x17,0xff,0x17,0x17,0x17,0xff,0x17,0x17,0x17,0xff,0x17,0x17,0x17,0xff,
    0x17,0x17,0x17,0xff,0x17,0x17,0x17,0xff,0x17,0x17,0x17,0xff,0x17,0x17,0x17,0xff,
    0x17,0x17,0x17,0xff,0x17,0x17,0x17,0xff,0x17,0x17,0x17,0xff,0x17,0x17,0x17,0xff,
    0x17,0x17,0x17,0xff,0x17,0x17,0x17,0xff,0x17,0x17,0x17,0xff,0x17,0x17,0x17,0xff,
    0x17,0x17,0x17,0xff,0x17,0x17,0x17,0xff,0x17,0x17,0x17,0xff,0x17,0x17,0x17,0xff,
    0x17,0x17,0x17,0xff,0x17,0x17,0x17,0xff,0x17,0x17,0x17,0xff,0x17,0x17,0x17,0xff,
    0x17,0x17,0x17,0xff,0x17,0x17,0x17,0xff,0x17,0x17,0x17,0xff,0x17,0x17,0x17,0xff,
    0x17,0x17,0x17,0xff,0x17,0x17,0x17,0xff,0x17,0x17,0x17,0xff,0x17,0x17,0x17,0xff,
    0x17,0x17,0x17,0xff,0x17,0x17,0x17,0xff,0x17,0x17,0x17,0xff,0x17,0x17,0x17,0xff,
    0x17,0x17,0x17,0xff,0x17,0x17,0x17,0xff,0x17,0x17,0x17,0xff,0x17,0x17,0x17,0xff,
    0x17,0x17,0x17,0xff,0x17,0x17,0x17,0xff,0x17,0x17,0x17,0xff,0x17,0x17,0x17,0xff,
    0x17,0x17,0x17,0xff,0x17,0x17,0x17,0xff,0x17,0x17,0x17,0xff,0x17,0x17,0x17,0xff,
    0x17,0x17,0x17,0xff,0x17,0x17,0x17,0xff,0x17,0x17,0x17,0xff,0x17,0x17,0x17,0xff,
    0x17,0x17,0x17,0xff,0x17,0x17,0x17,0xff,0x17,0x17,0x17,0xff,0x17,0x17,0x17,0xff,
    0x17,0x17,0x17,0xff,0x17,0x17,0x17,0xff,0x16,0x16,0x16,0xff,0x22,0x22,0x22,0xff,
    0x00,0x00,0x00,0x00,0x00,0x00,0x00,0x00,0x00,0x00,0x00,0x00,0x00,0x00,0x00,0x00,
    0x00,0x00,0x00,0x00,0x00,0x00,0x00,0x00,0x00,0x00,0x00,0x00,0x00,0x00,0x00,0x00,
    0x27,0x27,0x27,0xff,0x28,0x28,0x28,0xff,0x25,0x25,0x25,0xff,0x17,0x17,0x17,0xff,
    0x17,0x17,0x17,0xff,0x17,0x17,0x17,0xff,0x17,0x17,0x17,0xff,0x17,0x17,0x17,0xff,
    0x17,0x17,0x17,0xff,0x17,0x17,0x17,0xff,0x17,0x17,0x17,0xff,0x17,0x17,0x17,0xff,
    0x17,0x17,0x17,0xff,0x17,0x17,0x17,0xff,0x17,0x17,0x17,0xff,0x17,0x17,0x17,0xff,
    0x17,0x17,0x17,0xff,0x17,0x17,0x17,0xff,0x17,0x17,0x17,0xff,0x17,0x17,0x17,0xff,
    0x17,0x17,0x17,0xff,0x17,0x17,0x17,0xff,0x17,0x17,0x17,0xff,0x17,0x17,0x17,0xff,
    0x17,0x17,0x17,0xff,0x17,0x17,0x17,0xff,0x17,0x17,0x17,0xff,0x17,0x17,0x17,0xff,
    0x17,0x17,0x17,0xff,0x17,0x17,0x17,0xff,0x17,0x17,0x17,0xff,0x17,0x17,0x17,0xff,
    0x17,0x17,0x17,0xff,0x17,0x17,0x17,0xff,0x17,0x17,0x17,0xff,0x17,0x17,0x17,0xff,
    0x17,0x17,0x17,0xff,0x17,0x17,0x17,0xff,0x17,0x17,0x17,0xff,0x17,0x17,0x17,0xff,
    0x17,0x17,0x17,0xff,0x17,0x17,0x17,0xff,0x17,0x17,0x17,0xff,0x17,0x17,0x17,0xff,
    0x17,0x17,0x17,0xff,0x17,0x17,0x17,0xff,0x17,0x17,0x17,0xff,0x17,0x17,0x17,0xff,
    0x17,0x17,0x17,0xff,0x17,0x17,0x17,0xff,0x17,0x17,0x17,0xff,0x17,0x17,0x17,0xff,
    0x17,0x17,0x17,0xff,0x17,0x17,0x17,0xff,0x17,0x17,0x17,0xff,0x17,0x17,0x17,0xff,
    0x17,0x17,0x17,0xff,0x17,0x17,0x17,0xff,0x17,0x17,0x17,0xff,0x17,0x17,0x17,0xff,
    0x17,0x17,0x17,0xff,0x17,0x17,0x17,0xff,0x17,0x17,0x17,0xff,0x17,0x17,0x17,0xff,
    0x17,0x17,0x17,0xff,0x17,0x17,0x17,0xff,0x17,0x17,0x17,0xff,0x17,0x17,0x17,0xff,
    0x16,0x16,0x08,0xff,0x20,0x20,0xa2,0xff,0x27,0x27,0xff,0xff,0x21,0x21,0xc3,0xff,
    0x16,0x16,0x15,0xff,0x17,0x17,0x17,0xff,0x17,0x17,0x13,0xff,0x19,0x19,0x39,0xff,
    0x21,0x21,0xb4,0xff,0x24,0x24,0xed,0xff,0x1e,0x1e,0x82,0xff,0x17,0x17,0x15,0xff,
    0x17,0x17,0x16,0xff,0x17,0x17,0x17,0xff,0x17,0x17,0x17,0xff,0x17,0x17,0x17,0xff,
    0x17,0x17,0x17,0xff,0x17,0x17,0x17,0xff,0x17,0x17,0x17,0xff,0x17,0x17,0x17,0xff,
    0x17,0x17,0x17,0xff,0x17,0x17,0x17,0xff,0x17,0x17,0x17,0xff,0x17,0x17,0x17,0xff,
    0x17,0x17,0x17,0xff,0x17,0x17,0x17,0xff,0x17,0x17,0x17,0xff,0x17,0x17,0x17,0xff,
    0x17,0x17,0x17,0xff,0x17,0x17,0x17,0xff,0x17,0x17,0x17,0xff,0x17,0x17,0x17,0xff,
    0x17,0x17,0x17,0xff,0x17,0x17,0x17,0xff,0x17,0x17,0x17,0xff,0x17,0x17,0x17,0xff,
    0x17,0x17,0x17,0xff,0x17,0x17,0x17,0xff,0x17,0x17,0x17,0xff,0x17,0x17,0x17,0xff,
    0x17,0x17,0x17,0xff,0x17,0x17,0x17,0xff,0x17,0x17,0x17,0xff,0x17,0x17,0x17,0xff,
    0x17,0x17,0x17,0xff,0x17,0x17,0x17,0xff,0x17,0x17,0x17,0xff,0x17,0x17,0x17,0xff,
    0x17,0x17,0x17,0xff,0x17,0x17,0x17,0xff,0x17,0x17,0x17,0xff,0x17,0x17,0x17,0xff,
    0x17,0x17,0x17,0xff,0x17,0x17,0x17,0xff,0x17,0x17,0x17,0xff,0x17,0x17,0x17,0xff,
    0x17,0x17,0x17,0xff,0x17,0x17,0x17,0xff,0x17,0x17,0x17,0xff,0x17,0x17,0x17,0xff,
    0x17,0x17,0x17,0xff,0x17,0x17,0x17,0xff,0x17,0x17,0x17,0xff,0x17,0x17,0x17,0xff,
    0x17,0x17,0x17,0xff,0x17,0x17,0x17,0xff,0x17,0x17,0x17,0xff,0x17,0x17,0x17,0xff,
    0x17,0x17,0x17,0xff,0x17,0x17,0x17,0xff,0x17,0x17,0x17,0xff,0x17,0x17,0x17,0xff,
    0x17,0x17,0x17,0xff,0x17,0x17,0x17,0xff,0x17,0x17,0x17,0xff,0x17,0x17,0x17,0xff,
    0x17,0x17,0x17,0xff,0x17,0x17,0x17,0xff,0x17,0x17,0x17,0xff,0x17,0x17,0x17,0xff,
    0x17,0x17,0x17,0xff,0x17,0x17,0x17,0xff,0x16,0x16,0x16,0xff,0x22,0x22,0x22,0xff,
    0x00,0x00,0x00,0x00,0x00,0x00,0x00,0x00,0x00,0x00,0x00,0x00,0x00,0x00,0x00,0x00,
    0x00,0x00,0x00,0x00,0x00,0x00,0x00,0x00,0x00,0x00,0x00,0x00,0x00,0x00,0x00,0x00,
    0x27,0x27,0x27,0xff,0x28,0x28,0x28,0xff,0x25,0x25,0x25,0xff,0x17,0x17,0x17,0xff,
    0x17,0x17,0x17,0xff,0x17,0x17,0x17,0xff,0x17,0x17,0x17,0xff,0x17,0x17,0x17,0xff,
    0x17,0x17,0x17,0xff,0x17,0x17,0x17,0xff,0x17,0x17,0x17,0xff,0x17,0x17,0x17,0xff,
    0x17,0x17,0x17,0xff,0x17,0x17,0x17,0xff,0x17,0x17,0x17,0xff,0x17,0x17,0x17,0xff,
    0x17,0x17,0x17,0xff,0x17,0x17,0x17,0xff,0x17,0x17,0x17,0xff,0x17,0x17,0x17,0xff,
    0x17,0x17,0x17,0xff,0x17,0x17,0x17,0xff,0x17,0x17,0x17,0xff,0x17,0x17,0x17,0xff,
    0x17,0x17,0x17,0xff,0x17,0x17,0x17,0xff,0x17,0x17,0x17,0xff,0x17,0x17,0x17,0xff,
    0x17,0x17,0x17,0xff,0x17,0x17,0x17,0xff,0x17,0x17,0x17,0xff,0x17,0x17,0x17,0xff,
    0x17,0x17,0x17,0xff,0x17,0x17,0x17,0xff,0x17,0x17,0x17,0xff,0x17,0x17,0x17,0xff,
    0x17,0x17,0x17,0xff,0x17,0x17,0x17,0xff,0x17,0x17,0x17,0xff,0x17,0x17,0x17,0xff,
    0x17,0x17,0x17,0xff,0x17,0x17,0x17,0xff,0x17,0x17,0x17,0xff,0x17,0x17,0x17,0xff,
    0x17,0x17,0x17,0xff,0x17,0x17,0x17,0xff,0x17,0x17,0x17,0xff,0x17,0x17,0x17,0xff,
    0x17,0x17,0x17,0xff,0x17,0x17,0x17,0xff,0x17,0x17,0x17,0xff,0x17,0x17,0x17,0xff,
    0x17,0x17,0x17,0xff,0x17,0x17,0x17,0xff,0x17,0x17,0x17,0xff,0x17,0x17,0x17,0xff,
    0x17,0x17,0x17,0xff,0x17,0x17,0x17,0xff,0x17,0x17,0x17,0xff,0x17,0x17,0x17,0xff,
    0x17,0x17,0x17,0xff,0x17,0x17,0x17,0xff,0x17,0x17,0x17,0xff,0x17,0x17,0x17,0xff,
    0x17,0x17,0x17,0xff,0x17,0x17,0x17,0xff,0x17,0x17,0x17,0xff,0x17,0x17,0x17,0xff,
    0x16,0x16,0x0f,0xff,0x20,0x20,0xaa,0xff,0x27,0x27,0xff,0xff,0x21,0x21,0xbf,0xff,
    0x16,0x16,0x10,0xff,0x17,0x17,0x17,0xff,0x17,0x17,0x14,0xff,0x18,0x18,0x30,0xff,
    0x20,0x20,0xac,0xff,0x24,0x24,0xf0,0xff,0x1e,0x1e,0x89,0xff,0x17,0x17,0x15,0xff,
    0x17,0x17,0x16,0xff,0x17,0x17,0x17,0xff,0x17,0x17,0x17,0xff,0x17,0x17,0x17,0xff,
    0x17,0x17,0x17,0xff,0x17,0x17,0x17,0xff,0x17,0x17,0x17,0xff,0x17,0x17,0x17,0xff,
    0x17,0x17,0x17,0xff,0x17,0x17,0x17,0xff,0x17,0x17,0x17,0xff,0x17,0x17,0x17,0xff,
    0x17,0x17,0x17,0xff,0x17,0x17,0x17,0xff,0x17,0x17,0x17,0xff,0x17,0x17,0x17,0xff,
    0x17,0x17,0x17,0xff,0x17,0x17,0x17,0xff,0x17,0x17,0x17,0xff,0x17,0x17,0x17,0xff,
    0x17,0x17,0x17,0xff,0x17,0x17,0x17,0xff,0x17,0x17,0x17,0xff,0x17,0x17,0x17,0xff,
    0x17,0x17,0x17,0xff,0x17,0x17,0x17,0xff,0x17,0x17,0x17,0xff,0x17,0x17,0x17,0xff,
    0x17,0x17,0x17,0xff,0x17,0x17,0x17,0xff,0x17,0x17,0x17,0xff,0x17,0x17,0x17,0xff,
    0x17,0x17,0x17,0xff,0x17,0x17,0x17,0xff,0x17,0x17,0x17,0xff,0x17,0x17,0x17,0xff,
    0x17,0x17,0x17,0xff,0x17,0x17,0x17,0xff,0x17,0x17,0x17,0xff,0x17,0x17,0x17,0xff,
    0x17,0x17,0x17,0xff,0x17,0x17,0x17,0xff,0x17,0x17,0x17,0xff,0x17,0x17,0x17,0xff,
    0x17,0x17,0x17,0xff,0x17,0x17,0x17,0xff,0x17,0x17,0x17,0xff,0x17,0x17,0x17,0xff,
    0x17,0x17,0x17,0xff,0x17,0x17,0x17,0xff,0x17,0x17,0x17,0xff,0x17,0x17,0x17,0xff,
    0x17,0x17,0x17,0xff,0x17,0x17,0x17,0xff,0x17,0x17,0x17,0xff,0x17,0x17,0x17,0xff,
    0x17,0x17,0x17,0xff,0x17,0x17,0x17,0xff,0x17,0x17,0x17,0xff,0x17,0x17,0x17,0xff,
    0x17,0x17,0x17,0xff,0x17,0x17,0x17,0xff,0x17,0x17,0x17,0xff,0x17,0x17,0x17,0xff,
    0x17,0x17,0x17,0xff,0x17,0x17,0x17,0xff,0x17,0x17,0x17,0xff,0x17,0x17,0x17,0xff,
    0x17,0x17,0x17,0xff,0x17,0x17,0x17,0xff,0x16,0x16,0x16,0xff,0x22,0x22,0x22,0xff,
    0x00,0x00,0x00,0x00,0x00,0x00,0x00,0x00,0x00,0x00,0x00,0x00,0x00,0x00,0x00,0x00,
    0x00,0x00,0x00,0x00,0x00,0x00,0x00,0x00,0x00,0x00,0x00,0x00,0x00,0x00,0x00,0x00,
    0x27,0x27,0x27,0xff,0x28,0x28,0x28,0xff,0x25,0x25,0x25,0xff,0x17,0x17,0x17,0xff,
    0x17,0x17,0x17,0xff,0x17,0x17,0x17,0xff,0x17,0x17,0x17,0xff,0x17,0x17,0x17,0xff,
    0x17,0x17,0x17,0xff,0x17,0x17,0x17,0xff,0x17,0x17,0x17,0xff,0x17,0x17,0x17,0xff,
    0x17,0x17,0x17,0xff,0x17,0x17,0x17,0xff,0x17,0x17,0x17,0xff,0x17,0x17,0x17,0xff,
    0x17,0x17,0x17,0xff,0x17,0x17,0x17,0xff,0x17,0x17,0x17,0xff,0x17,0x17,0x17,0xff,
    0x17,0x17,0x17,0xff,0x17,0x17,0x17,0xff,0x17,0x17,0x17,0xff,0x17,0x17,0x17,0xff,
    0x17,0x17,0x17,0xff,0x17,0x17,0x17,0xff,0x17,0x17,0x17,0xff,0x17,0x17,0x17,0xff,
    0x17,0x17,0x17,0xff,0x17,0x17,0x17,0xff,0x17,0x17,0x17,0xff,0x17,0x17,0x17,0xff,
    0x17,0x17,0x17,0xff,0x17,0x17,0x17,0xff,0x17,0x17,0x17,0xff,0x17,0x17,0x17,0xff,
    0x17,0x17,0x17,0xff,0x17,0x17,0x17,0xff,0x17,0x17,0x17,0xff,0x17,0x17,0x17,0xff,
    0x17,0x17,0x17,0xff,0x17,0x17,0x17,0xff,0x17,0x17,0x17,0xff,0x17,0x17,0x17,0xff,
    0x17,0x17,0x17,0xff,0x17,0x17,0x17,0xff,0x17,0x17,0x17,0xff,0x17,0x17,0x17,0xff,
    0x17,0x17,0x17,0xff,0x17,0x17,0x17,0xff,0x17,0x17,0x17,0xff,0x17,0x17,0x17,0xff,
    0x17,0x17,0x17,0xff,0x17,0x17,0x17,0xff,0x17,0x17,0x17,0xff,0x17,0x17,0x17,0xff,
    0x17,0x17,0x17,0xff,0x17,0x17,0x17,0xff,0x17,0x17,0x17,0xff,0x17,0x17,0x17,0xff,
    0x17,0x17,0x17,0xff,0x17,0x17,0x17,0xff,0x17,0x17,0x17,0xff,0x17,0x17,0x17,0xff,
    0x17,0x17,0x17,0xff,0x17,0x17,0x17,0xff,0x17,0x17,0x17,0xff,0x17,0x17,0x16,0xff,
    0x16,0x16,0x15,0xff,0x20,0x20,0xae,0xff,0x26,0x26,0xff,0xff,0x21,0x21,0xb6,0xff,
    0x16,0x16,0x0d,0xff,0x17,0x17,0x17,0xff,0x17,0x17,0x14,0xff,0x18,0x18,0x2a,0xff,
    0x20,0x20,0xa8,0xff,0x25,0x25,0xf4,0xff,0x1f,0x1f,0x92,0xff,0x17,0x17,0x15,0xff,
    0x17,0x17,0x16,0xff,0x17,0x17,0x17,0xff,0x17,0x17,0x17,0xff,0x17,0x17,0x17,0xff,
    0x17,0x17,0x17,0xff,0x17,0x17,0x17,0xff,0x17,0x17,0x17,0xff,0x17,0x17,0x17,0xff,
    0x17,0x17,0x17,0xff,0x17,0x17,0x17,0xff,0x17,0x17,0x17,0xff,0x17,0x17,0x17,0xff,
    0x17,0x17,0x17,0xff,0x17,0x17,0x17,0xff,0x17,0x17,0x17,0xff,0x17,0x17,0x17,0xff,
    0x17,0x17,0x17,0xff,0x17,0x17,0x17,0xff,0x17,0x17,0x17,0xff,0x17,0x17,0x17,0xff,
    0x17,0x17,0x17,0xff,0x17,0x17,0x17,0xff,0x17,0x17,0x17,0xff,0x17,0x17,0x17,0xff,
    0x17,0x17,0x17,0xff,0x17,0x17,0x17,0xff,0x17,0x17,0x17,0xff,0x17,0x17,0x17,0xff,
    0x17,0x17,0x17,0xff,0x17,0x17,0x17,0xff,0x17,0x17,0x17,0xff,0x17,0x17,0x17,0xff,
    0x17,0x17,0x17,0xff,0x17,0x17,0x17,0xff,0x17,0x17,0x17,0xff,0x17,0x17,0x17,0xff,
    0x17,0x17,0x17,0xff,0x17,0x17,0x17,0xff,0x17,0x17,0x16,0xff,0x17,0x17,0x13,0xff,
    0x17,0x17,0x10,0xff,0x17,0x17,0x10,0xff,0x17,0x17,0x13,0xff,0x17,0x17,0x16,0xff,
    0x17,0x17,0x17,0xff,0x17,0x17,0x17,0xff,0x17,0x17,0x17,0xff,0x17,0x17,0x17,0xff,
    0x17,0x17,0x17,0xff,0x17,0x17,0x17,0xff,0x17,0x17,0x17,0xff,0x17,0x17,0x17,0xff,
    0x17,0x17,0x17,0xff,0x17,0x17,0x17,0xff,0x17,0x17,0x17,0xff,0x17,0x17,0x17,0xff,
    0x17,0x17,0x17,0xff,0x17,0x17,0x17,0xff,0x17,0x17,0x17,0xff,0x17,0x17,0x17,0xff,
    0x17,0x17,0x17,0xff,0x17,0x17,0x17,0xff,0x17,0x17,0x17,0xff,0x17,0x17,0x17,0xff,
    0x17,0x17,0x17,0xff,0x17,0x17,0x17,0xff,0x17,0x17,0x17,0xff,0x17,0x17,0x17,0xff,
    0x17,0x17,0x17,0xff,0x17,0x17,0x17,0xff,0x16,0x16,0x16,0xff,0x22,0x22,0x22,0xff,
    0x00,0x00,0x00,0x00,0x00,0x00,0x00,0x00,0x00,0x00,0x00,0x00,0x00,0x00,0x00,0x00,
    0x00,0x00,0x00,0x00,0x00,0x00,0x00,0x00,0x00,0x00,0x00,0x00,0x00,0x00,0x00,0x00,
    0x27,0x27,0x27,0xff,0x28,0x28,0x28,0xff,0x25,0x25,0x25,0xff,0x17,0x17,0x17,0xff,
    0x17,0x17,0x17,0xff,0x17,0x17,0x17,0xff,0x17,0x17,0x17,0xff,0x17,0x17,0x17,0xff,
    0x17,0x17,0x17,0xff,0x17,0x17,0x17,0xff,0x17,0x17,0x17,0xff,0x17,0x17,0x17,0xff,
    0x17,0x17,0x17,0xff,0x17,0x17,0x17,0xff,0x17,0x17,0x17,0xff,0x17,0x17,0x17,0xff,
    0x17,0x17,0x17,0xff,0x17,0x17,0x17,0xff,0x17,0x17,0x17,0xff,0x17,0x17,0x17,0xff,
    0x17,0x17,0x17,0xff,0x17,0x17,0x17,0xff,0x17,0x17,0x17,0xff,0x17,0x17,0x17,0xff,
    0x17,0x17,0x17,0xff,0x17,0x17,0x17,0xff,0x17,0x17,0x17,0xff,0x17,0x17,0x17,0xff,
    0x17,0x17,0x17,0xff,0x17,0x17,0x17,0xff,0x17,0x17,0x17,0xff,0x17,0x17,0x17,0xff,
    0x17,0x17,0x17,0xff,0x17,0x17,0x17,0xff,0x17,0x17,0x17,0xff,0x17,0x17,0x17,0xff,
    0x17,0x17,0x17,0xff,0x17,0x17,0x17,0xff,0x17,0x17,0x17,0xff,0x17,0x17,0x17,0xff,
    0x17,0x17,0x17,0xff,0x17,0x17,0x17,0xff,0x17,0x17,0x17,0xff,0x17,0x17,0x17,0xff,
    0x17,0x17,0x17,0xff,0x17,0x17,0x17,0xff,0x17,0x17,0x17,0xff,0x17,0x17,0x17,0xff,
    0x17,0x17,0x17,0xff,0x17,0x17,0x17,0xff,0x17,0x17,0x17,0xff,0x17,0x17,0x17,0xff,
    0x17,0x17,0x17,0xff,0x17,0x17,0x17,0xff,0x17,0x17,0x17,0xff,0x17,0x17,0x17,0xff,
    0x17,0x17,0x17,0xff,0x17,0x17,0x17,0xff,0x17,0x17,0x17,0xff,0x17,0x17,0x17,0xff,
    0x17,0x17,0x17,0xff,0x17,0x17,0x17,0xff,0x17,0x17,0x17,0xff,0x17,0x17,0x17,0xff,
    0x17,0x17,0x17,0xff,0x17,0x17,0x17,0xff,0x17,0x17,0x17,0xff,0x17,0x17,0x16,0xff,
    0x17,0x17,0x1d,0xff,0x20,0x20,0xb2,0xff,0x26,0x26,0xff,0xff,0x21,0x21,0xad,0xff,
    0x16,0x16,0x0e,0xff,0x17,0x17,0x17,0xff,0x17,0x17,0x15,0xff,0x18,0x18,0x26,0xff,
    0x20,0x20,0xa4,0xff,0x25,0x25,0xf8,0xff,0x1f,0x1f,0x9a,0xff,0x17,0x17,0x15,0xff,
    0x17,0x17,0x16,0xff,0x17,0x17,0x17,0xff,0x17,0x17,0x17,0xff,0x17,0x17,0x17,0xff,
    0x17,0x17,0x17,0xff,0x17,0x17,0x17,0xff,0x17,0x17,0x17,0xff,0x17,0x17,0x17,0xff,
    0x17,0x17,0x17,0xff,0x17,0x17,0x17,0xff,0x17,0x17,0x17,0xff,0x17,0x17,0x17,0xff,
    0x17,0x17,0x17,0xff,0x17,0x17,0x17,0xff,0x17,0x17,0x17,0xff,0x17,0x17,0x17,0xff,
    0x17,0x17,0x17,0xff,0x17,0x17,0x17,0xff,0x17,0x17,0x17,0xff,0x17,0x17,0x17,0xff,
    0x17,0x17,0x17,0xff,0x17,0x17,0x17,0xff,0x17,0x17,0x17,0xff,0x17,0x17,0x17,0xff,
    0x17,0x17,0x17,0xff,0x17,0x17,0x17,0xff,0x17,0x17,0x17,0xff,0x17,0x17,0x17,0xff,
    0x17,0x17,0x17,0xff,0x17,0x17,0x17,0xff,0x17,0x17,0x17,0xff,0x17,0x17,0x17,0xff,
    0x17,0x17,0x17,0xff,0x17,0x17,0x17,0xff,0x17,0x17,0x17,0xff,0x17,0x17,0x17,0xff,
    0x17,0x17,0x15,0xff,0x16,0x16,0x0e,0xff,0x17,0x17,0x13,0xff,0x19,0x19,0x3c,0xff,
    0x1b,0x1b,0x57,0xff,0x1b,0x1b,0x57,0xff,0x19,0x19,0x3c,0xff,0x17,0x17,0x0f,0xff,
    0x16,0x16,0x10,0xff,0x17,0x17,0x16,0xff,0x17,0x17,0x17,0xff,0x17,0x17,0x17,0xff,
    0x17,0x17,0x17,0xff,0x17,0x17,0x17,0xff,0x17,0x17,0x17,0xff,0x17,0x17,0x17,0xff,
    0x17,0x17,0x17,0xff,0x17,0x17,0x17,0xff,0x17,0x17,0x17,0xff,0x17,0x17,0x17,0xff,
    0x17,0x17,0x17,0xff,0x17,0x17,0x17,0xff,0x17,0x17,0x17,0xff,0x17,0x17,0x17,0xff,
    0x17,0x17,0x17,0xff,0x17,0x17,0x17,0xff,0x17,0x17,0x17,0xff,0x17,0x17,0x17,0xff,
    0x17,0x17,0x17,0xff,0x17,0x17,0x17,0xff,0x17,0x17,0x17,0xff,0x17,0x17,0x17,0xff,
    0x17,0x17,0x17,0xff,0x17,0x17,0x17,0xff,0x16,0x16,0x16,0xff,0x22,0x22,0x22,0xff,
    0x00,0x00,0x00,0x00,0x00,0x00,0x00,0x00,0x00,0x00,0x00,0x00,0x00,0x00,0x00,0x00,
    0x00,0x00,0x00,0x00,0x00,0x00,0x00,0x00,0x00,0x00,0x00,0x00,0x00,0x00,0x00,0x00,
    0x27,0x27,0x27,0xff,0x28,0x28,0x28,0xff,0x25,0x25,0x25,0xff,0x17,0x17,0x17,0xff,
    0x17,0x17,0x17,0xff,0x17,0x17,0x17,0xff,0x17,0x17,0x17,0xff,0x17,0x17,0x17,0xff,
    0x17,0x17,0x17,0xff,0x17,0x17,0x17,0xff,0x17,0x17,0x17,0xff,0x17,0x17,0x17,0xff,
    0x17,0x17,0x17,0xff,0x17,0x17,0x17,0xff,0x17,0x17,0x17,0xff,0x17,0x17,0x17,0xff,
    0x17,0x17,0x17,0xff,0x17,0x17,0x17,0xff,0x17,0x17,0x17,0xff,0x17,0x17,0x17,0xff,
    0x17,0x17,0x17,0xff,0x17,0x17,0x17,0xff,0x17,0x17,0x17,0xff,0x17,0x17,0x17,0xff,
    0x17,0x17,0x17,0xff,0x17,0x17,0x17,0xff,0x17,0x17,0x17,0xff,0x17,0x17,0x17,0xff,
    0x17,0x17,0x17,0xff,0x17,0x17,0x17,0xff,0x17,0x17,0x17,0xff,0x17,0x17,0x17,0xff,
    0x17,0x17,0x17,0xff,0x17,0x17,0x17,0xff,0x17,0x17,0x17,0xff,0x17,0x17,0x17,0xff,
    0x17,0x17,0x17,0xff,0x17,0x17,0x17,0xff,0x17,0x17,0x17,0xff,0x17,0x17,0x17,0xff,
    0x17,0x17,0x17,0xff,0x17,0x17,0x17,0xff,0x17,0x17,0x17,0xff,0x17,0x17,0x17,0xff,
    0x17,0x17,0x17,0xff,0x17,0x17,0x17,0xff,0x17,0x17,0x17,0xff,0x17,0x17,0x17,0xff,
    0x17,0x17,0x17,0xff,0x17,0x17,0x17,0xff,0x17,0x17,0x17,0xff,0x17,0x17,0x17,0xff,
    0x17,0x17,0x17,0xff,0x17,0x17,0x17,0xff,0x17,0x17,0x17,0xff,0x17,0x17,0x17,0xff,
    0x17,0x17,0x17,0xff,0x17,0x17,0x17,0xff,0x17,0x17,0x17,0xff,0x17,0x17,0x17,0xff,
    0x17,0x17,0x17,0xff,0x17,0x17,0x17,0xff,0x17,0x17,0x17,0xff,0x17,0x17,0x17,0xff,
    0x17,0x17,0x17,0xff,0x17,0x17,0x17,0xff,0x17,0x17,0x17,0xff,0x17,0x17,0x16,0xff,
    0x18,0x18,0x23,0xff,0x21,0x21,0xb6,0xff,0x26,0x26,0xff,0xff,0x20,0x20,0xa5,0xff,
    0x16,0x16,0x0e,0xff,0x17,0x17,0x17,0xff,0x17,0x17,0x15,0xff,0x18,0x18,0x21,0xff,
    0x20,0x20,0x9f,0xff,0x25,0x25,0xfb,0xff,0x1f,0x1f,0xa3,0xff,0x17,0x17,0x15,0xff,
    0x17,0x17,0x16,0xff,0x17,0x17,0x17,0xff,0x17,0x17,0x17,0xff,0x17,0x17,0x17,0xff,
    0x17,0x17,0x17,0xff,0x17,0x17,0x17,0xff,0x17,0x17,0x17,0xff,0x17,0x17,0x17,0xff,
    0x17,0x17,0x17,0xff,0x17,0x17,0x17,0xff,0x17,0x17,0x17,0xff,0x17,0x17,0x17,0xff,
    0x17,0x17,0x17,0xff,0x17,0x17,0x17,0xff,0x17,0x17,0x17,0xff,0x17,0x17,0x17,0xff,
    0x17,0x17,0x17,0xff,0x17,0x17,0x17,0xff,0x17,0x17,0x17,0xff,0x17,0x17,0x17,0xff,
    0x17,0x17,0x17,0xff,0x17,0x17,0x17,0xff,0x17,0x17,0x17,0xff,0x17,0x17,0x17,0xff,
    0x17,0x17,0x17,0xff,0x17,0x17,0x17,0xff,0x17,0x17,0x17,0xff,0x17,0x17,0x17,0xff,
    0x17,0x17,0x17,0xff,0x17,0x17,0x17,0xff,0x17,0x17,0x17,0xff,0x17,0x17,0x17,0xff,
    0x17,0x17,0x17,0xff,0x17,0x17,0x17,0xff,0x17,0x17,0x16,0xff,0x17,0x17,0x0f,0xff,
    0x17,0x17,0x16,0xff,0x1b,0x1b,0x4f,0xff,0x1f,0x1f,0x8c,0xff,0x20,0x20,0xb5,0xff,
    0x22,0x22,0xcb,0xff,0x22,0x22,0xcc,0xff,0x21,0x21,0xb4,0xff,0x1e,0x1e,0x84,0xff,
    0x1a,0x1a,0x3e,0xff,0x17,0x17,0x16,0xff,0x17,0x17,0x13,0xff,0x17,0x17,0x17,0xff,
    0x17,0x17,0x17,0xff,0x17,0x17,0x17,0xff,0x17,0x17,0x17,0xff,0x17,0x17,0x17,0xff,
    0x17,0x17,0x17,0xff,0x17,0x17,0x17,0xff,0x17,0x17,0x17,0xff,0x17,0x17,0x17,0xff,
    0x17,0x17,0x17,0xff,0x17,0x17,0x17,0xff,0x17,0x17,0x17,0xff,0x17,0x17,0x17,0xff,
    0x17,0x17,0x17,0xff,0x17,0x17,0x17,0xff,0x17,0x17,0x17,0xff,0x17,0x17,0x17,0xff,
    0x17,0x17,0x17,0xff,0x17,0x17,0x17,0xff,0x17,0x17,0x17,0xff,0x17,0x17,0x17,0xff,
    0x17,0x17,0x17,0xff,0x17,0x17,0x17,0xff,0x16,0x16,0x16,0xff,0x22,0x22,0x22,0xff,
    0x00,0x00,0x00,0x00,0x00,0x00,0x00,0x00,0x00,0x00,0x00,0x00,0x00,0x00,0x00,0x00,
    0x00,0x00,0x00,0x00,0x00,0x00,0x00,0x00,0x00,0x00,0x00,0x00,0x00,0x00,0x00,0x00,
    0x27,0x27,0x27,0xff,0x28,0x28,0x28,0xff,0x25,0x25,0x25,0xff,0x17,0x17,0x17,0xff,
    0x17,0x17,0x17,0xff,0x17,0x17,0x17,0xff,0x17,0x17,0x17,0xff,0x17,0x17,0x17,0xff,
    0x17,0x17,0x17,0xff,0x17,0x17,0x17,0xff,0x17,0x17,0x17,0xff,0x17,0x17,0x17,0xff,
    0x17,0x17,0x17,0xff,0x17,0x17,0x17,0xff,0x17,0x17,0x17,0xff,0x17,0x17,0x17,0xff,
    0x17,0x17,0x17,0xff,0x17,0x17,0x17,0xff,0x17,0x17,0x17,0xff,0x17,0x17,0x17,0xff,
    0x17,0x17,0x17,0xff,0x17,0x17,0x17,0xff,0x17,0x17,0x17,0xff,0x17,0x17,0x17,0xff,
    0x17,0x17,0x17,0xff,0x17,0x17,0x17,0xff,0x17,0x17,0x17,0xff,0x17,0x17,0x17,0xff,
    0x17,0x17,0x17,0xff,0x17,0x17,0x17,0xff,0x17,0x17,0x17,0xff,0x17,0x17,0x17,0xff,
    0x17,0x17,0x17,0xff,0x17,0x17,0x17,0xff,0x17,0x17,0x17,0xff,0x17,0x17,0x17,0xff,
    0x17,0x17,0x17,0xff,0x17,0x17,0x17,0xff,0x17,0x17,0x17,0xff,0x17,0x17,0x17,0xff,
    0x17,0x17,0x17,0xff,0x17,0x17,0x17,0xff,0x17,0x17,0x17,0xff,0x17,0x17,0x17,0xff,
    0x17,0x17,0x17,0xff,0x17,0x17,0x17,0xff,0x17,0x17,0x17,0xff,0x17,0x17,0x17,0xff,
    0x17,0x17,0x17,0xff,0x17,0x17,0x17,0xff,0x17,0x17,0x17,0xff,0x17,0x17,0x17,0xff,
    0x17,0x17,0x17,0xff,0x17,0x17,0x17,0xff,0x17,0x17,0x17,0xff,0x17,0x17,0x17,0xff,
    0x17,0x17,0x17,0xff,0x17,0x17,0x17,0xff,0x17,0x17,0x17,0xff,0x17,0x17,0x17,0xff,
    0x17,0x17,0x17,0xff,0x17,0x17,0x17,0xff,0x17,0x17,0x17,0xff,0x17,0x17,0x17,0xff,
    0x17,0x17,0x17,0xff,0x17,0x17,0x17,0xff,0x17,0x17,0x17,0xff,0x17,0x17,0x16,0xff,
    0x18,0x18,0x28,0xff,0x21,0x21,0xb9,0xff,0x25,0x25,0xfd,0xff,0x1f,0x1f,0x9d,0xff,
    0x16,0x16,0x0e,0xff,0x17,0x17,0x17,0xff,0x17,0x17,0x15,0xff,0x17,0x17,0x1b,0xff,
    0x1f,0x1f,0x9a,0xff,0x25,0x25,0xff,0xff,0x20,0x20,0xae,0xff,0x17,0x17,0x14,0xff,
    0x17,0x17,0x16,0xff,0x17,0x17,0x17,0xff,0x17,0x17,0x17,0xff,0x17,0x17,0x17,0xff,
    0x17,0x17,0x17,0xff,0x17,0x17,0x17,0xff,0x17,0x17,0x17,0xff,0x17,0x17,0x17,0xff,
    0x17,0x17,0x17,0xff,0x17,0x17,0x17,0xff,0x17,0x17,0x17,0xff,0x17,0x17,0x17,0xff,
    0x17,0x17,0x17,0xff,0x17,0x17,0x17,0xff,0x17,0x17,0x17,0xff,0x17,0x17,0x17,0xff,
    0x17,0x17,0x17,0xff,0x17,0x17,0x17,0xff,0x17,0x17,0x17,0xff,0x17,0x17,0x17,0xff,
    0x17,0x17,0x17,0xff,0x17,0x17,0x17,0xff,0x17,0x17,0x17,0xff,0x17,0x17,0x17,0xff,
    0x17,0x17,0x17,0xff,0x17,0x17,0x17,0xff,0x17,0x17,0x17,0xff,0x17,0x17,0x17,0xff,
    0x17,0x17,0x17,0xff,0x17,0x17,0x17,0xff,0x17,0x17,0x17,0xff,0x17,0x17,0x17,0xff,
    0x17,0x17,0x17,0xff,0x17,0x17,0x14,0xff,0x17,0x17,0x17,0xff,0x19,0x19,0x2f,0xff,
    0x1c,0x1c,0x66,0xff,0x21,0x21,0xbd,0xff,0x26,0x26,0xff,0xff,0x25,0x25,0xfc,0xff,
    0x24,0x24,0xe3,0xff,0x23,0x23,0xe1,0xff,0x25,0x25,0xf7,0xff,0x25,0x25,0xff,0xff,
    0x21,0x21,0xa4,0xff,0x1a,0x1a,0x45,0xff,0x17,0x17,0x1a,0xff,0x17,0x17,0x13,0xff,
    0x17,0x17,0x17,0xff,0x17,0x17,0x17,0xff,0x17,0x17,0x17,0xff,0x17,0x17,0x17,0xff,
    0x17,0x17,0x17,0xff,0x17,0x17,0x17,0xff,0x17,0x17,0x17,0xff,0x17,0x17,0x17,0xff,
    0x17,0x17,0x17,0xff,0x17,0x17,0x17,0xff,0x17,0x17,0x17,0xff,0x17,0x17,0x17,0xff,
    0x17,0x17,0x17,0xff,0x17,0x17,0x17,0xff,0x17,0x17,0x17,0xff,0x17,0x17,0x17,0xff,
    0x17,0x17,0x17,0xff,0x17,0x17,0x17,0xff,0x17,0x17,0x17,0xff,0x17,0x17,0x17,0xff,
    0x17,0x17,0x17,0xff,0x17,0x17,0x17,0xff,0x16,0x16,0x16,0xff,0x22,0x22,0x22,0xff,
    0x00,0x00,0x00,0x00,0x00,0x00,0x00,0x00,0x00,0x00,0x00,0x00,0x00,0x00,0x00,0x00,
    0x00,0x00,0x00,0x00,0x00,0x00,0x00,0x00,0x00,0x00,0x00,0x00,0x00,0x00,0x00,0x00,
    0x27,0x27,0x27,0xff,0x28,0x28,0x28,0xff,0x25,0x25,0x25,0xff,0x17,0x17,0x17,0xff,
    0x17,0x17,0x17,0xff,0x17,0x17,0x17,0xff,0x17,0x17,0x17,0xff,0x17,0x17,0x17,0xff,
    0x17,0x17,0x17,0xff,0x17,0x17,0x17,0xff,0x17,0x17,0x17,0xff,0x17,0x17,0x17,0xff,
    0x17,0x17,0x17,0xff,0x17,0x17,0x17,0xff,0x17,0x17,0x17,0xff,0x17,0x17,0x17,0xff,
    0x17,0x17,0x17,0xff,0x17,0x17,0x17,0xff,0x17,0x17,0x17,0xff,0x17,0x17,0x17,0xff,
    0x17,0x17,0x17,0xff,0x17,0x17,0x17,0xff,0x17,0x17,0x17,0xff,0x17,0x17,0x17,0xff,
    0x17,0x17,0x17,0xff,0x17,0x17,0x17,0xff,0x17,0x17,0x17,0xff,0x17,0x17,0x17,0xff,
    0x17,0x17,0x17,0xff,0x17,0x17,0x17,0xff,0x17,0x17,0x17,0xff,0x17,0x17,0x17,0xff,
    0x17,0x17,0x17,0xff,0x17,0x17,0x17,0xff,0x17,0x17,0x17,0xff,0x17,0x17,0x17,0xff,
    0x17,0x17,0x16,0xff,0x17,0x17,0x16,0xff,0x17,0x17,0x16,0xff,0x17,0x17,0x17,0xff,
    0x17,0x17,0x17,0xff,0x17,0x17,0x17,0xff,0x17,0x17,0x17,0xff,0x17,0x17,0x17,0xff,
    0x17,0x17,0x17,0xff,0x17,0x17,0x17,0xff,0x17,0x17,0x17,0xff,0x17,0x17,0x17,0xff,
    0x17,0x17,0x17,0xff,0x17,0x17,0x17,0xff,0x17,0x17,0x17,0xff,0x17,0x17,0x17,0xff,
    0x17,0x17,0x17,0xff,0x17,0x17,0x17,0xff,0x17,0x17,0x17,0xff,0x17,0x17,0x17,0xff,
    0x17,0x17,0x17,0xff,0x17,0x17,0x17,0xff,0x17,0x17,0x17,0xff,0x17,0x17,0x17,0xff,
    0x17,0x17,0x17,0xff,0x17,0x17,0x17,0xff,0x17,0x17,0x17,0xff,0x17,0x17,0x17,0xff,
    0x17,0x17,0x17,0xff,0x17,0x17,0x17,0xff,0x17,0x17,0x17,0xff,0x17,0x17,0x16,0xff,
    0x18,0x18,0x2e,0xff,0x21,0x21,0xbd,0xff,0x25,0x25,0xf4,0xff,0x1e,0x1e,0x8f,0xff,
    0x17,0x17,0x0f,0xff,0x17,0x17,0x17,0xff,0x17,0x17,0x16,0xff,0x17,0x17,0x15,0xff,
    0x1f,0x1f,0x95,0xff,0x26,0x26,0xff,0xff,0x21,0x21,0xbb,0xff,0x17,0x17,0x14,0xff,
    0x17,0x17,0x16,0xff,0x17,0x17,0x17,0xff,0x17,0x17,0x17,0xff,0x17,0x17,0x17,0xff,
    0x17,0x17,0x17,0xff,0x17,0x17,0x17,0xff,0x17,0x17,0x17,0xff,0x17,0x17,0x17,0xff,
    0x17,0x17,0x17,0xff,0x17,0x17,0x17,0xff,0x17,0x17,0x17,0xff,0x17,0x17,0x17,0xff,
    0x17,0x17,0x17,0xff,0x17,0x17,0x17,0xff,0x17,0x17,0x17,0xff,0x17,0x17,0x17,0xff,
    0x17,0x17,0x17,0xff,0x17,0x17,0x17,0xff,0x17,0x17,0x17,0xff,0x17,0x17,0x17,0xff,
    0x17,0x17,0x17,0xff,0x17,0x17,0x17,0xff,0x17,0x17,0x17,0xff,0x17,0x17,0x17,0xff,
    0x17,0x17,0x17,0xff,0x17,0x17,0x17,0xff,0x17,0x17,0x17,0xff,0x17,0x17,0x17,0xff,
    0x17,0x17,0x17,0xff,0x17,0x17,0x17,0xff,0x17,0x17,0x17,0xff,0x17,0x17,0x17,0xff,
    0x17,0x17,0x15,0xff,0x17,0x17,0x18,0xff,0x19,0x19,0x3c,0xff,0x1f,0x1f,0x97,0xff,
    0x26,0x26,0xfc,0xff,0x25,0x25,0xf9,0xff,0x24,0x24,0xe8,0xff,0x21,0x21,0xa8,0xff,
    0x1d,0x1d,0x6d,0xff,0x1c,0x1c,0x67,0xff,0x1f,0x1f,0x9f,0xff,0x24,0x24,0xee,0xff,
    0x26,0x26,0xff,0xff,0x20,0x20,0xb4,0xff,0x1a,0x1a,0x47,0xff,0x17,0x17,0x14,0xff,
    0x17,0x17,0x16,0xff,0x17,0x17,0x17,0xff,0x17,0x17,0x17,0xff,0x17,0x17,0x17,0xff,
    0x17,0x17,0x17,0xff,0x17,0x17,0x17,0xff,0x17,0x17,0x17,0xff,0x17,0x17,0x17,0xff,
    0x17,0x17,0x17,0xff,0x17,0x17,0x17,0xff,0x17,0x17,0x17,0xff,0x17,0x17,0x17,0xff,
    0x17,0x17,0x17,0xff,0x17,0x17,0x17,0xff,0x17,0x17,0x17,0xff,0x17,0x17,0x17,0xff,
    0x17,0x17,0x17,0xff,0x17,0x17,0x17,0xff,0x17,0x17,0x17,0xff,0x17,0x17,0x17,0xff,
    0x17,0x17,0x17,0xff,0x17,0x17,0x17,0xff,0x16,0x16,0x16,0xff,0x22,0x22,0x22,0xff,
    0x00,0x00,0x00,0x00,0x00,0x00,0x00,0x00,0x00,0x00,0x00,0x00,0x00,0x00,0x00,0x00,
    0x00,0x00,0x00,0x00,0x00,0x00,0x00,0x00,0x00,0x00,0x00,0x00,0x00,0x00,0x00,0x00,
    0x27,0x27,0x27,0xff,0x28,0x28,0x28,0xff,0x25,0x25,0x25,0xff,0x17,0x17,0x17,0xff,
    0x17,0x17,0x17,0xff,0x17,0x17,0x17,0xff,0x17,0x17,0x17,0xff,0x17,0x17,0x17,0xff,
    0x17,0x17,0x17,0xff,0x17,0x17,0x17,0xff,0x17,0x17,0x17,0xff,0x17,0x17,0x17,0xff,
    0x17,0x17,0x17,0xff,0x17,0x17,0x17,0xff,0x17,0x17,0x17,0xff,0x17,0x17,0x17,0xff,
    0x17,0x17,0x17,0xff,0x17,0x17,0x17,0xff,0x17,0x17,0x17,0xff,0x17,0x17,0x17,0xff,
    0x17,0x17,0x17,0xff,0x17,0x17,0x17,0xff,0x17,0x17,0x17,0xff,0x17,0x17,0x17,0xff,
    0x17,0x17,0x17,0xff,0x17,0x17,0x17,0xff,0x17,0x17,0x17,0xff,0x17,0x17,0x17,0xff,
    0x17,0x17,0x17,0xff,0x17,0x17,0x17,0xff,0x17,0x17,0x17,0xff,0x17,0x17,0x17,0xff,
    0x17,0x17,0x17,0xff,0x17,0x17,0x17,0xff,0x17,0x17,0x17,0xff,0x17,0x17,0x17,0xff,
    0x17,0x17,0x17,0xff,0x17,0x17,0x18,0xff,0x17,0x17,0x18,0xff,0x17,0x17,0x17,0xff,
    0x17,0x17,0x17,0xff,0x17,0x17,0x17,0xff,0x17,0x17,0x17,0xff,0x17,0x17,0x17,0xff,
    0x17,0x17,0x17,0xff,0x17,0x17,0x17,0xff,0x17,0x17,0x17,0xff,0x17,0x17,0x17,0xff,
    0x17,0x17,0x17,0xff,0x17,0x17,0x17,0xff,0x17,0x17,0x17,0xff,0x17,0x17,0x17,0xff,
    0x17,0x17,0x17,0xff,0x17,0x17,0x17,0xff,0x17,0x17,0x17,0xff,0x17,0x17,0x17,0xff,
    0x17,0x17,0x17,0xff,0x17,0x17,0x17,0xff,0x17,0x17,0x17,0xff,0x17,0x17,0x17,0xff,
    0x17,0x17,0x17,0xff,0x17,0x17,0x17,0xff,0x17,0x17,0x17,0xff,0x17,0x17,0x17,0xff,
    0x17,0x17,0x17,0xff,0x17,0x17,0x17,0xff,0x17,0x17,0x17,0xff,0x17,0x17,0x15,0xff,
    0x19,0x19,0x36,0xff,0x21,0x21,0xc2,0xff,0x24,0x24,0xe9,0xff,0x1d,0x1d,0x7c,0xff,
    0x17,0x17,0x10,0xff,0x17,0x17,0x17,0xff,0x17,0x17,0x16,0xff,0x17,0x17,0x11,0xff,
    0x1f,0x1f,0x91,0xff,0x26,0x26,0xff,0xff,0x22,0x22,0xc7,0xff,0x17,0x17,0x14,0xff,
    0x17,0x17,0x16,0xff,0x17,0x17,0x17,0xff,0x17,0x17,0x17,0xff,0x17,0x17,0x17,0xff,
    0x17,0x17,0x17,0xff,0x17,0x17,0x17,0xff,0x17,0x17,0x17,0xff,0x17,0x17,0x17,0xff,
    0x17,0x17,0x17,0xff,0x17,0x17,0x17,0xff,0x17,0x17,0x17,0xff,0x17,0x17,0x17,0xff,
    0x17,0x17,0x17,0xff,0x17,0x17,0x17,0xff,0x17,0x17,0x17,0xff,0x17,0x17,0x17,0xff,
    0x17,0x17,0x17,0xff,0x17,0x17,0x17,0xff,0x17,0x17,0x17,0xff,0x17,0x17,0x17,0xff,
    0x17,0x17,0x17,0xff,0x17,0x17,0x17,0xff,0x17,0x17,0x17,0xff,0x17,0x17,0x17,0xff,
    0x17,0x17,0x17,0xff,0x17,0x17,0x17,0xff,0x17,0x17,0x17,0xff,0x17,0x17,0x17,0xff,
    0x17,0x17,0x17,0xff,0x17,0x17,0x17,0xff,0x17,0x17,0x17,0xff,0x17,0x17,0x17,0xff,
    0x17,0x17,0x12,0xff,0x1b,0x1b,0x4e,0xff,0x21,0x21,0xbd,0xff,0x26,0x26,0xff,0xff,
    0x25,0x25,0xf2,0xff,0x22,0x22,0xba,0xff,0x1b,0x1b,0x47,0xff,0x18,0x18,0x1c,0xff,
    0x17,0x17,0x14,0xff,0x17,0x17,0x12,0xff,0x18,0x18,0x24,0xff,0x1d,0x1d,0x78,0xff,
    0x25,0x25,0xf2,0xff,0x26,0x26,0xff,0xff,0x20,0x20,0xa6,0xff,0x19,0x19,0x3d,0xff,
    0x17,0x17,0x11,0xff,0x17,0x17,0x17,0xff,0x17,0x17,0x17,0xff,0x17,0x17,0x17,0xff,
    0x17,0x17,0x17,0xff,0x17,0x17,0x17,0xff,0x17,0x17,0x17,0xff,0x17,0x17,0x17,0xff,
    0x17,0x17,0x17,0xff,0x17,0x17,0x17,0xff,0x17,0x17,0x17,0xff,0x17,0x17,0x17,0xff,
    0x17,0x17,0x17,0xff,0x17,0x17,0x17,0xff,0x17,0x17,0x17,0xff,0x17,0x17,0x17,0xff,
    0x17,0x17,0x17,0xff,0x17,0x17,0x17,0xff,0x17,0x17,0x17,0xff,0x17,0x17,0x17,0xff,
    0x17,0x17,0x17,0xff,0x17,0x17,0x17,0xff,0x16,0x16,0x16,0xff,0x22,0x22,0x22,0xff,
    0x00,0x00,0x00,0x00,0x00,0x00,0x00,0x00,0x00,0x00,0x00,0x00,0x00,0x00,0x00,0x00,
    0x00,0x00,0x00,0x00,0x00,0x00,0x00,0x00,0x00,0x00,0x00,0x00,0x00,0x00,0x00,0x00,
    0x27,0x27,0x27,0xff,0x28,0x28,0x28,0xff,0x25,0x25,0x25,0xff,0x17,0x17,0x17,0xff,
    0x17,0x17,0x17,0xff,0x17,0x17,0x17,0xff,0x17,0x17,0x17,0xff,0x17,0x17,0x17,0xff,
    0x17,0x17,0x17,0xff,0x17,0x17,0x17,0xff,0x17,0x17,0x17,0xff,0x17,0x17,0x17,0xff,
    0x17,0x17,0x17,0xff,0x17,0x17,0x17,0xff,0x17,0x17,0x17,0xff,0x17,0x17,0x17,0xff,
    0x17,0x17,0x17,0xff,0x17,0x17,0x17,0xff,0x17,0x17,0x17,0xff,0x17,0x17,0x17,0xff,
    0x17,0x17,0x17,0xff,0x17,0x17,0x17,0xff,0x17,0x17,0x17,0xff,0x17,0x17,0x17,0xff,
    0x17,0x17,0x17,0xff,0x17,0x17,0x17,0xff,0x17,0x17,0x17,0xff,0x17,0x17,0x17,0xff,
    0x17,0x17,0x17,0xff,0x17,0x17,0x17,0xff,0x17,0x17,0x17,0xff,0x17,0x17,0x17,0xff,
    0x17,0x17,0x14,0xff,0x17,0x17,0x10,0xff,0x16,0x16,0x0f,0xff,0x18,0x18,0x23,0xff,
    0x1a,0x1a,0x3d,0xff,0x1a,0x1a,0x4d,0xff,0x1a,0x1a,0x47,0xff,0x18,0x18,0x2a,0xff,
    0x16,0x16,0x0b,0xff,0x17,0x17,0x13,0xff,0x17,0x17,0x17,0xff,0x17,0x17,0x17,0xff,
    0x17,0x17,0x17,0xff,0x17,0x17,0x17,0xff,0x17,0x17,0x17,0xff,0x17,0x17,0x17,0xff,
    0x17,0x17,0x17,0xff,0x17,0x17,0x17,0xff,0x17,0x17,0x17,0xff,0x17,0x17,0x17,0xff,
    0x17,0x17,0x17,0xff,0x17,0x17,0x17,0xff,0x17,0x17,0x17,0xff,0x17,0x17,0x17,0xff,
    0x17,0x17,0x17,0xff,0x17,0x17,0x17,0xff,0x17,0x17,0x17,0xff,0x17,0x17,0x17,0xff,
    0x17,0x17,0x17,0xff,0x17,0x17,0x17,0xff,0x17,0x17,0x17,0xff,0x17,0x17,0x17,0xff,
    0x17,0x17,0x17,0xff,0x17,0x17,0x17,0xff,0x17,0x17,0x17,0xff,0x17,0x17,0x15,0xff,
    0x1a,0x1a,0x3e,0xff,0x22,0x22,0xc7,0xff,0x23,0x23,0xdf,0xff,0x1c,0x1c,0x6e,0xff,
    0x17,0x17,0x11,0xff,0x17,0x17,0x17,0xff,0x17,0x17,0x17,0xff,0x17,0x17,0x0c,0xff,
    0x1f,0x1f,0x8d,0xff,0x27,0x27,0xff,0xff,0x23,0x23,0xd5,0xff,0x17,0x17,0x16,0xff,
    0x17,0x17,0x16,0xff,0x17,0x17,0x17,0xff,0x17,0x17,0x17,0xff,0x17,0x17,0x17,0xff,
    0x17,0x17,0x17,0xff,0x17,0x17,0x17,0xff,0x17,0x17,0x17,0xff,0x17,0x17,0x17,0xff,
    0x17,0x17,0x17,0xff,0x17,0x17,0x17,0xff,0x17,0x17,0x17,0xff,0x17,0x17,0x17,0xff,
    0x17,0x17,0x17,0xff,0x17,0x17,0x17,0xff,0x17,0x17,0x17,0xff,0x17,0x17,0x17,0xff,
    0x17,0x17,0x17,0xff,0x17,0x17,0x17,0xff,0x17,0x17,0x17,0xff,0x17,0x17,0x17,0xff,
    0x17,0x17,0x17,0xff,0x17,0x17,0x17,0xff,0x17,0x17,0x17,0xff,0x17,0x17,0x17,0xff,
    0x17,0x17,0x17,0xff,0x17,0x17,0x17,0xff,0x17,0x17,0x17,0xff,0x17,0x17,0x17,0xff,
    0x17,0x17,0x17,0xff,0x17,0x17,0x17,0xff,0x17,0x17,0x16,0xff,0x17,0x17,0x0f,0xff,
    0x1c,0x1c,0x66,0xff,0x22,0x22,0xcc,0xff,0x26,0x26,0xff,0xff,0x24,0x24,0xe3,0xff,
    0x1d,0x1d,0x74,0xff,0x18,0x18,0x26,0xff,0x17,0x17,0x19,0xff,0x17,0x17,0x16,0xff,
    0x17,0x17,0x16,0xff,0x17,0x17,0x16,0xff,0x17,0x17,0x15,0xff,0x18,0x18,0x23,0xff,
    0x1c,0x1c,0x75,0xff,0x24,0x24,0xea,0xff,0x26,0x26,0xff,0xff,0x1f,0x1f,0x99,0xff,
    0x17,0x17,0x1c,0xff,0x17,0x17,0x16,0xff,0x17,0x17,0x17,0xff,0x17,0x17,0x17,0xff,
    0x17,0x17,0x17,0xff,0x17,0x17,0x17,0xff,0x17,0x17,0x17,0xff,0x17,0x17,0x17,0xff,
    0x17,0x17,0x17,0xff,0x17,0x17,0x17,0xff,0x17,0x17,0x17,0xff,0x17,0x17,0x17,0xff,
    0x17,0x17,0x17,0xff,0x17,0x17,0x17,0xff,0x17,0x17,0x17,0xff,0x17,0x17,0x17,0xff,
    0x17,0x17,0x17,0xff,0x17,0x17,0x17,0xff,0x17,0x17,0x17,0xff,0x17,0x17,0x17,0xff,
    0x17,0x17,0x17,0xff,0x17,0x17,0x17,0xff,0x16,0x16,0x16,0xff,0x22,0x22,0x22,0xff,
    0x00,0x00,0x00,0x00,0x00,0x00,0x00,0x00,0x00,0x00,0x00,0x00,0x00,0x00,0x00,0x00,
    0x00,0x00,0x00,0x00,0x00,0x00,0x00,0x00,0x00,0x00,0x00,0x00,0x00,0x00,0x00,0x00,
    0x27,0x27,0x27,0xff,0x28,0x28,0x28,0xff,0x25,0x25,0x25,0xff,0x17,0x17,0x17,0xff,
    0x17,0x17,0x17,0xff,0x17,0x17,0x17,0xff,0x17,0x17,0x17,0xff,0x17,0x17,0x17,0xff,
    0x17,0x17,0x17,0xff,0x17,0x17,0x17,0xff,0x17,0x17,0x17,0xff,0x17,0x17,0x17,0xff,
    0x17,0x17,0x17,0xff,0x17,0x17,0x17,0xff,0x17,0x17,0x17,0xff,0x17,0x17,0x17,0xff,
    0x17,0x17,0x17,0xff,0x17,0x17,0x17,0xff,0x17,0x17,0x17,0xff,0x17,0x17,0x17,0xff,
    0x17,0x17,0x17,0xff,0x17,0x17,0x17,0xff,0x17,0x17,0x17,0xff,0x17,0x17,0x17,0xff,
    0x17,0x17,0x17,0xff,0x17,0x17,0x17,0xff,0x17,0x17,0x17,0xff,0x17,0x17,0x17,0xff,
    0x17,0x17,0x17,0xff,0x17,0x17,0x17,0xff,0x17,0x17,0x10,0xff,0x16,0x16,0x0c,0xff,
    0x18,0x18,0x2e,0xff,0x1c,0x1c,0x6c,0xff,0x1f,0x1f,0x9f,0xff,0x22,0x22,0xc7,0xff,
    0x23,0x23,0xd4,0xff,0x23,0x23,0xdb,0xff,0x23,0x23,0xda,0xff,0x22,0x22,0xc7,0xff,
    0x20,0x20,0x99,0xff,0x1a,0x1a,0x4b,0xff,0x16,0x16,0x0f,0xff,0x17,0x17,0x10,0xff,
    0x17,0x17,0x17,0xff,0x17,0x17,0x17,0xff,0x17,0x17,0x17,0xff,0x17,0x17,0x17,0xff,
    0x17,0x17,0x17,0xff,0x17,0x17,0x17,0xff,0x17,0x17,0x17,0xff,0x17,0x17,0x17,0xff,
    0x17,0x17,0x17,0xff,0x17,0x17,0x17,0xff,0x17,0x17,0x17,0xff,0x17,0x17,0x17,0xff,
    0x17,0x17,0x17,0xff,0x17,0x17,0x17,0xff,0x17,0x17,0x17,0xff,0x17,0x17,0x17,0xff,
    0x17,0x17,0x17,0xff,0x17,0x17,0x17,0xff,0x17,0x17,0x17,0xff,0x17,0x17,0x17,0xff,
    0x17,0x17,0x17,0xff,0x17,0x17,0x17,0xff,0x17,0x17,0x17,0xff,0x17,0x17,0x15,0xff,
    0x1a,0x1a,0x47,0xff,0x22,0x22,0xcc,0xff,0x22,0x22,0xd8,0xff,0x1b,0x1b,0x64,0xff,
    0x17,0x17,0x12,0xff,0x17,0x17,0x17,0xff,0x17,0x17,0x17,0xff,0x16,0x16,0x08,0xff,
    0x1e,0x1e,0x85,0xff,0x27,0x27,0xff,0xff,0x23,0x23,0xdb,0xff,0x18,0x18,0x20,0xff,
    0x17,0x17,0x17,0xff,0x17,0x17,0x17,0xff,0x17,0x17,0x17,0xff,0x17,0x17,0x17,0xff,
    0x17,0x17,0x17,0xff,0x17,0x17,0x17,0xff,0x17,0x17,0x17,0xff,0x17,0x17,0x17,0xff,
    0x17,0x17,0x17,0xff,0x17,0x17,0x17,0xff,0x17,0x17,0x17,0xff,0x17,0x17,0x17,0xff,
    0x17,0x17,0x17,0xff,0x17,0x17,0x17,0xff,0x17,0x17,0x17,0xff,0x17,0x17,0x17,0xff,
    0x17,0x17,0x17,0xff,0x17,0x17,0x17,0xff,0x17,0x17,0x17,0xff,0x17,0x17,0x17,0xff,
    0x17,0x17,0x17,0xff,0x17,0x17,0x17,0xff,0x17,0x17,0x17,0xff,0x17,0x17,0x17,0xff,
    0x17,0x17,0x17,0xff,0x17,0x17,0x17,0xff,0x17,0x17,0x17,0xff,0x17,0x17,0x17,0xff,
    0x17,0x17,0x18,0xff,0x17,0x17,0x12,0xff,0x17,0x17,0x14,0xff,0x1d,0x1d,0x6c,0xff,
    0x22,0x22,0xd0,0xff,0x26,0x26,0xff,0xff,0x22,0x22,0xcb,0xff,0x1b,0x1b,0x5b,0xff,
    0x18,0x18,0x23,0xff,0x17,0x17,0x12,0xff,0x17,0x17,0x15,0xff,0x17,0x17,0x17,0xff,
    0x17,0x17,0x17,0xff,0x17,0x17,0x17,0xff,0x17,0x17,0x16,0xff,0x17,0x17,0x15,0xff,
    0x18,0x18,0x23,0xff,0x1e,0x1e,0x93,0xff,0x24,0x24,0xef,0xff,0x25,0x25,0xed,0xff,
    0x1f,0x1f,0x84,0xff,0x16,0x16,0x09,0xff,0x17,0x17,0x17,0xff,0x17,0x17,0x17,0xff,
    0x17,0x17,0x17,0xff,0x17,0x17,0x17,0xff,0x17,0x17,0x17,0xff,0x17,0x17,0x17,0xff,
    0x17,0x17,0x17,0xff,0x17,0x17,0x17,0xff,0x17,0x17,0x17,0xff,0x17,0x17,0x17,0xff,
    0x17,0x17,0x17,0xff,0x17,0x17,0x17,0xff,0x17,0x17,0x17,0xff,0x17,0x17,0x17,0xff,
    0x17,0x17,0x17,0xff,0x17,0x17,0x17,0xff,0x17,0x17,0x17,0xff,0x17,0x17,0x17,0xff,
    0x17,0x17,0x17,0xff,0x17,0x17,0x17,0xff,0x16,0x16,0x16,0xff,0x22,0x22,0x22,0xff,
    0x00,0x00,0x00,0x00,0x00,0x00,0x00,0x00,0x00,0x00,0x00,0x00,0x00,0x00,0x00,0x00,
    0x00,0x00,0x00,0x00,0x00,0x00,0x00,0x00,0x00,0x00,0x00,0x00,0x00,0x00,0x00,0x00,
    0x27,0x27,0x27,0xff,0x28,0x28,0x28,0xff,0x25,0x25,0x25,0xff,0x17,0x17,0x17,0xff,
    0x17,0x17,0x17,0xff,0x17,0x17,0x17,0xff,0x17,0x17,0x17,0xff,0x17,0x17,0x17,0xff,
    0x17,0x17,0x17,0xff,0x17,0x17,0x17,0xff,0x17,0x17,0x17,0xff,0x17,0x17,0x17,0xff,
    0x17,0x17,0x17,0xff,0x17,0x17,0x17,0xff,0x17,0x17,0x17,0xff,0x17,0x17,0x17,0xff,
    0x17,0x17,0x17,0xff,0x17,0x17,0x17,0xff,0x17,0x17,0x17,0xff,0x17,0x17,0x17,0xff,
    0x17,0x17,0x17,0xff,0x17,0x17,0x17,0xff,0x17,0x17,0x17,0xff,0x17,0x17,0x17,0xff,
    0x17,0x17,0x17,0xff,0x17,0x17,0x17,0xff,0x17,0x17,0x17,0xff,0x17,0x17,0x16,0xff,
    0x17,0x17,0x11,0xff,0x16,0x16,0x0b,0xff,0x19,0x19,0x3a,0xff,0x1e,0x1e,0x7b,0xff,
    0x20,0x20,0xb2,0xff,0x23,0x23,0xdb,0xff,0x25,0x25,0xfc,0xff,0x26,0x26,0xff,0xff,
    0x25,0x25,0xe9,0xff,0x23,0x23,0xcf,0xff,0x23,0x23,0xdb,0xff,0x25,0x25,0xfa,0xff,
    0x25,0x25,0xfb,0xff,0x21,0x21,0xc0,0xff,0x1e,0x1e,0x7d,0xff,0x19,0x19,0x2a,0xff,
    0x16,0x16,0x10,0xff,0x17,0x17,0x15,0xff,0x17,0x17,0x17,0xff,0x17,0x17,0x17,0xff,
    0x17,0x17,0x17,0xff,0x17,0x17,0x17,0xff,0x17,0x17,0x17,0xff,0x17,0x17,0x17,0xff,
    0x17,0x17,0x17,0xff,0x17,0x17,0x17,0xff,0x17,0x17,0x17,0xff,0x17,0x17,0x17,0xff,
    0x17,0x17,0x17,0xff,0x17,0x17,0x17,0xff,0x17,0x17,0x17,0xff,0x17,0x17,0x17,0xff,
    0x17,0x17,0x17,0xff,0x17,0x17,0x17,0xff,0x17,0x17,0x17,0xff,0x17,0x17,0x17,0xff,
    0x17,0x17,0x17,0xff,0x17,0x17,0x17,0xff,0x17,0x17,0x17,0xff,0x17,0x17,0x14,0xff,
    0x1a,0x1a,0x4f,0xff,0x23,0x23,0xd0,0xff,0x22,0x22,0xd4,0xff,0x1b,0x1b,0x5d,0xff,
    0x17,0x17,0x12,0xff,0x17,0x17,0x17,0xff,0x17,0x17,0x17,0xff,0x16,0x16,0x07,0xff,
    0x1d,0x1d,0x7f,0xff,0x26,0x26,0xff,0xff,0x23,0x23,0xdd,0xff,0x18,0x18,0x29,0xff,
    0x17,0x17,0x18,0xff,0x17,0x17,0x16,0xff,0x17,0x17,0x17,0xff,0x17,0x17,0x17,0xff,
    0x17,0x17,0x17,0xff,0x17,0x17,0x17,0xff,0x17,0x17,0x17,0xff,0x17,0x17,0x17,0xff,
    0x17,0x17,0x17,0xff,0x17,0x17,0x17,0xff,0x17,0x17,0x17,0xff,0x17,0x17,0x17,0xff,
    0x17,0x17,0x17,0xff,0x17,0x17,0x17,0xff,0x17,0x17,0x17,0xff,0x17,0x17,0x17,0xff,
    0x17,0x17,0x17,0xff,0x17,0x17,0x17,0xff,0x17,0x17,0x17,0xff,0x17,0x17,0x17,0xff,
    0x17,0x17,0x17,0xff,0x17,0x17,0x17,0xff,0x17,0x17,0x17,0xff,0x17,0x17,0x17,0xff,
    0x17,0x17,0x17,0xff,0x17,0x17,0x17,0xff,0x17,0x17,0x17,0xff,0x17,0x17,0x18,0xff,
    0x17,0x17,0x0f,0xff,0x18,0x18,0x1d,0xff,0x1c,0x1c,0x67,0xff,0x23,0x23,0xd2,0xff,
    0x26,0x26,0xff,0xff,0x22,0x22,0xca,0xff,0x1b,0x1b,0x5d,0xff,0x17,0x17,0x16,0xff,
    0x17,0x17,0x11,0xff,0x17,0x17,0x17,0xff,0x17,0x17,0x17,0xff,0x17,0x17,0x17,0xff,
    0x17,0x17,0x17,0xff,0x17,0x17,0x17,0xff,0x17,0x17,0x17,0xff,0x17,0x17,0x17,0xff,
    0x17,0x17,0x11,0xff,0x18,0x18,0x30,0xff,0x21,0x21,0xb3,0xff,0x26,0x26,0xff,0xff,
    0x22,0x22,0xca,0xff,0x18,0x18,0x39,0xff,0x17,0x17,0x18,0xff,0x17,0x17,0x17,0xff,
    0x17,0x17,0x17,0xff,0x17,0x17,0x17,0xff,0x17,0x17,0x17,0xff,0x17,0x17,0x17,0xff,
    0x17,0x17,0x17,0xff,0x17,0x17,0x17,0xff,0x17,0x17,0x17,0xff,0x17,0x17,0x17,0xff,
    0x17,0x17,0x17,0xff,0x17,0x17,0x17,0xff,0x17,0x17,0x17,0xff,0x17,0x17,0x17,0xff,
    0x17,0x17,0x17,0xff,0x17,0x17,0x17,0xff,0x17,0x17,0x17,0xff,0x17,0x17,0x17,0xff,
    0x17,0x17,0x17,0xff,0x17,0x17,0x17,0xff,0x16,0x16,0x16,0xff,0x22,0x22,0x22,0xff,
    0x00,0x00,0x00,0x00,0x00,0x00,0x00,0x00,0x00,0x00,0x00,0x00,0x00,0x00,0x00,0x00,
    0x00,0x00,0x00,0x00,0x00,0x00,0x00,0x00,0x00,0x00,0x00,0x00,0x00,0x00,0x00,0x00,
    0x27,0x27,0x27,0xff,0x28,0x28,0x28,0xff,0x25,0x25,0x25,0xff,0x17,0x17,0x17,0xff,
    0x17,0x17,0x17,0xff,0x17,0x17,0x17,0xff,0x17,0x17,0x17,0xff,0x17,0x17,0x17,0xff,
    0x17,0x17,0x17,0xff,0x17,0x17,0x17,0xff,0x17,0x17,0x17,0xff,0x17,0x17,0x17,0xff,
    0x17,0x17,0x17,0xff,0x17,0x17,0x17,0xff,0x17,0x17,0x17,0xff,0x17,0x17,0x17,0xff,
    0x17,0x17,0x17,0xff,0x17,0x17,0x17,0xff,0x17,0x17,0x17,0xff,0x17,0x17,0x17,0xff,
    0x17,0x17,0x17,0xff,0x17,0x17,0x17,0xff,0x17,0x17,0x17,0xff,0x17,0x17,0x17,0xff,
    0x17,0x17,0x17,0xff,0x17,0x17,0x16,0xff,0x17,0x17,0x11,0xff,0x17,0x17,0x14,0xff,
    0x19,0x19,0x33,0xff,0x1c,0x1c,0x61,0xff,0x20,0x20,0xa4,0xff,0x25,0x25,0xf2,0xff,
    0x26,0x26,0xff,0xff,0x24,0x24,0xe2,0xff,0x21,0x21,0xbf,0xff,0x1f,0x1f,0x9a,0xff,
    0x1e,0x1e,0x77,0xff,0x1c,0x1c,0x5c,0xff,0x1c,0x1c,0x66,0xff,0x1e,0x1e,0x93,0xff,
    0x22,0x22,0xce,0xff,0x26,0x26,0xff,0xff,0x25,0x25,0xed,0xff,0x1f,0x1f,0x94,0xff,
    0x1a,0x1a,0x3e,0xff,0x17,0x17,0x15,0xff,0x17,0x17,0x15,0xff,0x17,0x17,0x17,0xff,
    0x17,0x17,0x17,0xff,0x17,0x17,0x17,0xff,0x17,0x17,0x17,0xff,0x17,0x17,0x17,0xff,
    0x17,0x17,0x17,0xff,0x17,0x17,0x17,0xff,0x17,0x17,0x17,0xff,0x17,0x17,0x17,0xff,
    0x17,0x17,0x17,0xff,0x17,0x17,0x17,0xff,0x17,0x17,0x17,0xff,0x17,0x17,0x17,0xff,
    0x17,0x17,0x17,0xff,0x17,0x17,0x17,0xff,0x17,0x17,0x17,0xff,0x17,0x17,0x17,0xff,
    0x17,0x17,0x17,0xff,0x17,0x17,0x17,0xff,0x17,0x17,0x17,0xff,0x17,0x17,0x14,0xff,
    0x1a,0x1a,0x55,0xff,0x23,0x23,0xd4,0xff,0x22,0x22,0xd0,0xff,0x1b,0x1b,0x57,0xff,
    0x17,0x17,0x12,0xff,0x17,0x17,0x17,0xff,0x17,0x17,0x17,0xff,0x16,0x16,0x08,0xff,
    0x1d,0x1d,0x7b,0xff,0x26,0x26,0xff,0xff,0x23,0x23,0xdf,0xff,0x18,0x18,0x2f,0xff,
    0x17,0x17,0x18,0xff,0x17,0x17,0x16,0xff,0x17,0x17,0x17,0xff,0x17,0x17,0x17,0xff,
    0x17,0x17,0x17,0xff,0x17,0x17,0x17,0xff,0x17,0x17,0x17,0xff,0x17,0x17,0x17,0xff,
    0x17,0x17,0x17,0xff,0x17,0x17,0x17,0xff,0x17,0x17,0x17,0xff,0x17,0x17,0x17,0xff,
    0x17,0x17,0x17,0xff,0x17,0x17,0x17,0xff,0x17,0x17,0x17,0xff,0x17,0x17,0x17,0xff,
    0x17,0x17,0x17,0xff,0x17,0x17,0x17,0xff,0x17,0x17,0x17,0xff,0x17,0x17,0x17,0xff,
    0x17,0x17,0x17,0xff,0x17,0x17,0x17,0xff,0x17,0x17,0x17,0xff,0x17,0x17,0x17,0xff,
    0x17,0x17,0x17,0xff,0x17,0x17,0x17,0xff,0x17,0x17,0x17,0xff,0x16,0x16,0x10,0xff,
    0x18,0x18,0x1f,0xff,0x1b,0x1b,0x65,0xff,0x22,0x22,0xd2,0xff,0x26,0x26,0xff,0xff,
    0x23,0x23,0xd2,0xff,0x1b,0x1b,0x5a,0xff,0x17,0x17,0x18,0xff,0x17,0x17,0x12,0xff,
    0x17,0x17,0x17,0xff,0x17,0x17,0x17,0xff,0x17,0x17,0x17,0xff,0x17,0x17,0x17,0xff,
    0x17,0x17,0x17,0xff,0x17,0x17,0x17,0xff,0x17,0x17,0x17,0xff,0x17,0x17,0x17,0xff,
    0x17,0x17,0x17,0xff,0x16,0x16,0x06,0xff,0x1b,0x1b,0x63,0xff,0x23,0x23,0xd8,0xff,
    0x24,0x24,0xf4,0xff,0x1e,0x1e,0x98,0xff,0x17,0x17,0x15,0xff,0x17,0x17,0x14,0xff,
    0x17,0x17,0x17,0xff,0x17,0x17,0x17,0xff,0x17,0x17,0x17,0xff,0x17,0x17,0x17,0xff,
    0x17,0x17,0x17,0xff,0x17,0x17,0x17,0xff,0x17,0x17,0x17,0xff,0x17,0x17,0x17,0xff,
    0x17,0x17,0x17,0xff,0x17,0x17,0x17,0xff,0x17,0x17,0x17,0xff,0x17,0x17,0x17,0xff,
    0x17,0x17,0x17,0xff,0x17,0x17,0x17,0xff,0x17,0x17,0x17,0xff,0x17,0x17,0x17,0xff,
    0x17,0x17,0x17,0xff,0x17,0x17,0x17,0xff,0x16,0x16,0x16,0xff,0x22,0x22,0x22,0xff,
    0x00,0x00,0x00,0x00,0x00,0x00,0x00,0x00,0x00,0x00,0x00,0x00,0x00,0x00,0x00,0x00,
    0x00,0x00,0x00,0x00,0x00,0x00,0x00,0x00,0x00,0x00,0x00,0x00,0x00,0x00,0x00,0x00,
    0x27,0x27,0x27,0xff,0x28,0x28,0x28,0xff,0x25,0x25,0x25,0xff,0x17,0x17,0x17,0xff,
    0x17,0x17,0x17,0xff,0x17,0x17,0x17,0xff,0x17,0x17,0x17,0xff,0x17,0x17,0x17,0xff,
    0x17,0x17,0x17,0xff,0x17,0x17,0x17,0xff,0x17,0x17,0x17,0xff,0x17,0x17,0x17,0xff,
    0x17,0x17,0x17,0xff,0x17,0x17,0x17,0xff,0x17,0x17,0x17,0xff,0x17,0x17,0x17,0xff,
    0x17,0x17,0x17,0xff,0x17,0x17,0x17,0xff,0x17,0x17,0x17,0xff,0x17,0x17,0x17,0xff,
    0x17,0x17,0x17,0xff,0x17,0x17,0x17,0xff,0x17,0x17,0x17,0xff,0x17,0x17,0x17,0xff,
    0x17,0x17,0x15,0xff,0x17,0x17,0x16,0xff,0x18,0x18,0x20,0xff,0x1a,0x1a,0x44,0xff,
    0x1f,0x1f,0x96,0xff,0x25,0x25,0xf7,0xff,0x25,0x25,0xff,0xff,0x24,0x24,0xeb,0xff,
    0x22,0x22,0xba,0xff,0x1d,0x1d,0x75,0xff,0x18,0x18,0x36,0xff,0x16,0x16,0x0a,0xff,
    0x16,0x16,0x0b,0xff,0x16,0x16,0x0f,0xff,0x16,0x16,0x0a,0xff,0x17,0x17,0x14,0xff,
    0x1a,0x1a,0x4e,0xff,0x21,0x21,0xba,0xff,0x24,0x24,0xee,0xff,0x26,0x26,0xff,0xff,
    0x21,0x21,0xaf,0xff,0x1a,0x1a,0x42,0xff,0x17,0x17,0x16,0xff,0x17,0x17,0x16,0xff,
    0x17,0x17,0x17,0xff,0x17,0x17,0x17,0xff,0x17,0x17,0x17,0xff,0x17,0x17,0x17,0xff,
    0x17,0x17,0x17,0xff,0x17,0x17,0x17,0xff,0x17,0x17,0x17,0xff,0x17,0x17,0x17,0xff,
    0x17,0x17,0x17,0xff,0x17,0x17,0x17,0xff,0x17,0x17,0x17,0xff,0x17,0x17,0x17,0xff,
    0x17,0x17,0x17,0xff,0x17,0x17,0x17,0xff,0x17,0x17,0x17,0xff,0x17,0x17,0x17,0xff,
    0x17,0x17,0x17,0xff,0x17,0x17,0x17,0xff,0x17,0x17,0x17,0xff,0x17,0x17,0x14,0xff,
    0x1b,0x1b,0x5c,0xff,0x23,0x23,0xd8,0xff,0x22,0x22,0xcb,0xff,0x1b,0x1b,0x4f,0xff,
    0x17,0x17,0x13,0xff,0x17,0x17,0x17,0xff,0x17,0x17,0x17,0xff,0x16,0x16,0x09,0xff,
    0x1d,0x1d,0x75,0xff,0x26,0x26,0xf8,0xff,0x23,0x23,0xe0,0xff,0x19,0x19,0x37,0xff,
    0x17,0x17,0x18,0xff,0x17,0x17,0x16,0xff,0x17,0x17,0x17,0xff,0x17,0x17,0x17,0xff,
    0x17,0x17,0x17,0xff,0x17,0x17,0x17,0xff,0x17,0x17,0x17,0xff,0x17,0x17,0x17,0xff,
    0x17,0x17,0x17,0xff,0x17,0x17,0x17,0xff,0x17,0x17,0x17,0xff,0x17,0x17,0x17,0xff,
    0x17,0x17,0x17,0xff,0x17,0x17,0x17,0xff,0x17,0x17,0x17,0xff,0x17,0x17,0x17,0xff,
    0x17,0x17,0x17,0xff,0x17,0x17,0x17,0xff,0x17,0x17,0x17,0xff,0x17,0x17,0x17,0xff,
    0x17,0x17,0x17,0xff,0x17,0x17,0x17,0xff,0x17,0x17,0x17,0xff,0x17,0x17,0x17,0xff,
    0x17,0x17,0x17,0xff,0x17,0x17,0x17,0xff,0x17,0x17,0x14,0xff,0x17,0x17,0x19,0xff,
    0x1c,0x1c,0x65,0xff,0x22,0x22,0xd3,0xff,0x25,0x25,0xff,0xff,0x23,0x23,0xdd,0xff,
    0x1b,0x1b,0x52,0xff,0x17,0x17,0x19,0xff,0x17,0x17,0x12,0xff,0x17,0x17,0x17,0xff,
    0x17,0x17,0x17,0xff,0x17,0x17,0x17,0xff,0x17,0x17,0x17,0xff,0x17,0x17,0x17,0xff,
    0x17,0x17,0x17,0xff,0x17,0x17,0x17,0xff,0x17,0x17,0x17,0xff,0x17,0x17,0x17,0xff,
    0x17,0x17,0x17,0xff,0x17,0x17,0x15,0xff,0x16,0x16,0x19,0xff,0x1d,0x1d,0x85,0xff,
    0x26,0x26,0xff,0xff,0x24,0x24,0xe8,0xff,0x18,0x18,0x2f,0xff,0x17,0x17,0x16,0xff,
    0x17,0x17,0x16,0xff,0x17,0x17,0x17,0xff,0x17,0x17,0x17,0xff,0x17,0x17,0x17,0xff,
    0x17,0x17,0x17,0xff,0x17,0x17,0x17,0xff,0x17,0x17,0x17,0xff,0x17,0x17,0x17,0xff,
    0x17,0x17,0x17,0xff,0x17,0x17,0x17,0xff,0x17,0x17,0x17,0xff,0x17,0x17,0x17,0xff,
    0x17,0x17,0x17,0xff,0x17,0x17,0x17,0xff,0x17,0x17,0x17,0xff,0x17,0x17,0x17,0xff,
    0x17,0x17,0x17,0xff,0x17,0x17,0x17,0xff,0x16,0x16,0x16,0xff,0x22,0x22,0x22,0xff,
    0x00,0x00,0x00,0x00,0x00,0x00,0x00,0x00,0x00,0x00,0x00,0x00,0x00,0x00,0x00,0x00,
    0x00,0x00,0x00,0x00,0x00,0x00,0x00,0x00,0x00,0x00,0x00,0x00,0x00,0x00,0x00,0x00,
    0x27,0x27,0x27,0xff,0x28,0x28,0x28,0xff,0x25,0x25,0x25,0xff,0x17,0x17,0x17,0xff,
    0x17,0x17,0x17,0xff,0x17,0x17,0x17,0xff,0x17,0x17,0x17,0xff,0x17,0x17,0x17,0xff,
    0x17,0x17,0x17,0xff,0x17,0x17,0x17,0xff,0x17,0x17,0x17,0xff,0x17,0x17,0x17,0xff,
    0x17,0x17,0x17,0xff,0x17,0x17,0x17,0xff,0x17,0x17,0x17,0xff,0x17,0x17,0x17,0xff,
    0x17,0x17,0x17,0xff,0x17,0x17,0x17,0xff,0x17,0x17,0x17,0xff,0x17,0x17,0x17,0xff,
    0x17,0x17,0x17,0xff,0x17,0x17,0x17,0xff,0x17,0x17,0x17,0xff,0x17,0x17,0x16,0xff,
    0x17,0x17,0x18,0xff,0x19,0x19,0x2d,0xff,0x1e,0x1e,0x75,0xff,0x23,0x23,0xd7,0xff,
    0x25,0x25,0xfe,0xff,0x25,0x25,0xf5,0xff,0x21,0x21,0xca,0xff,0x1c,0x1c,0x6e,0xff,
    0x18,0x18,0x24,0xff,0x17,0x17,0x0f,0xff,0x17,0x17,0x15,0xff,0x17,0x17,0x17,0xff,
    0x17,0x17,0x17,0xff,0x17,0x17,0x17,0xff,0x17,0x17,0x17,0xff,0x17,0x17,0x17,0xff,
    0x17,0x17,0x13,0xff,0x17,0x17,0x18,0xff,0x1e,0x1e,0x99,0xff,0x24,0x24,0xe6,0xff,
    0x26,0x26,0xff,0xff,0x22,0x22,0xc2,0xff,0x1a,0x1a,0x38,0xff,0x17,0x17,0x15,0xff,
    0x17,0x17,0x17,0xff,0x17,0x17,0x17,0xff,0x17,0x17,0x17,0xff,0x17,0x17,0x17,0xff,
    0x17,0x17,0x17,0xff,0x17,0x17,0x17,0xff,0x17,0x17,0x17,0xff,0x17,0x17,0x17,0xff,
    0x17,0x17,0x17,0xff,0x17,0x17,0x17,0xff,0x17,0x17,0x17,0xff,0x17,0x17,0x17,0xff,
    0x17,0x17,0x17,0xff,0x17,0x17,0x17,0xff,0x17,0x17,0x17,0xff,0x17,0x17,0x17,0xff,
    0x17,0x17,0x17,0xff,0x17,0x17,0x17,0xff,0x17,0x17,0x17,0xff,0x17,0x17,0x13,0xff,
    0x1c,0x1c,0x67,0xff,0x23,0x23,0xde,0xff,0x22,0x22,0xc6,0xff,0x1a,0x1a,0x48,0xff,
    0x17,0x17,0x13,0xff,0x17,0x17,0x17,0xff,0x17,0x17,0x17,0xff,0x16,0x16,0x09,0xff,
    0x1c,0x1c,0x70,0xff,0x24,0x24,0xf0,0xff,0x24,0x24,0xe2,0xff,0x19,0x19,0x3f,0xff,
    0x17,0x17,0x19,0xff,0x17,0x17,0x16,0xff,0x17,0x17,0x17,0xff,0x17,0x17,0x17,0xff,
    0x17,0x17,0x17,0xff,0x17,0x17,0x17,0xff,0x17,0x17,0x17,0xff,0x17,0x17,0x17,0xff,
    0x17,0x17,0x17,0xff,0x17,0x17,0x17,0xff,0x17,0x17,0x17,0xff,0x17,0x17,0x17,0xff,
    0x17,0x17,0x17,0xff,0x17,0x17,0x17,0xff,0x17,0x17,0x17,0xff,0x17,0x17,0x17,0xff,
    0x17,0x17,0x17,0xff,0x17,0x17,0x17,0xff,0x17,0x17,0x17,0xff,0x17,0x17,0x17,0xff,
    0x17,0x17,0x17,0xff,0x17,0x17,0x17,0xff,0x17,0x17,0x17,0xff,0x17,0x17,0x17,0xff,
    0x17,0x17,0x17,0xff,0x17,0x17,0x17,0xff,0x17,0x17,0x13,0xff,0x1b,0x1b,0x64,0xff,
    0x22,0x22,0xcf,0xff,0x26,0x26,0xff,0xff,0x23,0x23,0xe2,0xff,0x1a,0x1a,0x4c,0xff,
    0x17,0x17,0x1a,0xff,0x17,0x17,0x15,0xff,0x17,0x17,0x17,0xff,0x17,0x17,0x17,0xff,
    0x17,0x17,0x17,0xff,0x17,0x17,0x17,0xff,0x17,0x17,0x17,0xff,0x17,0x17,0x17,0xff,
    0x17,0x17,0x17,0xff,0x17,0x17,0x17,0xff,0x17,0x17,0x17,0xff,0x17,0x17,0x17,0xff,
    0x17,0x17,0x17,0xff,0x17,0x17,0x17,0xff,0x16,0x16,0x0c,0xff,0x1b,0x1b,0x53,0xff,
    0x22,0x22,0xcd,0xff,0x25,0x25,0xf6,0xff,0x1f,0x1f,0x96,0xff,0x18,0x18,0x27,0xff,
    0x17,0x17,0x13,0xff,0x17,0x17,0x17,0xff,0x17,0x17,0x17,0xff,0x17,0x17,0x17,0xff,
    0x17,0x17,0x17,0xff,0x17,0x17,0x17,0xff,0x17,0x17,0x17,0xff,0x17,0x17,0x17,0xff,
    0x17,0x17,0x17,0xff,0x17,0x17,0x17,0xff,0x17,0x17,0x17,0xff,0x17,0x17,0x17,0xff,
    0x17,0x17,0x17,0xff,0x17,0x17,0x17,0xff,0x17,0x17,0x17,0xff,0x17,0x17,0x17,0xff,
    0x17,0x17,0x17,0xff,0x17,0x17,0x17,0xff,0x16,0x16,0x16,0xff,0x22,0x22,0x22,0xff,
    0x00,0x00,0x00,0x00,0x00,0x00,0x00,0x00,0x00,0x00,0x00,0x00,0x00,0x00,0x00,0x00,
    0x00,0x00,0x00,0x00,0x00,0x00,0x00,0x00,0x00,0x00,0x00,0x00,0x00,0x00,0x00,0x00,
    0x27,0x27,0x27,0xff,0x28,0x28,0x28,0xff,0x25,0x25,0x25,0xff,0x17,0x17,0x17,0xff,
    0x17,0x17,0x17,0xff,0x17,0x17,0x17,0xff,0x17,0x17,0x17,0xff,0x17,0x17,0x17,0xff,
    0x17,0x17,0x17,0xff,0x17,0x17,0x17,0xff,0x17,0x17,0x17,0xff,0x17,0x17,0x17,0xff,
    0x17,0x17,0x17,0xff,0x17,0x17,0x17,0xff,0x17,0x17,0x17,0xff,0x17,0x17,0x17,0xff,
    0x17,0x17,0x17,0xff,0x17,0x17,0x17,0xff,0x17,0x17,0x17,0xff,0x17,0x17,0x17,0xff,
    0x17,0x17,0x17,0xff,0x17,0x17,0x17,0xff,0x17,0x17,0x16,0xff,0x17,0x17,0x0c,0xff,
    0x1c,0x1c,0x5f,0xff,0x21,0x21,0xc6,0xff,0x26,0x26,0xfd,0xff,0x25,0x25,0xf8,0xff,
    0x24,0x24,0xda,0xff,0x1d,0x1d,0x6d,0xff,0x19,0x19,0x2a,0xff,0x17,0x17,0x18,0xff,
    0x17,0x17,0x17,0xff,0x17,0x17,0x16,0xff,0x17,0x17,0x17,0xff,0x17,0x17,0x17,0xff,
    0x17,0x17,0x17,0xff,0x17,0x17,0x17,0xff,0x17,0x17,0x17,0xff,0x17,0x17,0x17,0xff,
    0x17,0x17,0x17,0xff,0x17,0x17,0x17,0xff,0x17,0x17,0x18,0xff,0x1e,0x1e,0x7d,0xff,
    0x23,0x23,0xde,0xff,0x26,0x26,0xff,0xff,0x22,0x22,0xc7,0xff,0x18,0x18,0x1e,0xff,
    0x17,0x17,0x17,0xff,0x17,0x17,0x17,0xff,0x17,0x17,0x17,0xff,0x17,0x17,0x17,0xff,
    0x17,0x17,0x17,0xff,0x17,0x17,0x17,0xff,0x17,0x17,0x17,0xff,0x17,0x17,0x17,0xff,
    0x17,0x17,0x17,0xff,0x17,0x17,0x17,0xff,0x17,0x17,0x17,0xff,0x17,0x17,0x17,0xff,
    0x17,0x17,0x17,0xff,0x17,0x17,0x17,0xff,0x17,0x17,0x17,0xff,0x17,0x17,0x17,0xff,
    0x17,0x17,0x17,0xff,0x17,0x17,0x17,0xff,0x17,0x17,0x17,0xff,0x17,0x17,0x13,0xff,
    0x1d,0x1d,0x76,0xff,0x24,0x24,0xe6,0xff,0x21,0x21,0xbf,0xff,0x19,0x19,0x3f,0xff,
    0x17,0x17,0x14,0xff,0x17,0x17,0x17,0xff,0x17,0x17,0x17,0xff,0x16,0x16,0x0a,0xff,
    0x1c,0x1c,0x6c,0xff,0x23,0x23,0xeb,0xff,0x24,0x24,0xe4,0xff,0x1a,0x1a,0x43,0xff,
    0x17,0x17,0x1a,0xff,0x17,0x17,0x16,0xff,0x17,0x17,0x17,0xff,0x17,0x17,0x17,0xff,
    0x17,0x17,0x17,0xff,0x17,0x17,0x17,0xff,0x17,0x17,0x17,0xff,0x17,0x17,0x17,0xff,
    0x17,0x17,0x17,0xff,0x17,0x17,0x17,0xff,0x17,0x17,0x17,0xff,0x17,0x17,0x17,0xff,
    0x17,0x17,0x17,0xff,0x17,0x17,0x17,0xff,0x17,0x17,0x17,0xff,0x17,0x17,0x17,0xff,
    0x17,0x17,0x17,0xff,0x17,0x17,0x17,0xff,0x17,0x17,0x17,0xff,0x17,0x17,0x17,0xff,
    0x17,0x17,0x17,0xff,0x17,0x17,0x17,0xff,0x17,0x17,0x17,0xff,0x17,0x17,0x17,0xff,
    0x17,0x17,0x17,0xff,0x17,0x17,0x11,0xff,0x1b,0x1b,0x5f,0xff,0x22,0x22,0xcc,0xff,
    0x26,0x26,0xff,0xff,0x23,0x23,0xd5,0xff,0x1a,0x1a,0x43,0xff,0x17,0x17,0x1a,0xff,
    0x17,0x17,0x16,0xff,0x17,0x17,0x17,0xff,0x17,0x17,0x17,0xff,0x17,0x17,0x17,0xff,
    0x17,0x17,0x17,0xff,0x17,0x17,0x17,0xff,0x17,0x17,0x17,0xff,0x17,0x17,0x17,0xff,
    0x17,0x17,0x17,0xff,0x17,0x17,0x17,0xff,0x17,0x17,0x17,0xff,0x17,0x17,0x17,0xff,
    0x17,0x17,0x17,0xff,0x17,0x17,0x17,0xff,0x17,0x17,0x15,0xff,0x17,0x17,0x15,0xff,
    0x1b,0x1b,0x65,0xff,0x26,0x26,0xff,0xff,0x25,0x25,0xf7,0xff,0x1a,0x1a,0x3f,0xff,
    0x17,0x17,0x12,0xff,0x17,0x17,0x16,0xff,0x17,0x17,0x17,0xff,0x17,0x17,0x17,0xff,
    0x17,0x17,0x17,0xff,0x17,0x17,0x17,0xff,0x17,0x17,0x17,0xff,0x17,0x17,0x17,0xff,
    0x17,0x17,0x17,0xff,0x17,0x17,0x17,0xff,0x17,0x17,0x17,0xff,0x17,0x17,0x17,0xff,
    0x17,0x17,0x17,0xff,0x17,0x17,0x17,0xff,0x17,0x17,0x17,0xff,0x17,0x17,0x17,0xff,
    0x17,0x17,0x17,0xff,0x17,0x17,0x17,0xff,0x16,0x16,0x16,0xff,0x22,0x22,0x22,0xff,
    0x00,0x00,0x00,0x00,0x00,0x00,0x00,0x00,0x00,0x00,0x00,0x00,0x00,0x00,0x00,0x00,
    0x00,0x00,0x00,0x00,0x00,0x00,0x00,0x00,0x00,0x00,0x00,0x00,0x00,0x00,0x00,0x00,
    0x27,0x27,0x20,0xff,0x28,0x28,0x20,0xff,0x25,0x25,0x1c,0xff,0x17,0x17,0x0f,0xff,
    0x17,0x17,0x0f,0xff,0x17,0x17,0x0f,0xff,0x17,0x17,0x0f,0xff,0x17,0x17,0x0f,0xff,
    0x17,0x17,0x0f,0xff,0x17,0x17,0x0f,0xff,0x17,0x17,0x0f,0xff,0x17,0x17,0x0f,0xff,
    0x17,0x17,0x0f,0xff,0x17,0x17,0x0f,0xff,0x17,0x17,0x0f,0xff,0x17,0x17,0x0f,0xff,
    0x17,0x17,0x0f,0xff,0x17,0x17,0x0f,0xff,0x17,0x17,0x0f,0xff,0x17,0x17,0x0f,0xff,
    0x17,0x17,0x0f,0xff,0x16,0x16,0x0f,0xff,0x18,0x18,0x22,0xff,0x1e,0x1e,0x8d,0xff,
    0x23,0x23,0xd7,0xff,0x26,0x26,0xff,0xff,0x24,0x24,0xea,0xff,0x1d,0x1d,0x89,0xff,
    0x19,0x19,0x35,0xff,0x18,0x18,0x22,0xff,0x17,0x17,0x15,0xff,0x17,0x17,0x14,0xff,
    0x17,0x17,0x17,0xff,0x17,0x17,0x17,0xff,0x17,0x17,0x17,0xff,0x17,0x17,0x17,0xff,
    0x17,0x17,0x17,0xff,0x17,0x17,0x17,0xff,0x17,0x17,0x17,0xff,0x17,0x17,0x17,0xff,
    0x17,0x17,0x17,0xff,0x17,0x17,0x17,0xff,0x17,0x17,0x13,0xff,0x17,0x17,0x1c,0xff,
    0x1e,0x1e,0x81,0xff,0x24,0x24,0xea,0xff,0x25,0x25,0xf8,0xff,0x1f,0x1f,0xa7,0xff,
    0x17,0x17,0x13,0xff,0x16,0x16,0x0b,0xff,0x17,0x17,0x0f,0xff,0x17,0x17,0x0f,0xff,
    0x17,0x17,0x0f,0xff,0x17,0x17,0x0f,0xff,0x17,0x17,0x0f,0xff,0x17,0x17,0x0f,0xff,
    0x17,0x17,0x0f,0xff,0x17,0x17,0x0f,0xff,0x17,0x17,0x0f,0xff,0x17,0x17,0x0f,0xff,
    0x17,0x17,0x0f,0xff,0x17,0x17,0x0f,0xff,0x17,0x17,0x0f,0xff,0x17,0x17,0x10,0xff,
    0x17,0x17,0x14,0xff,0x17,0x17,0x17,0xff,0x17,0x17,0x17,0xff,0x17,0x17,0x12,0xff,
    0x1e,0x1e,0x89,0xff,0x24,0x24,0xef,0xff,0x21,0x21,0xb5,0xff,0x18,0x18,0x32,0xff,
    0x17,0x17,0x15,0xff,0x17,0x17,0x17,0xff,0x17,0x17,0x17,0xff,0x16,0x16,0x0b,0xff,
    0x1c,0x1c,0x64,0xff,0x23,0x23,0xe0,0xff,0x24,0x24,0xe5,0xff,0x1a,0x1a,0x4b,0xff,
    0x17,0x17,0x1b,0xff,0x17,0x17,0x15,0xff,0x17,0x17,0x17,0xff,0x17,0x17,0x15,0xff,
    0x17,0x17,0x11,0xff,0x17,0x17,0x10,0xff,0x17,0x17,0x0f,0xff,0x17,0x17,0x0f,0xff,
    0x17,0x17,0x0f,0xff,0x17,0x17,0x0f,0xff,0x17,0x17,0x0f,0xff,0x17,0x17,0x0f,0xff,
    0x17,0x17,0x0f,0xff,0x17,0x17,0x0f,0xff,0x17,0x17,0x0f,0xff,0x17,0x17,0x0f,0xff,
    0x17,0x17,0x0f,0xff,0x17,0x17,0x0f,0xff,0x17,0x17,0x0f,0xff,0x17,0x17,0x0f,0xff,
    0x17,0x17,0x0f,0xff,0x17,0x17,0x0f,0xff,0x17,0x17,0x0f,0xff,0x17,0x17,0x0e,0xff,
    0x17,0x17,0x11,0xff,0x1a,0x1a,0x3f,0xff,0x21,0x21,0xc7,0xff,0x26,0x26,0xff,0xff,
    0x22,0x22,0xcb,0xff,0x1a,0x1a,0x50,0xff,0x17,0x17,0x17,0xff,0x17,0x17,0x16,0xff,
    0x17,0x17,0x17,0xff,0x17,0x17,0x17,0xff,0x17,0x17,0x17,0xff,0x17,0x17,0x17,0xff,
    0x17,0x17,0x17,0xff,0x17,0x17,0x17,0xff,0x17,0x17,0x17,0xff,0x17,0x17,0x17,0xff,
    0x17,0x17,0x17,0xff,0x17,0x17,0x17,0xff,0x17,0x17,0x17,0xff,0x17,0x17,0x17,0xff,
    0x17,0x17,0x17,0xff,0x17,0x17,0x17,0xff,0x17,0x17,0x17,0xff,0x17,0x17,0x0e,0xff,
    0x19,0x19,0x40,0xff,0x22,0x22,0xcd,0xff,0x25,0x25,0xfc,0xff,0x1e,0x1e,0x91,0xff,
    0x18,0x18,0x2a,0xff,0x17,0x17,0x09,0xff,0x17,0x17,0x0f,0xff,0x17,0x17,0x0f,0xff,
    0x17,0x17,0x0f,0xff,0x17,0x17,0x0f,0xff,0x17,0x17,0x0f,0xff,0x17,0x17,0x0f,0xff,
    0x17,0x17,0x0f,0xff,0x17,0x17,0x0f,0xff,0x17,0x17,0x0f,0xff,0x17,0x17,0x0f,0xff,
    0x17,0x17,0x0f,0xff,0x17,0x17,0x0f,0xff,0x17,0x17,0x0f,0xff,0x17,0x17,0x0f,0xff,
    0x17,0x17,0x0f,0xff,0x17,0x17,0x0f,0xff,0x15,0x15,0x0e,0xff,0x22,0x22,0x19,0xff,
    0x00,0x00,0x00,0x00,0x00,0x00,0x00,0x00,0x00,0x00,0x00,0x00,0x00,0x00,0x00,0x00,
    0x00,0x00,0x00,0x00,0x00,0x00,0x00,0x00,0x00,0x00,0x00,0x00,0x00,0x00,0x00,0x00,
    0x26,0x26,0x63,0xff,0x27,0x27,0x6b,0xff,0x25,0x25,0x74,0xff,0x1b,0x1b,0x57,0xff,
    0x1b,0x1b,0x55,0xff,0x1b,0x1b,0x56,0xff,0x1b,0x1b,0x56,0xff,0x1b,0x1b,0x56,0xff,
    0x1b,0x1b,0x56,0xff,0x1b,0x1b,0x56,0xff,0x1b,0x1b,0x56,0xff,0x1b,0x1b,0x56,0xff,
    0x1b,0x1b,0x56,0xff,0x1b,0x1b,0x56,0xff,0x1b,0x1b,0x56,0xff,0x1b,0x1b,0x56,0xff,
    0x1b,0x1b,0x56,0xff,0x1b,0x1b,0x56,0xff,0x1b,0x1b,0x57,0xff,0x1b,0x1b,0x56,0xff,
    0x1b,0x1b,0x54,0xff,0x1c,0x1c,0x67,0xff,0x21,0x21,0xb3,0xff,0x24,0x24,0xed,0xff,
    0x25,0x25,0xfb,0xff,0x22,0x22,0xbd,0xff,0x1c,0x1c,0x67,0xff,0x18,0x18,0x2c,0xff,
    0x16,0x16,0x0d,0xff,0x17,0x17,0x13,0xff,0x17,0x17,0x17,0xff,0x17,0x17,0x17,0xff,
    0x17,0x17,0x17,0xff,0x17,0x17,0x17,0xff,0x17,0x17,0x17,0xff,0x17,0x17,0x17,0xff,
    0x17,0x17,0x17,0xff,0x17,0x17,0x17,0xff,0x17,0x17,0x17,0xff,0x17,0x17,0x17,0xff,
    0x17,0x17,0x17,0xff,0x17,0x17,0x17,0xff,0x17,0x17,0x17,0xff,0x16,0x16,0x0e,0xff,
    0x18,0x18,0x25,0xff,0x1e,0x1e,0x89,0xff,0x25,0x25,0xfb,0xff,0x24,0x24,0xee,0xff,
    0x1e,0x1e,0x85,0xff,0x1c,0x1c,0x5b,0xff,0x1b,0x1b,0x54,0xff,0x1b,0x1b,0x57,0xff,
    0x1b,0x1b,0x56,0xff,0x1b,0x1b,0x56,0xff,0x1b,0x1b,0x56,0xff,0x1b,0x1b,0x56,0xff,
    0x1b,0x1b,0x56,0xff,0x1b,0x1b,0x56,0xff,0x1b,0x1b,0x56,0xff,0x1b,0x1b,0x56,0xff,
    0x1b,0x1b,0x56,0xff,0x1b,0x1b,0x56,0xff,0x1a,0x1a,0x54,0xff,0x1a,0x1a,0x4b,0xff,
    0x18,0x18,0x2e,0xff,0x17,0x17,0x10,0xff,0x17,0x17,0x17,0xff,0x17,0x17,0x11,0xff,
    0x1f,0x1f,0x9a,0xff,0x25,0x25,0xf8,0xff,0x20,0x20,0xac,0xff,0x17,0x17,0x25,0xff,
    0x17,0x17,0x16,0xff,0x17,0x17,0x17,0xff,0x17,0x17,0x17,0xff,0x16,0x16,0x0c,0xff,
    0x1b,0x1b,0x5a,0xff,0x22,0x22,0xd1,0xff,0x24,0x24,0xe8,0xff,0x1b,0x1b,0x54,0xff,
    0x17,0x17,0x1c,0xff,0x17,0x17,0x15,0xff,0x17,0x17,0x13,0xff,0x17,0x17,0x21,0xff,
    0x19,0x19,0x41,0xff,0x1a,0x1a,0x54,0xff,0x1b,0x1b,0x57,0xff,0x1b,0x1b,0x56,0xff,
    0x1b,0x1b,0x55,0xff,0x1b,0x1b,0x55,0xff,0x1b,0x1b,0x55,0xff,0x1b,0x1b,0x55,0xff,
    0x1b,0x1b,0x56,0xff,0x1b,0x1b,0x56,0xff,0x1b,0x1b,0x56,0xff,0x1b,0x1b,0x56,0xff,
    0x1b,0x1b,0x56,0xff,0x1b,0x1b,0x56,0xff,0x1b,0x1b,0x56,0xff,0x1b,0x1b,0x56,0xff,
    0x1b,0x1b,0x56,0xff,0x1b,0x1b,0x55,0xff,0x1b,0x1b,0x55,0xff,0x1b,0x1b,0x54,0xff,
    0x1b,0x1b,0x60,0xff,0x22,0x22,0xbd,0xff,0x26,0x26,0xff,0xff,0x22,0x22,0xd3,0xff,
    0x1b,0x1b,0x63,0xff,0x17,0x17,0x15,0xff,0x17,0x17,0x14,0xff,0x17,0x17,0x17,0xff,
    0x17,0x17,0x17,0xff,0x17,0x17,0x17,0xff,0x17,0x17,0x17,0xff,0x17,0x17,0x17,0xff,
    0x17,0x17,0x17,0xff,0x17,0x17,0x17,0xff,0x17,0x17,0x17,0xff,0x17,0x17,0x17,0xff,
    0x17,0x17,0x17,0xff,0x17,0x17,0x17,0xff,0x17,0x17,0x17,0xff,0x17,0x17,0x17,0xff,
    0x17,0x17,0x17,0xff,0x17,0x17,0x17,0xff,0x17,0x17,0x17,0xff,0x17,0x17,0x13,0xff,
    0x18,0x18,0x25,0xff,0x1c,0x1c,0x72,0xff,0x25,0x25,0xfc,0xff,0x24,0x24,0xe9,0xff,
    0x1d,0x1d,0x7d,0xff,0x1b,0x1b,0x4e,0xff,0x1b,0x1b,0x56,0xff,0x1b,0x1b,0x56,0xff,
    0x1b,0x1b,0x56,0xff,0x1b,0x1b,0x56,0xff,0x1b,0x1b,0x56,0xff,0x1b,0x1b,0x56,0xff,
    0x1b,0x1b,0x56,0xff,0x1b,0x1b,0x56,0xff,0x1b,0x1b,0x56,0xff,0x1b,0x1b,0x56,0xff,
    0x1b,0x1b,0x56,0xff,0x1b,0x1b,0x56,0xff,0x1b,0x1b,0x56,0xff,0x1b,0x1b,0x56,0xff,
    0x1b,0x1b,0x57,0xff,0x1b,0x1b,0x57,0xff,0x1b,0x1b,0x56,0xff,0x23,0x23,0x6e,0xff,
    0x00,0x00,0x00,0x00,0x00,0x00,0x00,0x00,0x00,0x00,0x00,0x00,0x00,0x00,0x00,0x00,
    0x00,0x00,0x00,0x00,0x00,0x00,0x00,0x00,0x00,0x00,0x00,0x00,0x00,0x00,0x00,0x00,
    0x25,0x25,0xce,0xff,0x25,0x25,0xd5,0xff,0x25,0x25,0xdd,0xff,0x22,0x22,0xca,0xff,
    0x22,0x22,0xc9,0xff,0x22,0x22,0xc9,0xff,0x22,0x22,0xc9,0xff,0x22,0x22,0xc9,0xff,
    0x22,0x22,0xc9,0xff,0x22,0x22,0xc9,0xff,0x22,0x22,0xc9,0xff,0x22,0x22,0xc9,0xff,
    0x22,0x22,0xc9,0xff,0x22,0x22,0xc9,0xff,0x22,0x22,0xc9,0xff,0x22,0x22,0xc9,0xff,
    0x22,0x22,0xc9,0xff,0x22,0x22,0xca,0xff,0x22,0x22,0xca,0xff,0x22,0x22,0xca,0xff,
    0x22,0x22,0xc8,0xff,0x23,0x23,0xd8,0xff,0x26,0x26,0xff,0xff,0x24,0x24,0xe5,0xff,
    0x1f,0x1f,0x99,0xff,0x1a,0x1a,0x48,0xff,0x17,0x17,0x17,0xff,0x17,0x17,0x10,0xff,
    0x17,0x17,0x17,0xff,0x17,0x17,0x17,0xff,0x17,0x17,0x17,0xff,0x17,0x17,0x17,0xff,
    0x17,0x17,0x17,0xff,0x17,0x17,0x17,0xff,0x17,0x17,0x17,0xff,0x17,0x17,0x17,0xff,
    0x17,0x17,0x17,0xff,0x17,0x17,0x17,0xff,0x17,0x17,0x17,0xff,0x17,0x17,0x17,0xff,
    0x17,0x17,0x17,0xff,0x17,0x17,0x17,0xff,0x17,0x17,0x17,0xff,0x17,0x17,0x18,0xff,
    0x16,0x16,0x09,0xff,0x19,0x19,0x31,0xff,0x20,0x20,0xa3,0xff,0x26,0x26,0xff,0xff,
    0x25,0x25,0xef,0xff,0x23,0x23,0xcf,0xff,0x22,0x22,0xc8,0xff,0x22,0x22,0xca,0xff,
    0x22,0x22,0xc9,0xff,0x22,0x22,0xc9,0xff,0x22,0x22,0xc9,0xff,0x22,0x22,0xc9,0xff,
    0x22,0x22,0xc9,0xff,0x22,0x22,0xc9,0xff,0x22,0x22,0xc9,0xff,0x22,0x22,0xc9,0xff,
    0x22,0x22,0xc9,0xff,0x22,0x22,0xca,0xff,0x21,0x21,0xc7,0xff,0x22,0x22,0xc0,0xff,
    0x1e,0x1e,0x7d,0xff,0x18,0x18,0x1d,0xff,0x17,0x17,0x16,0xff,0x17,0x17,0x11,0xff,
    0x20,0x20,0xa6,0xff,0x25,0x25,0xff,0xff,0x20,0x20,0xa5,0xff,0x17,0x17,0x1a,0xff,
    0x17,0x17,0x16,0xff,0x17,0x17,0x17,0xff,0x17,0x17,0x17,0xff,0x16,0x16,0x0e,0xff,
    0x1a,0x1a,0x51,0xff,0x21,0x21,0xc5,0xff,0x24,0x24,0xeb,0xff,0x1b,0x1b,0x61,0xff,
    0x17,0x17,0x1c,0xff,0x17,0x17,0x14,0xff,0x17,0x17,0x12,0xff,0x1a,0x1a,0x50,0xff,
    0x21,0x21,0xb6,0xff,0x21,0x21,0xc3,0xff,0x22,0x22,0xc9,0xff,0x22,0x22,0xc9,0xff,
    0x22,0x22,0xc8,0xff,0x22,0x22,0xc8,0xff,0x22,0x22,0xc8,0xff,0x22,0x22,0xc8,0xff,
    0x22,0x22,0xc9,0xff,0x22,0x22,0xc9,0xff,0x22,0x22,0xc9,0xff,0x22,0x22,0xc9,0xff,
    0x22,0x22,0xc9,0xff,0x22,0x22,0xc9,0xff,0x22,0x22,0xc9,0xff,0x22,0x22,0xc9,0xff,
    0x22,0x22,0xc9,0xff,0x22,0x22,0xc9,0xff,0x22,0x22,0xc9,0xff,0x22,0x22,0xc8,0xff,
    0x22,0x22,0xd1,0xff,0x26,0x26,0xff,0xff,0x24,0x24,0xe2,0xff,0x1c,0x1c,0x6d,0xff,
    0x18,0x18,0x1e,0xff,0x17,0x17,0x11,0xff,0x17,0x17,0x17,0xff,0x17,0x17,0x17,0xff,
    0x17,0x17,0x17,0xff,0x17,0x17,0x17,0xff,0x17,0x17,0x17,0xff,0x17,0x17,0x17,0xff,
    0x17,0x17,0x17,0xff,0x17,0x17,0x17,0xff,0x17,0x17,0x17,0xff,0x17,0x17,0x17,0xff,
    0x17,0x17,0x17,0xff,0x17,0x17,0x17,0xff,0x17,0x17,0x17,0xff,0x17,0x17,0x17,0xff,
    0x17,0x17,0x17,0xff,0x17,0x17,0x17,0xff,0x17,0x17,0x17,0xff,0x17,0x17,0x16,0xff,
    0x17,0x17,0x14,0xff,0x19,0x19,0x33,0xff,0x23,0x23,0xde,0xff,0x26,0x26,0xff,0xff,
    0x23,0x23,0xdf,0xff,0x22,0x22,0xc6,0xff,0x22,0x22,0xc9,0xff,0x22,0x22,0xc9,0xff,
    0x22,0x22,0xc9,0xff,0x22,0x22,0xc9,0xff,0x22,0x22,0xc9,0xff,0x22,0x22,0xc9,0xff,
    0x22,0x22,0xc9,0xff,0x22,0x22,0xc9,0xff,0x22,0x22,0xc9,0xff,0x22,0x22,0xc9,0xff,
    0x22,0x22,0xc9,0xff,0x22,0x22,0xc9,0xff,0x22,0x22,0xc9,0xff,0x22,0x22,0xca,0xff,
    0x22,0x22,0xca,0xff,0x22,0x22,0xca,0xff,0x22,0x22,0xca,0xff,0x25,0x25,0xd9,0xff,
    0x00,0x00,0x00,0x00,0x00,0x00,0x00,0x00,0x00,0x00,0x00,0x00,0x00,0x00,0x00,0x00,
    0x00,0x00,0x00,0x00,0x00,0x00,0x00,0x00,0x00,0x00,0x00,0x00,0x00,0x00,0x00,0x00,
    0x25,0x25,0xde,0xff,0x25,0x25,0xe0,0xff,0x25,0x25,0xe2,0xff,0x23,0x23,0xdd,0xff,
    0x23,0x23,0xde,0xff,0x23,0x23,0xde,0xff,0x23,0x23,0xde,0xff,0x23,0x23,0xde,0xff,
    0x23,0x23,0xde,0xff,0x23,0x23,0xde,0xff,0x23,0x23,0xde,0xff,0x23,0x23,0xde,0xff,
    0x23,0x23,0xde,0xff,0x23,0x23,0xdd,0xff,0x23,0x23,0xdd,0xff,0x23,0x23,0xdd,0xff,
    0x23,0x23,0xdd,0xff,0x23,0x23,0xdd,0xff,0x23,0x23,0xdc,0xff,0x23,0x23,0xdc,0xff,
    0x23,0x23,0xdd,0xff,0x23,0x23,0xdb,0xff,0x22,0x22,0xcd,0xff,0x1d,0x1d,0x81,0xff,
    0x18,0x18,0x21,0xff,0x16,0x16,0x09,0xff,0x17,0x17,0x16,0xff,0x17,0x17,0x17,0xff,
    0x17,0x17,0x17,0xff,0x17,0x17,0x17,0xff,0x17,0x17,0x17,0xff,0x17,0x17,0x17,0xff,
    0x17,0x17,0x17,0xff,0x17,0x17,0x17,0xff,0x17,0x17,0x17,0xff,0x17,0x17,0x17,0xff,
    0x17,0x17,0x17,0xff,0x17,0x17,0x17,0xff,0x17,0x17,0x17,0xff,0x17,0x17,0x17,0xff,
    0x17,0x17,0x17,0xff,0x17,0x17,0x17,0xff,0x17,0x17,0x17,0xff,0x17,0x17,0x17,0xff,
    0x17,0x17,0x17,0xff,0x17,0x17,0x0f,0xff,0x19,0x19,0x35,0xff,0x22,0x22,0xc8,0xff,
    0x23,0x23,0xd8,0xff,0x23,0x23,0xdc,0xff,0x23,0x23,0xdc,0xff,0x23,0x23,0xdc,0xff,
    0x23,0x23,0xdd,0xff,0x23,0x23,0xdd,0xff,0x23,0x23,0xde,0xff,0x23,0x23,0xde,0xff,
    0x23,0x23,0xde,0xff,0x23,0x23,0xde,0xff,0x23,0x23,0xde,0xff,0x23,0x23,0xde,0xff,
    0x23,0x23,0xde,0xff,0x23,0x23,0xdd,0xff,0x23,0x23,0xe2,0xff,0x26,0x26,0xff,0xff,
    0x24,0x24,0xda,0xff,0x1c,0x1c,0x5f,0xff,0x17,0x17,0x11,0xff,0x17,0x17,0x11,0xff,
    0x20,0x20,0xae,0xff,0x25,0x25,0xff,0xff,0x20,0x20,0x9f,0xff,0x17,0x17,0x11,0xff,
    0x17,0x17,0x16,0xff,0x17,0x17,0x17,0xff,0x17,0x17,0x17,0xff,0x16,0x16,0x0e,0xff,
    0x1a,0x1a,0x4a,0xff,0x21,0x21,0xbb,0xff,0x24,0x24,0xee,0xff,0x1c,0x1c,0x70,0xff,
    0x17,0x17,0x1e,0xff,0x17,0x17,0x11,0xff,0x18,0x18,0x21,0xff,0x1e,0x1e,0x8c,0xff,
    0x27,0x27,0xff,0xff,0x25,0x25,0xf3,0xff,0x23,0x23,0xe1,0xff,0x24,0x24,0xe0,0xff,
    0x23,0x23,0xe0,0xff,0x23,0x23,0xdf,0xff,0x23,0x23,0xdf,0xff,0x23,0x23,0xdf,0xff,
    0x23,0x23,0xde,0xff,0x23,0x23,0xde,0xff,0x23,0x23,0xde,0xff,0x23,0x23,0xde,0xff,
    0x23,0x23,0xde,0xff,0x23,0x23,0xde,0xff,0x23,0x23,0xde,0xff,0x23,0x23,0xde,0xff,
    0x23,0x23,0xde,0xff,0x23,0x23,0xde,0xff,0x23,0x23,0xde,0xff,0x23,0x23,0xdd,0xff,
    0x23,0x23,0xda,0xff,0x22,0x22,0xd3,0xff,0x1d,0x1d,0x79,0xff,0x18,0x18,0x27,0xff,
    0x17,0x17,0x0f,0xff,0x17,0x17,0x17,0xff,0x17,0x17,0x17,0xff,0x17,0x17,0x17,0xff,
    0x17,0x17,0x17,0xff,0x17,0x17,0x17,0xff,0x17,0x17,0x17,0xff,0x17,0x17,0x17,0xff,
    0x17,0x17,0x17,0xff,0x17,0x17,0x17,0xff,0x17,0x17,0x17,0xff,0x17,0x17,0x17,0xff,
    0x17,0x17,0x17,0xff,0x17,0x17,0x17,0xff,0x17,0x17,0x17,0xff,0x17,0x17,0x17,0xff,
    0x17,0x17,0x17,0xff,0x17,0x17,0x17,0xff,0x17,0x17,0x17,0xff,0x17,0x17,0x17,0xff,
    0x17,0x17,0x13,0xff,0x18,0x18,0x1e,0xff,0x1e,0x1e,0x84,0xff,0x22,0x22,0xc8,0xff,
    0x23,0x23,0xdc,0xff,0x23,0x23,0xdd,0xff,0x23,0x23,0xdd,0xff,0x23,0x23,0xde,0xff,
    0x23,0x23,0xde,0xff,0x23,0x23,0xde,0xff,0x23,0x23,0xde,0xff,0x23,0x23,0xde,0xff,
    0x23,0x23,0xde,0xff,0x23,0x23,0xde,0xff,0x23,0x23,0xde,0xff,0x23,0x23,0xdd,0xff,
    0x23,0x23,0xdd,0xff,0x23,0x23,0xdd,0xff,0x23,0x23,0xdd,0xff,0x23,0x23,0xdd,0xff,
    0x23,0x23,0xdc,0xff,0x23,0x23,0xdc,0xff,0x23,0x23,0xdc,0xff,0x25,0x25,0xe0,0xff,
    0x00,0x00,0x00,0x00,0x00,0x00,0x00,0x00,0x00,0x00,0x00,0x00,0x00,0x00,0x00,0x00,
    0x00,0x00,0x00,0x00,0x00,0x00,0x00,0x00,0x00,0x00,0x00,0x00,0x00,0x00,0x00,0x00,
    0x26,0x26,0x5c,0xff,0x26,0x26,0x64,0xff,0x24,0x24,0x6d,0xff,0x1a,0x1a,0x54,0xff,
    0x1b,0x1b,0x56,0xff,0x1a,0x1a,0x55,0xff,0x1a,0x1a,0x54,0xff,0x1a,0x1a,0x54,0xff,
    0x1a,0x1a,0x54,0xff,0x1a,0x1a,0x55,0xff,0x1a,0x1a,0x55,0xff,0x1a,0x1a,0x55,0xff,
    0x1a,0x1a,0x54,0xff,0x1a,0x1a,0x52,0xff,0x1a,0x1a,0x52,0xff,0x1a,0x1a,0x52,0xff,
    0x1a,0x1a,0x52,0xff,0x1a,0x1a,0x51,0xff,0x1b,0x1b,0x50,0xff,0x1b,0x1b,0x4f,0xff,
    0x1a,0x1a,0x50,0xff,0x1b,0x1b,0x4f,0xff,0x19,0x19,0x3e,0xff,0x17,0x17,0x13,0xff,
    0x17,0x17,0x13,0xff,0x17,0x17,0x17,0xff,0x17,0x17,0x17,0xff,0x17,0x17,0x17,0xff,
    0x17,0x17,0x17,0xff,0x17,0x17,0x17,0xff,0x17,0x17,0x17,0xff,0x17,0x17,0x17,0xff,
    0x17,0x17,0x17,0xff,0x17,0x17,0x17,0xff,0x17,0x17,0x17,0xff,0x17,0x17,0x17,0xff,
    0x17,0x17,0x17,0xff,0x17,0x17,0x17,0xff,0x17,0x17,0x17,0xff,0x17,0x17,0x17,0xff,
    0x17,0x17,0x17,0xff,0x17,0x17,0x17,0xff,0x17,0x17,0x17,0xff,0x17,0x17,0x17,0xff,
    0x17,0x17,0x17,0xff,0x17,0x17,0x16,0xff,0x17,0x17,0x19,0xff,0x17,0x17,0x2b,0xff,
    0x1b,0x1b,0x4f,0xff,0x1a,0x1a,0x50,0xff,0x1b,0x1b,0x4f,0xff,0x1b,0x1b,0x50,0xff,
    0x1a,0x1a,0x52,0xff,0x1a,0x1a,0x53,0xff,0x1a,0x1a,0x54,0xff,0x1a,0x1a,0x54,0xff,
    0x1a,0x1a,0x54,0xff,0x1a,0x1a,0x55,0xff,0x1a,0x1a,0x55,0xff,0x1a,0x1a,0x55,0xff,
    0x1a,0x1a,0x55,0xff,0x1a,0x1a,0x51,0xff,0x1b,0x1b,0x61,0xff,0x21,0x21,0xbe,0xff,
    0x26,0x26,0xff,0xff,0x22,0x22,0xc5,0xff,0x17,0x17,0x16,0xff,0x17,0x17,0x10,0xff,
    0x21,0x21,0xb9,0xff,0x26,0x26,0xff,0xff,0x1f,0x1f,0x99,0xff,0x16,0x16,0x0a,0xff,
    0x17,0x17,0x17,0xff,0x17,0x17,0x17,0xff,0x17,0x17,0x17,0xff,0x16,0x16,0x0f,0xff,
    0x1a,0x1a,0x43,0xff,0x21,0x21,0xb0,0xff,0x24,0x24,0xf3,0xff,0x1d,0x1d,0x83,0xff,
    0x17,0x17,0x1f,0xff,0x16,0x16,0x0c,0xff,0x1a,0x1a,0x47,0xff,0x21,0x21,0xb4,0xff,
    0x25,0x25,0xf5,0xff,0x20,0x20,0xa3,0xff,0x1b,0x1b,0x61,0xff,0x1c,0x1c,0x5a,0xff,
    0x1b,0x1b,0x5b,0xff,0x1b,0x1b,0x5a,0xff,0x1b,0x1b,0x5a,0xff,0x1b,0x1b,0x59,0xff,
    0x1a,0x1a,0x57,0xff,0x1a,0x1a,0x55,0xff,0x1a,0x1a,0x55,0xff,0x1a,0x1a,0x55,0xff,
    0x1a,0x1a,0x55,0xff,0x1a,0x1a,0x55,0xff,0x1a,0x1a,0x54,0xff,0x1a,0x1a,0x54,0xff,
    0x1a,0x1a,0x54,0xff,0x1b,0x1b,0x55,0xff,0x1b,0x1b,0x55,0xff,0x1a,0x1a,0x52,0xff,
    0x1a,0x1a,0x4c,0xff,0x19,0x19,0x42,0xff,0x18,0x18,0x19,0xff,0x17,0x17,0x12,0xff,
    0x17,0x17,0x17,0xff,0x17,0x17,0x17,0xff,0x17,0x17,0x17,0xff,0x17,0x17,0x17,0xff,
    0x17,0x17,0x17,0xff,0x17,0x17,0x17,0xff,0x17,0x17,0x17,0xff,0x17,0x17,0x17,0xff,
    0x17,0x17,0x17,0xff,0x17,0x17,0x17,0xff,0x17,0x17,0x17,0xff,0x17,0x17,0x17,0xff,
    0x17,0x17,0x17,0xff,0x17,0x17,0x17,0xff,0x17,0x17,0x17,0xff,0x17,0x17,0x17,0xff,
    0x17,0x17,0x17,0xff,0x17,0x17,0x17,0xff,0x17,0x17,0x17,0xff,0x17,0x17,0x17,0xff,
    0x17,0x17,0x17,0xff,0x17,0x17,0x16,0xff,0x17,0x17,0x14,0xff,0x1a,0x1a,0x3f,0xff,
    0x1a,0x1a,0x50,0xff,0x1a,0x1a,0x52,0xff,0x1a,0x1a,0x53,0xff,0x1a,0x1a,0x54,0xff,
    0x1a,0x1a,0x54,0xff,0x1a,0x1a,0x54,0xff,0x1a,0x1a,0x55,0xff,0x1a,0x1a,0x55,0xff,
    0x1a,0x1a,0x55,0xff,0x1a,0x1a,0x55,0xff,0x1a,0x1a,0x54,0xff,0x1a,0x1a,0x53,0xff,
    0x1a,0x1a,0x53,0xff,0x1a,0x1a,0x53,0xff,0x1a,0x1a,0x52,0xff,0x1a,0x1a,0x51,0xff,
    0x1b,0x1b,0x50,0xff,0x1b,0x1b,0x50,0xff,0x19,0x19,0x4f,0xff,0x23,0x23,0x66,0xff,
    0x00,0x00,0x00,0x00,0x00,0x00,0x00,0x00,0x00,0x00,0x00,0x00,0x00,0x00,0x00,0x00,
    0x00,0x00,0x00,0x00,0x00,0x00,0x00,0x00,0x00,0x00,0x00,0x00,0x00,0x00,0x00,0x00,
    0x27,0x27,0x28,0xff,0x28,0x28,0x29,0xff,0x25,0x25,0x26,0xff,0x17,0x17,0x18,0xff,
    0x17,0x17,0x18,0xff,0x17,0x17,0x18,0xff,0x17,0x17,0x18,0xff,0x17,0x17,0x18,0xff,
    0x17,0x17,0x18,0xff,0x17,0x17,0x18,0xff,0x17,0x17,0x18,0xff,0x17,0x17,0x18,0xff,
    0x17,0x17,0x18,0xff,0x17,0x17,0x18,0xff,0x17,0x17,0x18,0xff,0x17,0x17,0x18,0xff,
    0x17,0x17,0x18,0xff,0x17,0x17,0x18,0xff,0x17,0x17,0x18,0xff,0x17,0x17,0x18,0xff,
    0x17,0x17,0x18,0xff,0x17,0x17,0x18,0xff,0x17,0x17,0x17,0xff,0x17,0x17,0x17,0xff,
    0x17,0x17,0x17,0xff,0x17,0x17,0x17,0xff,0x17,0x17,0x17,0xff,0x17,0x17,0x17,0xff,
    0x17,0x17,0x17,0xff,0x17,0x17,0x17,0xff,0x17,0x17,0x17,0xff,0x17,0x17,0x17,0xff,
    0x17,0x17,0x17,0xff,0x17,0x17,0x17,0xff,0x17,0x17,0x17,0xff,0x17,0x17,0x17,0xff,
    0x17,0x17,0x17,0xff,0x17,0x17,0x17,0xff,0x17,0x17,0x17,0xff,0x17,0x17,0x17,0xff,
    0x17,0x17,0x17,0xff,0x17,0x17,0x17,0xff,0x17,0x17,0x17,0xff,0x17,0x17,0x17,0xff,
    0x17,0x17,0x17,0xff,0x17,0x17,0x17,0xff,0x17,0x17,0x17,0xff,0x17,0x17,0x17,0xff,
    0x17,0x17,0x18,0xff,0x17,0x17,0x18,0xff,0x17,0x17,0x18,0xff,0x17,0x17,0x18,0xff,
    0x17,0x17,0x18,0xff,0x17,0x17,0x18,0xff,0x17,0x17,0x18,0xff,0x17,0x17,0x18,0xff,
    0x17,0x17,0x18,0xff,0x17,0x17,0x18,0xff,0x17,0x17,0x18,0xff,0x17,0x17,0x18,0xff,
    0x17,0x17,0x18,0xff,0x17,0x17,0x18,0xff,0x16,0x16,0x0a,0xff,0x1d,0x1d,0x7e,0xff,
    0x24,0x24,0xf7,0xff,0x24,0x24,0xe0,0xff,0x1b,0x1b,0x55,0xff,0x17,0x17,0x13,0xff,
    0x21,0x21,0xc4,0xff,0x26,0x26,0xff,0xff,0x1f,0x1f,0x96,0xff,0x16,0x16,0x07,0xff,
    0x17,0x17,0x17,0xff,0x17,0x17,0x17,0xff,0x17,0x17,0x17,0xff,0x17,0x17,0x10,0xff,
    0x19,0x19,0x3d,0xff,0x1f,0x1f,0xa7,0xff,0x25,0x25,0xf5,0xff,0x1f,0x1f,0x90,0xff,
    0x18,0x18,0x21,0xff,0x16,0x16,0x08,0xff,0x1c,0x1c,0x69,0xff,0x23,0x23,0xe0,0xff,
    0x23,0x23,0xdd,0xff,0x1a,0x1a,0x3d,0xff,0x17,0x17,0x1a,0xff,0x17,0x17,0x17,0xff,
    0x17,0x17,0x18,0xff,0x17,0x17,0x18,0xff,0x17,0x17,0x18,0xff,0x17,0x17,0x18,0xff,
    0x17,0x17,0x18,0xff,0x17,0x17,0x18,0xff,0x17,0x17,0x18,0xff,0x17,0x17,0x18,0xff,
    0x17,0x17,0x18,0xff,0x17,0x17,0x18,0xff,0x17,0x17,0x18,0xff,0x17,0x17,0x18,0xff,
    0x17,0x17,0x18,0xff,0x17,0x17,0x18,0xff,0x17,0x17,0x18,0xff,0x17,0x17,0x18,0xff,
    0x17,0x17,0x18,0xff,0x17,0x17,0x17,0xff,0x17,0x17,0x17,0xff,0x17,0x17,0x17,0xff,
    0x17,0x17,0x17,0xff,0x17,0x17,0x17,0xff,0x17,0x17,0x17,0xff,0x17,0x17,0x17,0xff,
    0x17,0x17,0x17,0xff,0x17,0x17,0x17,0xff,0x17,0x17,0x17,0xff,0x17,0x17,0x17,0xff,
    0x17,0x17,0x17,0xff,0x17,0x17,0x17,0xff,0x17,0x17,0x17,0xff,0x17,0x17,0x17,0xff,
    0x17,0x17,0x17,0xff,0x17,0x17,0x17,0xff,0x17,0x17,0x17,0xff,0x17,0x17,0x17,0xff,
    0x17,0x17,0x17,0xff,0x17,0x17,0x17,0xff,0x17,0x17,0x17,0xff,0x17,0x17,0x17,0xff,
    0x17,0x17,0x17,0xff,0x17,0x17,0x17,0xff,0x17,0x17,0x17,0xff,0x17,0x17,0x17,0xff,
    0x17,0x17,0x18,0xff,0x17,0x17,0x18,0xff,0x17,0x17,0x18,0xff,0x17,0x17,0x18,0xff,
    0x17,0x17,0x18,0xff,0x17,0x17,0x18,0xff,0x17,0x17,0x18,0xff,0x17,0x17,0x18,0xff,
    0x17,0x17,0x18,0xff,0x17,0x17,0x18,0xff,0x17,0x17,0x18,0xff,0x17,0x17,0x18,0xff,
    0x17,0x17,0x18,0xff,0x17,0x17,0x18,0xff,0x17,0x17,0x18,0xff,0x17,0x17,0x18,0xff,
    0x17,0x17,0x18,0xff,0x17,0x17,0x18,0xff,0x16,0x16,0x17,0xff,0x22,0x22,0x23,0xff,
    0x00,0x00,0x00,0x00,0x00,0x00,0x00,0x00,0x00,0x00,0x00,0x00,0x00,0x00,0x00,0x00,
    0x00,0x00,0x00,0x00,0x00,0x00,0x00,0x00,0x00,0x00,0x00,0x00,0x00,0x00,0x00,0x00,
    0x27,0x27,0x26,0xff,0x28,0x28,0x27,0xff,0x25,0x25,0x24,0xff,0x17,0x17,0x16,0xff,
    0x17,0x17,0x16,0xff,0x17,0x17,0x16,0xff,0x17,0x17,0x16,0xff,0x17,0x17,0x16,0xff,
    0x17,0x17,0x16,0xff,0x17,0x17,0x16,0xff,0x17,0x17,0x16,0xff,0x17,0x17,0x16,0xff,
    0x17,0x17,0x16,0xff,0x17,0x17,0x16,0xff,0x17,0x17,0x16,0xff,0x17,0x17,0x16,0xff,
    0x17,0x17,0x16,0xff,0x17,0x17,0x16,0xff,0x17,0x17,0x16,0xff,0x17,0x17,0x16,0xff,
    0x17,0x17,0x16,0xff,0x17,0x17,0x16,0xff,0x17,0x17,0x16,0xff,0x17,0x17,0x17,0xff,
    0x17,0x17,0x17,0xff,0x17,0x17,0x17,0xff,0x17,0x17,0x17,0xff,0x17,0x17,0x17,0xff,
    0x17,0x17,0x17,0xff,0x17,0x17,0x17,0xff,0x17,0x17,0x17,0xff,0x17,0x17,0x17,0xff,
    0x17,0x17,0x17,0xff,0x17,0x17,0x17,0xff,0x17,0x17,0x17,0xff,0x17,0x17,0x17,0xff,
    0x17,0x17,0x17,0xff,0x17,0x17,0x17,0xff,0x17,0x17,0x17,0xff,0x17,0x17,0x17,0xff,
    0x17,0x17,0x17,0xff,0x17,0x17,0x17,0xff,0x17,0x17,0x17,0xff,0x17,0x17,0x17,0xff,
    0x17,0x17,0x17,0xff,0x17,0x17,0x17,0xff,0x17,0x17,0x17,0xff,0x17,0x17,0x17,0xff,
    0x17,0x17,0x16,0xff,0x17,0x17,0x16,0xff,0x17,0x17,0x16,0xff,0x17,0x17,0x16,0xff,
    0x17,0x17,0x16,0xff,0x17,0x17,0x16,0xff,0x17,0x17,0x16,0xff,0x17,0x17,0x16,0xff,
    0x17,0x17,0x16,0xff,0x17,0x17,0x16,0xff,0x17,0x17,0x16,0xff,0x17,0x17,0x16,0xff,
    0x17,0x17,0x16,0xff,0x17,0x17,0x16,0xff,0x17,0x17,0x10,0xff,0x1a,0x1a,0x36,0xff,
    0x20,0x20,0xa3,0xff,0x26,0x26,0xff,0xff,0x21,0x21,0xc3,0xff,0x17,0x17,0x12,0xff,
    0x21,0x21,0xbc,0xff,0x26,0x26,0xff,0xff,0x1f,0x1f,0x92,0xff,0x16,0x16,0x07,0xff,
    0x17,0x17,0x17,0xff,0x17,0x17,0x17,0xff,0x17,0x17,0x17,0xff,0x17,0x17,0x11,0xff,
    0x19,0x19,0x3a,0xff,0x1f,0x1f,0xa2,0xff,0x25,0x25,0xf7,0xff,0x1f,0x1f,0x96,0xff,
    0x18,0x18,0x22,0xff,0x16,0x16,0x02,0xff,0x1f,0x1f,0x8e,0xff,0x27,0x27,0xff,0xff,
    0x22,0x22,0xd3,0xff,0x17,0x17,0x18,0xff,0x17,0x17,0x16,0xff,0x17,0x17,0x16,0xff,
    0x17,0x17,0x16,0xff,0x17,0x17,0x16,0xff,0x17,0x17,0x16,0xff,0x17,0x17,0x16,0xff,
    0x17,0x17,0x16,0xff,0x17,0x17,0x16,0xff,0x17,0x17,0x16,0xff,0x17,0x17,0x16,0xff,
    0x17,0x17,0x16,0xff,0x17,0x17,0x16,0xff,0x17,0x17,0x16,0xff,0x17,0x17,0x16,0xff,
    0x17,0x17,0x16,0xff,0x17,0x17,0x16,0xff,0x17,0x17,0x16,0xff,0x17,0x17,0x16,0xff,
    0x17,0x17,0x16,0xff,0x17,0x17,0x16,0xff,0x17,0x17,0x17,0xff,0x17,0x17,0x17,0xff,
    0x17,0x17,0x17,0xff,0x17,0x17,0x17,0xff,0x17,0x17,0x17,0xff,0x17,0x17,0x17,0xff,
    0x17,0x17,0x17,0xff,0x17,0x17,0x17,0xff,0x17,0x17,0x17,0xff,0x17,0x17,0x17,0xff,
    0x17,0x17,0x17,0xff,0x17,0x17,0x17,0xff,0x17,0x17,0x17,0xff,0x17,0x17,0x17,0xff,
    0x17,0x17,0x17,0xff,0x17,0x17,0x17,0xff,0x17,0x17,0x17,0xff,0x17,0x17,0x17,0xff,
    0x17,0x17,0x17,0xff,0x17,0x17,0x17,0xff,0x17,0x17,0x17,0xff,0x17,0x17,0x17,0xff,
    0x17,0x17,0x17,0xff,0x17,0x17,0x17,0xff,0x17,0x17,0x17,0xff,0x17,0x17,0x16,0xff,
    0x17,0x17,0x16,0xff,0x17,0x17,0x16,0xff,0x17,0x17,0x16,0xff,0x17,0x17,0x16,0xff,
    0x17,0x17,0x16,0xff,0x17,0x17,0x16,0xff,0x17,0x17,0x16,0xff,0x17,0x17,0x16,0xff,
    0x17,0x17,0x16,0xff,0x17,0x17,0x16,0xff,0x17,0x17,0x16,0xff,0x17,0x17,0x16,0xff,
    0x17,0x17,0x16,0xff,0x17,0x17,0x16,0xff,0x17,0x17,0x16,0xff,0x17,0x17,0x16,0xff,
    0x17,0x17,0x16,0xff,0x17,0x17,0x16,0xff,0x16,0x16,0x15,0xff,0x22,0x22,0x21,0xff,
    0x00,0x00,0x00,0x00,0x00,0x00,0x00,0x00,0x00,0x00,0x00,0x00,0x00,0x00,0x00,0x00,
    0x00,0x00,0x00,0x00,0x00,0x00,0x00,0x00,0x00,0x00,0x00,0x00,0x00,0x00,0x00,0x00,
    0x27,0x27,0x27,0xff,0x28,0x28,0x28,0xff,0x25,0x25,0x25,0xff,0x17,0x17,0x17,0xff,
    0x17,0x17,0x17,0xff,0x17,0x17,0x17,0xff,0x17,0x17,0x17,0xff,0x17,0x17,0x17,0xff,
    0x17,0x17,0x17,0xff,0x17,0x17,0x17,0xff,0x17,0x17,0x17,0xff,0x17,0x17,0x17,0xff,
    0x17,0x17,0x17,0xff,0x17,0x17,0x17,0xff,0x17,0x17,0x17,0xff,0x17,0x17,0x17,0xff,
    0x17,0x17,0x17,0xff,0x17,0x17,0x17,0xff,0x17,0x17,0x17,0xff,0x17,0x17,0x17,0xff,
    0x17,0x17,0x17,0xff,0x17,0x17,0x17,0xff,0x17,0x17,0x17,0xff,0x17,0x17,0x17,0xff,
    0x17,0x17,0x17,0xff,0x17,0x17,0x17,0xff,0x17,0x17,0x17,0xff,0x17,0x17,0x17,0xff,
    0x17,0x17,0x17,0xff,0x17,0x17,0x17,0xff,0x17,0x17,0x17,0xff,0x17,0x17,0x17,0xff,
    0x17,0x17,0x17,0xff,0x17,0x17,0x17,0xff,0x17,0x17,0x17,0xff,0x17,0x17,0x17,0xff,
    0x17,0x17,0x17,0xff,0x17,0x17,0x17,0xff,0x17,0x17,0x17,0xff,0x17,0x17,0x17,0xff,
    0x17,0x17,0x17,0xff,0x17,0x17,0x17,0xff,0x17,0x17,0x17,0xff,0x17,0x17,0x17,0xff,
    0x17,0x17,0x17,0xff,0x17,0x17,0x17,0xff,0x17,0x17,0x17,0xff,0x17,0x17,0x17,0xff,
    0x17,0x17,0x17,0xff,0x17,0x17,0x17,0xff,0x17,0x17,0x17,0xff,0x17,0x17,0x17,0xff,
    0x17,0x17,0x17,0xff,0x17,0x17,0x17,0xff,0x17,0x17,0x17,0xff,0x17,0x17,0x17,0xff,
    0x17,0x17,0x17,0xff,0x17,0x17,0x17,0xff,0x17,0x17,0x17,0xff,0x17,0x17,0x17,0xff,
    0x17,0x17,0x17,0xff,0x17,0x17,0x17,0xff,0x17,0x17,0x16,0xff,0x17,0x17,0x10,0xff,
    0x1c,0x1c,0x6a,0xff,0x24,0x24,0xf9,0xff,0x24,0x24,0xef,0xff,0x1b,0x1b,0x68,0xff,
    0x22,0x22,0xc9,0xff,0x25,0x25,0xfb,0xff,0x1e,0x1e,0x8b,0xff,0x16,0x16,0x07,0xff,
    0x17,0x17,0x17,0xff,0x17,0x17,0x17,0xff,0x17,0x17,0x17,0xff,0x17,0x17,0x11,0xff,
    0x18,0x18,0x36,0xff,0x1f,0x1f,0x9c,0xff,0x25,0x25,0xf8,0xff,0x20,0x20,0xa1,0xff,
    0x18,0x18,0x21,0xff,0x16,0x16,0x17,0xff,0x20,0x20,0xa4,0xff,0x26,0x26,0xff,0xff,
    0x21,0x21,0xb8,0xff,0x17,0x17,0x10,0xff,0x17,0x17,0x17,0xff,0x17,0x17,0x17,0xff,
    0x17,0x17,0x17,0xff,0x17,0x17,0x17,0xff,0x17,0x17,0x17,0xff,0x17,0x17,0x17,0xff,
    0x17,0x17,0x17,0xff,0x17,0x17,0x17,0xff,0x17,0x17,0x17,0xff,0x17,0x17,0x17,0xff,
    0x17,0x17,0x17,0xff,0x17,0x17,0x17,0xff,0x17,0x17,0x17,0xff,0x17,0x17,0x17,0xff,
    0x17,0x17,0x17,0xff,0x17,0x17,0x17,0xff,0x17,0x17,0x17,0xff,0x17,0x17,0x17,0xff,
    0x17,0x17,0x17,0xff,0x17,0x17,0x17,0xff,0x17,0x17,0x17,0xff,0x17,0x17,0x17,0xff,
    0x17,0x17,0x17,0xff,0x17,0x17,0x17,0xff,0x17,0x17,0x17,0xff,0x17,0x17,0x17,0xff,
    0x17,0x17,0x17,0xff,0x17,0x17,0x17,0xff,0x17,0x17,0x17,0xff,0x17,0x17,0x17,0xff,
    0x17,0x17,0x17,0xff,0x17,0x17,0x17,0xff,0x17,0x17,0x17,0xff,0x17,0x17,0x17,0xff,
    0x17,0x17,0x17,0xff,0x17,0x17,0x17,0xff,0x17,0x17,0x17,0xff,0x17,0x17,0x17,0xff,
    0x17,0x17,0x17,0xff,0x17,0x17,0x17,0xff,0x17,0x17,0x17,0xff,0x17,0x17,0x17,0xff,
    0x17,0x17,0x17,0xff,0x17,0x17,0x17,0xff,0x17,0x17,0x17,0xff,0x17,0x17,0x17,0xff,
    0x17,0x17,0x17,0xff,0x17,0x17,0x17,0xff,0x17,0x17,0x17,0xff,0x17,0x17,0x17,0xff,
    0x17,0x17,0x17,0xff,0x17,0x17,0x17,0xff,0x17,0x17,0x17,0xff,0x17,0x17,0x17,0xff,
    0x17,0x17,0x17,0xff,0x17,0x17,0x17,0xff,0x17,0x17,0x17,0xff,0x17,0x17,0x17,0xff,
    0x17,0x17,0x17,0xff,0x17,0x17,0x17,0xff,0x17,0x17,0x17,0xff,0x17,0x17,0x17,0xff,
    0x17,0x17,0x17,0xff,0x17,0x17,0x17,0xff,0x16,0x16,0x16,0xff,0x22,0x22,0x22,0xff,
    0x00,0x00,0x00,0x00,0x00,0x00,0x00,0x00,0x00,0x00,0x00,0x00,0x00,0x00,0x00,0x00,
    0x00,0x00,0x00,0x00,0x00,0x00,0x00,0x00,0x00,0x00,0x00,0x00,0x00,0x00,0x00,0x00,
    0x27,0x27,0x27,0xff,0x28,0x28,0x28,0xff,0x25,0x25,0x25,0xff,0x17,0x17,0x17,0xff,
    0x17,0x17,0x17,0xff,0x17,0x17,0x17,0xff,0x17,0x17,0x17,0xff,0x17,0x17,0x17,0xff,
    0x17,0x17,0x17,0xff,0x17,0x17,0x17,0xff,0x17,0x17,0x17,0xff,0x17,0x17,0x17,0xff,
    0x17,0x17,0x17,0xff,0x17,0x17,0x17,0xff,0x17,0x17,0x17,0xff,0x17,0x17,0x17,0xff,
    0x17,0x17,0x17,0xff,0x17,0x17,0x17,0xff,0x17,0x17,0x17,0xff,0x17,0x17,0x17,0xff,
    0x17,0x17,0x17,0xff,0x17,0x17,0x17,0xff,0x17,0x17,0x17,0xff,0x17,0x17,0x17,0xff,
    0x17,0x17,0x17,0xff,0x17,0x17,0x17,0xff,0x17,0x17,0x17,0xff,0x17,0x17,0x17,0xff,
    0x17,0x17,0x17,0xff,0x17,0x17,0x17,0xff,0x17,0x17,0x17,0xff,0x17,0x17,0x17,0xff,
    0x17,0x17,0x17,0xff,0x17,0x17,0x17,0xff,0x17,0x17,0x17,0xff,0x17,0x17,0x17,0xff,
    0x17,0x17,0x17,0xff,0x17,0x17,0x17,0xff,0x17,0x17,0x17,0xff,0x17,0x17,0x17,0xff,
    0x17,0x17,0x17,0xff,0x17,0x17,0x17,0xff,0x17,0x17,0x17,0xff,0x17,0x17,0x17,0xff,
    0x17,0x17,0x17,0xff,0x17,0x17,0x17,0xff,0x17,0x17,0x17,0xff,0x17,0x17,0x17,0xff,
    0x17,0x17,0x17,0xff,0x17,0x17,0x17,0xff,0x17,0x17,0x17,0xff,0x17,0x17,0x17,0xff,
    0x17,0x17,0x17,0xff,0x17,0x17,0x17,0xff,0x17,0x17,0x17,0xff,0x17,0x17,0x17,0xff,
    0x17,0x17,0x17,0xff,0x17,0x17,0x17,0xff,0x17,0x17,0x17,0xff,0x17,0x17,0x17,0xff,
    0x17,0x17,0x17,0xff,0x17,0x17,0x17,0xff,0x17,0x17,0x17,0xff,0x16,0x16,0x0c,0xff,
    0x19,0x19,0x3c,0xff,0x20,0x20,0xae,0xff,0x25,0x25,0xff,0xff,0x22,0x22,0xcf,0xff,
    0x24,0x24,0xea,0xff,0x24,0x24,0xe9,0xff,0x1d,0x1d,0x7c,0xff,0x16,0x16,0x09,0xff,
    0x17,0x17,0x17,0xff,0x17,0x17,0x17,0xff,0x17,0x17,0x17,0xff,0x17,0x17,0x11,0xff,
    0x18,0x18,0x31,0xff,0x1f,0x1f,0x96,0xff,0x25,0x25,0xfa,0xff,0x20,0x20,0xac,0xff,
    0x17,0x17,0x20,0xff,0x19,0x19,0x39,0xff,0x21,0x21,0xbb,0xff,0x24,0x24,0xf3,0xff,
    0x1f,0x1f,0x93,0xff,0x17,0x17,0x12,0xff,0x17,0x17,0x17,0xff,0x17,0x17,0x17,0xff,
    0x17,0x17,0x17,0xff,0x17,0x17,0x17,0xff,0x17,0x17,0x17,0xff,0x17,0x17,0x17,0xff,
    0x17,0x17,0x17,0xff,0x17,0x17,0x17,0xff,0x17,0x17,0x17,0xff,0x17,0x17,0x17,0xff,
    0x17,0x17,0x17,0xff,0x17,0x17,0x17,0xff,0x17,0x17,0x17,0xff,0x17,0x17,0x17,0xff,
    0x17,0x17,0x17,0xff,0x17,0x17,0x17,0xff,0x17,0x17,0x17,0xff,0x17,0x17,0x17,0xff,
    0x17,0x17,0x17,0xff,0x17,0x17,0x17,0xff,0x17,0x17,0x17,0xff,0x17,0x17,0x17,0xff,
    0x17,0x17,0x17,0xff,0x17,0x17,0x17,0xff,0x17,0x17,0x17,0xff,0x17,0x17,0x17,0xff,
    0x17,0x17,0x17,0xff,0x17,0x17,0x17,0xff,0x17,0x17,0x17,0xff,0x17,0x17,0x17,0xff,
    0x17,0x17,0x17,0xff,0x17,0x17,0x17,0xff,0x17,0x17,0x17,0xff,0x17,0x17,0x17,0xff,
    0x17,0x17,0x17,0xff,0x17,0x17,0x17,0xff,0x17,0x17,0x17,0xff,0x17,0x17,0x17,0xff,
    0x17,0x17,0x17,0xff,0x17,0x17,0x17,0xff,0x17,0x17,0x17,0xff,0x17,0x17,0x17,0xff,
    0x17,0x17,0x17,0xff,0x17,0x17,0x17,0xff,0x17,0x17,0x17,0xff,0x17,0x17,0x17,0xff,
    0x17,0x17,0x17,0xff,0x17,0x17,0x17,0xff,0x17,0x17,0x17,0xff,0x17,0x17,0x17,0xff,
    0x17,0x17,0x17,0xff,0x17,0x17,0x17,0xff,0x17,0x17,0x17,0xff,0x17,0x17,0x17,0xff,
    0x17,0x17,0x17,0xff,0x17,0x17,0x17,0xff,0x17,0x17,0x17,0xff,0x17,0x17,0x17,0xff,
    0x17,0x17,0x17,0xff,0x17,0x17,0x17,0xff,0x17,0x17,0x17,0xff,0x17,0x17,0x17,0xff,
    0x17,0x17,0x17,0xff,0x17,0x17,0x17,0xff,0x16,0x16,0x16,0xff,0x22,0x22,0x22,0xff,
    0x00,0x00,0x00,0x00,0x00,0x00,0x00,0x00,0x00,0x00,0x00,0x00,0x00,0x00,0x00,0x00,
    0x00,0x00,0x00,0x00,0x00,0x00,0x00,0x00,0x00,0x00,0x00,0x00,0x00,0x00,0x00,0x00,
    0x27,0x27,0x27,0xff,0x28,0x28,0x28,0xff,0x25,0x25,0x25,0xff,0x17,0x17,0x17,0xff,
    0x17,0x17,0x17,0xff,0x17,0x17,0x17,0xff,0x17,0x17,0x17,0xff,0x17,0x17,0x17,0xff,
    0x17,0x17,0x17,0xff,0x17,0x17,0x17,0xff,0x17,0x17,0x17,0xff,0x17,0x17,0x17,0xff,
    0x17,0x17,0x17,0xff,0x17,0x17,0x17,0xff,0x17,0x17,0x17,0xff,0x17,0x17,0x17,0xff,
    0x17,0x17,0x17,0xff,0x17,0x17,0x17,0xff,0x17,0x17,0x17,0xff,0x17,0x17,0x17,0xff,
    0x17,0x17,0x17,0xff,0x17,0x17,0x17,0xff,0x17,0x17,0x17,0xff,0x17,0x17,0x17,0xff,
    0x17,0x17,0x17,0xff,0x17,0x17,0x17,0xff,0x17,0x17,0x17,0xff,0x17,0x17,0x17,0xff,
    0x17,0x17,0x17,0xff,0x17,0x17,0x17,0xff,0x17,0x17,0x17,0xff,0x17,0x17,0x17,0xff,
    0x17,0x17,0x17,0xff,0x17,0x17,0x17,0xff,0x17,0x17,0x17,0xff,0x17,0x17,0x17,0xff,
    0x17,0x17,0x17,0xff,0x17,0x17,0x17,0xff,0x17,0x17,0x17,0xff,0x17,0x17,0x17,0xff,
    0x17,0x17,0x17,0xff,0x17,0x17,0x17,0xff,0x17,0x17,0x17,0xff,0x17,0x17,0x17,0xff,
    0x17,0x17,0x17,0xff,0x17,0x17,0x17,0xff,0x17,0x17,0x17,0xff,0x17,0x17,0x17,0xff,
    0x17,0x17,0x17,0xff,0x17,0x17,0x17,0xff,0x17,0x17,0x17,0xff,0x17,0x17,0x17,0xff,
    0x17,0x17,0x17,0xff,0x17,0x17,0x17,0xff,0x17,0x17,0x17,0xff,0x17,0x17,0x17,0xff,
    0x17,0x17,0x17,0xff,0x17,0x17,0x17,0xff,0x17,0x17,0x17,0xff,0x17,0x17,0x17,0xff,
    0x17,0x17,0x17,0xff,0x17,0x17,0x17,0xff,0x17,0x17,0x17,0xff,0x17,0x17,0x15,0xff,
    0x17,0x17,0x1a,0xff,0x1b,0x1b,0x59,0xff,0x25,0x25,0xf6,0xff,0x26,0x26,0xff,0xff,
    0x25,0x25,0xff,0xff,0x23,0x23,0xd6,0xff,0x1c,0x1c,0x68,0xff,0x16,0x16,0x0c,0xff,
    0x17,0x17,0x17,0xff,0x17,0x17,0x17,0xff,0x17,0x17,0x17,0xff,0x17,0x17,0x12,0xff,
    0x18,0x18,0x2d,0xff,0x1f,0x1f,0x91,0xff,0x25,0x25,0xfc,0xff,0x20,0x20,0xb2,0xff,
    0x17,0x17,0x1e,0xff,0x1d,0x1d,0x63,0xff,0x23,0x23,0xd8,0xff,0x23,0x23,0xdb,0xff,
    0x1c,0x1c,0x67,0xff,0x17,0x17,0x14,0xff,0x17,0x17,0x17,0xff,0x17,0x17,0x17,0xff,
    0x17,0x17,0x17,0xff,0x17,0x17,0x17,0xff,0x17,0x17,0x17,0xff,0x17,0x17,0x17,0xff,
    0x17,0x17,0x17,0xff,0x17,0x17,0x17,0xff,0x17,0x17,0x17,0xff,0x17,0x17,0x17,0xff,
    0x17,0x17,0x17,0xff,0x17,0x17,0x17,0xff,0x17,0x17,0x17,0xff,0x17,0x17,0x17,0xff,
    0x17,0x17,0x17,0xff,0x17,0x17,0x17,0xff,0x17,0x17,0x17,0xff,0x17,0x17,0x17,0xff,
    0x17,0x17,0x17,0xff,0x17,0x17,0x17,0xff,0x17,0x17,0x17,0xff,0x17,0x17,0x17,0xff,
    0x17,0x17,0x17,0xff,0x17,0x17,0x17,0xff,0x17,0x17,0x17,0xff,0x17,0x17,0x17,0xff,
    0x17,0x17,0x17,0xff,0x17,0x17,0x17,0xff,0x17,0x17,0x17,0xff,0x17,0x17,0x17,0xff,
    0x17,0x17,0x17,0xff,0x17,0x17,0x17,0xff,0x17,0x17,0x17,0xff,0x17,0x17,0x17,0xff,
    0x17,0x17,0x17,0xff,0x17,0x17,0x17,0xff,0x17,0x17,0x17,0xff,0x17,0x17,0x17,0xff,
    0x17,0x17,0x17,0xff,0x17,0x17,0x17,0xff,0x17,0x17,0x17,0xff,0x17,0x17,0x17,0xff,
    0x17,0x17,0x17,0xff,0x17,0x17,0x17,0xff,0x17,0x17,0x17,0xff,0x17,0x17,0x17,0xff,
    0x17,0x17,0x17,0xff,0x17,0x17,0x17,0xff,0x17,0x17,0x17,0xff,0x17,0x17,0x17,0xff,
    0x17,0x17,0x17,0xff,0x17,0x17,0x17,0xff,0x17,0x17,0x17,0xff,0x17,0x17,0x17,0xff,
    0x17,0x17,0x17,0xff,0x17,0x17,0x17,0xff,0x17,0x17,0x17,0xff,0x17,0x17,0x17,0xff,
    0x17,0x17,0x17,0xff,0x17,0x17,0x17,0xff,0x17,0x17,0x17,0xff,0x17,0x17,0x17,0xff,
    0x17,0x17,0x17,0xff,0x17,0x17,0x17,0xff,0x16,0x16,0x16,0xff,0x22,0x22,0x22,0xff,
    0x00,0x00,0x00,0x00,0x00,0x00,0x00,0x00,0x00,0x00,0x00,0x00,0x00,0x00,0x00,0x00,
    0x00,0x00,0x00,0x00,0x00,0x00,0x00,0x00,0x00,0x00,0x00,0x00,0x00,0x00,0x00,0x00,
    0x27,0x27,0x27,0xff,0x28,0x28,0x28,0xff,0x25,0x25,0x25,0xff,0x17,0x17,0x17,0xff,
    0x17,0x17,0x17,0xff,0x17,0x17,0x17,0xff,0x17,0x17,0x17,0xff,0x17,0x17,0x17,0xff,
    0x17,0x17,0x17,0xff,0x17,0x17,0x17,0xff,0x17,0x17,0x17,0xff,0x17,0x17,0x17,0xff,
    0x17,0x17,0x17,0xff,0x17,0x17,0x17,0xff,0x17,0x17,0x17,0xff,0x17,0x17,0x17,0xff,
    0x17,0x17,0x17,0xff,0x17,0x17,0x17,0xff,0x17,0x17,0x17,0xff,0x17,0x17,0x17,0xff,
    0x17,0x17,0x17,0xff,0x17,0x17,0x17,0xff,0x17,0x17,0x17,0xff,0x17,0x17,0x17,0xff,
    0x17,0x17,0x17,0xff,0x17,0x17,0x17,0xff,0x17,0x17,0x17,0xff,0x17,0x17,0x17,0xff,
    0x17,0x17,0x17,0xff,0x17,0x17,0x17,0xff,0x17,0x17,0x17,0xff,0x17,0x17,0x17,0xff,
    0x17,0x17,0x17,0xff,0x17,0x17,0x17,0xff,0x17,0x17,0x17,0xff,0x17,0x17,0x17,0xff,
    0x17,0x17,0x17,0xff,0x17,0x17,0x17,0xff,0x17,0x17,0x17,0xff,0x17,0x17,0x17,0xff,
    0x17,0x17,0x17,0xff,0x17,0x17,0x17,0xff,0x17,0x17,0x17,0xff,0x17,0x17,0x17,0xff,
    0x17,0x17,0x17,0xff,0x17,0x17,0x17,0xff,0x17,0x17,0x17,0xff,0x17,0x17,0x17,0xff,
    0x17,0x17,0x17,0xff,0x17,0x17,0x17,0xff,0x17,0x17,0x17,0xff,0x17,0x17,0x17,0xff,
    0x17,0x17,0x17,0xff,0x17,0x17,0x17,0xff,0x17,0x17,0x17,0xff,0x17,0x17,0x17,0xff,
    0x17,0x17,0x17,0xff,0x17,0x17,0x17,0xff,0x17,0x17,0x17,0xff,0x17,0x17,0x17,0xff,
    0x17,0x17,0x17,0xff,0x17,0x17,0x17,0xff,0x17,0x17,0x17,0xff,0x17,0x17,0x17,0xff,
    0x16,0x16,0x0e,0xff,0x18,0x18,0x2f,0xff,0x22,0x22,0xbc,0xff,0x25,0x25,0xf7,0xff,
    0x25,0x25,0xff,0xff,0x22,0x22,0xc5,0xff,0x1b,0x1b,0x59,0xff,0x16,0x16,0x0d,0xff,
    0x17,0x17,0x17,0xff,0x17,0x17,0x17,0xff,0x17,0x17,0x17,0xff,0x17,0x17,0x13,0xff,
    0x18,0x18,0x28,0xff,0x1f,0x1f,0x8a,0xff,0x25,0x25,0xfd,0xff,0x21,0x21,0xb8,0xff,
    0x17,0x17,0x1b,0xff,0x1f,0x1f,0x91,0xff,0x25,0x25,0xf9,0xff,0x22,0x22,0xc0,0xff,
    0x19,0x19,0x37,0xff,0x17,0x17,0x15,0xff,0x17,0x17,0x17,0xff,0x17,0x17,0x17,0xff,
    0x17,0x17,0x17,0xff,0x17,0x17,0x17,0xff,0x17,0x17,0x17,0xff,0x17,0x17,0x17,0xff,
    0x17,0x17,0x17,0xff,0x17,0x17,0x17,0xff,0x17,0x17,0x17,0xff,0x17,0x17,0x17,0xff,
    0x17,0x17,0x17,0xff,0x17,0x17,0x17,0xff,0x17,0x17,0x17,0xff,0x17,0x17,0x17,0xff,
    0x17,0x17,0x17,0xff,0x17,0x17,0x17,0xff,0x17,0x17,0x17,0xff,0x17,0x17,0x17,0xff,
    0x17,0x17,0x17,0xff,0x17,0x17,0x17,0xff,0x17,0x17,0x17,0xff,0x17,0x17,0x17,0xff,
    0x17,0x17,0x17,0xff,0x17,0x17,0x17,0xff,0x17,0x17,0x17,0xff,0x17,0x17,0x17,0xff,
    0x17,0x17,0x17,0xff,0x17,0x17,0x17,0xff,0x17,0x17,0x17,0xff,0x17,0x17,0x17,0xff,
    0x17,0x17,0x17,0xff,0x17,0x17,0x17,0xff,0x17,0x17,0x17,0xff,0x17,0x17,0x17,0xff,
    0x17,0x17,0x17,0xff,0x17,0x17,0x17,0xff,0x17,0x17,0x17,0xff,0x17,0x17,0x17,0xff,
    0x17,0x17,0x17,0xff,0x17,0x17,0x17,0xff,0x17,0x17,0x17,0xff,0x17,0x17,0x17,0xff,
    0x17,0x17,0x17,0xff,0x17,0x17,0x17,0xff,0x17,0x17,0x17,0xff,0x17,0x17,0x17,0xff,
    0x17,0x17,0x17,0xff,0x17,0x17,0x17,0xff,0x17,0x17,0x17,0xff,0x17,0x17,0x17,0xff,
    0x17,0x17,0x17,0xff,0x17,0x17,0x17,0xff,0x17,0x17,0x17,0xff,0x17,0x17,0x17,0xff,
    0x17,0x17,0x17,0xff,0x17,0x17,0x17,0xff,0x17,0x17,0x17,0xff,0x17,0x17,0x17,0xff,
    0x17,0x17,0x17,0xff,0x17,0x17,0x17,0xff,0x17,0x17,0x17,0xff,0x17,0x17,0x17,0xff,
    0x17,0x17,0x17,0xff,0x17,0x17,0x17,0xff,0x16,0x16,0x16,0xff,0x22,0x22,0x22,0xff,
    0x00,0x00,0x00,0x00,0x00,0x00,0x00,0x00,0x00,0x00,0x00,0x00,0x00,0x00,0x00,0x00,
    0x00,0x00,0x00,0x00,0x00,0x00,0x00,0x00,0x00,0x00,0x00,0x00,0x00,0x00,0x00,0x00,
    0x27,0x27,0x27,0xff,0x28,0x28,0x28,0xff,0x25,0x25,0x25,0xff,0x17,0x17,0x17,0xff,
    0x17,0x17,0x17,0xff,0x17,0x17,0x17,0xff,0x17,0x17,0x17,0xff,0x17,0x17,0x17,0xff,
    0x17,0x17,0x17,0xff,0x17,0x17,0x17,0xff,0x17,0x17,0x17,0xff,0x17,0x17,0x17,0xff,
    0x17,0x17,0x17,0xff,0x17,0x17,0x17,0xff,0x17,0x17,0x17,0xff,0x17,0x17,0x17,0xff,
    0x17,0x17,0x17,0xff,0x17,0x17,0x17,0xff,0x17,0x17,0x17,0xff,0x17,0x17,0x17,0xff,
    0x17,0x17,0x17,0xff,0x17,0x17,0x17,0xff,0x17,0x17,0x17,0xff,0x17,0x17,0x17,0xff,
    0x17,0x17,0x17,0xff,0x17,0x17,0x17,0xff,0x17,0x17,0x17,0xff,0x17,0x17,0x17,0xff,
    0x17,0x17,0x17,0xff,0x17,0x17,0x17,0xff,0x17,0x17,0x17,0xff,0x17,0x17,0x17,0xff,
    0x17,0x17,0x17,0xff,0x17,0x17,0x17,0xff,0x17,0x17,0x17,0xff,0x17,0x17,0x17,0xff,
    0x17,0x17,0x17,0xff,0x17,0x17,0x17,0xff,0x17,0x17,0x17,0xff,0x17,0x17,0x17,0xff,
    0x17,0x17,0x17,0xff,0x17,0x17,0x17,0xff,0x17,0x17,0x17,0xff,0x17,0x17,0x17,0xff,
    0x17,0x17,0x17,0xff,0x17,0x17,0x17,0xff,0x17,0x17,0x17,0xff,0x17,0x17,0x17,0xff,
    0x17,0x17,0x17,0xff,0x17,0x17,0x17,0xff,0x17,0x17,0x17,0xff,0x17,0x17,0x17,0xff,
    0x17,0x17,0x17,0xff,0x17,0x17,0x17,0xff,0x17,0x17,0x17,0xff,0x17,0x17,0x17,0xff,
    0x17,0x17,0x17,0xff,0x17,0x17,0x17,0xff,0x17,0x17,0x17,0xff,0x17,0x17,0x17,0xff,
    0x17,0x17,0x17,0xff,0x17,0x17,0x17,0xff,0x17,0x17,0x17,0xff,0x17,0x17,0x17,0xff,
    0x17,0x17,0x15,0xff,0x17,0x17,0x1c,0xff,0x1b,0x1b,0x4f,0xff,0x24,0x24,0xef,0xff,
    0x26,0x26,0xff,0xff,0x21,0x21,0xbc,0xff,0x1a,0x1a,0x51,0xff,0x16,0x16,0x0e,0xff,
    0x17,0x17,0x17,0xff,0x17,0x17,0x17,0xff,0x17,0x17,0x17,0xff,0x17,0x17,0x14,0xff,
    0x17,0x17,0x21,0xff,0x1d,0x1d,0x7e,0xff,0x25,0x25,0xff,0xff,0x22,0x22,0xc0,0xff,
    0x17,0x17,0x1c,0xff,0x20,0x20,0xb7,0xff,0x26,0x26,0xff,0xff,0x20,0x20,0xab,0xff,
    0x17,0x17,0x12,0xff,0x17,0x17,0x17,0xff,0x17,0x17,0x17,0xff,0x17,0x17,0x17,0xff,
    0x17,0x17,0x17,0xff,0x17,0x17,0x17,0xff,0x17,0x17,0x17,0xff,0x17,0x17,0x17,0xff,
    0x17,0x17,0x17,0xff,0x17,0x17,0x17,0xff,0x17,0x17,0x17,0xff,0x17,0x17,0x17,0xff,
    0x17,0x17,0x17,0xff,0x17,0x17,0x17,0xff,0x17,0x17,0x17,0xff,0x17,0x17,0x17,0xff,
    0x17,0x17,0x17,0xff,0x17,0x17,0x17,0xff,0x17,0x17,0x17,0xff,0x17,0x17,0x17,0xff,
    0x17,0x17,0x17,0xff,0x17,0x17,0x17,0xff,0x17,0x17,0x17,0xff,0x17,0x17,0x17,0xff,
    0x17,0x17,0x17,0xff,0x17,0x17,0x17,0xff,0x17,0x17,0x17,0xff,0x17,0x17,0x17,0xff,
    0x17,0x17,0x17,0xff,0x17,0x17,0x17,0xff,0x17,0x17,0x17,0xff,0x17,0x17,0x17,0xff,
    0x17,0x17,0x17,0xff,0x17,0x17,0x17,0xff,0x17,0x17,0x17,0xff,0x17,0x17,0x17,0xff,
    0x17,0x17,0x17,0xff,0x17,0x17,0x17,0xff,0x17,0x17,0x17,0xff,0x17,0x17,0x17,0xff,
    0x17,0x17,0x17,0xff,0x17,0x17,0x17,0xff,0x17,0x17,0x17,0xff,0x17,0x17,0x17,0xff,
    0x17,0x17,0x17,0xff,0x17,0x17,0x17,0xff,0x17,0x17,0x17,0xff,0x17,0x17,0x17,0xff,
    0x17,0x17,0x17,0xff,0x17,0x17,0x17,0xff,0x17,0x17,0x17,0xff,0x17,0x17,0x17,0xff,
    0x17,0x17,0x17,0xff,0x17,0x17,0x17,0xff,0x17,0x17,0x17,0xff,0x17,0x17,0x17,0xff,
    0x17,0x17,0x17,0xff,0x17,0x17,0x17,0xff,0x17,0x17,0x17,0xff,0x17,0x17,0x17,0xff,
    0x17,0x17,0x17,0xff,0x17,0x17,0x17,0xff,0x17,0x17,0x17,0xff,0x17,0x17,0x17,0xff,
    0x17,0x17,0x17,0xff,0x17,0x17,0x17,0xff,0x16,0x16,0x16,0xff,0x22,0x22,0x22,0xff,
    0x00,0x00,0x00,0x00,0x00,0x00,0x00,0x00,0x00,0x00,0x00,0x00,0x00,0x00,0x00,0x00,
    0x00,0x00,0x00,0x00,0x00,0x00,0x00,0x00,0x00,0x00,0x00,0x00,0x00,0x00,0x00,0x00,
    0x27,0x27,0x27,0xff,0x28,0x28,0x28,0xff,0x25,0x25,0x25,0xff,0x17,0x17,0x17,0xff,
    0x17,0x17,0x17,0xff,0x17,0x17,0x17,0xff,0x17,0x17,0x17,0xff,0x17,0x17,0x17,0xff,
    0x17,0x17,0x17,0xff,0x17,0x17,0x17,0xff,0x17,0x17,0x17,0xff,0x17,0x17,0x17,0xff,
    0x17,0x17,0x17,0xff,0x17,0x17,0x17,0xff,0x17,0x17,0x17,0xff,0x17,0x17,0x17,0xff,
    0x17,0x17,0x17,0xff,0x17,0x17,0x17,0xff,0x17,0x17,0x17,0xff,0x17,0x17,0x17,0xff,
    0x17,0x17,0x17,0xff,0x17,0x17,0x17,0xff,0x17,0x17,0x17,0xff,0x17,0x17,0x17,0xff,
    0x17,0x17,0x17,0xff,0x17,0x17,0x17,0xff,0x17,0x17,0x17,0xff,0x17,0x17,0x17,0xff,
    0x17,0x17,0x17,0xff,0x17,0x17,0x17,0xff,0x17,0x17,0x17,0xff,0x17,0x17,0x17,0xff,
    0x17,0x17,0x17,0xff,0x17,0x17,0x17,0xff,0x17,0x17,0x17,0xff,0x17,0x17,0x17,0xff,
    0x17,0x17,0x17,0xff,0x17,0x17,0x17,0xff,0x17,0x17,0x17,0xff,0x17,0x17,0x17,0xff,
    0x17,0x17,0x17,0xff,0x17,0x17,0x17,0xff,0x17,0x17,0x17,0xff,0x17,0x17,0x17,0xff,
    0x17,0x17,0x17,0xff,0x17,0x17,0x17,0xff,0x17,0x17,0x17,0xff,0x17,0x17,0x17,0xff,
    0x17,0x17,0x17,0xff,0x17,0x17,0x17,0xff,0x17,0x17,0x17,0xff,0x17,0x17,0x17,0xff,
    0x17,0x17,0x17,0xff,0x17,0x17,0x17,0xff,0x17,0x17,0x17,0xff,0x17,0x17,0x17,0xff,
    0x17,0x17,0x17,0xff,0x17,0x17,0x17,0xff,0x17,0x17,0x17,0xff,0x17,0x17,0x17,0xff,
    0x17,0x17,0x17,0xff,0x17,0x17,0x17,0xff,0x17,0x17,0x17,0xff,0x17,0x17,0x17,0xff,
    0x17,0x17,0x17,0xff,0x17,0x17,0x13,0xff,0x17,0x17,0x22,0xff,0x21,0x21,0xc1,0xff,
    0x25,0x25,0xfc,0xff,0x21,0x21,0xba,0xff,0x1a,0x1a,0x4e,0xff,0x17,0x17,0x0f,0xff,
    0x17,0x17,0x17,0xff,0x17,0x17,0x17,0xff,0x17,0x17,0x17,0xff,0x17,0x17,0x15,0xff,
    0x17,0x17,0x17,0xff,0x1c,0x1c,0x72,0xff,0x25,0x25,0xff,0xff,0x22,0x22,0xc2,0xff,
    0x1a,0x1a,0x45,0xff,0x22,0x22,0xca,0xff,0x25,0x25,0xfa,0xff,0x1e,0x1e,0x8b,0xff,
    0x16,0x16,0x0b,0xff,0x17,0x17,0x17,0xff,0x17,0x17,0x17,0xff,0x17,0x17,0x17,0xff,
    0x17,0x17,0x17,0xff,0x17,0x17,0x17,0xff,0x17,0x17,0x17,0xff,0x17,0x17,0x17,0xff,
    0x17,0x17,0x17,0xff,0x17,0x17,0x17,0xff,0x17,0x17,0x17,0xff,0x17,0x17,0x17,0xff,
    0x17,0x17,0x17,0xff,0x17,0x17,0x17,0xff,0x17,0x17,0x17,0xff,0x17,0x17,0x17,0xff,
    0x17,0x17,0x17,0xff,0x17,0x17,0x17,0xff,0x17,0x17,0x17,0xff,0x17,0x17,0x17,0xff,
    0x17,0x17,0x17,0xff,0x17,0x17,0x17,0xff,0x17,0x17,0x17,0xff,0x17,0x17,0x17,0xff,
    0x17,0x17,0x17,0xff,0x17,0x17,0x17,0xff,0x17,0x17,0x17,0xff,0x17,0x17,0x17,0xff,
    0x17,0x17,0x17,0xff,0x17,0x17,0x17,0xff,0x17,0x17,0x17,0xff,0x17,0x17,0x17,0xff,
    0x17,0x17,0x17,0xff,0x17,0x17,0x17,0xff,0x17,0x17,0x17,0xff,0x17,0x17,0x17,0xff,
    0x17,0x17,0x17,0xff,0x17,0x17,0x17,0xff,0x17,0x17,0x17,0xff,0x17,0x17,0x17,0xff,
    0x17,0x17,0x17,0xff,0x17,0x17,0x17,0xff,0x17,0x17,0x17,0xff,0x17,0x17,0x17,0xff,
    0x17,0x17,0x17,0xff,0x17,0x17,0x17,0xff,0x17,0x17,0x17,0xff,0x17,0x17,0x17,0xff,
    0x17,0x17,0x17,0xff,0x17,0x17,0x17,0xff,0x17,0x17,0x17,0xff,0x17,0x17,0x17,0xff,
    0x17,0x17,0x17,0xff,0x17,0x17,0x17,0xff,0x17,0x17,0x17,0xff,0x17,0x17,0x17,0xff,
    0x17,0x17,0x17,0xff,0x17,0x17,0x17,0xff,0x17,0x17,0x17,0xff,0x17,0x17,0x17,0xff,
    0x17,0x17,0x17,0xff,0x17,0x17,0x17,0xff,0x17,0x17,0x17,0xff,0x17,0x17,0x17,0xff,
    0x17,0x17,0x17,0xff,0x17,0x17,0x17,0xff,0x16,0x16,0x16,0xff,0x22,0x22,0x22,0xff,
    0x00,0x00,0x00,0x00,0x00,0x00,0x00,0x00,0x00,0x00,0x00,0x00,0x00,0x00,0x00,0x00,
    0x00,0x00,0x00,0x00,0x00,0x00,0x00,0x00,0x00,0x00,0x00,0x00,0x00,0x00,0x00,0x00,
    0x27,0x27,0x27,0xff,0x28,0x28,0x28,0xff,0x25,0x25,0x25,0xff,0x17,0x17,0x17,0xff,
    0x17,0x17,0x17,0xff,0x17,0x17,0x17,0xff,0x17,0x17,0x17,0xff,0x17,0x17,0x17,0xff,
    0x17,0x17,0x17,0xff,0x17,0x17,0x17,0xff,0x17,0x17,0x17,0xff,0x17,0x17,0x17,0xff,
    0x17,0x17,0x17,0xff,0x17,0x17,0x17,0xff,0x17,0x17,0x17,0xff,0x17,0x17,0x17,0xff,
    0x17,0x17,0x17,0xff,0x17,0x17,0x17,0xff,0x17,0x17,0x17,0xff,0x17,0x17,0x17,0xff,
    0x17,0x17,0x17,0xff,0x17,0x17,0x17,0xff,0x17,0x17,0x17,0xff,0x17,0x17,0x17,0xff,
    0x17,0x17,0x17,0xff,0x17,0x17,0x17,0xff,0x17,0x17,0x17,0xff,0x17,0x17,0x17,0xff,
    0x17,0x17,0x17,0xff,0x17,0x17,0x17,0xff,0x17,0x17,0x17,0xff,0x17,0x17,0x17,0xff,
    0x17,0x17,0x17,0xff,0x17,0x17,0x17,0xff,0x17,0x17,0x17,0xff,0x17,0x17,0x17,0xff,
    0x17,0x17,0x17,0xff,0x17,0x17,0x17,0xff,0x17,0x17,0x17,0xff,0x17,0x17,0x17,0xff,
    0x17,0x17,0x17,0xff,0x17,0x17,0x17,0xff,0x17,0x17,0x17,0xff,0x17,0x17,0x17,0xff,
    0x17,0x17,0x17,0xff,0x17,0x17,0x17,0xff,0x17,0x17,0x17,0xff,0x17,0x17,0x17,0xff,
    0x17,0x17,0x17,0xff,0x17,0x17,0x17,0xff,0x17,0x17,0x17,0xff,0x17,0x17,0x17,0xff,
    0x17,0x17,0x17,0xff,0x17,0x17,0x17,0xff,0x17,0x17,0x17,0xff,0x17,0x17,0x17,0xff,
    0x17,0x17,0x17,0xff,0x17,0x17,0x17,0xff,0x17,0x17,0x17,0xff,0x17,0x17,0x17,0xff,
    0x17,0x17,0x17,0xff,0x17,0x17,0x17,0xff,0x17,0x17,0x17,0xff,0x17,0x17,0x17,0xff,
    0x17,0x17,0x17,0xff,0x17,0x17,0x15,0xff,0x17,0x17,0x18,0xff,0x1b,0x1b,0x4a,0xff,
    0x24,0x24,0xec,0xff,0x21,0x21,0xbd,0xff,0x19,0x19,0x47,0xff,0x17,0x17,0x0f,0xff,
    0x17,0x17,0x17,0xff,0x17,0x17,0x17,0xff,0x17,0x17,0x17,0xff,0x17,0x17,0x16,0xff,
    0x16,0x16,0x11,0xff,0x1b,0x1b,0x69,0xff,0x26,0x26,0xff,0xff,0x23,0x23,0xcd,0xff,
    0x1d,0x1d,0x7c,0xff,0x24,0x24,0xdd,0xff,0x23,0x23,0xd8,0xff,0x1c,0x1c,0x67,0xff,
    0x17,0x17,0x0e,0xff,0x17,0x17,0x17,0xff,0x17,0x17,0x17,0xff,0x17,0x17,0x17,0xff,
    0x17,0x17,0x17,0xff,0x17,0x17,0x17,0xff,0x17,0x17,0x17,0xff,0x17,0x17,0x17,0xff,
    0x17,0x17,0x17,0xff,0x17,0x17,0x17,0xff,0x17,0x17,0x17,0xff,0x17,0x17,0x17,0xff,
    0x17,0x17,0x17,0xff,0x17,0x17,0x17,0xff,0x17,0x17,0x17,0xff,0x17,0x17,0x17,0xff,
    0x17,0x17,0x17,0xff,0x17,0x17,0x17,0xff,0x17,0x17,0x17,0xff,0x17,0x17,0x17,0xff,
    0x17,0x17,0x17,0xff,0x17,0x17,0x17,0xff,0x17,0x17,0x17,0xff,0x17,0x17,0x17,0xff,
    0x17,0x17,0x17,0xff,0x17,0x17,0x17,0xff,0x17,0x17,0x17,0xff,0x17,0x17,0x17,0xff,
    0x17,0x17,0x17,0xff,0x17,0x17,0x17,0xff,0x17,0x17,0x17,0xff,0x17,0x17,0x17,0xff,
    0x17,0x17,0x17,0xff,0x17,0x17,0x17,0xff,0x17,0x17,0x17,0xff,0x17,0x17,0x17,0xff,
    0x17,0x17,0x17,0xff,0x17,0x17,0x17,0xff,0x17,0x17,0x17,0xff,0x17,0x17,0x17,0xff,
    0x17,0x17,0x17,0xff,0x17,0x17,0x17,0xff,0x17,0x17,0x17,0xff,0x17,0x17,0x17,0xff,
    0x17,0x17,0x17,0xff,0x17,0x17,0x17,0xff,0x17,0x17,0x17,0xff,0x17,0x17,0x17,0xff,
    0x17,0x17,0x17,0xff,0x17,0x17,0x17,0xff,0x17,0x17,0x17,0xff,0x17,0x17,0x17,0xff,
    0x17,0x17,0x17,0xff,0x17,0x17,0x17,0xff,0x17,0x17,0x17,0xff,0x17,0x17,0x17,0xff,
    0x17,0x17,0x17,0xff,0x17,0x17,0x17,0xff,0x17,0x17,0x17,0xff,0x17,0x17,0x17,0xff,
    0x17,0x17,0x17,0xff,0x17,0x17,0x17,0xff,0x17,0x17,0x17,0xff,0x17,0x17,0x17,0xff,
    0x17,0x17,0x17,0xff,0x17,0x17,0x17,0xff,0x16,0x16,0x16,0xff,0x22,0x22,0x22,0xff,
    0x00,0x00,0x00,0x00,0x00,0x00,0x00,0x00,0x00,0x00,0x00,0x00,0x00,0x00,0x00,0x00,
    0x00,0x00,0x00,0x00,0x00,0x00,0x00,0x00,0x00,0x00,0x00,0x00,0x00,0x00,0x00,0x00,
    0x27,0x27,0x27,0xff,0x28,0x28,0x28,0xff,0x25,0x25,0x25,0xff,0x17,0x17,0x17,0xff,
    0x17,0x17,0x17,0xff,0x17,0x17,0x17,0xff,0x17,0x17,0x17,0xff,0x17,0x17,0x17,0xff,
    0x17,0x17,0x17,0xff,0x17,0x17,0x17,0xff,0x17,0x17,0x17,0xff,0x17,0x17,0x17,0xff,
    0x17,0x17,0x17,0xff,0x17,0x17,0x17,0xff,0x17,0x17,0x17,0xff,0x17,0x17,0x17,0xff,
    0x17,0x17,0x17,0xff,0x17,0x17,0x17,0xff,0x17,0x17,0x17,0xff,0x17,0x17,0x17,0xff,
    0x17,0x17,0x17,0xff,0x17,0x17,0x17,0xff,0x17,0x17,0x17,0xff,0x17,0x17,0x17,0xff,
    0x17,0x17,0x17,0xff,0x17,0x17,0x17,0xff,0x17,0x17,0x17,0xff,0x17,0x17,0x17,0xff,
    0x17,0x17,0x17,0xff,0x17,0x17,0x17,0xff,0x17,0x17,0x17,0xff,0x17,0x17,0x17,0xff,
    0x17,0x17,0x17,0xff,0x17,0x17,0x17,0xff,0x17,0x17,0x17,0xff,0x17,0x17,0x17,0xff,
    0x17,0x17,0x17,0xff,0x17,0x17,0x17,0xff,0x17,0x17,0x17,0xff,0x17,0x17,0x17,0xff,
    0x17,0x17,0x17,0xff,0x17,0x17,0x17,0xff,0x17,0x17,0x17,0xff,0x17,0x17,0x17,0xff,
    0x17,0x17,0x17,0xff,0x17,0x17,0x17,0xff,0x17,0x17,0x17,0xff,0x17,0x17,0x17,0xff,
    0x17,0x17,0x17,0xff,0x17,0x17,0x17,0xff,0x17,0x17,0x17,0xff,0x17,0x17,0x17,0xff,
    0x17,0x17,0x17,0xff,0x17,0x17,0x17,0xff,0x17,0x17,0x17,0xff,0x17,0x17,0x17,0xff,
    0x17,0x17,0x17,0xff,0x17,0x17,0x17,0xff,0x17,0x17,0x17,0xff,0x17,0x17,0x17,0xff,
    0x17,0x17,0x17,0xff,0x17,0x17,0x17,0xff,0x17,0x17,0x17,0xff,0x17,0x17,0x17,0xff,
    0x17,0x17,0x17,0xff,0x17,0x17,0x17,0xff,0x17,0x17,0x17,0xff,0x17,0x17,0x17,0xff,
    0x1c,0x1c,0x6f,0xff,0x1b,0x1b,0x5d,0xff,0x18,0x18,0x29,0xff,0x17,0x17,0x14,0xff,
    0x17,0x17,0x17,0xff,0x17,0x17,0x17,0xff,0x17,0x17,0x17,0xff,0x17,0x17,0x17,0xff,
    0x16,0x16,0x0c,0xff,0x1b,0x1b,0x5e,0xff,0x26,0x26,0xfe,0xff,0x24,0x24,0xe7,0xff,
    0x22,0x22,0xc6,0xff,0x25,0x25,0xf6,0xff,0x21,0x21,0xb4,0xff,0x1a,0x1a,0x43,0xff,
    0x17,0x17,0x11,0xff,0x17,0x17,0x17,0xff,0x17,0x17,0x17,0xff,0x17,0x17,0x17,0xff,
    0x17,0x17,0x17,0xff,0x17,0x17,0x17,0xff,0x17,0x17,0x17,0xff,0x17,0x17,0x17,0xff,
    0x17,0x17,0x17,0xff,0x17,0x17,0x17,0xff,0x17,0x17,0x17,0xff,0x17,0x17,0x17,0xff,
    0x17,0x17,0x17,0xff,0x17,0x17,0x17,0xff,0x17,0x17,0x17,0xff,0x17,0x17,0x17,0xff,
    0x17,0x17,0x17,0xff,0x17,0x17,0x17,0xff,0x17,0x17,0x17,0xff,0x17,0x17,0x17,0xff,
    0x17,0x17,0x17,0xff,0x17,0x17,0x17,0xff,0x17,0x17,0x17,0xff,0x17,0x17,0x17,0xff,
    0x17,0x17,0x17,0xff,0x17,0x17,0x17,0xff,0x17,0x17,0x17,0xff,0x17,0x17,0x17,0xff,
    0x17,0x17,0x17,0xff,0x17,0x17,0x17,0xff,0x17,0x17,0x17,0xff,0x17,0x17,0x17,0xff,
    0x17,0x17,0x17,0xff,0x17,0x17,0x17,0xff,0x17,0x17,0x17,0xff,0x17,0x17,0x17,0xff,
    0x17,0x17,0x17,0xff,0x17,0x17,0x17,0xff,0x17,0x17,0x17,0xff,0x17,0x17,0x17,0xff,
    0x17,0x17,0x17,0xff,0x17,0x17,0x17,0xff,0x17,0x17,0x17,0xff,0x17,0x17,0x17,0xff,
    0x17,0x17,0x17,0xff,0x17,0x17,0x17,0xff,0x17,0x17,0x17,0xff,0x17,0x17,0x17,0xff,
    0x17,0x17,0x17,0xff,0x17,0x17,0x17,0xff,0x17,0x17,0x17,0xff,0x17,0x17,0x17,0xff,
    0x17,0x17,0x17,0xff,0x17,0x17,0x17,0xff,0x17,0x17,0x17,0xff,0x17,0x17,0x17,0xff,
    0x17,0x17,0x17,0xff,0x17,0x17,0x17,0xff,0x17,0x17,0x17,0xff,0x17,0x17,0x17,0xff,
    0x17,0x17,0x17,0xff,0x17,0x17,0x17,0xff,0x17,0x17,0x17,0xff,0x17,0x17,0x17,0xff,
    0x17,0x17,0x17,0xff,0x17,0x17,0x17,0xff,0x16,0x16,0x16,0xff,0x22,0x22,0x22,0xff,
    0x00,0x00,0x00,0x00,0x00,0x00,0x00,0x00,0x00,0x00,0x00,0x00,0x00,0x00,0x00,0x00,
    0x00,0x00,0x00,0x00,0x00,0x00,0x00,0x00,0x00,0x00,0x00,0x00,0x00,0x00,0x00,0x00,
    0x27,0x27,0x27,0xff,0x28,0x28,0x28,0xff,0x25,0x25,0x25,0xff,0x17,0x17,0x17,0xff,
    0x17,0x17,0x17,0xff,0x17,0x17,0x17,0xff,0x17,0x17,0x17,0xff,0x17,0x17,0x17,0xff,
    0x17,0x17,0x17,0xff,0x17,0x17,0x17,0xff,0x17,0x17,0x17,0xff,0x17,0x17,0x17,0xff,
    0x17,0x17,0x17,0xff,0x17,0x17,0x17,0xff,0x17,0x17,0x17,0xff,0x17,0x17,0x17,0xff,
    0x17,0x17,0x17,0xff,0x17,0x17,0x17,0xff,0x17,0x17,0x17,0xff,0x17,0x17,0x17,0xff,
    0x17,0x17,0x17,0xff,0x17,0x17,0x17,0xff,0x17,0x17,0x17,0xff,0x17,0x17,0x17,0xff,
    0x17,0x17,0x17,0xff,0x17,0x17,0x17,0xff,0x17,0x17,0x17,0xff,0x17,0x17,0x17,0xff,
    0x17,0x17,0x17,0xff,0x17,0x17,0x17,0xff,0x17,0x17,0x17,0xff,0x17,0x17,0x17,0xff,
    0x17,0x17,0x17,0xff,0x17,0x17,0x17,0xff,0x17,0x17,0x17,0xff,0x17,0x17,0x17,0xff,
    0x17,0x17,0x17,0xff,0x17,0x17,0x17,0xff,0x17,0x17,0x17,0xff,0x17,0x17,0x17,0xff,
    0x17,0x17,0x17,0xff,0x17,0x17,0x17,0xff,0x17,0x17,0x17,0xff,0x17,0x17,0x17,0xff,
    0x17,0x17,0x17,0xff,0x17,0x17,0x17,0xff,0x17,0x17,0x17,0xff,0x17,0x17,0x17,0xff,
    0x17,0x17,0x17,0xff,0x17,0x17,0x17,0xff,0x17,0x17,0x17,0xff,0x17,0x17,0x17,0xff,
    0x17,0x17,0x17,0xff,0x17,0x17,0x17,0xff,0x17,0x17,0x17,0xff,0x17,0x17,0x17,0xff,
    0x17,0x17,0x17,0xff,0x17,0x17,0x17,0xff,0x17,0x17,0x17,0xff,0x17,0x17,0x17,0xff,
    0x17,0x17,0x17,0xff,0x17,0x17,0x17,0xff,0x17,0x17,0x17,0xff,0x17,0x17,0x17,0xff,
    0x17,0x17,0x17,0xff,0x17,0x17,0x17,0xff,0x17,0x17,0x17,0xff,0x17,0x17,0x15,0xff,
    0x17,0x17,0x15,0xff,0x16,0x16,0x15,0xff,0x17,0x17,0x15,0xff,0x17,0x17,0x17,0xff,
    0x17,0x17,0x17,0xff,0x17,0x17,0x17,0xff,0x17,0x17,0x17,0xff,0x17,0x17,0x17,0xff,
    0x16,0x16,0x0b,0xff,0x1b,0x1b,0x55,0xff,0x25,0x25,0xf3,0xff,0x24,0x24,0xf8,0xff,
    0x25,0x25,0xf4,0xff,0x26,0x26,0xff,0xff,0x1f,0x1f,0x92,0xff,0x18,0x18,0x20,0xff,
    0x17,0x17,0x14,0xff,0x17,0x17,0x17,0xff,0x17,0x17,0x17,0xff,0x17,0x17,0x17,0xff,
    0x17,0x17,0x17,0xff,0x17,0x17,0x17,0xff,0x17,0x17,0x17,0xff,0x17,0x17,0x17,0xff,
    0x17,0x17,0x17,0xff,0x17,0x17,0x17,0xff,0x17,0x17,0x17,0xff,0x17,0x17,0x17,0xff,
    0x17,0x17,0x17,0xff,0x17,0x17,0x17,0xff,0x17,0x17,0x17,0xff,0x17,0x17,0x17,0xff,
    0x17,0x17,0x17,0xff,0x17,0x17,0x17,0xff,0x17,0x17,0x17,0xff,0x17,0x17,0x17,0xff,
    0x17,0x17,0x17,0xff,0x17,0x17,0x17,0xff,0x17,0x17,0x17,0xff,0x17,0x17,0x17,0xff,
    0x17,0x17,0x17,0xff,0x17,0x17,0x17,0xff,0x17,0x17,0x17,0xff,0x17,0x17,0x17,0xff,
    0x17,0x17,0x17,0xff,0x17,0x17,0x17,0xff,0x17,0x17,0x17,0xff,0x17,0x17,0x17,0xff,
    0x17,0x17,0x17,0xff,0x17,0x17,0x17,0xff,0x17,0x17,0x17,0xff,0x17,0x17,0x17,0xff,
    0x17,0x17,0x17,0xff,0x17,0x17,0x17,0xff,0x17,0x17,0x17,0xff,0x17,0x17,0x17,0xff,
    0x17,0x17,0x17,0xff,0x17,0x17,0x17,0xff,0x17,0x17,0x17,0xff,0x17,0x17,0x17,0xff,
    0x17,0x17,0x17,0xff,0x17,0x17,0x17,0xff,0x17,0x17,0x17,0xff,0x17,0x17,0x17,0xff,
    0x17,0x17,0x17,0xff,0x17,0x17,0x17,0xff,0x17,0x17,0x17,0xff,0x17,0x17,0x17,0xff,
    0x17,0x17,0x17,0xff,0x17,0x17,0x17,0xff,0x17,0x17,0x17,0xff,0x17,0x17,0x17,0xff,
    0x17,0x17,0x17,0xff,0x17,0x17,0x17,0xff,0x17,0x17,0x17,0xff,0x17,0x17,0x17,0xff,
    0x17,0x17,0x17,0xff,0x17,0x17,0x17,0xff,0x17,0x17,0x17,0xff,0x17,0x17,0x17,0xff,
    0x17,0x17,0x17,0xff,0x17,0x17,0x17,0xff,0x16,0x16,0x16,0xff,0x22,0x22,0x22,0xff,
    0x00,0x00,0x00,0x00,0x00,0x00,0x00,0x00,0x00,0x00,0x00,0x00,0x00,0x00,0x00,0x00,
    0x00,0x00,0x00,0x00,0x00,0x00,0x00,0x00,0x00,0x00,0x00,0x00,0x00,0x00,0x00,0x00,
    0x27,0x27,0x27,0xff,0x28,0x28,0x28,0xff,0x25,0x25,0x25,0xff,0x17,0x17,0x17,0xff,
    0x17,0x17,0x17,0xff,0x17,0x17,0x17,0xff,0x17,0x17,0x17,0xff,0x17,0x17,0x17,0xff,
    0x17,0x17,0x17,0xff,0x17,0x17,0x17,0xff,0x17,0x17,0x17,0xff,0x17,0x17,0x17,0xff,
    0x17,0x17,0x17,0xff,0x17,0x17,0x17,0xff,0x17,0x17,0x17,0xff,0x17,0x17,0x17,0xff,
    0x17,0x17,0x17,0xff,0x17,0x17,0x17,0xff,0x17,0x17,0x17,0xff,0x17,0x17,0x17,0xff,
    0x17,0x17,0x17,0xff,0x17,0x17,0x17,0xff,0x17,0x17,0x17,0xff,0x17,0x17,0x17,0xff,
    0x17,0x17,0x17,0xff,0x17,0x17,0x17,0xff,0x17,0x17,0x17,0xff,0x17,0x17,0x17,0xff,
    0x17,0x17,0x17,0xff,0x17,0x17,0x17,0xff,0x17,0x17,0x17,0xff,0x17,0x17,0x17,0xff,
    0x17,0x17,0x17,0xff,0x17,0x17,0x17,0xff,0x17,0x17,0x17,0xff,0x17,0x17,0x17,0xff,
    0x17,0x17,0x17,0xff,0x17,0x17,0x17,0xff,0x17,0x17,0x17,0xff,0x17,0x17,0x17,0xff,
    0x17,0x17,0x17,0xff,0x17,0x17,0x17,0xff,0x17,0x17,0x17,0xff,0x17,0x17,0x17,0xff,
    0x17,0x17,0x17,0xff,0x17,0x17,0x17,0xff,0x17,0x17,0x17,0xff,0x17,0x17,0x17,0xff,
    0x17,0x17,0x17,0xff,0x17,0x17,0x17,0xff,0x17,0x17,0x17,0xff,0x17,0x17,0x17,0xff,
    0x17,0x17,0x17,0xff,0x17,0x17,0x17,0xff,0x17,0x17,0x17,0xff,0x17,0x17,0x17,0xff,
    0x17,0x17,0x17,0xff,0x17,0x17,0x17,0xff,0x17,0x17,0x17,0xff,0x17,0x17,0x17,0xff,
    0x17,0x17,0x17,0xff,0x17,0x17,0x17,0xff,0x17,0x17,0x17,0xff,0x17,0x17,0x17,0xff,
    0x17,0x17,0x17,0xff,0x17,0x17,0x17,0xff,0x17,0x17,0x17,0xff,0x17,0x17,0x17,0xff,
    0x17,0x17,0x16,0xff,0x17,0x17,0x16,0xff,0x17,0x17,0x17,0xff,0x17,0x17,0x17,0xff,
    0x17,0x17,0x17,0xff,0x17,0x17,0x17,0xff,0x17,0x17,0x17,0xff,0x17,0x17,0x17,0xff,
    0x16,0x16,0x0b,0xff,0x1b,0x1b,0x51,0xff,0x24,0x24,0xe7,0xff,0x25,0x25,0xfa,0xff,
    0x25,0x25,0xfb,0xff,0x25,0x25,0xfb,0xff,0x1c,0x1c,0x74,0xff,0x16,0x16,0x0a,0xff,
    0x17,0x17,0x16,0xff,0x17,0x17,0x17,0xff,0x17,0x17,0x17,0xff,0x17,0x17,0x17,0xff,
    0x17,0x17,0x17,0xff,0x17,0x17,0x17,0xff,0x17,0x17,0x17,0xff,0x17,0x17,0x17,0xff,
    0x17,0x17,0x17,0xff,0x17,0x17,0x17,0xff,0x17,0x17,0x17,0xff,0x17,0x17,0x17,0xff,
    0x17,0x17,0x17,0xff,0x17,0x17,0x17,0xff,0x17,0x17,0x17,0xff,0x17,0x17,0x17,0xff,
    0x17,0x17,0x17,0xff,0x17,0x17,0x17,0xff,0x17,0x17,0x17,0xff,0x17,0x17,0x17,0xff,
    0x17,0x17,0x17,0xff,0x17,0x17,0x17,0xff,0x17,0x17,0x17,0xff,0x17,0x17,0x17,0xff,
    0x17,0x17,0x17,0xff,0x17,0x17,0x17,0xff,0x17,0x17,0x17,0xff,0x17,0x17,0x17,0xff,
    0x17,0x17,0x17,0xff,0x17,0x17,0x17,0xff,0x17,0x17,0x17,0xff,0x17,0x17,0x17,0xff,
    0x17,0x17,0x17,0xff,0x17,0x17,0x17,0xff,0x17,0x17,0x17,0xff,0x17,0x17,0x17,0xff,
    0x17,0x17,0x17,0xff,0x17,0x17,0x17,0xff,0x17,0x17,0x17,0xff,0x17,0x17,0x17,0xff,
    0x17,0x17,0x17,0xff,0x17,0x17,0x17,0xff,0x17,0x17,0x17,0xff,0x17,0x17,0x17,0xff,
    0x17,0x17,0x17,0xff,0x17,0x17,0x17,0xff,0x17,0x17,0x17,0xff,0x17,0x17,0x17,0xff,
    0x17,0x17,0x17,0xff,0x17,0x17,0x17,0xff,0x17,0x17,0x17,0xff,0x17,0x17,0x17,0xff,
    0x17,0x17,0x17,0xff,0x17,0x17,0x17,0xff,0x17,0x17,0x17,0xff,0x17,0x17,0x17,0xff,
    0x17,0x17,0x17,0xff,0x17,0x17,0x17,0xff,0x17,0x17,0x17,0xff,0x17,0x17,0x17,0xff,
    0x17,0x17,0x17,0xff,0x17,0x17,0x17,0xff,0x17,0x17,0x17,0xff,0x17,0x17,0x17,0xff,
    0x17,0x17,0x17,0xff,0x17,0x17,0x17,0xff,0x16,0x16,0x16,0xff,0x22,0x22,0x22,0xff,
    0x00,0x00,0x00,0x00,0x00,0x00,0x00,0x00,0x00,0x00,0x00,0x00,0x00,0x00,0x00,0x00,
    0x00,0x00,0x00,0x00,0x00,0x00,0x00,0x00,0x00,0x00,0x00,0x00,0x00,0x00,0x00,0x00,
    0x27,0x27,0x27,0xff,0x28,0x28,0x28,0xff,0x25,0x25,0x25,0xff,0x17,0x17,0x17,0xff,
    0x17,0x17,0x17,0xff,0x17,0x17,0x17,0xff,0x17,0x17,0x17,0xff,0x17,0x17,0x17,0xff,
    0x17,0x17,0x17,0xff,0x17,0x17,0x17,0xff,0x17,0x17,0x17,0xff,0x17,0x17,0x17,0xff,
    0x17,0x17,0x17,0xff,0x17,0x17,0x17,0xff,0x17,0x17,0x17,0xff,0x17,0x17,0x17,0xff,
    0x17,0x17,0x17,0xff,0x17,0x17,0x17,0xff,0x17,0x17,0x17,0xff,0x17,0x17,0x17,0xff,
    0x17,0x17,0x17,0xff,0x17,0x17,0x17,0xff,0x17,0x17,0x17,0xff,0x17,0x17,0x17,0xff,
    0x17,0x17,0x17,0xff,0x17,0x17,0x17,0xff,0x17,0x17,0x17,0xff,0x17,0x17,0x17,0xff,
    0x17,0x17,0x17,0xff,0x17,0x17,0x17,0xff,0x17,0x17,0x17,0xff,0x17,0x17,0x17,0xff,
    0x17,0x17,0x17,0xff,0x17,0x17,0x17,0xff,0x17,0x17,0x17,0xff,0x17,0x17,0x17,0xff,
    0x17,0x17,0x17,0xff,0x17,0x17,0x17,0xff,0x17,0x17,0x17,0xff,0x17,0x17,0x17,0xff,
    0x17,0x17,0x17,0xff,0x17,0x17,0x17,0xff,0x17,0x17,0x17,0xff,0x17,0x17,0x17,0xff,
    0x17,0x17,0x17,0xff,0x17,0x17,0x17,0xff,0x17,0x17,0x17,0xff,0x17,0x17,0x17,0xff,
    0x17,0x17,0x17,0xff,0x17,0x17,0x17,0xff,0x17,0x17,0x17,0xff,0x17,0x17,0x17,0xff,
    0x17,0x17,0x17,0xff,0x17,0x17,0x17,0xff,0x17,0x17,0x17,0xff,0x17,0x17,0x17,0xff,
    0x17,0x17,0x17,0xff,0x17,0x17,0x17,0xff,0x17,0x17,0x17,0xff,0x17,0x17,0x17,0xff,
    0x17,0x17,0x17,0xff,0x17,0x17,0x17,0xff,0x17,0x17,0x17,0xff,0x17,0x17,0x17,0xff,
    0x17,0x17,0x17,0xff,0x17,0x17,0x17,0xff,0x17,0x17,0x17,0xff,0x17,0x17,0x17,0xff,
    0x17,0x17,0x17,0xff,0x17,0x17,0x17,0xff,0x17,0x17,0x17,0xff,0x17,0x17,0x17,0xff,
    0x17,0x17,0x17,0xff,0x17,0x17,0x17,0xff,0x17,0x17,0x17,0xff,0x17,0x17,0x17,0xff,
    0x16,0x16,0x0b,0xff,0x1a,0x1a,0x4f,0xff,0x23,0x23,0xe1,0xff,0x25,0x25,0xfa,0xff,
    0x25,0x25,0xfc,0xff,0x23,0x23,0xd2,0xff,0x1b,0x1b,0x59,0xff,0x16,0x16,0x0b,0xff,
    0x17,0x17,0x17,0xff,0x17,0x17,0x17,0xff,0x17,0x17,0x17,0xff,0x17,0x17,0x17,0xff,
    0x17,0x17,0x17,0xff,0x17,0x17,0x17,0xff,0x17,0x17,0x17,0xff,0x17,0x17,0x17,0xff,
    0x17,0x17,0x17,0xff,0x17,0x17,0x17,0xff,0x17,0x17,0x17,0xff,0x17,0x17,0x17,0xff,
    0x17,0x17,0x17,0xff,0x17,0x17,0x17,0xff,0x17,0x17,0x17,0xff,0x17,0x17,0x17,0xff,
    0x17,0x17,0x17,0xff,0x17,0x17,0x17,0xff,0x17,0x17,0x17,0xff,0x17,0x17,0x17,0xff,
    0x17,0x17,0x17,0xff,0x17,0x17,0x17,0xff,0x17,0x17,0x17,0xff,0x17,0x17,0x17,0xff,
    0x17,0x17,0x17,0xff,0x17,0x17,0x17,0xff,0x17,0x17,0x17,0xff,0x17,0x17,0x17,0xff,
    0x17,0x17,0x17,0xff,0x17,0x17,0x17,0xff,0x17,0x17,0x17,0xff,0x17,0x17,0x17,0xff,
    0x17,0x17,0x17,0xff,0x17,0x17,0x17,0xff,0x17,0x17,0x17,0xff,0x17,0x17,0x17,0xff,
    0x17,0x17,0x17,0xff,0x17,0x17,0x17,0xff,0x17,0x17,0x17,0xff,0x17,0x17,0x17,0xff,
    0x17,0x17,0x17,0xff,0x17,0x17,0x17,0xff,0x17,0x17,0x17,0xff,0x17,0x17,0x17,0xff,
    0x17,0x17,0x17,0xff,0x17,0x17,0x17,0xff,0x17,0x17,0x17,0xff,0x17,0x17,0x17,0xff,
    0x17,0x17,0x17,0xff,0x17,0x17,0x17,0xff,0x17,0x17,0x17,0xff,0x17,0x17,0x17,0xff,
    0x17,0x17,0x17,0xff,0x17,0x17,0x17,0xff,0x17,0x17,0x17,0xff,0x17,0x17,0x17,0xff,
    0x17,0x17,0x17,0xff,0x17,0x17,0x17,0xff,0x17,0x17,0x17,0xff,0x17,0x17,0x17,0xff,
    0x17,0x17,0x17,0xff,0x17,0x17,0x17,0xff,0x17,0x17,0x17,0xff,0x17,0x17,0x17,0xff,
    0x17,0x17,0x17,0xff,0x17,0x17,0x17,0xff,0x16,0x16,0x16,0xff,0x22,0x22,0x22,0xff,
    0x00,0x00,0x00,0x00,0x00,0x00,0x00,0x00,0x00,0x00,0x00,0x00,0x00,0x00,0x00,0x00,
    0x00,0x00,0x00,0x00,0x00,0x00,0x00,0x00,0x00,0x00,0x00,0x00,0x00,0x00,0x00,0x00,
    0x27,0x27,0x27,0xff,0x28,0x28,0x28,0xff,0x25,0x25,0x25,0xff,0x17,0x17,0x17,0xff,
    0x17,0x17,0x17,0xff,0x17,0x17,0x17,0xff,0x17,0x17,0x17,0xff,0x17,0x17,0x17,0xff,
    0x17,0x17,0x17,0xff,0x17,0x17,0x17,0xff,0x17,0x17,0x17,0xff,0x17,0x17,0x17,0xff,
    0x17,0x17,0x17,0xff,0x17,0x17,0x17,0xff,0x17,0x17,0x17,0xff,0x17,0x17,0x17,0xff,
    0x17,0x17,0x17,0xff,0x17,0x17,0x17,0xff,0x17,0x17,0x17,0xff,0x17,0x17,0x17,0xff,
    0x17,0x17,0x17,0xff,0x17,0x17,0x17,0xff,0x17,0x17,0x17,0xff,0x17,0x17,0x17,0xff,
    0x17,0x17,0x17,0xff,0x17,0x17,0x17,0xff,0x17,0x17,0x17,0xff,0x17,0x17,0x17,0xff,
    0x17,0x17,0x17,0xff,0x17,0x17,0x17,0xff,0x17,0x17,0x17,0xff,0x17,0x17,0x17,0xff,
    0x17,0x17,0x17,0xff,0x17,0x17,0x17,0xff,0x17,0x17,0x17,0xff,0x17,0x17,0x17,0xff,
    0x17,0x17,0x17,0xff,0x17,0x17,0x17,0xff,0x17,0x17,0x17,0xff,0x17,0x17,0x17,0xff,
    0x17,0x17,0x17,0xff,0x17,0x17,0x17,0xff,0x17,0x17,0x17,0xff,0x17,0x17,0x17,0xff,
    0x17,0x17,0x17,0xff,0x17,0x17,0x17,0xff,0x17,0x17,0x17,0xff,0x17,0x17,0x17,0xff,
    0x17,0x17,0x17,0xff,0x17,0x17,0x17,0xff,0x17,0x17,0x17,0xff,0x17,0x17,0x17,0xff,
    0x17,0x17,0x17,0xff,0x17,0x17,0x17,0xff,0x17,0x17,0x17,0xff,0x17,0x17,0x17,0xff,
    0x17,0x17,0x17,0xff,0x17,0x17,0x17,0xff,0x17,0x17,0x17,0xff,0x17,0x17,0x17,0xff,
    0x17,0x17,0x17,0xff,0x17,0x17,0x17,0xff,0x17,0x17,0x17,0xff,0x17,0x17,0x17,0xff,
    0x17,0x17,0x17,0xff,0x17,0x17,0x17,0xff,0x17,0x17,0x17,0xff,0x17,0x17,0x17,0xff,
    0x17,0x17,0x17,0xff,0x17,0x17,0x17,0xff,0x17,0x17,0x17,0xff,0x17,0x17,0x17,0xff,
    0x17,0x17,0x17,0xff,0x17,0x17,0x17,0xff,0x17,0x17,0x17,0xff,0x17,0x17,0x17,0xff,
    0x16,0x16,0x0c,0xff,0x1a,0x1a,0x4b,0xff,0x22,0x22,0xd8,0xff,0x25,0x25,0xfa,0xff,
    0x25,0x25,0xff,0xff,0x20,0x20,0xaf,0xff,0x1a,0x1a,0x44,0xff,0x16,0x16,0x0f,0xff,
    0x17,0x17,0x17,0xff,0x17,0x17,0x17,0xff,0x17,0x17,0x17,0xff,0x17,0x17,0x17,0xff,
    0x17,0x17,0x17,0xff,0x17,0x17,0x17,0xff,0x17,0x17,0x17,0xff,0x17,0x17,0x17,0xff,
    0x17,0x17,0x17,0xff,0x17,0x17,0x17,0xff,0x17,0x17,0x17,0xff,0x17,0x17,0x17,0xff,
    0x17,0x17,0x17,0xff,0x17,0x17,0x17,0xff,0x17,0x17,0x17,0xff,0x17,0x17,0x17,0xff,
    0x17,0x17,0x17,0xff,0x17,0x17,0x17,0xff,0x17,0x17,0x17,0xff,0x17,0x17,0x17,0xff,
    0x17,0x17,0x17,0xff,0x17,0x17,0x17,0xff,0x17,0x17,0x17,0xff,0x17,0x17,0x17,0xff,
    0x17,0x17,0x17,0xff,0x17,0x17,0x17,0xff,0x17,0x17,0x17,0xff,0x17,0x17,0x17,0xff,
    0x17,0x17,0x17,0xff,0x17,0x17,0x17,0xff,0x17,0x17,0x17,0xff,0x17,0x17,0x17,0xff,
    0x17,0x17,0x17,0xff,0x17,0x17,0x17,0xff,0x17,0x17,0x17,0xff,0x17,0x17,0x17,0xff,
    0x17,0x17,0x17,0xff,0x17,0x17,0x17,0xff,0x17,0x17,0x17,0xff,0x17,0x17,0x17,0xff,
    0x17,0x17,0x17,0xff,0x17,0x17,0x17,0xff,0x17,0x17,0x17,0xff,0x17,0x17,0x17,0xff,
    0x17,0x17,0x17,0xff,0x17,0x17,0x17,0xff,0x17,0x17,0x17,0xff,0x17,0x17,0x17,0xff,
    0x17,0x17,0x17,0xff,0x17,0x17,0x17,0xff,0x17,0x17,0x17,0xff,0x17,0x17,0x17,0xff,
    0x17,0x17,0x17,0xff,0x17,0x17,0x17,0xff,0x17,0x17,0x17,0xff,0x17,0x17,0x17,0xff,
    0x17,0x17,0x17,0xff,0x17,0x17,0x17,0xff,0x17,0x17,0x17,0xff,0x17,0x17,0x17,0xff,
    0x17,0x17,0x17,0xff,0x17,0x17,0x17,0xff,0x17,0x17,0x17,0xff,0x17,0x17,0x17,0xff,
    0x17,0x17,0x17,0xff,0x17,0x17,0x17,0xff,0x16,0x16,0x16,0xff,0x22,0x22,0x22,0xff,
    0x00,0x00,0x00,0x00,0x00,0x00,0x00,0x00,0x00,0x00,0x00,0x00,0x00,0x00,0x00,0x00,
    0x00,0x00,0x00,0x00,0x00,0x00,0x00,0x00,0x00,0x00,0x00,0x00,0x00,0x00,0x00,0x00,
    0x27,0x27,0x27,0xff,0x28,0x28,0x28,0xff,0x25,0x25,0x25,0xff,0x17,0x17,0x17,0xff,
    0x17,0x17,0x17,0xff,0x17,0x17,0x17,0xff,0x17,0x17,0x17,0xff,0x17,0x17,0x17,0xff,
    0x17,0x17,0x17,0xff,0x17,0x17,0x17,0xff,0x17,0x17,0x17,0xff,0x17,0x17,0x17,0xff,
    0x17,0x17,0x17,0xff,0x17,0x17,0x17,0xff,0x17,0x17,0x17,0xff,0x17,0x17,0x17,0xff,
    0x17,0x17,0x17,0xff,0x17,0x17,0x17,0xff,0x17,0x17,0x17,0xff,0x17,0x17,0x17,0xff,
    0x17,0x17,0x17,0xff,0x17,0x17,0x17,0xff,0x17,0x17,0x17,0xff,0x17,0x17,0x17,0xff,
    0x17,0x17,0x17,0xff,0x17,0x17,0x17,0xff,0x17,0x17,0x17,0xff,0x17,0x17,0x17,0xff,
    0x17,0x17,0x17,0xff,0x17,0x17,0x17,0xff,0x17,0x17,0x17,0xff,0x17,0x17,0x17,0xff,
    0x17,0x17,0x17,0xff,0x17,0x17,0x17,0xff,0x17,0x17,0x17,0xff,0x17,0x17,0x17,0xff,
    0x17,0x17,0x17,0xff,0x17,0x17,0x17,0xff,0x17,0x17,0x17,0xff,0x17,0x17,0x17,0xff,
    0x17,0x17,0x17,0xff,0x17,0x17,0x17,0xff,0x17,0x17,0x17,0xff,0x17,0x17,0x17,0xff,
    0x17,0x17,0x17,0xff,0x17,0x17,0x17,0xff,0x17,0x17,0x17,0xff,0x17,0x17,0x17,0xff,
    0x17,0x17,0x17,0xff,0x17,0x17,0x17,0xff,0x17,0x17,0x17,0xff,0x17,0x17,0x17,0xff,
    0x17,0x17,0x17,0xff,0x17,0x17,0x17,0xff,0x17,0x17,0x17,0xff,0x17,0x17,0x17,0xff,
    0x17,0x17,0x17,0xff,0x17,0x17,0x17,0xff,0x17,0x17,0x17,0xff,0x17,0x17,0x17,0xff,
    0x17,0x17,0x17,0xff,0x17,0x17,0x17,0xff,0x17,0x17,0x17,0xff,0x17,0x17,0x17,0xff,
    0x17,0x17,0x17,0xff,0x17,0x17,0x17,0xff,0x17,0x17,0x17,0xff,0x17,0x17,0x17,0xff,
    0x17,0x17,0x17,0xff,0x17,0x17,0x17,0xff,0x17,0x17,0x17,0xff,0x17,0x17,0x17,0xff,
    0x17,0x17,0x17,0xff,0x17,0x17,0x17,0xff,0x17,0x17,0x17,0xff,0x17,0x17,0x17,0xff,
    0x16,0x16,0x0d,0xff,0x1a,0x1a,0x4a,0xff,0x23,0x23,0xd3,0xff,0x25,0x25,0xfa,0xff,
    0x26,0x26,0xff,0xff,0x1e,0x1e,0x84,0xff,0x18,0x18,0x2a,0xff,0x17,0x17,0x12,0xff,
    0x17,0x17,0x17,0xff,0x17,0x17,0x17,0xff,0x17,0x17,0x17,0xff,0x17,0x17,0x17,0xff,
    0x17,0x17,0x17,0xff,0x17,0x17,0x17,0xff,0x17,0x17,0x17,0xff,0x17,0x17,0x17,0xff,
    0x17,0x17,0x17,0xff,0x17,0x17,0x17,0xff,0x17,0x17,0x17,0xff,0x17,0x17,0x17,0xff,
    0x17,0x17,0x17,0xff,0x17,0x17,0x17,0xff,0x17,0x17,0x17,0xff,0x17,0x17,0x17,0xff,
    0x17,0x17,0x17,0xff,0x17,0x17,0x17,0xff,0x17,0x17,0x17,0xff,0x17,0x17,0x17,0xff,
    0x17,0x17,0x17,0xff,0x17,0x17,0x17,0xff,0x17,0x17,0x17,0xff,0x17,0x17,0x17,0xff,
    0x17,0x17,0x17,0xff,0x17,0x17,0x17,0xff,0x17,0x17,0x17,0xff,0x17,0x17,0x17,0xff,
    0x17,0x17,0x17,0xff,0x17,0x17,0x17,0xff,0x17,0x17,0x17,0xff,0x17,0x17,0x17,0xff,
    0x17,0x17,0x17,0xff,0x17,0x17,0x17,0xff,0x17,0x17,0x17,0xff,0x17,0x17,0x17,0xff,
    0x17,0x17,0x17,0xff,0x17,0x17,0x17,0xff,0x17,0x17,0x17,0xff,0x17,0x17,0x17,0xff,
    0x17,0x17,0x17,0xff,0x17,0x17,0x17,0xff,0x17,0x17,0x17,0xff,0x17,0x17,0x17,0xff,
    0x17,0x17,0x17,0xff,0x17,0x17,0x17,0xff,0x17,0x17,0x17,0xff,0x17,0x17,0x17,0xff,
    0x17,0x17,0x17,0xff,0x17,0x17,0x17,0xff,0x17,0x17,0x17,0xff,0x17,0x17,0x17,0xff,
    0x17,0x17,0x17,0xff,0x17,0x17,0x17,0xff,0x17,0x17,0x17,0xff,0x17,0x17,0x17,0xff,
    0x17,0x17,0x17,0xff,0x17,0x17,0x17,0xff,0x17,0x17,0x17,0xff,0x17,0x17,0x17,0xff,
    0x17,0x17,0x17,0xff,0x17,0x17,0x17,0xff,0x17,0x17,0x17,0xff,0x17,0x17,0x17,0xff,
    0x17,0x17,0x17,0xff,0x17,0x17,0x17,0xff,0x16,0x16,0x16,0xff,0x22,0x22,0x22,0xff,
    0x00,0x00,0x00,0x00,0x00,0x00,0x00,0x00,0x00,0x00,0x00,0x00,0x00,0x00,0x00,0x00,
    0x00,0x00,0x00,0x00,0x00,0x00,0x00,0x00,0x00,0x00,0x00,0x00,0x00,0x00,0x00,0x00,
    0x27,0x27,0x27,0xff,0x28,0x28,0x28,0xff,0x25,0x25,0x25,0xff,0x17,0x17,0x17,0xff,
    0x17,0x17,0x17,0xff,0x17,0x17,0x17,0xff,0x17,0x17,0x17,0xff,0x17,0x17,0x17,0xff,
    0x17,0x17,0x17,0xff,0x17,0x17,0x17,0xff,0x17,0x17,0x17,0xff,0x17,0x17,0x17,0xff,
    0x17,0x17,0x17,0xff,0x17,0x17,0x17,0xff,0x17,0x17,0x17,0xff,0x17,0x17,0x17,0xff,
    0x17,0x17,0x17,0xff,0x17,0x17,0x17,0xff,0x17,0x17,0x17,0xff,0x17,0x17,0x17,0xff,
    0x17,0x17,0x17,0xff,0x17,0x17,0x17,0xff,0x17,0x17,0x17,0xff,0x17,0x17,0x17,0xff,
    0x17,0x17,0x17,0xff,0x17,0x17,0x17,0xff,0x17,0x17,0x17,0xff,0x17,0x17,0x17,0xff,
    0x17,0x17,0x17,0xff,0x17,0x17,0x17,0xff,0x17,0x17,0x17,0xff,0x17,0x17,0x17,0xff,
    0x17,0x17,0x17,0xff,0x17,0x17,0x17,0xff,0x17,0x17,0x17,0xff,0x17,0x17,0x17,0xff,
    0x17,0x17,0x17,0xff,0x17,0x17,0x17,0xff,0x17,0x17,0x17,0xff,0x17,0x17,0x17,0xff,
    0x17,0x17,0x17,0xff,0x17,0x17,0x17,0xff,0x17,0x17,0x17,0xff,0x17,0x17,0x17,0xff,
    0x17,0x17,0x17,0xff,0x17,0x17,0x17,0xff,0x17,0x17,0x17,0xff,0x17,0x17,0x17,0xff,
    0x17,0x17,0x17,0xff,0x17,0x17,0x17,0xff,0x17,0x17,0x17,0xff,0x17,0x17,0x17,0xff,
    0x17,0x17,0x17,0xff,0x17,0x17,0x17,0xff,0x17,0x17,0x17,0xff,0x17,0x17,0x17,0xff,
    0x17,0x17,0x17,0xff,0x17,0x17,0x17,0xff,0x17,0x17,0x17,0xff,0x17,0x17,0x17,0xff,
    0x17,0x17,0x17,0xff,0x17,0x17,0x17,0xff,0x17,0x17,0x17,0xff,0x17,0x17,0x17,0xff,
    0x17,0x17,0x17,0xff,0x17,0x17,0x17,0xff,0x17,0x17,0x17,0xff,0x17,0x17,0x17,0xff,
    0x17,0x17,0x17,0xff,0x17,0x17,0x17,0xff,0x17,0x17,0x17,0xff,0x17,0x17,0x17,0xff,
    0x17,0x17,0x17,0xff,0x17,0x17,0x17,0xff,0x17,0x17,0x17,0xff,0x17,0x17,0x17,0xff,
    0x16,0x16,0x0e,0xff,0x1a,0x1a,0x45,0xff,0x23,0x23,0xc7,0xff,0x25,0x25,0xfa,0xff,
    0x26,0x26,0xfe,0xff,0x1b,0x1b,0x5d,0xff,0x17,0x17,0x13,0xff,0x17,0x17,0x16,0xff,
    0x17,0x17,0x17,0xff,0x17,0x17,0x17,0xff,0x17,0x17,0x17,0xff,0x17,0x17,0x17,0xff,
    0x17,0x17,0x17,0xff,0x17,0x17,0x17,0xff,0x17,0x17,0x17,0xff,0x17,0x17,0x17,0xff,
    0x17,0x17,0x17,0xff,0x17,0x17,0x17,0xff,0x17,0x17,0x17,0xff,0x17,0x17,0x17,0xff,
    0x17,0x17,0x17,0xff,0x17,0x17,0x17,0xff,0x17,0x17,0x17,0xff,0x17,0x17,0x17,0xff,
    0x17,0x17,0x17,0xff,0x17,0x17,0x17,0xff,0x17,0x17,0x17,0xff,0x17,0x17,0x17,0xff,
    0x17,0x17,0x17,0xff,0x17,0x17,0x17,0xff,0x17,0x17,0x17,0xff,0x17,0x17,0x17,0xff,
    0x17,0x17,0x17,0xff,0x17,0x17,0x17,0xff,0x17,0x17,0x17,0xff,0x17,0x17,0x17,0xff,
    0x17,0x17,0x17,0xff,0x17,0x17,0x17,0xff,0x17,0x17,0x17,0xff,0x17,0x17,0x17,0xff,
    0x17,0x17,0x17,0xff,0x17,0x17,0x17,0xff,0x17,0x17,0x17,0xff,0x17,0x17,0x17,0xff,
    0x17,0x17,0x17,0xff,0x17,0x17,0x17,0xff,0x17,0x17,0x17,0xff,0x17,0x17,0x17,0xff,
    0x17,0x17,0x17,0xff,0x17,0x17,0x17,0xff,0x17,0x17,0x17,0xff,0x17,0x17,0x17,0xff,
    0x17,0x17,0x17,0xff,0x17,0x17,0x17,0xff,0x17,0x17,0x17,0xff,0x17,0x17,0x17,0xff,
    0x17,0x17,0x17,0xff,0x17,0x17,0x17,0xff,0x17,0x17,0x17,0xff,0x17,0x17,0x17,0xff,
    0x17,0x17,0x17,0xff,0x17,0x17,0x17,0xff,0x17,0x17,0x17,0xff,0x17,0x17,0x17,0xff,
    0x17,0x17,0x17,0xff,0x17,0x17,0x17,0xff,0x17,0x17,0x17,0xff,0x17,0x17,0x17,0xff,
    0x17,0x17,0x17,0xff,0x17,0x17,0x17,0xff,0x17,0x17,0x17,0xff,0x17,0x17,0x17,0xff,
    0x17,0x17,0x17,0xff,0x17,0x17,0x17,0xff,0x16,0x16,0x16,0xff,0x22,0x22,0x22,0xff,
    0x00,0x00,0x00,0x00,0x00,0x00,0x00,0x00,0x00,0x00,0x00,0x00,0x00,0x00,0x00,0x00,
    0x00,0x00,0x00,0x00,0x00,0x00,0x00,0x00,0x00,0x00,0x00,0x00,0x00,0x00,0x00,0x00,
    0x27,0x27,0x27,0xff,0x28,0x28,0x28,0xff,0x25,0x25,0x25,0xff,0x17,0x17,0x17,0xff,
    0x17,0x17,0x17,0xff,0x17,0x17,0x17,0xff,0x17,0x17,0x17,0xff,0x17,0x17,0x17,0xff,
    0x17,0x17,0x17,0xff,0x17,0x17,0x17,0xff,0x17,0x17,0x17,0xff,0x17,0x17,0x17,0xff,
    0x17,0x17,0x17,0xff,0x17,0x17,0x17,0xff,0x17,0x17,0x17,0xff,0x17,0x17,0x17,0xff,
    0x17,0x17,0x17,0xff,0x17,0x17,0x17,0xff,0x17,0x17,0x17,0xff,0x17,0x17,0x17,0xff,
    0x17,0x17,0x17,0xff,0x17,0x17,0x17,0xff,0x17,0x17,0x17,0xff,0x17,0x17,0x17,0xff,
    0x17,0x17,0x17,0xff,0x17,0x17,0x17,0xff,0x17,0x17,0x17,0xff,0x17,0x17,0x17,0xff,
    0x17,0x17,0x17,0xff,0x17,0x17,0x17,0xff,0x17,0x17,0x17,0xff,0x17,0x17,0x17,0xff,
    0x17,0x17,0x17,0xff,0x17,0x17,0x17,0xff,0x17,0x17,0x17,0xff,0x17,0x17,0x17,0xff,
    0x17,0x17,0x17,0xff,0x17,0x17,0x17,0xff,0x17,0x17,0x17,0xff,0x17,0x17,0x17,0xff,
    0x17,0x17,0x17,0xff,0x17,0x17,0x17,0xff,0x17,0x17,0x17,0xff,0x17,0x17,0x17,0xff,
    0x17,0x17,0x17,0xff,0x17,0x17,0x17,0xff,0x17,0x17,0x17,0xff,0x17,0x17,0x17,0xff,
    0x17,0x17,0x17,0xff,0x17,0x17,0x17,0xff,0x17,0x17,0x17,0xff,0x17,0x17,0x17,0xff,
    0x17,0x17,0x17,0xff,0x17,0x17,0x17,0xff,0x17,0x17,0x17,0xff,0x17,0x17,0x17,0xff,
    0x17,0x17,0x17,0xff,0x17,0x17,0x17,0xff,0x17,0x17,0x17,0xff,0x17,0x17,0x17,0xff,
    0x17,0x17,0x17,0xff,0x17,0x17,0x17,0xff,0x17,0x17,0x17,0xff,0x17,0x17,0x17,0xff,
    0x17,0x17,0x17,0xff,0x17,0x17,0x17,0xff,0x17,0x17,0x17,0xff,0x17,0x17,0x17,0xff,
    0x17,0x17,0x17,0xff,0x17,0x17,0x17,0xff,0x17,0x17,0x17,0xff,0x17,0x17,0x17,0xff,
    0x17,0x17,0x17,0xff,0x17,0x17,0x17,0xff,0x17,0x17,0x17,0xff,0x17,0x17,0x17,0xff,
    0x16,0x16,0x0e,0xff,0x1a,0x1a,0x3e,0xff,0x21,0x21,0xb7,0xff,0x25,0x25,0xfa,0xff,
    0x24,0x24,0xdd,0xff,0x19,0x19,0x44,0xff,0x16,0x16,0x0c,0xff,0x17,0x17,0x17,0xff,
    0x17,0x17,0x17,0xff,0x17,0x17,0x17,0xff,0x17,0x17,0x17,0xff,0x17,0x17,0x17,0xff,
    0x17,0x17,0x17,0xff,0x17,0x17,0x17,0xff,0x17,0x17,0x17,0xff,0x17,0x17,0x17,0xff,
    0x17,0x17,0x17,0xff,0x17,0x17,0x17,0xff,0x17,0x17,0x17,0xff,0x17,0x17,0x17,0xff,
    0x17,0x17,0x17,0xff,0x17,0x17,0x17,0xff,0x17,0x17,0x17,0xff,0x17,0x17,0x17,0xff,
    0x17,0x17,0x17,0xff,0x17,0x17,0x17,0xff,0x17,0x17,0x17,0xff,0x17,0x17,0x17,0xff,
    0x17,0x17,0x17,0xff,0x17,0x17,0x17,0xff,0x17,0x17,0x17,0xff,0x17,0x17,0x17,0xff,
    0x17,0x17,0x17,0xff,0x17,0x17,0x17,0xff,0x17,0x17,0x17,0xff,0x17,0x17,0x17,0xff,
    0x17,0x17,0x17,0xff,0x17,0x17,0x17,0xff,0x17,0x17,0x17,0xff,0x17,0x17,0x17,0xff,
    0x17,0x17,0x17,0xff,0x17,0x17,0x17,0xff,0x17,0x17,0x17,0xff,0x17,0x17,0x17,0xff,
    0x17,0x17,0x17,0xff,0x17,0x17,0x17,0xff,0x17,0x17,0x17,0xff,0x17,0x17,0x17,0xff,
    0x17,0x17,0x17,0xff,0x17,0x17,0x17,0xff,0x17,0x17,0x17,0xff,0x17,0x17,0x17,0xff,
    0x17,0x17,0x17,0xff,0x17,0x17,0x17,0xff,0x17,0x17,0x17,0xff,0x17,0x17,0x17,0xff,
    0x17,0x17,0x17,0xff,0x17,0x17,0x17,0xff,0x17,0x17,0x17,0xff,0x17,0x17,0x17,0xff,
    0x17,0x17,0x17,0xff,0x17,0x17,0x17,0xff,0x17,0x17,0x17,0xff,0x17,0x17,0x17,0xff,
    0x17,0x17,0x17,0xff,0x17,0x17,0x17,0xff,0x17,0x17,0x17,0xff,0x17,0x17,0x17,0xff,
    0x17,0x17,0x17,0xff,0x17,0x17,0x17,0xff,0x17,0x17,0x17,0xff,0x17,0x17,0x17,0xff,
    0x17,0x17,0x17,0xff,0x17,0x17,0x17,0xff,0x16,0x16,0x16,0xff,0x22,0x22,0x22,0xff,
    0x00,0x00,0x00,0x00,0x00,0x00,0x00,0x00,0x00,0x00,0x00,0x00,0x00,0x00,0x00,0x00,
    0x00,0x00,0x00,0x00,0x00,0x00,0x00,0x00,0x00,0x00,0x00,0x00,0x00,0x00,0x00,0x00,
    0x27,0x27,0x27,0xff,0x28,0x28,0x28,0xff,0x25,0x25,0x25,0xff,0x17,0x17,0x17,0xff,
    0x17,0x17,0x17,0xff,0x17,0x17,0x17,0xff,0x17,0x17,0x17,0xff,0x17,0x17,0x17,0xff,
    0x17,0x17,0x17,0xff,0x17,0x17,0x17,0xff,0x17,0x17,0x17,0xff,0x17,0x17,0x17,0xff,
    0x17,0x17,0x17,0xff,0x17,0x17,0x17,0xff,0x17,0x17,0x17,0xff,0x17,0x17,0x17,0xff,
    0x17,0x17,0x17,0xff,0x17,0x17,0x17,0xff,0x17,0x17,0x17,0xff,0x17,0x17,0x17,0xff,
    0x17,0x17,0x17,0xff,0x17,0x17,0x17,0xff,0x17,0x17,0x17,0xff,0x17,0x17,0x17,0xff,
    0x17,0x17,0x17,0xff,0x17,0x17,0x17,0xff,0x17,0x17,0x17,0xff,0x17,0x17,0x17,0xff,
    0x17,0x17,0x17,0xff,0x17,0x17,0x17,0xff,0x17,0x17,0x17,0xff,0x17,0x17,0x17,0xff,
    0x17,0x17,0x17,0xff,0x17,0x17,0x17,0xff,0x17,0x17,0x17,0xff,0x17,0x17,0x17,0xff,
    0x17,0x17,0x17,0xff,0x17,0x17,0x17,0xff,0x17,0x17,0x17,0xff,0x17,0x17,0x17,0xff,
    0x17,0x17,0x17,0xff,0x17,0x17,0x17,0xff,0x17,0x17,0x17,0xff,0x17,0x17,0x17,0xff,
    0x17,0x17,0x17,0xff,0x17,0x17,0x17,0xff,0x17,0x17,0x17,0xff,0x17,0x17,0x17,0xff,
    0x17,0x17,0x17,0xff,0x17,0x17,0x17,0xff,0x17,0x17,0x17,0xff,0x17,0x17,0x17,0xff,
    0x17,0x17,0x17,0xff,0x17,0x17,0x17,0xff,0x17,0x17,0x17,0xff,0x17,0x17,0x17,0xff,
    0x17,0x17,0x17,0xff,0x17,0x17,0x17,0xff,0x17,0x17,0x17,0xff,0x17,0x17,0x17,0xff,
    0x17,0x17,0x17,0xff,0x17,0x17,0x17,0xff,0x17,0x17,0x17,0xff,0x17,0x17,0x17,0xff,
    0x17,0x17,0x17,0xff,0x17,0x17,0x17,0xff,0x17,0x17,0x17,0xff,0x17,0x17,0x17,0xff,
    0x17,0x17,0x17,0xff,0x17,0x17,0x17,0xff,0x17,0x17,0x17,0xff,0x17,0x17,0x17,0xff,
    0x17,0x17,0x17,0xff,0x17,0x17,0x17,0xff,0x17,0x17,0x17,0xff,0x17,0x17,0x17,0xff,
    0x17,0x17,0x0f,0xff,0x19,0x19,0x39,0xff,0x20,0x20,0xac,0xff,0x25,0x25,0xfb,0xff,
    0x20,0x20,0xa9,0xff,0x19,0x19,0x35,0xff,0x16,0x16,0x10,0xff,0x17,0x17,0x17,0xff,
    0x17,0x17,0x17,0xff,0x17,0x17,0x17,0xff,0x17,0x17,0x17,0xff,0x17,0x17,0x17,0xff,
    0x17,0x17,0x17,0xff,0x17,0x17,0x17,0xff,0x17,0x17,0x17,0xff,0x17,0x17,0x17,0xff,
    0x17,0x17,0x17,0xff,0x17,0x17,0x17,0xff,0x17,0x17,0x17,0xff,0x17,0x17,0x17,0xff,
    0x17,0x17,0x17,0xff,0x17,0x17,0x17,0xff,0x17,0x17,0x17,0xff,0x17,0x17,0x17,0xff,
    0x17,0x17,0x17,0xff,0x17,0x17,0x17,0xff,0x17,0x17,0x17,0xff,0x17,0x17,0x17,0xff,
    0x17,0x17,0x17,0xff,0x17,0x17,0x17,0xff,0x17,0x17,0x17,0xff,0x17,0x17,0x17,0xff,
    0x17,0x17,0x17,0xff,0x17,0x17,0x17,0xff,0x17,0x17,0x17,0xff,0x17,0x17,0x17,0xff,
    0x17,0x17,0x17,0xff,0x17,0x17,0x17,0xff,0x17,0x17,0x17,0xff,0x17,0x17,0x17,0xff,
    0x17,0x17,0x17,0xff,0x17,0x17,0x17,0xff,0x17,0x17,0x17,0xff,0x17,0x17,0x17,0xff,
    0x17,0x17,0x17,0xff,0x17,0x17,0x17,0xff,0x17,0x17,0x17,0xff,0x17,0x17,0x17,0xff,
    0x17,0x17,0x17,0xff,0x17,0x17,0x17,0xff,0x17,0x17,0x17,0xff,0x17,0x17,0x17,0xff,
    0x17,0x17,0x17,0xff,0x17,0x17,0x17,0xff,0x17,0x17,0x17,0xff,0x17,0x17,0x17,0xff,
    0x17,0x17,0x17,0xff,0x17,0x17,0x17,0xff,0x17,0x17,0x17,0xff,0x17,0x17,0x17,0xff,
    0x17,0x17,0x17,0xff,0x17,0x17,0x17,0xff,0x17,0x17,0x17,0xff,0x17,0x17,0x17,0xff,
    0x17,0x17,0x17,0xff,0x17,0x17,0x17,0xff,0x17,0x17,0x17,0xff,0x17,0x17,0x17,0xff,
    0x17,0x17,0x17,0xff,0x17,0x17,0x17,0xff,0x17,0x17,0x17,0xff,0x17,0x17,0x17,0xff,
    0x17,0x17,0x17,0xff,0x17,0x17,0x17,0xff,0x16,0x16,0x16,0xff,0x22,0x22,0x22,0xff,
    0x00,0x00,0x00,0x00,0x00,0x00,0x00,0x00,0x00,0x00,0x00,0x00,0x00,0x00,0x00,0x00,
    0x00,0x00,0x00,0x00,0x00,0x00,0x00,0x00,0x00,0x00,0x00,0x00,0x00,0x00,0x00,0x00,
    0x27,0x27,0x27,0xff,0x28,0x28,0x28,0xff,0x25,0x25,0x25,0xff,0x17,0x17,0x17,0xff,
    0x17,0x17,0x17,0xff,0x17,0x17,0x17,0xff,0x17,0x17,0x17,0xff,0x17,0x17,0x17,0xff,
    0x17,0x17,0x17,0xff,0x17,0x17,0x17,0xff,0x17,0x17,0x17,0xff,0x17,0x17,0x17,0xff,
    0x17,0x17,0x17,0xff,0x17,0x17,0x17,0xff,0x17,0x17,0x17,0xff,0x17,0x17,0x17,0xff,
    0x17,0x17,0x17,0xff,0x17,0x17,0x17,0xff,0x17,0x17,0x17,0xff,0x17,0x17,0x17,0xff,
    0x17,0x17,0x17,0xff,0x17,0x17,0x17,0xff,0x17,0x17,0x17,0xff,0x17,0x17,0x17,0xff,
    0x17,0x17,0x17,0xff,0x17,0x17,0x17,0xff,0x17,0x17,0x17,0xff,0x17,0x17,0x17,0xff,
    0x17,0x17,0x17,0xff,0x17,0x17,0x17,0xff,0x17,0x17,0x17,0xff,0x17,0x17,0x17,0xff,
    0x17,0x17,0x17,0xff,0x17,0x17,0x17,0xff,0x17,0x17,0x17,0xff,0x17,0x17,0x17,0xff,
    0x17,0x17,0x17,0xff,0x17,0x17,0x17,0xff,0x17,0x17,0x17,0xff,0x17,0x17,0x17,0xff,
    0x17,0x17,0x17,0xff,0x17,0x17,0x17,0xff,0x17,0x17,0x17,0xff,0x17,0x17,0x17,0xff,
    0x17,0x17,0x17,0xff,0x17,0x17,0x17,0xff,0x17,0x17,0x17,0xff,0x17,0x17,0x17,0xff,
    0x17,0x17,0x17,0xff,0x17,0x17,0x17,0xff,0x17,0x17,0x17,0xff,0x17,0x17,0x17,0xff,
    0x17,0x17,0x17,0xff,0x17,0x17,0x17,0xff,0x17,0x17,0x17,0xff,0x17,0x17,0x17,0xff,
    0x17,0x17,0x17,0xff,0x17,0x17,0x17,0xff,0x17,0x17,0x17,0xff,0x17,0x17,0x17,0xff,
    0x17,0x17,0x17,0xff,0x17,0x17,0x17,0xff,0x17,0x17,0x17,0xff,0x17,0x17,0x17,0xff,
    0x17,0x17,0x17,0xff,0x17,0x17,0x17,0xff,0x17,0x17,0x17,0xff,0x17,0x17,0x17,0xff,
    0x17,0x17,0x17,0xff,0x17,0x17,0x17,0xff,0x17,0x17,0x17,0xff,0x17,0x17,0x17,0xff,
    0x17,0x17,0x17,0xff,0x17,0x17,0x17,0xff,0x17,0x17,0x17,0xff,0x17,0x17,0x17,0xff,
    0x17,0x17,0x10,0xff,0x19,0x19,0x36,0xff,0x20,0x20,0xa0,0xff,0x25,0x25,0xf3,0xff,
    0x1c,0x1c,0x75,0xff,0x18,0x18,0x27,0xff,0x17,0x17,0x13,0xff,0x17,0x17,0x17,0xff,
    0x17,0x17,0x17,0xff,0x17,0x17,0x17,0xff,0x17,0x17,0x17,0xff,0x17,0x17,0x17,0xff,
    0x17,0x17,0x17,0xff,0x17,0x17,0x17,0xff,0x17,0x17,0x17,0xff,0x17,0x17,0x17,0xff,
    0x17,0x17,0x17,0xff,0x17,0x17,0x17,0xff,0x17,0x17,0x17,0xff,0x17,0x17,0x17,0xff,
    0x17,0x17,0x17,0xff,0x17,0x17,0x17,0xff,0x17,0x17,0x17,0xff,0x17,0x17,0x17,0xff,
    0x17,0x17,0x17,0xff,0x17,0x17,0x17,0xff,0x17,0x17,0x17,0xff,0x17,0x17,0x17,0xff,
    0x17,0x17,0x17,0xff,0x17,0x17,0x17,0xff,0x17,0x17,0x17,0xff,0x17,0x17,0x17,0xff,
    0x17,0x17,0x17,0xff,0x17,0x17,0x17,0xff,0x17,0x17,0x17,0xff,0x17,0x17,0x17,0xff,
    0x17,0x17,0x17,0xff,0x17,0x17,0x17,0xff,0x17,0x17,0x17,0xff,0x17,0x17,0x17,0xff,
    0x17,0x17,0x17,0xff,0x17,0x17,0x17,0xff,0x17,0x17,0x17,0xff,0x17,0x17,0x17,0xff,
    0x17,0x17,0x17,0xff,0x17,0x17,0x17,0xff,0x17,0x17,0x17,0xff,0x17,0x17,0x17,0xff,
    0x17,0x17,0x17,0xff,0x17,0x17,0x17,0xff,0x17,0x17,0x17,0xff,0x17,0x17,0x17,0xff,
    0x17,0x17,0x17,0xff,0x17,0x17,0x17,0xff,0x17,0x17,0x17,0xff,0x17,0x17,0x17,0xff,
    0x17,0x17,0x17,0xff,0x17,0x17,0x17,0xff,0x17,0x17,0x17,0xff,0x17,0x17,0x17,0xff,
    0x17,0x17,0x17,0xff,0x17,0x17,0x17,0xff,0x17,0x17,0x17,0xff,0x17,0x17,0x17,0xff,
    0x17,0x17,0x17,0xff,0x17,0x17,0x17,0xff,0x17,0x17,0x17,0xff,0x17,0x17,0x17,0xff,
    0x17,0x17,0x17,0xff,0x17,0x17,0x17,0xff,0x17,0x17,0x17,0xff,0x17,0x17,0x17,0xff,
    0x17,0x17,0x17,0xff,0x17,0x17,0x17,0xff,0x16,0x16,0x16,0xff,0x22,0x22,0x22,0xff,
    0x00,0x00,0x00,0x00,0x00,0x00,0x00,0x00,0x00,0x00,0x00,0x00,0x00,0x00,0x00,0x00,
    0x00,0x00,0x00,0x00,0x00,0x00,0x00,0x00,0x00,0x00,0x00,0x00,0x00,0x00,0x00,0x00,
    0x27,0x27,0x27,0xff,0x28,0x28,0x28,0xff,0x25,0x25,0x25,0xff,0x17,0x17,0x17,0xff,
    0x17,0x17,0x17,0xff,0x17,0x17,0x17,0xff,0x17,0x17,0x17,0xff,0x17,0x17,0x17,0xff,
    0x17,0x17,0x17,0xff,0x17,0x17,0x17,0xff,0x17,0x17,0x17,0xff,0x17,0x17,0x17,0xff,
    0x17,0x17,0x17,0xff,0x17,0x17,0x17,0xff,0x17,0x17,0x17,0xff,0x17,0x17,0x17,0xff,
    0x17,0x17,0x17,0xff,0x17,0x17,0x17,0xff,0x17,0x17,0x17,0xff,0x17,0x17,0x17,0xff,
    0x17,0x17,0x17,0xff,0x17,0x17,0x17,0xff,0x17,0x17,0x17,0xff,0x17,0x17,0x17,0xff,
    0x17,0x17,0x17,0xff,0x17,0x17,0x17,0xff,0x17,0x17,0x17,0xff,0x17,0x17,0x17,0xff,
    0x17,0x17,0x17,0xff,0x17,0x17,0x17,0xff,0x17,0x17,0x17,0xff,0x17,0x17,0x17,0xff,
    0x17,0x17,0x17,0xff,0x17,0x17,0x17,0xff,0x17,0x17,0x17,0xff,0x17,0x17,0x17,0xff,
    0x17,0x17,0x17,0xff,0x17,0x17,0x17,0xff,0x17,0x17,0x17,0xff,0x17,0x17,0x17,0xff,
    0x17,0x17,0x17,0xff,0x17,0x17,0x17,0xff,0x17,0x17,0x17,0xff,0x17,0x17,0x17,0xff,
    0x17,0x17,0x17,0xff,0x17,0x17,0x17,0xff,0x17,0x17,0x17,0xff,0x17,0x17,0x17,0xff,
    0x17,0x17,0x17,0xff,0x17,0x17,0x17,0xff,0x17,0x17,0x17,0xff,0x17,0x17,0x17,0xff,
    0x17,0x17,0x17,0xff,0x17,0x17,0x17,0xff,0x17,0x17,0x17,0xff,0x17,0x17,0x17,0xff,
    0x17,0x17,0x17,0xff,0x17,0x17,0x17,0xff,0x17,0x17,0x17,0xff,0x17,0x17,0x17,0xff,
    0x17,0x17,0x17,0xff,0x17,0x17,0x17,0xff,0x17,0x17,0x17,0xff,0x17,0x17,0x17,0xff,
    0x17,0x17,0x17,0xff,0x17,0x17,0x17,0xff,0x17,0x17,0x17,0xff,0x17,0x17,0x17,0xff,
    0x17,0x17,0x17,0xff,0x17,0x17,0x17,0xff,0x17,0x17,0x17,0xff,0x17,0x17,0x17,0xff,
    0x17,0x17,0x17,0xff,0x17,0x17,0x17,0xff,0x17,0x17,0x17,0xff,0x17,0x17,0x17,0xff,
    0x17,0x17,0x13,0xff,0x18,0x18,0x26,0xff,0x1c,0x1c,0x6b,0xff,0x21,0x21,0xbd,0xff,
    0x19,0x19,0x38,0xff,0x17,0x17,0x17,0xff,0x17,0x17,0x16,0xff,0x17,0x17,0x17,0xff,
    0x17,0x17,0x17,0xff,0x17,0x17,0x17,0xff,0x17,0x17,0x17,0xff,0x17,0x17,0x17,0xff,
    0x17,0x17,0x17,0xff,0x17,0x17,0x17,0xff,0x17,0x17,0x17,0xff,0x17,0x17,0x17,0xff,
    0x17,0x17,0x17,0xff,0x17,0x17,0x17,0xff,0x17,0x17,0x17,0xff,0x17,0x17,0x17,0xff,
    0x17,0x17,0x17,0xff,0x17,0x17,0x17,0xff,0x17,0x17,0x17,0xff,0x17,0x17,0x17,0xff,
    0x17,0x17,0x17,0xff,0x17,0x17,0x17,0xff,0x17,0x17,0x17,0xff,0x17,0x17,0x17,0xff,
    0x17,0x17,0x17,0xff,0x17,0x17,0x17,0xff,0x17,0x17,0x17,0xff,0x17,0x17,0x17,0xff,
    0x17,0x17,0x17,0xff,0x17,0x17,0x17,0xff,0x17,0x17,0x17,0xff,0x17,0x17,0x17,0xff,
    0x17,0x17,0x17,0xff,0x17,0x17,0x17,0xff,0x17,0x17,0x17,0xff,0x17,0x17,0x17,0xff,
    0x17,0x17,0x17,0xff,0x17,0x17,0x17,0xff,0x17,0x17,0x17,0xff,0x17,0x17,0x17,0xff,
    0x17,0x17,0x17,0xff,0x17,0x17,0x17,0xff,0x17,0x17,0x17,0xff,0x17,0x17,0x17,0xff,
    0x17,0x17,0x17,0xff,0x17,0x17,0x17,0xff,0x17,0x17,0x17,0xff,0x17,0x17,0x17,0xff,
    0x17,0x17,0x17,0xff,0x17,0x17,0x17,0xff,0x17,0x17,0x17,0xff,0x17,0x17,0x17,0xff,
    0x17,0x17,0x17,0xff,0x17,0x17,0x17,0xff,0x17,0x17,0x17,0xff,0x17,0x17,0x17,0xff,
    0x17,0x17,0x17,0xff,0x17,0x17,0x17,0xff,0x17,0x17,0x17,0xff,0x17,0x17,0x17,0xff,
    0x17,0x17,0x17,0xff,0x17,0x17,0x17,0xff,0x17,0x17,0x17,0xff,0x17,0x17,0x17,0xff,
    0x17,0x17,0x17,0xff,0x17,0x17,0x17,0xff,0x17,0x17,0x17,0xff,0x17,0x17,0x17,0xff,
    0x17,0x17,0x17,0xff,0x17,0x17,0x17,0xff,0x16,0x16,0x16,0xff,0x22,0x22,0x22,0xff,
    0x00,0x00,0x00,0x00,0x00,0x00,0x00,0x00,0x00,0x00,0x00,0x00,0x00,0x00,0x00,0x00,
    0x00,0x00,0x00,0x00,0x00,0x00,0x00,0x00,0x00,0x00,0x00,0x00,0x00,0x00,0x00,0x00,
    0x27,0x27,0x27,0xff,0x28,0x28,0x28,0xff,0x25,0x25,0x25,0xff,0x17,0x17,0x17,0xff,
    0x17,0x17,0x17,0xff,0x17,0x17,0x17,0xff,0x17,0x17,0x17,0xff,0x17,0x17,0x17,0xff,
    0x17,0x17,0x17,0xff,0x17,0x17,0x17,0xff,0x17,0x17,0x17,0xff,0x17,0x17,0x17,0xff,
    0x17,0x17,0x17,0xff,0x17,0x17,0x17,0xff,0x17,0x17,0x17,0xff,0x17,0x17,0x17,0xff,
    0x17,0x17,0x17,0xff,0x17,0x17,0x17,0xff,0x17,0x17,0x17,0xff,0x17,0x17,0x17,0xff,
    0x17,0x17,0x17,0xff,0x17,0x17,0x17,0xff,0x17,0x17,0x17,0xff,0x17,0x17,0x17,0xff,
    0x17,0x17,0x17,0xff,0x17,0x17,0x17,0xff,0x17,0x17,0x17,0xff,0x17,0x17,0x17,0xff,
    0x17,0x17,0x17,0xff,0x17,0x17,0x17,0xff,0x17,0x17,0x17,0xff,0x17,0x17,0x17,0xff,
    0x17,0x17,0x17,0xff,0x17,0x17,0x17,0xff,0x17,0x17,0x17,0xff,0x17,0x17,0x17,0xff,
    0x17,0x17,0x17,0xff,0x17,0x17,0x17,0xff,0x17,0x17,0x17,0xff,0x17,0x17,0x17,0xff,
    0x17,0x17,0x17,0xff,0x17,0x17,0x17,0xff,0x17,0x17,0x17,0xff,0x17,0x17,0x17,0xff,
    0x17,0x17,0x17,0xff,0x17,0x17,0x17,0xff,0x17,0x17,0x17,0xff,0x17,0x17,0x17,0xff,
    0x17,0x17,0x17,0xff,0x17,0x17,0x17,0xff,0x17,0x17,0x17,0xff,0x17,0x17,0x17,0xff,
    0x17,0x17,0x17,0xff,0x17,0x17,0x17,0xff,0x17,0x17,0x17,0xff,0x17,0x17,0x17,0xff,
    0x17,0x17,0x17,0xff,0x17,0x17,0x17,0xff,0x17,0x17,0x17,0xff,0x17,0x17,0x17,0xff,
    0x17,0x17,0x17,0xff,0x17,0x17,0x17,0xff,0x17,0x17,0x17,0xff,0x17,0x17,0x17,0xff,
    0x17,0x17,0x17,0xff,0x17,0x17,0x17,0xff,0x17,0x17,0x17,0xff,0x17,0x17,0x17,0xff,
    0x17,0x17,0x17,0xff,0x17,0x17,0x17,0xff,0x17,0x17,0x17,0xff,0x17,0x17,0x17,0xff,
    0x17,0x17,0x17,0xff,0x17,0x17,0x17,0xff,0x17,0x17,0x17,0xff,0x17,0x17,0x17,0xff,
    0x17,0x17,0x17,0xff,0x17,0x17,0x18,0xff,0x18,0x18,0x20,0xff,0x18,0x18,0x29,0xff,
    0x17,0x17,0x1a,0xff,0x17,0x17,0x17,0xff,0x17,0x17,0x17,0xff,0x17,0x17,0x17,0xff,
    0x17,0x17,0x17,0xff,0x17,0x17,0x17,0xff,0x17,0x17,0x17,0xff,0x17,0x17,0x17,0xff,
    0x17,0x17,0x17,0xff,0x17,0x17,0x17,0xff,0x17,0x17,0x17,0xff,0x17,0x17,0x17,0xff,
    0x17,0x17,0x17,0xff,0x17,0x17,0x17,0xff,0x17,0x17,0x17,0xff,0x17,0x17,0x17,0xff,
    0x17,0x17,0x17,0xff,0x17,0x17,0x17,0xff,0x17,0x17,0x17,0xff,0x17,0x17,0x17,0xff,
    0x17,0x17,0x17,0xff,0x17,0x17,0x17,0xff,0x17,0x17,0x17,0xff,0x17,0x17,0x17,0xff,
    0x17,0x17,0x17,0xff,0x17,0x17,0x17,0xff,0x17,0x17,0x17,0xff,0x17,0x17,0x17,0xff,
    0x17,0x17,0x17,0xff,0x17,0x17,0x17,0xff,0x17,0x17,0x17,0xff,0x17,0x17,0x17,0xff,
    0x17,0x17,0x17,0xff,0x17,0x17,0x17,0xff,0x17,0x17,0x17,0xff,0x17,0x17,0x17,0xff,
    0x17,0x17,0x17,0xff,0x17,0x17,0x17,0xff,0x17,0x17,0x17,0xff,0x17,0x17,0x17,0xff,
    0x17,0x17,0x17,0xff,0x17,0x17,0x17,0xff,0x17,0x17,0x17,0xff,0x17,0x17,0x17,0xff,
    0x17,0x17,0x17,0xff,0x17,0x17,0x17,0xff,0x17,0x17,0x17,0xff,0x17,0x17,0x17,0xff,
    0x17,0x17,0x17,0xff,0x17,0x17,0x17,0xff,0x17,0x17,0x17,0xff,0x17,0x17,0x17,0xff,
    0x17,0x17,0x17,0xff,0x17,0x17,0x17,0xff,0x17,0x17,0x17,0xff,0x17,0x17,0x17,0xff,
    0x17,0x17,0x17,0xff,0x17,0x17,0x17,0xff,0x17,0x17,0x17,0xff,0x17,0x17,0x17,0xff,
    0x17,0x17,0x17,0xff,0x17,0x17,0x17,0xff,0x17,0x17,0x17,0xff,0x17,0x17,0x17,0xff,
    0x17,0x17,0x17,0xff,0x17,0x17,0x17,0xff,0x17,0x17,0x17,0xff,0x17,0x17,0x17,0xff,
    0x17,0x17,0x17,0xff,0x17,0x17,0x17,0xff,0x16,0x16,0x16,0xff,0x22,0x22,0x22,0xff,
    0x00,0x00,0x00,0x00,0x00,0x00,0x00,0x00,0x00,0x00,0x00,0x00,0x00,0x00,0x00,0x00,
    0x00,0x00,0x00,0x00,0x00,0x00,0x00,0x00,0x00,0x00,0x00,0x00,0x00,0x00,0x00,0x00,
    0x27,0x27,0x27,0xff,0x28,0x28,0x28,0xff,0x25,0x25,0x25,0xff,0x17,0x17,0x17,0xff,
    0x17,0x17,0x17,0xff,0x17,0x17,0x17,0xff,0x17,0x17,0x17,0xff,0x17,0x17,0x17,0xff,
    0x17,0x17,0x17,0xff,0x17,0x17,0x17,0xff,0x17,0x17,0x17,0xff,0x17,0x17,0x17,0xff,
    0x17,0x17,0x17,0xff,0x17,0x17,0x17,0xff,0x17,0x17,0x17,0xff,0x17,0x17,0x17,0xff,
    0x17,0x17,0x17,0xff,0x17,0x17,0x17,0xff,0x17,0x17,0x17,0xff,0x17,0x17,0x17,0xff,
    0x17,0x17,0x17,0xff,0x17,0x17,0x17,0xff,0x17,0x17,0x17,0xff,0x17,0x17,0x17,0xff,
    0x17,0x17,0x17,0xff,0x17,0x17,0x17,0xff,0x17,0x17,0x17,0xff,0x17,0x17,0x17,0xff,
    0x17,0x17,0x17,0xff,0x17,0x17,0x17,0xff,0x17,0x17,0x17,0xff,0x17,0x17,0x17,0xff,
    0x17,0x17,0x17,0xff,0x17,0x17,0x17,0xff,0x17,0x17,0x17,0xff,0x17,0x17,0x17,0xff,
    0x17,0x17,0x17,0xff,0x17,0x17,0x17,0xff,0x17,0x17,0x17,0xff,0x17,0x17,0x17,0xff,
    0x17,0x17,0x17,0xff,0x17,0x17,0x17,0xff,0x17,0x17,0x17,0xff,0x17,0x17,0x17,0xff,
    0x17,0x17,0x17,0xff,0x17,0x17,0x17,0xff,0x17,0x17,0x17,0xff,0x17,0x17,0x17,0xff,
    0x17,0x17,0x17,0xff,0x17,0x17,0x17,0xff,0x17,0x17,0x17,0xff,0x17,0x17,0x17,0xff,
    0x17,0x17,0x17,0xff,0x17,0x17,0x17,0xff,0x17,0x17,0x17,0xff,0x17,0x17,0x17,0xff,
    0x17,0x17,0x17,0xff,0x17,0x17,0x17,0xff,0x17,0x17,0x17,0xff,0x17,0x17,0x17,0xff,
    0x17,0x17,0x17,0xff,0x17,0x17,0x17,0xff,0x17,0x17,0x17,0xff,0x17,0x17,0x17,0xff,
    0x17,0x17,0x17,0xff,0x17,0x17,0x17,0xff,0x17,0x17,0x17,0xff,0x17,0x17,0x17,0xff,
    0x17,0x17,0x17,0xff,0x17,0x17,0x17,0xff,0x17,0x17,0x17,0xff,0x17,0x17,0x17,0xff,
    0x17,0x17,0x17,0xff,0x17,0x17,0x17,0xff,0x17,0x17,0x17,0xff,0x17,0x17,0x17,0xff,
    0x17,0x17,0x17,0xff,0x17,0x17,0x16,0xff,0x17,0x17,0x14,0xff,0x17,0x17,0x11,0xff,
    0x17,0x17,0x16,0xff,0x17,0x17,0x17,0xff,0x17,0x17,0x17,0xff,0x17,0x17,0x17,0xff,
    0x17,0x17,0x17,0xff,0x17,0x17,0x17,0xff,0x17,0x17,0x17,0xff,0x17,0x17,0x17,0xff,
    0x17,0x17,0x17,0xff,0x17,0x17,0x17,0xff,0x17,0x17,0x17,0xff,0x17,0x17,0x17,0xff,
    0x17,0x17,0x17,0xff,0x17,0x17,0x17,0xff,0x17,0x17,0x17,0xff,0x17,0x17,0x17,0xff,
    0x17,0x17,0x17,0xff,0x17,0x17,0x17,0xff,0x17,0x17,0x17,0xff,0x17,0x17,0x17,0xff,
    0x17,0x17,0x17,0xff,0x17,0x17,0x17,0xff,0x17,0x17,0x17,0xff,0x17,0x17,0x17,0xff,
    0x17,0x17,0x17,0xff,0x17,0x17,0x17,0xff,0x17,0x17,0x17,0xff,0x17,0x17,0x17,0xff,
    0x17,0x17,0x17,0xff,0x17,0x17,0x17,0xff,0x17,0x17,0x17,0xff,0x17,0x17,0x17,0xff,
    0x17,0x17,0x17,0xff,0x17,0x17,0x17,0xff,0x17,0x17,0x17,0xff,0x17,0x17,0x17,0xff,
    0x17,0x17,0x17,0xff,0x17,0x17,0x17,0xff,0x17,0x17,0x17,0xff,0x17,0x17,0x17,0xff,
    0x17,0x17,0x17,0xff,0x17,0x17,0x17,0xff,0x17,0x17,0x17,0xff,0x17,0x17,0x17,0xff,
    0x17,0x17,0x17,0xff,0x17,0x17,0x17,0xff,0x17,0x17,0x17,0xff,0x17,0x17,0x17,0xff,
    0x17,0x17,0x17,0xff,0x17,0x17,0x17,0xff,0x17,0x17,0x17,0xff,0x17,0x17,0x17,0xff,
    0x17,0x17,0x17,0xff,0x17,0x17,0x17,0xff,0x17,0x17,0x17,0xff,0x17,0x17,0x17,0xff,
    0x17,0x17,0x17,0xff,0x17,0x17,0x17,0xff,0x17,0x17,0x17,0xff,0x17,0x17,0x17,0xff,
    0x17,0x17,0x17,0xff,0x17,0x17,0x17,0xff,0x17,0x17,0x17,0xff,0x17,0x17,0x17,0xff,
    0x17,0x17,0x17,0xff,0x17,0x17,0x17,0xff,0x17,0x17,0x17,0xff,0x17,0x17,0x17,0xff,
    0x17,0x17,0x17,0xff,0x17,0x17,0x17,0xff,0x16,0x16,0x16,0xff,0x22,0x22,0x22,0xff,
    0x00,0x00,0x00,0x00,0x00,0x00,0x00,0x00,0x00,0x00,0x00,0x00,0x00,0x00,0x00,0x00,
    0x00,0x00,0x00,0x00,0x00,0x00,0x00,0x00,0x00,0x00,0x00,0x00,0x00,0x00,0x00,0x00,
    0x27,0x27,0x27,0xff,0x28,0x28,0x28,0xff,0x25,0x25,0x25,0xff,0x17,0x17,0x17,0xff,
    0x17,0x17,0x17,0xff,0x17,0x17,0x17,0xff,0x17,0x17,0x17,0xff,0x17,0x17,0x17,0xff,
    0x17,0x17,0x17,0xff,0x17,0x17,0x17,0xff,0x17,0x17,0x17,0xff,0x17,0x17,0x17,0xff,
    0x17,0x17,0x17,0xff,0x17,0x17,0x17,0xff,0x17,0x17,0x17,0xff,0x17,0x17,0x17,0xff,
    0x17,0x17,0x17,0xff,0x17,0x17,0x17,0xff,0x17,0x17,0x17,0xff,0x17,0x17,0x17,0xff,
    0x17,0x17,0x17,0xff,0x17,0x17,0x17,0xff,0x17,0x17,0x17,0xff,0x17,0x17,0x17,0xff,
    0x17,0x17,0x17,0xff,0x17,0x17,0x17,0xff,0x17,0x17,0x17,0xff,0x17,0x17,0x17,0xff,
    0x17,0x17,0x17,0xff,0x17,0x17,0x17,0xff,0x17,0x17,0x17,0xff,0x17,0x17,0x17,0xff,
    0x17,0x17,0x17,0xff,0x17,0x17,0x17,0xff,0x17,0x17,0x17,0xff,0x17,0x17,0x17,0xff,
    0x17,0x17,0x17,0xff,0x17,0x17,0x17,0xff,0x17,0x17,0x17,0xff,0x17,0x17,0x17,0xff,
    0x17,0x17,0x17,0xff,0x17,0x17,0x17,0xff,0x17,0x17,0x17,0xff,0x17,0x17,0x17,0xff,
    0x17,0x17,0x17,0xff,0x17,0x17,0x17,0xff,0x17,0x17,0x17,0xff,0x17,0x17,0x17,0xff,
    0x17,0x17,0x17,0xff,0x17,0x17,0x17,0xff,0x17,0x17,0x17,0xff,0x17,0x17,0x17,0xff,
    0x17,0x17,0x17,0xff,0x17,0x17,0x17,0xff,0x17,0x17,0x17,0xff,0x17,0x17,0x17,0xff,
    0x17,0x17,0x17,0xff,0x17,0x17,0x17,0xff,0x17,0x17,0x17,0xff,0x17,0x17,0x17,0xff,
    0x17,0x17,0x17,0xff,0x17,0x17,0x17,0xff,0x17,0x17,0x17,0xff,0x17,0x17,0x17,0xff,
    0x17,0x17,0x17,0xff,0x17,0x17,0x17,0xff,0x17,0x17,0x17,0xff,0x17,0x17,0x17,0xff,
    0x17,0x17,0x17,0xff,0x17,0x17,0x17,0xff,0x17,0x17,0x17,0xff,0x17,0x17,0x17,0xff,
    0x17,0x17,0x17,0xff,0x17,0x17,0x17,0xff,0x17,0x17,0x17,0xff,0x17,0x17,0x17,0xff,
    0x17,0x17,0x17,0xff,0x17,0x17,0x17,0xff,0x17,0x17,0x17,0xff,0x17,0x17,0x17,0xff,
    0x17,0x17,0x17,0xff,0x17,0x17,0x17,0xff,0x17,0x17,0x17,0xff,0x17,0x17,0x17,0xff,
    0x17,0x17,0x17,0xff,0x17,0x17,0x17,0xff,0x17,0x17,0x17,0xff,0x17,0x17,0x17,0xff,
    0x17,0x17,0x17,0xff,0x17,0x17,0x17,0xff,0x17,0x17,0x17,0xff,0x17,0x17,0x17,0xff,
    0x17,0x17,0x17,0xff,0x17,0x17,0x17,0xff,0x17,0x17,0x17,0xff,0x17,0x17,0x17,0xff,
    0x17,0x17,0x17,0xff,0x17,0x17,0x17,0xff,0x17,0x17,0x17,0xff,0x17,0x17,0x17,0xff,
    0x17,0x17,0x17,0xff,0x17,0x17,0x17,0xff,0x17,0x17,0x17,0xff,0x17,0x17,0x17,0xff,
    0x17,0x17,0x17,0xff,0x17,0x17,0x17,0xff,0x17,0x17,0x17,0xff,0x17,0x17,0x17,0xff,
    0x17,0x17,0x17,0xff,0x17,0x17,0x17,0xff,0x17,0x17,0x17,0xff,0x17,0x17,0x17,0xff,
    0x17,0x17,0x17,0xff,0x17,0x17,0x17,0xff,0x17,0x17,0x17,0xff,0x17,0x17,0x17,0xff,
    0x17,0x17,0x17,0xff,0x17,0x17,0x17,0xff,0x17,0x17,0x17,0xff,0x17,0x17,0x17,0xff,
    0x17,0x17,0x17,0xff,0x17,0x17,0x17,0xff,0x17,0x17,0x17,0xff,0x17,0x17,0x17,0xff,
    0x17,0x17,0x17,0xff,0x17,0x17,0x17,0xff,0x17,0x17,0x17,0xff,0x17,0x17,0x17,0xff,
    0x17,0x17,0x17,0xff,0x17,0x17,0x17,0xff,0x17,0x17,0x17,0xff,0x17,0x17,0x17,0xff,
    0x17,0x17,0x17,0xff,0x17,0x17,0x17,0xff,0x17,0x17,0x17,0xff,0x17,0x17,0x17,0xff,
    0x17,0x17,0x17,0xff,0x17,0x17,0x17,0xff,0x17,0x17,0x17,0xff,0x17,0x17,0x17,0xff,
    0x17,0x17,0x17,0xff,0x17,0x17,0x17,0xff,0x17,0x17,0x17,0xff,0x17,0x17,0x17,0xff,
    0x17,0x17,0x17,0xff,0x17,0x17,0x17,0xff,0x17,0x17,0x17,0xff,0x17,0x17,0x17,0xff,
    0x17,0x17,0x17,0xff,0x17,0x17,0x17,0xff,0x16,0x16,0x16,0xff,0x22,0x22,0x22,0xff,
    0x00,0x00,0x00,0x00,0x00,0x00,0x00,0x00,0x00,0x00,0x00,0x00,0x00,0x00,0x00,0x00,
    0x00,0x00,0x00,0x00,0x00,0x00,0x00,0x00,0x00,0x00,0x00,0x00,0x00,0x00,0x00,0x00,
    0x27,0x27,0x27,0xff,0x28,0x28,0x28,0xff,0x25,0x25,0x25,0xff,0x17,0x17,0x17,0xff,
    0x17,0x17,0x17,0xff,0x17,0x17,0x17,0xff,0x17,0x17,0x17,0xff,0x17,0x17,0x17,0xff,
    0x17,0x17,0x17,0xff,0x17,0x17,0x17,0xff,0x17,0x17,0x17,0xff,0x17,0x17,0x17,0xff,
    0x17,0x17,0x17,0xff,0x17,0x17,0x17,0xff,0x17,0x17,0x17,0xff,0x17,0x17,0x17,0xff,
    0x17,0x17,0x17,0xff,0x17,0x17,0x17,0xff,0x17,0x17,0x17,0xff,0x17,0x17,0x17,0xff,
    0x17,0x17,0x17,0xff,0x17,0x17,0x17,0xff,0x17,0x17,0x17,0xff,0x17,0x17,0x17,0xff,
    0x17,0x17,0x17,0xff,0x17,0x17,0x17,0xff,0x17,0x17,0x17,0xff,0x17,0x17,0x17,0xff,
    0x17,0x17,0x17,0xff,0x17,0x17,0x17,0xff,0x17,0x17,0x17,0xff,0x17,0x17,0x17,0xff,
    0x17,0x17,0x17,0xff,0x17,0x17,0x17,0xff,0x17,0x17,0x17,0xff,0x17,0x17,0x17,0xff,
    0x17,0x17,0x17,0xff,0x17,0x17,0x17,0xff,0x17,0x17,0x17,0xff,0x17,0x17,0x17,0xff,
    0x17,0x17,0x17,0xff,0x17,0x17,0x17,0xff,0x17,0x17,0x17,0xff,0x17,0x17,0x17,0xff,
    0x17,0x17,0x17,0xff,0x17,0x17,0x17,0xff,0x17,0x17,0x17,0xff,0x17,0x17,0x17,0xff,
    0x17,0x17,0x17,0xff,0x17,0x17,0x17,0xff,0x17,0x17,0x17,0xff,0x17,0x17,0x17,0xff,
    0x17,0x17,0x17,0xff,0x17,0x17,0x17,0xff,0x17,0x17,0x17,0xff,0x17,0x17,0x17,0xff,
    0x17,0x17,0x17,0xff,0x17,0x17,0x17,0xff,0x17,0x17,0x17,0xff,0x17,0x17,0x17,0xff,
    0x17,0x17,0x17,0xff,0x17,0x17,0x17,0xff,0x17,0x17,0x17,0xff,0x17,0x17,0x17,0xff,
    0x17,0x17,0x17,0xff,0x17,0x17,0x17,0xff,0x17,0x17,0x17,0xff,0x17,0x17,0x17,0xff,
    0x17,0x17,0x17,0xff,0x17,0x17,0x17,0xff,0x17,0x17,0x17,0xff,0x17,0x17,0x17,0xff,
    0x17,0x17,0x17,0xff,0x17,0x17,0x17,0xff,0x17,0x17,0x17,0xff,0x17,0x17,0x17,0xff,
    0x17,0x17,0x17,0xff,0x17,0x17,0x17,0xff,0x17,0x17,0x17,0xff,0x17,0x17,0x17,0xff,
    0x17,0x17,0x17,0xff,0x17,0x17,0x17,0xff,0x17,0x17,0x17,0xff,0x17,0x17,0x17,0xff,
    0x17,0x17,0x17,0xff,0x17,0x17,0x17,0xff,0x17,0x17,0x17,0xff,0x17,0x17,0x17,0xff,
    0x17,0x17,0x17,0xff,0x17,0x17,0x17,0xff,0x17,0x17,0x17,0xff,0x17,0x17,0x17,0xff,
    0x17,0x17,0x17,0xff,0x17,0x17,0x17,0xff,0x17,0x17,0x17,0xff,0x17,0x17,0x17,0xff,
    0x17,0x17,0x17,0xff,0x17,0x17,0x17,0xff,0x17,0x17,0x17,0xff,0x17,0x17,0x17,0xff,
    0x17,0x17,0x17,0xff,0x17,0x17,0x17,0xff,0x17,0x17,0x17,0xff,0x17,0x17,0x17,0xff,
    0x17,0x17,0x17,0xff,0x17,0x17,0x17,0xff,0x17,0x17,0x17,0xff,0x17,0x17,0x17,0xff,
    0x17,0x17,0x17,0xff,0x17,0x17,0x17,0xff,0x17,0x17,0x17,0xff,0x17,0x17,0x17,0xff,
    0x17,0x17,0x17,0xff,0x17,0x17,0x17,0xff,0x17,0x17,0x17,0xff,0x17,0x17,0x17,0xff,
    0x17,0x17,0x17,0xff,0x17,0x17,0x17,0xff,0x17,0x17,0x17,0xff,0x17,0x17,0x17,0xff,
    0x17,0x17,0x17,0xff,0x17,0x17,0x17,0xff,0x17,0x17,0x17,0xff,0x17,0x17,0x17,0xff,
    0x17,0x17,0x17,0xff,0x17,0x17,0x17,0xff,0x17,0x17,0x17,0xff,0x17,0x17,0x17,0xff,
    0x17,0x17,0x17,0xff,0x17,0x17,0x17,0xff,0x17,0x17,0x17,0xff,0x17,0x17,0x17,0xff,
    0x17,0x17,0x17,0xff,0x17,0x17,0x17,0xff,0x17,0x17,0x17,0xff,0x17,0x17,0x17,0xff,
    0x17,0x17,0x17,0xff,0x17,0x17,0x17,0xff,0x17,0x17,0x17,0xff,0x17,0x17,0x17,0xff,
    0x17,0x17,0x17,0xff,0x17,0x17,0x17,0xff,0x17,0x17,0x17,0xff,0x17,0x17,0x17,0xff,
    0x17,0x17,0x17,0xff,0x17,0x17,0x17,0xff,0x17,0x17,0x17,0xff,0x17,0x17,0x17,0xff,
    0x17,0x17,0x17,0xff,0x17,0x17,0x17,0xff,0x16,0x16,0x16,0xff,0x22,0x22,0x22,0xff,
    0x00,0x00,0x00,0x00,0x00,0x00,0x00,0x00,0x00,0x00,0x00,0x00,0x00,0x00,0x00,0x00,
    0x00,0x00,0x00,0x00,0x00,0x00,0x00,0x00,0x00,0x00,0x00,0x00,0x00,0x00,0x00,0x00,
    0x27,0x27,0x27,0xff,0x28,0x28,0x28,0xff,0x25,0x25,0x25,0xff,0x17,0x17,0x17,0xff,
    0x17,0x17,0x17,0xff,0x17,0x17,0x17,0xff,0x17,0x17,0x17,0xff,0x17,0x17,0x17,0xff,
    0x17,0x17,0x17,0xff,0x17,0x17,0x17,0xff,0x17,0x17,0x17,0xff,0x17,0x17,0x17,0xff,
    0x17,0x17,0x17,0xff,0x17,0x17,0x17,0xff,0x17,0x17,0x17,0xff,0x17,0x17,0x17,0xff,
    0x17,0x17,0x17,0xff,0x17,0x17,0x17,0xff,0x17,0x17,0x17,0xff,0x17,0x17,0x17,0xff,
    0x17,0x17,0x17,0xff,0x17,0x17,0x17,0xff,0x17,0x17,0x17,0xff,0x17,0x17,0x17,0xff,
    0x17,0x17,0x17,0xff,0x17,0x17,0x17,0xff,0x17,0x17,0x17,0xff,0x17,0x17,0x17,0xff,
    0x17,0x17,0x17,0xff,0x17,0x17,0x17,0xff,0x17,0x17,0x17,0xff,0x17,0x17,0x17,0xff,
    0x17,0x17,0x17,0xff,0x17,0x17,0x17,0xff,0x17,0x17,0x17,0xff,0x17,0x17,0x17,0xff,
    0x17,0x17,0x17,0xff,0x17,0x17,0x17,0xff,0x17,0x17,0x17,0xff,0x17,0x17,0x17,0xff,
    0x17,0x17,0x17,0xff,0x17,0x17,0x17,0xff,0x17,0x17,0x17,0xff,0x17,0x17,0x17,0xff,
    0x17,0x17,0x17,0xff,0x17,0x17,0x17,0xff,0x17,0x17,0x17,0xff,0x17,0x17,0x17,0xff,
    0x17,0x17,0x17,0xff,0x17,0x17,0x17,0xff,0x17,0x17,0x17,0xff,0x17,0x17,0x17,0xff,
    0x17,0x17,0x17,0xff,0x17,0x17,0x17,0xff,0x17,0x17,0x17,0xff,0x17,0x17,0x17,0xff,
    0x17,0x17,0x17,0xff,0x17,0x17,0x17,0xff,0x17,0x17,0x17,0xff,0x17,0x17,0x17,0xff,
    0x17,0x17,0x17,0xff,0x17,0x17,0x17,0xff,0x17,0x17,0x17,0xff,0x17,0x17,0x17,0xff,
    0x17,0x17,0x17,0xff,0x17,0x17,0x17,0xff,0x17,0x17,0x17,0xff,0x17,0x17,0x17,0xff,
    0x17,0x17,0x17,0xff,0x17,0x17,0x17,0xff,0x17,0x17,0x17,0xff,0x17,0x17,0x17,0xff,
    0x17,0x17,0x17,0xff,0x17,0x17,0x17,0xff,0x17,0x17,0x17,0xff,0x17,0x17,0x17,0xff,
    0x17,0x17,0x17,0xff,0x17,0x17,0x17,0xff,0x17,0x17,0x17,0xff,0x17,0x17,0x17,0xff,
    0x17,0x17,0x17,0xff,0x17,0x17,0x17,0xff,0x17,0x17,0x17,0xff,0x17,0x17,0x17,0xff,
    0x17,0x17,0x17,0xff,0x17,0x17,0x17,0xff,0x17,0x17,0x17,0xff,0x17,0x17,0x17,0xff,
    0x17,0x17,0x17,0xff,0x17,0x17,0x17,0xff,0x17,0x17,0x17,0xff,0x17,0x17,0x17,0xff,
    0x17,0x17,0x17,0xff,0x17,0x17,0x17,0xff,0x17,0x17,0x17,0xff,0x17,0x17,0x17,0xff,
    0x17,0x17,0x17,0xff,0x17,0x17,0x17,0xff,0x17,0x17,0x17,0xff,0x17,0x17,0x17,0xff,
    0x17,0x17,0x17,0xff,0x17,0x17,0x17,0xff,0x17,0x17,0x17,0xff,0x17,0x17,0x17,0xff,
    0x17,0x17,0x17,0xff,0x17,0x17,0x17,0xff,0x17,0x17,0x17,0xff,0x17,0x17,0x17,0xff,
    0x17,0x17,0x17,0xff,0x17,0x17,0x17,0xff,0x17,0x17,0x17,0xff,0x17,0x17,0x17,0xff,
    0x17,0x17,0x17,0xff,0x17,0x17,0x17,0xff,0x17,0x17,0x17,0xff,0x17,0x17,0x17,0xff,
    0x17,0x17,0x17,0xff,0x17,0x17,0x17,0xff,0x17,0x17,0x17,0xff,0x17,0x17,0x17,0xff,
    0x17,0x17,0x17,0xff,0x17,0x17,0x17,0xff,0x17,0x17,0x17,0xff,0x17,0x17,0x17,0xff,
    0x17,0x17,0x17,0xff,0x17,0x17,0x17,0xff,0x17,0x17,0x17,0xff,0x17,0x17,0x17,0xff,
    0x17,0x17,0x17,0xff,0x17,0x17,0x17,0xff,0x17,0x17,0x17,0xff,0x17,0x17,0x17,0xff,
    0x17,0x17,0x17,0xff,0x17,0x17,0x17,0xff,0x17,0x17,0x17,0xff,0x17,0x17,0x17,0xff,
    0x17,0x17,0x17,0xff,0x17,0x17,0x17,0xff,0x17,0x17,0x17,0xff,0x17,0x17,0x17,0xff,
    0x17,0x17,0x17,0xff,0x17,0x17,0x17,0xff,0x17,0x17,0x17,0xff,0x17,0x17,0x17,0xff,
    0x17,0x17,0x17,0xff,0x17,0x17,0x17,0xff,0x17,0x17,0x17,0xff,0x17,0x17,0x17,0xff,
    0x17,0x17,0x17,0xff,0x17,0x17,0x17,0xff,0x16,0x16,0x16,0xff,0x22,0x22,0x22,0xff,
    0x00,0x00,0x00,0x00,0x00,0x00,0x00,0x00,0x00,0x00,0x00,0x00,0x00,0x00,0x00,0x00,
    0x00,0x00,0x00,0x00,0x00,0x00,0x00,0x00,0x00,0x00,0x00,0x00,0x00,0x00,0x00,0x00,
    0x27,0x27,0x27,0xff,0x28,0x28,0x28,0xff,0x25,0x25,0x25,0xff,0x17,0x17,0x17,0xff,
    0x17,0x17,0x17,0xff,0x17,0x17,0x17,0xff,0x17,0x17,0x17,0xff,0x17,0x17,0x17,0xff,
    0x17,0x17,0x17,0xff,0x17,0x17,0x17,0xff,0x17,0x17,0x17,0xff,0x17,0x17,0x17,0xff,
    0x17,0x17,0x17,0xff,0x17,0x17,0x17,0xff,0x17,0x17,0x17,0xff,0x17,0x17,0x17,0xff,
    0x17,0x17,0x17,0xff,0x17,0x17,0x17,0xff,0x17,0x17,0x17,0xff,0x17,0x17,0x17,0xff,
    0x17,0x17,0x17,0xff,0x17,0x17,0x17,0xff,0x17,0x17,0x17,0xff,0x17,0x17,0x17,0xff,
    0x17,0x17,0x17,0xff,0x17,0x17,0x17,0xff,0x17,0x17,0x17,0xff,0x17,0x17,0x17,0xff,
    0x17,0x17,0x17,0xff,0x17,0x17,0x17,0xff,0x17,0x17,0x17,0xff,0x17,0x17,0x17,0xff,
    0x17,0x17,0x17,0xff,0x17,0x17,0x17,0xff,0x17,0x17,0x17,0xff,0x17,0x17,0x17,0xff,
    0x17,0x17,0x17,0xff,0x17,0x17,0x17,0xff,0x17,0x17,0x17,0xff,0x17,0x17,0x17,0xff,
    0x17,0x17,0x17,0xff,0x17,0x17,0x17,0xff,0x17,0x17,0x17,0xff,0x17,0x17,0x17,0xff,
    0x17,0x17,0x17,0xff,0x17,0x17,0x17,0xff,0x17,0x17,0x17,0xff,0x17,0x17,0x17,0xff,
    0x17,0x17,0x17,0xff,0x17,0x17,0x17,0xff,0x17,0x17,0x17,0xff,0x17,0x17,0x17,0xff,
    0x17,0x17,0x17,0xff,0x17,0x17,0x17,0xff,0x17,0x17,0x17,0xff,0x17,0x17,0x17,0xff,
    0x17,0x17,0x17,0xff,0x17,0x17,0x17,0xff,0x17,0x17,0x17,0xff,0x17,0x17,0x17,0xff,
    0x17,0x17,0x17,0xff,0x17,0x17,0x17,0xff,0x17,0x17,0x17,0xff,0x17,0x17,0x17,0xff,
    0x17,0x17,0x17,0xff,0x17,0x17,0x17,0xff,0x17,0x17,0x17,0xff,0x17,0x17,0x17,0xff,
    0x17,0x17,0x17,0xff,0x17,0x17,0x17,0xff,0x17,0x17,0x17,0xff,0x17,0x17,0x17,0xff,
    0x17,0x17,0x17,0xff,0x17,0x17,0x17,0xff,0x17,0x17,0x17,0xff,0x17,0x17,0x17,0xff,
    0x17,0x17,0x17,0xff,0x17,0x17,0x17,0xff,0x17,0x17,0x17,0xff,0x17,0x17,0x17,0xff,
    0x17,0x17,0x17,0xff,0x17,0x17,0x17,0xff,0x17,0x17,0x17,0xff,0x17,0x17,0x17,0xff,
    0x17,0x17,0x17,0xff,0x17,0x17,0x17,0xff,0x17,0x17,0x17,0xff,0x17,0x17,0x17,0xff,
    0x17,0x17,0x17,0xff,0x17,0x17,0x17,0xff,0x17,0x17,0x17,0xff,0x17,0x17,0x17,0xff,
    0x17,0x17,0x17,0xff,0x17,0x17,0x17,0xff,0x17,0x17,0x17,0xff,0x17,0x17,0x17,0xff,
    0x17,0x17,0x17,0xff,0x17,0x17,0x17,0xff,0x17,0x17,0x17,0xff,0x17,0x17,0x17,0xff,
    0x17,0x17,0x17,0xff,0x17,0x17,0x17,0xff,0x17,0x17,0x17,0xff,0x17,0x17,0x17,0xff,
    0x17,0x17,0x17,0xff,0x17,0x17,0x17,0xff,0x17,0x17,0x17,0xff,0x17,0x17,0x17,0xff,
    0x17,0x17,0x17,0xff,0x17,0x17,0x17,0xff,0x17,0x17,0x17,0xff,0x17,0x17,0x17,0xff,
    0x17,0x17,0x17,0xff,0x17,0x17,0x17,0xff,0x17,0x17,0x17,0xff,0x17,0x17,0x17,0xff,
    0x17,0x17,0x17,0xff,0x17,0x17,0x17,0xff,0x17,0x17,0x17,0xff,0x17,0x17,0x17,0xff,
    0x17,0x17,0x17,0xff,0x17,0x17,0x17,0xff,0x17,0x17,0x17,0xff,0x17,0x17,0x17,0xff,
    0x17,0x17,0x17,0xff,0x17,0x17,0x17,0xff,0x17,0x17,0x17,0xff,0x17,0x17,0x17,0xff,
    0x17,0x17,0x17,0xff,0x17,0x17,0x17,0xff,0x17,0x17,0x17,0xff,0x17,0x17,0x17,0xff,
    0x17,0x17,0x17,0xff,0x17,0x17,0x17,0xff,0x17,0x17,0x17,0xff,0x17,0x17,0x17,0xff,
    0x17,0x17,0x17,0xff,0x17,0x17,0x17,0xff,0x17,0x17,0x17,0xff,0x17,0x17,0x17,0xff,
    0x17,0x17,0x17,0xff,0x17,0x17,0x17,0xff,0x17,0x17,0x17,0xff,0x17,0x17,0x17,0xff,
    0x17,0x17,0x17,0xff,0x17,0x17,0x17,0xff,0x17,0x17,0x17,0xff,0x17,0x17,0x17,0xff,
    0x17,0x17,0x17,0xff,0x17,0x17,0x17,0xff,0x16,0x16,0x16,0xff,0x22,0x22,0x22,0xff,
    0x00,0x00,0x00,0x00,0x00,0x00,0x00,0x00,0x00,0x00,0x00,0x00,0x00,0x00,0x00,0x00,
    0x00,0x00,0x00,0x00,0x00,0x00,0x00,0x00,0x00,0x00,0x00,0x00,0x00,0x00,0x00,0x00,
    0x27,0x27,0x27,0xff,0x28,0x28,0x28,0xff,0x25,0x25,0x25,0xff,0x17,0x17,0x17,0xff,
    0x17,0x17,0x17,0xff,0x17,0x17,0x17,0xff,0x17,0x17,0x17,0xff,0x17,0x17,0x17,0xff,
    0x17,0x17,0x17,0xff,0x17,0x17,0x17,0xff,0x17,0x17,0x17,0xff,0x17,0x17,0x17,0xff,
    0x17,0x17,0x17,0xff,0x17,0x17,0x17,0xff,0x17,0x17,0x17,0xff,0x17,0x17,0x17,0xff,
    0x17,0x17,0x17,0xff,0x17,0x17,0x17,0xff,0x17,0x17,0x17,0xff,0x17,0x17,0x17,0xff,
    0x17,0x17,0x17,0xff,0x17,0x17,0x17,0xff,0x17,0x17,0x17,0xff,0x17,0x17,0x17,0xff,
    0x17,0x17,0x17,0xff,0x17,0x17,0x17,0xff,0x17,0x17,0x17,0xff,0x17,0x17,0x17,0xff,
    0x17,0x17,0x17,0xff,0x17,0x17,0x17,0xff,0x17,0x17,0x17,0xff,0x17,0x17,0x17,0xff,
    0x17,0x17,0x17,0xff,0x17,0x17,0x17,0xff,0x17,0x17,0x17,0xff,0x17,0x17,0x17,0xff,
    0x17,0x17,0x17,0xff,0x17,0x17,0x17,0xff,0x17,0x17,0x17,0xff,0x17,0x17,0x17,0xff,
    0x17,0x17,0x17,0xff,0x17,0x17,0x17,0xff,0x17,0x17,0x17,0xff,0x17,0x17,0x17,0xff,
    0x17,0x17,0x17,0xff,0x17,0x17,0x17,0xff,0x17,0x17,0x17,0xff,0x17,0x17,0x17,0xff,
    0x17,0x17,0x17,0xff,0x17,0x17,0x17,0xff,0x17,0x17,0x17,0xff,0x17,0x17,0x17,0xff,
    0x17,0x17,0x17,0xff,0x17,0x17,0x17,0xff,0x17,0x17,0x17,0xff,0x17,0x17,0x17,0xff,
    0x17,0x17,0x17,0xff,0x17,0x17,0x17,0xff,0x17,0x17,0x17,0xff,0x17,0x17,0x17,0xff,
    0x17,0x17,0x17,0xff,0x17,0x17,0x17,0xff,0x17,0x17,0x17,0xff,0x17,0x17,0x17,0xff,
    0x17,0x17,0x17,0xff,0x17,0x17,0x17,0xff,0x17,0x17,0x17,0xff,0x17,0x17,0x17,0xff,
    0x17,0x17,0x17,0xff,0x17,0x17,0x17,0xff,0x17,0x17,0x17,0xff,0x17,0x17,0x17,0xff,
    0x17,0x17,0x17,0xff,0x17,0x17,0x17,0xff,0x17,0x17,0x17,0xff,0x17,0x17,0x17,0xff,
    0x17,0x17,0x17,0xff,0x17,0x17,0x17,0xff,0x17,0x17,0x17,0xff,0x17,0x17,0x17,0xff,
    0x17,0x17,0x17,0xff,0x17,0x17,0x17,0xff,0x17,0x17,0x17,0xff,0x17,0x17,0x17,0xff,
    0x17,0x17,0x17,0xff,0x17,0x17,0x17,0xff,0x17,0x17,0x17,0xff,0x17,0x17,0x17,0xff,
    0x17,0x17,0x17,0xff,0x17,0x17,0x17,0xff,0x17,0x17,0x17,0xff,0x17,0x17,0x17,0xff,
    0x17,0x17,0x17,0xff,0x17,0x17,0x17,0xff,0x17,0x17,0x17,0xff,0x17,0x17,0x17,0xff,
    0x17,0x17,0x17,0xff,0x17,0x17,0x17,0xff,0x17,0x17,0x17,0xff,0x17,0x17,0x17,0xff,
    0x17,0x17,0x17,0xff,0x17,0x17,0x17,0xff,0x17,0x17,0x17,0xff,0x17,0x17,0x17,0xff,
    0x17,0x17,0x17,0xff,0x17,0x17,0x17,0xff,0x17,0x17,0x17,0xff,0x17,0x17,0x17,0xff,
    0x17,0x17,0x17,0xff,0x17,0x17,0x17,0xff,0x17,0x17,0x17,0xff,0x17,0x17,0x17,0xff,
    0x17,0x17,0x17,0xff,0x17,0x17,0x17,0xff,0x17,0x17,0x17,0xff,0x17,0x17,0x17,0xff,
    0x17,0x17,0x17,0xff,0x17,0x17,0x17,0xff,0x17,0x17,0x17,0xff,0x17,0x17,0x17,0xff,
    0x17,0x17,0x17,0xff,0x17,0x17,0x17,0xff,0x17,0x17,0x17,0xff,0x17,0x17,0x17,0xff,
    0x17,0x17,0x17,0xff,0x17,0x17,0x17,0xff,0x17,0x17,0x17,0xff,0x17,0x17,0x17,0xff,
    0x17,0x17,0x17,0xff,0x17,0x17,0x17,0xff,0x17,0x17,0x17,0xff,0x17,0x17,0x17,0xff,
    0x17,0x17,0x17,0xff,0x17,0x17,0x17,0xff,0x17,0x17,0x17,0xff,0x17,0x17,0x17,0xff,
    0x17,0x17,0x17,0xff,0x17,0x17,0x17,0xff,0x17,0x17,0x17,0xff,0x17,0x17,0x17,0xff,
    0x17,0x17,0x17,0xff,0x17,0x17,0x17,0xff,0x17,0x17,0x17,0xff,0x17,0x17,0x17,0xff,
    0x17,0x17,0x17,0xff,0x17,0x17,0x17,0xff,0x17,0x17,0x17,0xff,0x17,0x17,0x17,0xff,
    0x17,0x17,0x17,0xff,0x17,0x17,0x17,0xff,0x16,0x16,0x16,0xff,0x22,0x22,0x22,0xff,
    0x00,0x00,0x00,0x00,0x00,0x00,0x00,0x00,0x00,0x00,0x00,0x00,0x00,0x00,0x00,0x00,
    0x00,0x00,0x00,0x00,0x00,0x00,0x00,0x00,0x00,0x00,0x00,0x00,0x00,0x00,0x00,0x00,
    0x27,0x27,0x27,0xff,0x28,0x28,0x28,0xff,0x25,0x25,0x25,0xff,0x17,0x17,0x17,0xff,
    0x17,0x17,0x17,0xff,0x17,0x17,0x17,0xff,0x17,0x17,0x17,0xff,0x17,0x17,0x17,0xff,
    0x17,0x17,0x17,0xff,0x17,0x17,0x17,0xff,0x17,0x17,0x17,0xff,0x17,0x17,0x17,0xff,
    0x17,0x17,0x17,0xff,0x17,0x17,0x17,0xff,0x17,0x17,0x17,0xff,0x17,0x17,0x17,0xff,
    0x17,0x17,0x17,0xff,0x17,0x17,0x17,0xff,0x17,0x17,0x17,0xff,0x17,0x17,0x17,0xff,
    0x17,0x17,0x17,0xff,0x17,0x17,0x17,0xff,0x17,0x17,0x17,0xff,0x17,0x17,0x17,0xff,
    0x17,0x17,0x17,0xff,0x17,0x17,0x17,0xff,0x17,0x17,0x17,0xff,0x17,0x17,0x17,0xff,
    0x17,0x17,0x17,0xff,0x17,0x17,0x17,0xff,0x17,0x17,0x17,0xff,0x17,0x17,0x17,0xff,
    0x17,0x17,0x17,0xff,0x17,0x17,0x17,0xff,0x17,0x17,0x17,0xff,0x17,0x17,0x17,0xff,
    0x17,0x17,0x17,0xff,0x17,0x17,0x17,0xff,0x17,0x17,0x17,0xff,0x17,0x17,0x17,0xff,
    0x17,0x17,0x17,0xff,0x17,0x17,0x17,0xff,0x17,0x17,0x17,0xff,0x17,0x17,0x17,0xff,
    0x17,0x17,0x17,0xff,0x17,0x17,0x17,0xff,0x17,0x17,0x17,0xff,0x17,0x17,0x17,0xff,
    0x17,0x17,0x17,0xff,0x17,0x17,0x17,0xff,0x17,0x17,0x17,0xff,0x17,0x17,0x17,0xff,
    0x17,0x17,0x17,0xff,0x17,0x17,0x17,0xff,0x17,0x17,0x17,0xff,0x17,0x17,0x17,0xff,
    0x17,0x17,0x17,0xff,0x17,0x17,0x17,0xff,0x17,0x17,0x17,0xff,0x17,0x17,0x17,0xff,
    0x17,0x17,0x17,0xff,0x17,0x17,0x17,0xff,0x17,0x17,0x17,0xff,0x17,0x17,0x17,0xff,
    0x17,0x17,0x17,0xff,0x17,0x17,0x17,0xff,0x17,0x17,0x17,0xff,0x17,0x17,0x17,0xff,
    0x17,0x17,0x17,0xff,0x17,0x17,0x17,0xff,0x17,0x17,0x17,0xff,0x17,0x17,0x17,0xff,
    0x17,0x17,0x17,0xff,0x17,0x17,0x17,0xff,0x17,0x17,0x17,0xff,0x17,0x17,0x17,0xff,
    0x17,0x17,0x17,0xff,0x17,0x17,0x17,0xff,0x17,0x17,0x17,0xff,0x17,0x17,0x17,0xff,
    0x17,0x17,0x17,0xff,0x17,0x17,0x17,0xff,0x17,0x17,0x17,0xff,0x17,0x17,0x17,0xff,
    0x17,0x17,0x17,0xff,0x17,0x17,0x17,0xff,0x17,0x17,0x17,0xff,0x17,0x17,0x17,0xff,
    0x17,0x17,0x17,0xff,0x17,0x17,0x17,0xff,0x17,0x17,0x17,0xff,0x17,0x17,0x17,0xff,
    0x17,0x17,0x17,0xff,0x17,0x17,0x17,0xff,0x17,0x17,0x17,0xff,0x17,0x17,0x17,0xff,
    0x17,0x17,0x17,0xff,0x17,0x17,0x17,0xff,0x17,0x17,0x17,0xff,0x17,0x17,0x17,0xff,
    0x17,0x17,0x17,0xff,0x17,0x17,0x17,0xff,0x17,0x17,0x17,0xff,0x17,0x17,0x17,0xff,
    0x17,0x17,0x17,0xff,0x17,0x17,0x17,0xff,0x17,0x17,0x17,0xff,0x17,0x17,0x17,0xff,
    0x17,0x17,0x17,0xff,0x17,0x17,0x17,0xff,0x17,0x17,0x17,0xff,0x17,0x17,0x17,0xff,
    0x17,0x17,0x17,0xff,0x17,0x17,0x17,0xff,0x17,0x17,0x17,0xff,0x17,0x17,0x17,0xff,
    0x17,0x17,0x17,0xff,0x17,0x17,0x17,0xff,0x17,0x17,0x17,0xff,0x17,0x17,0x17,0xff,
    0x17,0x17,0x17,0xff,0x17,0x17,0x17,0xff,0x17,0x17,0x17,0xff,0x17,0x17,0x17,0xff,
    0x17,0x17,0x17,0xff,0x17,0x17,0x17,0xff,0x17,0x17,0x17,0xff,0x17,0x17,0x17,0xff,
    0x17,0x17,0x17,0xff,0x17,0x17,0x17,0xff,0x17,0x17,0x17,0xff,0x17,0x17,0x17,0xff,
    0x17,0x17,0x17,0xff,0x17,0x17,0x17,0xff,0x17,0x17,0x17,0xff,0x17,0x17,0x17,0xff,
    0x17,0x17,0x17,0xff,0x17,0x17,0x17,0xff,0x17,0x17,0x17,0xff,0x17,0x17,0x17,0xff,
    0x17,0x17,0x17,0xff,0x17,0x17,0x17,0xff,0x17,0x17,0x17,0xff,0x17,0x17,0x17,0xff,
    0x17,0x17,0x17,0xff,0x17,0x17,0x17,0xff,0x17,0x17,0x17,0xff,0x17,0x17,0x17,0xff,
    0x17,0x17,0x17,0xff,0x17,0x17,0x17,0xff,0x16,0x16,0x16,0xff,0x22,0x22,0x22,0xff,
    0x00,0x00,0x00,0x00,0x00,0x00,0x00,0x00,0x00,0x00,0x00,0x00,0x00,0x00,0x00,0x00,
    0x00,0x00,0x00,0x00,0x00,0x00,0x00,0x00,0x00,0x00,0x00,0x00,0x00,0x00,0x00,0x00,
    0x27,0x27,0x27,0xff,0x28,0x28,0x28,0xff,0x25,0x25,0x25,0xff,0x17,0x17,0x17,0xff,
    0x17,0x17,0x17,0xff,0x17,0x17,0x17,0xff,0x17,0x17,0x17,0xff,0x17,0x17,0x17,0xff,
    0x17,0x17,0x17,0xff,0x17,0x17,0x17,0xff,0x17,0x17,0x17,0xff,0x17,0x17,0x17,0xff,
    0x17,0x17,0x17,0xff,0x17,0x17,0x17,0xff,0x17,0x17,0x17,0xff,0x17,0x17,0x17,0xff,
    0x17,0x17,0x17,0xff,0x17,0x17,0x17,0xff,0x17,0x17,0x17,0xff,0x17,0x17,0x17,0xff,
    0x17,0x17,0x17,0xff,0x17,0x17,0x17,0xff,0x17,0x17,0x17,0xff,0x17,0x17,0x17,0xff,
    0x17,0x17,0x17,0xff,0x17,0x17,0x17,0xff,0x17,0x17,0x17,0xff,0x17,0x17,0x17,0xff,
    0x17,0x17,0x17,0xff,0x17,0x17,0x17,0xff,0x17,0x17,0x17,0xff,0x17,0x17,0x17,0xff,
    0x17,0x17,0x17,0xff,0x17,0x17,0x17,0xff,0x17,0x17,0x17,0xff,0x17,0x17,0x17,0xff,
    0x17,0x17,0x17,0xff,0x17,0x17,0x17,0xff,0x17,0x17,0x17,0xff,0x17,0x17,0x17,0xff,
    0x17,0x17,0x17,0xff,0x17,0x17,0x17,0xff,0x17,0x17,0x17,0xff,0x17,0x17,0x17,0xff,
    0x17,0x17,0x17,0xff,0x17,0x17,0x17,0xff,0x17,0x17,0x17,0xff,0x17,0x17,0x17,0xff,
    0x17,0x17,0x17,0xff,0x17,0x17,0x17,0xff,0x17,0x17,0x17,0xff,0x17,0x17,0x17,0xff,
    0x17,0x17,0x17,0xff,0x17,0x17,0x17,0xff,0x17,0x17,0x17,0xff,0x17,0x17,0x17,0xff,
    0x17,0x17,0x17,0xff,0x17,0x17,0x17,0xff,0x17,0x17,0x17,0xff,0x17,0x17,0x17,0xff,
    0x17,0x17,0x17,0xff,0x17,0x17,0x17,0xff,0x17,0x17,0x17,0xff,0x17,0x17,0x17,0xff,
    0x17,0x17,0x17,0xff,0x17,0x17,0x17,0xff,0x17,0x17,0x17,0xff,0x17,0x17,0x17,0xff,
    0x17,0x17,0x17,0xff,0x17,0x17,0x17,0xff,0x17,0x17,0x17,0xff,0x17,0x17,0x17,0xff,
    0x17,0x17,0x17,0xff,0x17,0x17,0x17,0xff,0x17,0x17,0x17,0xff,0x17,0x17,0x17,0xff,
    0x17,0x17,0x17,0xff,0x17,0x17,0x17,0xff,0x17,0x17,0x17,0xff,0x17,0x17,0x17,0xff,
    0x17,0x17,0x17,0xff,0x17,0x17,0x17,0xff,0x17,0x17,0x17,0xff,0x17,0x17,0x17,0xff,
    0x17,0x17,0x17,0xff,0x17,0x17,0x17,0xff,0x17,0x17,0x17,0xff,0x17,0x17,0x17,0xff,
    0x17,0x17,0x17,0xff,0x17,0x17,0x17,0xff,0x17,0x17,0x17,0xff,0x17,0x17,0x17,0xff,
    0x17,0x17,0x17,0xff,0x17,0x17,0x17,0xff,0x17,0x17,0x17,0xff,0x17,0x17,0x17,0xff,
    0x17,0x17,0x17,0xff,0x17,0x17,0x17,0xff,0x17,0x17,0x17,0xff,0x17,0x17,0x17,0xff,
    0x17,0x17,0x17,0xff,0x17,0x17,0x17,0xff,0x17,0x17,0x17,0xff,0x17,0x17,0x17,0xff,
    0x17,0x17,0x17,0xff,0x17,0x17,0x17,0xff,0x17,0x17,0x17,0xff,0x17,0x17,0x17,0xff,
    0x17,0x17,0x17,0xff,0x17,0x17,0x17,0xff,0x17,0x17,0x17,0xff,0x17,0x17,0x17,0xff,
    0x17,0x17,0x17,0xff,0x17,0x17,0x17,0xff,0x17,0x17,0x17,0xff,0x17,0x17,0x17,0xff,
    0x17,0x17,0x17,0xff,0x17,0x17,0x17,0xff,0x17,0x17,0x17,0xff,0x17,0x17,0x17,0xff,
    0x17,0x17,0x17,0xff,0x17,0x17,0x17,0xff,0x17,0x17,0x17,0xff,0x17,0x17,0x17,0xff,
    0x17,0x17,0x17,0xff,0x17,0x17,0x17,0xff,0x17,0x17,0x17,0xff,0x17,0x17,0x17,0xff,
    0x17,0x17,0x17,0xff,0x17,0x17,0x17,0xff,0x17,0x17,0x17,0xff,0x17,0x17,0x17,0xff,
    0x17,0x17,0x17,0xff,0x17,0x17,0x17,0xff,0x17,0x17,0x17,0xff,0x17,0x17,0x17,0xff,
    0x17,0x17,0x17,0xff,0x17,0x17,0x17,0xff,0x17,0x17,0x17,0xff,0x17,0x17,0x17,0xff,
    0x17,0x17,0x17,0xff,0x17,0x17,0x17,0xff,0x17,0x17,0x17,0xff,0x17,0x17,0x17,0xff,
    0x17,0x17,0x17,0xff,0x17,0x17,0x17,0xff,0x17,0x17,0x17,0xff,0x17,0x17,0x17,0xff,
    0x17,0x17,0x17,0xff,0x17,0x17,0x17,0xff,0x16,0x16,0x16,0xff,0x22,0x22,0x22,0xff,
    0x00,0x00,0x00,0x00,0x00,0x00,0x00,0x00,0x00,0x00,0x00,0x00,0x00,0x00,0x00,0x00,
    0x00,0x00,0x00,0x00,0x00,0x00,0x00,0x00,0x00,0x00,0x00,0x00,0x00,0x00,0x00,0x00,
    0x27,0x27,0x27,0xff,0x28,0x28,0x28,0xff,0x25,0x25,0x25,0xff,0x17,0x17,0x17,0xff,
    0x17,0x17,0x17,0xff,0x17,0x17,0x17,0xff,0x17,0x17,0x17,0xff,0x17,0x17,0x17,0xff,
    0x17,0x17,0x17,0xff,0x17,0x17,0x17,0xff,0x17,0x17,0x17,0xff,0x17,0x17,0x17,0xff,
    0x17,0x17,0x17,0xff,0x17,0x17,0x17,0xff,0x17,0x17,0x17,0xff,0x17,0x17,0x17,0xff,
    0x17,0x17,0x17,0xff,0x17,0x17,0x17,0xff,0x17,0x17,0x17,0xff,0x17,0x17,0x17,0xff,
    0x17,0x17,0x17,0xff,0x17,0x17,0x17,0xff,0x17,0x17,0x17,0xff,0x17,0x17,0x17,0xff,
    0x17,0x17,0x17,0xff,0x17,0x17,0x17,0xff,0x17,0x17,0x17,0xff,0x17,0x17,0x17,0xff,
    0x17,0x17,0x17,0xff,0x17,0x17,0x17,0xff,0x17,0x17,0x17,0xff,0x17,0x17,0x17,0xff,
    0x17,0x17,0x17,0xff,0x17,0x17,0x17,0xff,0x17,0x17,0x17,0xff,0x17,0x17,0x17,0xff,
    0x17,0x17,0x17,0xff,0x17,0x17,0x17,0xff,0x17,0x17,0x17,0xff,0x17,0x17,0x17,0xff,
    0x17,0x17,0x17,0xff,0x17,0x17,0x17,0xff,0x17,0x17,0x17,0xff,0x17,0x17,0x17,0xff,
    0x17,0x17,0x17,0xff,0x17,0x17,0x17,0xff,0x17,0x17,0x17,0xff,0x17,0x17,0x17,0xff,
    0x17,0x17,0x17,0xff,0x17,0x17,0x17,0xff,0x17,0x17,0x17,0xff,0x17,0x17,0x17,0xff,
    0x17,0x17,0x17,0xff,0x17,0x17,0x17,0xff,0x17,0x17,0x17,0xff,0x17,0x17,0x17,0xff,
    0x17,0x17,0x17,0xff,0x17,0x17,0x17,0xff,0x17,0x17,0x17,0xff,0x17,0x17,0x17,0xff,
    0x17,0x17,0x17,0xff,0x17,0x17,0x17,0xff,0x17,0x17,0x17,0xff,0x17,0x17,0x17,0xff,
    0x17,0x17,0x17,0xff,0x17,0x17,0x17,0xff,0x17,0x17,0x17,0xff,0x17,0x17,0x17,0xff,
    0x17,0x17,0x17,0xff,0x17,0x17,0x17,0xff,0x17,0x17,0x17,0xff,0x17,0x17,0x17,0xff,
    0x17,0x17,0x17,0xff,0x17,0x17,0x17,0xff,0x17,0x17,0x17,0xff,0x17,0x17,0x17,0xff,
    0x17,0x17,0x17,0xff,0x17,0x17,0x17,0xff,0x17,0x17,0x17,0xff,0x17,0x17,0x17,0xff,
    0x17,0x17,0x17,0xff,0x17,0x17,0x17,0xff,0x17,0x17,0x17,0xff,0x17,0x17,0x17,0xff,
    0x17,0x17,0x17,0xff,0x17,0x17,0x17,0xff,0x17,0x17,0x17,0xff,0x17,0x17,0x17,0xff,
    0x17,0x17,0x17,0xff,0x17,0x17,0x17,0xff,0x17,0x17,0x17,0xff,0x17,0x17,0x17,0xff,
    0x17,0x17,0x17,0xff,0x17,0x17,0x17,0xff,0x17,0x17,0x17,0xff,0x17,0x17,0x17,0xff,
    0x17,0x17,0x17,0xff,0x17,0x17,0x17,0xff,0x17,0x17,0x17,0xff,0x17,0x17,0x17,0xff,
    0x17,0x17,0x17,0xff,0x17,0x17,0x17,0xff,0x17,0x17,0x17,0xff,0x17,0x17,0x17,0xff,
    0x17,0x17,0x17,0xff,0x17,0x17,0x17,0xff,0x17,0x17,0x17,0xff,0x17,0x17,0x17,0xff,
    0x17,0x17,0x17,0xff,0x17,0x17,0x17,0xff,0x17,0x17,0x17,0xff,0x17,0x17,0x17,0xff,
    0x17,0x17,0x17,0xff,0x17,0x17,0x17,0xff,0x17,0x17,0x17,0xff,0x17,0x17,0x17,0xff,
    0x17,0x17,0x17,0xff,0x17,0x17,0x17,0xff,0x17,0x17,0x17,0xff,0x17,0x17,0x17,0xff,
    0x17,0x17,0x17,0xff,0x17,0x17,0x17,0xff,0x17,0x17,0x17,0xff,0x17,0x17,0x17,0xff,
    0x17,0x17,0x17,0xff,0x17,0x17,0x17,0xff,0x17,0x17,0x17,0xff,0x17,0x17,0x17,0xff,
    0x17,0x17,0x17,0xff,0x17,0x17,0x17,0xff,0x17,0x17,0x17,0xff,0x17,0x17,0x17,0xff,
    0x17,0x17,0x17,0xff,0x17,0x17,0x17,0xff,0x17,0x17,0x17,0xff,0x17,0x17,0x17,0xff,
    0x17,0x17,0x17,0xff,0x17,0x17,0x17,0xff,0x17,0x17,0x17,0xff,0x17,0x17,0x17,0xff,
    0x17,0x17,0x17,0xff,0x17,0x17,0x17,0xff,0x17,0x17,0x17,0xff,0x17,0x17,0x17,0xff,
    0x17,0x17,0x17,0xff,0x17,0x17,0x17,0xff,0x17,0x17,0x17,0xff,0x17,0x17,0x17,0xff,
    0x17,0x17,0x17,0xff,0x17,0x17,0x17,0xff,0x16,0x16,0x16,0xff,0x22,0x22,0x22,0xff,
    0x00,0x00,0x00,0x00,0x00,0x00,0x00,0x00,0x00,0x00,0x00,0x00,0x00,0x00,0x00,0x00,
    0x00,0x00,0x00,0x00,0x00,0x00,0x00,0x00,0x00,0x00,0x00,0x00,0x00,0x00,0x00,0x00,
    0x27,0x27,0x27,0xff,0x28,0x28,0x28,0xff,0x25,0x25,0x25,0xff,0x17,0x17,0x17,0xff,
    0x17,0x17,0x17,0xff,0x17,0x17,0x17,0xff,0x17,0x17,0x17,0xff,0x17,0x17,0x17,0xff,
    0x17,0x17,0x17,0xff,0x17,0x17,0x17,0xff,0x17,0x17,0x17,0xff,0x17,0x17,0x17,0xff,
    0x17,0x17,0x17,0xff,0x17,0x17,0x17,0xff,0x17,0x17,0x17,0xff,0x17,0x17,0x17,0xff,
    0x17,0x17,0x17,0xff,0x17,0x17,0x17,0xff,0x17,0x17,0x17,0xff,0x17,0x17,0x17,0xff,
    0x17,0x17,0x17,0xff,0x17,0x17,0x17,0xff,0x17,0x17,0x17,0xff,0x17,0x17,0x17,0xff,
    0x17,0x17,0x17,0xff,0x17,0x17,0x17,0xff,0x17,0x17,0x17,0xff,0x17,0x17,0x17,0xff,
    0x17,0x17,0x17,0xff,0x17,0x17,0x17,0xff,0x17,0x17,0x17,0xff,0x17,0x17,0x17,0xff,
    0x17,0x17,0x17,0xff,0x17,0x17,0x17,0xff,0x17,0x17,0x17,0xff,0x17,0x17,0x17,0xff,
    0x17,0x17,0x17,0xff,0x17,0x17,0x17,0xff,0x17,0x17,0x17,0xff,0x17,0x17,0x17,0xff,
    0x17,0x17,0x17,0xff,0x17,0x17,0x17,0xff,0x17,0x17,0x17,0xff,0x17,0x17,0x17,0xff,
    0x17,0x17,0x17,0xff,0x17,0x17,0x17,0xff,0x17,0x17,0x17,0xff,0x17,0x17,0x17,0xff,
    0x17,0x17,0x17,0xff,0x17,0x17,0x17,0xff,0x17,0x17,0x17,0xff,0x17,0x17,0x17,0xff,
    0x17,0x17,0x17,0xff,0x17,0x17,0x17,0xff,0x17,0x17,0x17,0xff,0x17,0x17,0x17,0xff,
    0x17,0x17,0x17,0xff,0x17,0x17,0x17,0xff,0x17,0x17,0x17,0xff,0x17,0x17,0x17,0xff,
    0x17,0x17,0x17,0xff,0x17,0x17,0x17,0xff,0x17,0x17,0x17,0xff,0x17,0x17,0x17,0xff,
    0x17,0x17,0x17,0xff,0x17,0x17,0x17,0xff,0x17,0x17,0x17,0xff,0x17,0x17,0x17,0xff,
    0x17,0x17,0x17,0xff,0x17,0x17,0x17,0xff,0x17,0x17,0x17,0xff,0x17,0x17,0x17,0xff,
    0x17,0x17,0x17,0xff,0x17,0x17,0x17,0xff,0x17,0x17,0x17,0xff,0x17,0x17,0x17,0xff,
    0x17,0x17,0x17,0xff,0x17,0x17,0x17,0xff,0x17,0x17,0x17,0xff,0x17,0x17,0x17,0xff,
    0x17,0x17,0x17,0xff,0x17,0x17,0x17,0xff,0x17,0x17,0x17,0xff,0x17,0x17,0x17,0xff,
    0x17,0x17,0x17,0xff,0x17,0x17,0x17,0xff,0x17,0x17,0x17,0xff,0x17,0x17,0x17,0xff,
    0x17,0x17,0x17,0xff,0x17,0x17,0x17,0xff,0x17,0x17,0x17,0xff,0x17,0x17,0x17,0xff,
    0x17,0x17,0x17,0xff,0x17,0x17,0x17,0xff,0x17,0x17,0x17,0xff,0x17,0x17,0x17,0xff,
    0x17,0x17,0x17,0xff,0x17,0x17,0x17,0xff,0x17,0x17,0x17,0xff,0x17,0x17,0x17,0xff,
    0x17,0x17,0x17,0xff,0x17,0x17,0x17,0xff,0x17,0x17,0x17,0xff,0x17,0x17,0x17,0xff,
    0x17,0x17,0x17,0xff,0x17,0x17,0x17,0xff,0x17,0x17,0x17,0xff,0x17,0x17,0x17,0xff,
    0x17,0x17,0x17,0xff,0x17,0x17,0x17,0xff,0x17,0x17,0x17,0xff,0x17,0x17,0x17,0xff,
    0x17,0x17,0x17,0xff,0x17,0x17,0x17,0xff,0x17,0x17,0x17,0xff,0x17,0x17,0x17,0xff,
    0x17,0x17,0x17,0xff,0x17,0x17,0x17,0xff,0x17,0x17,0x17,0xff,0x17,0x17,0x17,0xff,
    0x17,0x17,0x17,0xff,0x17,0x17,0x17,0xff,0x17,0x17,0x17,0xff,0x17,0x17,0x17,0xff,
    0x17,0x17,0x17,0xff,0x17,0x17,0x17,0xff,0x17,0x17,0x17,0xff,0x17,0x17,0x17,0xff,
    0x17,0x17,0x17,0xff,0x17,0x17,0x17,0xff,0x17,0x17,0x17,0xff,0x17,0x17,0x17,0xff,
    0x17,0x17,0x17,0xff,0x17,0x17,0x17,0xff,0x17,0x17,0x17,0xff,0x17,0x17,0x17,0xff,
    0x17,0x17,0x17,0xff,0x17,0x17,0x17,0xff,0x17,0x17,0x17,0xff,0x17,0x17,0x17,0xff,
    0x17,0x17,0x17,0xff,0x17,0x17,0x17,0xff,0x17,0x17,0x17,0xff,0x17,0x17,0x17,0xff,
    0x17,0x17,0x17,0xff,0x17,0x17,0x17,0xff,0x17,0x17,0x17,0xff,0x17,0x17,0x17,0xff,
    0x17,0x17,0x17,0xff,0x17,0x17,0x17,0xff,0x16,0x16,0x16,0xff,0x22,0x22,0x22,0xff,
    0x00,0x00,0x00,0x00,0x00,0x00,0x00,0x00,0x00,0x00,0x00,0x00,0x00,0x00,0x00,0x00,
    0x00,0x00,0x00,0x00,0x00,0x00,0x00,0x00,0x00,0x00,0x00,0x00,0x00,0x00,0x00,0x00,
    0x27,0x27,0x27,0xff,0x28,0x28,0x28,0xff,0x25,0x25,0x25,0xff,0x17,0x17,0x17,0xff,
    0x17,0x17,0x17,0xff,0x17,0x17,0x17,0xff,0x17,0x17,0x17,0xff,0x17,0x17,0x17,0xff,
    0x17,0x17,0x17,0xff,0x17,0x17,0x17,0xff,0x17,0x17,0x17,0xff,0x17,0x17,0x17,0xff,
    0x17,0x17,0x17,0xff,0x17,0x17,0x17,0xff,0x17,0x17,0x17,0xff,0x17,0x17,0x17,0xff,
    0x17,0x17,0x17,0xff,0x17,0x17,0x17,0xff,0x17,0x17,0x17,0xff,0x17,0x17,0x17,0xff,
    0x17,0x17,0x17,0xff,0x17,0x17,0x17,0xff,0x17,0x17,0x17,0xff,0x17,0x17,0x17,0xff,
    0x17,0x17,0x17,0xff,0x17,0x17,0x17,0xff,0x17,0x17,0x17,0xff,0x17,0x17,0x17,0xff,
    0x17,0x17,0x17,0xff,0x17,0x17,0x17,0xff,0x17,0x17,0x17,0xff,0x17,0x17,0x17,0xff,
    0x17,0x17,0x17,0xff,0x17,0x17,0x17,0xff,0x17,0x17,0x17,0xff,0x17,0x17,0x17,0xff,
    0x17,0x17,0x17,0xff,0x17,0x17,0x17,0xff,0x17,0x17,0x17,0xff,0x17,0x17,0x17,0xff,
    0x17,0x17,0x17,0xff,0x17,0x17,0x17,0xff,0x17,0x17,0x17,0xff,0x17,0x17,0x17,0xff,
    0x17,0x17,0x17,0xff,0x17,0x17,0x17,0xff,0x17,0x17,0x17,0xff,0x17,0x17,0x17,0xff,
    0x17,0x17,0x17,0xff,0x17,0x17,0x17,0xff,0x17,0x17,0x17,0xff,0x17,0x17,0x17,0xff,
    0x17,0x17,0x17,0xff,0x17,0x17,0x17,0xff,0x17,0x17,0x17,0xff,0x17,0x17,0x17,0xff,
    0x17,0x17,0x17,0xff,0x17,0x17,0x17,0xff,0x17,0x17,0x17,0xff,0x17,0x17,0x17,0xff,
    0x17,0x17,0x17,0xff,0x17,0x17,0x17,0xff,0x17,0x17,0x17,0xff,0x17,0x17,0x17,0xff,
    0x17,0x17,0x17,0xff,0x17,0x17,0x17,0xff,0x17,0x17,0x17,0xff,0x17,0x17,0x17,0xff,
    0x17,0x17,0x17,0xff,0x17,0x17,0x17,0xff,0x17,0x17,0x17,0xff,0x17,0x17,0x17,0xff,
    0x17,0x17,0x17,0xff,0x17,0x17,0x17,0xff,0x17,0x17,0x17,0xff,0x17,0x17,0x17,0xff,
    0x17,0x17,0x17,0xff,0x17,0x17,0x17,0xff,0x17,0x17,0x17,0xff,0x17,0x17,0x17,0xff,
    0x17,0x17,0x17,0xff,0x17,0x17,0x17,0xff,0x17,0x17,0x17,0xff,0x17,0x17,0x17,0xff,
    0x17,0x17,0x17,0xff,0x17,0x17,0x17,0xff,0x17,0x17,0x17,0xff,0x17,0x17,0x17,0xff,
    0x17,0x17,0x17,0xff,0x17,0x17,0x17,0xff,0x17,0x17,0x17,0xff,0x17,0x17,0x17,0xff,
    0x17,0x17,0x17,0xff,0x17,0x17,0x17,0xff,0x17,0x17,0x17,0xff,0x17,0x17,0x17,0xff,
    0x17,0x17,0x17,0xff,0x17,0x17,0x17,0xff,0x17,0x17,0x17,0xff,0x17,0x17,0x17,0xff,
    0x17,0x17,0x17,0xff,0x17,0x17,0x17,0xff,0x17,0x17,0x17,0xff,0x17,0x17,0x17,0xff,
    0x17,0x17,0x17,0xff,0x17,0x17,0x17,0xff,0x17,0x17,0x17,0xff,0x17,0x17,0x17,0xff,
    0x17,0x17,0x17,0xff,0x17,0x17,0x17,0xff,0x17,0x17,0x17,0xff,0x17,0x17,0x17,0xff,
    0x17,0x17,0x17,0xff,0x17,0x17,0x17,0xff,0x17,0x17,0x17,0xff,0x17,0x17,0x17,0xff,
    0x17,0x17,0x17,0xff,0x17,0x17,0x17,0xff,0x17,0x17,0x17,0xff,0x17,0x17,0x17,0xff,
    0x17,0x17,0x17,0xff,0x17,0x17,0x17,0xff,0x17,0x17,0x17,0xff,0x17,0x17,0x17,0xff,
    0x17,0x17,0x17,0xff,0x17,0x17,0x17,0xff,0x17,0x17,0x17,0xff,0x17,0x17,0x17,0xff,
    0x17,0x17,0x17,0xff,0x17,0x17,0x17,0xff,0x17,0x17,0x17,0xff,0x17,0x17,0x17,0xff,
    0x17,0x17,0x17,0xff,0x17,0x17,0x17,0xff,0x17,0x17,0x17,0xff,0x17,0x17,0x17,0xff,
    0x17,0x17,0x17,0xff,0x17,0x17,0x17,0xff,0x17,0x17,0x17,0xff,0x17,0x17,0x17,0xff,
    0x17,0x17,0x17,0xff,0x17,0x17,0x17,0xff,0x17,0x17,0x17,0xff,0x17,0x17,0x17,0xff,
    0x17,0x17,0x17,0xff,0x17,0x17,0x17,0xff,0x17,0x17,0x17,0xff,0x17,0x17,0x17,0xff,
    0x17,0x17,0x17,0xff,0x17,0x17,0x17,0xff,0x16,0x16,0x16,0xff,0x22,0x22,0x22,0xff,
    0x00,0x00,0x00,0x00,0x00,0x00,0x00,0x00,0x00,0x00,0x00,0x00,0x00,0x00,0x00,0x00,
    0x00,0x00,0x00,0x00,0x00,0x00,0x00,0x00,0x00,0x00,0x00,0x00,0x00,0x00,0x00,0x00,
    0x27,0x27,0x27,0xff,0x28,0x28,0x28,0xff,0x25,0x25,0x25,0xff,0x17,0x17,0x17,0xff,
    0x17,0x17,0x17,0xff,0x17,0x17,0x17,0xff,0x17,0x17,0x17,0xff,0x17,0x17,0x17,0xff,
    0x17,0x17,0x17,0xff,0x17,0x17,0x17,0xff,0x17,0x17,0x17,0xff,0x17,0x17,0x17,0xff,
    0x17,0x17,0x17,0xff,0x17,0x17,0x17,0xff,0x17,0x17,0x17,0xff,0x17,0x17,0x17,0xff,
    0x17,0x17,0x17,0xff,0x17,0x17,0x17,0xff,0x17,0x17,0x17,0xff,0x17,0x17,0x17,0xff,
    0x17,0x17,0x17,0xff,0x17,0x17,0x17,0xff,0x17,0x17,0x17,0xff,0x17,0x17,0x17,0xff,
    0x17,0x17,0x17,0xff,0x17,0x17,0x17,0xff,0x17,0x17,0x17,0xff,0x17,0x17,0x17,0xff,
    0x17,0x17,0x17,0xff,0x17,0x17,0x17,0xff,0x17,0x17,0x17,0xff,0x17,0x17,0x17,0xff,
    0x17,0x17,0x17,0xff,0x17,0x17,0x17,0xff,0x17,0x17,0x17,0xff,0x17,0x17,0x17,0xff,
    0x17,0x17,0x17,0xff,0x17,0x17,0x17,0xff,0x17,0x17,0x17,0xff,0x17,0x17,0x17,0xff,
    0x17,0x17,0x17,0xff,0x17,0x17,0x17,0xff,0x17,0x17,0x17,0xff,0x17,0x17,0x17,0xff,
    0x17,0x17,0x17,0xff,0x17,0x17,0x17,0xff,0x17,0x17,0x17,0xff,0x17,0x17,0x17,0xff,
    0x17,0x17,0x17,0xff,0x17,0x17,0x17,0xff,0x17,0x17,0x17,0xff,0x17,0x17,0x17,0xff,
    0x17,0x17,0x17,0xff,0x17,0x17,0x17,0xff,0x17,0x17,0x17,0xff,0x17,0x17,0x17,0xff,
    0x17,0x17,0x17,0xff,0x17,0x17,0x17,0xff,0x17,0x17,0x17,0xff,0x17,0x17,0x17,0xff,
    0x17,0x17,0x17,0xff,0x17,0x17,0x17,0xff,0x17,0x17,0x17,0xff,0x17,0x17,0x17,0xff,
    0x17,0x17,0x17,0xff,0x17,0x17,0x17,0xff,0x17,0x17,0x17,0xff,0x17,0x17,0x17,0xff,
    0x17,0x17,0x17,0xff,0x17,0x17,0x17,0xff,0x17,0x17,0x17,0xff,0x17,0x17,0x17,0xff,
    0x17,0x17,0x17,0xff,0x17,0x17,0x17,0xff,0x17,0x17,0x17,0xff,0x17,0x17,0x17,0xff,
    0x17,0x17,0x17,0xff,0x17,0x17,0x17,0xff,0x17,0x17,0x17,0xff,0x17,0x17,0x17,0xff,
    0x17,0x17,0x17,0xff,0x17,0x17,0x17,0xff,0x17,0x17,0x17,0xff,0x17,0x17,0x17,0xff,
    0x17,0x17,0x17,0xff,0x17,0x17,0x17,0xff,0x17,0x17,0x17,0xff,0x17,0x17,0x17,0xff,
    0x17,0x17,0x17,0xff,0x17,0x17,0x17,0xff,0x17,0x17,0x17,0xff,0x17,0x17,0x17,0xff,
    0x17,0x17,0x17,0xff,0x17,0x17,0x17,0xff,0x17,0x17,0x17,0xff,0x17,0x17,0x17,0xff,
    0x17,0x17,0x17,0xff,0x17,0x17,0x17,0xff,0x17,0x17,0x17,0xff,0x17,0x17,0x17,0xff,
    0x17,0x17,0x17,0xff,0x17,0x17,0x17,0xff,0x17,0x17,0x17,0xff,0x17,0x17,0x17,0xff,
    0x17,0x17,0x17,0xff,0x17,0x17,0x17,0xff,0x17,0x17,0x17,0xff,0x17,0x17,0x17,0xff,
    0x17,0x17,0x17,0xff,0x17,0x17,0x17,0xff,0x17,0x17,0x17,0xff,0x17,0x17,0x17,0xff,
    0x17,0x17,0x17,0xff,0x17,0x17,0x17,0xff,0x17,0x17,0x17,0xff,0x17,0x17,0x17,0xff,
    0x17,0x17,0x17,0xff,0x17,0x17,0x17,0xff,0x17,0x17,0x17,0xff,0x17,0x17,0x17,0xff,
    0x17,0x17,0x17,0xff,0x17,0x17,0x17,0xff,0x17,0x17,0x17,0xff,0x17,0x17,0x17,0xff,
    0x17,0x17,0x17,0xff,0x17,0x17,0x17,0xff,0x17,0x17,0x17,0xff,0x17,0x17,0x17,0xff,
    0x17,0x17,0x17,0xff,0x17,0x17,0x17,0xff,0x17,0x17,0x17,0xff,0x17,0x17,0x17,0xff,
    0x17,0x17,0x17,0xff,0x17,0x17,0x17,0xff,0x17,0x17,0x17,0xff,0x17,0x17,0x17,0xff,
    0x17,0x17,0x17,0xff,0x17,0x17,0x17,0xff,0x17,0x17,0x17,0xff,0x17,0x17,0x17,0xff,
    0x17,0x17,0x17,0xff,0x17,0x17,0x17,0xff,0x17,0x17,0x17,0xff,0x17,0x17,0x17,0xff,
    0x17,0x17,0x17,0xff,0x17,0x17,0x17,0xff,0x17,0x17,0x17,0xff,0x17,0x17,0x17,0xff,
    0x17,0x17,0x17,0xff,0x17,0x17,0x17,0xff,0x16,0x16,0x16,0xff,0x22,0x22,0x22,0xff,
    0x00,0x00,0x00,0x00,0x00,0x00,0x00,0x00,0x00,0x00,0x00,0x00,0x00,0x00,0x00,0x00,
    0x00,0x00,0x00,0x00,0x00,0x00,0x00,0x00,0x00,0x00,0x00,0x00,0x00,0x00,0x00,0x00,
    0x27,0x27,0x27,0xff,0x28,0x28,0x28,0xff,0x25,0x25,0x25,0xff,0x18,0x18,0x18,0xff,
    0x18,0x18,0x18,0xff,0x18,0x18,0x18,0xff,0x18,0x18,0x18,0xff,0x18,0x18,0x18,0xff,
    0x18,0x18,0x18,0xff,0x18,0x18,0x18,0xff,0x18,0x18,0x18,0xff,0x18,0x18,0x18,0xff,
    0x18,0x18,0x18,0xff,0x18,0x18,0x18,0xff,0x18,0x18,0x18,0xff,0x18,0x18,0x18,0xff,
    0x18,0x18,0x18,0xff,0x18,0x18,0x18,0xff,0x18,0x18,0x18,0xff,0x18,0x18,0x18,0xff,
    0x18,0x18,0x18,0xff,0x18,0x18,0x18,0xff,0x18,0x18,0x18,0xff,0x18,0x18,0x18,0xff,
    0x18,0x18,0x18,0xff,0x18,0x18,0x18,0xff,0x18,0x18,0x18,0xff,0x18,0x18,0x18,0xff,
    0x18,0x18,0x18,0xff,0x18,0x18,0x18,0xff,0x18,0x18,0x18,0xff,0x18,0x18,0x18,0xff,
    0x18,0x18,0x18,0xff,0x18,0x18,0x18,0xff,0x18,0x18,0x18,0xff,0x18,0x18,0x18,0xff,
    0x18,0x18,0x18,0xff,0x18,0x18,0x18,0xff,0x18,0x18,0x18,0xff,0x18,0x18,0x18,0xff,
    0x18,0x18,0x18,0xff,0x18,0x18,0x18,0xff,0x18,0x18,0x18,0xff,0x18,0x18,0x18,0xff,
    0x18,0x18,0x18,0xff,0x18,0x18,0x18,0xff,0x18,0x18,0x18,0xff,0x18,0x18,0x18,0xff,
    0x18,0x18,0x18,0xff,0x18,0x18,0x18,0xff,0x18,0x18,0x18,0xff,0x18,0x18,0x18,0xff,
    0x18,0x18,0x18,0xff,0x18,0x18,0x18,0xff,0x18,0x18,0x18,0xff,0x18,0x18,0x18,0xff,
    0x18,0x18,0x18,0xff,0x18,0x18,0x18,0xff,0x18,0x18,0x18,0xff,0x18,0x18,0x18,0xff,
    0x18,0x18,0x18,0xff,0x18,0x18,0x18,0xff,0x18,0x18,0x18,0xff,0x18,0x18,0x18,0xff,
    0x18,0x18,0x18,0xff,0x18,0x18,0x18,0xff,0x18,0x18,0x18,0xff,0x18,0x18,0x18,0xff,
    0x18,0x18,0x18,0xff,0x18,0x18,0x18,0xff,0x18,0x18,0x18,0xff,0x18,0x18,0x18,0xff,
    0x18,0x18,0x18,0xff,0x18,0x18,0x18,0xff,0x18,0x18,0x18,0xff,0x18,0x18,0x18,0xff,
    0x18,0x18,0x18,0xff,0x18,0x18,0x18,0xff,0x18,0x18,0x18,0xff,0x18,0x18,0x18,0xff,
    0x18,0x18,0x18,0xff,0x18,0x18,0x18,0xff,0x18,0x18,0x18,0xff,0x18,0x18,0x18,0xff,
    0x18,0x18,0x18,0xff,0x18,0x18,0x18,0xff,0x18,0x18,0x18,0xff,0x18,0x18,0x18,0xff,
    0x18,0x18,0x18,0xff,0x18,0x18,0x18,0xff,0x18,0x18,0x18,0xff,0x18,0x18,0x18,0xff,
    0x18,0x18,0x18,0xff,0x18,0x18,0x18,0xff,0x18,0x18,0x18,0xff,0x18,0x18,0x18,0xff,
    0x18,0x18,0x18,0xff,0x18,0x18,0x18,0xff,0x18,0x18,0x18,0xff,0x18,0x18,0x18,0xff,
    0x18,0x18,0x18,0xff,0x18,0x18,0x18,0xff,0x18,0x18,0x18,0xff,0x18,0x18,0x18,0xff,
    0x18,0x18,0x18,0xff,0x18,0x18,0x18,0xff,0x18,0x18,0x18,0xff,0x18,0x18,0x18,0xff,
    0x18,0x18,0x18,0xff,0x18,0x18,0x18,0xff,0x18,0x18,0x18,0xff,0x18,0x18,0x18,0xff,
    0x18,0x18,0x18,0xff,0x18,0x18,0x18,0xff,0x18,0x18,0x18,0xff,0x18,0x18,0x18,0xff,
    0x18,0x18,0x18,0xff,0x18,0x18,0x18,0xff,0x18,0x18,0x18,0xff,0x18,0x18,0x18,0xff,
    0x18,0x18,0x18,0xff,0x18,0x18,0x18,0xff,0x18,0x18,0x18,0xff,0x18,0x18,0x18,0xff,
    0x18,0x18,0x18,0xff,0x18,0x18,0x18,0xff,0x18,0x18,0x18,0xff,0x18,0x18,0x18,0xff,
    0x18,0x18,0x18,0xff,0x18,0x18,0x18,0xff,0x18,0x18,0x18,0xff,0x18,0x18,0x18,0xff,
    0x18,0x18,0x18,0xff,0x18,0x18,0x18,0xff,0x18,0x18,0x18,0xff,0x18,0x18,0x18,0xff,
    0x18,0x18,0x18,0xff,0x18,0x18,0x18,0xff,0x18,0x18,0x18,0xff,0x18,0x18,0x18,0xff,
    0x18,0x18,0x18,0xff,0x18,0x18,0x18,0xff,0x18,0x18,0x18,0xff,0x18,0x18,0x18,0xff,
    0x18,0x18,0x18,0xff,0x18,0x18,0x18,0xff,0x18,0x18,0x18,0xff,0x18,0x18,0x18,0xff,
    0x18,0x18,0x18,0xff,0x18,0x18,0x18,0xff,0x17,0x17,0x17,0xff,0x22,0x22,0x22,0xff,
    0x00,0x00,0x00,0x00,0x00,0x00,0x00,0x00,0x00,0x00,0x00,0x00,0x00,0x00,0x00,0x00,
    0x00,0x00,0x00,0x00,0x00,0x00,0x00,0x00,0x00,0x00,0x00,0x00,0x00,0x00,0x00,0x00,
    0x27,0x27,0x27,0xff,0x28,0x28,0x28,0xff,0x24,0x24,0x24,0xff,0x11,0x11,0x11,0xff,
    0x11,0x11,0x11,0xff,0x11,0x11,0x11,0xff,0x11,0x11,0x11,0xff,0x11,0x11,0x11,0xff,
    0x11,0x11,0x11,0xff,0x11,0x11,0x11,0xff,0x11,0x11,0x11,0xff,0x11,0x11,0x11,0xff,
    0x11,0x11,0x11,0xff,0x11,0x11,0x11,0xff,0x11,0x11,0x11,0xff,0x11,0x11,0x11,0xff,
    0x11,0x11,0x11,0xff,0x11,0x11,0x11,0xff,0x11,0x11,0x11,0xff,0x11,0x11,0x11,0xff,
    0x11,0x11,0x11,0xff,0x11,0x11,0x11,0xff,0x11,0x11,0x11,0xff,0x11,0x11,0x11,0xff,
    0x11,0x11,0x11,0xff,0x11,0x11,0x11,0xff,0x11,0x11,0x11,0xff,0x11,0x11,0x11,0xff,
    0x11,0x11,0x11,0xff,0x11,0x11,0x11,0xff,0x11,0x11,0x11,0xff,0x11,0x11,0x11,0xff,
    0x11,0x11,0x11,0xff,0x11,0x11,0x11,0xff,0x11,0x11,0x11,0xff,0x11,0x11,0x11,0xff,
    0x11,0x11,0x11,0xff,0x11,0x11,0x11,0xff,0x11,0x11,0x11,0xff,0x11,0x11,0x11,0xff,
    0x11,0x11,0x11,0xff,0x11,0x11,0x11,0xff,0x11,0x11,0x11,0xff,0x11,0x11,0x11,0xff,
    0x11,0x11,0x11,0xff,0x11,0x11,0x11,0xff,0x11,0x11,0x11,0xff,0x11,0x11,0x11,0xff,
    0x11,0x11,0x11,0xff,0x11,0x11,0x11,0xff,0x11,0x11,0x11,0xff,0x11,0x11,0x11,0xff,
    0x11,0x11,0x11,0xff,0x11,0x11,0x11,0xff,0x11,0x11,0x11,0xff,0x11,0x11,0x11,0xff,
    0x11,0x11,0x11,0xff,0x11,0x11,0x11,0xff,0x11,0x11,0x11,0xff,0x11,0x11,0x11,0xff,
    0x11,0x11,0x11,0xff,0x11,0x11,0x11,0xff,0x11,0x11,0x11,0xff,0x11,0x11,0x11,0xff,
    0x11,0x11,0x11,0xff,0x11,0x11,0x11,0xff,0x11,0x11,0x11,0xff,0x11,0x11,0x11,0xff,
    0x11,0x11,0x11,0xff,0x11,0x11,0x11,0xff,0x11,0x11,0x11,0xff,0x11,0x11,0x11,0xff,
    0x11,0x11,0x11,0xff,0x11,0x11,0x11,0xff,0x11,0x11,0x11,0xff,0x11,0x11,0x11,0xff,
    0x11,0x11,0x11,0xff,0x11,0x11,0x11,0xff,0x11,0x11,0x11,0xff,0x11,0x11,0x11,0xff,
    0x11,0x11,0x11,0xff,0x11,0x11,0x11,0xff,0x11,0x11,0x11,0xff,0x11,0x11,0x11,0xff,
    0x11,0x11,0x11,0xff,0x11,0x11,0x11,0xff,0x11,0x11,0x11,0xff,0x11,0x11,0x11,0xff,
    0x11,0x11,0x11,0xff,0x11,0x11,0x11,0xff,0x11,0x11,0x11,0xff,0x11,0x11,0x11,0xff,
    0x11,0x11,0x11,0xff,0x11,0x11,0x11,0xff,0x11,0x11,0x11,0xff,0x11,0x11,0x11,0xff,
    0x11,0x11,0x11,0xff,0x11,0x11,0x11,0xff,0x11,0x11,0x11,0xff,0x11,0x11,0x11,0xff,
    0x11,0x11,0x11,0xff,0x11,0x11,0x11,0xff,0x11,0x11,0x11,0xff,0x11,0x11,0x11,0xff,
    0x11,0x11,0x11,0xff,0x11,0x11,0x11,0xff,0x11,0x11,0x11,0xff,0x11,0x11,0x11,0xff,
    0x11,0x11,0x11,0xff,0x11,0x11,0x11,0xff,0x11,0x11,0x11,0xff,0x11,0x11,0x11,0xff,
    0x11,0x11,0x11,0xff,0x11,0x11,0x11,0xff,0x11,0x11,0x11,0xff,0x11,0x11,0x11,0xff,
    0x11,0x11,0x11,0xff,0x11,0x11,0x11,0xff,0x11,0x11,0x11,0xff,0x11,0x11,0x11,0xff,
    0x11,0x11,0x11,0xff,0x11,0x11,0x11,0xff,0x11,0x11,0x11,0xff,0x11,0x11,0x11,0xff,
    0x11,0x11,0x11,0xff,0x11,0x11,0x11,0xff,0x11,0x11,0x11,0xff,0x11,0x11,0x11,0xff,
    0x11,0x11,0x11,0xff,0x11,0x11,0x11,0xff,0x11,0x11,0x11,0xff,0x11,0x11,0x11,0xff,
    0x11,0x11,0x11,0xff,0x11,0x11,0x11,0xff,0x11,0x11,0x11,0xff,0x11,0x11,0x11,0xff,
    0x11,0x11,0x11,0xff,0x11,0x11,0x11,0xff,0x11,0x11,0x11,0xff,0x11,0x11,0x11,0xff,
    0x11,0x11,0x11,0xff,0x11,0x11,0x11,0xff,0x11,0x11,0x11,0xff,0x11,0x11,0x11,0xff,
    0x11,0x11,0x11,0xff,0x11,0x11,0x11,0xff,0x11,0x11,0x11,0xff,0x11,0x11,0x11,0xff,
    0x11,0x11,0x11,0xff,0x11,0x11,0x11,0xff,0x0f,0x0f,0x0f,0xff,0x20,0x20,0x20,0xff,
    0x00,0x00,0x00,0x00,0x00,0x00,0x00,0x00,0x00,0x00,0x00,0x00,0x00,0x00,0x00,0x00,
    0x00,0x00,0x00,0x00,0x00,0x00,0x00,0x00,0x00,0x00,0x00,0x00,0x00,0x00,0x00,0x00,
};

const lv_image_dsc_t img_ekg_152x134_ARGB8888_aligned = {
  .header.magic = LV_IMAGE_HEADER_MAGIC,
  .header.cf = LV_COLOR_FORMAT_ARGB8888,
  .header.stride = 640,
  .header.flags = 0,
  .header.w = 152,
  .header.h = 134,
  .data_size = sizeof(img_ekg_152x134_ARGB8888_aligned_map),
  .data = img_ekg_152x134_ARGB8888_aligned_map,
};
