#ifdef __has_include
#if __has_include("lvgl.h")
#ifndef LV_LVGL_H_INCLUDE_SIMPLE
#define LV_LVGL_H_INCLUDE_SIMPLE
#endif
#endif
#endif

#if defined(LV_LVGL_H_INCLUDE_SIMPLE)
 #include "lvgl.h"
#else
 #include "lvgl/lvgl.h"
#endif

#ifndef LV_ATTRIBUTE_MEM_ALIGN
#define LV_ATTRIBUTE_MEM_ALIGN
#endif

#ifndef LV_ATTRIBUTE_IMAGE_IMG_STRESS_LEVEL_79X124_ARGB8888_ALIGNED
#define LV_ATTRIBUTE_IMAGE_IMG_STRESS_LEVEL_79X124_ARGB8888_ALIGNED
#endif

const LV_ATTRIBUTE_MEM_ALIGN LV_ATTRIBUTE_LARGE_CONST LV_ATTRIBUTE_IMAGE_IMG_STRESS_LEVEL_79X124_ARGB8888_ALIGNED uint8_t img_stress_level_79x124_ARGB8888_aligned_map[] = {
    0x00,0x00,0x00,0x00,0x00,0x00,0x00,0x00,0x00,0x00,0x00,0x00,0x00,0x00,0x00,0x00,
    0x00,0x00,0x00,0x00,0x00,0x00,0x00,0x00,0x00,0x00,0x00,0x00,0x00,0x00,0x00,0x00,
    0x00,0x00,0x00,0x00,0x00,0x00,0x00,0x00,0x00,0x00,0x00,0x00,0x00,0x00,0x00,0x00,
    0x00,0x00,0x00,0x00,0x00,0x00,0x00,0x00,0x00,0x00,0x00,0x00,0x00,0x00,0x00,0x00,
    0x00,0x00,0x00,0x00,0x00,0x00,0x00,0x00,0x00,0x00,0x00,0x00,0x00,0x00,0x00,0x00,
    0x00,0x00,0x00,0x00,0x00,0x00,0x00,0x00,0x00,0x00,0x00,0x00,0x00,0x00,0x00,0x00,
    0x00,0x00,0x00,0x00,0x00,0x00,0x00,0x00,0x00,0x00,0x00,0x00,0x00,0x00,0x00,0x00,
    0x00,0x00,0x00,0x00,0x00,0x00,0x00,0x00,0x00,0x00,0x00,0x00,0x00,0x00,0x00,0x00,
    0x00,0x00,0x00,0x00,0x00,0x00,0x00,0x00,0xff,0xff,0xff,0x0f,0xfe,0xfe,0xfe,0x38,
    0xff,0xff,0xff,0x50,0xff,0xff,0xff,0x72,0xff,0xff,0xff,0x8e,0xff,0xff,0xff,0x98,
    0xff,0xff,0xff,0x91,0xff,0xff,0xff,0x7a,0xff,0xff,0xff,0x55,0xff,0xff,0xff,0x3e,
    0xff,0xff,0xff,0x17,0x00,0x00,0x00,0x00,0x00,0x00,0x00,0x00,0x00,0x00,0x00,0x00,
    0x00,0x00,0x00,0x00,0x00,0x00,0x00,0x00,0x00,0x00,0x00,0x00,0x00,0x00,0x00,0x00,
    0x00,0x00,0x00,0x00,0x00,0x00,0x00,0x00,0x00,0x00,0x00,0x00,0x00,0x00,0x00,0x00,
    0x00,0x00,0x00,0x00,0x00,0x00,0x00,0x00,0x00,0x00,0x00,0x00,0x00,0x00,0x00,0x00,
    0x00,0x00,0x00,0x00,0x00,0x00,0x00,0x00,0x00,0x00,0x00,0x00,0x00,0x00,0x00,0x00,
    0x00,0x00,0x00,0x00,0x00,0x00,0x00,0x00,0x00,0x00,0x00,0x00,0x00,0x00,0x00,0x00,
    0x00,0x00,0x00,0x00,0x00,0x00,0x00,0x00,0x00,0x00,0x00,0x00,0x00,0x00,0x00,0x00,
    0x00,0x00,0x00,0x00,0x00,0x00,0x00,0x00,0x00,0x00,0x00,0x00,0x00,0x00,0x00,0x00,
    0x00,0x00,0x00,0x00,0x00,0x00,0x00,0x00,0x00,0x00,0x00,0x00,0x00,0x00,0x00,0x00,
    0x00,0x00,0x00,0x00,0x00,0x00,0x00,0x00,0x00,0x00,0x00,0x00,0x00,0x00,0x00,0x00,
    0x00,0x00,0x00,0x00,0x00,0x00,0x00,0x00,0x00,0x00,0x00,0x00,0x00,0x00,0x00,0x00,
    0x00,0x00,0x00,0x00,0x00,0x00,0x00,0x00,0x00,0x00,0x00,0x00,0x00,0x00,0x00,0x00,
    0x00,0x00,0x00,0x00,0x00,0x00,0x00,0x00,0x00,0x00,0x00,0x00,0x00,0x00,0x00,0x00,
    0x00,0x00,0x00,0x00,0x00,0x00,0x00,0x00,0x00,0x00,0x00,0x00,0x00,0x00,0x00,0x00,
    0x00,0x00,0x00,0x00,0x00,0x00,0x00,0x00,0x00,0x00,0x00,0x00,0x00,0x00,0x00,0x00,
    0x00,0x00,0x00,0x00,0x00,0x00,0x00,0x00,0x00,0x00,0x00,0x00,0x00,0x00,0x00,0x00,
    0x00,0x00,0x00,0x00,0x00,0x00,0x00,0x00,0x00,0x00,0x00,0x00,0xff,0xff,0xff,0x0f,
    0xff,0xff,0xff,0x26,0xff,0xff,0xff,0x3d,0xfe,0xfe,0xfe,0x5b,0xfe,0xfe,0xfe,0x7e,
    0xff,0xff,0xff,0x8d,0xfe,0xfe,0xfe,0xa3,0xfe,0xfe,0xfe,0xb6,0xff,0xff,0xff,0xbc,
    0xff,0xff,0xff,0xb7,0xff,0xff,0xff,0xa9,0xff,0xff,0xff,0x90,0xff,0xff,0xff,0x81,
    0xff,0xff,0xff,0x63,0xff,0xff,0xff,0x41,0xff,0xff,0xff,0x27,0xff,0xff,0xff,0x10,
    0x00,0x00,0x00,0x00,0x00,0x00,0x00,0x00,0x00,0x00,0x00,0x00,0x00,0x00,0x00,0x00,
    0x00,0x00,0x00,0x00,0x00,0x00,0x00,0x00,0x00,0x00,0x00,0x00,0x00,0x00,0x00,0x00,
    0x00,0x00,0x00,0x00,0x00,0x00,0x00,0x00,0x00,0x00,0x00,0x00,0x00,0x00,0x00,0x00,
    0x00,0x00,0x00,0x00,0x00,0x00,0x00,0x00,0x00,0x00,0x00,0x00,0x00,0x00,0x00,0x00,
    0x00,0x00,0x00,0x00,0x00,0x00,0x00,0x00,0x00,0x00,0x00,0x00,0x00,0x00,0x00,0x00,
    0x00,0x00,0x00,0x00,0x00,0x00,0x00,0x00,0x00,0x00,0x00,0x00,0x00,0x00,0x00,0x00,
    0x00,0x00,0x00,0x00,0x00,0x00,0x00,0x00,0x00,0x00,0x00,0x00,0x00,0x00,0x00,0x00,
    0x00,0x00,0x00,0x00,0x00,0x00,0x00,0x00,0x00,0x00,0x00,0x00,0x00,0x00,0x00,0x00,
    0x00,0x00,0x00,0x00,0x00,0x00,0x00,0x00,0x00,0x00,0x00,0x00,0x00,0x00,0x00,0x00,
    0x00,0x00,0x00,0x00,0x00,0x00,0x00,0x00,0x00,0x00,0x00,0x00,0x00,0x00,0x00,0x00,
    0x00,0x00,0x00,0x00,0x00,0x00,0x00,0x00,0x00,0x00,0x00,0x00,0x00,0x00,0x00,0x00,
    0x00,0x00,0x00,0x00,0x00,0x00,0x00,0x00,0x00,0x00,0x00,0x00,0x00,0x00,0x00,0x00,
    0x00,0x00,0x00,0x00,0x00,0x00,0x00,0x00,0x00,0x00,0x00,0x00,0x00,0x00,0x00,0x00,
    0x00,0x00,0x00,0x00,0x00,0x00,0x00,0x00,0x00,0x00,0x00,0x00,0x00,0x00,0x00,0x00,
    0x00,0x00,0x00,0x00,0x00,0x00,0x00,0x00,0x00,0x00,0x00,0x00,0x00,0x00,0x00,0x00,
    0xff,0xff,0xff,0x01,0xff,0xff,0xff,0x11,0xff,0xff,0xff,0x20,0xff,0xff,0xff,0x64,
    0xff,0xff,0xff,0xa5,0xff,0xff,0xff,0xd7,0xff,0xff,0xff,0xfa,0xff,0xff,0xff,0xff,
    0xff,0xff,0xff,0xff,0xff,0xff,0xff,0xff,0xff,0xff,0xff,0xff,0xff,0xff,0xff,0xff,
    0xff,0xff,0xff,0xff,0xff,0xff,0xff,0xff,0xff,0xff,0xff,0xff,0xff,0xff,0xff,0xff,
    0xff,0xff,0xff,0xff,0xff,0xff,0xff,0xdd,0xff,0xff,0xff,0xaa,0xff,0xff,0xff,0x69,
    0xff,0xff,0xff,0x2f,0xff,0xff,0xff,0x12,0xff,0xff,0xff,0x03,0x00,0x00,0x00,0x00,
    0x00,0x00,0x00,0x00,0x00,0x00,0x00,0x00,0x00,0x00,0x00,0x00,0x00,0x00,0x00,0x00,
    0x00,0x00,0x00,0x00,0x00,0x00,0x00,0x00,0x00,0x00,0x00,0x00,0x00,0x00,0x00,0x00,
    0x00,0x00,0x00,0x00,0x00,0x00,0x00,0x00,0x00,0x00,0x00,0x00,0x00,0x00,0x00,0x00,
    0x00,0x00,0x00,0x00,0x00,0x00,0x00,0x00,0x00,0x00,0x00,0x00,0x00,0x00,0x00,0x00,
    0x00,0x00,0x00,0x00,0x00,0x00,0x00,0x00,0x00,0x00,0x00,0x00,0x00,0x00,0x00,0x00,
    0x00,0x00,0x00,0x00,0x00,0x00,0x00,0x00,0x00,0x00,0x00,0x00,0x00,0x00,0x00,0x00,
    0x00,0x00,0x00,0x00,0x00,0x00,0x00,0x00,0x00,0x00,0x00,0x00,0x00,0x00,0x00,0x00,
    0x00,0x00,0x00,0x00,0x00,0x00,0x00,0x00,0x00,0x00,0x00,0x00,0x00,0x00,0x00,0x00,
    0x00,0x00,0x00,0x00,0x00,0x00,0x00,0x00,0x00,0x00,0x00,0x00,0x00,0x00,0x00,0x00,
    0x00,0x00,0x00,0x00,0x00,0x00,0x00,0x00,0x00,0x00,0x00,0x00,0x00,0x00,0x00,0x00,
    0x00,0x00,0x00,0x00,0x00,0x00,0x00,0x00,0x00,0x00,0x00,0x00,0x00,0x00,0x00,0x00,
    0x00,0x00,0x00,0x00,0x00,0x00,0x00,0x00,0x00,0x00,0x00,0x00,0x00,0x00,0x00,0x00,
    0x00,0x00,0x00,0x00,0x00,0x00,0x00,0x00,0x00,0x00,0x00,0x00,0x00,0x00,0x00,0x00,
    0x00,0x00,0x00,0x00,0x00,0x00,0x00,0x00,0xff,0xff,0xff,0x01,0xff,0xff,0xff,0x01,
    0xff,0xff,0xff,0x22,0xff,0xff,0xff,0x8b,0xfe,0xfe,0xfe,0xe2,0xff,0xff,0xff,0xff,
    0xff,0xff,0xff,0xff,0xff,0xff,0xff,0xff,0xff,0xff,0xff,0xff,0xff,0xff,0xff,0xff,
    0xff,0xff,0xff,0xff,0xff,0xff,0xff,0xff,0xff,0xff,0xff,0xff,0xff,0xff,0xff,0xff,
    0xff,0xff,0xff,0xff,0xff,0xff,0xff,0xff,0xff,0xff,0xff,0xff,0xff,0xff,0xff,0xff,
    0xff,0xff,0xff,0xff,0xff,0xff,0xff,0xff,0xff,0xff,0xff,0xff,0xff,0xff,0xff,0xff,
    0xfe,0xfe,0xfe,0xef,0xff,0xff,0xff,0x99,0xff,0xff,0xff,0x32,0xff,0xff,0xff,0x08,
    0x00,0x00,0x00,0x00,0x00,0x00,0x00,0x00,0x00,0x00,0x00,0x00,0x00,0x00,0x00,0x00,
    0x00,0x00,0x00,0x00,0x00,0x00,0x00,0x00,0x00,0x00,0x00,0x00,0x00,0x00,0x00,0x00,
    0x00,0x00,0x00,0x00,0x00,0x00,0x00,0x00,0x00,0x00,0x00,0x00,0x00,0x00,0x00,0x00,
    0x00,0x00,0x00,0x00,0x00,0x00,0x00,0x00,0x00,0x00,0x00,0x00,0x00,0x00,0x00,0x00,
    0x00,0x00,0x00,0x00,0x00,0x00,0x00,0x00,0x00,0x00,0x00,0x00,0x00,0x00,0x00,0x00,
    0x00,0x00,0x00,0x00,0x00,0x00,0x00,0x00,0x00,0x00,0x00,0x00,0x00,0x00,0x00,0x00,
    0x00,0x00,0x00,0x00,0x00,0x00,0x00,0x00,0x00,0x00,0x00,0x00,0x00,0x00,0x00,0x00,
    0x00,0x00,0x00,0x00,0x00,0x00,0x00,0x00,0x00,0x00,0x00,0x00,0x00,0x00,0x00,0x00,
    0x00,0x00,0x00,0x00,0x00,0x00,0x00,0x00,0x00,0x00,0x00,0x00,0x00,0x00,0x00,0x00,
    0x00,0x00,0x00,0x00,0x00,0x00,0x00,0x00,0x00,0x00,0x00,0x00,0x00,0x00,0x00,0x00,
    0x00,0x00,0x00,0x00,0x00,0x00,0x00,0x00,0x00,0x00,0x00,0x00,0x00,0x00,0x00,0x00,
    0x00,0x00,0x00,0x00,0x00,0x00,0x00,0x00,0x00,0x00,0x00,0x00,0x00,0x00,0x00,0x00,
    0x00,0x00,0x00,0x00,0x00,0x00,0x00,0x00,0x00,0x00,0x00,0x00,0x00,0x00,0x00,0x00,
    0x00,0x00,0x00,0x00,0x00,0x00,0x00,0x00,0xfe,0xfe,0xfe,0x1c,0xfe,0xfe,0xfe,0x7e,
    0xfe,0xfe,0xfe,0xdf,0xff,0xff,0xff,0xf8,0xff,0xff,0xff,0xfe,0xff,0xff,0xff,0xff,
    0xff,0xff,0xff,0xff,0xff,0xff,0xff,0xff,0xff,0xff,0xff,0xff,0xff,0xff,0xff,0xff,
    0xff,0xff,0xff,0xff,0xff,0xff,0xff,0xff,0xff,0xff,0xff,0xff,0xff,0xff,0xff,0xff,
    0xff,0xff,0xff,0xff,0xff,0xff,0xff,0xff,0xff,0xff,0xff,0xff,0xff,0xff,0xff,0xff,
    0xff,0xff,0xff,0xff,0xff,0xff,0xff,0xff,0xff,0xff,0xff,0xff,0xff,0xff,0xff,0xff,
    0xff,0xff,0xff,0xff,0xff,0xff,0xff,0xf8,0xff,0xff,0xff,0xf2,0xff,0xff,0xff,0x8b,
    0xfe,0xfe,0xfe,0x1c,0x00,0x00,0x00,0x00,0x00,0x00,0x00,0x00,0x00,0x00,0x00,0x00,
    0x00,0x00,0x00,0x00,0x00,0x00,0x00,0x00,0x00,0x00,0x00,0x00,0x00,0x00,0x00,0x00,
    0x00,0x00,0x00,0x00,0x00,0x00,0x00,0x00,0x00,0x00,0x00,0x00,0x00,0x00,0x00,0x00,
    0x00,0x00,0x00,0x00,0x00,0x00,0x00,0x00,0x00,0x00,0x00,0x00,0x00,0x00,0x00,0x00,
    0x00,0x00,0x00,0x00,0x00,0x00,0x00,0x00,0x00,0x00,0x00,0x00,0x00,0x00,0x00,0x00,
    0x00,0x00,0x00,0x00,0x00,0x00,0x00,0x00,0x00,0x00,0x00,0x00,0x00,0x00,0x00,0x00,
    0x00,0x00,0x00,0x00,0x00,0x00,0x00,0x00,0x00,0x00,0x00,0x00,0x00,0x00,0x00,0x00,
    0x00,0x00,0x00,0x00,0x00,0x00,0x00,0x00,0x00,0x00,0x00,0x00,0x00,0x00,0x00,0x00,
    0x00,0x00,0x00,0x00,0x00,0x00,0x00,0x00,0x00,0x00,0x00,0x00,0x00,0x00,0x00,0x00,
    0x00,0x00,0x00,0x00,0x00,0x00,0x00,0x00,0x00,0x00,0x00,0x00,0x00,0x00,0x00,0x00,
    0x00,0x00,0x00,0x00,0x00,0x00,0x00,0x00,0x00,0x00,0x00,0x00,0x00,0x00,0x00,0x00,
    0x00,0x00,0x00,0x00,0x00,0x00,0x00,0x00,0x00,0x00,0x00,0x00,0x00,0x00,0x00,0x00,
    0x00,0x00,0x00,0x00,0x00,0x00,0x00,0x00,0x00,0x00,0x00,0x00,0x00,0x00,0x00,0x00,
    0x00,0x00,0x00,0x00,0xff,0xff,0xff,0x43,0xff,0xff,0xff,0xae,0xff,0xff,0xff,0xf1,
    0xff,0xff,0xff,0xff,0xff,0xff,0xff,0xff,0xff,0xff,0xff,0xff,0xff,0xff,0xff,0xff,
    0xff,0xff,0xff,0xff,0xff,0xff,0xff,0xff,0xff,0xff,0xff,0xff,0xff,0xff,0xff,0xff,
    0xff,0xff,0xff,0xff,0xff,0xff,0xff,0xff,0xff,0xff,0xff,0xff,0xff,0xff,0xff,0xff,
    0xff,0xff,0xff,0xff,0xff,0xff,0xff,0xff,0xff,0xff,0xff,0xff,0xff,0xff,0xff,0xff,
    0xff,0xff,0xff,0xff,0xff,0xff,0xff,0xff,0xff,0xff,0xff,0xff,0xff,0xff,0xff,0xff,
    0xff,0xff,0xff,0xff,0xff,0xff,0xff,0xff,0xff,0xff,0xff,0xff,0xff,0xff,0xff,0xf1,
    0xff,0xff,0xff,0xb8,0xff,0xff,0xff,0x4a,0x00,0x00,0x00,0x00,0x00,0x00,0x00,0x00,
    0x00,0x00,0x00,0x00,0x00,0x00,0x00,0x00,0x00,0x00,0x00,0x00,0x00,0x00,0x00,0x00,
    0x00,0x00,0x00,0x00,0x00,0x00,0x00,0x00,0x00,0x00,0x00,0x00,0x00,0x00,0x00,0x00,
    0x00,0x00,0x00,0x00,0x00,0x00,0x00,0x00,0x00,0x00,0x00,0x00,0x00,0x00,0x00,0x00,
    0x00,0x00,0x00,0x00,0x00,0x00,0x00,0x00,0x00,0x00,0x00,0x00,0x00,0x00,0x00,0x00,
    0x00,0x00,0x00,0x00,0x00,0x00,0x00,0x00,0x00,0x00,0x00,0x00,0x00,0x00,0x00,0x00,
    0x00,0x00,0x00,0x00,0x00,0x00,0x00,0x00,0x00,0x00,0x00,0x00,0x00,0x00,0x00,0x00,
    0x00,0x00,0x00,0x00,0x00,0x00,0x00,0x00,0x00,0x00,0x00,0x00,0x00,0x00,0x00,0x00,
    0x00,0x00,0x00,0x00,0x00,0x00,0x00,0x00,0x00,0x00,0x00,0x00,0x00,0x00,0x00,0x00,
    0x00,0x00,0x00,0x00,0x00,0x00,0x00,0x00,0x00,0x00,0x00,0x00,0x00,0x00,0x00,0x00,
    0x00,0x00,0x00,0x00,0x00,0x00,0x00,0x00,0x00,0x00,0x00,0x00,0x00,0x00,0x00,0x00,
    0x00,0x00,0x00,0x00,0x00,0x00,0x00,0x00,0x00,0x00,0x00,0x00,0x00,0x00,0x00,0x00,
    0x00,0x00,0x00,0x00,0x00,0x00,0x00,0x00,0x00,0x00,0x00,0x00,0x00,0x00,0x00,0x00,
    0xff,0xff,0xff,0x5c,0xff,0xff,0xff,0xc0,0xff,0xff,0xff,0xfb,0xff,0xff,0xff,0xff,
    0xff,0xff,0xff,0xff,0xff,0xff,0xff,0xff,0xff,0xff,0xff,0xff,0xff,0xff,0xff,0xff,
    0xff,0xff,0xff,0xff,0xff,0xff,0xff,0xff,0xff,0xff,0xff,0xff,0xff,0xff,0xff,0xff,
    0xff,0xff,0xff,0xff,0xff,0xff,0xff,0xff,0xff,0xff,0xff,0xff,0xff,0xff,0xff,0xff,
    0xff,0xff,0xff,0xff,0xff,0xff,0xff,0xff,0xff,0xff,0xff,0xff,0xff,0xff,0xff,0xff,
    0xff,0xff,0xff,0xff,0xff,0xff,0xff,0xff,0xff,0xff,0xff,0xff,0xff,0xff,0xff,0xff,
    0xff,0xff,0xff,0xff,0xff,0xff,0xff,0xff,0xff,0xff,0xff,0xff,0xff,0xff,0xff,0xff,
    0xff,0xff,0xff,0xfe,0xff,0xff,0xff,0xcc,0xff,0xff,0xff,0x67,0x00,0x00,0x00,0x00,
    0x00,0x00,0x00,0x00,0x00,0x00,0x00,0x00,0x00,0x00,0x00,0x00,0x00,0x00,0x00,0x00,
    0x00,0x00,0x00,0x00,0x00,0x00,0x00,0x00,0x00,0x00,0x00,0x00,0x00,0x00,0x00,0x00,
    0x00,0x00,0x00,0x00,0x00,0x00,0x00,0x00,0x00,0x00,0x00,0x00,0x00,0x00,0x00,0x00,
    0x00,0x00,0x00,0x00,0x00,0x00,0x00,0x00,0x00,0x00,0x00,0x00,0x00,0x00,0x00,0x00,
    0x00,0x00,0x00,0x00,0x00,0x00,0x00,0x00,0x00,0x00,0x00,0x00,0x00,0x00,0x00,0x00,
    0x00,0x00,0x00,0x00,0x00,0x00,0x00,0x00,0x00,0x00,0x00,0x00,0x00,0x00,0x00,0x00,
    0x00,0x00,0x00,0x00,0x00,0x00,0x00,0x00,0x00,0x00,0x00,0x00,0x00,0x00,0x00,0x00,
    0x00,0x00,0x00,0x00,0x00,0x00,0x00,0x00,0x00,0x00,0x00,0x00,0x00,0x00,0x00,0x00,
    0x00,0x00,0x00,0x00,0x00,0x00,0x00,0x00,0x00,0x00,0x00,0x00,0x00,0x00,0x00,0x00,
    0x00,0x00,0x00,0x00,0x00,0x00,0x00,0x00,0x00,0x00,0x00,0x00,0x00,0x00,0x00,0x00,
    0x00,0x00,0x00,0x00,0x00,0x00,0x00,0x00,0x00,0x00,0x00,0x00,0x00,0x00,0x00,0x00,
    0xff,0xff,0xff,0x01,0x00,0x00,0x00,0x00,0x00,0x00,0x00,0x00,0xff,0xff,0xff,0x4c,
    0xff,0xff,0xff,0xd7,0xff,0xff,0xff,0xff,0xff,0xff,0xff,0xff,0xff,0xff,0xff,0xfe,
    0xff,0xff,0xff,0xff,0xff,0xff,0xff,0xff,0xff,0xff,0xff,0xff,0xff,0xff,0xff,0xff,
    0xff,0xff,0xff,0xff,0xff,0xff,0xff,0xff,0xff,0xff,0xff,0xff,0xff,0xff,0xff,0xff,
    0xff,0xff,0xff,0xff,0xff,0xff,0xff,0xff,0xff,0xff,0xff,0xff,0xff,0xff,0xff,0xff,
    0xff,0xff,0xff,0xff,0xff,0xff,0xff,0xff,0xff,0xff,0xff,0xff,0xff,0xff,0xff,0xff,
    0xff,0xff,0xff,0xff,0xff,0xff,0xff,0xff,0xff,0xff,0xff,0xff,0xff,0xff,0xff,0xff,
    0xff,0xff,0xff,0xff,0xff,0xff,0xff,0xff,0xff,0xff,0xff,0xff,0xff,0xff,0xff,0xff,
    0xff,0xff,0xff,0xff,0xff,0xff,0xff,0xff,0xfe,0xfe,0xfe,0xe0,0xff,0xff,0xff,0x61,
    0x00,0x00,0x00,0x00,0x00,0x00,0x00,0x00,0x00,0x00,0x00,0x00,0x00,0x00,0x00,0x00,
    0x00,0x00,0x00,0x00,0x00,0x00,0x00,0x00,0x00,0x00,0x00,0x00,0x00,0x00,0x00,0x00,
    0x00,0x00,0x00,0x00,0x00,0x00,0x00,0x00,0x00,0x00,0x00,0x00,0x00,0x00,0x00,0x00,
    0x00,0x00,0x00,0x00,0x00,0x00,0x00,0x00,0x00,0x00,0x00,0x00,0x00,0x00,0x00,0x00,
    0x00,0x00,0x00,0x00,0x00,0x00,0x00,0x00,0x00,0x00,0x00,0x00,0x00,0x00,0x00,0x00,
    0x00,0x00,0x00,0x00,0x00,0x00,0x00,0x00,0x00,0x00,0x00,0x00,0x00,0x00,0x00,0x00,
    0x00,0x00,0x00,0x00,0x00,0x00,0x00,0x00,0x00,0x00,0x00,0x00,0x00,0x00,0x00,0x00,
    0x00,0x00,0x00,0x00,0x00,0x00,0x00,0x00,0x00,0x00,0x00,0x00,0x00,0x00,0x00,0x00,
    0x00,0x00,0x00,0x00,0x00,0x00,0x00,0x00,0x00,0x00,0x00,0x00,0x00,0x00,0x00,0x00,
    0x00,0x00,0x00,0x00,0x00,0x00,0x00,0x00,0x00,0x00,0x00,0x00,0x00,0x00,0x00,0x00,
    0x00,0x00,0x00,0x00,0x00,0x00,0x00,0x00,0x00,0x00,0x00,0x00,0x00,0x00,0x00,0x00,
    0x00,0x00,0x00,0x00,0xff,0xff,0xff,0x01,0xff,0xff,0xff,0x3b,0xff,0xff,0xff,0xe1,
    0xff,0xff,0xff,0xff,0xff,0xff,0xff,0xff,0xff,0xff,0xff,0xff,0xff,0xff,0xff,0xff,
    0xff,0xff,0xff,0xff,0xff,0xff,0xff,0xff,0xff,0xff,0xff,0xff,0xff,0xff,0xff,0xff,
    0xff,0xff,0xff,0xff,0xff,0xff,0xff,0xff,0xff,0xff,0xff,0xff,0xff,0xff,0xff,0xff,
    0xff,0xff,0xff,0xff,0xff,0xff,0xff,0xff,0xff,0xff,0xff,0xff,0xff,0xff,0xff,0xff,
    0xff,0xff,0xff,0xff,0xff,0xff,0xff,0xff,0xff,0xff,0xff,0xff,0xff,0xff,0xff,0xff,
    0xff,0xff,0xff,0xff,0xff,0xff,0xff,0xff,0xff,0xff,0xff,0xff,0xff,0xff,0xff,0xff,
    0xff,0xff,0xff,0xff,0xff,0xff,0xff,0xff,0xff,0xff,0xff,0xff,0xff,0xff,0xff,0xff,
    0xff,0xff,0xff,0xff,0xff,0xff,0xff,0xff,0xff,0xff,0xff,0xff,0xff,0xff,0xff,0xec,
    0xff,0xff,0xff,0x43,0xff,0xff,0xff,0x01,0x00,0x00,0x00,0x00,0x00,0x00,0x00,0x00,
    0x00,0x00,0x00,0x00,0x00,0x00,0x00,0x00,0x00,0x00,0x00,0x00,0x00,0x00,0x00,0x00,
    0x00,0x00,0x00,0x00,0x00,0x00,0x00,0x00,0x00,0x00,0x00,0x00,0x00,0x00,0x00,0x00,
    0x00,0x00,0x00,0x00,0x00,0x00,0x00,0x00,0x00,0x00,0x00,0x00,0x00,0x00,0x00,0x00,
    0x00,0x00,0x00,0x00,0x00,0x00,0x00,0x00,0x00,0x00,0x00,0x00,0x00,0x00,0x00,0x00,
    0x00,0x00,0x00,0x00,0x00,0x00,0x00,0x00,0x00,0x00,0x00,0x00,0x00,0x00,0x00,0x00,
    0x00,0x00,0x00,0x00,0x00,0x00,0x00,0x00,0x00,0x00,0x00,0x00,0x00,0x00,0x00,0x00,
    0x00,0x00,0x00,0x00,0x00,0x00,0x00,0x00,0x00,0x00,0x00,0x00,0x00,0x00,0x00,0x00,
    0x00,0x00,0x00,0x00,0x00,0x00,0x00,0x00,0x00,0x00,0x00,0x00,0x00,0x00,0x00,0x00,
    0x00,0x00,0x00,0x00,0x00,0x00,0x00,0x00,0x00,0x00,0x00,0x00,0x00,0x00,0x00,0x00,
    0x00,0x00,0x00,0x00,0x00,0x00,0x00,0x00,0x00,0x00,0x00,0x00,0x00,0x00,0x00,0x00,
    0x00,0x00,0x00,0x00,0xff,0xff,0xff,0x34,0xff,0xff,0xff,0xc7,0xff,0xff,0xff,0xff,
    0xff,0xff,0xff,0xff,0xff,0xff,0xff,0xff,0xff,0xff,0xff,0xff,0xff,0xff,0xff,0xff,
    0xff,0xff,0xff,0xff,0xff,0xff,0xff,0xff,0xff,0xff,0xff,0xff,0xff,0xff,0xff,0xff,
    0xff,0xff,0xff,0xff,0xff,0xff,0xff,0xff,0xff,0xff,0xff,0xff,0xff,0xff,0xff,0xff,
    0xff,0xff,0xff,0xff,0xff,0xff,0xff,0xff,0xff,0xff,0xff,0xff,0xff,0xff,0xff,0xff,
    0xff,0xff,0xff,0xff,0xff,0xff,0xff,0xff,0xff,0xff,0xff,0xff,0xff,0xff,0xff,0xff,
    0xff,0xff,0xff,0xff,0xff,0xff,0xff,0xff,0xff,0xff,0xff,0xff,0xff,0xff,0xff,0xff,
    0xff,0xff,0xff,0xff,0xff,0xff,0xff,0xff,0xff,0xff,0xff,0xff,0xff,0xff,0xff,0xff,
    0xff,0xff,0xff,0xff,0xff,0xff,0xff,0xff,0xff,0xff,0xff,0xff,0xff,0xff,0xff,0xff,
    0xff,0xff,0xff,0xe1,0xff,0xff,0xff,0x24,0x00,0x00,0x00,0x00,0x00,0x00,0x00,0x00,
    0x00,0x00,0x00,0x00,0x00,0x00,0x00,0x00,0x00,0x00,0x00,0x00,0x00,0x00,0x00,0x00,
    0x00,0x00,0x00,0x00,0x00,0x00,0x00,0x00,0x00,0x00,0x00,0x00,0x00,0x00,0x00,0x00,
    0x00,0x00,0x00,0x00,0x00,0x00,0x00,0x00,0x00,0x00,0x00,0x00,0x00,0x00,0x00,0x00,
    0x00,0x00,0x00,0x00,0x00,0x00,0x00,0x00,0x00,0x00,0x00,0x00,0x00,0x00,0x00,0x00,
    0x00,0x00,0x00,0x00,0x00,0x00,0x00,0x00,0x00,0x00,0x00,0x00,0x00,0x00,0x00,0x00,
    0x00,0x00,0x00,0x00,0x00,0x00,0x00,0x00,0x00,0x00,0x00,0x00,0x00,0x00,0x00,0x00,
    0x00,0x00,0x00,0x00,0x00,0x00,0x00,0x00,0x00,0x00,0x00,0x00,0x00,0x00,0x00,0x00,
    0x00,0x00,0x00,0x00,0x00,0x00,0x00,0x00,0x00,0x00,0x00,0x00,0x00,0x00,0x00,0x00,
    0x00,0x00,0x00,0x00,0x00,0x00,0x00,0x00,0x00,0x00,0x00,0x00,0x00,0x00,0x00,0x00,
    0x00,0x00,0x00,0x00,0x00,0x00,0x00,0x00,0x00,0x00,0x00,0x00,0x00,0x00,0x00,0x00,
    0xff,0xff,0xff,0x21,0xff,0xff,0xff,0x8f,0xff,0xff,0xff,0xff,0xff,0xff,0xff,0xff,
    0xff,0xff,0xff,0xff,0xff,0xff,0xff,0xff,0xff,0xff,0xff,0xff,0xff,0xff,0xff,0xff,
    0xff,0xff,0xff,0xff,0xff,0xff,0xff,0xff,0xff,0xff,0xff,0xff,0xff,0xff,0xff,0xff,
    0xff,0xff,0xff,0xff,0xff,0xff,0xff,0xff,0xff,0xff,0xff,0xff,0xff,0xff,0xff,0xff,
    0xff,0xff,0xff,0xff,0xff,0xff,0xff,0xff,0xff,0xff,0xff,0xff,0xff,0xff,0xff,0xff,
    0xff,0xff,0xff,0xff,0xff,0xff,0xff,0xff,0xff,0xff,0xff,0xff,0xff,0xff,0xff,0xff,
    0xff,0xff,0xff,0xff,0xff,0xff,0xff,0xff,0xff,0xff,0xff,0xff,0xff,0xff,0xff,0xff,
    0xff,0xff,0xff,0xff,0xff,0xff,0xff,0xff,0xff,0xff,0xff,0xff,0xff,0xff,0xff,0xff,
    0xff,0xff,0xff,0xff,0xff,0xff,0xff,0xff,0xff,0xff,0xff,0xff,0xff,0xff,0xff,0xff,
    0xff,0xff,0xff,0xfe,0xff,0xff,0xff,0xac,0xff,0xff,0xff,0x25,0x00,0x00,0x00,0x00,
    0x00,0x00,0x00,0x00,0x00,0x00,0x00,0x00,0x00,0x00,0x00,0x00,0x00,0x00,0x00,0x00,
    0x00,0x00,0x00,0x00,0x00,0x00,0x00,0x00,0x00,0x00,0x00,0x00,0x00,0x00,0x00,0x00,
    0x00,0x00,0x00,0x00,0x00,0x00,0x00,0x00,0x00,0x00,0x00,0x00,0x00,0x00,0x00,0x00,
    0x00,0x00,0x00,0x00,0x00,0x00,0x00,0x00,0x00,0x00,0x00,0x00,0x00,0x00,0x00,0x00,
    0x00,0x00,0x00,0x00,0x00,0x00,0x00,0x00,0x00,0x00,0x00,0x00,0x00,0x00,0x00,0x00,
    0x00,0x00,0x00,0x00,0x00,0x00,0x00,0x00,0x00,0x00,0x00,0x00,0x00,0x00,0x00,0x00,
    0x00,0x00,0x00,0x00,0x00,0x00,0x00,0x00,0x00,0x00,0x00,0x00,0x00,0x00,0x00,0x00,
    0x00,0x00,0x00,0x00,0x00,0x00,0x00,0x00,0x00,0x00,0x00,0x00,0x00,0x00,0x00,0x00,
    0x00,0x00,0x00,0x00,0x00,0x00,0x00,0x00,0x00,0x00,0x00,0x00,0x00,0x00,0x00,0x00,
    0x00,0x00,0x00,0x00,0x00,0x00,0x00,0x00,0x00,0x00,0x00,0x00,0x00,0x00,0x00,0x00,
    0xff,0xff,0xff,0x6c,0xff,0xff,0xff,0xff,0xff,0xff,0xff,0xff,0xff,0xff,0xff,0xff,
    0xff,0xff,0xff,0xff,0xff,0xff,0xff,0xff,0xff,0xff,0xff,0xff,0xff,0xff,0xff,0xff,
    0xff,0xff,0xff,0xff,0xff,0xff,0xff,0xff,0xff,0xff,0xff,0xff,0xff,0xff,0xff,0xff,
    0xff,0xff,0xff,0xff,0xff,0xff,0xff,0xff,0xff,0xff,0xff,0xff,0xff,0xff,0xff,0xff,
    0xff,0xff,0xff,0xff,0xff,0xff,0xff,0xff,0xff,0xff,0xff,0xff,0xff,0xff,0xff,0xff,
    0xff,0xff,0xff,0xff,0xff,0xff,0xff,0xff,0xff,0xff,0xff,0xff,0xff,0xff,0xff,0xff,
    0xff,0xff,0xff,0xff,0xff,0xff,0xff,0xff,0xff,0xff,0xff,0xff,0xff,0xff,0xff,0xff,
    0xff,0xff,0xff,0xff,0xff,0xff,0xff,0xff,0xff,0xff,0xff,0xff,0xff,0xff,0xff,0xff,
    0xff,0xff,0xff,0xff,0xff,0xff,0xff,0xff,0xff,0xff,0xff,0xff,0xff,0xff,0xff,0xff,
    0xff,0xff,0xff,0xff,0xff,0xff,0xff,0xff,0xff,0xff,0xff,0x60,0xff,0xff,0xff,0x06,
    0x00,0x00,0x00,0x00,0x00,0x00,0x00,0x00,0x00,0x00,0x00,0x00,0x00,0x00,0x00,0x00,
    0x00,0x00,0x00,0x00,0x00,0x00,0x00,0x00,0x00,0x00,0x00,0x00,0x00,0x00,0x00,0x00,
    0x00,0x00,0x00,0x00,0x00,0x00,0x00,0x00,0x00,0x00,0x00,0x00,0x00,0x00,0x00,0x00,
    0x00,0x00,0x00,0x00,0x00,0x00,0x00,0x00,0x00,0x00,0x00,0x00,0x00,0x00,0x00,0x00,
    0x00,0x00,0x00,0x00,0x00,0x00,0x00,0x00,0x00,0x00,0x00,0x00,0x00,0x00,0x00,0x00,
    0x00,0x00,0x00,0x00,0x00,0x00,0x00,0x00,0x00,0x00,0x00,0x00,0x00,0x00,0x00,0x00,
    0x00,0x00,0x00,0x00,0x00,0x00,0x00,0x00,0x00,0x00,0x00,0x00,0x00,0x00,0x00,0x00,
    0x00,0x00,0x00,0x00,0x00,0x00,0x00,0x00,0x00,0x00,0x00,0x00,0x00,0x00,0x00,0x00,
    0x00,0x00,0x00,0x00,0x00,0x00,0x00,0x00,0x00,0x00,0x00,0x00,0x00,0x00,0x00,0x00,
    0x00,0x00,0x00,0x00,0x00,0x00,0x00,0x00,0x00,0x00,0x00,0x00,0xff,0xff,0xff,0x32,
    0xff,0xff,0xff,0xb4,0xff,0xff,0xff,0xff,0xff,0xff,0xff,0xff,0xff,0xff,0xff,0xff,
    0xff,0xff,0xff,0xff,0xff,0xff,0xff,0xff,0xff,0xff,0xff,0xff,0xff,0xff,0xff,0xff,
    0xff,0xff,0xff,0xff,0xff,0xff,0xff,0xff,0xff,0xff,0xff,0xff,0xff,0xff,0xff,0xff,
    0xff,0xff,0xff,0xff,0xff,0xff,0xff,0xff,0xff,0xff,0xff,0xff,0xff,0xff,0xff,0xff,
    0xff,0xff,0xff,0xff,0xff,0xff,0xff,0xff,0xff,0xff,0xff,0xff,0xff,0xff,0xff,0xff,
    0xff,0xff,0xff,0xff,0xff,0xff,0xff,0xff,0xff,0xff,0xff,0xff,0xff,0xff,0xff,0xff,
    0xff,0xff,0xff,0xff,0xff,0xff,0xff,0xff,0xff,0xff,0xff,0xff,0xff,0xff,0xff,0xff,
    0xff,0xff,0xff,0xff,0xff,0xff,0xff,0xff,0xff,0xff,0xff,0xff,0xff,0xff,0xff,0xff,
    0xff,0xff,0xff,0xff,0xff,0xff,0xff,0xff,0xff,0xff,0xff,0xff,0xff,0xff,0xff,0xff,
    0xff,0xff,0xff,0xff,0xff,0xff,0xff,0xff,0xff,0xff,0xff,0xc7,0xff,0xff,0xff,0x41,
    0x00,0x00,0x00,0x00,0x00,0x00,0x00,0x00,0x00,0x00,0x00,0x00,0x00,0x00,0x00,0x00,
    0x00,0x00,0x00,0x00,0x00,0x00,0x00,0x00,0x00,0x00,0x00,0x00,0x00,0x00,0x00,0x00,
    0x00,0x00,0x00,0x00,0x00,0x00,0x00,0x00,0x00,0x00,0x00,0x00,0x00,0x00,0x00,0x00,
    0x00,0x00,0x00,0x00,0x00,0x00,0x00,0x00,0x00,0x00,0x00,0x00,0x00,0x00,0x00,0x00,
    0x00,0x00,0x00,0x00,0x00,0x00,0x00,0x00,0x00,0x00,0x00,0x00,0x00,0x00,0x00,0x00,
    0x00,0x00,0x00,0x00,0x00,0x00,0x00,0x00,0x00,0x00,0x00,0x00,0x00,0x00,0x00,0x00,
    0x00,0x00,0x00,0x00,0x00,0x00,0x00,0x00,0x00,0x00,0x00,0x00,0x00,0x00,0x00,0x00,
    0x00,0x00,0x00,0x00,0x00,0x00,0x00,0x00,0x00,0x00,0x00,0x00,0x00,0x00,0x00,0x00,
    0x00,0x00,0x00,0x00,0x00,0x00,0x00,0x00,0x00,0x00,0x00,0x00,0x00,0x00,0x00,0x00,
    0x00,0x00,0x00,0x00,0x00,0x00,0x00,0x00,0x00,0x00,0x00,0x00,0xff,0xff,0xff,0x84,
    0xff,0xff,0xff,0xf5,0xff,0xff,0xff,0xff,0xff,0xff,0xff,0xff,0xff,0xff,0xff,0xff,
    0xff,0xff,0xff,0xff,0xff,0xff,0xff,0xff,0xff,0xff,0xff,0xff,0xff,0xff,0xff,0xff,
    0xff,0xff,0xff,0xff,0xff,0xff,0xff,0xff,0xff,0xff,0xff,0xff,0xff,0xff,0xff,0xff,
    0xff,0xff,0xff,0xff,0xff,0xff,0xff,0xff,0xff,0xff,0xff,0xff,0xff,0xff,0xff,0xff,
    0xff,0xff,0xff,0xff,0xff,0xff,0xff,0xff,0xff,0xff,0xff,0xff,0xff,0xff,0xff,0xff,
    0xff,0xff,0xff,0xff,0xff,0xff,0xff,0xff,0xff,0xff,0xff,0xff,0xff,0xff,0xff,0xff,
    0xff,0xff,0xff,0xff,0xff,0xff,0xff,0xff,0xff,0xff,0xff,0xff,0xff,0xff,0xff,0xff,
    0xff,0xff,0xff,0xff,0xff,0xff,0xff,0xff,0xff,0xff,0xff,0xff,0xff,0xff,0xff,0xff,
    0xff,0xff,0xff,0xff,0xff,0xff,0xff,0xff,0xff,0xff,0xff,0xff,0xff,0xff,0xff,0xff,
    0xff,0xff,0xff,0xff,0xff,0xff,0xff,0xff,0xff,0xff,0xff,0xff,0xff,0xff,0xff,0x80,
    0xff,0xff,0xff,0x03,0x00,0x00,0x00,0x00,0x00,0x00,0x00,0x00,0x00,0x00,0x00,0x00,
    0x00,0x00,0x00,0x00,0x00,0x00,0x00,0x00,0x00,0x00,0x00,0x00,0x00,0x00,0x00,0x00,
    0x00,0x00,0x00,0x00,0x00,0x00,0x00,0x00,0x00,0x00,0x00,0x00,0x00,0x00,0x00,0x00,
    0x00,0x00,0x00,0x00,0x00,0x00,0x00,0x00,0x00,0x00,0x00,0x00,0x00,0x00,0x00,0x00,
    0x00,0x00,0x00,0x00,0x00,0x00,0x00,0x00,0x00,0x00,0x00,0x00,0x00,0x00,0x00,0x00,
    0x00,0x00,0x00,0x00,0x00,0x00,0x00,0x00,0x00,0x00,0x00,0x00,0x00,0x00,0x00,0x00,
    0x00,0x00,0x00,0x00,0x00,0x00,0x00,0x00,0x00,0x00,0x00,0x00,0x00,0x00,0x00,0x00,
    0x00,0x00,0x00,0x00,0x00,0x00,0x00,0x00,0x00,0x00,0x00,0x00,0x00,0x00,0x00,0x00,
    0x00,0x00,0x00,0x00,0x00,0x00,0x00,0x00,0x00,0x00,0x00,0x00,0x00,0x00,0x00,0x00,
    0x00,0x00,0x00,0x00,0x00,0x00,0x00,0x00,0xff,0xff,0xff,0x1a,0xff,0xff,0xff,0xbd,
    0xff,0xff,0xff,0xff,0xff,0xff,0xff,0xfe,0xff,0xff,0xff,0xff,0xff,0xff,0xff,0xff,
    0xff,0xff,0xff,0xff,0xff,0xff,0xff,0xff,0xff,0xff,0xff,0xff,0xff,0xff,0xff,0xff,
    0xff,0xff,0xff,0xff,0xff,0xff,0xff,0xff,0xff,0xff,0xff,0xff,0xff,0xff,0xff,0xff,
    0xff,0xff,0xff,0xff,0xff,0xff,0xff,0xff,0xff,0xff,0xff,0xff,0xff,0xff,0xff,0xff,
    0xff,0xff,0xff,0xff,0xff,0xff,0xff,0xff,0xff,0xff,0xff,0xff,0xff,0xff,0xff,0xff,
    0xff,0xff,0xff,0xff,0xff,0xff,0xff,0xff,0xff,0xff,0xff,0xff,0xff,0xff,0xff,0xff,
    0xff,0xff,0xff,0xff,0xff,0xff,0xff,0xff,0xff,0xff,0xff,0xff,0xff,0xff,0xff,0xff,
    0xff,0xff,0xff,0xff,0xff,0xff,0xff,0xff,0xff,0xff,0xff,0xff,0xff,0xff,0xff,0xff,
    0xff,0xff,0xff,0xff,0xff,0xff,0xff,0xff,0xff,0xff,0xff,0xff,0xff,0xff,0xff,0xff,
    0xff,0xff,0xff,0xff,0xff,0xff,0xff,0xff,0xff,0xff,0xff,0xff,0xff,0xff,0xff,0xb8,
    0xfe,0xfe,0xfe,0x38,0x00,0x00,0x00,0x00,0x00,0x00,0x00,0x00,0x00,0x00,0x00,0x00,
    0x00,0x00,0x00,0x00,0x00,0x00,0x00,0x00,0x00,0x00,0x00,0x00,0x00,0x00,0x00,0x00,
    0x00,0x00,0x00,0x00,0x00,0x00,0x00,0x00,0x00,0x00,0x00,0x00,0x00,0x00,0x00,0x00,
    0x00,0x00,0x00,0x00,0x00,0x00,0x00,0x00,0x00,0x00,0x00,0x00,0x00,0x00,0x00,0x00,
    0x00,0x00,0x00,0x00,0x00,0x00,0x00,0x00,0x00,0x00,0x00,0x00,0x00,0x00,0x00,0x00,
    0x00,0x00,0x00,0x00,0x00,0x00,0x00,0x00,0x00,0x00,0x00,0x00,0x00,0x00,0x00,0x00,
    0x00,0x00,0x00,0x00,0x00,0x00,0x00,0x00,0x00,0x00,0x00,0x00,0x00,0x00,0x00,0x00,
    0x00,0x00,0x00,0x00,0x00,0x00,0x00,0x00,0x00,0x00,0x00,0x00,0x00,0x00,0x00,0x00,
    0x00,0x00,0x00,0x00,0x00,0x00,0x00,0x00,0x00,0x00,0x00,0x00,0x00,0x00,0x00,0x00,
    0x00,0x00,0x00,0x00,0x00,0x00,0x00,0x00,0xff,0xff,0xff,0x6a,0xff,0xff,0xff,0xdc,
    0xff,0xff,0xff,0xff,0xff,0xff,0xff,0xff,0xff,0xff,0xff,0xff,0xff,0xff,0xff,0xff,
    0xff,0xff,0xff,0xff,0xff,0xff,0xff,0xff,0xff,0xff,0xff,0xff,0xff,0xff,0xff,0xff,
    0xff,0xff,0xff,0xff,0xff,0xff,0xff,0xff,0xff,0xff,0xff,0xff,0xff,0xff,0xff,0xff,
    0xff,0xff,0xff,0xff,0xff,0xff,0xff,0xff,0xff,0xff,0xff,0xff,0xff,0xff,0xff,0xff,
    0xff,0xff,0xff,0xff,0xff,0xff,0xff,0xff,0xff,0xff,0xff,0xff,0xff,0xff,0xff,0xff,
    0xff,0xff,0xff,0xff,0xff,0xff,0xff,0xff,0xff,0xff,0xff,0xff,0xff,0xff,0xff,0xff,
    0xff,0xff,0xff,0xff,0xff,0xff,0xff,0xff,0xff,0xff,0xff,0xff,0xff,0xff,0xff,0xff,
    0xff,0xff,0xff,0xff,0xff,0xff,0xff,0xff,0xff,0xff,0xff,0xff,0xff,0xff,0xff,0xff,
    0xff,0xff,0xff,0xff,0xff,0xff,0xff,0xff,0xff,0xff,0xff,0xff,0xff,0xff,0xff,0xff,
    0xff,0xff,0xff,0xff,0xff,0xff,0xff,0xff,0xff,0xff,0xff,0xff,0xff,0xff,0xff,0xec,
    0xff,0xff,0xff,0x79,0x00,0x00,0x00,0x00,0x00,0x00,0x00,0x00,0x00,0x00,0x00,0x00,
    0x00,0x00,0x00,0x00,0x00,0x00,0x00,0x00,0x00,0x00,0x00,0x00,0x00,0x00,0x00,0x00,
    0x00,0x00,0x00,0x00,0x00,0x00,0x00,0x00,0x00,0x00,0x00,0x00,0x00,0x00,0x00,0x00,
    0x00,0x00,0x00,0x00,0x00,0x00,0x00,0x00,0x00,0x00,0x00,0x00,0x00,0x00,0x00,0x00,
    0x00,0x00,0x00,0x00,0x00,0x00,0x00,0x00,0x00,0x00,0x00,0x00,0x00,0x00,0x00,0x00,
    0x00,0x00,0x00,0x00,0x00,0x00,0x00,0x00,0x00,0x00,0x00,0x00,0x00,0x00,0x00,0x00,
    0x00,0x00,0x00,0x00,0x00,0x00,0x00,0x00,0x00,0x00,0x00,0x00,0x00,0x00,0x00,0x00,
    0x00,0x00,0x00,0x00,0x00,0x00,0x00,0x00,0x00,0x00,0x00,0x00,0x00,0x00,0x00,0x00,
    0x00,0x00,0x00,0x00,0x00,0x00,0x00,0x00,0x00,0x00,0x00,0x00,0x00,0x00,0x00,0x00,
    0x00,0x00,0x00,0x00,0x00,0x00,0x00,0x00,0xff,0xff,0xff,0xa9,0xff,0xff,0xff,0xf8,
    0xff,0xff,0xff,0xff,0xff,0xff,0xff,0xff,0xff,0xff,0xff,0xff,0xff,0xff,0xff,0xff,
    0xff,0xff,0xff,0xff,0xff,0xff,0xff,0xff,0xff,0xff,0xff,0xff,0xff,0xff,0xff,0xff,
    0xff,0xff,0xff,0xff,0xff,0xff,0xff,0xff,0xff,0xff,0xff,0xff,0xff,0xff,0xff,0xff,
    0xff,0xff,0xff,0xff,0xff,0xff,0xff,0xff,0xff,0xff,0xff,0xff,0xff,0xff,0xff,0xff,
    0xff,0xff,0xff,0xff,0xff,0xff,0xff,0xff,0xff,0xff,0xff,0xff,0xff,0xff,0xff,0xff,
    0xff,0xff,0xff,0xff,0xff,0xff,0xff,0xff,0xff,0xff,0xff,0xff,0xff,0xff,0xff,0xff,
    0xff,0xff,0xff,0xff,0xff,0xff,0xff,0xff,0xff,0xff,0xff,0xff,0xff,0xff,0xff,0xff,
    0xff,0xff,0xff,0xff,0xff,0xff,0xff,0xff,0xff,0xff,0xff,0xff,0xff,0xff,0xff,0xff,
    0xff,0xff,0xff,0xff,0xff,0xff,0xff,0xff,0xff,0xff,0xff,0xff,0xff,0xff,0xff,0xff,
    0xff,0xff,0xff,0xff,0xff,0xff,0xff,0xff,0xff,0xff,0xff,0xff,0xff,0xff,0xff,0xff,
    0xff,0xff,0xff,0xa8,0xff,0xff,0xff,0x02,0x00,0x00,0x00,0x00,0x00,0x00,0x00,0x00,
    0x00,0x00,0x00,0x00,0x00,0x00,0x00,0x00,0x00,0x00,0x00,0x00,0x00,0x00,0x00,0x00,
    0x00,0x00,0x00,0x00,0x00,0x00,0x00,0x00,0x00,0x00,0x00,0x00,0x00,0x00,0x00,0x00,
    0x00,0x00,0x00,0x00,0x00,0x00,0x00,0x00,0x00,0x00,0x00,0x00,0x00,0x00,0x00,0x00,
    0x00,0x00,0x00,0x00,0x00,0x00,0x00,0x00,0x00,0x00,0x00,0x00,0x00,0x00,0x00,0x00,
    0x00,0x00,0x00,0x00,0x00,0x00,0x00,0x00,0x00,0x00,0x00,0x00,0x00,0x00,0x00,0x00,
    0x00,0x00,0x00,0x00,0x00,0x00,0x00,0x00,0x00,0x00,0x00,0x00,0x00,0x00,0x00,0x00,
    0x00,0x00,0x00,0x00,0x00,0x00,0x00,0x00,0x00,0x00,0x00,0x00,0x00,0x00,0x00,0x00,
    0x00,0x00,0x00,0x00,0x00,0x00,0x00,0x00,0x00,0x00,0x00,0x00,0x00,0x00,0x00,0x00,
    0x00,0x00,0x00,0x00,0xff,0xff,0xff,0x0b,0xfe,0xfe,0xfe,0xd1,0xff,0xff,0xff,0xff,
    0xff,0xff,0xff,0xff,0xff,0xff,0xff,0xff,0xff,0xff,0xff,0xff,0xff,0xff,0xff,0xff,
    0xff,0xff,0xff,0xff,0xff,0xff,0xff,0xff,0xff,0xff,0xff,0xff,0xff,0xff,0xff,0xff,
    0xff,0xff,0xff,0xff,0xff,0xff,0xff,0xff,0xff,0xff,0xff,0xff,0xff,0xff,0xff,0xff,
    0xff,0xff,0xff,0xff,0xff,0xff,0xff,0xff,0xff,0xff,0xff,0xff,0xff,0xff,0xff,0xff,
    0xff,0xff,0xff,0xff,0xff,0xff,0xff,0xff,0xff,0xff,0xff,0xff,0xff,0xff,0xff,0xff,
    0xff,0xff,0xff,0xff,0xff,0xff,0xff,0xff,0xff,0xff,0xff,0xff,0xff,0xff,0xff,0xff,
    0xff,0xff,0xff,0xff,0xff,0xff,0xff,0xff,0xff,0xff,0xff,0xff,0xff,0xff,0xff,0xff,
    0xff,0xff,0xff,0xff,0xff,0xff,0xff,0xff,0xff,0xff,0xff,0xff,0xff,0xff,0xff,0xff,
    0xff,0xff,0xff,0xff,0xff,0xff,0xff,0xff,0xff,0xff,0xff,0xff,0xff,0xff,0xff,0xff,
    0xff,0xff,0xff,0xff,0xff,0xff,0xff,0xff,0xff,0xff,0xff,0xff,0xff,0xff,0xff,0xff,
    0xff,0xff,0xff,0xbe,0xff,0xff,0xff,0x2d,0x00,0x00,0x00,0x00,0x00,0x00,0x00,0x00,
    0x00,0x00,0x00,0x00,0x00,0x00,0x00,0x00,0x00,0x00,0x00,0x00,0x00,0x00,0x00,0x00,
    0x00,0x00,0x00,0x00,0x00,0x00,0x00,0x00,0x00,0x00,0x00,0x00,0x00,0x00,0x00,0x00,
    0x00,0x00,0x00,0x00,0x00,0x00,0x00,0x00,0x00,0x00,0x00,0x00,0x00,0x00,0x00,0x00,
    0x00,0x00,0x00,0x00,0x00,0x00,0x00,0x00,0x00,0x00,0x00,0x00,0x00,0x00,0x00,0x00,
    0x00,0x00,0x00,0x00,0x00,0x00,0x00,0x00,0x00,0x00,0x00,0x00,0x00,0x00,0x00,0x00,
    0x00,0x00,0x00,0x00,0x00,0x00,0x00,0x00,0x00,0x00,0x00,0x00,0x00,0x00,0x00,0x00,
    0x00,0x00,0x00,0x00,0x00,0x00,0x00,0x00,0x00,0x00,0x00,0x00,0x00,0x00,0x00,0x00,
    0x00,0x00,0x00,0x00,0x00,0x00,0x00,0x00,0x00,0x00,0x00,0x00,0x00,0x00,0x00,0x00,
    0xff,0xff,0xff,0x02,0xff,0xff,0xff,0x40,0xfe,0xfe,0xfe,0xe0,0xff,0xff,0xff,0xff,
    0xff,0xff,0xff,0xff,0xff,0xff,0xff,0xff,0xff,0xff,0xff,0xff,0xff,0xff,0xff,0xff,
    0xff,0xff,0xff,0xff,0xff,0xff,0xff,0xff,0xff,0xff,0xff,0xff,0xff,0xff,0xff,0xff,
    0xff,0xff,0xff,0xff,0xff,0xff,0xff,0xff,0xff,0xff,0xff,0xff,0xff,0xff,0xff,0xff,
    0xff,0xff,0xff,0xff,0xff,0xff,0xff,0xff,0xff,0xff,0xff,0xff,0xff,0xff,0xff,0xff,
    0xff,0xff,0xff,0xff,0xff,0xff,0xff,0xff,0xff,0xff,0xff,0xff,0xff,0xff,0xff,0xff,
    0xff,0xff,0xff,0xff,0xff,0xff,0xff,0xff,0xff,0xff,0xff,0xff,0xff,0xff,0xff,0xff,
    0xff,0xff,0xff,0xff,0xff,0xff,0xff,0xff,0xff,0xff,0xff,0xff,0xff,0xff,0xff,0xff,
    0xff,0xff,0xff,0xff,0xff,0xff,0xff,0xff,0xff,0xff,0xff,0xff,0xff,0xff,0xff,0xff,
    0xff,0xff,0xff,0xff,0xff,0xff,0xff,0xff,0xff,0xff,0xff,0xff,0xff,0xff,0xff,0xff,
    0xff,0xff,0xff,0xff,0xff,0xff,0xff,0xff,0xff,0xff,0xff,0xff,0xff,0xff,0xff,0xff,
    0xfe,0xfe,0xfe,0xd1,0xff,0xff,0xff,0x54,0x00,0x00,0x00,0x00,0x00,0x00,0x00,0x00,
    0x00,0x00,0x00,0x00,0x00,0x00,0x00,0x00,0x00,0x00,0x00,0x00,0x00,0x00,0x00,0x00,
    0x00,0x00,0x00,0x00,0x00,0x00,0x00,0x00,0x00,0x00,0x00,0x00,0x00,0x00,0x00,0x00,
    0x00,0x00,0x00,0x00,0x00,0x00,0x00,0x00,0x00,0x00,0x00,0x00,0x00,0x00,0x00,0x00,
    0x00,0x00,0x00,0x00,0x00,0x00,0x00,0x00,0x00,0x00,0x00,0x00,0x00,0x00,0x00,0x00,
    0x00,0x00,0x00,0x00,0x00,0x00,0x00,0x00,0x00,0x00,0x00,0x00,0x00,0x00,0x00,0x00,
    0x00,0x00,0x00,0x00,0x00,0x00,0x00,0x00,0x00,0x00,0x00,0x00,0x00,0x00,0x00,0x00,
    0x00,0x00,0x00,0x00,0x00,0x00,0x00,0x00,0x00,0x00,0x00,0x00,0x00,0x00,0x00,0x00,
    0x00,0x00,0x00,0x00,0x00,0x00,0x00,0x00,0x00,0x00,0x00,0x00,0x00,0x00,0x00,0x00,
    0xff,0xff,0xff,0x04,0xff,0xff,0xff,0x63,0xff,0xff,0xff,0xe6,0xff,0xff,0xff,0xff,
    0xff,0xff,0xff,0xff,0xff,0xff,0xff,0xff,0xff,0xff,0xff,0xff,0xff,0xff,0xff,0xff,
    0xff,0xff,0xff,0xff,0xff,0xff,0xff,0xff,0xff,0xff,0xff,0xff,0xff,0xff,0xff,0xff,
    0xff,0xff,0xff,0xff,0xff,0xff,0xff,0xff,0xff,0xff,0xff,0xff,0xff,0xff,0xff,0xff,
    0xff,0xff,0xff,0xff,0xff,0xff,0xff,0xff,0xff,0xff,0xff,0xff,0xff,0xff,0xff,0xff,
    0xff,0xff,0xff,0xff,0xff,0xff,0xff,0xff,0xff,0xff,0xff,0xff,0xff,0xff,0xff,0xff,
    0xff,0xff,0xff,0xff,0xff,0xff,0xff,0xff,0xff,0xff,0xff,0xff,0xff,0xff,0xff,0xff,
    0xff,0xff,0xff,0xff,0xff,0xff,0xff,0xff,0xff,0xff,0xff,0xff,0xff,0xff,0xff,0xff,
    0xff,0xff,0xff,0xff,0xff,0xff,0xff,0xff,0xff,0xff,0xff,0xff,0xff,0xff,0xff,0xff,
    0xff,0xff,0xff,0xff,0xff,0xff,0xff,0xff,0xff,0xff,0xff,0xff,0xff,0xff,0xff,0xff,
    0xff,0xff,0xff,0xff,0xff,0xff,0xff,0xff,0xff,0xff,0xff,0xff,0xff,0xff,0xff,0xff,
    0xfe,0xfe,0xfe,0xe5,0xff,0xff,0xff,0x7f,0x00,0x00,0x00,0x00,0x00,0x00,0x00,0x00,
    0x00,0x00,0x00,0x00,0x00,0x00,0x00,0x00,0x00,0x00,0x00,0x00,0x00,0x00,0x00,0x00,
    0x00,0x00,0x00,0x00,0x00,0x00,0x00,0x00,0x00,0x00,0x00,0x00,0x00,0x00,0x00,0x00,
    0x00,0x00,0x00,0x00,0x00,0x00,0x00,0x00,0x00,0x00,0x00,0x00,0x00,0x00,0x00,0x00,
    0x00,0x00,0x00,0x00,0x00,0x00,0x00,0x00,0x00,0x00,0x00,0x00,0x00,0x00,0x00,0x00,
    0x00,0x00,0x00,0x00,0x00,0x00,0x00,0x00,0x00,0x00,0x00,0x00,0x00,0x00,0x00,0x00,
    0x00,0x00,0x00,0x00,0x00,0x00,0x00,0x00,0x00,0x00,0x00,0x00,0x00,0x00,0x00,0x00,
    0x00,0x00,0x00,0x00,0x00,0x00,0x00,0x00,0x00,0x00,0x00,0x00,0x00,0x00,0x00,0x00,
    0x00,0x00,0x00,0x00,0x00,0x00,0x00,0x00,0x00,0x00,0x00,0x00,0x00,0x00,0x00,0x00,
    0xff,0xff,0xff,0x04,0xfe,0xfe,0xfe,0x77,0xff,0xff,0xff,0xea,0xff,0xff,0xff,0xff,
    0xff,0xff,0xff,0xff,0xff,0xff,0xff,0xff,0xff,0xff,0xff,0xff,0xff,0xff,0xff,0xff,
    0xff,0xff,0xff,0xff,0xff,0xff,0xff,0xff,0xff,0xff,0xff,0xff,0xff,0xff,0xff,0xff,
    0xff,0xff,0xff,0xff,0xff,0xff,0xff,0xff,0xff,0xff,0xff,0xff,0xff,0xff,0xff,0xff,
    0xff,0xff,0xff,0xff,0xff,0xff,0xff,0xff,0xff,0xff,0xff,0xff,0xff,0xff,0xff,0xff,
    0xff,0xff,0xff,0xff,0xff,0xff,0xff,0xff,0xff,0xff,0xff,0xff,0xff,0xff,0xff,0xff,
    0xff,0xff,0xff,0xff,0xff,0xff,0xff,0xff,0xff,0xff,0xff,0xff,0xff,0xff,0xff,0xff,
    0xff,0xff,0xff,0xff,0xff,0xff,0xff,0xff,0xff,0xff,0xff,0xff,0xff,0xff,0xff,0xff,
    0xff,0xff,0xff,0xff,0xff,0xff,0xff,0xff,0xff,0xff,0xff,0xff,0xff,0xff,0xff,0xff,
    0xff,0xff,0xff,0xff,0xff,0xff,0xff,0xff,0xff,0xff,0xff,0xff,0xff,0xff,0xff,0xff,
    0xff,0xff,0xff,0xff,0xff,0xff,0xff,0xff,0xff,0xff,0xff,0xff,0xff,0xff,0xff,0xff,
    0xff,0xff,0xff,0xf2,0xff,0xff,0xff,0x9b,0x00,0x00,0x00,0x00,0x00,0x00,0x00,0x00,
    0x00,0x00,0x00,0x00,0x00,0x00,0x00,0x00,0x00,0x00,0x00,0x00,0x00,0x00,0x00,0x00,
    0x00,0x00,0x00,0x00,0x00,0x00,0x00,0x00,0x00,0x00,0x00,0x00,0x00,0x00,0x00,0x00,
    0x00,0x00,0x00,0x00,0x00,0x00,0x00,0x00,0x00,0x00,0x00,0x00,0x00,0x00,0x00,0x00,
    0x00,0x00,0x00,0x00,0x00,0x00,0x00,0x00,0x00,0x00,0x00,0x00,0x00,0x00,0x00,0x00,
    0x00,0x00,0x00,0x00,0x00,0x00,0x00,0x00,0x00,0x00,0x00,0x00,0x00,0x00,0x00,0x00,
    0x00,0x00,0x00,0x00,0x00,0x00,0x00,0x00,0x00,0x00,0x00,0x00,0x00,0x00,0x00,0x00,
    0x00,0x00,0x00,0x00,0x00,0x00,0x00,0x00,0x00,0x00,0x00,0x00,0x00,0x00,0x00,0x00,
    0x00,0x00,0x00,0x00,0x00,0x00,0x00,0x00,0x00,0x00,0x00,0x00,0x00,0x00,0x00,0x00,
    0xff,0xff,0xff,0x05,0xff,0xff,0xff,0x8b,0xfe,0xfe,0xfe,0xef,0xff,0xff,0xff,0xff,
    0xff,0xff,0xff,0xff,0xff,0xff,0xff,0xff,0xff,0xff,0xff,0xff,0xff,0xff,0xff,0xff,
    0xff,0xff,0xff,0xff,0xff,0xff,0xff,0xff,0xff,0xff,0xff,0xff,0xff,0xff,0xff,0xff,
    0xff,0xff,0xff,0xff,0xff,0xff,0xff,0xff,0xff,0xff,0xff,0xff,0xff,0xff,0xff,0xff,
    0xff,0xff,0xff,0xff,0xff,0xff,0xff,0xff,0xff,0xff,0xff,0xff,0xff,0xff,0xff,0xff,
    0xff,0xff,0xff,0xff,0xff,0xff,0xff,0xff,0xff,0xff,0xff,0xff,0xff,0xff,0xff,0xff,
    0xff,0xff,0xff,0xff,0xff,0xff,0xff,0xff,0xff,0xff,0xff,0xff,0xff,0xff,0xff,0xff,
    0xff,0xff,0xff,0xff,0xff,0xff,0xff,0xff,0xff,0xff,0xff,0xff,0xff,0xff,0xff,0xff,
    0xff,0xff,0xff,0xff,0xff,0xff,0xff,0xff,0xff,0xff,0xff,0xff,0xff,0xff,0xff,0xff,
    0xff,0xff,0xff,0xff,0xff,0xff,0xff,0xff,0xff,0xff,0xff,0xff,0xff,0xff,0xff,0xff,
    0xff,0xff,0xff,0xff,0xff,0xff,0xff,0xff,0xff,0xff,0xff,0xff,0xff,0xff,0xff,0xff,
    0xff,0xff,0xff,0xf7,0xfe,0xfe,0xfe,0xa3,0x00,0x00,0x00,0x00,0x00,0x00,0x00,0x00,
    0x00,0x00,0x00,0x00,0x00,0x00,0x00,0x00,0x00,0x00,0x00,0x00,0x00,0x00,0x00,0x00,
    0x00,0x00,0x00,0x00,0x00,0x00,0x00,0x00,0x00,0x00,0x00,0x00,0x00,0x00,0x00,0x00,
    0x00,0x00,0x00,0x00,0x00,0x00,0x00,0x00,0x00,0x00,0x00,0x00,0x00,0x00,0x00,0x00,
    0x00,0x00,0x00,0x00,0x00,0x00,0x00,0x00,0x00,0x00,0x00,0x00,0x00,0x00,0x00,0x00,
    0x00,0x00,0x00,0x00,0x00,0x00,0x00,0x00,0x00,0x00,0x00,0x00,0x00,0x00,0x00,0x00,
    0x00,0x00,0x00,0x00,0x00,0x00,0x00,0x00,0x00,0x00,0x00,0x00,0x00,0x00,0x00,0x00,
    0x00,0x00,0x00,0x00,0x00,0x00,0x00,0x00,0x00,0x00,0x00,0x00,0x00,0x00,0x00,0x00,
    0x00,0x00,0x00,0x00,0x00,0x00,0x00,0x00,0x00,0x00,0x00,0x00,0x00,0x00,0x00,0x00,
    0xff,0xff,0xff,0x06,0xff,0xff,0xff,0x9f,0xff,0xff,0xff,0xf2,0xff,0xff,0xff,0xff,
    0xff,0xff,0xff,0xff,0xff,0xff,0xff,0xff,0xff,0xff,0xff,0xff,0xff,0xff,0xff,0xff,
    0xff,0xff,0xff,0xff,0xff,0xff,0xff,0xff,0xff,0xff,0xff,0xff,0xff,0xff,0xff,0xff,
    0xff,0xff,0xff,0xff,0xff,0xff,0xff,0xff,0xff,0xff,0xff,0xff,0xff,0xff,0xff,0xff,
    0xff,0xff,0xff,0xff,0xff,0xff,0xff,0xff,0xff,0xff,0xff,0xff,0xff,0xff,0xff,0xff,
    0xff,0xff,0xff,0xff,0xff,0xff,0xff,0xff,0xff,0xff,0xff,0xff,0xff,0xff,0xff,0xff,
    0xff,0xff,0xff,0xff,0xff,0xff,0xff,0xff,0xff,0xff,0xff,0xff,0xff,0xff,0xff,0xff,
    0xff,0xff,0xff,0xff,0xff,0xff,0xff,0xff,0xff,0xff,0xff,0xff,0xff,0xff,0xff,0xff,
    0xff,0xff,0xff,0xff,0xff,0xff,0xff,0xff,0xff,0xff,0xff,0xff,0xff,0xff,0xff,0xff,
    0xff,0xff,0xff,0xff,0xff,0xff,0xff,0xff,0xff,0xff,0xff,0xff,0xff,0xff,0xff,0xff,
    0xff,0xff,0xff,0xff,0xff,0xff,0xff,0xff,0xff,0xff,0xff,0xff,0xff,0xff,0xff,0xff,
    0xfe,0xfe,0xfe,0xf6,0xff,0xff,0xff,0xa2,0x00,0x00,0x00,0x00,0x00,0x00,0x00,0x00,
    0x00,0x00,0x00,0x00,0x00,0x00,0x00,0x00,0x00,0x00,0x00,0x00,0x00,0x00,0x00,0x00,
    0x00,0x00,0x00,0x00,0x00,0x00,0x00,0x00,0x00,0x00,0x00,0x00,0x00,0x00,0x00,0x00,
    0x00,0x00,0x00,0x00,0x00,0x00,0x00,0x00,0x00,0x00,0x00,0x00,0x00,0x00,0x00,0x00,
    0x00,0x00,0x00,0x00,0x00,0x00,0x00,0x00,0x00,0x00,0x00,0x00,0x00,0x00,0x00,0x00,
    0x00,0x00,0x00,0x00,0x00,0x00,0x00,0x00,0x00,0x00,0x00,0x00,0x00,0x00,0x00,0x00,
    0x00,0x00,0x00,0x00,0x00,0x00,0x00,0x00,0x00,0x00,0x00,0x00,0x00,0x00,0x00,0x00,
    0x00,0x00,0x00,0x00,0x00,0x00,0x00,0x00,0x00,0x00,0x00,0x00,0x00,0x00,0x00,0x00,
    0x00,0x00,0x00,0x00,0x00,0x00,0x00,0x00,0x00,0x00,0x00,0x00,0x00,0x00,0x00,0x00,
    0xff,0xff,0xff,0x06,0xff,0xff,0xff,0x9c,0xff,0xff,0xff,0xf2,0xff,0xff,0xff,0xff,
    0xff,0xff,0xff,0xff,0xff,0xff,0xff,0xff,0xff,0xff,0xff,0xff,0xff,0xff,0xff,0xff,
    0xff,0xff,0xff,0xff,0xff,0xff,0xff,0xff,0xff,0xff,0xff,0xff,0xff,0xff,0xff,0xff,
    0xff,0xff,0xff,0xff,0xff,0xff,0xff,0xff,0xff,0xff,0xff,0xff,0xff,0xff,0xff,0xff,
    0xff,0xff,0xff,0xff,0xff,0xff,0xff,0xff,0xff,0xff,0xff,0xff,0xff,0xff,0xff,0xff,
    0xff,0xff,0xff,0xff,0xff,0xff,0xff,0xff,0xff,0xff,0xff,0xff,0xff,0xff,0xff,0xff,
    0xff,0xff,0xff,0xff,0xff,0xff,0xff,0xff,0xff,0xff,0xff,0xff,0xff,0xff,0xff,0xff,
    0xff,0xff,0xff,0xff,0xff,0xff,0xff,0xff,0xff,0xff,0xff,0xff,0xff,0xff,0xff,0xff,
    0xff,0xff,0xff,0xff,0xff,0xff,0xff,0xff,0xff,0xff,0xff,0xff,0xff,0xff,0xff,0xff,
    0xff,0xff,0xff,0xff,0xff,0xff,0xff,0xff,0xff,0xff,0xff,0xff,0xff,0xff,0xff,0xff,
    0xff,0xff,0xff,0xff,0xff,0xff,0xff,0xff,0xff,0xff,0xff,0xff,0xff,0xff,0xff,0xff,
    0xff,0xff,0xff,0xf5,0xff,0xff,0xff,0xa1,0x00,0x00,0x00,0x00,0x00,0x00,0x00,0x00,
    0x00,0x00,0x00,0x00,0x00,0x00,0x00,0x00,0x00,0x00,0x00,0x00,0x00,0x00,0x00,0x00,
    0x00,0x00,0x00,0x00,0x00,0x00,0x00,0x00,0x00,0x00,0x00,0x00,0x00,0x00,0x00,0x00,
    0x00,0x00,0x00,0x00,0x00,0x00,0x00,0x00,0x00,0x00,0x00,0x00,0x00,0x00,0x00,0x00,
    0x00,0x00,0x00,0x00,0x00,0x00,0x00,0x00,0x00,0x00,0x00,0x00,0x00,0x00,0x00,0x00,
    0x00,0x00,0x00,0x00,0x00,0x00,0x00,0x00,0x00,0x00,0x00,0x00,0x00,0x00,0x00,0x00,
    0x00,0x00,0x00,0x00,0x00,0x00,0x00,0x00,0x00,0x00,0x00,0x00,0x00,0x00,0x00,0x00,
    0x00,0x00,0x00,0x00,0x00,0x00,0x00,0x00,0x00,0x00,0x00,0x00,0x00,0x00,0x00,0x00,
    0x00,0x00,0x00,0x00,0x00,0x00,0x00,0x00,0x00,0x00,0x00,0x00,0x00,0x00,0x00,0x00,
    0xff,0xff,0xff,0x06,0xff,0xff,0xff,0x9f,0xff,0xff,0xff,0xf2,0xff,0xff,0xff,0xff,
    0xff,0xff,0xff,0xff,0xff,0xff,0xff,0xff,0xff,0xff,0xff,0xff,0xff,0xff,0xff,0xff,
    0xff,0xff,0xff,0xff,0xff,0xff,0xff,0xff,0xff,0xff,0xff,0xff,0xff,0xff,0xff,0xff,
    0xff,0xff,0xff,0xff,0xff,0xff,0xff,0xff,0xff,0xff,0xff,0xff,0xff,0xff,0xff,0xff,
    0xff,0xff,0xff,0xff,0xff,0xff,0xff,0xff,0xff,0xff,0xff,0xff,0xff,0xff,0xff,0xff,
    0xff,0xff,0xff,0xff,0xff,0xff,0xff,0xff,0xff,0xff,0xff,0xff,0xff,0xff,0xff,0xff,
    0xff,0xff,0xff,0xff,0xff,0xff,0xff,0xff,0xff,0xff,0xff,0xff,0xff,0xff,0xff,0xff,
    0xff,0xff,0xff,0xff,0xff,0xff,0xff,0xff,0xff,0xff,0xff,0xff,0xff,0xff,0xff,0xff,
    0xff,0xff,0xff,0xff,0xff,0xff,0xff,0xff,0xff,0xff,0xff,0xff,0xff,0xff,0xff,0xff,
    0xff,0xff,0xff,0xff,0xff,0xff,0xff,0xff,0xff,0xff,0xff,0xff,0xff,0xff,0xff,0xff,
    0xff,0xff,0xff,0xff,0xff,0xff,0xff,0xff,0xff,0xff,0xff,0xff,0xff,0xff,0xff,0xff,
    0xfe,0xfe,0xfe,0xf6,0xff,0xff,0xff,0xa2,0x00,0x00,0x00,0x00,0x00,0x00,0x00,0x00,
    0x00,0x00,0x00,0x00,0x00,0x00,0x00,0x00,0x00,0x00,0x00,0x00,0x00,0x00,0x00,0x00,
    0x00,0x00,0x00,0x00,0x00,0x00,0x00,0x00,0x00,0x00,0x00,0x00,0x00,0x00,0x00,0x00,
    0x00,0x00,0x00,0x00,0x00,0x00,0x00,0x00,0x00,0x00,0x00,0x00,0x00,0x00,0x00,0x00,
    0x00,0x00,0x00,0x00,0x00,0x00,0x00,0x00,0x00,0x00,0x00,0x00,0x00,0x00,0x00,0x00,
    0x00,0x00,0x00,0x00,0x00,0x00,0x00,0x00,0x00,0x00,0x00,0x00,0x00,0x00,0x00,0x00,
    0x00,0x00,0x00,0x00,0x00,0x00,0x00,0x00,0x00,0x00,0x00,0x00,0x00,0x00,0x00,0x00,
    0x00,0x00,0x00,0x00,0x00,0x00,0x00,0x00,0x00,0x00,0x00,0x00,0x00,0x00,0x00,0x00,
    0x00,0x00,0x00,0x00,0x00,0x00,0x00,0x00,0x00,0x00,0x00,0x00,0x00,0x00,0x00,0x00,
    0xff,0xff,0xff,0x05,0xff,0xff,0xff,0x89,0xfe,0xfe,0xfe,0xee,0xff,0xff,0xff,0xff,
    0xff,0xff,0xff,0xff,0xff,0xff,0xff,0xff,0xff,0xff,0xff,0xff,0xff,0xff,0xff,0xff,
    0xff,0xff,0xff,0xff,0xff,0xff,0xff,0xff,0xff,0xff,0xff,0xff,0xff,0xff,0xff,0xff,
    0xff,0xff,0xff,0xff,0xff,0xff,0xff,0xff,0xff,0xff,0xff,0xff,0xff,0xff,0xff,0xff,
    0xff,0xff,0xff,0xff,0xff,0xff,0xff,0xff,0xff,0xff,0xff,0xff,0xff,0xff,0xff,0xff,
    0xff,0xff,0xff,0xff,0xff,0xff,0xff,0xff,0xff,0xff,0xff,0xff,0xff,0xff,0xff,0xff,
    0xff,0xff,0xff,0xff,0xff,0xff,0xff,0xff,0xff,0xff,0xff,0xff,0xff,0xff,0xff,0xff,
    0xff,0xff,0xff,0xff,0xff,0xff,0xff,0xff,0xff,0xff,0xff,0xff,0xff,0xff,0xff,0xff,
    0xff,0xff,0xff,0xff,0xff,0xff,0xff,0xff,0xff,0xff,0xff,0xff,0xff,0xff,0xff,0xff,
    0xff,0xff,0xff,0xff,0xff,0xff,0xff,0xff,0xff,0xff,0xff,0xff,0xff,0xff,0xff,0xff,
    0xff,0xff,0xff,0xff,0xff,0xff,0xff,0xff,0xff,0xff,0xff,0xff,0xff,0xff,0xff,0xff,
    0xfe,0xfe,0xfe,0xf6,0xfe,0xfe,0xfe,0xa3,0x00,0x00,0x00,0x00,0x00,0x00,0x00,0x00,
    0x00,0x00,0x00,0x00,0x00,0x00,0x00,0x00,0x00,0x00,0x00,0x00,0x00,0x00,0x00,0x00,
    0x00,0x00,0x00,0x00,0x00,0x00,0x00,0x00,0x00,0x00,0x00,0x00,0x00,0x00,0x00,0x00,
    0x00,0x00,0x00,0x00,0x00,0x00,0x00,0x00,0x00,0x00,0x00,0x00,0x00,0x00,0x00,0x00,
    0x00,0x00,0x00,0x00,0x00,0x00,0x00,0x00,0x00,0x00,0x00,0x00,0x00,0x00,0x00,0x00,
    0x00,0x00,0x00,0x00,0x00,0x00,0x00,0x00,0x00,0x00,0x00,0x00,0x00,0x00,0x00,0x00,
    0x00,0x00,0x00,0x00,0x00,0x00,0x00,0x00,0x00,0x00,0x00,0x00,0x00,0x00,0x00,0x00,
    0x00,0x00,0x00,0x00,0x00,0x00,0x00,0x00,0x00,0x00,0x00,0x00,0x00,0x00,0x00,0x00,
    0x00,0x00,0x00,0x00,0x00,0x00,0x00,0x00,0x00,0x00,0x00,0x00,0x00,0x00,0x00,0x00,
    0xff,0xff,0xff,0x05,0xff,0xff,0xff,0x72,0xff,0xff,0xff,0xea,0xff,0xff,0xff,0xff,
    0xff,0xff,0xff,0xff,0xff,0xff,0xff,0xff,0xff,0xff,0xff,0xff,0xff,0xff,0xff,0xff,
    0xff,0xff,0xff,0xff,0xff,0xff,0xff,0xff,0xff,0xff,0xff,0xff,0xff,0xff,0xff,0xff,
    0xff,0xff,0xff,0xff,0xff,0xff,0xff,0xff,0xff,0xff,0xff,0xff,0xff,0xff,0xff,0xff,
    0xff,0xff,0xff,0xff,0xff,0xff,0xff,0xff,0xff,0xff,0xff,0xff,0xff,0xff,0xff,0xff,
    0xff,0xff,0xff,0xff,0xff,0xff,0xff,0xff,0xff,0xff,0xff,0xff,0xff,0xff,0xff,0xff,
    0xff,0xff,0xff,0xff,0xff,0xff,0xff,0xff,0xff,0xff,0xff,0xff,0xff,0xff,0xff,0xff,
    0xff,0xff,0xff,0xff,0xff,0xff,0xff,0xff,0xff,0xff,0xff,0xff,0xff,0xff,0xff,0xff,
    0xff,0xff,0xff,0xff,0xff,0xff,0xff,0xff,0xff,0xff,0xff,0xff,0xff,0xff,0xff,0xff,
    0xff,0xff,0xff,0xff,0xff,0xff,0xff,0xff,0xff,0xff,0xff,0xff,0xff,0xff,0xff,0xff,
    0xff,0xff,0xff,0xff,0xff,0xff,0xff,0xff,0xff,0xff,0xff,0xff,0xff,0xff,0xff,0xff,
    0xff,0xff,0xff,0xf0,0xff,0xff,0xff,0x97,0x00,0x00,0x00,0x00,0x00,0x00,0x00,0x00,
    0x00,0x00,0x00,0x00,0x00,0x00,0x00,0x00,0x00,0x00,0x00,0x00,0x00,0x00,0x00,0x00,
    0x00,0x00,0x00,0x00,0x00,0x00,0x00,0x00,0x00,0x00,0x00,0x00,0x00,0x00,0x00,0x00,
    0x00,0x00,0x00,0x00,0x00,0x00,0x00,0x00,0x00,0x00,0x00,0x00,0x00,0x00,0x00,0x00,
    0x00,0x00,0x00,0x00,0x00,0x00,0x00,0x00,0x00,0x00,0x00,0x00,0x00,0x00,0x00,0x00,
    0x00,0x00,0x00,0x00,0x00,0x00,0x00,0x00,0x00,0x00,0x00,0x00,0x00,0x00,0x00,0x00,
    0x00,0x00,0x00,0x00,0x00,0x00,0x00,0x00,0x00,0x00,0x00,0x00,0x00,0x00,0x00,0x00,
    0x00,0x00,0x00,0x00,0x00,0x00,0x00,0x00,0x00,0x00,0x00,0x00,0x00,0x00,0x00,0x00,
    0x00,0x00,0x00,0x00,0x00,0x00,0x00,0x00,0x00,0x00,0x00,0x00,0x00,0x00,0x00,0x00,
    0xff,0xff,0xff,0x03,0xff,0xff,0xff,0x59,0xff,0xff,0xff,0xe4,0xff,0xff,0xff,0xff,
    0xff,0xff,0xff,0xff,0xff,0xff,0xff,0xff,0xff,0xff,0xff,0xff,0xff,0xff,0xff,0xff,
    0xff,0xff,0xff,0xff,0xff,0xff,0xff,0xff,0xff,0xff,0xff,0xff,0xff,0xff,0xff,0xff,
    0xff,0xff,0xff,0xff,0xff,0xff,0xff,0xff,0xff,0xff,0xff,0xff,0xff,0xff,0xff,0xff,
    0xff,0xff,0xff,0xff,0xff,0xff,0xff,0xff,0xff,0xff,0xff,0xff,0xff,0xff,0xff,0xff,
    0xff,0xff,0xff,0xff,0xff,0xff,0xff,0xff,0xff,0xff,0xff,0xff,0xff,0xff,0xff,0xff,
    0xff,0xff,0xff,0xff,0xff,0xff,0xff,0xff,0xff,0xff,0xff,0xff,0xff,0xff,0xff,0xff,
    0xff,0xff,0xff,0xff,0xff,0xff,0xff,0xff,0xff,0xff,0xff,0xff,0xff,0xff,0xff,0xff,
    0xff,0xff,0xff,0xff,0xff,0xff,0xff,0xff,0xff,0xff,0xff,0xff,0xff,0xff,0xff,0xff,
    0xff,0xff,0xff,0xff,0xff,0xff,0xff,0xff,0xff,0xff,0xff,0xff,0xff,0xff,0xff,0xff,
    0xff,0xff,0xff,0xff,0xff,0xff,0xff,0xff,0xff,0xff,0xff,0xff,0xff,0xff,0xff,0xff,
    0xff,0xff,0xff,0xe1,0xfe,0xfe,0xfe,0x77,0x00,0x00,0x00,0x00,0x00,0x00,0x00,0x00,
    0x00,0x00,0x00,0x00,0x00,0x00,0x00,0x00,0x00,0x00,0x00,0x00,0x00,0x00,0x00,0x00,
    0x00,0x00,0x00,0x00,0x00,0x00,0x00,0x00,0x00,0x00,0x00,0x00,0x00,0x00,0x00,0x00,
    0x00,0x00,0x00,0x00,0x00,0x00,0x00,0x00,0x00,0x00,0x00,0x00,0x00,0x00,0x00,0x00,
    0x00,0x00,0x00,0x00,0x00,0x00,0x00,0x00,0x00,0x00,0x00,0x00,0x00,0x00,0x00,0x00,
    0x00,0x00,0x00,0x00,0x00,0x00,0x00,0x00,0x00,0x00,0x00,0x00,0x00,0x00,0x00,0x00,
    0x00,0x00,0x00,0x00,0x00,0x00,0x00,0x00,0x00,0x00,0x00,0x00,0x00,0x00,0x00,0x00,
    0x00,0x00,0x00,0x00,0x00,0x00,0x00,0x00,0x00,0x00,0x00,0x00,0x00,0x00,0x00,0x00,
    0x00,0x00,0x00,0x00,0x00,0x00,0x00,0x00,0x00,0x00,0x00,0x00,0x00,0x00,0x00,0x00,
    0xff,0xff,0xff,0x02,0xff,0xff,0xff,0x31,0xff,0xff,0xff,0xdb,0xff,0xff,0xff,0xff,
    0xff,0xff,0xff,0xff,0xff,0xff,0xff,0xff,0xff,0xff,0xff,0xff,0xff,0xff,0xff,0xff,
    0xff,0xff,0xff,0xff,0xff,0xff,0xff,0xff,0xff,0xff,0xff,0xff,0xff,0xff,0xff,0xff,
    0xff,0xff,0xff,0xff,0xff,0xff,0xff,0xff,0xff,0xff,0xff,0xff,0xff,0xff,0xff,0xff,
    0xff,0xff,0xff,0xff,0xff,0xff,0xff,0xff,0xff,0xff,0xff,0xff,0xff,0xff,0xff,0xff,
    0xff,0xff,0xff,0xff,0xff,0xff,0xff,0xff,0xff,0xff,0xff,0xff,0xff,0xff,0xff,0xff,
    0xff,0xff,0xff,0xff,0xff,0xff,0xff,0xff,0xff,0xff,0xff,0xff,0xff,0xff,0xff,0xff,
    0xff,0xff,0xff,0xff,0xff,0xff,0xff,0xff,0xff,0xff,0xff,0xff,0xff,0xff,0xff,0xff,
    0xff,0xff,0xff,0xff,0xff,0xff,0xff,0xff,0xff,0xff,0xff,0xff,0xff,0xff,0xff,0xff,
    0xff,0xff,0xff,0xff,0xff,0xff,0xff,0xff,0xff,0xff,0xff,0xff,0xff,0xff,0xff,0xff,
    0xff,0xff,0xff,0xff,0xff,0xff,0xff,0xff,0xff,0xff,0xff,0xff,0xff,0xff,0xff,0xff,
    0xff,0xff,0xff,0xcb,0xff,0xff,0xff,0x47,0x00,0x00,0x00,0x00,0x00,0x00,0x00,0x00,
    0x00,0x00,0x00,0x00,0x00,0x00,0x00,0x00,0x00,0x00,0x00,0x00,0x00,0x00,0x00,0x00,
    0x00,0x00,0x00,0x00,0x00,0x00,0x00,0x00,0x00,0x00,0x00,0x00,0x00,0x00,0x00,0x00,
    0x00,0x00,0x00,0x00,0x00,0x00,0x00,0x00,0x00,0x00,0x00,0x00,0x00,0x00,0x00,0x00,
    0x00,0x00,0x00,0x00,0x00,0x00,0x00,0x00,0x00,0x00,0x00,0x00,0x00,0x00,0x00,0x00,
    0x00,0x00,0x00,0x00,0x00,0x00,0x00,0x00,0x00,0x00,0x00,0x00,0x00,0x00,0x00,0x00,
    0x00,0x00,0x00,0x00,0x00,0x00,0x00,0x00,0x00,0x00,0x00,0x00,0x00,0x00,0x00,0x00,
    0x00,0x00,0x00,0x00,0x00,0x00,0x00,0x00,0x00,0x00,0x00,0x00,0x00,0x00,0x00,0x00,
    0x00,0x00,0x00,0x00,0x00,0x00,0x00,0x00,0x00,0x00,0x00,0x00,0x00,0x00,0x00,0x00,
    0x00,0x00,0x00,0x00,0x00,0x00,0x00,0x00,0xff,0xff,0xff,0xc8,0xff,0xff,0xff,0xff,
    0xff,0xff,0xff,0xff,0xff,0xff,0xff,0xff,0xff,0xff,0xff,0xff,0xff,0xff,0xff,0xff,
    0xff,0xff,0xff,0xff,0xff,0xff,0xff,0xff,0xff,0xff,0xff,0xff,0xff,0xff,0xff,0xff,
    0xff,0xff,0xff,0xff,0xff,0xff,0xff,0xff,0xff,0xff,0xff,0xff,0xff,0xff,0xff,0xff,
    0xff,0xff,0xff,0xff,0xff,0xff,0xff,0xff,0xff,0xff,0xff,0xff,0xff,0xff,0xff,0xff,
    0xff,0xff,0xff,0xff,0xff,0xff,0xff,0xff,0xff,0xff,0xff,0xff,0xff,0xff,0xff,0xff,
    0xff,0xff,0xff,0xff,0xff,0xff,0xff,0xff,0xff,0xff,0xff,0xff,0xff,0xff,0xff,0xff,
    0xff,0xff,0xff,0xff,0xff,0xff,0xff,0xff,0xff,0xff,0xff,0xff,0xff,0xff,0xff,0xff,
    0xff,0xff,0xff,0xff,0xff,0xff,0xff,0xff,0xff,0xff,0xff,0xff,0xff,0xff,0xff,0xff,
    0xff,0xff,0xff,0xff,0xff,0xff,0xff,0xff,0xff,0xff,0xff,0xff,0xff,0xff,0xff,0xff,
    0xff,0xff,0xff,0xff,0xff,0xff,0xff,0xff,0xff,0xff,0xff,0xff,0xff,0xff,0xff,0xff,
    0xff,0xff,0xff,0xb7,0xfe,0xfe,0xfe,0x1c,0x00,0x00,0x00,0x00,0x00,0x00,0x00,0x00,
    0x00,0x00,0x00,0x00,0x00,0x00,0x00,0x00,0x00,0x00,0x00,0x00,0x00,0x00,0x00,0x00,
    0x00,0x00,0x00,0x00,0x00,0x00,0x00,0x00,0x00,0x00,0x00,0x00,0x00,0x00,0x00,0x00,
    0x00,0x00,0x00,0x00,0x00,0x00,0x00,0x00,0x00,0x00,0x00,0x00,0x00,0x00,0x00,0x00,
    0x00,0x00,0x00,0x00,0x00,0x00,0x00,0x00,0x00,0x00,0x00,0x00,0x00,0x00,0x00,0x00,
    0x00,0x00,0x00,0x00,0x00,0x00,0x00,0x00,0x00,0x00,0x00,0x00,0x00,0x00,0x00,0x00,
    0x00,0x00,0x00,0x00,0x00,0x00,0x00,0x00,0x00,0x00,0x00,0x00,0x00,0x00,0x00,0x00,
    0x00,0x00,0x00,0x00,0x00,0x00,0x00,0x00,0x00,0x00,0x00,0x00,0x00,0x00,0x00,0x00,
    0x00,0x00,0x00,0x00,0x00,0x00,0x00,0x00,0x00,0x00,0x00,0x00,0x00,0x00,0x00,0x00,
    0x00,0x00,0x00,0x00,0x00,0x00,0x00,0x00,0xff,0xff,0xff,0x95,0xfe,0xfe,0xfe,0xef,
    0xff,0xff,0xff,0xff,0xff,0xff,0xff,0xff,0xff,0xff,0xff,0xff,0xff,0xff,0xff,0xff,
    0xff,0xff,0xff,0xff,0xff,0xff,0xff,0xff,0xff,0xff,0xff,0xff,0xff,0xff,0xff,0xff,
    0xff,0xff,0xff,0xff,0xff,0xff,0xff,0xff,0xff,0xff,0xff,0xff,0xff,0xff,0xff,0xff,
    0xff,0xff,0xff,0xff,0xff,0xff,0xff,0xff,0xff,0xff,0xff,0xff,0xff,0xff,0xff,0xff,
    0xff,0xff,0xff,0xff,0xff,0xff,0xff,0xff,0xff,0xff,0xff,0xff,0xff,0xff,0xff,0xff,
    0xff,0xff,0xff,0xff,0xff,0xff,0xff,0xff,0xff,0xff,0xff,0xff,0xff,0xff,0xff,0xff,
    0xff,0xff,0xff,0xff,0xff,0xff,0xff,0xff,0xff,0xff,0xff,0xff,0xff,0xff,0xff,0xff,
    0xff,0xff,0xff,0xff,0xff,0xff,0xff,0xff,0xff,0xff,0xff,0xff,0xff,0xff,0xff,0xff,
    0xff,0xff,0xff,0xff,0xff,0xff,0xff,0xff,0xff,0xff,0xff,0xff,0xff,0xff,0xff,0xff,
    0xff,0xff,0xff,0xff,0xff,0xff,0xff,0xff,0xff,0xff,0xff,0xff,0xff,0xff,0xff,0xff,
    0xff,0xff,0xff,0x9b,0x00,0x00,0x00,0x00,0x00,0x00,0x00,0x00,0x00,0x00,0x00,0x00,
    0x00,0x00,0x00,0x00,0x00,0x00,0x00,0x00,0x00,0x00,0x00,0x00,0x00,0x00,0x00,0x00,
    0x00,0x00,0x00,0x00,0x00,0x00,0x00,0x00,0x00,0x00,0x00,0x00,0x00,0x00,0x00,0x00,
    0x00,0x00,0x00,0x00,0x00,0x00,0x00,0x00,0x00,0x00,0x00,0x00,0x00,0x00,0x00,0x00,
    0x00,0x00,0x00,0x00,0x00,0x00,0x00,0x00,0x00,0x00,0x00,0x00,0x00,0x00,0x00,0x00,
    0x00,0x00,0x00,0x00,0x00,0x00,0x00,0x00,0x00,0x00,0x00,0x00,0x00,0x00,0x00,0x00,
    0x00,0x00,0x00,0x00,0x00,0x00,0x00,0x00,0x00,0x00,0x00,0x00,0x00,0x00,0x00,0x00,
    0x00,0x00,0x00,0x00,0x00,0x00,0x00,0x00,0x00,0x00,0x00,0x00,0x00,0x00,0x00,0x00,
    0x00,0x00,0x00,0x00,0x00,0x00,0x00,0x00,0x00,0x00,0x00,0x00,0x00,0x00,0x00,0x00,
    0x00,0x00,0x00,0x00,0x00,0x00,0x00,0x00,0xff,0xff,0xff,0x50,0xff,0xff,0xff,0xd0,
    0xff,0xff,0xff,0xff,0xff,0xff,0xff,0xff,0xff,0xff,0xff,0xff,0xff,0xff,0xff,0xff,
    0xff,0xff,0xff,0xff,0xff,0xff,0xff,0xff,0xff,0xff,0xff,0xff,0xff,0xff,0xff,0xff,
    0xff,0xff,0xff,0xff,0xff,0xff,0xff,0xff,0xff,0xff,0xff,0xff,0xff,0xff,0xff,0xff,
    0xff,0xff,0xff,0xff,0xff,0xff,0xff,0xff,0xff,0xff,0xff,0xff,0xff,0xff,0xff,0xff,
    0xff,0xff,0xff,0xff,0xff,0xff,0xff,0xff,0xff,0xff,0xff,0xff,0xff,0xff,0xff,0xff,
    0xff,0xff,0xff,0xff,0xff,0xff,0xff,0xff,0xff,0xff,0xff,0xff,0xff,0xff,0xff,0xff,
    0xff,0xff,0xff,0xff,0xff,0xff,0xff,0xff,0xff,0xff,0xff,0xff,0xff,0xff,0xff,0xff,
    0xff,0xff,0xff,0xff,0xff,0xff,0xff,0xff,0xff,0xff,0xff,0xff,0xff,0xff,0xff,0xff,
    0xff,0xff,0xff,0xff,0xff,0xff,0xff,0xff,0xff,0xff,0xff,0xff,0xff,0xff,0xff,0xff,
    0xff,0xff,0xff,0xff,0xff,0xff,0xff,0xff,0xff,0xff,0xff,0xff,0xff,0xff,0xff,0xdd,
    0xff,0xff,0xff,0x67,0x00,0x00,0x00,0x00,0x00,0x00,0x00,0x00,0x00,0x00,0x00,0x00,
    0x00,0x00,0x00,0x00,0x00,0x00,0x00,0x00,0x00,0x00,0x00,0x00,0x00,0x00,0x00,0x00,
    0x00,0x00,0x00,0x00,0x00,0x00,0x00,0x00,0x00,0x00,0x00,0x00,0x00,0x00,0x00,0x00,
    0x00,0x00,0x00,0x00,0x00,0x00,0x00,0x00,0x00,0x00,0x00,0x00,0x00,0x00,0x00,0x00,
    0x00,0x00,0x00,0x00,0x00,0x00,0x00,0x00,0x00,0x00,0x00,0x00,0x00,0x00,0x00,0x00,
    0x00,0x00,0x00,0x00,0x00,0x00,0x00,0x00,0x00,0x00,0x00,0x00,0x00,0x00,0x00,0x00,
    0x00,0x00,0x00,0x00,0x00,0x00,0x00,0x00,0x00,0x00,0x00,0x00,0x00,0x00,0x00,0x00,
    0x00,0x00,0x00,0x00,0x00,0x00,0x00,0x00,0x00,0x00,0x00,0x00,0x00,0x00,0x00,0x00,
    0x00,0x00,0x00,0x00,0x00,0x00,0x00,0x00,0x00,0x00,0x00,0x00,0x00,0x00,0x00,0x00,
    0x00,0x00,0x00,0x00,0x00,0x00,0x00,0x00,0xff,0xff,0xff,0x0a,0xff,0xff,0xff,0xae,
    0xff,0xff,0xff,0xff,0xff,0xff,0xff,0xff,0xff,0xff,0xff,0xff,0xff,0xff,0xff,0xff,
    0xff,0xff,0xff,0xff,0xff,0xff,0xff,0xff,0xff,0xff,0xff,0xff,0xff,0xff,0xff,0xff,
    0xff,0xff,0xff,0xff,0xff,0xff,0xff,0xff,0xff,0xff,0xff,0xff,0xff,0xff,0xff,0xff,
    0xff,0xff,0xff,0xff,0xff,0xff,0xff,0xff,0xff,0xff,0xff,0xff,0xff,0xff,0xff,0xff,
    0xff,0xff,0xff,0xff,0xff,0xff,0xff,0xff,0xff,0xff,0xff,0xff,0xff,0xff,0xff,0xff,
    0xff,0xff,0xff,0xff,0xff,0xff,0xff,0xff,0xff,0xff,0xff,0xff,0xff,0xff,0xff,0xff,
    0xff,0xff,0xff,0xff,0xff,0xff,0xff,0xff,0xff,0xff,0xff,0xff,0xff,0xff,0xff,0xff,
    0xff,0xff,0xff,0xff,0xff,0xff,0xff,0xff,0xff,0xff,0xff,0xff,0xff,0xff,0xff,0xff,
    0xff,0xff,0xff,0xff,0xff,0xff,0xff,0xff,0xff,0xff,0xff,0xff,0xff,0xff,0xff,0xff,
    0xff,0xff,0xff,0xff,0xff,0xff,0xff,0xff,0xff,0xff,0xff,0xff,0xfe,0xfe,0xfe,0xa3,
    0xff,0xff,0xff,0x1e,0x00,0x00,0x00,0x00,0x00,0x00,0x00,0x00,0x00,0x00,0x00,0x00,
    0x00,0x00,0x00,0x00,0x00,0x00,0x00,0x00,0x00,0x00,0x00,0x00,0x00,0x00,0x00,0x00,
    0x00,0x00,0x00,0x00,0x00,0x00,0x00,0x00,0x00,0x00,0x00,0x00,0x00,0x00,0x00,0x00,
    0x00,0x00,0x00,0x00,0x00,0x00,0x00,0x00,0x00,0x00,0x00,0x00,0x00,0x00,0x00,0x00,
    0x00,0x00,0x00,0x00,0x00,0x00,0x00,0x00,0x00,0x00,0x00,0x00,0x00,0x00,0x00,0x00,
    0x00,0x00,0x00,0x00,0x00,0x00,0x00,0x00,0x00,0x00,0x00,0x00,0x00,0x00,0x00,0x00,
    0x00,0x00,0x00,0x00,0x00,0x00,0x00,0x00,0x00,0x00,0x00,0x00,0x00,0x00,0x00,0x00,
    0x00,0x00,0x00,0x00,0x00,0x00,0x00,0x00,0x00,0x00,0x00,0x00,0x00,0x00,0x00,0x00,
    0x00,0x00,0x00,0x00,0x00,0x00,0x00,0x00,0x00,0x00,0x00,0x00,0x00,0x00,0x00,0x00,
    0x00,0x00,0x00,0x00,0x00,0x00,0x00,0x00,0x00,0x00,0x00,0x00,0xff,0xff,0xff,0x6e,
    0xfe,0xfe,0xfe,0xe5,0xff,0xff,0xff,0xff,0xff,0xff,0xff,0xff,0xff,0xff,0xff,0xff,
    0xff,0xff,0xff,0xff,0xff,0xff,0xff,0xff,0xff,0xff,0xff,0xff,0xff,0xff,0xff,0xff,
    0xff,0xff,0xff,0xff,0xff,0xff,0xff,0xff,0xff,0xff,0xff,0xff,0xff,0xff,0xff,0xff,
    0xff,0xff,0xff,0xff,0xff,0xff,0xff,0xff,0xff,0xff,0xff,0xff,0xff,0xff,0xff,0xff,
    0xff,0xff,0xff,0xff,0xff,0xff,0xff,0xff,0xff,0xff,0xff,0xff,0xff,0xff,0xff,0xff,
    0xff,0xff,0xff,0xff,0xff,0xff,0xff,0xff,0xff,0xff,0xff,0xff,0xff,0xff,0xff,0xff,
    0xff,0xff,0xff,0xff,0xff,0xff,0xff,0xff,0xff,0xff,0xff,0xff,0xff,0xff,0xff,0xff,
    0xff,0xff,0xff,0xff,0xff,0xff,0xff,0xff,0xff,0xff,0xff,0xff,0xff,0xff,0xff,0xff,
    0xff,0xff,0xff,0xff,0xff,0xff,0xff,0xff,0xff,0xff,0xff,0xff,0xff,0xff,0xff,0xff,
    0xff,0xff,0xff,0xff,0xff,0xff,0xff,0xff,0xfe,0xfe,0xfe,0xf6,0xff,0xff,0xff,0x69,
    0x00,0x00,0x00,0x00,0x00,0x00,0x00,0x00,0x00,0x00,0x00,0x00,0x00,0x00,0x00,0x00,
    0x00,0x00,0x00,0x00,0x00,0x00,0x00,0x00,0x00,0x00,0x00,0x00,0x00,0x00,0x00,0x00,
    0x00,0x00,0x00,0x00,0x00,0x00,0x00,0x00,0x00,0x00,0x00,0x00,0x00,0x00,0x00,0x00,
    0x00,0x00,0x00,0x00,0x00,0x00,0x00,0x00,0x00,0x00,0x00,0x00,0x00,0x00,0x00,0x00,
    0x00,0x00,0x00,0x00,0x00,0x00,0x00,0x00,0x00,0x00,0x00,0x00,0x00,0x00,0x00,0x00,
    0x00,0x00,0x00,0x00,0x00,0x00,0x00,0x00,0x00,0x00,0x00,0x00,0x00,0x00,0x00,0x00,
    0x00,0x00,0x00,0x00,0x00,0x00,0x00,0x00,0x00,0x00,0x00,0x00,0x00,0x00,0x00,0x00,
    0x00,0x00,0x00,0x00,0x00,0x00,0x00,0x00,0x00,0x00,0x00,0x00,0x00,0x00,0x00,0x00,
    0x00,0x00,0x00,0x00,0x00,0x00,0x00,0x00,0x00,0x00,0x00,0x00,0x00,0x00,0x00,0x00,
    0x00,0x00,0x00,0x00,0x00,0x00,0x00,0x00,0x00,0x00,0x00,0x00,0xff,0xff,0xff,0x1b,
    0xff,0xff,0xff,0x99,0xff,0xff,0xff,0xff,0xff,0xff,0xff,0xff,0xff,0xff,0xff,0xff,
    0xff,0xff,0xff,0xff,0xff,0xff,0xff,0xff,0xff,0xff,0xff,0xff,0xff,0xff,0xff,0xff,
    0xff,0xff,0xff,0xff,0xff,0xff,0xff,0xff,0xff,0xff,0xff,0xff,0xff,0xff,0xff,0xff,
    0xff,0xff,0xff,0xff,0xff,0xff,0xff,0xff,0xff,0xff,0xff,0xff,0xff,0xff,0xff,0xff,
    0xff,0xff,0xff,0xff,0xff,0xff,0xff,0xff,0xff,0xff,0xff,0xff,0xff,0xff,0xff,0xff,
    0xff,0xff,0xff,0xff,0xff,0xff,0xff,0xff,0xff,0xff,0xff,0xff,0xff,0xff,0xff,0xff,
    0xff,0xff,0xff,0xff,0xff,0xff,0xff,0xff,0xff,0xff,0xff,0xff,0xff,0xff,0xff,0xff,
    0xff,0xff,0xff,0xff,0xff,0xff,0xff,0xff,0xff,0xff,0xff,0xff,0xff,0xff,0xff,0xff,
    0xff,0xff,0xff,0xff,0xff,0xff,0xff,0xff,0xff,0xff,0xff,0xff,0xff,0xff,0xff,0xff,
    0xff,0xff,0xff,0xff,0xff,0xff,0xff,0xff,0xfe,0xfe,0xfe,0xa3,0xff,0xff,0xff,0x2b,
    0x00,0x00,0x00,0x00,0x00,0x00,0x00,0x00,0x00,0x00,0x00,0x00,0x00,0x00,0x00,0x00,
    0x00,0x00,0x00,0x00,0x00,0x00,0x00,0x00,0x00,0x00,0x00,0x00,0x00,0x00,0x00,0x00,
    0x00,0x00,0x00,0x00,0x00,0x00,0x00,0x00,0x00,0x00,0x00,0x00,0x00,0x00,0x00,0x00,
    0x00,0x00,0x00,0x00,0x00,0x00,0x00,0x00,0x00,0x00,0x00,0x00,0x00,0x00,0x00,0x00,
    0x00,0x00,0x00,0x00,0x00,0x00,0x00,0x00,0x00,0x00,0x00,0x00,0x00,0x00,0x00,0x00,
    0x00,0x00,0x00,0x00,0x00,0x00,0x00,0x00,0x00,0x00,0x00,0x00,0x00,0x00,0x00,0x00,
    0x00,0x00,0x00,0x00,0x00,0x00,0x00,0x00,0x00,0x00,0x00,0x00,0x00,0x00,0x00,0x00,
    0x00,0x00,0x00,0x00,0x00,0x00,0x00,0x00,0x00,0x00,0x00,0x00,0x00,0x00,0x00,0x00,
    0x00,0x00,0x00,0x00,0x00,0x00,0x00,0x00,0x00,0x00,0x00,0x00,0x00,0x00,0x00,0x00,
    0x00,0x00,0x00,0x00,0x00,0x00,0x00,0x00,0x00,0x00,0x00,0x00,0x00,0x00,0x00,0x00,
    0xff,0xff,0xff,0x54,0xfe,0xfe,0xfe,0xe5,0xff,0xff,0xff,0xff,0xff,0xff,0xff,0xff,
    0xff,0xff,0xff,0xff,0xff,0xff,0xff,0xff,0xff,0xff,0xff,0xff,0xff,0xff,0xff,0xff,
    0xff,0xff,0xff,0xff,0xff,0xff,0xff,0xff,0xff,0xff,0xff,0xff,0xff,0xff,0xff,0xff,
    0xff,0xff,0xff,0xff,0xff,0xff,0xff,0xff,0xff,0xff,0xff,0xff,0xff,0xff,0xff,0xff,
    0xff,0xff,0xff,0xff,0xff,0xff,0xff,0xff,0xff,0xff,0xff,0xff,0xff,0xff,0xff,0xff,
    0xff,0xff,0xff,0xff,0xff,0xff,0xff,0xff,0xff,0xff,0xff,0xff,0xff,0xff,0xff,0xff,
    0xff,0xff,0xff,0xff,0xff,0xff,0xff,0xff,0xff,0xff,0xff,0xff,0xff,0xff,0xff,0xff,
    0xff,0xff,0xff,0xff,0xff,0xff,0xff,0xff,0xff,0xff,0xff,0xff,0xff,0xff,0xff,0xff,
    0xff,0xff,0xff,0xff,0xff,0xff,0xff,0xff,0xff,0xff,0xff,0xff,0xff,0xff,0xff,0xff,
    0xff,0xff,0xff,0xff,0xff,0xff,0xff,0xfe,0xff,0xff,0xff,0x46,0x00,0x00,0x00,0x00,
    0x00,0x00,0x00,0x00,0x00,0x00,0x00,0x00,0x00,0x00,0x00,0x00,0x00,0x00,0x00,0x00,
    0x00,0x00,0x00,0x00,0x00,0x00,0x00,0x00,0x00,0x00,0x00,0x00,0x00,0x00,0x00,0x00,
    0x00,0x00,0x00,0x00,0x00,0x00,0x00,0x00,0x00,0x00,0x00,0x00,0x00,0x00,0x00,0x00,
    0x00,0x00,0x00,0x00,0x00,0x00,0x00,0x00,0x00,0x00,0x00,0x00,0x00,0x00,0x00,0x00,
    0x00,0x00,0x00,0x00,0x00,0x00,0x00,0x00,0x00,0x00,0x00,0x00,0x00,0x00,0x00,0x00,
    0x00,0x00,0x00,0x00,0x00,0x00,0x00,0x00,0x00,0x00,0x00,0x00,0x00,0x00,0x00,0x00,
    0x00,0x00,0x00,0x00,0x00,0x00,0x00,0x00,0x00,0x00,0x00,0x00,0x00,0x00,0x00,0x00,
    0x00,0x00,0x00,0x00,0x00,0x00,0x00,0x00,0x00,0x00,0x00,0x00,0x00,0x00,0x00,0x00,
    0x00,0x00,0x00,0x00,0x00,0x00,0x00,0x00,0x00,0x00,0x00,0x00,0x00,0x00,0x00,0x00,
    0x00,0x00,0x00,0x00,0x00,0x00,0x00,0x00,0x00,0x00,0x00,0x00,0x00,0x00,0x00,0x00,
    0xff,0xff,0xff,0x06,0xff,0xff,0xff,0x66,0xff,0xff,0xff,0xff,0xff,0xff,0xff,0xff,
    0xff,0xff,0xff,0xff,0xff,0xff,0xff,0xff,0xff,0xff,0xff,0xff,0xff,0xff,0xff,0xff,
    0xff,0xff,0xff,0xff,0xff,0xff,0xff,0xff,0xff,0xff,0xff,0xff,0xff,0xff,0xff,0xff,
    0xff,0xff,0xff,0xff,0xff,0xff,0xff,0xff,0xff,0xff,0xff,0xff,0xff,0xff,0xff,0xff,
    0xff,0xff,0xff,0xff,0xff,0xff,0xff,0xff,0xff,0xff,0xff,0xff,0xff,0xff,0xff,0xff,
    0xff,0xff,0xff,0xff,0xff,0xff,0xff,0xff,0xff,0xff,0xff,0xff,0xff,0xff,0xff,0xff,
    0xff,0xff,0xff,0xff,0xff,0xff,0xff,0xff,0xff,0xff,0xff,0xff,0xff,0xff,0xff,0xff,
    0xff,0xff,0xff,0xff,0xff,0xff,0xff,0xff,0xff,0xff,0xff,0xff,0xff,0xff,0xff,0xff,
    0xff,0xff,0xff,0xff,0xff,0xff,0xff,0xff,0xff,0xff,0xff,0xff,0xff,0xff,0xff,0xff,
    0xff,0xff,0xff,0xff,0xff,0xff,0xff,0x75,0xff,0xff,0xff,0x15,0x00,0x00,0x00,0x00,
    0x00,0x00,0x00,0x00,0x00,0x00,0x00,0x00,0x00,0x00,0x00,0x00,0x00,0x00,0x00,0x00,
    0x00,0x00,0x00,0x00,0x00,0x00,0x00,0x00,0x00,0x00,0x00,0x00,0x00,0x00,0x00,0x00,
    0x00,0x00,0x00,0x00,0x00,0x00,0x00,0x00,0x00,0x00,0x00,0x00,0x00,0x00,0x00,0x00,
    0x00,0x00,0x00,0x00,0x00,0x00,0x00,0x00,0x00,0x00,0x00,0x00,0x00,0x00,0x00,0x00,
    0x00,0x00,0x00,0x00,0x00,0x00,0x00,0x00,0x00,0x00,0x00,0x00,0x00,0x00,0x00,0x00,
    0x00,0x00,0x00,0x00,0x00,0x00,0x00,0x00,0x00,0x00,0x00,0x00,0x00,0x00,0x00,0x00,
    0x00,0x00,0x00,0x00,0x00,0x00,0x00,0x00,0x00,0x00,0x00,0x00,0x00,0x00,0x00,0x00,
    0x00,0x00,0x00,0x00,0x00,0x00,0x00,0x00,0x00,0x00,0x00,0x00,0x00,0x00,0x00,0x00,
    0x00,0x00,0x00,0x00,0x00,0x00,0x00,0x00,0x00,0x00,0x00,0x00,0x00,0x00,0x00,0x00,
    0x00,0x00,0x00,0x00,0x00,0x00,0x00,0x00,0x00,0x00,0x00,0x00,0x00,0x00,0x00,0x00,
    0x00,0x00,0x00,0x00,0xff,0xff,0xff,0x1f,0xff,0xff,0xff,0x90,0xff,0xff,0xff,0xff,
    0xff,0xff,0xff,0xff,0xff,0xff,0xff,0xff,0xff,0xff,0xff,0xff,0xff,0xff,0xff,0xff,
    0xff,0xff,0xff,0xff,0xff,0xff,0xff,0xff,0xff,0xff,0xff,0xff,0xff,0xff,0xff,0xff,
    0xff,0xff,0xff,0xff,0xff,0xff,0xff,0xff,0xff,0xff,0xff,0xff,0xff,0xff,0xff,0xff,
    0xff,0xff,0xff,0xff,0xff,0xff,0xff,0xff,0xff,0xff,0xff,0xff,0xff,0xff,0xff,0xff,
    0xff,0xff,0xff,0xff,0xff,0xff,0xff,0xff,0xff,0xff,0xff,0xff,0xff,0xff,0xff,0xff,
    0xff,0xff,0xff,0xff,0xff,0xff,0xff,0xff,0xff,0xff,0xff,0xff,0xff,0xff,0xff,0xff,
    0xff,0xff,0xff,0xff,0xff,0xff,0xff,0xff,0xff,0xff,0xff,0xff,0xff,0xff,0xff,0xff,
    0xff,0xff,0xff,0xff,0xff,0xff,0xff,0xff,0xff,0xff,0xff,0xff,0xff,0xff,0xff,0xfe,
    0xff,0xff,0xff,0xb3,0xfe,0xfe,0xfe,0x1c,0x00,0x00,0x00,0x00,0x00,0x00,0x00,0x00,
    0x00,0x00,0x00,0x00,0x00,0x00,0x00,0x00,0x00,0x00,0x00,0x00,0x00,0x00,0x00,0x00,
    0x00,0x00,0x00,0x00,0x00,0x00,0x00,0x00,0x00,0x00,0x00,0x00,0x00,0x00,0x00,0x00,
    0x00,0x00,0x00,0x00,0x00,0x00,0x00,0x00,0x00,0x00,0x00,0x00,0x00,0x00,0x00,0x00,
    0x00,0x00,0x00,0x00,0x00,0x00,0x00,0x00,0x00,0x00,0x00,0x00,0x00,0x00,0x00,0x00,
    0x00,0x00,0x00,0x00,0x00,0x00,0x00,0x00,0x00,0x00,0x00,0x00,0x00,0x00,0x00,0x00,
    0x00,0x00,0x00,0x00,0x00,0x00,0x00,0x00,0x00,0x00,0x00,0x00,0x00,0x00,0x00,0x00,
    0x00,0x00,0x00,0x00,0x00,0x00,0x00,0x00,0x00,0x00,0x00,0x00,0x00,0x00,0x00,0x00,
    0x00,0x00,0x00,0x00,0x00,0x00,0x00,0x00,0x00,0x00,0x00,0x00,0x00,0x00,0x00,0x00,
    0x00,0x00,0x00,0x00,0x00,0x00,0x00,0x00,0x00,0x00,0x00,0x00,0x00,0x00,0x00,0x00,
    0x00,0x00,0x00,0x00,0x00,0x00,0x00,0x00,0x00,0x00,0x00,0x00,0x00,0x00,0x00,0x00,
    0x00,0x00,0x00,0x00,0x00,0x00,0x00,0x00,0xff,0xff,0xff,0x27,0xff,0xff,0xff,0xa7,
    0xff,0xff,0xff,0xff,0xff,0xff,0xff,0xff,0xff,0xff,0xff,0xfe,0xff,0xff,0xff,0xff,
    0xff,0xff,0xff,0xff,0xff,0xff,0xff,0xff,0xff,0xff,0xff,0xff,0xff,0xff,0xff,0xff,
    0xff,0xff,0xff,0xff,0xff,0xff,0xff,0xff,0xff,0xff,0xff,0xff,0xff,0xff,0xff,0xff,
    0xff,0xff,0xff,0xff,0xff,0xff,0xff,0xff,0xff,0xff,0xff,0xff,0xff,0xff,0xff,0xff,
    0xff,0xff,0xff,0xff,0xff,0xff,0xff,0xff,0xff,0xff,0xff,0xff,0xff,0xff,0xff,0xff,
    0xff,0xff,0xff,0xff,0xff,0xff,0xff,0xff,0xff,0xff,0xff,0xff,0xff,0xff,0xff,0xff,
    0xff,0xff,0xff,0xff,0xff,0xff,0xff,0xff,0xff,0xff,0xff,0xff,0xff,0xff,0xff,0xff,
    0xff,0xff,0xff,0xfe,0xff,0xff,0xff,0xff,0xff,0xff,0xff,0xfe,0xff,0xff,0xff,0xc0,
    0xff,0xff,0xff,0x2a,0x00,0x00,0x00,0x00,0x00,0x00,0x00,0x00,0x00,0x00,0x00,0x00,
    0x00,0x00,0x00,0x00,0x00,0x00,0x00,0x00,0x00,0x00,0x00,0x00,0x00,0x00,0x00,0x00,
    0x00,0x00,0x00,0x00,0x00,0x00,0x00,0x00,0x00,0x00,0x00,0x00,0x00,0x00,0x00,0x00,
    0x00,0x00,0x00,0x00,0x00,0x00,0x00,0x00,0x00,0x00,0x00,0x00,0x00,0x00,0x00,0x00,
    0x00,0x00,0x00,0x00,0x00,0x00,0x00,0x00,0x00,0x00,0x00,0x00,0x00,0x00,0x00,0x00,
    0x00,0x00,0x00,0x00,0x00,0x00,0x00,0x00,0x00,0x00,0x00,0x00,0x00,0x00,0x00,0x00,
    0x00,0x00,0x00,0x00,0x00,0x00,0x00,0x00,0x00,0x00,0x00,0x00,0x00,0x00,0x00,0x00,
    0x00,0x00,0x00,0x00,0x00,0x00,0x00,0x00,0x00,0x00,0x00,0x00,0x00,0x00,0x00,0x00,
    0x00,0x00,0x00,0x00,0x00,0x00,0x00,0x00,0x00,0x00,0x00,0x00,0x00,0x00,0x00,0x00,
    0x00,0x00,0x00,0x00,0x00,0x00,0x00,0x00,0x00,0x00,0x00,0x00,0x00,0x00,0x00,0x00,
    0x00,0x00,0x00,0x00,0x00,0x00,0x00,0x00,0x00,0x00,0x00,0x00,0x00,0x00,0x00,0x00,
    0x00,0x00,0x00,0x00,0x00,0x00,0x00,0x00,0x00,0x00,0x00,0x00,0xff,0xff,0xff,0x2f,
    0xff,0xff,0xff,0xaa,0xff,0xff,0xff,0xfb,0xff,0xff,0xff,0xff,0xff,0xff,0xff,0xff,
    0xff,0xff,0xff,0xff,0xff,0xff,0xff,0xff,0xff,0xff,0xff,0xff,0xff,0xff,0xff,0xff,
    0xff,0xff,0xff,0xff,0xff,0xff,0xff,0xff,0xff,0xff,0xff,0xff,0xff,0xff,0xff,0xff,
    0xff,0xff,0xff,0xff,0xff,0xff,0xff,0xff,0xff,0xff,0xff,0xff,0xff,0xff,0xff,0xff,
    0xff,0xff,0xff,0xff,0xff,0xff,0xff,0xff,0xff,0xff,0xff,0xff,0xff,0xff,0xff,0xff,
    0xff,0xff,0xff,0xff,0xff,0xff,0xff,0xff,0xff,0xff,0xff,0xff,0xff,0xff,0xff,0xff,
    0xff,0xff,0xff,0xff,0xff,0xff,0xff,0xff,0xff,0xff,0xff,0xff,0xff,0xff,0xff,0xfe,
    0xff,0xff,0xff,0xff,0xff,0xff,0xff,0xfd,0xfe,0xfe,0xfe,0xb6,0xff,0xff,0xff,0x3c,
    0x00,0x00,0x00,0x00,0x00,0x00,0x00,0x00,0x00,0x00,0x00,0x00,0x00,0x00,0x00,0x00,
    0x00,0x00,0x00,0x00,0x00,0x00,0x00,0x00,0x00,0x00,0x00,0x00,0x00,0x00,0x00,0x00,
    0x00,0x00,0x00,0x00,0x00,0x00,0x00,0x00,0x00,0x00,0x00,0x00,0x00,0x00,0x00,0x00,
    0x00,0x00,0x00,0x00,0x00,0x00,0x00,0x00,0x00,0x00,0x00,0x00,0x00,0x00,0x00,0x00,
    0x00,0x00,0x00,0x00,0x00,0x00,0x00,0x00,0x00,0x00,0x00,0x00,0x00,0x00,0x00,0x00,
    0x00,0x00,0x00,0x00,0x00,0x00,0x00,0x00,0x00,0x00,0x00,0x00,0x00,0x00,0x00,0x00,
    0x00,0x00,0x00,0x00,0x00,0x00,0x00,0x00,0x00,0x00,0x00,0x00,0x00,0x00,0x00,0x00,
    0x00,0x00,0x00,0x00,0x00,0x00,0x00,0x00,0x00,0x00,0x00,0x00,0x00,0x00,0x00,0x00,
    0x00,0x00,0x00,0x00,0x00,0x00,0x00,0x00,0x00,0x00,0x00,0x00,0x00,0x00,0x00,0x00,
    0x00,0x00,0x00,0x00,0x00,0x00,0x00,0x00,0x00,0x00,0x00,0x00,0x00,0x00,0x00,0x00,
    0x00,0x00,0x00,0x00,0x00,0x00,0x00,0x00,0x00,0x00,0x00,0x00,0x00,0x00,0x00,0x00,
    0x00,0x00,0x00,0x00,0x00,0x00,0x00,0x00,0x00,0x00,0x00,0x00,0x00,0x00,0x00,0x00,
    0xff,0xff,0xff,0x32,0xff,0xff,0xff,0xa2,0xfe,0xfe,0xfe,0xee,0xff,0xff,0xff,0xff,
    0xff,0xff,0xff,0xff,0xff,0xff,0xff,0xff,0xff,0xff,0xff,0xff,0xff,0xff,0xff,0xff,
    0xff,0xff,0xff,0xff,0xff,0xff,0xff,0xff,0xff,0xff,0xff,0xff,0xff,0xff,0xff,0xff,
    0xff,0xff,0xff,0xff,0xff,0xff,0xff,0xff,0xff,0xff,0xff,0xff,0xff,0xff,0xff,0xff,
    0xff,0xff,0xff,0xff,0xff,0xff,0xff,0xff,0xff,0xff,0xff,0xff,0xff,0xff,0xff,0xff,
    0xff,0xff,0xff,0xff,0xff,0xff,0xff,0xff,0xff,0xff,0xff,0xff,0xff,0xff,0xff,0xff,
    0xff,0xff,0xff,0xff,0xff,0xff,0xff,0xff,0xff,0xff,0xff,0xff,0xff,0xff,0xff,0xff,
    0xff,0xff,0xff,0xf1,0xff,0xff,0xff,0xa8,0xff,0xff,0xff,0x41,0x00,0x00,0x00,0x00,
    0x00,0x00,0x00,0x00,0x00,0x00,0x00,0x00,0x00,0x00,0x00,0x00,0x00,0x00,0x00,0x00,
    0x00,0x00,0x00,0x00,0x00,0x00,0x00,0x00,0x00,0x00,0x00,0x00,0x00,0x00,0x00,0x00,
    0x00,0x00,0x00,0x00,0x00,0x00,0x00,0x00,0x00,0x00,0x00,0x00,0x00,0x00,0x00,0x00,
    0x00,0x00,0x00,0x00,0x00,0x00,0x00,0x00,0x00,0x00,0x00,0x00,0x00,0x00,0x00,0x00,
    0x00,0x00,0x00,0x00,0x00,0x00,0x00,0x00,0x00,0x00,0x00,0x00,0x00,0x00,0x00,0x00,
    0x00,0x00,0x00,0x00,0x00,0x00,0x00,0x00,0x00,0x00,0x00,0x00,0x00,0x00,0x00,0x00,
    0x00,0x00,0x00,0x00,0x00,0x00,0x00,0x00,0x00,0x00,0x00,0x00,0x00,0x00,0x00,0x00,
    0x00,0x00,0x00,0x00,0x00,0x00,0x00,0x00,0x00,0x00,0x00,0x00,0x00,0x00,0x00,0x00,
    0x00,0x00,0x00,0x00,0x00,0x00,0x00,0x00,0x00,0x00,0x00,0x00,0x00,0x00,0x00,0x00,
    0x00,0x00,0x00,0x00,0x00,0x00,0x00,0x00,0x00,0x00,0x00,0x00,0x00,0x00,0x00,0x00,
    0x00,0x00,0x00,0x00,0x00,0x00,0x00,0x00,0x00,0x00,0x00,0x00,0x00,0x00,0x00,0x00,
    0x00,0x00,0x00,0x00,0x00,0x00,0x00,0x00,0x00,0x00,0x00,0x00,0x00,0x00,0x00,0x00,
    0x00,0x00,0x00,0x00,0xfe,0xfe,0xfe,0x1c,0xff,0xff,0xff,0x85,0xff,0xff,0xff,0xdd,
    0xff,0xff,0xff,0xf8,0xff,0xff,0xff,0xff,0xff,0xff,0xff,0xff,0xff,0xff,0xff,0xff,
    0xff,0xff,0xff,0xff,0xff,0xff,0xff,0xff,0xff,0xff,0xff,0xff,0xff,0xff,0xff,0xff,
    0xff,0xff,0xff,0xff,0xff,0xff,0xff,0xff,0xff,0xff,0xff,0xff,0xff,0xff,0xff,0xff,
    0xff,0xff,0xff,0xff,0xff,0xff,0xff,0xff,0xff,0xff,0xff,0xff,0xff,0xff,0xff,0xff,
    0xff,0xff,0xff,0xff,0xff,0xff,0xff,0xff,0xff,0xff,0xff,0xff,0xff,0xff,0xff,0xff,
    0xff,0xff,0xff,0xff,0xff,0xff,0xff,0xff,0xff,0xff,0xff,0xf9,0xff,0xff,0xff,0xec,
    0xff,0xff,0xff,0x92,0xff,0xff,0xff,0x23,0x00,0x00,0x00,0x00,0xff,0xff,0xff,0x01,
    0x00,0x00,0x00,0x00,0x00,0x00,0x00,0x00,0x00,0x00,0x00,0x00,0x00,0x00,0x00,0x00,
    0x00,0x00,0x00,0x00,0x00,0x00,0x00,0x00,0x00,0x00,0x00,0x00,0x00,0x00,0x00,0x00,
    0x00,0x00,0x00,0x00,0x00,0x00,0x00,0x00,0x00,0x00,0x00,0x00,0x00,0x00,0x00,0x00,
    0x00,0x00,0x00,0x00,0x00,0x00,0x00,0x00,0x00,0x00,0x00,0x00,0x00,0x00,0x00,0x00,
    0x00,0x00,0x00,0x00,0x00,0x00,0x00,0x00,0x00,0x00,0x00,0x00,0x00,0x00,0x00,0x00,
    0x00,0x00,0x00,0x00,0x00,0x00,0x00,0x00,0x00,0x00,0x00,0x00,0x00,0x00,0x00,0x00,
    0x00,0x00,0x00,0x00,0x00,0x00,0x00,0x00,0x00,0x00,0x00,0x00,0x00,0x00,0x00,0x00,
    0x00,0x00,0x00,0x00,0x00,0x00,0x00,0x00,0x00,0x00,0x00,0x00,0x00,0x00,0x00,0x00,
    0x00,0x00,0x00,0x00,0x00,0x00,0x00,0x00,0x00,0x00,0x00,0x00,0x00,0x00,0x00,0x00,
    0x00,0x00,0x00,0x00,0x00,0x00,0x00,0x00,0x00,0x00,0x00,0x00,0x00,0x00,0x00,0x00,
    0x00,0x00,0x00,0x00,0x00,0x00,0x00,0x00,0x00,0x00,0x00,0x00,0x00,0x00,0x00,0x00,
    0x00,0x00,0x00,0x00,0x00,0x00,0x00,0x00,0x00,0x00,0x00,0x00,0x00,0x00,0x00,0x00,
    0x00,0x00,0x00,0x00,0x00,0x00,0x00,0x00,0x00,0x00,0x00,0x00,0xff,0xff,0xff,0x3a,
    0xff,0xff,0xff,0xb1,0xfe,0xfe,0xfe,0xfc,0xff,0xff,0xff,0xfb,0xff,0xff,0xff,0xff,
    0xff,0xff,0xff,0xff,0xff,0xff,0xff,0xff,0xff,0xff,0xff,0xff,0xff,0xff,0xff,0xff,
    0xff,0xff,0xff,0xff,0xff,0xff,0xff,0xff,0xff,0xff,0xff,0xff,0xff,0xff,0xff,0xff,
    0xff,0xff,0xff,0xff,0xff,0xff,0xff,0xff,0xff,0xff,0xff,0xff,0xff,0xff,0xff,0xff,
    0xff,0xff,0xff,0xff,0xff,0xff,0xff,0xff,0xff,0xff,0xff,0xff,0xff,0xff,0xff,0xff,
    0xff,0xff,0xff,0xfd,0xff,0xff,0xff,0xf7,0xfe,0xfe,0xfe,0xbf,0xff,0xff,0xff,0x4a,
    0xff,0xff,0xff,0x08,0x00,0x00,0x00,0x00,0x00,0x00,0x00,0x00,0x00,0x00,0x00,0x00,
    0x00,0x00,0x00,0x00,0x00,0x00,0x00,0x00,0x00,0x00,0x00,0x00,0x00,0x00,0x00,0x00,
    0x00,0x00,0x00,0x00,0x00,0x00,0x00,0x00,0x00,0x00,0x00,0x00,0x00,0x00,0x00,0x00,
    0x00,0x00,0x00,0x00,0x00,0x00,0x00,0x00,0x00,0x00,0x00,0x00,0x00,0x00,0x00,0x00,
    0x00,0x00,0x00,0x00,0x00,0x00,0x00,0x00,0x00,0x00,0x00,0x00,0x00,0x00,0x00,0x00,
    0x00,0x00,0x00,0x00,0x00,0x00,0x00,0x00,0x00,0x00,0x00,0x00,0x00,0x00,0x00,0x00,
    0x00,0x00,0x00,0x00,0x00,0x00,0x00,0x00,0x00,0x00,0x00,0x00,0x00,0x00,0x00,0x00,
    0x00,0x00,0x00,0x00,0x00,0x00,0x00,0x00,0x00,0x00,0x00,0x00,0x00,0x00,0x00,0x00,
    0x00,0x00,0x00,0x00,0x00,0x00,0x00,0x00,0x00,0x00,0x00,0x00,0x00,0x00,0x00,0x00,
    0x00,0x00,0x00,0x00,0x00,0x00,0x00,0x00,0x00,0x00,0x00,0x00,0x00,0x00,0x00,0x00,
    0x00,0x00,0x00,0x00,0x00,0x00,0x00,0x00,0x00,0x00,0x00,0x00,0x00,0x00,0x00,0x00,
    0x00,0x00,0x00,0x00,0x00,0x00,0x00,0x00,0x00,0x00,0x00,0x00,0x00,0x00,0x00,0x00,
    0x00,0x00,0x00,0x00,0x00,0x00,0x00,0x00,0x00,0x00,0x00,0x00,0x00,0x00,0x00,0x00,
    0x00,0x00,0x00,0x00,0x00,0x00,0x00,0x00,0x00,0x00,0x00,0x00,0x00,0x00,0x00,0x00,
    0xff,0xff,0xff,0x12,0xff,0xff,0xff,0x4a,0xff,0xff,0xff,0xa1,0xff,0xff,0xff,0xf2,
    0xff,0xff,0xff,0xff,0xff,0xff,0xff,0xff,0xff,0xff,0xff,0xff,0xff,0xff,0xff,0xff,
    0xff,0xff,0xff,0xff,0xff,0xff,0xff,0xff,0xff,0xff,0xff,0xff,0xff,0xff,0xff,0xff,
    0xff,0xff,0xff,0xff,0xff,0xff,0xff,0xff,0xff,0xff,0xff,0xff,0xff,0xff,0xff,0xff,
    0xff,0xff,0xff,0xff,0xff,0xff,0xff,0xff,0xff,0xff,0xff,0xff,0xff,0xff,0xff,0xf5,
    0xff,0xff,0xff,0xb2,0xff,0xff,0xff,0x58,0xff,0xff,0xff,0x10,0xff,0xff,0xff,0x02,
    0x00,0x00,0x00,0x00,0x00,0x00,0x00,0x00,0x00,0x00,0x00,0x00,0x00,0x00,0x00,0x00,
    0x00,0x00,0x00,0x00,0x00,0x00,0x00,0x00,0x00,0x00,0x00,0x00,0x00,0x00,0x00,0x00,
    0x00,0x00,0x00,0x00,0x00,0x00,0x00,0x00,0x00,0x00,0x00,0x00,0x00,0x00,0x00,0x00,
    0x00,0x00,0x00,0x00,0x00,0x00,0x00,0x00,0x00,0x00,0x00,0x00,0x00,0x00,0x00,0x00,
    0x00,0x00,0x00,0x00,0x00,0x00,0x00,0x00,0x00,0x00,0x00,0x00,0x00,0x00,0x00,0x00,
    0x00,0x00,0x00,0x00,0x00,0x00,0x00,0x00,0x00,0x00,0x00,0x00,0x00,0x00,0x00,0x00,
    0x00,0x00,0x00,0x00,0x00,0x00,0x00,0x00,0x00,0x00,0x00,0x00,0x00,0x00,0x00,0x00,
    0x00,0x00,0x00,0x00,0x00,0x00,0x00,0x00,0x00,0x00,0x00,0x00,0x00,0x00,0x00,0x00,
    0x00,0x00,0x00,0x00,0x00,0x00,0x00,0x00,0x00,0x00,0x00,0x00,0x00,0x00,0x00,0x00,
    0x00,0x00,0x00,0x00,0x00,0x00,0x00,0x00,0x00,0x00,0x00,0x00,0x00,0x00,0x00,0x00,
    0x00,0x00,0x00,0x00,0x00,0x00,0x00,0x00,0x00,0x00,0x00,0x00,0x00,0x00,0x00,0x00,
    0x00,0x00,0x00,0x00,0x00,0x00,0x00,0x00,0x00,0x00,0x00,0x00,0x00,0x00,0x00,0x00,
    0x00,0x00,0x00,0x00,0x00,0x00,0x00,0x00,0x00,0x00,0x00,0x00,0x00,0x00,0x00,0x00,
    0x00,0x00,0x00,0x00,0x00,0x00,0x00,0x00,0x00,0x00,0x00,0x00,0x00,0x00,0x00,0x00,
    0x00,0x00,0x00,0x00,0xfe,0xfe,0xfe,0x07,0xff,0xff,0xff,0x19,0xfe,0xfe,0xfe,0x38,
    0xff,0xff,0xff,0x66,0xff,0xff,0xff,0x9a,0xff,0xff,0xff,0xc6,0xff,0xff,0xff,0xe7,
    0xff,0xff,0xff,0xff,0xff,0xff,0xff,0xff,0xff,0xff,0xff,0xff,0xff,0xff,0xff,0xff,
    0xff,0xff,0xff,0xff,0xff,0xff,0xff,0xff,0xff,0xff,0xff,0xff,0xff,0xff,0xff,0xec,
    0xff,0xff,0xff,0xcc,0xff,0xff,0xff,0xa0,0xff,0xff,0xff,0x6c,0xff,0xff,0xff,0x3b,
    0xff,0xff,0xff,0x1b,0xff,0xff,0xff,0x0a,0x00,0x00,0x00,0x00,0x00,0x00,0x00,0x00,
    0x00,0x00,0x00,0x00,0x00,0x00,0x00,0x00,0x00,0x00,0x00,0x00,0x00,0x00,0x00,0x00,
    0x00,0x00,0x00,0x00,0x00,0x00,0x00,0x00,0x00,0x00,0x00,0x00,0x00,0x00,0x00,0x00,
    0x00,0x00,0x00,0x00,0x00,0x00,0x00,0x00,0x00,0x00,0x00,0x00,0x00,0x00,0x00,0x00,
    0x00,0x00,0x00,0x00,0x00,0x00,0x00,0x00,0x00,0x00,0x00,0x00,0x00,0x00,0x00,0x00,
    0x00,0x00,0x00,0x00,0x00,0x00,0x00,0x00,0x00,0x00,0x00,0x00,0x00,0x00,0x00,0x00,
    0x00,0x00,0x00,0x00,0x00,0x00,0x00,0x00,0x00,0x00,0x00,0x00,0x00,0x00,0x00,0x00,
    0x00,0x00,0x00,0x00,0x00,0x00,0x00,0x00,0x00,0x00,0x00,0x00,0x00,0x00,0x00,0x00,
    0x00,0x00,0x00,0x00,0x00,0x00,0x00,0x00,0x00,0x00,0x00,0x00,0x00,0x00,0x00,0x00,
    0x00,0x00,0x00,0x00,0x00,0x00,0x00,0x00,0x00,0x00,0x00,0x00,0x00,0x00,0x00,0x00,
    0x00,0x00,0x00,0x00,0x00,0x00,0x00,0x00,0x00,0x00,0x00,0x00,0x00,0x00,0x00,0x00,
    0x00,0x00,0x00,0x00,0x00,0x00,0x00,0x00,0x00,0x00,0x00,0x00,0x00,0x00,0x00,0x00,
    0x00,0x00,0x00,0x00,0x00,0x00,0x00,0x00,0x00,0x00,0x00,0x00,0x00,0x00,0x00,0x00,
    0x00,0x00,0x00,0x00,0x00,0x00,0x00,0x00,0x00,0x00,0x00,0x00,0x00,0x00,0x00,0x00,
    0x00,0x00,0x00,0x00,0x00,0x00,0x00,0x00,0x00,0x00,0x00,0x00,0x00,0x00,0x00,0x00,
    0x00,0x00,0x00,0x00,0x00,0x00,0x00,0x00,0x00,0x00,0x00,0x00,0x00,0x00,0x00,0x00,
    0xfe,0xfe,0xfe,0x0e,0xff,0xff,0xff,0x26,0xff,0xff,0xff,0x39,0xff,0xff,0xff,0x4c,
    0xff,0xff,0xff,0x68,0xff,0xff,0xff,0x73,0xff,0xff,0xff,0x7a,0xff,0xff,0xff,0x7c,
    0xfe,0xfe,0xfe,0x7b,0xff,0xff,0xff,0x75,0xff,0xff,0xff,0x67,0xff,0xff,0xff,0x4c,
    0xff,0xff,0xff,0x3d,0xfe,0xfe,0xfe,0x29,0xff,0xff,0xff,0x10,0x00,0x00,0x00,0x00,
    0x00,0x00,0x00,0x00,0x00,0x00,0x00,0x00,0x00,0x00,0x00,0x00,0x00,0x00,0x00,0x00,
    0x00,0x00,0x00,0x00,0x00,0x00,0x00,0x00,0x00,0x00,0x00,0x00,0x00,0x00,0x00,0x00,
    0x00,0x00,0x00,0x00,0x00,0x00,0x00,0x00,0x00,0x00,0x00,0x00,0x00,0x00,0x00,0x00,
    0x00,0x00,0x00,0x00,0x00,0x00,0x00,0x00,0x00,0x00,0x00,0x00,0x00,0x00,0x00,0x00,
    0x00,0x00,0x00,0x00,0x00,0x00,0x00,0x00,0x00,0x00,0x00,0x00,0x00,0x00,0x00,0x00,
    0x00,0x00,0x00,0x00,0x00,0x00,0x00,0x00,0x00,0x00,0x00,0x00,0x00,0x00,0x00,0x00,
    0x00,0x00,0x00,0x00,0x00,0x00,0x00,0x00,0x00,0x00,0x00,0x00,0x00,0x00,0x00,0x00,
    0x00,0x00,0x00,0x00,0x00,0x00,0x00,0x00,0x00,0x00,0x00,0x00,0x00,0x00,0x00,0x00,
    0x00,0x00,0x00,0x00,0x00,0x00,0x00,0x00,0x00,0x00,0x00,0x00,0x00,0x00,0x00,0x00,
    0x00,0x00,0x00,0x00,0x00,0x00,0x00,0x00,0x00,0x00,0x00,0x00,0x00,0x00,0x00,0x00,
    0x00,0x00,0x00,0x00,0x00,0x00,0x00,0x00,0x00,0x00,0x00,0x00,0x00,0x00,0x00,0x00,
    0x00,0x00,0x00,0x00,0x00,0x00,0x00,0x00,0x00,0x00,0x00,0x00,0x00,0x00,0x00,0x00,
    0x00,0x00,0x00,0x00,0x00,0x00,0x00,0x00,0x00,0x00,0x00,0x00,0x00,0x00,0x00,0x00,
    0x00,0x00,0x00,0x00,0x00,0x00,0x00,0x00,0x00,0x00,0x00,0x00,0x00,0x00,0x00,0x00,
    0x00,0x00,0x00,0x00,0x00,0x00,0x00,0x00,0x00,0x00,0x00,0x00,0x00,0x00,0x00,0x00,
    0x00,0x00,0x00,0x00,0x00,0x00,0x00,0x00,0x00,0x00,0x00,0x00,0x00,0x00,0x00,0x00,
    0x00,0x00,0x00,0x00,0x00,0x00,0x00,0x00,0x00,0x00,0x00,0x00,0x00,0x00,0x00,0x00,
    0x00,0x00,0x00,0x00,0xff,0xff,0xff,0x03,0xff,0xff,0xff,0x08,0xff,0xff,0xff,0x0a,
    0xff,0xff,0xff,0x09,0xff,0xff,0xff,0x05,0x00,0x00,0x00,0x00,0x00,0x00,0x00,0x00,
    0x00,0x00,0x00,0x00,0x00,0x00,0x00,0x00,0x00,0x00,0x00,0x00,0x00,0x00,0x00,0x00,
    0x00,0x00,0x00,0x00,0x00,0x00,0x00,0x00,0x00,0x00,0x00,0x00,0x00,0x00,0x00,0x00,
    0x00,0x00,0x00,0x00,0x00,0x00,0x00,0x00,0x00,0x00,0x00,0x00,0x00,0x00,0x00,0x00,
    0x00,0x00,0x00,0x00,0x00,0x00,0x00,0x00,0x00,0x00,0x00,0x00,0x00,0x00,0x00,0x00,
    0x00,0x00,0x00,0x00,0x00,0x00,0x00,0x00,0x00,0x00,0x00,0x00,0x00,0x00,0x00,0x00,
    0x00,0x00,0x00,0x00,0x00,0x00,0x00,0x00,0x00,0x00,0x00,0x00,0x00,0x00,0x00,0x00,
    0x00,0x00,0x00,0x00,0x00,0x00,0x00,0x00,0x00,0x00,0x00,0x00,0x00,0x00,0x00,0x00,
    0x00,0x00,0x00,0x00,0x00,0x00,0x00,0x00,0x00,0x00,0x00,0x00,0x00,0x00,0x00,0x00,
    0x00,0x00,0x00,0x00,0x00,0x00,0x00,0x00,0x00,0x00,0x00,0x00,0x00,0x00,0x00,0x00,
    0x00,0x00,0x00,0x00,0x00,0x00,0x00,0x00,0x00,0x00,0x00,0x00,0x00,0x00,0x00,0x00,
    0x00,0x00,0x00,0x00,0x00,0x00,0x00,0x00,0x00,0x00,0x00,0x00,0x00,0x00,0x00,0x00,
    0x00,0x00,0x00,0x00,0x00,0x00,0x00,0x00,0x00,0x00,0x00,0x00,0x00,0x00,0x00,0x00,
    0x00,0x00,0x00,0x00,0x00,0x00,0x00,0x00,0x00,0x00,0x00,0x00,0x00,0x00,0x00,0x00,
    0x00,0x00,0x00,0x00,0x00,0x00,0x00,0x00,0x00,0x00,0x00,0x00,0x00,0x00,0x00,0x00,
    0x00,0x00,0x00,0x00,0x00,0x00,0x00,0x00,0x00,0x00,0x00,0x00,0x00,0x00,0x00,0x00,
    0x00,0x00,0x00,0x00,0x00,0x00,0x00,0x00,0x00,0x00,0x00,0x00,0x00,0x00,0x00,0x00,
    0x00,0x00,0x00,0x00,0x00,0x00,0x00,0x00,0x00,0x00,0x00,0x00,0x00,0x00,0x00,0x00,
    0x00,0x00,0x00,0x00,0x00,0x00,0x00,0x00,0x00,0x00,0x00,0x00,0x00,0x00,0x00,0x00,
    0x00,0x00,0x00,0x00,0x00,0x00,0x00,0x00,0x00,0x00,0x00,0x00,0x00,0x00,0x00,0x00,
    0x00,0x00,0x00,0x00,0x00,0x00,0x00,0x00,0x00,0x00,0x00,0x00,0x00,0x00,0x00,0x00,
    0x00,0x00,0x00,0x00,0x00,0x00,0x00,0x00,0x00,0x00,0x00,0x00,0x00,0x00,0x00,0x00,
    0x00,0x00,0x00,0x00,0x00,0x00,0x00,0x00,0x00,0x00,0x00,0x00,0x00,0x00,0x00,0x00,
    0x00,0x00,0x00,0x00,0x00,0x00,0x00,0x00,0x00,0x00,0x00,0x00,0x00,0x00,0x00,0x00,
    0x00,0x00,0x00,0x00,0x00,0x00,0x00,0x00,0x00,0x00,0x00,0x00,0x00,0x00,0x00,0x00,
    0x00,0x00,0x00,0x00,0x00,0x00,0x00,0x00,0x00,0x00,0x00,0x00,0x00,0x00,0x00,0x00,
    0x00,0x00,0x00,0x00,0x00,0x00,0x00,0x00,0x00,0x00,0x00,0x00,0x00,0x00,0x00,0x00,
    0x00,0x00,0x00,0x00,0x00,0x00,0x00,0x00,0x00,0x00,0x00,0x00,0x00,0x00,0x00,0x00,
    0x00,0x00,0x00,0x00,0x00,0x00,0x00,0x00,0x00,0x00,0x00,0x00,0x00,0x00,0x00,0x00,
    0x00,0x00,0x00,0x00,0x00,0x00,0x00,0x00,0x00,0x00,0x00,0x00,0x00,0x00,0x00,0x00,
    0x00,0x00,0x00,0x00,0x00,0x00,0x00,0x00,0x00,0x00,0x00,0x00,0x00,0x00,0x00,0x00,
    0x00,0x00,0x00,0x00,0x00,0x00,0x00,0x00,0x00,0x00,0x00,0x00,0x00,0x00,0x00,0x00,
    0x00,0x00,0x00,0x00,0x00,0x00,0x00,0x00,0x00,0x00,0x00,0x00,0x00,0x00,0x00,0x00,
    0x00,0x00,0x00,0x00,0x00,0x00,0x00,0x00,0x00,0x00,0x00,0x00,0x00,0x00,0x00,0x00,
    0x00,0x00,0x00,0x00,0x00,0x00,0x00,0x00,0x00,0x00,0x00,0x00,0x00,0x00,0x00,0x00,
    0x00,0x00,0x00,0x00,0x00,0x00,0x00,0x00,0x00,0x00,0x00,0x00,0x00,0x00,0x00,0x00,
    0x00,0x00,0x00,0x00,0x00,0x00,0x00,0x00,0x00,0x00,0x00,0x00,0x00,0x00,0x00,0x00,
    0x00,0x00,0x00,0x00,0x00,0x00,0x00,0x00,0x00,0x00,0x00,0x00,0x00,0x00,0x00,0x00,
    0x00,0x00,0x00,0x00,0x00,0x00,0x00,0x00,0x00,0x00,0x00,0x00,0x00,0x00,0x00,0x00,
    0x00,0x00,0x00,0x00,0x00,0x00,0x00,0x00,0x00,0x00,0x00,0x00,0x00,0x00,0x00,0x00,
    0x00,0x00,0x00,0x00,0x00,0x00,0x00,0x00,0x00,0x00,0x00,0x00,0x00,0x00,0x00,0x00,
    0x00,0x00,0x00,0x00,0x00,0x00,0x00,0x00,0x00,0x00,0x00,0x00,0x00,0x00,0x00,0x00,
    0x00,0x00,0x00,0x00,0x00,0x00,0x00,0x00,0x00,0x00,0x00,0x00,0x00,0x00,0x00,0x00,
    0x00,0x00,0x00,0x00,0x00,0x00,0x00,0x00,0x00,0x00,0x00,0x00,0x00,0x00,0x00,0x00,
    0x00,0x00,0x00,0x00,0x00,0x00,0x00,0x00,0x00,0x00,0x00,0x00,0x00,0x00,0x00,0x00,
    0x00,0x00,0x00,0x00,0x00,0x00,0x00,0x00,0x00,0x00,0x00,0x00,0x00,0x00,0x00,0x00,
    0x00,0x00,0x00,0x00,0x00,0x00,0x00,0x00,0x00,0x00,0x00,0x00,0x00,0x00,0x00,0x00,
    0x00,0x00,0x00,0x00,0x00,0x00,0x00,0x00,0x00,0x00,0x00,0x00,0x00,0x00,0x00,0x00,
    0x00,0x00,0x00,0x00,0x00,0x00,0x00,0x00,0x00,0x00,0x00,0x00,0x00,0x00,0x00,0x00,
    0x00,0x00,0x00,0x00,0x00,0x00,0x00,0x00,0x00,0x00,0x00,0x00,0x00,0x00,0x00,0x00,
    0x00,0x00,0x00,0x00,0x00,0x00,0x00,0x00,0x00,0x00,0x00,0x00,0x00,0x00,0x00,0x00,
    0x00,0x00,0x00,0x00,0x00,0x00,0x00,0x00,0x00,0x00,0x00,0x00,0x00,0x00,0x00,0x00,
    0x00,0x00,0x00,0x00,0x00,0x00,0x00,0x00,0x00,0x00,0x00,0x00,0x00,0x00,0x00,0x00,
    0x00,0x00,0x00,0x00,0x00,0x00,0x00,0x00,0x00,0x00,0x00,0x00,0x00,0x00,0x00,0x00,
    0x00,0x00,0x00,0x00,0x00,0x00,0x00,0x00,0x00,0x00,0x00,0x00,0x00,0x00,0x00,0x00,
    0x00,0x00,0x00,0x00,0x00,0x00,0x00,0x00,0x00,0x00,0x00,0x00,0x00,0x00,0x00,0x00,
    0x00,0x00,0x00,0x00,0x00,0x00,0x00,0x00,0x00,0x00,0x00,0x00,0x00,0x00,0x00,0x00,
    0x00,0x00,0x00,0x00,0x00,0x00,0x00,0x00,0x00,0x00,0x00,0x00,0x00,0x00,0x00,0x00,
    0x00,0x00,0x00,0x00,0x00,0x00,0x00,0x00,0x00,0x00,0x00,0x00,0x00,0x00,0x00,0x00,
    0x00,0x00,0x00,0x00,0x00,0x00,0x00,0x00,0x00,0x00,0x00,0x00,0x00,0x00,0x00,0x00,
    0x00,0x00,0x00,0x00,0x00,0x00,0x00,0x00,0x00,0x00,0x00,0x00,0x00,0x00,0x00,0x00,
    0x00,0x00,0x00,0x00,0x00,0x00,0x00,0x00,0x00,0x00,0x00,0x00,0x00,0x00,0x00,0x00,
    0x00,0x00,0x00,0x00,0x00,0x00,0x00,0x00,0x00,0x00,0x00,0x00,0x00,0x00,0x00,0x00,
    0x00,0x00,0x00,0x00,0x00,0x00,0x00,0x00,0x00,0x00,0x00,0x00,0x00,0x00,0x00,0x00,
    0x00,0x00,0x00,0x00,0x00,0x00,0x00,0x00,0x00,0x00,0x00,0x00,0x00,0x00,0x00,0x00,
    0x00,0x00,0x00,0x00,0x00,0x00,0x00,0x00,0x00,0x00,0x00,0x00,0x00,0x00,0x00,0x00,
    0x00,0x00,0x00,0x00,0x00,0x00,0x00,0x00,0x00,0x00,0x00,0x00,0x00,0x00,0x00,0x00,
    0x00,0x00,0x00,0x00,0x00,0x00,0x00,0x00,0x00,0x00,0x00,0x00,0x00,0x00,0x00,0x00,
    0x00,0x00,0x00,0x00,0x00,0x00,0x00,0x00,0x00,0x00,0x00,0x00,0x00,0x00,0x00,0x00,
    0x00,0x00,0x00,0x00,0x00,0x00,0x00,0x00,0x00,0x00,0x00,0x00,0x00,0x00,0x00,0x00,
    0x00,0x00,0x00,0x00,0x00,0x00,0x00,0x00,0x00,0x00,0x00,0x00,0x00,0x00,0x00,0x00,
    0x00,0x00,0x00,0x00,0x00,0x00,0x00,0x00,0x00,0x00,0x00,0x00,0x00,0x00,0x00,0x00,
    0x00,0x00,0x00,0x00,0x00,0x00,0x00,0x00,0x00,0x00,0x00,0x00,0x00,0x00,0x00,0x00,
    0x00,0x00,0x00,0x00,0x00,0x00,0x00,0x00,0x00,0x00,0x00,0x00,0x00,0x00,0x00,0x00,
    0x00,0x00,0x00,0x00,0x00,0x00,0x00,0x00,0x00,0x00,0x00,0x00,0x00,0x00,0x00,0x00,
    0x00,0x00,0x00,0x00,0x00,0x00,0x00,0x00,0x00,0x00,0x00,0x00,0x00,0x00,0x00,0x00,
    0x00,0x00,0x00,0x00,0x00,0x00,0x00,0x00,0x00,0x00,0x00,0x00,0x00,0x00,0x00,0x00,
    0x00,0x00,0x00,0x00,0x00,0x00,0x00,0x00,0x00,0x00,0x00,0x00,0x00,0x00,0x00,0x00,
    0x00,0x00,0x00,0x00,0x00,0x00,0x00,0x00,0x00,0x00,0x00,0x00,0x00,0x00,0x00,0x00,
    0x00,0x00,0x00,0x00,0x00,0x00,0x00,0x00,0x00,0x00,0x00,0x00,0x00,0x00,0x00,0x00,
    0x00,0x00,0x00,0x00,0x00,0x00,0x00,0x00,0x00,0x00,0x00,0x00,0x00,0x00,0x00,0x00,
    0x00,0x00,0x00,0x00,0x00,0x00,0x00,0x00,0x00,0x00,0x00,0x00,0x00,0x00,0x00,0x00,
    0x00,0x00,0x00,0x00,0x00,0x00,0x00,0x00,0x00,0x00,0x00,0x00,0x00,0x00,0x00,0x00,
    0x00,0x00,0x00,0x00,0x00,0x00,0x00,0x00,0x00,0x00,0x00,0x00,0x00,0x00,0x00,0x00,
    0x00,0x00,0x00,0x00,0x00,0x00,0x00,0x00,0x00,0x00,0x00,0x00,0x00,0x00,0x00,0x00,
    0x00,0x00,0x00,0x00,0x00,0x00,0x00,0x00,0x00,0x00,0x00,0x00,0x00,0x00,0x00,0x00,
    0x00,0x00,0x00,0x00,0x00,0x00,0x00,0x00,0x00,0x00,0x00,0x00,0x00,0x00,0x00,0x00,
    0x00,0x00,0x00,0x00,0x00,0x00,0x00,0x00,0x00,0x00,0x00,0x00,0x00,0x00,0x00,0x00,
    0x00,0x00,0x00,0x00,0x00,0x00,0x00,0x00,0x00,0x00,0x00,0x00,0x00,0x00,0x00,0x00,
    0x00,0x00,0x00,0x00,0x00,0x00,0x00,0x00,0x00,0x00,0x00,0x00,0x00,0x00,0x00,0x00,
    0x00,0x00,0x00,0x00,0x00,0x00,0x00,0x00,0x00,0x00,0x00,0x00,0x00,0x00,0x00,0x00,
    0x00,0x00,0x00,0x00,0x00,0x00,0x00,0x00,0x00,0x00,0x00,0x00,0x00,0x00,0x00,0x00,
    0x00,0x00,0x00,0x00,0x00,0x00,0x00,0x00,0x00,0x00,0x00,0x00,0x00,0x00,0x00,0x00,
    0x00,0x00,0x00,0x00,0x00,0x00,0x00,0x00,0x00,0x00,0x00,0x00,0x00,0x00,0x00,0x00,
    0x00,0x00,0x00,0x00,0x00,0x00,0x00,0x00,0x00,0x00,0x00,0x00,0x00,0x00,0x00,0x00,
    0x00,0x00,0x00,0x00,0x00,0x00,0x00,0x00,0x00,0x00,0x00,0x00,0x00,0x00,0x00,0x00,
    0x00,0x00,0x00,0x00,0x00,0x00,0x00,0x00,0x00,0x00,0x00,0x00,0x00,0x00,0x00,0x00,
    0x00,0x00,0x00,0x00,0x00,0x00,0x00,0x00,0x00,0x00,0x00,0x00,0x00,0x00,0x00,0x00,
    0x00,0x00,0x00,0x00,0x00,0x00,0x00,0x00,0x00,0x00,0x00,0x00,0x00,0x00,0x00,0x00,
    0x00,0x00,0x00,0x00,0x00,0x00,0x00,0x00,0x00,0x00,0x00,0x00,0x00,0x00,0x00,0x00,
    0x00,0x00,0x00,0x00,0x00,0x00,0x00,0x00,0x00,0x00,0x00,0x00,0x00,0x00,0x00,0x00,
    0x00,0x00,0x00,0x00,0x00,0x00,0x00,0x00,0x00,0x00,0x00,0x00,0x00,0x00,0x00,0x00,
    0x00,0x00,0x00,0x00,0x00,0x00,0x00,0x00,0x00,0x00,0x00,0x00,0x00,0x00,0x00,0x00,
    0x00,0x00,0x00,0x00,0x00,0x00,0x00,0x00,0x00,0x00,0x00,0x00,0x00,0x00,0x00,0x00,
    0x00,0x00,0x00,0x00,0x00,0x00,0x00,0x00,0x00,0x00,0x00,0x00,0x00,0x00,0x00,0x00,
    0x00,0x00,0x00,0x00,0x00,0x00,0x00,0x00,0x00,0x00,0x00,0x00,0x00,0x00,0x00,0x00,
    0x00,0x00,0x00,0x00,0x00,0x00,0x00,0x00,0x00,0x00,0x00,0x00,0x00,0x00,0x00,0x00,
    0x00,0x00,0x00,0x00,0x00,0x00,0x00,0x00,0x00,0x00,0x00,0x00,0x00,0x00,0x00,0x00,
    0x00,0x00,0x00,0x00,0x00,0x00,0x00,0x00,0x00,0x00,0x00,0x00,0x00,0x00,0x00,0x00,
    0x00,0x00,0x00,0x00,0x00,0x00,0x00,0x00,0x00,0x00,0x00,0x00,0x00,0x00,0x00,0x00,
    0x00,0x00,0x00,0x00,0x00,0x00,0x00,0x00,0x00,0x00,0x00,0x00,0x00,0x00,0x00,0x00,
    0x00,0x00,0x00,0x00,0x00,0x00,0x00,0x00,0x00,0x00,0x00,0x00,0x00,0x00,0x00,0x00,
    0x00,0x00,0x00,0x00,0x00,0x00,0x00,0x00,0x00,0x00,0x00,0x00,0x00,0x00,0x00,0x00,
    0x00,0x00,0x00,0x00,0x00,0x00,0x00,0x00,0x00,0x00,0x00,0x00,0x00,0x00,0x00,0x00,
    0x00,0x00,0x00,0x00,0x00,0x00,0x00,0x00,0x00,0x00,0x00,0x00,0x00,0x00,0x00,0x00,
    0x00,0x00,0x00,0x00,0x00,0x00,0x00,0x00,0x00,0x00,0x00,0x00,0x00,0x00,0x00,0x00,
    0x00,0x00,0x00,0x00,0x00,0x00,0x00,0x00,0x00,0x00,0x00,0x00,0x00,0x00,0x00,0x00,
    0x00,0x00,0x00,0x00,0x00,0x00,0x00,0x00,0x00,0x00,0x00,0x00,0x00,0x00,0x00,0x00,
    0x00,0x00,0x00,0x00,0x00,0x00,0x00,0x00,0x00,0x00,0x00,0x00,0x00,0x00,0x00,0x00,
    0x00,0x00,0x00,0x00,0x00,0x00,0x00,0x00,0x00,0x00,0x00,0x00,0x00,0x00,0x00,0x00,
    0x00,0x00,0x00,0x00,0x00,0x00,0x00,0x00,0x00,0x00,0x00,0x00,0x00,0x00,0x00,0x00,
    0x00,0x00,0x00,0x00,0x00,0x00,0x00,0x00,0x00,0x00,0x00,0x00,0x00,0x00,0x00,0x00,
    0x00,0x00,0x00,0x00,0x00,0x00,0x00,0x00,0x00,0x00,0x00,0x00,0x00,0x00,0x00,0x00,
    0x00,0x00,0x00,0x00,0x00,0x00,0x00,0x00,0x00,0x00,0x00,0x00,0x00,0x00,0x00,0x00,
    0x00,0x00,0x00,0x00,0x00,0x00,0x00,0x00,0x00,0x00,0x00,0x00,0x00,0x00,0x00,0x00,
    0x00,0x00,0x00,0x00,0x00,0x00,0x00,0x00,0x00,0x00,0x00,0x00,0x00,0x00,0x00,0x00,
    0x00,0x00,0x00,0x00,0x00,0x00,0x00,0x00,0x00,0x00,0x00,0x00,0x00,0x00,0x00,0x00,
    0x00,0x00,0x00,0x00,0x00,0x00,0x00,0x00,0x00,0x00,0x00,0x00,0x00,0x00,0x00,0x00,
    0x00,0x00,0x00,0x00,0x00,0x00,0x00,0x00,0x00,0x00,0x00,0x00,0x00,0x00,0x00,0x00,
    0x00,0x00,0x00,0x00,0x00,0x00,0x00,0x00,0x00,0x00,0x00,0x00,0x00,0x00,0x00,0x00,
    0x00,0x00,0x00,0x00,0x00,0x00,0x00,0x00,0x00,0x00,0x00,0x00,0x00,0x00,0x00,0x00,
    0x00,0x00,0x00,0x00,0x00,0x00,0x00,0x00,0x00,0x00,0x00,0x00,0x00,0x00,0x00,0x00,
    0x00,0x00,0x00,0x00,0x00,0x00,0x00,0x00,0x00,0x00,0x00,0x00,0x00,0x00,0x00,0x00,
    0x00,0x00,0x00,0x00,0x00,0x00,0x00,0x00,0x00,0x00,0x00,0x00,0x00,0x00,0x00,0x00,
    0x00,0x00,0x00,0x00,0x00,0x00,0x00,0x00,0x00,0x00,0x00,0x00,0x00,0x00,0x00,0x00,
    0x00,0x00,0x00,0x00,0x00,0x00,0x00,0x00,0x00,0x00,0x00,0x00,0x00,0x00,0x00,0x00,
    0x00,0x00,0x00,0x00,0xff,0xff,0xff,0x0b,0xff,0xff,0xff,0x19,0xff,0xff,0xff,0x20,
    0xff,0xff,0xff,0x24,0xff,0xff,0xff,0x2e,0xff,0xff,0xff,0x32,0xff,0xff,0xff,0x32,
    0xff,0xff,0xff,0x31,0xff,0xff,0xff,0x31,0xff,0xff,0xff,0x31,0xff,0xff,0xff,0x31,
    0xff,0xff,0xff,0x31,0xff,0xff,0xff,0x31,0xff,0xff,0xff,0x31,0xff,0xff,0xff,0x31,
    0xff,0xff,0xff,0x31,0xff,0xff,0xff,0x31,0xff,0xff,0xff,0x31,0xff,0xff,0xff,0x31,
    0xff,0xff,0xff,0x31,0xff,0xff,0xff,0x31,0xff,0xff,0xff,0x31,0xff,0xff,0xff,0x32,
    0xff,0xff,0xff,0x32,0xff,0xff,0xff,0x2f,0xff,0xff,0xff,0x25,0xff,0xff,0xff,0x21,
    0xff,0xff,0xff,0x1b,0xff,0xff,0xff,0x0c,0x00,0x00,0x00,0x00,0x00,0x00,0x00,0x00,
    0x00,0x00,0x00,0x00,0x00,0x00,0x00,0x00,0x00,0x00,0x00,0x00,0x00,0x00,0x00,0x00,
    0x00,0x00,0x00,0x00,0x00,0x00,0x00,0x00,0x00,0x00,0x00,0x00,0x00,0x00,0x00,0x00,
    0x00,0x00,0x00,0x00,0x00,0x00,0x00,0x00,0x00,0x00,0x00,0x00,0x00,0x00,0x00,0x00,
    0x00,0x00,0x00,0x00,0x00,0x00,0x00,0x00,0x00,0x00,0x00,0x00,0x00,0x00,0x00,0x00,
    0x00,0x00,0x00,0x00,0x00,0x00,0x00,0x00,0x00,0x00,0x00,0x00,0x00,0x00,0x00,0x00,
    0x00,0x00,0x00,0x00,0x00,0x00,0x00,0x00,0x00,0x00,0x00,0x00,0x00,0x00,0x00,0x00,
    0x00,0x00,0x00,0x00,0x00,0x00,0x00,0x00,0x00,0x00,0x00,0x00,0x00,0x00,0x00,0x00,
    0x00,0x00,0x00,0x00,0x00,0x00,0x00,0x00,0x00,0x00,0x00,0x00,0x00,0x00,0x00,0x00,
    0x00,0x00,0x00,0x00,0x00,0x00,0x00,0x00,0x00,0x00,0x00,0x00,0x00,0x00,0x00,0x00,
    0x00,0x00,0x00,0x00,0x00,0x00,0x00,0x00,0x00,0x00,0x00,0x00,0x00,0x00,0x00,0x00,
    0x00,0x00,0x00,0x00,0x00,0x00,0x00,0x00,0x00,0x00,0x00,0x00,0x00,0x00,0x00,0x00,
    0xff,0xff,0xff,0x01,0xff,0xff,0xff,0x0d,0xff,0xff,0xff,0x17,0xff,0xff,0xff,0x22,
    0xff,0xff,0xff,0x37,0xff,0xff,0xff,0x5e,0xff,0xff,0xff,0x80,0xff,0xff,0xff,0x8f,
    0xff,0xff,0xff,0x98,0xff,0xff,0xff,0xae,0xff,0xff,0xff,0xb9,0xff,0xff,0xff,0xb8,
    0xfe,0xfe,0xfe,0xb6,0xfe,0xfe,0xfe,0xb6,0xfe,0xfe,0xfe,0xb6,0xfe,0xfe,0xfe,0xb6,
    0xfe,0xfe,0xfe,0xb6,0xfe,0xfe,0xfe,0xb6,0xfe,0xfe,0xfe,0xb6,0xfe,0xfe,0xfe,0xb6,
    0xfe,0xfe,0xfe,0xb6,0xfe,0xfe,0xfe,0xb6,0xfe,0xfe,0xfe,0xb6,0xfe,0xfe,0xfe,0xb6,
    0xfe,0xfe,0xfe,0xb6,0xfe,0xfe,0xfe,0xb6,0xfe,0xfe,0xfe,0xb6,0xff,0xff,0xff,0xb8,
    0xff,0xff,0xff,0xb9,0xff,0xff,0xff,0xb2,0xff,0xff,0xff,0x9b,0xff,0xff,0xff,0x92,
    0xff,0xff,0xff,0x82,0xff,0xff,0xff,0x61,0xff,0xff,0xff,0x3a,0xff,0xff,0xff,0x22,
    0xff,0xff,0xff,0x19,0xfe,0xfe,0xfe,0x0e,0xff,0xff,0xff,0x02,0x00,0x00,0x00,0x00,
    0x00,0x00,0x00,0x00,0x00,0x00,0x00,0x00,0x00,0x00,0x00,0x00,0x00,0x00,0x00,0x00,
    0x00,0x00,0x00,0x00,0x00,0x00,0x00,0x00,0x00,0x00,0x00,0x00,0x00,0x00,0x00,0x00,
    0x00,0x00,0x00,0x00,0x00,0x00,0x00,0x00,0x00,0x00,0x00,0x00,0x00,0x00,0x00,0x00,
    0x00,0x00,0x00,0x00,0x00,0x00,0x00,0x00,0x00,0x00,0x00,0x00,0x00,0x00,0x00,0x00,
    0x00,0x00,0x00,0x00,0x00,0x00,0x00,0x00,0x00,0x00,0x00,0x00,0x00,0x00,0x00,0x00,
    0x00,0x00,0x00,0x00,0x00,0x00,0x00,0x00,0x00,0x00,0x00,0x00,0x00,0x00,0x00,0x00,
    0x00,0x00,0x00,0x00,0x00,0x00,0x00,0x00,0x00,0x00,0x00,0x00,0x00,0x00,0x00,0x00,
    0x00,0x00,0x00,0x00,0x00,0x00,0x00,0x00,0x00,0x00,0x00,0x00,0x00,0x00,0x00,0x00,
    0x00,0x00,0x00,0x00,0x00,0x00,0x00,0x00,0x00,0x00,0x00,0x00,0x00,0x00,0x00,0x00,
    0x00,0x00,0x00,0x00,0x00,0x00,0x00,0x00,0xff,0xff,0xff,0x04,0xff,0xff,0xff,0x04,
    0xfe,0xfe,0xfe,0x29,0xff,0xff,0xff,0x67,0xff,0xff,0xff,0x9d,0xff,0xff,0xff,0xd8,
    0xff,0xff,0xff,0xf8,0xff,0xff,0xff,0xff,0xff,0xff,0xff,0xff,0xff,0xff,0xff,0xff,
    0xff,0xff,0xff,0xff,0xff,0xff,0xff,0xff,0xff,0xff,0xff,0xff,0xff,0xff,0xff,0xff,
    0xff,0xff,0xff,0xff,0xff,0xff,0xff,0xff,0xff,0xff,0xff,0xff,0xff,0xff,0xff,0xff,
    0xff,0xff,0xff,0xff,0xff,0xff,0xff,0xff,0xff,0xff,0xff,0xff,0xff,0xff,0xff,0xff,
    0xff,0xff,0xff,0xff,0xff,0xff,0xff,0xff,0xff,0xff,0xff,0xff,0xff,0xff,0xff,0xff,
    0xff,0xff,0xff,0xff,0xff,0xff,0xff,0xff,0xff,0xff,0xff,0xff,0xff,0xff,0xff,0xff,
    0xff,0xff,0xff,0xff,0xff,0xff,0xff,0xff,0xff,0xff,0xff,0xff,0xff,0xff,0xff,0xff,
    0xff,0xff,0xff,0xff,0xff,0xff,0xff,0xff,0xff,0xff,0xff,0xff,0xfe,0xfe,0xfe,0xdf,
    0xff,0xff,0xff,0xa7,0xff,0xff,0xff,0x6e,0xff,0xff,0xff,0x2c,0xff,0xff,0xff,0x0b,
    0xff,0xff,0xff,0x04,0xff,0xff,0xff,0x01,0x00,0x00,0x00,0x00,0x00,0x00,0x00,0x00,
    0x00,0x00,0x00,0x00,0x00,0x00,0x00,0x00,0x00,0x00,0x00,0x00,0x00,0x00,0x00,0x00,
    0x00,0x00,0x00,0x00,0x00,0x00,0x00,0x00,0x00,0x00,0x00,0x00,0x00,0x00,0x00,0x00,
    0x00,0x00,0x00,0x00,0x00,0x00,0x00,0x00,0x00,0x00,0x00,0x00,0x00,0x00,0x00,0x00,
    0x00,0x00,0x00,0x00,0x00,0x00,0x00,0x00,0x00,0x00,0x00,0x00,0x00,0x00,0x00,0x00,
    0x00,0x00,0x00,0x00,0x00,0x00,0x00,0x00,0x00,0x00,0x00,0x00,0x00,0x00,0x00,0x00,
    0x00,0x00,0x00,0x00,0x00,0x00,0x00,0x00,0x00,0x00,0x00,0x00,0x00,0x00,0x00,0x00,
    0x00,0x00,0x00,0x00,0x00,0x00,0x00,0x00,0x00,0x00,0x00,0x00,0x00,0x00,0x00,0x00,
    0x00,0x00,0x00,0x00,0x00,0x00,0x00,0x00,0x00,0x00,0x00,0x00,0x00,0x00,0x00,0x00,
    0x00,0x00,0x00,0x00,0xff,0xff,0xff,0x0b,0xff,0xff,0xff,0x5c,0xff,0xff,0xff,0xb2,
    0xfe,0xfe,0xfe,0xe9,0xff,0xff,0xff,0xfa,0xff,0xff,0xff,0xfa,0xff,0xff,0xff,0xfd,
    0xff,0xff,0xff,0xff,0xff,0xff,0xff,0xff,0xff,0xff,0xff,0xff,0xff,0xff,0xff,0xff,
    0xff,0xff,0xff,0xff,0xff,0xff,0xff,0xff,0xff,0xff,0xff,0xff,0xff,0xff,0xff,0xff,
    0xff,0xff,0xff,0xff,0xff,0xff,0xff,0xff,0xff,0xff,0xff,0xff,0xff,0xff,0xff,0xff,
    0xff,0xff,0xff,0xff,0xff,0xff,0xff,0xff,0xff,0xff,0xff,0xff,0xff,0xff,0xff,0xff,
    0xff,0xff,0xff,0xff,0xff,0xff,0xff,0xff,0xff,0xff,0xff,0xff,0xff,0xff,0xff,0xff,
    0xff,0xff,0xff,0xff,0xff,0xff,0xff,0xff,0xff,0xff,0xff,0xff,0xff,0xff,0xff,0xff,
    0xff,0xff,0xff,0xff,0xff,0xff,0xff,0xff,0xff,0xff,0xff,0xff,0xff,0xff,0xff,0xff,
    0xff,0xff,0xff,0xff,0xff,0xff,0xff,0xff,0xff,0xff,0xff,0xff,0xff,0xff,0xff,0xfe,
    0xff,0xff,0xff,0xfb,0xff,0xff,0xff,0xf9,0xfe,0xfe,0xfe,0xee,0xff,0xff,0xff,0xbd,
    0xff,0xff,0xff,0x6a,0xff,0xff,0xff,0x1a,0x00,0x00,0x00,0x00,0x00,0x00,0x00,0x00,
    0x00,0x00,0x00,0x00,0x00,0x00,0x00,0x00,0x00,0x00,0x00,0x00,0x00,0x00,0x00,0x00,
    0x00,0x00,0x00,0x00,0x00,0x00,0x00,0x00,0x00,0x00,0x00,0x00,0x00,0x00,0x00,0x00,
    0x00,0x00,0x00,0x00,0x00,0x00,0x00,0x00,0x00,0x00,0x00,0x00,0x00,0x00,0x00,0x00,
    0x00,0x00,0x00,0x00,0x00,0x00,0x00,0x00,0x00,0x00,0x00,0x00,0x00,0x00,0x00,0x00,
    0x00,0x00,0x00,0x00,0x00,0x00,0x00,0x00,0x00,0x00,0x00,0x00,0x00,0x00,0x00,0x00,
    0x00,0x00,0x00,0x00,0x00,0x00,0x00,0x00,0x00,0x00,0x00,0x00,0x00,0x00,0x00,0x00,
    0x00,0x00,0x00,0x00,0x00,0x00,0x00,0x00,0x00,0x00,0x00,0x00,0x00,0x00,0x00,0x00,
    0x00,0x00,0x00,0x00,0x00,0x00,0x00,0x00,0x00,0x00,0x00,0x00,0xff,0xff,0xff,0x0a,
    0xff,0xff,0xff,0x6a,0xff,0xff,0xff,0xc7,0xfe,0xfe,0xfe,0xe5,0xff,0xff,0xff,0xf7,
    0xff,0xff,0xff,0xff,0xff,0xff,0xff,0xff,0xff,0xff,0xff,0xff,0xff,0xff,0xff,0xff,
    0xff,0xff,0xff,0xff,0xff,0xff,0xff,0xff,0xff,0xff,0xff,0xff,0xff,0xff,0xff,0xff,
    0xff,0xff,0xff,0xff,0xff,0xff,0xff,0xff,0xff,0xff,0xff,0xff,0xff,0xff,0xff,0xff,
    0xff,0xff,0xff,0xff,0xff,0xff,0xff,0xff,0xff,0xff,0xff,0xff,0xff,0xff,0xff,0xff,
    0xff,0xff,0xff,0xff,0xff,0xff,0xff,0xff,0xff,0xff,0xff,0xff,0xff,0xff,0xff,0xff,
    0xff,0xff,0xff,0xff,0xff,0xff,0xff,0xff,0xff,0xff,0xff,0xff,0xff,0xff,0xff,0xff,
    0xff,0xff,0xff,0xff,0xff,0xff,0xff,0xff,0xff,0xff,0xff,0xff,0xff,0xff,0xff,0xff,
    0xff,0xff,0xff,0xff,0xff,0xff,0xff,0xff,0xff,0xff,0xff,0xff,0xff,0xff,0xff,0xff,
    0xff,0xff,0xff,0xff,0xff,0xff,0xff,0xff,0xff,0xff,0xff,0xff,0xff,0xff,0xff,0xff,
    0xff,0xff,0xff,0xff,0xff,0xff,0xff,0xff,0xff,0xff,0xff,0xff,0xff,0xff,0xff,0xf9,
    0xff,0xff,0xff,0xeb,0xff,0xff,0xff,0xcb,0xff,0xff,0xff,0x7c,0xff,0xff,0xff,0x14,
    0x00,0x00,0x00,0x00,0x00,0x00,0x00,0x00,0xff,0xff,0xff,0x01,0x00,0x00,0x00,0x00,
    0x00,0x00,0x00,0x00,0x00,0x00,0x00,0x00,0x00,0x00,0x00,0x00,0x00,0x00,0x00,0x00,
    0x00,0x00,0x00,0x00,0x00,0x00,0x00,0x00,0x00,0x00,0x00,0x00,0x00,0x00,0x00,0x00,
    0x00,0x00,0x00,0x00,0x00,0x00,0x00,0x00,0x00,0x00,0x00,0x00,0x00,0x00,0x00,0x00,
    0x00,0x00,0x00,0x00,0x00,0x00,0x00,0x00,0x00,0x00,0x00,0x00,0x00,0x00,0x00,0x00,
    0x00,0x00,0x00,0x00,0x00,0x00,0x00,0x00,0x00,0x00,0x00,0x00,0x00,0x00,0x00,0x00,
    0x00,0x00,0x00,0x00,0x00,0x00,0x00,0x00,0x00,0x00,0x00,0x00,0xff,0xff,0xff,0x01,
    0x00,0x00,0x00,0x00,0xff,0xff,0xff,0x0a,0xff,0xff,0xff,0x4f,0xff,0xff,0xff,0xa6,
    0xff,0xff,0xff,0xdc,0xff,0xff,0xff,0xff,0xff,0xff,0xff,0xff,0xff,0xff,0xff,0xff,
    0xff,0xff,0xff,0xff,0xff,0xff,0xff,0xff,0xff,0xff,0xff,0xff,0xff,0xff,0xff,0xff,
    0xff,0xff,0xff,0xff,0xff,0xff,0xff,0xff,0xff,0xff,0xff,0xff,0xff,0xff,0xff,0xff,
    0xff,0xff,0xff,0xff,0xff,0xff,0xff,0xff,0xff,0xff,0xff,0xff,0xff,0xff,0xff,0xff,
    0xff,0xff,0xff,0xff,0xfe,0xfe,0xfe,0xff,0xff,0xff,0xff,0xff,0xff,0xff,0xff,0xff,
    0xff,0xff,0xff,0xff,0xd6,0xd6,0xd6,0xff,0xb0,0xb0,0xb0,0xff,0x8a,0x8a,0x8a,0xff,
    0x84,0x84,0x84,0xff,0xa4,0xa4,0xa4,0xff,0xc8,0xc8,0xc8,0xff,0xea,0xea,0xea,0xff,
    0xff,0xff,0xff,0xff,0xff,0xff,0xff,0xff,0xff,0xff,0xff,0xff,0xff,0xff,0xff,0xff,
    0xff,0xff,0xff,0xff,0xff,0xff,0xff,0xff,0xff,0xff,0xff,0xff,0xff,0xff,0xff,0xff,
    0xff,0xff,0xff,0xff,0xff,0xff,0xff,0xff,0xff,0xff,0xff,0xff,0xff,0xff,0xff,0xff,
    0xff,0xff,0xff,0xff,0xff,0xff,0xff,0xff,0xff,0xff,0xff,0xff,0xff,0xff,0xff,0xff,
    0xff,0xff,0xff,0xff,0xff,0xff,0xff,0xff,0xff,0xff,0xff,0xe4,0xfe,0xfe,0xfe,0xb6,
    0xff,0xff,0xff,0x5a,0xff,0xff,0xff,0x08,0x00,0x00,0x00,0x00,0x00,0x00,0x00,0x00,
    0x00,0x00,0x00,0x00,0x00,0x00,0x00,0x00,0x00,0x00,0x00,0x00,0x00,0x00,0x00,0x00,
    0x00,0x00,0x00,0x00,0x00,0x00,0x00,0x00,0x00,0x00,0x00,0x00,0x00,0x00,0x00,0x00,
    0x00,0x00,0x00,0x00,0x00,0x00,0x00,0x00,0x00,0x00,0x00,0x00,0x00,0x00,0x00,0x00,
    0x00,0x00,0x00,0x00,0x00,0x00,0x00,0x00,0x00,0x00,0x00,0x00,0x00,0x00,0x00,0x00,
    0x00,0x00,0x00,0x00,0x00,0x00,0x00,0x00,0x00,0x00,0x00,0x00,0x00,0x00,0x00,0x00,
    0x00,0x00,0x00,0x00,0x00,0x00,0x00,0x00,0x00,0x00,0x00,0x00,0x00,0x00,0x00,0x00,
    0xff,0xff,0xff,0x1f,0xff,0xff,0xff,0x73,0xff,0xff,0xff,0xcc,0xff,0xff,0xff,0xff,
    0xff,0xff,0xff,0xff,0xff,0xff,0xff,0xff,0xff,0xff,0xff,0xff,0xff,0xff,0xff,0xff,
    0xff,0xff,0xff,0xff,0xff,0xff,0xff,0xff,0xff,0xff,0xff,0xff,0xff,0xff,0xff,0xff,
    0xff,0xff,0xff,0xff,0xff,0xff,0xff,0xff,0xff,0xff,0xff,0xff,0xff,0xff,0xff,0xff,
    0xff,0xff,0xff,0xff,0xff,0xff,0xff,0xff,0xff,0xff,0xff,0xff,0xff,0xff,0xff,0xff,
    0xff,0xff,0xff,0xff,0xff,0xff,0xff,0xff,0xfa,0xfa,0xfa,0xff,0xcb,0xcb,0xcb,0xff,
    0x8c,0x8c,0x8c,0xff,0x60,0x60,0x60,0xff,0x3f,0x3f,0x3f,0xff,0x1d,0x1d,0x1d,0xff,
    0x18,0x18,0x18,0xff,0x34,0x34,0x34,0xff,0x54,0x54,0x54,0xff,0x72,0x72,0x72,0xff,
    0xb3,0xb3,0xb3,0xff,0xf5,0xf5,0xf5,0xff,0xff,0xff,0xff,0xff,0xff,0xff,0xff,0xff,
    0xff,0xff,0xff,0xff,0xff,0xff,0xff,0xff,0xff,0xff,0xff,0xff,0xff,0xff,0xff,0xff,
    0xff,0xff,0xff,0xff,0xff,0xff,0xff,0xff,0xff,0xff,0xff,0xff,0xff,0xff,0xff,0xff,
    0xff,0xff,0xff,0xff,0xff,0xff,0xff,0xff,0xff,0xff,0xff,0xff,0xff,0xff,0xff,0xff,
    0xff,0xff,0xff,0xff,0xff,0xff,0xff,0xff,0xff,0xff,0xff,0xff,0xff,0xff,0xff,0xff,
    0xff,0xff,0xff,0xd2,0xff,0xff,0xff,0x79,0xff,0xff,0xff,0x24,0x00,0x00,0x00,0x00,
    0x00,0x00,0x00,0x00,0x00,0x00,0x00,0x00,0x00,0x00,0x00,0x00,0x00,0x00,0x00,0x00,
    0x00,0x00,0x00,0x00,0x00,0x00,0x00,0x00,0x00,0x00,0x00,0x00,0x00,0x00,0x00,0x00,
    0x00,0x00,0x00,0x00,0x00,0x00,0x00,0x00,0x00,0x00,0x00,0x00,0x00,0x00,0x00,0x00,
    0x00,0x00,0x00,0x00,0x00,0x00,0x00,0x00,0x00,0x00,0x00,0x00,0x00,0x00,0x00,0x00,
    0x00,0x00,0x00,0x00,0x00,0x00,0x00,0x00,0x00,0x00,0x00,0x00,0x00,0x00,0x00,0x00,
    0x00,0x00,0x00,0x00,0x00,0x00,0x00,0x00,0x00,0x00,0x00,0x00,0xff,0xff,0xff,0x24,
    0xff,0xff,0xff,0x91,0xfe,0xfe,0xfe,0xef,0xff,0xff,0xff,0xff,0xff,0xff,0xff,0xff,
    0xff,0xff,0xff,0xff,0xff,0xff,0xff,0xff,0xff,0xff,0xff,0xff,0xff,0xff,0xff,0xff,
    0xff,0xff,0xff,0xff,0xff,0xff,0xff,0xff,0xff,0xff,0xff,0xff,0xff,0xff,0xff,0xff,
    0xff,0xff,0xff,0xff,0xff,0xff,0xff,0xff,0xff,0xff,0xff,0xff,0xff,0xff,0xff,0xff,
    0xff,0xff,0xff,0xff,0xff,0xff,0xff,0xff,0xff,0xff,0xff,0xff,0xff,0xff,0xff,0xff,
    0xff,0xff,0xff,0xff,0xfc,0xfc,0xfc,0xff,0xc3,0xc3,0xc3,0xff,0x50,0x50,0x50,0xff,
    0x00,0x00,0x00,0xff,0x00,0x00,0x00,0xff,0x05,0x05,0x05,0xff,0x09,0x09,0x09,0xff,
    0x0a,0x0a,0x0a,0xff,0x06,0x06,0x06,0xff,0x02,0x02,0x02,0xff,0x00,0x00,0x00,0xff,
    0x32,0x32,0x32,0xff,0x9f,0x9f,0x9f,0xff,0xef,0xef,0xef,0xff,0xff,0xff,0xff,0xff,
    0xff,0xff,0xff,0xff,0xff,0xff,0xff,0xff,0xff,0xff,0xff,0xff,0xff,0xff,0xff,0xff,
    0xff,0xff,0xff,0xff,0xff,0xff,0xff,0xff,0xff,0xff,0xff,0xff,0xff,0xff,0xff,0xff,
    0xff,0xff,0xff,0xff,0xff,0xff,0xff,0xff,0xff,0xff,0xff,0xff,0xff,0xff,0xff,0xff,
    0xff,0xff,0xff,0xff,0xff,0xff,0xff,0xff,0xff,0xff,0xff,0xff,0xff,0xff,0xff,0xff,
    0xff,0xff,0xff,0xff,0xff,0xff,0xff,0xf9,0xff,0xff,0xff,0x9f,0xff,0xff,0xff,0x31,
    0xff,0xff,0xff,0x03,0x00,0x00,0x00,0x00,0x00,0x00,0x00,0x00,0x00,0x00,0x00,0x00,
    0x00,0x00,0x00,0x00,0x00,0x00,0x00,0x00,0x00,0x00,0x00,0x00,0x00,0x00,0x00,0x00,
    0x00,0x00,0x00,0x00,0x00,0x00,0x00,0x00,0x00,0x00,0x00,0x00,0x00,0x00,0x00,0x00,
    0x00,0x00,0x00,0x00,0x00,0x00,0x00,0x00,0x00,0x00,0x00,0x00,0x00,0x00,0x00,0x00,
    0x00,0x00,0x00,0x00,0x00,0x00,0x00,0x00,0x00,0x00,0x00,0x00,0x00,0x00,0x00,0x00,
    0x00,0x00,0x00,0x00,0xff,0xff,0xff,0x03,0xff,0xff,0xff,0x21,0xff,0xff,0xff,0xbd,
    0xff,0xff,0xff,0xfe,0xff,0xff,0xff,0xff,0xff,0xff,0xff,0xff,0xff,0xff,0xff,0xff,
    0xff,0xff,0xff,0xff,0xff,0xff,0xff,0xff,0xff,0xff,0xff,0xff,0xff,0xff,0xff,0xff,
    0xff,0xff,0xff,0xff,0xff,0xff,0xff,0xff,0xff,0xff,0xff,0xff,0xff,0xff,0xff,0xff,
    0xff,0xff,0xff,0xff,0xff,0xff,0xff,0xff,0xff,0xff,0xff,0xff,0xff,0xff,0xff,0xff,
    0xff,0xff,0xff,0xff,0xff,0xff,0xff,0xff,0xff,0xff,0xff,0xff,0xff,0xff,0xff,0xff,
    0xff,0xff,0xff,0xff,0xc7,0xc7,0xc7,0xff,0x51,0x51,0x51,0xff,0x00,0x00,0x00,0xff,
    0x0d,0x0d,0x0d,0xff,0x0d,0x0d,0x0d,0xff,0x0d,0x0d,0x0d,0xff,0x0d,0x0d,0x0d,0xff,
    0x0d,0x0d,0x0d,0xff,0x0d,0x0d,0x0d,0xff,0x0d,0x0d,0x0d,0xff,0x0d,0x0d,0x0d,0xff,
    0x06,0x06,0x06,0xff,0x17,0x17,0x17,0xff,0x97,0x97,0x97,0xff,0xff,0xff,0xff,0xff,
    0xff,0xff,0xff,0xff,0xff,0xff,0xff,0xff,0xff,0xff,0xff,0xff,0xff,0xff,0xff,0xff,
    0xff,0xff,0xff,0xff,0xff,0xff,0xff,0xff,0xff,0xff,0xff,0xff,0xff,0xff,0xff,0xff,
    0xff,0xff,0xff,0xff,0xff,0xff,0xff,0xff,0xff,0xff,0xff,0xff,0xff,0xff,0xff,0xff,
    0xff,0xff,0xff,0xff,0xff,0xff,0xff,0xff,0xff,0xff,0xff,0xff,0xff,0xff,0xff,0xff,
    0xff,0xff,0xff,0xff,0xff,0xff,0xff,0xff,0xff,0xff,0xff,0xff,0xfe,0xfe,0xfe,0xca,
    0xff,0xff,0xff,0x3b,0xff,0xff,0xff,0x05,0x00,0x00,0x00,0x00,0x00,0x00,0x00,0x00,
    0x00,0x00,0x00,0x00,0x00,0x00,0x00,0x00,0x00,0x00,0x00,0x00,0x00,0x00,0x00,0x00,
    0x00,0x00,0x00,0x00,0x00,0x00,0x00,0x00,0x00,0x00,0x00,0x00,0x00,0x00,0x00,0x00,
    0x00,0x00,0x00,0x00,0x00,0x00,0x00,0x00,0x00,0x00,0x00,0x00,0x00,0x00,0x00,0x00,
    0x00,0x00,0x00,0x00,0x00,0x00,0x00,0x00,0x00,0x00,0x00,0x00,0x00,0x00,0x00,0x00,
    0x00,0x00,0x00,0x00,0xff,0xff,0xff,0x2d,0xff,0xff,0xff,0xd7,0xff,0xff,0xff,0xfd,
    0xff,0xff,0xff,0xff,0xff,0xff,0xff,0xff,0xff,0xff,0xff,0xff,0xff,0xff,0xff,0xff,
    0xff,0xff,0xff,0xff,0xff,0xff,0xff,0xff,0xff,0xff,0xff,0xff,0xff,0xff,0xff,0xff,
    0xff,0xff,0xff,0xff,0xff,0xff,0xff,0xff,0xff,0xff,0xff,0xff,0xff,0xff,0xff,0xff,
    0xff,0xff,0xff,0xff,0xff,0xff,0xff,0xff,0xff,0xff,0xff,0xff,0xff,0xff,0xff,0xff,
    0xff,0xff,0xff,0xff,0xff,0xff,0xff,0xff,0xff,0xff,0xff,0xff,0xff,0xff,0xff,0xff,
    0xf6,0xf6,0xf6,0xff,0x76,0x76,0x76,0xff,0x00,0x00,0x00,0xff,0x0d,0x0d,0x0d,0xff,
    0x0d,0x0d,0x0d,0xff,0x0d,0x0d,0x0d,0xff,0x0d,0x0d,0x0d,0xff,0x0d,0x0d,0x0d,0xff,
    0x0d,0x0d,0x0d,0xff,0x0d,0x0d,0x0d,0xff,0x0d,0x0d,0x0d,0xff,0x0d,0x0d,0x0d,0xff,
    0x0d,0x0d,0x0d,0xff,0x05,0x05,0x05,0xff,0x3d,0x3d,0x3d,0xff,0xad,0xad,0xad,0xff,
    0xff,0xff,0xff,0xff,0xff,0xff,0xff,0xff,0xff,0xff,0xff,0xff,0xff,0xff,0xff,0xff,
    0xff,0xff,0xff,0xff,0xff,0xff,0xff,0xff,0xff,0xff,0xff,0xff,0xff,0xff,0xff,0xff,
    0xff,0xff,0xff,0xff,0xff,0xff,0xff,0xff,0xff,0xff,0xff,0xff,0xff,0xff,0xff,0xff,
    0xff,0xff,0xff,0xff,0xff,0xff,0xff,0xff,0xff,0xff,0xff,0xff,0xff,0xff,0xff,0xff,
    0xff,0xff,0xff,0xff,0xff,0xff,0xff,0xff,0xff,0xff,0xff,0xff,0xff,0xff,0xff,0xff,
    0xff,0xff,0xff,0xe6,0xff,0xff,0xff,0x40,0xff,0xff,0xff,0x05,0x00,0x00,0x00,0x00,
    0x00,0x00,0x00,0x00,0x00,0x00,0x00,0x00,0x00,0x00,0x00,0x00,0x00,0x00,0x00,0x00,
    0x00,0x00,0x00,0x00,0x00,0x00,0x00,0x00,0x00,0x00,0x00,0x00,0x00,0x00,0x00,0x00,
    0x00,0x00,0x00,0x00,0x00,0x00,0x00,0x00,0x00,0x00,0x00,0x00,0x00,0x00,0x00,0x00,
    0x00,0x00,0x00,0x00,0x00,0x00,0x00,0x00,0x00,0x00,0x00,0x00,0x00,0x00,0x00,0x00,
    0xff,0xff,0xff,0x2d,0xff,0xff,0xff,0xd9,0xff,0xff,0xff,0xfd,0xff,0xff,0xff,0xff,
    0xff,0xff,0xff,0xff,0xff,0xff,0xff,0xff,0xff,0xff,0xff,0xff,0xff,0xff,0xff,0xff,
    0xff,0xff,0xff,0xff,0xff,0xff,0xff,0xff,0xff,0xff,0xff,0xff,0xff,0xff,0xff,0xff,
    0xff,0xff,0xff,0xff,0xff,0xff,0xff,0xff,0xff,0xff,0xff,0xff,0xff,0xff,0xff,0xff,
    0xff,0xff,0xff,0xff,0xff,0xff,0xff,0xff,0xff,0xff,0xff,0xff,0xff,0xff,0xff,0xff,
    0xff,0xff,0xff,0xff,0xff,0xff,0xff,0xff,0xff,0xff,0xff,0xff,0xff,0xff,0xff,0xff,
    0x9a,0x9a,0x9a,0xff,0x2c,0x2c,0x2c,0xff,0x06,0x06,0x06,0xff,0x0d,0x0d,0x0d,0xff,
    0x0d,0x0d,0x0d,0xff,0x0d,0x0d,0x0d,0xff,0x0c,0x09,0x0c,0xff,0x0c,0x04,0x0b,0xff,
    0x0c,0x03,0x0b,0xff,0x0c,0x07,0x0c,0xff,0x0d,0x0d,0x0d,0xff,0x0d,0x0d,0x0d,0xff,
    0x0d,0x0d,0x0d,0xff,0x0c,0x0c,0x0c,0xff,0x04,0x04,0x04,0xff,0x65,0x65,0x65,0xff,
    0xff,0xff,0xff,0xff,0xff,0xff,0xff,0xff,0xff,0xff,0xff,0xff,0xff,0xff,0xff,0xff,
    0xff,0xff,0xff,0xff,0xff,0xff,0xff,0xff,0xff,0xff,0xff,0xff,0xff,0xff,0xff,0xff,
    0xff,0xff,0xff,0xff,0xff,0xff,0xff,0xff,0xff,0xff,0xff,0xff,0xff,0xff,0xff,0xff,
    0xff,0xff,0xff,0xff,0xff,0xff,0xff,0xff,0xff,0xff,0xff,0xff,0xff,0xff,0xff,0xff,
    0xff,0xff,0xff,0xff,0xff,0xff,0xff,0xff,0xff,0xff,0xff,0xff,0xff,0xff,0xff,0xff,
    0xff,0xff,0xff,0xff,0xfe,0xfe,0xfe,0xe9,0xff,0xff,0xff,0x3c,0xff,0xff,0xff,0x03,
    0x00,0x00,0x00,0x00,0x00,0x00,0x00,0x00,0x00,0x00,0x00,0x00,0x00,0x00,0x00,0x00,
    0x00,0x00,0x00,0x00,0x00,0x00,0x00,0x00,0x00,0x00,0x00,0x00,0x00,0x00,0x00,0x00,
    0x00,0x00,0x00,0x00,0x00,0x00,0x00,0x00,0x00,0x00,0x00,0x00,0x00,0x00,0x00,0x00,
    0x00,0x00,0x00,0x00,0xff,0xff,0xff,0x01,0x00,0x00,0x00,0x00,0xff,0xff,0xff,0x32,
    0xff,0xff,0xff,0xbb,0xff,0xff,0xff,0xff,0xff,0xff,0xff,0xff,0xff,0xff,0xff,0xff,
    0xff,0xff,0xff,0xff,0xff,0xff,0xff,0xff,0xff,0xff,0xff,0xff,0xff,0xff,0xff,0xff,
    0xff,0xff,0xff,0xff,0xff,0xff,0xff,0xff,0xff,0xff,0xff,0xff,0xff,0xff,0xff,0xff,
    0xff,0xff,0xff,0xff,0xff,0xff,0xff,0xff,0xff,0xff,0xff,0xff,0xff,0xff,0xff,0xff,
    0xff,0xff,0xff,0xff,0xff,0xff,0xff,0xff,0xff,0xff,0xff,0xff,0xff,0xff,0xff,0xff,
    0xff,0xff,0xff,0xff,0xff,0xff,0xff,0xff,0xff,0xff,0xff,0xff,0xff,0xff,0xff,0xff,
    0x62,0x62,0x62,0xff,0x05,0x05,0x05,0xff,0x0c,0x0c,0x0c,0xff,0x0d,0x0d,0x0d,0xff,
    0x0d,0x0d,0x0d,0xff,0x0c,0x07,0x0c,0xff,0x15,0x3f,0x17,0xff,0x1e,0x7b,0x22,0xff,
    0x1f,0x8a,0x24,0xff,0x18,0x57,0x1b,0xff,0x0c,0x05,0x0c,0xff,0x0d,0x0d,0x0d,0xff,
    0x0d,0x0d,0x0d,0xff,0x0d,0x0d,0x0d,0xff,0x00,0x00,0x00,0xff,0x43,0x43,0x43,0xff,
    0xd9,0xd9,0xd9,0xff,0xff,0xff,0xff,0xff,0xff,0xff,0xff,0xff,0xff,0xff,0xff,0xff,
    0xff,0xff,0xff,0xff,0xff,0xff,0xff,0xff,0xff,0xff,0xff,0xff,0xff,0xff,0xff,0xff,
    0xff,0xff,0xff,0xff,0xff,0xff,0xff,0xff,0xff,0xff,0xff,0xff,0xff,0xff,0xff,0xff,
    0xff,0xff,0xff,0xff,0xff,0xff,0xff,0xff,0xff,0xff,0xff,0xff,0xff,0xff,0xff,0xff,
    0xff,0xff,0xff,0xff,0xff,0xff,0xff,0xff,0xff,0xff,0xff,0xff,0xff,0xff,0xff,0xff,
    0xff,0xff,0xff,0xff,0xff,0xff,0xff,0xff,0xff,0xff,0xff,0xd7,0xff,0xff,0xff,0x35,
    0x00,0x00,0x00,0x00,0x00,0x00,0x00,0x00,0x00,0x00,0x00,0x00,0x00,0x00,0x00,0x00,
    0x00,0x00,0x00,0x00,0x00,0x00,0x00,0x00,0x00,0x00,0x00,0x00,0x00,0x00,0x00,0x00,
    0x00,0x00,0x00,0x00,0x00,0x00,0x00,0x00,0x00,0x00,0x00,0x00,0x00,0x00,0x00,0x00,
    0x00,0x00,0x00,0x00,0x00,0x00,0x00,0x00,0xfe,0xfe,0xfe,0x29,0xff,0xff,0xff,0xa1,
    0xff,0xff,0xff,0xff,0xff,0xff,0xff,0xff,0xff,0xff,0xff,0xff,0xff,0xff,0xff,0xff,
    0xff,0xff,0xff,0xff,0xff,0xff,0xff,0xff,0xff,0xff,0xff,0xff,0xff,0xff,0xff,0xff,
    0xff,0xff,0xff,0xff,0xff,0xff,0xff,0xff,0xff,0xff,0xff,0xff,0xff,0xff,0xff,0xff,
    0xff,0xff,0xff,0xff,0xff,0xff,0xff,0xff,0xff,0xff,0xff,0xff,0xff,0xff,0xff,0xff,
    0xff,0xff,0xff,0xff,0xff,0xff,0xff,0xff,0xff,0xff,0xff,0xff,0xff,0xff,0xff,0xff,
    0xff,0xff,0xff,0xff,0xff,0xff,0xff,0xff,0xff,0xff,0xff,0xff,0xe6,0xe6,0xe6,0xff,
    0x49,0x49,0x49,0xff,0x00,0x00,0x00,0xff,0x0d,0x0d,0x0d,0xff,0x0d,0x0d,0x0d,0xff,
    0x0d,0x0d,0x0d,0xff,0x0f,0x18,0x0f,0xff,0x21,0x93,0x27,0xff,0x2b,0xd4,0x33,0xff,
    0x2c,0xdc,0x34,0xff,0x24,0xab,0x2b,0xff,0x14,0x37,0x15,0xff,0x0d,0x0e,0x0d,0xff,
    0x0d,0x0d,0x0d,0xff,0x0d,0x0d,0x0d,0xff,0x05,0x05,0x05,0xff,0x2e,0x2e,0x2e,0xff,
    0x9e,0x9e,0x9e,0xff,0xff,0xff,0xff,0xff,0xff,0xff,0xff,0xff,0xff,0xff,0xff,0xff,
    0xff,0xff,0xff,0xff,0xff,0xff,0xff,0xff,0xff,0xff,0xff,0xff,0xff,0xff,0xff,0xff,
    0xff,0xff,0xff,0xff,0xff,0xff,0xff,0xff,0xff,0xff,0xff,0xff,0xff,0xff,0xff,0xff,
    0xff,0xff,0xff,0xff,0xff,0xff,0xff,0xff,0xff,0xff,0xff,0xff,0xff,0xff,0xff,0xff,
    0xff,0xff,0xff,0xff,0xff,0xff,0xff,0xff,0xff,0xff,0xff,0xff,0xff,0xff,0xff,0xff,
    0xff,0xff,0xff,0xff,0xff,0xff,0xff,0xff,0xff,0xff,0xff,0xff,0xff,0xff,0xff,0xb0,
    0xff,0xff,0xff,0x2b,0x00,0x00,0x00,0x00,0xff,0xff,0xff,0x01,0x00,0x00,0x00,0x00,
    0x00,0x00,0x00,0x00,0x00,0x00,0x00,0x00,0x00,0x00,0x00,0x00,0x00,0x00,0x00,0x00,
    0x00,0x00,0x00,0x00,0x00,0x00,0x00,0x00,0x00,0x00,0x00,0x00,0x00,0x00,0x00,0x00,
    0x00,0x00,0x00,0x00,0xff,0xff,0xff,0x08,0xff,0xff,0xff,0x8d,0xfe,0xfe,0xfe,0xf6,
    0xff,0xff,0xff,0xff,0xff,0xff,0xff,0xff,0xff,0xff,0xff,0xff,0xff,0xff,0xff,0xff,
    0xff,0xff,0xff,0xff,0xff,0xff,0xff,0xff,0xff,0xff,0xff,0xff,0xff,0xff,0xff,0xff,
    0xff,0xff,0xff,0xff,0xff,0xff,0xff,0xff,0xff,0xff,0xff,0xff,0xff,0xff,0xff,0xff,
    0xff,0xff,0xff,0xff,0xff,0xff,0xff,0xff,0xff,0xff,0xff,0xff,0xff,0xff,0xff,0xff,
    0xff,0xff,0xff,0xff,0xff,0xff,0xff,0xff,0xff,0xff,0xff,0xff,0xff,0xff,0xff,0xff,
    0xff,0xff,0xff,0xff,0xff,0xff,0xff,0xff,0xff,0xff,0xff,0xff,0xb7,0xb7,0xb7,0xff,
    0x38,0x38,0x38,0xff,0x04,0x04,0x04,0xff,0x0d,0x0d,0x0d,0xff,0x0d,0x0c,0x0d,0xff,
    0x0d,0x0e,0x0d,0xff,0x16,0x46,0x18,0xff,0x29,0xc7,0x30,0xff,0x2e,0xe8,0x37,0xff,
    0x2d,0xe4,0x36,0xff,0x2b,0xd3,0x33,0xff,0x1f,0x81,0x23,0xff,0x0d,0x0f,0x0d,0xff,
    0x0d,0x0b,0x0d,0xff,0x0d,0x0d,0x0d,0xff,0x09,0x09,0x09,0xff,0x1a,0x1a,0x1a,0xff,
    0x6b,0x6b,0x6b,0xff,0xff,0xff,0xff,0xff,0xff,0xff,0xff,0xff,0xff,0xff,0xff,0xff,
    0xff,0xff,0xff,0xff,0xff,0xff,0xff,0xff,0xff,0xff,0xff,0xff,0xff,0xff,0xff,0xff,
    0xff,0xff,0xff,0xff,0xff,0xff,0xff,0xff,0xff,0xff,0xff,0xff,0xff,0xff,0xff,0xff,
    0xff,0xff,0xff,0xff,0xff,0xff,0xff,0xff,0xff,0xff,0xff,0xff,0xff,0xff,0xff,0xff,
    0xff,0xff,0xff,0xff,0xff,0xff,0xff,0xff,0xff,0xff,0xff,0xff,0xff,0xff,0xff,0xff,
    0xff,0xff,0xff,0xff,0xff,0xff,0xff,0xff,0xff,0xff,0xff,0xff,0xff,0xff,0xff,0xff,
    0xff,0xff,0xff,0x8a,0xff,0xff,0xff,0x12,0x00,0x00,0x00,0x00,0x00,0x00,0x00,0x00,
    0x00,0x00,0x00,0x00,0x00,0x00,0x00,0x00,0x00,0x00,0x00,0x00,0x00,0x00,0x00,0x00,
    0x00,0x00,0x00,0x00,0x00,0x00,0x00,0x00,0x00,0x00,0x00,0x00,0x00,0x00,0x00,0x00,
    0x00,0x00,0x00,0x00,0xff,0xff,0xff,0x5e,0xff,0xff,0xff,0xdb,0xff,0xff,0xff,0xff,
    0xff,0xff,0xff,0xff,0xff,0xff,0xff,0xff,0xff,0xff,0xff,0xff,0xff,0xff,0xff,0xff,
    0xff,0xff,0xff,0xff,0xff,0xff,0xff,0xff,0xff,0xff,0xff,0xff,0xff,0xff,0xff,0xff,
    0xff,0xff,0xff,0xff,0xff,0xff,0xff,0xff,0xff,0xff,0xff,0xff,0xff,0xff,0xff,0xff,
    0xff,0xff,0xff,0xff,0xff,0xff,0xff,0xff,0xff,0xff,0xff,0xff,0xff,0xff,0xff,0xff,
    0xff,0xff,0xff,0xff,0xff,0xff,0xff,0xff,0xff,0xff,0xff,0xff,0xff,0xff,0xff,0xff,
    0xff,0xff,0xff,0xff,0xff,0xff,0xff,0xff,0xff,0xff,0xff,0xff,0x8a,0x8a,0x8a,0xff,
    0x26,0x26,0x26,0xff,0x07,0x07,0x07,0xff,0x0d,0x0d,0x0d,0xff,0x0d,0x0b,0x0d,0xff,
    0x0d,0x0f,0x0d,0xff,0x1d,0x79,0x21,0xff,0x29,0xcd,0x32,0xff,0x2d,0xe1,0x36,0xff,
    0x2c,0xde,0x35,0xff,0x2c,0xdc,0x35,0xff,0x27,0xb4,0x2d,0xff,0x0e,0x13,0x0f,0xff,
    0x0d,0x0b,0x0d,0xff,0x0d,0x0d,0x0d,0xff,0x0c,0x0c,0x0c,0xff,0x09,0x09,0x09,0xff,
    0x3f,0x3f,0x3f,0xff,0xff,0xff,0xff,0xff,0xff,0xff,0xff,0xff,0xff,0xff,0xff,0xff,
    0xff,0xff,0xff,0xff,0xff,0xff,0xff,0xff,0xff,0xff,0xff,0xff,0xff,0xff,0xff,0xff,
    0xff,0xff,0xff,0xff,0xff,0xff,0xff,0xff,0xff,0xff,0xff,0xff,0xff,0xff,0xff,0xff,
    0xff,0xff,0xff,0xff,0xff,0xff,0xff,0xff,0xff,0xff,0xff,0xff,0xff,0xff,0xff,0xff,
    0xff,0xff,0xff,0xff,0xff,0xff,0xff,0xff,0xff,0xff,0xff,0xff,0xff,0xff,0xff,0xff,
    0xff,0xff,0xff,0xff,0xff,0xff,0xff,0xff,0xff,0xff,0xff,0xff,0xff,0xff,0xff,0xff,
    0xff,0xff,0xff,0xe6,0xff,0xff,0xff,0x73,0x00,0x00,0x00,0x00,0x00,0x00,0x00,0x00,
    0x00,0x00,0x00,0x00,0x00,0x00,0x00,0x00,0x00,0x00,0x00,0x00,0x00,0x00,0x00,0x00,
    0x00,0x00,0x00,0x00,0x00,0x00,0x00,0x00,0x00,0x00,0x00,0x00,0x00,0x00,0x00,0x00,
    0xff,0xff,0xff,0x0a,0xff,0xff,0xff,0xd0,0xff,0xff,0xff,0xff,0xff,0xff,0xff,0xff,
    0xff,0xff,0xff,0xff,0xff,0xff,0xff,0xff,0xff,0xff,0xff,0xff,0xff,0xff,0xff,0xff,
    0xff,0xff,0xff,0xff,0xff,0xff,0xff,0xff,0xff,0xff,0xff,0xff,0xff,0xff,0xff,0xff,
    0xff,0xff,0xff,0xff,0xff,0xff,0xff,0xff,0xff,0xff,0xff,0xff,0xff,0xff,0xff,0xff,
    0xff,0xff,0xff,0xff,0xff,0xff,0xff,0xff,0xff,0xff,0xff,0xff,0xff,0xff,0xff,0xff,
    0xff,0xff,0xff,0xff,0xff,0xff,0xff,0xff,0xff,0xff,0xff,0xff,0xff,0xff,0xff,0xff,
    0xff,0xff,0xff,0xff,0xff,0xff,0xff,0xff,0xff,0xff,0xff,0xff,0x5e,0x5e,0x5e,0xff,
    0x14,0x14,0x14,0xff,0x0a,0x0a,0x0a,0xff,0x0d,0x0d,0x0d,0xff,0x0d,0x0b,0x0d,0xff,
    0x0d,0x0f,0x0d,0xff,0x22,0x94,0x27,0xff,0x2b,0xd4,0x33,0xff,0x2c,0xe0,0x36,0xff,
    0x2c,0xdd,0x35,0xff,0x2d,0xe2,0x36,0xff,0x2a,0xcf,0x32,0xff,0x12,0x28,0x13,0xff,
    0x0d,0x0d,0x0d,0xff,0x0d,0x0c,0x0d,0xff,0x0d,0x0d,0x0d,0xff,0x05,0x05,0x05,0xff,
    0x2a,0x2a,0x2a,0xff,0xd9,0xd9,0xd9,0xff,0xfd,0xfd,0xfd,0xff,0xff,0xff,0xff,0xff,
    0xff,0xff,0xff,0xff,0xff,0xff,0xff,0xff,0xff,0xff,0xff,0xff,0xff,0xff,0xff,0xff,
    0xff,0xff,0xff,0xff,0xff,0xff,0xff,0xff,0xff,0xff,0xff,0xff,0xff,0xff,0xff,0xff,
    0xff,0xff,0xff,0xff,0xff,0xff,0xff,0xff,0xff,0xff,0xff,0xff,0xff,0xff,0xff,0xff,
    0xff,0xff,0xff,0xff,0xff,0xff,0xff,0xff,0xff,0xff,0xff,0xff,0xff,0xff,0xff,0xff,
    0xff,0xff,0xff,0xff,0xff,0xff,0xff,0xff,0xff,0xff,0xff,0xff,0xff,0xff,0xff,0xff,
    0xff,0xff,0xff,0xff,0xff,0xff,0xff,0xbe,0xff,0xff,0xff,0x2a,0x00,0x00,0x00,0x00,
    0x00,0x00,0x00,0x00,0x00,0x00,0x00,0x00,0x00,0x00,0x00,0x00,0x00,0x00,0x00,0x00,
    0x00,0x00,0x00,0x00,0x00,0x00,0x00,0x00,0x00,0x00,0x00,0x00,0xff,0xff,0xff,0x03,
    0xff,0xff,0xff,0x89,0xfe,0xfe,0xfe,0xed,0xff,0xff,0xff,0xff,0xff,0xff,0xff,0xff,
    0xff,0xff,0xff,0xff,0xff,0xff,0xff,0xff,0xff,0xff,0xff,0xff,0xff,0xff,0xff,0xff,
    0xff,0xff,0xff,0xff,0xff,0xff,0xff,0xff,0xff,0xff,0xff,0xff,0xff,0xff,0xff,0xff,
    0xff,0xff,0xff,0xff,0xff,0xff,0xff,0xff,0xff,0xff,0xff,0xff,0xff,0xff,0xff,0xff,
    0xff,0xff,0xff,0xff,0xff,0xff,0xff,0xff,0xff,0xff,0xff,0xff,0xff,0xff,0xff,0xff,
    0xff,0xff,0xff,0xff,0xff,0xff,0xff,0xff,0xff,0xff,0xff,0xff,0xff,0xff,0xff,0xff,
    0xff,0xff,0xff,0xff,0xff,0xff,0xff,0xff,0xff,0xff,0xff,0xff,0x33,0x33,0x33,0xff,
    0x04,0x04,0x04,0xff,0x0d,0x0d,0x0d,0xff,0x0d,0x0d,0x0d,0xff,0x0d,0x0b,0x0d,0xff,
    0x0e,0x13,0x0f,0xff,0x28,0xbc,0x2f,0xff,0x2c,0xde,0x35,0xff,0x2c,0xde,0x35,0xff,
    0x2c,0xdd,0x35,0xff,0x2c,0xe0,0x36,0xff,0x2a,0xd3,0x33,0xff,0x19,0x59,0x1c,0xff,
    0x0e,0x15,0x0f,0xff,0x0d,0x0a,0x0c,0xff,0x0d,0x0d,0x0d,0xff,0x07,0x07,0x07,0xff,
    0x23,0x23,0x23,0xff,0xaa,0xaa,0xaa,0xff,0xfa,0xfa,0xfa,0xff,0xff,0xff,0xff,0xff,
    0xff,0xff,0xff,0xff,0xff,0xff,0xff,0xff,0xff,0xff,0xff,0xff,0xff,0xff,0xff,0xff,
    0xff,0xff,0xff,0xff,0xff,0xff,0xff,0xff,0xff,0xff,0xff,0xff,0xff,0xff,0xff,0xff,
    0xff,0xff,0xff,0xff,0xff,0xff,0xff,0xff,0xff,0xff,0xff,0xff,0xff,0xff,0xff,0xff,
    0xff,0xff,0xff,0xff,0xff,0xff,0xff,0xff,0xff,0xff,0xff,0xff,0xff,0xff,0xff,0xff,
    0xff,0xff,0xff,0xff,0xff,0xff,0xff,0xff,0xff,0xff,0xff,0xff,0xff,0xff,0xff,0xff,
    0xff,0xff,0xff,0xff,0xff,0xff,0xff,0xfa,0xfe,0xfe,0xfe,0xa3,0x00,0x00,0x00,0x00,
    0x00,0x00,0x00,0x00,0x00,0x00,0x00,0x00,0x00,0x00,0x00,0x00,0x00,0x00,0x00,0x00,
    0x00,0x00,0x00,0x00,0x00,0x00,0x00,0x00,0x00,0x00,0x00,0x00,0xff,0xff,0xff,0x19,
    0xff,0xff,0xff,0xe1,0xff,0xff,0xff,0xff,0xff,0xff,0xff,0xff,0xff,0xff,0xff,0xff,
    0xff,0xff,0xff,0xff,0xff,0xff,0xff,0xff,0xff,0xff,0xff,0xff,0xff,0xff,0xff,0xff,
    0xff,0xff,0xff,0xff,0xff,0xff,0xff,0xff,0xff,0xff,0xff,0xff,0xff,0xff,0xff,0xff,
    0xff,0xff,0xff,0xff,0xff,0xff,0xff,0xff,0xff,0xff,0xff,0xff,0xff,0xff,0xff,0xff,
    0xff,0xff,0xff,0xff,0xff,0xff,0xff,0xff,0xff,0xff,0xff,0xff,0xff,0xff,0xff,0xff,
    0xff,0xff,0xff,0xff,0xff,0xff,0xff,0xff,0xff,0xff,0xff,0xff,0xff,0xff,0xff,0xff,
    0xff,0xff,0xff,0xff,0xff,0xff,0xff,0xff,0xea,0xea,0xea,0xff,0x2d,0x2d,0x2d,0xff,
    0x04,0x04,0x04,0xff,0x0d,0x0d,0x0d,0xff,0x0d,0x0c,0x0d,0xff,0x0d,0x0e,0x0d,0xff,
    0x12,0x28,0x13,0xff,0x2a,0xcc,0x32,0xff,0x2d,0xe2,0x36,0xff,0x2c,0xdd,0x35,0xff,
    0x2c,0xdd,0x35,0xff,0x2c,0xdf,0x35,0xff,0x2b,0xd7,0x34,0xff,0x20,0x8a,0x26,0xff,
    0x10,0x1d,0x10,0xff,0x0c,0x08,0x0c,0xff,0x0d,0x0d,0x0d,0xff,0x08,0x08,0x08,0xff,
    0x1a,0x1a,0x1a,0xff,0x78,0x78,0x78,0xff,0xf7,0xf7,0xf7,0xff,0xff,0xff,0xff,0xff,
    0xff,0xff,0xff,0xff,0xff,0xff,0xff,0xff,0xff,0xff,0xff,0xff,0xff,0xff,0xff,0xff,
    0xff,0xff,0xff,0xff,0xff,0xff,0xff,0xff,0xff,0xff,0xff,0xff,0xff,0xff,0xff,0xff,
    0xff,0xff,0xff,0xff,0xff,0xff,0xff,0xff,0xff,0xff,0xff,0xff,0xff,0xff,0xff,0xff,
    0xff,0xff,0xff,0xff,0xff,0xff,0xff,0xff,0xff,0xff,0xff,0xff,0xff,0xff,0xff,0xff,
    0xff,0xff,0xff,0xff,0xff,0xff,0xff,0xff,0xff,0xff,0xff,0xff,0xff,0xff,0xff,0xff,
    0xff,0xff,0xff,0xff,0xff,0xff,0xff,0xff,0xff,0xff,0xff,0xd4,0xff,0xff,0xff,0x31,
    0xff,0xff,0xff,0x01,0x00,0x00,0x00,0x00,0x00,0x00,0x00,0x00,0x00,0x00,0x00,0x00,
    0x00,0x00,0x00,0x00,0x00,0x00,0x00,0x00,0xfe,0xfe,0xfe,0x0e,0xfe,0xfe,0xfe,0x77,
    0xff,0xff,0xff,0xf9,0xff,0xff,0xff,0xff,0xff,0xff,0xff,0xff,0xff,0xff,0xff,0xff,
    0xff,0xff,0xff,0xff,0xff,0xff,0xff,0xff,0xff,0xff,0xff,0xff,0xff,0xff,0xff,0xff,
    0xff,0xff,0xff,0xff,0xff,0xff,0xff,0xff,0xff,0xff,0xff,0xff,0xff,0xff,0xff,0xff,
    0xff,0xff,0xff,0xff,0xff,0xff,0xff,0xff,0xff,0xff,0xff,0xff,0xff,0xff,0xff,0xff,
    0xff,0xff,0xff,0xff,0xff,0xff,0xff,0xff,0xff,0xff,0xff,0xff,0xff,0xff,0xff,0xff,
    0xff,0xff,0xff,0xff,0xff,0xff,0xff,0xff,0xff,0xff,0xff,0xff,0xff,0xff,0xff,0xff,
    0xff,0xff,0xff,0xff,0xfc,0xfc,0xfc,0xff,0xc0,0xc0,0xc0,0xff,0x27,0x27,0x27,0xff,
    0x06,0x06,0x06,0xff,0x0d,0x0d,0x0d,0xff,0x0d,0x0b,0x0c,0xff,0x0e,0x13,0x0e,0xff,
    0x17,0x4c,0x19,0xff,0x2a,0xd2,0x33,0xff,0x2c,0xe1,0x36,0xff,0x2c,0xdd,0x35,0xff,
    0x2c,0xdd,0x35,0xff,0x2c,0xde,0x35,0xff,0x2c,0xda,0x35,0xff,0x25,0xb0,0x2d,0xff,
    0x10,0x21,0x11,0xff,0x0c,0x07,0x0c,0xff,0x0d,0x0d,0x0d,0xff,0x0b,0x0b,0x0b,0xff,
    0x11,0x11,0x11,0xff,0x43,0x43,0x43,0xff,0xf6,0xf6,0xf6,0xff,0xff,0xff,0xff,0xff,
    0xff,0xff,0xff,0xff,0xff,0xff,0xff,0xff,0xff,0xff,0xff,0xff,0xff,0xff,0xff,0xff,
    0xff,0xff,0xff,0xff,0xff,0xff,0xff,0xff,0xff,0xff,0xff,0xff,0xff,0xff,0xff,0xff,
    0xff,0xff,0xff,0xff,0xff,0xff,0xff,0xff,0xff,0xff,0xff,0xff,0xff,0xff,0xff,0xff,
    0xff,0xff,0xff,0xff,0xff,0xff,0xff,0xff,0xff,0xff,0xff,0xff,0xff,0xff,0xff,0xff,
    0xff,0xff,0xff,0xff,0xff,0xff,0xff,0xff,0xff,0xff,0xff,0xff,0xff,0xff,0xff,0xff,
    0xff,0xff,0xff,0xff,0xff,0xff,0xff,0xff,0xff,0xff,0xff,0xf3,0xff,0xff,0xff,0x9e,
    0x00,0x00,0x00,0x00,0x00,0x00,0x00,0x00,0x00,0x00,0x00,0x00,0x00,0x00,0x00,0x00,
    0x00,0x00,0x00,0x00,0x00,0x00,0x00,0x00,0xff,0xff,0xff,0x22,0xff,0xff,0xff,0xda,
    0xff,0xff,0xff,0xfd,0xff,0xff,0xff,0xff,0xff,0xff,0xff,0xff,0xff,0xff,0xff,0xff,
    0xff,0xff,0xff,0xff,0xff,0xff,0xff,0xff,0xff,0xff,0xff,0xff,0xff,0xff,0xff,0xff,
    0xff,0xff,0xff,0xff,0xff,0xff,0xff,0xff,0xff,0xff,0xff,0xff,0xff,0xff,0xff,0xff,
    0xff,0xff,0xff,0xff,0xff,0xff,0xff,0xff,0xff,0xff,0xff,0xff,0xff,0xff,0xff,0xff,
    0xff,0xff,0xff,0xff,0xff,0xff,0xff,0xff,0xff,0xff,0xff,0xff,0xff,0xff,0xff,0xff,
    0xff,0xff,0xff,0xff,0xff,0xff,0xff,0xff,0xff,0xff,0xff,0xff,0xff,0xff,0xff,0xff,
    0xff,0xff,0xff,0xff,0xf8,0xf8,0xf8,0xff,0x8e,0x8e,0x8e,0xff,0x1e,0x1e,0x1e,0xff,
    0x08,0x08,0x08,0xff,0x0d,0x0d,0x0d,0xff,0x0d,0x09,0x0c,0xff,0x0e,0x1a,0x10,0xff,
    0x1d,0x77,0x21,0xff,0x2a,0xd5,0x34,0xff,0x2c,0xdf,0x36,0xff,0x2c,0xdd,0x35,0xff,
    0x2c,0xdd,0x35,0xff,0x2c,0xdd,0x35,0xff,0x2c,0xdd,0x35,0xff,0x2a,0xd0,0x33,0xff,
    0x13,0x2f,0x14,0xff,0x0c,0x09,0x0c,0xff,0x0d,0x0d,0x0d,0xff,0x0d,0x0d,0x0d,0xff,
    0x0b,0x0b,0x0b,0xff,0x1f,0x1f,0x1f,0xff,0xe1,0xe1,0xe1,0xff,0xff,0xff,0xff,0xff,
    0xff,0xff,0xff,0xff,0xff,0xff,0xff,0xff,0xff,0xff,0xff,0xff,0xff,0xff,0xff,0xff,
    0xff,0xff,0xff,0xff,0xff,0xff,0xff,0xff,0xff,0xff,0xff,0xff,0xff,0xff,0xff,0xff,
    0xff,0xff,0xff,0xff,0xff,0xff,0xff,0xff,0xff,0xff,0xff,0xff,0xff,0xff,0xff,0xff,
    0xff,0xff,0xff,0xff,0xff,0xff,0xff,0xff,0xff,0xff,0xff,0xff,0xff,0xff,0xff,0xff,
    0xff,0xff,0xff,0xff,0xff,0xff,0xff,0xff,0xff,0xff,0xff,0xff,0xff,0xff,0xff,0xff,
    0xff,0xff,0xff,0xff,0xff,0xff,0xff,0xff,0xff,0xff,0xff,0xff,0xfe,0xfe,0xfe,0xe5,
    0xff,0xff,0xff,0x1d,0x00,0x00,0x00,0x00,0x00,0x00,0x00,0x00,0x00,0x00,0x00,0x00,
    0x00,0x00,0x00,0x00,0xff,0xff,0xff,0x02,0xff,0xff,0xff,0x4a,0xff,0xff,0xff,0xff,
    0xff,0xff,0xff,0xff,0xff,0xff,0xff,0xff,0xff,0xff,0xff,0xff,0xff,0xff,0xff,0xff,
    0xff,0xff,0xff,0xff,0xff,0xff,0xff,0xff,0xff,0xff,0xff,0xff,0xff,0xff,0xff,0xff,
    0xff,0xff,0xff,0xff,0xff,0xff,0xff,0xff,0xff,0xff,0xff,0xff,0xff,0xff,0xff,0xff,
    0xff,0xff,0xff,0xff,0xff,0xff,0xff,0xff,0xff,0xff,0xff,0xff,0xff,0xff,0xff,0xff,
    0xff,0xff,0xff,0xff,0xff,0xff,0xff,0xff,0xff,0xff,0xff,0xff,0xff,0xff,0xff,0xff,
    0xff,0xff,0xff,0xff,0xff,0xff,0xff,0xff,0xff,0xff,0xff,0xff,0xff,0xff,0xff,0xff,
    0xff,0xff,0xff,0xff,0xf6,0xf6,0xf6,0xff,0x67,0x67,0x67,0xff,0x17,0x17,0x17,0xff,
    0x09,0x09,0x09,0xff,0x0d,0x0d,0x0d,0xff,0x0c,0x08,0x0c,0xff,0x0f,0x20,0x10,0xff,
    0x21,0x99,0x28,0xff,0x2b,0xd8,0x34,0xff,0x2c,0xdf,0x35,0xff,0x2c,0xdd,0x35,0xff,
    0x2c,0xdd,0x35,0xff,0x2c,0xdd,0x35,0xff,0x2c,0xde,0x35,0xff,0x2c,0xe2,0x36,0xff,
    0x17,0x4e,0x19,0xff,0x0e,0x12,0x0e,0xff,0x0d,0x0b,0x0d,0xff,0x0d,0x0d,0x0d,0xff,
    0x0a,0x0a,0x0a,0xff,0x12,0x12,0x12,0xff,0xb3,0xb3,0xb3,0xff,0xf7,0xf7,0xf7,0xff,
    0xff,0xff,0xff,0xff,0xff,0xff,0xff,0xff,0xff,0xff,0xff,0xff,0xff,0xff,0xff,0xff,
    0xff,0xff,0xff,0xff,0xff,0xff,0xff,0xff,0xff,0xff,0xff,0xff,0xff,0xff,0xff,0xff,
    0xff,0xff,0xff,0xff,0xff,0xff,0xff,0xff,0xff,0xff,0xff,0xff,0xff,0xff,0xff,0xff,
    0xff,0xff,0xff,0xff,0xff,0xff,0xff,0xff,0xff,0xff,0xff,0xff,0xff,0xff,0xff,0xff,
    0xff,0xff,0xff,0xff,0xff,0xff,0xff,0xff,0xff,0xff,0xff,0xff,0xff,0xff,0xff,0xff,
    0xff,0xff,0xff,0xff,0xff,0xff,0xff,0xff,0xff,0xff,0xff,0xff,0xff,0xff,0xff,0xf7,
    0xff,0xff,0xff,0x61,0xff,0xff,0xff,0x0b,0x00,0x00,0x00,0x00,0x00,0x00,0x00,0x00,
    0x00,0x00,0x00,0x00,0xff,0xff,0xff,0x1e,0xff,0xff,0xff,0x8f,0xff,0xff,0xff,0xff,
    0xff,0xff,0xff,0xff,0xff,0xff,0xff,0xff,0xff,0xff,0xff,0xff,0xff,0xff,0xff,0xff,
    0xff,0xff,0xff,0xff,0xff,0xff,0xff,0xff,0xff,0xff,0xff,0xff,0xff,0xff,0xff,0xff,
    0xff,0xff,0xff,0xff,0xff,0xff,0xff,0xff,0xff,0xff,0xff,0xff,0xff,0xff,0xff,0xff,
    0xff,0xff,0xff,0xff,0xff,0xff,0xff,0xff,0xff,0xff,0xff,0xff,0xff,0xff,0xff,0xff,
    0xff,0xff,0xff,0xff,0xff,0xff,0xff,0xff,0xff,0xff,0xff,0xff,0xff,0xff,0xff,0xff,
    0xff,0xff,0xff,0xff,0xff,0xff,0xff,0xff,0xff,0xff,0xff,0xff,0xff,0xff,0xff,0xff,
    0xff,0xff,0xff,0xff,0xf5,0xf5,0xf5,0xff,0x4c,0x4c,0x4c,0xff,0x13,0x13,0x13,0xff,
    0x0a,0x0a,0x0a,0xff,0x0d,0x0d,0x0d,0xff,0x0c,0x07,0x0c,0xff,0x10,0x22,0x11,0xff,
    0x25,0xaf,0x2d,0xff,0x2b,0xda,0x34,0xff,0x2c,0xde,0x35,0xff,0x2c,0xdd,0x35,0xff,
    0x2c,0xdd,0x35,0xff,0x2c,0xdd,0x35,0xff,0x2c,0xde,0x35,0xff,0x2c,0xdf,0x35,0xff,
    0x1c,0x79,0x22,0xff,0x0f,0x22,0x11,0xff,0x0c,0x07,0x0c,0xff,0x0d,0x0d,0x0d,0xff,
    0x0b,0x0b,0x0b,0xff,0x12,0x12,0x12,0xff,0x7d,0x7d,0x7d,0xff,0xea,0xea,0xea,0xff,
    0xff,0xff,0xff,0xff,0xff,0xff,0xff,0xff,0xff,0xff,0xff,0xff,0xff,0xff,0xff,0xff,
    0xff,0xff,0xff,0xff,0xff,0xff,0xff,0xff,0xff,0xff,0xff,0xff,0xff,0xff,0xff,0xff,
    0xff,0xff,0xff,0xff,0xff,0xff,0xff,0xff,0xff,0xff,0xff,0xff,0xff,0xff,0xff,0xff,
    0xff,0xff,0xff,0xff,0xff,0xff,0xff,0xff,0xff,0xff,0xff,0xff,0xff,0xff,0xff,0xff,
    0xff,0xff,0xff,0xff,0xff,0xff,0xff,0xff,0xff,0xff,0xff,0xff,0xff,0xff,0xff,0xff,
    0xff,0xff,0xff,0xff,0xff,0xff,0xff,0xff,0xff,0xff,0xff,0xff,0xff,0xff,0xff,0xfa,
    0xff,0xff,0xff,0xb5,0xff,0xff,0xff,0x19,0x00,0x00,0x00,0x00,0x00,0x00,0x00,0x00,
    0x00,0x00,0x00,0x00,0xff,0xff,0xff,0x37,0xff,0xff,0xff,0xd2,0xff,0xff,0xff,0xff,
    0xff,0xff,0xff,0xff,0xff,0xff,0xff,0xff,0xff,0xff,0xff,0xff,0xff,0xff,0xff,0xff,
    0xff,0xff,0xff,0xff,0xff,0xff,0xff,0xff,0xff,0xff,0xff,0xff,0xff,0xff,0xff,0xff,
    0xff,0xff,0xff,0xff,0xff,0xff,0xff,0xff,0xff,0xff,0xff,0xff,0xff,0xff,0xff,0xff,
    0xff,0xff,0xff,0xff,0xff,0xff,0xff,0xff,0xff,0xff,0xff,0xff,0xff,0xff,0xff,0xff,
    0xff,0xff,0xff,0xff,0xff,0xff,0xff,0xff,0xff,0xff,0xff,0xff,0xff,0xff,0xff,0xff,
    0xff,0xff,0xff,0xff,0xff,0xff,0xff,0xff,0xff,0xff,0xff,0xff,0xff,0xff,0xff,0xff,
    0xff,0xff,0xff,0xff,0xf2,0xf2,0xf2,0xff,0x26,0x26,0x26,0xff,0x0c,0x0c,0x0c,0xff,
    0x0c,0x0c,0x0c,0xff,0x0d,0x0d,0x0d,0xff,0x0c,0x06,0x0c,0xff,0x11,0x27,0x12,0xff,
    0x29,0xcc,0x32,0xff,0x2c,0xdd,0x35,0xff,0x2c,0xdd,0x35,0xff,0x2c,0xdd,0x35,0xff,
    0x2c,0xdd,0x35,0xff,0x2c,0xdd,0x35,0xff,0x2c,0xdd,0x35,0xff,0x2c,0xde,0x35,0xff,
    0x24,0xa8,0x2b,0xff,0x12,0x32,0x14,0xff,0x0c,0x05,0x0b,0xff,0x0d,0x0d,0x0d,0xff,
    0x0c,0x0c,0x0c,0xff,0x10,0x10,0x10,0xff,0x4d,0x4d,0x4d,0xff,0xdf,0xdf,0xdf,0xff,
    0xff,0xff,0xff,0xff,0xff,0xff,0xff,0xff,0xff,0xff,0xff,0xff,0xff,0xff,0xff,0xff,
    0xff,0xff,0xff,0xff,0xff,0xff,0xff,0xff,0xff,0xff,0xff,0xff,0xff,0xff,0xff,0xff,
    0xff,0xff,0xff,0xff,0xff,0xff,0xff,0xff,0xff,0xff,0xff,0xff,0xff,0xff,0xff,0xff,
    0xff,0xff,0xff,0xff,0xff,0xff,0xff,0xff,0xff,0xff,0xff,0xff,0xff,0xff,0xff,0xff,
    0xff,0xff,0xff,0xff,0xff,0xff,0xff,0xff,0xff,0xff,0xff,0xff,0xff,0xff,0xff,0xff,
    0xff,0xff,0xff,0xff,0xff,0xff,0xff,0xff,0xff,0xff,0xff,0xff,0xff,0xff,0xff,0xff,
    0xff,0xff,0xff,0xf3,0xff,0xff,0xff,0x27,0x00,0x00,0x00,0x00,0x00,0x00,0x00,0x00,
    0x00,0x00,0x00,0x00,0xff,0xff,0xff,0x4b,0xff,0xff,0xff,0xff,0xff,0xff,0xff,0xff,
    0xff,0xff,0xff,0xff,0xff,0xff,0xff,0xff,0xff,0xff,0xff,0xff,0xff,0xff,0xff,0xff,
    0xff,0xff,0xff,0xff,0xff,0xff,0xff,0xff,0xff,0xff,0xff,0xff,0xff,0xff,0xff,0xff,
    0xff,0xff,0xff,0xff,0xff,0xff,0xff,0xff,0xff,0xff,0xff,0xff,0xff,0xff,0xff,0xff,
    0xff,0xff,0xff,0xff,0xff,0xff,0xff,0xff,0xff,0xff,0xff,0xff,0xff,0xff,0xff,0xff,
    0xff,0xff,0xff,0xff,0xff,0xff,0xff,0xff,0xff,0xff,0xff,0xff,0xff,0xff,0xff,0xff,
    0xff,0xff,0xff,0xff,0xff,0xff,0xff,0xff,0xff,0xff,0xff,0xff,0xff,0xff,0xff,0xff,
    0xfd,0xfd,0xfd,0xff,0xcf,0xcf,0xcf,0xff,0x15,0x15,0x15,0xff,0x0a,0x0a,0x0a,0xff,
    0x0d,0x0d,0x0d,0xff,0x0d,0x0b,0x0d,0xff,0x0e,0x0f,0x0e,0xff,0x15,0x44,0x18,0xff,
    0x2c,0xde,0x35,0xff,0x2c,0xde,0x35,0xff,0x2c,0xdd,0x35,0xff,0x2c,0xdd,0x35,0xff,
    0x2c,0xdd,0x35,0xff,0x2c,0xdd,0x35,0xff,0x2c,0xdd,0x35,0xff,0x2c,0xdd,0x35,0xff,
    0x2b,0xd6,0x34,0xff,0x15,0x41,0x17,0xff,0x0b,0x01,0x0b,0xff,0x0d,0x0d,0x0d,0xff,
    0x0d,0x0d,0x0d,0xff,0x0d,0x0d,0x0d,0xff,0x1b,0x1b,0x1b,0xff,0xd6,0xd6,0xd6,0xff,
    0xff,0xff,0xff,0xff,0xff,0xff,0xff,0xff,0xff,0xff,0xff,0xff,0xff,0xff,0xff,0xff,
    0xff,0xff,0xff,0xff,0xff,0xff,0xff,0xff,0xff,0xff,0xff,0xff,0xff,0xff,0xff,0xff,
    0xff,0xff,0xff,0xff,0xff,0xff,0xff,0xff,0xff,0xff,0xff,0xff,0xff,0xff,0xff,0xff,
    0xff,0xff,0xff,0xff,0xff,0xff,0xff,0xff,0xff,0xff,0xff,0xff,0xff,0xff,0xff,0xff,
    0xff,0xff,0xff,0xff,0xff,0xff,0xff,0xff,0xff,0xff,0xff,0xff,0xff,0xff,0xff,0xff,
    0xff,0xff,0xff,0xff,0xff,0xff,0xff,0xff,0xff,0xff,0xff,0xff,0xff,0xff,0xff,0xff,
    0xff,0xff,0xff,0xff,0xff,0xff,0xff,0x51,0xff,0xff,0xff,0x06,0x00,0x00,0x00,0x00,
    0xff,0xff,0xff,0x1f,0xff,0xff,0xff,0x6d,0xff,0xff,0xff,0xff,0xff,0xff,0xff,0xff,
    0xff,0xff,0xff,0xff,0xff,0xff,0xff,0xff,0xff,0xff,0xff,0xff,0xff,0xff,0xff,0xff,
    0xff,0xff,0xff,0xff,0xff,0xff,0xff,0xff,0xff,0xff,0xff,0xff,0xff,0xff,0xff,0xff,
    0xff,0xff,0xff,0xff,0xff,0xff,0xff,0xff,0xff,0xff,0xff,0xff,0xff,0xff,0xff,0xff,
    0xff,0xff,0xff,0xff,0xff,0xff,0xff,0xff,0xff,0xff,0xff,0xff,0xff,0xff,0xff,0xff,
    0xff,0xff,0xff,0xff,0xff,0xff,0xff,0xff,0xff,0xff,0xff,0xff,0xff,0xff,0xff,0xff,
    0xff,0xff,0xff,0xff,0xff,0xff,0xff,0xff,0xff,0xff,0xff,0xff,0xff,0xff,0xff,0xff,
    0xf3,0xf3,0xf3,0xff,0xa4,0xa4,0xa4,0xff,0x12,0x12,0x12,0xff,0x0b,0x0b,0x0b,0xff,
    0x0d,0x0d,0x0d,0xff,0x0c,0x09,0x0c,0xff,0x0f,0x1c,0x0f,0xff,0x1a,0x68,0x1e,0xff,
    0x2c,0xe0,0x35,0xff,0x2c,0xde,0x35,0xff,0x2c,0xdd,0x35,0xff,0x2d,0xe1,0x36,0xff,
    0x2d,0xe3,0x36,0xff,0x2d,0xe0,0x36,0xff,0x2c,0xdd,0x35,0xff,0x2c,0xdd,0x35,0xff,
    0x2e,0xe7,0x37,0xff,0x18,0x54,0x1b,0xff,0x0c,0x08,0x0c,0xff,0x0d,0x0c,0x0d,0xff,
    0x0d,0x0d,0x0d,0xff,0x0d,0x0d,0x0d,0xff,0x08,0x08,0x08,0xff,0xb5,0xb5,0xb5,0xff,
    0xfe,0xfe,0xfe,0xff,0xff,0xff,0xff,0xff,0xff,0xff,0xff,0xff,0xff,0xff,0xff,0xff,
    0xff,0xff,0xff,0xff,0xff,0xff,0xff,0xff,0xff,0xff,0xff,0xff,0xff,0xff,0xff,0xff,
    0xff,0xff,0xff,0xff,0xff,0xff,0xff,0xff,0xff,0xff,0xff,0xff,0xff,0xff,0xff,0xff,
    0xff,0xff,0xff,0xff,0xff,0xff,0xff,0xff,0xff,0xff,0xff,0xff,0xff,0xff,0xff,0xff,
    0xff,0xff,0xff,0xff,0xff,0xff,0xff,0xff,0xff,0xff,0xff,0xff,0xff,0xff,0xff,0xff,
    0xff,0xff,0xff,0xff,0xff,0xff,0xff,0xff,0xff,0xff,0xff,0xff,0xff,0xff,0xff,0xff,
    0xff,0xff,0xff,0xff,0xff,0xff,0xff,0x7f,0xff,0xff,0xff,0x17,0x00,0x00,0x00,0x00,
    0xff,0xff,0xff,0x51,0xff,0xff,0xff,0x8e,0xff,0xff,0xff,0xff,0xff,0xff,0xff,0xff,
    0xff,0xff,0xff,0xff,0xff,0xff,0xff,0xff,0xff,0xff,0xff,0xff,0xff,0xff,0xff,0xff,
    0xff,0xff,0xff,0xff,0xff,0xff,0xff,0xff,0xff,0xff,0xff,0xff,0xff,0xff,0xff,0xff,
    0xff,0xff,0xff,0xff,0xff,0xff,0xff,0xff,0xff,0xff,0xff,0xff,0xff,0xff,0xff,0xff,
    0xff,0xff,0xff,0xff,0xff,0xff,0xff,0xff,0xff,0xff,0xff,0xff,0xff,0xff,0xff,0xff,
    0xff,0xff,0xff,0xff,0xff,0xff,0xff,0xff,0xff,0xff,0xff,0xff,0xff,0xff,0xff,0xff,
    0xff,0xff,0xff,0xff,0xff,0xff,0xff,0xff,0xff,0xff,0xff,0xff,0xff,0xff,0xff,0xff,
    0xea,0xea,0xea,0xff,0x7d,0x7d,0x7d,0xff,0x12,0x12,0x12,0xff,0x0b,0x0b,0x0b,0xff,
    0x0d,0x0d,0x0d,0xff,0x0c,0x07,0x0c,0xff,0x11,0x26,0x12,0xff,0x1f,0x87,0x24,0xff,
    0x2c,0xde,0x35,0xff,0x2c,0xde,0x35,0xff,0x2d,0xe0,0x36,0xff,0x29,0xc5,0x31,0xff,
    0x26,0xb6,0x2e,0xff,0x29,0xc8,0x31,0xff,0x2c,0xdf,0x36,0xff,0x2c,0xdd,0x35,0xff,
    0x2e,0xe7,0x37,0xff,0x1c,0x73,0x21,0xff,0x10,0x1d,0x10,0xff,0x0d,0x09,0x0d,0xff,
    0x0d,0x0d,0x0d,0xff,0x0d,0x0d,0x0d,0xff,0x07,0x07,0x07,0xff,0x7d,0x7d,0x7d,0xff,
    0xe3,0xe3,0xe3,0xff,0xff,0xff,0xff,0xff,0xff,0xff,0xff,0xff,0xff,0xff,0xff,0xff,
    0xff,0xff,0xff,0xff,0xff,0xff,0xff,0xff,0xff,0xff,0xff,0xff,0xff,0xff,0xff,0xff,
    0xff,0xff,0xff,0xff,0xff,0xff,0xff,0xff,0xff,0xff,0xff,0xff,0xff,0xff,0xff,0xff,
    0xff,0xff,0xff,0xff,0xff,0xff,0xff,0xff,0xff,0xff,0xff,0xff,0xff,0xff,0xff,0xff,
    0xff,0xff,0xff,0xff,0xff,0xff,0xff,0xff,0xff,0xff,0xff,0xff,0xff,0xff,0xff,0xff,
    0xff,0xff,0xff,0xff,0xff,0xff,0xff,0xff,0xff,0xff,0xff,0xff,0xff,0xff,0xff,0xff,
    0xff,0xff,0xff,0xff,0xff,0xff,0xff,0xab,0xff,0xff,0xff,0x28,0x00,0x00,0x00,0x00,
    0xff,0xff,0xff,0x74,0xfe,0xfe,0xfe,0xa4,0xff,0xff,0xff,0xff,0xff,0xff,0xff,0xff,
    0xff,0xff,0xff,0xff,0xff,0xff,0xff,0xff,0xff,0xff,0xff,0xff,0xff,0xff,0xff,0xff,
    0xff,0xff,0xff,0xff,0xff,0xff,0xff,0xff,0xff,0xff,0xff,0xff,0xff,0xff,0xff,0xff,
    0xff,0xff,0xff,0xff,0xff,0xff,0xff,0xff,0xff,0xff,0xff,0xff,0xff,0xff,0xff,0xff,
    0xff,0xff,0xff,0xff,0xff,0xff,0xff,0xff,0xff,0xff,0xff,0xff,0xff,0xff,0xff,0xff,
    0xff,0xff,0xff,0xff,0xff,0xff,0xff,0xff,0xff,0xff,0xff,0xff,0xff,0xff,0xff,0xff,
    0xff,0xff,0xff,0xff,0xff,0xff,0xff,0xff,0xff,0xff,0xff,0xff,0xff,0xff,0xff,0xff,
    0xe0,0xe0,0xe0,0xff,0x54,0x54,0x54,0xff,0x10,0x10,0x10,0xff,0x0b,0x0b,0x0b,0xff,
    0x0d,0x0d,0x0d,0xff,0x0c,0x05,0x0c,0xff,0x13,0x32,0x14,0xff,0x24,0xa9,0x2b,0xff,
    0x2c,0xde,0x35,0xff,0x2c,0xde,0x35,0xff,0x2d,0xe5,0x36,0xff,0x21,0x95,0x27,0xff,
    0x1a,0x66,0x1f,0xff,0x22,0x9b,0x28,0xff,0x2c,0xe1,0x36,0xff,0x2c,0xdd,0x35,0xff,
    0x2d,0xe3,0x37,0xff,0x22,0x9a,0x28,0xff,0x14,0x38,0x15,0xff,0x0c,0x05,0x0c,0xff,
    0x0d,0x0d,0x0d,0xff,0x0d,0x0d,0x0d,0xff,0x0a,0x0a,0x0a,0xff,0x48,0x48,0x48,0xff,
    0xc9,0xc9,0xc9,0xff,0xff,0xff,0xff,0xff,0xff,0xff,0xff,0xff,0xff,0xff,0xff,0xff,
    0xff,0xff,0xff,0xff,0xff,0xff,0xff,0xff,0xff,0xff,0xff,0xff,0xff,0xff,0xff,0xff,
    0xff,0xff,0xff,0xff,0xff,0xff,0xff,0xff,0xff,0xff,0xff,0xff,0xff,0xff,0xff,0xff,
    0xff,0xff,0xff,0xff,0xff,0xff,0xff,0xff,0xff,0xff,0xff,0xff,0xff,0xff,0xff,0xff,
    0xff,0xff,0xff,0xff,0xff,0xff,0xff,0xff,0xff,0xff,0xff,0xff,0xff,0xff,0xff,0xff,
    0xff,0xff,0xff,0xff,0xff,0xff,0xff,0xff,0xff,0xff,0xff,0xff,0xff,0xff,0xff,0xff,
    0xff,0xff,0xff,0xff,0xff,0xff,0xff,0xc7,0xff,0xff,0xff,0x33,0x00,0x00,0x00,0x00,
    0xff,0xff,0xff,0x8f,0xfe,0xfe,0xfe,0xb6,0xff,0xff,0xff,0xff,0xff,0xff,0xff,0xff,
    0xff,0xff,0xff,0xff,0xff,0xff,0xff,0xff,0xff,0xff,0xff,0xff,0xff,0xff,0xff,0xff,
    0xff,0xff,0xff,0xff,0xff,0xff,0xff,0xff,0xff,0xff,0xff,0xff,0xff,0xff,0xff,0xff,
    0xff,0xff,0xff,0xff,0xff,0xff,0xff,0xff,0xff,0xff,0xff,0xff,0xff,0xff,0xff,0xff,
    0xff,0xff,0xff,0xff,0xff,0xff,0xff,0xff,0xff,0xff,0xff,0xff,0xff,0xff,0xff,0xff,
    0xff,0xff,0xff,0xff,0xff,0xff,0xff,0xff,0xff,0xff,0xff,0xff,0xff,0xff,0xff,0xff,
    0xff,0xff,0xff,0xff,0xff,0xff,0xff,0xff,0xff,0xff,0xff,0xff,0xff,0xff,0xff,0xff,
    0xd5,0xd5,0xd5,0xff,0x26,0x26,0x26,0xff,0x0e,0x0e,0x0e,0xff,0x0c,0x0c,0x0c,0xff,
    0x0d,0x0d,0x0d,0xff,0x0b,0x03,0x0b,0xff,0x14,0x3f,0x17,0xff,0x29,0xcc,0x32,0xff,
    0x2c,0xde,0x35,0xff,0x2c,0xdd,0x35,0xff,0x2e,0xea,0x37,0xff,0x1b,0x6e,0x20,0xff,
    0x10,0x23,0x12,0xff,0x1c,0x6f,0x20,0xff,0x2d,0xe4,0x36,0xff,0x2c,0xdd,0x35,0xff,
    0x2d,0xe0,0x36,0xff,0x28,0xc1,0x30,0xff,0x17,0x53,0x1a,0xff,0x0b,0x02,0x0b,0xff,
    0x0d,0x0d,0x0d,0xff,0x0d,0x0d,0x0d,0xff,0x0c,0x0c,0x0c,0xff,0x20,0x20,0x20,0xff,
    0xb3,0xb3,0xb3,0xff,0xff,0xff,0xff,0xff,0xff,0xff,0xff,0xff,0xff,0xff,0xff,0xff,
    0xff,0xff,0xff,0xff,0xff,0xff,0xff,0xff,0xff,0xff,0xff,0xff,0xff,0xff,0xff,0xff,
    0xff,0xff,0xff,0xff,0xff,0xff,0xff,0xff,0xff,0xff,0xff,0xff,0xff,0xff,0xff,0xff,
    0xff,0xff,0xff,0xff,0xff,0xff,0xff,0xff,0xff,0xff,0xff,0xff,0xff,0xff,0xff,0xff,
    0xff,0xff,0xff,0xff,0xff,0xff,0xff,0xff,0xff,0xff,0xff,0xff,0xff,0xff,0xff,0xff,
    0xff,0xff,0xff,0xff,0xff,0xff,0xff,0xff,0xff,0xff,0xff,0xff,0xff,0xff,0xff,0xff,
    0xff,0xff,0xff,0xff,0xff,0xff,0xff,0xd5,0xfe,0xfe,0xfe,0x38,0x00,0x00,0x00,0x00,
    0xff,0xff,0xff,0xb7,0xff,0xff,0xff,0xd0,0xff,0xff,0xff,0xff,0xff,0xff,0xff,0xff,
    0xff,0xff,0xff,0xff,0xff,0xff,0xff,0xff,0xff,0xff,0xff,0xff,0xff,0xff,0xff,0xff,
    0xff,0xff,0xff,0xff,0xff,0xff,0xff,0xff,0xff,0xff,0xff,0xff,0xff,0xff,0xff,0xff,
    0xff,0xff,0xff,0xff,0xff,0xff,0xff,0xff,0xff,0xff,0xff,0xff,0xff,0xff,0xff,0xff,
    0xff,0xff,0xff,0xff,0xff,0xff,0xff,0xff,0xff,0xff,0xff,0xff,0xff,0xff,0xff,0xff,
    0xff,0xff,0xff,0xff,0xff,0xff,0xff,0xff,0xff,0xff,0xff,0xff,0xff,0xff,0xff,0xff,
    0xff,0xff,0xff,0xff,0xff,0xff,0xff,0xff,0xff,0xff,0xff,0xff,0xff,0xff,0xff,0xff,
    0xc3,0xc3,0xc3,0xff,0x02,0x02,0x02,0xff,0x0d,0x0d,0x0d,0xff,0x0d,0x0d,0x0d,0xff,
    0x0d,0x0c,0x0d,0xff,0x0c,0x06,0x0b,0xff,0x16,0x4f,0x1a,0xff,0x2d,0xe2,0x36,0xff,
    0x2c,0xdd,0x35,0xff,0x2c,0xdd,0x35,0xff,0x2e,0xeb,0x38,0xff,0x1b,0x68,0x1f,0xff,
    0x0c,0x08,0x0c,0xff,0x17,0x50,0x1a,0xff,0x2d,0xe6,0x37,0xff,0x2c,0xdd,0x35,0xff,
    0x2c,0xde,0x35,0xff,0x2d,0xe2,0x36,0xff,0x1b,0x6d,0x20,0xff,0x0b,0x02,0x0a,0xff,
    0x0d,0x0d,0x0d,0xff,0x0d,0x0d,0x0d,0xff,0x0d,0x0d,0x0d,0xff,0x00,0x00,0x00,0xff,
    0x99,0x99,0x99,0xff,0xff,0xff,0xff,0xff,0xff,0xff,0xff,0xff,0xff,0xff,0xff,0xff,
    0xff,0xff,0xff,0xff,0xff,0xff,0xff,0xff,0xff,0xff,0xff,0xff,0xff,0xff,0xff,0xff,
    0xff,0xff,0xff,0xff,0xff,0xff,0xff,0xff,0xff,0xff,0xff,0xff,0xff,0xff,0xff,0xff,
    0xff,0xff,0xff,0xff,0xff,0xff,0xff,0xff,0xff,0xff,0xff,0xff,0xff,0xff,0xff,0xff,
    0xff,0xff,0xff,0xff,0xff,0xff,0xff,0xff,0xff,0xff,0xff,0xff,0xff,0xff,0xff,0xff,
    0xff,0xff,0xff,0xff,0xff,0xff,0xff,0xff,0xff,0xff,0xff,0xff,0xff,0xff,0xff,0xff,
    0xff,0xff,0xff,0xff,0xfe,0xfe,0xfe,0xee,0xff,0xff,0xff,0x42,0x00,0x00,0x00,0x00,
    0xff,0xff,0xff,0xc9,0xff,0xff,0xff,0xdb,0xff,0xff,0xff,0xff,0xff,0xff,0xff,0xff,
    0xff,0xff,0xff,0xff,0xff,0xff,0xff,0xff,0xff,0xff,0xff,0xff,0xff,0xff,0xff,0xff,
    0xff,0xff,0xff,0xff,0xf9,0xf9,0xf9,0xff,0xfc,0xfc,0xfc,0xff,0xfc,0xfc,0xfc,0xff,
    0xfc,0xfc,0xfc,0xff,0xfc,0xfc,0xfc,0xff,0xfc,0xfc,0xfc,0xff,0xfc,0xfc,0xfc,0xff,
    0xfc,0xfc,0xfc,0xff,0xfc,0xfc,0xfc,0xff,0xfc,0xfc,0xfc,0xff,0xfc,0xfc,0xfc,0xff,
    0xfc,0xfc,0xfc,0xff,0xfc,0xfc,0xfc,0xff,0xfb,0xfb,0xfb,0xff,0xfb,0xfb,0xfb,0xff,
    0xff,0xff,0xff,0xff,0xff,0xff,0xff,0xff,0xff,0xff,0xff,0xff,0xf1,0xf1,0xf1,0xff,
    0x98,0x98,0x98,0xff,0x06,0x06,0x06,0xff,0x0d,0x0d,0x0d,0xff,0x0d,0x0d,0x0d,0xff,
    0x0c,0x09,0x0c,0xff,0x0f,0x1d,0x11,0xff,0x1c,0x72,0x21,0xff,0x2d,0xe6,0x37,0xff,
    0x2c,0xdd,0x35,0xff,0x2c,0xdd,0x35,0xff,0x2e,0xed,0x38,0xff,0x19,0x63,0x1d,0xff,
    0x09,0x00,0x08,0xff,0x14,0x3c,0x16,0xff,0x2d,0xe8,0x37,0xff,0x2c,0xdd,0x35,0xff,
    0x2c,0xdd,0x35,0xff,0x2e,0xe9,0x37,0xff,0x20,0x89,0x25,0xff,0x10,0x1d,0x10,0xff,
    0x0d,0x0a,0x0c,0xff,0x0d,0x0d,0x0d,0xff,0x0d,0x0d,0x0d,0xff,0x01,0x01,0x01,0xff,
    0x77,0x77,0x77,0xff,0xea,0xea,0xea,0xff,0xff,0xff,0xff,0xff,0xff,0xff,0xff,0xff,
    0xff,0xff,0xff,0xff,0xf9,0xf9,0xf9,0xff,0xfb,0xfb,0xfb,0xff,0xfc,0xfc,0xfc,0xff,
    0xfc,0xfc,0xfc,0xff,0xfc,0xfc,0xfc,0xff,0xfc,0xfc,0xfc,0xff,0xfc,0xfc,0xfc,0xff,
    0xfc,0xfc,0xfc,0xff,0xfc,0xfc,0xfc,0xff,0xfc,0xfc,0xfc,0xff,0xfc,0xfc,0xfc,0xff,
    0xfc,0xfc,0xfc,0xff,0xfc,0xfc,0xfc,0xff,0xf9,0xf9,0xf9,0xff,0xff,0xff,0xff,0xff,
    0xff,0xff,0xff,0xff,0xff,0xff,0xff,0xff,0xff,0xff,0xff,0xff,0xff,0xff,0xff,0xff,
    0xff,0xff,0xff,0xff,0xff,0xff,0xff,0xff,0xff,0xff,0xff,0x4c,0x00,0x00,0x00,0x00,
    0xff,0xff,0xff,0xd4,0xff,0xff,0xff,0xe3,0xff,0xff,0xff,0xff,0xff,0xff,0xff,0xff,
    0xff,0xff,0xff,0xff,0xd0,0xd0,0xd0,0xff,0x9a,0x9a,0x9a,0xff,0x6f,0x6f,0x6f,0xff,
    0x48,0x48,0x48,0xff,0x32,0x32,0x32,0xff,0x34,0x34,0x34,0xff,0x34,0x34,0x34,0xff,
    0x34,0x34,0x34,0xff,0x34,0x34,0x34,0xff,0x34,0x34,0x34,0xff,0x34,0x34,0x34,0xff,
    0x34,0x34,0x34,0xff,0x34,0x34,0x34,0xff,0x34,0x34,0x34,0xff,0x34,0x34,0x34,0xff,
    0x34,0x34,0x34,0xff,0x34,0x34,0x34,0xff,0x34,0x34,0x34,0xff,0x34,0x34,0x34,0xff,
    0x5a,0x5a,0x5a,0xff,0x82,0x82,0x82,0xff,0xc7,0xc7,0xc7,0xff,0xd5,0xd5,0xd5,0xff,
    0x7b,0x7b,0x7b,0xff,0x08,0x08,0x08,0xff,0x0d,0x0d,0x0d,0xff,0x0d,0x0d,0x0d,0xff,
    0x0c,0x07,0x0c,0xff,0x12,0x2e,0x13,0xff,0x20,0x8b,0x26,0xff,0x2d,0xe5,0x36,0xff,
    0x2c,0xdd,0x35,0xff,0x2c,0xdf,0x35,0xff,0x2b,0xd5,0x33,0xff,0x18,0x54,0x1b,0xff,
    0x0a,0x00,0x09,0xff,0x13,0x36,0x15,0xff,0x2b,0xd4,0x34,0xff,0x2c,0xdd,0x35,0xff,
    0x2c,0xdd,0x35,0xff,0x2d,0xe5,0x36,0xff,0x24,0xa8,0x2b,0xff,0x16,0x43,0x17,0xff,
    0x0c,0x07,0x0c,0xff,0x0d,0x0d,0x0d,0xff,0x0d,0x0d,0x0d,0xff,0x04,0x04,0x04,0xff,
    0x5f,0x5f,0x5f,0xff,0xa1,0xa1,0xa1,0xff,0x8b,0x8b,0x8b,0xff,0x5d,0x5d,0x5d,0xff,
    0x35,0x35,0x35,0xff,0x33,0x33,0x33,0xff,0x34,0x34,0x34,0xff,0x34,0x34,0x34,0xff,
    0x34,0x34,0x34,0xff,0x34,0x34,0x34,0xff,0x34,0x34,0x34,0xff,0x34,0x34,0x34,0xff,
    0x34,0x34,0x34,0xff,0x34,0x34,0x34,0xff,0x34,0x34,0x34,0xff,0x34,0x34,0x34,0xff,
    0x34,0x34,0x34,0xff,0x34,0x34,0x34,0xff,0x34,0x34,0x34,0xff,0x31,0x31,0x31,0xff,
    0x4e,0x4e,0x4e,0xff,0x78,0x78,0x78,0xff,0xb6,0xb6,0xb6,0xff,0xff,0xff,0xff,0xff,
    0xff,0xff,0xff,0xff,0xff,0xff,0xff,0xff,0xff,0xff,0xff,0x4f,0x00,0x00,0x00,0x00,
    0xff,0xff,0xff,0xdb,0xff,0xff,0xff,0xe7,0xff,0xff,0xff,0xff,0xe8,0xe8,0xe8,0xff,
    0x8e,0x8e,0x8e,0xff,0x4a,0x4a,0x4a,0xff,0x2c,0x2c,0x2c,0xff,0x1b,0x1b,0x1b,0xff,
    0x0a,0x0a,0x0a,0xff,0x02,0x02,0x02,0xff,0x03,0x03,0x03,0xff,0x03,0x03,0x03,0xff,
    0x03,0x03,0x03,0xff,0x03,0x03,0x03,0xff,0x03,0x03,0x03,0xff,0x03,0x03,0x03,0xff,
    0x03,0x03,0x03,0xff,0x03,0x03,0x03,0xff,0x03,0x03,0x03,0xff,0x03,0x03,0x03,0xff,
    0x03,0x03,0x03,0xff,0x03,0x03,0x03,0xff,0x03,0x03,0x03,0xff,0x03,0x03,0x03,0xff,
    0x12,0x12,0x12,0xff,0x23,0x23,0x23,0xff,0x3c,0x3c,0x3c,0xff,0x69,0x69,0x69,0xff,
    0x6b,0x6b,0x6b,0xff,0x08,0x08,0x08,0xff,0x0d,0x0d,0x0d,0xff,0x0d,0x0d,0x0d,0xff,
    0x0c,0x05,0x0b,0xff,0x14,0x3d,0x17,0xff,0x23,0xa1,0x29,0xff,0x2d,0xe3,0x36,0xff,
    0x2c,0xdd,0x35,0xff,0x2d,0xe0,0x36,0xff,0x26,0xb6,0x2e,0xff,0x15,0x43,0x17,0xff,
    0x0b,0x00,0x0a,0xff,0x12,0x2a,0x13,0xff,0x25,0xa6,0x2b,0xff,0x2c,0xdc,0x35,0xff,
    0x2c,0xde,0x35,0xff,0x2d,0xe2,0x36,0xff,0x28,0xc1,0x2f,0xff,0x1a,0x64,0x1e,0xff,
    0x0c,0x04,0x0b,0xff,0x0d,0x0d,0x0d,0xff,0x0d,0x0d,0x0d,0xff,0x0a,0x0a,0x0a,0xff,
    0x25,0x25,0x25,0xff,0x34,0x34,0x34,0xff,0x27,0x27,0x27,0xff,0x13,0x13,0x13,0xff,
    0x03,0x03,0x03,0xff,0x03,0x03,0x03,0xff,0x03,0x03,0x03,0xff,0x03,0x03,0x03,0xff,
    0x03,0x03,0x03,0xff,0x03,0x03,0x03,0xff,0x03,0x03,0x03,0xff,0x03,0x03,0x03,0xff,
    0x03,0x03,0x03,0xff,0x03,0x03,0x03,0xff,0x03,0x03,0x03,0xff,0x03,0x03,0x03,0xff,
    0x03,0x03,0x03,0xff,0x03,0x03,0x03,0xff,0x03,0x03,0x03,0xff,0x01,0x01,0x01,0xff,
    0x0d,0x0d,0x0d,0xff,0x1e,0x1e,0x1e,0xff,0x3c,0x3c,0x3c,0xff,0x7c,0x7c,0x7c,0xff,
    0xd7,0xd7,0xd7,0xff,0xff,0xff,0xff,0xff,0xff,0xff,0xff,0x4f,0x00,0x00,0x00,0x00,
    0xff,0xff,0xff,0xc2,0xff,0xff,0xff,0xd7,0xe6,0xe6,0xe6,0xff,0x70,0x70,0x70,0xff,
    0x21,0x21,0x21,0xff,0x06,0x06,0x06,0xff,0x04,0x04,0x04,0xff,0x09,0x09,0x09,0xff,
    0x0c,0x0c,0x0c,0xff,0x0d,0x0d,0x0d,0xff,0x0d,0x0d,0x0d,0xff,0x0d,0x0d,0x0d,0xff,
    0x0d,0x0d,0x0d,0xff,0x0d,0x0d,0x0d,0xff,0x0d,0x0d,0x0d,0xff,0x0d,0x0d,0x0d,0xff,
    0x0d,0x0d,0x0d,0xff,0x0d,0x0d,0x0d,0xff,0x0d,0x0d,0x0d,0xff,0x0d,0x0d,0x0d,0xff,
    0x0d,0x0d,0x0d,0xff,0x0d,0x0d,0x0d,0xff,0x0d,0x0d,0x0d,0xff,0x0d,0x0d,0x0d,0xff,
    0x0a,0x0a,0x0a,0xff,0x07,0x07,0x07,0xff,0x00,0x00,0x00,0xff,0x1a,0x1a,0x1a,0xff,
    0x38,0x38,0x38,0xff,0x0b,0x0b,0x0b,0xff,0x0d,0x0d,0x0d,0xff,0x0d,0x0d,0x0d,0xff,
    0x0b,0x02,0x0b,0xff,0x16,0x4b,0x19,0xff,0x26,0xb7,0x2e,0xff,0x2d,0xe1,0x36,0xff,
    0x2c,0xdd,0x35,0xff,0x2d,0xe2,0x36,0xff,0x22,0x98,0x28,0xff,0x13,0x34,0x15,0xff,
    0x0c,0x00,0x0a,0xff,0x10,0x1e,0x11,0xff,0x1d,0x77,0x22,0xff,0x2c,0xdb,0x35,0xff,
    0x2c,0xdf,0x35,0xff,0x2d,0xdf,0x36,0xff,0x2b,0xd5,0x33,0xff,0x1e,0x7d,0x22,0xff,
    0x0b,0x00,0x0a,0xff,0x0d,0x0d,0x0d,0xff,0x0d,0x0d,0x0d,0xff,0x0e,0x0e,0x0e,0xff,
    0x08,0x08,0x08,0xff,0x05,0x05,0x05,0xff,0x07,0x07,0x07,0xff,0x0a,0x0a,0x0a,0xff,
    0x0d,0x0d,0x0d,0xff,0x0d,0x0d,0x0d,0xff,0x0d,0x0d,0x0d,0xff,0x0d,0x0d,0x0d,0xff,
    0x0d,0x0d,0x0d,0xff,0x0d,0x0d,0x0d,0xff,0x0d,0x0d,0x0d,0xff,0x0d,0x0d,0x0d,0xff,
    0x0d,0x0d,0x0d,0xff,0x0d,0x0d,0x0d,0xff,0x0d,0x0d,0x0d,0xff,0x0d,0x0d,0x0d,0xff,
    0x0d,0x0d,0x0d,0xff,0x0d,0x0d,0x0d,0xff,0x0d,0x0d,0x0d,0xff,0x0d,0x0d,0x0d,0xff,
    0x0b,0x0b,0x0b,0xff,0x08,0x08,0x08,0xff,0x05,0x05,0x05,0xff,0x12,0x12,0x12,0xff,
    0x5e,0x5e,0x5e,0xff,0xcf,0xcf,0xcf,0xff,0xf4,0xf4,0xf4,0x48,0x00,0x00,0x00,0x00,
    0xff,0xff,0xff,0x6f,0xe4,0xe4,0xe4,0xa1,0x96,0x96,0x96,0xff,0x02,0x02,0x02,0xff,
    0x09,0x09,0x09,0xff,0x0c,0x0c,0x0c,0xff,0x0d,0x0d,0x0d,0xff,0x0d,0x0d,0x0d,0xff,
    0x0d,0x0d,0x0d,0xff,0x0d,0x0d,0x0d,0xff,0x0d,0x0d,0x0d,0xff,0x0d,0x0d,0x0d,0xff,
    0x0d,0x0d,0x0d,0xff,0x0d,0x0d,0x0d,0xff,0x0d,0x0d,0x0d,0xff,0x0d,0x0d,0x0d,0xff,
    0x0d,0x0d,0x0d,0xff,0x0d,0x0d,0x0d,0xff,0x0d,0x0d,0x0d,0xff,0x0d,0x0d,0x0d,0xff,
    0x0d,0x0d,0x0d,0xff,0x0d,0x0d,0x0d,0xff,0x0d,0x0d,0x0d,0xff,0x0d,0x0d,0x0d,0xff,
    0x0d,0x0d,0x0d,0xff,0x0d,0x0d,0x0d,0xff,0x0d,0x0d,0x0d,0xff,0x0a,0x0a,0x0a,0xff,
    0x07,0x07,0x07,0xff,0x0d,0x0d,0x0d,0xff,0x0d,0x0d,0x0d,0xff,0x0d,0x0d,0x0d,0xff,
    0x0b,0x02,0x0b,0xff,0x1a,0x61,0x1d,0xff,0x2b,0xd3,0x33,0xff,0x2c,0xdf,0x36,0xff,
    0x2c,0xdd,0x35,0xff,0x2d,0xe4,0x36,0xff,0x1d,0x79,0x22,0xff,0x10,0x24,0x12,0xff,
    0x0c,0x05,0x0b,0xff,0x0e,0x13,0x0e,0xff,0x16,0x4c,0x19,0xff,0x2c,0xdb,0x35,0xff,
    0x2c,0xdf,0x35,0xff,0x2c,0xdd,0x35,0xff,0x2d,0xe3,0x36,0xff,0x21,0x95,0x27,0xff,
    0x0c,0x0b,0x0d,0xff,0x0d,0x0d,0x0d,0xff,0x0d,0x0d,0x0d,0xff,0x0d,0x0d,0x0d,0xff,
    0x0d,0x0d,0x0d,0xff,0x0d,0x0d,0x0d,0xff,0x0d,0x0d,0x0d,0xff,0x0d,0x0d,0x0d,0xff,
    0x0d,0x0d,0x0d,0xff,0x0d,0x0d,0x0d,0xff,0x0d,0x0d,0x0d,0xff,0x0d,0x0d,0x0d,0xff,
    0x0d,0x0d,0x0d,0xff,0x0d,0x0d,0x0d,0xff,0x0d,0x0d,0x0d,0xff,0x0d,0x0d,0x0d,0xff,
    0x0d,0x0d,0x0d,0xff,0x0d,0x0d,0x0d,0xff,0x0d,0x0d,0x0d,0xff,0x0d,0x0d,0x0d,0xff,
    0x0d,0x0d,0x0d,0xff,0x0d,0x0d,0x0d,0xff,0x0d,0x0d,0x0d,0xff,0x0d,0x0d,0x0d,0xff,
    0x0d,0x0d,0x0d,0xff,0x0d,0x0d,0x0d,0xff,0x0d,0x0d,0x0d,0xff,0x0a,0x0a,0x0a,0xff,
    0x00,0x00,0x00,0xff,0x5e,0x5e,0x5e,0xf4,0x7a,0x7a,0x7a,0x47,0x00,0x00,0x00,0x00,
    0xff,0xff,0xff,0x1a,0x60,0x60,0x60,0x6a,0x33,0x33,0x33,0xff,0x0c,0x0c,0x0c,0xff,
    0x0d,0x0d,0x0d,0xff,0x0d,0x0d,0x0d,0xff,0x0d,0x0d,0x0d,0xff,0x0d,0x0c,0x0d,0xff,
    0x0d,0x0b,0x0d,0xff,0x0d,0x0c,0x0d,0xff,0x0d,0x0c,0x0d,0xff,0x0d,0x0c,0x0d,0xff,
    0x0d,0x0c,0x0d,0xff,0x0d,0x0c,0x0d,0xff,0x0d,0x0c,0x0d,0xff,0x0d,0x0c,0x0d,0xff,
    0x0d,0x0c,0x0d,0xff,0x0d,0x0c,0x0d,0xff,0x0d,0x0c,0x0d,0xff,0x0d,0x0c,0x0d,0xff,
    0x0d,0x0c,0x0d,0xff,0x0d,0x0c,0x0d,0xff,0x0d,0x0c,0x0d,0xff,0x0d,0x0c,0x0d,0xff,
    0x0d,0x0b,0x0d,0xff,0x0d,0x0d,0x0d,0xff,0x0d,0x0d,0x0d,0xff,0x0d,0x0d,0x0d,0xff,
    0x0d,0x0d,0x0d,0xff,0x0d,0x0d,0x0d,0xff,0x0d,0x0d,0x0d,0xff,0x0d,0x0c,0x0d,0xff,
    0x0c,0x0a,0x0d,0xff,0x1e,0x7b,0x22,0xff,0x2e,0xec,0x38,0xff,0x2c,0xdd,0x35,0xff,
    0x2c,0xdd,0x35,0xff,0x2d,0xe5,0x37,0xff,0x18,0x58,0x1c,0xff,0x0e,0x12,0x0e,0xff,
    0x0c,0x0a,0x0c,0xff,0x0d,0x0a,0x0c,0xff,0x10,0x25,0x11,0xff,0x2a,0xd0,0x32,0xff,
    0x2c,0xde,0x35,0xff,0x2c,0xdd,0x35,0xff,0x2e,0xe7,0x37,0xff,0x25,0xaf,0x2c,0xff,
    0x12,0x34,0x15,0xff,0x0d,0x0c,0x0d,0xff,0x0d,0x0d,0x0d,0xff,0x0d,0x0d,0x0d,0xff,
    0x0d,0x0d,0x0d,0xff,0x0d,0x0d,0x0d,0xff,0x0d,0x0d,0x0d,0xff,0x0d,0x0c,0x0d,0xff,
    0x0d,0x0b,0x0d,0xff,0x0d,0x0c,0x0d,0xff,0x0d,0x0c,0x0d,0xff,0x0d,0x0c,0x0d,0xff,
    0x0d,0x0c,0x0d,0xff,0x0d,0x0c,0x0d,0xff,0x0d,0x0c,0x0d,0xff,0x0d,0x0c,0x0d,0xff,
    0x0d,0x0c,0x0d,0xff,0x0d,0x0c,0x0d,0xff,0x0d,0x0c,0x0d,0xff,0x0d,0x0c,0x0d,0xff,
    0x0d,0x0c,0x0d,0xff,0x0d,0x0c,0x0d,0xff,0x0d,0x0c,0x0d,0xff,0x0d,0x0b,0x0d,0xff,
    0x0d,0x0b,0x0d,0xff,0x0d,0x0d,0x0d,0xff,0x0d,0x0d,0x0d,0xff,0x0d,0x0d,0x0d,0xff,
    0x0d,0x0d,0x0d,0xff,0x0b,0x0b,0x0b,0xff,0x0a,0x0a,0x0a,0x66,0x00,0x00,0x00,0x00,
    0x09,0x09,0x09,0x50,0x0c,0x0c,0x0c,0x8d,0x0e,0x0e,0x0e,0xff,0x0d,0x0d,0x0d,0xff,
    0x0d,0x0d,0x0d,0xff,0x0d,0x0d,0x0d,0xff,0x0d,0x0d,0x0d,0xff,0x0d,0x0d,0x0d,0xff,
    0x0e,0x12,0x0d,0xff,0x0f,0x1a,0x0f,0xff,0x0e,0x17,0x0f,0xff,0x0e,0x17,0x0f,0xff,
    0x0e,0x17,0x0f,0xff,0x0e,0x17,0x0f,0xff,0x0e,0x17,0x0f,0xff,0x0e,0x17,0x0f,0xff,
    0x0e,0x17,0x0f,0xff,0x0e,0x17,0x0f,0xff,0x0e,0x17,0x0f,0xff,0x0e,0x17,0x0f,0xff,
    0x0e,0x17,0x0f,0xff,0x0e,0x17,0x0f,0xff,0x0e,0x18,0x0f,0xff,0x0e,0x18,0x0f,0xff,
    0x0d,0x0f,0x0d,0xff,0x0d,0x0d,0x0d,0xff,0x0d,0x0d,0x0d,0xff,0x0d,0x0d,0x0d,0xff,
    0x0d,0x0d,0x0d,0xff,0x0d,0x0d,0x0d,0xff,0x0d,0x0d,0x0d,0xff,0x0d,0x0a,0x0c,0xff,
    0x10,0x1f,0x11,0xff,0x20,0x8b,0x25,0xff,0x2e,0xe9,0x37,0xff,0x2c,0xdd,0x35,0xff,
    0x2c,0xdd,0x35,0xff,0x2c,0xe2,0x36,0xff,0x14,0x42,0x17,0xff,0x0c,0x07,0x0c,0xff,
    0x0d,0x0c,0x0d,0xff,0x0c,0x09,0x0c,0xff,0x0f,0x1a,0x10,0xff,0x24,0xaa,0x2b,0xff,
    0x2b,0xd9,0x34,0xff,0x2c,0xdf,0x35,0xff,0x2d,0xe4,0x36,0xff,0x28,0xc0,0x2f,0xff,
    0x1a,0x61,0x1d,0xff,0x0d,0x0a,0x0c,0xff,0x0d,0x0d,0x0d,0xff,0x0d,0x0d,0x0d,0xff,
    0x0d,0x0d,0x0d,0xff,0x0d,0x0d,0x0d,0xff,0x0d,0x0d,0x0d,0xff,0x0d,0x0e,0x0d,0xff,
    0x0e,0x14,0x0e,0xff,0x0f,0x1a,0x0f,0xff,0x0e,0x18,0x0f,0xff,0x0e,0x17,0x0f,0xff,
    0x0e,0x17,0x0f,0xff,0x0e,0x17,0x0f,0xff,0x0e,0x17,0x0f,0xff,0x0e,0x17,0x0f,0xff,
    0x0e,0x17,0x0f,0xff,0x0e,0x17,0x0f,0xff,0x0e,0x17,0x0f,0xff,0x0e,0x17,0x0f,0xff,
    0x0e,0x17,0x0f,0xff,0x0e,0x17,0x0f,0xff,0x0f,0x1a,0x0f,0xff,0x0e,0x13,0x0d,0xff,
    0x0d,0x0e,0x0d,0xff,0x0d,0x0d,0x0d,0xff,0x0d,0x0d,0x0d,0xff,0x0d,0x0d,0x0d,0xff,
    0x0d,0x0d,0x0d,0xff,0x0d,0x0d,0x0d,0xff,0x0c,0x0c,0x0c,0xaa,0x00,0x00,0x00,0x00,
    0x0b,0x0b,0x0b,0x85,0x0b,0x0b,0x0b,0xb0,0x0d,0x0d,0x0d,0xff,0x0d,0x0d,0x0d,0xff,
    0x0d,0x0d,0x0d,0xff,0x0d,0x0b,0x0c,0xff,0x0e,0x18,0x0f,0xff,0x1a,0x64,0x1e,0xff,
    0x27,0xbb,0x2f,0xff,0x27,0xc0,0x2f,0xff,0x27,0xbc,0x2e,0xff,0x27,0xbc,0x2e,0xff,
    0x27,0xbc,0x2e,0xff,0x27,0xbc,0x2e,0xff,0x27,0xbc,0x2e,0xff,0x27,0xbc,0x2e,0xff,
    0x27,0xbc,0x2e,0xff,0x27,0xbc,0x2e,0xff,0x27,0xbc,0x2e,0xff,0x27,0xbc,0x2e,0xff,
    0x27,0xbc,0x2e,0xff,0x27,0xbc,0x2e,0xff,0x27,0xbe,0x2e,0xff,0x27,0xbd,0x2e,0xff,
    0x21,0x94,0x27,0xff,0x11,0x28,0x13,0xff,0x0c,0x04,0x0b,0xff,0x0d,0x0d,0x0d,0xff,
    0x0d,0x0d,0x0d,0xff,0x0d,0x0d,0x0d,0xff,0x0d,0x0d,0x0d,0xff,0x0c,0x07,0x0c,0xff,
    0x14,0x40,0x17,0xff,0x23,0xa5,0x2a,0xff,0x2d,0xe6,0x37,0xff,0x2c,0xdd,0x35,0xff,
    0x2c,0xdc,0x35,0xff,0x2a,0xcd,0x32,0xff,0x13,0x35,0x14,0xff,0x0c,0x04,0x0b,0xff,
    0x0d,0x0d,0x0d,0xff,0x0d,0x0a,0x0d,0xff,0x0e,0x15,0x0e,0xff,0x1d,0x74,0x21,0xff,
    0x2a,0xd0,0x32,0xff,0x2d,0xe1,0x36,0xff,0x2c,0xe1,0x36,0xff,0x2b,0xd2,0x33,0xff,
    0x20,0x8e,0x27,0xff,0x0c,0x08,0x0c,0xff,0x0d,0x0c,0x0d,0xff,0x0d,0x0d,0x0d,0xff,
    0x0d,0x0d,0x0d,0xff,0x0c,0x07,0x0c,0xff,0x0f,0x1f,0x10,0xff,0x1c,0x6f,0x20,0xff,
    0x26,0xb7,0x2d,0xff,0x27,0xbf,0x2f,0xff,0x27,0xbd,0x2e,0xff,0x27,0xbc,0x2e,0xff,
    0x27,0xbc,0x2e,0xff,0x27,0xbc,0x2e,0xff,0x27,0xbc,0x2e,0xff,0x27,0xbc,0x2e,0xff,
    0x27,0xbc,0x2e,0xff,0x27,0xbc,0x2e,0xff,0x27,0xbc,0x2e,0xff,0x27,0xbc,0x2e,0xff,
    0x27,0xbc,0x2e,0xff,0x27,0xbc,0x2e,0xff,0x27,0xbf,0x2f,0xff,0x27,0xbf,0x2f,0xff,
    0x1d,0x7c,0x23,0xff,0x12,0x2d,0x13,0xff,0x0c,0x08,0x0c,0xff,0x0d,0x0d,0x0d,0xff,
    0x0d,0x0d,0x0d,0xff,0x0d,0x0d,0x0d,0xff,0x0c,0x0c,0x0c,0xcc,0x00,0x00,0x00,0x00,
    0x0c,0x0c,0x0c,0xbf,0x0b,0x0b,0x0b,0xd6,0x0d,0x0d,0x0d,0xff,0x0d,0x0d,0x0d,0xff,
    0x0d,0x0d,0x0d,0xff,0x0c,0x03,0x0b,0xff,0x19,0x5d,0x1d,0xff,0x27,0xbd,0x2f,0xff,
    0x2c,0xe1,0x36,0xff,0x2c,0xe0,0x36,0xff,0x2c,0xdf,0x35,0xff,0x2c,0xdf,0x35,0xff,
    0x2c,0xdf,0x35,0xff,0x2c,0xdf,0x35,0xff,0x2c,0xdf,0x35,0xff,0x2c,0xdf,0x35,0xff,
    0x2c,0xdf,0x35,0xff,0x2c,0xdf,0x35,0xff,0x2c,0xdf,0x35,0xff,0x2c,0xdf,0x35,0xff,
    0x2c,0xdf,0x35,0xff,0x2c,0xdf,0x35,0xff,0x2c,0xe0,0x35,0xff,0x2c,0xdf,0x35,0xff,
    0x2b,0xda,0x34,0xff,0x19,0x60,0x1d,0xff,0x0f,0x16,0x0f,0xff,0x0c,0x0a,0x0c,0xff,
    0x0d,0x0d,0x0d,0xff,0x0d,0x0d,0x0d,0xff,0x0d,0x0d,0x0d,0xff,0x0c,0x05,0x0b,0xff,
    0x19,0x5c,0x1c,0xff,0x27,0xbb,0x2e,0xff,0x2d,0xe3,0x36,0xff,0x2c,0xde,0x35,0xff,
    0x2c,0xdc,0x35,0xff,0x25,0xaa,0x2b,0xff,0x12,0x2b,0x13,0xff,0x0c,0x05,0x0c,0xff,
    0x0d,0x0d,0x0d,0xff,0x0d,0x0b,0x0d,0xff,0x0e,0x12,0x0e,0xff,0x17,0x4d,0x19,0xff,
    0x29,0xca,0x31,0xff,0x2d,0xe2,0x36,0xff,0x2c,0xde,0x35,0xff,0x2d,0xe1,0x36,0xff,
    0x26,0xb4,0x2d,0xff,0x0d,0x0f,0x0d,0xff,0x0d,0x0c,0x0d,0xff,0x0d,0x0d,0x0d,0xff,
    0x0d,0x0c,0x0d,0xff,0x0c,0x09,0x0c,0xff,0x15,0x45,0x17,0xff,0x2a,0xd0,0x33,0xff,
    0x2c,0xde,0x35,0xff,0x2c,0xe0,0x36,0xff,0x2c,0xdf,0x35,0xff,0x2c,0xdf,0x35,0xff,
    0x2c,0xdf,0x35,0xff,0x2c,0xdf,0x35,0xff,0x2c,0xdf,0x35,0xff,0x2c,0xdf,0x35,0xff,
    0x2c,0xdf,0x35,0xff,0x2c,0xdf,0x35,0xff,0x2c,0xdf,0x35,0xff,0x2c,0xdf,0x35,0xff,
    0x2c,0xdf,0x35,0xff,0x2c,0xdf,0x35,0xff,0x2c,0xe0,0x36,0xff,0x2c,0xe0,0x36,0xff,
    0x2a,0xd5,0x33,0xff,0x1c,0x75,0x21,0xff,0x0b,0x00,0x0a,0xff,0x0d,0x0d,0x0d,0xff,
    0x0d,0x0d,0x0d,0xff,0x0d,0x0d,0x0d,0xff,0x0b,0x0b,0x0b,0xf2,0x00,0x00,0x00,0x00,
    0x0c,0x0c,0x0c,0xde,0x0d,0x0d,0x0d,0xea,0x0d,0x0d,0x0d,0xff,0x0d,0x0d,0x0d,0xff,
    0x0d,0x0d,0x0d,0xff,0x0b,0x00,0x0a,0xff,0x1e,0x82,0x24,0xff,0x2d,0xe2,0x36,0xff,
    0x2c,0xe0,0x36,0xff,0x2c,0xde,0x35,0xff,0x2c,0xde,0x35,0xff,0x2c,0xde,0x35,0xff,
    0x2c,0xde,0x35,0xff,0x2c,0xde,0x35,0xff,0x2c,0xde,0x35,0xff,0x2c,0xde,0x35,0xff,
    0x2c,0xde,0x35,0xff,0x2c,0xde,0x35,0xff,0x2c,0xde,0x35,0xff,0x2c,0xde,0x35,0xff,
    0x2c,0xde,0x35,0xff,0x2c,0xde,0x35,0xff,0x2c,0xde,0x35,0xff,0x2c,0xde,0x35,0xff,
    0x2e,0xe6,0x37,0xff,0x21,0x98,0x27,0xff,0x13,0x35,0x15,0xff,0x0c,0x06,0x0b,0xff,
    0x0d,0x0d,0x0d,0xff,0x0d,0x0d,0x0d,0xff,0x0d,0x0d,0x0d,0xff,0x0b,0x02,0x0b,0xff,
    0x1c,0x71,0x20,0xff,0x29,0xcb,0x31,0xff,0x2c,0xe1,0x36,0xff,0x2c,0xdf,0x35,0xff,
    0x2c,0xdb,0x35,0xff,0x1f,0x83,0x23,0xff,0x10,0x21,0x11,0xff,0x0c,0x08,0x0c,0xff,
    0x0d,0x0d,0x0d,0xff,0x0d,0x0d,0x0d,0xff,0x0d,0x0f,0x0d,0xff,0x11,0x29,0x12,0xff,
    0x29,0xc7,0x31,0xff,0x2d,0xe4,0x36,0xff,0x2c,0xdd,0x35,0xff,0x2d,0xe4,0x37,0xff,
    0x29,0xc6,0x30,0xff,0x13,0x36,0x15,0xff,0x0e,0x0f,0x0e,0xff,0x0d,0x0c,0x0d,0xff,
    0x0c,0x05,0x0c,0xff,0x12,0x2e,0x13,0xff,0x20,0x8f,0x25,0xff,0x2e,0xe8,0x38,0xff,
    0x2c,0xde,0x35,0xff,0x2c,0xde,0x35,0xff,0x2c,0xde,0x35,0xff,0x2c,0xde,0x35,0xff,
    0x2c,0xde,0x35,0xff,0x2c,0xde,0x35,0xff,0x2c,0xde,0x35,0xff,0x2c,0xde,0x35,0xff,
    0x2c,0xde,0x35,0xff,0x2c,0xde,0x35,0xff,0x2c,0xde,0x35,0xff,0x2c,0xde,0x35,0xff,
    0x2c,0xde,0x35,0xff,0x2c,0xde,0x35,0xff,0x2c,0xde,0x35,0xff,0x2c,0xdd,0x35,0xff,
    0x2f,0xf4,0x39,0xff,0x21,0x95,0x27,0xff,0x0b,0x00,0x0a,0xff,0x0d,0x0d,0x0d,0xff,
    0x0d,0x0d,0x0d,0xff,0x0d,0x0d,0x0d,0xff,0x0d,0x0d,0x0d,0xff,0x00,0x00,0x00,0x00,
    0x0c,0x0c,0x0c,0xc7,0x0c,0x0c,0x0c,0xdb,0x0d,0x0d,0x0d,0xff,0x0d,0x0d,0x0d,0xff,
    0x0d,0x0d,0x0d,0xff,0x0b,0x03,0x0b,0xff,0x19,0x5e,0x1d,0xff,0x28,0xc1,0x30,0xff,
    0x2e,0xe9,0x37,0xff,0x2d,0xe5,0x37,0xff,0x2d,0xe5,0x37,0xff,0x2d,0xe5,0x37,0xff,
    0x2d,0xe5,0x37,0xff,0x2d,0xe5,0x37,0xff,0x2d,0xe5,0x37,0xff,0x2d,0xe5,0x37,0xff,
    0x2d,0xe5,0x37,0xff,0x2d,0xe5,0x37,0xff,0x2d,0xe5,0x37,0xff,0x2d,0xe5,0x37,0xff,
    0x2d,0xe5,0x37,0xff,0x2d,0xe2,0x36,0xff,0x2c,0xdd,0x35,0xff,0x2c,0xdd,0x35,0xff,
    0x2d,0xe0,0x36,0xff,0x28,0xc5,0x30,0xff,0x17,0x50,0x1a,0xff,0x0b,0x00,0x0a,0xff,
    0x0d,0x0d,0x0d,0xff,0x0d,0x0d,0x0d,0xff,0x0d,0x0d,0x0d,0xff,0x0b,0x01,0x0b,0xff,
    0x1f,0x84,0x24,0xff,0x2b,0xda,0x34,0xff,0x2c,0xdf,0x36,0xff,0x2c,0xdf,0x35,0xff,
    0x2c,0xdb,0x35,0xff,0x1a,0x62,0x1d,0xff,0x0f,0x19,0x0f,0xff,0x0c,0x09,0x0c,0xff,
    0x0d,0x0d,0x0d,0xff,0x0d,0x0d,0x0d,0xff,0x0d,0x0c,0x0d,0xff,0x0e,0x11,0x0e,0xff,
    0x26,0xb1,0x2d,0xff,0x2c,0xdf,0x35,0xff,0x2c,0xde,0x35,0xff,0x2d,0xe2,0x36,0xff,
    0x29,0xcc,0x31,0xff,0x19,0x5f,0x1d,0xff,0x0e,0x12,0x0e,0xff,0x0d,0x0a,0x0d,0xff,
    0x0c,0x04,0x0b,0xff,0x19,0x5c,0x1c,0xff,0x2a,0xd2,0x33,0xff,0x2d,0xde,0x36,0xff,
    0x2c,0xdd,0x35,0xff,0x2c,0xdd,0x35,0xff,0x2d,0xe2,0x36,0xff,0x2d,0xe5,0x37,0xff,
    0x2d,0xe5,0x37,0xff,0x2d,0xe5,0x37,0xff,0x2d,0xe5,0x37,0xff,0x2d,0xe5,0x37,0xff,
    0x2d,0xe5,0x37,0xff,0x2d,0xe5,0x37,0xff,0x2d,0xe5,0x37,0xff,0x2d,0xe5,0x37,0xff,
    0x2d,0xe5,0x37,0xff,0x2d,0xe5,0x37,0xff,0x2d,0xe5,0x37,0xff,0x2e,0xe8,0x38,0xff,
    0x2b,0xd7,0x34,0xff,0x1c,0x74,0x21,0xff,0x0b,0x01,0x0b,0xff,0x0d,0x0d,0x0d,0xff,
    0x0d,0x0d,0x0d,0xff,0x0d,0x0d,0x0d,0xff,0x0c,0x0c,0x0c,0xf2,0x00,0x00,0x00,0x00,
    0x0c,0x0c,0x0c,0x8d,0x0c,0x0c,0x0c,0xb6,0x0d,0x0d,0x0d,0xff,0x0d,0x0d,0x0d,0xff,
    0x0d,0x0d,0x0d,0xff,0x0c,0x0a,0x0c,0xff,0x0f,0x1e,0x11,0xff,0x1b,0x6b,0x1f,0xff,
    0x27,0xba,0x2e,0xff,0x27,0xbc,0x2e,0xff,0x27,0xbb,0x2e,0xff,0x27,0xbb,0x2e,0xff,
    0x27,0xbb,0x2e,0xff,0x27,0xbb,0x2e,0xff,0x27,0xbb,0x2e,0xff,0x27,0xbb,0x2e,0xff,
    0x27,0xbb,0x2e,0xff,0x27,0xbb,0x2e,0xff,0x27,0xbb,0x2e,0xff,0x27,0xbb,0x2e,0xff,
    0x27,0xbc,0x2f,0xff,0x29,0xc9,0x31,0xff,0x2c,0xdf,0x36,0xff,0x2c,0xdd,0x35,0xff,
    0x2c,0xde,0x35,0xff,0x2d,0xe2,0x36,0xff,0x1a,0x68,0x1f,0xff,0x0c,0x05,0x0b,0xff,
    0x0d,0x0c,0x0d,0xff,0x0d,0x0d,0x0d,0xff,0x0d,0x0d,0x0d,0xff,0x0d,0x0e,0x0d,0xff,
    0x22,0x9a,0x28,0xff,0x2d,0xe6,0x36,0xff,0x2c,0xde,0x35,0xff,0x2c,0xdf,0x35,0xff,
    0x2c,0xd8,0x34,0xff,0x14,0x42,0x17,0xff,0x0e,0x11,0x0d,0xff,0x0d,0x0b,0x0d,0xff,
    0x0d,0x0d,0x0d,0xff,0x0d,0x0d,0x0d,0xff,0x0d,0x0c,0x0d,0xff,0x0d,0x0a,0x0d,0xff,
    0x1f,0x86,0x24,0xff,0x2a,0xd0,0x32,0xff,0x2c,0xe1,0x36,0xff,0x2d,0xe1,0x36,0xff,
    0x2a,0xd2,0x32,0xff,0x1e,0x80,0x23,0xff,0x0e,0x14,0x0e,0xff,0x0c,0x07,0x0c,0xff,
    0x10,0x1c,0x10,0xff,0x1f,0x86,0x25,0xff,0x2e,0xed,0x38,0xff,0x2c,0xdd,0x35,0xff,
    0x2c,0xdd,0x35,0xff,0x2c,0xe1,0x36,0xff,0x29,0xc8,0x31,0xff,0x27,0xbb,0x2e,0xff,
    0x27,0xbb,0x2e,0xff,0x27,0xbb,0x2e,0xff,0x27,0xbb,0x2e,0xff,0x27,0xbb,0x2e,0xff,
    0x27,0xbb,0x2e,0xff,0x27,0xbb,0x2e,0xff,0x27,0xbb,0x2e,0xff,0x27,0xbb,0x2e,0xff,
    0x27,0xbb,0x2e,0xff,0x27,0xbb,0x2e,0xff,0x27,0xbc,0x2f,0xff,0x28,0xbf,0x30,0xff,
    0x1f,0x83,0x24,0xff,0x13,0x32,0x14,0xff,0x0c,0x08,0x0c,0xff,0x0d,0x0d,0x0d,0xff,
    0x0d,0x0d,0x0d,0xff,0x0d,0x0d,0x0d,0xff,0x0b,0x0b,0x0b,0xcc,0x00,0x00,0x00,0x00,
    0x0f,0x0f,0x0f,0x53,0x0c,0x0c,0x0c,0x8f,0x0e,0x0e,0x0e,0xff,0x0d,0x0d,0x0d,0xff,
    0x0d,0x0d,0x0d,0xff,0x0d,0x0d,0x0d,0xff,0x0d,0x0b,0x0d,0xff,0x0d,0x0e,0x0d,0xff,
    0x0f,0x1a,0x0f,0xff,0x12,0x2b,0x12,0xff,0x12,0x2a,0x12,0xff,0x12,0x2a,0x12,0xff,
    0x12,0x2a,0x12,0xff,0x12,0x2a,0x12,0xff,0x12,0x2a,0x12,0xff,0x12,0x2a,0x12,0xff,
    0x12,0x2a,0x12,0xff,0x12,0x2a,0x12,0xff,0x12,0x2a,0x12,0xff,0x11,0x27,0x12,0xff,
    0x11,0x2c,0x13,0xff,0x1b,0x6f,0x20,0xff,0x2d,0xe4,0x37,0xff,0x2c,0xdd,0x35,0xff,
    0x2c,0xdd,0x35,0xff,0x2e,0xe9,0x37,0xff,0x20,0x89,0x25,0xff,0x10,0x21,0x11,0xff,
    0x0d,0x0a,0x0c,0xff,0x0d,0x0d,0x0d,0xff,0x0d,0x0b,0x0d,0xff,0x12,0x35,0x15,0xff,
    0x25,0xaf,0x2c,0xff,0x2d,0xe7,0x37,0xff,0x2c,0xdd,0x35,0xff,0x2c,0xde,0x35,0xff,
    0x29,0xcc,0x32,0xff,0x0f,0x1d,0x10,0xff,0x0c,0x08,0x0c,0xff,0x0d,0x0d,0x0d,0xff,
    0x0d,0x0d,0x0d,0xff,0x0d,0x0d,0x0d,0xff,0x0d,0x0c,0x0d,0xff,0x0d,0x0b,0x0d,0xff,
    0x19,0x5c,0x1c,0xff,0x28,0xc1,0x30,0xff,0x2d,0xe3,0x36,0xff,0x2c,0xdf,0x35,0xff,
    0x2b,0xda,0x34,0xff,0x25,0xae,0x2c,0xff,0x0e,0x16,0x0f,0xff,0x0b,0x00,0x0b,0xff,
    0x18,0x55,0x1b,0xff,0x27,0xb7,0x2e,0xff,0x2d,0xe3,0x36,0xff,0x2c,0xdd,0x35,0xff,
    0x2c,0xdd,0x35,0xff,0x2c,0xe2,0x36,0xff,0x1a,0x65,0x1d,0xff,0x11,0x27,0x12,0xff,
    0x11,0x27,0x12,0xff,0x12,0x2a,0x12,0xff,0x12,0x2a,0x12,0xff,0x12,0x2a,0x12,0xff,
    0x12,0x2a,0x12,0xff,0x12,0x2a,0x12,0xff,0x12,0x2a,0x12,0xff,0x12,0x2a,0x12,0xff,
    0x12,0x2a,0x12,0xff,0x12,0x2a,0x12,0xff,0x12,0x2c,0x13,0xff,0x11,0x21,0x11,0xff,
    0x0e,0x10,0x0e,0xff,0x0d,0x09,0x0d,0xff,0x0d,0x0d,0x0d,0xff,0x0d,0x0d,0x0d,0xff,
    0x0d,0x0d,0x0d,0xff,0x0d,0x0d,0x0d,0xff,0x0c,0x0c,0x0c,0xa6,0x00,0x00,0x00,0x00,
    0x00,0x00,0x00,0x00,0x0b,0x0b,0x0b,0x45,0x0b,0x0b,0x0b,0xed,0x0d,0x0d,0x0d,0xff,
    0x0d,0x0d,0x0d,0xff,0x0d,0x0d,0x0d,0xff,0x0d,0x0d,0x0d,0xff,0x0d,0x0d,0x0d,0xff,
    0x0d,0x0d,0x0d,0xff,0x0d,0x0e,0x0d,0xff,0x0d,0x0e,0x0d,0xff,0x0d,0x0e,0x0d,0xff,
    0x0d,0x0e,0x0d,0xff,0x0d,0x0e,0x0d,0xff,0x0d,0x0e,0x0d,0xff,0x0d,0x0e,0x0d,0xff,
    0x0d,0x0e,0x0d,0xff,0x0d,0x0e,0x0d,0xff,0x0d,0x0e,0x0d,0xff,0x0d,0x0e,0x0d,0xff,
    0x0b,0x04,0x0b,0xff,0x14,0x3f,0x16,0xff,0x2a,0xd0,0x33,0xff,0x2c,0xdd,0x35,0xff,
    0x2c,0xdd,0x35,0xff,0x2d,0xe5,0x37,0xff,0x24,0xa5,0x2b,0xff,0x15,0x40,0x17,0xff,
    0x0c,0x06,0x0c,0xff,0x0d,0x0d,0x0d,0xff,0x0d,0x0b,0x0d,0xff,0x17,0x4f,0x1a,0xff,
    0x27,0xb9,0x2e,0xff,0x2d,0xe5,0x36,0xff,0x2c,0xdf,0x35,0xff,0x2b,0xd9,0x34,0xff,
    0x24,0xaf,0x2c,0xff,0x0f,0x1a,0x10,0xff,0x0c,0x09,0x0c,0xff,0x0d,0x0d,0x0d,0xff,
    0x0d,0x0d,0x0d,0xff,0x0d,0x0d,0x0d,0xff,0x0d,0x0d,0x0d,0xff,0x0d,0x0c,0x0d,0xff,
    0x12,0x2d,0x14,0xff,0x25,0xb0,0x2c,0xff,0x2d,0xe7,0x37,0xff,0x2c,0xdd,0x35,0xff,
    0x2c,0xe0,0x36,0xff,0x2b,0xd3,0x34,0xff,0x0f,0x18,0x0f,0xff,0x0a,0x00,0x09,0xff,
    0x1f,0x85,0x24,0xff,0x2d,0xe5,0x37,0xff,0x2c,0xde,0x35,0xff,0x2c,0xde,0x35,0xff,
    0x2c,0xdd,0x35,0xff,0x22,0x99,0x28,0xff,0x11,0x2d,0x14,0xff,0x0c,0x07,0x0c,0xff,
    0x0d,0x0e,0x0d,0xff,0x0d,0x0e,0x0d,0xff,0x0d,0x0e,0x0d,0xff,0x0d,0x0e,0x0d,0xff,
    0x0d,0x0e,0x0d,0xff,0x0d,0x0e,0x0d,0xff,0x0d,0x0e,0x0d,0xff,0x0d,0x0e,0x0d,0xff,
    0x0d,0x0e,0x0d,0xff,0x0d,0x0e,0x0d,0xff,0x0d,0x0e,0x0d,0xff,0x0d,0x0e,0x0d,0xff,
    0x0d,0x0d,0x0d,0xff,0x0d,0x0d,0x0d,0xff,0x0d,0x0d,0x0d,0xff,0x0d,0x0d,0x0d,0xff,
    0x0d,0x0d,0x0d,0xff,0x0e,0x0e,0x0e,0xff,0x0c,0x0c,0x0c,0x68,0x00,0x00,0x00,0x00,
    0x00,0x00,0x00,0x00,0x0d,0x0d,0x0d,0x13,0x0c,0x0c,0x0c,0x79,0x0e,0x0e,0x0e,0xff,
    0x0d,0x0d,0x0d,0xff,0x0d,0x0d,0x0d,0xff,0x0d,0x0d,0x0d,0xff,0x0d,0x0d,0x0d,0xff,
    0x0d,0x0d,0x0d,0xff,0x0d,0x0c,0x0d,0xff,0x0d,0x0c,0x0d,0xff,0x0d,0x0c,0x0d,0xff,
    0x0d,0x0c,0x0d,0xff,0x0d,0x0c,0x0d,0xff,0x0d,0x0c,0x0d,0xff,0x0d,0x0c,0x0d,0xff,
    0x0d,0x0c,0x0d,0xff,0x0d,0x0c,0x0d,0xff,0x0d,0x0c,0x0d,0xff,0x0d,0x0c,0x0d,0xff,
    0x0c,0x04,0x0c,0xff,0x12,0x2c,0x13,0xff,0x22,0x9e,0x28,0xff,0x2c,0xdd,0x35,0xff,
    0x2c,0xde,0x35,0xff,0x2d,0xe3,0x36,0xff,0x27,0xbc,0x2f,0xff,0x18,0x59,0x1c,0xff,
    0x0c,0x03,0x0b,0xff,0x0d,0x0c,0x0d,0xff,0x0c,0x09,0x0c,0xff,0x1d,0x75,0x21,0xff,
    0x29,0xc8,0x31,0xff,0x2d,0xe2,0x36,0xff,0x2c,0xe0,0x36,0xff,0x2a,0xd2,0x33,0xff,
    0x1f,0x85,0x24,0xff,0x0e,0x17,0x0f,0xff,0x0d,0x0a,0x0c,0xff,0x0d,0x0d,0x0d,0xff,
    0x0d,0x0d,0x0d,0xff,0x0d,0x0d,0x0d,0xff,0x0d,0x0d,0x0d,0xff,0x0d,0x0d,0x0d,0xff,
    0x0d,0x09,0x0d,0xff,0x24,0xa1,0x2a,0xff,0x2d,0xe8,0x37,0xff,0x2c,0xdd,0x35,0xff,
    0x2c,0xe0,0x36,0xff,0x2b,0xd6,0x34,0xff,0x0f,0x23,0x11,0xff,0x0f,0x1d,0x11,0xff,
    0x22,0x9e,0x29,0xff,0x2e,0xe8,0x37,0xff,0x2c,0xdd,0x35,0xff,0x2c,0xdf,0x35,0xff,
    0x2d,0xe2,0x36,0xff,0x14,0x40,0x17,0xff,0x0e,0x0e,0x0e,0xff,0x0d,0x0a,0x0d,0xff,
    0x0d,0x0c,0x0d,0xff,0x0d,0x0c,0x0d,0xff,0x0d,0x0c,0x0d,0xff,0x0d,0x0c,0x0d,0xff,
    0x0d,0x0c,0x0d,0xff,0x0d,0x0c,0x0d,0xff,0x0d,0x0c,0x0d,0xff,0x0d,0x0c,0x0d,0xff,
    0x0d,0x0c,0x0d,0xff,0x0d,0x0c,0x0d,0xff,0x0d,0x0c,0x0d,0xff,0x0d,0x0d,0x0d,0xff,
    0x0d,0x0d,0x0d,0xff,0x0d,0x0d,0x0d,0xff,0x0d,0x0d,0x0d,0xff,0x0d,0x0d,0x0d,0xff,
    0x0e,0x0e,0x0e,0xff,0x0c,0x0c,0x0c,0xa5,0x0d,0x0d,0x0d,0x27,0x00,0x00,0x00,0x00,
    0x00,0x00,0x00,0x00,0x00,0x00,0x00,0x00,0x07,0x07,0x07,0x20,0x0a,0x0a,0x0a,0x93,
    0x0c,0x0c,0x0c,0xf4,0x0e,0x0e,0x0e,0xff,0x0d,0x0d,0x0d,0xff,0x0d,0x0d,0x0d,0xff,
    0x0d,0x0d,0x0d,0xff,0x0d,0x0d,0x0d,0xff,0x0d,0x0d,0x0d,0xff,0x0d,0x0d,0x0d,0xff,
    0x0d,0x0d,0x0d,0xff,0x0d,0x0d,0x0d,0xff,0x0d,0x0d,0x0d,0xff,0x0d,0x0d,0x0d,0xff,
    0x0d,0x0d,0x0d,0xff,0x0d,0x0d,0x0d,0xff,0x0d,0x0d,0x0d,0xff,0x0d,0x0d,0x0d,0xff,
    0x0d,0x09,0x0c,0xff,0x0f,0x1d,0x10,0xff,0x1b,0x6b,0x1f,0xff,0x2c,0xdd,0x35,0xff,
    0x2c,0xde,0x35,0xff,0x2c,0xdf,0x35,0xff,0x2c,0xdb,0x35,0xff,0x1e,0x7d,0x23,0xff,
    0x0b,0x03,0x0b,0xff,0x0d,0x0c,0x0d,0xff,0x0c,0x07,0x0c,0xff,0x22,0x98,0x28,0xff,
    0x2b,0xd7,0x34,0xff,0x2c,0xe0,0x35,0xff,0x2d,0xe1,0x36,0xff,0x29,0xcd,0x32,0xff,
    0x1a,0x60,0x1d,0xff,0x0e,0x13,0x0e,0xff,0x0d,0x0b,0x0d,0xff,0x0d,0x0d,0x0d,0xff,
    0x0d,0x0d,0x0d,0xff,0x0d,0x0d,0x0d,0xff,0x0d,0x0d,0x0d,0xff,0x0d,0x0d,0x0d,0xff,
    0x0c,0x01,0x0b,0xff,0x20,0x8a,0x25,0xff,0x2b,0xda,0x35,0xff,0x2d,0xdf,0x36,0xff,
    0x2c,0xdf,0x35,0xff,0x2c,0xd9,0x35,0xff,0x1d,0x7e,0x22,0xff,0x1f,0x85,0x24,0xff,
    0x28,0xc2,0x30,0xff,0x2d,0xe2,0x36,0xff,0x2c,0xde,0x35,0xff,0x2b,0xda,0x34,0xff,
    0x26,0xb2,0x2d,0xff,0x10,0x1f,0x11,0xff,0x0c,0x08,0x0c,0xff,0x0d,0x0d,0x0d,0xff,
    0x0d,0x0d,0x0d,0xff,0x0d,0x0d,0x0d,0xff,0x0d,0x0d,0x0d,0xff,0x0d,0x0d,0x0d,0xff,
    0x0d,0x0d,0x0d,0xff,0x0d,0x0d,0x0d,0xff,0x0d,0x0d,0x0d,0xff,0x0d,0x0d,0x0d,0xff,
    0x0d,0x0d,0x0d,0xff,0x0d,0x0d,0x0d,0xff,0x0d,0x0d,0x0d,0xff,0x0d,0x0d,0x0d,0xff,
    0x0d,0x0d,0x0d,0xff,0x0d,0x0d,0x0d,0xff,0x0e,0x0e,0x0e,0xff,0x0d,0x0d,0x0d,0xff,
    0x0c,0x0c,0x0c,0xa8,0x0f,0x0f,0x0f,0x31,0x00,0x00,0x00,0x03,0x00,0x00,0x00,0x00,
    0x00,0x00,0x00,0x00,0x00,0x00,0x00,0x00,0x00,0x00,0x00,0x00,0x07,0x07,0x07,0x20,
    0x0a,0x0a,0x0a,0x74,0x0b,0x0b,0x0b,0xc5,0x0c,0x0c,0x0c,0xef,0x0d,0x0d,0x0d,0xff,
    0x0e,0x0e,0x0e,0xff,0x0e,0x0e,0x0e,0xff,0x0e,0x0e,0x0e,0xff,0x0e,0x0e,0x0e,0xff,
    0x0e,0x0e,0x0e,0xff,0x0e,0x0e,0x0e,0xff,0x0e,0x0e,0x0e,0xff,0x0e,0x0e,0x0e,0xff,
    0x0e,0x0e,0x0e,0xff,0x0d,0x0d,0x0d,0xff,0x0d,0x0d,0x0d,0xff,0x0d,0x0d,0x0d,0xff,
    0x0d,0x0c,0x0c,0xff,0x0d,0x0f,0x0d,0xff,0x14,0x40,0x17,0xff,0x2c,0xdf,0x36,0xff,
    0x2c,0xde,0x35,0xff,0x2c,0xdd,0x35,0xff,0x2d,0xe9,0x38,0xff,0x22,0x9a,0x28,0xff,
    0x0f,0x18,0x0f,0xff,0x0d,0x0b,0x0d,0xff,0x0d,0x0e,0x0d,0xff,0x26,0xb4,0x2d,0xff,
    0x2d,0xe1,0x36,0xff,0x2c,0xde,0x35,0xff,0x2d,0xe3,0x36,0xff,0x29,0xc9,0x32,0xff,
    0x16,0x44,0x17,0xff,0x0e,0x11,0x0d,0xff,0x0d,0x0b,0x0d,0xff,0x0d,0x0d,0x0d,0xff,
    0x0d,0x0d,0x0d,0xff,0x0d,0x0d,0x0d,0xff,0x0d,0x0d,0x0d,0xff,0x0d,0x0d,0x0d,0xff,
    0x0c,0x05,0x0b,0xff,0x1a,0x67,0x1e,0xff,0x28,0xc2,0x30,0xff,0x2d,0xe2,0x36,0xff,
    0x2c,0xdd,0x35,0xff,0x2c,0xdc,0x35,0xff,0x29,0xca,0x31,0xff,0x2a,0xcf,0x32,0xff,
    0x2b,0xd9,0x35,0xff,0x2c,0xdd,0x35,0xff,0x2d,0xe1,0x36,0xff,0x2b,0xd5,0x34,0xff,
    0x19,0x5e,0x1d,0xff,0x0e,0x14,0x0e,0xff,0x0c,0x0a,0x0c,0xff,0x0d,0x0d,0x0d,0xff,
    0x0d,0x0d,0x0d,0xfe,0x0d,0x0d,0x0d,0xff,0x0e,0x0e,0x0e,0xff,0x0e,0x0e,0x0e,0xff,
    0x0e,0x0e,0x0e,0xff,0x0e,0x0e,0x0e,0xff,0x0e,0x0e,0x0e,0xff,0x0e,0x0e,0x0e,0xff,
    0x0e,0x0e,0x0e,0xff,0x0e,0x0e,0x0e,0xff,0x0e,0x0e,0x0e,0xff,0x0e,0x0e,0x0e,0xff,
    0x0d,0x0d,0x0d,0xff,0x0c,0x0c,0x0c,0xf3,0x0c,0x0c,0x0c,0xce,0x0d,0x0d,0x0d,0x89,
    0x0a,0x0a,0x0a,0x31,0x00,0x00,0x00,0x00,0x00,0x00,0x00,0x00,0x00,0x00,0x00,0x00,
    0x00,0x00,0x00,0x00,0x00,0x00,0x00,0x00,0x00,0x00,0x00,0x00,0x00,0x00,0x00,0x00,
    0x00,0x00,0x00,0x00,0x0a,0x0a,0x0a,0x4c,0x0b,0x0b,0x0b,0x86,0x0c,0x0c,0x0c,0xa8,
    0x0d,0x0d,0x0d,0xc1,0x0c,0x0c,0x0c,0xc5,0x0c,0x0c,0x0c,0xc5,0x0c,0x0c,0x0c,0xc5,
    0x0c,0x0c,0x0c,0xc5,0x0c,0x0c,0x0c,0xc5,0x0c,0x0c,0x0c,0xc5,0x0d,0x0d,0x0d,0xc4,
    0x0c,0x0c,0x0c,0xc6,0x0c,0x0c,0x0c,0xf0,0x0d,0x0d,0x0d,0xfe,0x0d,0x0d,0x0d,0xff,
    0x0d,0x0d,0x0d,0xff,0x0c,0x08,0x0c,0xff,0x10,0x24,0x11,0xff,0x2a,0xd0,0x33,0xff,
    0x2c,0xdd,0x35,0xff,0x2c,0xdd,0x35,0xff,0x2d,0xe6,0x37,0xff,0x25,0xaf,0x2c,0xff,
    0x15,0x42,0x17,0xff,0x0d,0x0b,0x0d,0xff,0x11,0x29,0x13,0xff,0x29,0xc4,0x30,0xff,
    0x2d,0xe5,0x36,0xff,0x2c,0xdd,0x35,0xff,0x2d,0xe3,0x36,0xff,0x29,0xc5,0x31,0xff,
    0x12,0x2b,0x12,0xff,0x0d,0x0f,0x0d,0xff,0x0d,0x0c,0x0d,0xff,0x0d,0x0d,0x0d,0xff,
    0x0d,0x0d,0x0d,0xff,0x0d,0x0d,0x0d,0xff,0x0d,0x0d,0x0d,0xff,0x0d,0x0d,0x0d,0xff,
    0x0c,0x08,0x0c,0xff,0x14,0x3f,0x17,0xff,0x24,0xa6,0x2b,0xff,0x2d,0xe7,0x36,0xff,
    0x2c,0xdd,0x35,0xff,0x2c,0xdd,0x35,0xff,0x2d,0xe1,0x36,0xff,0x2c,0xe0,0x36,0xff,
    0x2c,0xde,0x35,0xff,0x2c,0xdd,0x35,0xff,0x2c,0xdf,0x35,0xff,0x28,0xbd,0x2f,0xff,
    0x0f,0x1b,0x10,0xff,0x0d,0x0d,0x0d,0xff,0x0d,0x0d,0x0d,0xff,0x0d,0x0d,0x0d,0xff,
    0x0d,0x0d,0x0d,0xff,0x0d,0x0d,0x0d,0xf7,0x0d,0x0d,0x0d,0xc3,0x0c,0x0c,0x0c,0xc5,
    0x0c,0x0c,0x0c,0xc5,0x0c,0x0c,0x0c,0xc5,0x0c,0x0c,0x0c,0xc5,0x0c,0x0c,0x0c,0xc5,
    0x0c,0x0c,0x0c,0xc5,0x0c,0x0c,0x0c,0xc5,0x0c,0x0c,0x0c,0xc5,0x0d,0x0d,0x0d,0xc2,
    0x0b,0x0b,0x0b,0xae,0x0c,0x0c,0x0c,0x8d,0x0c,0x0c,0x0c,0x54,0x00,0x00,0x00,0x00,
    0x00,0x00,0x00,0x00,0x00,0x00,0x00,0x00,0x00,0x00,0x00,0x00,0x00,0x00,0x00,0x00,
    0x00,0x00,0x00,0x00,0x00,0x00,0x00,0x00,0x00,0x00,0x00,0x00,0x00,0x00,0x00,0x00,
    0x00,0x00,0x00,0x00,0x00,0x00,0x00,0x00,0x00,0x00,0x00,0x00,0x00,0x00,0x00,0x00,
    0x00,0x00,0x00,0x0c,0x08,0x08,0x08,0x1f,0x08,0x08,0x08,0x1e,0x08,0x08,0x08,0x1e,
    0x08,0x08,0x08,0x1e,0x08,0x08,0x08,0x1e,0x08,0x08,0x08,0x1e,0x09,0x09,0x09,0x1b,
    0x07,0x07,0x07,0x24,0x0c,0x0c,0x0c,0xba,0x0d,0x0d,0x0d,0xf7,0x0d,0x0d,0x0d,0xff,
    0x0d,0x0d,0x0d,0xff,0x0c,0x08,0x0c,0xff,0x10,0x1c,0x10,0xff,0x24,0xa6,0x2a,0xff,
    0x2c,0xd9,0x34,0xff,0x2c,0xde,0x35,0xff,0x2d,0xe2,0x36,0xff,0x29,0xc6,0x31,0xff,
    0x1b,0x6f,0x1f,0xff,0x0d,0x0c,0x0d,0xff,0x17,0x51,0x1a,0xff,0x29,0xca,0x31,0xff,
    0x2d,0xe3,0x36,0xff,0x2c,0xdd,0x35,0xff,0x2d,0xe0,0x36,0xff,0x26,0xb6,0x2e,0xff,
    0x0e,0x13,0x0e,0xff,0x0d,0x0d,0x0d,0xff,0x0d,0x0d,0x0d,0xff,0x0d,0x0d,0x0d,0xff,
    0x0d,0x0d,0x0d,0xff,0x0d,0x0d,0x0d,0xff,0x0d,0x0d,0x0d,0xff,0x0d,0x0d,0x0d,0xff,
    0x0d,0x0b,0x0c,0xff,0x0f,0x1b,0x10,0xff,0x20,0x8c,0x26,0xff,0x2e,0xe9,0x37,0xff,
    0x2c,0xdd,0x35,0xff,0x2c,0xdd,0x35,0xff,0x2c,0xdd,0x35,0xff,0x2c,0xdd,0x35,0xff,
    0x2c,0xdd,0x35,0xff,0x2d,0xe1,0x36,0xff,0x29,0xcf,0x32,0xff,0x1e,0x81,0x24,0xff,
    0x0d,0x0b,0x0d,0xff,0x0d,0x0b,0x0d,0xff,0x0d,0x0d,0x0d,0xff,0x0d,0x0d,0x0d,0xff,
    0x0e,0x0e,0x0e,0xff,0x0c,0x0c,0x0c,0xcd,0x0b,0x0b,0x0b,0x16,0x08,0x08,0x08,0x1e,
    0x08,0x08,0x08,0x1e,0x08,0x08,0x08,0x1e,0x08,0x08,0x08,0x1e,0x08,0x08,0x08,0x1e,
    0x08,0x08,0x08,0x1e,0x08,0x08,0x08,0x1e,0x08,0x08,0x08,0x1f,0x00,0x00,0x00,0x12,
    0x00,0x00,0x00,0x00,0x00,0x00,0x00,0x00,0x00,0x00,0x00,0x00,0x00,0x00,0x00,0x00,
    0x00,0x00,0x00,0x00,0x00,0x00,0x00,0x00,0x00,0x00,0x00,0x00,0x00,0x00,0x00,0x00,
    0x00,0x00,0x00,0x00,0x00,0x00,0x00,0x00,0x00,0x00,0x00,0x00,0x00,0x00,0x00,0x00,
    0x00,0x00,0x00,0x00,0x00,0x00,0x00,0x00,0x00,0x00,0x00,0x00,0x00,0x00,0x00,0x00,
    0x00,0x00,0x00,0x00,0x00,0x00,0x00,0x00,0x00,0x00,0x00,0x00,0x00,0x00,0x00,0x00,
    0x00,0x00,0x00,0x00,0x00,0x00,0x00,0x00,0x00,0x00,0x00,0x00,0x00,0x00,0x00,0x00,
    0x00,0x00,0x00,0x04,0x0b,0x0b,0x0b,0x84,0x0c,0x0c,0x0c,0xed,0x0d,0x0d,0x0d,0xff,
    0x0d,0x0d,0x0d,0xff,0x0c,0x0a,0x0c,0xff,0x0e,0x17,0x0f,0xff,0x1c,0x71,0x21,0xff,
    0x2b,0xd4,0x33,0xff,0x2d,0xe0,0x36,0xff,0x2c,0xe0,0x36,0xff,0x2b,0xd6,0x33,0xff,
    0x20,0x8e,0x25,0xff,0x0d,0x0c,0x0d,0xff,0x1a,0x68,0x1f,0xff,0x2a,0xcd,0x32,0xff,
    0x2d,0xe2,0x36,0xff,0x2c,0xe0,0x36,0xff,0x2b,0xd4,0x33,0xff,0x20,0x90,0x26,0xff,
    0x0d,0x0b,0x0d,0xff,0x0d,0x0c,0x0d,0xff,0x0d,0x0d,0x0d,0xff,0x0d,0x0d,0x0d,0xff,
    0x0d,0x0d,0x0d,0xff,0x0d,0x0d,0x0d,0xfe,0x0d,0x0d,0x0d,0xff,0x0d,0x0d,0x0d,0xff,
    0x0d,0x0d,0x0d,0xff,0x0b,0x00,0x0a,0xff,0x1c,0x70,0x20,0xff,0x2d,0xe2,0x36,0xff,
    0x2c,0xde,0x35,0xff,0x2c,0xdd,0x35,0xff,0x2c,0xdd,0x35,0xff,0x2c,0xdd,0x35,0xff,
    0x2c,0xdd,0x35,0xff,0x2d,0xe6,0x37,0xff,0x26,0xb4,0x2d,0xff,0x12,0x2c,0x14,0xff,
    0x0d,0x0d,0x0d,0xff,0x0d,0x0d,0x0d,0xff,0x0d,0x0d,0x0d,0xff,0x0d,0x0d,0x0d,0xff,
    0x0d,0x0d,0x0d,0xe8,0x0b,0x0b,0x0b,0x84,0x00,0x00,0x00,0x00,0x00,0x00,0x00,0x00,
    0x00,0x00,0x00,0x00,0x00,0x00,0x00,0x00,0x00,0x00,0x00,0x00,0x00,0x00,0x00,0x00,
    0x00,0x00,0x00,0x00,0x00,0x00,0x00,0x00,0x00,0x00,0x00,0x00,0x00,0x00,0x00,0x00,
    0x00,0x00,0x00,0x00,0x00,0x00,0x00,0x00,0x00,0x00,0x00,0x00,0x00,0x00,0x00,0x00,
    0x00,0x00,0x00,0x00,0x00,0x00,0x00,0x00,0x00,0x00,0x00,0x00,0x00,0x00,0x00,0x00,
    0x00,0x00,0x00,0x00,0x00,0x00,0x00,0x00,0x00,0x00,0x00,0x00,0x00,0x00,0x00,0x00,
    0x00,0x00,0x00,0x00,0x00,0x00,0x00,0x00,0x00,0x00,0x00,0x00,0x00,0x00,0x00,0x00,
    0x00,0x00,0x00,0x00,0x00,0x00,0x00,0x00,0x00,0x00,0x00,0x00,0x00,0x00,0x00,0x00,
    0x00,0x00,0x00,0x00,0x00,0x00,0x00,0x00,0x00,0x00,0x00,0x00,0x00,0x00,0x00,0x00,
    0x00,0x00,0x00,0x03,0x0d,0x0d,0x0d,0x4d,0x0c,0x0c,0x0c,0xe2,0x0d,0x0d,0x0d,0xff,
    0x0d,0x0d,0x0d,0xff,0x0d,0x0c,0x0d,0xff,0x0e,0x11,0x0e,0xff,0x15,0x40,0x16,0xff,
    0x2a,0xcf,0x32,0xff,0x2d,0xe2,0x36,0xff,0x2c,0xdd,0x35,0xff,0x2d,0xe4,0x37,0xff,
    0x24,0xaa,0x2b,0xff,0x0d,0x08,0x0c,0xff,0x1c,0x72,0x21,0xff,0x2a,0xd0,0x32,0xff,
    0x2d,0xe1,0x36,0xff,0x2d,0xe2,0x36,0xff,0x29,0xca,0x31,0xff,0x1d,0x76,0x22,0xff,
    0x0d,0x0b,0x0d,0xff,0x0d,0x0c,0x0d,0xff,0x0d,0x0d,0x0d,0xff,0x0d,0x0d,0x0d,0xff,
    0x0c,0x0c,0x0c,0xe6,0x0c,0x0c,0x0c,0xd1,0x0d,0x0d,0x0d,0xff,0x0d,0x0d,0x0d,0xff,
    0x0d,0x0d,0x0d,0xff,0x0b,0x02,0x0b,0xff,0x18,0x55,0x1b,0xff,0x28,0xbf,0x2f,0xff,
    0x2d,0xe1,0x36,0xff,0x2c,0xdd,0x35,0xff,0x2c,0xdd,0x35,0xff,0x2c,0xdd,0x35,0xff,
    0x2c,0xde,0x35,0xff,0x2c,0xdc,0x35,0xff,0x21,0x95,0x27,0xff,0x0c,0x07,0x0c,0xff,
    0x0d,0x0d,0x0d,0xff,0x0d,0x0d,0x0d,0xff,0x0d,0x0d,0x0d,0xff,0x0e,0x0e,0x0e,0xff,
    0x0b,0x0b,0x0b,0xc3,0x0a,0x0a,0x0a,0x30,0x00,0x00,0x00,0x00,0x00,0x00,0x00,0x00,
    0x00,0x00,0x00,0x00,0x00,0x00,0x00,0x00,0x00,0x00,0x00,0x00,0x00,0x00,0x00,0x00,
    0x00,0x00,0x00,0x00,0x00,0x00,0x00,0x00,0x00,0x00,0x00,0x00,0x00,0x00,0x00,0x00,
    0x00,0x00,0x00,0x00,0x00,0x00,0x00,0x00,0x00,0x00,0x00,0x00,0x00,0x00,0x00,0x00,
    0x00,0x00,0x00,0x00,0x00,0x00,0x00,0x00,0x00,0x00,0x00,0x00,0x00,0x00,0x00,0x00,
    0x00,0x00,0x00,0x00,0x00,0x00,0x00,0x00,0x00,0x00,0x00,0x00,0x00,0x00,0x00,0x00,
    0x00,0x00,0x00,0x00,0x00,0x00,0x00,0x00,0x00,0x00,0x00,0x00,0x00,0x00,0x00,0x00,
    0x00,0x00,0x00,0x00,0x00,0x00,0x00,0x00,0x00,0x00,0x00,0x00,0x00,0x00,0x00,0x00,
    0x00,0x00,0x00,0x00,0x00,0x00,0x00,0x00,0x00,0x00,0x00,0x00,0x00,0x00,0x00,0x00,
    0x00,0x00,0x00,0x01,0x15,0x15,0x15,0x0c,0x0c,0x0c,0x0c,0xd8,0x0e,0x0e,0x0e,0xff,
    0x0d,0x0d,0x0d,0xff,0x0d,0x0d,0x0d,0xff,0x0d,0x0c,0x0d,0xff,0x0e,0x16,0x0f,0xff,
    0x28,0xc2,0x30,0xff,0x2c,0xe1,0x35,0xff,0x2c,0xdd,0x35,0xff,0x2d,0xe5,0x36,0xff,
    0x26,0xb9,0x2e,0xff,0x12,0x31,0x14,0xff,0x1e,0x84,0x24,0xff,0x2a,0xd2,0x33,0xff,
    0x2c,0xe0,0x36,0xff,0x2d,0xe4,0x37,0xff,0x28,0xbc,0x2f,0xff,0x17,0x50,0x1a,0xff,
    0x0d,0x0c,0x0d,0xff,0x0d,0x0d,0x0d,0xff,0x0d,0x0d,0x0d,0xff,0x0d,0x0d,0x0d,0xff,
    0x0c,0x0c,0x0c,0xca,0x0d,0x0d,0x0d,0x9c,0x0d,0x0d,0x0d,0xff,0x0d,0x0d,0x0d,0xff,
    0x0d,0x0d,0x0d,0xff,0x0c,0x06,0x0c,0xff,0x13,0x37,0x15,0xff,0x22,0x98,0x27,0xff,
    0x2d,0xe4,0x37,0xff,0x2c,0xdd,0x35,0xff,0x2c,0xdd,0x35,0xff,0x2c,0xdd,0x35,0xff,
    0x2e,0xe7,0x37,0xff,0x25,0xb0,0x2c,0xff,0x16,0x47,0x18,0xff,0x0d,0x07,0x0b,0xff,
    0x0d,0x0d,0x0d,0xff,0x0d,0x0d,0x0d,0xff,0x0d,0x0d,0x0d,0xff,0x0c,0x0c,0x0c,0xf6,
    0x0b,0x0b,0x0b,0x89,0x00,0x00,0x00,0x00,0x00,0x00,0x00,0x00,0x00,0x00,0x00,0x00,
    0x00,0x00,0x00,0x00,0x00,0x00,0x00,0x00,0x00,0x00,0x00,0x00,0x00,0x00,0x00,0x00,
    0x00,0x00,0x00,0x00,0x00,0x00,0x00,0x00,0x00,0x00,0x00,0x00,0x00,0x00,0x00,0x00,
    0x00,0x00,0x00,0x00,0x00,0x00,0x00,0x00,0x00,0x00,0x00,0x00,0x00,0x00,0x00,0x00,
    0x00,0x00,0x00,0x00,0x00,0x00,0x00,0x00,0x00,0x00,0x00,0x00,0x00,0x00,0x00,0x00,
    0x00,0x00,0x00,0x00,0x00,0x00,0x00,0x00,0x00,0x00,0x00,0x00,0x00,0x00,0x00,0x00,
    0x00,0x00,0x00,0x00,0x00,0x00,0x00,0x00,0x00,0x00,0x00,0x00,0x00,0x00,0x00,0x00,
    0x00,0x00,0x00,0x00,0x00,0x00,0x00,0x00,0x00,0x00,0x00,0x00,0x00,0x00,0x00,0x00,
    0x00,0x00,0x00,0x00,0x00,0x00,0x00,0x00,0x00,0x00,0x00,0x00,0x00,0x00,0x00,0x00,
    0x00,0x00,0x00,0x00,0x00,0x00,0x00,0x00,0x0c,0x0c,0x0c,0xb2,0x0d,0x0d,0x0d,0xfe,
    0x0d,0x0d,0x0d,0xff,0x0d,0x0d,0x0d,0xff,0x0d,0x0b,0x0d,0xff,0x0d,0x0b,0x0d,0xff,
    0x22,0x9a,0x28,0xff,0x2b,0xd6,0x33,0xff,0x2d,0xe0,0x36,0xff,0x2c,0xe1,0x35,0xff,
    0x29,0xce,0x32,0xff,0x21,0x94,0x27,0xff,0x26,0xb5,0x2e,0xff,0x2b,0xd8,0x34,0xff,
    0x2c,0xde,0x35,0xff,0x2e,0xe8,0x37,0xff,0x25,0xb1,0x2c,0xff,0x11,0x2a,0x12,0xff,
    0x0d,0x0d,0x0d,0xff,0x0d,0x0d,0x0d,0xff,0x0d,0x0d,0x0d,0xff,0x0e,0x0e,0x0e,0xff,
    0x0d,0x0d,0x0d,0xaf,0x0c,0x0c,0x0c,0x69,0x0e,0x0e,0x0e,0xff,0x0d,0x0d,0x0d,0xff,
    0x0d,0x0d,0x0d,0xff,0x0d,0x09,0x0c,0xff,0x10,0x21,0x11,0xff,0x1e,0x7c,0x22,0xff,
    0x2e,0xe7,0x37,0xff,0x2c,0xdd,0x35,0xff,0x2c,0xdd,0x35,0xff,0x2c,0xde,0x35,0xff,
    0x2d,0xe1,0x36,0xff,0x1f,0x82,0x23,0xff,0x0d,0x0e,0x0d,0xff,0x0d,0x0c,0x0d,0xff,
    0x0d,0x0d,0x0d,0xff,0x0d,0x0d,0x0d,0xff,0x0e,0x0e,0x0e,0xff,0x0b,0x0b,0x0b,0xcb,
    0x09,0x09,0x09,0x4e,0x00,0x00,0x00,0x00,0x00,0x00,0x00,0x00,0x00,0x00,0x00,0x00,
    0x00,0x00,0x00,0x00,0x00,0x00,0x00,0x00,0x00,0x00,0x00,0x00,0x00,0x00,0x00,0x00,
    0x00,0x00,0x00,0x00,0x00,0x00,0x00,0x00,0x00,0x00,0x00,0x00,0x00,0x00,0x00,0x00,
    0x00,0x00,0x00,0x00,0x00,0x00,0x00,0x00,0x00,0x00,0x00,0x00,0x00,0x00,0x00,0x00,
    0x00,0x00,0x00,0x00,0x00,0x00,0x00,0x00,0x00,0x00,0x00,0x00,0x00,0x00,0x00,0x00,
    0x00,0x00,0x00,0x00,0x00,0x00,0x00,0x00,0x00,0x00,0x00,0x00,0x00,0x00,0x00,0x00,
    0x00,0x00,0x00,0x00,0x00,0x00,0x00,0x00,0x00,0x00,0x00,0x00,0x00,0x00,0x00,0x00,
    0x00,0x00,0x00,0x00,0x00,0x00,0x00,0x00,0x00,0x00,0x00,0x00,0x00,0x00,0x00,0x00,
    0x00,0x00,0x00,0x00,0x00,0x00,0x00,0x00,0x00,0x00,0x00,0x00,0x00,0x00,0x00,0x00,
    0x00,0x00,0x00,0x00,0x00,0x00,0x00,0x00,0x0c,0x0c,0x0c,0x7b,0x0c,0x0c,0x0c,0xe4,
    0x0d,0x0d,0x0d,0xff,0x0d,0x0d,0x0d,0xff,0x0d,0x0c,0x0d,0xff,0x0d,0x0d,0x0d,0xff,
    0x1b,0x67,0x1e,0xff,0x29,0xc6,0x31,0xff,0x2d,0xe3,0x36,0xff,0x2c,0xdd,0x35,0xff,
    0x2c,0xdc,0x35,0xff,0x2c,0xd8,0x34,0xff,0x2b,0xda,0x35,0xff,0x2c,0xdc,0x35,0xff,
    0x2c,0xdd,0x35,0xff,0x2d,0xe6,0x36,0xff,0x23,0xa2,0x2a,0xff,0x0d,0x0f,0x0d,0xff,
    0x0d,0x0d,0x0d,0xff,0x0d,0x0d,0x0d,0xff,0x0d,0x0d,0x0d,0xff,0x0e,0x0e,0x0e,0xff,
    0x0d,0x0d,0x0d,0x9a,0x0c,0x0c,0x0c,0x3f,0x0e,0x0e,0x0e,0xff,0x0d,0x0d,0x0d,0xff,
    0x0d,0x0d,0x0d,0xff,0x0d,0x0b,0x0c,0xff,0x0e,0x0e,0x0d,0xff,0x1b,0x66,0x1e,0xff,
    0x2f,0xee,0x38,0xff,0x2c,0xdd,0x35,0xff,0x2c,0xdd,0x35,0xff,0x2d,0xe4,0x36,0xff,
    0x27,0xbc,0x2f,0xff,0x17,0x52,0x1b,0xff,0x0b,0x00,0x0b,0xff,0x0d,0x0d,0x0d,0xff,
    0x0d,0x0d,0x0d,0xff,0x0d,0x0d,0x0d,0xff,0x0e,0x0e,0x0e,0xff,0x0a,0x0a,0x0a,0x8e,
    0x0d,0x0d,0x0d,0x13,0x00,0x00,0x00,0x00,0x00,0x00,0x00,0x00,0x00,0x00,0x00,0x00,
    0x00,0x00,0x00,0x00,0x00,0x00,0x00,0x00,0x00,0x00,0x00,0x00,0x00,0x00,0x00,0x00,
    0x00,0x00,0x00,0x00,0x00,0x00,0x00,0x00,0x00,0x00,0x00,0x00,0x00,0x00,0x00,0x00,
    0x00,0x00,0x00,0x00,0x00,0x00,0x00,0x00,0x00,0x00,0x00,0x00,0x00,0x00,0x00,0x00,
    0x00,0x00,0x00,0x00,0x00,0x00,0x00,0x00,0x00,0x00,0x00,0x00,0x00,0x00,0x00,0x00,
    0x00,0x00,0x00,0x00,0x00,0x00,0x00,0x00,0x00,0x00,0x00,0x00,0x00,0x00,0x00,0x00,
    0x00,0x00,0x00,0x00,0x00,0x00,0x00,0x00,0x00,0x00,0x00,0x00,0x00,0x00,0x00,0x00,
    0x00,0x00,0x00,0x00,0x00,0x00,0x00,0x00,0x00,0x00,0x00,0x00,0x00,0x00,0x00,0x00,
    0x00,0x00,0x00,0x00,0x00,0x00,0x00,0x00,0x00,0x00,0x00,0x00,0x00,0x00,0x00,0x00,
    0x00,0x00,0x00,0x00,0x00,0x00,0x00,0x00,0x0b,0x0b,0x0b,0x41,0x0c,0x0c,0x0c,0xc9,
    0x0e,0x0e,0x0e,0xff,0x0d,0x0d,0x0d,0xff,0x0d,0x0c,0x0d,0xff,0x0d,0x0d,0x0d,0xff,
    0x14,0x3b,0x16,0xff,0x26,0xba,0x2f,0xff,0x2d,0xe6,0x36,0xff,0x2c,0xdd,0x35,0xff,
    0x2c,0xdd,0x35,0xff,0x2c,0xdf,0x35,0xff,0x2c,0xde,0x35,0xff,0x2c,0xdd,0x35,0xff,
    0x2c,0xdf,0x35,0xff,0x2b,0xd9,0x34,0xff,0x20,0x89,0x25,0xff,0x0b,0x02,0x0c,0xff,
    0x0d,0x0d,0x0d,0xff,0x0d,0x0d,0x0d,0xff,0x0d,0x0d,0x0d,0xff,0x0e,0x0e,0x0e,0xff,
    0x0d,0x0d,0x0d,0x85,0x0d,0x0d,0x0d,0x26,0x0d,0x0d,0x0d,0xff,0x0d,0x0d,0x0d,0xff,
    0x0d,0x0d,0x0d,0xff,0x0d,0x0d,0x0d,0xff,0x0c,0x02,0x0b,0xff,0x16,0x4a,0x19,0xff,
    0x2b,0xd7,0x34,0xff,0x2d,0xe1,0x36,0xff,0x2c,0xe0,0x36,0xff,0x2d,0xe4,0x37,0xff,
    0x1e,0x80,0x23,0xff,0x10,0x21,0x11,0xff,0x0c,0x09,0x0c,0xff,0x0d,0x0d,0x0d,0xff,
    0x0d,0x0d,0x0d,0xff,0x0d,0x0d,0x0d,0xff,0x0d,0x0d,0x0d,0xd6,0x0a,0x0a,0x0a,0x4b,
    0x00,0x00,0x00,0x00,0x00,0x00,0x00,0x01,0x00,0x00,0x00,0x00,0x00,0x00,0x00,0x00,
    0x00,0x00,0x00,0x00,0x00,0x00,0x00,0x00,0x00,0x00,0x00,0x00,0x00,0x00,0x00,0x00,
    0x00,0x00,0x00,0x00,0x00,0x00,0x00,0x00,0x00,0x00,0x00,0x00,0x00,0x00,0x00,0x00,
    0x00,0x00,0x00,0x00,0x00,0x00,0x00,0x00,0x00,0x00,0x00,0x00,0x00,0x00,0x00,0x00,
    0x00,0x00,0x00,0x00,0x00,0x00,0x00,0x00,0x00,0x00,0x00,0x00,0x00,0x00,0x00,0x00,
    0x00,0x00,0x00,0x00,0x00,0x00,0x00,0x00,0x00,0x00,0x00,0x00,0x00,0x00,0x00,0x00,
    0x00,0x00,0x00,0x00,0x00,0x00,0x00,0x00,0x00,0x00,0x00,0x00,0x00,0x00,0x00,0x00,
    0x00,0x00,0x00,0x00,0x00,0x00,0x00,0x00,0x00,0x00,0x00,0x00,0x00,0x00,0x00,0x00,
    0x00,0x00,0x00,0x00,0x00,0x00,0x00,0x00,0x00,0x00,0x00,0x00,0x00,0x00,0x00,0x00,
    0x00,0x00,0x00,0x00,0x00,0x00,0x00,0x00,0x13,0x13,0x13,0x0d,0x0d,0x0d,0x0d,0xaf,
    0x0e,0x0e,0x0e,0xff,0x0d,0x0d,0x0d,0xff,0x0d,0x0d,0x0d,0xff,0x0d,0x0d,0x0d,0xff,
    0x0e,0x1b,0x10,0xff,0x25,0xae,0x2c,0xff,0x2e,0xe6,0x37,0xff,0x2c,0xdd,0x35,0xff,
    0x2c,0xdd,0x35,0xff,0x2c,0xdd,0x35,0xff,0x2c,0xdd,0x35,0xff,0x2c,0xdd,0x35,0xff,
    0x2d,0xe2,0x36,0xff,0x28,0xc3,0x30,0xff,0x1a,0x68,0x1e,0xff,0x0c,0x04,0x0b,0xff,
    0x0d,0x0d,0x0d,0xff,0x0d,0x0d,0x0d,0xff,0x0d,0x0d,0x0d,0xff,0x0d,0x0d,0x0d,0xe8,
    0x0c,0x0c,0x0c,0x65,0x09,0x09,0x09,0x1c,0x0d,0x0d,0x0d,0xd1,0x0d,0x0d,0x0d,0xfe,
    0x0d,0x0d,0x0d,0xff,0x0d,0x0d,0x0d,0xff,0x0c,0x08,0x0c,0xff,0x10,0x24,0x11,0xff,
    0x1d,0x79,0x22,0xff,0x2b,0xd7,0x34,0xff,0x2b,0xd7,0x33,0xff,0x27,0xbb,0x2e,0xff,
    0x15,0x44,0x17,0xff,0x0b,0x02,0x0b,0xff,0x0d,0x0d,0x0d,0xff,0x0d,0x0d,0x0d,0xff,
    0x0d,0x0d,0x0d,0xff,0x0d,0x0d,0x0d,0xff,0x0d,0x0d,0x0d,0x84,0x09,0x09,0x09,0x1a,
    0x00,0x00,0x00,0x00,0x00,0x00,0x00,0x00,0x00,0x00,0x00,0x00,0x00,0x00,0x00,0x00,
    0x00,0x00,0x00,0x00,0x00,0x00,0x00,0x00,0x00,0x00,0x00,0x00,0x00,0x00,0x00,0x00,
    0x00,0x00,0x00,0x00,0x00,0x00,0x00,0x00,0x00,0x00,0x00,0x00,0x00,0x00,0x00,0x00,
    0x00,0x00,0x00,0x00,0x00,0x00,0x00,0x00,0x00,0x00,0x00,0x00,0x00,0x00,0x00,0x00,
    0x00,0x00,0x00,0x00,0x00,0x00,0x00,0x00,0x00,0x00,0x00,0x00,0x00,0x00,0x00,0x00,
    0x00,0x00,0x00,0x00,0x00,0x00,0x00,0x00,0x00,0x00,0x00,0x00,0x00,0x00,0x00,0x00,
    0x00,0x00,0x00,0x00,0x00,0x00,0x00,0x00,0x00,0x00,0x00,0x00,0x00,0x00,0x00,0x00,
    0x00,0x00,0x00,0x00,0x00,0x00,0x00,0x00,0x00,0x00,0x00,0x00,0x00,0x00,0x00,0x00,
    0x00,0x00,0x00,0x00,0x00,0x00,0x00,0x00,0x00,0x00,0x00,0x00,0x00,0x00,0x00,0x00,
    0x00,0x00,0x00,0x00,0x00,0x00,0x00,0x00,0x00,0x00,0x00,0x00,0x0c,0x0c,0x0c,0x94,
    0x0d,0x0d,0x0d,0xff,0x0d,0x0d,0x0d,0xff,0x0d,0x0d,0x0d,0xff,0x0d,0x0d,0x0d,0xff,
    0x0c,0x05,0x0b,0xff,0x21,0x92,0x26,0xff,0x2c,0xdb,0x34,0xff,0x2c,0xdf,0x35,0xff,
    0x2c,0xdd,0x35,0xff,0x2c,0xdd,0x35,0xff,0x2c,0xdd,0x35,0xff,0x2c,0xdd,0x35,0xff,
    0x2d,0xe4,0x36,0xff,0x26,0xb5,0x2d,0xff,0x17,0x54,0x1a,0xff,0x0c,0x06,0x0c,0xff,
    0x0d,0x0d,0x0d,0xff,0x0d,0x0d,0x0d,0xff,0x0d,0x0d,0x0d,0xff,0x0c,0x0c,0x0c,0xc6,
    0x0b,0x0b,0x0b,0x45,0x0d,0x0d,0x0d,0x13,0x0c,0x0c,0x0c,0xa1,0x0d,0x0d,0x0d,0xfd,
    0x0d,0x0d,0x0d,0xff,0x0d,0x0d,0x0d,0xff,0x0d,0x0d,0x0d,0xff,0x0d,0x0b,0x0c,0xff,
    0x0e,0x1a,0x10,0xff,0x18,0x5a,0x1c,0xff,0x1b,0x6e,0x1f,0xff,0x11,0x26,0x12,0xff,
    0x0c,0x0b,0x0c,0xff,0x0d,0x0d,0x0d,0xff,0x0d,0x0d,0x0d,0xff,0x0d,0x0d,0x0d,0xff,
    0x0d,0x0d,0x0d,0xff,0x0c,0x0c,0x0c,0xf8,0x0b,0x0b,0x0b,0x41,0x00,0x00,0x00,0x00,
    0x00,0x00,0x00,0x00,0x00,0x00,0x00,0x00,0x00,0x00,0x00,0x00,0x00,0x00,0x00,0x00,
    0x00,0x00,0x00,0x00,0x00,0x00,0x00,0x00,0x00,0x00,0x00,0x00,0x00,0x00,0x00,0x00,
    0x00,0x00,0x00,0x00,0x00,0x00,0x00,0x00,0x00,0x00,0x00,0x00,0x00,0x00,0x00,0x00,
    0x00,0x00,0x00,0x00,0x00,0x00,0x00,0x00,0x00,0x00,0x00,0x00,0x00,0x00,0x00,0x00,
    0x00,0x00,0x00,0x00,0x00,0x00,0x00,0x00,0x00,0x00,0x00,0x00,0x00,0x00,0x00,0x00,
    0x00,0x00,0x00,0x00,0x00,0x00,0x00,0x00,0x00,0x00,0x00,0x00,0x00,0x00,0x00,0x00,
    0x00,0x00,0x00,0x00,0x00,0x00,0x00,0x00,0x00,0x00,0x00,0x00,0x00,0x00,0x00,0x00,
    0x00,0x00,0x00,0x00,0x00,0x00,0x00,0x00,0x00,0x00,0x00,0x00,0x00,0x00,0x00,0x00,
    0x00,0x00,0x00,0x00,0x00,0x00,0x00,0x00,0x00,0x00,0x00,0x00,0x00,0x00,0x00,0x00,
    0x00,0x00,0x00,0x00,0x00,0x00,0x00,0x00,0x00,0x00,0x00,0x00,0x0b,0x0b,0x0b,0x70,
    0x0c,0x0c,0x0c,0xe6,0x0d,0x0d,0x0d,0xff,0x0d,0x0d,0x0d,0xff,0x0d,0x0d,0x0d,0xff,
    0x0c,0x06,0x0c,0xff,0x1b,0x68,0x1f,0xff,0x28,0xc2,0x30,0xff,0x2d,0xe2,0x36,0xff,
    0x2c,0xdd,0x35,0xff,0x2c,0xdd,0x35,0xff,0x2c,0xdd,0x35,0xff,0x2c,0xdd,0x35,0xff,
    0x2d,0xe6,0x37,0xff,0x24,0xa7,0x2b,0xff,0x14,0x40,0x17,0xff,0x0c,0x08,0x0c,0xff,
    0x0d,0x0d,0x0d,0xff,0x0d,0x0d,0x0d,0xff,0x0e,0x0e,0x0e,0xff,0x0b,0x0b,0x0b,0xac,
    0x0a,0x0a,0x0a,0x31,0x00,0x00,0x00,0x00,0x0b,0x0b,0x0b,0x44,0x0d,0x0d,0x0d,0xff,
    0x0d,0x0d,0x0d,0xff,0x0d,0x0d,0x0d,0xff,0x0d,0x0d,0x0d,0xff,0x0d,0x0c,0x0d,0xff,
    0x0d,0x0d,0x0d,0xff,0x0e,0x16,0x0f,0xff,0x0f,0x19,0x0f,0xff,0x0d,0x0d,0x0d,0xff,
    0x0d,0x0b,0x0d,0xff,0x0d,0x0d,0x0d,0xff,0x0d,0x0d,0x0d,0xff,0x0d,0x0d,0x0d,0xff,
    0x0d,0x0d,0x0d,0xff,0x0c,0x0c,0x0c,0xb5,0x0c,0x0c,0x0c,0x28,0x00,0x00,0x00,0x00,
    0x00,0x00,0x00,0x00,0x00,0x00,0x00,0x00,0x00,0x00,0x00,0x00,0x00,0x00,0x00,0x00,
    0x00,0x00,0x00,0x00,0x00,0x00,0x00,0x00,0x00,0x00,0x00,0x00,0x00,0x00,0x00,0x00,
    0x00,0x00,0x00,0x00,0x00,0x00,0x00,0x00,0x00,0x00,0x00,0x00,0x00,0x00,0x00,0x00,
    0x00,0x00,0x00,0x00,0x00,0x00,0x00,0x00,0x00,0x00,0x00,0x00,0x00,0x00,0x00,0x00,
    0x00,0x00,0x00,0x00,0x00,0x00,0x00,0x00,0x00,0x00,0x00,0x00,0x00,0x00,0x00,0x00,
    0x00,0x00,0x00,0x00,0x00,0x00,0x00,0x00,0x00,0x00,0x00,0x00,0x00,0x00,0x00,0x00,
    0x00,0x00,0x00,0x00,0x00,0x00,0x00,0x00,0x00,0x00,0x00,0x00,0x00,0x00,0x00,0x00,
    0x00,0x00,0x00,0x00,0x00,0x00,0x00,0x00,0x00,0x00,0x00,0x00,0x00,0x00,0x00,0x00,
    0x00,0x00,0x00,0x00,0x00,0x00,0x00,0x00,0x00,0x00,0x00,0x00,0x00,0x00,0x00,0x00,
    0x00,0x00,0x00,0x00,0x00,0x00,0x00,0x00,0x00,0x00,0x00,0x00,0x0a,0x0a,0x0a,0x46,
    0x0b,0x0b,0x0b,0xc1,0x0e,0x0e,0x0e,0xff,0x0d,0x0d,0x0d,0xff,0x0d,0x0d,0x0d,0xff,
    0x0d,0x09,0x0c,0xff,0x14,0x3d,0x16,0xff,0x24,0xa8,0x2b,0xff,0x2e,0xe7,0x37,0xff,
    0x2c,0xdd,0x35,0xff,0x2c,0xdd,0x35,0xff,0x2c,0xdd,0x35,0xff,0x2c,0xdd,0x35,0xff,
    0x2e,0xea,0x37,0xff,0x21,0x94,0x28,0xff,0x10,0x24,0x12,0xff,0x0d,0x0a,0x0d,0xff,
    0x0d,0x0d,0x0d,0xff,0x0d,0x0d,0x0d,0xff,0x0e,0x0e,0x0e,0xff,0x0c,0x0c,0x0c,0x90,
    0x0b,0x0b,0x0b,0x16,0x00,0x00,0x00,0x00,0x00,0x00,0x00,0x12,0x0d,0x0d,0x0d,0x9a,
    0x0d,0x0d,0x0d,0xfe,0x0d,0x0d,0x0d,0xff,0x0d,0x0d,0x0d,0xfe,0x0d,0x0d,0x0d,0xff,
    0x0d,0x0d,0x0d,0xff,0x0d,0x0a,0x0c,0xff,0x0c,0x09,0x0c,0xff,0x0d,0x0c,0x0d,0xff,
    0x0d,0x0d,0x0d,0xff,0x0d,0x0d,0x0d,0xff,0x0d,0x0d,0x0d,0xff,0x0d,0x0d,0x0d,0xff,
    0x0d,0x0d,0x0d,0xe4,0x0b,0x0b,0x0b,0x40,0x33,0x33,0x33,0x05,0x00,0x00,0x00,0x00,
    0x00,0x00,0x00,0x00,0x00,0x00,0x00,0x00,0x00,0x00,0x00,0x00,0x00,0x00,0x00,0x00,
    0x00,0x00,0x00,0x00,0x00,0x00,0x00,0x00,0x00,0x00,0x00,0x00,0x00,0x00,0x00,0x00,
    0x00,0x00,0x00,0x00,0x00,0x00,0x00,0x00,0x00,0x00,0x00,0x00,0x00,0x00,0x00,0x00,
    0x00,0x00,0x00,0x00,0x00,0x00,0x00,0x00,0x00,0x00,0x00,0x00,0x00,0x00,0x00,0x00,
    0x00,0x00,0x00,0x00,0x00,0x00,0x00,0x00,0x00,0x00,0x00,0x00,0x00,0x00,0x00,0x00,
    0x00,0x00,0x00,0x00,0x00,0x00,0x00,0x00,0x00,0x00,0x00,0x00,0x00,0x00,0x00,0x00,
    0x00,0x00,0x00,0x00,0x00,0x00,0x00,0x00,0x00,0x00,0x00,0x00,0x00,0x00,0x00,0x00,
    0x00,0x00,0x00,0x00,0x00,0x00,0x00,0x00,0x00,0x00,0x00,0x00,0x00,0x00,0x00,0x00,
    0x00,0x00,0x00,0x00,0x00,0x00,0x00,0x00,0x00,0x00,0x00,0x00,0x00,0x00,0x00,0x00,
    0x00,0x00,0x00,0x00,0x00,0x00,0x00,0x00,0x00,0x00,0x00,0x00,0x0a,0x0a,0x0a,0x18,
    0x0d,0x0d,0x0d,0x9c,0x0e,0x0e,0x0e,0xff,0x0d,0x0d,0x0d,0xff,0x0d,0x0d,0x0d,0xff,
    0x0d,0x0c,0x0c,0xff,0x0e,0x16,0x0f,0xff,0x20,0x8f,0x26,0xff,0x2e,0xea,0x37,0xff,
    0x2c,0xdd,0x35,0xff,0x2c,0xdd,0x35,0xff,0x2c,0xdd,0x35,0xff,0x2c,0xdd,0x35,0xff,
    0x2d,0xe7,0x37,0xff,0x1e,0x7d,0x23,0xff,0x0d,0x0a,0x0d,0xff,0x0d,0x0c,0x0d,0xff,
    0x0d,0x0d,0x0d,0xff,0x0d,0x0d,0x0d,0xff,0x0e,0x0e,0x0e,0xff,0x0d,0x0d,0x0d,0x71,
    0x00,0x00,0x00,0x00,0x00,0x00,0x00,0x00,0x00,0x00,0x00,0x01,0x0c,0x0c,0x0c,0x29,
    0x0c,0x0c,0x0c,0xa3,0x0d,0x0d,0x0d,0xf9,0x0d,0x0d,0x0d,0xff,0x0d,0x0d,0x0d,0xff,
    0x0d,0x0d,0x0d,0xff,0x0d,0x0d,0x0d,0xff,0x0d,0x0d,0x0d,0xff,0x0d,0x0d,0x0d,0xff,
    0x0d,0x0d,0x0d,0xff,0x0d,0x0d,0x0d,0xff,0x0d,0x0d,0x0d,0xff,0x0c,0x0c,0x0c,0xe2,
    0x0c,0x0c,0x0c,0x77,0x00,0x00,0x00,0x04,0x00,0x00,0x00,0x00,0x00,0x00,0x00,0x01,
    0x00,0x00,0x00,0x00,0x00,0x00,0x00,0x00,0x00,0x00,0x00,0x00,0x00,0x00,0x00,0x00,
    0x00,0x00,0x00,0x00,0x00,0x00,0x00,0x00,0x00,0x00,0x00,0x00,0x00,0x00,0x00,0x00,
    0x00,0x00,0x00,0x00,0x00,0x00,0x00,0x00,0x00,0x00,0x00,0x00,0x00,0x00,0x00,0x00,
    0x00,0x00,0x00,0x00,0x00,0x00,0x00,0x00,0x00,0x00,0x00,0x00,0x00,0x00,0x00,0x00,
    0x00,0x00,0x00,0x00,0x00,0x00,0x00,0x00,0x00,0x00,0x00,0x00,0x00,0x00,0x00,0x00,
    0x00,0x00,0x00,0x00,0x00,0x00,0x00,0x00,0x00,0x00,0x00,0x00,0x00,0x00,0x00,0x00,
    0x00,0x00,0x00,0x00,0x00,0x00,0x00,0x00,0x00,0x00,0x00,0x00,0x00,0x00,0x00,0x00,
    0x00,0x00,0x00,0x00,0x00,0x00,0x00,0x00,0x00,0x00,0x00,0x00,0x00,0x00,0x00,0x00,
    0x00,0x00,0x00,0x00,0x00,0x00,0x00,0x00,0x00,0x00,0x00,0x00,0x00,0x00,0x00,0x00,
    0x00,0x00,0x00,0x00,0x00,0x00,0x00,0x00,0x00,0x00,0x00,0x00,0x00,0x00,0x00,0x00,
    0x0c,0x0c,0x0c,0x76,0x0d,0x0d,0x0d,0xff,0x0d,0x0d,0x0d,0xff,0x0d,0x0d,0x0d,0xff,
    0x0d,0x0d,0x0d,0xff,0x0b,0x00,0x0a,0xff,0x1c,0x73,0x21,0xff,0x2b,0xdc,0x35,0xff,
    0x2c,0xde,0x35,0xff,0x2c,0xdd,0x35,0xff,0x2c,0xdd,0x35,0xff,0x2c,0xdf,0x35,0xff,
    0x2b,0xd7,0x34,0xff,0x1a,0x67,0x1e,0xff,0x0b,0x00,0x0a,0xff,0x0d,0x0d,0x0d,0xff,
    0x0d,0x0d,0x0d,0xff,0x0d,0x0d,0x0d,0xff,0x0c,0x0c,0x0c,0xf6,0x0b,0x0b,0x0b,0x56,
    0x00,0x00,0x00,0x00,0x00,0x00,0x00,0x00,0x00,0x00,0x00,0x00,0x00,0x00,0x00,0x00,
    0x0c,0x0c,0x0c,0x29,0x0c,0x0c,0x0c,0x9d,0x0b,0x0b,0x0b,0xeb,0x0d,0x0d,0x0d,0xff,
    0x0d,0x0d,0x0d,0xff,0x0d,0x0d,0x0d,0xff,0x0d,0x0d,0x0d,0xff,0x0d,0x0d,0x0d,0xff,
    0x0d,0x0d,0x0d,0xff,0x0c,0x0c,0x0c,0xfa,0x0c,0x0c,0x0c,0xc9,0x0b,0x0b,0x0b,0x72,
    0x00,0x00,0x00,0x0f,0x00,0x00,0x00,0x01,0x00,0x00,0x00,0x00,0x00,0x00,0x00,0x00,
    0x00,0x00,0x00,0x00,0x00,0x00,0x00,0x00,0x00,0x00,0x00,0x00,0x00,0x00,0x00,0x00,
    0x00,0x00,0x00,0x00,0x00,0x00,0x00,0x00,0x00,0x00,0x00,0x00,0x00,0x00,0x00,0x00,
    0x00,0x00,0x00,0x00,0x00,0x00,0x00,0x00,0x00,0x00,0x00,0x00,0x00,0x00,0x00,0x00,
    0x00,0x00,0x00,0x00,0x00,0x00,0x00,0x00,0x00,0x00,0x00,0x00,0x00,0x00,0x00,0x00,
    0x00,0x00,0x00,0x00,0x00,0x00,0x00,0x00,0x00,0x00,0x00,0x00,0x00,0x00,0x00,0x00,
    0x00,0x00,0x00,0x00,0x00,0x00,0x00,0x00,0x00,0x00,0x00,0x00,0x00,0x00,0x00,0x00,
    0x00,0x00,0x00,0x00,0x00,0x00,0x00,0x00,0x00,0x00,0x00,0x00,0x00,0x00,0x00,0x00,
    0x00,0x00,0x00,0x00,0x00,0x00,0x00,0x00,0x00,0x00,0x00,0x00,0x00,0x00,0x00,0x00,
    0x00,0x00,0x00,0x00,0x00,0x00,0x00,0x00,0x00,0x00,0x00,0x00,0x00,0x00,0x00,0x00,
    0x00,0x00,0x00,0x00,0x00,0x00,0x00,0x00,0x00,0x00,0x00,0x00,0x00,0x00,0x00,0x00,
    0x0c,0x0c,0x0c,0x55,0x0c,0x0c,0x0c,0xe1,0x0d,0x0d,0x0d,0xff,0x0d,0x0d,0x0d,0xff,
    0x0d,0x0d,0x0d,0xff,0x0b,0x02,0x0b,0xff,0x17,0x53,0x1b,0xff,0x26,0xba,0x2f,0xff,
    0x2d,0xe3,0x36,0xff,0x2c,0xdd,0x35,0xff,0x2c,0xdd,0x35,0xff,0x2d,0xe2,0x36,0xff,
    0x27,0xbb,0x2f,0xff,0x17,0x52,0x1a,0xff,0x0b,0x03,0x0b,0xff,0x0d,0x0d,0x0d,0xff,
    0x0d,0x0d,0x0d,0xff,0x0d,0x0d,0x0d,0xff,0x0c,0x0c,0x0c,0xcd,0x0b,0x0b,0x0b,0x42,
    0x00,0x00,0x00,0x00,0x00,0x00,0x00,0x00,0x00,0x00,0x00,0x00,0x00,0x00,0x00,0x00,
    0x00,0x00,0x00,0x00,0x0c,0x0c,0x0c,0x15,0x0c,0x0c,0x0c,0x78,0x0c,0x0c,0x0c,0xd0,
    0x0c,0x0c,0x0c,0xe2,0x0d,0x0d,0x0d,0xe9,0x0c,0x0c,0x0c,0xed,0x0d,0x0d,0x0d,0xe7,
    0x0c,0x0c,0x0c,0xe0,0x0b,0x0b,0x0b,0xac,0x0a,0x0a,0x0a,0x47,0x00,0x00,0x00,0x00,
    0x00,0x00,0x00,0x00,0x00,0x00,0x00,0x00,0x00,0x00,0x00,0x00,0x00,0x00,0x00,0x00,
    0x00,0x00,0x00,0x00,0x00,0x00,0x00,0x00,0x00,0x00,0x00,0x00,0x00,0x00,0x00,0x00,
    0x00,0x00,0x00,0x00,0x00,0x00,0x00,0x00,0x00,0x00,0x00,0x00,0x00,0x00,0x00,0x00,
    0x00,0x00,0x00,0x00,0x00,0x00,0x00,0x00,0x00,0x00,0x00,0x00,0x00,0x00,0x00,0x00,
    0x00,0x00,0x00,0x00,0x00,0x00,0x00,0x00,0x00,0x00,0x00,0x00,0x00,0x00,0x00,0x00,
    0x00,0x00,0x00,0x00,0x00,0x00,0x00,0x00,0x00,0x00,0x00,0x00,0x00,0x00,0x00,0x00,
    0x00,0x00,0x00,0x00,0x00,0x00,0x00,0x00,0x00,0x00,0x00,0x00,0x00,0x00,0x00,0x00,
    0x00,0x00,0x00,0x00,0x00,0x00,0x00,0x00,0x00,0x00,0x00,0x00,0x00,0x00,0x00,0x00,
    0x00,0x00,0x00,0x00,0x00,0x00,0x00,0x00,0x00,0x00,0x00,0x00,0x00,0x00,0x00,0x00,
    0x00,0x00,0x00,0x00,0x00,0x00,0x00,0x00,0x00,0x00,0x00,0x00,0x00,0x00,0x00,0x00,
    0x00,0x00,0x00,0x00,0x00,0x00,0x00,0x00,0x00,0x00,0x00,0x00,0x00,0x00,0x00,0x00,
    0x0c,0x0c,0x0c,0x3b,0x0c,0x0c,0x0c,0xb7,0x0d,0x0d,0x0d,0xff,0x0d,0x0d,0x0d,0xff,
    0x0d,0x0d,0x0d,0xff,0x0c,0x06,0x0c,0xff,0x14,0x3d,0x16,0xff,0x23,0xa1,0x29,0xff,
    0x2d,0xe5,0x36,0xff,0x2c,0xdd,0x35,0xff,0x2c,0xdd,0x35,0xff,0x2d,0xe4,0x36,0xff,
    0x22,0x9a,0x28,0xff,0x14,0x38,0x16,0xff,0x0c,0x06,0x0c,0xff,0x0d,0x0d,0x0d,0xff,
    0x0d,0x0d,0x0d,0xff,0x0d,0x0d,0x0d,0xff,0x0c,0x0c,0x0c,0xa1,0x0b,0x0b,0x0b,0x2b,
    0x00,0x00,0x00,0x00,0x00,0x00,0x00,0x00,0x00,0x00,0x00,0x00,0x00,0x00,0x00,0x00,
    0x00,0x00,0x00,0x00,0x00,0x00,0x00,0x00,0x00,0x00,0x00,0x00,0x00,0x00,0x00,0x01,
    0x11,0x11,0x11,0x1e,0x0c,0x0c,0x0c,0x53,0x0b,0x0b,0x0b,0x6c,0x0c,0x0c,0x0c,0x3f,
    0x15,0x15,0x15,0x0c,0x00,0x00,0x00,0x00,0x00,0x00,0x00,0x00,0x00,0x00,0x00,0x00,
    0x00,0x00,0x00,0x00,0x00,0x00,0x00,0x00,0x00,0x00,0x00,0x00,0x00,0x00,0x00,0x00,
    0x00,0x00,0x00,0x00,0x00,0x00,0x00,0x00,0x00,0x00,0x00,0x00,0x00,0x00,0x00,0x00,
    0x00,0x00,0x00,0x00,0x00,0x00,0x00,0x00,0x00,0x00,0x00,0x00,0x00,0x00,0x00,0x00,
    0x00,0x00,0x00,0x00,0x00,0x00,0x00,0x00,0x00,0x00,0x00,0x00,0x00,0x00,0x00,0x00,
    0x00,0x00,0x00,0x00,0x00,0x00,0x00,0x00,0x00,0x00,0x00,0x00,0x00,0x00,0x00,0x00,
    0x00,0x00,0x00,0x00,0x00,0x00,0x00,0x00,0x00,0x00,0x00,0x00,0x00,0x00,0x00,0x00,
    0x00,0x00,0x00,0x00,0x00,0x00,0x00,0x00,0x00,0x00,0x00,0x00,0x00,0x00,0x00,0x00,
    0x00,0x00,0x00,0x00,0x00,0x00,0x00,0x00,0x00,0x00,0x00,0x00,0x00,0x00,0x00,0x00,
    0x00,0x00,0x00,0x00,0x00,0x00,0x00,0x00,0x00,0x00,0x00,0x00,0x00,0x00,0x00,0x00,
    0x00,0x00,0x00,0x00,0x00,0x00,0x00,0x00,0x00,0x00,0x00,0x00,0x00,0x00,0x00,0x00,
    0x00,0x00,0x00,0x00,0x00,0x00,0x00,0x00,0x00,0x00,0x00,0x00,0x00,0x00,0x00,0x00,
    0x0b,0x0b,0x0b,0x17,0x0c,0x0c,0x0c,0x7f,0x0e,0x0e,0x0e,0xff,0x0d,0x0d,0x0d,0xff,
    0x0d,0x0d,0x0d,0xff,0x0c,0x0a,0x0c,0xff,0x10,0x20,0x11,0xff,0x1f,0x81,0x24,0xff,
    0x2e,0xe8,0x37,0xff,0x2c,0xdd,0x35,0xff,0x2c,0xdd,0x35,0xff,0x2d,0xe6,0x37,0xff,
    0x1f,0x86,0x25,0xff,0x11,0x29,0x13,0xff,0x0c,0x08,0x0c,0xff,0x0d,0x0d,0x0d,0xff,
    0x0d,0x0d,0x0d,0xff,0x0d,0x0d,0x0d,0xff,0x0b,0x0b,0x0b,0x84,0x09,0x09,0x09,0x1b,
    0x00,0x00,0x00,0x00,0x00,0x00,0x00,0x00,0x00,0x00,0x00,0x00,0x00,0x00,0x00,0x00,
    0x00,0x00,0x00,0x00,0x00,0x00,0x00,0x00,0x00,0x00,0x00,0x00,0x00,0x00,0x00,0x00,
    0x00,0x00,0x00,0x01,0x00,0x00,0x00,0x06,0x00,0x00,0x00,0x08,0x00,0x00,0x00,0x04,
    0x00,0x00,0x00,0x00,0x00,0x00,0x00,0x00,0x00,0x00,0x00,0x00,0x00,0x00,0x00,0x00,
    0x00,0x00,0x00,0x00,0x00,0x00,0x00,0x00,0x00,0x00,0x00,0x00,0x00,0x00,0x00,0x00,
    0x00,0x00,0x00,0x00,0x00,0x00,0x00,0x00,0x00,0x00,0x00,0x00,0x00,0x00,0x00,0x00,
    0x00,0x00,0x00,0x00,0x00,0x00,0x00,0x00,0x00,0x00,0x00,0x00,0x00,0x00,0x00,0x00,
    0x00,0x00,0x00,0x00,0x00,0x00,0x00,0x00,0x00,0x00,0x00,0x00,0x00,0x00,0x00,0x00,
    0x00,0x00,0x00,0x00,0x00,0x00,0x00,0x00,0x00,0x00,0x00,0x00,0x00,0x00,0x00,0x00,
    0x00,0x00,0x00,0x00,0x00,0x00,0x00,0x00,0x00,0x00,0x00,0x00,0x00,0x00,0x00,0x00,
    0x00,0x00,0x00,0x00,0x00,0x00,0x00,0x00,0x00,0x00,0x00,0x00,0x00,0x00,0x00,0x00,
    0x00,0x00,0x00,0x00,0x00,0x00,0x00,0x00,0x00,0x00,0x00,0x00,0x00,0x00,0x00,0x00,
    0x00,0x00,0x00,0x00,0x00,0x00,0x00,0x00,0x00,0x00,0x00,0x00,0x00,0x00,0x00,0x00,
    0x00,0x00,0x00,0x00,0x00,0x00,0x00,0x00,0x00,0x00,0x00,0x00,0x00,0x00,0x00,0x00,
    0x00,0x00,0x00,0x00,0x00,0x00,0x00,0x00,0x00,0x00,0x00,0x00,0x00,0x00,0x00,0x00,
    0x00,0x00,0x00,0x00,0x0f,0x0f,0x0f,0x53,0x0e,0x0e,0x0e,0xff,0x0d,0x0d,0x0d,0xff,
    0x0d,0x0d,0x0d,0xff,0x0d,0x0c,0x0d,0xff,0x0c,0x05,0x0c,0xff,0x1a,0x63,0x1e,0xff,
    0x2e,0xea,0x37,0xff,0x2c,0xe0,0x35,0xff,0x2c,0xdf,0x35,0xff,0x2f,0xf0,0x38,0xff,
    0x1c,0x71,0x20,0xff,0x0e,0x16,0x0e,0xff,0x0d,0x0a,0x0d,0xff,0x0d,0x0d,0x0d,0xff,
    0x0d,0x0d,0x0d,0xff,0x0e,0x0e,0x0e,0xff,0x0d,0x0d,0x0d,0x61,0x00,0x00,0x00,0x09,
    0x00,0x00,0x00,0x00,0x00,0x00,0x00,0x00,0x00,0x00,0x00,0x00,0x00,0x00,0x00,0x00,
    0x00,0x00,0x00,0x00,0x00,0x00,0x00,0x00,0x00,0x00,0x00,0x00,0x00,0x00,0x00,0x00,
    0x00,0x00,0x00,0x00,0x00,0x00,0x00,0x00,0x00,0x00,0x00,0x00,0x00,0x00,0x00,0x00,
    0x00,0x00,0x00,0x00,0x00,0x00,0x00,0x00,0x00,0x00,0x00,0x00,0x00,0x00,0x00,0x00,
    0x00,0x00,0x00,0x00,0x00,0x00,0x00,0x00,0x00,0x00,0x00,0x00,0x00,0x00,0x00,0x00,
    0x00,0x00,0x00,0x00,0x00,0x00,0x00,0x00,0x00,0x00,0x00,0x00,0x00,0x00,0x00,0x00,
    0x00,0x00,0x00,0x00,0x00,0x00,0x00,0x00,0x00,0x00,0x00,0x00,0x00,0x00,0x00,0x00,
    0x00,0x00,0x00,0x00,0x00,0x00,0x00,0x00,0x00,0x00,0x00,0x00,0x00,0x00,0x00,0x00,
    0x00,0x00,0x00,0x00,0x00,0x00,0x00,0x00,0x00,0x00,0x00,0x00,0x00,0x00,0x00,0x00,
    0x00,0x00,0x00,0x00,0x00,0x00,0x00,0x00,0x00,0x00,0x00,0x00,0x00,0x00,0x00,0x00,
    0x00,0x00,0x00,0x00,0x00,0x00,0x00,0x00,0x00,0x00,0x00,0x00,0x00,0x00,0x00,0x00,
    0x00,0x00,0x00,0x00,0x00,0x00,0x00,0x00,0x00,0x00,0x00,0x00,0x00,0x00,0x00,0x00,
    0x00,0x00,0x00,0x00,0x00,0x00,0x00,0x00,0x00,0x00,0x00,0x00,0x00,0x00,0x00,0x00,
    0x00,0x00,0x00,0x00,0x00,0x00,0x00,0x00,0x00,0x00,0x00,0x00,0x00,0x00,0x00,0x00,
    0x00,0x00,0x00,0x00,0x00,0x00,0x00,0x00,0x00,0x00,0x00,0x00,0x00,0x00,0x00,0x00,
    0x00,0x00,0x00,0x00,0x0d,0x0d,0x0d,0x3a,0x0c,0x0c,0x0c,0xee,0x0d,0x0d,0x0d,0xff,
    0x0d,0x0d,0x0d,0xff,0x0d,0x0d,0x0d,0xff,0x0b,0x04,0x0b,0xff,0x12,0x33,0x14,0xff,
    0x21,0x9a,0x28,0xff,0x2c,0xdc,0x35,0xff,0x2c,0xde,0x35,0xff,0x26,0xb1,0x2d,0xff,
    0x15,0x41,0x17,0xff,0x0c,0x09,0x0c,0xff,0x0d,0x0c,0x0d,0xff,0x0d,0x0d,0x0d,0xff,
    0x0d,0x0d,0x0d,0xff,0x0d,0x0d,0x0d,0xff,0x0c,0x0c,0x0c,0x3f,0x00,0x00,0x00,0x00,
    0x00,0x00,0x00,0x00,0x00,0x00,0x00,0x00,0x00,0x00,0x00,0x00,0x00,0x00,0x00,0x00,
    0x00,0x00,0x00,0x00,0x00,0x00,0x00,0x00,0x00,0x00,0x00,0x00,0x00,0x00,0x00,0x00,
    0x00,0x00,0x00,0x00,0x00,0x00,0x00,0x00,0x00,0x00,0x00,0x00,0x00,0x00,0x00,0x00,
    0x00,0x00,0x00,0x00,0x00,0x00,0x00,0x00,0x00,0x00,0x00,0x00,0x00,0x00,0x00,0x00,
    0x00,0x00,0x00,0x00,0x00,0x00,0x00,0x00,0x00,0x00,0x00,0x00,0x00,0x00,0x00,0x00,
    0x00,0x00,0x00,0x00,0x00,0x00,0x00,0x00,0x00,0x00,0x00,0x00,0x00,0x00,0x00,0x00,
    0x00,0x00,0x00,0x00,0x00,0x00,0x00,0x00,0x00,0x00,0x00,0x00,0x00,0x00,0x00,0x00,
    0x00,0x00,0x00,0x00,0x00,0x00,0x00,0x00,0x00,0x00,0x00,0x00,0x00,0x00,0x00,0x00,
    0x00,0x00,0x00,0x00,0x00,0x00,0x00,0x00,0x00,0x00,0x00,0x00,0x00,0x00,0x00,0x00,
    0x00,0x00,0x00,0x00,0x00,0x00,0x00,0x00,0x00,0x00,0x00,0x00,0x00,0x00,0x00,0x00,
    0x00,0x00,0x00,0x00,0x00,0x00,0x00,0x00,0x00,0x00,0x00,0x00,0x00,0x00,0x00,0x00,
    0x00,0x00,0x00,0x00,0x00,0x00,0x00,0x00,0x00,0x00,0x00,0x00,0x00,0x00,0x00,0x00,
    0x00,0x00,0x00,0x00,0x00,0x00,0x00,0x00,0x00,0x00,0x00,0x00,0x00,0x00,0x00,0x00,
    0x00,0x00,0x00,0x00,0x00,0x00,0x00,0x00,0x00,0x00,0x00,0x00,0x00,0x00,0x00,0x00,
    0x00,0x00,0x00,0x00,0x00,0x00,0x00,0x00,0x00,0x00,0x00,0x00,0x00,0x00,0x00,0x00,
    0x00,0x00,0x00,0x00,0x0c,0x0c,0x0c,0x29,0x0c,0x0c,0x0c,0xb6,0x0d,0x0d,0x0d,0xff,
    0x0d,0x0d,0x0d,0xff,0x0d,0x0d,0x0d,0xff,0x0c,0x0b,0x0c,0xff,0x0e,0x12,0x0e,0xff,
    0x13,0x37,0x16,0xff,0x1e,0x79,0x22,0xff,0x1d,0x7b,0x22,0xff,0x16,0x48,0x19,0xff,
    0x0f,0x18,0x0f,0xff,0x0c,0x09,0x0c,0xff,0x0d,0x0d,0x0d,0xff,0x0d,0x0d,0x0d,0xff,
    0x0d,0x0d,0x0d,0xff,0x0c,0x0c,0x0c,0xe0,0x0b,0x0b,0x0b,0x2b,0x00,0x00,0x00,0x00,
    0x00,0x00,0x00,0x00,0x00,0x00,0x00,0x00,0x00,0x00,0x00,0x00,0x00,0x00,0x00,0x00,
    0x00,0x00,0x00,0x00,0x00,0x00,0x00,0x00,0x00,0x00,0x00,0x00,0x00,0x00,0x00,0x00,
    0x00,0x00,0x00,0x00,0x00,0x00,0x00,0x00,0x00,0x00,0x00,0x00,0x00,0x00,0x00,0x00,
    0x00,0x00,0x00,0x00,0x00,0x00,0x00,0x00,0x00,0x00,0x00,0x00,0x00,0x00,0x00,0x00,
    0x00,0x00,0x00,0x00,0x00,0x00,0x00,0x00,0x00,0x00,0x00,0x00,0x00,0x00,0x00,0x00,
    0x00,0x00,0x00,0x00,0x00,0x00,0x00,0x00,0x00,0x00,0x00,0x00,0x00,0x00,0x00,0x00,
    0x00,0x00,0x00,0x00,0x00,0x00,0x00,0x00,0x00,0x00,0x00,0x00,0x00,0x00,0x00,0x00,
    0x00,0x00,0x00,0x00,0x00,0x00,0x00,0x00,0x00,0x00,0x00,0x00,0x00,0x00,0x00,0x00,
    0x00,0x00,0x00,0x00,0x00,0x00,0x00,0x00,0x00,0x00,0x00,0x00,0x00,0x00,0x00,0x00,
    0x00,0x00,0x00,0x00,0x00,0x00,0x00,0x00,0x00,0x00,0x00,0x00,0x00,0x00,0x00,0x00,
    0x00,0x00,0x00,0x00,0x00,0x00,0x00,0x00,0x00,0x00,0x00,0x00,0x00,0x00,0x00,0x00,
    0x00,0x00,0x00,0x00,0x00,0x00,0x00,0x00,0x00,0x00,0x00,0x00,0x00,0x00,0x00,0x00,
    0x00,0x00,0x00,0x00,0x00,0x00,0x00,0x00,0x00,0x00,0x00,0x00,0x00,0x00,0x00,0x00,
    0x00,0x00,0x00,0x00,0x00,0x00,0x00,0x00,0x00,0x00,0x00,0x00,0x00,0x00,0x00,0x00,
    0x00,0x00,0x00,0x00,0x00,0x00,0x00,0x00,0x00,0x00,0x00,0x00,0x00,0x00,0x00,0x00,
    0x00,0x00,0x00,0x00,0x0c,0x0c,0x0c,0x14,0x0b,0x0b,0x0b,0x71,0x0d,0x0d,0x0d,0xfc,
    0x0d,0x0d,0x0d,0xff,0x0d,0x0d,0x0d,0xff,0x0d,0x0d,0x0d,0xff,0x0d,0x0c,0x0d,0xff,
    0x0c,0x07,0x0c,0xff,0x0b,0x00,0x0a,0xff,0x0b,0x00,0x0a,0xff,0x0c,0x05,0x0b,0xff,
    0x0d,0x0b,0x0d,0xff,0x0d,0x0d,0x0d,0xff,0x0d,0x0d,0x0d,0xff,0x0d,0x0d,0x0d,0xff,
    0x0d,0x0d,0x0d,0xff,0x0b,0x0b,0x0b,0x97,0x12,0x12,0x12,0x1b,0x00,0x00,0x00,0x00,
    0x00,0x00,0x00,0x00,0x00,0x00,0x00,0x00,0x00,0x00,0x00,0x00,0x00,0x00,0x00,0x00,
    0x00,0x00,0x00,0x00,0x00,0x00,0x00,0x00,0x00,0x00,0x00,0x00,0x00,0x00,0x00,0x00,
    0x00,0x00,0x00,0x00,0x00,0x00,0x00,0x00,0x00,0x00,0x00,0x00,0x00,0x00,0x00,0x00,
    0x00,0x00,0x00,0x00,0x00,0x00,0x00,0x00,0x00,0x00,0x00,0x00,0x00,0x00,0x00,0x00,
    0x00,0x00,0x00,0x00,0x00,0x00,0x00,0x00,0x00,0x00,0x00,0x00,0x00,0x00,0x00,0x00,
    0x00,0x00,0x00,0x00,0x00,0x00,0x00,0x00,0x00,0x00,0x00,0x00,0x00,0x00,0x00,0x00,
    0x00,0x00,0x00,0x00,0x00,0x00,0x00,0x00,0x00,0x00,0x00,0x00,0x00,0x00,0x00,0x00,
    0x00,0x00,0x00,0x00,0x00,0x00,0x00,0x00,0x00,0x00,0x00,0x00,0x00,0x00,0x00,0x00,
    0x00,0x00,0x00,0x00,0x00,0x00,0x00,0x00,0x00,0x00,0x00,0x00,0x00,0x00,0x00,0x00,
    0x00,0x00,0x00,0x00,0x00,0x00,0x00,0x00,0x00,0x00,0x00,0x00,0x00,0x00,0x00,0x00,
    0x00,0x00,0x00,0x00,0x00,0x00,0x00,0x00,0x00,0x00,0x00,0x00,0x00,0x00,0x00,0x00,
    0x00,0x00,0x00,0x00,0x00,0x00,0x00,0x00,0x00,0x00,0x00,0x00,0x00,0x00,0x00,0x00,
    0x00,0x00,0x00,0x00,0x00,0x00,0x00,0x00,0x00,0x00,0x00,0x00,0x00,0x00,0x00,0x00,
    0x00,0x00,0x00,0x00,0x00,0x00,0x00,0x00,0x00,0x00,0x00,0x00,0x00,0x00,0x00,0x00,
    0x00,0x00,0x00,0x00,0x00,0x00,0x00,0x00,0x00,0x00,0x00,0x00,0x00,0x00,0x00,0x00,
    0x00,0x00,0x00,0x00,0x00,0x00,0x00,0x00,0x08,0x08,0x08,0x1e,0x0c,0x0c,0x0c,0xd2,
    0x0d,0x0d,0x0d,0xfe,0x0d,0x0d,0x0d,0xff,0x0d,0x0d,0x0d,0xff,0x0d,0x0d,0x0d,0xff,
    0x0d,0x0d,0x0d,0xff,0x0d,0x0d,0x0d,0xff,0x0d,0x0d,0x0d,0xff,0x0d,0x0d,0x0d,0xff,
    0x0d,0x0d,0x0d,0xff,0x0d,0x0d,0x0d,0xff,0x0d,0x0d,0x0d,0xff,0x0d,0x0d,0x0d,0xff,
    0x0c,0x0c,0x0c,0xe9,0x0c,0x0c,0x0c,0x29,0x00,0x00,0x00,0x00,0x00,0x00,0x00,0x00,
    0x00,0x00,0x00,0x00,0x00,0x00,0x00,0x00,0x00,0x00,0x00,0x00,0x00,0x00,0x00,0x00,
    0x00,0x00,0x00,0x00,0x00,0x00,0x00,0x00,0x00,0x00,0x00,0x00,0x00,0x00,0x00,0x00,
    0x00,0x00,0x00,0x00,0x00,0x00,0x00,0x00,0x00,0x00,0x00,0x00,0x00,0x00,0x00,0x00,
    0x00,0x00,0x00,0x00,0x00,0x00,0x00,0x00,0x00,0x00,0x00,0x00,0x00,0x00,0x00,0x00,
    0x00,0x00,0x00,0x00,0x00,0x00,0x00,0x00,0x00,0x00,0x00,0x00,0x00,0x00,0x00,0x00,
    0x00,0x00,0x00,0x00,0x00,0x00,0x00,0x00,0x00,0x00,0x00,0x00,0x00,0x00,0x00,0x00,
    0x00,0x00,0x00,0x00,0x00,0x00,0x00,0x00,0x00,0x00,0x00,0x00,0x00,0x00,0x00,0x00,
    0x00,0x00,0x00,0x00,0x00,0x00,0x00,0x00,0x00,0x00,0x00,0x00,0x00,0x00,0x00,0x00,
    0x00,0x00,0x00,0x00,0x00,0x00,0x00,0x00,0x00,0x00,0x00,0x00,0x00,0x00,0x00,0x00,
    0x00,0x00,0x00,0x00,0x00,0x00,0x00,0x00,0x00,0x00,0x00,0x00,0x00,0x00,0x00,0x00,
    0x00,0x00,0x00,0x00,0x00,0x00,0x00,0x00,0x00,0x00,0x00,0x00,0x00,0x00,0x00,0x00,
    0x00,0x00,0x00,0x00,0x00,0x00,0x00,0x00,0x00,0x00,0x00,0x00,0x00,0x00,0x00,0x00,
    0x00,0x00,0x00,0x00,0x00,0x00,0x00,0x00,0x00,0x00,0x00,0x00,0x00,0x00,0x00,0x00,
    0x00,0x00,0x00,0x00,0x00,0x00,0x00,0x00,0x00,0x00,0x00,0x00,0x00,0x00,0x00,0x00,
    0x00,0x00,0x00,0x00,0x00,0x00,0x00,0x00,0x00,0x00,0x00,0x00,0x00,0x00,0x00,0x00,
    0x00,0x00,0x00,0x00,0x00,0x00,0x00,0x00,0x00,0x00,0x00,0x07,0x0a,0x0a,0x0a,0x4c,
    0x0c,0x0c,0x0c,0xf3,0x0d,0x0d,0x0d,0xff,0x0d,0x0d,0x0d,0xff,0x0d,0x0d,0x0d,0xff,
    0x0d,0x0d,0x0d,0xff,0x0d,0x0d,0x0d,0xff,0x0d,0x0d,0x0d,0xff,0x0d,0x0d,0x0d,0xff,
    0x0d,0x0d,0x0d,0xff,0x0d,0x0d,0x0d,0xff,0x0d,0x0d,0x0d,0xff,0x0c,0x0c,0x0c,0xee,
    0x0a,0x0a,0x0a,0x63,0x00,0x00,0x00,0x08,0x00,0x00,0x00,0x00,0x00,0x00,0x00,0x00,
    0x00,0x00,0x00,0x00,0x00,0x00,0x00,0x00,0x00,0x00,0x00,0x00,0x00,0x00,0x00,0x00,
    0x00,0x00,0x00,0x00,0x00,0x00,0x00,0x00,0x00,0x00,0x00,0x00,0x00,0x00,0x00,0x00,
    0x00,0x00,0x00,0x00,0x00,0x00,0x00,0x00,0x00,0x00,0x00,0x00,0x00,0x00,0x00,0x00,
    0x00,0x00,0x00,0x00,0x00,0x00,0x00,0x00,0x00,0x00,0x00,0x00,0x00,0x00,0x00,0x00,
    0x00,0x00,0x00,0x00,0x00,0x00,0x00,0x00,0x00,0x00,0x00,0x00,0x00,0x00,0x00,0x00,
    0x00,0x00,0x00,0x00,0x00,0x00,0x00,0x00,0x00,0x00,0x00,0x00,0x00,0x00,0x00,0x00,
    0x00,0x00,0x00,0x00,0x00,0x00,0x00,0x00,0x00,0x00,0x00,0x00,0x00,0x00,0x00,0x00,
    0x00,0x00,0x00,0x00,0x00,0x00,0x00,0x00,0x00,0x00,0x00,0x00,0x00,0x00,0x00,0x00,
    0x00,0x00,0x00,0x00,0x00,0x00,0x00,0x00,0x00,0x00,0x00,0x00,0x00,0x00,0x00,0x00,
    0x00,0x00,0x00,0x00,0x00,0x00,0x00,0x00,0x00,0x00,0x00,0x00,0x00,0x00,0x00,0x00,
    0x00,0x00,0x00,0x00,0x00,0x00,0x00,0x00,0x00,0x00,0x00,0x00,0x00,0x00,0x00,0x00,
    0x00,0x00,0x00,0x00,0x00,0x00,0x00,0x00,0x00,0x00,0x00,0x00,0x00,0x00,0x00,0x00,
    0x00,0x00,0x00,0x00,0x00,0x00,0x00,0x00,0x00,0x00,0x00,0x00,0x00,0x00,0x00,0x00,
    0x00,0x00,0x00,0x00,0x00,0x00,0x00,0x00,0x00,0x00,0x00,0x00,0x00,0x00,0x00,0x00,
    0x00,0x00,0x00,0x00,0x00,0x00,0x00,0x00,0x00,0x00,0x00,0x00,0x00,0x00,0x00,0x00,
    0x00,0x00,0x00,0x00,0x00,0x00,0x00,0x00,0x00,0x00,0x00,0x00,0x00,0x00,0x00,0x08,
    0x0a,0x0a,0x0a,0x46,0x0c,0x0c,0x0c,0xbb,0x0d,0x0d,0x0d,0xff,0x0d,0x0d,0x0d,0xff,
    0x0d,0x0d,0x0d,0xff,0x0d,0x0d,0x0d,0xff,0x0d,0x0d,0x0d,0xff,0x0d,0x0d,0x0d,0xff,
    0x0d,0x0d,0x0d,0xff,0x0e,0x0e,0x0e,0xff,0x0c,0x0c,0x0c,0xe4,0x0a,0x0a,0x0a,0x65,
    0x00,0x00,0x00,0x0a,0x00,0x00,0x00,0x00,0x00,0x00,0x00,0x00,0x00,0x00,0x00,0x00,
    0x00,0x00,0x00,0x00,0x00,0x00,0x00,0x00,0x00,0x00,0x00,0x00,0x00,0x00,0x00,0x00,
    0x00,0x00,0x00,0x00,0x00,0x00,0x00,0x00,0x00,0x00,0x00,0x00,0x00,0x00,0x00,0x00,
    0x00,0x00,0x00,0x00,0x00,0x00,0x00,0x00,0x00,0x00,0x00,0x00,0x00,0x00,0x00,0x00,
    0x00,0x00,0x00,0x00,0x00,0x00,0x00,0x00,0x00,0x00,0x00,0x00,0x00,0x00,0x00,0x00,
    0x00,0x00,0x00,0x00,0x00,0x00,0x00,0x00,0x00,0x00,0x00,0x00,0x00,0x00,0x00,0x00,
    0x00,0x00,0x00,0x00,0x00,0x00,0x00,0x00,0x00,0x00,0x00,0x00,0x00,0x00,0x00,0x00,
    0x00,0x00,0x00,0x00,0x00,0x00,0x00,0x00,0x00,0x00,0x00,0x00,0x00,0x00,0x00,0x00,
    0x00,0x00,0x00,0x00,0x00,0x00,0x00,0x00,0x00,0x00,0x00,0x00,0x00,0x00,0x00,0x00,
    0x00,0x00,0x00,0x00,0x00,0x00,0x00,0x00,0x00,0x00,0x00,0x00,0x00,0x00,0x00,0x00,
    0x00,0x00,0x00,0x00,0x00,0x00,0x00,0x00,0x00,0x00,0x00,0x00,0x00,0x00,0x00,0x00,
    0x00,0x00,0x00,0x00,0x00,0x00,0x00,0x00,0x00,0x00,0x00,0x00,0x00,0x00,0x00,0x00,
    0x00,0x00,0x00,0x00,0x00,0x00,0x00,0x00,0x00,0x00,0x00,0x00,0x00,0x00,0x00,0x00,
    0x00,0x00,0x00,0x00,0x00,0x00,0x00,0x00,0x00,0x00,0x00,0x00,0x00,0x00,0x00,0x00,
    0x00,0x00,0x00,0x00,0x00,0x00,0x00,0x00,0x00,0x00,0x00,0x00,0x00,0x00,0x00,0x00,
    0x00,0x00,0x00,0x00,0x00,0x00,0x00,0x00,0x00,0x00,0x00,0x00,0x00,0x00,0x00,0x00,
    0x00,0x00,0x00,0x00,0x00,0x00,0x00,0x00,0x00,0x00,0x00,0x00,0x00,0x00,0x00,0x00,
    0x00,0x00,0x00,0x05,0x0c,0x0c,0x0c,0x2a,0x0d,0x0d,0x0d,0x6e,0x0c,0x0c,0x0c,0xa8,
    0x0c,0x0c,0x0c,0xc9,0x0d,0x0d,0x0d,0xea,0x0c,0x0c,0x0c,0xec,0x0c,0x0c,0x0c,0xca,
    0x0c,0x0c,0x0c,0xa9,0x0a,0x0a,0x0a,0x74,0x0d,0x0d,0x0d,0x38,0x0f,0x0f,0x0f,0x11,
    0x00,0x00,0x00,0x00,0x00,0x00,0x00,0x00,0x00,0x00,0x00,0x00,0x00,0x00,0x00,0x00,
    0x00,0x00,0x00,0x00,0x00,0x00,0x00,0x00,0x00,0x00,0x00,0x00,0x00,0x00,0x00,0x00,
    0x00,0x00,0x00,0x00,0x00,0x00,0x00,0x00,0x00,0x00,0x00,0x00,0x00,0x00,0x00,0x00,
    0x00,0x00,0x00,0x00,0x00,0x00,0x00,0x00,0x00,0x00,0x00,0x00,0x00,0x00,0x00,0x00,
    0x00,0x00,0x00,0x00,0x00,0x00,0x00,0x00,0x00,0x00,0x00,0x00,0x00,0x00,0x00,0x00,
    0x00,0x00,0x00,0x00,0x00,0x00,0x00,0x00,0x00,0x00,0x00,0x00,0x00,0x00,0x00,0x00,
    0x00,0x00,0x00,0x00,0x00,0x00,0x00,0x00,0x00,0x00,0x00,0x00,0x00,0x00,0x00,0x00,
    0x00,0x00,0x00,0x00,0x00,0x00,0x00,0x00,0x00,0x00,0x00,0x00,0x00,0x00,0x00,0x00,
    0x00,0x00,0x00,0x00,0x00,0x00,0x00,0x00,0x00,0x00,0x00,0x00,0x00,0x00,0x00,0x00,
    0x00,0x00,0x00,0x00,0x00,0x00,0x00,0x00,0x00,0x00,0x00,0x00,0x00,0x00,0x00,0x00,
    0x00,0x00,0x00,0x00,0x00,0x00,0x00,0x00,0x00,0x00,0x00,0x00,0x00,0x00,0x00,0x00,
};

const lv_image_dsc_t img_stress_level_79x124_ARGB8888_aligned = {
  .header.magic = LV_IMAGE_HEADER_MAGIC,
  .header.cf = LV_COLOR_FORMAT_ARGB8888,
  .header.stride = 320,
  .header.flags = 0,
  .header.w = 79,
  .header.h = 124,
  .data_size = sizeof(img_stress_level_79x124_ARGB8888_aligned_map),
  .data = img_stress_level_79x124_ARGB8888_aligned_map,
};
