#ifdef __has_include
#if __has_include("lvgl.h")
#ifndef LV_LVGL_H_INCLUDE_SIMPLE
#define LV_LVGL_H_INCLUDE_SIMPLE
#endif
#endif
#endif

#if defined(LV_LVGL_H_INCLUDE_SIMPLE)
 #include "lvgl.h"
#else
 #include "lvgl/lvgl.h"
#endif

#ifndef LV_ATTRIBUTE_MEM_ALIGN
#define LV_ATTRIBUTE_MEM_ALIGN
#endif

#ifndef LV_ATTRIBUTE_IMAGE_IMG_PAYMENT_OK_149X148_ARGB8888_ALIGNED
#define LV_ATTRIBUTE_IMAGE_IMG_PAYMENT_OK_149X148_ARGB8888_ALIGNED
#endif

const LV_ATTRIBUTE_MEM_ALIGN LV_ATTRIBUTE_LARGE_CONST LV_ATTRIBUTE_IMAGE_IMG_PAYMENT_OK_149X148_ARGB8888_ALIGNED uint8_t img_payment_ok_149x148_ARGB8888_aligned_map[] = {
    0x00,0x00,0x00,0x00,0x00,0x00,0x00,0x00,0x00,0x00,0x00,0x00,0x00,0x00,0x00,0x00,
    0x00,0x00,0x00,0x00,0x00,0x00,0x00,0x00,0x00,0x00,0x00,0x00,0x00,0x00,0x00,0x00,
    0x00,0x00,0x00,0x00,0x00,0x00,0x00,0x00,0x00,0x00,0x00,0x00,0x00,0x00,0x00,0x00,
    0x00,0x00,0x00,0x00,0x00,0x00,0x00,0x00,0x00,0x00,0x00,0x00,0x00,0x00,0x00,0x00,
    0x00,0x00,0x00,0x00,0x00,0x00,0x00,0x00,0x00,0x00,0x00,0x00,0x00,0x00,0x00,0x00,
    0x00,0x00,0x00,0x00,0x00,0x00,0x00,0x00,0x00,0x00,0x00,0x00,0x00,0x00,0x00,0x00,
    0x00,0x00,0x00,0x00,0x00,0x00,0x00,0x00,0x00,0x00,0x00,0x00,0x00,0x00,0x00,0x00,
    0x00,0x00,0x00,0x00,0x00,0x00,0x00,0x00,0x00,0x00,0x00,0x00,0x00,0x00,0x00,0x00,
    0x00,0x00,0x00,0x00,0x00,0x00,0x00,0x00,0x00,0x00,0x00,0x00,0x00,0x00,0x00,0x00,
    0x00,0x00,0x00,0x00,0x00,0x00,0x00,0x00,0x00,0x00,0x00,0x00,0x00,0x00,0x00,0x00,
    0x00,0x00,0x00,0x00,0x00,0x00,0x00,0x00,0x00,0x00,0x00,0x00,0x00,0x00,0x00,0x00,
    0x00,0x00,0x00,0x00,0x00,0x00,0x00,0x00,0x00,0x00,0x00,0x00,0x00,0x00,0x00,0x00,
    0x00,0x00,0x00,0x00,0x00,0x00,0x00,0x00,0x00,0x00,0x00,0x00,0x00,0x00,0x00,0x00,
    0x00,0x00,0x00,0x00,0x00,0x00,0x00,0x00,0x00,0x00,0x00,0x00,0x00,0x00,0x00,0x00,
    0x00,0x00,0x00,0x00,0x00,0x00,0x00,0x00,0x00,0x00,0x00,0x00,0x00,0x00,0x00,0x00,
    0x00,0x00,0x00,0x00,0x7f,0xaa,0x7f,0x06,0xcd,0xed,0xcd,0x39,0xea,0xf3,0xea,0x57,
    0xd8,0xec,0xd8,0x63,0xb7,0xe1,0xb9,0x72,0x9f,0xdc,0xa5,0x86,0x8c,0xd3,0x92,0x99,
    0x7a,0xcc,0x81,0xa7,0x6a,0xc8,0x71,0xb6,0x5f,0xc4,0x66,0xc0,0x53,0xbe,0x5c,0xca,
    0x4b,0xbb,0x55,0xd1,0x46,0xbb,0x4f,0xd6,0x42,0xb9,0x4c,0xd9,0x42,0xb9,0x4a,0xda,
    0x44,0xb9,0x4c,0xd9,0x47,0xbb,0x51,0xd5,0x4d,0xbe,0x57,0xcf,0x54,0xc1,0x5e,0xc8,
    0x5e,0xc5,0x68,0xbf,0x6b,0xc7,0x72,0xb4,0x7c,0xd0,0x84,0xa4,0x8e,0xd4,0x94,0x95,
    0xa4,0xdb,0xa8,0x82,0xbb,0xe5,0xbe,0x6e,0xd9,0xf1,0xdc,0x5f,0xed,0xf9,0xf0,0x59,
    0xcc,0xe8,0xcc,0x38,0xb2,0xe5,0x99,0x0a,0x00,0x00,0x00,0x00,0x00,0x00,0x00,0x00,
    0x00,0x00,0x00,0x00,0x00,0x00,0x00,0x00,0x00,0x00,0x00,0x00,0x00,0x00,0x00,0x00,
    0x00,0x00,0x00,0x00,0x00,0x00,0x00,0x00,0x00,0x00,0x00,0x00,0x00,0x00,0x00,0x00,
    0x00,0x00,0x00,0x00,0x00,0x00,0x00,0x00,0x00,0x00,0x00,0x00,0x00,0x00,0x00,0x00,
    0x00,0x00,0x00,0x00,0x00,0x00,0x00,0x00,0x00,0x00,0x00,0x00,0x00,0x00,0x00,0x00,
    0x00,0x00,0x00,0x00,0x00,0x00,0x00,0x00,0x00,0x00,0x00,0x00,0x00,0x00,0x00,0x00,
    0x00,0x00,0x00,0x00,0x00,0x00,0x00,0x00,0x00,0x00,0x00,0x00,0x00,0x00,0x00,0x00,
    0x00,0x00,0x00,0x00,0x00,0x00,0x00,0x00,0x00,0x00,0x00,0x00,0x00,0x00,0x00,0x00,
    0x00,0x00,0x00,0x00,0x00,0x00,0x00,0x00,0x00,0x00,0x00,0x00,0x00,0x00,0x00,0x00,
    0x00,0x00,0x00,0x00,0x00,0x00,0x00,0x00,0x00,0x00,0x00,0x00,0x00,0x00,0x00,0x00,
    0x00,0x00,0x00,0x00,0x00,0x00,0x00,0x00,0x00,0x00,0x00,0x00,0x00,0x00,0x00,0x00,
    0x00,0x00,0x00,0x00,0x00,0x00,0x00,0x00,0x00,0x00,0x00,0x00,0x00,0x00,0x00,0x00,
    0x00,0x00,0x00,0x00,0x00,0x00,0x00,0x00,0x00,0x00,0x00,0x00,0x00,0x00,0x00,0x00,
    0x00,0x00,0x00,0x00,0x00,0x00,0x00,0x00,0x00,0x00,0x00,0x00,0x00,0x00,0x00,0x00,
    0x00,0x00,0x00,0x00,0x00,0x00,0x00,0x00,0x00,0x00,0x00,0x00,0x00,0x00,0x00,0x00,
    0x00,0x00,0x00,0x00,0x00,0x00,0x00,0x00,0x00,0x00,0x00,0x00,0x00,0x00,0x00,0x00,
    0x00,0x00,0x00,0x00,0x00,0x00,0x00,0x00,0x00,0x00,0x00,0x00,0x00,0x00,0x00,0x00,
    0x00,0x00,0x00,0x00,0x00,0x00,0x00,0x00,0x00,0x00,0x00,0x00,0x00,0x00,0x00,0x00,
    0x00,0x00,0x00,0x00,0x00,0x00,0x00,0x00,0x00,0x00,0x00,0x00,0x00,0x00,0x00,0x00,
    0x00,0x00,0x00,0x00,0x00,0x00,0x00,0x00,0x00,0x00,0x00,0x00,0x00,0x00,0x00,0x00,
    0x00,0x00,0x00,0x00,0x00,0x00,0x00,0x00,0x00,0x00,0x00,0x00,0x00,0x00,0x00,0x00,
    0x00,0x00,0x00,0x00,0x00,0x00,0x00,0x00,0x00,0x00,0x00,0x00,0x00,0x00,0x00,0x00,
    0x00,0x00,0x00,0x00,0x00,0x00,0x00,0x00,0x00,0x00,0x00,0x00,0x00,0x00,0x00,0x00,
    0x00,0x00,0x00,0x00,0x00,0x00,0x00,0x00,0x00,0x00,0x00,0x00,0x00,0x00,0x00,0x00,
    0x00,0x00,0x00,0x00,0x00,0x00,0x00,0x00,0x00,0x00,0x00,0x00,0x00,0x00,0x00,0x00,
    0x00,0x00,0x00,0x00,0x00,0x00,0x00,0x00,0x00,0x00,0x00,0x00,0x00,0x00,0x00,0x00,
    0x00,0x00,0x00,0x00,0x00,0x00,0x00,0x00,0x00,0x00,0x00,0x00,0x00,0x00,0x00,0x00,
    0x00,0x00,0x00,0x00,0x00,0x00,0x00,0x00,0x00,0x00,0x00,0x00,0x00,0x00,0x00,0x00,
    0x00,0x00,0x00,0x00,0x00,0x00,0x00,0x00,0x00,0x00,0x00,0x00,0x00,0x00,0x00,0x00,
    0x00,0x00,0x00,0x00,0x00,0x00,0x00,0x00,0x00,0x00,0x00,0x00,0x00,0x00,0x00,0x00,
    0x00,0x00,0x00,0x00,0x00,0x00,0x00,0x00,0x00,0x00,0x00,0x00,0x00,0x00,0x00,0x00,
    0x00,0x00,0x00,0x00,0x00,0x00,0x00,0x00,0x00,0x00,0x00,0x00,0x00,0x00,0x00,0x00,
    0xaa,0xaa,0xff,0x03,0xff,0xff,0xff,0x14,0xff,0xff,0xff,0x1d,0xc2,0xe4,0xc2,0x26,
    0x92,0xcf,0x97,0x36,0x6d,0xc8,0x78,0x46,0x78,0xce,0x7f,0x74,0x7c,0xcd,0x83,0x8f,
    0x72,0xc9,0x78,0x98,0x64,0xc4,0x6c,0xa2,0x5f,0xc5,0x66,0xb0,0x59,0xc0,0x61,0xbd,
    0x51,0xbd,0x5a,0xc6,0x49,0xbc,0x52,0xcf,0x43,0xb9,0x4c,0xd6,0x3d,0xb7,0x46,0xdc,
    0x38,0xb5,0x42,0xe1,0x35,0xb5,0x3f,0xe4,0x33,0xb4,0x3c,0xe6,0x32,0xb5,0x3c,0xe7,
    0x34,0xb4,0x3c,0xe6,0x37,0xb5,0x40,0xe3,0x3a,0xb7,0x44,0xe0,0x3d,0xb9,0x48,0xdb,
    0x42,0xb9,0x4d,0xd6,0x4a,0xbc,0x52,0xce,0x51,0xc0,0x5b,0xc4,0x59,0xc1,0x62,0xba,
    0x61,0xc5,0x68,0xad,0x64,0xc5,0x6d,0xa0,0x6e,0xca,0x77,0x96,0x83,0xd2,0x8a,0x90,
    0x7b,0xcd,0x81,0x72,0x74,0xc9,0x7b,0x48,0x99,0xdb,0x9e,0x32,0xc2,0xe4,0xc9,0x26,
    0xf5,0xf5,0xf5,0x1c,0xff,0xff,0xff,0x15,0xff,0xff,0xff,0x02,0x00,0x00,0x00,0x00,
    0x00,0x00,0x00,0x00,0x00,0x00,0x00,0x00,0x00,0x00,0x00,0x00,0x00,0x00,0x00,0x00,
    0x00,0x00,0x00,0x00,0x00,0x00,0x00,0x00,0x00,0x00,0x00,0x00,0x00,0x00,0x00,0x00,
    0x00,0x00,0x00,0x00,0x00,0x00,0x00,0x00,0x00,0x00,0x00,0x00,0x00,0x00,0x00,0x00,
    0x00,0x00,0x00,0x00,0x00,0x00,0x00,0x00,0x00,0x00,0x00,0x00,0x00,0x00,0x00,0x00,
    0x00,0x00,0x00,0x00,0x00,0x00,0x00,0x00,0x00,0x00,0x00,0x00,0x00,0x00,0x00,0x00,
    0x00,0x00,0x00,0x00,0x00,0x00,0x00,0x00,0x00,0x00,0x00,0x00,0x00,0x00,0x00,0x00,
    0x00,0x00,0x00,0x00,0x00,0x00,0x00,0x00,0x00,0x00,0x00,0x00,0x00,0x00,0x00,0x00,
    0x00,0x00,0x00,0x00,0x00,0x00,0x00,0x00,0x00,0x00,0x00,0x00,0x00,0x00,0x00,0x00,
    0x00,0x00,0x00,0x00,0x00,0x00,0x00,0x00,0x00,0x00,0x00,0x00,0x00,0x00,0x00,0x00,
    0x00,0x00,0x00,0x00,0x00,0x00,0x00,0x00,0x00,0x00,0x00,0x00,0x00,0x00,0x00,0x00,
    0x00,0x00,0x00,0x00,0x00,0x00,0x00,0x00,0x00,0x00,0x00,0x00,0x00,0x00,0x00,0x00,
    0x00,0x00,0x00,0x00,0x00,0x00,0x00,0x00,0x00,0x00,0x00,0x00,0x00,0x00,0x00,0x00,
    0x00,0x00,0x00,0x00,0x00,0x00,0x00,0x00,0x00,0x00,0x00,0x00,0x00,0x00,0x00,0x00,
    0x00,0x00,0x00,0x00,0x00,0x00,0x00,0x00,0x00,0x00,0x00,0x00,0x00,0x00,0x00,0x00,
    0x00,0x00,0x00,0x00,0x00,0x00,0x00,0x00,0x00,0x00,0x00,0x00,0x00,0x00,0x00,0x00,
    0x00,0x00,0x00,0x00,0x00,0x00,0x00,0x00,0x00,0x00,0x00,0x00,0x00,0x00,0x00,0x00,
    0x00,0x00,0x00,0x00,0x00,0x00,0x00,0x00,0x00,0x00,0x00,0x00,0x00,0x00,0x00,0x00,
    0x00,0x00,0x00,0x00,0x00,0x00,0x00,0x00,0x00,0x00,0x00,0x00,0x00,0x00,0x00,0x00,
    0x00,0x00,0x00,0x00,0x00,0x00,0x00,0x00,0x00,0x00,0x00,0x00,0x00,0x00,0x00,0x00,
    0x00,0x00,0x00,0x00,0x00,0x00,0x00,0x00,0x00,0x00,0x00,0x00,0x00,0x00,0x00,0x00,
    0x00,0x00,0x00,0x00,0x00,0x00,0x00,0x00,0x00,0x00,0x00,0x00,0x00,0x00,0x00,0x00,
    0x00,0x00,0x00,0x00,0x00,0x00,0x00,0x00,0x00,0x00,0x00,0x00,0x00,0x00,0x00,0x00,
    0x00,0x00,0x00,0x00,0x00,0x00,0x00,0x00,0x00,0x00,0x00,0x00,0x00,0x00,0x00,0x00,
    0x00,0x00,0x00,0x00,0x00,0x00,0x00,0x00,0x00,0x00,0x00,0x00,0x00,0x00,0x00,0x00,
    0x00,0x00,0x00,0x00,0x00,0x00,0x00,0x00,0x00,0x00,0x00,0x00,0x00,0x00,0x00,0x00,
    0x00,0x00,0x00,0x00,0x00,0x00,0x00,0x00,0x00,0x00,0x00,0x00,0x00,0x00,0x00,0x00,
    0x00,0x00,0x00,0x00,0x00,0x00,0x00,0x00,0x00,0x00,0x00,0x00,0x00,0x00,0x00,0x00,
    0x00,0x00,0x00,0x00,0x00,0x00,0x00,0x00,0x00,0x00,0x00,0x00,0x00,0x00,0x00,0x00,
    0x00,0x00,0x00,0x00,0x00,0x00,0x00,0x00,0x00,0x00,0x00,0x00,0x00,0x00,0x00,0x00,
    0xff,0xff,0xff,0x04,0xe9,0xff,0xe9,0x0c,0xc6,0xf0,0xc6,0x12,0x9e,0xdb,0x9e,0x1d,
    0x7d,0xcc,0x86,0x37,0xa6,0xdc,0xaa,0x70,0x9a,0xd8,0x9d,0x8b,0x7d,0xcf,0x85,0x9d,
    0x6a,0xc7,0x71,0xbd,0x55,0xc0,0x5e,0xd8,0x41,0xb8,0x4a,0xf3,0x2c,0xb5,0x38,0xff,
    0x1f,0xb0,0x2b,0xff,0x1b,0xaf,0x26,0xff,0x1c,0xb0,0x26,0xff,0x1b,0xaf,0x26,0xff,
    0x1a,0xae,0x26,0xff,0x1a,0xae,0x25,0xff,0x19,0xad,0x24,0xff,0x19,0xad,0x24,0xff,
    0x19,0xad,0x25,0xff,0x19,0xad,0x24,0xff,0x19,0xad,0x24,0xff,0x19,0xad,0x24,0xff,
    0x19,0xad,0x24,0xff,0x19,0xad,0x24,0xff,0x18,0xad,0x24,0xff,0x19,0xad,0x24,0xff,
    0x19,0xad,0x24,0xff,0x1a,0xae,0x25,0xff,0x1a,0xaf,0x25,0xff,0x1b,0xaf,0x27,0xff,
    0x1a,0xb0,0x26,0xff,0x1a,0xaf,0x27,0xff,0x1f,0xb0,0x2b,0xff,0x30,0xb6,0x3b,0xff,
    0x45,0xb9,0x4e,0xef,0x57,0xc1,0x61,0xd4,0x6c,0xc8,0x74,0xb8,0x81,0xcf,0x89,0x9c,
    0x99,0xd9,0x9e,0x87,0xac,0xdf,0xb0,0x72,0x8b,0xd8,0x90,0x35,0xad,0xe3,0xad,0x1c,
    0xcf,0xef,0xcf,0x10,0xda,0xda,0xb6,0x07,0x00,0x00,0x00,0x00,0x00,0x00,0x00,0x00,
    0x00,0x00,0x00,0x00,0x00,0x00,0x00,0x00,0x00,0x00,0x00,0x00,0x00,0x00,0x00,0x00,
    0x00,0x00,0x00,0x00,0x00,0x00,0x00,0x00,0x00,0x00,0x00,0x00,0x00,0x00,0x00,0x00,
    0x00,0x00,0x00,0x00,0x00,0x00,0x00,0x00,0x00,0x00,0x00,0x00,0x00,0x00,0x00,0x00,
    0x00,0x00,0x00,0x00,0x00,0x00,0x00,0x00,0x00,0x00,0x00,0x00,0x00,0x00,0x00,0x00,
    0x00,0x00,0x00,0x00,0x00,0x00,0x00,0x00,0x00,0x00,0x00,0x00,0x00,0x00,0x00,0x00,
    0x00,0x00,0x00,0x00,0x00,0x00,0x00,0x00,0x00,0x00,0x00,0x00,0x00,0x00,0x00,0x00,
    0x00,0x00,0x00,0x00,0x00,0x00,0x00,0x00,0x00,0x00,0x00,0x00,0x00,0x00,0x00,0x00,
    0x00,0x00,0x00,0x00,0x00,0x00,0x00,0x00,0x00,0x00,0x00,0x00,0x00,0x00,0x00,0x00,
    0x00,0x00,0x00,0x00,0x00,0x00,0x00,0x00,0x00,0x00,0x00,0x00,0x00,0x00,0x00,0x00,
    0x00,0x00,0x00,0x00,0x00,0x00,0x00,0x00,0x00,0x00,0x00,0x00,0x00,0x00,0x00,0x00,
    0x00,0x00,0x00,0x00,0x00,0x00,0x00,0x00,0x00,0x00,0x00,0x00,0x00,0x00,0x00,0x00,
    0x00,0x00,0x00,0x00,0x00,0x00,0x00,0x00,0x00,0x00,0x00,0x00,0x00,0x00,0x00,0x00,
    0x00,0x00,0x00,0x00,0x00,0x00,0x00,0x00,0x00,0x00,0x00,0x00,0x00,0x00,0x00,0x00,
    0x00,0x00,0x00,0x00,0x00,0x00,0x00,0x00,0x00,0x00,0x00,0x00,0x00,0x00,0x00,0x00,
    0x00,0x00,0x00,0x00,0x00,0x00,0x00,0x00,0x00,0x00,0x00,0x00,0x00,0x00,0x00,0x00,
    0x00,0x00,0x00,0x00,0x00,0x00,0x00,0x00,0x00,0x00,0x00,0x00,0x00,0x00,0x00,0x00,
    0x00,0x00,0x00,0x00,0x00,0x00,0x00,0x00,0x00,0x00,0x00,0x00,0x00,0x00,0x00,0x00,
    0x00,0x00,0x00,0x00,0x00,0x00,0x00,0x00,0x00,0x00,0x00,0x00,0x00,0x00,0x00,0x00,
    0x00,0x00,0x00,0x00,0x00,0x00,0x00,0x00,0x00,0x00,0x00,0x00,0x00,0x00,0x00,0x00,
    0x00,0x00,0x00,0x00,0x00,0x00,0x00,0x00,0x00,0x00,0x00,0x00,0x00,0x00,0x00,0x00,
    0x00,0x00,0x00,0x00,0x00,0x00,0x00,0x00,0x00,0x00,0x00,0x00,0x00,0x00,0x00,0x00,
    0x00,0x00,0x00,0x00,0x00,0x00,0x00,0x00,0x00,0x00,0x00,0x00,0x00,0x00,0x00,0x00,
    0x00,0x00,0x00,0x00,0x00,0x00,0x00,0x00,0x00,0x00,0x00,0x00,0x00,0x00,0x00,0x00,
    0x00,0x00,0x00,0x00,0x00,0x00,0x00,0x00,0x00,0x00,0x00,0x00,0x00,0x00,0x00,0x00,
    0x00,0x00,0x00,0x00,0x00,0x00,0x00,0x00,0x00,0x00,0x00,0x00,0x00,0x00,0x00,0x00,
    0x00,0x00,0x00,0x00,0x00,0x00,0x00,0x00,0x00,0x00,0x00,0x00,0x00,0x00,0x00,0x00,
    0x00,0x00,0x00,0x00,0x00,0x00,0x00,0x00,0x00,0x00,0x00,0x00,0x00,0x00,0x00,0x00,
    0x00,0x00,0x00,0x00,0xff,0xff,0xff,0x01,0x7f,0x7f,0x7f,0x02,0x91,0xb6,0x91,0x07,
    0xbf,0xe9,0xc4,0x30,0xbf,0xe6,0xc4,0x69,0xad,0xdf,0xb1,0x8a,0x88,0xd0,0x8c,0xa5,
    0x65,0xc6,0x6c,0xcc,0x3b,0xb6,0x45,0xf3,0x1f,0xaf,0x2b,0xff,0x13,0xaa,0x1f,0xff,
    0x14,0xaa,0x20,0xff,0x16,0xaa,0x21,0xff,0x16,0xaa,0x21,0xff,0x17,0xaa,0x22,0xff,
    0x17,0xaa,0x22,0xff,0x17,0xaa,0x22,0xff,0x17,0xaa,0x22,0xff,0x17,0xaa,0x22,0xff,
    0x18,0xab,0x23,0xff,0x18,0xab,0x23,0xff,0x18,0xab,0x23,0xff,0x18,0xab,0x23,0xff,
    0x18,0xab,0x23,0xff,0x18,0xab,0x23,0xff,0x18,0xab,0x23,0xff,0x18,0xab,0x23,0xff,
    0x18,0xab,0x23,0xff,0x18,0xab,0x23,0xff,0x18,0xab,0x23,0xff,0x18,0xab,0x23,0xff,
    0x18,0xab,0x23,0xff,0x18,0xab,0x23,0xff,0x17,0xaa,0x22,0xff,0x17,0xaa,0x22,0xff,
    0x17,0xaa,0x22,0xff,0x17,0xaa,0x22,0xff,0x17,0xaa,0x22,0xff,0x16,0xaa,0x22,0xff,
    0x16,0xaa,0x21,0xff,0x16,0xaa,0x21,0xff,0x14,0xaa,0x1f,0xff,0x14,0xab,0x20,0xff,
    0x22,0xae,0x2d,0xff,0x41,0xbb,0x4b,0xed,0x69,0xc8,0x71,0xc8,0x8f,0xd5,0x95,0xa4,
    0xa6,0xde,0xa8,0x7f,0xa1,0xd9,0xa1,0x44,0x91,0xce,0x91,0x15,0xd0,0xd0,0xd0,0x0b,
    0x7f,0x7f,0x7f,0x02,0x00,0x00,0x00,0x01,0x00,0x00,0x00,0x00,0x00,0x00,0x00,0x00,
    0x00,0x00,0x00,0x00,0x00,0x00,0x00,0x00,0x00,0x00,0x00,0x00,0x00,0x00,0x00,0x00,
    0x00,0x00,0x00,0x00,0x00,0x00,0x00,0x00,0x00,0x00,0x00,0x00,0x00,0x00,0x00,0x00,
    0x00,0x00,0x00,0x00,0x00,0x00,0x00,0x00,0x00,0x00,0x00,0x00,0x00,0x00,0x00,0x00,
    0x00,0x00,0x00,0x00,0x00,0x00,0x00,0x00,0x00,0x00,0x00,0x00,0x00,0x00,0x00,0x00,
    0x00,0x00,0x00,0x00,0x00,0x00,0x00,0x00,0x00,0x00,0x00,0x00,0x00,0x00,0x00,0x00,
    0x00,0x00,0x00,0x00,0x00,0x00,0x00,0x00,0x00,0x00,0x00,0x00,0x00,0x00,0x00,0x00,
    0x00,0x00,0x00,0x00,0x00,0x00,0x00,0x00,0x00,0x00,0x00,0x00,0x00,0x00,0x00,0x00,
    0x00,0x00,0x00,0x00,0x00,0x00,0x00,0x00,0x00,0x00,0x00,0x00,0x00,0x00,0x00,0x00,
    0x00,0x00,0x00,0x00,0x00,0x00,0x00,0x00,0x00,0x00,0x00,0x00,0x00,0x00,0x00,0x00,
    0x00,0x00,0x00,0x00,0x00,0x00,0x00,0x00,0x00,0x00,0x00,0x00,0x00,0x00,0x00,0x00,
    0x00,0x00,0x00,0x00,0x00,0x00,0x00,0x00,0x00,0x00,0x00,0x00,0x00,0x00,0x00,0x00,
    0x00,0x00,0x00,0x00,0x00,0x00,0x00,0x00,0x00,0x00,0x00,0x00,0x00,0x00,0x00,0x00,
    0x00,0x00,0x00,0x00,0x00,0x00,0x00,0x00,0x00,0x00,0x00,0x00,0x00,0x00,0x00,0x00,
    0x00,0x00,0x00,0x00,0x00,0x00,0x00,0x00,0x00,0x00,0x00,0x00,0x00,0x00,0x00,0x00,
    0x00,0x00,0x00,0x00,0x00,0x00,0x00,0x00,0x00,0x00,0x00,0x00,0x00,0x00,0x00,0x00,
    0x00,0x00,0x00,0x00,0x00,0x00,0x00,0x00,0x00,0x00,0x00,0x00,0x00,0x00,0x00,0x00,
    0x00,0x00,0x00,0x00,0x00,0x00,0x00,0x00,0x00,0x00,0x00,0x00,0x00,0x00,0x00,0x00,
    0x00,0x00,0x00,0x00,0x00,0x00,0x00,0x00,0x00,0x00,0x00,0x00,0x00,0x00,0x00,0x00,
    0x00,0x00,0x00,0x00,0x00,0x00,0x00,0x00,0x00,0x00,0x00,0x00,0x00,0x00,0x00,0x00,
    0x00,0x00,0x00,0x00,0x00,0x00,0x00,0x00,0x00,0x00,0x00,0x00,0x00,0x00,0x00,0x00,
    0x00,0x00,0x00,0x00,0x00,0x00,0x00,0x00,0x00,0x00,0x00,0x00,0x00,0x00,0x00,0x00,
    0x00,0x00,0x00,0x00,0x00,0x00,0x00,0x00,0x00,0x00,0x00,0x00,0x00,0x00,0x00,0x00,
    0x00,0x00,0x00,0x00,0x00,0x00,0x00,0x00,0x00,0x00,0x00,0x00,0x00,0x00,0x00,0x00,
    0x00,0x00,0x00,0x00,0x00,0x00,0x00,0x00,0x00,0x00,0x00,0x00,0x00,0x00,0x00,0x00,
    0x00,0x00,0x00,0x00,0x00,0x00,0x00,0x00,0x00,0x00,0x00,0x00,0x00,0x00,0x00,0x00,
    0x00,0x00,0x00,0x00,0x00,0x00,0x00,0x00,0x00,0x00,0x00,0x00,0x00,0x00,0x00,0x00,
    0xff,0xff,0xff,0x06,0xdf,0xef,0xdf,0x31,0xd0,0xee,0xd2,0x6e,0xa1,0xdc,0xa5,0x94,
    0x6c,0xc7,0x73,0xbc,0x40,0xb9,0x4b,0xe3,0x1e,0xab,0x29,0xf8,0x12,0xa8,0x1e,0xf8,
    0x15,0xaa,0x21,0xfc,0x18,0xab,0x24,0xff,0x18,0xac,0x23,0xff,0x18,0xab,0x23,0xff,
    0x18,0xab,0x23,0xff,0x18,0xab,0x24,0xff,0x19,0xab,0x24,0xff,0x19,0xab,0x24,0xff,
    0x19,0xab,0x24,0xff,0x19,0xab,0x24,0xff,0x19,0xab,0x24,0xff,0x19,0xab,0x24,0xff,
    0x19,0xab,0x24,0xff,0x19,0xab,0x24,0xff,0x19,0xab,0x24,0xff,0x19,0xab,0x24,0xff,
    0x19,0xab,0x24,0xff,0x19,0xab,0x24,0xff,0x19,0xab,0x24,0xff,0x19,0xab,0x24,0xff,
    0x19,0xab,0x24,0xff,0x19,0xab,0x24,0xff,0x19,0xab,0x24,0xff,0x19,0xab,0x24,0xff,
    0x19,0xab,0x24,0xff,0x19,0xab,0x24,0xff,0x19,0xab,0x24,0xff,0x19,0xab,0x24,0xff,
    0x19,0xab,0x24,0xff,0x19,0xab,0x24,0xff,0x19,0xab,0x24,0xff,0x19,0xab,0x24,0xff,
    0x19,0xab,0x24,0xff,0x18,0xab,0x23,0xff,0x18,0xab,0x23,0xff,0x18,0xab,0x23,0xff,
    0x18,0xac,0x24,0xff,0x17,0xaa,0x23,0xfe,0x15,0xaa,0x21,0xfb,0x11,0xa7,0x1b,0xf8,
    0x25,0xad,0x2e,0xf8,0x49,0xbc,0x51,0xde,0x7c,0xce,0x83,0xb8,0xaa,0xde,0xab,0x8d,
    0xaa,0xe1,0xaa,0x4e,0xb9,0xdc,0xb9,0x16,0xff,0xff,0xff,0x01,0x00,0x00,0x00,0x00,
    0x00,0x00,0x00,0x00,0x00,0x00,0x00,0x00,0x00,0x00,0x00,0x00,0x00,0x00,0x00,0x00,
    0x00,0x00,0x00,0x00,0x00,0x00,0x00,0x00,0x00,0x00,0x00,0x00,0x00,0x00,0x00,0x00,
    0x00,0x00,0x00,0x00,0x00,0x00,0x00,0x00,0x00,0x00,0x00,0x00,0x00,0x00,0x00,0x00,
    0x00,0x00,0x00,0x00,0x00,0x00,0x00,0x00,0x00,0x00,0x00,0x00,0x00,0x00,0x00,0x00,
    0x00,0x00,0x00,0x00,0x00,0x00,0x00,0x00,0x00,0x00,0x00,0x00,0x00,0x00,0x00,0x00,
    0x00,0x00,0x00,0x00,0x00,0x00,0x00,0x00,0x00,0x00,0x00,0x00,0x00,0x00,0x00,0x00,
    0x00,0x00,0x00,0x00,0x00,0x00,0x00,0x00,0x00,0x00,0x00,0x00,0x00,0x00,0x00,0x00,
    0x00,0x00,0x00,0x00,0x00,0x00,0x00,0x00,0x00,0x00,0x00,0x00,0x00,0x00,0x00,0x00,
    0x00,0x00,0x00,0x00,0x00,0x00,0x00,0x00,0x00,0x00,0x00,0x00,0x00,0x00,0x00,0x00,
    0x00,0x00,0x00,0x00,0x00,0x00,0x00,0x00,0x00,0x00,0x00,0x00,0x00,0x00,0x00,0x00,
    0x00,0x00,0x00,0x00,0x00,0x00,0x00,0x00,0x00,0x00,0x00,0x00,0x00,0x00,0x00,0x00,
    0x00,0x00,0x00,0x00,0x00,0x00,0x00,0x00,0x00,0x00,0x00,0x00,0x00,0x00,0x00,0x00,
    0x00,0x00,0x00,0x00,0x00,0x00,0x00,0x00,0x00,0x00,0x00,0x00,0x00,0x00,0x00,0x00,
    0x00,0x00,0x00,0x00,0x00,0x00,0x00,0x00,0x00,0x00,0x00,0x00,0x00,0x00,0x00,0x00,
    0x00,0x00,0x00,0x00,0x00,0x00,0x00,0x00,0x00,0x00,0x00,0x00,0x00,0x00,0x00,0x00,
    0x00,0x00,0x00,0x00,0x00,0x00,0x00,0x00,0x00,0x00,0x00,0x00,0x00,0x00,0x00,0x00,
    0x00,0x00,0x00,0x00,0x00,0x00,0x00,0x00,0x00,0x00,0x00,0x00,0x00,0x00,0x00,0x00,
    0x00,0x00,0x00,0x00,0x00,0x00,0x00,0x00,0x00,0x00,0x00,0x00,0x00,0x00,0x00,0x00,
    0x00,0x00,0x00,0x00,0x00,0x00,0x00,0x00,0x00,0x00,0x00,0x00,0x00,0x00,0x00,0x00,
    0x00,0x00,0x00,0x00,0x00,0x00,0x00,0x00,0x00,0x00,0x00,0x00,0x00,0x00,0x00,0x00,
    0x00,0x00,0x00,0x00,0x00,0x00,0x00,0x00,0x00,0x00,0x00,0x00,0x00,0x00,0x00,0x00,
    0x00,0x00,0x00,0x00,0x00,0x00,0x00,0x00,0x00,0x00,0x00,0x00,0x00,0x00,0x00,0x00,
    0x00,0x00,0x00,0x00,0x00,0x00,0x00,0x00,0x00,0x00,0x00,0x00,0x00,0x00,0x00,0x00,
    0x00,0x00,0x00,0x00,0x00,0x00,0x00,0x00,0x00,0x00,0x00,0x00,0x00,0x00,0x00,0x00,
    0x00,0x00,0x00,0x00,0x00,0x00,0x00,0x00,0x00,0x00,0x00,0x00,0x00,0x00,0x00,0x00,
    0x00,0x00,0x00,0x00,0x00,0x00,0x00,0x00,0xff,0xff,0xff,0x11,0xbc,0xe3,0xc0,0x49,
    0xa5,0xdc,0xab,0x8c,0x68,0xc5,0x6f,0xb2,0x3a,0xb6,0x45,0xdf,0x25,0xae,0x2d,0xf0,
    0x1b,0xab,0x23,0xf7,0x17,0xab,0x22,0xff,0x16,0xac,0x21,0xff,0x14,0xab,0x1f,0xff,
    0x15,0xab,0x20,0xff,0x17,0xab,0x22,0xff,0x19,0xab,0x24,0xff,0x19,0xab,0x24,0xff,
    0x19,0xab,0x24,0xff,0x19,0xab,0x24,0xff,0x19,0xab,0x24,0xff,0x19,0xab,0x24,0xff,
    0x19,0xab,0x24,0xff,0x19,0xab,0x24,0xff,0x19,0xab,0x24,0xff,0x19,0xab,0x24,0xff,
    0x19,0xab,0x24,0xff,0x19,0xab,0x24,0xff,0x19,0xab,0x24,0xff,0x19,0xab,0x24,0xff,
    0x19,0xab,0x24,0xff,0x19,0xab,0x24,0xff,0x19,0xab,0x24,0xff,0x19,0xab,0x24,0xff,
    0x19,0xab,0x24,0xff,0x19,0xab,0x24,0xff,0x19,0xab,0x24,0xff,0x19,0xab,0x24,0xff,
    0x19,0xab,0x24,0xff,0x19,0xab,0x24,0xff,0x19,0xab,0x24,0xff,0x19,0xab,0x24,0xff,
    0x19,0xab,0x24,0xff,0x19,0xab,0x24,0xff,0x19,0xab,0x24,0xff,0x19,0xab,0x24,0xff,
    0x19,0xab,0x24,0xff,0x19,0xab,0x24,0xff,0x19,0xab,0x24,0xff,0x19,0xab,0x24,0xff,
    0x18,0xab,0x23,0xff,0x17,0xaa,0x22,0xff,0x15,0xab,0x20,0xff,0x13,0xaa,0x1e,0xff,
    0x16,0xad,0x22,0xff,0x19,0xab,0x26,0xff,0x1d,0xab,0x26,0xf8,0x27,0xaf,0x2d,0xed,
    0x40,0xb9,0x49,0xda,0x6f,0xc8,0x78,0xa7,0xaa,0xdf,0xb0,0x82,0xce,0xec,0xd2,0x45,
    0xff,0xfe,0xff,0x0e,0x00,0x00,0x00,0x00,0x00,0x00,0x00,0x00,0x00,0x00,0x00,0x00,
    0x00,0x00,0x00,0x00,0x00,0x00,0x00,0x00,0x00,0x00,0x00,0x00,0x00,0x00,0x00,0x00,
    0x00,0x00,0x00,0x00,0x00,0x00,0x00,0x00,0x00,0x00,0x00,0x00,0x00,0x00,0x00,0x00,
    0x00,0x00,0x00,0x00,0x00,0x00,0x00,0x00,0x00,0x00,0x00,0x00,0x00,0x00,0x00,0x00,
    0x00,0x00,0x00,0x00,0x00,0x00,0x00,0x00,0x00,0x00,0x00,0x00,0x00,0x00,0x00,0x00,
    0x00,0x00,0x00,0x00,0x00,0x00,0x00,0x00,0x00,0x00,0x00,0x00,0x00,0x00,0x00,0x00,
    0x00,0x00,0x00,0x00,0x00,0x00,0x00,0x00,0x00,0x00,0x00,0x00,0x00,0x00,0x00,0x00,
    0x00,0x00,0x00,0x00,0x00,0x00,0x00,0x00,0x00,0x00,0x00,0x00,0x00,0x00,0x00,0x00,
    0x00,0x00,0x00,0x00,0x00,0x00,0x00,0x00,0x00,0x00,0x00,0x00,0x00,0x00,0x00,0x00,
    0x00,0x00,0x00,0x00,0x00,0x00,0x00,0x00,0x00,0x00,0x00,0x00,0x00,0x00,0x00,0x00,
    0x00,0x00,0x00,0x00,0x00,0x00,0x00,0x00,0x00,0x00,0x00,0x00,0x00,0x00,0x00,0x00,
    0x00,0x00,0x00,0x00,0x00,0x00,0x00,0x00,0x00,0x00,0x00,0x00,0x00,0x00,0x00,0x00,
    0x00,0x00,0x00,0x00,0x00,0x00,0x00,0x00,0x00,0x00,0x00,0x00,0x00,0x00,0x00,0x00,
    0x00,0x00,0x00,0x00,0x00,0x00,0x00,0x00,0x00,0x00,0x00,0x00,0x00,0x00,0x00,0x00,
    0x00,0x00,0x00,0x00,0x00,0x00,0x00,0x00,0x00,0x00,0x00,0x00,0x00,0x00,0x00,0x00,
    0x00,0x00,0x00,0x00,0x00,0x00,0x00,0x00,0x00,0x00,0x00,0x00,0x00,0x00,0x00,0x00,
    0x00,0x00,0x00,0x00,0x00,0x00,0x00,0x00,0x00,0x00,0x00,0x00,0x00,0x00,0x00,0x00,
    0x00,0x00,0x00,0x00,0x00,0x00,0x00,0x00,0x00,0x00,0x00,0x00,0x00,0x00,0x00,0x00,
    0x00,0x00,0x00,0x00,0x00,0x00,0x00,0x00,0x00,0x00,0x00,0x00,0x00,0x00,0x00,0x00,
    0x00,0x00,0x00,0x00,0x00,0x00,0x00,0x00,0x00,0x00,0x00,0x00,0x00,0x00,0x00,0x00,
    0x00,0x00,0x00,0x00,0x00,0x00,0x00,0x00,0x00,0x00,0x00,0x00,0x00,0x00,0x00,0x00,
    0x00,0x00,0x00,0x00,0x00,0x00,0x00,0x00,0x00,0x00,0x00,0x00,0x00,0x00,0x00,0x00,
    0x00,0x00,0x00,0x00,0x00,0x00,0x00,0x00,0x00,0x00,0x00,0x00,0x00,0x00,0x00,0x00,
    0x00,0x00,0x00,0x00,0x00,0x00,0x00,0x00,0x00,0x00,0x00,0x00,0x00,0x00,0x00,0x00,
    0x00,0x00,0x00,0x00,0x00,0x00,0x00,0x00,0x00,0x00,0x00,0x00,0xff,0xff,0xff,0x04,
    0xf0,0xf5,0xf0,0x34,0xaf,0xe1,0xb4,0x60,0x74,0xcc,0x7b,0x91,0x4f,0xbd,0x56,0xc8,
    0x39,0xb5,0x3e,0xeb,0x26,0xae,0x2c,0xf6,0x14,0xac,0x20,0xff,0x0f,0xab,0x19,0xff,
    0x0f,0xa9,0x19,0xff,0x13,0xaa,0x1e,0xff,0x19,0xab,0x24,0xff,0x1a,0xab,0x25,0xff,
    0x19,0xab,0x24,0xff,0x19,0xab,0x24,0xff,0x19,0xab,0x24,0xff,0x19,0xab,0x24,0xff,
    0x19,0xab,0x24,0xff,0x19,0xab,0x24,0xff,0x19,0xab,0x24,0xff,0x19,0xab,0x24,0xff,
    0x19,0xab,0x24,0xff,0x19,0xab,0x24,0xff,0x19,0xab,0x24,0xff,0x19,0xab,0x24,0xff,
    0x19,0xab,0x24,0xff,0x19,0xab,0x24,0xff,0x19,0xab,0x24,0xff,0x19,0xab,0x24,0xff,
    0x19,0xab,0x24,0xff,0x19,0xab,0x24,0xff,0x19,0xab,0x24,0xff,0x19,0xab,0x24,0xff,
    0x19,0xab,0x24,0xff,0x19,0xab,0x24,0xff,0x19,0xab,0x24,0xff,0x19,0xab,0x24,0xff,
    0x19,0xab,0x24,0xff,0x19,0xab,0x24,0xff,0x19,0xab,0x24,0xff,0x19,0xab,0x24,0xff,
    0x19,0xab,0x24,0xff,0x19,0xab,0x24,0xff,0x19,0xab,0x24,0xff,0x19,0xab,0x24,0xff,
    0x19,0xab,0x24,0xff,0x19,0xab,0x24,0xff,0x19,0xab,0x24,0xff,0x19,0xab,0x24,0xff,
    0x19,0xab,0x24,0xff,0x19,0xab,0x24,0xff,0x1a,0xab,0x24,0xff,0x1a,0xab,0x25,0xff,
    0x17,0xaa,0x23,0xff,0x12,0xa9,0x1e,0xff,0x0e,0xa8,0x18,0xff,0x10,0xab,0x19,0xff,
    0x1e,0xb2,0x28,0xff,0x2b,0xaf,0x2f,0xf6,0x3a,0xb7,0x44,0xe7,0x54,0xc1,0x5d,0xbe,
    0x7e,0xd1,0x84,0x8b,0xad,0xe0,0xb0,0x54,0xf4,0xf4,0xf4,0x18,0x00,0x00,0x00,0x00,
    0x00,0x00,0x00,0x00,0x00,0x00,0x00,0x00,0x00,0x00,0x00,0x00,0x00,0x00,0x00,0x00,
    0x00,0x00,0x00,0x00,0x00,0x00,0x00,0x00,0x00,0x00,0x00,0x00,0x00,0x00,0x00,0x00,
    0x00,0x00,0x00,0x00,0x00,0x00,0x00,0x00,0x00,0x00,0x00,0x00,0x00,0x00,0x00,0x00,
    0x00,0x00,0x00,0x00,0x00,0x00,0x00,0x00,0x00,0x00,0x00,0x00,0x00,0x00,0x00,0x00,
    0x00,0x00,0x00,0x00,0x00,0x00,0x00,0x00,0x00,0x00,0x00,0x00,0x00,0x00,0x00,0x00,
    0x00,0x00,0x00,0x00,0x00,0x00,0x00,0x00,0x00,0x00,0x00,0x00,0x00,0x00,0x00,0x00,
    0x00,0x00,0x00,0x00,0x00,0x00,0x00,0x00,0x00,0x00,0x00,0x00,0x00,0x00,0x00,0x00,
    0x00,0x00,0x00,0x00,0x00,0x00,0x00,0x00,0x00,0x00,0x00,0x00,0x00,0x00,0x00,0x00,
    0x00,0x00,0x00,0x00,0x00,0x00,0x00,0x00,0x00,0x00,0x00,0x00,0x00,0x00,0x00,0x00,
    0x00,0x00,0x00,0x00,0x00,0x00,0x00,0x00,0x00,0x00,0x00,0x00,0x00,0x00,0x00,0x00,
    0x00,0x00,0x00,0x00,0x00,0x00,0x00,0x00,0x00,0x00,0x00,0x00,0x00,0x00,0x00,0x00,
    0x00,0x00,0x00,0x00,0x00,0x00,0x00,0x00,0x00,0x00,0x00,0x00,0x00,0x00,0x00,0x00,
    0x00,0x00,0x00,0x00,0x00,0x00,0x00,0x00,0x00,0x00,0x00,0x00,0x00,0x00,0x00,0x00,
    0x00,0x00,0x00,0x00,0x00,0x00,0x00,0x00,0x00,0x00,0x00,0x00,0x00,0x00,0x00,0x00,
    0x00,0x00,0x00,0x00,0x00,0x00,0x00,0x00,0x00,0x00,0x00,0x00,0x00,0x00,0x00,0x00,
    0x00,0x00,0x00,0x00,0x00,0x00,0x00,0x00,0x00,0x00,0x00,0x00,0x00,0x00,0x00,0x00,
    0x00,0x00,0x00,0x00,0x00,0x00,0x00,0x00,0x00,0x00,0x00,0x00,0x00,0x00,0x00,0x00,
    0x00,0x00,0x00,0x00,0x00,0x00,0x00,0x00,0x00,0x00,0x00,0x00,0x00,0x00,0x00,0x00,
    0x00,0x00,0x00,0x00,0x00,0x00,0x00,0x00,0x00,0x00,0x00,0x00,0x00,0x00,0x00,0x00,
    0x00,0x00,0x00,0x00,0x00,0x00,0x00,0x00,0x00,0x00,0x00,0x00,0x00,0x00,0x00,0x00,
    0x00,0x00,0x00,0x00,0x00,0x00,0x00,0x00,0x00,0x00,0x00,0x00,0x00,0x00,0x00,0x00,
    0x00,0x00,0x00,0x00,0x00,0x00,0x00,0x00,0x00,0x00,0x00,0x00,0x00,0x00,0x00,0x00,
    0x00,0x00,0x00,0x00,0x00,0x00,0x00,0x00,0x00,0x00,0x00,0x00,0x00,0x00,0x00,0x00,
    0xff,0xff,0xff,0x01,0xff,0xff,0xff,0x0c,0xd7,0xf0,0xdc,0x34,0x93,0xd4,0x99,0x5f,
    0x76,0xcb,0x7d,0xa3,0x59,0xc1,0x60,0xd6,0x3a,0xb5,0x42,0xf8,0x20,0xb4,0x2b,0xff,
    0x07,0xa6,0x10,0xff,0x0c,0xa7,0x14,0xff,0x14,0xa9,0x1f,0xff,0x19,0xab,0x24,0xff,
    0x1a,0xab,0x25,0xff,0x1a,0xab,0x25,0xff,0x19,0xab,0x24,0xff,0x19,0xab,0x24,0xff,
    0x19,0xab,0x24,0xff,0x19,0xab,0x24,0xff,0x19,0xab,0x24,0xff,0x19,0xab,0x24,0xff,
    0x19,0xab,0x24,0xff,0x19,0xab,0x24,0xff,0x19,0xab,0x24,0xff,0x19,0xab,0x24,0xff,
    0x19,0xab,0x24,0xff,0x19,0xab,0x24,0xff,0x19,0xab,0x24,0xff,0x19,0xab,0x24,0xff,
    0x19,0xab,0x24,0xff,0x19,0xab,0x24,0xff,0x19,0xab,0x24,0xff,0x19,0xab,0x24,0xff,
    0x19,0xab,0x24,0xff,0x19,0xab,0x24,0xff,0x19,0xab,0x24,0xff,0x19,0xab,0x24,0xff,
    0x19,0xab,0x24,0xff,0x19,0xab,0x24,0xff,0x19,0xab,0x24,0xff,0x19,0xab,0x24,0xff,
    0x19,0xab,0x24,0xff,0x19,0xab,0x24,0xff,0x19,0xab,0x24,0xff,0x19,0xab,0x24,0xff,
    0x19,0xab,0x24,0xff,0x19,0xab,0x24,0xff,0x19,0xab,0x24,0xff,0x19,0xab,0x24,0xff,
    0x19,0xab,0x24,0xff,0x19,0xab,0x24,0xff,0x19,0xab,0x24,0xff,0x19,0xab,0x24,0xff,
    0x19,0xab,0x24,0xff,0x19,0xab,0x24,0xff,0x19,0xab,0x24,0xff,0x19,0xab,0x24,0xff,
    0x19,0xab,0x24,0xff,0x1a,0xab,0x25,0xff,0x1b,0xac,0x26,0xff,0x19,0xab,0x24,0xff,
    0x12,0xa8,0x1c,0xff,0x0b,0xa5,0x10,0xff,0x08,0xa9,0x14,0xff,0x20,0xb1,0x2b,0xff,
    0x3f,0xb8,0x47,0xf5,0x56,0xc2,0x5e,0xcb,0x6c,0xca,0x74,0x88,0x9b,0xd7,0x9e,0x5a,
    0xe4,0xef,0xe9,0x30,0xff,0xff,0xff,0x0d,0x00,0x00,0x00,0x00,0x00,0x00,0x00,0x00,
    0x00,0x00,0x00,0x00,0x00,0x00,0x00,0x00,0x00,0x00,0x00,0x00,0x00,0x00,0x00,0x00,
    0x00,0x00,0x00,0x00,0x00,0x00,0x00,0x00,0x00,0x00,0x00,0x00,0x00,0x00,0x00,0x00,
    0x00,0x00,0x00,0x00,0x00,0x00,0x00,0x00,0x00,0x00,0x00,0x00,0x00,0x00,0x00,0x00,
    0x00,0x00,0x00,0x00,0x00,0x00,0x00,0x00,0x00,0x00,0x00,0x00,0x00,0x00,0x00,0x00,
    0x00,0x00,0x00,0x00,0x00,0x00,0x00,0x00,0x00,0x00,0x00,0x00,0x00,0x00,0x00,0x00,
    0x00,0x00,0x00,0x00,0x00,0x00,0x00,0x00,0x00,0x00,0x00,0x00,0x00,0x00,0x00,0x00,
    0x00,0x00,0x00,0x00,0x00,0x00,0x00,0x00,0x00,0x00,0x00,0x00,0x00,0x00,0x00,0x00,
    0x00,0x00,0x00,0x00,0x00,0x00,0x00,0x00,0x00,0x00,0x00,0x00,0x00,0x00,0x00,0x00,
    0x00,0x00,0x00,0x00,0x00,0x00,0x00,0x00,0x00,0x00,0x00,0x00,0x00,0x00,0x00,0x00,
    0x00,0x00,0x00,0x00,0x00,0x00,0x00,0x00,0x00,0x00,0x00,0x00,0x00,0x00,0x00,0x00,
    0x00,0x00,0x00,0x00,0x00,0x00,0x00,0x00,0x00,0x00,0x00,0x00,0x00,0x00,0x00,0x00,
    0x00,0x00,0x00,0x00,0x00,0x00,0x00,0x00,0x00,0x00,0x00,0x00,0x00,0x00,0x00,0x00,
    0x00,0x00,0x00,0x00,0x00,0x00,0x00,0x00,0x00,0x00,0x00,0x00,0x00,0x00,0x00,0x00,
    0x00,0x00,0x00,0x00,0x00,0x00,0x00,0x00,0x00,0x00,0x00,0x00,0x00,0x00,0x00,0x00,
    0x00,0x00,0x00,0x00,0x00,0x00,0x00,0x00,0x00,0x00,0x00,0x00,0x00,0x00,0x00,0x00,
    0x00,0x00,0x00,0x00,0x00,0x00,0x00,0x00,0x00,0x00,0x00,0x00,0x00,0x00,0x00,0x00,
    0x00,0x00,0x00,0x00,0x00,0x00,0x00,0x00,0x00,0x00,0x00,0x00,0x00,0x00,0x00,0x00,
    0x00,0x00,0x00,0x00,0x00,0x00,0x00,0x00,0x00,0x00,0x00,0x00,0x00,0x00,0x00,0x00,
    0x00,0x00,0x00,0x00,0x00,0x00,0x00,0x00,0x00,0x00,0x00,0x00,0x00,0x00,0x00,0x00,
    0x00,0x00,0x00,0x00,0x00,0x00,0x00,0x00,0x00,0x00,0x00,0x00,0x00,0x00,0x00,0x00,
    0x00,0x00,0x00,0x00,0x00,0x00,0x00,0x00,0x00,0x00,0x00,0x00,0x00,0x00,0x00,0x00,
    0x00,0x00,0x00,0x00,0x00,0x00,0x00,0x00,0xff,0xff,0xff,0x01,0xff,0xff,0xff,0x0f,
    0xca,0xe7,0xca,0x2c,0x9e,0xda,0xa1,0x5a,0x84,0xd1,0x89,0xa3,0x54,0xbe,0x5c,0xe2,
    0x29,0xb1,0x33,0xff,0x0e,0xaa,0x18,0xff,0x06,0xa4,0x10,0xff,0x0d,0xa6,0x19,0xff,
    0x19,0xab,0x25,0xff,0x1b,0xab,0x26,0xff,0x19,0xab,0x24,0xff,0x19,0xab,0x24,0xff,
    0x19,0xab,0x24,0xff,0x19,0xab,0x24,0xff,0x19,0xab,0x24,0xff,0x19,0xab,0x24,0xff,
    0x19,0xab,0x24,0xff,0x19,0xab,0x24,0xff,0x19,0xab,0x24,0xff,0x19,0xab,0x24,0xff,
    0x19,0xab,0x24,0xff,0x19,0xab,0x24,0xff,0x19,0xab,0x24,0xff,0x19,0xab,0x24,0xff,
    0x19,0xab,0x24,0xff,0x19,0xab,0x24,0xff,0x19,0xab,0x24,0xff,0x19,0xab,0x24,0xff,
    0x19,0xab,0x24,0xff,0x19,0xab,0x24,0xff,0x19,0xab,0x24,0xff,0x19,0xab,0x24,0xff,
    0x19,0xab,0x24,0xff,0x19,0xab,0x24,0xff,0x19,0xab,0x24,0xff,0x19,0xab,0x24,0xff,
    0x19,0xab,0x24,0xff,0x19,0xab,0x24,0xff,0x19,0xab,0x24,0xff,0x19,0xab,0x24,0xff,
    0x19,0xab,0x24,0xff,0x19,0xab,0x24,0xff,0x19,0xab,0x24,0xff,0x19,0xab,0x24,0xff,
    0x19,0xab,0x24,0xff,0x19,0xab,0x24,0xff,0x19,0xab,0x24,0xff,0x19,0xab,0x24,0xff,
    0x19,0xab,0x24,0xff,0x19,0xab,0x24,0xff,0x19,0xab,0x24,0xff,0x19,0xab,0x24,0xff,
    0x19,0xab,0x24,0xff,0x19,0xab,0x24,0xff,0x19,0xab,0x24,0xff,0x19,0xab,0x24,0xff,
    0x19,0xab,0x24,0xff,0x19,0xab,0x24,0xff,0x19,0xab,0x24,0xff,0x19,0xab,0x24,0xff,
    0x1a,0xab,0x25,0xff,0x1b,0xac,0x27,0xff,0x18,0xaa,0x24,0xff,0x0e,0xa6,0x19,0xff,
    0x06,0xa5,0x10,0xff,0x12,0xad,0x1e,0xff,0x39,0xb8,0x43,0xff,0x60,0xc2,0x67,0xe1,
    0x89,0xd3,0x91,0x98,0xaa,0xdb,0xaf,0x57,0xd3,0xec,0xd9,0x29,0xff,0xff,0xff,0x0c,
    0x00,0x00,0x00,0x00,0x00,0x00,0x00,0x00,0x00,0x00,0x00,0x00,0x00,0x00,0x00,0x00,
    0x00,0x00,0x00,0x00,0x00,0x00,0x00,0x00,0x00,0x00,0x00,0x00,0x00,0x00,0x00,0x00,
    0x00,0x00,0x00,0x00,0x00,0x00,0x00,0x00,0x00,0x00,0x00,0x00,0x00,0x00,0x00,0x00,
    0x00,0x00,0x00,0x00,0x00,0x00,0x00,0x00,0x00,0x00,0x00,0x00,0x00,0x00,0x00,0x00,
    0x00,0x00,0x00,0x00,0x00,0x00,0x00,0x00,0x00,0x00,0x00,0x00,0x00,0x00,0x00,0x00,
    0x00,0x00,0x00,0x00,0x00,0x00,0x00,0x00,0x00,0x00,0x00,0x00,0x00,0x00,0x00,0x00,
    0x00,0x00,0x00,0x00,0x00,0x00,0x00,0x00,0x00,0x00,0x00,0x00,0x00,0x00,0x00,0x00,
    0x00,0x00,0x00,0x00,0x00,0x00,0x00,0x00,0x00,0x00,0x00,0x00,0x00,0x00,0x00,0x00,
    0x00,0x00,0x00,0x00,0x00,0x00,0x00,0x00,0x00,0x00,0x00,0x00,0x00,0x00,0x00,0x00,
    0x00,0x00,0x00,0x00,0x00,0x00,0x00,0x00,0x00,0x00,0x00,0x00,0x00,0x00,0x00,0x00,
    0x00,0x00,0x00,0x00,0x00,0x00,0x00,0x00,0x00,0x00,0x00,0x00,0x00,0x00,0x00,0x00,
    0x00,0x00,0x00,0x00,0x00,0x00,0x00,0x00,0x00,0x00,0x00,0x00,0x00,0x00,0x00,0x00,
    0x00,0x00,0x00,0x00,0x00,0x00,0x00,0x00,0x00,0x00,0x00,0x00,0x00,0x00,0x00,0x00,
    0x00,0x00,0x00,0x00,0x00,0x00,0x00,0x00,0x00,0x00,0x00,0x00,0x00,0x00,0x00,0x00,
    0x00,0x00,0x00,0x00,0x00,0x00,0x00,0x00,0x00,0x00,0x00,0x00,0x00,0x00,0x00,0x00,
    0x00,0x00,0x00,0x00,0x00,0x00,0x00,0x00,0x00,0x00,0x00,0x00,0x00,0x00,0x00,0x00,
    0x00,0x00,0x00,0x00,0x00,0x00,0x00,0x00,0x00,0x00,0x00,0x00,0x00,0x00,0x00,0x00,
    0x00,0x00,0x00,0x00,0x00,0x00,0x00,0x00,0x00,0x00,0x00,0x00,0x00,0x00,0x00,0x00,
    0x00,0x00,0x00,0x00,0x00,0x00,0x00,0x00,0x00,0x00,0x00,0x00,0x00,0x00,0x00,0x00,
    0x00,0x00,0x00,0x00,0x00,0x00,0x00,0x00,0x00,0x00,0x00,0x00,0x00,0x00,0x00,0x00,
    0x00,0x00,0x00,0x00,0x00,0x00,0x00,0x00,0x00,0x00,0x00,0x00,0x00,0x00,0x00,0x00,
    0x00,0x00,0x00,0x00,0xe7,0xe7,0xe7,0x0b,0xe2,0xf7,0xe9,0x24,0xc8,0xe6,0xc8,0x54,
    0x8c,0xd5,0x92,0x9e,0x4e,0xbd,0x57,0xeb,0x1f,0xac,0x29,0xfe,0x0a,0xa5,0x14,0xff,
    0x0a,0xa6,0x15,0xff,0x14,0xa9,0x1f,0xff,0x1a,0xab,0x25,0xff,0x19,0xab,0x24,0xff,
    0x19,0xab,0x24,0xff,0x19,0xab,0x24,0xff,0x19,0xab,0x24,0xff,0x19,0xab,0x24,0xff,
    0x19,0xab,0x24,0xff,0x19,0xab,0x24,0xff,0x19,0xab,0x24,0xff,0x19,0xab,0x24,0xff,
    0x19,0xab,0x24,0xff,0x19,0xab,0x24,0xff,0x19,0xab,0x24,0xff,0x19,0xab,0x24,0xff,
    0x19,0xab,0x24,0xff,0x19,0xab,0x24,0xff,0x19,0xab,0x24,0xff,0x19,0xab,0x24,0xff,
    0x19,0xab,0x24,0xff,0x19,0xab,0x24,0xff,0x19,0xab,0x24,0xff,0x19,0xab,0x24,0xff,
    0x19,0xab,0x24,0xff,0x19,0xab,0x24,0xff,0x19,0xab,0x24,0xff,0x19,0xab,0x24,0xff,
    0x19,0xab,0x24,0xff,0x19,0xab,0x24,0xff,0x19,0xab,0x24,0xff,0x19,0xab,0x24,0xff,
    0x19,0xab,0x24,0xff,0x19,0xab,0x24,0xff,0x19,0xab,0x24,0xff,0x19,0xab,0x24,0xff,
    0x19,0xab,0x24,0xff,0x19,0xab,0x24,0xff,0x19,0xab,0x24,0xff,0x19,0xab,0x24,0xff,
    0x19,0xab,0x24,0xff,0x19,0xab,0x24,0xff,0x19,0xab,0x24,0xff,0x19,0xab,0x24,0xff,
    0x19,0xab,0x24,0xff,0x19,0xab,0x24,0xff,0x19,0xab,0x24,0xff,0x19,0xab,0x24,0xff,
    0x19,0xab,0x24,0xff,0x19,0xab,0x24,0xff,0x19,0xab,0x24,0xff,0x19,0xab,0x24,0xff,
    0x19,0xab,0x24,0xff,0x19,0xab,0x24,0xff,0x19,0xab,0x24,0xff,0x19,0xab,0x24,0xff,
    0x19,0xab,0x24,0xff,0x19,0xab,0x24,0xff,0x19,0xab,0x24,0xff,0x19,0xab,0x24,0xff,
    0x19,0xab,0x25,0xff,0x13,0xa9,0x1f,0xff,0x08,0xa5,0x14,0xff,0x08,0xa5,0x16,0xff,
    0x24,0xaf,0x2f,0xf7,0x5a,0xc2,0x64,0xe4,0x99,0xda,0xa0,0xa0,0xd6,0xf0,0xd6,0x45,
    0x55,0xd4,0x55,0x06,0xff,0xff,0xff,0x03,0x00,0x00,0x00,0x00,0x00,0x00,0x00,0x00,
    0x00,0x00,0x00,0x00,0x00,0x00,0x00,0x00,0x00,0x00,0x00,0x00,0x00,0x00,0x00,0x00,
    0x00,0x00,0x00,0x00,0x00,0x00,0x00,0x00,0x00,0x00,0x00,0x00,0x00,0x00,0x00,0x00,
    0x00,0x00,0x00,0x00,0x00,0x00,0x00,0x00,0x00,0x00,0x00,0x00,0x00,0x00,0x00,0x00,
    0x00,0x00,0x00,0x00,0x00,0x00,0x00,0x00,0x00,0x00,0x00,0x00,0x00,0x00,0x00,0x00,
    0x00,0x00,0x00,0x00,0x00,0x00,0x00,0x00,0x00,0x00,0x00,0x00,0x00,0x00,0x00,0x00,
    0x00,0x00,0x00,0x00,0x00,0x00,0x00,0x00,0x00,0x00,0x00,0x00,0x00,0x00,0x00,0x00,
    0x00,0x00,0x00,0x00,0x00,0x00,0x00,0x00,0x00,0x00,0x00,0x00,0x00,0x00,0x00,0x00,
    0x00,0x00,0x00,0x00,0x00,0x00,0x00,0x00,0x00,0x00,0x00,0x00,0x00,0x00,0x00,0x00,
    0x00,0x00,0x00,0x00,0x00,0x00,0x00,0x00,0x00,0x00,0x00,0x00,0x00,0x00,0x00,0x00,
    0x00,0x00,0x00,0x00,0x00,0x00,0x00,0x00,0x00,0x00,0x00,0x00,0x00,0x00,0x00,0x00,
    0x00,0x00,0x00,0x00,0x00,0x00,0x00,0x00,0x00,0x00,0x00,0x00,0x00,0x00,0x00,0x00,
    0x00,0x00,0x00,0x00,0x00,0x00,0x00,0x00,0x00,0x00,0x00,0x00,0x00,0x00,0x00,0x00,
    0x00,0x00,0x00,0x00,0x00,0x00,0x00,0x00,0x00,0x00,0x00,0x00,0x00,0x00,0x00,0x00,
    0x00,0x00,0x00,0x00,0x00,0x00,0x00,0x00,0x00,0x00,0x00,0x00,0x00,0x00,0x00,0x00,
    0x00,0x00,0x00,0x00,0x00,0x00,0x00,0x00,0x00,0x00,0x00,0x00,0x00,0x00,0x00,0x00,
    0x00,0x00,0x00,0x00,0x00,0x00,0x00,0x00,0x00,0x00,0x00,0x00,0x00,0x00,0x00,0x00,
    0x00,0x00,0x00,0x00,0x00,0x00,0x00,0x00,0x00,0x00,0x00,0x00,0x00,0x00,0x00,0x00,
    0x00,0x00,0x00,0x00,0x00,0x00,0x00,0x00,0x00,0x00,0x00,0x00,0x00,0x00,0x00,0x00,
    0x00,0x00,0x00,0x00,0x00,0x00,0x00,0x00,0x00,0x00,0x00,0x00,0x00,0x00,0x00,0x00,
    0x00,0x00,0x00,0x00,0x00,0x00,0x00,0x00,0x00,0x00,0x00,0x00,0x00,0x00,0x00,0x00,
    0xaa,0xaa,0xaa,0x03,0xf0,0xf7,0xf0,0x47,0x94,0xd6,0x97,0xa3,0x4e,0xbe,0x58,0xdf,
    0x1d,0xac,0x28,0xf7,0x0b,0xa5,0x16,0xff,0x0e,0xa7,0x1b,0xff,0x17,0xab,0x22,0xff,
    0x19,0xab,0x24,0xff,0x19,0xab,0x24,0xff,0x19,0xab,0x24,0xff,0x19,0xab,0x24,0xff,
    0x19,0xab,0x24,0xff,0x19,0xab,0x24,0xff,0x19,0xab,0x24,0xff,0x19,0xab,0x24,0xff,
    0x19,0xab,0x24,0xff,0x19,0xab,0x24,0xff,0x19,0xab,0x24,0xff,0x19,0xab,0x24,0xff,
    0x19,0xab,0x24,0xff,0x19,0xab,0x24,0xff,0x19,0xab,0x24,0xff,0x19,0xab,0x24,0xff,
    0x19,0xab,0x24,0xff,0x19,0xab,0x24,0xff,0x19,0xab,0x24,0xff,0x19,0xab,0x24,0xff,
    0x19,0xab,0x24,0xff,0x19,0xab,0x24,0xff,0x19,0xab,0x24,0xff,0x19,0xab,0x24,0xff,
    0x19,0xab,0x24,0xff,0x19,0xab,0x24,0xff,0x19,0xab,0x24,0xff,0x19,0xab,0x24,0xff,
    0x19,0xab,0x24,0xff,0x19,0xab,0x24,0xff,0x19,0xab,0x24,0xff,0x19,0xab,0x24,0xff,
    0x19,0xab,0x24,0xff,0x19,0xab,0x24,0xff,0x19,0xab,0x24,0xff,0x19,0xab,0x24,0xff,
    0x19,0xab,0x24,0xff,0x19,0xab,0x24,0xff,0x19,0xab,0x24,0xff,0x19,0xab,0x24,0xff,
    0x19,0xab,0x24,0xff,0x19,0xab,0x24,0xff,0x19,0xab,0x24,0xff,0x19,0xab,0x24,0xff,
    0x19,0xab,0x24,0xff,0x19,0xab,0x24,0xff,0x19,0xab,0x24,0xff,0x19,0xab,0x24,0xff,
    0x19,0xab,0x24,0xff,0x19,0xab,0x24,0xff,0x19,0xab,0x24,0xff,0x19,0xab,0x24,0xff,
    0x19,0xab,0x24,0xff,0x19,0xab,0x24,0xff,0x19,0xab,0x24,0xff,0x19,0xab,0x24,0xff,
    0x19,0xab,0x24,0xff,0x19,0xab,0x24,0xff,0x19,0xab,0x24,0xff,0x19,0xab,0x24,0xff,
    0x19,0xab,0x24,0xff,0x19,0xab,0x24,0xff,0x19,0xab,0x24,0xff,0x16,0xaa,0x22,0xff,
    0x0d,0xa6,0x19,0xff,0x0d,0xa6,0x18,0xff,0x24,0xaf,0x2f,0xf9,0x52,0xbf,0x5c,0xd5,
    0x96,0xd8,0x9b,0x8b,0xe6,0xf2,0xe6,0x3f,0xd4,0xd4,0xd4,0x06,0x00,0x00,0x00,0x00,
    0x00,0x00,0x00,0x00,0x00,0x00,0x00,0x00,0x00,0x00,0x00,0x00,0x00,0x00,0x00,0x00,
    0x00,0x00,0x00,0x00,0x00,0x00,0x00,0x00,0x00,0x00,0x00,0x00,0x00,0x00,0x00,0x00,
    0x00,0x00,0x00,0x00,0x00,0x00,0x00,0x00,0x00,0x00,0x00,0x00,0x00,0x00,0x00,0x00,
    0x00,0x00,0x00,0x00,0x00,0x00,0x00,0x00,0x00,0x00,0x00,0x00,0x00,0x00,0x00,0x00,
    0x00,0x00,0x00,0x00,0x00,0x00,0x00,0x00,0x00,0x00,0x00,0x00,0x00,0x00,0x00,0x00,
    0x00,0x00,0x00,0x00,0x00,0x00,0x00,0x00,0x00,0x00,0x00,0x00,0x00,0x00,0x00,0x00,
    0x00,0x00,0x00,0x00,0x00,0x00,0x00,0x00,0x00,0x00,0x00,0x00,0x00,0x00,0x00,0x00,
    0x00,0x00,0x00,0x00,0x00,0x00,0x00,0x00,0x00,0x00,0x00,0x00,0x00,0x00,0x00,0x00,
    0x00,0x00,0x00,0x00,0x00,0x00,0x00,0x00,0x00,0x00,0x00,0x00,0x00,0x00,0x00,0x00,
    0x00,0x00,0x00,0x00,0x00,0x00,0x00,0x00,0x00,0x00,0x00,0x00,0x00,0x00,0x00,0x00,
    0x00,0x00,0x00,0x00,0x00,0x00,0x00,0x00,0x00,0x00,0x00,0x00,0x00,0x00,0x00,0x00,
    0x00,0x00,0x00,0x00,0x00,0x00,0x00,0x00,0x00,0x00,0x00,0x00,0x00,0x00,0x00,0x00,
    0x00,0x00,0x00,0x00,0x00,0x00,0x00,0x00,0x00,0x00,0x00,0x00,0x00,0x00,0x00,0x00,
    0x00,0x00,0x00,0x00,0x00,0x00,0x00,0x00,0x00,0x00,0x00,0x00,0x00,0x00,0x00,0x00,
    0x00,0x00,0x00,0x00,0x00,0x00,0x00,0x00,0x00,0x00,0x00,0x00,0x00,0x00,0x00,0x00,
    0x00,0x00,0x00,0x00,0x00,0x00,0x00,0x00,0x00,0x00,0x00,0x00,0x00,0x00,0x00,0x00,
    0x00,0x00,0x00,0x00,0x00,0x00,0x00,0x00,0x00,0x00,0x00,0x00,0x00,0x00,0x00,0x00,
    0x00,0x00,0x00,0x00,0x00,0x00,0x00,0x00,0x00,0x00,0x00,0x00,0x00,0x00,0x00,0x00,
    0x00,0x00,0x00,0x00,0x00,0x00,0x00,0x00,0x00,0x00,0x00,0x00,0x00,0x00,0x00,0x00,
    0x00,0x00,0x00,0x00,0x00,0x00,0x00,0x00,0xff,0xff,0xff,0x06,0xf2,0xfa,0xf6,0x3c,
    0xa0,0xd9,0xa6,0x7c,0x52,0xbf,0x5b,0xce,0x28,0xaf,0x33,0xf4,0x15,0xa9,0x20,0xfe,
    0x12,0xa9,0x1e,0xff,0x15,0xa9,0x20,0xff,0x17,0xaa,0x22,0xff,0x19,0xab,0x24,0xff,
    0x19,0xab,0x24,0xff,0x19,0xab,0x24,0xff,0x19,0xab,0x24,0xff,0x19,0xab,0x24,0xff,
    0x19,0xab,0x24,0xff,0x19,0xab,0x24,0xff,0x19,0xab,0x24,0xff,0x19,0xab,0x24,0xff,
    0x19,0xab,0x24,0xff,0x19,0xab,0x24,0xff,0x19,0xab,0x24,0xff,0x19,0xab,0x24,0xff,
    0x19,0xab,0x24,0xff,0x19,0xab,0x24,0xff,0x19,0xab,0x24,0xff,0x19,0xab,0x24,0xff,
    0x19,0xab,0x24,0xff,0x19,0xab,0x24,0xff,0x19,0xab,0x24,0xff,0x19,0xab,0x24,0xff,
    0x19,0xab,0x24,0xff,0x19,0xab,0x24,0xff,0x19,0xab,0x24,0xff,0x19,0xab,0x24,0xff,
    0x19,0xab,0x24,0xff,0x19,0xab,0x24,0xff,0x19,0xab,0x24,0xff,0x19,0xab,0x24,0xff,
    0x19,0xab,0x24,0xff,0x19,0xab,0x24,0xff,0x19,0xab,0x24,0xff,0x19,0xab,0x24,0xff,
    0x19,0xab,0x24,0xff,0x19,0xab,0x24,0xff,0x19,0xab,0x24,0xff,0x19,0xab,0x24,0xff,
    0x19,0xab,0x24,0xff,0x19,0xab,0x24,0xff,0x19,0xab,0x24,0xff,0x19,0xab,0x24,0xff,
    0x19,0xab,0x24,0xff,0x19,0xab,0x24,0xff,0x19,0xab,0x24,0xff,0x19,0xab,0x24,0xff,
    0x19,0xab,0x24,0xff,0x19,0xab,0x24,0xff,0x19,0xab,0x24,0xff,0x19,0xab,0x24,0xff,
    0x19,0xab,0x24,0xff,0x19,0xab,0x24,0xff,0x19,0xab,0x24,0xff,0x19,0xab,0x24,0xff,
    0x19,0xab,0x24,0xff,0x19,0xab,0x24,0xff,0x19,0xab,0x24,0xff,0x19,0xab,0x24,0xff,
    0x19,0xab,0x24,0xff,0x19,0xab,0x24,0xff,0x19,0xab,0x24,0xff,0x19,0xab,0x24,0xff,
    0x19,0xab,0x24,0xff,0x19,0xab,0x24,0xff,0x19,0xab,0x24,0xff,0x19,0xab,0x24,0xff,
    0x17,0xaa,0x22,0xff,0x14,0xa9,0x20,0xff,0x13,0xaa,0x1f,0xff,0x18,0xaa,0x22,0xfd,
    0x2b,0xb0,0x36,0xee,0x5f,0xc5,0x69,0xc6,0xb7,0xe4,0xb9,0x6b,0xfa,0xfa,0xfa,0x36,
    0xff,0xff,0xff,0x09,0x00,0x00,0x00,0x00,0x00,0x00,0x00,0x00,0x00,0x00,0x00,0x00,
    0x00,0x00,0x00,0x00,0x00,0x00,0x00,0x00,0x00,0x00,0x00,0x00,0x00,0x00,0x00,0x00,
    0x00,0x00,0x00,0x00,0x00,0x00,0x00,0x00,0x00,0x00,0x00,0x00,0x00,0x00,0x00,0x00,
    0x00,0x00,0x00,0x00,0x00,0x00,0x00,0x00,0x00,0x00,0x00,0x00,0x00,0x00,0x00,0x00,
    0x00,0x00,0x00,0x00,0x00,0x00,0x00,0x00,0x00,0x00,0x00,0x00,0x00,0x00,0x00,0x00,
    0x00,0x00,0x00,0x00,0x00,0x00,0x00,0x00,0x00,0x00,0x00,0x00,0x00,0x00,0x00,0x00,
    0x00,0x00,0x00,0x00,0x00,0x00,0x00,0x00,0x00,0x00,0x00,0x00,0x00,0x00,0x00,0x00,
    0x00,0x00,0x00,0x00,0x00,0x00,0x00,0x00,0x00,0x00,0x00,0x00,0x00,0x00,0x00,0x00,
    0x00,0x00,0x00,0x00,0x00,0x00,0x00,0x00,0x00,0x00,0x00,0x00,0x00,0x00,0x00,0x00,
    0x00,0x00,0x00,0x00,0x00,0x00,0x00,0x00,0x00,0x00,0x00,0x00,0x00,0x00,0x00,0x00,
    0x00,0x00,0x00,0x00,0x00,0x00,0x00,0x00,0x00,0x00,0x00,0x00,0x00,0x00,0x00,0x00,
    0x00,0x00,0x00,0x00,0x00,0x00,0x00,0x00,0x00,0x00,0x00,0x00,0x00,0x00,0x00,0x00,
    0x00,0x00,0x00,0x00,0x00,0x00,0x00,0x00,0x00,0x00,0x00,0x00,0x00,0x00,0x00,0x00,
    0x00,0x00,0x00,0x00,0x00,0x00,0x00,0x00,0x00,0x00,0x00,0x00,0x00,0x00,0x00,0x00,
    0x00,0x00,0x00,0x00,0x00,0x00,0x00,0x00,0x00,0x00,0x00,0x00,0x00,0x00,0x00,0x00,
    0x00,0x00,0x00,0x00,0x00,0x00,0x00,0x00,0x00,0x00,0x00,0x00,0x00,0x00,0x00,0x00,
    0x00,0x00,0x00,0x00,0x00,0x00,0x00,0x00,0x00,0x00,0x00,0x00,0x00,0x00,0x00,0x00,
    0x00,0x00,0x00,0x00,0x00,0x00,0x00,0x00,0x00,0x00,0x00,0x00,0x00,0x00,0x00,0x00,
    0x00,0x00,0x00,0x00,0x00,0x00,0x00,0x00,0x00,0x00,0x00,0x00,0x00,0x00,0x00,0x00,
    0x00,0x00,0x00,0x00,0xff,0xff,0xff,0x11,0xbe,0xe4,0xc1,0x57,0x6e,0xc9,0x76,0xaf,
    0x34,0xb3,0x40,0xe3,0x21,0xad,0x2d,0xfe,0x15,0xab,0x21,0xff,0x12,0xaa,0x1e,0xff,
    0x16,0xaa,0x22,0xff,0x19,0xab,0x24,0xff,0x19,0xab,0x24,0xff,0x19,0xab,0x24,0xff,
    0x19,0xab,0x24,0xff,0x19,0xab,0x24,0xff,0x19,0xab,0x24,0xff,0x19,0xab,0x24,0xff,
    0x19,0xab,0x24,0xff,0x19,0xab,0x24,0xff,0x19,0xab,0x24,0xff,0x19,0xab,0x24,0xff,
    0x19,0xab,0x24,0xff,0x19,0xab,0x24,0xff,0x19,0xab,0x24,0xff,0x19,0xab,0x24,0xff,
    0x19,0xab,0x24,0xff,0x19,0xab,0x24,0xff,0x19,0xab,0x24,0xff,0x19,0xab,0x24,0xff,
    0x19,0xab,0x24,0xff,0x19,0xab,0x24,0xff,0x19,0xab,0x24,0xff,0x19,0xab,0x24,0xff,
    0x19,0xab,0x24,0xff,0x19,0xab,0x24,0xff,0x19,0xab,0x24,0xff,0x19,0xab,0x24,0xff,
    0x19,0xab,0x24,0xff,0x19,0xab,0x24,0xff,0x19,0xab,0x24,0xff,0x19,0xab,0x24,0xff,
    0x19,0xab,0x24,0xff,0x19,0xab,0x24,0xff,0x19,0xab,0x24,0xff,0x19,0xab,0x24,0xff,
    0x19,0xab,0x24,0xff,0x19,0xab,0x24,0xff,0x19,0xab,0x24,0xff,0x19,0xab,0x24,0xff,
    0x19,0xab,0x24,0xff,0x19,0xab,0x24,0xff,0x19,0xab,0x24,0xff,0x19,0xab,0x24,0xff,
    0x19,0xab,0x24,0xff,0x19,0xab,0x24,0xff,0x19,0xab,0x24,0xff,0x19,0xab,0x24,0xff,
    0x19,0xab,0x24,0xff,0x19,0xab,0x24,0xff,0x19,0xab,0x24,0xff,0x19,0xab,0x24,0xff,
    0x19,0xab,0x24,0xff,0x19,0xab,0x24,0xff,0x19,0xab,0x24,0xff,0x19,0xab,0x24,0xff,
    0x19,0xab,0x24,0xff,0x19,0xab,0x24,0xff,0x19,0xab,0x24,0xff,0x19,0xab,0x24,0xff,
    0x19,0xab,0x24,0xff,0x19,0xab,0x24,0xff,0x19,0xab,0x24,0xff,0x19,0xab,0x24,0xff,
    0x19,0xab,0x24,0xff,0x19,0xab,0x24,0xff,0x19,0xab,0x24,0xff,0x19,0xab,0x24,0xff,
    0x19,0xab,0x24,0xff,0x19,0xab,0x24,0xff,0x16,0xaa,0x21,0xff,0x13,0xaa,0x1e,0xff,
    0x16,0xac,0x22,0xff,0x26,0xb0,0x31,0xfb,0x3b,0xb6,0x45,0xdf,0x7b,0xcf,0x80,0xa5,
    0xc6,0xea,0xc6,0x55,0xff,0xff,0xff,0x12,0x00,0x00,0x00,0x00,0x00,0x00,0x00,0x00,
    0x00,0x00,0x00,0x00,0x00,0x00,0x00,0x00,0x00,0x00,0x00,0x00,0x00,0x00,0x00,0x00,
    0x00,0x00,0x00,0x00,0x00,0x00,0x00,0x00,0x00,0x00,0x00,0x00,0x00,0x00,0x00,0x00,
    0x00,0x00,0x00,0x00,0x00,0x00,0x00,0x00,0x00,0x00,0x00,0x00,0x00,0x00,0x00,0x00,
    0x00,0x00,0x00,0x00,0x00,0x00,0x00,0x00,0x00,0x00,0x00,0x00,0x00,0x00,0x00,0x00,
    0x00,0x00,0x00,0x00,0x00,0x00,0x00,0x00,0x00,0x00,0x00,0x00,0x00,0x00,0x00,0x00,
    0x00,0x00,0x00,0x00,0x00,0x00,0x00,0x00,0x00,0x00,0x00,0x00,0x00,0x00,0x00,0x00,
    0x00,0x00,0x00,0x00,0x00,0x00,0x00,0x00,0x00,0x00,0x00,0x00,0x00,0x00,0x00,0x00,
    0x00,0x00,0x00,0x00,0x00,0x00,0x00,0x00,0x00,0x00,0x00,0x00,0x00,0x00,0x00,0x00,
    0x00,0x00,0x00,0x00,0x00,0x00,0x00,0x00,0x00,0x00,0x00,0x00,0x00,0x00,0x00,0x00,
    0x00,0x00,0x00,0x00,0x00,0x00,0x00,0x00,0x00,0x00,0x00,0x00,0x00,0x00,0x00,0x00,
    0x00,0x00,0x00,0x00,0x00,0x00,0x00,0x00,0x00,0x00,0x00,0x00,0x00,0x00,0x00,0x00,
    0x00,0x00,0x00,0x00,0x00,0x00,0x00,0x00,0x00,0x00,0x00,0x00,0x00,0x00,0x00,0x00,
    0x00,0x00,0x00,0x00,0x00,0x00,0x00,0x00,0x00,0x00,0x00,0x00,0x00,0x00,0x00,0x00,
    0x00,0x00,0x00,0x00,0x00,0x00,0x00,0x00,0x00,0x00,0x00,0x00,0x00,0x00,0x00,0x00,
    0x00,0x00,0x00,0x00,0x00,0x00,0x00,0x00,0x00,0x00,0x00,0x00,0x00,0x00,0x00,0x00,
    0x00,0x00,0x00,0x00,0x00,0x00,0x00,0x00,0x00,0x00,0x00,0x00,0x00,0x00,0x00,0x00,
    0x00,0x00,0x00,0x00,0x00,0x00,0x00,0x00,0x00,0x00,0x00,0x00,0x00,0x00,0x00,0x00,
    0x00,0x00,0x00,0x00,0x00,0x00,0x00,0x00,0x00,0x00,0x00,0x00,0xff,0xff,0xff,0x0e,
    0xd3,0xf0,0xd8,0x35,0x83,0xd3,0x89,0x7a,0x55,0xc0,0x5c,0xc9,0x2e,0xb3,0x39,0xf5,
    0x13,0xad,0x1f,0xff,0x14,0xaa,0x1f,0xff,0x17,0xaa,0x23,0xff,0x19,0xab,0x24,0xff,
    0x19,0xab,0x24,0xff,0x19,0xab,0x24,0xff,0x19,0xab,0x24,0xff,0x19,0xab,0x24,0xff,
    0x19,0xab,0x24,0xff,0x19,0xab,0x24,0xff,0x19,0xab,0x24,0xff,0x19,0xab,0x24,0xff,
    0x19,0xab,0x24,0xff,0x19,0xab,0x24,0xff,0x19,0xab,0x24,0xff,0x19,0xab,0x24,0xff,
    0x19,0xab,0x24,0xff,0x19,0xab,0x24,0xff,0x19,0xab,0x24,0xff,0x19,0xab,0x24,0xff,
    0x19,0xab,0x24,0xff,0x19,0xab,0x24,0xff,0x19,0xab,0x24,0xff,0x19,0xab,0x24,0xff,
    0x19,0xab,0x24,0xff,0x19,0xab,0x24,0xff,0x19,0xab,0x24,0xff,0x19,0xab,0x24,0xff,
    0x19,0xab,0x24,0xff,0x19,0xab,0x24,0xff,0x19,0xab,0x24,0xff,0x19,0xab,0x24,0xff,
    0x19,0xab,0x24,0xff,0x19,0xab,0x24,0xff,0x19,0xab,0x24,0xff,0x19,0xab,0x24,0xff,
    0x19,0xab,0x24,0xff,0x19,0xab,0x24,0xff,0x19,0xab,0x24,0xff,0x19,0xab,0x24,0xff,
    0x19,0xab,0x24,0xff,0x19,0xab,0x24,0xff,0x19,0xab,0x24,0xff,0x19,0xab,0x24,0xff,
    0x19,0xab,0x24,0xff,0x19,0xab,0x24,0xff,0x19,0xab,0x24,0xff,0x19,0xab,0x24,0xff,
    0x19,0xab,0x24,0xff,0x19,0xab,0x24,0xff,0x19,0xab,0x24,0xff,0x19,0xab,0x24,0xff,
    0x19,0xab,0x24,0xff,0x19,0xab,0x24,0xff,0x19,0xab,0x24,0xff,0x19,0xab,0x24,0xff,
    0x19,0xab,0x24,0xff,0x19,0xab,0x24,0xff,0x19,0xab,0x24,0xff,0x19,0xab,0x24,0xff,
    0x19,0xab,0x24,0xff,0x19,0xab,0x24,0xff,0x19,0xab,0x24,0xff,0x19,0xab,0x24,0xff,
    0x19,0xab,0x24,0xff,0x19,0xab,0x24,0xff,0x19,0xab,0x24,0xff,0x19,0xab,0x24,0xff,
    0x19,0xab,0x24,0xff,0x19,0xab,0x24,0xff,0x19,0xab,0x24,0xff,0x19,0xab,0x24,0xff,
    0x19,0xab,0x24,0xff,0x19,0xab,0x24,0xff,0x19,0xab,0x24,0xff,0x19,0xab,0x24,0xff,
    0x16,0xaa,0x22,0xff,0x14,0xab,0x1f,0xff,0x17,0xb0,0x24,0xff,0x33,0xb4,0x3d,0xf1,
    0x5c,0xc3,0x64,0xc0,0x93,0xd5,0x97,0x74,0xf9,0xf9,0xf9,0x2c,0xff,0xff,0xff,0x0c,
    0x00,0x00,0x00,0x00,0x00,0x00,0x00,0x00,0x00,0x00,0x00,0x00,0x00,0x00,0x00,0x00,
    0x00,0x00,0x00,0x00,0x00,0x00,0x00,0x00,0x00,0x00,0x00,0x00,0x00,0x00,0x00,0x00,
    0x00,0x00,0x00,0x00,0x00,0x00,0x00,0x00,0x00,0x00,0x00,0x00,0x00,0x00,0x00,0x00,
    0x00,0x00,0x00,0x00,0x00,0x00,0x00,0x00,0x00,0x00,0x00,0x00,0x00,0x00,0x00,0x00,
    0x00,0x00,0x00,0x00,0x00,0x00,0x00,0x00,0x00,0x00,0x00,0x00,0x00,0x00,0x00,0x00,
    0x00,0x00,0x00,0x00,0x00,0x00,0x00,0x00,0x00,0x00,0x00,0x00,0x00,0x00,0x00,0x00,
    0x00,0x00,0x00,0x00,0x00,0x00,0x00,0x00,0x00,0x00,0x00,0x00,0x00,0x00,0x00,0x00,
    0x00,0x00,0x00,0x00,0x00,0x00,0x00,0x00,0x00,0x00,0x00,0x00,0x00,0x00,0x00,0x00,
    0x00,0x00,0x00,0x00,0x00,0x00,0x00,0x00,0x00,0x00,0x00,0x00,0x00,0x00,0x00,0x00,
    0x00,0x00,0x00,0x00,0x00,0x00,0x00,0x00,0x00,0x00,0x00,0x00,0x00,0x00,0x00,0x00,
    0x00,0x00,0x00,0x00,0x00,0x00,0x00,0x00,0x00,0x00,0x00,0x00,0x00,0x00,0x00,0x00,
    0x00,0x00,0x00,0x00,0x00,0x00,0x00,0x00,0x00,0x00,0x00,0x00,0x00,0x00,0x00,0x00,
    0x00,0x00,0x00,0x00,0x00,0x00,0x00,0x00,0x00,0x00,0x00,0x00,0x00,0x00,0x00,0x00,
    0x00,0x00,0x00,0x00,0x00,0x00,0x00,0x00,0x00,0x00,0x00,0x00,0x00,0x00,0x00,0x00,
    0x00,0x00,0x00,0x00,0x00,0x00,0x00,0x00,0x00,0x00,0x00,0x00,0x00,0x00,0x00,0x00,
    0x00,0x00,0x00,0x00,0x00,0x00,0x00,0x00,0x00,0x00,0x00,0x00,0x00,0x00,0x00,0x00,
    0x00,0x00,0x00,0x00,0x00,0x00,0x00,0x00,0x00,0x00,0x00,0x00,0x00,0x00,0x00,0x00,
    0x00,0x00,0x00,0x00,0x00,0x00,0x00,0x00,0xff,0xff,0xff,0x0f,0xbd,0xe7,0xc3,0x55,
    0x7a,0xcf,0x81,0xa7,0x42,0xbb,0x4b,0xea,0x1d,0xb4,0x29,0xff,0x10,0xaa,0x1c,0xff,
    0x18,0xab,0x23,0xff,0x19,0xab,0x24,0xff,0x19,0xab,0x24,0xff,0x19,0xab,0x24,0xff,
    0x19,0xab,0x24,0xff,0x19,0xab,0x24,0xff,0x19,0xab,0x24,0xff,0x19,0xab,0x24,0xff,
    0x19,0xab,0x24,0xff,0x19,0xab,0x24,0xff,0x19,0xab,0x24,0xff,0x19,0xab,0x24,0xff,
    0x19,0xab,0x24,0xff,0x19,0xab,0x24,0xff,0x19,0xab,0x24,0xff,0x19,0xab,0x24,0xff,
    0x19,0xab,0x24,0xff,0x19,0xab,0x24,0xff,0x19,0xab,0x24,0xff,0x19,0xab,0x24,0xff,
    0x19,0xab,0x24,0xff,0x19,0xab,0x24,0xff,0x19,0xab,0x24,0xff,0x19,0xab,0x24,0xff,
    0x19,0xab,0x24,0xff,0x19,0xab,0x24,0xff,0x19,0xab,0x24,0xff,0x19,0xab,0x24,0xff,
    0x19,0xab,0x24,0xff,0x19,0xab,0x24,0xff,0x19,0xab,0x24,0xff,0x19,0xab,0x24,0xff,
    0x19,0xab,0x24,0xff,0x19,0xab,0x24,0xff,0x19,0xab,0x24,0xff,0x19,0xab,0x24,0xff,
    0x19,0xab,0x24,0xff,0x19,0xab,0x24,0xff,0x19,0xab,0x24,0xff,0x19,0xab,0x24,0xff,
    0x19,0xab,0x24,0xff,0x19,0xab,0x24,0xff,0x19,0xab,0x24,0xff,0x19,0xab,0x24,0xff,
    0x19,0xab,0x24,0xff,0x19,0xab,0x24,0xff,0x19,0xab,0x24,0xff,0x19,0xab,0x24,0xff,
    0x19,0xab,0x24,0xff,0x19,0xab,0x24,0xff,0x19,0xab,0x24,0xff,0x19,0xab,0x24,0xff,
    0x19,0xab,0x24,0xff,0x19,0xab,0x24,0xff,0x19,0xab,0x24,0xff,0x19,0xab,0x24,0xff,
    0x19,0xab,0x24,0xff,0x19,0xab,0x24,0xff,0x19,0xab,0x24,0xff,0x19,0xab,0x24,0xff,
    0x19,0xab,0x24,0xff,0x19,0xab,0x24,0xff,0x19,0xab,0x24,0xff,0x19,0xab,0x24,0xff,
    0x19,0xab,0x24,0xff,0x19,0xab,0x24,0xff,0x19,0xab,0x24,0xff,0x19,0xab,0x24,0xff,
    0x19,0xab,0x24,0xff,0x19,0xab,0x24,0xff,0x19,0xab,0x24,0xff,0x19,0xab,0x24,0xff,
    0x19,0xab,0x24,0xff,0x19,0xab,0x24,0xff,0x19,0xab,0x24,0xff,0x19,0xab,0x24,0xff,
    0x19,0xab,0x24,0xff,0x19,0xab,0x24,0xff,0x17,0xaa,0x22,0xff,0x0f,0xaa,0x1b,0xff,
    0x21,0xaf,0x2c,0xff,0x49,0xbb,0x53,0xe0,0x85,0xd1,0x8b,0x9d,0xc7,0xe8,0xcd,0x4e,
    0xff,0xff,0xff,0x0e,0x00,0x00,0x00,0x00,0x00,0x00,0x00,0x00,0x00,0x00,0x00,0x00,
    0x00,0x00,0x00,0x00,0x00,0x00,0x00,0x00,0x00,0x00,0x00,0x00,0x00,0x00,0x00,0x00,
    0x00,0x00,0x00,0x00,0x00,0x00,0x00,0x00,0x00,0x00,0x00,0x00,0x00,0x00,0x00,0x00,
    0x00,0x00,0x00,0x00,0x00,0x00,0x00,0x00,0x00,0x00,0x00,0x00,0x00,0x00,0x00,0x00,
    0x00,0x00,0x00,0x00,0x00,0x00,0x00,0x00,0x00,0x00,0x00,0x00,0x00,0x00,0x00,0x00,
    0x00,0x00,0x00,0x00,0x00,0x00,0x00,0x00,0x00,0x00,0x00,0x00,0x00,0x00,0x00,0x00,
    0x00,0x00,0x00,0x00,0x00,0x00,0x00,0x00,0x00,0x00,0x00,0x00,0x00,0x00,0x00,0x00,
    0x00,0x00,0x00,0x00,0x00,0x00,0x00,0x00,0x00,0x00,0x00,0x00,0x00,0x00,0x00,0x00,
    0x00,0x00,0x00,0x00,0x00,0x00,0x00,0x00,0x00,0x00,0x00,0x00,0x00,0x00,0x00,0x00,
    0x00,0x00,0x00,0x00,0x00,0x00,0x00,0x00,0x00,0x00,0x00,0x00,0x00,0x00,0x00,0x00,
    0x00,0x00,0x00,0x00,0x00,0x00,0x00,0x00,0x00,0x00,0x00,0x00,0x00,0x00,0x00,0x00,
    0x00,0x00,0x00,0x00,0x00,0x00,0x00,0x00,0x00,0x00,0x00,0x00,0x00,0x00,0x00,0x00,
    0x00,0x00,0x00,0x00,0x00,0x00,0x00,0x00,0x00,0x00,0x00,0x00,0x00,0x00,0x00,0x00,
    0x00,0x00,0x00,0x00,0x00,0x00,0x00,0x00,0x00,0x00,0x00,0x00,0x00,0x00,0x00,0x00,
    0x00,0x00,0x00,0x00,0x00,0x00,0x00,0x00,0x00,0x00,0x00,0x00,0x00,0x00,0x00,0x00,
    0x00,0x00,0x00,0x00,0x00,0x00,0x00,0x00,0x00,0x00,0x00,0x00,0x00,0x00,0x00,0x00,
    0x00,0x00,0x00,0x00,0x00,0x00,0x00,0x00,0x00,0x00,0x00,0x00,0x00,0x00,0x00,0x00,
    0xff,0xff,0xff,0x01,0xbb,0xdd,0xbb,0x0f,0xbc,0xe5,0xc1,0x64,0x69,0xc7,0x71,0xc2,
    0x23,0xae,0x2d,0xfa,0x08,0xa9,0x14,0xff,0x15,0xaa,0x21,0xff,0x19,0xab,0x24,0xff,
    0x19,0xab,0x24,0xff,0x19,0xab,0x24,0xff,0x19,0xab,0x24,0xff,0x19,0xab,0x24,0xff,
    0x19,0xab,0x24,0xff,0x19,0xab,0x24,0xff,0x19,0xab,0x24,0xff,0x19,0xab,0x24,0xff,
    0x19,0xab,0x24,0xff,0x19,0xab,0x24,0xff,0x19,0xab,0x24,0xff,0x19,0xab,0x24,0xff,
    0x19,0xab,0x24,0xff,0x19,0xab,0x24,0xff,0x19,0xab,0x24,0xff,0x19,0xab,0x24,0xff,
    0x19,0xab,0x24,0xff,0x19,0xab,0x24,0xff,0x19,0xab,0x24,0xff,0x19,0xab,0x24,0xff,
    0x19,0xab,0x24,0xff,0x19,0xab,0x24,0xff,0x19,0xab,0x24,0xff,0x19,0xab,0x24,0xff,
    0x19,0xab,0x24,0xff,0x19,0xab,0x24,0xff,0x19,0xab,0x24,0xff,0x19,0xab,0x24,0xff,
    0x19,0xab,0x24,0xff,0x19,0xab,0x24,0xff,0x19,0xab,0x24,0xff,0x19,0xab,0x24,0xff,
    0x19,0xab,0x24,0xff,0x19,0xab,0x24,0xff,0x19,0xab,0x24,0xff,0x19,0xab,0x24,0xff,
    0x19,0xab,0x24,0xff,0x19,0xab,0x24,0xff,0x19,0xab,0x24,0xff,0x19,0xab,0x24,0xff,
    0x19,0xab,0x24,0xff,0x19,0xab,0x24,0xff,0x19,0xab,0x24,0xff,0x19,0xab,0x24,0xff,
    0x19,0xab,0x24,0xff,0x19,0xab,0x24,0xff,0x19,0xab,0x24,0xff,0x19,0xab,0x24,0xff,
    0x19,0xab,0x24,0xff,0x19,0xab,0x24,0xff,0x19,0xab,0x24,0xff,0x19,0xab,0x24,0xff,
    0x19,0xab,0x24,0xff,0x19,0xab,0x24,0xff,0x19,0xab,0x24,0xff,0x19,0xab,0x24,0xff,
    0x19,0xab,0x24,0xff,0x19,0xab,0x24,0xff,0x19,0xab,0x24,0xff,0x19,0xab,0x24,0xff,
    0x19,0xab,0x24,0xff,0x19,0xab,0x24,0xff,0x19,0xab,0x24,0xff,0x19,0xab,0x24,0xff,
    0x19,0xab,0x24,0xff,0x19,0xab,0x24,0xff,0x19,0xab,0x24,0xff,0x19,0xab,0x24,0xff,
    0x19,0xab,0x24,0xff,0x19,0xab,0x24,0xff,0x19,0xab,0x24,0xff,0x19,0xab,0x24,0xff,
    0x19,0xab,0x24,0xff,0x19,0xab,0x24,0xff,0x19,0xab,0x24,0xff,0x19,0xab,0x24,0xff,
    0x19,0xab,0x24,0xff,0x19,0xab,0x24,0xff,0x19,0xab,0x24,0xff,0x19,0xab,0x24,0xff,
    0x11,0xa8,0x1d,0xff,0x0c,0xab,0x19,0xff,0x24,0xaf,0x30,0xfa,0x75,0xcc,0x7b,0xba,
    0xbe,0xe7,0xc4,0x57,0xff,0xff,0xff,0x10,0x00,0x00,0x00,0x00,0x00,0x00,0x00,0x00,
    0x00,0x00,0x00,0x00,0x00,0x00,0x00,0x00,0x00,0x00,0x00,0x00,0x00,0x00,0x00,0x00,
    0x00,0x00,0x00,0x00,0x00,0x00,0x00,0x00,0x00,0x00,0x00,0x00,0x00,0x00,0x00,0x00,
    0x00,0x00,0x00,0x00,0x00,0x00,0x00,0x00,0x00,0x00,0x00,0x00,0x00,0x00,0x00,0x00,
    0x00,0x00,0x00,0x00,0x00,0x00,0x00,0x00,0x00,0x00,0x00,0x00,0x00,0x00,0x00,0x00,
    0x00,0x00,0x00,0x00,0x00,0x00,0x00,0x00,0x00,0x00,0x00,0x00,0x00,0x00,0x00,0x00,
    0x00,0x00,0x00,0x00,0x00,0x00,0x00,0x00,0x00,0x00,0x00,0x00,0x00,0x00,0x00,0x00,
    0x00,0x00,0x00,0x00,0x00,0x00,0x00,0x00,0x00,0x00,0x00,0x00,0x00,0x00,0x00,0x00,
    0x00,0x00,0x00,0x00,0x00,0x00,0x00,0x00,0x00,0x00,0x00,0x00,0x00,0x00,0x00,0x00,
    0x00,0x00,0x00,0x00,0x00,0x00,0x00,0x00,0x00,0x00,0x00,0x00,0x00,0x00,0x00,0x00,
    0x00,0x00,0x00,0x00,0x00,0x00,0x00,0x00,0x00,0x00,0x00,0x00,0x00,0x00,0x00,0x00,
    0x00,0x00,0x00,0x00,0x00,0x00,0x00,0x00,0x00,0x00,0x00,0x00,0x00,0x00,0x00,0x00,
    0x00,0x00,0x00,0x00,0x00,0x00,0x00,0x00,0x00,0x00,0x00,0x00,0x00,0x00,0x00,0x00,
    0x00,0x00,0x00,0x00,0x00,0x00,0x00,0x00,0x00,0x00,0x00,0x00,0x00,0x00,0x00,0x00,
    0x00,0x00,0x00,0x00,0x00,0x00,0x00,0x00,0x00,0x00,0x00,0x00,0x00,0x00,0x00,0x00,
    0x00,0x00,0x00,0x00,0x00,0x00,0x00,0x00,0x00,0x00,0x00,0x00,0x00,0x00,0x00,0x00,
    0x00,0x00,0x00,0x00,0x00,0x00,0x00,0x00,0x00,0x00,0x00,0x00,0xff,0xff,0xff,0x02,
    0xd4,0xee,0xd4,0x1e,0xa4,0xdb,0xa8,0x79,0x4c,0xbd,0x55,0xe5,0x15,0xa9,0x20,0xff,
    0x0e,0xa7,0x19,0xff,0x18,0xab,0x24,0xff,0x1a,0xab,0x25,0xff,0x19,0xab,0x24,0xff,
    0x19,0xab,0x24,0xff,0x19,0xab,0x24,0xff,0x19,0xab,0x24,0xff,0x19,0xab,0x24,0xff,
    0x19,0xab,0x24,0xff,0x19,0xab,0x24,0xff,0x19,0xab,0x24,0xff,0x19,0xab,0x24,0xff,
    0x19,0xab,0x24,0xff,0x19,0xab,0x24,0xff,0x19,0xab,0x24,0xff,0x19,0xab,0x24,0xff,
    0x19,0xab,0x24,0xff,0x19,0xab,0x24,0xff,0x19,0xab,0x24,0xff,0x19,0xab,0x24,0xff,
    0x19,0xab,0x24,0xff,0x19,0xab,0x24,0xff,0x19,0xab,0x24,0xff,0x19,0xab,0x24,0xff,
    0x19,0xab,0x24,0xff,0x19,0xab,0x24,0xff,0x19,0xab,0x24,0xff,0x19,0xab,0x24,0xff,
    0x19,0xab,0x24,0xff,0x19,0xab,0x24,0xff,0x19,0xab,0x24,0xff,0x19,0xab,0x24,0xff,
    0x19,0xab,0x24,0xff,0x19,0xab,0x24,0xff,0x19,0xab,0x24,0xff,0x19,0xab,0x24,0xff,
    0x19,0xab,0x24,0xff,0x19,0xab,0x24,0xff,0x19,0xab,0x24,0xff,0x19,0xab,0x24,0xff,
    0x19,0xab,0x24,0xff,0x19,0xab,0x24,0xff,0x19,0xab,0x24,0xff,0x19,0xab,0x24,0xff,
    0x19,0xab,0x24,0xff,0x19,0xab,0x24,0xff,0x19,0xab,0x24,0xff,0x19,0xab,0x24,0xff,
    0x19,0xab,0x24,0xff,0x19,0xab,0x24,0xff,0x19,0xab,0x24,0xff,0x19,0xab,0x24,0xff,
    0x19,0xab,0x24,0xff,0x19,0xab,0x24,0xff,0x19,0xab,0x24,0xff,0x19,0xab,0x24,0xff,
    0x19,0xab,0x24,0xff,0x19,0xab,0x24,0xff,0x19,0xab,0x24,0xff,0x19,0xab,0x24,0xff,
    0x19,0xab,0x24,0xff,0x19,0xab,0x24,0xff,0x19,0xab,0x24,0xff,0x19,0xab,0x24,0xff,
    0x19,0xab,0x24,0xff,0x19,0xab,0x24,0xff,0x19,0xab,0x24,0xff,0x19,0xab,0x24,0xff,
    0x19,0xab,0x24,0xff,0x19,0xab,0x24,0xff,0x19,0xab,0x24,0xff,0x19,0xab,0x24,0xff,
    0x19,0xab,0x24,0xff,0x19,0xab,0x24,0xff,0x19,0xab,0x24,0xff,0x19,0xab,0x24,0xff,
    0x19,0xab,0x24,0xff,0x19,0xab,0x24,0xff,0x19,0xab,0x24,0xff,0x19,0xab,0x24,0xff,
    0x19,0xab,0x24,0xff,0x19,0xab,0x24,0xff,0x19,0xab,0x24,0xff,0x19,0xab,0x24,0xff,
    0x1a,0xab,0x25,0xff,0x16,0xaa,0x22,0xff,0x0b,0xa7,0x18,0xff,0x0f,0xa6,0x18,0xfd,
    0x5e,0xc4,0x65,0xda,0xbb,0xe6,0xbe,0x66,0xff,0xff,0xff,0x13,0x00,0x00,0x00,0x00,
    0x00,0x00,0x00,0x00,0x00,0x00,0x00,0x00,0x00,0x00,0x00,0x00,0x00,0x00,0x00,0x00,
    0x00,0x00,0x00,0x00,0x00,0x00,0x00,0x00,0x00,0x00,0x00,0x00,0x00,0x00,0x00,0x00,
    0x00,0x00,0x00,0x00,0x00,0x00,0x00,0x00,0x00,0x00,0x00,0x00,0x00,0x00,0x00,0x00,
    0x00,0x00,0x00,0x00,0x00,0x00,0x00,0x00,0x00,0x00,0x00,0x00,0x00,0x00,0x00,0x00,
    0x00,0x00,0x00,0x00,0x00,0x00,0x00,0x00,0x00,0x00,0x00,0x00,0x00,0x00,0x00,0x00,
    0x00,0x00,0x00,0x00,0x00,0x00,0x00,0x00,0x00,0x00,0x00,0x00,0x00,0x00,0x00,0x00,
    0x00,0x00,0x00,0x00,0x00,0x00,0x00,0x00,0x00,0x00,0x00,0x00,0x00,0x00,0x00,0x00,
    0x00,0x00,0x00,0x00,0x00,0x00,0x00,0x00,0x00,0x00,0x00,0x00,0x00,0x00,0x00,0x00,
    0x00,0x00,0x00,0x00,0x00,0x00,0x00,0x00,0x00,0x00,0x00,0x00,0x00,0x00,0x00,0x00,
    0x00,0x00,0x00,0x00,0x00,0x00,0x00,0x00,0x00,0x00,0x00,0x00,0x00,0x00,0x00,0x00,
    0x00,0x00,0x00,0x00,0x00,0x00,0x00,0x00,0x00,0x00,0x00,0x00,0x00,0x00,0x00,0x00,
    0x00,0x00,0x00,0x00,0x00,0x00,0x00,0x00,0x00,0x00,0x00,0x00,0x00,0x00,0x00,0x00,
    0x00,0x00,0x00,0x00,0x00,0x00,0x00,0x00,0x00,0x00,0x00,0x00,0x00,0x00,0x00,0x00,
    0x00,0x00,0x00,0x00,0x00,0x00,0x00,0x00,0x00,0x00,0x00,0x00,0x00,0x00,0x00,0x00,
    0x00,0x00,0x00,0x00,0x00,0x00,0x00,0x00,0x00,0x00,0x00,0x00,0x00,0x00,0x00,0x00,
    0x00,0x00,0x00,0x00,0x00,0x00,0x00,0x00,0xff,0xff,0xff,0x06,0xea,0xfa,0xea,0x3f,
    0x92,0xd8,0x99,0xa5,0x25,0xaf,0x31,0xf4,0x10,0xa6,0x18,0xff,0x12,0xa8,0x1c,0xff,
    0x19,0xab,0x24,0xff,0x1a,0xab,0x25,0xff,0x19,0xab,0x24,0xff,0x19,0xab,0x24,0xff,
    0x19,0xab,0x24,0xff,0x19,0xab,0x24,0xff,0x19,0xab,0x24,0xff,0x19,0xab,0x24,0xff,
    0x19,0xab,0x24,0xff,0x19,0xab,0x24,0xff,0x19,0xab,0x24,0xff,0x19,0xab,0x24,0xff,
    0x19,0xab,0x24,0xff,0x19,0xab,0x24,0xff,0x19,0xab,0x24,0xff,0x19,0xab,0x24,0xff,
    0x19,0xab,0x24,0xff,0x19,0xab,0x24,0xff,0x19,0xab,0x24,0xff,0x19,0xab,0x24,0xff,
    0x19,0xab,0x24,0xff,0x19,0xab,0x24,0xff,0x19,0xab,0x24,0xff,0x19,0xab,0x24,0xff,
    0x19,0xab,0x24,0xff,0x19,0xab,0x24,0xff,0x19,0xab,0x24,0xff,0x19,0xab,0x24,0xff,
    0x19,0xab,0x24,0xff,0x19,0xab,0x24,0xff,0x19,0xab,0x24,0xff,0x19,0xab,0x24,0xff,
    0x19,0xab,0x24,0xff,0x19,0xab,0x24,0xff,0x19,0xab,0x24,0xff,0x19,0xab,0x24,0xff,
    0x19,0xab,0x24,0xff,0x19,0xab,0x24,0xff,0x19,0xab,0x24,0xff,0x19,0xab,0x24,0xff,
    0x19,0xab,0x24,0xff,0x19,0xab,0x24,0xff,0x19,0xab,0x24,0xff,0x19,0xab,0x24,0xff,
    0x19,0xab,0x24,0xff,0x19,0xab,0x24,0xff,0x19,0xab,0x24,0xff,0x19,0xab,0x24,0xff,
    0x19,0xab,0x24,0xff,0x19,0xab,0x24,0xff,0x19,0xab,0x24,0xff,0x19,0xab,0x24,0xff,
    0x19,0xab,0x24,0xff,0x19,0xab,0x24,0xff,0x19,0xab,0x24,0xff,0x19,0xab,0x24,0xff,
    0x19,0xab,0x24,0xff,0x19,0xab,0x24,0xff,0x19,0xab,0x24,0xff,0x19,0xab,0x24,0xff,
    0x19,0xab,0x24,0xff,0x19,0xab,0x24,0xff,0x19,0xab,0x24,0xff,0x19,0xab,0x24,0xff,
    0x19,0xab,0x24,0xff,0x19,0xab,0x24,0xff,0x19,0xab,0x24,0xff,0x19,0xab,0x24,0xff,
    0x19,0xab,0x24,0xff,0x19,0xab,0x24,0xff,0x19,0xab,0x24,0xff,0x19,0xab,0x24,0xff,
    0x19,0xab,0x24,0xff,0x19,0xab,0x24,0xff,0x19,0xab,0x24,0xff,0x19,0xab,0x24,0xff,
    0x19,0xab,0x24,0xff,0x19,0xab,0x24,0xff,0x19,0xab,0x24,0xff,0x19,0xab,0x24,0xff,
    0x19,0xab,0x24,0xff,0x19,0xab,0x24,0xff,0x19,0xab,0x24,0xff,0x19,0xab,0x24,0xff,
    0x19,0xab,0x24,0xff,0x1a,0xab,0x25,0xff,0x17,0xab,0x23,0xff,0x11,0xa8,0x1d,0xff,
    0x0f,0xa6,0x14,0xfd,0x44,0xb9,0x4b,0xee,0x8b,0xd4,0x92,0x84,0xff,0xf8,0xf8,0x28,
    0xff,0xff,0xff,0x01,0x00,0x00,0x00,0x00,0x00,0x00,0x00,0x00,0x00,0x00,0x00,0x00,
    0x00,0x00,0x00,0x00,0x00,0x00,0x00,0x00,0x00,0x00,0x00,0x00,0x00,0x00,0x00,0x00,
    0x00,0x00,0x00,0x00,0x00,0x00,0x00,0x00,0x00,0x00,0x00,0x00,0x00,0x00,0x00,0x00,
    0x00,0x00,0x00,0x00,0x00,0x00,0x00,0x00,0x00,0x00,0x00,0x00,0x00,0x00,0x00,0x00,
    0x00,0x00,0x00,0x00,0x00,0x00,0x00,0x00,0x00,0x00,0x00,0x00,0x00,0x00,0x00,0x00,
    0x00,0x00,0x00,0x00,0x00,0x00,0x00,0x00,0x00,0x00,0x00,0x00,0x00,0x00,0x00,0x00,
    0x00,0x00,0x00,0x00,0x00,0x00,0x00,0x00,0x00,0x00,0x00,0x00,0x00,0x00,0x00,0x00,
    0x00,0x00,0x00,0x00,0x00,0x00,0x00,0x00,0x00,0x00,0x00,0x00,0x00,0x00,0x00,0x00,
    0x00,0x00,0x00,0x00,0x00,0x00,0x00,0x00,0x00,0x00,0x00,0x00,0x00,0x00,0x00,0x00,
    0x00,0x00,0x00,0x00,0x00,0x00,0x00,0x00,0x00,0x00,0x00,0x00,0x00,0x00,0x00,0x00,
    0x00,0x00,0x00,0x00,0x00,0x00,0x00,0x00,0x00,0x00,0x00,0x00,0x00,0x00,0x00,0x00,
    0x00,0x00,0x00,0x00,0x00,0x00,0x00,0x00,0x00,0x00,0x00,0x00,0x00,0x00,0x00,0x00,
    0x00,0x00,0x00,0x00,0x00,0x00,0x00,0x00,0x00,0x00,0x00,0x00,0x00,0x00,0x00,0x00,
    0x00,0x00,0x00,0x00,0x00,0x00,0x00,0x00,0x00,0x00,0x00,0x00,0x00,0x00,0x00,0x00,
    0x00,0x00,0x00,0x00,0x00,0x00,0x00,0x00,0x00,0x00,0x00,0x00,0x00,0x00,0x00,0x00,
    0x00,0x00,0x00,0x00,0xff,0xff,0xff,0x09,0xcf,0xef,0xcf,0x50,0x6e,0xc9,0x74,0xb2,
    0x20,0xac,0x29,0xf5,0x0c,0xa8,0x17,0xff,0x13,0xa9,0x1d,0xff,0x17,0xaa,0x22,0xff,
    0x1a,0xab,0x25,0xff,0x19,0xab,0x24,0xff,0x19,0xab,0x24,0xff,0x19,0xab,0x24,0xff,
    0x19,0xab,0x24,0xff,0x19,0xab,0x24,0xff,0x19,0xab,0x24,0xff,0x19,0xab,0x24,0xff,
    0x19,0xab,0x24,0xff,0x19,0xab,0x24,0xff,0x19,0xab,0x24,0xff,0x19,0xab,0x24,0xff,
    0x19,0xab,0x24,0xff,0x19,0xab,0x24,0xff,0x19,0xab,0x24,0xff,0x19,0xab,0x24,0xff,
    0x19,0xab,0x24,0xff,0x19,0xab,0x24,0xff,0x19,0xab,0x24,0xff,0x19,0xab,0x24,0xff,
    0x19,0xab,0x24,0xff,0x19,0xab,0x24,0xff,0x19,0xab,0x24,0xff,0x19,0xab,0x24,0xff,
    0x19,0xab,0x24,0xff,0x19,0xab,0x24,0xff,0x19,0xab,0x24,0xff,0x19,0xab,0x24,0xff,
    0x19,0xab,0x24,0xff,0x19,0xab,0x24,0xff,0x19,0xab,0x24,0xff,0x19,0xab,0x24,0xff,
    0x19,0xab,0x24,0xff,0x19,0xab,0x24,0xff,0x19,0xab,0x24,0xff,0x19,0xab,0x24,0xff,
    0x19,0xab,0x24,0xff,0x19,0xab,0x24,0xff,0x19,0xab,0x24,0xff,0x19,0xab,0x24,0xff,
    0x19,0xab,0x24,0xff,0x19,0xab,0x24,0xff,0x19,0xab,0x24,0xff,0x19,0xab,0x24,0xff,
    0x19,0xab,0x24,0xff,0x19,0xab,0x24,0xff,0x19,0xab,0x24,0xff,0x19,0xab,0x24,0xff,
    0x19,0xab,0x24,0xff,0x19,0xab,0x24,0xff,0x19,0xab,0x24,0xff,0x19,0xab,0x24,0xff,
    0x19,0xab,0x24,0xff,0x19,0xab,0x24,0xff,0x19,0xab,0x24,0xff,0x19,0xab,0x24,0xff,
    0x19,0xab,0x24,0xff,0x19,0xab,0x24,0xff,0x19,0xab,0x24,0xff,0x19,0xab,0x24,0xff,
    0x19,0xab,0x24,0xff,0x19,0xab,0x24,0xff,0x19,0xab,0x24,0xff,0x19,0xab,0x24,0xff,
    0x19,0xab,0x24,0xff,0x19,0xab,0x24,0xff,0x19,0xab,0x24,0xff,0x19,0xab,0x24,0xff,
    0x19,0xab,0x24,0xff,0x19,0xab,0x24,0xff,0x19,0xab,0x24,0xff,0x19,0xab,0x24,0xff,
    0x19,0xab,0x24,0xff,0x19,0xab,0x24,0xff,0x19,0xab,0x24,0xff,0x19,0xab,0x24,0xff,
    0x19,0xab,0x24,0xff,0x19,0xab,0x24,0xff,0x19,0xab,0x24,0xff,0x19,0xab,0x24,0xff,
    0x19,0xab,0x24,0xff,0x19,0xab,0x24,0xff,0x19,0xab,0x24,0xff,0x19,0xab,0x24,0xff,
    0x19,0xab,0x24,0xff,0x19,0xab,0x24,0xff,0x19,0xab,0x24,0xff,0x18,0xaa,0x23,0xff,
    0x11,0xa8,0x1b,0xff,0x15,0xaa,0x1c,0xff,0x2c,0xb2,0x35,0xef,0x73,0xca,0x7a,0xa6,
    0xed,0xf7,0xf0,0x48,0xff,0xff,0xff,0x09,0x00,0x00,0x00,0x00,0x00,0x00,0x00,0x00,
    0x00,0x00,0x00,0x00,0x00,0x00,0x00,0x00,0x00,0x00,0x00,0x00,0x00,0x00,0x00,0x00,
    0x00,0x00,0x00,0x00,0x00,0x00,0x00,0x00,0x00,0x00,0x00,0x00,0x00,0x00,0x00,0x00,
    0x00,0x00,0x00,0x00,0x00,0x00,0x00,0x00,0x00,0x00,0x00,0x00,0x00,0x00,0x00,0x00,
    0x00,0x00,0x00,0x00,0x00,0x00,0x00,0x00,0x00,0x00,0x00,0x00,0x00,0x00,0x00,0x00,
    0x00,0x00,0x00,0x00,0x00,0x00,0x00,0x00,0x00,0x00,0x00,0x00,0x00,0x00,0x00,0x00,
    0x00,0x00,0x00,0x00,0x00,0x00,0x00,0x00,0x00,0x00,0x00,0x00,0x00,0x00,0x00,0x00,
    0x00,0x00,0x00,0x00,0x00,0x00,0x00,0x00,0x00,0x00,0x00,0x00,0x00,0x00,0x00,0x00,
    0x00,0x00,0x00,0x00,0x00,0x00,0x00,0x00,0x00,0x00,0x00,0x00,0x00,0x00,0x00,0x00,
    0x00,0x00,0x00,0x00,0x00,0x00,0x00,0x00,0x00,0x00,0x00,0x00,0x00,0x00,0x00,0x00,
    0x00,0x00,0x00,0x00,0x00,0x00,0x00,0x00,0x00,0x00,0x00,0x00,0x00,0x00,0x00,0x00,
    0x00,0x00,0x00,0x00,0x00,0x00,0x00,0x00,0x00,0x00,0x00,0x00,0x00,0x00,0x00,0x00,
    0x00,0x00,0x00,0x00,0x00,0x00,0x00,0x00,0x00,0x00,0x00,0x00,0x00,0x00,0x00,0x00,
    0x00,0x00,0x00,0x00,0x00,0x00,0x00,0x00,0x00,0x00,0x00,0x00,0x00,0x00,0x00,0x00,
    0x00,0x00,0x00,0x00,0x00,0x00,0x00,0x00,0x00,0x00,0x00,0x00,0x00,0x00,0x00,0x00,
    0xff,0xff,0xff,0x0e,0xbd,0xe5,0xbf,0x59,0x61,0xc4,0x69,0xb8,0x24,0xae,0x2d,0xf7,
    0x06,0xa8,0x11,0xff,0x13,0xa8,0x1d,0xff,0x19,0xab,0x24,0xff,0x19,0xab,0x24,0xff,
    0x19,0xab,0x24,0xff,0x19,0xab,0x24,0xff,0x19,0xab,0x24,0xff,0x19,0xab,0x24,0xff,
    0x19,0xab,0x24,0xff,0x19,0xab,0x24,0xff,0x19,0xab,0x24,0xff,0x19,0xab,0x24,0xff,
    0x19,0xab,0x24,0xff,0x19,0xab,0x24,0xff,0x19,0xab,0x24,0xff,0x19,0xab,0x24,0xff,
    0x19,0xab,0x24,0xff,0x19,0xab,0x24,0xff,0x19,0xab,0x24,0xff,0x19,0xab,0x24,0xff,
    0x19,0xab,0x24,0xff,0x19,0xab,0x24,0xff,0x19,0xab,0x24,0xff,0x19,0xab,0x24,0xff,
    0x19,0xab,0x24,0xff,0x19,0xab,0x24,0xff,0x19,0xab,0x24,0xff,0x19,0xab,0x24,0xff,
    0x19,0xab,0x24,0xff,0x19,0xab,0x24,0xff,0x19,0xab,0x24,0xff,0x19,0xab,0x24,0xff,
    0x19,0xab,0x24,0xff,0x19,0xab,0x24,0xff,0x19,0xab,0x24,0xff,0x19,0xab,0x24,0xff,
    0x19,0xab,0x24,0xff,0x19,0xab,0x24,0xff,0x19,0xab,0x24,0xff,0x19,0xab,0x24,0xff,
    0x19,0xab,0x24,0xff,0x19,0xab,0x24,0xff,0x19,0xab,0x24,0xff,0x19,0xab,0x24,0xff,
    0x19,0xab,0x24,0xff,0x19,0xab,0x24,0xff,0x19,0xab,0x24,0xff,0x19,0xab,0x24,0xff,
    0x19,0xab,0x24,0xff,0x19,0xab,0x24,0xff,0x19,0xab,0x24,0xff,0x19,0xab,0x24,0xff,
    0x19,0xab,0x24,0xff,0x19,0xab,0x24,0xff,0x19,0xab,0x24,0xff,0x19,0xab,0x24,0xff,
    0x19,0xab,0x24,0xff,0x19,0xab,0x24,0xff,0x19,0xab,0x24,0xff,0x19,0xab,0x24,0xff,
    0x19,0xab,0x24,0xff,0x19,0xab,0x24,0xff,0x19,0xab,0x24,0xff,0x19,0xab,0x24,0xff,
    0x19,0xab,0x24,0xff,0x19,0xab,0x24,0xff,0x19,0xab,0x24,0xff,0x19,0xab,0x24,0xff,
    0x19,0xab,0x24,0xff,0x19,0xab,0x24,0xff,0x19,0xab,0x24,0xff,0x19,0xab,0x24,0xff,
    0x19,0xab,0x24,0xff,0x19,0xab,0x24,0xff,0x19,0xab,0x24,0xff,0x19,0xab,0x24,0xff,
    0x19,0xab,0x24,0xff,0x19,0xab,0x24,0xff,0x19,0xab,0x24,0xff,0x19,0xab,0x24,0xff,
    0x19,0xab,0x24,0xff,0x19,0xab,0x24,0xff,0x19,0xab,0x24,0xff,0x19,0xab,0x24,0xff,
    0x19,0xab,0x24,0xff,0x19,0xab,0x24,0xff,0x19,0xab,0x24,0xff,0x19,0xab,0x24,0xff,
    0x19,0xab,0x24,0xff,0x19,0xab,0x24,0xff,0x19,0xab,0x24,0xff,0x1a,0xab,0x25,0xff,
    0x1a,0xab,0x25,0xff,0x10,0xa7,0x1a,0xff,0x10,0xad,0x1b,0xff,0x2a,0xb1,0x34,0xf6,
    0x64,0xc5,0x6c,0xb2,0xd0,0xe9,0xd0,0x52,0xff,0xff,0xff,0x0e,0x00,0x00,0x00,0x00,
    0x00,0x00,0x00,0x00,0x00,0x00,0x00,0x00,0x00,0x00,0x00,0x00,0x00,0x00,0x00,0x00,
    0x00,0x00,0x00,0x00,0x00,0x00,0x00,0x00,0x00,0x00,0x00,0x00,0x00,0x00,0x00,0x00,
    0x00,0x00,0x00,0x00,0x00,0x00,0x00,0x00,0x00,0x00,0x00,0x00,0x00,0x00,0x00,0x00,
    0x00,0x00,0x00,0x00,0x00,0x00,0x00,0x00,0x00,0x00,0x00,0x00,0x00,0x00,0x00,0x00,
    0x00,0x00,0x00,0x00,0x00,0x00,0x00,0x00,0x00,0x00,0x00,0x00,0x00,0x00,0x00,0x00,
    0x00,0x00,0x00,0x00,0x00,0x00,0x00,0x00,0x00,0x00,0x00,0x00,0x00,0x00,0x00,0x00,
    0x00,0x00,0x00,0x00,0x00,0x00,0x00,0x00,0x00,0x00,0x00,0x00,0x00,0x00,0x00,0x00,
    0x00,0x00,0x00,0x00,0x00,0x00,0x00,0x00,0x00,0x00,0x00,0x00,0x00,0x00,0x00,0x00,
    0x00,0x00,0x00,0x00,0x00,0x00,0x00,0x00,0x00,0x00,0x00,0x00,0x00,0x00,0x00,0x00,
    0x00,0x00,0x00,0x00,0x00,0x00,0x00,0x00,0x00,0x00,0x00,0x00,0x00,0x00,0x00,0x00,
    0x00,0x00,0x00,0x00,0x00,0x00,0x00,0x00,0x00,0x00,0x00,0x00,0x00,0x00,0x00,0x00,
    0x00,0x00,0x00,0x00,0x00,0x00,0x00,0x00,0x00,0x00,0x00,0x00,0x00,0x00,0x00,0x00,
    0x00,0x00,0x00,0x00,0x00,0x00,0x00,0x00,0x00,0x00,0x00,0x00,0x00,0x00,0x00,0x00,
    0x00,0x00,0x00,0x00,0x00,0x00,0x00,0x00,0x00,0x00,0x00,0x00,0xff,0xff,0xff,0x10,
    0xb4,0xe3,0xb7,0x5d,0x63,0xc4,0x68,0xc0,0x24,0xaf,0x2f,0xfa,0x06,0xa8,0x13,0xff,
    0x14,0xa9,0x1f,0xff,0x1b,0xac,0x27,0xff,0x19,0xab,0x24,0xff,0x19,0xab,0x24,0xff,
    0x19,0xab,0x24,0xff,0x19,0xab,0x24,0xff,0x19,0xab,0x24,0xff,0x19,0xab,0x24,0xff,
    0x19,0xab,0x24,0xff,0x19,0xab,0x24,0xff,0x19,0xab,0x24,0xff,0x19,0xab,0x24,0xff,
    0x19,0xab,0x24,0xff,0x19,0xab,0x24,0xff,0x19,0xab,0x24,0xff,0x19,0xab,0x24,0xff,
    0x19,0xab,0x24,0xff,0x19,0xab,0x24,0xff,0x19,0xab,0x24,0xff,0x19,0xab,0x24,0xff,
    0x19,0xab,0x24,0xff,0x19,0xab,0x24,0xff,0x19,0xab,0x24,0xff,0x19,0xab,0x24,0xff,
    0x19,0xab,0x24,0xff,0x19,0xab,0x24,0xff,0x19,0xab,0x24,0xff,0x19,0xab,0x24,0xff,
    0x19,0xab,0x24,0xff,0x19,0xab,0x24,0xff,0x19,0xab,0x24,0xff,0x19,0xab,0x24,0xff,
    0x19,0xab,0x24,0xff,0x19,0xab,0x24,0xff,0x19,0xab,0x24,0xff,0x19,0xab,0x24,0xff,
    0x19,0xab,0x24,0xff,0x19,0xab,0x24,0xff,0x19,0xab,0x24,0xff,0x19,0xab,0x24,0xff,
    0x19,0xab,0x24,0xff,0x19,0xab,0x24,0xff,0x19,0xab,0x24,0xff,0x19,0xab,0x24,0xff,
    0x19,0xab,0x24,0xff,0x19,0xab,0x24,0xff,0x19,0xab,0x24,0xff,0x19,0xab,0x24,0xff,
    0x19,0xab,0x24,0xff,0x19,0xab,0x24,0xff,0x19,0xab,0x24,0xff,0x19,0xab,0x24,0xff,
    0x19,0xab,0x24,0xff,0x19,0xab,0x24,0xff,0x19,0xab,0x24,0xff,0x19,0xab,0x24,0xff,
    0x19,0xab,0x24,0xff,0x19,0xab,0x24,0xff,0x19,0xab,0x24,0xff,0x19,0xab,0x24,0xff,
    0x19,0xab,0x24,0xff,0x19,0xab,0x24,0xff,0x19,0xab,0x24,0xff,0x19,0xab,0x24,0xff,
    0x19,0xab,0x24,0xff,0x19,0xab,0x24,0xff,0x19,0xab,0x24,0xff,0x19,0xab,0x24,0xff,
    0x19,0xab,0x24,0xff,0x19,0xab,0x24,0xff,0x19,0xab,0x24,0xff,0x19,0xab,0x24,0xff,
    0x19,0xab,0x24,0xff,0x19,0xab,0x24,0xff,0x19,0xab,0x24,0xff,0x19,0xab,0x24,0xff,
    0x19,0xab,0x24,0xff,0x19,0xab,0x24,0xff,0x19,0xab,0x24,0xff,0x19,0xab,0x24,0xff,
    0x19,0xab,0x24,0xff,0x19,0xab,0x24,0xff,0x19,0xab,0x24,0xff,0x19,0xab,0x24,0xff,
    0x19,0xab,0x24,0xff,0x19,0xab,0x24,0xff,0x19,0xab,0x24,0xff,0x19,0xab,0x24,0xff,
    0x19,0xab,0x24,0xff,0x19,0xab,0x24,0xff,0x19,0xab,0x24,0xff,0x19,0xab,0x24,0xff,
    0x1a,0xab,0x25,0xff,0x1b,0xab,0x26,0xff,0x11,0xa7,0x1d,0xfe,0x09,0xaa,0x16,0xff,
    0x22,0xae,0x2d,0xf8,0x6b,0xc7,0x72,0xb7,0xc5,0xe9,0xc8,0x54,0xff,0xff,0xff,0x12,
    0x00,0x00,0x00,0x00,0x00,0x00,0x00,0x00,0x00,0x00,0x00,0x00,0x00,0x00,0x00,0x00,
    0x00,0x00,0x00,0x00,0x00,0x00,0x00,0x00,0x00,0x00,0x00,0x00,0x00,0x00,0x00,0x00,
    0x00,0x00,0x00,0x00,0x00,0x00,0x00,0x00,0x00,0x00,0x00,0x00,0x00,0x00,0x00,0x00,
    0x00,0x00,0x00,0x00,0x00,0x00,0x00,0x00,0x00,0x00,0x00,0x00,0x00,0x00,0x00,0x00,
    0x00,0x00,0x00,0x00,0x00,0x00,0x00,0x00,0x00,0x00,0x00,0x00,0x00,0x00,0x00,0x00,
    0x00,0x00,0x00,0x00,0x00,0x00,0x00,0x00,0x00,0x00,0x00,0x00,0x00,0x00,0x00,0x00,
    0x00,0x00,0x00,0x00,0x00,0x00,0x00,0x00,0x00,0x00,0x00,0x00,0x00,0x00,0x00,0x00,
    0x00,0x00,0x00,0x00,0x00,0x00,0x00,0x00,0x00,0x00,0x00,0x00,0x00,0x00,0x00,0x00,
    0x00,0x00,0x00,0x00,0x00,0x00,0x00,0x00,0x00,0x00,0x00,0x00,0x00,0x00,0x00,0x00,
    0x00,0x00,0x00,0x00,0x00,0x00,0x00,0x00,0x00,0x00,0x00,0x00,0x00,0x00,0x00,0x00,
    0x00,0x00,0x00,0x00,0x00,0x00,0x00,0x00,0x00,0x00,0x00,0x00,0x00,0x00,0x00,0x00,
    0x00,0x00,0x00,0x00,0x00,0x00,0x00,0x00,0x00,0x00,0x00,0x00,0x00,0x00,0x00,0x00,
    0x00,0x00,0x00,0x00,0x00,0x00,0x00,0x00,0x00,0x00,0x00,0x00,0x00,0x00,0x00,0x00,
    0x00,0x00,0x00,0x00,0x00,0x00,0x00,0x00,0xef,0xef,0xef,0x10,0xbb,0xe5,0xc0,0x5a,
    0x63,0xc6,0x6b,0xc8,0x22,0xae,0x2c,0xfc,0x0c,0xaa,0x19,0xff,0x16,0xaa,0x22,0xff,
    0x1a,0xab,0x25,0xff,0x19,0xab,0x24,0xff,0x19,0xab,0x24,0xff,0x19,0xab,0x24,0xff,
    0x19,0xab,0x24,0xff,0x19,0xab,0x24,0xff,0x19,0xab,0x24,0xff,0x19,0xab,0x24,0xff,
    0x19,0xab,0x24,0xff,0x19,0xab,0x24,0xff,0x19,0xab,0x24,0xff,0x19,0xab,0x24,0xff,
    0x19,0xab,0x24,0xff,0x19,0xab,0x24,0xff,0x19,0xab,0x24,0xff,0x19,0xab,0x24,0xff,
    0x19,0xab,0x24,0xff,0x19,0xab,0x24,0xff,0x19,0xab,0x24,0xff,0x19,0xab,0x24,0xff,
    0x19,0xab,0x24,0xff,0x19,0xab,0x24,0xff,0x19,0xab,0x24,0xff,0x19,0xab,0x24,0xff,
    0x19,0xab,0x24,0xff,0x19,0xab,0x24,0xff,0x19,0xab,0x24,0xff,0x19,0xab,0x24,0xff,
    0x19,0xab,0x24,0xff,0x19,0xab,0x24,0xff,0x19,0xab,0x24,0xff,0x19,0xab,0x24,0xff,
    0x19,0xab,0x24,0xff,0x19,0xab,0x24,0xff,0x19,0xab,0x24,0xff,0x19,0xab,0x24,0xff,
    0x19,0xab,0x24,0xff,0x19,0xab,0x24,0xff,0x19,0xab,0x24,0xff,0x19,0xab,0x24,0xff,
    0x19,0xab,0x24,0xff,0x19,0xab,0x24,0xff,0x19,0xab,0x24,0xff,0x19,0xab,0x24,0xff,
    0x19,0xab,0x24,0xff,0x19,0xab,0x24,0xff,0x19,0xab,0x24,0xff,0x19,0xab,0x24,0xff,
    0x19,0xab,0x24,0xff,0x19,0xab,0x24,0xff,0x19,0xab,0x24,0xff,0x19,0xab,0x24,0xff,
    0x19,0xab,0x24,0xff,0x19,0xab,0x24,0xff,0x19,0xab,0x24,0xff,0x19,0xab,0x24,0xff,
    0x19,0xab,0x24,0xff,0x19,0xab,0x24,0xff,0x19,0xab,0x24,0xff,0x19,0xab,0x24,0xff,
    0x19,0xab,0x24,0xff,0x19,0xab,0x24,0xff,0x19,0xab,0x24,0xff,0x19,0xab,0x24,0xff,
    0x19,0xab,0x24,0xff,0x19,0xab,0x24,0xff,0x19,0xab,0x24,0xff,0x19,0xab,0x24,0xff,
    0x19,0xab,0x24,0xff,0x19,0xab,0x24,0xff,0x19,0xab,0x24,0xff,0x19,0xab,0x24,0xff,
    0x19,0xab,0x24,0xff,0x19,0xab,0x24,0xff,0x19,0xab,0x24,0xff,0x19,0xab,0x24,0xff,
    0x19,0xab,0x24,0xff,0x19,0xab,0x24,0xff,0x19,0xab,0x24,0xff,0x19,0xab,0x24,0xff,
    0x19,0xab,0x24,0xff,0x19,0xab,0x24,0xff,0x19,0xab,0x24,0xff,0x19,0xab,0x24,0xff,
    0x19,0xab,0x24,0xff,0x19,0xab,0x24,0xff,0x19,0xab,0x24,0xff,0x19,0xab,0x24,0xff,
    0x19,0xab,0x24,0xff,0x19,0xab,0x24,0xff,0x19,0xab,0x24,0xff,0x19,0xab,0x24,0xff,
    0x19,0xab,0x24,0xff,0x19,0xab,0x24,0xff,0x1c,0xab,0x26,0xff,0x16,0xa9,0x22,0xff,
    0x0e,0xaa,0x1b,0xff,0x1e,0xad,0x2a,0xfb,0x72,0xcb,0x7a,0xbb,0xbf,0xe3,0xc2,0x54,
    0xff,0xf1,0xff,0x13,0x00,0x00,0x00,0x00,0x00,0x00,0x00,0x00,0x00,0x00,0x00,0x00,
    0x00,0x00,0x00,0x00,0x00,0x00,0x00,0x00,0x00,0x00,0x00,0x00,0x00,0x00,0x00,0x00,
    0x00,0x00,0x00,0x00,0x00,0x00,0x00,0x00,0x00,0x00,0x00,0x00,0x00,0x00,0x00,0x00,
    0x00,0x00,0x00,0x00,0x00,0x00,0x00,0x00,0x00,0x00,0x00,0x00,0x00,0x00,0x00,0x00,
    0x00,0x00,0x00,0x00,0x00,0x00,0x00,0x00,0x00,0x00,0x00,0x00,0x00,0x00,0x00,0x00,
    0x00,0x00,0x00,0x00,0x00,0x00,0x00,0x00,0x00,0x00,0x00,0x00,0x00,0x00,0x00,0x00,
    0x00,0x00,0x00,0x00,0x00,0x00,0x00,0x00,0x00,0x00,0x00,0x00,0x00,0x00,0x00,0x00,
    0x00,0x00,0x00,0x00,0x00,0x00,0x00,0x00,0x00,0x00,0x00,0x00,0x00,0x00,0x00,0x00,
    0x00,0x00,0x00,0x00,0x00,0x00,0x00,0x00,0x00,0x00,0x00,0x00,0x00,0x00,0x00,0x00,
    0x00,0x00,0x00,0x00,0x00,0x00,0x00,0x00,0x00,0x00,0x00,0x00,0x00,0x00,0x00,0x00,
    0x00,0x00,0x00,0x00,0x00,0x00,0x00,0x00,0x00,0x00,0x00,0x00,0x00,0x00,0x00,0x00,
    0x00,0x00,0x00,0x00,0x00,0x00,0x00,0x00,0x00,0x00,0x00,0x00,0x00,0x00,0x00,0x00,
    0x00,0x00,0x00,0x00,0x00,0x00,0x00,0x00,0x00,0x00,0x00,0x00,0x00,0x00,0x00,0x00,
    0x00,0x00,0x00,0x00,0xff,0xff,0xef,0x10,0xc0,0xe5,0xc0,0x5a,0x66,0xc6,0x6e,0xcc,
    0x1d,0xad,0x28,0xfc,0x13,0xaa,0x1f,0xff,0x18,0xaa,0x24,0xff,0x1a,0xab,0x25,0xff,
    0x19,0xab,0x24,0xff,0x19,0xab,0x24,0xff,0x19,0xab,0x24,0xff,0x19,0xab,0x24,0xff,
    0x19,0xab,0x24,0xff,0x19,0xab,0x24,0xff,0x19,0xab,0x24,0xff,0x19,0xab,0x24,0xff,
    0x19,0xab,0x24,0xff,0x19,0xab,0x24,0xff,0x19,0xab,0x24,0xff,0x19,0xab,0x24,0xff,
    0x19,0xab,0x24,0xff,0x19,0xab,0x24,0xff,0x19,0xab,0x24,0xff,0x19,0xab,0x24,0xff,
    0x19,0xab,0x24,0xff,0x19,0xab,0x24,0xff,0x19,0xab,0x24,0xff,0x19,0xab,0x24,0xff,
    0x19,0xab,0x24,0xff,0x19,0xab,0x24,0xff,0x19,0xab,0x24,0xff,0x19,0xab,0x24,0xff,
    0x19,0xab,0x24,0xff,0x19,0xab,0x24,0xff,0x19,0xab,0x24,0xff,0x19,0xab,0x24,0xff,
    0x19,0xab,0x24,0xff,0x19,0xab,0x24,0xff,0x19,0xab,0x24,0xff,0x19,0xab,0x24,0xff,
    0x19,0xab,0x24,0xff,0x19,0xab,0x24,0xff,0x19,0xab,0x24,0xff,0x19,0xab,0x24,0xff,
    0x19,0xab,0x24,0xff,0x19,0xab,0x24,0xff,0x19,0xab,0x24,0xff,0x19,0xab,0x24,0xff,
    0x19,0xab,0x24,0xff,0x19,0xab,0x24,0xff,0x19,0xab,0x24,0xff,0x19,0xab,0x24,0xff,
    0x19,0xab,0x24,0xff,0x19,0xab,0x24,0xff,0x19,0xab,0x24,0xff,0x19,0xab,0x24,0xff,
    0x19,0xab,0x24,0xff,0x19,0xab,0x24,0xff,0x19,0xab,0x24,0xff,0x19,0xab,0x24,0xff,
    0x19,0xab,0x24,0xff,0x19,0xab,0x24,0xff,0x19,0xab,0x24,0xff,0x19,0xab,0x24,0xff,
    0x19,0xab,0x24,0xff,0x19,0xab,0x24,0xff,0x19,0xab,0x24,0xff,0x19,0xab,0x24,0xff,
    0x19,0xab,0x24,0xff,0x19,0xab,0x24,0xff,0x19,0xab,0x24,0xff,0x19,0xab,0x24,0xff,
    0x19,0xab,0x24,0xff,0x19,0xab,0x24,0xff,0x19,0xab,0x24,0xff,0x19,0xab,0x24,0xff,
    0x19,0xab,0x24,0xff,0x19,0xab,0x24,0xff,0x19,0xab,0x24,0xff,0x19,0xab,0x24,0xff,
    0x19,0xab,0x24,0xff,0x19,0xab,0x24,0xff,0x19,0xab,0x24,0xff,0x19,0xab,0x24,0xff,
    0x19,0xab,0x24,0xff,0x19,0xab,0x24,0xff,0x19,0xab,0x24,0xff,0x19,0xab,0x24,0xff,
    0x19,0xab,0x24,0xff,0x19,0xab,0x24,0xff,0x19,0xab,0x24,0xff,0x19,0xab,0x24,0xff,
    0x19,0xab,0x24,0xff,0x19,0xab,0x24,0xff,0x19,0xab,0x24,0xff,0x19,0xab,0x24,0xff,
    0x19,0xab,0x24,0xff,0x19,0xab,0x24,0xff,0x19,0xab,0x24,0xff,0x19,0xab,0x24,0xff,
    0x19,0xab,0x24,0xff,0x19,0xab,0x24,0xff,0x19,0xab,0x24,0xff,0x1a,0xab,0x25,0xff,
    0x17,0xaa,0x22,0xff,0x12,0xa9,0x1e,0xff,0x1b,0xab,0x27,0xff,0x76,0xcb,0x7d,0xbd,
    0xbd,0xe4,0xc0,0x55,0xff,0xf0,0xff,0x11,0x00,0x00,0x00,0x00,0x00,0x00,0x00,0x00,
    0x00,0x00,0x00,0x00,0x00,0x00,0x00,0x00,0x00,0x00,0x00,0x00,0x00,0x00,0x00,0x00,
    0x00,0x00,0x00,0x00,0x00,0x00,0x00,0x00,0x00,0x00,0x00,0x00,0x00,0x00,0x00,0x00,
    0x00,0x00,0x00,0x00,0x00,0x00,0x00,0x00,0x00,0x00,0x00,0x00,0x00,0x00,0x00,0x00,
    0x00,0x00,0x00,0x00,0x00,0x00,0x00,0x00,0x00,0x00,0x00,0x00,0x00,0x00,0x00,0x00,
    0x00,0x00,0x00,0x00,0x00,0x00,0x00,0x00,0x00,0x00,0x00,0x00,0x00,0x00,0x00,0x00,
    0x00,0x00,0x00,0x00,0x00,0x00,0x00,0x00,0x00,0x00,0x00,0x00,0x00,0x00,0x00,0x00,
    0x00,0x00,0x00,0x00,0x00,0x00,0x00,0x00,0x00,0x00,0x00,0x00,0x00,0x00,0x00,0x00,
    0x00,0x00,0x00,0x00,0x00,0x00,0x00,0x00,0x00,0x00,0x00,0x00,0x00,0x00,0x00,0x00,
    0x00,0x00,0x00,0x00,0x00,0x00,0x00,0x00,0x00,0x00,0x00,0x00,0x00,0x00,0x00,0x00,
    0x00,0x00,0x00,0x00,0x00,0x00,0x00,0x00,0x00,0x00,0x00,0x00,0x00,0x00,0x00,0x00,
    0x00,0x00,0x00,0x00,0x00,0x00,0x00,0x00,0x00,0x00,0x00,0x00,0x00,0x00,0x00,0x00,
    0x00,0x00,0x00,0x00,0x00,0x00,0x00,0x00,0x00,0x00,0x00,0x00,0x00,0x00,0x00,0x00,
    0xff,0xff,0xff,0x0d,0xbc,0xe4,0xc2,0x58,0x68,0xc6,0x6d,0xcb,0x1b,0xac,0x26,0xfc,
    0x16,0xaa,0x21,0xff,0x18,0xab,0x23,0xff,0x19,0xab,0x24,0xff,0x19,0xab,0x24,0xff,
    0x19,0xab,0x24,0xff,0x19,0xab,0x24,0xff,0x19,0xab,0x24,0xff,0x19,0xab,0x24,0xff,
    0x19,0xab,0x24,0xff,0x19,0xab,0x24,0xff,0x19,0xab,0x24,0xff,0x19,0xab,0x24,0xff,
    0x19,0xab,0x24,0xff,0x19,0xab,0x24,0xff,0x19,0xab,0x24,0xff,0x19,0xab,0x24,0xff,
    0x19,0xab,0x24,0xff,0x19,0xab,0x24,0xff,0x19,0xab,0x24,0xff,0x19,0xab,0x24,0xff,
    0x19,0xab,0x24,0xff,0x19,0xab,0x24,0xff,0x19,0xab,0x24,0xff,0x19,0xab,0x24,0xff,
    0x19,0xab,0x24,0xff,0x19,0xab,0x24,0xff,0x19,0xab,0x24,0xff,0x19,0xab,0x24,0xff,
    0x19,0xab,0x24,0xff,0x19,0xab,0x24,0xff,0x19,0xab,0x24,0xff,0x19,0xab,0x24,0xff,
    0x19,0xab,0x24,0xff,0x19,0xab,0x24,0xff,0x19,0xab,0x24,0xff,0x19,0xab,0x24,0xff,
    0x19,0xab,0x24,0xff,0x19,0xab,0x24,0xff,0x19,0xab,0x24,0xff,0x19,0xab,0x24,0xff,
    0x19,0xab,0x24,0xff,0x19,0xab,0x24,0xff,0x19,0xab,0x24,0xff,0x19,0xab,0x24,0xff,
    0x19,0xab,0x24,0xff,0x19,0xab,0x24,0xff,0x19,0xab,0x24,0xff,0x19,0xab,0x24,0xff,
    0x19,0xab,0x24,0xff,0x19,0xab,0x24,0xff,0x19,0xab,0x24,0xff,0x19,0xab,0x24,0xff,
    0x19,0xab,0x24,0xff,0x19,0xab,0x24,0xff,0x19,0xab,0x24,0xff,0x19,0xab,0x24,0xff,
    0x19,0xab,0x24,0xff,0x19,0xab,0x24,0xff,0x19,0xab,0x24,0xff,0x19,0xab,0x24,0xff,
    0x19,0xab,0x24,0xff,0x19,0xab,0x24,0xff,0x19,0xab,0x24,0xff,0x19,0xab,0x24,0xff,
    0x19,0xab,0x24,0xff,0x19,0xab,0x24,0xff,0x19,0xab,0x24,0xff,0x19,0xab,0x24,0xff,
    0x19,0xab,0x24,0xff,0x19,0xab,0x24,0xff,0x19,0xab,0x24,0xff,0x19,0xab,0x24,0xff,
    0x19,0xab,0x24,0xff,0x19,0xab,0x24,0xff,0x19,0xab,0x24,0xff,0x19,0xab,0x24,0xff,
    0x19,0xab,0x24,0xff,0x19,0xab,0x24,0xff,0x19,0xab,0x24,0xff,0x19,0xab,0x24,0xff,
    0x19,0xab,0x24,0xff,0x19,0xab,0x24,0xff,0x19,0xab,0x24,0xff,0x19,0xab,0x24,0xff,
    0x19,0xab,0x24,0xff,0x19,0xab,0x24,0xff,0x19,0xab,0x24,0xff,0x19,0xab,0x24,0xff,
    0x19,0xab,0x24,0xff,0x19,0xab,0x24,0xff,0x19,0xab,0x24,0xff,0x19,0xab,0x24,0xff,
    0x19,0xab,0x24,0xff,0x19,0xab,0x24,0xff,0x19,0xab,0x24,0xff,0x19,0xab,0x24,0xff,
    0x19,0xab,0x24,0xff,0x19,0xab,0x24,0xff,0x19,0xab,0x24,0xff,0x19,0xab,0x24,0xff,
    0x19,0xab,0x24,0xff,0x18,0xab,0x23,0xff,0x13,0xa9,0x1f,0xff,0x1b,0xab,0x26,0xff,
    0x71,0xcc,0x78,0xbb,0xc3,0xe8,0xc6,0x51,0xff,0xff,0xff,0x0b,0x00,0x00,0x00,0x00,
    0x00,0x00,0x00,0x00,0x00,0x00,0x00,0x00,0x00,0x00,0x00,0x00,0x00,0x00,0x00,0x00,
    0x00,0x00,0x00,0x00,0x00,0x00,0x00,0x00,0x00,0x00,0x00,0x00,0x00,0x00,0x00,0x00,
    0x00,0x00,0x00,0x00,0x00,0x00,0x00,0x00,0x00,0x00,0x00,0x00,0x00,0x00,0x00,0x00,
    0x00,0x00,0x00,0x00,0x00,0x00,0x00,0x00,0x00,0x00,0x00,0x00,0x00,0x00,0x00,0x00,
    0x00,0x00,0x00,0x00,0x00,0x00,0x00,0x00,0x00,0x00,0x00,0x00,0x00,0x00,0x00,0x00,
    0x00,0x00,0x00,0x00,0x00,0x00,0x00,0x00,0x00,0x00,0x00,0x00,0x00,0x00,0x00,0x00,
    0x00,0x00,0x00,0x00,0x00,0x00,0x00,0x00,0x00,0x00,0x00,0x00,0x00,0x00,0x00,0x00,
    0x00,0x00,0x00,0x00,0x00,0x00,0x00,0x00,0x00,0x00,0x00,0x00,0x00,0x00,0x00,0x00,
    0x00,0x00,0x00,0x00,0x00,0x00,0x00,0x00,0x00,0x00,0x00,0x00,0x00,0x00,0x00,0x00,
    0x00,0x00,0x00,0x00,0x00,0x00,0x00,0x00,0x00,0x00,0x00,0x00,0x00,0x00,0x00,0x00,
    0x00,0x00,0x00,0x00,0x00,0x00,0x00,0x00,0x00,0x00,0x00,0x00,0x00,0x00,0x00,0x00,
    0x00,0x00,0x00,0x00,0x00,0x00,0x00,0x00,0x00,0x00,0x00,0x00,0xff,0xff,0xff,0x09,
    0xbc,0xe3,0xc2,0x54,0x65,0xc5,0x6e,0xc4,0x1c,0xac,0x28,0xfc,0x15,0xaa,0x21,0xff,
    0x18,0xab,0x23,0xff,0x19,0xab,0x24,0xff,0x19,0xab,0x24,0xff,0x19,0xab,0x24,0xff,
    0x19,0xab,0x24,0xff,0x19,0xab,0x24,0xff,0x19,0xab,0x24,0xff,0x19,0xab,0x24,0xff,
    0x19,0xab,0x24,0xff,0x19,0xab,0x24,0xff,0x19,0xab,0x24,0xff,0x19,0xab,0x24,0xff,
    0x19,0xab,0x24,0xff,0x19,0xab,0x24,0xff,0x19,0xab,0x24,0xff,0x19,0xab,0x24,0xff,
    0x19,0xab,0x24,0xff,0x19,0xab,0x24,0xff,0x19,0xab,0x24,0xff,0x19,0xab,0x24,0xff,
    0x19,0xab,0x24,0xff,0x19,0xab,0x24,0xff,0x19,0xab,0x24,0xff,0x19,0xab,0x24,0xff,
    0x19,0xab,0x24,0xff,0x19,0xab,0x24,0xff,0x19,0xab,0x24,0xff,0x19,0xab,0x24,0xff,
    0x19,0xab,0x24,0xff,0x19,0xab,0x24,0xff,0x19,0xab,0x24,0xff,0x19,0xab,0x24,0xff,
    0x19,0xab,0x24,0xff,0x19,0xab,0x24,0xff,0x19,0xab,0x24,0xff,0x19,0xab,0x24,0xff,
    0x19,0xab,0x24,0xff,0x19,0xab,0x24,0xff,0x19,0xab,0x24,0xff,0x19,0xab,0x24,0xff,
    0x19,0xab,0x24,0xff,0x19,0xab,0x24,0xff,0x19,0xab,0x24,0xff,0x19,0xab,0x24,0xff,
    0x19,0xab,0x24,0xff,0x19,0xab,0x24,0xff,0x19,0xab,0x24,0xff,0x19,0xab,0x24,0xff,
    0x19,0xab,0x24,0xff,0x19,0xab,0x24,0xff,0x19,0xab,0x24,0xff,0x19,0xab,0x24,0xff,
    0x19,0xab,0x24,0xff,0x19,0xab,0x24,0xff,0x19,0xab,0x24,0xff,0x19,0xab,0x24,0xff,
    0x19,0xab,0x24,0xff,0x19,0xab,0x24,0xff,0x19,0xab,0x24,0xff,0x19,0xab,0x24,0xff,
    0x19,0xab,0x24,0xff,0x19,0xab,0x24,0xff,0x19,0xab,0x24,0xff,0x19,0xab,0x24,0xff,
    0x19,0xab,0x24,0xff,0x19,0xab,0x24,0xff,0x19,0xab,0x24,0xff,0x19,0xab,0x24,0xff,
    0x19,0xab,0x24,0xff,0x19,0xab,0x24,0xff,0x19,0xab,0x24,0xff,0x19,0xab,0x24,0xff,
    0x19,0xab,0x24,0xff,0x19,0xab,0x24,0xff,0x19,0xab,0x24,0xff,0x19,0xab,0x24,0xff,
    0x19,0xab,0x24,0xff,0x19,0xab,0x24,0xff,0x19,0xab,0x24,0xff,0x19,0xab,0x24,0xff,
    0x19,0xab,0x24,0xff,0x19,0xab,0x24,0xff,0x19,0xab,0x24,0xff,0x19,0xab,0x24,0xff,
    0x19,0xab,0x24,0xff,0x19,0xab,0x24,0xff,0x19,0xab,0x24,0xff,0x19,0xab,0x24,0xff,
    0x19,0xab,0x24,0xff,0x19,0xab,0x24,0xff,0x19,0xab,0x24,0xff,0x19,0xab,0x24,0xff,
    0x19,0xab,0x24,0xff,0x19,0xab,0x24,0xff,0x19,0xab,0x24,0xff,0x19,0xab,0x24,0xff,
    0x19,0xab,0x24,0xff,0x19,0xab,0x24,0xff,0x19,0xab,0x24,0xff,0x19,0xab,0x24,0xff,
    0x19,0xab,0x24,0xff,0x19,0xab,0x24,0xff,0x18,0xab,0x23,0xff,0x11,0xa9,0x1d,0xff,
    0x1e,0xad,0x28,0xfc,0x6a,0xc8,0x71,0xb6,0xd7,0xf1,0xda,0x4d,0xff,0xff,0xff,0x04,
    0x00,0x00,0x00,0x00,0x00,0x00,0x00,0x00,0x00,0x00,0x00,0x00,0x00,0x00,0x00,0x00,
    0x00,0x00,0x00,0x00,0x00,0x00,0x00,0x00,0x00,0x00,0x00,0x00,0x00,0x00,0x00,0x00,
    0x00,0x00,0x00,0x00,0x00,0x00,0x00,0x00,0x00,0x00,0x00,0x00,0x00,0x00,0x00,0x00,
    0x00,0x00,0x00,0x00,0x00,0x00,0x00,0x00,0x00,0x00,0x00,0x00,0x00,0x00,0x00,0x00,
    0x00,0x00,0x00,0x00,0x00,0x00,0x00,0x00,0x00,0x00,0x00,0x00,0x00,0x00,0x00,0x00,
    0x00,0x00,0x00,0x00,0x00,0x00,0x00,0x00,0x00,0x00,0x00,0x00,0x00,0x00,0x00,0x00,
    0x00,0x00,0x00,0x00,0x00,0x00,0x00,0x00,0x00,0x00,0x00,0x00,0x00,0x00,0x00,0x00,
    0x00,0x00,0x00,0x00,0x00,0x00,0x00,0x00,0x00,0x00,0x00,0x00,0x00,0x00,0x00,0x00,
    0x00,0x00,0x00,0x00,0x00,0x00,0x00,0x00,0x00,0x00,0x00,0x00,0x00,0x00,0x00,0x00,
    0x00,0x00,0x00,0x00,0x00,0x00,0x00,0x00,0x00,0x00,0x00,0x00,0x00,0x00,0x00,0x00,
    0x00,0x00,0x00,0x00,0x00,0x00,0x00,0x00,0x00,0x00,0x00,0x00,0x00,0x00,0x00,0x00,
    0x00,0x00,0x00,0x00,0x00,0x00,0x00,0x00,0xff,0xff,0xff,0x05,0xc5,0xe8,0xc8,0x50,
    0x65,0xc5,0x6e,0xb7,0x21,0xad,0x2d,0xfb,0x10,0xaa,0x1d,0xff,0x18,0xab,0x23,0xff,
    0x19,0xab,0x24,0xff,0x19,0xab,0x24,0xff,0x19,0xab,0x24,0xff,0x19,0xab,0x24,0xff,
    0x19,0xab,0x24,0xff,0x19,0xab,0x24,0xff,0x19,0xab,0x24,0xff,0x19,0xab,0x24,0xff,
    0x19,0xab,0x24,0xff,0x19,0xab,0x24,0xff,0x19,0xab,0x24,0xff,0x19,0xab,0x24,0xff,
    0x19,0xab,0x24,0xff,0x19,0xab,0x24,0xff,0x19,0xab,0x24,0xff,0x19,0xab,0x24,0xff,
    0x19,0xab,0x24,0xff,0x19,0xab,0x24,0xff,0x19,0xab,0x24,0xff,0x19,0xab,0x24,0xff,
    0x19,0xab,0x24,0xff,0x19,0xab,0x24,0xff,0x19,0xab,0x24,0xff,0x19,0xab,0x24,0xff,
    0x19,0xab,0x24,0xff,0x19,0xab,0x24,0xff,0x19,0xab,0x24,0xff,0x19,0xab,0x24,0xff,
    0x19,0xab,0x24,0xff,0x19,0xab,0x24,0xff,0x19,0xab,0x24,0xff,0x19,0xab,0x24,0xff,
    0x19,0xab,0x24,0xff,0x19,0xab,0x24,0xff,0x19,0xab,0x24,0xff,0x19,0xab,0x24,0xff,
    0x19,0xab,0x24,0xff,0x19,0xab,0x24,0xff,0x19,0xab,0x24,0xff,0x19,0xab,0x24,0xff,
    0x19,0xab,0x24,0xff,0x19,0xab,0x24,0xff,0x19,0xab,0x24,0xff,0x19,0xab,0x24,0xff,
    0x19,0xab,0x24,0xff,0x19,0xab,0x24,0xff,0x19,0xab,0x24,0xff,0x19,0xab,0x24,0xff,
    0x19,0xab,0x24,0xff,0x19,0xab,0x24,0xff,0x19,0xab,0x24,0xff,0x19,0xab,0x24,0xff,
    0x19,0xab,0x24,0xff,0x19,0xab,0x24,0xff,0x19,0xab,0x24,0xff,0x19,0xab,0x24,0xff,
    0x19,0xab,0x24,0xff,0x19,0xab,0x24,0xff,0x19,0xab,0x24,0xff,0x19,0xab,0x24,0xff,
    0x19,0xab,0x24,0xff,0x19,0xab,0x24,0xff,0x19,0xab,0x24,0xff,0x19,0xab,0x24,0xff,
    0x19,0xab,0x24,0xff,0x19,0xab,0x24,0xff,0x19,0xab,0x24,0xff,0x19,0xab,0x24,0xff,
    0x19,0xab,0x24,0xff,0x19,0xab,0x24,0xff,0x19,0xab,0x24,0xff,0x19,0xab,0x24,0xff,
    0x19,0xab,0x24,0xff,0x19,0xab,0x24,0xff,0x19,0xab,0x24,0xff,0x19,0xab,0x24,0xff,
    0x19,0xab,0x24,0xff,0x19,0xab,0x24,0xff,0x19,0xab,0x24,0xff,0x19,0xab,0x24,0xff,
    0x19,0xab,0x24,0xff,0x19,0xab,0x24,0xff,0x19,0xab,0x24,0xff,0x19,0xab,0x24,0xff,
    0x19,0xab,0x24,0xff,0x19,0xab,0x24,0xff,0x19,0xab,0x24,0xff,0x19,0xab,0x24,0xff,
    0x19,0xab,0x24,0xff,0x19,0xab,0x24,0xff,0x19,0xab,0x24,0xff,0x19,0xab,0x24,0xff,
    0x19,0xab,0x24,0xff,0x19,0xab,0x24,0xff,0x19,0xab,0x24,0xff,0x19,0xab,0x24,0xff,
    0x19,0xab,0x24,0xff,0x19,0xab,0x24,0xff,0x19,0xab,0x24,0xff,0x19,0xab,0x24,0xff,
    0x19,0xab,0x24,0xff,0x19,0xab,0x24,0xff,0x19,0xab,0x24,0xff,0x17,0xaa,0x22,0xff,
    0x0c,0xaa,0x17,0xff,0x23,0xae,0x2d,0xf7,0x67,0xc7,0x6e,0xaf,0xf3,0xfb,0xf7,0x41,
    0x00,0x00,0x00,0x00,0x00,0x00,0x00,0x00,0x00,0x00,0x00,0x00,0x00,0x00,0x00,0x00,
    0x00,0x00,0x00,0x00,0x00,0x00,0x00,0x00,0x00,0x00,0x00,0x00,0x00,0x00,0x00,0x00,
    0x00,0x00,0x00,0x00,0x00,0x00,0x00,0x00,0x00,0x00,0x00,0x00,0x00,0x00,0x00,0x00,
    0x00,0x00,0x00,0x00,0x00,0x00,0x00,0x00,0x00,0x00,0x00,0x00,0x00,0x00,0x00,0x00,
    0x00,0x00,0x00,0x00,0x00,0x00,0x00,0x00,0x00,0x00,0x00,0x00,0x00,0x00,0x00,0x00,
    0x00,0x00,0x00,0x00,0x00,0x00,0x00,0x00,0x00,0x00,0x00,0x00,0x00,0x00,0x00,0x00,
    0x00,0x00,0x00,0x00,0x00,0x00,0x00,0x00,0x00,0x00,0x00,0x00,0x00,0x00,0x00,0x00,
    0x00,0x00,0x00,0x00,0x00,0x00,0x00,0x00,0x00,0x00,0x00,0x00,0x00,0x00,0x00,0x00,
    0x00,0x00,0x00,0x00,0x00,0x00,0x00,0x00,0x00,0x00,0x00,0x00,0x00,0x00,0x00,0x00,
    0x00,0x00,0x00,0x00,0x00,0x00,0x00,0x00,0x00,0x00,0x00,0x00,0x00,0x00,0x00,0x00,
    0x00,0x00,0x00,0x00,0x00,0x00,0x00,0x00,0x00,0x00,0x00,0x00,0x00,0x00,0x00,0x00,
    0xff,0xff,0xff,0x01,0x00,0x00,0x00,0x00,0xe3,0xf3,0xe3,0x41,0x68,0xc6,0x70,0xad,
    0x27,0xaf,0x31,0xf8,0x09,0xa8,0x16,0xff,0x18,0xaa,0x23,0xff,0x19,0xab,0x24,0xff,
    0x19,0xab,0x24,0xff,0x19,0xab,0x24,0xff,0x19,0xab,0x24,0xff,0x19,0xab,0x24,0xff,
    0x19,0xab,0x24,0xff,0x19,0xab,0x24,0xff,0x19,0xab,0x24,0xff,0x19,0xab,0x24,0xff,
    0x19,0xab,0x24,0xff,0x19,0xab,0x24,0xff,0x19,0xab,0x24,0xff,0x19,0xab,0x24,0xff,
    0x19,0xab,0x24,0xff,0x19,0xab,0x24,0xff,0x19,0xab,0x24,0xff,0x19,0xab,0x24,0xff,
    0x19,0xab,0x24,0xff,0x19,0xab,0x24,0xff,0x19,0xab,0x24,0xff,0x19,0xab,0x24,0xff,
    0x19,0xab,0x24,0xff,0x19,0xab,0x24,0xff,0x19,0xab,0x24,0xff,0x19,0xab,0x24,0xff,
    0x19,0xab,0x24,0xff,0x19,0xab,0x24,0xff,0x19,0xab,0x24,0xff,0x19,0xab,0x24,0xff,
    0x19,0xab,0x24,0xff,0x19,0xab,0x24,0xff,0x19,0xab,0x24,0xff,0x19,0xab,0x24,0xff,
    0x19,0xab,0x24,0xff,0x19,0xab,0x24,0xff,0x19,0xab,0x24,0xff,0x19,0xab,0x24,0xff,
    0x19,0xab,0x24,0xff,0x19,0xab,0x24,0xff,0x19,0xab,0x24,0xff,0x19,0xab,0x24,0xff,
    0x19,0xab,0x24,0xff,0x19,0xab,0x24,0xff,0x19,0xab,0x24,0xff,0x19,0xab,0x24,0xff,
    0x19,0xab,0x24,0xff,0x19,0xab,0x24,0xff,0x19,0xab,0x24,0xff,0x19,0xab,0x24,0xff,
    0x19,0xab,0x24,0xff,0x19,0xab,0x24,0xff,0x19,0xab,0x24,0xff,0x19,0xab,0x24,0xff,
    0x19,0xab,0x24,0xff,0x19,0xab,0x24,0xff,0x19,0xab,0x24,0xff,0x19,0xab,0x24,0xff,
    0x19,0xab,0x24,0xff,0x19,0xab,0x24,0xff,0x19,0xab,0x24,0xff,0x19,0xab,0x24,0xff,
    0x19,0xab,0x24,0xff,0x19,0xab,0x24,0xff,0x19,0xab,0x24,0xff,0x19,0xab,0x24,0xff,
    0x19,0xab,0x24,0xff,0x19,0xab,0x24,0xff,0x19,0xab,0x24,0xff,0x19,0xab,0x24,0xff,
    0x19,0xab,0x24,0xff,0x19,0xab,0x24,0xff,0x19,0xab,0x24,0xff,0x19,0xab,0x24,0xff,
    0x19,0xab,0x24,0xff,0x19,0xab,0x24,0xff,0x19,0xab,0x24,0xff,0x19,0xab,0x24,0xff,
    0x19,0xab,0x24,0xff,0x19,0xab,0x24,0xff,0x19,0xab,0x24,0xff,0x19,0xab,0x24,0xff,
    0x19,0xab,0x24,0xff,0x19,0xab,0x24,0xff,0x19,0xab,0x24,0xff,0x19,0xab,0x24,0xff,
    0x19,0xab,0x24,0xff,0x19,0xab,0x24,0xff,0x19,0xab,0x24,0xff,0x19,0xab,0x24,0xff,
    0x19,0xab,0x24,0xff,0x19,0xab,0x24,0xff,0x19,0xab,0x24,0xff,0x19,0xab,0x24,0xff,
    0x19,0xab,0x24,0xff,0x19,0xab,0x24,0xff,0x19,0xab,0x24,0xff,0x19,0xab,0x24,0xff,
    0x19,0xab,0x24,0xff,0x19,0xab,0x24,0xff,0x19,0xab,0x24,0xff,0x19,0xab,0x24,0xff,
    0x19,0xab,0x24,0xff,0x19,0xab,0x24,0xff,0x19,0xab,0x24,0xff,0x1a,0xab,0x25,0xff,
    0x14,0xaa,0x1f,0xff,0x08,0xa9,0x13,0xff,0x2a,0xb0,0x35,0xf5,0x75,0xcc,0x7d,0xa0,
    0xff,0xff,0xff,0x19,0x00,0x00,0x00,0x00,0x00,0x00,0x00,0x00,0x00,0x00,0x00,0x00,
    0x00,0x00,0x00,0x00,0x00,0x00,0x00,0x00,0x00,0x00,0x00,0x00,0x00,0x00,0x00,0x00,
    0x00,0x00,0x00,0x00,0x00,0x00,0x00,0x00,0x00,0x00,0x00,0x00,0x00,0x00,0x00,0x00,
    0x00,0x00,0x00,0x00,0x00,0x00,0x00,0x00,0x00,0x00,0x00,0x00,0x00,0x00,0x00,0x00,
    0x00,0x00,0x00,0x00,0x00,0x00,0x00,0x00,0x00,0x00,0x00,0x00,0x00,0x00,0x00,0x00,
    0x00,0x00,0x00,0x00,0x00,0x00,0x00,0x00,0x00,0x00,0x00,0x00,0x00,0x00,0x00,0x00,
    0x00,0x00,0x00,0x00,0x00,0x00,0x00,0x00,0x00,0x00,0x00,0x00,0x00,0x00,0x00,0x00,
    0x00,0x00,0x00,0x00,0x00,0x00,0x00,0x00,0x00,0x00,0x00,0x00,0x00,0x00,0x00,0x00,
    0x00,0x00,0x00,0x00,0x00,0x00,0x00,0x00,0x00,0x00,0x00,0x00,0x00,0x00,0x00,0x00,
    0x00,0x00,0x00,0x00,0x00,0x00,0x00,0x00,0x00,0x00,0x00,0x00,0x00,0x00,0x00,0x00,
    0x00,0x00,0x00,0x00,0x00,0x00,0x00,0x00,0x00,0x00,0x00,0x00,0x00,0x00,0x00,0x00,
    0x00,0x00,0x00,0x00,0xff,0xff,0xff,0x28,0x7b,0xcf,0x83,0xa1,0x26,0xae,0x31,0xf2,
    0x05,0xa8,0x10,0xff,0x16,0xaa,0x21,0xff,0x1a,0xab,0x25,0xff,0x19,0xab,0x24,0xff,
    0x19,0xab,0x24,0xff,0x19,0xab,0x24,0xff,0x19,0xab,0x24,0xff,0x19,0xab,0x24,0xff,
    0x19,0xab,0x24,0xff,0x19,0xab,0x24,0xff,0x19,0xab,0x24,0xff,0x19,0xab,0x24,0xff,
    0x19,0xab,0x24,0xff,0x19,0xab,0x24,0xff,0x19,0xab,0x24,0xff,0x19,0xab,0x24,0xff,
    0x19,0xab,0x24,0xff,0x19,0xab,0x24,0xff,0x19,0xab,0x24,0xff,0x19,0xab,0x24,0xff,
    0x19,0xab,0x24,0xff,0x19,0xab,0x24,0xff,0x19,0xab,0x24,0xff,0x19,0xab,0x24,0xff,
    0x19,0xab,0x24,0xff,0x19,0xab,0x24,0xff,0x19,0xab,0x24,0xff,0x19,0xab,0x24,0xff,
    0x19,0xab,0x24,0xff,0x19,0xab,0x24,0xff,0x19,0xab,0x24,0xff,0x19,0xab,0x24,0xff,
    0x19,0xab,0x24,0xff,0x19,0xab,0x24,0xff,0x19,0xab,0x24,0xff,0x19,0xab,0x24,0xff,
    0x19,0xab,0x24,0xff,0x19,0xab,0x24,0xff,0x19,0xab,0x24,0xff,0x19,0xab,0x24,0xff,
    0x19,0xab,0x24,0xff,0x19,0xab,0x24,0xff,0x19,0xab,0x24,0xff,0x19,0xab,0x24,0xff,
    0x19,0xab,0x24,0xff,0x19,0xab,0x24,0xff,0x19,0xab,0x24,0xff,0x19,0xab,0x24,0xff,
    0x19,0xab,0x24,0xff,0x19,0xab,0x24,0xff,0x19,0xab,0x24,0xff,0x19,0xab,0x24,0xff,
    0x19,0xab,0x24,0xff,0x19,0xab,0x24,0xff,0x19,0xab,0x24,0xff,0x19,0xab,0x24,0xff,
    0x19,0xab,0x24,0xff,0x19,0xab,0x24,0xff,0x19,0xab,0x24,0xff,0x19,0xab,0x24,0xff,
    0x19,0xab,0x24,0xff,0x19,0xab,0x24,0xff,0x19,0xab,0x24,0xff,0x19,0xab,0x24,0xff,
    0x19,0xab,0x24,0xff,0x19,0xab,0x24,0xff,0x19,0xab,0x24,0xff,0x19,0xab,0x24,0xff,
    0x19,0xab,0x24,0xff,0x19,0xab,0x24,0xff,0x19,0xab,0x24,0xff,0x19,0xab,0x24,0xff,
    0x19,0xab,0x24,0xff,0x19,0xab,0x24,0xff,0x19,0xab,0x24,0xff,0x19,0xab,0x24,0xff,
    0x19,0xab,0x24,0xff,0x19,0xab,0x24,0xff,0x19,0xab,0x24,0xff,0x19,0xab,0x24,0xff,
    0x19,0xab,0x24,0xff,0x19,0xab,0x24,0xff,0x19,0xab,0x24,0xff,0x19,0xab,0x24,0xff,
    0x19,0xab,0x24,0xff,0x19,0xab,0x24,0xff,0x19,0xab,0x24,0xff,0x19,0xab,0x24,0xff,
    0x19,0xab,0x24,0xff,0x19,0xab,0x24,0xff,0x19,0xab,0x24,0xff,0x19,0xab,0x24,0xff,
    0x19,0xab,0x24,0xff,0x19,0xab,0x24,0xff,0x19,0xab,0x24,0xff,0x19,0xab,0x24,0xff,
    0x19,0xab,0x24,0xff,0x19,0xab,0x24,0xff,0x19,0xab,0x24,0xff,0x19,0xab,0x24,0xff,
    0x19,0xab,0x24,0xff,0x19,0xab,0x24,0xff,0x19,0xab,0x24,0xff,0x19,0xab,0x24,0xff,
    0x19,0xab,0x24,0xff,0x19,0xab,0x24,0xff,0x19,0xab,0x24,0xff,0x19,0xab,0x24,0xff,
    0x1b,0xac,0x26,0xff,0x11,0xa8,0x1c,0xff,0x0e,0xac,0x18,0xff,0x2c,0xb1,0x34,0xed,
    0x99,0xd8,0x9d,0x7e,0xff,0xef,0xff,0x10,0x00,0x00,0x00,0x00,0x00,0x00,0x00,0x00,
    0x00,0x00,0x00,0x00,0x00,0x00,0x00,0x00,0x00,0x00,0x00,0x00,0x00,0x00,0x00,0x00,
    0x00,0x00,0x00,0x00,0x00,0x00,0x00,0x00,0x00,0x00,0x00,0x00,0x00,0x00,0x00,0x00,
    0x00,0x00,0x00,0x00,0x00,0x00,0x00,0x00,0x00,0x00,0x00,0x00,0x00,0x00,0x00,0x00,
    0x00,0x00,0x00,0x00,0x00,0x00,0x00,0x00,0x00,0x00,0x00,0x00,0x00,0x00,0x00,0x00,
    0x00,0x00,0x00,0x00,0x00,0x00,0x00,0x00,0x00,0x00,0x00,0x00,0x00,0x00,0x00,0x00,
    0x00,0x00,0x00,0x00,0x00,0x00,0x00,0x00,0x00,0x00,0x00,0x00,0x00,0x00,0x00,0x00,
    0x00,0x00,0x00,0x00,0x00,0x00,0x00,0x00,0x00,0x00,0x00,0x00,0x00,0x00,0x00,0x00,
    0x00,0x00,0x00,0x00,0x00,0x00,0x00,0x00,0x00,0x00,0x00,0x00,0x00,0x00,0x00,0x00,
    0x00,0x00,0x00,0x00,0x00,0x00,0x00,0x00,0x00,0x00,0x00,0x00,0x00,0x00,0x00,0x00,
    0x00,0x00,0x00,0x00,0x00,0x00,0x00,0x00,0x00,0x00,0x00,0x00,0x00,0x00,0x00,0x00,
    0xe5,0xff,0xe5,0x0a,0xb2,0xe4,0xb8,0x89,0x27,0xb0,0x32,0xef,0x06,0xa8,0x13,0xff,
    0x12,0xa8,0x1c,0xff,0x1c,0xac,0x27,0xff,0x19,0xab,0x24,0xff,0x19,0xab,0x24,0xff,
    0x19,0xab,0x24,0xff,0x19,0xab,0x24,0xff,0x19,0xab,0x24,0xff,0x19,0xab,0x24,0xff,
    0x19,0xab,0x24,0xff,0x19,0xab,0x24,0xff,0x19,0xab,0x24,0xff,0x19,0xab,0x24,0xff,
    0x19,0xab,0x24,0xff,0x19,0xab,0x24,0xff,0x19,0xab,0x24,0xff,0x19,0xab,0x24,0xff,
    0x19,0xab,0x24,0xff,0x19,0xab,0x24,0xff,0x19,0xab,0x24,0xff,0x19,0xab,0x24,0xff,
    0x19,0xab,0x24,0xff,0x19,0xab,0x24,0xff,0x19,0xab,0x24,0xff,0x19,0xab,0x24,0xff,
    0x19,0xab,0x24,0xff,0x19,0xab,0x24,0xff,0x19,0xab,0x24,0xff,0x19,0xab,0x24,0xff,
    0x19,0xab,0x24,0xff,0x19,0xab,0x24,0xff,0x19,0xab,0x24,0xff,0x19,0xab,0x24,0xff,
    0x19,0xab,0x24,0xff,0x19,0xab,0x24,0xff,0x19,0xab,0x24,0xff,0x19,0xab,0x24,0xff,
    0x19,0xab,0x24,0xff,0x19,0xab,0x24,0xff,0x19,0xab,0x24,0xff,0x19,0xab,0x24,0xff,
    0x19,0xab,0x24,0xff,0x19,0xab,0x24,0xff,0x19,0xab,0x24,0xff,0x19,0xab,0x24,0xff,
    0x19,0xab,0x24,0xff,0x19,0xab,0x24,0xff,0x19,0xab,0x24,0xff,0x19,0xab,0x24,0xff,
    0x19,0xab,0x24,0xff,0x19,0xab,0x24,0xff,0x19,0xab,0x24,0xff,0x19,0xab,0x24,0xff,
    0x19,0xab,0x24,0xff,0x19,0xab,0x24,0xff,0x19,0xab,0x24,0xff,0x19,0xab,0x24,0xff,
    0x19,0xab,0x24,0xff,0x19,0xab,0x24,0xff,0x19,0xab,0x24,0xff,0x19,0xab,0x24,0xff,
    0x19,0xab,0x24,0xff,0x19,0xab,0x24,0xff,0x19,0xab,0x24,0xff,0x19,0xab,0x24,0xff,
    0x19,0xab,0x24,0xff,0x19,0xab,0x24,0xff,0x19,0xab,0x24,0xff,0x19,0xab,0x24,0xff,
    0x19,0xab,0x24,0xff,0x19,0xab,0x24,0xff,0x19,0xab,0x24,0xff,0x19,0xab,0x24,0xff,
    0x19,0xab,0x24,0xff,0x19,0xab,0x24,0xff,0x19,0xab,0x24,0xff,0x19,0xab,0x24,0xff,
    0x19,0xab,0x24,0xff,0x19,0xab,0x24,0xff,0x19,0xab,0x24,0xff,0x19,0xab,0x24,0xff,
    0x19,0xab,0x24,0xff,0x19,0xab,0x24,0xff,0x19,0xab,0x24,0xff,0x19,0xab,0x24,0xff,
    0x19,0xab,0x24,0xff,0x19,0xab,0x24,0xff,0x19,0xab,0x24,0xff,0x19,0xab,0x24,0xff,
    0x19,0xab,0x24,0xff,0x19,0xab,0x24,0xff,0x19,0xab,0x24,0xff,0x19,0xab,0x24,0xff,
    0x19,0xab,0x24,0xff,0x19,0xab,0x24,0xff,0x19,0xab,0x24,0xff,0x19,0xab,0x24,0xff,
    0x19,0xab,0x24,0xff,0x19,0xab,0x24,0xff,0x19,0xab,0x24,0xff,0x19,0xab,0x24,0xff,
    0x19,0xab,0x24,0xff,0x19,0xab,0x24,0xff,0x19,0xab,0x24,0xff,0x19,0xab,0x24,0xff,
    0x19,0xab,0x24,0xff,0x19,0xab,0x24,0xff,0x19,0xab,0x24,0xff,0x19,0xab,0x24,0xff,
    0x19,0xab,0x24,0xff,0x1b,0xac,0x26,0xff,0x11,0xa7,0x19,0xff,0x14,0xab,0x1b,0xff,
    0x42,0xba,0x4b,0xf2,0xbc,0xe6,0xbf,0x5c,0xfe,0xfe,0xfe,0x0e,0x00,0x00,0x00,0x00,
    0x00,0x00,0x00,0x00,0x00,0x00,0x00,0x00,0x00,0x00,0x00,0x00,0x00,0x00,0x00,0x00,
    0x00,0x00,0x00,0x00,0x00,0x00,0x00,0x00,0x00,0x00,0x00,0x00,0x00,0x00,0x00,0x00,
    0x00,0x00,0x00,0x00,0x00,0x00,0x00,0x00,0x00,0x00,0x00,0x00,0x00,0x00,0x00,0x00,
    0x00,0x00,0x00,0x00,0x00,0x00,0x00,0x00,0x00,0x00,0x00,0x00,0x00,0x00,0x00,0x00,
    0x00,0x00,0x00,0x00,0x00,0x00,0x00,0x00,0x00,0x00,0x00,0x00,0x00,0x00,0x00,0x00,
    0x00,0x00,0x00,0x00,0x00,0x00,0x00,0x00,0x00,0x00,0x00,0x00,0x00,0x00,0x00,0x00,
    0x00,0x00,0x00,0x00,0x00,0x00,0x00,0x00,0x00,0x00,0x00,0x00,0x00,0x00,0x00,0x00,
    0x00,0x00,0x00,0x00,0x00,0x00,0x00,0x00,0x00,0x00,0x00,0x00,0x00,0x00,0x00,0x00,
    0x00,0x00,0x00,0x00,0x00,0x00,0x00,0x00,0x00,0x00,0x00,0x00,0x00,0x00,0x00,0x00,
    0x00,0x00,0x00,0x00,0x00,0x00,0x00,0x00,0x00,0x00,0x00,0x00,0xff,0xff,0xff,0x09,
    0xcc,0xea,0xcf,0x56,0x3e,0xb8,0x47,0xe8,0x13,0xa9,0x1b,0xff,0x10,0xa8,0x1b,0xff,
    0x1a,0xac,0x27,0xff,0x19,0xab,0x24,0xff,0x19,0xab,0x24,0xff,0x19,0xab,0x24,0xff,
    0x19,0xab,0x24,0xff,0x19,0xab,0x24,0xff,0x19,0xab,0x24,0xff,0x19,0xab,0x24,0xff,
    0x19,0xab,0x24,0xff,0x19,0xab,0x24,0xff,0x19,0xab,0x24,0xff,0x19,0xab,0x24,0xff,
    0x19,0xab,0x24,0xff,0x19,0xab,0x24,0xff,0x19,0xab,0x24,0xff,0x19,0xab,0x24,0xff,
    0x19,0xab,0x24,0xff,0x19,0xab,0x24,0xff,0x19,0xab,0x24,0xff,0x19,0xab,0x24,0xff,
    0x19,0xab,0x24,0xff,0x19,0xab,0x24,0xff,0x19,0xab,0x24,0xff,0x19,0xab,0x24,0xff,
    0x19,0xab,0x24,0xff,0x19,0xab,0x24,0xff,0x19,0xab,0x24,0xff,0x19,0xab,0x24,0xff,
    0x19,0xab,0x24,0xff,0x19,0xab,0x24,0xff,0x19,0xab,0x24,0xff,0x19,0xab,0x24,0xff,
    0x19,0xab,0x24,0xff,0x19,0xab,0x24,0xff,0x19,0xab,0x24,0xff,0x19,0xab,0x24,0xff,
    0x19,0xab,0x24,0xff,0x19,0xab,0x24,0xff,0x19,0xab,0x24,0xff,0x19,0xab,0x24,0xff,
    0x19,0xab,0x24,0xff,0x19,0xab,0x24,0xff,0x19,0xab,0x24,0xff,0x19,0xab,0x24,0xff,
    0x19,0xab,0x24,0xff,0x19,0xab,0x24,0xff,0x19,0xab,0x24,0xff,0x19,0xab,0x24,0xff,
    0x19,0xab,0x24,0xff,0x19,0xab,0x24,0xff,0x19,0xab,0x24,0xff,0x19,0xab,0x24,0xff,
    0x19,0xab,0x24,0xff,0x19,0xab,0x24,0xff,0x19,0xab,0x24,0xff,0x19,0xab,0x24,0xff,
    0x19,0xab,0x24,0xff,0x19,0xab,0x24,0xff,0x19,0xab,0x24,0xff,0x19,0xab,0x24,0xff,
    0x19,0xab,0x24,0xff,0x19,0xab,0x24,0xff,0x19,0xab,0x24,0xff,0x19,0xab,0x24,0xff,
    0x19,0xab,0x24,0xff,0x19,0xab,0x24,0xff,0x19,0xab,0x24,0xff,0x19,0xab,0x24,0xff,
    0x19,0xab,0x24,0xff,0x19,0xab,0x24,0xff,0x19,0xab,0x24,0xff,0x19,0xab,0x24,0xff,
    0x19,0xab,0x24,0xff,0x19,0xab,0x24,0xff,0x19,0xab,0x24,0xff,0x19,0xab,0x24,0xff,
    0x19,0xab,0x24,0xff,0x19,0xab,0x24,0xff,0x19,0xab,0x24,0xff,0x19,0xab,0x24,0xff,
    0x19,0xab,0x24,0xff,0x19,0xab,0x24,0xff,0x19,0xab,0x24,0xff,0x19,0xab,0x24,0xff,
    0x19,0xab,0x24,0xff,0x19,0xab,0x24,0xff,0x19,0xab,0x24,0xff,0x19,0xab,0x24,0xff,
    0x19,0xab,0x24,0xff,0x19,0xab,0x24,0xff,0x19,0xab,0x24,0xff,0x19,0xab,0x24,0xff,
    0x19,0xab,0x24,0xff,0x19,0xab,0x24,0xff,0x19,0xab,0x24,0xff,0x19,0xab,0x24,0xff,
    0x19,0xab,0x24,0xff,0x19,0xab,0x24,0xff,0x19,0xab,0x24,0xff,0x19,0xab,0x24,0xff,
    0x19,0xab,0x24,0xff,0x19,0xab,0x24,0xff,0x19,0xab,0x24,0xff,0x19,0xab,0x24,0xff,
    0x19,0xab,0x24,0xff,0x19,0xab,0x24,0xff,0x19,0xab,0x24,0xff,0x19,0xab,0x24,0xff,
    0x19,0xab,0x24,0xff,0x1a,0xab,0x25,0xff,0x1a,0xab,0x25,0xff,0x12,0xa8,0x1c,0xff,
    0x10,0xa6,0x16,0xfd,0x60,0xc6,0x68,0xd9,0xc0,0xe4,0xc4,0x4e,0xff,0xff,0xff,0x0a,
    0x00,0x00,0x00,0x00,0x00,0x00,0x00,0x00,0x00,0x00,0x00,0x00,0x00,0x00,0x00,0x00,
    0x00,0x00,0x00,0x00,0x00,0x00,0x00,0x00,0x00,0x00,0x00,0x00,0x00,0x00,0x00,0x00,
    0x00,0x00,0x00,0x00,0x00,0x00,0x00,0x00,0x00,0x00,0x00,0x00,0x00,0x00,0x00,0x00,
    0x00,0x00,0x00,0x00,0x00,0x00,0x00,0x00,0x00,0x00,0x00,0x00,0x00,0x00,0x00,0x00,
    0x00,0x00,0x00,0x00,0x00,0x00,0x00,0x00,0x00,0x00,0x00,0x00,0x00,0x00,0x00,0x00,
    0x00,0x00,0x00,0x00,0x00,0x00,0x00,0x00,0x00,0x00,0x00,0x00,0x00,0x00,0x00,0x00,
    0x00,0x00,0x00,0x00,0x00,0x00,0x00,0x00,0x00,0x00,0x00,0x00,0x00,0x00,0x00,0x00,
    0x00,0x00,0x00,0x00,0x00,0x00,0x00,0x00,0x00,0x00,0x00,0x00,0x00,0x00,0x00,0x00,
    0x00,0x00,0x00,0x00,0x00,0x00,0x00,0x00,0x00,0x00,0x00,0x00,0x00,0x00,0x00,0x00,
    0x00,0x00,0x00,0x00,0x00,0x00,0x00,0x00,0xff,0xff,0xff,0x0a,0xcb,0xea,0xce,0x4a,
    0x64,0xc4,0x6c,0xcc,0x13,0xa6,0x1a,0xfc,0x12,0xa9,0x1c,0xff,0x18,0xab,0x24,0xff,
    0x19,0xab,0x24,0xff,0x19,0xab,0x24,0xff,0x19,0xab,0x24,0xff,0x19,0xab,0x24,0xff,
    0x19,0xab,0x24,0xff,0x19,0xab,0x24,0xff,0x19,0xab,0x24,0xff,0x19,0xab,0x24,0xff,
    0x19,0xab,0x24,0xff,0x19,0xab,0x24,0xff,0x19,0xab,0x24,0xff,0x19,0xab,0x24,0xff,
    0x19,0xab,0x24,0xff,0x19,0xab,0x24,0xff,0x19,0xab,0x24,0xff,0x19,0xab,0x24,0xff,
    0x19,0xab,0x24,0xff,0x19,0xab,0x24,0xff,0x19,0xab,0x24,0xff,0x19,0xab,0x24,0xff,
    0x19,0xab,0x24,0xff,0x19,0xab,0x24,0xff,0x19,0xab,0x24,0xff,0x19,0xab,0x24,0xff,
    0x19,0xab,0x24,0xff,0x19,0xab,0x24,0xff,0x19,0xab,0x24,0xff,0x19,0xab,0x24,0xff,
    0x19,0xab,0x24,0xff,0x19,0xab,0x24,0xff,0x19,0xab,0x24,0xff,0x19,0xab,0x24,0xff,
    0x19,0xab,0x24,0xff,0x19,0xab,0x24,0xff,0x19,0xab,0x24,0xff,0x19,0xab,0x24,0xff,
    0x19,0xab,0x24,0xff,0x19,0xab,0x24,0xff,0x19,0xab,0x24,0xff,0x19,0xab,0x24,0xff,
    0x19,0xab,0x24,0xff,0x19,0xab,0x24,0xff,0x19,0xab,0x24,0xff,0x19,0xab,0x24,0xff,
    0x19,0xab,0x24,0xff,0x19,0xab,0x24,0xff,0x19,0xab,0x24,0xff,0x19,0xab,0x24,0xff,
    0x19,0xab,0x24,0xff,0x19,0xab,0x24,0xff,0x19,0xab,0x24,0xff,0x19,0xab,0x24,0xff,
    0x19,0xab,0x24,0xff,0x19,0xab,0x24,0xff,0x19,0xab,0x24,0xff,0x19,0xab,0x24,0xff,
    0x19,0xab,0x24,0xff,0x19,0xab,0x24,0xff,0x19,0xab,0x24,0xff,0x19,0xab,0x24,0xff,
    0x19,0xab,0x24,0xff,0x19,0xab,0x24,0xff,0x19,0xab,0x24,0xff,0x19,0xab,0x24,0xff,
    0x19,0xab,0x24,0xff,0x19,0xab,0x24,0xff,0x19,0xab,0x24,0xff,0x19,0xab,0x24,0xff,
    0x19,0xab,0x24,0xff,0x19,0xab,0x24,0xff,0x19,0xab,0x24,0xff,0x19,0xab,0x24,0xff,
    0x19,0xab,0x24,0xff,0x19,0xab,0x24,0xff,0x19,0xab,0x24,0xff,0x19,0xab,0x24,0xff,
    0x19,0xab,0x24,0xff,0x19,0xab,0x24,0xff,0x19,0xab,0x24,0xff,0x19,0xab,0x24,0xff,
    0x19,0xab,0x24,0xff,0x19,0xab,0x24,0xff,0x19,0xab,0x24,0xff,0x19,0xab,0x24,0xff,
    0x19,0xab,0x24,0xff,0x19,0xab,0x24,0xff,0x19,0xab,0x24,0xff,0x19,0xab,0x24,0xff,
    0x19,0xab,0x24,0xff,0x19,0xab,0x24,0xff,0x19,0xab,0x24,0xff,0x19,0xab,0x24,0xff,
    0x19,0xab,0x24,0xff,0x19,0xab,0x24,0xff,0x19,0xab,0x24,0xff,0x19,0xab,0x24,0xff,
    0x19,0xab,0x24,0xff,0x19,0xab,0x24,0xff,0x19,0xab,0x24,0xff,0x19,0xab,0x24,0xff,
    0x19,0xab,0x24,0xff,0x19,0xab,0x24,0xff,0x19,0xab,0x24,0xff,0x19,0xab,0x24,0xff,
    0x19,0xab,0x24,0xff,0x19,0xab,0x24,0xff,0x19,0xab,0x24,0xff,0x19,0xab,0x24,0xff,
    0x19,0xab,0x24,0xff,0x19,0xab,0x24,0xff,0x1a,0xab,0x25,0xff,0x18,0xab,0x23,0xff,
    0x11,0xa8,0x1c,0xff,0x11,0xa7,0x1b,0xfd,0x79,0xcd,0x7f,0xb0,0xd2,0xf0,0xd5,0x44,
    0xff,0xff,0xff,0x08,0x00,0x00,0x00,0x00,0x00,0x00,0x00,0x00,0x00,0x00,0x00,0x00,
    0x00,0x00,0x00,0x00,0x00,0x00,0x00,0x00,0x00,0x00,0x00,0x00,0x00,0x00,0x00,0x00,
    0x00,0x00,0x00,0x00,0x00,0x00,0x00,0x00,0x00,0x00,0x00,0x00,0x00,0x00,0x00,0x00,
    0x00,0x00,0x00,0x00,0x00,0x00,0x00,0x00,0x00,0x00,0x00,0x00,0x00,0x00,0x00,0x00,
    0x00,0x00,0x00,0x00,0x00,0x00,0x00,0x00,0x00,0x00,0x00,0x00,0x00,0x00,0x00,0x00,
    0x00,0x00,0x00,0x00,0x00,0x00,0x00,0x00,0x00,0x00,0x00,0x00,0x00,0x00,0x00,0x00,
    0x00,0x00,0x00,0x00,0x00,0x00,0x00,0x00,0x00,0x00,0x00,0x00,0x00,0x00,0x00,0x00,
    0x00,0x00,0x00,0x00,0x00,0x00,0x00,0x00,0x00,0x00,0x00,0x00,0x00,0x00,0x00,0x00,
    0x00,0x00,0x00,0x00,0x00,0x00,0x00,0x00,0x00,0x00,0x00,0x00,0x00,0x00,0x00,0x00,
    0x00,0x00,0x00,0x00,0x00,0x00,0x00,0x00,0xc5,0xe5,0xcc,0x28,0x85,0xd0,0x8a,0xa4,
    0x1b,0xa9,0x24,0xfb,0x11,0xa8,0x1c,0xff,0x17,0xaa,0x23,0xff,0x1a,0xab,0x25,0xff,
    0x19,0xab,0x24,0xff,0x19,0xab,0x24,0xff,0x19,0xab,0x24,0xff,0x19,0xab,0x24,0xff,
    0x19,0xab,0x24,0xff,0x19,0xab,0x24,0xff,0x19,0xab,0x24,0xff,0x19,0xab,0x24,0xff,
    0x19,0xab,0x24,0xff,0x19,0xab,0x24,0xff,0x19,0xab,0x24,0xff,0x19,0xab,0x24,0xff,
    0x19,0xab,0x24,0xff,0x19,0xab,0x24,0xff,0x19,0xab,0x24,0xff,0x19,0xab,0x24,0xff,
    0x19,0xab,0x24,0xff,0x19,0xab,0x24,0xff,0x19,0xab,0x24,0xff,0x19,0xab,0x24,0xff,
    0x19,0xab,0x24,0xff,0x19,0xab,0x24,0xff,0x19,0xab,0x24,0xff,0x19,0xab,0x24,0xff,
    0x19,0xab,0x24,0xff,0x19,0xab,0x24,0xff,0x19,0xab,0x24,0xff,0x19,0xab,0x24,0xff,
    0x19,0xab,0x24,0xff,0x19,0xab,0x24,0xff,0x19,0xab,0x24,0xff,0x19,0xab,0x24,0xff,
    0x19,0xab,0x24,0xff,0x19,0xab,0x24,0xff,0x19,0xab,0x24,0xff,0x19,0xab,0x24,0xff,
    0x19,0xab,0x24,0xff,0x19,0xab,0x24,0xff,0x19,0xab,0x24,0xff,0x19,0xab,0x24,0xff,
    0x19,0xab,0x24,0xff,0x19,0xab,0x24,0xff,0x19,0xab,0x24,0xff,0x19,0xab,0x24,0xff,
    0x19,0xab,0x24,0xff,0x19,0xab,0x24,0xff,0x19,0xab,0x24,0xff,0x19,0xab,0x24,0xff,
    0x19,0xab,0x24,0xff,0x19,0xab,0x24,0xff,0x19,0xab,0x24,0xff,0x19,0xab,0x24,0xff,
    0x19,0xab,0x24,0xff,0x19,0xab,0x24,0xff,0x19,0xab,0x24,0xff,0x19,0xab,0x24,0xff,
    0x19,0xab,0x24,0xff,0x19,0xab,0x24,0xff,0x19,0xab,0x24,0xff,0x19,0xab,0x24,0xff,
    0x19,0xab,0x24,0xff,0x19,0xab,0x24,0xff,0x19,0xab,0x24,0xff,0x19,0xab,0x24,0xff,
    0x19,0xab,0x24,0xff,0x19,0xab,0x24,0xff,0x19,0xab,0x24,0xff,0x19,0xab,0x24,0xff,
    0x19,0xab,0x24,0xff,0x19,0xab,0x24,0xff,0x19,0xab,0x24,0xff,0x19,0xab,0x24,0xff,
    0x19,0xab,0x24,0xff,0x19,0xab,0x24,0xff,0x19,0xab,0x24,0xff,0x19,0xab,0x24,0xff,
    0x19,0xab,0x24,0xff,0x19,0xab,0x24,0xff,0x19,0xab,0x24,0xff,0x19,0xab,0x24,0xff,
    0x19,0xab,0x24,0xff,0x19,0xab,0x24,0xff,0x19,0xab,0x24,0xff,0x19,0xab,0x24,0xff,
    0x19,0xab,0x24,0xff,0x19,0xab,0x24,0xff,0x19,0xab,0x24,0xff,0x19,0xab,0x24,0xff,
    0x19,0xab,0x24,0xff,0x19,0xab,0x24,0xff,0x19,0xab,0x24,0xff,0x19,0xab,0x24,0xff,
    0x19,0xab,0x24,0xff,0x19,0xab,0x24,0xff,0x19,0xab,0x24,0xff,0x19,0xab,0x24,0xff,
    0x19,0xab,0x24,0xff,0x19,0xab,0x24,0xff,0x19,0xab,0x24,0xff,0x19,0xab,0x24,0xff,
    0x19,0xab,0x24,0xff,0x19,0xab,0x24,0xff,0x19,0xab,0x24,0xff,0x19,0xab,0x24,0xff,
    0x19,0xab,0x24,0xff,0x19,0xab,0x24,0xff,0x19,0xab,0x24,0xff,0x19,0xab,0x24,0xff,
    0x19,0xab,0x24,0xff,0x19,0xab,0x24,0xff,0x19,0xab,0x24,0xff,0x19,0xab,0x24,0xff,
    0x17,0xab,0x23,0xff,0x0c,0xa7,0x17,0xff,0x2b,0xaf,0x35,0xf6,0x89,0xd2,0x8e,0x8f,
    0xff,0xff,0xff,0x23,0x00,0x00,0x00,0x00,0x00,0x00,0x00,0x00,0x00,0x00,0x00,0x00,
    0x00,0x00,0x00,0x00,0x00,0x00,0x00,0x00,0x00,0x00,0x00,0x00,0x00,0x00,0x00,0x00,
    0x00,0x00,0x00,0x00,0x00,0x00,0x00,0x00,0x00,0x00,0x00,0x00,0x00,0x00,0x00,0x00,
    0x00,0x00,0x00,0x00,0x00,0x00,0x00,0x00,0x00,0x00,0x00,0x00,0x00,0x00,0x00,0x00,
    0x00,0x00,0x00,0x00,0x00,0x00,0x00,0x00,0x00,0x00,0x00,0x00,0x00,0x00,0x00,0x00,
    0x00,0x00,0x00,0x00,0x00,0x00,0x00,0x00,0x00,0x00,0x00,0x00,0x00,0x00,0x00,0x00,
    0x00,0x00,0x00,0x00,0x00,0x00,0x00,0x00,0x00,0x00,0x00,0x00,0x00,0x00,0x00,0x00,
    0x00,0x00,0x00,0x00,0x00,0x00,0x00,0x00,0x00,0x00,0x00,0x00,0x00,0x00,0x00,0x00,
    0x00,0x00,0x00,0x00,0x00,0x00,0x00,0x00,0x00,0x00,0x00,0x00,0x00,0x00,0x00,0x00,
    0x00,0x00,0x00,0x00,0xff,0xff,0xff,0x10,0x8a,0xd1,0x8f,0x70,0x3d,0xb8,0x45,0xee,
    0x09,0xa6,0x14,0xff,0x17,0xab,0x23,0xff,0x19,0xab,0x25,0xff,0x1a,0xab,0x24,0xff,
    0x19,0xab,0x24,0xff,0x19,0xab,0x24,0xff,0x19,0xab,0x24,0xff,0x19,0xab,0x24,0xff,
    0x19,0xab,0x24,0xff,0x19,0xab,0x24,0xff,0x19,0xab,0x24,0xff,0x19,0xab,0x24,0xff,
    0x19,0xab,0x24,0xff,0x19,0xab,0x24,0xff,0x19,0xab,0x24,0xff,0x19,0xab,0x24,0xff,
    0x19,0xab,0x24,0xff,0x19,0xab,0x24,0xff,0x19,0xab,0x24,0xff,0x19,0xab,0x24,0xff,
    0x19,0xab,0x24,0xff,0x19,0xab,0x24,0xff,0x19,0xab,0x24,0xff,0x19,0xab,0x24,0xff,
    0x19,0xab,0x24,0xff,0x19,0xab,0x24,0xff,0x19,0xab,0x24,0xff,0x19,0xab,0x24,0xff,
    0x19,0xab,0x24,0xff,0x19,0xab,0x24,0xff,0x19,0xab,0x24,0xff,0x19,0xab,0x24,0xff,
    0x19,0xab,0x24,0xff,0x19,0xab,0x24,0xff,0x19,0xab,0x24,0xff,0x19,0xab,0x24,0xff,
    0x19,0xab,0x24,0xff,0x19,0xab,0x24,0xff,0x19,0xab,0x24,0xff,0x19,0xab,0x24,0xff,
    0x19,0xab,0x24,0xff,0x19,0xab,0x24,0xff,0x19,0xab,0x24,0xff,0x19,0xab,0x24,0xff,
    0x19,0xab,0x24,0xff,0x19,0xab,0x24,0xff,0x19,0xab,0x24,0xff,0x19,0xab,0x24,0xff,
    0x19,0xab,0x24,0xff,0x19,0xab,0x24,0xff,0x19,0xab,0x24,0xff,0x19,0xab,0x24,0xff,
    0x19,0xab,0x24,0xff,0x19,0xab,0x24,0xff,0x19,0xab,0x24,0xff,0x19,0xab,0x24,0xff,
    0x19,0xab,0x24,0xff,0x19,0xab,0x24,0xff,0x19,0xab,0x24,0xff,0x19,0xab,0x24,0xff,
    0x19,0xab,0x24,0xff,0x19,0xab,0x24,0xff,0x19,0xab,0x24,0xff,0x19,0xab,0x24,0xff,
    0x19,0xab,0x24,0xff,0x19,0xab,0x24,0xff,0x19,0xab,0x24,0xff,0x19,0xab,0x24,0xff,
    0x19,0xab,0x24,0xff,0x19,0xab,0x24,0xff,0x19,0xab,0x24,0xff,0x19,0xab,0x24,0xff,
    0x19,0xab,0x24,0xff,0x19,0xab,0x24,0xff,0x19,0xab,0x24,0xff,0x19,0xab,0x24,0xff,
    0x19,0xab,0x24,0xff,0x19,0xab,0x24,0xff,0x19,0xab,0x24,0xff,0x19,0xab,0x24,0xff,
    0x19,0xab,0x24,0xff,0x19,0xab,0x24,0xff,0x19,0xab,0x24,0xff,0x19,0xab,0x24,0xff,
    0x19,0xab,0x24,0xff,0x19,0xab,0x24,0xff,0x19,0xab,0x24,0xff,0x19,0xab,0x24,0xff,
    0x19,0xab,0x24,0xff,0x19,0xab,0x24,0xff,0x19,0xab,0x24,0xff,0x19,0xab,0x24,0xff,
    0x19,0xab,0x24,0xff,0x19,0xab,0x24,0xff,0x19,0xab,0x24,0xff,0x19,0xab,0x24,0xff,
    0x19,0xab,0x24,0xff,0x19,0xab,0x24,0xff,0x19,0xab,0x24,0xff,0x19,0xab,0x24,0xff,
    0x19,0xab,0x24,0xff,0x19,0xab,0x24,0xff,0x19,0xab,0x24,0xff,0x19,0xab,0x24,0xff,
    0x19,0xab,0x24,0xff,0x19,0xab,0x24,0xff,0x19,0xab,0x24,0xff,0x19,0xab,0x24,0xff,
    0x19,0xab,0x24,0xff,0x19,0xab,0x24,0xff,0x19,0xab,0x24,0xff,0x19,0xab,0x24,0xff,
    0x19,0xab,0x24,0xff,0x19,0xab,0x24,0xff,0x19,0xab,0x24,0xff,0x19,0xab,0x24,0xff,
    0x19,0xab,0x24,0xff,0x16,0xaa,0x21,0xff,0x0f,0xab,0x1c,0xff,0x4d,0xbc,0x56,0xd8,
    0x9a,0xda,0x9f,0x68,0xff,0xff,0xff,0x0a,0x00,0x00,0x00,0x00,0x00,0x00,0x00,0x00,
    0x00,0x00,0x00,0x00,0x00,0x00,0x00,0x00,0x00,0x00,0x00,0x00,0x00,0x00,0x00,0x00,
    0x00,0x00,0x00,0x00,0x00,0x00,0x00,0x00,0x00,0x00,0x00,0x00,0x00,0x00,0x00,0x00,
    0x00,0x00,0x00,0x00,0x00,0x00,0x00,0x00,0x00,0x00,0x00,0x00,0x00,0x00,0x00,0x00,
    0x00,0x00,0x00,0x00,0x00,0x00,0x00,0x00,0x00,0x00,0x00,0x00,0x00,0x00,0x00,0x00,
    0x00,0x00,0x00,0x00,0x00,0x00,0x00,0x00,0x00,0x00,0x00,0x00,0x00,0x00,0x00,0x00,
    0x00,0x00,0x00,0x00,0x00,0x00,0x00,0x00,0x00,0x00,0x00,0x00,0x00,0x00,0x00,0x00,
    0x00,0x00,0x00,0x00,0x00,0x00,0x00,0x00,0x00,0x00,0x00,0x00,0x00,0x00,0x00,0x00,
    0x00,0x00,0x00,0x00,0x00,0x00,0x00,0x00,0x00,0x00,0x00,0x00,0x00,0x00,0x00,0x00,
    0xff,0xff,0xff,0x05,0xb7,0xe6,0xba,0x52,0x5b,0xc2,0x63,0xc5,0x15,0xb1,0x20,0xff,
    0x15,0xaa,0x20,0xff,0x19,0xab,0x24,0xff,0x19,0xab,0x24,0xff,0x19,0xab,0x24,0xff,
    0x19,0xab,0x24,0xff,0x19,0xab,0x24,0xff,0x19,0xab,0x24,0xff,0x19,0xab,0x24,0xff,
    0x19,0xab,0x24,0xff,0x19,0xab,0x24,0xff,0x19,0xab,0x24,0xff,0x19,0xab,0x24,0xff,
    0x19,0xab,0x24,0xff,0x19,0xab,0x24,0xff,0x19,0xab,0x24,0xff,0x19,0xab,0x24,0xff,
    0x19,0xab,0x24,0xff,0x19,0xab,0x24,0xff,0x19,0xab,0x24,0xff,0x19,0xab,0x24,0xff,
    0x19,0xab,0x24,0xff,0x19,0xab,0x24,0xff,0x19,0xab,0x24,0xff,0x19,0xab,0x24,0xff,
    0x19,0xab,0x24,0xff,0x19,0xab,0x24,0xff,0x19,0xab,0x24,0xff,0x19,0xab,0x24,0xff,
    0x19,0xab,0x24,0xff,0x19,0xab,0x24,0xff,0x19,0xab,0x24,0xff,0x19,0xab,0x24,0xff,
    0x19,0xab,0x24,0xff,0x19,0xab,0x24,0xff,0x19,0xab,0x24,0xff,0x19,0xab,0x24,0xff,
    0x19,0xab,0x24,0xff,0x19,0xab,0x24,0xff,0x19,0xab,0x24,0xff,0x19,0xab,0x24,0xff,
    0x19,0xab,0x24,0xff,0x19,0xab,0x24,0xff,0x19,0xab,0x24,0xff,0x19,0xab,0x24,0xff,
    0x19,0xab,0x24,0xff,0x19,0xab,0x24,0xff,0x19,0xab,0x24,0xff,0x19,0xab,0x24,0xff,
    0x19,0xab,0x24,0xff,0x19,0xab,0x24,0xff,0x19,0xab,0x24,0xff,0x19,0xab,0x24,0xff,
    0x19,0xab,0x24,0xff,0x19,0xab,0x24,0xff,0x19,0xab,0x24,0xff,0x19,0xab,0x24,0xff,
    0x19,0xab,0x24,0xff,0x19,0xab,0x24,0xff,0x19,0xab,0x24,0xff,0x19,0xab,0x24,0xff,
    0x19,0xab,0x24,0xff,0x19,0xab,0x24,0xff,0x19,0xab,0x24,0xff,0x19,0xab,0x24,0xff,
    0x19,0xab,0x24,0xff,0x19,0xab,0x24,0xff,0x19,0xab,0x24,0xff,0x19,0xab,0x24,0xff,
    0x19,0xab,0x24,0xff,0x19,0xab,0x24,0xff,0x19,0xab,0x24,0xff,0x19,0xab,0x24,0xff,
    0x19,0xab,0x24,0xff,0x19,0xab,0x24,0xff,0x19,0xab,0x24,0xff,0x19,0xab,0x24,0xff,
    0x19,0xab,0x24,0xff,0x19,0xab,0x24,0xff,0x19,0xab,0x24,0xff,0x19,0xab,0x24,0xff,
    0x19,0xab,0x24,0xff,0x19,0xab,0x24,0xff,0x19,0xab,0x24,0xff,0x19,0xab,0x24,0xff,
    0x19,0xab,0x24,0xff,0x19,0xab,0x24,0xff,0x19,0xab,0x24,0xff,0x19,0xab,0x24,0xff,
    0x19,0xab,0x24,0xff,0x19,0xab,0x24,0xff,0x19,0xab,0x24,0xff,0x19,0xab,0x24,0xff,
    0x19,0xab,0x24,0xff,0x19,0xab,0x24,0xff,0x19,0xab,0x24,0xff,0x19,0xab,0x24,0xff,
    0x19,0xab,0x24,0xff,0x19,0xab,0x24,0xff,0x19,0xab,0x24,0xff,0x19,0xab,0x24,0xff,
    0x19,0xab,0x24,0xff,0x19,0xab,0x24,0xff,0x19,0xab,0x24,0xff,0x19,0xab,0x24,0xff,
    0x19,0xab,0x24,0xff,0x19,0xab,0x24,0xff,0x19,0xab,0x24,0xff,0x19,0xab,0x24,0xff,
    0x19,0xab,0x24,0xff,0x19,0xab,0x24,0xff,0x19,0xab,0x24,0xff,0x19,0xab,0x24,0xff,
    0x19,0xab,0x24,0xff,0x19,0xab,0x24,0xff,0x19,0xab,0x24,0xff,0x19,0xab,0x24,0xff,
    0x19,0xab,0x24,0xff,0x1a,0xab,0x25,0xff,0x11,0xa9,0x1d,0xff,0x24,0xb0,0x2f,0xff,
    0x5f,0xc4,0x67,0xb8,0xd4,0xed,0xd8,0x48,0xff,0xff,0xff,0x04,0x00,0x00,0x00,0x00,
    0x00,0x00,0x00,0x00,0x00,0x00,0x00,0x00,0x00,0x00,0x00,0x00,0x00,0x00,0x00,0x00,
    0x00,0x00,0x00,0x00,0x00,0x00,0x00,0x00,0x00,0x00,0x00,0x00,0x00,0x00,0x00,0x00,
    0x00,0x00,0x00,0x00,0x00,0x00,0x00,0x00,0x00,0x00,0x00,0x00,0x00,0x00,0x00,0x00,
    0x00,0x00,0x00,0x00,0x00,0x00,0x00,0x00,0x00,0x00,0x00,0x00,0x00,0x00,0x00,0x00,
    0x00,0x00,0x00,0x00,0x00,0x00,0x00,0x00,0x00,0x00,0x00,0x00,0x00,0x00,0x00,0x00,
    0x00,0x00,0x00,0x00,0x00,0x00,0x00,0x00,0x00,0x00,0x00,0x00,0x00,0x00,0x00,0x00,
    0x00,0x00,0x00,0x00,0x00,0x00,0x00,0x00,0x00,0x00,0x00,0x00,0x00,0x00,0x00,0x00,
    0x00,0x00,0x00,0x00,0x00,0x00,0x00,0x00,0x00,0x00,0x00,0x00,0x00,0x00,0x00,0x00,
    0xff,0xff,0xff,0x30,0x6d,0xca,0x77,0xa5,0x2c,0xb2,0x38,0xfc,0x11,0xaa,0x1d,0xff,
    0x19,0xab,0x24,0xff,0x19,0xab,0x24,0xff,0x19,0xab,0x24,0xff,0x19,0xab,0x24,0xff,
    0x19,0xab,0x24,0xff,0x19,0xab,0x24,0xff,0x19,0xab,0x24,0xff,0x19,0xab,0x24,0xff,
    0x19,0xab,0x24,0xff,0x19,0xab,0x24,0xff,0x19,0xab,0x24,0xff,0x19,0xab,0x24,0xff,
    0x19,0xab,0x24,0xff,0x19,0xab,0x24,0xff,0x19,0xab,0x24,0xff,0x19,0xab,0x24,0xff,
    0x19,0xab,0x24,0xff,0x19,0xab,0x24,0xff,0x19,0xab,0x24,0xff,0x19,0xab,0x24,0xff,
    0x19,0xab,0x24,0xff,0x19,0xab,0x24,0xff,0x19,0xab,0x24,0xff,0x19,0xab,0x24,0xff,
    0x19,0xab,0x24,0xff,0x19,0xab,0x24,0xff,0x19,0xab,0x24,0xff,0x19,0xab,0x24,0xff,
    0x19,0xab,0x24,0xff,0x19,0xab,0x24,0xff,0x19,0xab,0x24,0xff,0x19,0xab,0x24,0xff,
    0x19,0xab,0x24,0xff,0x19,0xab,0x24,0xff,0x19,0xab,0x24,0xff,0x19,0xab,0x24,0xff,
    0x19,0xab,0x24,0xff,0x19,0xab,0x24,0xff,0x19,0xab,0x24,0xff,0x19,0xab,0x24,0xff,
    0x19,0xab,0x24,0xff,0x19,0xab,0x24,0xff,0x19,0xab,0x24,0xff,0x19,0xab,0x24,0xff,
    0x19,0xab,0x24,0xff,0x19,0xab,0x24,0xff,0x19,0xab,0x24,0xff,0x19,0xab,0x24,0xff,
    0x19,0xab,0x24,0xff,0x19,0xab,0x24,0xff,0x19,0xab,0x24,0xff,0x19,0xab,0x24,0xff,
    0x19,0xab,0x24,0xff,0x19,0xab,0x24,0xff,0x19,0xab,0x24,0xff,0x19,0xab,0x24,0xff,
    0x19,0xab,0x24,0xff,0x19,0xab,0x24,0xff,0x19,0xab,0x24,0xff,0x19,0xab,0x24,0xff,
    0x19,0xab,0x24,0xff,0x19,0xab,0x24,0xff,0x19,0xab,0x24,0xff,0x19,0xab,0x24,0xff,
    0x19,0xab,0x24,0xff,0x19,0xab,0x24,0xff,0x19,0xab,0x24,0xff,0x19,0xab,0x24,0xff,
    0x19,0xab,0x24,0xff,0x19,0xab,0x24,0xff,0x19,0xab,0x24,0xff,0x19,0xab,0x24,0xff,
    0x19,0xab,0x24,0xff,0x19,0xab,0x24,0xff,0x19,0xab,0x24,0xff,0x19,0xab,0x24,0xff,
    0x19,0xab,0x24,0xff,0x19,0xab,0x24,0xff,0x19,0xab,0x24,0xff,0x19,0xab,0x24,0xff,
    0x19,0xab,0x24,0xff,0x19,0xab,0x24,0xff,0x19,0xab,0x24,0xff,0x19,0xab,0x24,0xff,
    0x19,0xab,0x24,0xff,0x19,0xab,0x24,0xff,0x19,0xab,0x24,0xff,0x19,0xab,0x24,0xff,
    0x19,0xab,0x24,0xff,0x19,0xab,0x24,0xff,0x19,0xab,0x24,0xff,0x19,0xab,0x24,0xff,
    0x19,0xab,0x24,0xff,0x19,0xab,0x24,0xff,0x19,0xab,0x24,0xff,0x19,0xab,0x24,0xff,
    0x19,0xab,0x24,0xff,0x19,0xab,0x24,0xff,0x19,0xab,0x24,0xff,0x19,0xab,0x24,0xff,
    0x19,0xab,0x24,0xff,0x19,0xab,0x24,0xff,0x19,0xab,0x24,0xff,0x19,0xab,0x24,0xff,
    0x19,0xab,0x24,0xff,0x19,0xab,0x24,0xff,0x19,0xab,0x24,0xff,0x19,0xab,0x24,0xff,
    0x19,0xab,0x24,0xff,0x19,0xab,0x24,0xff,0x19,0xab,0x24,0xff,0x19,0xab,0x24,0xff,
    0x19,0xab,0x24,0xff,0x19,0xab,0x24,0xff,0x19,0xab,0x24,0xff,0x19,0xab,0x24,0xff,
    0x19,0xab,0x24,0xff,0x19,0xab,0x24,0xff,0x19,0xab,0x24,0xff,0x0f,0xab,0x1b,0xff,
    0x36,0xb5,0x40,0xef,0x82,0xd1,0x87,0x98,0xff,0xff,0xff,0x23,0x00,0x00,0x00,0x00,
    0x00,0x00,0x00,0x00,0x00,0x00,0x00,0x00,0x00,0x00,0x00,0x00,0x00,0x00,0x00,0x00,
    0x00,0x00,0x00,0x00,0x00,0x00,0x00,0x00,0x00,0x00,0x00,0x00,0x00,0x00,0x00,0x00,
    0x00,0x00,0x00,0x00,0x00,0x00,0x00,0x00,0x00,0x00,0x00,0x00,0x00,0x00,0x00,0x00,
    0x00,0x00,0x00,0x00,0x00,0x00,0x00,0x00,0x00,0x00,0x00,0x00,0x00,0x00,0x00,0x00,
    0x00,0x00,0x00,0x00,0x00,0x00,0x00,0x00,0x00,0x00,0x00,0x00,0x00,0x00,0x00,0x00,
    0x00,0x00,0x00,0x00,0x00,0x00,0x00,0x00,0x00,0x00,0x00,0x00,0x00,0x00,0x00,0x00,
    0x00,0x00,0x00,0x00,0x00,0x00,0x00,0x00,0x00,0x00,0x00,0x00,0x00,0x00,0x00,0x00,
    0x00,0x00,0x00,0x00,0x00,0x00,0x00,0x00,0x00,0x00,0x00,0x00,0x00,0x00,0x00,0x00,
    0x97,0xd6,0x99,0x71,0x40,0xb8,0x49,0xe1,0x0e,0xab,0x1a,0xff,0x19,0xab,0x24,0xff,
    0x19,0xab,0x24,0xff,0x19,0xab,0x24,0xff,0x19,0xab,0x24,0xff,0x19,0xab,0x24,0xff,
    0x19,0xab,0x24,0xff,0x19,0xab,0x24,0xff,0x19,0xab,0x24,0xff,0x19,0xab,0x24,0xff,
    0x19,0xab,0x24,0xff,0x19,0xab,0x24,0xff,0x19,0xab,0x24,0xff,0x19,0xab,0x24,0xff,
    0x19,0xab,0x24,0xff,0x19,0xab,0x24,0xff,0x19,0xab,0x24,0xff,0x19,0xab,0x24,0xff,
    0x19,0xab,0x24,0xff,0x19,0xab,0x24,0xff,0x19,0xab,0x24,0xff,0x19,0xab,0x24,0xff,
    0x19,0xab,0x24,0xff,0x19,0xab,0x24,0xff,0x19,0xab,0x24,0xff,0x19,0xab,0x24,0xff,
    0x19,0xab,0x24,0xff,0x19,0xab,0x24,0xff,0x19,0xab,0x24,0xff,0x19,0xab,0x24,0xff,
    0x19,0xab,0x24,0xff,0x19,0xab,0x24,0xff,0x19,0xab,0x24,0xff,0x19,0xab,0x24,0xff,
    0x19,0xab,0x24,0xff,0x19,0xab,0x24,0xff,0x19,0xab,0x24,0xff,0x19,0xab,0x24,0xff,
    0x19,0xab,0x24,0xff,0x19,0xab,0x24,0xff,0x19,0xab,0x24,0xff,0x19,0xab,0x24,0xff,
    0x19,0xab,0x24,0xff,0x19,0xab,0x24,0xff,0x19,0xab,0x24,0xff,0x19,0xab,0x24,0xff,
    0x19,0xab,0x24,0xff,0x19,0xab,0x24,0xff,0x19,0xab,0x24,0xff,0x19,0xab,0x24,0xff,
    0x19,0xab,0x24,0xff,0x19,0xab,0x24,0xff,0x19,0xab,0x24,0xff,0x19,0xab,0x24,0xff,
    0x19,0xab,0x24,0xff,0x19,0xab,0x24,0xff,0x19,0xab,0x24,0xff,0x19,0xab,0x24,0xff,
    0x19,0xab,0x24,0xff,0x19,0xab,0x24,0xff,0x19,0xab,0x24,0xff,0x19,0xab,0x24,0xff,
    0x19,0xab,0x24,0xff,0x19,0xab,0x24,0xff,0x19,0xab,0x24,0xff,0x19,0xab,0x24,0xff,
    0x19,0xab,0x24,0xff,0x19,0xab,0x24,0xff,0x19,0xab,0x24,0xff,0x19,0xab,0x24,0xff,
    0x19,0xab,0x24,0xff,0x19,0xab,0x24,0xff,0x19,0xab,0x24,0xff,0x19,0xab,0x24,0xff,
    0x19,0xab,0x24,0xff,0x19,0xab,0x24,0xff,0x19,0xab,0x24,0xff,0x19,0xab,0x24,0xff,
    0x19,0xab,0x24,0xff,0x19,0xab,0x24,0xff,0x19,0xab,0x24,0xff,0x19,0xab,0x24,0xff,
    0x19,0xab,0x24,0xff,0x19,0xab,0x24,0xff,0x19,0xab,0x24,0xff,0x19,0xab,0x24,0xff,
    0x19,0xab,0x24,0xff,0x19,0xab,0x24,0xff,0x19,0xab,0x24,0xff,0x19,0xab,0x24,0xff,
    0x19,0xab,0x24,0xff,0x19,0xab,0x24,0xff,0x19,0xab,0x24,0xff,0x19,0xab,0x24,0xff,
    0x19,0xab,0x24,0xff,0x19,0xab,0x24,0xff,0x19,0xab,0x24,0xff,0x19,0xab,0x24,0xff,
    0x19,0xab,0x24,0xff,0x19,0xab,0x24,0xff,0x19,0xab,0x24,0xff,0x19,0xab,0x24,0xff,
    0x19,0xab,0x24,0xff,0x19,0xab,0x24,0xff,0x19,0xab,0x24,0xff,0x19,0xab,0x24,0xff,
    0x19,0xab,0x24,0xff,0x19,0xab,0x24,0xff,0x19,0xab,0x24,0xff,0x19,0xab,0x24,0xff,
    0x19,0xab,0x24,0xff,0x19,0xab,0x24,0xff,0x19,0xab,0x24,0xff,0x19,0xab,0x24,0xff,
    0x19,0xab,0x24,0xff,0x19,0xab,0x24,0xff,0x19,0xab,0x24,0xff,0x19,0xab,0x24,0xff,
    0x19,0xab,0x24,0xff,0x19,0xab,0x24,0xff,0x19,0xab,0x24,0xff,0x16,0xaa,0x22,0xff,
    0x19,0xb1,0x25,0xff,0x3f,0xb8,0x48,0xd8,0xd1,0xeb,0xd1,0x5a,0xff,0x7f,0xff,0x02,
    0x00,0x00,0x00,0x00,0x00,0x00,0x00,0x00,0x00,0x00,0x00,0x00,0x00,0x00,0x00,0x00,
    0x00,0x00,0x00,0x00,0x00,0x00,0x00,0x00,0x00,0x00,0x00,0x00,0x00,0x00,0x00,0x00,
    0x00,0x00,0x00,0x00,0x00,0x00,0x00,0x00,0x00,0x00,0x00,0x00,0x00,0x00,0x00,0x00,
    0x00,0x00,0x00,0x00,0x00,0x00,0x00,0x00,0x00,0x00,0x00,0x00,0x00,0x00,0x00,0x00,
    0x00,0x00,0x00,0x00,0x00,0x00,0x00,0x00,0x00,0x00,0x00,0x00,0x00,0x00,0x00,0x00,
    0x00,0x00,0x00,0x00,0x00,0x00,0x00,0x00,0x00,0x00,0x00,0x00,0x00,0x00,0x00,0x00,
    0x00,0x00,0x00,0x00,0x00,0x00,0x00,0x00,0x00,0x00,0x00,0x00,0x00,0x00,0x00,0x00,
    0x00,0x00,0x00,0x00,0x00,0x00,0x00,0x00,0xff,0xff,0xff,0x05,0xff,0xff,0xff,0x40,
    0x4f,0xbd,0x59,0xc7,0x21,0xb2,0x2d,0xff,0x14,0xaa,0x20,0xff,0x19,0xab,0x24,0xff,
    0x19,0xab,0x24,0xff,0x19,0xab,0x24,0xff,0x19,0xab,0x24,0xff,0x19,0xab,0x24,0xff,
    0x19,0xab,0x24,0xff,0x19,0xab,0x24,0xff,0x19,0xab,0x24,0xff,0x19,0xab,0x24,0xff,
    0x19,0xab,0x24,0xff,0x19,0xab,0x24,0xff,0x19,0xab,0x24,0xff,0x19,0xab,0x24,0xff,
    0x19,0xab,0x24,0xff,0x19,0xab,0x24,0xff,0x19,0xab,0x24,0xff,0x19,0xab,0x24,0xff,
    0x19,0xab,0x24,0xff,0x19,0xab,0x24,0xff,0x19,0xab,0x24,0xff,0x19,0xab,0x24,0xff,
    0x19,0xab,0x24,0xff,0x19,0xab,0x24,0xff,0x19,0xab,0x24,0xff,0x19,0xab,0x24,0xff,
    0x19,0xab,0x24,0xff,0x19,0xab,0x24,0xff,0x19,0xab,0x24,0xff,0x19,0xab,0x24,0xff,
    0x19,0xab,0x24,0xff,0x19,0xab,0x24,0xff,0x19,0xab,0x24,0xff,0x19,0xab,0x24,0xff,
    0x19,0xab,0x24,0xff,0x19,0xab,0x24,0xff,0x19,0xab,0x24,0xff,0x19,0xab,0x24,0xff,
    0x19,0xab,0x24,0xff,0x19,0xab,0x24,0xff,0x19,0xab,0x24,0xff,0x19,0xab,0x24,0xff,
    0x19,0xab,0x24,0xff,0x19,0xab,0x24,0xff,0x19,0xab,0x24,0xff,0x19,0xab,0x24,0xff,
    0x19,0xab,0x24,0xff,0x19,0xab,0x24,0xff,0x19,0xab,0x24,0xff,0x19,0xab,0x24,0xff,
    0x19,0xab,0x24,0xff,0x19,0xab,0x24,0xff,0x19,0xab,0x24,0xff,0x19,0xab,0x24,0xff,
    0x19,0xab,0x24,0xff,0x19,0xab,0x24,0xff,0x19,0xab,0x24,0xff,0x19,0xab,0x24,0xff,
    0x19,0xab,0x24,0xff,0x19,0xab,0x24,0xff,0x19,0xab,0x24,0xff,0x19,0xab,0x24,0xff,
    0x19,0xab,0x24,0xff,0x19,0xab,0x24,0xff,0x19,0xab,0x24,0xff,0x19,0xab,0x24,0xff,
    0x19,0xab,0x24,0xff,0x19,0xab,0x24,0xff,0x19,0xab,0x24,0xff,0x19,0xab,0x24,0xff,
    0x19,0xab,0x24,0xff,0x19,0xab,0x24,0xff,0x19,0xab,0x24,0xff,0x19,0xab,0x24,0xff,
    0x19,0xab,0x24,0xff,0x19,0xab,0x24,0xff,0x19,0xab,0x24,0xff,0x19,0xab,0x24,0xff,
    0x19,0xab,0x24,0xff,0x19,0xab,0x24,0xff,0x19,0xab,0x24,0xff,0x19,0xab,0x24,0xff,
    0x19,0xab,0x24,0xff,0x19,0xab,0x24,0xff,0x19,0xab,0x24,0xff,0x19,0xab,0x24,0xff,
    0x19,0xab,0x24,0xff,0x19,0xab,0x24,0xff,0x19,0xab,0x24,0xff,0x19,0xab,0x24,0xff,
    0x19,0xab,0x24,0xff,0x19,0xab,0x24,0xff,0x19,0xab,0x24,0xff,0x19,0xab,0x24,0xff,
    0x19,0xab,0x24,0xff,0x19,0xab,0x24,0xff,0x19,0xab,0x24,0xff,0x19,0xab,0x24,0xff,
    0x19,0xab,0x24,0xff,0x19,0xab,0x24,0xff,0x19,0xab,0x24,0xff,0x19,0xab,0x24,0xff,
    0x19,0xab,0x24,0xff,0x19,0xab,0x24,0xff,0x19,0xab,0x24,0xff,0x19,0xab,0x24,0xff,
    0x19,0xab,0x24,0xff,0x19,0xab,0x24,0xff,0x19,0xab,0x24,0xff,0x19,0xab,0x24,0xff,
    0x19,0xab,0x24,0xff,0x19,0xab,0x24,0xff,0x19,0xab,0x24,0xff,0x19,0xab,0x24,0xff,
    0x19,0xab,0x24,0xff,0x19,0xab,0x24,0xff,0x19,0xab,0x24,0xff,0x19,0xab,0x24,0xff,
    0x19,0xab,0x24,0xff,0x19,0xab,0x24,0xff,0x19,0xab,0x24,0xff,0x19,0xab,0x24,0xff,
    0x12,0xa9,0x1d,0xff,0x26,0xae,0x30,0xfb,0x62,0xc4,0x6a,0xbd,0xff,0xf8,0xff,0x26,
    0xff,0xff,0xff,0x02,0x00,0x00,0x00,0x00,0x00,0x00,0x00,0x00,0x00,0x00,0x00,0x00,
    0x00,0x00,0x00,0x00,0x00,0x00,0x00,0x00,0x00,0x00,0x00,0x00,0x00,0x00,0x00,0x00,
    0x00,0x00,0x00,0x00,0x00,0x00,0x00,0x00,0x00,0x00,0x00,0x00,0x00,0x00,0x00,0x00,
    0x00,0x00,0x00,0x00,0x00,0x00,0x00,0x00,0x00,0x00,0x00,0x00,0x00,0x00,0x00,0x00,
    0x00,0x00,0x00,0x00,0x00,0x00,0x00,0x00,0x00,0x00,0x00,0x00,0x00,0x00,0x00,0x00,
    0x00,0x00,0x00,0x00,0x00,0x00,0x00,0x00,0x00,0x00,0x00,0x00,0x00,0x00,0x00,0x00,
    0x00,0x00,0x00,0x00,0x00,0x00,0x00,0x00,0x00,0x00,0x00,0x00,0x00,0x00,0x00,0x00,
    0x00,0x00,0x00,0x00,0xff,0xff,0xff,0x01,0xff,0xff,0xff,0x13,0x80,0xcf,0x86,0x9d,
    0x2d,0xb2,0x38,0xf1,0x12,0xab,0x1d,0xff,0x18,0xaa,0x24,0xff,0x19,0xab,0x24,0xff,
    0x19,0xab,0x24,0xff,0x19,0xab,0x24,0xff,0x19,0xab,0x24,0xff,0x19,0xab,0x24,0xff,
    0x19,0xab,0x24,0xff,0x19,0xab,0x24,0xff,0x19,0xab,0x24,0xff,0x19,0xab,0x24,0xff,
    0x19,0xab,0x24,0xff,0x19,0xab,0x24,0xff,0x19,0xab,0x24,0xff,0x19,0xab,0x24,0xff,
    0x19,0xab,0x24,0xff,0x19,0xab,0x24,0xff,0x19,0xab,0x24,0xff,0x19,0xab,0x24,0xff,
    0x19,0xab,0x24,0xff,0x19,0xab,0x24,0xff,0x19,0xab,0x24,0xff,0x19,0xab,0x24,0xff,
    0x19,0xab,0x24,0xff,0x19,0xab,0x24,0xff,0x19,0xab,0x24,0xff,0x19,0xab,0x24,0xff,
    0x19,0xab,0x24,0xff,0x19,0xab,0x24,0xff,0x19,0xab,0x24,0xff,0x19,0xab,0x24,0xff,
    0x19,0xab,0x24,0xff,0x19,0xab,0x24,0xff,0x19,0xab,0x24,0xff,0x19,0xab,0x24,0xff,
    0x19,0xab,0x24,0xff,0x19,0xab,0x24,0xff,0x19,0xab,0x24,0xff,0x19,0xab,0x24,0xff,
    0x19,0xab,0x24,0xff,0x19,0xab,0x24,0xff,0x19,0xab,0x24,0xff,0x19,0xab,0x24,0xff,
    0x19,0xab,0x24,0xff,0x19,0xab,0x24,0xff,0x19,0xab,0x24,0xff,0x19,0xab,0x24,0xff,
    0x19,0xab,0x24,0xff,0x19,0xab,0x24,0xff,0x19,0xab,0x24,0xff,0x19,0xab,0x24,0xff,
    0x19,0xab,0x24,0xff,0x19,0xab,0x24,0xff,0x19,0xab,0x24,0xff,0x19,0xab,0x24,0xff,
    0x19,0xab,0x24,0xff,0x19,0xab,0x24,0xff,0x19,0xab,0x24,0xff,0x19,0xab,0x24,0xff,
    0x19,0xab,0x24,0xff,0x19,0xab,0x24,0xff,0x19,0xab,0x24,0xff,0x19,0xab,0x24,0xff,
    0x19,0xab,0x24,0xff,0x19,0xab,0x24,0xff,0x19,0xab,0x24,0xff,0x19,0xab,0x24,0xff,
    0x19,0xab,0x24,0xff,0x19,0xab,0x24,0xff,0x19,0xab,0x24,0xff,0x19,0xab,0x24,0xff,
    0x19,0xab,0x24,0xff,0x19,0xab,0x24,0xff,0x19,0xab,0x24,0xff,0x19,0xab,0x24,0xff,
    0x19,0xab,0x24,0xff,0x19,0xab,0x24,0xff,0x19,0xab,0x24,0xff,0x19,0xab,0x24,0xff,
    0x19,0xab,0x24,0xff,0x19,0xab,0x24,0xff,0x19,0xab,0x24,0xff,0x19,0xab,0x24,0xff,
    0x19,0xab,0x24,0xff,0x19,0xab,0x24,0xff,0x19,0xab,0x24,0xff,0x19,0xab,0x24,0xff,
    0x19,0xab,0x24,0xff,0x19,0xab,0x24,0xff,0x19,0xab,0x24,0xff,0x19,0xab,0x24,0xff,
    0x19,0xab,0x24,0xff,0x19,0xab,0x24,0xff,0x19,0xab,0x24,0xff,0x19,0xab,0x24,0xff,
    0x19,0xab,0x24,0xff,0x19,0xab,0x24,0xff,0x19,0xab,0x24,0xff,0x19,0xab,0x24,0xff,
    0x19,0xab,0x24,0xff,0x19,0xab,0x24,0xff,0x19,0xab,0x24,0xff,0x19,0xab,0x24,0xff,
    0x19,0xab,0x24,0xff,0x19,0xab,0x24,0xff,0x19,0xab,0x24,0xff,0x19,0xab,0x24,0xff,
    0x19,0xab,0x24,0xff,0x19,0xab,0x24,0xff,0x19,0xab,0x24,0xff,0x19,0xab,0x24,0xff,
    0x19,0xab,0x24,0xff,0x19,0xab,0x24,0xff,0x19,0xab,0x24,0xff,0x19,0xab,0x24,0xff,
    0x19,0xab,0x24,0xff,0x19,0xab,0x24,0xff,0x19,0xab,0x24,0xff,0x19,0xab,0x24,0xff,
    0x19,0xab,0x24,0xff,0x19,0xab,0x24,0xff,0x19,0xab,0x24,0xff,0x19,0xab,0x24,0xff,
    0x15,0xaa,0x21,0xff,0x14,0xac,0x21,0xff,0x2d,0xb1,0x38,0xea,0xb5,0xe2,0xb9,0x76,
    0xb6,0xda,0xb6,0x07,0x00,0x00,0x00,0x00,0x00,0x00,0x00,0x00,0x00,0x00,0x00,0x00,
    0x00,0x00,0x00,0x00,0x00,0x00,0x00,0x00,0x00,0x00,0x00,0x00,0x00,0x00,0x00,0x00,
    0x00,0x00,0x00,0x00,0x00,0x00,0x00,0x00,0x00,0x00,0x00,0x00,0x00,0x00,0x00,0x00,
    0x00,0x00,0x00,0x00,0x00,0x00,0x00,0x00,0x00,0x00,0x00,0x00,0x00,0x00,0x00,0x00,
    0x00,0x00,0x00,0x00,0x00,0x00,0x00,0x00,0x00,0x00,0x00,0x00,0x00,0x00,0x00,0x00,
    0x00,0x00,0x00,0x00,0x00,0x00,0x00,0x00,0x00,0x00,0x00,0x00,0x00,0x00,0x00,0x00,
    0x00,0x00,0x00,0x00,0x00,0x00,0x00,0x00,0x00,0x00,0x00,0x00,0x00,0x00,0x00,0x00,
    0x00,0x00,0x00,0x00,0xe2,0xe2,0xe2,0x09,0xe6,0xf4,0xea,0x4a,0x41,0xb9,0x49,0xdb,
    0x19,0xad,0x24,0xff,0x12,0xa8,0x1d,0xff,0x1a,0xab,0x24,0xff,0x19,0xab,0x24,0xff,
    0x19,0xab,0x24,0xff,0x19,0xab,0x24,0xff,0x19,0xab,0x24,0xff,0x19,0xab,0x24,0xff,
    0x19,0xab,0x24,0xff,0x19,0xab,0x24,0xff,0x19,0xab,0x24,0xff,0x19,0xab,0x24,0xff,
    0x19,0xab,0x24,0xff,0x19,0xab,0x24,0xff,0x19,0xab,0x24,0xff,0x19,0xab,0x24,0xff,
    0x19,0xab,0x24,0xff,0x19,0xab,0x24,0xff,0x19,0xab,0x24,0xff,0x19,0xab,0x24,0xff,
    0x19,0xab,0x24,0xff,0x19,0xab,0x24,0xff,0x19,0xab,0x24,0xff,0x19,0xab,0x24,0xff,
    0x19,0xab,0x24,0xff,0x19,0xab,0x24,0xff,0x19,0xab,0x24,0xff,0x19,0xab,0x24,0xff,
    0x19,0xab,0x24,0xff,0x19,0xab,0x24,0xff,0x19,0xab,0x24,0xff,0x19,0xab,0x24,0xff,
    0x19,0xab,0x24,0xff,0x19,0xab,0x24,0xff,0x19,0xab,0x24,0xff,0x19,0xab,0x24,0xff,
    0x19,0xab,0x24,0xff,0x19,0xab,0x24,0xff,0x19,0xab,0x24,0xff,0x19,0xab,0x24,0xff,
    0x19,0xab,0x24,0xff,0x19,0xab,0x24,0xff,0x19,0xab,0x24,0xff,0x19,0xab,0x24,0xff,
    0x19,0xab,0x24,0xff,0x19,0xab,0x24,0xff,0x19,0xab,0x24,0xff,0x19,0xab,0x24,0xff,
    0x19,0xab,0x24,0xff,0x19,0xab,0x24,0xff,0x19,0xab,0x24,0xff,0x19,0xab,0x24,0xff,
    0x19,0xab,0x24,0xff,0x19,0xab,0x24,0xff,0x19,0xab,0x24,0xff,0x19,0xab,0x24,0xff,
    0x19,0xab,0x24,0xff,0x19,0xab,0x24,0xff,0x19,0xab,0x24,0xff,0x19,0xab,0x24,0xff,
    0x19,0xab,0x24,0xff,0x19,0xab,0x24,0xff,0x19,0xab,0x24,0xff,0x19,0xab,0x24,0xff,
    0x19,0xab,0x24,0xff,0x19,0xab,0x24,0xff,0x19,0xab,0x24,0xff,0x19,0xab,0x24,0xff,
    0x19,0xab,0x24,0xff,0x19,0xab,0x24,0xff,0x19,0xab,0x24,0xff,0x19,0xab,0x24,0xff,
    0x19,0xab,0x24,0xff,0x19,0xab,0x24,0xff,0x19,0xab,0x24,0xff,0x19,0xab,0x24,0xff,
    0x19,0xab,0x24,0xff,0x19,0xab,0x24,0xff,0x19,0xab,0x24,0xff,0x19,0xab,0x24,0xff,
    0x19,0xab,0x24,0xff,0x19,0xab,0x24,0xff,0x19,0xab,0x24,0xff,0x19,0xab,0x24,0xff,
    0x19,0xab,0x24,0xff,0x19,0xab,0x24,0xff,0x19,0xab,0x24,0xff,0x19,0xab,0x24,0xff,
    0x19,0xab,0x24,0xff,0x19,0xab,0x24,0xff,0x19,0xab,0x24,0xff,0x19,0xab,0x24,0xff,
    0x19,0xab,0x24,0xff,0x19,0xab,0x24,0xff,0x19,0xab,0x24,0xff,0x19,0xab,0x24,0xff,
    0x19,0xab,0x24,0xff,0x19,0xab,0x24,0xff,0x19,0xab,0x24,0xff,0x19,0xab,0x24,0xff,
    0x19,0xab,0x24,0xff,0x19,0xab,0x24,0xff,0x19,0xab,0x24,0xff,0x19,0xab,0x24,0xff,
    0x19,0xab,0x24,0xff,0x19,0xab,0x24,0xff,0x19,0xab,0x24,0xff,0x19,0xab,0x24,0xff,
    0x19,0xab,0x24,0xff,0x19,0xab,0x24,0xff,0x19,0xab,0x24,0xff,0x19,0xab,0x24,0xff,
    0x19,0xab,0x24,0xff,0x19,0xab,0x24,0xff,0x19,0xab,0x24,0xff,0x19,0xab,0x24,0xff,
    0x19,0xab,0x24,0xff,0x19,0xab,0x24,0xff,0x19,0xab,0x24,0xff,0x19,0xab,0x24,0xff,
    0x19,0xab,0x24,0xff,0x19,0xab,0x24,0xff,0x19,0xab,0x24,0xff,0x19,0xab,0x24,0xff,
    0x19,0xab,0x24,0xff,0x11,0xaa,0x1d,0xff,0x17,0xab,0x22,0xfd,0x5f,0xc5,0x66,0xd0,
    0xd0,0xed,0xd6,0x2c,0xff,0xff,0xff,0x02,0x00,0x00,0x00,0x00,0x00,0x00,0x00,0x00,
    0x00,0x00,0x00,0x00,0x00,0x00,0x00,0x00,0x00,0x00,0x00,0x00,0x00,0x00,0x00,0x00,
    0x00,0x00,0x00,0x00,0x00,0x00,0x00,0x00,0x00,0x00,0x00,0x00,0x00,0x00,0x00,0x00,
    0x00,0x00,0x00,0x00,0x00,0x00,0x00,0x00,0x00,0x00,0x00,0x00,0x00,0x00,0x00,0x00,
    0x00,0x00,0x00,0x00,0x00,0x00,0x00,0x00,0x00,0x00,0x00,0x00,0x00,0x00,0x00,0x00,
    0x00,0x00,0x00,0x00,0x00,0x00,0x00,0x00,0x00,0x00,0x00,0x00,0x00,0x00,0x00,0x00,
    0x00,0x00,0x00,0x00,0x00,0x00,0x00,0x00,0x00,0x00,0x00,0x00,0x00,0x00,0x00,0x00,
    0x00,0x00,0x00,0x00,0xda,0xec,0xda,0x1c,0x83,0xd1,0x8b,0xa1,0x1d,0xac,0x28,0xf7,
    0x11,0xab,0x1d,0xff,0x17,0xaa,0x22,0xff,0x1a,0xab,0x24,0xff,0x19,0xab,0x24,0xff,
    0x19,0xab,0x24,0xff,0x19,0xab,0x24,0xff,0x19,0xab,0x24,0xff,0x19,0xab,0x24,0xff,
    0x19,0xab,0x24,0xff,0x19,0xab,0x24,0xff,0x19,0xab,0x24,0xff,0x19,0xab,0x24,0xff,
    0x19,0xab,0x24,0xff,0x19,0xab,0x24,0xff,0x19,0xab,0x24,0xff,0x19,0xab,0x24,0xff,
    0x19,0xab,0x24,0xff,0x19,0xab,0x24,0xff,0x19,0xab,0x24,0xff,0x19,0xab,0x24,0xff,
    0x19,0xab,0x24,0xff,0x19,0xab,0x24,0xff,0x19,0xab,0x24,0xff,0x19,0xab,0x24,0xff,
    0x19,0xab,0x24,0xff,0x19,0xab,0x24,0xff,0x19,0xab,0x24,0xff,0x19,0xab,0x24,0xff,
    0x19,0xab,0x24,0xff,0x19,0xab,0x24,0xff,0x19,0xab,0x24,0xff,0x19,0xab,0x24,0xff,
    0x19,0xab,0x24,0xff,0x19,0xab,0x24,0xff,0x19,0xab,0x24,0xff,0x19,0xab,0x24,0xff,
    0x19,0xab,0x24,0xff,0x19,0xab,0x24,0xff,0x19,0xab,0x24,0xff,0x19,0xab,0x24,0xff,
    0x19,0xab,0x24,0xff,0x19,0xab,0x24,0xff,0x19,0xab,0x24,0xff,0x19,0xab,0x24,0xff,
    0x19,0xab,0x24,0xff,0x19,0xab,0x24,0xff,0x19,0xab,0x24,0xff,0x19,0xab,0x24,0xff,
    0x19,0xab,0x24,0xff,0x19,0xab,0x24,0xff,0x19,0xab,0x24,0xff,0x19,0xab,0x24,0xff,
    0x19,0xab,0x24,0xff,0x19,0xab,0x24,0xff,0x19,0xab,0x24,0xff,0x19,0xab,0x24,0xff,
    0x19,0xab,0x24,0xff,0x19,0xab,0x24,0xff,0x19,0xab,0x24,0xff,0x19,0xab,0x24,0xff,
    0x19,0xab,0x24,0xff,0x19,0xab,0x24,0xff,0x19,0xab,0x24,0xff,0x19,0xab,0x24,0xff,
    0x19,0xab,0x24,0xff,0x19,0xab,0x24,0xff,0x19,0xab,0x24,0xff,0x19,0xab,0x24,0xff,
    0x19,0xab,0x24,0xff,0x19,0xab,0x24,0xff,0x19,0xab,0x24,0xff,0x19,0xab,0x24,0xff,
    0x19,0xab,0x24,0xff,0x19,0xab,0x24,0xff,0x19,0xab,0x24,0xff,0x19,0xab,0x24,0xff,
    0x19,0xab,0x24,0xff,0x19,0xab,0x24,0xff,0x19,0xab,0x24,0xff,0x19,0xab,0x24,0xff,
    0x19,0xab,0x24,0xff,0x19,0xab,0x24,0xff,0x19,0xab,0x24,0xff,0x19,0xab,0x24,0xff,
    0x19,0xab,0x24,0xff,0x19,0xab,0x24,0xff,0x19,0xab,0x24,0xff,0x19,0xab,0x24,0xff,
    0x19,0xab,0x24,0xff,0x19,0xab,0x24,0xff,0x19,0xab,0x24,0xff,0x19,0xab,0x24,0xff,
    0x19,0xab,0x24,0xff,0x19,0xab,0x24,0xff,0x19,0xab,0x24,0xff,0x19,0xab,0x24,0xff,
    0x19,0xab,0x24,0xff,0x19,0xab,0x24,0xff,0x19,0xab,0x24,0xff,0x19,0xab,0x24,0xff,
    0x19,0xab,0x24,0xff,0x19,0xab,0x24,0xff,0x19,0xab,0x24,0xff,0x19,0xab,0x24,0xff,
    0x19,0xab,0x24,0xff,0x19,0xab,0x24,0xff,0x19,0xab,0x24,0xff,0x19,0xab,0x24,0xff,
    0x19,0xab,0x24,0xff,0x19,0xab,0x24,0xff,0x19,0xab,0x24,0xff,0x19,0xab,0x24,0xff,
    0x19,0xab,0x24,0xff,0x19,0xab,0x24,0xff,0x19,0xab,0x24,0xff,0x19,0xab,0x24,0xff,
    0x19,0xab,0x24,0xff,0x19,0xab,0x24,0xff,0x19,0xab,0x24,0xff,0x19,0xab,0x24,0xff,
    0x19,0xab,0x24,0xff,0x19,0xab,0x24,0xff,0x19,0xab,0x24,0xff,0x19,0xab,0x24,0xff,
    0x1a,0xab,0x25,0xff,0x15,0xa9,0x20,0xff,0x12,0xab,0x1d,0xff,0x28,0xb0,0x33,0xfd,
    0x9a,0xd9,0x9e,0x7c,0xdf,0xef,0xdf,0x10,0x00,0x00,0x00,0x00,0x00,0x00,0x00,0x00,
    0x00,0x00,0x00,0x00,0x00,0x00,0x00,0x00,0x00,0x00,0x00,0x00,0x00,0x00,0x00,0x00,
    0x00,0x00,0x00,0x00,0x00,0x00,0x00,0x00,0x00,0x00,0x00,0x00,0x00,0x00,0x00,0x00,
    0x00,0x00,0x00,0x00,0x00,0x00,0x00,0x00,0x00,0x00,0x00,0x00,0x00,0x00,0x00,0x00,
    0x00,0x00,0x00,0x00,0x00,0x00,0x00,0x00,0x00,0x00,0x00,0x00,0x00,0x00,0x00,0x00,
    0x00,0x00,0x00,0x00,0x00,0x00,0x00,0x00,0x00,0x00,0x00,0x00,0x00,0x00,0x00,0x00,
    0x00,0x00,0x00,0x00,0x00,0x00,0x00,0x00,0x00,0x00,0x00,0x00,0x00,0x00,0x00,0x00,
    0xff,0xff,0xff,0x0a,0xb6,0xe4,0xbc,0x4d,0x3d,0xb8,0x47,0xea,0x11,0xa8,0x1d,0xff,
    0x12,0xa9,0x1e,0xff,0x1a,0xab,0x25,0xff,0x19,0xab,0x24,0xff,0x19,0xab,0x24,0xff,
    0x19,0xab,0x24,0xff,0x19,0xab,0x24,0xff,0x19,0xab,0x24,0xff,0x19,0xab,0x24,0xff,
    0x19,0xab,0x24,0xff,0x19,0xab,0x24,0xff,0x19,0xab,0x24,0xff,0x19,0xab,0x24,0xff,
    0x19,0xab,0x24,0xff,0x19,0xab,0x24,0xff,0x19,0xab,0x24,0xff,0x19,0xab,0x24,0xff,
    0x19,0xab,0x24,0xff,0x19,0xab,0x24,0xff,0x19,0xab,0x24,0xff,0x19,0xab,0x24,0xff,
    0x19,0xab,0x24,0xff,0x19,0xab,0x24,0xff,0x19,0xab,0x24,0xff,0x19,0xab,0x24,0xff,
    0x19,0xab,0x24,0xff,0x19,0xab,0x24,0xff,0x19,0xab,0x24,0xff,0x19,0xab,0x24,0xff,
    0x19,0xab,0x24,0xff,0x19,0xab,0x24,0xff,0x19,0xab,0x24,0xff,0x19,0xab,0x24,0xff,
    0x19,0xab,0x24,0xff,0x19,0xab,0x24,0xff,0x19,0xab,0x24,0xff,0x19,0xab,0x24,0xff,
    0x19,0xab,0x24,0xff,0x19,0xab,0x24,0xff,0x19,0xab,0x24,0xff,0x19,0xab,0x24,0xff,
    0x19,0xab,0x24,0xff,0x19,0xab,0x24,0xff,0x19,0xab,0x24,0xff,0x19,0xab,0x24,0xff,
    0x19,0xab,0x24,0xff,0x19,0xab,0x24,0xff,0x19,0xab,0x24,0xff,0x19,0xab,0x24,0xff,
    0x19,0xab,0x24,0xff,0x19,0xab,0x24,0xff,0x19,0xab,0x24,0xff,0x19,0xab,0x24,0xff,
    0x19,0xab,0x24,0xff,0x19,0xab,0x24,0xff,0x19,0xab,0x24,0xff,0x19,0xab,0x24,0xff,
    0x19,0xab,0x24,0xff,0x19,0xab,0x24,0xff,0x19,0xab,0x24,0xff,0x19,0xab,0x24,0xff,
    0x19,0xab,0x24,0xff,0x19,0xab,0x24,0xff,0x19,0xab,0x24,0xff,0x19,0xab,0x24,0xff,
    0x19,0xab,0x24,0xff,0x19,0xab,0x24,0xff,0x19,0xab,0x24,0xff,0x19,0xab,0x24,0xff,
    0x19,0xab,0x24,0xff,0x19,0xab,0x24,0xff,0x19,0xab,0x24,0xff,0x19,0xab,0x24,0xff,
    0x19,0xab,0x24,0xff,0x19,0xab,0x24,0xff,0x19,0xab,0x24,0xff,0x19,0xab,0x24,0xff,
    0x19,0xab,0x24,0xff,0x19,0xab,0x24,0xff,0x19,0xab,0x24,0xff,0x19,0xab,0x24,0xff,
    0x19,0xab,0x24,0xff,0x19,0xab,0x24,0xff,0x19,0xab,0x24,0xff,0x19,0xab,0x24,0xff,
    0x19,0xab,0x24,0xff,0x19,0xab,0x24,0xff,0x19,0xab,0x24,0xff,0x19,0xab,0x24,0xff,
    0x19,0xab,0x24,0xff,0x19,0xab,0x24,0xff,0x19,0xab,0x24,0xff,0x19,0xab,0x24,0xff,
    0x19,0xab,0x24,0xff,0x19,0xab,0x24,0xff,0x19,0xab,0x24,0xff,0x19,0xab,0x24,0xff,
    0x19,0xab,0x24,0xff,0x19,0xab,0x24,0xff,0x19,0xab,0x24,0xff,0x19,0xab,0x24,0xff,
    0x19,0xab,0x24,0xff,0x19,0xab,0x24,0xff,0x19,0xab,0x24,0xff,0x19,0xab,0x24,0xff,
    0x19,0xab,0x24,0xff,0x19,0xab,0x24,0xff,0x19,0xab,0x24,0xff,0x19,0xab,0x24,0xff,
    0x19,0xab,0x24,0xff,0x19,0xab,0x24,0xff,0x19,0xab,0x24,0xff,0x19,0xab,0x24,0xff,
    0x19,0xab,0x24,0xff,0x19,0xab,0x24,0xff,0x19,0xab,0x24,0xff,0x19,0xab,0x24,0xff,
    0x19,0xab,0x24,0xff,0x19,0xab,0x24,0xff,0x19,0xab,0x24,0xff,0x19,0xab,0x24,0xff,
    0x19,0xab,0x24,0xff,0x19,0xab,0x24,0xff,0x19,0xab,0x24,0xff,0x19,0xab,0x24,0xff,
    0x19,0xab,0x24,0xff,0x19,0xaa,0x24,0xff,0x13,0xa9,0x1f,0xff,0x0a,0xa5,0x17,0xfe,
    0x64,0xc6,0x6a,0xd3,0x9c,0xdb,0x9c,0x39,0x00,0x00,0x00,0x00,0x00,0x00,0x00,0x00,
    0x00,0x00,0x00,0x00,0x00,0x00,0x00,0x00,0x00,0x00,0x00,0x00,0x00,0x00,0x00,0x00,
    0x00,0x00,0x00,0x00,0x00,0x00,0x00,0x00,0x00,0x00,0x00,0x00,0x00,0x00,0x00,0x00,
    0x00,0x00,0x00,0x00,0x00,0x00,0x00,0x00,0x00,0x00,0x00,0x00,0x00,0x00,0x00,0x00,
    0x00,0x00,0x00,0x00,0x00,0x00,0x00,0x00,0x00,0x00,0x00,0x00,0x00,0x00,0x00,0x00,
    0x00,0x00,0x00,0x00,0x00,0x00,0x00,0x00,0x00,0x00,0x00,0x00,0x00,0x00,0x00,0x00,
    0x00,0x00,0x00,0x00,0x00,0x00,0x00,0x00,0x00,0x00,0x00,0x00,0x00,0x00,0x00,0x00,
    0xc6,0xf0,0xcd,0x24,0x8f,0xd6,0x96,0xa3,0x17,0xaa,0x22,0xfe,0x10,0xa9,0x1c,0xff,
    0x17,0xaa,0x22,0xff,0x1a,0xab,0x25,0xff,0x19,0xab,0x24,0xff,0x19,0xab,0x24,0xff,
    0x19,0xab,0x24,0xff,0x19,0xab,0x24,0xff,0x19,0xab,0x24,0xff,0x19,0xab,0x24,0xff,
    0x19,0xab,0x24,0xff,0x19,0xab,0x24,0xff,0x19,0xab,0x24,0xff,0x19,0xab,0x24,0xff,
    0x19,0xab,0x24,0xff,0x19,0xab,0x24,0xff,0x19,0xab,0x24,0xff,0x19,0xab,0x24,0xff,
    0x19,0xab,0x24,0xff,0x19,0xab,0x24,0xff,0x19,0xab,0x24,0xff,0x19,0xab,0x24,0xff,
    0x19,0xab,0x24,0xff,0x19,0xab,0x24,0xff,0x19,0xab,0x24,0xff,0x19,0xab,0x24,0xff,
    0x19,0xab,0x24,0xff,0x19,0xab,0x24,0xff,0x19,0xab,0x24,0xff,0x19,0xab,0x24,0xff,
    0x19,0xab,0x24,0xff,0x19,0xab,0x24,0xff,0x19,0xab,0x24,0xff,0x19,0xab,0x24,0xff,
    0x19,0xab,0x24,0xff,0x19,0xab,0x24,0xff,0x19,0xab,0x24,0xff,0x19,0xab,0x24,0xff,
    0x19,0xab,0x24,0xff,0x19,0xab,0x24,0xff,0x19,0xab,0x24,0xff,0x19,0xab,0x24,0xff,
    0x19,0xab,0x24,0xff,0x19,0xab,0x24,0xff,0x19,0xab,0x24,0xff,0x19,0xab,0x24,0xff,
    0x19,0xab,0x24,0xff,0x19,0xab,0x24,0xff,0x19,0xab,0x24,0xff,0x19,0xab,0x24,0xff,
    0x19,0xab,0x24,0xff,0x19,0xab,0x24,0xff,0x19,0xab,0x24,0xff,0x19,0xab,0x24,0xff,
    0x19,0xab,0x24,0xff,0x19,0xab,0x24,0xff,0x19,0xab,0x24,0xff,0x19,0xab,0x24,0xff,
    0x19,0xab,0x24,0xff,0x19,0xab,0x24,0xff,0x19,0xab,0x24,0xff,0x19,0xab,0x24,0xff,
    0x19,0xab,0x24,0xff,0x19,0xab,0x24,0xff,0x19,0xab,0x24,0xff,0x19,0xab,0x24,0xff,
    0x19,0xab,0x24,0xff,0x19,0xab,0x24,0xff,0x19,0xab,0x24,0xff,0x19,0xab,0x24,0xff,
    0x19,0xab,0x24,0xff,0x19,0xab,0x24,0xff,0x19,0xab,0x24,0xff,0x19,0xab,0x24,0xff,
    0x19,0xab,0x24,0xff,0x19,0xab,0x24,0xff,0x19,0xab,0x24,0xff,0x19,0xab,0x24,0xff,
    0x19,0xab,0x24,0xff,0x19,0xab,0x24,0xff,0x19,0xab,0x24,0xff,0x19,0xab,0x24,0xff,
    0x19,0xab,0x24,0xff,0x19,0xab,0x24,0xff,0x19,0xab,0x24,0xff,0x19,0xab,0x24,0xff,
    0x19,0xab,0x24,0xff,0x19,0xab,0x24,0xff,0x19,0xab,0x24,0xff,0x19,0xab,0x24,0xff,
    0x19,0xab,0x24,0xff,0x19,0xab,0x24,0xff,0x19,0xab,0x24,0xff,0x19,0xab,0x24,0xff,
    0x19,0xab,0x24,0xff,0x19,0xab,0x24,0xff,0x19,0xab,0x24,0xff,0x19,0xab,0x24,0xff,
    0x19,0xab,0x24,0xff,0x19,0xab,0x24,0xff,0x19,0xab,0x24,0xff,0x19,0xab,0x24,0xff,
    0x19,0xab,0x24,0xff,0x19,0xab,0x24,0xff,0x19,0xab,0x24,0xff,0x19,0xab,0x24,0xff,
    0x19,0xab,0x24,0xff,0x19,0xab,0x24,0xff,0x19,0xab,0x24,0xff,0x19,0xab,0x24,0xff,
    0x19,0xab,0x24,0xff,0x19,0xab,0x24,0xff,0x19,0xab,0x24,0xff,0x19,0xab,0x24,0xff,
    0x19,0xab,0x24,0xff,0x19,0xab,0x24,0xff,0x19,0xab,0x24,0xff,0x19,0xab,0x24,0xff,
    0x19,0xab,0x24,0xff,0x19,0xab,0x24,0xff,0x19,0xab,0x24,0xff,0x19,0xab,0x24,0xff,
    0x19,0xab,0x24,0xff,0x19,0xab,0x24,0xff,0x19,0xab,0x24,0xff,0x19,0xab,0x24,0xff,
    0x19,0xab,0x24,0xff,0x1a,0xab,0x25,0xff,0x16,0xaa,0x21,0xff,0x0c,0xa5,0x16,0xff,
    0x2a,0xb1,0x33,0xff,0x91,0xd7,0x96,0x89,0xff,0xff,0xff,0x21,0x00,0x00,0x00,0x00,
    0x00,0x00,0x00,0x00,0x00,0x00,0x00,0x00,0x00,0x00,0x00,0x00,0x00,0x00,0x00,0x00,
    0x00,0x00,0x00,0x00,0x00,0x00,0x00,0x00,0x00,0x00,0x00,0x00,0x00,0x00,0x00,0x00,
    0x00,0x00,0x00,0x00,0x00,0x00,0x00,0x00,0x00,0x00,0x00,0x00,0x00,0x00,0x00,0x00,
    0x00,0x00,0x00,0x00,0x00,0x00,0x00,0x00,0x00,0x00,0x00,0x00,0x00,0x00,0x00,0x00,
    0x00,0x00,0x00,0x00,0x00,0x00,0x00,0x00,0x00,0x00,0x00,0x00,0x00,0x00,0x00,0x00,
    0x00,0x00,0x00,0x00,0x00,0x00,0x00,0x00,0x00,0x00,0x00,0x00,0xff,0xff,0xff,0x03,
    0x97,0xd5,0x9b,0x4a,0x4a,0xbb,0x53,0xe5,0x0b,0xa4,0x13,0xfe,0x16,0xaa,0x20,0xff,
    0x1a,0xab,0x25,0xff,0x19,0xab,0x24,0xff,0x19,0xab,0x24,0xff,0x19,0xab,0x24,0xff,
    0x19,0xab,0x24,0xff,0x19,0xab,0x24,0xff,0x19,0xab,0x24,0xff,0x19,0xab,0x24,0xff,
    0x19,0xab,0x24,0xff,0x19,0xab,0x24,0xff,0x19,0xab,0x24,0xff,0x19,0xab,0x24,0xff,
    0x19,0xab,0x24,0xff,0x19,0xab,0x24,0xff,0x19,0xab,0x24,0xff,0x19,0xab,0x24,0xff,
    0x19,0xab,0x24,0xff,0x19,0xab,0x24,0xff,0x19,0xab,0x24,0xff,0x19,0xab,0x24,0xff,
    0x19,0xab,0x24,0xff,0x19,0xab,0x24,0xff,0x19,0xab,0x24,0xff,0x19,0xab,0x24,0xff,
    0x19,0xab,0x24,0xff,0x19,0xab,0x24,0xff,0x19,0xab,0x24,0xff,0x19,0xab,0x24,0xff,
    0x19,0xab,0x24,0xff,0x19,0xab,0x24,0xff,0x19,0xab,0x24,0xff,0x19,0xab,0x24,0xff,
    0x19,0xab,0x24,0xff,0x19,0xab,0x24,0xff,0x19,0xab,0x24,0xff,0x19,0xab,0x24,0xff,
    0x19,0xab,0x24,0xff,0x19,0xab,0x24,0xff,0x19,0xab,0x24,0xff,0x19,0xab,0x24,0xff,
    0x19,0xab,0x24,0xff,0x19,0xab,0x24,0xff,0x19,0xab,0x24,0xff,0x19,0xab,0x24,0xff,
    0x19,0xab,0x24,0xff,0x19,0xab,0x24,0xff,0x19,0xab,0x24,0xff,0x19,0xab,0x24,0xff,
    0x19,0xab,0x24,0xff,0x19,0xab,0x24,0xff,0x19,0xab,0x24,0xff,0x19,0xab,0x24,0xff,
    0x19,0xab,0x24,0xff,0x19,0xab,0x24,0xff,0x19,0xab,0x24,0xff,0x19,0xab,0x24,0xff,
    0x19,0xab,0x24,0xff,0x19,0xab,0x24,0xff,0x19,0xab,0x24,0xff,0x19,0xab,0x24,0xff,
    0x19,0xab,0x24,0xff,0x19,0xab,0x24,0xff,0x19,0xab,0x24,0xff,0x19,0xab,0x24,0xff,
    0x19,0xab,0x24,0xff,0x19,0xab,0x24,0xff,0x19,0xab,0x24,0xff,0x19,0xab,0x24,0xff,
    0x19,0xab,0x24,0xff,0x19,0xab,0x24,0xff,0x19,0xab,0x24,0xff,0x19,0xab,0x24,0xff,
    0x19,0xab,0x24,0xff,0x19,0xab,0x24,0xff,0x19,0xab,0x24,0xff,0x19,0xab,0x24,0xff,
    0x19,0xab,0x24,0xff,0x19,0xab,0x24,0xff,0x19,0xab,0x24,0xff,0x19,0xab,0x24,0xff,
    0x19,0xab,0x24,0xff,0x19,0xab,0x24,0xff,0x19,0xab,0x24,0xff,0x19,0xab,0x24,0xff,
    0x19,0xab,0x24,0xff,0x19,0xab,0x24,0xff,0x19,0xab,0x24,0xff,0x19,0xab,0x24,0xff,
    0x19,0xab,0x24,0xff,0x19,0xab,0x24,0xff,0x19,0xab,0x24,0xff,0x19,0xab,0x24,0xff,
    0x19,0xab,0x24,0xff,0x19,0xab,0x24,0xff,0x19,0xab,0x24,0xff,0x19,0xab,0x24,0xff,
    0x19,0xab,0x24,0xff,0x19,0xab,0x24,0xff,0x19,0xab,0x24,0xff,0x19,0xab,0x24,0xff,
    0x19,0xab,0x24,0xff,0x19,0xab,0x24,0xff,0x19,0xab,0x24,0xff,0x19,0xab,0x24,0xff,
    0x19,0xab,0x24,0xff,0x19,0xab,0x24,0xff,0x19,0xab,0x24,0xff,0x19,0xab,0x24,0xff,
    0x19,0xab,0x24,0xff,0x19,0xab,0x24,0xff,0x19,0xab,0x24,0xff,0x19,0xab,0x24,0xff,
    0x19,0xab,0x24,0xff,0x19,0xab,0x24,0xff,0x19,0xab,0x24,0xff,0x19,0xab,0x24,0xff,
    0x19,0xab,0x24,0xff,0x19,0xab,0x24,0xff,0x19,0xab,0x24,0xff,0x19,0xab,0x24,0xff,
    0x19,0xab,0x24,0xff,0x19,0xab,0x24,0xff,0x19,0xab,0x24,0xff,0x19,0xab,0x24,0xff,
    0x19,0xab,0x24,0xff,0x19,0xab,0x24,0xff,0x19,0xab,0x24,0xff,0x16,0xaa,0x22,0xff,
    0x08,0xa6,0x14,0xff,0x6a,0xc9,0x71,0xd1,0xa8,0xe1,0xac,0x44,0x00,0x00,0x00,0x00,
    0x00,0x00,0x00,0x00,0x00,0x00,0x00,0x00,0x00,0x00,0x00,0x00,0x00,0x00,0x00,0x00,
    0x00,0x00,0x00,0x00,0x00,0x00,0x00,0x00,0x00,0x00,0x00,0x00,0x00,0x00,0x00,0x00,
    0x00,0x00,0x00,0x00,0x00,0x00,0x00,0x00,0x00,0x00,0x00,0x00,0x00,0x00,0x00,0x00,
    0x00,0x00,0x00,0x00,0x00,0x00,0x00,0x00,0x00,0x00,0x00,0x00,0x00,0x00,0x00,0x00,
    0x00,0x00,0x00,0x00,0x00,0x00,0x00,0x00,0x00,0x00,0x00,0x00,0x00,0x00,0x00,0x00,
    0x00,0x00,0x00,0x00,0x00,0x00,0x00,0x00,0x00,0x00,0x00,0x00,0xf8,0xff,0xf1,0x26,
    0x87,0xd2,0x8d,0x99,0x1e,0xae,0x2a,0xff,0x0f,0xa7,0x1a,0xff,0x18,0xaa,0x23,0xff,
    0x19,0xab,0x24,0xff,0x19,0xab,0x24,0xff,0x19,0xab,0x24,0xff,0x19,0xab,0x24,0xff,
    0x19,0xab,0x24,0xff,0x19,0xab,0x24,0xff,0x19,0xab,0x24,0xff,0x19,0xab,0x24,0xff,
    0x19,0xab,0x24,0xff,0x19,0xab,0x24,0xff,0x19,0xab,0x24,0xff,0x19,0xab,0x24,0xff,
    0x19,0xab,0x24,0xff,0x19,0xab,0x24,0xff,0x19,0xab,0x24,0xff,0x19,0xab,0x24,0xff,
    0x19,0xab,0x24,0xff,0x19,0xab,0x24,0xff,0x19,0xab,0x24,0xff,0x19,0xab,0x24,0xff,
    0x19,0xab,0x24,0xff,0x19,0xab,0x24,0xff,0x19,0xab,0x24,0xff,0x19,0xab,0x24,0xff,
    0x19,0xab,0x24,0xff,0x19,0xab,0x24,0xff,0x19,0xab,0x24,0xff,0x19,0xab,0x24,0xff,
    0x19,0xab,0x24,0xff,0x19,0xab,0x24,0xff,0x19,0xab,0x24,0xff,0x19,0xab,0x24,0xff,
    0x19,0xab,0x24,0xff,0x19,0xab,0x24,0xff,0x19,0xab,0x24,0xff,0x19,0xab,0x24,0xff,
    0x19,0xab,0x24,0xff,0x19,0xab,0x24,0xff,0x19,0xab,0x24,0xff,0x19,0xab,0x24,0xff,
    0x19,0xab,0x24,0xff,0x19,0xab,0x24,0xff,0x19,0xab,0x24,0xff,0x19,0xab,0x24,0xff,
    0x19,0xab,0x24,0xff,0x19,0xab,0x24,0xff,0x19,0xab,0x24,0xff,0x19,0xab,0x24,0xff,
    0x19,0xab,0x24,0xff,0x19,0xab,0x24,0xff,0x19,0xab,0x24,0xff,0x19,0xab,0x24,0xff,
    0x19,0xab,0x24,0xff,0x19,0xab,0x24,0xff,0x19,0xab,0x24,0xff,0x19,0xab,0x24,0xff,
    0x19,0xab,0x24,0xff,0x19,0xab,0x24,0xff,0x19,0xab,0x24,0xff,0x19,0xab,0x24,0xff,
    0x19,0xab,0x24,0xff,0x19,0xab,0x24,0xff,0x19,0xab,0x24,0xff,0x19,0xab,0x24,0xff,
    0x19,0xab,0x24,0xff,0x19,0xab,0x24,0xff,0x19,0xab,0x24,0xff,0x19,0xab,0x24,0xff,
    0x19,0xab,0x24,0xff,0x19,0xab,0x24,0xff,0x19,0xab,0x24,0xff,0x19,0xab,0x24,0xff,
    0x19,0xab,0x24,0xff,0x19,0xab,0x24,0xff,0x19,0xab,0x24,0xff,0x19,0xab,0x24,0xff,
    0x19,0xab,0x24,0xff,0x19,0xab,0x24,0xff,0x19,0xab,0x24,0xff,0x19,0xab,0x24,0xff,
    0x19,0xab,0x24,0xff,0x19,0xab,0x24,0xff,0x19,0xab,0x24,0xff,0x19,0xab,0x24,0xff,
    0x19,0xab,0x24,0xff,0x19,0xab,0x24,0xff,0x19,0xab,0x24,0xff,0x19,0xab,0x24,0xff,
    0x19,0xab,0x24,0xff,0x19,0xab,0x24,0xff,0x19,0xab,0x24,0xff,0x19,0xab,0x24,0xff,
    0x19,0xab,0x24,0xff,0x19,0xab,0x24,0xff,0x19,0xab,0x24,0xff,0x19,0xab,0x24,0xff,
    0x19,0xab,0x24,0xff,0x19,0xab,0x24,0xff,0x19,0xab,0x24,0xff,0x19,0xab,0x24,0xff,
    0x19,0xab,0x24,0xff,0x19,0xab,0x24,0xff,0x19,0xab,0x24,0xff,0x19,0xab,0x24,0xff,
    0x19,0xab,0x24,0xff,0x19,0xab,0x24,0xff,0x19,0xab,0x24,0xff,0x19,0xab,0x24,0xff,
    0x19,0xab,0x24,0xff,0x19,0xab,0x24,0xff,0x19,0xab,0x24,0xff,0x19,0xab,0x24,0xff,
    0x19,0xab,0x24,0xff,0x19,0xab,0x24,0xff,0x19,0xab,0x24,0xff,0x19,0xab,0x24,0xff,
    0x19,0xab,0x24,0xff,0x19,0xab,0x24,0xff,0x19,0xab,0x24,0xff,0x19,0xab,0x24,0xff,
    0x19,0xab,0x24,0xff,0x19,0xab,0x24,0xff,0x19,0xab,0x24,0xff,0x19,0xab,0x24,0xff,
    0x19,0xab,0x24,0xff,0x19,0xab,0x24,0xff,0x19,0xab,0x24,0xff,0x19,0xab,0x24,0xff,
    0x07,0xa5,0x12,0xff,0x36,0xb5,0x41,0xf9,0x77,0xca,0x7d,0x7a,0xff,0xff,0xff,0x0e,
    0x00,0x00,0x00,0x00,0x00,0x00,0x00,0x00,0x00,0x00,0x00,0x00,0x00,0x00,0x00,0x00,
    0x00,0x00,0x00,0x00,0x00,0x00,0x00,0x00,0x00,0x00,0x00,0x00,0x00,0x00,0x00,0x00,
    0x00,0x00,0x00,0x00,0x00,0x00,0x00,0x00,0x00,0x00,0x00,0x00,0x00,0x00,0x00,0x00,
    0x00,0x00,0x00,0x00,0x00,0x00,0x00,0x00,0x00,0x00,0x00,0x00,0x00,0x00,0x00,0x00,
    0x00,0x00,0x00,0x00,0x00,0x00,0x00,0x00,0x00,0x00,0x00,0x00,0x00,0x00,0x00,0x00,
    0x00,0x00,0x00,0x00,0x00,0x00,0x00,0x00,0x00,0x00,0x00,0x00,0x99,0xd8,0xa0,0x49,
    0x5c,0xc2,0x61,0xd2,0x0b,0xa6,0x10,0xff,0x17,0xaa,0x21,0xff,0x19,0xab,0x24,0xff,
    0x19,0xab,0x24,0xff,0x19,0xab,0x24,0xff,0x19,0xab,0x24,0xff,0x19,0xab,0x24,0xff,
    0x19,0xab,0x24,0xff,0x19,0xab,0x24,0xff,0x19,0xab,0x24,0xff,0x19,0xab,0x24,0xff,
    0x19,0xab,0x24,0xff,0x19,0xab,0x24,0xff,0x19,0xab,0x24,0xff,0x19,0xab,0x24,0xff,
    0x19,0xab,0x24,0xff,0x19,0xab,0x24,0xff,0x19,0xab,0x24,0xff,0x19,0xab,0x24,0xff,
    0x19,0xab,0x24,0xff,0x19,0xab,0x24,0xff,0x19,0xab,0x24,0xff,0x19,0xab,0x24,0xff,
    0x19,0xab,0x24,0xff,0x19,0xab,0x24,0xff,0x19,0xab,0x24,0xff,0x19,0xab,0x24,0xff,
    0x19,0xab,0x24,0xff,0x19,0xab,0x24,0xff,0x19,0xab,0x24,0xff,0x19,0xab,0x24,0xff,
    0x19,0xab,0x24,0xff,0x19,0xab,0x24,0xff,0x19,0xab,0x24,0xff,0x19,0xab,0x24,0xff,
    0x19,0xab,0x24,0xff,0x19,0xab,0x24,0xff,0x19,0xab,0x24,0xff,0x19,0xab,0x24,0xff,
    0x19,0xab,0x24,0xff,0x19,0xab,0x24,0xff,0x19,0xab,0x24,0xff,0x19,0xab,0x24,0xff,
    0x19,0xab,0x24,0xff,0x19,0xab,0x24,0xff,0x19,0xab,0x24,0xff,0x19,0xab,0x24,0xff,
    0x19,0xab,0x24,0xff,0x19,0xab,0x24,0xff,0x19,0xab,0x24,0xff,0x19,0xab,0x24,0xff,
    0x19,0xab,0x24,0xff,0x19,0xab,0x24,0xff,0x19,0xab,0x24,0xff,0x19,0xab,0x24,0xff,
    0x19,0xab,0x24,0xff,0x19,0xab,0x24,0xff,0x19,0xab,0x24,0xff,0x19,0xab,0x24,0xff,
    0x19,0xab,0x24,0xff,0x19,0xab,0x24,0xff,0x19,0xab,0x24,0xff,0x19,0xab,0x24,0xff,
    0x19,0xab,0x24,0xff,0x19,0xab,0x24,0xff,0x19,0xab,0x24,0xff,0x19,0xab,0x24,0xff,
    0x19,0xab,0x24,0xff,0x19,0xab,0x24,0xff,0x19,0xab,0x24,0xff,0x19,0xab,0x24,0xff,
    0x19,0xab,0x24,0xff,0x19,0xab,0x24,0xff,0x19,0xab,0x24,0xff,0x19,0xab,0x24,0xff,
    0x19,0xab,0x24,0xff,0x19,0xab,0x24,0xff,0x19,0xab,0x24,0xff,0x19,0xab,0x24,0xff,
    0x19,0xab,0x24,0xff,0x19,0xab,0x24,0xff,0x19,0xab,0x24,0xff,0x19,0xab,0x24,0xff,
    0x19,0xab,0x24,0xff,0x19,0xab,0x24,0xff,0x19,0xab,0x24,0xff,0x19,0xab,0x24,0xff,
    0x19,0xab,0x24,0xff,0x19,0xab,0x24,0xff,0x19,0xab,0x24,0xff,0x19,0xab,0x24,0xff,
    0x19,0xab,0x24,0xff,0x19,0xab,0x24,0xff,0x19,0xab,0x24,0xff,0x19,0xab,0x24,0xff,
    0x19,0xab,0x24,0xff,0x19,0xab,0x24,0xff,0x18,0xaa,0x23,0xff,0x17,0xab,0x23,0xff,
    0x17,0xaa,0x23,0xff,0x18,0xaa,0x23,0xff,0x19,0xab,0x24,0xff,0x19,0xab,0x24,0xff,
    0x19,0xab,0x24,0xff,0x19,0xab,0x24,0xff,0x19,0xab,0x24,0xff,0x19,0xab,0x24,0xff,
    0x19,0xab,0x24,0xff,0x19,0xab,0x24,0xff,0x19,0xab,0x24,0xff,0x19,0xab,0x24,0xff,
    0x19,0xab,0x24,0xff,0x19,0xab,0x24,0xff,0x19,0xab,0x24,0xff,0x19,0xab,0x24,0xff,
    0x19,0xab,0x24,0xff,0x19,0xab,0x24,0xff,0x19,0xab,0x24,0xff,0x19,0xab,0x24,0xff,
    0x19,0xab,0x24,0xff,0x19,0xab,0x24,0xff,0x19,0xab,0x24,0xff,0x19,0xab,0x24,0xff,
    0x19,0xab,0x24,0xff,0x19,0xab,0x24,0xff,0x19,0xab,0x24,0xff,0x19,0xab,0x24,0xff,
    0x19,0xab,0x24,0xff,0x19,0xab,0x24,0xff,0x19,0xab,0x24,0xff,0x19,0xab,0x24,0xff,
    0x13,0xa8,0x1d,0xff,0x11,0xab,0x1c,0xff,0x5d,0xc2,0x65,0xba,0xd7,0xef,0xd7,0x41,
    0x00,0x00,0x00,0x00,0x00,0x00,0x00,0x00,0x00,0x00,0x00,0x00,0x00,0x00,0x00,0x00,
    0x00,0x00,0x00,0x00,0x00,0x00,0x00,0x00,0x00,0x00,0x00,0x00,0x00,0x00,0x00,0x00,
    0x00,0x00,0x00,0x00,0x00,0x00,0x00,0x00,0x00,0x00,0x00,0x00,0x00,0x00,0x00,0x00,
    0x00,0x00,0x00,0x00,0x00,0x00,0x00,0x00,0x00,0x00,0x00,0x00,0x00,0x00,0x00,0x00,
    0x00,0x00,0x00,0x00,0x00,0x00,0x00,0x00,0x00,0x00,0x00,0x00,0x00,0x00,0x00,0x00,
    0x00,0x00,0x00,0x00,0x00,0x00,0x00,0x00,0xff,0xff,0xff,0x1d,0x77,0xcd,0x7e,0x87,
    0x2e,0xb2,0x36,0xf6,0x09,0xa4,0x11,0xff,0x1a,0xab,0x24,0xff,0x19,0xab,0x24,0xff,
    0x19,0xab,0x24,0xff,0x19,0xab,0x24,0xff,0x19,0xab,0x24,0xff,0x19,0xab,0x24,0xff,
    0x19,0xab,0x24,0xff,0x19,0xab,0x24,0xff,0x19,0xab,0x24,0xff,0x19,0xab,0x24,0xff,
    0x19,0xab,0x24,0xff,0x19,0xab,0x24,0xff,0x19,0xab,0x24,0xff,0x19,0xab,0x24,0xff,
    0x19,0xab,0x24,0xff,0x19,0xab,0x24,0xff,0x19,0xab,0x24,0xff,0x19,0xab,0x24,0xff,
    0x19,0xab,0x24,0xff,0x19,0xab,0x24,0xff,0x19,0xab,0x24,0xff,0x19,0xab,0x24,0xff,
    0x19,0xab,0x24,0xff,0x19,0xab,0x24,0xff,0x19,0xab,0x24,0xff,0x19,0xab,0x24,0xff,
    0x19,0xab,0x24,0xff,0x19,0xab,0x24,0xff,0x19,0xab,0x24,0xff,0x19,0xab,0x24,0xff,
    0x19,0xab,0x24,0xff,0x19,0xab,0x24,0xff,0x19,0xab,0x24,0xff,0x19,0xab,0x24,0xff,
    0x19,0xab,0x24,0xff,0x19,0xab,0x24,0xff,0x19,0xab,0x24,0xff,0x19,0xab,0x24,0xff,
    0x19,0xab,0x24,0xff,0x19,0xab,0x24,0xff,0x19,0xab,0x24,0xff,0x19,0xab,0x24,0xff,
    0x19,0xab,0x24,0xff,0x19,0xab,0x24,0xff,0x19,0xab,0x24,0xff,0x19,0xab,0x24,0xff,
    0x19,0xab,0x24,0xff,0x19,0xab,0x24,0xff,0x19,0xab,0x24,0xff,0x19,0xab,0x24,0xff,
    0x19,0xab,0x24,0xff,0x19,0xab,0x24,0xff,0x19,0xab,0x24,0xff,0x19,0xab,0x24,0xff,
    0x19,0xab,0x24,0xff,0x19,0xab,0x24,0xff,0x19,0xab,0x24,0xff,0x19,0xab,0x24,0xff,
    0x19,0xab,0x24,0xff,0x19,0xab,0x24,0xff,0x19,0xab,0x24,0xff,0x19,0xab,0x24,0xff,
    0x19,0xab,0x24,0xff,0x19,0xab,0x24,0xff,0x19,0xab,0x24,0xff,0x19,0xab,0x24,0xff,
    0x19,0xab,0x24,0xff,0x19,0xab,0x24,0xff,0x19,0xab,0x24,0xff,0x19,0xab,0x24,0xff,
    0x19,0xab,0x24,0xff,0x19,0xab,0x24,0xff,0x19,0xab,0x24,0xff,0x19,0xab,0x24,0xff,
    0x19,0xab,0x24,0xff,0x19,0xab,0x24,0xff,0x19,0xab,0x24,0xff,0x19,0xab,0x24,0xff,
    0x19,0xab,0x24,0xff,0x19,0xab,0x24,0xff,0x19,0xab,0x24,0xff,0x19,0xab,0x24,0xff,
    0x19,0xab,0x24,0xff,0x19,0xab,0x24,0xff,0x19,0xab,0x24,0xff,0x19,0xab,0x24,0xff,
    0x19,0xab,0x24,0xff,0x19,0xab,0x24,0xff,0x19,0xab,0x24,0xff,0x19,0xab,0x24,0xff,
    0x19,0xab,0x24,0xff,0x19,0xab,0x24,0xff,0x19,0xab,0x24,0xff,0x19,0xab,0x24,0xff,
    0x18,0xab,0x23,0xff,0x14,0xaa,0x20,0xff,0x10,0xa8,0x1b,0xff,0x0c,0xa7,0x19,0xff,
    0x0d,0xa7,0x18,0xff,0x0f,0xa8,0x1b,0xff,0x14,0xaa,0x20,0xff,0x18,0xab,0x24,0xff,
    0x19,0xab,0x24,0xff,0x19,0xab,0x24,0xff,0x19,0xab,0x24,0xff,0x19,0xab,0x24,0xff,
    0x19,0xab,0x24,0xff,0x19,0xab,0x24,0xff,0x19,0xab,0x24,0xff,0x19,0xab,0x24,0xff,
    0x19,0xab,0x24,0xff,0x19,0xab,0x24,0xff,0x19,0xab,0x24,0xff,0x19,0xab,0x24,0xff,
    0x19,0xab,0x24,0xff,0x19,0xab,0x24,0xff,0x19,0xab,0x24,0xff,0x19,0xab,0x24,0xff,
    0x19,0xab,0x24,0xff,0x19,0xab,0x24,0xff,0x19,0xab,0x24,0xff,0x19,0xab,0x24,0xff,
    0x19,0xab,0x24,0xff,0x19,0xab,0x24,0xff,0x19,0xab,0x24,0xff,0x19,0xab,0x24,0xff,
    0x19,0xab,0x24,0xff,0x19,0xab,0x24,0xff,0x19,0xab,0x24,0xff,0x19,0xab,0x24,0xff,
    0x19,0xaa,0x25,0xff,0x05,0xa6,0x0e,0xff,0x3f,0xb8,0x49,0xe9,0x88,0xd1,0x91,0x7b,
    0xff,0xff,0xff,0x03,0x00,0x00,0x00,0x00,0x00,0x00,0x00,0x00,0x00,0x00,0x00,0x00,
    0x00,0x00,0x00,0x00,0x00,0x00,0x00,0x00,0x00,0x00,0x00,0x00,0x00,0x00,0x00,0x00,
    0x00,0x00,0x00,0x00,0x00,0x00,0x00,0x00,0x00,0x00,0x00,0x00,0x00,0x00,0x00,0x00,
    0x00,0x00,0x00,0x00,0x00,0x00,0x00,0x00,0x00,0x00,0x00,0x00,0x00,0x00,0x00,0x00,
    0x00,0x00,0x00,0x00,0x00,0x00,0x00,0x00,0x00,0x00,0x00,0x00,0x00,0x00,0x00,0x00,
    0x00,0x00,0x00,0x00,0x00,0x00,0x00,0x00,0xd9,0xf1,0xdd,0x4b,0x64,0xc5,0x68,0xc4,
    0x11,0xac,0x1a,0xff,0x12,0xa9,0x1f,0xff,0x19,0xab,0x24,0xff,0x19,0xab,0x24,0xff,
    0x19,0xab,0x24,0xff,0x19,0xab,0x24,0xff,0x19,0xab,0x24,0xff,0x19,0xab,0x24,0xff,
    0x19,0xab,0x24,0xff,0x19,0xab,0x24,0xff,0x19,0xab,0x24,0xff,0x19,0xab,0x24,0xff,
    0x19,0xab,0x24,0xff,0x19,0xab,0x24,0xff,0x19,0xab,0x24,0xff,0x19,0xab,0x24,0xff,
    0x19,0xab,0x24,0xff,0x19,0xab,0x24,0xff,0x19,0xab,0x24,0xff,0x19,0xab,0x24,0xff,
    0x19,0xab,0x24,0xff,0x19,0xab,0x24,0xff,0x19,0xab,0x24,0xff,0x19,0xab,0x24,0xff,
    0x19,0xab,0x24,0xff,0x19,0xab,0x24,0xff,0x19,0xab,0x24,0xff,0x19,0xab,0x24,0xff,
    0x19,0xab,0x24,0xff,0x19,0xab,0x24,0xff,0x19,0xab,0x24,0xff,0x19,0xab,0x24,0xff,
    0x19,0xab,0x24,0xff,0x19,0xab,0x24,0xff,0x19,0xab,0x24,0xff,0x19,0xab,0x24,0xff,
    0x19,0xab,0x24,0xff,0x19,0xab,0x24,0xff,0x19,0xab,0x24,0xff,0x19,0xab,0x24,0xff,
    0x19,0xab,0x24,0xff,0x19,0xab,0x24,0xff,0x19,0xab,0x24,0xff,0x19,0xab,0x24,0xff,
    0x19,0xab,0x24,0xff,0x19,0xab,0x24,0xff,0x19,0xab,0x24,0xff,0x19,0xab,0x24,0xff,
    0x19,0xab,0x24,0xff,0x19,0xab,0x24,0xff,0x19,0xab,0x24,0xff,0x19,0xab,0x24,0xff,
    0x19,0xab,0x24,0xff,0x19,0xab,0x24,0xff,0x19,0xab,0x24,0xff,0x19,0xab,0x24,0xff,
    0x19,0xab,0x24,0xff,0x19,0xab,0x24,0xff,0x19,0xab,0x24,0xff,0x19,0xab,0x24,0xff,
    0x19,0xab,0x24,0xff,0x19,0xab,0x24,0xff,0x19,0xab,0x24,0xff,0x19,0xab,0x24,0xff,
    0x19,0xab,0x24,0xff,0x19,0xab,0x24,0xff,0x19,0xab,0x24,0xff,0x19,0xab,0x24,0xff,
    0x19,0xab,0x24,0xff,0x19,0xab,0x24,0xff,0x19,0xab,0x24,0xff,0x19,0xab,0x24,0xff,
    0x19,0xab,0x24,0xff,0x19,0xab,0x24,0xff,0x19,0xab,0x24,0xff,0x19,0xab,0x24,0xff,
    0x19,0xab,0x24,0xff,0x19,0xab,0x24,0xff,0x19,0xab,0x24,0xff,0x19,0xab,0x24,0xff,
    0x19,0xab,0x24,0xff,0x19,0xab,0x24,0xff,0x19,0xab,0x24,0xff,0x19,0xab,0x24,0xff,
    0x19,0xab,0x24,0xff,0x19,0xab,0x24,0xff,0x19,0xab,0x24,0xff,0x19,0xab,0x24,0xff,
    0x19,0xab,0x24,0xff,0x19,0xab,0x24,0xff,0x19,0xab,0x24,0xff,0x19,0xab,0x24,0xff,
    0x19,0xab,0x24,0xff,0x19,0xab,0x24,0xff,0x19,0xab,0x24,0xff,0x17,0xaa,0x22,0xff,
    0x12,0xa8,0x1e,0xfe,0x13,0xa8,0x1f,0xfc,0x20,0xad,0x2a,0xfa,0x27,0xb0,0x32,0xfb,
    0x2a,0xb1,0x33,0xfc,0x21,0xad,0x2c,0xfb,0x14,0xa9,0x20,0xfd,0x10,0xa8,0x1c,0xff,
    0x16,0xab,0x22,0xff,0x19,0xab,0x24,0xff,0x19,0xab,0x24,0xff,0x19,0xab,0x24,0xff,
    0x19,0xab,0x24,0xff,0x19,0xab,0x24,0xff,0x19,0xab,0x24,0xff,0x19,0xab,0x24,0xff,
    0x19,0xab,0x24,0xff,0x19,0xab,0x24,0xff,0x19,0xab,0x24,0xff,0x19,0xab,0x24,0xff,
    0x19,0xab,0x24,0xff,0x19,0xab,0x24,0xff,0x19,0xab,0x24,0xff,0x19,0xab,0x24,0xff,
    0x19,0xab,0x24,0xff,0x19,0xab,0x24,0xff,0x19,0xab,0x24,0xff,0x19,0xab,0x24,0xff,
    0x19,0xab,0x24,0xff,0x19,0xab,0x24,0xff,0x19,0xab,0x24,0xff,0x19,0xab,0x24,0xff,
    0x19,0xab,0x24,0xff,0x19,0xab,0x24,0xff,0x19,0xab,0x24,0xff,0x19,0xab,0x24,0xff,
    0x1a,0xab,0x25,0xff,0x0d,0xa6,0x16,0xff,0x20,0xaf,0x2a,0xff,0x56,0xc0,0x5f,0xb0,
    0xff,0xff,0xff,0x2f,0x00,0x00,0x00,0x00,0x00,0x00,0x00,0x00,0x00,0x00,0x00,0x00,
    0x00,0x00,0x00,0x00,0x00,0x00,0x00,0x00,0x00,0x00,0x00,0x00,0x00,0x00,0x00,0x00,
    0x00,0x00,0x00,0x00,0x00,0x00,0x00,0x00,0x00,0x00,0x00,0x00,0x00,0x00,0x00,0x00,
    0x00,0x00,0x00,0x00,0x00,0x00,0x00,0x00,0x00,0x00,0x00,0x00,0x00,0x00,0x00,0x00,
    0x00,0x00,0x00,0x00,0x00,0x00,0x00,0x00,0x00,0x00,0x00,0x00,0x00,0x00,0x00,0x00,
    0x00,0x00,0x00,0x00,0x00,0x00,0x00,0x00,0x8b,0xd6,0x94,0x71,0x42,0xb9,0x49,0xe5,
    0x06,0xa5,0x0c,0xff,0x1a,0xab,0x25,0xff,0x19,0xab,0x24,0xff,0x19,0xab,0x24,0xff,
    0x19,0xab,0x24,0xff,0x19,0xab,0x24,0xff,0x19,0xab,0x24,0xff,0x19,0xab,0x24,0xff,
    0x19,0xab,0x24,0xff,0x19,0xab,0x24,0xff,0x19,0xab,0x24,0xff,0x19,0xab,0x24,0xff,
    0x19,0xab,0x24,0xff,0x19,0xab,0x24,0xff,0x19,0xab,0x24,0xff,0x19,0xab,0x24,0xff,
    0x19,0xab,0x24,0xff,0x19,0xab,0x24,0xff,0x19,0xab,0x24,0xff,0x19,0xab,0x24,0xff,
    0x19,0xab,0x24,0xff,0x19,0xab,0x24,0xff,0x19,0xab,0x24,0xff,0x19,0xab,0x24,0xff,
    0x19,0xab,0x24,0xff,0x19,0xab,0x24,0xff,0x19,0xab,0x24,0xff,0x19,0xab,0x24,0xff,
    0x19,0xab,0x24,0xff,0x19,0xab,0x24,0xff,0x19,0xab,0x24,0xff,0x19,0xab,0x24,0xff,
    0x19,0xab,0x24,0xff,0x19,0xab,0x24,0xff,0x19,0xab,0x24,0xff,0x19,0xab,0x24,0xff,
    0x19,0xab,0x24,0xff,0x19,0xab,0x24,0xff,0x19,0xab,0x24,0xff,0x19,0xab,0x24,0xff,
    0x19,0xab,0x24,0xff,0x19,0xab,0x24,0xff,0x19,0xab,0x24,0xff,0x19,0xab,0x24,0xff,
    0x19,0xab,0x24,0xff,0x19,0xab,0x24,0xff,0x19,0xab,0x24,0xff,0x19,0xab,0x24,0xff,
    0x19,0xab,0x24,0xff,0x19,0xab,0x24,0xff,0x19,0xab,0x24,0xff,0x19,0xab,0x24,0xff,
    0x19,0xab,0x24,0xff,0x19,0xab,0x24,0xff,0x19,0xab,0x24,0xff,0x19,0xab,0x24,0xff,
    0x19,0xab,0x24,0xff,0x19,0xab,0x24,0xff,0x19,0xab,0x24,0xff,0x19,0xab,0x24,0xff,
    0x19,0xab,0x24,0xff,0x19,0xab,0x24,0xff,0x19,0xab,0x24,0xff,0x19,0xab,0x24,0xff,
    0x19,0xab,0x24,0xff,0x19,0xab,0x24,0xff,0x19,0xab,0x24,0xff,0x19,0xab,0x24,0xff,
    0x19,0xab,0x24,0xff,0x19,0xab,0x24,0xff,0x19,0xab,0x24,0xff,0x19,0xab,0x24,0xff,
    0x19,0xab,0x24,0xff,0x19,0xab,0x24,0xff,0x19,0xab,0x24,0xff,0x19,0xab,0x24,0xff,
    0x19,0xab,0x24,0xff,0x19,0xab,0x24,0xff,0x19,0xab,0x24,0xff,0x19,0xab,0x24,0xff,
    0x19,0xab,0x24,0xff,0x19,0xab,0x24,0xff,0x19,0xab,0x24,0xff,0x19,0xab,0x24,0xff,
    0x19,0xab,0x24,0xff,0x19,0xab,0x24,0xff,0x19,0xab,0x24,0xff,0x19,0xab,0x24,0xff,
    0x19,0xab,0x24,0xff,0x19,0xab,0x24,0xff,0x19,0xab,0x24,0xff,0x19,0xab,0x24,0xff,
    0x19,0xab,0x24,0xff,0x19,0xab,0x24,0xff,0x17,0xaa,0x22,0xff,0x13,0xa9,0x1f,0xff,
    0x1d,0xad,0x29,0xf9,0x40,0xb9,0x4a,0xf1,0x73,0xcb,0x7a,0xed,0x91,0xd6,0x96,0xf5,
    0x96,0xd8,0x9b,0xf4,0x78,0xcd,0x7e,0xf0,0x3c,0xb7,0x46,0xf4,0x16,0xa8,0x21,0xfc,
    0x14,0xaa,0x20,0xfe,0x17,0xaa,0x22,0xff,0x19,0xab,0x24,0xff,0x19,0xab,0x24,0xff,
    0x19,0xab,0x24,0xff,0x19,0xab,0x24,0xff,0x19,0xab,0x24,0xff,0x19,0xab,0x24,0xff,
    0x19,0xab,0x24,0xff,0x19,0xab,0x24,0xff,0x19,0xab,0x24,0xff,0x19,0xab,0x24,0xff,
    0x19,0xab,0x24,0xff,0x19,0xab,0x24,0xff,0x19,0xab,0x24,0xff,0x19,0xab,0x24,0xff,
    0x19,0xab,0x24,0xff,0x19,0xab,0x24,0xff,0x19,0xab,0x24,0xff,0x19,0xab,0x24,0xff,
    0x19,0xab,0x24,0xff,0x19,0xab,0x24,0xff,0x19,0xab,0x24,0xff,0x19,0xab,0x24,0xff,
    0x19,0xab,0x24,0xff,0x19,0xab,0x24,0xff,0x19,0xab,0x24,0xff,0x19,0xab,0x24,0xff,
    0x19,0xab,0x24,0xff,0x18,0xab,0x24,0xff,0x0c,0xaa,0x13,0xff,0x3b,0xb5,0x3e,0xdb,
    0xc6,0xeb,0xcb,0x68,0x00,0x00,0x00,0x00,0x00,0x00,0x00,0x00,0x00,0x00,0x00,0x00,
    0x00,0x00,0x00,0x00,0x00,0x00,0x00,0x00,0x00,0x00,0x00,0x00,0x00,0x00,0x00,0x00,
    0x00,0x00,0x00,0x00,0x00,0x00,0x00,0x00,0x00,0x00,0x00,0x00,0x00,0x00,0x00,0x00,
    0x00,0x00,0x00,0x00,0x00,0x00,0x00,0x00,0x00,0x00,0x00,0x00,0x00,0x00,0x00,0x00,
    0x00,0x00,0x00,0x00,0x00,0x00,0x00,0x00,0x00,0x00,0x00,0x00,0x00,0x00,0x00,0x00,
    0x00,0x00,0x00,0x00,0xff,0xff,0xff,0x2a,0x5d,0xc4,0x69,0xae,0x24,0xb1,0x30,0xff,
    0x0b,0xa6,0x15,0xff,0x1b,0xab,0x26,0xff,0x19,0xab,0x24,0xff,0x19,0xab,0x24,0xff,
    0x19,0xab,0x24,0xff,0x19,0xab,0x24,0xff,0x19,0xab,0x24,0xff,0x19,0xab,0x24,0xff,
    0x19,0xab,0x24,0xff,0x19,0xab,0x24,0xff,0x19,0xab,0x24,0xff,0x19,0xab,0x24,0xff,
    0x19,0xab,0x24,0xff,0x19,0xab,0x24,0xff,0x19,0xab,0x24,0xff,0x19,0xab,0x24,0xff,
    0x19,0xab,0x24,0xff,0x19,0xab,0x24,0xff,0x19,0xab,0x24,0xff,0x19,0xab,0x24,0xff,
    0x19,0xab,0x24,0xff,0x19,0xab,0x24,0xff,0x19,0xab,0x24,0xff,0x19,0xab,0x24,0xff,
    0x19,0xab,0x24,0xff,0x19,0xab,0x24,0xff,0x19,0xab,0x24,0xff,0x19,0xab,0x24,0xff,
    0x19,0xab,0x24,0xff,0x19,0xab,0x24,0xff,0x19,0xab,0x24,0xff,0x19,0xab,0x24,0xff,
    0x19,0xab,0x24,0xff,0x19,0xab,0x24,0xff,0x19,0xab,0x24,0xff,0x19,0xab,0x24,0xff,
    0x19,0xab,0x24,0xff,0x19,0xab,0x24,0xff,0x19,0xab,0x24,0xff,0x19,0xab,0x24,0xff,
    0x19,0xab,0x24,0xff,0x19,0xab,0x24,0xff,0x19,0xab,0x24,0xff,0x19,0xab,0x24,0xff,
    0x19,0xab,0x24,0xff,0x19,0xab,0x24,0xff,0x19,0xab,0x24,0xff,0x19,0xab,0x24,0xff,
    0x19,0xab,0x24,0xff,0x19,0xab,0x24,0xff,0x19,0xab,0x24,0xff,0x19,0xab,0x24,0xff,
    0x19,0xab,0x24,0xff,0x19,0xab,0x24,0xff,0x19,0xab,0x24,0xff,0x19,0xab,0x24,0xff,
    0x19,0xab,0x24,0xff,0x19,0xab,0x24,0xff,0x19,0xab,0x24,0xff,0x19,0xab,0x24,0xff,
    0x19,0xab,0x24,0xff,0x19,0xab,0x24,0xff,0x19,0xab,0x24,0xff,0x19,0xab,0x24,0xff,
    0x19,0xab,0x24,0xff,0x19,0xab,0x24,0xff,0x19,0xab,0x24,0xff,0x19,0xab,0x24,0xff,
    0x19,0xab,0x24,0xff,0x19,0xab,0x24,0xff,0x19,0xab,0x24,0xff,0x19,0xab,0x24,0xff,
    0x19,0xab,0x24,0xff,0x19,0xab,0x24,0xff,0x19,0xab,0x24,0xff,0x19,0xab,0x24,0xff,
    0x19,0xab,0x24,0xff,0x19,0xab,0x24,0xff,0x19,0xab,0x24,0xff,0x19,0xab,0x24,0xff,
    0x19,0xab,0x24,0xff,0x19,0xab,0x24,0xff,0x19,0xab,0x24,0xff,0x19,0xab,0x24,0xff,
    0x19,0xab,0x24,0xff,0x19,0xab,0x24,0xff,0x19,0xab,0x24,0xff,0x19,0xab,0x24,0xff,
    0x19,0xab,0x24,0xff,0x19,0xab,0x24,0xff,0x19,0xab,0x24,0xff,0x19,0xab,0x24,0xff,
    0x19,0xab,0x24,0xff,0x18,0xab,0x23,0xff,0x0d,0xa8,0x1a,0xff,0x21,0xaf,0x2c,0xf5,
    0x70,0xcb,0x78,0xee,0xc7,0xea,0xca,0xec,0xec,0xf8,0xed,0xed,0xff,0xff,0xff,0xf9,
    0xff,0xff,0xff,0xf7,0xf1,0xf9,0xf3,0xf0,0xb8,0xe5,0xbc,0xec,0x66,0xc7,0x6c,0xef,
    0x1f,0xad,0x2b,0xf8,0x0e,0xa7,0x19,0xff,0x19,0xab,0x24,0xff,0x19,0xab,0x24,0xff,
    0x19,0xab,0x24,0xff,0x19,0xab,0x24,0xff,0x19,0xab,0x24,0xff,0x19,0xab,0x24,0xff,
    0x19,0xab,0x24,0xff,0x19,0xab,0x24,0xff,0x19,0xab,0x24,0xff,0x19,0xab,0x24,0xff,
    0x19,0xab,0x24,0xff,0x19,0xab,0x24,0xff,0x19,0xab,0x24,0xff,0x19,0xab,0x24,0xff,
    0x19,0xab,0x24,0xff,0x19,0xab,0x24,0xff,0x19,0xab,0x24,0xff,0x19,0xab,0x24,0xff,
    0x19,0xab,0x24,0xff,0x19,0xab,0x24,0xff,0x19,0xab,0x24,0xff,0x19,0xab,0x24,0xff,
    0x19,0xab,0x24,0xff,0x19,0xab,0x24,0xff,0x19,0xab,0x24,0xff,0x19,0xab,0x24,0xff,
    0x19,0xab,0x24,0xff,0x1c,0xac,0x28,0xff,0x0c,0xa6,0x10,0xff,0x2c,0xb0,0x30,0xef,
    0x7c,0xd0,0x84,0x94,0xff,0xff,0xff,0x01,0x00,0x00,0x00,0x00,0x00,0x00,0x00,0x00,
    0x00,0x00,0x00,0x00,0x00,0x00,0x00,0x00,0x00,0x00,0x00,0x00,0x00,0x00,0x00,0x00,
    0x00,0x00,0x00,0x00,0x00,0x00,0x00,0x00,0x00,0x00,0x00,0x00,0x00,0x00,0x00,0x00,
    0x00,0x00,0x00,0x00,0x00,0x00,0x00,0x00,0x00,0x00,0x00,0x00,0x00,0x00,0x00,0x00,
    0x00,0x00,0x00,0x00,0x00,0x00,0x00,0x00,0x00,0x00,0x00,0x00,0x00,0x00,0x00,0x00,
    0x00,0x00,0x00,0x00,0xda,0xf0,0xdd,0x5b,0x3f,0xb7,0x44,0xd2,0x0d,0xab,0x15,0xff,
    0x16,0xab,0x23,0xff,0x19,0xab,0x24,0xff,0x19,0xab,0x24,0xff,0x19,0xab,0x24,0xff,
    0x19,0xab,0x24,0xff,0x19,0xab,0x24,0xff,0x19,0xab,0x24,0xff,0x19,0xab,0x24,0xff,
    0x19,0xab,0x24,0xff,0x19,0xab,0x24,0xff,0x19,0xab,0x24,0xff,0x19,0xab,0x24,0xff,
    0x19,0xab,0x24,0xff,0x19,0xab,0x24,0xff,0x19,0xab,0x24,0xff,0x19,0xab,0x24,0xff,
    0x19,0xab,0x24,0xff,0x19,0xab,0x24,0xff,0x19,0xab,0x24,0xff,0x19,0xab,0x24,0xff,
    0x19,0xab,0x24,0xff,0x19,0xab,0x24,0xff,0x19,0xab,0x24,0xff,0x19,0xab,0x24,0xff,
    0x19,0xab,0x24,0xff,0x19,0xab,0x24,0xff,0x19,0xab,0x24,0xff,0x19,0xab,0x24,0xff,
    0x19,0xab,0x24,0xff,0x19,0xab,0x24,0xff,0x19,0xab,0x24,0xff,0x19,0xab,0x24,0xff,
    0x19,0xab,0x24,0xff,0x19,0xab,0x24,0xff,0x19,0xab,0x24,0xff,0x19,0xab,0x24,0xff,
    0x19,0xab,0x24,0xff,0x19,0xab,0x24,0xff,0x19,0xab,0x24,0xff,0x19,0xab,0x24,0xff,
    0x19,0xab,0x24,0xff,0x19,0xab,0x24,0xff,0x19,0xab,0x24,0xff,0x19,0xab,0x24,0xff,
    0x19,0xab,0x24,0xff,0x19,0xab,0x24,0xff,0x19,0xab,0x24,0xff,0x19,0xab,0x24,0xff,
    0x19,0xab,0x24,0xff,0x19,0xab,0x24,0xff,0x19,0xab,0x24,0xff,0x19,0xab,0x24,0xff,
    0x19,0xab,0x24,0xff,0x19,0xab,0x24,0xff,0x19,0xab,0x24,0xff,0x19,0xab,0x24,0xff,
    0x19,0xab,0x24,0xff,0x19,0xab,0x24,0xff,0x19,0xab,0x24,0xff,0x19,0xab,0x24,0xff,
    0x19,0xab,0x24,0xff,0x19,0xab,0x24,0xff,0x19,0xab,0x24,0xff,0x19,0xab,0x24,0xff,
    0x19,0xab,0x24,0xff,0x19,0xab,0x24,0xff,0x19,0xab,0x24,0xff,0x19,0xab,0x24,0xff,
    0x19,0xab,0x24,0xff,0x19,0xab,0x24,0xff,0x19,0xab,0x24,0xff,0x19,0xab,0x24,0xff,
    0x19,0xab,0x24,0xff,0x19,0xab,0x24,0xff,0x19,0xab,0x24,0xff,0x19,0xab,0x24,0xff,
    0x19,0xab,0x24,0xff,0x19,0xab,0x24,0xff,0x19,0xab,0x24,0xff,0x19,0xab,0x24,0xff,
    0x19,0xab,0x24,0xff,0x19,0xab,0x24,0xff,0x19,0xab,0x24,0xff,0x19,0xab,0x24,0xff,
    0x19,0xab,0x24,0xff,0x19,0xab,0x24,0xff,0x19,0xab,0x24,0xff,0x19,0xab,0x24,0xff,
    0x19,0xab,0x24,0xff,0x19,0xab,0x24,0xff,0x19,0xab,0x24,0xff,0x19,0xab,0x24,0xff,
    0x18,0xab,0x23,0xff,0x0c,0xa7,0x19,0xff,0x1a,0xac,0x26,0xf4,0x7e,0xce,0x82,0xe8,
    0xe1,0xf3,0xe2,0xf0,0xff,0xfe,0xff,0xff,0xfd,0xfd,0xfd,0xfe,0xff,0xff,0xff,0xff,
    0xff,0xff,0xff,0xfe,0xfe,0xff,0xfe,0xff,0xff,0xff,0xff,0xfa,0xd2,0xee,0xd5,0xef,
    0x58,0xc2,0x62,0xeb,0x0d,0xa6,0x1a,0xf9,0x15,0xa9,0x21,0xff,0x18,0xab,0x23,0xff,
    0x19,0xab,0x24,0xff,0x19,0xab,0x24,0xff,0x19,0xab,0x24,0xff,0x19,0xab,0x24,0xff,
    0x19,0xab,0x24,0xff,0x19,0xab,0x24,0xff,0x19,0xab,0x24,0xff,0x19,0xab,0x24,0xff,
    0x19,0xab,0x24,0xff,0x19,0xab,0x24,0xff,0x19,0xab,0x24,0xff,0x19,0xab,0x24,0xff,
    0x19,0xab,0x24,0xff,0x19,0xab,0x24,0xff,0x19,0xab,0x24,0xff,0x19,0xab,0x24,0xff,
    0x19,0xab,0x24,0xff,0x19,0xab,0x24,0xff,0x19,0xab,0x24,0xff,0x19,0xab,0x24,0xff,
    0x19,0xab,0x24,0xff,0x19,0xab,0x24,0xff,0x19,0xab,0x24,0xff,0x19,0xab,0x24,0xff,
    0x19,0xab,0x24,0xff,0x1a,0xab,0x25,0xff,0x10,0xa9,0x1c,0xff,0x1b,0xaf,0x26,0xff,
    0x42,0xba,0x4a,0xd0,0xff,0xff,0xff,0x36,0xff,0xff,0xff,0x01,0x00,0x00,0x00,0x00,
    0x00,0x00,0x00,0x00,0x00,0x00,0x00,0x00,0x00,0x00,0x00,0x00,0x00,0x00,0x00,0x00,
    0x00,0x00,0x00,0x00,0x00,0x00,0x00,0x00,0x00,0x00,0x00,0x00,0x00,0x00,0x00,0x00,
    0x00,0x00,0x00,0x00,0x00,0x00,0x00,0x00,0x00,0x00,0x00,0x00,0x00,0x00,0x00,0x00,
    0x00,0x00,0x00,0x00,0x00,0x00,0x00,0x00,0x00,0x00,0x00,0x00,0x00,0x00,0x00,0x00,
    0x00,0x00,0x00,0x00,0x98,0xd9,0x9e,0x81,0x31,0xb0,0x33,0xe7,0x0a,0xa7,0x10,0xff,
    0x1a,0xac,0x27,0xff,0x19,0xab,0x24,0xff,0x19,0xab,0x24,0xff,0x19,0xab,0x24,0xff,
    0x19,0xab,0x24,0xff,0x19,0xab,0x24,0xff,0x19,0xab,0x24,0xff,0x19,0xab,0x24,0xff,
    0x19,0xab,0x24,0xff,0x19,0xab,0x24,0xff,0x19,0xab,0x24,0xff,0x19,0xab,0x24,0xff,
    0x19,0xab,0x24,0xff,0x19,0xab,0x24,0xff,0x19,0xab,0x24,0xff,0x19,0xab,0x24,0xff,
    0x19,0xab,0x24,0xff,0x19,0xab,0x24,0xff,0x19,0xab,0x24,0xff,0x19,0xab,0x24,0xff,
    0x19,0xab,0x24,0xff,0x19,0xab,0x24,0xff,0x19,0xab,0x24,0xff,0x19,0xab,0x24,0xff,
    0x19,0xab,0x24,0xff,0x19,0xab,0x24,0xff,0x19,0xab,0x24,0xff,0x19,0xab,0x24,0xff,
    0x19,0xab,0x24,0xff,0x19,0xab,0x24,0xff,0x19,0xab,0x24,0xff,0x19,0xab,0x24,0xff,
    0x19,0xab,0x24,0xff,0x19,0xab,0x24,0xff,0x19,0xab,0x24,0xff,0x19,0xab,0x24,0xff,
    0x19,0xab,0x24,0xff,0x19,0xab,0x24,0xff,0x19,0xab,0x24,0xff,0x19,0xab,0x24,0xff,
    0x19,0xab,0x24,0xff,0x19,0xab,0x24,0xff,0x19,0xab,0x24,0xff,0x19,0xab,0x24,0xff,
    0x19,0xab,0x24,0xff,0x19,0xab,0x24,0xff,0x19,0xab,0x24,0xff,0x19,0xab,0x24,0xff,
    0x19,0xab,0x24,0xff,0x19,0xab,0x24,0xff,0x19,0xab,0x24,0xff,0x19,0xab,0x24,0xff,
    0x19,0xab,0x24,0xff,0x19,0xab,0x24,0xff,0x19,0xab,0x24,0xff,0x19,0xab,0x24,0xff,
    0x19,0xab,0x24,0xff,0x19,0xab,0x24,0xff,0x19,0xab,0x24,0xff,0x19,0xab,0x24,0xff,
    0x19,0xab,0x24,0xff,0x19,0xab,0x24,0xff,0x19,0xab,0x24,0xff,0x19,0xab,0x24,0xff,
    0x19,0xab,0x24,0xff,0x19,0xab,0x24,0xff,0x19,0xab,0x24,0xff,0x19,0xab,0x24,0xff,
    0x19,0xab,0x24,0xff,0x19,0xab,0x24,0xff,0x19,0xab,0x24,0xff,0x19,0xab,0x24,0xff,
    0x19,0xab,0x24,0xff,0x19,0xab,0x24,0xff,0x19,0xab,0x24,0xff,0x19,0xab,0x24,0xff,
    0x19,0xab,0x24,0xff,0x19,0xab,0x24,0xff,0x19,0xab,0x24,0xff,0x19,0xab,0x24,0xff,
    0x19,0xab,0x24,0xff,0x19,0xab,0x24,0xff,0x19,0xab,0x24,0xff,0x19,0xab,0x24,0xff,
    0x19,0xab,0x24,0xff,0x19,0xab,0x24,0xff,0x19,0xab,0x24,0xff,0x19,0xab,0x24,0xff,
    0x19,0xab,0x24,0xff,0x19,0xab,0x24,0xff,0x19,0xab,0x24,0xff,0x16,0xaa,0x23,0xff,
    0x0e,0xa8,0x1b,0xff,0x1c,0xac,0x26,0xf4,0x81,0xd1,0x87,0xe9,0xdd,0xf2,0xde,0xf1,
    0xff,0xff,0xff,0xfc,0xff,0xff,0xff,0xff,0xff,0xff,0xff,0xff,0xff,0xff,0xff,0xff,
    0xff,0xff,0xff,0xff,0xff,0xff,0xff,0xff,0xff,0xff,0xff,0xff,0xfb,0xfd,0xfb,0xf7,
    0xb7,0xe5,0xbc,0xed,0x2f,0xb2,0x38,0xf4,0x0e,0xa6,0x19,0xfe,0x16,0xaa,0x21,0xff,
    0x1a,0xab,0x25,0xff,0x19,0xab,0x24,0xff,0x19,0xab,0x24,0xff,0x19,0xab,0x24,0xff,
    0x19,0xab,0x24,0xff,0x19,0xab,0x24,0xff,0x19,0xab,0x24,0xff,0x19,0xab,0x24,0xff,
    0x19,0xab,0x24,0xff,0x19,0xab,0x24,0xff,0x19,0xab,0x24,0xff,0x19,0xab,0x24,0xff,
    0x19,0xab,0x24,0xff,0x19,0xab,0x24,0xff,0x19,0xab,0x24,0xff,0x19,0xab,0x24,0xff,
    0x19,0xab,0x24,0xff,0x19,0xab,0x24,0xff,0x19,0xab,0x24,0xff,0x19,0xab,0x24,0xff,
    0x19,0xab,0x24,0xff,0x19,0xab,0x24,0xff,0x19,0xab,0x24,0xff,0x19,0xab,0x24,0xff,
    0x19,0xab,0x24,0xff,0x19,0xab,0x24,0xff,0x18,0xab,0x23,0xff,0x11,0xac,0x1a,0xff,
    0x25,0xae,0x2c,0xe5,0xca,0xe9,0xcc,0x6b,0xff,0x00,0xff,0x01,0x00,0x00,0x00,0x00,
    0x00,0x00,0x00,0x00,0x00,0x00,0x00,0x00,0x00,0x00,0x00,0x00,0x00,0x00,0x00,0x00,
    0x00,0x00,0x00,0x00,0x00,0x00,0x00,0x00,0x00,0x00,0x00,0x00,0x00,0x00,0x00,0x00,
    0x00,0x00,0x00,0x00,0x00,0x00,0x00,0x00,0x00,0x00,0x00,0x00,0x00,0x00,0x00,0x00,
    0x00,0x00,0x00,0x00,0x00,0x00,0x00,0x00,0x00,0x00,0x00,0x00,0xff,0xff,0xff,0x01,
    0xff,0xff,0xff,0x24,0x5a,0xc2,0x63,0xb9,0x22,0xae,0x2b,0xfb,0x0e,0xa8,0x18,0xff,
    0x1b,0xab,0x26,0xff,0x19,0xab,0x24,0xff,0x19,0xab,0x24,0xff,0x19,0xab,0x24,0xff,
    0x19,0xab,0x24,0xff,0x19,0xab,0x24,0xff,0x19,0xab,0x24,0xff,0x19,0xab,0x24,0xff,
    0x19,0xab,0x24,0xff,0x19,0xab,0x24,0xff,0x19,0xab,0x24,0xff,0x19,0xab,0x24,0xff,
    0x19,0xab,0x24,0xff,0x19,0xab,0x24,0xff,0x19,0xab,0x24,0xff,0x19,0xab,0x24,0xff,
    0x19,0xab,0x24,0xff,0x19,0xab,0x24,0xff,0x19,0xab,0x24,0xff,0x19,0xab,0x24,0xff,
    0x19,0xab,0x24,0xff,0x19,0xab,0x24,0xff,0x19,0xab,0x24,0xff,0x19,0xab,0x24,0xff,
    0x19,0xab,0x24,0xff,0x19,0xab,0x24,0xff,0x19,0xab,0x24,0xff,0x19,0xab,0x24,0xff,
    0x19,0xab,0x24,0xff,0x19,0xab,0x24,0xff,0x19,0xab,0x24,0xff,0x19,0xab,0x24,0xff,
    0x19,0xab,0x24,0xff,0x19,0xab,0x24,0xff,0x19,0xab,0x24,0xff,0x19,0xab,0x24,0xff,
    0x19,0xab,0x24,0xff,0x19,0xab,0x24,0xff,0x19,0xab,0x24,0xff,0x19,0xab,0x24,0xff,
    0x19,0xab,0x24,0xff,0x19,0xab,0x24,0xff,0x19,0xab,0x24,0xff,0x19,0xab,0x24,0xff,
    0x19,0xab,0x24,0xff,0x19,0xab,0x24,0xff,0x19,0xab,0x24,0xff,0x19,0xab,0x24,0xff,
    0x19,0xab,0x24,0xff,0x19,0xab,0x24,0xff,0x19,0xab,0x24,0xff,0x19,0xab,0x24,0xff,
    0x19,0xab,0x24,0xff,0x19,0xab,0x24,0xff,0x19,0xab,0x24,0xff,0x19,0xab,0x24,0xff,
    0x19,0xab,0x24,0xff,0x19,0xab,0x24,0xff,0x19,0xab,0x24,0xff,0x19,0xab,0x24,0xff,
    0x19,0xab,0x24,0xff,0x19,0xab,0x24,0xff,0x19,0xab,0x24,0xff,0x19,0xab,0x24,0xff,
    0x19,0xab,0x24,0xff,0x19,0xab,0x24,0xff,0x19,0xab,0x24,0xff,0x19,0xab,0x24,0xff,
    0x19,0xab,0x24,0xff,0x19,0xab,0x24,0xff,0x19,0xab,0x24,0xff,0x19,0xab,0x24,0xff,
    0x19,0xab,0x24,0xff,0x19,0xab,0x24,0xff,0x19,0xab,0x24,0xff,0x19,0xab,0x24,0xff,
    0x19,0xab,0x24,0xff,0x19,0xab,0x24,0xff,0x19,0xab,0x24,0xff,0x19,0xab,0x24,0xff,
    0x19,0xab,0x24,0xff,0x19,0xab,0x24,0xff,0x19,0xab,0x24,0xff,0x19,0xab,0x24,0xff,
    0x19,0xab,0x24,0xff,0x19,0xab,0x24,0xff,0x19,0xab,0x24,0xff,0x19,0xab,0x24,0xff,
    0x19,0xab,0x24,0xff,0x19,0xab,0x24,0xff,0x15,0xaa,0x20,0xff,0x10,0xa8,0x1c,0xfe,
    0x22,0xae,0x2c,0xf5,0x7d,0xcd,0x82,0xea,0xdd,0xf2,0xdf,0xf1,0xff,0xfe,0xff,0xfc,
    0xff,0xff,0xff,0xff,0xff,0xff,0xff,0xff,0xff,0xff,0xff,0xff,0xff,0xff,0xff,0xff,
    0xff,0xff,0xff,0xff,0xff,0xff,0xff,0xff,0xff,0xff,0xff,0xff,0xff,0xff,0xff,0xfd,
    0xe0,0xf3,0xe2,0xf9,0x4b,0xbc,0x53,0xfa,0x0d,0xa5,0x14,0xff,0x14,0xa9,0x1f,0xff,
    0x1a,0xab,0x25,0xff,0x19,0xab,0x24,0xff,0x19,0xab,0x24,0xff,0x19,0xab,0x24,0xff,
    0x19,0xab,0x24,0xff,0x19,0xab,0x24,0xff,0x19,0xab,0x24,0xff,0x19,0xab,0x24,0xff,
    0x19,0xab,0x24,0xff,0x19,0xab,0x24,0xff,0x19,0xab,0x24,0xff,0x19,0xab,0x24,0xff,
    0x19,0xab,0x24,0xff,0x19,0xab,0x24,0xff,0x19,0xab,0x24,0xff,0x19,0xab,0x24,0xff,
    0x19,0xab,0x24,0xff,0x19,0xab,0x24,0xff,0x19,0xab,0x24,0xff,0x19,0xab,0x24,0xff,
    0x19,0xab,0x24,0xff,0x19,0xab,0x24,0xff,0x19,0xab,0x24,0xff,0x19,0xab,0x24,0xff,
    0x19,0xab,0x24,0xff,0x19,0xab,0x24,0xff,0x1b,0xab,0x26,0xff,0x0f,0xa9,0x19,0xff,
    0x1c,0xaa,0x23,0xf2,0x8c,0xd4,0x93,0x9c,0xcc,0xff,0xcc,0x0a,0x00,0x00,0x00,0x00,
    0x00,0x00,0x00,0x00,0x00,0x00,0x00,0x00,0x00,0x00,0x00,0x00,0x00,0x00,0x00,0x00,
    0x00,0x00,0x00,0x00,0x00,0x00,0x00,0x00,0x00,0x00,0x00,0x00,0x00,0x00,0x00,0x00,
    0x00,0x00,0x00,0x00,0x00,0x00,0x00,0x00,0x00,0x00,0x00,0x00,0x00,0x00,0x00,0x00,
    0x00,0x00,0x00,0x00,0x00,0x00,0x00,0x00,0x00,0x00,0x00,0x00,0xff,0xff,0xff,0x01,
    0xeb,0xf5,0xef,0x50,0x33,0xb4,0x3c,0xde,0x16,0xaf,0x22,0xff,0x15,0xaa,0x21,0xff,
    0x1a,0xab,0x24,0xff,0x19,0xab,0x24,0xff,0x19,0xab,0x24,0xff,0x19,0xab,0x24,0xff,
    0x19,0xab,0x24,0xff,0x19,0xab,0x24,0xff,0x19,0xab,0x24,0xff,0x19,0xab,0x24,0xff,
    0x19,0xab,0x24,0xff,0x19,0xab,0x24,0xff,0x19,0xab,0x24,0xff,0x19,0xab,0x24,0xff,
    0x19,0xab,0x24,0xff,0x19,0xab,0x24,0xff,0x19,0xab,0x24,0xff,0x19,0xab,0x24,0xff,
    0x19,0xab,0x24,0xff,0x19,0xab,0x24,0xff,0x19,0xab,0x24,0xff,0x19,0xab,0x24,0xff,
    0x19,0xab,0x24,0xff,0x19,0xab,0x24,0xff,0x19,0xab,0x24,0xff,0x19,0xab,0x24,0xff,
    0x19,0xab,0x24,0xff,0x19,0xab,0x24,0xff,0x19,0xab,0x24,0xff,0x19,0xab,0x24,0xff,
    0x19,0xab,0x24,0xff,0x19,0xab,0x24,0xff,0x19,0xab,0x24,0xff,0x19,0xab,0x24,0xff,
    0x19,0xab,0x24,0xff,0x19,0xab,0x24,0xff,0x19,0xab,0x24,0xff,0x19,0xab,0x24,0xff,
    0x19,0xab,0x24,0xff,0x19,0xab,0x24,0xff,0x19,0xab,0x24,0xff,0x19,0xab,0x24,0xff,
    0x19,0xab,0x24,0xff,0x19,0xab,0x24,0xff,0x19,0xab,0x24,0xff,0x19,0xab,0x24,0xff,
    0x19,0xab,0x24,0xff,0x19,0xab,0x24,0xff,0x19,0xab,0x24,0xff,0x19,0xab,0x24,0xff,
    0x19,0xab,0x24,0xff,0x19,0xab,0x24,0xff,0x19,0xab,0x24,0xff,0x19,0xab,0x24,0xff,
    0x19,0xab,0x24,0xff,0x19,0xab,0x24,0xff,0x19,0xab,0x24,0xff,0x19,0xab,0x24,0xff,
    0x19,0xab,0x24,0xff,0x19,0xab,0x24,0xff,0x19,0xab,0x24,0xff,0x19,0xab,0x24,0xff,
    0x19,0xab,0x24,0xff,0x19,0xab,0x24,0xff,0x19,0xab,0x24,0xff,0x19,0xab,0x24,0xff,
    0x19,0xab,0x24,0xff,0x19,0xab,0x24,0xff,0x19,0xab,0x24,0xff,0x19,0xab,0x24,0xff,
    0x19,0xab,0x24,0xff,0x19,0xab,0x24,0xff,0x19,0xab,0x24,0xff,0x19,0xab,0x24,0xff,
    0x19,0xab,0x24,0xff,0x19,0xab,0x24,0xff,0x19,0xab,0x24,0xff,0x19,0xab,0x24,0xff,
    0x19,0xab,0x24,0xff,0x19,0xab,0x24,0xff,0x19,0xab,0x24,0xff,0x19,0xab,0x24,0xff,
    0x19,0xab,0x24,0xff,0x19,0xab,0x24,0xff,0x19,0xab,0x24,0xff,0x19,0xab,0x24,0xff,
    0x19,0xab,0x24,0xff,0x19,0xab,0x24,0xff,0x19,0xab,0x24,0xff,0x19,0xab,0x24,0xff,
    0x19,0xab,0x24,0xff,0x14,0xaa,0x20,0xff,0x11,0xa7,0x1c,0xfe,0x27,0xb0,0x2f,0xf6,
    0x77,0xcc,0x7d,0xea,0xdf,0xf2,0xe0,0xf0,0xff,0xff,0xff,0xfd,0xff,0xff,0xff,0xff,
    0xff,0xff,0xff,0xff,0xff,0xff,0xff,0xff,0xff,0xff,0xff,0xff,0xff,0xff,0xff,0xff,
    0xff,0xff,0xff,0xff,0xff,0xff,0xff,0xff,0xff,0xff,0xff,0xff,0xff,0xff,0xff,0xff,
    0xe8,0xf7,0xea,0xff,0x57,0xc1,0x5f,0xff,0x0e,0xa4,0x11,0xff,0x14,0xa9,0x1e,0xff,
    0x1a,0xab,0x25,0xff,0x19,0xab,0x24,0xff,0x19,0xab,0x24,0xff,0x19,0xab,0x24,0xff,
    0x19,0xab,0x24,0xff,0x19,0xab,0x24,0xff,0x19,0xab,0x24,0xff,0x19,0xab,0x24,0xff,
    0x19,0xab,0x24,0xff,0x19,0xab,0x24,0xff,0x19,0xab,0x24,0xff,0x19,0xab,0x24,0xff,
    0x19,0xab,0x24,0xff,0x19,0xab,0x24,0xff,0x19,0xab,0x24,0xff,0x19,0xab,0x24,0xff,
    0x19,0xab,0x24,0xff,0x19,0xab,0x24,0xff,0x19,0xab,0x24,0xff,0x19,0xab,0x24,0xff,
    0x19,0xab,0x24,0xff,0x19,0xab,0x24,0xff,0x19,0xab,0x24,0xff,0x19,0xab,0x24,0xff,
    0x19,0xab,0x24,0xff,0x19,0xab,0x24,0xff,0x1a,0xab,0x25,0xff,0x12,0xa9,0x1e,0xff,
    0x1a,0xab,0x25,0xfd,0x50,0xbe,0x59,0xd0,0xd7,0xee,0xd7,0x2d,0xff,0xff,0xff,0x03,
    0x00,0x00,0x00,0x00,0x00,0x00,0x00,0x00,0x00,0x00,0x00,0x00,0x00,0x00,0x00,0x00,
    0x00,0x00,0x00,0x00,0x00,0x00,0x00,0x00,0x00,0x00,0x00,0x00,0x00,0x00,0x00,0x00,
    0x00,0x00,0x00,0x00,0x00,0x00,0x00,0x00,0x00,0x00,0x00,0x00,0x00,0x00,0x00,0x00,
    0x00,0x00,0x00,0x00,0x00,0x00,0x00,0x00,0x00,0x00,0x00,0x00,0xaa,0xff,0xff,0x03,
    0xbe,0xe6,0xc2,0x72,0x1d,0xab,0x24,0xe7,0x0e,0xab,0x19,0xff,0x1a,0xab,0x26,0xff,
    0x19,0xab,0x24,0xff,0x19,0xab,0x24,0xff,0x19,0xab,0x24,0xff,0x19,0xab,0x24,0xff,
    0x19,0xab,0x24,0xff,0x19,0xab,0x24,0xff,0x19,0xab,0x24,0xff,0x19,0xab,0x24,0xff,
    0x19,0xab,0x24,0xff,0x19,0xab,0x24,0xff,0x19,0xab,0x24,0xff,0x19,0xab,0x24,0xff,
    0x19,0xab,0x24,0xff,0x19,0xab,0x24,0xff,0x19,0xab,0x24,0xff,0x19,0xab,0x24,0xff,
    0x19,0xab,0x24,0xff,0x19,0xab,0x24,0xff,0x19,0xab,0x24,0xff,0x19,0xab,0x24,0xff,
    0x19,0xab,0x24,0xff,0x19,0xab,0x24,0xff,0x19,0xab,0x24,0xff,0x19,0xab,0x24,0xff,
    0x19,0xab,0x24,0xff,0x19,0xab,0x24,0xff,0x19,0xab,0x24,0xff,0x19,0xab,0x24,0xff,
    0x19,0xab,0x24,0xff,0x19,0xab,0x24,0xff,0x19,0xab,0x24,0xff,0x19,0xab,0x24,0xff,
    0x19,0xab,0x24,0xff,0x19,0xab,0x24,0xff,0x19,0xab,0x24,0xff,0x19,0xab,0x24,0xff,
    0x19,0xab,0x24,0xff,0x19,0xab,0x24,0xff,0x19,0xab,0x24,0xff,0x19,0xab,0x24,0xff,
    0x19,0xab,0x24,0xff,0x19,0xab,0x24,0xff,0x19,0xab,0x24,0xff,0x19,0xab,0x24,0xff,
    0x19,0xab,0x24,0xff,0x19,0xab,0x24,0xff,0x19,0xab,0x24,0xff,0x19,0xab,0x24,0xff,
    0x19,0xab,0x24,0xff,0x19,0xab,0x24,0xff,0x19,0xab,0x24,0xff,0x19,0xab,0x24,0xff,
    0x19,0xab,0x24,0xff,0x19,0xab,0x24,0xff,0x19,0xab,0x24,0xff,0x19,0xab,0x24,0xff,
    0x19,0xab,0x24,0xff,0x19,0xab,0x24,0xff,0x19,0xab,0x24,0xff,0x19,0xab,0x24,0xff,
    0x19,0xab,0x24,0xff,0x19,0xab,0x24,0xff,0x19,0xab,0x24,0xff,0x19,0xab,0x24,0xff,
    0x19,0xab,0x24,0xff,0x19,0xab,0x24,0xff,0x19,0xab,0x24,0xff,0x19,0xab,0x24,0xff,
    0x19,0xab,0x24,0xff,0x19,0xab,0x24,0xff,0x19,0xab,0x24,0xff,0x19,0xab,0x24,0xff,
    0x19,0xab,0x24,0xff,0x19,0xab,0x24,0xff,0x19,0xab,0x24,0xff,0x19,0xab,0x24,0xff,
    0x19,0xab,0x24,0xff,0x19,0xab,0x24,0xff,0x19,0xab,0x24,0xff,0x19,0xab,0x24,0xff,
    0x19,0xab,0x24,0xff,0x19,0xab,0x24,0xff,0x19,0xab,0x24,0xff,0x19,0xab,0x24,0xff,
    0x19,0xab,0x24,0xff,0x19,0xab,0x24,0xff,0x19,0xab,0x24,0xff,0x19,0xab,0x24,0xff,
    0x15,0xa9,0x21,0xff,0x10,0xa7,0x1d,0xfe,0x27,0xb1,0x31,0xf6,0x75,0xcd,0x7a,0xeb,
    0xe1,0xf3,0xe2,0xee,0xff,0xff,0xff,0xfe,0xff,0xff,0xff,0xff,0xff,0xff,0xff,0xff,
    0xff,0xff,0xff,0xff,0xff,0xff,0xff,0xff,0xff,0xff,0xff,0xff,0xff,0xff,0xff,0xff,
    0xff,0xff,0xff,0xff,0xff,0xff,0xff,0xff,0xff,0xff,0xff,0xff,0xff,0xff,0xff,0xfe,
    0xdc,0xf1,0xde,0xfa,0x4c,0xbc,0x54,0xfb,0x0e,0xa4,0x13,0xff,0x14,0xa9,0x1f,0xff,
    0x1a,0xab,0x25,0xff,0x19,0xab,0x24,0xff,0x19,0xab,0x24,0xff,0x19,0xab,0x24,0xff,
    0x19,0xab,0x24,0xff,0x19,0xab,0x24,0xff,0x19,0xab,0x24,0xff,0x19,0xab,0x24,0xff,
    0x19,0xab,0x24,0xff,0x19,0xab,0x24,0xff,0x19,0xab,0x24,0xff,0x19,0xab,0x24,0xff,
    0x19,0xab,0x24,0xff,0x19,0xab,0x24,0xff,0x19,0xab,0x24,0xff,0x19,0xab,0x24,0xff,
    0x19,0xab,0x24,0xff,0x19,0xab,0x24,0xff,0x19,0xab,0x24,0xff,0x19,0xab,0x24,0xff,
    0x19,0xab,0x24,0xff,0x19,0xab,0x24,0xff,0x19,0xab,0x24,0xff,0x19,0xab,0x24,0xff,
    0x19,0xab,0x24,0xff,0x19,0xab,0x24,0xff,0x19,0xab,0x24,0xff,0x17,0xaa,0x23,0xff,
    0x18,0xae,0x24,0xff,0x28,0xaf,0x33,0xf4,0xd2,0xee,0xd2,0x5b,0xff,0xff,0xff,0x09,
    0x00,0x00,0x00,0x00,0x00,0x00,0x00,0x00,0x00,0x00,0x00,0x00,0x00,0x00,0x00,0x00,
    0x00,0x00,0x00,0x00,0x00,0x00,0x00,0x00,0x00,0x00,0x00,0x00,0x00,0x00,0x00,0x00,
    0x00,0x00,0x00,0x00,0x00,0x00,0x00,0x00,0x00,0x00,0x00,0x00,0x00,0x00,0x00,0x00,
    0x00,0x00,0x00,0x00,0x00,0x00,0x00,0x00,0x00,0x00,0x00,0x00,0xc4,0xd7,0xc4,0x0d,
    0x89,0xd3,0x8c,0x9e,0x1d,0xac,0x27,0xf1,0x0f,0xa9,0x1a,0xff,0x1a,0xab,0x25,0xff,
    0x19,0xab,0x24,0xff,0x19,0xab,0x24,0xff,0x19,0xab,0x24,0xff,0x19,0xab,0x24,0xff,
    0x19,0xab,0x24,0xff,0x19,0xab,0x24,0xff,0x19,0xab,0x24,0xff,0x19,0xab,0x24,0xff,
    0x19,0xab,0x24,0xff,0x19,0xab,0x24,0xff,0x19,0xab,0x24,0xff,0x19,0xab,0x24,0xff,
    0x19,0xab,0x24,0xff,0x19,0xab,0x24,0xff,0x19,0xab,0x24,0xff,0x19,0xab,0x24,0xff,
    0x19,0xab,0x24,0xff,0x19,0xab,0x24,0xff,0x19,0xab,0x24,0xff,0x19,0xab,0x24,0xff,
    0x19,0xab,0x24,0xff,0x19,0xab,0x24,0xff,0x19,0xab,0x24,0xff,0x19,0xab,0x24,0xff,
    0x19,0xab,0x24,0xff,0x19,0xab,0x24,0xff,0x19,0xab,0x24,0xff,0x19,0xab,0x24,0xff,
    0x19,0xab,0x24,0xff,0x19,0xab,0x24,0xff,0x19,0xab,0x24,0xff,0x19,0xab,0x24,0xff,
    0x19,0xab,0x24,0xff,0x19,0xab,0x24,0xff,0x19,0xab,0x24,0xff,0x19,0xab,0x24,0xff,
    0x19,0xab,0x24,0xff,0x19,0xab,0x24,0xff,0x19,0xab,0x24,0xff,0x19,0xab,0x24,0xff,
    0x19,0xab,0x24,0xff,0x19,0xab,0x24,0xff,0x19,0xab,0x24,0xff,0x19,0xab,0x24,0xff,
    0x19,0xab,0x24,0xff,0x19,0xab,0x24,0xff,0x19,0xab,0x24,0xff,0x19,0xab,0x24,0xff,
    0x19,0xab,0x24,0xff,0x19,0xab,0x24,0xff,0x19,0xab,0x24,0xff,0x19,0xab,0x24,0xff,
    0x19,0xab,0x24,0xff,0x19,0xab,0x24,0xff,0x19,0xab,0x24,0xff,0x19,0xab,0x24,0xff,
    0x19,0xab,0x24,0xff,0x19,0xab,0x24,0xff,0x19,0xab,0x24,0xff,0x19,0xab,0x24,0xff,
    0x19,0xab,0x24,0xff,0x19,0xab,0x24,0xff,0x19,0xab,0x24,0xff,0x19,0xab,0x24,0xff,
    0x19,0xab,0x24,0xff,0x19,0xab,0x24,0xff,0x19,0xab,0x24,0xff,0x19,0xab,0x24,0xff,
    0x19,0xab,0x24,0xff,0x19,0xab,0x24,0xff,0x19,0xab,0x24,0xff,0x19,0xab,0x24,0xff,
    0x19,0xab,0x24,0xff,0x19,0xab,0x24,0xff,0x19,0xab,0x24,0xff,0x19,0xab,0x24,0xff,
    0x19,0xab,0x24,0xff,0x19,0xab,0x24,0xff,0x19,0xab,0x24,0xff,0x19,0xab,0x24,0xff,
    0x19,0xab,0x24,0xff,0x19,0xab,0x24,0xff,0x19,0xab,0x24,0xff,0x19,0xab,0x24,0xff,
    0x19,0xab,0x24,0xff,0x19,0xab,0x24,0xff,0x19,0xab,0x24,0xff,0x17,0xaa,0x22,0xff,
    0x10,0xa8,0x1c,0xff,0x26,0xb1,0x30,0xf6,0x77,0xce,0x7e,0xec,0xdf,0xf3,0xdf,0xee,
    0xff,0xff,0xff,0xff,0xff,0xff,0xff,0xff,0xff,0xff,0xff,0xff,0xff,0xff,0xff,0xff,
    0xff,0xff,0xff,0xff,0xff,0xff,0xff,0xff,0xff,0xff,0xff,0xff,0xff,0xff,0xff,0xff,
    0xff,0xff,0xff,0xff,0xff,0xff,0xff,0xff,0xff,0xff,0xff,0xff,0xf5,0xfb,0xf6,0xf9,
    0xad,0xe1,0xb2,0xec,0x26,0xaf,0x31,0xf3,0x0e,0xa6,0x19,0xfe,0x16,0xaa,0x21,0xff,
    0x1a,0xab,0x25,0xff,0x19,0xab,0x24,0xff,0x19,0xab,0x24,0xff,0x19,0xab,0x24,0xff,
    0x19,0xab,0x24,0xff,0x19,0xab,0x24,0xff,0x19,0xab,0x24,0xff,0x19,0xab,0x24,0xff,
    0x19,0xab,0x24,0xff,0x19,0xab,0x24,0xff,0x19,0xab,0x24,0xff,0x19,0xab,0x24,0xff,
    0x19,0xab,0x24,0xff,0x19,0xab,0x24,0xff,0x19,0xab,0x24,0xff,0x19,0xab,0x24,0xff,
    0x19,0xab,0x24,0xff,0x19,0xab,0x24,0xff,0x19,0xab,0x24,0xff,0x19,0xab,0x24,0xff,
    0x19,0xab,0x24,0xff,0x19,0xab,0x24,0xff,0x19,0xab,0x24,0xff,0x19,0xab,0x24,0xff,
    0x19,0xab,0x24,0xff,0x19,0xab,0x24,0xff,0x19,0xab,0x24,0xff,0x1a,0xab,0x25,0xff,
    0x15,0xac,0x20,0xff,0x14,0xa8,0x1f,0xf5,0xab,0xe2,0xaf,0x7d,0xdf,0xef,0xdf,0x10,
    0x00,0x00,0x00,0x00,0x00,0x00,0x00,0x00,0x00,0x00,0x00,0x00,0x00,0x00,0x00,0x00,
    0x00,0x00,0x00,0x00,0x00,0x00,0x00,0x00,0x00,0x00,0x00,0x00,0x00,0x00,0x00,0x00,
    0x00,0x00,0x00,0x00,0x00,0x00,0x00,0x00,0x00,0x00,0x00,0x00,0x00,0x00,0x00,0x00,
    0x00,0x00,0x00,0x00,0x00,0x00,0x00,0x00,0xff,0xff,0xff,0x03,0xd8,0xeb,0xd8,0x28,
    0x52,0xbe,0x5b,0xd1,0x1b,0xab,0x27,0xfe,0x13,0xaa,0x1e,0xff,0x1a,0xab,0x25,0xff,
    0x19,0xab,0x24,0xff,0x19,0xab,0x24,0xff,0x19,0xab,0x24,0xff,0x19,0xab,0x24,0xff,
    0x19,0xab,0x24,0xff,0x19,0xab,0x24,0xff,0x19,0xab,0x24,0xff,0x19,0xab,0x24,0xff,
    0x19,0xab,0x24,0xff,0x19,0xab,0x24,0xff,0x19,0xab,0x24,0xff,0x19,0xab,0x24,0xff,
    0x19,0xab,0x24,0xff,0x19,0xab,0x24,0xff,0x19,0xab,0x24,0xff,0x19,0xab,0x24,0xff,
    0x19,0xab,0x24,0xff,0x19,0xab,0x24,0xff,0x19,0xab,0x24,0xff,0x19,0xab,0x24,0xff,
    0x19,0xab,0x24,0xff,0x19,0xab,0x24,0xff,0x19,0xab,0x24,0xff,0x19,0xab,0x24,0xff,
    0x19,0xab,0x24,0xff,0x19,0xab,0x24,0xff,0x19,0xab,0x24,0xff,0x19,0xab,0x24,0xff,
    0x19,0xab,0x24,0xff,0x19,0xab,0x24,0xff,0x19,0xab,0x24,0xff,0x19,0xab,0x24,0xff,
    0x19,0xab,0x24,0xff,0x19,0xab,0x24,0xff,0x19,0xab,0x24,0xff,0x19,0xab,0x24,0xff,
    0x19,0xab,0x24,0xff,0x19,0xab,0x24,0xff,0x19,0xab,0x24,0xff,0x19,0xab,0x24,0xff,
    0x19,0xab,0x24,0xff,0x19,0xab,0x24,0xff,0x19,0xab,0x24,0xff,0x19,0xab,0x24,0xff,
    0x19,0xab,0x24,0xff,0x19,0xab,0x24,0xff,0x19,0xab,0x24,0xff,0x19,0xab,0x24,0xff,
    0x19,0xab,0x24,0xff,0x19,0xab,0x24,0xff,0x19,0xab,0x24,0xff,0x19,0xab,0x24,0xff,
    0x19,0xab,0x24,0xff,0x19,0xab,0x24,0xff,0x19,0xab,0x24,0xff,0x19,0xab,0x24,0xff,
    0x19,0xab,0x24,0xff,0x19,0xab,0x24,0xff,0x19,0xab,0x24,0xff,0x19,0xab,0x24,0xff,
    0x19,0xab,0x24,0xff,0x19,0xab,0x24,0xff,0x19,0xab,0x24,0xff,0x19,0xab,0x24,0xff,
    0x19,0xab,0x24,0xff,0x19,0xab,0x24,0xff,0x19,0xab,0x24,0xff,0x19,0xab,0x24,0xff,
    0x19,0xab,0x24,0xff,0x19,0xab,0x24,0xff,0x19,0xab,0x24,0xff,0x19,0xab,0x24,0xff,
    0x19,0xab,0x24,0xff,0x19,0xab,0x24,0xff,0x19,0xab,0x24,0xff,0x19,0xab,0x24,0xff,
    0x19,0xab,0x24,0xff,0x19,0xab,0x24,0xff,0x19,0xab,0x24,0xff,0x19,0xab,0x24,0xff,
    0x19,0xab,0x24,0xff,0x19,0xab,0x24,0xff,0x19,0xab,0x24,0xff,0x19,0xab,0x24,0xff,
    0x19,0xab,0x24,0xff,0x19,0xab,0x24,0xff,0x17,0xaa,0x22,0xff,0x0e,0xa8,0x1a,0xff,
    0x23,0xae,0x2d,0xf6,0x7c,0xcf,0x83,0xeb,0xdd,0xf1,0xdf,0xf1,0xff,0xff,0xff,0xff,
    0xff,0xff,0xff,0xff,0xff,0xff,0xff,0xff,0xff,0xff,0xff,0xff,0xff,0xff,0xff,0xff,
    0xff,0xff,0xff,0xff,0xff,0xff,0xff,0xff,0xff,0xff,0xff,0xff,0xff,0xff,0xff,0xff,
    0xff,0xff,0xff,0xff,0xff,0xff,0xff,0xff,0xff,0xff,0xff,0xfd,0xe1,0xf3,0xe3,0xf8,
    0x6c,0xc9,0x76,0xf4,0x09,0xa4,0x14,0xfb,0x15,0xa9,0x21,0xff,0x19,0xab,0x24,0xff,
    0x19,0xab,0x24,0xff,0x19,0xab,0x24,0xff,0x19,0xab,0x24,0xff,0x19,0xab,0x24,0xff,
    0x19,0xab,0x24,0xff,0x19,0xab,0x24,0xff,0x19,0xab,0x24,0xff,0x19,0xab,0x24,0xff,
    0x19,0xab,0x24,0xff,0x19,0xab,0x24,0xff,0x19,0xab,0x24,0xff,0x19,0xab,0x24,0xff,
    0x19,0xab,0x24,0xff,0x19,0xab,0x24,0xff,0x19,0xab,0x24,0xff,0x19,0xab,0x24,0xff,
    0x19,0xab,0x24,0xff,0x19,0xab,0x24,0xff,0x19,0xab,0x24,0xff,0x19,0xab,0x24,0xff,
    0x19,0xab,0x24,0xff,0x19,0xab,0x24,0xff,0x19,0xab,0x24,0xff,0x19,0xab,0x24,0xff,
    0x19,0xab,0x24,0xff,0x19,0xab,0x24,0xff,0x19,0xab,0x24,0xff,0x19,0xab,0x24,0xff,
    0x16,0xab,0x21,0xff,0x18,0xaa,0x23,0xf9,0x7e,0xce,0x84,0xad,0xba,0xe3,0xba,0x25,
    0x00,0x00,0x00,0x00,0x00,0x00,0x00,0x00,0x00,0x00,0x00,0x00,0x00,0x00,0x00,0x00,
    0x00,0x00,0x00,0x00,0x00,0x00,0x00,0x00,0x00,0x00,0x00,0x00,0x00,0x00,0x00,0x00,
    0x00,0x00,0x00,0x00,0x00,0x00,0x00,0x00,0x00,0x00,0x00,0x00,0x00,0x00,0x00,0x00,
    0x00,0x00,0x00,0x00,0x00,0x00,0x00,0x00,0xff,0xff,0xff,0x09,0xd2,0xf0,0xd5,0x55,
    0x28,0xb0,0x33,0xee,0x17,0xad,0x23,0xff,0x17,0xaa,0x22,0xff,0x19,0xab,0x24,0xff,
    0x19,0xab,0x24,0xff,0x19,0xab,0x24,0xff,0x19,0xab,0x24,0xff,0x19,0xab,0x24,0xff,
    0x19,0xab,0x24,0xff,0x19,0xab,0x24,0xff,0x19,0xab,0x24,0xff,0x19,0xab,0x24,0xff,
    0x19,0xab,0x24,0xff,0x19,0xab,0x24,0xff,0x19,0xab,0x24,0xff,0x19,0xab,0x24,0xff,
    0x19,0xab,0x24,0xff,0x19,0xab,0x24,0xff,0x19,0xab,0x24,0xff,0x19,0xab,0x24,0xff,
    0x19,0xab,0x24,0xff,0x19,0xab,0x24,0xff,0x19,0xab,0x24,0xff,0x19,0xab,0x24,0xff,
    0x19,0xab,0x24,0xff,0x19,0xab,0x24,0xff,0x19,0xab,0x24,0xff,0x19,0xab,0x24,0xff,
    0x19,0xab,0x24,0xff,0x19,0xab,0x24,0xff,0x19,0xab,0x24,0xff,0x19,0xab,0x24,0xff,
    0x19,0xab,0x24,0xff,0x19,0xab,0x24,0xff,0x19,0xab,0x24,0xff,0x19,0xab,0x24,0xff,
    0x19,0xab,0x24,0xff,0x19,0xab,0x24,0xff,0x19,0xab,0x24,0xff,0x19,0xab,0x24,0xff,
    0x19,0xab,0x24,0xff,0x19,0xab,0x24,0xff,0x19,0xab,0x24,0xff,0x19,0xab,0x24,0xff,
    0x19,0xab,0x24,0xff,0x19,0xab,0x24,0xff,0x19,0xab,0x24,0xff,0x19,0xab,0x24,0xff,
    0x19,0xab,0x24,0xff,0x19,0xab,0x24,0xff,0x19,0xab,0x24,0xff,0x19,0xab,0x24,0xff,
    0x19,0xab,0x24,0xff,0x19,0xab,0x24,0xff,0x19,0xab,0x24,0xff,0x19,0xab,0x24,0xff,
    0x19,0xab,0x24,0xff,0x19,0xab,0x24,0xff,0x19,0xab,0x24,0xff,0x19,0xab,0x24,0xff,
    0x19,0xab,0x24,0xff,0x19,0xab,0x24,0xff,0x19,0xab,0x24,0xff,0x19,0xab,0x24,0xff,
    0x19,0xab,0x24,0xff,0x19,0xab,0x24,0xff,0x19,0xab,0x24,0xff,0x19,0xab,0x24,0xff,
    0x19,0xab,0x24,0xff,0x19,0xab,0x24,0xff,0x19,0xab,0x24,0xff,0x19,0xab,0x24,0xff,
    0x19,0xab,0x24,0xff,0x19,0xab,0x24,0xff,0x19,0xab,0x24,0xff,0x19,0xab,0x24,0xff,
    0x19,0xab,0x24,0xff,0x19,0xab,0x24,0xff,0x19,0xab,0x24,0xff,0x19,0xab,0x24,0xff,
    0x19,0xab,0x24,0xff,0x19,0xab,0x24,0xff,0x19,0xab,0x24,0xff,0x19,0xab,0x24,0xff,
    0x19,0xab,0x24,0xff,0x19,0xab,0x24,0xff,0x19,0xab,0x24,0xff,0x19,0xab,0x24,0xff,
    0x19,0xab,0x24,0xff,0x17,0xaa,0x22,0xff,0x0f,0xa8,0x1a,0xff,0x22,0xae,0x2c,0xf6,
    0x83,0xd0,0x89,0xeb,0xde,0xf2,0xdf,0xf2,0xff,0xff,0xff,0xfe,0xff,0xff,0xff,0xff,
    0xff,0xff,0xff,0xff,0xff,0xff,0xff,0xff,0xff,0xff,0xff,0xff,0xff,0xff,0xff,0xff,
    0xff,0xff,0xff,0xff,0xff,0xff,0xff,0xff,0xff,0xff,0xff,0xff,0xff,0xff,0xff,0xff,
    0xff,0xff,0xff,0xff,0xff,0xff,0xff,0xff,0xf5,0xfa,0xf5,0xf2,0x9e,0xdb,0xa1,0xea,
    0x28,0xaf,0x31,0xf5,0x0c,0xa6,0x16,0xfe,0x18,0xab,0x23,0xff,0x19,0xab,0x24,0xff,
    0x19,0xab,0x24,0xff,0x19,0xab,0x24,0xff,0x19,0xab,0x24,0xff,0x19,0xab,0x24,0xff,
    0x19,0xab,0x24,0xff,0x19,0xab,0x24,0xff,0x19,0xab,0x24,0xff,0x19,0xab,0x24,0xff,
    0x19,0xab,0x24,0xff,0x19,0xab,0x24,0xff,0x19,0xab,0x24,0xff,0x19,0xab,0x24,0xff,
    0x19,0xab,0x24,0xff,0x19,0xab,0x24,0xff,0x19,0xab,0x24,0xff,0x19,0xab,0x24,0xff,
    0x19,0xab,0x24,0xff,0x19,0xab,0x24,0xff,0x19,0xab,0x24,0xff,0x19,0xab,0x24,0xff,
    0x19,0xab,0x24,0xff,0x19,0xab,0x24,0xff,0x19,0xab,0x24,0xff,0x19,0xab,0x24,0xff,
    0x19,0xab,0x24,0xff,0x19,0xab,0x24,0xff,0x19,0xab,0x24,0xff,0x19,0xab,0x24,0xff,
    0x17,0xaa,0x22,0xff,0x19,0xaa,0x25,0xfd,0x51,0xc0,0x5a,0xdf,0xba,0xe4,0xbd,0x4e,
    0xff,0xff,0xff,0x0a,0x00,0x00,0x00,0x00,0x00,0x00,0x00,0x00,0x00,0x00,0x00,0x00,
    0x00,0x00,0x00,0x00,0x00,0x00,0x00,0x00,0x00,0x00,0x00,0x00,0x00,0x00,0x00,0x00,
    0x00,0x00,0x00,0x00,0x00,0x00,0x00,0x00,0x00,0x00,0x00,0x00,0x00,0x00,0x00,0x00,
    0x00,0x00,0x00,0x00,0x00,0x00,0x00,0x00,0xeb,0xff,0xff,0x0d,0xb6,0xe6,0xbb,0x71,
    0x14,0xa8,0x21,0xf4,0x15,0xac,0x21,0xff,0x1a,0xab,0x25,0xff,0x19,0xab,0x24,0xff,
    0x19,0xab,0x24,0xff,0x19,0xab,0x24,0xff,0x19,0xab,0x24,0xff,0x19,0xab,0x24,0xff,
    0x19,0xab,0x24,0xff,0x19,0xab,0x24,0xff,0x19,0xab,0x24,0xff,0x19,0xab,0x24,0xff,
    0x19,0xab,0x24,0xff,0x19,0xab,0x24,0xff,0x19,0xab,0x24,0xff,0x19,0xab,0x24,0xff,
    0x19,0xab,0x24,0xff,0x19,0xab,0x24,0xff,0x19,0xab,0x24,0xff,0x19,0xab,0x24,0xff,
    0x19,0xab,0x24,0xff,0x19,0xab,0x24,0xff,0x19,0xab,0x24,0xff,0x19,0xab,0x24,0xff,
    0x19,0xab,0x24,0xff,0x19,0xab,0x24,0xff,0x19,0xab,0x24,0xff,0x19,0xab,0x24,0xff,
    0x19,0xab,0x24,0xff,0x19,0xab,0x24,0xff,0x19,0xab,0x24,0xff,0x19,0xab,0x24,0xff,
    0x19,0xab,0x24,0xff,0x19,0xab,0x24,0xff,0x19,0xab,0x24,0xff,0x19,0xab,0x24,0xff,
    0x19,0xab,0x24,0xff,0x19,0xab,0x24,0xff,0x19,0xab,0x24,0xff,0x19,0xab,0x24,0xff,
    0x19,0xab,0x24,0xff,0x19,0xab,0x24,0xff,0x19,0xab,0x24,0xff,0x19,0xab,0x24,0xff,
    0x19,0xab,0x24,0xff,0x19,0xab,0x24,0xff,0x19,0xab,0x24,0xff,0x19,0xab,0x24,0xff,
    0x19,0xab,0x24,0xff,0x19,0xab,0x24,0xff,0x19,0xab,0x24,0xff,0x19,0xab,0x24,0xff,
    0x19,0xab,0x24,0xff,0x19,0xab,0x24,0xff,0x19,0xab,0x24,0xff,0x19,0xab,0x24,0xff,
    0x19,0xab,0x24,0xff,0x19,0xab,0x24,0xff,0x19,0xab,0x24,0xff,0x19,0xab,0x24,0xff,
    0x19,0xab,0x24,0xff,0x19,0xab,0x24,0xff,0x19,0xab,0x24,0xff,0x19,0xab,0x24,0xff,
    0x19,0xab,0x24,0xff,0x19,0xab,0x24,0xff,0x19,0xab,0x24,0xff,0x19,0xab,0x24,0xff,
    0x19,0xab,0x24,0xff,0x19,0xab,0x24,0xff,0x19,0xab,0x24,0xff,0x19,0xab,0x24,0xff,
    0x19,0xab,0x24,0xff,0x19,0xab,0x24,0xff,0x19,0xab,0x24,0xff,0x19,0xab,0x24,0xff,
    0x19,0xab,0x24,0xff,0x19,0xab,0x24,0xff,0x19,0xab,0x24,0xff,0x19,0xab,0x24,0xff,
    0x19,0xab,0x24,0xff,0x19,0xab,0x24,0xff,0x19,0xab,0x24,0xff,0x19,0xab,0x24,0xff,
    0x19,0xab,0x24,0xff,0x19,0xab,0x24,0xff,0x19,0xab,0x24,0xff,0x1a,0xab,0x25,0xff,
    0x16,0xaa,0x21,0xff,0x0f,0xa7,0x1a,0xff,0x20,0xae,0x2b,0xf6,0x80,0xd0,0x87,0xea,
    0xdd,0xf2,0xdf,0xf3,0xff,0xff,0xff,0xfd,0xff,0xff,0xff,0xff,0xff,0xff,0xff,0xff,
    0xff,0xff,0xff,0xff,0xff,0xff,0xff,0xff,0xff,0xff,0xff,0xff,0xff,0xff,0xff,0xff,
    0xff,0xff,0xff,0xff,0xff,0xff,0xff,0xff,0xff,0xff,0xff,0xff,0xff,0xff,0xff,0xff,
    0xff,0xff,0xff,0xff,0xf5,0xfa,0xf5,0xf2,0x97,0xd7,0x9d,0xeb,0x30,0xb1,0x37,0xf2,
    0x0c,0xa4,0x14,0xfd,0x17,0xab,0x23,0xff,0x19,0xab,0x24,0xff,0x19,0xab,0x24,0xff,
    0x19,0xab,0x24,0xff,0x19,0xab,0x24,0xff,0x19,0xab,0x24,0xff,0x19,0xab,0x24,0xff,
    0x19,0xab,0x24,0xff,0x19,0xab,0x24,0xff,0x19,0xab,0x24,0xff,0x19,0xab,0x24,0xff,
    0x19,0xab,0x24,0xff,0x19,0xab,0x24,0xff,0x19,0xab,0x24,0xff,0x19,0xab,0x24,0xff,
    0x19,0xab,0x24,0xff,0x19,0xab,0x24,0xff,0x19,0xab,0x24,0xff,0x19,0xab,0x24,0xff,
    0x19,0xab,0x24,0xff,0x19,0xab,0x24,0xff,0x19,0xab,0x24,0xff,0x19,0xab,0x24,0xff,
    0x19,0xab,0x24,0xff,0x19,0xab,0x24,0xff,0x19,0xab,0x24,0xff,0x19,0xab,0x24,0xff,
    0x19,0xab,0x24,0xff,0x19,0xab,0x24,0xff,0x19,0xab,0x24,0xff,0x19,0xab,0x24,0xff,
    0x18,0xab,0x23,0xff,0x19,0xac,0x24,0xff,0x2c,0xb1,0x37,0xfc,0xa8,0xdc,0xaa,0x61,
    0xff,0xff,0xff,0x0e,0x00,0x00,0x00,0x00,0x00,0x00,0x00,0x00,0x00,0x00,0x00,0x00,
    0x00,0x00,0x00,0x00,0x00,0x00,0x00,0x00,0x00,0x00,0x00,0x00,0x00,0x00,0x00,0x00,
    0x00,0x00,0x00,0x00,0x00,0x00,0x00,0x00,0x00,0x00,0x00,0x00,0x00,0x00,0x00,0x00,
    0x00,0x00,0x00,0x00,0x00,0x00,0x00,0x00,0xa5,0xe1,0xa5,0x11,0x91,0xd7,0x96,0x93,
    0x13,0xa8,0x20,0xf6,0x15,0xab,0x21,0xff,0x1a,0xab,0x25,0xff,0x19,0xab,0x24,0xff,
    0x19,0xab,0x24,0xff,0x19,0xab,0x24,0xff,0x19,0xab,0x24,0xff,0x19,0xab,0x24,0xff,
    0x19,0xab,0x24,0xff,0x19,0xab,0x24,0xff,0x19,0xab,0x24,0xff,0x19,0xab,0x24,0xff,
    0x19,0xab,0x24,0xff,0x19,0xab,0x24,0xff,0x19,0xab,0x24,0xff,0x19,0xab,0x24,0xff,
    0x19,0xab,0x24,0xff,0x19,0xab,0x24,0xff,0x19,0xab,0x24,0xff,0x19,0xab,0x24,0xff,
    0x19,0xab,0x24,0xff,0x19,0xab,0x24,0xff,0x19,0xab,0x24,0xff,0x19,0xab,0x24,0xff,
    0x19,0xab,0x24,0xff,0x19,0xab,0x24,0xff,0x19,0xab,0x24,0xff,0x19,0xab,0x24,0xff,
    0x19,0xab,0x24,0xff,0x19,0xab,0x24,0xff,0x19,0xab,0x24,0xff,0x19,0xab,0x24,0xff,
    0x19,0xab,0x24,0xff,0x19,0xab,0x24,0xff,0x19,0xab,0x24,0xff,0x19,0xab,0x24,0xff,
    0x19,0xab,0x24,0xff,0x19,0xab,0x24,0xff,0x19,0xab,0x24,0xff,0x19,0xab,0x24,0xff,
    0x19,0xab,0x24,0xff,0x19,0xab,0x24,0xff,0x19,0xab,0x24,0xff,0x19,0xab,0x24,0xff,
    0x19,0xab,0x24,0xff,0x19,0xab,0x24,0xff,0x19,0xab,0x24,0xff,0x19,0xab,0x24,0xff,
    0x19,0xab,0x24,0xff,0x19,0xab,0x24,0xff,0x19,0xab,0x24,0xff,0x19,0xab,0x24,0xff,
    0x19,0xab,0x24,0xff,0x19,0xab,0x24,0xff,0x19,0xab,0x24,0xff,0x19,0xab,0x24,0xff,
    0x19,0xab,0x24,0xff,0x19,0xab,0x24,0xff,0x19,0xab,0x24,0xff,0x19,0xab,0x24,0xff,
    0x19,0xab,0x24,0xff,0x19,0xab,0x24,0xff,0x19,0xab,0x24,0xff,0x19,0xab,0x24,0xff,
    0x19,0xab,0x24,0xff,0x19,0xab,0x24,0xff,0x19,0xab,0x24,0xff,0x19,0xab,0x24,0xff,
    0x19,0xab,0x24,0xff,0x19,0xab,0x24,0xff,0x19,0xab,0x24,0xff,0x19,0xab,0x24,0xff,
    0x19,0xab,0x24,0xff,0x19,0xab,0x24,0xff,0x19,0xab,0x24,0xff,0x19,0xab,0x24,0xff,
    0x19,0xab,0x24,0xff,0x19,0xab,0x24,0xff,0x19,0xab,0x24,0xff,0x19,0xab,0x24,0xff,
    0x19,0xab,0x24,0xff,0x19,0xab,0x24,0xff,0x19,0xab,0x24,0xff,0x19,0xab,0x24,0xff,
    0x19,0xab,0x24,0xff,0x19,0xab,0x24,0xff,0x1a,0xab,0x24,0xff,0x15,0xaa,0x20,0xff,
    0x0f,0xa7,0x1c,0xfe,0x21,0xae,0x2c,0xf6,0x78,0xcd,0x80,0xeb,0xdd,0xf2,0xdf,0xf1,
    0xff,0xff,0xff,0xfd,0xff,0xff,0xff,0xff,0xff,0xff,0xff,0xff,0xff,0xff,0xff,0xff,
    0xff,0xff,0xff,0xff,0xff,0xff,0xff,0xff,0xff,0xff,0xff,0xff,0xff,0xff,0xff,0xff,
    0xff,0xff,0xff,0xff,0xff,0xff,0xff,0xff,0xff,0xff,0xff,0xff,0xff,0xff,0xff,0xff,
    0xf4,0xfa,0xf5,0xf3,0x99,0xd9,0x9d,0xeb,0x30,0xb2,0x38,0xf2,0x06,0xa2,0x0e,0xfd,
    0x12,0xa8,0x1c,0xff,0x1b,0xac,0x27,0xff,0x19,0xab,0x24,0xff,0x19,0xab,0x24,0xff,
    0x19,0xab,0x24,0xff,0x19,0xab,0x24,0xff,0x19,0xab,0x24,0xff,0x19,0xab,0x24,0xff,
    0x19,0xab,0x24,0xff,0x19,0xab,0x24,0xff,0x19,0xab,0x24,0xff,0x19,0xab,0x24,0xff,
    0x19,0xab,0x24,0xff,0x19,0xab,0x24,0xff,0x19,0xab,0x24,0xff,0x19,0xab,0x24,0xff,
    0x19,0xab,0x24,0xff,0x19,0xab,0x24,0xff,0x19,0xab,0x24,0xff,0x19,0xab,0x24,0xff,
    0x19,0xab,0x24,0xff,0x19,0xab,0x24,0xff,0x19,0xab,0x24,0xff,0x19,0xab,0x24,0xff,
    0x19,0xab,0x24,0xff,0x19,0xab,0x24,0xff,0x19,0xab,0x24,0xff,0x19,0xab,0x24,0xff,
    0x19,0xab,0x24,0xff,0x19,0xab,0x24,0xff,0x19,0xab,0x24,0xff,0x19,0xab,0x24,0xff,
    0x19,0xab,0x24,0xff,0x19,0xac,0x23,0xff,0x1a,0xae,0x26,0xff,0x95,0xd5,0x97,0x76,
    0xff,0xff,0xff,0x16,0x00,0x00,0x00,0x00,0x00,0x00,0x00,0x00,0x00,0x00,0x00,0x00,
    0x00,0x00,0x00,0x00,0x00,0x00,0x00,0x00,0x00,0x00,0x00,0x00,0x00,0x00,0x00,0x00,
    0x00,0x00,0x00,0x00,0x00,0x00,0x00,0x00,0x00,0x00,0x00,0x00,0x00,0x00,0x00,0x00,
    0x00,0x00,0x00,0x00,0x00,0x00,0x00,0x00,0xa2,0xdb,0xaa,0x24,0x6f,0xca,0x76,0xbd,
    0x19,0xab,0x24,0xfa,0x16,0xab,0x21,0xff,0x19,0xab,0x24,0xff,0x19,0xab,0x24,0xff,
    0x19,0xab,0x24,0xff,0x19,0xab,0x24,0xff,0x19,0xab,0x24,0xff,0x19,0xab,0x24,0xff,
    0x19,0xab,0x24,0xff,0x19,0xab,0x24,0xff,0x19,0xab,0x24,0xff,0x19,0xab,0x24,0xff,
    0x19,0xab,0x24,0xff,0x19,0xab,0x24,0xff,0x19,0xab,0x24,0xff,0x19,0xab,0x24,0xff,
    0x19,0xab,0x24,0xff,0x19,0xab,0x24,0xff,0x19,0xab,0x24,0xff,0x19,0xab,0x24,0xff,
    0x19,0xab,0x24,0xff,0x19,0xab,0x24,0xff,0x19,0xab,0x24,0xff,0x19,0xab,0x24,0xff,
    0x19,0xab,0x24,0xff,0x19,0xab,0x24,0xff,0x19,0xab,0x24,0xff,0x19,0xab,0x24,0xff,
    0x19,0xab,0x24,0xff,0x19,0xab,0x24,0xff,0x19,0xab,0x24,0xff,0x19,0xab,0x24,0xff,
    0x19,0xab,0x24,0xff,0x19,0xab,0x24,0xff,0x19,0xab,0x24,0xff,0x19,0xab,0x24,0xff,
    0x19,0xab,0x24,0xff,0x19,0xab,0x24,0xff,0x19,0xab,0x24,0xff,0x19,0xab,0x24,0xff,
    0x19,0xab,0x24,0xff,0x19,0xab,0x24,0xff,0x19,0xab,0x24,0xff,0x19,0xab,0x24,0xff,
    0x19,0xab,0x24,0xff,0x19,0xab,0x24,0xff,0x19,0xab,0x24,0xff,0x19,0xab,0x24,0xff,
    0x19,0xab,0x24,0xff,0x19,0xab,0x24,0xff,0x19,0xab,0x24,0xff,0x19,0xab,0x24,0xff,
    0x19,0xab,0x24,0xff,0x19,0xab,0x24,0xff,0x19,0xab,0x24,0xff,0x19,0xab,0x24,0xff,
    0x19,0xab,0x24,0xff,0x19,0xab,0x24,0xff,0x19,0xab,0x24,0xff,0x19,0xab,0x24,0xff,
    0x19,0xab,0x24,0xff,0x19,0xab,0x24,0xff,0x19,0xab,0x24,0xff,0x19,0xab,0x24,0xff,
    0x19,0xab,0x24,0xff,0x19,0xab,0x24,0xff,0x19,0xab,0x24,0xff,0x19,0xab,0x24,0xff,
    0x19,0xab,0x24,0xff,0x19,0xab,0x24,0xff,0x19,0xab,0x24,0xff,0x19,0xab,0x24,0xff,
    0x19,0xab,0x24,0xff,0x19,0xab,0x24,0xff,0x19,0xab,0x24,0xff,0x19,0xab,0x24,0xff,
    0x19,0xab,0x24,0xff,0x19,0xab,0x24,0xff,0x19,0xab,0x24,0xff,0x19,0xab,0x24,0xff,
    0x19,0xab,0x24,0xff,0x19,0xab,0x24,0xff,0x19,0xab,0x24,0xff,0x19,0xab,0x24,0xff,
    0x19,0xab,0x24,0xff,0x19,0xab,0x24,0xff,0x16,0xaa,0x21,0xff,0x0e,0xa6,0x1b,0xfe,
    0x22,0xaf,0x2e,0xf6,0x71,0xca,0x79,0xeb,0xe1,0xf3,0xe2,0xee,0xff,0xff,0xff,0xfe,
    0xff,0xff,0xff,0xff,0xff,0xff,0xff,0xff,0xff,0xff,0xff,0xff,0xff,0xff,0xff,0xff,
    0xff,0xff,0xff,0xff,0xff,0xff,0xff,0xff,0xff,0xff,0xff,0xff,0xff,0xff,0xff,0xff,
    0xff,0xff,0xff,0xff,0xff,0xff,0xff,0xff,0xff,0xff,0xff,0xff,0xf2,0xf9,0xf3,0xf7,
    0xa0,0xdc,0xa4,0xea,0x2d,0xb1,0x36,0xf2,0x05,0xa2,0x0e,0xfd,0x12,0xa9,0x1b,0xff,
    0x1c,0xac,0x28,0xff,0x19,0xab,0x24,0xff,0x19,0xab,0x24,0xff,0x19,0xab,0x24,0xff,
    0x19,0xab,0x24,0xff,0x19,0xab,0x24,0xff,0x19,0xab,0x24,0xff,0x19,0xab,0x24,0xff,
    0x19,0xab,0x24,0xff,0x19,0xab,0x24,0xff,0x19,0xab,0x24,0xff,0x19,0xab,0x24,0xff,
    0x19,0xab,0x24,0xff,0x19,0xab,0x24,0xff,0x19,0xab,0x24,0xff,0x19,0xab,0x24,0xff,
    0x19,0xab,0x24,0xff,0x19,0xab,0x24,0xff,0x19,0xab,0x24,0xff,0x19,0xab,0x24,0xff,
    0x19,0xab,0x24,0xff,0x19,0xab,0x24,0xff,0x19,0xab,0x24,0xff,0x19,0xab,0x24,0xff,
    0x19,0xab,0x24,0xff,0x19,0xab,0x24,0xff,0x19,0xab,0x24,0xff,0x19,0xab,0x24,0xff,
    0x19,0xab,0x24,0xff,0x19,0xab,0x24,0xff,0x19,0xab,0x24,0xff,0x19,0xab,0x24,0xff,
    0x19,0xab,0x24,0xff,0x18,0xab,0x23,0xff,0x17,0xac,0x22,0xff,0x82,0xd1,0x88,0x97,
    0xc4,0xe1,0xc4,0x23,0x00,0x00,0x00,0x00,0x00,0x00,0x00,0x00,0x00,0x00,0x00,0x00,
    0x00,0x00,0x00,0x00,0x00,0x00,0x00,0x00,0x00,0x00,0x00,0x00,0x00,0x00,0x00,0x00,
    0x00,0x00,0x00,0x00,0x00,0x00,0x00,0x00,0x00,0x00,0x00,0x00,0x00,0x00,0x00,0x00,
    0x00,0x00,0x00,0x00,0xff,0xff,0xff,0x08,0xb5,0xe3,0xb9,0x49,0x4e,0xbf,0x58,0xe2,
    0x19,0xa9,0x24,0xfe,0x16,0xab,0x22,0xff,0x19,0xab,0x24,0xff,0x19,0xab,0x24,0xff,
    0x19,0xab,0x24,0xff,0x19,0xab,0x24,0xff,0x19,0xab,0x24,0xff,0x19,0xab,0x24,0xff,
    0x19,0xab,0x24,0xff,0x19,0xab,0x24,0xff,0x19,0xab,0x24,0xff,0x19,0xab,0x24,0xff,
    0x19,0xab,0x24,0xff,0x19,0xab,0x24,0xff,0x19,0xab,0x24,0xff,0x19,0xab,0x24,0xff,
    0x19,0xab,0x24,0xff,0x19,0xab,0x24,0xff,0x19,0xab,0x24,0xff,0x19,0xab,0x24,0xff,
    0x19,0xab,0x24,0xff,0x19,0xab,0x24,0xff,0x19,0xab,0x24,0xff,0x19,0xab,0x24,0xff,
    0x19,0xab,0x24,0xff,0x19,0xab,0x24,0xff,0x19,0xab,0x24,0xff,0x19,0xab,0x24,0xff,
    0x19,0xab,0x24,0xff,0x19,0xab,0x24,0xff,0x19,0xab,0x24,0xff,0x19,0xab,0x24,0xff,
    0x19,0xab,0x24,0xff,0x19,0xab,0x24,0xff,0x19,0xab,0x24,0xff,0x19,0xab,0x24,0xff,
    0x19,0xab,0x24,0xff,0x19,0xab,0x24,0xff,0x19,0xab,0x24,0xff,0x19,0xab,0x24,0xff,
    0x19,0xab,0x24,0xff,0x19,0xab,0x24,0xff,0x19,0xab,0x24,0xff,0x19,0xab,0x24,0xff,
    0x19,0xab,0x24,0xff,0x19,0xab,0x24,0xff,0x19,0xab,0x24,0xff,0x19,0xab,0x24,0xff,
    0x19,0xab,0x24,0xff,0x19,0xab,0x24,0xff,0x19,0xab,0x24,0xff,0x19,0xab,0x24,0xff,
    0x19,0xab,0x24,0xff,0x19,0xab,0x24,0xff,0x19,0xab,0x24,0xff,0x19,0xab,0x24,0xff,
    0x19,0xab,0x24,0xff,0x19,0xab,0x24,0xff,0x19,0xab,0x24,0xff,0x19,0xab,0x24,0xff,
    0x19,0xab,0x24,0xff,0x19,0xab,0x24,0xff,0x19,0xab,0x24,0xff,0x19,0xab,0x24,0xff,
    0x19,0xab,0x24,0xff,0x19,0xab,0x24,0xff,0x19,0xab,0x24,0xff,0x19,0xab,0x24,0xff,
    0x19,0xab,0x24,0xff,0x19,0xab,0x24,0xff,0x19,0xab,0x24,0xff,0x19,0xab,0x24,0xff,
    0x19,0xab,0x24,0xff,0x19,0xab,0x24,0xff,0x19,0xab,0x24,0xff,0x19,0xab,0x24,0xff,
    0x19,0xab,0x24,0xff,0x19,0xab,0x24,0xff,0x19,0xab,0x24,0xff,0x19,0xab,0x24,0xff,
    0x19,0xab,0x24,0xff,0x19,0xab,0x24,0xff,0x19,0xab,0x24,0xff,0x19,0xab,0x24,0xff,
    0x19,0xab,0x24,0xff,0x17,0xaa,0x23,0xff,0x0f,0xa8,0x1c,0xff,0x1f,0xae,0x2b,0xf6,
    0x6e,0xc8,0x75,0xeb,0xe1,0xf3,0xe4,0xed,0xff,0xff,0xff,0xff,0xff,0xff,0xff,0xff,
    0xff,0xff,0xff,0xff,0xff,0xff,0xff,0xff,0xff,0xff,0xff,0xff,0xff,0xff,0xff,0xff,
    0xff,0xff,0xff,0xff,0xff,0xff,0xff,0xff,0xff,0xff,0xff,0xff,0xff,0xff,0xff,0xff,
    0xff,0xff,0xff,0xff,0xff,0xff,0xff,0xfe,0xf1,0xf9,0xf2,0xf9,0xa7,0xdf,0xac,0xe9,
    0x29,0xb0,0x34,0xf4,0x09,0xa4,0x13,0xfd,0x13,0xa9,0x1e,0xff,0x1c,0xac,0x28,0xff,
    0x19,0xab,0x24,0xff,0x19,0xab,0x24,0xff,0x19,0xab,0x24,0xff,0x19,0xab,0x24,0xff,
    0x19,0xab,0x24,0xff,0x19,0xab,0x24,0xff,0x19,0xab,0x24,0xff,0x19,0xab,0x24,0xff,
    0x19,0xab,0x24,0xff,0x19,0xab,0x24,0xff,0x19,0xab,0x24,0xff,0x19,0xab,0x24,0xff,
    0x19,0xab,0x24,0xff,0x19,0xab,0x24,0xff,0x19,0xab,0x24,0xff,0x19,0xab,0x24,0xff,
    0x19,0xab,0x24,0xff,0x19,0xab,0x24,0xff,0x19,0xab,0x24,0xff,0x19,0xab,0x24,0xff,
    0x19,0xab,0x24,0xff,0x19,0xab,0x24,0xff,0x19,0xab,0x24,0xff,0x19,0xab,0x24,0xff,
    0x19,0xab,0x24,0xff,0x19,0xab,0x24,0xff,0x19,0xab,0x24,0xff,0x19,0xab,0x24,0xff,
    0x19,0xab,0x24,0xff,0x19,0xab,0x24,0xff,0x19,0xab,0x24,0xff,0x19,0xab,0x24,0xff,
    0x19,0xab,0x24,0xff,0x18,0xab,0x23,0xff,0x18,0xac,0x23,0xff,0x6f,0xca,0x75,0xba,
    0xa0,0xd9,0xaa,0x36,0x00,0x00,0x00,0x00,0x00,0x00,0x00,0x00,0x00,0x00,0x00,0x00,
    0x00,0x00,0x00,0x00,0x00,0x00,0x00,0x00,0x00,0x00,0x00,0x00,0x00,0x00,0x00,0x00,
    0x00,0x00,0x00,0x00,0x00,0x00,0x00,0x00,0x00,0x00,0x00,0x00,0x00,0x00,0x00,0x00,
    0x00,0x00,0x00,0x00,0xff,0xff,0xff,0x0d,0xa7,0xdf,0xac,0x60,0x30,0xb3,0x3c,0xff,
    0x19,0xab,0x24,0xff,0x18,0xab,0x23,0xff,0x19,0xab,0x24,0xff,0x19,0xab,0x24,0xff,
    0x19,0xab,0x24,0xff,0x19,0xab,0x24,0xff,0x19,0xab,0x24,0xff,0x19,0xab,0x24,0xff,
    0x19,0xab,0x24,0xff,0x19,0xab,0x24,0xff,0x19,0xab,0x24,0xff,0x19,0xab,0x24,0xff,
    0x19,0xab,0x24,0xff,0x19,0xab,0x24,0xff,0x19,0xab,0x24,0xff,0x19,0xab,0x24,0xff,
    0x19,0xab,0x24,0xff,0x19,0xab,0x24,0xff,0x19,0xab,0x24,0xff,0x19,0xab,0x24,0xff,
    0x19,0xab,0x24,0xff,0x19,0xab,0x24,0xff,0x19,0xab,0x24,0xff,0x19,0xab,0x24,0xff,
    0x19,0xab,0x24,0xff,0x19,0xab,0x24,0xff,0x19,0xab,0x24,0xff,0x19,0xab,0x24,0xff,
    0x19,0xab,0x24,0xff,0x19,0xab,0x24,0xff,0x19,0xab,0x24,0xff,0x19,0xab,0x24,0xff,
    0x19,0xab,0x24,0xff,0x19,0xab,0x24,0xff,0x19,0xab,0x24,0xff,0x19,0xab,0x24,0xff,
    0x19,0xab,0x24,0xff,0x19,0xab,0x24,0xff,0x19,0xab,0x24,0xff,0x19,0xab,0x24,0xff,
    0x19,0xab,0x24,0xff,0x19,0xab,0x24,0xff,0x19,0xab,0x24,0xff,0x19,0xab,0x24,0xff,
    0x19,0xab,0x24,0xff,0x19,0xab,0x24,0xff,0x19,0xab,0x24,0xff,0x19,0xab,0x24,0xff,
    0x19,0xab,0x24,0xff,0x19,0xab,0x24,0xff,0x19,0xab,0x24,0xff,0x19,0xab,0x24,0xff,
    0x19,0xab,0x24,0xff,0x19,0xab,0x24,0xff,0x19,0xab,0x24,0xff,0x19,0xab,0x24,0xff,
    0x19,0xab,0x24,0xff,0x19,0xab,0x24,0xff,0x19,0xab,0x24,0xff,0x19,0xab,0x24,0xff,
    0x19,0xab,0x24,0xff,0x19,0xab,0x24,0xff,0x19,0xab,0x24,0xff,0x19,0xab,0x24,0xff,
    0x19,0xab,0x24,0xff,0x19,0xab,0x24,0xff,0x19,0xab,0x24,0xff,0x19,0xab,0x24,0xff,
    0x19,0xab,0x24,0xff,0x19,0xab,0x24,0xff,0x19,0xab,0x24,0xff,0x19,0xab,0x24,0xff,
    0x19,0xab,0x24,0xff,0x19,0xab,0x24,0xff,0x19,0xab,0x24,0xff,0x19,0xab,0x24,0xff,
    0x19,0xab,0x24,0xff,0x19,0xab,0x24,0xff,0x19,0xab,0x24,0xff,0x19,0xab,0x24,0xff,
    0x19,0xab,0x24,0xff,0x19,0xab,0x24,0xff,0x19,0xab,0x24,0xff,0x19,0xab,0x24,0xff,
    0x18,0xaa,0x23,0xff,0x0e,0xa8,0x1b,0xff,0x1d,0xac,0x28,0xf5,0x75,0xca,0x7b,0xea,
    0xdf,0xf3,0xe2,0xee,0xff,0xff,0xff,0xfe,0xff,0xff,0xff,0xff,0xff,0xff,0xff,0xff,
    0xff,0xff,0xff,0xff,0xff,0xff,0xff,0xff,0xff,0xff,0xff,0xff,0xff,0xff,0xff,0xff,
    0xff,0xff,0xff,0xff,0xff,0xff,0xff,0xff,0xff,0xff,0xff,0xff,0xff,0xff,0xff,0xff,
    0xff,0xff,0xff,0xff,0xf1,0xf9,0xf2,0xf9,0xa4,0xdd,0xa9,0xe9,0x2a,0xb1,0x35,0xf6,
    0x0b,0xa5,0x17,0xfe,0x15,0xaa,0x20,0xff,0x1b,0xac,0x26,0xff,0x19,0xab,0x24,0xff,
    0x19,0xab,0x24,0xff,0x19,0xab,0x24,0xff,0x19,0xab,0x24,0xff,0x19,0xab,0x24,0xff,
    0x19,0xab,0x24,0xff,0x19,0xab,0x24,0xff,0x19,0xab,0x24,0xff,0x19,0xab,0x24,0xff,
    0x19,0xab,0x24,0xff,0x19,0xab,0x24,0xff,0x19,0xab,0x24,0xff,0x19,0xab,0x24,0xff,
    0x19,0xab,0x24,0xff,0x19,0xab,0x24,0xff,0x19,0xab,0x24,0xff,0x19,0xab,0x24,0xff,
    0x19,0xab,0x24,0xff,0x19,0xab,0x24,0xff,0x19,0xab,0x24,0xff,0x19,0xab,0x24,0xff,
    0x19,0xab,0x24,0xff,0x19,0xab,0x24,0xff,0x19,0xab,0x24,0xff,0x19,0xab,0x24,0xff,
    0x19,0xab,0x24,0xff,0x19,0xab,0x24,0xff,0x19,0xab,0x24,0xff,0x19,0xab,0x24,0xff,
    0x19,0xab,0x24,0xff,0x19,0xab,0x24,0xff,0x19,0xab,0x24,0xff,0x19,0xab,0x24,0xff,
    0x19,0xab,0x24,0xff,0x18,0xab,0x23,0xff,0x15,0xaa,0x21,0xff,0x57,0xc1,0x5f,0xdb,
    0x9f,0xda,0xa5,0x5b,0x00,0x00,0x00,0x00,0x00,0x00,0x00,0x00,0x00,0x00,0x00,0x00,
    0x00,0x00,0x00,0x00,0x00,0x00,0x00,0x00,0x00,0x00,0x00,0x00,0x00,0x00,0x00,0x00,
    0x00,0x00,0x00,0x00,0x00,0x00,0x00,0x00,0x00,0x00,0x00,0x00,0x00,0x00,0x00,0x00,
    0x00,0x00,0x00,0x00,0xff,0xff,0xff,0x11,0x98,0xd6,0x9d,0x6b,0x1c,0xae,0x28,0xff,
    0x18,0xac,0x24,0xff,0x19,0xab,0x24,0xff,0x19,0xab,0x24,0xff,0x19,0xab,0x24,0xff,
    0x19,0xab,0x24,0xff,0x19,0xab,0x24,0xff,0x19,0xab,0x24,0xff,0x19,0xab,0x24,0xff,
    0x19,0xab,0x24,0xff,0x19,0xab,0x24,0xff,0x19,0xab,0x24,0xff,0x19,0xab,0x24,0xff,
    0x19,0xab,0x24,0xff,0x19,0xab,0x24,0xff,0x19,0xab,0x24,0xff,0x19,0xab,0x24,0xff,
    0x19,0xab,0x24,0xff,0x19,0xab,0x24,0xff,0x19,0xab,0x24,0xff,0x19,0xab,0x24,0xff,
    0x19,0xab,0x24,0xff,0x19,0xab,0x24,0xff,0x19,0xab,0x24,0xff,0x19,0xab,0x24,0xff,
    0x19,0xab,0x24,0xff,0x19,0xab,0x24,0xff,0x19,0xab,0x24,0xff,0x19,0xab,0x24,0xff,
    0x19,0xab,0x24,0xff,0x19,0xab,0x24,0xff,0x19,0xab,0x24,0xff,0x19,0xab,0x24,0xff,
    0x19,0xab,0x24,0xff,0x19,0xab,0x24,0xff,0x19,0xab,0x24,0xff,0x19,0xab,0x24,0xff,
    0x19,0xab,0x24,0xff,0x19,0xab,0x24,0xff,0x19,0xab,0x24,0xff,0x19,0xab,0x24,0xff,
    0x19,0xab,0x24,0xff,0x19,0xab,0x24,0xff,0x19,0xab,0x24,0xff,0x19,0xab,0x24,0xff,
    0x19,0xab,0x24,0xff,0x19,0xab,0x24,0xff,0x19,0xab,0x24,0xff,0x19,0xab,0x24,0xff,
    0x19,0xab,0x24,0xff,0x19,0xab,0x24,0xff,0x19,0xab,0x24,0xff,0x19,0xab,0x24,0xff,
    0x19,0xab,0x24,0xff,0x19,0xab,0x24,0xff,0x19,0xab,0x24,0xff,0x19,0xab,0x24,0xff,
    0x19,0xab,0x24,0xff,0x19,0xab,0x24,0xff,0x19,0xab,0x24,0xff,0x19,0xab,0x24,0xff,
    0x19,0xab,0x24,0xff,0x19,0xab,0x24,0xff,0x19,0xab,0x24,0xff,0x19,0xab,0x24,0xff,
    0x19,0xab,0x24,0xff,0x19,0xab,0x24,0xff,0x19,0xab,0x24,0xff,0x19,0xab,0x24,0xff,
    0x19,0xab,0x24,0xff,0x19,0xab,0x24,0xff,0x19,0xab,0x24,0xff,0x19,0xab,0x24,0xff,
    0x19,0xab,0x24,0xff,0x19,0xab,0x24,0xff,0x19,0xab,0x24,0xff,0x19,0xab,0x24,0xff,
    0x19,0xab,0x24,0xff,0x19,0xab,0x24,0xff,0x19,0xab,0x24,0xff,0x19,0xab,0x24,0xff,
    0x19,0xab,0x24,0xff,0x19,0xab,0x24,0xff,0x19,0xab,0x24,0xff,0x18,0xaa,0x23,0xff,
    0x0e,0xa8,0x19,0xff,0x20,0xad,0x2a,0xf4,0x7e,0xce,0x85,0xe9,0xde,0xf2,0xde,0xef,
    0xff,0xff,0xff,0xfd,0xff,0xff,0xff,0xff,0xff,0xff,0xff,0xff,0xff,0xff,0xff,0xff,
    0xff,0xff,0xff,0xff,0xff,0xff,0xff,0xff,0xff,0xff,0xff,0xff,0xff,0xff,0xff,0xff,
    0xff,0xff,0xff,0xff,0xff,0xff,0xff,0xff,0xff,0xff,0xff,0xff,0xff,0xff,0xff,0xff,
    0xf0,0xf9,0xf2,0xf7,0x9e,0xdb,0xa3,0xed,0x30,0xb2,0x39,0xf4,0x0c,0xa6,0x18,0xfe,
    0x16,0xa9,0x21,0xff,0x1a,0xab,0x25,0xff,0x19,0xab,0x24,0xff,0x19,0xab,0x24,0xff,
    0x19,0xab,0x24,0xff,0x19,0xab,0x24,0xff,0x19,0xab,0x24,0xff,0x19,0xab,0x24,0xff,
    0x19,0xab,0x24,0xff,0x19,0xab,0x24,0xff,0x19,0xab,0x24,0xff,0x19,0xab,0x24,0xff,
    0x19,0xab,0x24,0xff,0x19,0xab,0x24,0xff,0x19,0xab,0x24,0xff,0x19,0xab,0x24,0xff,
    0x19,0xab,0x24,0xff,0x19,0xab,0x24,0xff,0x19,0xab,0x24,0xff,0x19,0xab,0x24,0xff,
    0x19,0xab,0x24,0xff,0x19,0xab,0x24,0xff,0x19,0xab,0x24,0xff,0x19,0xab,0x24,0xff,
    0x19,0xab,0x24,0xff,0x19,0xab,0x24,0xff,0x19,0xab,0x24,0xff,0x19,0xab,0x24,0xff,
    0x19,0xab,0x24,0xff,0x19,0xab,0x24,0xff,0x19,0xab,0x24,0xff,0x19,0xab,0x24,0xff,
    0x19,0xab,0x24,0xff,0x19,0xab,0x24,0xff,0x19,0xab,0x24,0xff,0x19,0xab,0x24,0xff,
    0x19,0xab,0x24,0xff,0x18,0xab,0x23,0xff,0x14,0xa9,0x20,0xff,0x3d,0xb8,0x46,0xf8,
    0x89,0xd4,0x90,0x71,0x00,0x00,0x00,0x00,0x00,0x00,0x00,0x00,0x00,0x00,0x00,0x00,
    0x00,0x00,0x00,0x00,0x00,0x00,0x00,0x00,0x00,0x00,0x00,0x00,0x00,0x00,0x00,0x00,
    0x00,0x00,0x00,0x00,0x00,0x00,0x00,0x00,0x00,0x00,0x00,0x00,0x00,0x00,0x00,0x00,
    0x00,0x00,0x00,0x00,0xff,0xf4,0xff,0x19,0x91,0xd5,0x97,0x80,0x19,0xad,0x24,0xff,
    0x18,0xac,0x23,0xff,0x19,0xab,0x24,0xff,0x19,0xab,0x24,0xff,0x19,0xab,0x24,0xff,
    0x19,0xab,0x24,0xff,0x19,0xab,0x24,0xff,0x19,0xab,0x24,0xff,0x19,0xab,0x24,0xff,
    0x19,0xab,0x24,0xff,0x19,0xab,0x24,0xff,0x19,0xab,0x24,0xff,0x19,0xab,0x24,0xff,
    0x19,0xab,0x24,0xff,0x19,0xab,0x24,0xff,0x19,0xab,0x24,0xff,0x19,0xab,0x24,0xff,
    0x19,0xab,0x24,0xff,0x19,0xab,0x24,0xff,0x19,0xab,0x24,0xff,0x19,0xab,0x24,0xff,
    0x19,0xab,0x24,0xff,0x19,0xab,0x24,0xff,0x19,0xab,0x24,0xff,0x19,0xab,0x24,0xff,
    0x19,0xab,0x24,0xff,0x19,0xab,0x24,0xff,0x19,0xab,0x24,0xff,0x19,0xab,0x24,0xff,
    0x19,0xab,0x24,0xff,0x19,0xab,0x24,0xff,0x19,0xab,0x24,0xff,0x19,0xab,0x24,0xff,
    0x19,0xab,0x24,0xff,0x19,0xab,0x24,0xff,0x19,0xab,0x24,0xff,0x19,0xab,0x24,0xff,
    0x19,0xab,0x24,0xff,0x19,0xab,0x24,0xff,0x19,0xab,0x24,0xff,0x19,0xab,0x24,0xff,
    0x19,0xab,0x24,0xff,0x19,0xab,0x24,0xff,0x19,0xab,0x24,0xff,0x19,0xab,0x24,0xff,
    0x19,0xab,0x24,0xff,0x19,0xab,0x24,0xff,0x19,0xab,0x24,0xff,0x19,0xab,0x24,0xff,
    0x19,0xab,0x24,0xff,0x19,0xab,0x24,0xff,0x19,0xab,0x24,0xff,0x19,0xab,0x24,0xff,
    0x19,0xab,0x24,0xff,0x19,0xab,0x24,0xff,0x19,0xab,0x24,0xff,0x19,0xab,0x24,0xff,
    0x19,0xab,0x24,0xff,0x19,0xab,0x24,0xff,0x19,0xab,0x24,0xff,0x19,0xab,0x24,0xff,
    0x19,0xab,0x24,0xff,0x19,0xab,0x24,0xff,0x19,0xab,0x24,0xff,0x19,0xab,0x24,0xff,
    0x19,0xab,0x24,0xff,0x19,0xab,0x24,0xff,0x19,0xab,0x24,0xff,0x19,0xab,0x24,0xff,
    0x19,0xab,0x24,0xff,0x19,0xab,0x24,0xff,0x19,0xab,0x24,0xff,0x19,0xab,0x24,0xff,
    0x19,0xab,0x24,0xff,0x19,0xab,0x24,0xff,0x19,0xab,0x24,0xff,0x19,0xab,0x24,0xff,
    0x19,0xab,0x24,0xff,0x19,0xab,0x24,0xff,0x19,0xab,0x24,0xff,0x19,0xab,0x24,0xff,
    0x19,0xab,0x24,0xff,0x19,0xab,0x24,0xff,0x16,0xaa,0x21,0xff,0x0f,0xa8,0x1a,0xff,
    0x22,0xae,0x2c,0xf5,0x7f,0xcf,0x84,0xea,0xdb,0xf1,0xdc,0xf1,0xff,0xff,0xff,0xfc,
    0xff,0xff,0xff,0xff,0xff,0xff,0xff,0xff,0xff,0xff,0xff,0xff,0xff,0xff,0xff,0xff,
    0xff,0xff,0xff,0xff,0xff,0xff,0xff,0xff,0xff,0xff,0xff,0xff,0xff,0xff,0xff,0xff,
    0xff,0xff,0xff,0xff,0xff,0xff,0xff,0xff,0xff,0xff,0xff,0xff,0xf3,0xfa,0xf4,0xf4,
    0x9b,0xd9,0xa0,0xee,0x36,0xb4,0x3e,0xf4,0x0c,0xa5,0x19,0xfe,0x14,0xaa,0x1f,0xff,
    0x19,0xab,0x24,0xff,0x19,0xab,0x24,0xff,0x19,0xab,0x24,0xff,0x19,0xab,0x24,0xff,
    0x19,0xab,0x24,0xff,0x19,0xab,0x24,0xff,0x19,0xab,0x24,0xff,0x19,0xab,0x24,0xff,
    0x19,0xab,0x24,0xff,0x19,0xab,0x24,0xff,0x19,0xab,0x24,0xff,0x19,0xab,0x24,0xff,
    0x19,0xab,0x24,0xff,0x19,0xab,0x24,0xff,0x19,0xab,0x24,0xff,0x19,0xab,0x24,0xff,
    0x19,0xab,0x24,0xff,0x19,0xab,0x24,0xff,0x19,0xab,0x24,0xff,0x19,0xab,0x24,0xff,
    0x19,0xab,0x24,0xff,0x19,0xab,0x24,0xff,0x19,0xab,0x24,0xff,0x19,0xab,0x24,0xff,
    0x19,0xab,0x24,0xff,0x19,0xab,0x24,0xff,0x19,0xab,0x24,0xff,0x19,0xab,0x24,0xff,
    0x19,0xab,0x24,0xff,0x19,0xab,0x24,0xff,0x19,0xab,0x24,0xff,0x19,0xab,0x24,0xff,
    0x19,0xab,0x24,0xff,0x19,0xab,0x24,0xff,0x19,0xab,0x24,0xff,0x19,0xab,0x24,0xff,
    0x19,0xab,0x24,0xff,0x18,0xab,0x24,0xff,0x14,0xa9,0x20,0xff,0x2a,0xb1,0x35,0xff,
    0x78,0xcc,0x7e,0x79,0x00,0x00,0x00,0x00,0x00,0x00,0x00,0x00,0x00,0x00,0x00,0x00,
    0x00,0x00,0x00,0x00,0x00,0x00,0x00,0x00,0x00,0x00,0x00,0x00,0x00,0x00,0x00,0x00,
    0x00,0x00,0x00,0x00,0x00,0x00,0x00,0x00,0x00,0x00,0x00,0x00,0x00,0x00,0x00,0x00,
    0x00,0x00,0x00,0x00,0xcc,0xe9,0xcc,0x23,0x85,0xcf,0x8a,0x97,0x1a,0xad,0x25,0xff,
    0x18,0xab,0x23,0xff,0x19,0xab,0x24,0xff,0x19,0xab,0x24,0xff,0x19,0xab,0x24,0xff,
    0x19,0xab,0x24,0xff,0x19,0xab,0x24,0xff,0x19,0xab,0x24,0xff,0x19,0xab,0x24,0xff,
    0x19,0xab,0x24,0xff,0x19,0xab,0x24,0xff,0x19,0xab,0x24,0xff,0x19,0xab,0x24,0xff,
    0x19,0xab,0x24,0xff,0x19,0xab,0x24,0xff,0x19,0xab,0x24,0xff,0x19,0xab,0x24,0xff,
    0x19,0xab,0x24,0xff,0x19,0xab,0x24,0xff,0x19,0xab,0x24,0xff,0x19,0xab,0x24,0xff,
    0x19,0xab,0x24,0xff,0x19,0xab,0x24,0xff,0x19,0xab,0x24,0xff,0x19,0xab,0x24,0xff,
    0x19,0xab,0x24,0xff,0x19,0xab,0x24,0xff,0x19,0xab,0x24,0xff,0x19,0xab,0x24,0xff,
    0x19,0xab,0x24,0xff,0x19,0xab,0x24,0xff,0x19,0xab,0x24,0xff,0x19,0xab,0x24,0xff,
    0x19,0xab,0x24,0xff,0x19,0xab,0x24,0xff,0x19,0xab,0x24,0xff,0x19,0xab,0x24,0xff,
    0x19,0xab,0x24,0xff,0x19,0xab,0x24,0xff,0x19,0xab,0x24,0xff,0x19,0xab,0x24,0xff,
    0x19,0xab,0x24,0xff,0x19,0xab,0x24,0xff,0x19,0xab,0x24,0xff,0x19,0xab,0x24,0xff,
    0x19,0xab,0x24,0xff,0x19,0xab,0x24,0xff,0x19,0xab,0x24,0xff,0x19,0xab,0x24,0xff,
    0x19,0xab,0x24,0xff,0x19,0xab,0x24,0xff,0x19,0xab,0x24,0xff,0x19,0xab,0x24,0xff,
    0x19,0xab,0x24,0xff,0x19,0xab,0x24,0xff,0x19,0xab,0x24,0xff,0x19,0xab,0x24,0xff,
    0x19,0xab,0x24,0xff,0x19,0xab,0x24,0xff,0x19,0xab,0x24,0xff,0x19,0xab,0x24,0xff,
    0x19,0xab,0x24,0xff,0x19,0xab,0x24,0xff,0x19,0xab,0x24,0xff,0x19,0xab,0x24,0xff,
    0x19,0xab,0x24,0xff,0x19,0xab,0x24,0xff,0x19,0xab,0x24,0xff,0x19,0xab,0x24,0xff,
    0x19,0xab,0x24,0xff,0x19,0xab,0x24,0xff,0x19,0xab,0x24,0xff,0x19,0xab,0x24,0xff,
    0x19,0xab,0x24,0xff,0x19,0xab,0x24,0xff,0x19,0xab,0x24,0xff,0x19,0xab,0x24,0xff,
    0x19,0xab,0x24,0xff,0x19,0xab,0x24,0xff,0x19,0xab,0x24,0xff,0x19,0xab,0x24,0xff,
    0x19,0xab,0x24,0xff,0x15,0xaa,0x20,0xff,0x11,0xa8,0x1b,0xff,0x25,0xb0,0x2f,0xf6,
    0x7a,0xcf,0x81,0xeb,0xdb,0xf0,0xdc,0xf2,0xfe,0xfe,0xfe,0xfc,0xff,0xff,0xff,0xff,
    0xff,0xff,0xff,0xff,0xff,0xff,0xff,0xff,0xff,0xff,0xff,0xff,0xff,0xff,0xff,0xff,
    0xff,0xff,0xff,0xff,0xff,0xff,0xff,0xff,0xff,0xff,0xff,0xff,0xff,0xff,0xff,0xff,
    0xff,0xff,0xff,0xff,0xff,0xff,0xff,0xff,0xf3,0xfa,0xf4,0xf4,0x9d,0xdb,0xa2,0xed,
    0x38,0xb5,0x42,0xf3,0x0c,0xa6,0x19,0xfd,0x12,0xa9,0x1e,0xff,0x19,0xab,0x24,0xff,
    0x19,0xab,0x24,0xff,0x19,0xab,0x24,0xff,0x19,0xab,0x24,0xff,0x19,0xab,0x24,0xff,
    0x19,0xab,0x24,0xff,0x19,0xab,0x24,0xff,0x19,0xab,0x24,0xff,0x19,0xab,0x24,0xff,
    0x19,0xab,0x24,0xff,0x19,0xab,0x24,0xff,0x19,0xab,0x24,0xff,0x19,0xab,0x24,0xff,
    0x19,0xab,0x24,0xff,0x19,0xab,0x24,0xff,0x19,0xab,0x24,0xff,0x19,0xab,0x24,0xff,
    0x19,0xab,0x24,0xff,0x19,0xab,0x24,0xff,0x19,0xab,0x24,0xff,0x19,0xab,0x24,0xff,
    0x19,0xab,0x24,0xff,0x19,0xab,0x24,0xff,0x19,0xab,0x24,0xff,0x19,0xab,0x24,0xff,
    0x19,0xab,0x24,0xff,0x19,0xab,0x24,0xff,0x19,0xab,0x24,0xff,0x19,0xab,0x24,0xff,
    0x19,0xab,0x24,0xff,0x19,0xab,0x24,0xff,0x19,0xab,0x24,0xff,0x19,0xab,0x24,0xff,
    0x19,0xab,0x24,0xff,0x19,0xab,0x24,0xff,0x19,0xab,0x24,0xff,0x19,0xab,0x24,0xff,
    0x19,0xab,0x24,0xff,0x19,0xab,0x24,0xff,0x14,0xa9,0x20,0xff,0x22,0xaf,0x2e,0xff,
    0x72,0xc9,0x79,0x86,0x00,0x00,0x00,0x00,0x00,0x00,0x00,0x00,0x00,0x00,0x00,0x00,
    0x00,0x00,0x00,0x00,0x00,0x00,0x00,0x00,0x00,0x00,0x00,0x00,0x00,0x00,0x00,0x00,
    0x00,0x00,0x00,0x00,0x00,0x00,0x00,0x00,0x00,0x00,0x00,0x00,0x00,0x00,0x00,0x00,
    0x00,0x00,0x00,0x00,0xab,0xdd,0xab,0x2e,0x74,0xcc,0x7b,0xab,0x1a,0xad,0x25,0xff,
    0x18,0xab,0x23,0xff,0x19,0xab,0x24,0xff,0x19,0xab,0x24,0xff,0x19,0xab,0x24,0xff,
    0x19,0xab,0x24,0xff,0x19,0xab,0x24,0xff,0x19,0xab,0x24,0xff,0x19,0xab,0x24,0xff,
    0x19,0xab,0x24,0xff,0x19,0xab,0x24,0xff,0x19,0xab,0x24,0xff,0x19,0xab,0x24,0xff,
    0x19,0xab,0x24,0xff,0x19,0xab,0x24,0xff,0x19,0xab,0x24,0xff,0x19,0xab,0x24,0xff,
    0x19,0xab,0x24,0xff,0x19,0xab,0x24,0xff,0x19,0xab,0x24,0xff,0x19,0xab,0x24,0xff,
    0x19,0xab,0x24,0xff,0x19,0xab,0x24,0xff,0x19,0xab,0x24,0xff,0x19,0xab,0x24,0xff,
    0x19,0xab,0x24,0xff,0x19,0xab,0x24,0xff,0x19,0xab,0x24,0xff,0x19,0xab,0x24,0xff,
    0x19,0xab,0x24,0xff,0x19,0xab,0x24,0xff,0x19,0xab,0x24,0xff,0x19,0xab,0x24,0xff,
    0x19,0xab,0x24,0xff,0x19,0xab,0x24,0xff,0x19,0xab,0x24,0xff,0x19,0xab,0x24,0xff,
    0x19,0xab,0x24,0xff,0x19,0xab,0x24,0xff,0x19,0xab,0x24,0xff,0x19,0xab,0x24,0xff,
    0x19,0xab,0x24,0xff,0x19,0xab,0x24,0xff,0x19,0xab,0x24,0xff,0x19,0xab,0x24,0xff,
    0x19,0xab,0x24,0xff,0x19,0xab,0x24,0xff,0x19,0xab,0x24,0xff,0x19,0xab,0x24,0xff,
    0x19,0xab,0x24,0xff,0x19,0xab,0x24,0xff,0x19,0xab,0x24,0xff,0x19,0xab,0x24,0xff,
    0x19,0xab,0x24,0xff,0x19,0xab,0x24,0xff,0x19,0xab,0x24,0xff,0x19,0xab,0x24,0xff,
    0x19,0xab,0x24,0xff,0x19,0xab,0x24,0xff,0x19,0xab,0x24,0xff,0x19,0xab,0x24,0xff,
    0x19,0xab,0x24,0xff,0x19,0xab,0x24,0xff,0x19,0xab,0x24,0xff,0x19,0xab,0x24,0xff,
    0x19,0xab,0x24,0xff,0x19,0xab,0x24,0xff,0x19,0xab,0x24,0xff,0x19,0xab,0x24,0xff,
    0x19,0xab,0x24,0xff,0x19,0xab,0x24,0xff,0x19,0xab,0x24,0xff,0x19,0xab,0x24,0xff,
    0x19,0xab,0x24,0xff,0x19,0xab,0x24,0xff,0x19,0xab,0x24,0xff,0x19,0xab,0x24,0xff,
    0x19,0xab,0x24,0xff,0x19,0xab,0x24,0xff,0x19,0xab,0x24,0xff,0x19,0xab,0x24,0xff,
    0x14,0xaa,0x20,0xff,0x11,0xa8,0x1c,0xfe,0x27,0xaf,0x30,0xf7,0x79,0xce,0x80,0xeb,
    0xdd,0xf2,0xdf,0xf1,0xff,0xff,0xff,0xfd,0xff,0xff,0xff,0xff,0xff,0xff,0xff,0xff,
    0xff,0xff,0xff,0xff,0xff,0xff,0xff,0xff,0xff,0xff,0xff,0xff,0xff,0xff,0xff,0xff,
    0xff,0xff,0xff,0xff,0xff,0xff,0xff,0xff,0xff,0xff,0xff,0xff,0xff,0xff,0xff,0xff,
    0xff,0xff,0xff,0xfe,0xf2,0xfa,0xf3,0xf5,0x9b,0xda,0x9f,0xec,0x36,0xb5,0x3e,0xf3,
    0x0b,0xa5,0x16,0xfd,0x11,0xa9,0x1d,0xff,0x1a,0xab,0x25,0xff,0x19,0xab,0x24,0xff,
    0x19,0xab,0x24,0xff,0x19,0xab,0x24,0xff,0x19,0xab,0x24,0xff,0x19,0xab,0x24,0xff,
    0x19,0xab,0x24,0xff,0x19,0xab,0x24,0xff,0x19,0xab,0x24,0xff,0x19,0xab,0x24,0xff,
    0x19,0xab,0x24,0xff,0x19,0xab,0x24,0xff,0x19,0xab,0x24,0xff,0x19,0xab,0x24,0xff,
    0x19,0xab,0x24,0xff,0x19,0xab,0x24,0xff,0x19,0xab,0x24,0xff,0x19,0xab,0x24,0xff,
    0x19,0xab,0x24,0xff,0x19,0xab,0x24,0xff,0x19,0xab,0x24,0xff,0x19,0xab,0x24,0xff,
    0x19,0xab,0x24,0xff,0x19,0xab,0x24,0xff,0x19,0xab,0x24,0xff,0x19,0xab,0x24,0xff,
    0x19,0xab,0x24,0xff,0x19,0xab,0x24,0xff,0x19,0xab,0x24,0xff,0x19,0xab,0x24,0xff,
    0x19,0xab,0x24,0xff,0x19,0xab,0x24,0xff,0x19,0xab,0x24,0xff,0x19,0xab,0x24,0xff,
    0x19,0xab,0x24,0xff,0x19,0xab,0x24,0xff,0x19,0xab,0x24,0xff,0x19,0xab,0x24,0xff,
    0x19,0xab,0x24,0xff,0x19,0xab,0x24,0xff,0x15,0xa9,0x21,0xff,0x22,0xb0,0x2e,0xff,
    0x6f,0xca,0x79,0x97,0x00,0x00,0x00,0x00,0x00,0x00,0x00,0x00,0x00,0x00,0x00,0x00,
    0x00,0x00,0x00,0x00,0x00,0x00,0x00,0x00,0x00,0x00,0x00,0x00,0x00,0x00,0x00,0x00,
    0x00,0x00,0x00,0x00,0x00,0x00,0x00,0x00,0x00,0x00,0x00,0x00,0x00,0x00,0x00,0x00,
    0x55,0xaa,0x55,0x03,0x86,0xd2,0x8a,0x39,0x65,0xc6,0x6b,0xbd,0x19,0xac,0x24,0xff,
    0x18,0xab,0x23,0xff,0x19,0xab,0x24,0xff,0x19,0xab,0x24,0xff,0x19,0xab,0x24,0xff,
    0x19,0xab,0x24,0xff,0x19,0xab,0x24,0xff,0x19,0xab,0x24,0xff,0x19,0xab,0x24,0xff,
    0x19,0xab,0x24,0xff,0x19,0xab,0x24,0xff,0x19,0xab,0x24,0xff,0x19,0xab,0x24,0xff,
    0x19,0xab,0x24,0xff,0x19,0xab,0x24,0xff,0x19,0xab,0x24,0xff,0x19,0xab,0x24,0xff,
    0x19,0xab,0x24,0xff,0x19,0xab,0x24,0xff,0x19,0xab,0x24,0xff,0x19,0xab,0x24,0xff,
    0x19,0xab,0x24,0xff,0x19,0xab,0x24,0xff,0x19,0xab,0x24,0xff,0x19,0xab,0x24,0xff,
    0x19,0xab,0x24,0xff,0x19,0xab,0x24,0xff,0x19,0xab,0x24,0xff,0x19,0xab,0x24,0xff,
    0x19,0xab,0x24,0xff,0x19,0xab,0x24,0xff,0x19,0xab,0x24,0xff,0x19,0xab,0x24,0xff,
    0x19,0xab,0x24,0xff,0x19,0xab,0x24,0xff,0x19,0xab,0x24,0xff,0x19,0xab,0x24,0xff,
    0x19,0xab,0x23,0xff,0x18,0xab,0x23,0xff,0x16,0xab,0x21,0xff,0x16,0xab,0x21,0xff,
    0x18,0xab,0x23,0xff,0x19,0xab,0x24,0xff,0x19,0xab,0x24,0xff,0x19,0xab,0x24,0xff,
    0x19,0xab,0x24,0xff,0x19,0xab,0x24,0xff,0x19,0xab,0x24,0xff,0x19,0xab,0x24,0xff,
    0x19,0xab,0x24,0xff,0x19,0xab,0x24,0xff,0x19,0xab,0x24,0xff,0x19,0xab,0x24,0xff,
    0x19,0xab,0x24,0xff,0x19,0xab,0x24,0xff,0x19,0xab,0x24,0xff,0x19,0xab,0x24,0xff,
    0x19,0xab,0x24,0xff,0x19,0xab,0x24,0xff,0x19,0xab,0x24,0xff,0x19,0xab,0x24,0xff,
    0x19,0xab,0x24,0xff,0x19,0xab,0x24,0xff,0x19,0xab,0x24,0xff,0x19,0xab,0x24,0xff,
    0x19,0xab,0x24,0xff,0x19,0xab,0x24,0xff,0x19,0xab,0x24,0xff,0x19,0xab,0x24,0xff,
    0x19,0xab,0x24,0xff,0x19,0xab,0x24,0xff,0x19,0xab,0x24,0xff,0x19,0xab,0x24,0xff,
    0x19,0xab,0x24,0xff,0x19,0xab,0x24,0xff,0x19,0xab,0x24,0xff,0x19,0xab,0x24,0xff,
    0x19,0xab,0x24,0xff,0x19,0xab,0x24,0xff,0x19,0xab,0x24,0xff,0x16,0xaa,0x21,0xff,
    0x10,0xa7,0x1c,0xff,0x26,0xb0,0x31,0xf7,0x74,0xcb,0x7a,0xed,0xde,0xf2,0xe0,0xef,
    0xff,0xff,0xff,0xff,0xff,0xff,0xff,0xff,0xff,0xff,0xff,0xff,0xff,0xff,0xff,0xff,
    0xff,0xff,0xff,0xff,0xff,0xff,0xff,0xff,0xff,0xff,0xff,0xff,0xff,0xff,0xff,0xff,
    0xff,0xff,0xff,0xff,0xff,0xff,0xff,0xff,0xff,0xff,0xff,0xff,0xff,0xff,0xff,0xfe,
    0xf3,0xfa,0xf3,0xf5,0xa3,0xdd,0xa6,0xe9,0x2f,0xb2,0x37,0xf3,0x09,0xa4,0x14,0xfd,
    0x11,0xa8,0x1c,0xff,0x1b,0xab,0x26,0xff,0x19,0xab,0x24,0xff,0x19,0xab,0x24,0xff,
    0x19,0xab,0x24,0xff,0x19,0xab,0x24,0xff,0x19,0xab,0x24,0xff,0x19,0xab,0x24,0xff,
    0x19,0xab,0x24,0xff,0x19,0xab,0x24,0xff,0x19,0xab,0x24,0xff,0x19,0xab,0x24,0xff,
    0x19,0xab,0x24,0xff,0x19,0xab,0x24,0xff,0x19,0xab,0x24,0xff,0x19,0xab,0x24,0xff,
    0x19,0xab,0x24,0xff,0x19,0xab,0x24,0xff,0x19,0xab,0x24,0xff,0x19,0xab,0x24,0xff,
    0x19,0xab,0x24,0xff,0x19,0xab,0x24,0xff,0x19,0xab,0x24,0xff,0x19,0xab,0x24,0xff,
    0x19,0xab,0x24,0xff,0x19,0xab,0x24,0xff,0x19,0xab,0x24,0xff,0x19,0xab,0x24,0xff,
    0x19,0xab,0x24,0xff,0x19,0xab,0x24,0xff,0x19,0xab,0x24,0xff,0x19,0xab,0x24,0xff,
    0x19,0xab,0x24,0xff,0x19,0xab,0x24,0xff,0x19,0xab,0x24,0xff,0x19,0xab,0x24,0xff,
    0x19,0xab,0x24,0xff,0x19,0xab,0x24,0xff,0x19,0xab,0x24,0xff,0x19,0xab,0x24,0xff,
    0x19,0xab,0x24,0xff,0x19,0xab,0x24,0xff,0x16,0xaa,0x22,0xff,0x20,0xb1,0x2c,0xff,
    0x67,0xc8,0x70,0xa7,0x00,0x00,0x00,0x00,0x00,0x00,0x00,0x00,0x00,0x00,0x00,0x00,
    0x00,0x00,0x00,0x00,0x00,0x00,0x00,0x00,0x00,0x00,0x00,0x00,0x00,0x00,0x00,0x00,
    0x00,0x00,0x00,0x00,0x00,0x00,0x00,0x00,0x00,0x00,0x00,0x00,0x00,0x00,0x00,0x00,
    0x55,0xaa,0x55,0x03,0x69,0xc4,0x71,0x41,0x56,0xc0,0x5d,0xcf,0x1a,0xab,0x25,0xff,
    0x18,0xab,0x23,0xff,0x19,0xab,0x24,0xff,0x19,0xab,0x24,0xff,0x19,0xab,0x24,0xff,
    0x19,0xab,0x24,0xff,0x19,0xab,0x24,0xff,0x19,0xab,0x24,0xff,0x19,0xab,0x24,0xff,
    0x19,0xab,0x24,0xff,0x19,0xab,0x24,0xff,0x19,0xab,0x24,0xff,0x19,0xab,0x24,0xff,
    0x19,0xab,0x24,0xff,0x19,0xab,0x24,0xff,0x19,0xab,0x24,0xff,0x19,0xab,0x24,0xff,
    0x19,0xab,0x24,0xff,0x19,0xab,0x24,0xff,0x19,0xab,0x24,0xff,0x19,0xab,0x24,0xff,
    0x19,0xab,0x24,0xff,0x19,0xab,0x24,0xff,0x19,0xab,0x24,0xff,0x19,0xab,0x24,0xff,
    0x19,0xab,0x24,0xff,0x19,0xab,0x24,0xff,0x19,0xab,0x24,0xff,0x19,0xab,0x24,0xff,
    0x19,0xab,0x24,0xff,0x19,0xab,0x24,0xff,0x19,0xab,0x24,0xff,0x19,0xab,0x24,0xff,
    0x19,0xab,0x24,0xff,0x19,0xab,0x24,0xff,0x19,0xab,0x24,0xff,0x17,0xab,0x23,0xff,
    0x15,0xaa,0x20,0xff,0x13,0xa9,0x1f,0xfe,0x13,0xa9,0x1e,0xfe,0x13,0xa9,0x1e,0xfe,
    0x13,0xa9,0x1f,0xff,0x15,0xaa,0x20,0xff,0x18,0xaa,0x23,0xff,0x19,0xab,0x24,0xff,
    0x19,0xab,0x24,0xff,0x19,0xab,0x24,0xff,0x19,0xab,0x24,0xff,0x19,0xab,0x24,0xff,
    0x19,0xab,0x24,0xff,0x19,0xab,0x24,0xff,0x19,0xab,0x24,0xff,0x19,0xab,0x24,0xff,
    0x19,0xab,0x24,0xff,0x19,0xab,0x24,0xff,0x19,0xab,0x24,0xff,0x19,0xab,0x24,0xff,
    0x19,0xab,0x24,0xff,0x19,0xab,0x24,0xff,0x19,0xab,0x24,0xff,0x19,0xab,0x24,0xff,
    0x19,0xab,0x24,0xff,0x19,0xab,0x24,0xff,0x19,0xab,0x24,0xff,0x19,0xab,0x24,0xff,
    0x19,0xab,0x24,0xff,0x19,0xab,0x24,0xff,0x19,0xab,0x24,0xff,0x19,0xab,0x24,0xff,
    0x19,0xab,0x24,0xff,0x19,0xab,0x24,0xff,0x19,0xab,0x24,0xff,0x19,0xab,0x24,0xff,
    0x19,0xab,0x24,0xff,0x19,0xab,0x24,0xff,0x19,0xab,0x24,0xff,0x19,0xab,0x24,0xff,
    0x19,0xab,0x24,0xff,0x19,0xab,0x24,0xff,0x17,0xaa,0x22,0xff,0x0f,0xa8,0x1a,0xff,
    0x24,0xaf,0x2d,0xf6,0x76,0xcc,0x7c,0xec,0xe0,0xf3,0xe2,0xef,0xff,0xff,0xff,0xff,
    0xff,0xff,0xff,0xff,0xff,0xff,0xff,0xff,0xff,0xff,0xff,0xff,0xff,0xff,0xff,0xff,
    0xff,0xff,0xff,0xff,0xff,0xff,0xff,0xff,0xff,0xff,0xff,0xff,0xff,0xff,0xff,0xff,
    0xff,0xff,0xff,0xff,0xff,0xff,0xff,0xff,0xff,0xff,0xff,0xfe,0xf2,0xf9,0xf2,0xf7,
    0xaa,0xde,0xad,0xe7,0x26,0xae,0x2d,0xf3,0x0a,0xa3,0x13,0xfe,0x14,0xa8,0x1f,0xff,
    0x1b,0xac,0x26,0xff,0x19,0xab,0x24,0xff,0x19,0xab,0x24,0xff,0x19,0xab,0x24,0xff,
    0x19,0xab,0x24,0xff,0x19,0xab,0x24,0xff,0x19,0xab,0x24,0xff,0x19,0xab,0x24,0xff,
    0x19,0xab,0x24,0xff,0x19,0xab,0x24,0xff,0x19,0xab,0x24,0xff,0x19,0xab,0x24,0xff,
    0x19,0xab,0x24,0xff,0x19,0xab,0x24,0xff,0x19,0xab,0x24,0xff,0x19,0xab,0x24,0xff,
    0x19,0xab,0x24,0xff,0x19,0xab,0x24,0xff,0x19,0xab,0x24,0xff,0x19,0xab,0x24,0xff,
    0x19,0xab,0x24,0xff,0x19,0xab,0x24,0xff,0x19,0xab,0x24,0xff,0x19,0xab,0x24,0xff,
    0x19,0xab,0x24,0xff,0x19,0xab,0x24,0xff,0x19,0xab,0x24,0xff,0x19,0xab,0x24,0xff,
    0x19,0xab,0x24,0xff,0x19,0xab,0x24,0xff,0x19,0xab,0x24,0xff,0x19,0xab,0x24,0xff,
    0x19,0xab,0x24,0xff,0x19,0xab,0x24,0xff,0x19,0xab,0x24,0xff,0x19,0xab,0x24,0xff,
    0x19,0xab,0x24,0xff,0x19,0xab,0x24,0xff,0x19,0xab,0x24,0xff,0x19,0xab,0x24,0xff,
    0x19,0xab,0x24,0xff,0x19,0xab,0x24,0xff,0x16,0xaa,0x22,0xff,0x1e,0xb1,0x2a,0xff,
    0x5e,0xc4,0x67,0xb4,0x00,0x00,0x00,0x00,0x00,0x00,0x00,0x00,0x00,0x00,0x00,0x00,
    0x00,0x00,0x00,0x00,0x00,0x00,0x00,0x00,0x00,0x00,0x00,0x00,0x00,0x00,0x00,0x00,
    0x00,0x00,0x00,0x00,0x00,0x00,0x00,0x00,0x00,0x00,0x00,0x00,0x00,0x00,0x00,0x00,
    0x00,0x00,0x00,0x00,0x66,0xc9,0x72,0x43,0x4e,0xbe,0x58,0xdb,0x17,0xab,0x22,0xff,
    0x18,0xab,0x23,0xff,0x19,0xab,0x24,0xff,0x19,0xab,0x24,0xff,0x19,0xab,0x24,0xff,
    0x19,0xab,0x24,0xff,0x19,0xab,0x24,0xff,0x19,0xab,0x24,0xff,0x19,0xab,0x24,0xff,
    0x19,0xab,0x24,0xff,0x19,0xab,0x24,0xff,0x19,0xab,0x24,0xff,0x19,0xab,0x24,0xff,
    0x19,0xab,0x24,0xff,0x19,0xab,0x24,0xff,0x19,0xab,0x24,0xff,0x19,0xab,0x24,0xff,
    0x19,0xab,0x24,0xff,0x19,0xab,0x24,0xff,0x19,0xab,0x24,0xff,0x19,0xab,0x24,0xff,
    0x19,0xab,0x24,0xff,0x19,0xab,0x24,0xff,0x19,0xab,0x24,0xff,0x19,0xab,0x24,0xff,
    0x19,0xab,0x24,0xff,0x19,0xab,0x24,0xff,0x19,0xab,0x24,0xff,0x19,0xab,0x24,0xff,
    0x19,0xab,0x24,0xff,0x19,0xab,0x24,0xff,0x19,0xab,0x24,0xff,0x19,0xab,0x24,0xff,
    0x19,0xab,0x24,0xff,0x1a,0xab,0x25,0xff,0x18,0xaa,0x23,0xff,0x11,0xa9,0x1d,0xff,
    0x0f,0xa6,0x1c,0xfe,0x1c,0xab,0x26,0xf5,0x2f,0xb2,0x37,0xee,0x2e,0xb2,0x38,0xee,
    0x14,0xaa,0x1f,0xf8,0x0e,0xa7,0x19,0xff,0x13,0xa9,0x1f,0xff,0x18,0xaa,0x23,0xff,
    0x1a,0xab,0x25,0xff,0x19,0xab,0x24,0xff,0x19,0xab,0x24,0xff,0x19,0xab,0x24,0xff,
    0x19,0xab,0x24,0xff,0x19,0xab,0x24,0xff,0x19,0xab,0x24,0xff,0x19,0xab,0x24,0xff,
    0x19,0xab,0x24,0xff,0x19,0xab,0x24,0xff,0x19,0xab,0x24,0xff,0x19,0xab,0x24,0xff,
    0x19,0xab,0x24,0xff,0x19,0xab,0x24,0xff,0x19,0xab,0x24,0xff,0x19,0xab,0x24,0xff,
    0x19,0xab,0x24,0xff,0x19,0xab,0x24,0xff,0x19,0xab,0x24,0xff,0x19,0xab,0x24,0xff,
    0x19,0xab,0x24,0xff,0x19,0xab,0x24,0xff,0x19,0xab,0x24,0xff,0x19,0xab,0x24,0xff,
    0x19,0xab,0x24,0xff,0x19,0xab,0x24,0xff,0x19,0xab,0x24,0xff,0x19,0xab,0x24,0xff,
    0x19,0xab,0x24,0xff,0x19,0xab,0x24,0xff,0x19,0xab,0x24,0xff,0x19,0xab,0x24,0xff,
    0x19,0xab,0x24,0xff,0x18,0xaa,0x23,0xff,0x0d,0xa7,0x1a,0xff,0x1e,0xac,0x2a,0xf6,
    0x7b,0xce,0x83,0xeb,0xe0,0xf3,0xe2,0xf0,0xff,0xff,0xff,0xff,0xff,0xff,0xff,0xff,
    0xff,0xff,0xff,0xff,0xff,0xff,0xff,0xff,0xff,0xff,0xff,0xff,0xff,0xff,0xff,0xff,
    0xff,0xff,0xff,0xff,0xff,0xff,0xff,0xff,0xff,0xff,0xff,0xff,0xff,0xff,0xff,0xff,
    0xff,0xff,0xff,0xff,0xff,0xff,0xff,0xff,0xf4,0xfa,0xf5,0xf5,0xa5,0xde,0xab,0xe8,
    0x21,0xac,0x29,0xf3,0x0b,0xa4,0x11,0xfe,0x16,0xaa,0x21,0xff,0x1b,0xac,0x26,0xff,
    0x19,0xab,0x24,0xff,0x19,0xab,0x24,0xff,0x19,0xab,0x24,0xff,0x19,0xab,0x24,0xff,
    0x19,0xab,0x24,0xff,0x19,0xab,0x24,0xff,0x19,0xab,0x24,0xff,0x19,0xab,0x24,0xff,
    0x19,0xab,0x24,0xff,0x19,0xab,0x24,0xff,0x19,0xab,0x24,0xff,0x19,0xab,0x24,0xff,
    0x19,0xab,0x24,0xff,0x19,0xab,0x24,0xff,0x19,0xab,0x24,0xff,0x19,0xab,0x24,0xff,
    0x19,0xab,0x24,0xff,0x19,0xab,0x24,0xff,0x19,0xab,0x24,0xff,0x19,0xab,0x24,0xff,
    0x19,0xab,0x24,0xff,0x19,0xab,0x24,0xff,0x19,0xab,0x24,0xff,0x19,0xab,0x24,0xff,
    0x19,0xab,0x24,0xff,0x19,0xab,0x24,0xff,0x19,0xab,0x24,0xff,0x19,0xab,0x24,0xff,
    0x19,0xab,0x24,0xff,0x19,0xab,0x24,0xff,0x19,0xab,0x24,0xff,0x19,0xab,0x24,0xff,
    0x19,0xab,0x24,0xff,0x19,0xab,0x24,0xff,0x19,0xab,0x24,0xff,0x19,0xab,0x24,0xff,
    0x19,0xab,0x24,0xff,0x19,0xab,0x24,0xff,0x19,0xab,0x24,0xff,0x19,0xab,0x24,0xff,
    0x19,0xab,0x24,0xff,0x19,0xab,0x24,0xff,0x17,0xaa,0x22,0xff,0x1e,0xb0,0x29,0xff,
    0x58,0xc2,0x5f,0xbe,0x00,0x00,0x00,0x00,0x00,0x00,0x00,0x00,0x00,0x00,0x00,0x00,
    0x00,0x00,0x00,0x00,0x00,0x00,0x00,0x00,0x00,0x00,0x00,0x00,0x00,0x00,0x00,0x00,
    0x00,0x00,0x00,0x00,0x00,0x00,0x00,0x00,0x00,0x00,0x00,0x00,0x00,0x00,0x00,0x00,
    0xff,0xff,0xff,0x17,0x88,0xd1,0x8d,0x5a,0x4a,0xbc,0x52,0xea,0x14,0xaa,0x20,0xff,
    0x18,0xab,0x23,0xff,0x19,0xab,0x24,0xff,0x19,0xab,0x24,0xff,0x19,0xab,0x24,0xff,
    0x19,0xab,0x24,0xff,0x19,0xab,0x24,0xff,0x19,0xab,0x24,0xff,0x19,0xab,0x24,0xff,
    0x19,0xab,0x24,0xff,0x19,0xab,0x24,0xff,0x19,0xab,0x24,0xff,0x19,0xab,0x24,0xff,
    0x19,0xab,0x24,0xff,0x19,0xab,0x24,0xff,0x19,0xab,0x24,0xff,0x19,0xab,0x24,0xff,
    0x19,0xab,0x24,0xff,0x19,0xab,0x24,0xff,0x19,0xab,0x24,0xff,0x19,0xab,0x24,0xff,
    0x19,0xab,0x24,0xff,0x19,0xab,0x24,0xff,0x19,0xab,0x24,0xff,0x19,0xab,0x24,0xff,
    0x19,0xab,0x24,0xff,0x19,0xab,0x24,0xff,0x19,0xab,0x24,0xff,0x19,0xab,0x24,0xff,
    0x19,0xab,0x24,0xff,0x19,0xab,0x24,0xff,0x19,0xab,0x24,0xff,0x19,0xab,0x24,0xff,
    0x1a,0xab,0x25,0xff,0x17,0xac,0x23,0xff,0x0d,0xa6,0x19,0xfb,0x22,0xad,0x2d,0xf2,
    0x5e,0xc4,0x66,0xee,0x9c,0xdb,0x9f,0xf1,0xae,0xe1,0xb3,0xeb,0xb0,0xe1,0xb5,0xeb,
    0x90,0xd6,0x95,0xf4,0x58,0xc1,0x61,0xf4,0x21,0xad,0x2b,0xf7,0x0a,0xa7,0x17,0xff,
    0x19,0xab,0x23,0xff,0x1a,0xab,0x25,0xff,0x19,0xab,0x24,0xff,0x19,0xab,0x24,0xff,
    0x19,0xab,0x24,0xff,0x19,0xab,0x24,0xff,0x19,0xab,0x24,0xff,0x19,0xab,0x24,0xff,
    0x19,0xab,0x24,0xff,0x19,0xab,0x24,0xff,0x19,0xab,0x24,0xff,0x19,0xab,0x24,0xff,
    0x19,0xab,0x24,0xff,0x19,0xab,0x24,0xff,0x19,0xab,0x24,0xff,0x19,0xab,0x24,0xff,
    0x19,0xab,0x24,0xff,0x19,0xab,0x24,0xff,0x19,0xab,0x24,0xff,0x19,0xab,0x24,0xff,
    0x19,0xab,0x24,0xff,0x19,0xab,0x24,0xff,0x19,0xab,0x24,0xff,0x19,0xab,0x24,0xff,
    0x19,0xab,0x24,0xff,0x19,0xab,0x24,0xff,0x19,0xab,0x24,0xff,0x19,0xab,0x24,0xff,
    0x19,0xab,0x24,0xff,0x19,0xab,0x24,0xff,0x19,0xab,0x24,0xff,0x19,0xab,0x24,0xff,
    0x17,0xab,0x23,0xff,0x0d,0xa7,0x1a,0xff,0x1c,0xab,0x26,0xf5,0x7e,0xd0,0x87,0xea,
    0xdd,0xf2,0xe0,0xf1,0xff,0xff,0xff,0xfe,0xff,0xff,0xff,0xff,0xff,0xff,0xff,0xff,
    0xff,0xff,0xff,0xff,0xff,0xff,0xff,0xff,0xff,0xff,0xff,0xff,0xff,0xff,0xff,0xff,
    0xff,0xff,0xff,0xff,0xff,0xff,0xff,0xff,0xff,0xff,0xff,0xff,0xff,0xff,0xff,0xff,
    0xff,0xff,0xff,0xff,0xf4,0xfa,0xf5,0xf4,0x9c,0xda,0xa1,0xeb,0x28,0xae,0x31,0xf3,
    0x09,0xa3,0x10,0xfd,0x17,0xab,0x22,0xff,0x1a,0xab,0x25,0xff,0x19,0xab,0x24,0xff,
    0x19,0xab,0x24,0xff,0x19,0xab,0x24,0xff,0x19,0xab,0x24,0xff,0x19,0xab,0x24,0xff,
    0x19,0xab,0x24,0xff,0x19,0xab,0x24,0xff,0x19,0xab,0x24,0xff,0x19,0xab,0x24,0xff,
    0x19,0xab,0x24,0xff,0x19,0xab,0x24,0xff,0x19,0xab,0x24,0xff,0x19,0xab,0x24,0xff,
    0x19,0xab,0x24,0xff,0x19,0xab,0x24,0xff,0x19,0xab,0x24,0xff,0x19,0xab,0x24,0xff,
    0x19,0xab,0x24,0xff,0x19,0xab,0x24,0xff,0x19,0xab,0x24,0xff,0x19,0xab,0x24,0xff,
    0x19,0xab,0x24,0xff,0x19,0xab,0x24,0xff,0x19,0xab,0x24,0xff,0x19,0xab,0x24,0xff,
    0x19,0xab,0x24,0xff,0x19,0xab,0x24,0xff,0x19,0xab,0x24,0xff,0x19,0xab,0x24,0xff,
    0x19,0xab,0x24,0xff,0x19,0xab,0x24,0xff,0x19,0xab,0x24,0xff,0x19,0xab,0x24,0xff,
    0x19,0xab,0x24,0xff,0x19,0xab,0x24,0xff,0x19,0xab,0x24,0xff,0x19,0xab,0x24,0xff,
    0x19,0xab,0x24,0xff,0x19,0xab,0x24,0xff,0x19,0xab,0x24,0xff,0x19,0xab,0x24,0xff,
    0x19,0xab,0x24,0xff,0x19,0xab,0x24,0xff,0x17,0xaa,0x22,0xff,0x1d,0xaf,0x27,0xff,
    0x50,0xbf,0x59,0xc8,0x00,0x00,0x00,0x00,0x00,0x00,0x00,0x00,0x00,0x00,0x00,0x00,
    0x00,0x00,0x00,0x00,0x00,0x00,0x00,0x00,0x00,0x00,0x00,0x00,0x00,0x00,0x00,0x00,
    0x00,0x00,0x00,0x00,0x00,0x00,0x00,0x00,0x00,0x00,0x00,0x00,0x00,0x00,0x00,0x00,
    0xff,0xff,0xff,0x30,0x8d,0xd3,0x91,0x70,0x40,0xb9,0x4a,0xf8,0x14,0xa9,0x20,0xff,
    0x18,0xab,0x23,0xff,0x19,0xab,0x24,0xff,0x19,0xab,0x24,0xff,0x19,0xab,0x24,0xff,
    0x19,0xab,0x24,0xff,0x19,0xab,0x24,0xff,0x19,0xab,0x24,0xff,0x19,0xab,0x24,0xff,
    0x19,0xab,0x24,0xff,0x19,0xab,0x24,0xff,0x19,0xab,0x24,0xff,0x19,0xab,0x24,0xff,
    0x19,0xab,0x24,0xff,0x19,0xab,0x24,0xff,0x19,0xab,0x24,0xff,0x19,0xab,0x24,0xff,
    0x19,0xab,0x24,0xff,0x19,0xab,0x24,0xff,0x19,0xab,0x24,0xff,0x19,0xab,0x24,0xff,
    0x19,0xab,0x24,0xff,0x19,0xab,0x24,0xff,0x19,0xab,0x24,0xff,0x19,0xab,0x24,0xff,
    0x19,0xab,0x24,0xff,0x19,0xab,0x24,0xff,0x19,0xab,0x24,0xff,0x19,0xab,0x24,0xff,
    0x19,0xab,0x24,0xff,0x19,0xab,0x24,0xff,0x19,0xab,0x24,0xff,0x19,0xab,0x24,0xff,
    0x19,0xab,0x27,0xff,0x06,0xa3,0x0e,0xff,0x2b,0xb1,0x35,0xfa,0x82,0xd0,0x88,0xf1,
    0xd3,0xee,0xd4,0xf0,0xf0,0xf8,0xf0,0xfa,0xf4,0xfb,0xf5,0xf8,0xf5,0xfb,0xf6,0xf8,
    0xec,0xf7,0xed,0xfb,0xce,0xec,0xd0,0xf2,0x7b,0xcd,0x81,0xef,0x22,0xad,0x2d,0xfa,
    0x09,0xa5,0x14,0xff,0x18,0xab,0x24,0xff,0x19,0xab,0x24,0xff,0x19,0xab,0x24,0xff,
    0x19,0xab,0x24,0xff,0x19,0xab,0x24,0xff,0x19,0xab,0x24,0xff,0x19,0xab,0x24,0xff,
    0x19,0xab,0x24,0xff,0x19,0xab,0x24,0xff,0x19,0xab,0x24,0xff,0x19,0xab,0x24,0xff,
    0x19,0xab,0x24,0xff,0x19,0xab,0x24,0xff,0x19,0xab,0x24,0xff,0x19,0xab,0x24,0xff,
    0x19,0xab,0x24,0xff,0x19,0xab,0x24,0xff,0x19,0xab,0x24,0xff,0x19,0xab,0x24,0xff,
    0x19,0xab,0x24,0xff,0x19,0xab,0x24,0xff,0x19,0xab,0x24,0xff,0x19,0xab,0x24,0xff,
    0x19,0xab,0x24,0xff,0x19,0xab,0x24,0xff,0x19,0xab,0x24,0xff,0x19,0xab,0x24,0xff,
    0x19,0xab,0x24,0xff,0x19,0xab,0x24,0xff,0x1a,0xab,0x25,0xff,0x16,0xaa,0x21,0xff,
    0x0e,0xa8,0x1a,0xff,0x1c,0xab,0x27,0xf5,0x7e,0xcf,0x83,0xea,0xdb,0xf1,0xdd,0xf2,
    0xff,0xff,0xff,0xfc,0xff,0xff,0xff,0xff,0xff,0xff,0xff,0xff,0xff,0xff,0xff,0xff,
    0xff,0xff,0xff,0xff,0xff,0xff,0xff,0xff,0xff,0xff,0xff,0xff,0xff,0xff,0xff,0xff,
    0xff,0xff,0xff,0xff,0xff,0xff,0xff,0xff,0xff,0xff,0xff,0xff,0xff,0xff,0xff,0xff,
    0xf3,0xf9,0xf4,0xf5,0x99,0xda,0x9f,0xed,0x31,0xb3,0x3a,0xf3,0x07,0xa2,0x10,0xfd,
    0x15,0xa9,0x1f,0xff,0x1a,0xac,0x26,0xff,0x19,0xab,0x24,0xff,0x19,0xab,0x24,0xff,
    0x19,0xab,0x24,0xff,0x19,0xab,0x24,0xff,0x19,0xab,0x24,0xff,0x19,0xab,0x24,0xff,
    0x19,0xab,0x24,0xff,0x19,0xab,0x24,0xff,0x19,0xab,0x24,0xff,0x19,0xab,0x24,0xff,
    0x19,0xab,0x24,0xff,0x19,0xab,0x24,0xff,0x19,0xab,0x24,0xff,0x19,0xab,0x24,0xff,
    0x19,0xab,0x24,0xff,0x19,0xab,0x24,0xff,0x19,0xab,0x24,0xff,0x19,0xab,0x24,0xff,
    0x19,0xab,0x24,0xff,0x19,0xab,0x24,0xff,0x19,0xab,0x24,0xff,0x19,0xab,0x24,0xff,
    0x19,0xab,0x24,0xff,0x19,0xab,0x24,0xff,0x19,0xab,0x24,0xff,0x19,0xab,0x24,0xff,
    0x19,0xab,0x24,0xff,0x19,0xab,0x24,0xff,0x19,0xab,0x24,0xff,0x19,0xab,0x24,0xff,
    0x19,0xab,0x24,0xff,0x19,0xab,0x24,0xff,0x19,0xab,0x24,0xff,0x19,0xab,0x24,0xff,
    0x19,0xab,0x24,0xff,0x19,0xab,0x24,0xff,0x19,0xab,0x24,0xff,0x19,0xab,0x24,0xff,
    0x19,0xab,0x24,0xff,0x19,0xab,0x24,0xff,0x19,0xab,0x24,0xff,0x19,0xab,0x24,0xff,
    0x19,0xab,0x24,0xff,0x19,0xab,0x24,0xff,0x17,0xaa,0x22,0xff,0x1c,0xae,0x27,0xff,
    0x49,0xbb,0x50,0xd0,0x00,0x00,0x00,0x00,0x00,0x00,0x00,0x00,0x00,0x00,0x00,0x00,
    0x00,0x00,0x00,0x00,0x00,0x00,0x00,0x00,0x00,0x00,0x00,0x00,0x00,0x00,0x00,0x00,
    0x00,0x00,0x00,0x00,0x00,0x00,0x00,0x00,0x00,0x00,0x00,0x00,0x00,0x00,0x00,0x00,
    0xff,0xff,0xff,0x36,0x84,0xcf,0x8b,0x77,0x36,0xb5,0x41,0xfe,0x14,0xa9,0x20,0xff,
    0x18,0xab,0x23,0xff,0x19,0xab,0x24,0xff,0x19,0xab,0x24,0xff,0x19,0xab,0x24,0xff,
    0x19,0xab,0x24,0xff,0x19,0xab,0x24,0xff,0x19,0xab,0x24,0xff,0x19,0xab,0x24,0xff,
    0x19,0xab,0x24,0xff,0x19,0xab,0x24,0xff,0x19,0xab,0x24,0xff,0x19,0xab,0x24,0xff,
    0x19,0xab,0x24,0xff,0x19,0xab,0x24,0xff,0x19,0xab,0x24,0xff,0x19,0xab,0x24,0xff,
    0x19,0xab,0x24,0xff,0x19,0xab,0x24,0xff,0x19,0xab,0x24,0xff,0x19,0xab,0x24,0xff,
    0x19,0xab,0x24,0xff,0x19,0xab,0x24,0xff,0x19,0xab,0x24,0xff,0x19,0xab,0x24,0xff,
    0x19,0xab,0x24,0xff,0x19,0xab,0x24,0xff,0x19,0xab,0x24,0xff,0x19,0xab,0x24,0xff,
    0x19,0xab,0x24,0xff,0x19,0xab,0x24,0xff,0x19,0xab,0x24,0xff,0x19,0xab,0x24,0xff,
    0x12,0xa7,0x1c,0xff,0x14,0xa7,0x1b,0xfc,0x82,0xd0,0x87,0xf9,0xe3,0xf5,0xe5,0xf7,
    0xff,0xff,0xff,0xfa,0xff,0xff,0xff,0xff,0xff,0xff,0xff,0xff,0xff,0xff,0xff,0xff,
    0xff,0xff,0xff,0xff,0xff,0xff,0xff,0xfa,0xdc,0xf1,0xdd,0xf2,0x80,0xcf,0x85,0xf1,
    0x1f,0xad,0x29,0xfa,0x0d,0xa8,0x1a,0xff,0x16,0xaa,0x21,0xff,0x1a,0xab,0x25,0xff,
    0x19,0xab,0x24,0xff,0x19,0xab,0x24,0xff,0x19,0xab,0x24,0xff,0x19,0xab,0x24,0xff,
    0x19,0xab,0x24,0xff,0x19,0xab,0x24,0xff,0x19,0xab,0x24,0xff,0x19,0xab,0x24,0xff,
    0x19,0xab,0x24,0xff,0x19,0xab,0x24,0xff,0x19,0xab,0x24,0xff,0x19,0xab,0x24,0xff,
    0x19,0xab,0x24,0xff,0x19,0xab,0x24,0xff,0x19,0xab,0x24,0xff,0x19,0xab,0x24,0xff,
    0x19,0xab,0x24,0xff,0x19,0xab,0x24,0xff,0x19,0xab,0x24,0xff,0x19,0xab,0x24,0xff,
    0x19,0xab,0x24,0xff,0x19,0xab,0x24,0xff,0x19,0xab,0x24,0xff,0x19,0xab,0x24,0xff,
    0x19,0xab,0x24,0xff,0x19,0xab,0x24,0xff,0x15,0xaa,0x20,0xff,0x10,0xa7,0x1a,0xff,
    0x21,0xad,0x2a,0xf6,0x75,0xcb,0x7b,0xe9,0xde,0xf3,0xe0,0xef,0xff,0xff,0xff,0xfc,
    0xff,0xff,0xff,0xff,0xff,0xff,0xff,0xff,0xff,0xff,0xff,0xff,0xff,0xff,0xff,0xff,
    0xff,0xff,0xff,0xff,0xff,0xff,0xff,0xff,0xff,0xff,0xff,0xff,0xff,0xff,0xff,0xff,
    0xff,0xff,0xff,0xff,0xff,0xff,0xff,0xff,0xff,0xff,0xff,0xff,0xf2,0xfa,0xf3,0xf6,
    0x9c,0xda,0xa0,0xee,0x35,0xb4,0x3f,0xf4,0x08,0xa4,0x13,0xfd,0x12,0xa9,0x1d,0xff,
    0x1b,0xac,0x27,0xff,0x19,0xab,0x24,0xff,0x19,0xab,0x24,0xff,0x19,0xab,0x24,0xff,
    0x19,0xab,0x24,0xff,0x19,0xab,0x24,0xff,0x19,0xab,0x24,0xff,0x19,0xab,0x24,0xff,
    0x19,0xab,0x24,0xff,0x19,0xab,0x24,0xff,0x19,0xab,0x24,0xff,0x19,0xab,0x24,0xff,
    0x19,0xab,0x24,0xff,0x19,0xab,0x24,0xff,0x19,0xab,0x24,0xff,0x19,0xab,0x24,0xff,
    0x19,0xab,0x24,0xff,0x19,0xab,0x24,0xff,0x19,0xab,0x24,0xff,0x19,0xab,0x24,0xff,
    0x19,0xab,0x24,0xff,0x19,0xab,0x24,0xff,0x19,0xab,0x24,0xff,0x19,0xab,0x24,0xff,
    0x19,0xab,0x24,0xff,0x19,0xab,0x24,0xff,0x19,0xab,0x24,0xff,0x19,0xab,0x24,0xff,
    0x19,0xab,0x24,0xff,0x19,0xab,0x24,0xff,0x19,0xab,0x24,0xff,0x19,0xab,0x24,0xff,
    0x19,0xab,0x24,0xff,0x19,0xab,0x24,0xff,0x19,0xab,0x24,0xff,0x19,0xab,0x24,0xff,
    0x19,0xab,0x24,0xff,0x19,0xab,0x24,0xff,0x19,0xab,0x24,0xff,0x19,0xab,0x24,0xff,
    0x19,0xab,0x24,0xff,0x19,0xab,0x24,0xff,0x19,0xab,0x24,0xff,0x19,0xab,0x24,0xff,
    0x19,0xab,0x24,0xff,0x19,0xab,0x24,0xff,0x17,0xaa,0x22,0xff,0x1c,0xae,0x28,0xff,
    0x45,0xb8,0x4c,0xd6,0x00,0x00,0x00,0x00,0x00,0x00,0x00,0x00,0x00,0x00,0x00,0x00,
    0x00,0x00,0x00,0x00,0x00,0x00,0x00,0x00,0x00,0x00,0x00,0x00,0x00,0x00,0x00,0x00,
    0x00,0x00,0x00,0x00,0x00,0x00,0x00,0x00,0x00,0x00,0x00,0x00,0x00,0x00,0x00,0x00,
    0xff,0xff,0xff,0x32,0x7b,0xce,0x81,0x74,0x31,0xb3,0x3c,0xfe,0x14,0xa9,0x20,0xff,
    0x18,0xab,0x23,0xff,0x19,0xab,0x24,0xff,0x19,0xab,0x24,0xff,0x19,0xab,0x24,0xff,
    0x19,0xab,0x24,0xff,0x19,0xab,0x24,0xff,0x19,0xab,0x24,0xff,0x19,0xab,0x24,0xff,
    0x19,0xab,0x24,0xff,0x19,0xab,0x24,0xff,0x19,0xab,0x24,0xff,0x19,0xab,0x24,0xff,
    0x19,0xab,0x24,0xff,0x19,0xab,0x24,0xff,0x19,0xab,0x24,0xff,0x19,0xab,0x24,0xff,
    0x19,0xab,0x24,0xff,0x19,0xab,0x24,0xff,0x19,0xab,0x24,0xff,0x19,0xab,0x24,0xff,
    0x19,0xab,0x24,0xff,0x19,0xab,0x24,0xff,0x19,0xab,0x24,0xff,0x19,0xab,0x24,0xff,
    0x19,0xab,0x24,0xff,0x19,0xab,0x24,0xff,0x19,0xab,0x24,0xff,0x19,0xab,0x24,0xff,
    0x19,0xab,0x24,0xff,0x19,0xab,0x24,0xff,0x19,0xab,0x24,0xff,0x18,0xab,0x22,0xff,
    0x09,0xa3,0x0d,0xff,0x42,0xb8,0x4a,0xfb,0xcf,0xed,0xd3,0xfa,0xff,0xff,0xff,0xfd,
    0xff,0xff,0xff,0xff,0xff,0xff,0xff,0xff,0xff,0xff,0xff,0xff,0xff,0xff,0xff,0xff,
    0xff,0xff,0xff,0xff,0xff,0xff,0xff,0xff,0xff,0xff,0xff,0xfb,0xe4,0xf5,0xe5,0xf1,
    0x7a,0xce,0x81,0xf1,0x1f,0xad,0x2b,0xfc,0x12,0xa8,0x1d,0xff,0x16,0xaa,0x21,0xff,
    0x19,0xab,0x24,0xff,0x19,0xab,0x24,0xff,0x19,0xab,0x24,0xff,0x19,0xab,0x24,0xff,
    0x19,0xab,0x24,0xff,0x19,0xab,0x24,0xff,0x19,0xab,0x24,0xff,0x19,0xab,0x24,0xff,
    0x19,0xab,0x24,0xff,0x19,0xab,0x24,0xff,0x19,0xab,0x24,0xff,0x19,0xab,0x24,0xff,
    0x19,0xab,0x24,0xff,0x19,0xab,0x24,0xff,0x19,0xab,0x24,0xff,0x19,0xab,0x24,0xff,
    0x19,0xab,0x24,0xff,0x19,0xab,0x24,0xff,0x19,0xab,0x24,0xff,0x19,0xab,0x24,0xff,
    0x19,0xab,0x24,0xff,0x19,0xab,0x24,0xff,0x19,0xab,0x24,0xff,0x19,0xab,0x24,0xff,
    0x19,0xab,0x24,0xff,0x15,0xa9,0x20,0xff,0x10,0xa8,0x1b,0xfe,0x24,0xaf,0x2d,0xf6,
    0x70,0xc9,0x75,0xea,0xe0,0xf2,0xe1,0xed,0xff,0xff,0xff,0xfd,0xff,0xff,0xff,0xff,
    0xff,0xff,0xff,0xff,0xff,0xff,0xff,0xff,0xff,0xff,0xff,0xff,0xff,0xff,0xff,0xff,
    0xff,0xff,0xff,0xff,0xff,0xff,0xff,0xff,0xff,0xff,0xff,0xff,0xff,0xff,0xff,0xff,
    0xff,0xff,0xff,0xff,0xff,0xff,0xff,0xff,0xf2,0xfa,0xf3,0xf9,0xa2,0xdc,0xa6,0xec,
    0x35,0xb4,0x3d,0xf4,0x0b,0xa5,0x16,0xfd,0x11,0xa8,0x1c,0xff,0x1c,0xac,0x28,0xff,
    0x19,0xab,0x24,0xff,0x19,0xab,0x24,0xff,0x19,0xab,0x24,0xff,0x19,0xab,0x24,0xff,
    0x19,0xab,0x24,0xff,0x19,0xab,0x24,0xff,0x19,0xab,0x24,0xff,0x19,0xab,0x24,0xff,
    0x19,0xab,0x24,0xff,0x19,0xab,0x24,0xff,0x19,0xab,0x24,0xff,0x19,0xab,0x24,0xff,
    0x19,0xab,0x24,0xff,0x19,0xab,0x24,0xff,0x19,0xab,0x24,0xff,0x19,0xab,0x24,0xff,
    0x19,0xab,0x24,0xff,0x19,0xab,0x24,0xff,0x19,0xab,0x24,0xff,0x19,0xab,0x24,0xff,
    0x19,0xab,0x24,0xff,0x19,0xab,0x24,0xff,0x19,0xab,0x24,0xff,0x19,0xab,0x24,0xff,
    0x19,0xab,0x24,0xff,0x19,0xab,0x24,0xff,0x19,0xab,0x24,0xff,0x19,0xab,0x24,0xff,
    0x19,0xab,0x24,0xff,0x19,0xab,0x24,0xff,0x19,0xab,0x24,0xff,0x19,0xab,0x24,0xff,
    0x19,0xab,0x24,0xff,0x19,0xab,0x24,0xff,0x19,0xab,0x24,0xff,0x19,0xab,0x24,0xff,
    0x19,0xab,0x24,0xff,0x19,0xab,0x24,0xff,0x19,0xab,0x24,0xff,0x19,0xab,0x24,0xff,
    0x19,0xab,0x24,0xff,0x19,0xab,0x24,0xff,0x19,0xab,0x24,0xff,0x19,0xab,0x24,0xff,
    0x19,0xab,0x24,0xff,0x19,0xab,0x24,0xff,0x17,0xaa,0x22,0xff,0x1c,0xae,0x28,0xff,
    0x40,0xb9,0x4b,0xd9,0x00,0x00,0x00,0x00,0x00,0x00,0x00,0x00,0x00,0x00,0x00,0x00,
    0x00,0x00,0x00,0x00,0x00,0x00,0x00,0x00,0x00,0x00,0x00,0x00,0x00,0x00,0x00,0x00,
    0x00,0x00,0x00,0x00,0x00,0x00,0x00,0x00,0x00,0x00,0x00,0x00,0x00,0x00,0x00,0x00,
    0xff,0xff,0xff,0x32,0x7b,0xce,0x81,0x74,0x30,0xb3,0x3b,0xfd,0x14,0xa9,0x20,0xff,
    0x18,0xab,0x23,0xff,0x19,0xab,0x24,0xff,0x19,0xab,0x24,0xff,0x19,0xab,0x24,0xff,
    0x19,0xab,0x24,0xff,0x19,0xab,0x24,0xff,0x19,0xab,0x24,0xff,0x19,0xab,0x24,0xff,
    0x19,0xab,0x24,0xff,0x19,0xab,0x24,0xff,0x19,0xab,0x24,0xff,0x19,0xab,0x24,0xff,
    0x19,0xab,0x24,0xff,0x19,0xab,0x24,0xff,0x19,0xab,0x24,0xff,0x19,0xab,0x24,0xff,
    0x19,0xab,0x24,0xff,0x19,0xab,0x24,0xff,0x19,0xab,0x24,0xff,0x19,0xab,0x24,0xff,
    0x19,0xab,0x24,0xff,0x19,0xab,0x24,0xff,0x19,0xab,0x24,0xff,0x19,0xab,0x24,0xff,
    0x19,0xab,0x24,0xff,0x19,0xab,0x24,0xff,0x19,0xab,0x24,0xff,0x19,0xab,0x24,0xff,
    0x19,0xab,0x24,0xff,0x19,0xab,0x24,0xff,0x19,0xab,0x24,0xff,0x17,0xaa,0x21,0xff,
    0x07,0xa1,0x07,0xff,0x69,0xc7,0x6f,0xfe,0xdd,0xf2,0xdf,0xfd,0xff,0xff,0xff,0xfe,
    0xff,0xff,0xff,0xff,0xff,0xff,0xff,0xff,0xff,0xff,0xff,0xff,0xff,0xff,0xff,0xff,
    0xff,0xff,0xff,0xff,0xff,0xff,0xff,0xff,0xff,0xff,0xff,0xff,0xff,0xfe,0xff,0xfc,
    0xea,0xf6,0xeb,0xf0,0x77,0xcc,0x7d,0xf1,0x22,0xad,0x2c,0xfc,0x10,0xa8,0x1c,0xff,
    0x15,0xaa,0x21,0xff,0x19,0xab,0x24,0xff,0x19,0xab,0x24,0xff,0x19,0xab,0x24,0xff,
    0x19,0xab,0x24,0xff,0x19,0xab,0x24,0xff,0x19,0xab,0x24,0xff,0x19,0xab,0x24,0xff,
    0x19,0xab,0x24,0xff,0x19,0xab,0x24,0xff,0x19,0xab,0x24,0xff,0x19,0xab,0x24,0xff,
    0x19,0xab,0x24,0xff,0x19,0xab,0x24,0xff,0x19,0xab,0x24,0xff,0x19,0xab,0x24,0xff,
    0x19,0xab,0x24,0xff,0x19,0xab,0x24,0xff,0x19,0xab,0x24,0xff,0x19,0xab,0x24,0xff,
    0x19,0xab,0x24,0xff,0x19,0xab,0x24,0xff,0x19,0xab,0x24,0xff,0x19,0xab,0x24,0xff,
    0x17,0xaa,0x22,0xff,0x10,0xa8,0x1b,0xff,0x24,0xaf,0x2d,0xf6,0x72,0xcb,0x7a,0xea,
    0xdf,0xf3,0xe1,0xec,0xff,0xff,0xff,0xfe,0xff,0xff,0xff,0xff,0xff,0xff,0xff,0xff,
    0xff,0xff,0xff,0xff,0xff,0xff,0xff,0xff,0xff,0xff,0xff,0xff,0xff,0xff,0xff,0xff,
    0xff,0xff,0xff,0xff,0xff,0xff,0xff,0xff,0xff,0xff,0xff,0xff,0xff,0xff,0xff,0xff,
    0xff,0xff,0xff,0xfe,0xf1,0xf9,0xf2,0xfa,0xa7,0xde,0xab,0xeb,0x34,0xb4,0x3c,0xf5,
    0x0c,0xa6,0x18,0xfe,0x12,0xa8,0x1e,0xff,0x1b,0xab,0x26,0xff,0x19,0xab,0x24,0xff,
    0x19,0xab,0x24,0xff,0x19,0xab,0x24,0xff,0x19,0xab,0x24,0xff,0x19,0xab,0x24,0xff,
    0x19,0xab,0x24,0xff,0x19,0xab,0x24,0xff,0x19,0xab,0x24,0xff,0x19,0xab,0x24,0xff,
    0x19,0xab,0x24,0xff,0x19,0xab,0x24,0xff,0x19,0xab,0x24,0xff,0x19,0xab,0x24,0xff,
    0x19,0xab,0x24,0xff,0x19,0xab,0x24,0xff,0x19,0xab,0x24,0xff,0x19,0xab,0x24,0xff,
    0x19,0xab,0x24,0xff,0x19,0xab,0x24,0xff,0x19,0xab,0x24,0xff,0x19,0xab,0x24,0xff,
    0x19,0xab,0x24,0xff,0x19,0xab,0x24,0xff,0x19,0xab,0x24,0xff,0x19,0xab,0x24,0xff,
    0x19,0xab,0x24,0xff,0x19,0xab,0x24,0xff,0x19,0xab,0x24,0xff,0x19,0xab,0x24,0xff,
    0x19,0xab,0x24,0xff,0x19,0xab,0x24,0xff,0x19,0xab,0x24,0xff,0x19,0xab,0x24,0xff,
    0x19,0xab,0x24,0xff,0x19,0xab,0x24,0xff,0x19,0xab,0x24,0xff,0x19,0xab,0x24,0xff,
    0x19,0xab,0x24,0xff,0x19,0xab,0x24,0xff,0x19,0xab,0x24,0xff,0x19,0xab,0x24,0xff,
    0x19,0xab,0x24,0xff,0x19,0xab,0x24,0xff,0x19,0xab,0x24,0xff,0x19,0xab,0x24,0xff,
    0x19,0xab,0x24,0xff,0x19,0xab,0x24,0xff,0x17,0xaa,0x22,0xff,0x1b,0xae,0x26,0xff,
    0x3e,0xb8,0x49,0xdc,0x00,0x00,0x00,0x00,0x00,0x00,0x00,0x00,0x00,0x00,0x00,0x00,
    0x00,0x00,0x00,0x00,0x00,0x00,0x00,0x00,0x00,0x00,0x00,0x00,0x00,0x00,0x00,0x00,
    0x00,0x00,0x00,0x00,0x00,0x00,0x00,0x00,0x00,0x00,0x00,0x00,0x00,0x00,0x00,0x00,
    0xff,0xff,0xff,0x32,0x7d,0xce,0x83,0x74,0x31,0xb3,0x3c,0xfd,0x14,0xa9,0x20,0xff,
    0x18,0xab,0x23,0xff,0x19,0xab,0x24,0xff,0x19,0xab,0x24,0xff,0x19,0xab,0x24,0xff,
    0x19,0xab,0x24,0xff,0x19,0xab,0x24,0xff,0x19,0xab,0x24,0xff,0x19,0xab,0x24,0xff,
    0x19,0xab,0x24,0xff,0x19,0xab,0x24,0xff,0x19,0xab,0x24,0xff,0x19,0xab,0x24,0xff,
    0x19,0xab,0x24,0xff,0x19,0xab,0x24,0xff,0x19,0xab,0x24,0xff,0x19,0xab,0x24,0xff,
    0x19,0xab,0x24,0xff,0x19,0xab,0x24,0xff,0x19,0xab,0x24,0xff,0x19,0xab,0x24,0xff,
    0x19,0xab,0x24,0xff,0x19,0xab,0x24,0xff,0x19,0xab,0x24,0xff,0x19,0xab,0x24,0xff,
    0x19,0xab,0x24,0xff,0x19,0xab,0x24,0xff,0x19,0xab,0x24,0xff,0x19,0xab,0x24,0xff,
    0x19,0xab,0x24,0xff,0x19,0xab,0x24,0xff,0x19,0xab,0x24,0xff,0x16,0xa9,0x21,0xff,
    0x07,0xa3,0x10,0xff,0x73,0xcc,0x79,0xff,0xe1,0xf4,0xe2,0xff,0xff,0xff,0xff,0xff,
    0xff,0xff,0xff,0xff,0xff,0xff,0xff,0xff,0xff,0xff,0xff,0xff,0xff,0xff,0xff,0xff,
    0xff,0xff,0xff,0xff,0xff,0xff,0xff,0xff,0xff,0xff,0xff,0xff,0xff,0xff,0xff,0xff,
    0xfd,0xff,0xfd,0xfd,0xeb,0xf7,0xec,0xf0,0x79,0xcd,0x81,0xf1,0x23,0xae,0x2e,0xfb,
    0x0d,0xa7,0x19,0xff,0x16,0xaa,0x21,0xff,0x19,0xab,0x24,0xff,0x19,0xab,0x24,0xff,
    0x19,0xab,0x24,0xff,0x19,0xab,0x24,0xff,0x19,0xab,0x24,0xff,0x19,0xab,0x24,0xff,
    0x19,0xab,0x24,0xff,0x19,0xab,0x24,0xff,0x19,0xab,0x24,0xff,0x19,0xab,0x24,0xff,
    0x19,0xab,0x24,0xff,0x19,0xab,0x24,0xff,0x19,0xab,0x24,0xff,0x19,0xab,0x24,0xff,
    0x19,0xab,0x24,0xff,0x19,0xab,0x24,0xff,0x19,0xab,0x24,0xff,0x19,0xab,0x24,0xff,
    0x19,0xab,0x24,0xff,0x19,0xab,0x24,0xff,0x19,0xab,0x24,0xff,0x17,0xaa,0x22,0xff,
    0x0e,0xa8,0x1a,0xff,0x22,0xaf,0x2d,0xf6,0x76,0xcd,0x7c,0xeb,0xdc,0xf2,0xde,0xef,
    0xff,0xff,0xff,0xfe,0xff,0xff,0xff,0xff,0xff,0xff,0xff,0xff,0xff,0xff,0xff,0xff,
    0xff,0xff,0xff,0xff,0xff,0xff,0xff,0xff,0xff,0xff,0xff,0xff,0xff,0xff,0xff,0xff,
    0xff,0xff,0xff,0xff,0xff,0xff,0xff,0xff,0xff,0xff,0xff,0xff,0xff,0xff,0xff,0xff,
    0xf2,0xf9,0xf2,0xf7,0xa6,0xde,0xab,0xea,0x2e,0xb1,0x39,0xf5,0x0f,0xa7,0x1a,0xfe,
    0x14,0xaa,0x1f,0xff,0x19,0xab,0x24,0xff,0x19,0xab,0x24,0xff,0x19,0xab,0x24,0xff,
    0x19,0xab,0x24,0xff,0x19,0xab,0x24,0xff,0x19,0xab,0x24,0xff,0x19,0xab,0x24,0xff,
    0x19,0xab,0x24,0xff,0x19,0xab,0x24,0xff,0x19,0xab,0x24,0xff,0x19,0xab,0x24,0xff,
    0x19,0xab,0x24,0xff,0x19,0xab,0x24,0xff,0x19,0xab,0x24,0xff,0x19,0xab,0x24,0xff,
    0x19,0xab,0x24,0xff,0x19,0xab,0x24,0xff,0x19,0xab,0x24,0xff,0x19,0xab,0x24,0xff,
    0x19,0xab,0x24,0xff,0x19,0xab,0x24,0xff,0x19,0xab,0x24,0xff,0x19,0xab,0x24,0xff,
    0x19,0xab,0x24,0xff,0x19,0xab,0x24,0xff,0x19,0xab,0x24,0xff,0x19,0xab,0x24,0xff,
    0x19,0xab,0x24,0xff,0x19,0xab,0x24,0xff,0x19,0xab,0x24,0xff,0x19,0xab,0x24,0xff,
    0x19,0xab,0x24,0xff,0x19,0xab,0x24,0xff,0x19,0xab,0x24,0xff,0x19,0xab,0x24,0xff,
    0x19,0xab,0x24,0xff,0x19,0xab,0x24,0xff,0x19,0xab,0x24,0xff,0x19,0xab,0x24,0xff,
    0x19,0xab,0x24,0xff,0x19,0xab,0x24,0xff,0x19,0xab,0x24,0xff,0x19,0xab,0x24,0xff,
    0x19,0xab,0x24,0xff,0x19,0xab,0x24,0xff,0x19,0xab,0x24,0xff,0x19,0xab,0x24,0xff,
    0x19,0xab,0x24,0xff,0x19,0xab,0x24,0xff,0x17,0xaa,0x22,0xff,0x1b,0xae,0x26,0xff,
    0x3e,0xb8,0x47,0xdc,0x00,0x00,0x00,0x00,0x00,0x00,0x00,0x00,0x00,0x00,0x00,0x00,
    0x00,0x00,0x00,0x00,0x00,0x00,0x00,0x00,0x00,0x00,0x00,0x00,0x00,0x00,0x00,0x00,
    0x00,0x00,0x00,0x00,0x00,0x00,0x00,0x00,0x00,0x00,0x00,0x00,0x00,0x00,0x00,0x00,
    0xff,0xff,0xff,0x32,0x7d,0xce,0x83,0x74,0x31,0xb3,0x3c,0xfd,0x14,0xa9,0x20,0xff,
    0x18,0xab,0x23,0xff,0x19,0xab,0x24,0xff,0x19,0xab,0x24,0xff,0x19,0xab,0x24,0xff,
    0x19,0xab,0x24,0xff,0x19,0xab,0x24,0xff,0x19,0xab,0x24,0xff,0x19,0xab,0x24,0xff,
    0x19,0xab,0x24,0xff,0x19,0xab,0x24,0xff,0x19,0xab,0x24,0xff,0x19,0xab,0x24,0xff,
    0x19,0xab,0x24,0xff,0x19,0xab,0x24,0xff,0x19,0xab,0x24,0xff,0x19,0xab,0x24,0xff,
    0x19,0xab,0x24,0xff,0x19,0xab,0x24,0xff,0x19,0xab,0x24,0xff,0x19,0xab,0x24,0xff,
    0x19,0xab,0x24,0xff,0x19,0xab,0x24,0xff,0x19,0xab,0x24,0xff,0x19,0xab,0x24,0xff,
    0x19,0xab,0x24,0xff,0x19,0xab,0x24,0xff,0x19,0xab,0x24,0xff,0x19,0xab,0x24,0xff,
    0x19,0xab,0x24,0xff,0x19,0xab,0x24,0xff,0x19,0xab,0x24,0xff,0x16,0xa9,0x22,0xff,
    0x07,0xa3,0x10,0xff,0x67,0xc6,0x6d,0xfd,0xde,0xf2,0xdf,0xfb,0xff,0xff,0xff,0xfe,
    0xff,0xff,0xff,0xff,0xff,0xff,0xff,0xff,0xff,0xff,0xff,0xff,0xff,0xff,0xff,0xff,
    0xff,0xff,0xff,0xff,0xff,0xff,0xff,0xff,0xff,0xff,0xff,0xff,0xff,0xff,0xff,0xff,
    0xff,0xff,0xff,0xff,0xff,0xff,0xff,0xfd,0xe5,0xf5,0xe5,0xf1,0x7f,0xcf,0x85,0xf2,
    0x27,0xb0,0x30,0xfa,0x09,0xa7,0x15,0xff,0x16,0xa9,0x22,0xff,0x19,0xab,0x24,0xff,
    0x19,0xab,0x24,0xff,0x19,0xab,0x24,0xff,0x19,0xab,0x24,0xff,0x19,0xab,0x24,0xff,
    0x19,0xab,0x24,0xff,0x19,0xab,0x24,0xff,0x19,0xab,0x24,0xff,0x19,0xab,0x24,0xff,
    0x19,0xab,0x24,0xff,0x19,0xab,0x24,0xff,0x19,0xab,0x24,0xff,0x19,0xab,0x24,0xff,
    0x19,0xab,0x24,0xff,0x19,0xab,0x24,0xff,0x19,0xab,0x24,0xff,0x19,0xab,0x24,0xff,
    0x19,0xab,0x24,0xff,0x19,0xab,0x24,0xff,0x17,0xaa,0x22,0xff,0x0e,0xa8,0x19,0xff,
    0x23,0xae,0x2d,0xf5,0x7c,0xcf,0x83,0xeb,0xda,0xf2,0xdb,0xf0,0xff,0xff,0xff,0xfe,
    0xff,0xff,0xff,0xff,0xff,0xff,0xff,0xff,0xff,0xff,0xff,0xff,0xff,0xff,0xff,0xff,
    0xff,0xff,0xff,0xff,0xff,0xff,0xff,0xff,0xff,0xff,0xff,0xff,0xff,0xff,0xff,0xff,
    0xff,0xff,0xff,0xff,0xff,0xff,0xff,0xff,0xff,0xff,0xff,0xff,0xf3,0xfa,0xf4,0xf4,
    0xa1,0xdc,0xa7,0xeb,0x2f,0xb4,0x38,0xf5,0x0e,0xa6,0x1a,0xfe,0x15,0xaa,0x20,0xff,
    0x18,0xab,0x23,0xff,0x19,0xab,0x24,0xff,0x19,0xab,0x24,0xff,0x19,0xab,0x24,0xff,
    0x19,0xab,0x24,0xff,0x19,0xab,0x24,0xff,0x19,0xab,0x24,0xff,0x19,0xab,0x24,0xff,
    0x19,0xab,0x24,0xff,0x19,0xab,0x24,0xff,0x19,0xab,0x24,0xff,0x19,0xab,0x24,0xff,
    0x19,0xab,0x24,0xff,0x19,0xab,0x24,0xff,0x19,0xab,0x24,0xff,0x19,0xab,0x24,0xff,
    0x19,0xab,0x24,0xff,0x19,0xab,0x24,0xff,0x19,0xab,0x24,0xff,0x19,0xab,0x24,0xff,
    0x19,0xab,0x24,0xff,0x19,0xab,0x24,0xff,0x19,0xab,0x24,0xff,0x19,0xab,0x24,0xff,
    0x19,0xab,0x24,0xff,0x19,0xab,0x24,0xff,0x19,0xab,0x24,0xff,0x19,0xab,0x24,0xff,
    0x19,0xab,0x24,0xff,0x19,0xab,0x24,0xff,0x19,0xab,0x24,0xff,0x19,0xab,0x24,0xff,
    0x19,0xab,0x24,0xff,0x19,0xab,0x24,0xff,0x19,0xab,0x24,0xff,0x19,0xab,0x24,0xff,
    0x19,0xab,0x24,0xff,0x19,0xab,0x24,0xff,0x19,0xab,0x24,0xff,0x19,0xab,0x24,0xff,
    0x19,0xab,0x24,0xff,0x19,0xab,0x24,0xff,0x19,0xab,0x24,0xff,0x19,0xab,0x24,0xff,
    0x19,0xab,0x24,0xff,0x19,0xab,0x24,0xff,0x19,0xab,0x24,0xff,0x19,0xab,0x24,0xff,
    0x19,0xab,0x24,0xff,0x19,0xab,0x24,0xff,0x17,0xaa,0x22,0xff,0x1c,0xae,0x27,0xff,
    0x3f,0xb8,0x49,0xda,0x00,0x00,0x00,0x00,0x00,0x00,0x00,0x00,0x00,0x00,0x00,0x00,
    0x00,0x00,0x00,0x00,0x00,0x00,0x00,0x00,0x00,0x00,0x00,0x00,0x00,0x00,0x00,0x00,
    0x00,0x00,0x00,0x00,0x00,0x00,0x00,0x00,0x00,0x00,0x00,0x00,0x00,0x00,0x00,0x00,
    0xff,0xff,0xff,0x36,0x80,0xcf,0x87,0x77,0x33,0xb3,0x3d,0xfe,0x14,0xa9,0x20,0xff,
    0x18,0xab,0x23,0xff,0x19,0xab,0x24,0xff,0x19,0xab,0x24,0xff,0x19,0xab,0x24,0xff,
    0x19,0xab,0x24,0xff,0x19,0xab,0x24,0xff,0x19,0xab,0x24,0xff,0x19,0xab,0x24,0xff,
    0x19,0xab,0x24,0xff,0x19,0xab,0x24,0xff,0x19,0xab,0x24,0xff,0x19,0xab,0x24,0xff,
    0x19,0xab,0x24,0xff,0x19,0xab,0x24,0xff,0x19,0xab,0x24,0xff,0x19,0xab,0x24,0xff,
    0x19,0xab,0x24,0xff,0x19,0xab,0x24,0xff,0x19,0xab,0x24,0xff,0x19,0xab,0x24,0xff,
    0x19,0xab,0x24,0xff,0x19,0xab,0x24,0xff,0x19,0xab,0x24,0xff,0x19,0xab,0x24,0xff,
    0x19,0xab,0x24,0xff,0x19,0xab,0x24,0xff,0x19,0xab,0x24,0xff,0x19,0xab,0x24,0xff,
    0x19,0xab,0x24,0xff,0x19,0xab,0x24,0xff,0x19,0xab,0x24,0xff,0x17,0xaa,0x23,0xff,
    0x08,0xa4,0x12,0xff,0x39,0xb6,0x43,0xf4,0xc3,0xe8,0xc6,0xf1,0xff,0xff,0xff,0xfa,
    0xff,0xff,0xff,0xff,0xff,0xff,0xff,0xff,0xff,0xff,0xff,0xff,0xff,0xff,0xff,0xff,
    0xff,0xff,0xff,0xff,0xff,0xff,0xff,0xff,0xff,0xff,0xff,0xff,0xff,0xff,0xff,0xff,
    0xff,0xff,0xff,0xff,0xff,0xff,0xff,0xff,0xff,0xff,0xff,0xfc,0xde,0xf2,0xe0,0xf4,
    0x82,0xd1,0x88,0xf2,0x25,0xb0,0x31,0xf9,0x0a,0xa6,0x16,0xff,0x17,0xaa,0x22,0xff,
    0x19,0xab,0x24,0xff,0x19,0xab,0x24,0xff,0x19,0xab,0x24,0xff,0x19,0xab,0x24,0xff,
    0x19,0xab,0x24,0xff,0x19,0xab,0x24,0xff,0x19,0xab,0x24,0xff,0x19,0xab,0x24,0xff,
    0x19,0xab,0x24,0xff,0x19,0xab,0x24,0xff,0x19,0xab,0x24,0xff,0x19,0xab,0x24,0xff,
    0x19,0xab,0x24,0xff,0x19,0xab,0x24,0xff,0x19,0xab,0x24,0xff,0x19,0xab,0x24,0xff,
    0x1a,0xab,0x24,0xff,0x16,0xaa,0x21,0xff,0x0f,0xa8,0x1a,0xff,0x21,0xae,0x2c,0xf6,
    0x7e,0xcf,0x84,0xeb,0xda,0xf0,0xdc,0xf2,0xff,0xff,0xff,0xfc,0xff,0xff,0xff,0xff,
    0xff,0xff,0xff,0xff,0xff,0xff,0xff,0xff,0xff,0xff,0xff,0xff,0xff,0xff,0xff,0xff,
    0xff,0xff,0xff,0xff,0xff,0xff,0xff,0xff,0xff,0xff,0xff,0xff,0xff,0xff,0xff,0xff,
    0xff,0xff,0xff,0xff,0xff,0xff,0xff,0xff,0xf5,0xfb,0xf7,0xf2,0x9e,0xdc,0xa2,0xeb,
    0x32,0xb3,0x3a,0xf3,0x0b,0xa4,0x16,0xfe,0x14,0xa9,0x20,0xff,0x18,0xab,0x23,0xff,
    0x19,0xab,0x24,0xff,0x19,0xab,0x24,0xff,0x19,0xab,0x24,0xff,0x19,0xab,0x24,0xff,
    0x19,0xab,0x24,0xff,0x19,0xab,0x24,0xff,0x19,0xab,0x24,0xff,0x19,0xab,0x24,0xff,
    0x19,0xab,0x24,0xff,0x19,0xab,0x24,0xff,0x19,0xab,0x24,0xff,0x19,0xab,0x24,0xff,
    0x19,0xab,0x24,0xff,0x19,0xab,0x24,0xff,0x19,0xab,0x24,0xff,0x19,0xab,0x24,0xff,
    0x19,0xab,0x24,0xff,0x19,0xab,0x24,0xff,0x19,0xab,0x24,0xff,0x19,0xab,0x24,0xff,
    0x19,0xab,0x24,0xff,0x19,0xab,0x24,0xff,0x19,0xab,0x24,0xff,0x19,0xab,0x24,0xff,
    0x19,0xab,0x24,0xff,0x19,0xab,0x24,0xff,0x19,0xab,0x24,0xff,0x19,0xab,0x24,0xff,
    0x19,0xab,0x24,0xff,0x19,0xab,0x24,0xff,0x19,0xab,0x24,0xff,0x19,0xab,0x24,0xff,
    0x19,0xab,0x24,0xff,0x19,0xab,0x24,0xff,0x19,0xab,0x24,0xff,0x19,0xab,0x24,0xff,
    0x19,0xab,0x24,0xff,0x19,0xab,0x24,0xff,0x19,0xab,0x24,0xff,0x19,0xab,0x24,0xff,
    0x19,0xab,0x24,0xff,0x19,0xab,0x24,0xff,0x19,0xab,0x24,0xff,0x19,0xab,0x24,0xff,
    0x19,0xab,0x24,0xff,0x19,0xab,0x24,0xff,0x19,0xab,0x24,0xff,0x19,0xab,0x24,0xff,
    0x19,0xab,0x24,0xff,0x19,0xab,0x24,0xff,0x17,0xaa,0x22,0xff,0x1c,0xae,0x28,0xff,
    0x42,0xba,0x4b,0xd7,0x00,0x00,0x00,0x00,0x00,0x00,0x00,0x00,0x00,0x00,0x00,0x00,
    0x00,0x00,0x00,0x00,0x00,0x00,0x00,0x00,0x00,0x00,0x00,0x00,0x00,0x00,0x00,0x00,
    0x00,0x00,0x00,0x00,0x00,0x00,0x00,0x00,0x00,0x00,0x00,0x00,0x00,0x00,0x00,0x00,
    0xff,0xff,0xff,0x2e,0x88,0xd3,0x8f,0x70,0x3b,0xb5,0x46,0xfb,0x13,0xa9,0x1f,0xff,
    0x18,0xab,0x23,0xff,0x19,0xab,0x24,0xff,0x19,0xab,0x24,0xff,0x19,0xab,0x24,0xff,
    0x19,0xab,0x24,0xff,0x19,0xab,0x24,0xff,0x19,0xab,0x24,0xff,0x19,0xab,0x24,0xff,
    0x19,0xab,0x24,0xff,0x19,0xab,0x24,0xff,0x19,0xab,0x24,0xff,0x19,0xab,0x24,0xff,
    0x19,0xab,0x24,0xff,0x19,0xab,0x24,0xff,0x19,0xab,0x24,0xff,0x19,0xab,0x24,0xff,
    0x19,0xab,0x24,0xff,0x19,0xab,0x24,0xff,0x19,0xab,0x24,0xff,0x19,0xab,0x24,0xff,
    0x19,0xab,0x24,0xff,0x19,0xab,0x24,0xff,0x19,0xab,0x24,0xff,0x19,0xab,0x24,0xff,
    0x19,0xab,0x24,0xff,0x19,0xab,0x24,0xff,0x19,0xab,0x24,0xff,0x19,0xab,0x24,0xff,
    0x19,0xab,0x24,0xff,0x19,0xab,0x24,0xff,0x19,0xab,0x24,0xff,0x19,0xab,0x24,0xff,
    0x10,0xa8,0x1c,0xff,0x0f,0xa7,0x1b,0xf7,0x78,0xcd,0x80,0xf1,0xe4,0xf5,0xe6,0xf7,
    0xff,0xff,0xff,0xff,0xff,0xff,0xff,0xff,0xff,0xff,0xff,0xff,0xff,0xff,0xff,0xff,
    0xff,0xff,0xff,0xff,0xff,0xff,0xff,0xff,0xff,0xff,0xff,0xff,0xff,0xff,0xff,0xff,
    0xff,0xff,0xff,0xff,0xff,0xff,0xff,0xff,0xff,0xff,0xff,0xff,0xff,0xff,0xff,0xfc,
    0xdd,0xf3,0xdf,0xf3,0x83,0xd2,0x89,0xf1,0x24,0xaf,0x2f,0xfb,0x0c,0xa7,0x19,0xff,
    0x17,0xaa,0x23,0xff,0x19,0xab,0x24,0xff,0x19,0xab,0x24,0xff,0x19,0xab,0x24,0xff,
    0x19,0xab,0x24,0xff,0x19,0xab,0x24,0xff,0x19,0xab,0x24,0xff,0x19,0xab,0x24,0xff,
    0x19,0xab,0x24,0xff,0x19,0xab,0x24,0xff,0x19,0xab,0x24,0xff,0x19,0xab,0x24,0xff,
    0x19,0xab,0x24,0xff,0x19,0xab,0x24,0xff,0x19,0xab,0x24,0xff,0x19,0xab,0x24,0xff,
    0x15,0xaa,0x21,0xff,0x10,0xa8,0x1c,0xfe,0x22,0xae,0x2d,0xf7,0x7b,0xcd,0x82,0xec,
    0xda,0xf1,0xdc,0xf2,0xff,0xfd,0xff,0xfd,0xff,0xff,0xff,0xff,0xff,0xff,0xff,0xff,
    0xff,0xff,0xff,0xff,0xff,0xff,0xff,0xff,0xff,0xff,0xff,0xff,0xff,0xff,0xff,0xff,
    0xff,0xff,0xff,0xff,0xff,0xff,0xff,0xff,0xff,0xff,0xff,0xff,0xff,0xff,0xff,0xff,
    0xff,0xff,0xff,0xff,0xf4,0xfa,0xf5,0xf3,0x9a,0xda,0x9f,0xec,0x34,0xb4,0x3d,0xf2,
    0x09,0xa4,0x12,0xfd,0x13,0xa9,0x1e,0xff,0x1a,0xab,0x25,0xff,0x19,0xab,0x24,0xff,
    0x19,0xab,0x24,0xff,0x19,0xab,0x24,0xff,0x19,0xab,0x24,0xff,0x19,0xab,0x24,0xff,
    0x19,0xab,0x24,0xff,0x19,0xab,0x24,0xff,0x19,0xab,0x24,0xff,0x19,0xab,0x24,0xff,
    0x19,0xab,0x24,0xff,0x19,0xab,0x24,0xff,0x19,0xab,0x24,0xff,0x19,0xab,0x24,0xff,
    0x19,0xab,0x24,0xff,0x19,0xab,0x24,0xff,0x19,0xab,0x24,0xff,0x19,0xab,0x24,0xff,
    0x19,0xab,0x24,0xff,0x19,0xab,0x24,0xff,0x19,0xab,0x24,0xff,0x19,0xab,0x24,0xff,
    0x19,0xab,0x24,0xff,0x19,0xab,0x24,0xff,0x19,0xab,0x24,0xff,0x19,0xab,0x24,0xff,
    0x19,0xab,0x24,0xff,0x19,0xab,0x24,0xff,0x19,0xab,0x24,0xff,0x19,0xab,0x24,0xff,
    0x19,0xab,0x24,0xff,0x19,0xab,0x24,0xff,0x19,0xab,0x24,0xff,0x19,0xab,0x24,0xff,
    0x19,0xab,0x24,0xff,0x19,0xab,0x24,0xff,0x19,0xab,0x24,0xff,0x19,0xab,0x24,0xff,
    0x19,0xab,0x24,0xff,0x19,0xab,0x24,0xff,0x19,0xab,0x24,0xff,0x19,0xab,0x24,0xff,
    0x19,0xab,0x24,0xff,0x19,0xab,0x24,0xff,0x19,0xab,0x24,0xff,0x19,0xab,0x24,0xff,
    0x19,0xab,0x24,0xff,0x19,0xab,0x24,0xff,0x19,0xab,0x24,0xff,0x19,0xab,0x24,0xff,
    0x19,0xab,0x24,0xff,0x19,0xab,0x24,0xff,0x17,0xaa,0x22,0xff,0x1c,0xae,0x29,0xff,
    0x46,0xbb,0x4f,0xd4,0x00,0x00,0x00,0x00,0x00,0x00,0x00,0x00,0x00,0x00,0x00,0x00,
    0x00,0x00,0x00,0x00,0x00,0x00,0x00,0x00,0x00,0x00,0x00,0x00,0x00,0x00,0x00,0x00,
    0x00,0x00,0x00,0x00,0x00,0x00,0x00,0x00,0x00,0x00,0x00,0x00,0x00,0x00,0x00,0x00,
    0xff,0xff,0xff,0x16,0x7c,0xcf,0x85,0x5c,0x43,0xb9,0x4c,0xf2,0x14,0xaa,0x20,0xff,
    0x18,0xab,0x23,0xff,0x19,0xab,0x24,0xff,0x19,0xab,0x24,0xff,0x19,0xab,0x24,0xff,
    0x19,0xab,0x24,0xff,0x19,0xab,0x24,0xff,0x19,0xab,0x24,0xff,0x19,0xab,0x24,0xff,
    0x19,0xab,0x24,0xff,0x19,0xab,0x24,0xff,0x19,0xab,0x24,0xff,0x19,0xab,0x24,0xff,
    0x19,0xab,0x24,0xff,0x19,0xab,0x24,0xff,0x19,0xab,0x24,0xff,0x19,0xab,0x24,0xff,
    0x19,0xab,0x24,0xff,0x19,0xab,0x24,0xff,0x19,0xab,0x24,0xff,0x19,0xab,0x24,0xff,
    0x19,0xab,0x24,0xff,0x19,0xab,0x24,0xff,0x19,0xab,0x24,0xff,0x19,0xab,0x24,0xff,
    0x19,0xab,0x24,0xff,0x19,0xab,0x24,0xff,0x19,0xab,0x24,0xff,0x19,0xab,0x24,0xff,
    0x19,0xab,0x24,0xff,0x19,0xab,0x24,0xff,0x19,0xab,0x24,0xff,0x19,0xab,0x24,0xff,
    0x18,0xab,0x25,0xff,0x06,0xa3,0x12,0xff,0x2a,0xb0,0x35,0xf5,0x96,0xd8,0x9c,0xf1,
    0xf3,0xfa,0xf4,0xf7,0xff,0xff,0xff,0xff,0xff,0xff,0xff,0xff,0xff,0xff,0xff,0xff,
    0xff,0xff,0xff,0xff,0xff,0xff,0xff,0xff,0xff,0xff,0xff,0xff,0xff,0xff,0xff,0xff,
    0xff,0xff,0xff,0xff,0xff,0xff,0xff,0xff,0xff,0xff,0xff,0xff,0xff,0xff,0xff,0xff,
    0xff,0xff,0xff,0xfb,0xe0,0xf3,0xe2,0xf3,0x7d,0xcf,0x84,0xf2,0x21,0xad,0x2b,0xfb,
    0x10,0xa7,0x1c,0xff,0x16,0xaa,0x21,0xff,0x19,0xab,0x24,0xff,0x19,0xab,0x24,0xff,
    0x19,0xab,0x24,0xff,0x19,0xab,0x24,0xff,0x19,0xab,0x24,0xff,0x19,0xab,0x24,0xff,
    0x19,0xab,0x24,0xff,0x19,0xab,0x24,0xff,0x19,0xab,0x24,0xff,0x19,0xab,0x24,0xff,
    0x19,0xab,0x24,0xff,0x19,0xab,0x24,0xff,0x19,0xab,0x24,0xff,0x15,0xaa,0x20,0xff,
    0x0f,0xa7,0x1b,0xff,0x22,0xaf,0x2e,0xf7,0x73,0xcc,0x7c,0xec,0xde,0xf1,0xdf,0xf1,
    0xff,0xff,0xff,0xfe,0xff,0xff,0xff,0xff,0xff,0xff,0xff,0xff,0xff,0xff,0xff,0xff,
    0xff,0xff,0xff,0xff,0xff,0xff,0xff,0xff,0xff,0xff,0xff,0xff,0xff,0xff,0xff,0xff,
    0xff,0xff,0xff,0xff,0xff,0xff,0xff,0xff,0xff,0xff,0xff,0xff,0xff,0xff,0xff,0xff,
    0xf5,0xfb,0xf5,0xf4,0x9e,0xdc,0xa3,0xea,0x31,0xb3,0x38,0xf2,0x07,0xa3,0x0f,0xfc,
    0x12,0xa8,0x1c,0xff,0x1c,0xac,0x27,0xff,0x19,0xab,0x24,0xff,0x19,0xab,0x24,0xff,
    0x19,0xab,0x24,0xff,0x19,0xab,0x24,0xff,0x19,0xab,0x24,0xff,0x19,0xab,0x24,0xff,
    0x19,0xab,0x24,0xff,0x19,0xab,0x24,0xff,0x19,0xab,0x24,0xff,0x19,0xab,0x24,0xff,
    0x19,0xab,0x24,0xff,0x19,0xab,0x24,0xff,0x19,0xab,0x24,0xff,0x19,0xab,0x24,0xff,
    0x19,0xab,0x24,0xff,0x19,0xab,0x24,0xff,0x19,0xab,0x24,0xff,0x19,0xab,0x24,0xff,
    0x19,0xab,0x24,0xff,0x19,0xab,0x24,0xff,0x19,0xab,0x24,0xff,0x19,0xab,0x24,0xff,
    0x19,0xab,0x24,0xff,0x19,0xab,0x24,0xff,0x19,0xab,0x24,0xff,0x19,0xab,0x24,0xff,
    0x19,0xab,0x24,0xff,0x19,0xab,0x24,0xff,0x19,0xab,0x24,0xff,0x19,0xab,0x24,0xff,
    0x19,0xab,0x24,0xff,0x19,0xab,0x24,0xff,0x19,0xab,0x24,0xff,0x19,0xab,0x24,0xff,
    0x19,0xab,0x24,0xff,0x19,0xab,0x24,0xff,0x19,0xab,0x24,0xff,0x19,0xab,0x24,0xff,
    0x19,0xab,0x24,0xff,0x19,0xab,0x24,0xff,0x19,0xab,0x24,0xff,0x19,0xab,0x24,0xff,
    0x19,0xab,0x24,0xff,0x19,0xab,0x24,0xff,0x19,0xab,0x24,0xff,0x19,0xab,0x24,0xff,
    0x19,0xab,0x24,0xff,0x19,0xab,0x24,0xff,0x19,0xab,0x24,0xff,0x19,0xab,0x24,0xff,
    0x19,0xab,0x24,0xff,0x19,0xab,0x24,0xff,0x17,0xaa,0x22,0xff,0x1c,0xae,0x29,0xff,
    0x4b,0xbd,0x54,0xce,0x00,0x00,0x00,0x00,0x00,0x00,0x00,0x00,0x00,0x00,0x00,0x00,
    0x00,0x00,0x00,0x00,0x00,0x00,0x00,0x00,0x00,0x00,0x00,0x00,0x00,0x00,0x00,0x00,
    0x00,0x00,0x00,0x00,0x00,0x00,0x00,0x00,0x00,0x00,0x00,0x00,0x00,0x00,0x00,0x00,
    0x00,0x00,0x00,0x00,0x5c,0xc2,0x63,0x48,0x46,0xbb,0x50,0xe5,0x18,0xab,0x23,0xff,
    0x19,0xab,0x24,0xff,0x19,0xab,0x24,0xff,0x19,0xab,0x24,0xff,0x19,0xab,0x24,0xff,
    0x19,0xab,0x24,0xff,0x19,0xab,0x24,0xff,0x19,0xab,0x24,0xff,0x19,0xab,0x24,0xff,
    0x19,0xab,0x24,0xff,0x19,0xab,0x24,0xff,0x19,0xab,0x24,0xff,0x19,0xab,0x24,0xff,
    0x19,0xab,0x24,0xff,0x19,0xab,0x24,0xff,0x19,0xab,0x24,0xff,0x19,0xab,0x24,0xff,
    0x19,0xab,0x24,0xff,0x19,0xab,0x24,0xff,0x19,0xab,0x24,0xff,0x19,0xab,0x24,0xff,
    0x19,0xab,0x24,0xff,0x19,0xab,0x24,0xff,0x19,0xab,0x24,0xff,0x19,0xab,0x24,0xff,
    0x19,0xab,0x24,0xff,0x19,0xab,0x24,0xff,0x19,0xab,0x24,0xff,0x19,0xab,0x24,0xff,
    0x19,0xab,0x24,0xff,0x19,0xab,0x24,0xff,0x19,0xab,0x24,0xff,0x19,0xab,0x24,0xff,
    0x1a,0xab,0x25,0xff,0x15,0xaa,0x1f,0xff,0x06,0xa3,0x13,0xf9,0x31,0xb3,0x3c,0xed,
    0x9c,0xdb,0xa0,0xeb,0xf7,0xfc,0xf7,0xf9,0xff,0xff,0xff,0xff,0xff,0xff,0xff,0xff,
    0xff,0xff,0xff,0xff,0xff,0xff,0xff,0xff,0xff,0xff,0xff,0xff,0xff,0xff,0xff,0xff,
    0xff,0xff,0xff,0xff,0xff,0xff,0xff,0xff,0xff,0xff,0xff,0xff,0xff,0xff,0xff,0xff,
    0xff,0xff,0xff,0xff,0xff,0xff,0xff,0xfd,0xe5,0xf6,0xe7,0xf1,0x77,0xcd,0x7d,0xf2,
    0x1e,0xac,0x29,0xfc,0x11,0xa7,0x1c,0xff,0x17,0xaa,0x22,0xff,0x1a,0xab,0x25,0xff,
    0x19,0xab,0x24,0xff,0x19,0xab,0x24,0xff,0x19,0xab,0x24,0xff,0x19,0xab,0x24,0xff,
    0x19,0xab,0x24,0xff,0x19,0xab,0x24,0xff,0x19,0xab,0x24,0xff,0x19,0xab,0x24,0xff,
    0x19,0xab,0x24,0xff,0x19,0xab,0x24,0xff,0x17,0xaa,0x22,0xff,0x0f,0xa8,0x1b,0xff,
    0x21,0xae,0x2c,0xf7,0x6d,0xc9,0x75,0xed,0xe1,0xf3,0xe2,0xee,0xff,0xff,0xff,0xff,
    0xff,0xff,0xff,0xff,0xff,0xff,0xff,0xff,0xff,0xff,0xff,0xff,0xff,0xff,0xff,0xff,
    0xff,0xff,0xff,0xff,0xff,0xff,0xff,0xff,0xff,0xff,0xff,0xff,0xff,0xff,0xff,0xff,
    0xff,0xff,0xff,0xff,0xff,0xff,0xff,0xff,0xff,0xff,0xff,0xfe,0xf3,0xfa,0xf4,0xf8,
    0xa9,0xdf,0xab,0xe8,0x2a,0xae,0x32,0xf2,0x07,0xa2,0x0e,0xfd,0x12,0xa9,0x1c,0xff,
    0x1c,0xac,0x29,0xff,0x19,0xab,0x24,0xff,0x19,0xab,0x24,0xff,0x19,0xab,0x24,0xff,
    0x19,0xab,0x24,0xff,0x19,0xab,0x24,0xff,0x19,0xab,0x24,0xff,0x19,0xab,0x24,0xff,
    0x19,0xab,0x24,0xff,0x19,0xab,0x24,0xff,0x19,0xab,0x24,0xff,0x19,0xab,0x24,0xff,
    0x19,0xab,0x24,0xff,0x19,0xab,0x24,0xff,0x19,0xab,0x24,0xff,0x19,0xab,0x24,0xff,
    0x19,0xab,0x24,0xff,0x19,0xab,0x24,0xff,0x19,0xab,0x24,0xff,0x19,0xab,0x24,0xff,
    0x19,0xab,0x24,0xff,0x19,0xab,0x24,0xff,0x19,0xab,0x24,0xff,0x19,0xab,0x24,0xff,
    0x19,0xab,0x24,0xff,0x19,0xab,0x24,0xff,0x19,0xab,0x24,0xff,0x19,0xab,0x24,0xff,
    0x19,0xab,0x24,0xff,0x19,0xab,0x24,0xff,0x19,0xab,0x24,0xff,0x19,0xab,0x24,0xff,
    0x19,0xab,0x24,0xff,0x19,0xab,0x24,0xff,0x19,0xab,0x24,0xff,0x19,0xab,0x24,0xff,
    0x19,0xab,0x24,0xff,0x19,0xab,0x24,0xff,0x19,0xab,0x24,0xff,0x19,0xab,0x24,0xff,
    0x19,0xab,0x24,0xff,0x19,0xab,0x24,0xff,0x19,0xab,0x24,0xff,0x19,0xab,0x24,0xff,
    0x19,0xab,0x24,0xff,0x19,0xab,0x24,0xff,0x19,0xab,0x24,0xff,0x19,0xab,0x24,0xff,
    0x19,0xab,0x24,0xff,0x19,0xab,0x24,0xff,0x19,0xab,0x24,0xff,0x19,0xab,0x24,0xff,
    0x19,0xab,0x24,0xff,0x19,0xab,0x24,0xff,0x17,0xaa,0x22,0xff,0x1d,0xaf,0x28,0xff,
    0x52,0xbf,0x5b,0xc6,0x00,0x00,0x00,0x00,0x00,0x00,0x00,0x00,0x00,0x00,0x00,0x00,
    0x00,0x00,0x00,0x00,0x00,0x00,0x00,0x00,0x00,0x00,0x00,0x00,0x00,0x00,0x00,0x00,
    0x00,0x00,0x00,0x00,0x00,0x00,0x00,0x00,0x00,0x00,0x00,0x00,0x00,0x00,0x00,0x00,
    0x00,0x66,0x33,0x05,0x5b,0xc1,0x62,0x46,0x4b,0xbf,0x53,0xd8,0x1a,0xab,0x25,0xff,
    0x18,0xab,0x23,0xff,0x19,0xab,0x24,0xff,0x19,0xab,0x24,0xff,0x19,0xab,0x24,0xff,
    0x19,0xab,0x24,0xff,0x19,0xab,0x24,0xff,0x19,0xab,0x24,0xff,0x19,0xab,0x24,0xff,
    0x19,0xab,0x24,0xff,0x19,0xab,0x24,0xff,0x19,0xab,0x24,0xff,0x19,0xab,0x24,0xff,
    0x19,0xab,0x24,0xff,0x19,0xab,0x24,0xff,0x19,0xab,0x24,0xff,0x19,0xab,0x24,0xff,
    0x19,0xab,0x24,0xff,0x19,0xab,0x24,0xff,0x19,0xab,0x24,0xff,0x19,0xab,0x24,0xff,
    0x19,0xab,0x24,0xff,0x19,0xab,0x24,0xff,0x19,0xab,0x24,0xff,0x19,0xab,0x24,0xff,
    0x19,0xab,0x24,0xff,0x19,0xab,0x24,0xff,0x19,0xab,0x24,0xff,0x19,0xab,0x24,0xff,
    0x19,0xab,0x24,0xff,0x19,0xab,0x24,0xff,0x19,0xab,0x24,0xff,0x19,0xab,0x24,0xff,
    0x19,0xab,0x24,0xff,0x1c,0xac,0x26,0xff,0x12,0xa9,0x1f,0xff,0x06,0xa4,0x13,0xfb,
    0x2a,0xb1,0x36,0xf0,0x9c,0xd9,0xa1,0xe9,0xf9,0xfc,0xf9,0xfc,0xff,0xff,0xff,0xff,
    0xff,0xff,0xff,0xff,0xff,0xff,0xff,0xff,0xff,0xff,0xff,0xff,0xff,0xff,0xff,0xff,
    0xff,0xff,0xff,0xff,0xff,0xff,0xff,0xff,0xff,0xff,0xff,0xff,0xff,0xff,0xff,0xff,
    0xff,0xff,0xff,0xff,0xff,0xff,0xff,0xff,0xff,0xff,0xff,0xfd,0xee,0xf8,0xef,0xf0,
    0x74,0xca,0x7a,0xf3,0x1d,0xac,0x26,0xfc,0x0e,0xa7,0x19,0xff,0x19,0xab,0x24,0xff,
    0x1a,0xab,0x25,0xff,0x19,0xab,0x24,0xff,0x19,0xab,0x24,0xff,0x19,0xab,0x24,0xff,
    0x19,0xab,0x24,0xff,0x19,0xab,0x24,0xff,0x19,0xab,0x24,0xff,0x19,0xab,0x24,0xff,
    0x19,0xab,0x24,0xff,0x19,0xab,0x24,0xff,0x0e,0xa8,0x1b,0xff,0x1e,0xad,0x28,0xf6,
    0x6f,0xc8,0x77,0xeb,0xe1,0xf1,0xe2,0xee,0xff,0xff,0xff,0xff,0xff,0xff,0xff,0xff,
    0xff,0xff,0xff,0xff,0xff,0xff,0xff,0xff,0xff,0xff,0xff,0xff,0xff,0xff,0xff,0xff,
    0xff,0xff,0xff,0xff,0xff,0xff,0xff,0xff,0xff,0xff,0xff,0xff,0xff,0xff,0xff,0xff,
    0xff,0xff,0xff,0xff,0xff,0xff,0xff,0xff,0xf4,0xfa,0xf4,0xf8,0xab,0xe0,0xae,0xe8,
    0x24,0xae,0x2f,0xf4,0x09,0xa4,0x11,0xfd,0x15,0xa9,0x1f,0xff,0x1b,0xac,0x27,0xff,
    0x19,0xab,0x24,0xff,0x19,0xab,0x24,0xff,0x19,0xab,0x24,0xff,0x19,0xab,0x24,0xff,
    0x19,0xab,0x24,0xff,0x19,0xab,0x24,0xff,0x19,0xab,0x24,0xff,0x19,0xab,0x24,0xff,
    0x19,0xab,0x24,0xff,0x19,0xab,0x24,0xff,0x19,0xab,0x24,0xff,0x19,0xab,0x24,0xff,
    0x19,0xab,0x24,0xff,0x19,0xab,0x24,0xff,0x19,0xab,0x24,0xff,0x19,0xab,0x24,0xff,
    0x19,0xab,0x24,0xff,0x19,0xab,0x24,0xff,0x19,0xab,0x24,0xff,0x19,0xab,0x24,0xff,
    0x19,0xab,0x24,0xff,0x19,0xab,0x24,0xff,0x19,0xab,0x24,0xff,0x19,0xab,0x24,0xff,
    0x19,0xab,0x24,0xff,0x19,0xab,0x24,0xff,0x19,0xab,0x24,0xff,0x19,0xab,0x24,0xff,
    0x19,0xab,0x24,0xff,0x19,0xab,0x24,0xff,0x19,0xab,0x24,0xff,0x19,0xab,0x24,0xff,
    0x19,0xab,0x24,0xff,0x19,0xab,0x24,0xff,0x19,0xab,0x24,0xff,0x19,0xab,0x24,0xff,
    0x19,0xab,0x24,0xff,0x19,0xab,0x24,0xff,0x19,0xab,0x24,0xff,0x19,0xab,0x24,0xff,
    0x19,0xab,0x24,0xff,0x19,0xab,0x24,0xff,0x19,0xab,0x24,0xff,0x19,0xab,0x24,0xff,
    0x19,0xab,0x24,0xff,0x19,0xab,0x24,0xff,0x19,0xab,0x24,0xff,0x19,0xab,0x24,0xff,
    0x19,0xab,0x24,0xff,0x19,0xab,0x24,0xff,0x19,0xab,0x24,0xff,0x19,0xab,0x24,0xff,
    0x19,0xab,0x24,0xff,0x19,0xab,0x24,0xff,0x17,0xaa,0x22,0xff,0x1f,0xb0,0x2a,0xff,
    0x59,0xc1,0x63,0xbc,0x00,0x00,0x00,0x00,0x00,0x00,0x00,0x00,0x00,0x00,0x00,0x00,
    0x00,0x00,0x00,0x00,0x00,0x00,0x00,0x00,0x00,0x00,0x00,0x00,0x00,0x00,0x00,0x00,
    0x00,0x00,0x00,0x00,0x00,0x00,0x00,0x00,0x00,0x00,0x00,0x00,0x00,0x00,0x00,0x00,
    0x7f,0xbf,0x3f,0x04,0x79,0xca,0x7d,0x3f,0x5a,0xc2,0x63,0xcb,0x19,0xab,0x24,0xff,
    0x18,0xab,0x23,0xff,0x19,0xab,0x24,0xff,0x19,0xab,0x24,0xff,0x19,0xab,0x24,0xff,
    0x19,0xab,0x24,0xff,0x19,0xab,0x24,0xff,0x19,0xab,0x24,0xff,0x19,0xab,0x24,0xff,
    0x19,0xab,0x24,0xff,0x19,0xab,0x24,0xff,0x19,0xab,0x24,0xff,0x19,0xab,0x24,0xff,
    0x19,0xab,0x24,0xff,0x19,0xab,0x24,0xff,0x19,0xab,0x24,0xff,0x19,0xab,0x24,0xff,
    0x19,0xab,0x24,0xff,0x19,0xab,0x24,0xff,0x19,0xab,0x24,0xff,0x19,0xab,0x24,0xff,
    0x19,0xab,0x24,0xff,0x19,0xab,0x24,0xff,0x19,0xab,0x24,0xff,0x19,0xab,0x24,0xff,
    0x19,0xab,0x24,0xff,0x19,0xab,0x24,0xff,0x19,0xab,0x24,0xff,0x19,0xab,0x24,0xff,
    0x19,0xab,0x24,0xff,0x19,0xab,0x24,0xff,0x19,0xab,0x24,0xff,0x19,0xab,0x24,0xff,
    0x19,0xab,0x24,0xff,0x19,0xab,0x24,0xff,0x1b,0xac,0x26,0xff,0x13,0xa9,0x1f,0xff,
    0x0d,0xa7,0x19,0xfb,0x2c,0xb2,0x36,0xf2,0x9b,0xdb,0xa1,0xea,0xf3,0xfa,0xf4,0xfd,
    0xff,0xff,0xff,0xff,0xff,0xff,0xff,0xff,0xff,0xff,0xff,0xff,0xff,0xff,0xff,0xff,
    0xff,0xff,0xff,0xff,0xff,0xff,0xff,0xff,0xff,0xff,0xff,0xff,0xff,0xff,0xff,0xff,
    0xff,0xff,0xff,0xff,0xff,0xff,0xff,0xff,0xff,0xff,0xff,0xff,0xfd,0xff,0xfd,0xfe,
    0xeb,0xf7,0xed,0xf1,0x77,0xcc,0x7d,0xf2,0x1d,0xaa,0x28,0xfb,0x09,0xa6,0x15,0xff,
    0x19,0xab,0x25,0xff,0x19,0xab,0x24,0xff,0x19,0xab,0x24,0xff,0x19,0xab,0x24,0xff,
    0x19,0xab,0x24,0xff,0x19,0xab,0x24,0xff,0x19,0xab,0x24,0xff,0x19,0xab,0x24,0xff,
    0x17,0xaa,0x22,0xff,0x0d,0xa7,0x1a,0xff,0x18,0xab,0x25,0xf5,0x78,0xcd,0x7e,0xe9,
    0xdf,0xf2,0xdf,0xee,0xff,0xff,0xff,0xff,0xff,0xff,0xff,0xff,0xff,0xff,0xff,0xff,
    0xff,0xff,0xff,0xff,0xff,0xff,0xff,0xff,0xff,0xff,0xff,0xff,0xff,0xff,0xff,0xff,
    0xff,0xff,0xff,0xff,0xff,0xff,0xff,0xff,0xff,0xff,0xff,0xff,0xff,0xff,0xff,0xff,
    0xff,0xff,0xff,0xff,0xf4,0xfb,0xf5,0xf7,0xa8,0xe0,0xae,0xe9,0x29,0xb0,0x35,0xf5,
    0x0b,0xa4,0x15,0xfe,0x16,0xaa,0x22,0xff,0x1b,0xac,0x26,0xff,0x19,0xab,0x24,0xff,
    0x19,0xab,0x24,0xff,0x19,0xab,0x24,0xff,0x19,0xab,0x24,0xff,0x19,0xab,0x24,0xff,
    0x19,0xab,0x24,0xff,0x19,0xab,0x24,0xff,0x19,0xab,0x24,0xff,0x19,0xab,0x24,0xff,
    0x19,0xab,0x24,0xff,0x19,0xab,0x24,0xff,0x19,0xab,0x24,0xff,0x19,0xab,0x24,0xff,
    0x19,0xab,0x24,0xff,0x19,0xab,0x24,0xff,0x19,0xab,0x24,0xff,0x19,0xab,0x24,0xff,
    0x19,0xab,0x24,0xff,0x19,0xab,0x24,0xff,0x19,0xab,0x24,0xff,0x19,0xab,0x24,0xff,
    0x19,0xab,0x24,0xff,0x19,0xab,0x24,0xff,0x19,0xab,0x24,0xff,0x19,0xab,0x24,0xff,
    0x19,0xab,0x24,0xff,0x19,0xab,0x24,0xff,0x19,0xab,0x24,0xff,0x19,0xab,0x24,0xff,
    0x19,0xab,0x24,0xff,0x19,0xab,0x24,0xff,0x19,0xab,0x24,0xff,0x19,0xab,0x24,0xff,
    0x19,0xab,0x24,0xff,0x19,0xab,0x24,0xff,0x19,0xab,0x24,0xff,0x19,0xab,0x24,0xff,
    0x19,0xab,0x24,0xff,0x19,0xab,0x24,0xff,0x19,0xab,0x24,0xff,0x19,0xab,0x24,0xff,
    0x19,0xab,0x24,0xff,0x19,0xab,0x24,0xff,0x19,0xab,0x24,0xff,0x19,0xab,0x24,0xff,
    0x19,0xab,0x24,0xff,0x19,0xab,0x24,0xff,0x19,0xab,0x24,0xff,0x19,0xab,0x24,0xff,
    0x19,0xab,0x24,0xff,0x19,0xab,0x24,0xff,0x19,0xab,0x24,0xff,0x19,0xab,0x24,0xff,
    0x19,0xab,0x24,0xff,0x19,0xab,0x24,0xff,0x16,0xaa,0x22,0xff,0x1f,0xb1,0x2a,0xff,
    0x62,0xc5,0x69,0xb0,0x00,0x00,0x00,0x00,0x00,0x00,0x00,0x00,0x00,0x00,0x00,0x00,
    0x00,0x00,0x00,0x00,0x00,0x00,0x00,0x00,0x00,0x00,0x00,0x00,0x00,0x00,0x00,0x00,
    0x00,0x00,0x00,0x00,0x00,0x00,0x00,0x00,0x00,0x00,0x00,0x00,0x00,0x00,0x00,0x00,
    0xff,0x00,0x00,0x01,0x92,0xd4,0x92,0x36,0x6a,0xc6,0x71,0xb9,0x19,0xac,0x24,0xff,
    0x18,0xab,0x23,0xff,0x19,0xab,0x24,0xff,0x19,0xab,0x24,0xff,0x19,0xab,0x24,0xff,
    0x19,0xab,0x24,0xff,0x19,0xab,0x24,0xff,0x19,0xab,0x24,0xff,0x19,0xab,0x24,0xff,
    0x19,0xab,0x24,0xff,0x19,0xab,0x24,0xff,0x19,0xab,0x24,0xff,0x19,0xab,0x24,0xff,
    0x19,0xab,0x24,0xff,0x19,0xab,0x24,0xff,0x19,0xab,0x24,0xff,0x19,0xab,0x24,0xff,
    0x19,0xab,0x24,0xff,0x19,0xab,0x24,0xff,0x19,0xab,0x24,0xff,0x19,0xab,0x24,0xff,
    0x19,0xab,0x24,0xff,0x19,0xab,0x24,0xff,0x19,0xab,0x24,0xff,0x19,0xab,0x24,0xff,
    0x19,0xab,0x24,0xff,0x19,0xab,0x24,0xff,0x19,0xab,0x24,0xff,0x19,0xab,0x24,0xff,
    0x19,0xab,0x24,0xff,0x19,0xab,0x24,0xff,0x19,0xab,0x24,0xff,0x19,0xab,0x24,0xff,
    0x19,0xab,0x24,0xff,0x19,0xab,0x24,0xff,0x1a,0xab,0x25,0xff,0x19,0xab,0x24,0xff,
    0x14,0xa9,0x1f,0xff,0x11,0xa7,0x1b,0xfc,0x31,0xb3,0x3a,0xf3,0x9c,0xdb,0xa0,0xec,
    0xee,0xf8,0xef,0xfa,0xff,0xff,0xff,0xff,0xff,0xff,0xff,0xff,0xff,0xff,0xff,0xff,
    0xff,0xff,0xff,0xff,0xff,0xff,0xff,0xff,0xff,0xff,0xff,0xff,0xff,0xff,0xff,0xff,
    0xff,0xff,0xff,0xff,0xff,0xff,0xff,0xff,0xff,0xff,0xff,0xff,0xff,0xff,0xff,0xff,
    0xff,0xfe,0xff,0xfc,0xe4,0xf4,0xe5,0xf1,0x7d,0xce,0x83,0xf1,0x20,0xad,0x2c,0xfa,
    0x09,0xa6,0x16,0xff,0x17,0xaa,0x23,0xff,0x19,0xab,0x24,0xff,0x19,0xab,0x24,0xff,
    0x19,0xab,0x24,0xff,0x19,0xab,0x24,0xff,0x19,0xab,0x24,0xff,0x17,0xaa,0x22,0xff,
    0x0e,0xa8,0x1b,0xff,0x1b,0xab,0x27,0xf5,0x7a,0xcd,0x81,0xea,0xd9,0xf1,0xdc,0xf1,
    0xff,0xff,0xff,0xfc,0xff,0xff,0xff,0xff,0xff,0xff,0xff,0xff,0xff,0xff,0xff,0xff,
    0xff,0xff,0xff,0xff,0xff,0xff,0xff,0xff,0xff,0xff,0xff,0xff,0xff,0xff,0xff,0xff,
    0xff,0xff,0xff,0xff,0xff,0xff,0xff,0xff,0xff,0xff,0xff,0xff,0xff,0xff,0xff,0xff,
    0xf2,0xfa,0xf3,0xf6,0xa1,0xdd,0xa5,0xed,0x36,0xb5,0x3f,0xf4,0x0a,0xa4,0x16,0xfe,
    0x15,0xa9,0x20,0xff,0x1a,0xab,0x24,0xff,0x1a,0xab,0x25,0xff,0x19,0xab,0x24,0xff,
    0x19,0xab,0x24,0xff,0x19,0xab,0x24,0xff,0x19,0xab,0x24,0xff,0x19,0xab,0x24,0xff,
    0x19,0xab,0x24,0xff,0x19,0xab,0x24,0xff,0x19,0xab,0x24,0xff,0x19,0xab,0x24,0xff,
    0x19,0xab,0x24,0xff,0x19,0xab,0x24,0xff,0x19,0xab,0x24,0xff,0x19,0xab,0x24,0xff,
    0x19,0xab,0x24,0xff,0x19,0xab,0x24,0xff,0x19,0xab,0x24,0xff,0x19,0xab,0x24,0xff,
    0x19,0xab,0x24,0xff,0x19,0xab,0x24,0xff,0x19,0xab,0x24,0xff,0x19,0xab,0x24,0xff,
    0x19,0xab,0x24,0xff,0x19,0xab,0x24,0xff,0x19,0xab,0x24,0xff,0x19,0xab,0x24,0xff,
    0x19,0xab,0x24,0xff,0x19,0xab,0x24,0xff,0x19,0xab,0x24,0xff,0x19,0xab,0x24,0xff,
    0x19,0xab,0x24,0xff,0x19,0xab,0x24,0xff,0x19,0xab,0x24,0xff,0x19,0xab,0x24,0xff,
    0x19,0xab,0x24,0xff,0x19,0xab,0x24,0xff,0x19,0xab,0x24,0xff,0x19,0xab,0x24,0xff,
    0x19,0xab,0x24,0xff,0x19,0xab,0x24,0xff,0x19,0xab,0x24,0xff,0x19,0xab,0x24,0xff,
    0x19,0xab,0x24,0xff,0x19,0xab,0x24,0xff,0x19,0xab,0x24,0xff,0x19,0xab,0x24,0xff,
    0x19,0xab,0x24,0xff,0x19,0xab,0x24,0xff,0x19,0xab,0x24,0xff,0x19,0xab,0x24,0xff,
    0x19,0xab,0x24,0xff,0x19,0xab,0x24,0xff,0x19,0xab,0x24,0xff,0x19,0xab,0x24,0xff,
    0x19,0xab,0x24,0xff,0x19,0xab,0x24,0xff,0x15,0xaa,0x21,0xff,0x21,0xb1,0x2d,0xff,
    0x6a,0xc6,0x72,0xa3,0x00,0x00,0x00,0x00,0x00,0x00,0x00,0x00,0x00,0x00,0x00,0x00,
    0x00,0x00,0x00,0x00,0x00,0x00,0x00,0x00,0x00,0x00,0x00,0x00,0x00,0x00,0x00,0x00,
    0x00,0x00,0x00,0x00,0x00,0x00,0x00,0x00,0x00,0x00,0x00,0x00,0x00,0x00,0x00,0x00,
    0x00,0x00,0x00,0x00,0xb1,0xe1,0xb1,0x2b,0x7a,0xcd,0x80,0xa5,0x1a,0xad,0x25,0xff,
    0x18,0xab,0x23,0xff,0x19,0xab,0x24,0xff,0x19,0xab,0x24,0xff,0x19,0xab,0x24,0xff,
    0x19,0xab,0x24,0xff,0x19,0xab,0x24,0xff,0x19,0xab,0x24,0xff,0x19,0xab,0x24,0xff,
    0x19,0xab,0x24,0xff,0x19,0xab,0x24,0xff,0x19,0xab,0x24,0xff,0x19,0xab,0x24,0xff,
    0x19,0xab,0x24,0xff,0x19,0xab,0x24,0xff,0x19,0xab,0x24,0xff,0x19,0xab,0x24,0xff,
    0x19,0xab,0x24,0xff,0x19,0xab,0x24,0xff,0x19,0xab,0x24,0xff,0x19,0xab,0x24,0xff,
    0x19,0xab,0x24,0xff,0x19,0xab,0x24,0xff,0x19,0xab,0x24,0xff,0x19,0xab,0x24,0xff,
    0x19,0xab,0x24,0xff,0x19,0xab,0x24,0xff,0x19,0xab,0x24,0xff,0x19,0xab,0x24,0xff,
    0x19,0xab,0x24,0xff,0x19,0xab,0x24,0xff,0x19,0xab,0x24,0xff,0x19,0xab,0x24,0xff,
    0x19,0xab,0x24,0xff,0x19,0xab,0x24,0xff,0x19,0xab,0x24,0xff,0x1a,0xab,0x25,0xff,
    0x19,0xab,0x24,0xff,0x14,0xa9,0x1f,0xff,0x10,0xa7,0x1b,0xfd,0x37,0xb5,0x41,0xf0,
    0x9c,0xdb,0xa2,0xef,0xeb,0xf7,0xeb,0xfa,0xff,0xff,0xff,0xff,0xff,0xff,0xff,0xff,
    0xff,0xff,0xff,0xff,0xff,0xff,0xff,0xff,0xff,0xff,0xff,0xff,0xff,0xff,0xff,0xff,
    0xff,0xff,0xff,0xff,0xff,0xff,0xff,0xff,0xff,0xff,0xff,0xff,0xff,0xff,0xff,0xff,
    0xff,0xff,0xff,0xff,0xff,0xff,0xff,0xfa,0xdd,0xf2,0xde,0xf3,0x80,0xd0,0x87,0xf1,
    0x23,0xae,0x2e,0xfa,0x0b,0xa7,0x17,0xff,0x16,0xaa,0x22,0xff,0x19,0xab,0x24,0xff,
    0x19,0xab,0x24,0xff,0x19,0xab,0x24,0xff,0x16,0xaa,0x21,0xff,0x10,0xa8,0x1b,0xff,
    0x20,0xae,0x2b,0xf6,0x7a,0xcc,0x7f,0xea,0xd7,0xf0,0xd9,0xf1,0xff,0xff,0xff,0xfb,
    0xff,0xff,0xff,0xff,0xff,0xff,0xff,0xff,0xff,0xff,0xff,0xff,0xff,0xff,0xff,0xff,
    0xff,0xff,0xff,0xff,0xff,0xff,0xff,0xff,0xff,0xff,0xff,0xff,0xff,0xff,0xff,0xff,
    0xff,0xff,0xff,0xff,0xff,0xff,0xff,0xff,0xff,0xff,0xff,0xff,0xf2,0xfa,0xf3,0xf6,
    0x9e,0xda,0xa3,0xef,0x3b,0xb7,0x45,0xf3,0x0c,0xa5,0x19,0xfe,0x12,0xa9,0x1e,0xff,
    0x1a,0xab,0x25,0xff,0x1a,0xab,0x24,0xff,0x19,0xab,0x24,0xff,0x19,0xab,0x24,0xff,
    0x19,0xab,0x24,0xff,0x19,0xab,0x24,0xff,0x19,0xab,0x24,0xff,0x19,0xab,0x24,0xff,
    0x19,0xab,0x24,0xff,0x19,0xab,0x24,0xff,0x19,0xab,0x24,0xff,0x19,0xab,0x24,0xff,
    0x19,0xab,0x24,0xff,0x19,0xab,0x24,0xff,0x19,0xab,0x24,0xff,0x19,0xab,0x24,0xff,
    0x19,0xab,0x24,0xff,0x19,0xab,0x24,0xff,0x19,0xab,0x24,0xff,0x19,0xab,0x24,0xff,
    0x19,0xab,0x24,0xff,0x19,0xab,0x24,0xff,0x19,0xab,0x24,0xff,0x19,0xab,0x24,0xff,
    0x19,0xab,0x24,0xff,0x19,0xab,0x24,0xff,0x19,0xab,0x24,0xff,0x19,0xab,0x24,0xff,
    0x19,0xab,0x24,0xff,0x19,0xab,0x24,0xff,0x19,0xab,0x24,0xff,0x19,0xab,0x24,0xff,
    0x19,0xab,0x24,0xff,0x19,0xab,0x24,0xff,0x19,0xab,0x24,0xff,0x19,0xab,0x24,0xff,
    0x19,0xab,0x24,0xff,0x19,0xab,0x24,0xff,0x19,0xab,0x24,0xff,0x19,0xab,0x24,0xff,
    0x19,0xab,0x24,0xff,0x19,0xab,0x24,0xff,0x19,0xab,0x24,0xff,0x19,0xab,0x24,0xff,
    0x19,0xab,0x24,0xff,0x19,0xab,0x24,0xff,0x19,0xab,0x24,0xff,0x19,0xab,0x24,0xff,
    0x19,0xab,0x24,0xff,0x19,0xab,0x24,0xff,0x19,0xab,0x24,0xff,0x19,0xab,0x24,0xff,
    0x19,0xab,0x24,0xff,0x19,0xab,0x24,0xff,0x19,0xab,0x24,0xff,0x19,0xab,0x24,0xff,
    0x19,0xab,0x24,0xff,0x19,0xab,0x24,0xff,0x15,0xa9,0x21,0xff,0x22,0xb0,0x2d,0xff,
    0x70,0xca,0x79,0x91,0x00,0x00,0x00,0x00,0x00,0x00,0x00,0x00,0x00,0x00,0x00,0x00,
    0x00,0x00,0x00,0x00,0x00,0x00,0x00,0x00,0x00,0x00,0x00,0x00,0x00,0x00,0x00,0x00,
    0x00,0x00,0x00,0x00,0x00,0x00,0x00,0x00,0x00,0x00,0x00,0x00,0x00,0x00,0x00,0x00,
    0x00,0x00,0x00,0x00,0xd7,0xef,0xd7,0x20,0x87,0xd2,0x8e,0x8f,0x19,0xad,0x24,0xff,
    0x18,0xac,0x23,0xff,0x19,0xab,0x24,0xff,0x19,0xab,0x24,0xff,0x19,0xab,0x24,0xff,
    0x19,0xab,0x24,0xff,0x19,0xab,0x24,0xff,0x19,0xab,0x24,0xff,0x19,0xab,0x24,0xff,
    0x19,0xab,0x24,0xff,0x19,0xab,0x24,0xff,0x19,0xab,0x24,0xff,0x19,0xab,0x24,0xff,
    0x19,0xab,0x24,0xff,0x19,0xab,0x24,0xff,0x19,0xab,0x24,0xff,0x19,0xab,0x24,0xff,
    0x19,0xab,0x24,0xff,0x19,0xab,0x24,0xff,0x19,0xab,0x24,0xff,0x19,0xab,0x24,0xff,
    0x19,0xab,0x24,0xff,0x19,0xab,0x24,0xff,0x19,0xab,0x24,0xff,0x19,0xab,0x24,0xff,
    0x19,0xab,0x24,0xff,0x19,0xab,0x24,0xff,0x19,0xab,0x24,0xff,0x19,0xab,0x24,0xff,
    0x19,0xab,0x24,0xff,0x19,0xab,0x24,0xff,0x19,0xab,0x24,0xff,0x19,0xab,0x24,0xff,
    0x19,0xab,0x24,0xff,0x19,0xab,0x24,0xff,0x19,0xab,0x24,0xff,0x19,0xab,0x24,0xff,
    0x19,0xab,0x24,0xff,0x19,0xab,0x24,0xff,0x14,0xaa,0x1f,0xff,0x0d,0xa5,0x1a,0xfc,
    0x39,0xb7,0x43,0xf1,0x9b,0xda,0xa0,0xf0,0xec,0xf7,0xed,0xf9,0xff,0xff,0xff,0xff,
    0xff,0xff,0xff,0xff,0xff,0xff,0xff,0xff,0xff,0xff,0xff,0xff,0xff,0xff,0xff,0xff,
    0xff,0xff,0xff,0xff,0xff,0xff,0xff,0xff,0xff,0xff,0xff,0xff,0xff,0xff,0xff,0xff,
    0xff,0xff,0xff,0xff,0xff,0xff,0xff,0xff,0xff,0xff,0xff,0xfa,0xdf,0xf3,0xe1,0xf2,
    0x81,0xd0,0x87,0xf1,0x24,0xaf,0x2e,0xfa,0x0f,0xa8,0x1b,0xff,0x15,0xaa,0x22,0xff,
    0x19,0xab,0x24,0xff,0x14,0xaa,0x20,0xff,0x11,0xa8,0x1c,0xff,0x25,0xb0,0x2f,0xf6,
    0x75,0xcc,0x7a,0xeb,0xdb,0xf1,0xdd,0xf0,0xfe,0xfe,0xfe,0xfc,0xff,0xff,0xff,0xff,
    0xff,0xff,0xff,0xff,0xff,0xff,0xff,0xff,0xff,0xff,0xff,0xff,0xff,0xff,0xff,0xff,
    0xff,0xff,0xff,0xff,0xff,0xff,0xff,0xff,0xff,0xff,0xff,0xff,0xff,0xff,0xff,0xff,
    0xff,0xff,0xff,0xff,0xff,0xff,0xff,0xff,0xf3,0xfa,0xf3,0xf5,0x9d,0xdb,0xa2,0xee,
    0x3b,0xb5,0x44,0xf4,0x0c,0xa6,0x18,0xfd,0x11,0xa9,0x1d,0xff,0x1a,0xab,0x25,0xff,
    0x19,0xab,0x24,0xff,0x19,0xab,0x24,0xff,0x19,0xab,0x24,0xff,0x19,0xab,0x24,0xff,
    0x19,0xab,0x24,0xff,0x19,0xab,0x24,0xff,0x19,0xab,0x24,0xff,0x19,0xab,0x24,0xff,
    0x19,0xab,0x24,0xff,0x19,0xab,0x24,0xff,0x19,0xab,0x24,0xff,0x19,0xab,0x24,0xff,
    0x19,0xab,0x24,0xff,0x19,0xab,0x24,0xff,0x19,0xab,0x24,0xff,0x19,0xab,0x24,0xff,
    0x19,0xab,0x24,0xff,0x19,0xab,0x24,0xff,0x19,0xab,0x24,0xff,0x19,0xab,0x24,0xff,
    0x19,0xab,0x24,0xff,0x19,0xab,0x24,0xff,0x19,0xab,0x24,0xff,0x19,0xab,0x24,0xff,
    0x19,0xab,0x24,0xff,0x19,0xab,0x24,0xff,0x19,0xab,0x24,0xff,0x19,0xab,0x24,0xff,
    0x19,0xab,0x24,0xff,0x19,0xab,0x24,0xff,0x19,0xab,0x24,0xff,0x19,0xab,0x24,0xff,
    0x19,0xab,0x24,0xff,0x19,0xab,0x24,0xff,0x19,0xab,0x24,0xff,0x19,0xab,0x24,0xff,
    0x19,0xab,0x24,0xff,0x19,0xab,0x24,0xff,0x19,0xab,0x24,0xff,0x19,0xab,0x24,0xff,
    0x19,0xab,0x24,0xff,0x19,0xab,0x24,0xff,0x19,0xab,0x24,0xff,0x19,0xab,0x24,0xff,
    0x19,0xab,0x24,0xff,0x19,0xab,0x24,0xff,0x19,0xab,0x24,0xff,0x19,0xab,0x24,0xff,
    0x19,0xab,0x24,0xff,0x19,0xab,0x24,0xff,0x19,0xab,0x24,0xff,0x19,0xab,0x24,0xff,
    0x19,0xab,0x24,0xff,0x19,0xab,0x24,0xff,0x19,0xab,0x24,0xff,0x19,0xab,0x24,0xff,
    0x19,0xab,0x24,0xff,0x19,0xab,0x24,0xff,0x15,0xa9,0x21,0xff,0x25,0xb0,0x2f,0xff,
    0x73,0xcc,0x7b,0x82,0x00,0x00,0x00,0x00,0x00,0x00,0x00,0x00,0x00,0x00,0x00,0x00,
    0x00,0x00,0x00,0x00,0x00,0x00,0x00,0x00,0x00,0x00,0x00,0x00,0x00,0x00,0x00,0x00,
    0x00,0x00,0x00,0x00,0x00,0x00,0x00,0x00,0x00,0x00,0x00,0x00,0x00,0x00,0x00,0x00,
    0x00,0x00,0x00,0x00,0xff,0xff,0xff,0x16,0x92,0xd6,0x99,0x78,0x1a,0xad,0x25,0xff,
    0x18,0xac,0x23,0xff,0x19,0xab,0x24,0xff,0x19,0xab,0x24,0xff,0x19,0xab,0x24,0xff,
    0x19,0xab,0x24,0xff,0x19,0xab,0x24,0xff,0x19,0xab,0x24,0xff,0x19,0xab,0x24,0xff,
    0x19,0xab,0x24,0xff,0x19,0xab,0x24,0xff,0x19,0xab,0x24,0xff,0x19,0xab,0x24,0xff,
    0x19,0xab,0x24,0xff,0x19,0xab,0x24,0xff,0x19,0xab,0x24,0xff,0x19,0xab,0x24,0xff,
    0x19,0xab,0x24,0xff,0x19,0xab,0x24,0xff,0x19,0xab,0x24,0xff,0x19,0xab,0x24,0xff,
    0x19,0xab,0x24,0xff,0x19,0xab,0x24,0xff,0x19,0xab,0x24,0xff,0x19,0xab,0x24,0xff,
    0x19,0xab,0x24,0xff,0x19,0xab,0x24,0xff,0x19,0xab,0x24,0xff,0x19,0xab,0x24,0xff,
    0x19,0xab,0x24,0xff,0x19,0xab,0x24,0xff,0x19,0xab,0x24,0xff,0x19,0xab,0x24,0xff,
    0x19,0xab,0x24,0xff,0x19,0xab,0x24,0xff,0x19,0xab,0x24,0xff,0x19,0xab,0x24,0xff,
    0x19,0xab,0x24,0xff,0x19,0xab,0x24,0xff,0x1a,0xab,0x25,0xff,0x13,0xa9,0x1e,0xff,
    0x0c,0xa5,0x18,0xfc,0x38,0xb5,0x42,0xf0,0x9e,0xdc,0xa3,0xed,0xf1,0xf9,0xf1,0xf9,
    0xff,0xff,0xff,0xff,0xff,0xff,0xff,0xff,0xff,0xff,0xff,0xff,0xff,0xff,0xff,0xff,
    0xff,0xff,0xff,0xff,0xff,0xff,0xff,0xff,0xff,0xff,0xff,0xff,0xff,0xff,0xff,0xff,
    0xff,0xff,0xff,0xff,0xff,0xff,0xff,0xff,0xff,0xff,0xff,0xff,0xff,0xff,0xff,0xfc,
    0xe2,0xf4,0xe5,0xf2,0x7b,0xce,0x82,0xf2,0x23,0xaf,0x2e,0xfb,0x12,0xa8,0x1d,0xff,
    0x11,0xa9,0x1c,0xff,0x11,0xa8,0x1c,0xff,0x25,0xaf,0x30,0xf7,0x71,0xcb,0x79,0xec,
    0xdd,0xf2,0xde,0xee,0xff,0xff,0xff,0xfd,0xff,0xff,0xff,0xff,0xff,0xff,0xff,0xff,
    0xff,0xff,0xff,0xff,0xff,0xff,0xff,0xff,0xff,0xff,0xff,0xff,0xff,0xff,0xff,0xff,
    0xff,0xff,0xff,0xff,0xff,0xff,0xff,0xff,0xff,0xff,0xff,0xff,0xff,0xff,0xff,0xff,
    0xff,0xff,0xff,0xfe,0xf3,0xfa,0xf3,0xf7,0xa1,0xde,0xa5,0xea,0x36,0xb6,0x40,0xf3,
    0x0c,0xa6,0x18,0xfd,0x10,0xa9,0x1c,0xff,0x1a,0xab,0x25,0xff,0x19,0xab,0x24,0xff,
    0x19,0xab,0x24,0xff,0x19,0xab,0x24,0xff,0x19,0xab,0x24,0xff,0x19,0xab,0x24,0xff,
    0x19,0xab,0x24,0xff,0x19,0xab,0x24,0xff,0x19,0xab,0x24,0xff,0x19,0xab,0x24,0xff,
    0x19,0xab,0x24,0xff,0x19,0xab,0x24,0xff,0x19,0xab,0x24,0xff,0x19,0xab,0x24,0xff,
    0x19,0xab,0x24,0xff,0x19,0xab,0x24,0xff,0x19,0xab,0x24,0xff,0x19,0xab,0x24,0xff,
    0x19,0xab,0x24,0xff,0x19,0xab,0x24,0xff,0x19,0xab,0x24,0xff,0x19,0xab,0x24,0xff,
    0x19,0xab,0x24,0xff,0x19,0xab,0x24,0xff,0x19,0xab,0x24,0xff,0x19,0xab,0x24,0xff,
    0x19,0xab,0x24,0xff,0x19,0xab,0x24,0xff,0x19,0xab,0x24,0xff,0x19,0xab,0x24,0xff,
    0x19,0xab,0x24,0xff,0x19,0xab,0x24,0xff,0x19,0xab,0x24,0xff,0x19,0xab,0x24,0xff,
    0x19,0xab,0x24,0xff,0x19,0xab,0x24,0xff,0x19,0xab,0x24,0xff,0x19,0xab,0x24,0xff,
    0x19,0xab,0x24,0xff,0x19,0xab,0x24,0xff,0x19,0xab,0x24,0xff,0x19,0xab,0x24,0xff,
    0x19,0xab,0x24,0xff,0x19,0xab,0x24,0xff,0x19,0xab,0x24,0xff,0x19,0xab,0x24,0xff,
    0x19,0xab,0x24,0xff,0x19,0xab,0x24,0xff,0x19,0xab,0x24,0xff,0x19,0xab,0x24,0xff,
    0x19,0xab,0x24,0xff,0x19,0xab,0x24,0xff,0x19,0xab,0x24,0xff,0x19,0xab,0x24,0xff,
    0x19,0xab,0x24,0xff,0x19,0xab,0x24,0xff,0x19,0xab,0x24,0xff,0x19,0xab,0x24,0xff,
    0x19,0xab,0x24,0xff,0x18,0xab,0x24,0xff,0x14,0xa9,0x20,0xff,0x2e,0xb2,0x39,0xfe,
    0x7b,0xcf,0x83,0x76,0x00,0x00,0x00,0x00,0x00,0x00,0x00,0x00,0x00,0x00,0x00,0x00,
    0x00,0x00,0x00,0x00,0x00,0x00,0x00,0x00,0x00,0x00,0x00,0x00,0x00,0x00,0x00,0x00,
    0x00,0x00,0x00,0x00,0x00,0x00,0x00,0x00,0x00,0x00,0x00,0x00,0x00,0x00,0x00,0x00,
    0x00,0x00,0x00,0x00,0xff,0xff,0xff,0x0f,0x9f,0xdb,0xa4,0x65,0x21,0xaf,0x2c,0xff,
    0x17,0xab,0x22,0xff,0x18,0xab,0x23,0xff,0x19,0xab,0x24,0xff,0x19,0xab,0x24,0xff,
    0x19,0xab,0x24,0xff,0x19,0xab,0x24,0xff,0x19,0xab,0x24,0xff,0x19,0xab,0x24,0xff,
    0x19,0xab,0x24,0xff,0x19,0xab,0x24,0xff,0x19,0xab,0x24,0xff,0x19,0xab,0x24,0xff,
    0x19,0xab,0x24,0xff,0x19,0xab,0x24,0xff,0x19,0xab,0x24,0xff,0x19,0xab,0x24,0xff,
    0x19,0xab,0x24,0xff,0x19,0xab,0x24,0xff,0x19,0xab,0x24,0xff,0x19,0xab,0x24,0xff,
    0x19,0xab,0x24,0xff,0x19,0xab,0x24,0xff,0x19,0xab,0x24,0xff,0x19,0xab,0x24,0xff,
    0x19,0xab,0x24,0xff,0x19,0xab,0x24,0xff,0x19,0xab,0x24,0xff,0x19,0xab,0x24,0xff,
    0x19,0xab,0x24,0xff,0x19,0xab,0x24,0xff,0x19,0xab,0x24,0xff,0x19,0xab,0x24,0xff,
    0x19,0xab,0x24,0xff,0x19,0xab,0x24,0xff,0x19,0xab,0x24,0xff,0x19,0xab,0x24,0xff,
    0x19,0xab,0x24,0xff,0x19,0xab,0x24,0xff,0x19,0xab,0x24,0xff,0x19,0xab,0x24,0xff,
    0x13,0xa9,0x1e,0xff,0x0c,0xa6,0x17,0xfb,0x35,0xb6,0x3e,0xef,0x9d,0xdb,0xa0,0xeb,
    0xf8,0xfc,0xf8,0xfa,0xff,0xff,0xff,0xff,0xff,0xff,0xff,0xff,0xff,0xff,0xff,0xff,
    0xff,0xff,0xff,0xff,0xff,0xff,0xff,0xff,0xff,0xff,0xff,0xff,0xff,0xff,0xff,0xff,
    0xff,0xff,0xff,0xff,0xff,0xff,0xff,0xff,0xff,0xff,0xff,0xff,0xff,0xff,0xff,0xff,
    0xff,0xff,0xff,0xfd,0xe6,0xf5,0xe7,0xf1,0x78,0xce,0x80,0xf1,0x22,0xaf,0x2b,0xfc,
    0x09,0xa6,0x14,0xff,0x23,0xaf,0x2d,0xf7,0x72,0xcb,0x79,0xec,0xdb,0xf1,0xdc,0xee,
    0xff,0xff,0xff,0xff,0xff,0xff,0xff,0xff,0xff,0xff,0xff,0xff,0xff,0xff,0xff,0xff,
    0xff,0xff,0xff,0xff,0xff,0xff,0xff,0xff,0xff,0xff,0xff,0xff,0xff,0xff,0xff,0xff,
    0xff,0xff,0xff,0xff,0xff,0xff,0xff,0xff,0xff,0xff,0xff,0xff,0xff,0xff,0xff,0xfe,
    0xf2,0xfa,0xf3,0xf7,0xa9,0xe0,0xae,0xe9,0x2f,0xb3,0x39,0xf5,0x0b,0xa5,0x17,0xfe,
    0x11,0xa8,0x1d,0xff,0x1a,0xab,0x25,0xff,0x19,0xab,0x24,0xff,0x19,0xab,0x24,0xff,
    0x19,0xab,0x24,0xff,0x19,0xab,0x24,0xff,0x19,0xab,0x24,0xff,0x19,0xab,0x24,0xff,
    0x19,0xab,0x24,0xff,0x19,0xab,0x24,0xff,0x19,0xab,0x24,0xff,0x19,0xab,0x24,0xff,
    0x19,0xab,0x24,0xff,0x19,0xab,0x24,0xff,0x19,0xab,0x24,0xff,0x19,0xab,0x24,0xff,
    0x19,0xab,0x24,0xff,0x19,0xab,0x24,0xff,0x19,0xab,0x24,0xff,0x19,0xab,0x24,0xff,
    0x19,0xab,0x24,0xff,0x19,0xab,0x24,0xff,0x19,0xab,0x24,0xff,0x19,0xab,0x24,0xff,
    0x19,0xab,0x24,0xff,0x19,0xab,0x24,0xff,0x19,0xab,0x24,0xff,0x19,0xab,0x24,0xff,
    0x19,0xab,0x24,0xff,0x19,0xab,0x24,0xff,0x19,0xab,0x24,0xff,0x19,0xab,0x24,0xff,
    0x19,0xab,0x24,0xff,0x19,0xab,0x24,0xff,0x19,0xab,0x24,0xff,0x19,0xab,0x24,0xff,
    0x19,0xab,0x24,0xff,0x19,0xab,0x24,0xff,0x19,0xab,0x24,0xff,0x19,0xab,0x24,0xff,
    0x19,0xab,0x24,0xff,0x19,0xab,0x24,0xff,0x19,0xab,0x24,0xff,0x19,0xab,0x24,0xff,
    0x19,0xab,0x24,0xff,0x19,0xab,0x24,0xff,0x19,0xab,0x24,0xff,0x19,0xab,0x24,0xff,
    0x19,0xab,0x24,0xff,0x19,0xab,0x24,0xff,0x19,0xab,0x24,0xff,0x19,0xab,0x24,0xff,
    0x19,0xab,0x24,0xff,0x19,0xab,0x24,0xff,0x19,0xab,0x24,0xff,0x19,0xab,0x24,0xff,
    0x19,0xab,0x24,0xff,0x19,0xab,0x24,0xff,0x19,0xab,0x24,0xff,0x19,0xab,0x24,0xff,
    0x19,0xab,0x24,0xff,0x18,0xab,0x23,0xff,0x14,0xa9,0x20,0xff,0x43,0xbb,0x4e,0xf1,
    0x8a,0xd4,0x94,0x65,0x00,0x00,0x00,0x00,0x00,0x00,0x00,0x00,0x00,0x00,0x00,0x00,
    0x00,0x00,0x00,0x00,0x00,0x00,0x00,0x00,0x00,0x00,0x00,0x00,0x00,0x00,0x00,0x00,
    0x00,0x00,0x00,0x00,0x00,0x00,0x00,0x00,0x00,0x00,0x00,0x00,0x00,0x00,0x00,0x00,
    0x00,0x00,0x00,0x00,0xff,0xff,0xff,0x0d,0xa9,0xde,0xb1,0x5f,0x36,0xb6,0x41,0xfc,
    0x1a,0xab,0x25,0xff,0x18,0xab,0x23,0xff,0x19,0xab,0x24,0xff,0x19,0xab,0x24,0xff,
    0x19,0xab,0x24,0xff,0x19,0xab,0x24,0xff,0x19,0xab,0x24,0xff,0x19,0xab,0x24,0xff,
    0x19,0xab,0x24,0xff,0x19,0xab,0x24,0xff,0x19,0xab,0x24,0xff,0x19,0xab,0x24,0xff,
    0x19,0xab,0x24,0xff,0x19,0xab,0x24,0xff,0x19,0xab,0x24,0xff,0x19,0xab,0x24,0xff,
    0x19,0xab,0x24,0xff,0x19,0xab,0x24,0xff,0x19,0xab,0x24,0xff,0x19,0xab,0x24,0xff,
    0x19,0xab,0x24,0xff,0x19,0xab,0x24,0xff,0x19,0xab,0x24,0xff,0x19,0xab,0x24,0xff,
    0x19,0xab,0x24,0xff,0x19,0xab,0x24,0xff,0x19,0xab,0x24,0xff,0x19,0xab,0x24,0xff,
    0x19,0xab,0x24,0xff,0x19,0xab,0x24,0xff,0x19,0xab,0x24,0xff,0x19,0xab,0x24,0xff,
    0x19,0xab,0x24,0xff,0x19,0xab,0x24,0xff,0x19,0xab,0x24,0xff,0x19,0xab,0x24,0xff,
    0x19,0xab,0x24,0xff,0x19,0xab,0x24,0xff,0x19,0xab,0x24,0xff,0x19,0xab,0x24,0xff,
    0x1a,0xab,0x25,0xff,0x14,0xa9,0x1f,0xff,0x0c,0xa5,0x18,0xfc,0x2c,0xb1,0x37,0xf1,
    0x9c,0xda,0xa1,0xe8,0xfb,0xfd,0xfb,0xf9,0xff,0xff,0xff,0xfe,0xff,0xff,0xff,0xff,
    0xff,0xff,0xff,0xff,0xff,0xff,0xff,0xff,0xff,0xff,0xff,0xff,0xff,0xff,0xff,0xff,
    0xff,0xff,0xff,0xff,0xff,0xff,0xff,0xff,0xff,0xff,0xff,0xff,0xff,0xff,0xff,0xff,
    0xff,0xff,0xff,0xff,0xfd,0xff,0xff,0xfe,0xe7,0xf6,0xe9,0xf1,0x72,0xca,0x7b,0xf2,
    0x37,0xb4,0x40,0xf1,0x70,0xca,0x79,0xec,0xdd,0xf1,0xde,0xf0,0xff,0xff,0xff,0xff,
    0xff,0xff,0xff,0xff,0xff,0xff,0xff,0xff,0xff,0xff,0xff,0xff,0xff,0xff,0xff,0xff,
    0xff,0xff,0xff,0xff,0xff,0xff,0xff,0xff,0xff,0xff,0xff,0xff,0xff,0xff,0xff,0xff,
    0xff,0xff,0xff,0xff,0xff,0xff,0xff,0xff,0xff,0xff,0xff,0xfe,0xf4,0xfa,0xf5,0xf5,
    0xaa,0xe0,0xaf,0xe8,0x27,0xaf,0x31,0xf4,0x0c,0xa5,0x16,0xfe,0x15,0xa9,0x20,0xff,
    0x1a,0xab,0x25,0xff,0x19,0xab,0x24,0xff,0x19,0xab,0x24,0xff,0x19,0xab,0x24,0xff,
    0x19,0xab,0x24,0xff,0x19,0xab,0x24,0xff,0x19,0xab,0x24,0xff,0x19,0xab,0x24,0xff,
    0x19,0xab,0x24,0xff,0x19,0xab,0x24,0xff,0x19,0xab,0x24,0xff,0x19,0xab,0x24,0xff,
    0x19,0xab,0x24,0xff,0x19,0xab,0x24,0xff,0x19,0xab,0x24,0xff,0x19,0xab,0x24,0xff,
    0x19,0xab,0x24,0xff,0x19,0xab,0x24,0xff,0x19,0xab,0x24,0xff,0x19,0xab,0x24,0xff,
    0x19,0xab,0x24,0xff,0x19,0xab,0x24,0xff,0x19,0xab,0x24,0xff,0x19,0xab,0x24,0xff,
    0x19,0xab,0x24,0xff,0x19,0xab,0x24,0xff,0x19,0xab,0x24,0xff,0x19,0xab,0x24,0xff,
    0x19,0xab,0x24,0xff,0x19,0xab,0x24,0xff,0x19,0xab,0x24,0xff,0x19,0xab,0x24,0xff,
    0x19,0xab,0x24,0xff,0x19,0xab,0x24,0xff,0x19,0xab,0x24,0xff,0x19,0xab,0x24,0xff,
    0x19,0xab,0x24,0xff,0x19,0xab,0x24,0xff,0x19,0xab,0x24,0xff,0x19,0xab,0x24,0xff,
    0x19,0xab,0x24,0xff,0x19,0xab,0x24,0xff,0x19,0xab,0x24,0xff,0x19,0xab,0x24,0xff,
    0x19,0xab,0x24,0xff,0x19,0xab,0x24,0xff,0x19,0xab,0x24,0xff,0x19,0xab,0x24,0xff,
    0x19,0xab,0x24,0xff,0x19,0xab,0x24,0xff,0x19,0xab,0x24,0xff,0x19,0xab,0x24,0xff,
    0x19,0xab,0x24,0xff,0x19,0xab,0x24,0xff,0x19,0xab,0x24,0xff,0x19,0xab,0x24,0xff,
    0x19,0xab,0x24,0xff,0x19,0xab,0x24,0xff,0x19,0xab,0x24,0xff,0x19,0xab,0x24,0xff,
    0x19,0xab,0x24,0xff,0x17,0xab,0x23,0xff,0x16,0xaa,0x21,0xff,0x5c,0xc3,0x64,0xd1,
    0x87,0xcf,0x8b,0x40,0x00,0x00,0x00,0x00,0x00,0x00,0x00,0x00,0x00,0x00,0x00,0x00,
    0x00,0x00,0x00,0x00,0x00,0x00,0x00,0x00,0x00,0x00,0x00,0x00,0x00,0x00,0x00,0x00,
    0x00,0x00,0x00,0x00,0x00,0x00,0x00,0x00,0x00,0x00,0x00,0x00,0x00,0x00,0x00,0x00,
    0x00,0x00,0x00,0x00,0xff,0xff,0xff,0x07,0xbc,0xe5,0xc0,0x45,0x57,0xc2,0x5f,0xd8,
    0x19,0xaa,0x24,0xfd,0x16,0xab,0x22,0xff,0x19,0xab,0x24,0xff,0x19,0xab,0x24,0xff,
    0x19,0xab,0x24,0xff,0x19,0xab,0x24,0xff,0x19,0xab,0x24,0xff,0x19,0xab,0x24,0xff,
    0x19,0xab,0x24,0xff,0x19,0xab,0x24,0xff,0x19,0xab,0x24,0xff,0x19,0xab,0x24,0xff,
    0x19,0xab,0x24,0xff,0x19,0xab,0x24,0xff,0x19,0xab,0x24,0xff,0x19,0xab,0x24,0xff,
    0x19,0xab,0x24,0xff,0x19,0xab,0x24,0xff,0x19,0xab,0x24,0xff,0x19,0xab,0x24,0xff,
    0x19,0xab,0x24,0xff,0x19,0xab,0x24,0xff,0x19,0xab,0x24,0xff,0x19,0xab,0x24,0xff,
    0x19,0xab,0x24,0xff,0x19,0xab,0x24,0xff,0x19,0xab,0x24,0xff,0x19,0xab,0x24,0xff,
    0x19,0xab,0x24,0xff,0x19,0xab,0x24,0xff,0x19,0xab,0x24,0xff,0x19,0xab,0x24,0xff,
    0x19,0xab,0x24,0xff,0x19,0xab,0x24,0xff,0x19,0xab,0x24,0xff,0x19,0xab,0x24,0xff,
    0x19,0xab,0x24,0xff,0x19,0xab,0x24,0xff,0x19,0xab,0x24,0xff,0x19,0xab,0x24,0xff,
    0x19,0xab,0x24,0xff,0x19,0xab,0x24,0xff,0x14,0xa9,0x1f,0xff,0x0d,0xa6,0x18,0xfb,
    0x26,0xae,0x30,0xf1,0x9c,0xda,0xa1,0xe8,0xf8,0xfb,0xf8,0xf9,0xff,0xff,0xff,0xff,
    0xff,0xff,0xff,0xff,0xff,0xff,0xff,0xff,0xff,0xff,0xff,0xff,0xff,0xff,0xff,0xff,
    0xff,0xff,0xff,0xff,0xff,0xff,0xff,0xff,0xff,0xff,0xff,0xff,0xff,0xff,0xff,0xff,
    0xff,0xff,0xff,0xff,0xff,0xff,0xff,0xff,0xfd,0xff,0xfd,0xfe,0xdc,0xf2,0xde,0xf2,
    0xba,0xe5,0xbd,0xe9,0xd5,0xf0,0xd7,0xf1,0xff,0xff,0xff,0xff,0xff,0xff,0xff,0xff,
    0xff,0xff,0xff,0xff,0xff,0xff,0xff,0xff,0xff,0xff,0xff,0xff,0xff,0xff,0xff,0xff,
    0xff,0xff,0xff,0xff,0xff,0xff,0xff,0xff,0xff,0xff,0xff,0xff,0xff,0xff,0xff,0xff,
    0xff,0xff,0xff,0xff,0xff,0xff,0xff,0xff,0xf5,0xfa,0xf6,0xf4,0xa3,0xdd,0xa7,0xe9,
    0x29,0xae,0x31,0xf2,0x0b,0xa3,0x13,0xfe,0x17,0xaa,0x22,0xff,0x1a,0xac,0x24,0xff,
    0x19,0xab,0x24,0xff,0x19,0xab,0x24,0xff,0x19,0xab,0x24,0xff,0x19,0xab,0x24,0xff,
    0x19,0xab,0x24,0xff,0x19,0xab,0x24,0xff,0x19,0xab,0x24,0xff,0x19,0xab,0x24,0xff,
    0x19,0xab,0x24,0xff,0x19,0xab,0x24,0xff,0x19,0xab,0x24,0xff,0x19,0xab,0x24,0xff,
    0x19,0xab,0x24,0xff,0x19,0xab,0x24,0xff,0x19,0xab,0x24,0xff,0x19,0xab,0x24,0xff,
    0x19,0xab,0x24,0xff,0x19,0xab,0x24,0xff,0x19,0xab,0x24,0xff,0x19,0xab,0x24,0xff,
    0x19,0xab,0x24,0xff,0x19,0xab,0x24,0xff,0x19,0xab,0x24,0xff,0x19,0xab,0x24,0xff,
    0x19,0xab,0x24,0xff,0x19,0xab,0x24,0xff,0x19,0xab,0x24,0xff,0x19,0xab,0x24,0xff,
    0x19,0xab,0x24,0xff,0x19,0xab,0x24,0xff,0x19,0xab,0x24,0xff,0x19,0xab,0x24,0xff,
    0x19,0xab,0x24,0xff,0x19,0xab,0x24,0xff,0x19,0xab,0x24,0xff,0x19,0xab,0x24,0xff,
    0x19,0xab,0x24,0xff,0x19,0xab,0x24,0xff,0x19,0xab,0x24,0xff,0x19,0xab,0x24,0xff,
    0x19,0xab,0x24,0xff,0x19,0xab,0x24,0xff,0x19,0xab,0x24,0xff,0x19,0xab,0x24,0xff,
    0x19,0xab,0x24,0xff,0x19,0xab,0x24,0xff,0x19,0xab,0x24,0xff,0x19,0xab,0x24,0xff,
    0x19,0xab,0x24,0xff,0x19,0xab,0x24,0xff,0x19,0xab,0x24,0xff,0x19,0xab,0x24,0xff,
    0x19,0xab,0x24,0xff,0x19,0xab,0x24,0xff,0x19,0xab,0x24,0xff,0x19,0xab,0x24,0xff,
    0x19,0xab,0x24,0xff,0x19,0xab,0x24,0xff,0x19,0xab,0x24,0xff,0x19,0xab,0x24,0xff,
    0x19,0xab,0x24,0xff,0x18,0xab,0x23,0xff,0x19,0xac,0x24,0xff,0x6e,0xc8,0x76,0xb1,
    0x9c,0xd5,0xa1,0x31,0x00,0x00,0x00,0x00,0x00,0x00,0x00,0x00,0x00,0x00,0x00,0x00,
    0x00,0x00,0x00,0x00,0x00,0x00,0x00,0x00,0x00,0x00,0x00,0x00,0x00,0x00,0x00,0x00,
    0x00,0x00,0x00,0x00,0x00,0x00,0x00,0x00,0x00,0x00,0x00,0x00,0x00,0x00,0x00,0x00,
    0x00,0x00,0x00,0x00,0x00,0x00,0x00,0x00,0xaa,0xe0,0xb1,0x21,0x79,0xce,0x80,0xb3,
    0x17,0xab,0x23,0xf9,0x15,0xab,0x21,0xff,0x19,0xab,0x24,0xff,0x19,0xab,0x24,0xff,
    0x19,0xab,0x24,0xff,0x19,0xab,0x24,0xff,0x19,0xab,0x24,0xff,0x19,0xab,0x24,0xff,
    0x19,0xab,0x24,0xff,0x19,0xab,0x24,0xff,0x19,0xab,0x24,0xff,0x19,0xab,0x24,0xff,
    0x19,0xab,0x24,0xff,0x19,0xab,0x24,0xff,0x19,0xab,0x24,0xff,0x19,0xab,0x24,0xff,
    0x19,0xab,0x24,0xff,0x19,0xab,0x24,0xff,0x19,0xab,0x24,0xff,0x19,0xab,0x24,0xff,
    0x19,0xab,0x24,0xff,0x19,0xab,0x24,0xff,0x19,0xab,0x24,0xff,0x19,0xab,0x24,0xff,
    0x19,0xab,0x24,0xff,0x19,0xab,0x24,0xff,0x19,0xab,0x24,0xff,0x19,0xab,0x24,0xff,
    0x19,0xab,0x24,0xff,0x19,0xab,0x24,0xff,0x19,0xab,0x24,0xff,0x19,0xab,0x24,0xff,
    0x19,0xab,0x24,0xff,0x19,0xab,0x24,0xff,0x19,0xab,0x24,0xff,0x19,0xab,0x24,0xff,
    0x19,0xab,0x24,0xff,0x19,0xab,0x24,0xff,0x19,0xab,0x24,0xff,0x19,0xab,0x24,0xff,
    0x19,0xab,0x24,0xff,0x1a,0xab,0x24,0xff,0x1a,0xac,0x24,0xff,0x13,0xa9,0x1e,0xff,
    0x09,0xa4,0x16,0xfb,0x28,0xb0,0x33,0xef,0x9c,0xda,0xa1,0xeb,0xf2,0xfa,0xf3,0xf8,
    0xff,0xff,0xff,0xff,0xff,0xff,0xff,0xff,0xff,0xff,0xff,0xff,0xff,0xff,0xff,0xff,
    0xff,0xff,0xff,0xff,0xff,0xff,0xff,0xff,0xff,0xff,0xff,0xff,0xff,0xff,0xff,0xff,
    0xff,0xff,0xff,0xff,0xff,0xff,0xff,0xff,0xff,0xff,0xff,0xff,0xfd,0xff,0xfd,0xfb,
    0xf6,0xfb,0xf6,0xf9,0xfa,0xfd,0xfa,0xfc,0xff,0xff,0xff,0xff,0xff,0xff,0xff,0xff,
    0xff,0xff,0xff,0xff,0xff,0xff,0xff,0xff,0xff,0xff,0xff,0xff,0xff,0xff,0xff,0xff,
    0xff,0xff,0xff,0xff,0xff,0xff,0xff,0xff,0xff,0xff,0xff,0xff,0xff,0xff,0xff,0xff,
    0xff,0xff,0xff,0xff,0xf5,0xfb,0xf6,0xf4,0x9e,0xdb,0xa2,0xeb,0x2e,0xb1,0x37,0xf1,
    0x09,0xa3,0x10,0xfd,0x15,0xaa,0x20,0xff,0x19,0xab,0x25,0xff,0x19,0xab,0x24,0xff,
    0x19,0xab,0x24,0xff,0x19,0xab,0x24,0xff,0x19,0xab,0x24,0xff,0x19,0xab,0x24,0xff,
    0x19,0xab,0x24,0xff,0x19,0xab,0x24,0xff,0x19,0xab,0x24,0xff,0x19,0xab,0x24,0xff,
    0x19,0xab,0x24,0xff,0x19,0xab,0x24,0xff,0x19,0xab,0x24,0xff,0x19,0xab,0x24,0xff,
    0x19,0xab,0x24,0xff,0x19,0xab,0x24,0xff,0x19,0xab,0x24,0xff,0x19,0xab,0x24,0xff,
    0x19,0xab,0x24,0xff,0x19,0xab,0x24,0xff,0x19,0xab,0x24,0xff,0x19,0xab,0x24,0xff,
    0x19,0xab,0x24,0xff,0x19,0xab,0x24,0xff,0x19,0xab,0x24,0xff,0x19,0xab,0x24,0xff,
    0x19,0xab,0x24,0xff,0x19,0xab,0x24,0xff,0x19,0xab,0x24,0xff,0x19,0xab,0x24,0xff,
    0x19,0xab,0x24,0xff,0x19,0xab,0x24,0xff,0x19,0xab,0x24,0xff,0x19,0xab,0x24,0xff,
    0x19,0xab,0x24,0xff,0x19,0xab,0x24,0xff,0x19,0xab,0x24,0xff,0x19,0xab,0x24,0xff,
    0x19,0xab,0x24,0xff,0x19,0xab,0x24,0xff,0x19,0xab,0x24,0xff,0x19,0xab,0x24,0xff,
    0x19,0xab,0x24,0xff,0x19,0xab,0x24,0xff,0x19,0xab,0x24,0xff,0x19,0xab,0x24,0xff,
    0x19,0xab,0x24,0xff,0x19,0xab,0x24,0xff,0x19,0xab,0x24,0xff,0x19,0xab,0x24,0xff,
    0x19,0xab,0x24,0xff,0x19,0xab,0x24,0xff,0x19,0xab,0x24,0xff,0x19,0xab,0x24,0xff,
    0x19,0xab,0x24,0xff,0x19,0xab,0x24,0xff,0x19,0xab,0x24,0xff,0x19,0xab,0x24,0xff,
    0x19,0xab,0x24,0xff,0x19,0xab,0x24,0xff,0x19,0xab,0x24,0xff,0x19,0xab,0x24,0xff,
    0x19,0xab,0x24,0xff,0x18,0xac,0x23,0xff,0x17,0xac,0x22,0xff,0x86,0xd0,0x8a,0x8e,
    0xcf,0xe7,0xd7,0x20,0x00,0x00,0x00,0x00,0x00,0x00,0x00,0x00,0x00,0x00,0x00,0x00,
    0x00,0x00,0x00,0x00,0x00,0x00,0x00,0x00,0x00,0x00,0x00,0x00,0x00,0x00,0x00,0x00,
    0x00,0x00,0x00,0x00,0x00,0x00,0x00,0x00,0x00,0x00,0x00,0x00,0x00,0x00,0x00,0x00,
    0x00,0x00,0x00,0x00,0x00,0x00,0x00,0x00,0xaa,0xdd,0xbb,0x0f,0x9d,0xdb,0xa0,0x8a,
    0x13,0xa8,0x20,0xf6,0x15,0xab,0x20,0xff,0x1a,0xab,0x25,0xff,0x19,0xab,0x24,0xff,
    0x19,0xab,0x24,0xff,0x19,0xab,0x24,0xff,0x19,0xab,0x24,0xff,0x19,0xab,0x24,0xff,
    0x19,0xab,0x24,0xff,0x19,0xab,0x24,0xff,0x19,0xab,0x24,0xff,0x19,0xab,0x24,0xff,
    0x19,0xab,0x24,0xff,0x19,0xab,0x24,0xff,0x19,0xab,0x24,0xff,0x19,0xab,0x24,0xff,
    0x19,0xab,0x24,0xff,0x19,0xab,0x24,0xff,0x19,0xab,0x24,0xff,0x19,0xab,0x24,0xff,
    0x19,0xab,0x24,0xff,0x19,0xab,0x24,0xff,0x19,0xab,0x24,0xff,0x19,0xab,0x24,0xff,
    0x19,0xab,0x24,0xff,0x19,0xab,0x24,0xff,0x19,0xab,0x24,0xff,0x19,0xab,0x24,0xff,
    0x19,0xab,0x24,0xff,0x19,0xab,0x24,0xff,0x19,0xab,0x24,0xff,0x19,0xab,0x24,0xff,
    0x19,0xab,0x24,0xff,0x19,0xab,0x24,0xff,0x19,0xab,0x24,0xff,0x19,0xab,0x24,0xff,
    0x19,0xab,0x24,0xff,0x19,0xab,0x24,0xff,0x19,0xab,0x24,0xff,0x19,0xab,0x24,0xff,
    0x19,0xab,0x24,0xff,0x19,0xab,0x24,0xff,0x1a,0xac,0x25,0xff,0x1a,0xab,0x25,0xff,
    0x12,0xa9,0x1e,0xff,0x05,0xa3,0x12,0xfb,0x2f,0xb2,0x39,0xee,0x9e,0xdb,0xa2,0xed,
    0xf0,0xfa,0xf1,0xf7,0xff,0xff,0xff,0xff,0xff,0xff,0xff,0xff,0xff,0xff,0xff,0xff,
    0xff,0xff,0xff,0xff,0xff,0xff,0xff,0xff,0xff,0xff,0xff,0xff,0xff,0xff,0xff,0xff,
    0xff,0xff,0xff,0xff,0xff,0xff,0xff,0xff,0xff,0xff,0xff,0xff,0xff,0xff,0xff,0xff,
    0xff,0xff,0xff,0xff,0xff,0xff,0xff,0xff,0xff,0xff,0xff,0xff,0xff,0xff,0xff,0xff,
    0xff,0xff,0xff,0xff,0xff,0xff,0xff,0xff,0xff,0xff,0xff,0xff,0xff,0xff,0xff,0xff,
    0xff,0xff,0xff,0xff,0xff,0xff,0xff,0xff,0xff,0xff,0xff,0xff,0xff,0xff,0xff,0xff,
    0xf5,0xfa,0xf5,0xf5,0x9d,0xda,0xa2,0xed,0x34,0xb4,0x3d,0xf2,0x06,0xa2,0x0e,0xfd,
    0x13,0xa9,0x1d,0xff,0x1b,0xac,0x27,0xff,0x19,0xab,0x25,0xff,0x19,0xab,0x24,0xff,
    0x19,0xab,0x24,0xff,0x19,0xab,0x24,0xff,0x19,0xab,0x24,0xff,0x19,0xab,0x24,0xff,
    0x19,0xab,0x24,0xff,0x19,0xab,0x24,0xff,0x19,0xab,0x24,0xff,0x19,0xab,0x24,0xff,
    0x19,0xab,0x24,0xff,0x19,0xab,0x24,0xff,0x19,0xab,0x24,0xff,0x19,0xab,0x24,0xff,
    0x19,0xab,0x24,0xff,0x19,0xab,0x24,0xff,0x19,0xab,0x24,0xff,0x19,0xab,0x24,0xff,
    0x19,0xab,0x24,0xff,0x19,0xab,0x24,0xff,0x19,0xab,0x24,0xff,0x19,0xab,0x24,0xff,
    0x19,0xab,0x24,0xff,0x19,0xab,0x24,0xff,0x19,0xab,0x24,0xff,0x19,0xab,0x24,0xff,
    0x19,0xab,0x24,0xff,0x19,0xab,0x24,0xff,0x19,0xab,0x24,0xff,0x19,0xab,0x24,0xff,
    0x19,0xab,0x24,0xff,0x19,0xab,0x24,0xff,0x19,0xab,0x24,0xff,0x19,0xab,0x24,0xff,
    0x19,0xab,0x24,0xff,0x19,0xab,0x24,0xff,0x19,0xab,0x24,0xff,0x19,0xab,0x24,0xff,
    0x19,0xab,0x24,0xff,0x19,0xab,0x24,0xff,0x19,0xab,0x24,0xff,0x19,0xab,0x24,0xff,
    0x19,0xab,0x24,0xff,0x19,0xab,0x24,0xff,0x19,0xab,0x24,0xff,0x19,0xab,0x24,0xff,
    0x19,0xab,0x24,0xff,0x19,0xab,0x24,0xff,0x19,0xab,0x24,0xff,0x19,0xab,0x24,0xff,
    0x19,0xab,0x24,0xff,0x19,0xab,0x24,0xff,0x19,0xab,0x24,0xff,0x19,0xab,0x24,0xff,
    0x19,0xab,0x24,0xff,0x19,0xab,0x24,0xff,0x19,0xab,0x24,0xff,0x19,0xab,0x24,0xff,
    0x19,0xab,0x24,0xff,0x19,0xab,0x24,0xff,0x19,0xab,0x24,0xff,0x19,0xab,0x24,0xff,
    0x19,0xab,0x24,0xff,0x18,0xac,0x23,0xff,0x1e,0xb0,0x2a,0xff,0x9c,0xdb,0xa1,0x72,
    0xff,0xff,0xff,0x13,0x00,0x00,0x00,0x00,0x00,0x00,0x00,0x00,0x00,0x00,0x00,0x00,
    0x00,0x00,0x00,0x00,0x00,0x00,0x00,0x00,0x00,0x00,0x00,0x00,0x00,0x00,0x00,0x00,
    0x00,0x00,0x00,0x00,0x00,0x00,0x00,0x00,0x00,0x00,0x00,0x00,0x00,0x00,0x00,0x00,
    0x00,0x00,0x00,0x00,0x00,0x00,0x00,0x00,0xff,0xff,0xe9,0x0c,0xbf,0xe9,0xc2,0x69,
    0x1a,0xac,0x24,0xf4,0x16,0xad,0x21,0xff,0x19,0xab,0x25,0xff,0x19,0xab,0x24,0xff,
    0x19,0xab,0x24,0xff,0x19,0xab,0x24,0xff,0x19,0xab,0x24,0xff,0x19,0xab,0x24,0xff,
    0x19,0xab,0x24,0xff,0x19,0xab,0x24,0xff,0x19,0xab,0x24,0xff,0x19,0xab,0x24,0xff,
    0x19,0xab,0x24,0xff,0x19,0xab,0x24,0xff,0x19,0xab,0x24,0xff,0x19,0xab,0x24,0xff,
    0x19,0xab,0x24,0xff,0x19,0xab,0x24,0xff,0x19,0xab,0x24,0xff,0x19,0xab,0x24,0xff,
    0x19,0xab,0x24,0xff,0x19,0xab,0x24,0xff,0x19,0xab,0x24,0xff,0x19,0xab,0x24,0xff,
    0x19,0xab,0x24,0xff,0x19,0xab,0x24,0xff,0x19,0xab,0x24,0xff,0x19,0xab,0x24,0xff,
    0x19,0xab,0x24,0xff,0x19,0xab,0x24,0xff,0x19,0xab,0x24,0xff,0x19,0xab,0x24,0xff,
    0x19,0xab,0x24,0xff,0x19,0xab,0x24,0xff,0x19,0xab,0x24,0xff,0x19,0xab,0x24,0xff,
    0x19,0xab,0x24,0xff,0x19,0xab,0x24,0xff,0x19,0xab,0x24,0xff,0x19,0xab,0x24,0xff,
    0x19,0xab,0x24,0xff,0x19,0xab,0x24,0xff,0x19,0xab,0x24,0xff,0x1a,0xab,0x25,0xff,
    0x1b,0xac,0x26,0xff,0x12,0xa9,0x1e,0xff,0x05,0xa3,0x11,0xfb,0x34,0xb4,0x3e,0xed,
    0x9d,0xdb,0xa2,0xee,0xf0,0xf9,0xf0,0xf9,0xff,0xff,0xff,0xff,0xff,0xff,0xff,0xff,
    0xff,0xff,0xff,0xff,0xff,0xff,0xff,0xff,0xff,0xff,0xff,0xff,0xff,0xff,0xff,0xff,
    0xff,0xff,0xff,0xff,0xff,0xff,0xff,0xff,0xff,0xff,0xff,0xff,0xff,0xff,0xff,0xff,
    0xff,0xff,0xff,0xff,0xff,0xff,0xff,0xff,0xff,0xff,0xff,0xff,0xff,0xff,0xff,0xff,
    0xff,0xff,0xff,0xff,0xff,0xff,0xff,0xff,0xff,0xff,0xff,0xff,0xff,0xff,0xff,0xff,
    0xff,0xff,0xff,0xff,0xff,0xff,0xff,0xff,0xff,0xff,0xff,0xff,0xf3,0xfa,0xf4,0xf8,
    0xa3,0xdc,0xa7,0xec,0x34,0xb4,0x3e,0xf2,0x06,0xa3,0x10,0xfd,0x12,0xa8,0x1b,0xff,
    0x1c,0xac,0x28,0xff,0x19,0xab,0x24,0xff,0x19,0xab,0x24,0xff,0x19,0xab,0x24,0xff,
    0x19,0xab,0x24,0xff,0x19,0xab,0x24,0xff,0x19,0xab,0x24,0xff,0x19,0xab,0x24,0xff,
    0x19,0xab,0x24,0xff,0x19,0xab,0x24,0xff,0x19,0xab,0x24,0xff,0x19,0xab,0x24,0xff,
    0x19,0xab,0x24,0xff,0x19,0xab,0x24,0xff,0x19,0xab,0x24,0xff,0x19,0xab,0x24,0xff,
    0x19,0xab,0x24,0xff,0x19,0xab,0x24,0xff,0x19,0xab,0x24,0xff,0x19,0xab,0x24,0xff,
    0x19,0xab,0x24,0xff,0x19,0xab,0x24,0xff,0x19,0xab,0x24,0xff,0x19,0xab,0x24,0xff,
    0x19,0xab,0x24,0xff,0x19,0xab,0x24,0xff,0x19,0xab,0x24,0xff,0x19,0xab,0x24,0xff,
    0x19,0xab,0x24,0xff,0x19,0xab,0x24,0xff,0x19,0xab,0x24,0xff,0x19,0xab,0x24,0xff,
    0x19,0xab,0x24,0xff,0x19,0xab,0x24,0xff,0x19,0xab,0x24,0xff,0x19,0xab,0x24,0xff,
    0x19,0xab,0x24,0xff,0x19,0xab,0x24,0xff,0x19,0xab,0x24,0xff,0x19,0xab,0x24,0xff,
    0x19,0xab,0x24,0xff,0x19,0xab,0x24,0xff,0x19,0xab,0x24,0xff,0x19,0xab,0x24,0xff,
    0x19,0xab,0x24,0xff,0x19,0xab,0x24,0xff,0x19,0xab,0x24,0xff,0x19,0xab,0x24,0xff,
    0x19,0xab,0x24,0xff,0x19,0xab,0x24,0xff,0x19,0xab,0x24,0xff,0x19,0xab,0x24,0xff,
    0x19,0xab,0x24,0xff,0x19,0xab,0x24,0xff,0x19,0xab,0x24,0xff,0x19,0xab,0x24,0xff,
    0x19,0xab,0x24,0xff,0x19,0xab,0x24,0xff,0x19,0xab,0x24,0xff,0x19,0xab,0x24,0xff,
    0x19,0xab,0x24,0xff,0x19,0xab,0x24,0xff,0x19,0xab,0x24,0xff,0x19,0xab,0x24,0xff,
    0x18,0xab,0x23,0xff,0x18,0xab,0x24,0xff,0x34,0xb4,0x40,0xf9,0xa6,0xe0,0xaa,0x54,
    0xff,0xff,0xff,0x09,0x00,0x00,0x00,0x00,0x00,0x00,0x00,0x00,0x00,0x00,0x00,0x00,
    0x00,0x00,0x00,0x00,0x00,0x00,0x00,0x00,0x00,0x00,0x00,0x00,0x00,0x00,0x00,0x00,
    0x00,0x00,0x00,0x00,0x00,0x00,0x00,0x00,0x00,0x00,0x00,0x00,0x00,0x00,0x00,0x00,
    0x00,0x00,0x00,0x00,0x00,0x00,0x00,0x00,0xff,0xff,0xff,0x08,0xd7,0xf1,0xd7,0x4e,
    0x33,0xb6,0x3c,0xeb,0x19,0xae,0x25,0xff,0x16,0xaa,0x22,0xff,0x19,0xab,0x24,0xff,
    0x19,0xab,0x24,0xff,0x19,0xab,0x24,0xff,0x19,0xab,0x24,0xff,0x19,0xab,0x24,0xff,
    0x19,0xab,0x24,0xff,0x19,0xab,0x24,0xff,0x19,0xab,0x24,0xff,0x19,0xab,0x24,0xff,
    0x19,0xab,0x24,0xff,0x19,0xab,0x24,0xff,0x19,0xab,0x24,0xff,0x19,0xab,0x24,0xff,
    0x19,0xab,0x24,0xff,0x19,0xab,0x24,0xff,0x19,0xab,0x24,0xff,0x19,0xab,0x24,0xff,
    0x19,0xab,0x24,0xff,0x19,0xab,0x24,0xff,0x19,0xab,0x24,0xff,0x19,0xab,0x24,0xff,
    0x19,0xab,0x24,0xff,0x19,0xab,0x24,0xff,0x19,0xab,0x24,0xff,0x19,0xab,0x24,0xff,
    0x19,0xab,0x24,0xff,0x19,0xab,0x24,0xff,0x19,0xab,0x24,0xff,0x19,0xab,0x24,0xff,
    0x19,0xab,0x24,0xff,0x19,0xab,0x24,0xff,0x19,0xab,0x24,0xff,0x19,0xab,0x24,0xff,
    0x19,0xab,0x24,0xff,0x19,0xab,0x24,0xff,0x19,0xab,0x24,0xff,0x19,0xab,0x24,0xff,
    0x19,0xab,0x24,0xff,0x19,0xab,0x24,0xff,0x19,0xab,0x24,0xff,0x19,0xab,0x24,0xff,
    0x19,0xab,0x24,0xff,0x1c,0xac,0x26,0xff,0x13,0xa9,0x1e,0xff,0x08,0xa3,0x14,0xfc,
    0x35,0xb4,0x3e,0xf0,0x9d,0xdb,0xa1,0xed,0xf2,0xfa,0xf2,0xfc,0xff,0xff,0xff,0xff,
    0xff,0xff,0xff,0xff,0xff,0xff,0xff,0xff,0xff,0xff,0xff,0xff,0xff,0xff,0xff,0xff,
    0xff,0xff,0xff,0xff,0xff,0xff,0xff,0xff,0xff,0xff,0xff,0xff,0xff,0xff,0xff,0xff,
    0xff,0xff,0xff,0xff,0xff,0xff,0xff,0xff,0xff,0xff,0xff,0xff,0xff,0xff,0xff,0xff,
    0xff,0xff,0xff,0xff,0xff,0xff,0xff,0xff,0xff,0xff,0xff,0xff,0xff,0xff,0xff,0xff,
    0xff,0xff,0xff,0xff,0xff,0xff,0xff,0xff,0xf2,0xf9,0xf3,0xfb,0xa8,0xdf,0xad,0xea,
    0x31,0xb3,0x3b,0xf4,0x09,0xa4,0x14,0xfd,0x12,0xa8,0x1c,0xff,0x1c,0xac,0x28,0xff,
    0x19,0xab,0x24,0xff,0x19,0xab,0x24,0xff,0x19,0xab,0x24,0xff,0x19,0xab,0x24,0xff,
    0x19,0xab,0x24,0xff,0x19,0xab,0x24,0xff,0x19,0xab,0x24,0xff,0x19,0xab,0x24,0xff,
    0x19,0xab,0x24,0xff,0x19,0xab,0x24,0xff,0x19,0xab,0x24,0xff,0x19,0xab,0x24,0xff,
    0x19,0xab,0x24,0xff,0x19,0xab,0x24,0xff,0x19,0xab,0x24,0xff,0x19,0xab,0x24,0xff,
    0x19,0xab,0x24,0xff,0x19,0xab,0x24,0xff,0x19,0xab,0x24,0xff,0x19,0xab,0x24,0xff,
    0x19,0xab,0x24,0xff,0x19,0xab,0x24,0xff,0x19,0xab,0x24,0xff,0x19,0xab,0x24,0xff,
    0x19,0xab,0x24,0xff,0x19,0xab,0x24,0xff,0x19,0xab,0x24,0xff,0x19,0xab,0x24,0xff,
    0x19,0xab,0x24,0xff,0x19,0xab,0x24,0xff,0x19,0xab,0x24,0xff,0x19,0xab,0x24,0xff,
    0x19,0xab,0x24,0xff,0x19,0xab,0x24,0xff,0x19,0xab,0x24,0xff,0x19,0xab,0x24,0xff,
    0x19,0xab,0x24,0xff,0x19,0xab,0x24,0xff,0x19,0xab,0x24,0xff,0x19,0xab,0x24,0xff,
    0x19,0xab,0x24,0xff,0x19,0xab,0x24,0xff,0x19,0xab,0x24,0xff,0x19,0xab,0x24,0xff,
    0x19,0xab,0x24,0xff,0x19,0xab,0x24,0xff,0x19,0xab,0x24,0xff,0x19,0xab,0x24,0xff,
    0x19,0xab,0x24,0xff,0x19,0xab,0x24,0xff,0x19,0xab,0x24,0xff,0x19,0xab,0x24,0xff,
    0x19,0xab,0x24,0xff,0x19,0xab,0x24,0xff,0x19,0xab,0x24,0xff,0x19,0xab,0x24,0xff,
    0x19,0xab,0x24,0xff,0x19,0xab,0x24,0xff,0x19,0xab,0x24,0xff,0x19,0xab,0x24,0xff,
    0x19,0xab,0x24,0xff,0x19,0xab,0x24,0xff,0x19,0xab,0x24,0xff,0x19,0xab,0x24,0xff,
    0x17,0xab,0x22,0xff,0x19,0xab,0x24,0xfc,0x5d,0xc3,0x66,0xd3,0xa2,0xd9,0xa8,0x2f,
    0x00,0x00,0x00,0x00,0x00,0x00,0x00,0x00,0x00,0x00,0x00,0x00,0x00,0x00,0x00,0x00,
    0x00,0x00,0x00,0x00,0x00,0x00,0x00,0x00,0x00,0x00,0x00,0x00,0x00,0x00,0x00,0x00,
    0x00,0x00,0x00,0x00,0x00,0x00,0x00,0x00,0x00,0x00,0x00,0x00,0x00,0x00,0x00,0x00,
    0x00,0x00,0x00,0x00,0x00,0x00,0x00,0x00,0xff,0xff,0xff,0x02,0xda,0xf0,0xda,0x23,
    0x5f,0xc5,0x68,0xc6,0x1c,0xad,0x27,0xfa,0x12,0xa9,0x1d,0xff,0x1a,0xab,0x25,0xff,
    0x19,0xab,0x24,0xff,0x19,0xab,0x24,0xff,0x19,0xab,0x24,0xff,0x19,0xab,0x24,0xff,
    0x19,0xab,0x24,0xff,0x19,0xab,0x24,0xff,0x19,0xab,0x24,0xff,0x19,0xab,0x24,0xff,
    0x19,0xab,0x24,0xff,0x19,0xab,0x24,0xff,0x19,0xab,0x24,0xff,0x19,0xab,0x24,0xff,
    0x19,0xab,0x24,0xff,0x19,0xab,0x24,0xff,0x19,0xab,0x24,0xff,0x19,0xab,0x24,0xff,
    0x19,0xab,0x24,0xff,0x19,0xab,0x24,0xff,0x19,0xab,0x24,0xff,0x19,0xab,0x24,0xff,
    0x19,0xab,0x24,0xff,0x19,0xab,0x24,0xff,0x19,0xab,0x24,0xff,0x19,0xab,0x24,0xff,
    0x19,0xab,0x24,0xff,0x19,0xab,0x24,0xff,0x19,0xab,0x24,0xff,0x19,0xab,0x24,0xff,
    0x19,0xab,0x24,0xff,0x19,0xab,0x24,0xff,0x19,0xab,0x24,0xff,0x19,0xab,0x24,0xff,
    0x19,0xab,0x24,0xff,0x19,0xab,0x24,0xff,0x19,0xab,0x24,0xff,0x19,0xab,0x24,0xff,
    0x19,0xab,0x24,0xff,0x19,0xab,0x24,0xff,0x19,0xab,0x24,0xff,0x19,0xab,0x24,0xff,
    0x19,0xab,0x24,0xff,0x19,0xab,0x24,0xff,0x1a,0xab,0x25,0xff,0x13,0xa9,0x1e,0xff,
    0x0d,0xa6,0x19,0xfc,0x33,0xb4,0x3d,0xf1,0x9c,0xdb,0xa0,0xec,0xf2,0xfa,0xf3,0xfe,
    0xff,0xff,0xff,0xff,0xff,0xff,0xff,0xff,0xff,0xff,0xff,0xff,0xff,0xff,0xff,0xff,
    0xff,0xff,0xff,0xff,0xff,0xff,0xff,0xff,0xff,0xff,0xff,0xff,0xff,0xff,0xff,0xff,
    0xff,0xff,0xff,0xff,0xff,0xff,0xff,0xff,0xff,0xff,0xff,0xff,0xff,0xff,0xff,0xff,
    0xff,0xff,0xff,0xff,0xff,0xff,0xff,0xff,0xff,0xff,0xff,0xff,0xff,0xff,0xff,0xff,
    0xff,0xff,0xff,0xff,0xf3,0xfa,0xf3,0xfa,0xa8,0xdf,0xad,0xea,0x30,0xb3,0x39,0xf5,
    0x0c,0xa6,0x18,0xfd,0x13,0xa8,0x1f,0xff,0x1b,0xab,0x26,0xff,0x19,0xab,0x24,0xff,
    0x19,0xab,0x24,0xff,0x19,0xab,0x24,0xff,0x19,0xab,0x24,0xff,0x19,0xab,0x24,0xff,
    0x19,0xab,0x24,0xff,0x19,0xab,0x24,0xff,0x19,0xab,0x24,0xff,0x19,0xab,0x24,0xff,
    0x19,0xab,0x24,0xff,0x19,0xab,0x24,0xff,0x19,0xab,0x24,0xff,0x19,0xab,0x24,0xff,
    0x19,0xab,0x24,0xff,0x19,0xab,0x24,0xff,0x19,0xab,0x24,0xff,0x19,0xab,0x24,0xff,
    0x19,0xab,0x24,0xff,0x19,0xab,0x24,0xff,0x19,0xab,0x24,0xff,0x19,0xab,0x24,0xff,
    0x19,0xab,0x24,0xff,0x19,0xab,0x24,0xff,0x19,0xab,0x24,0xff,0x19,0xab,0x24,0xff,
    0x19,0xab,0x24,0xff,0x19,0xab,0x24,0xff,0x19,0xab,0x24,0xff,0x19,0xab,0x24,0xff,
    0x19,0xab,0x24,0xff,0x19,0xab,0x24,0xff,0x19,0xab,0x24,0xff,0x19,0xab,0x24,0xff,
    0x19,0xab,0x24,0xff,0x19,0xab,0x24,0xff,0x19,0xab,0x24,0xff,0x19,0xab,0x24,0xff,
    0x19,0xab,0x24,0xff,0x19,0xab,0x24,0xff,0x19,0xab,0x24,0xff,0x19,0xab,0x24,0xff,
    0x19,0xab,0x24,0xff,0x19,0xab,0x24,0xff,0x19,0xab,0x24,0xff,0x19,0xab,0x24,0xff,
    0x19,0xab,0x24,0xff,0x19,0xab,0x24,0xff,0x19,0xab,0x24,0xff,0x19,0xab,0x24,0xff,
    0x19,0xab,0x24,0xff,0x19,0xab,0x24,0xff,0x19,0xab,0x24,0xff,0x19,0xab,0x24,0xff,
    0x19,0xab,0x24,0xff,0x19,0xab,0x24,0xff,0x19,0xab,0x24,0xff,0x19,0xab,0x24,0xff,
    0x19,0xab,0x24,0xff,0x19,0xab,0x24,0xff,0x19,0xab,0x24,0xff,0x19,0xab,0x24,0xff,
    0x19,0xab,0x24,0xff,0x19,0xab,0x24,0xff,0x19,0xab,0x24,0xff,0x19,0xab,0x24,0xff,
    0x15,0xab,0x21,0xff,0x17,0xaa,0x21,0xf8,0x8b,0xd3,0x90,0x9f,0xa2,0xd0,0x96,0x16,
    0x00,0x00,0x00,0x00,0x00,0x00,0x00,0x00,0x00,0x00,0x00,0x00,0x00,0x00,0x00,0x00,
    0x00,0x00,0x00,0x00,0x00,0x00,0x00,0x00,0x00,0x00,0x00,0x00,0x00,0x00,0x00,0x00,
    0x00,0x00,0x00,0x00,0x00,0x00,0x00,0x00,0x00,0x00,0x00,0x00,0x00,0x00,0x00,0x00,
    0x00,0x00,0x00,0x00,0x00,0x00,0x00,0x00,0x00,0x00,0x00,0x00,0xcc,0xcc,0xcc,0x0a,
    0x93,0xd7,0x98,0x93,0x1d,0xab,0x25,0xef,0x0f,0xaa,0x19,0xff,0x1a,0xab,0x25,0xff,
    0x19,0xab,0x24,0xff,0x19,0xab,0x24,0xff,0x19,0xab,0x24,0xff,0x19,0xab,0x24,0xff,
    0x19,0xab,0x24,0xff,0x19,0xab,0x24,0xff,0x19,0xab,0x24,0xff,0x19,0xab,0x24,0xff,
    0x19,0xab,0x24,0xff,0x19,0xab,0x24,0xff,0x19,0xab,0x24,0xff,0x19,0xab,0x24,0xff,
    0x19,0xab,0x24,0xff,0x19,0xab,0x24,0xff,0x19,0xab,0x24,0xff,0x19,0xab,0x24,0xff,
    0x19,0xab,0x24,0xff,0x19,0xab,0x24,0xff,0x19,0xab,0x24,0xff,0x19,0xab,0x24,0xff,
    0x19,0xab,0x24,0xff,0x19,0xab,0x24,0xff,0x19,0xab,0x24,0xff,0x19,0xab,0x24,0xff,
    0x19,0xab,0x24,0xff,0x19,0xab,0x24,0xff,0x19,0xab,0x24,0xff,0x19,0xab,0x24,0xff,
    0x19,0xab,0x24,0xff,0x19,0xab,0x24,0xff,0x19,0xab,0x24,0xff,0x19,0xab,0x24,0xff,
    0x19,0xab,0x24,0xff,0x19,0xab,0x24,0xff,0x19,0xab,0x24,0xff,0x19,0xab,0x24,0xff,
    0x19,0xab,0x24,0xff,0x19,0xab,0x24,0xff,0x19,0xab,0x24,0xff,0x19,0xab,0x24,0xff,
    0x19,0xab,0x24,0xff,0x19,0xab,0x24,0xff,0x19,0xab,0x24,0xff,0x1a,0xab,0x25,0xff,
    0x14,0xaa,0x1f,0xff,0x12,0xa7,0x1e,0xfc,0x33,0xb3,0x3e,0xf3,0x9c,0xdc,0xa2,0xec,
    0xf2,0xf9,0xf2,0xfc,0xff,0xff,0xff,0xff,0xff,0xff,0xff,0xff,0xff,0xff,0xff,0xff,
    0xff,0xff,0xff,0xff,0xff,0xff,0xff,0xff,0xff,0xff,0xff,0xff,0xff,0xff,0xff,0xff,
    0xff,0xff,0xff,0xff,0xff,0xff,0xff,0xff,0xff,0xff,0xff,0xff,0xff,0xff,0xff,0xff,
    0xff,0xff,0xff,0xff,0xff,0xff,0xff,0xff,0xff,0xff,0xff,0xff,0xff,0xff,0xff,0xff,
    0xf3,0xfa,0xf4,0xf7,0xa6,0xde,0xa9,0xec,0x31,0xb3,0x3c,0xf5,0x0f,0xa6,0x1a,0xfe,
    0x15,0xaa,0x20,0xff,0x1a,0xab,0x25,0xff,0x19,0xab,0x24,0xff,0x19,0xab,0x24,0xff,
    0x19,0xab,0x24,0xff,0x19,0xab,0x24,0xff,0x19,0xab,0x24,0xff,0x19,0xab,0x24,0xff,
    0x19,0xab,0x24,0xff,0x19,0xab,0x24,0xff,0x19,0xab,0x24,0xff,0x19,0xab,0x24,0xff,
    0x19,0xab,0x24,0xff,0x19,0xab,0x24,0xff,0x19,0xab,0x24,0xff,0x19,0xab,0x24,0xff,
    0x19,0xab,0x24,0xff,0x19,0xab,0x24,0xff,0x19,0xab,0x24,0xff,0x19,0xab,0x24,0xff,
    0x19,0xab,0x24,0xff,0x19,0xab,0x24,0xff,0x19,0xab,0x24,0xff,0x19,0xab,0x24,0xff,
    0x19,0xab,0x24,0xff,0x19,0xab,0x24,0xff,0x19,0xab,0x24,0xff,0x19,0xab,0x24,0xff,
    0x19,0xab,0x24,0xff,0x19,0xab,0x24,0xff,0x19,0xab,0x24,0xff,0x19,0xab,0x24,0xff,
    0x19,0xab,0x24,0xff,0x19,0xab,0x24,0xff,0x19,0xab,0x24,0xff,0x19,0xab,0x24,0xff,
    0x19,0xab,0x24,0xff,0x19,0xab,0x24,0xff,0x19,0xab,0x24,0xff,0x19,0xab,0x24,0xff,
    0x19,0xab,0x24,0xff,0x19,0xab,0x24,0xff,0x19,0xab,0x24,0xff,0x19,0xab,0x24,0xff,
    0x19,0xab,0x24,0xff,0x19,0xab,0x24,0xff,0x19,0xab,0x24,0xff,0x19,0xab,0x24,0xff,
    0x19,0xab,0x24,0xff,0x19,0xab,0x24,0xff,0x19,0xab,0x24,0xff,0x19,0xab,0x24,0xff,
    0x19,0xab,0x24,0xff,0x19,0xab,0x24,0xff,0x19,0xab,0x24,0xff,0x19,0xab,0x24,0xff,
    0x19,0xab,0x24,0xff,0x19,0xab,0x24,0xff,0x19,0xab,0x24,0xff,0x19,0xab,0x24,0xff,
    0x19,0xab,0x24,0xff,0x19,0xab,0x24,0xff,0x19,0xab,0x24,0xff,0x19,0xab,0x24,0xff,
    0x19,0xab,0x24,0xff,0x19,0xab,0x24,0xff,0x19,0xab,0x24,0xff,0x19,0xab,0x24,0xff,
    0x15,0xac,0x21,0xff,0x16,0xaa,0x24,0xf4,0xb2,0xe2,0xb6,0x74,0xda,0xec,0xda,0x0e,
    0x00,0x00,0x00,0x00,0x00,0x00,0x00,0x00,0x00,0x00,0x00,0x00,0x00,0x00,0x00,0x00,
    0x00,0x00,0x00,0x00,0x00,0x00,0x00,0x00,0x00,0x00,0x00,0x00,0x00,0x00,0x00,0x00,
    0x00,0x00,0x00,0x00,0x00,0x00,0x00,0x00,0x00,0x00,0x00,0x00,0x00,0x00,0x00,0x00,
    0x00,0x00,0x00,0x00,0x00,0x00,0x00,0x00,0x00,0x00,0x00,0x00,0x55,0xaa,0x55,0x03,
    0xc7,0xe9,0xcc,0x6a,0x1c,0xab,0x27,0xe6,0x0e,0xac,0x19,0xff,0x1a,0xab,0x25,0xff,
    0x19,0xab,0x24,0xff,0x19,0xab,0x24,0xff,0x19,0xab,0x24,0xff,0x19,0xab,0x24,0xff,
    0x19,0xab,0x24,0xff,0x19,0xab,0x24,0xff,0x19,0xab,0x24,0xff,0x19,0xab,0x24,0xff,
    0x19,0xab,0x24,0xff,0x19,0xab,0x24,0xff,0x19,0xab,0x24,0xff,0x19,0xab,0x24,0xff,
    0x19,0xab,0x24,0xff,0x19,0xab,0x24,0xff,0x19,0xab,0x24,0xff,0x19,0xab,0x24,0xff,
    0x19,0xab,0x24,0xff,0x19,0xab,0x24,0xff,0x19,0xab,0x24,0xff,0x19,0xab,0x24,0xff,
    0x19,0xab,0x24,0xff,0x19,0xab,0x24,0xff,0x19,0xab,0x24,0xff,0x19,0xab,0x24,0xff,
    0x19,0xab,0x24,0xff,0x19,0xab,0x24,0xff,0x19,0xab,0x24,0xff,0x19,0xab,0x24,0xff,
    0x19,0xab,0x24,0xff,0x19,0xab,0x24,0xff,0x19,0xab,0x24,0xff,0x19,0xab,0x24,0xff,
    0x19,0xab,0x24,0xff,0x19,0xab,0x24,0xff,0x19,0xab,0x24,0xff,0x19,0xab,0x24,0xff,
    0x19,0xab,0x24,0xff,0x19,0xab,0x24,0xff,0x19,0xab,0x24,0xff,0x19,0xab,0x24,0xff,
    0x19,0xab,0x24,0xff,0x19,0xab,0x24,0xff,0x19,0xab,0x24,0xff,0x19,0xab,0x24,0xff,
    0x18,0xab,0x23,0xff,0x14,0xa9,0x20,0xff,0x13,0xa7,0x1f,0xfc,0x34,0xb5,0x3f,0xf2,
    0x9c,0xdb,0xa2,0xec,0xf1,0xf9,0xf1,0xfa,0xff,0xff,0xff,0xff,0xff,0xff,0xff,0xff,
    0xff,0xff,0xff,0xff,0xff,0xff,0xff,0xff,0xff,0xff,0xff,0xff,0xff,0xff,0xff,0xff,
    0xff,0xff,0xff,0xff,0xff,0xff,0xff,0xff,0xff,0xff,0xff,0xff,0xff,0xff,0xff,0xff,
    0xff,0xff,0xff,0xff,0xff,0xff,0xff,0xff,0xff,0xff,0xff,0xff,0xf2,0xfa,0xf3,0xf5,
    0xa1,0xdd,0xa5,0xed,0x36,0xb4,0x3f,0xf4,0x0f,0xa7,0x1a,0xfd,0x14,0xaa,0x1f,0xff,
    0x19,0xab,0x24,0xff,0x19,0xab,0x24,0xff,0x19,0xab,0x24,0xff,0x19,0xab,0x24,0xff,
    0x19,0xab,0x24,0xff,0x19,0xab,0x24,0xff,0x19,0xab,0x24,0xff,0x19,0xab,0x24,0xff,
    0x19,0xab,0x24,0xff,0x19,0xab,0x24,0xff,0x19,0xab,0x24,0xff,0x19,0xab,0x24,0xff,
    0x19,0xab,0x24,0xff,0x19,0xab,0x24,0xff,0x19,0xab,0x24,0xff,0x19,0xab,0x24,0xff,
    0x19,0xab,0x24,0xff,0x19,0xab,0x24,0xff,0x19,0xab,0x24,0xff,0x19,0xab,0x24,0xff,
    0x19,0xab,0x24,0xff,0x19,0xab,0x24,0xff,0x19,0xab,0x24,0xff,0x19,0xab,0x24,0xff,
    0x19,0xab,0x24,0xff,0x19,0xab,0x24,0xff,0x19,0xab,0x24,0xff,0x19,0xab,0x24,0xff,
    0x19,0xab,0x24,0xff,0x19,0xab,0x24,0xff,0x19,0xab,0x24,0xff,0x19,0xab,0x24,0xff,
    0x19,0xab,0x24,0xff,0x19,0xab,0x24,0xff,0x19,0xab,0x24,0xff,0x19,0xab,0x24,0xff,
    0x19,0xab,0x24,0xff,0x19,0xab,0x24,0xff,0x19,0xab,0x24,0xff,0x19,0xab,0x24,0xff,
    0x19,0xab,0x24,0xff,0x19,0xab,0x24,0xff,0x19,0xab,0x24,0xff,0x19,0xab,0x24,0xff,
    0x19,0xab,0x24,0xff,0x19,0xab,0x24,0xff,0x19,0xab,0x24,0xff,0x19,0xab,0x24,0xff,
    0x19,0xab,0x24,0xff,0x19,0xab,0x24,0xff,0x19,0xab,0x24,0xff,0x19,0xab,0x24,0xff,
    0x19,0xab,0x24,0xff,0x19,0xab,0x24,0xff,0x19,0xab,0x24,0xff,0x19,0xab,0x24,0xff,
    0x19,0xab,0x24,0xff,0x19,0xab,0x24,0xff,0x19,0xab,0x24,0xff,0x19,0xab,0x24,0xff,
    0x19,0xab,0x24,0xff,0x19,0xab,0x24,0xff,0x19,0xab,0x24,0xff,0x19,0xab,0x24,0xff,
    0x19,0xab,0x24,0xff,0x19,0xab,0x24,0xff,0x19,0xab,0x24,0xff,0x16,0xaa,0x21,0xff,
    0x19,0xad,0x25,0xff,0x33,0xb3,0x3d,0xec,0xd7,0xef,0xd7,0x54,0xff,0xff,0xff,0x09,
    0x00,0x00,0x00,0x00,0x00,0x00,0x00,0x00,0x00,0x00,0x00,0x00,0x00,0x00,0x00,0x00,
    0x00,0x00,0x00,0x00,0x00,0x00,0x00,0x00,0x00,0x00,0x00,0x00,0x00,0x00,0x00,0x00,
    0x00,0x00,0x00,0x00,0x00,0x00,0x00,0x00,0x00,0x00,0x00,0x00,0x00,0x00,0x00,0x00,
    0x00,0x00,0x00,0x00,0x00,0x00,0x00,0x00,0x00,0x00,0x00,0x00,0xff,0xff,0xff,0x01,
    0xf4,0xfb,0xf8,0x49,0x3d,0xb7,0x47,0xd5,0x18,0xad,0x24,0xff,0x13,0xa9,0x1f,0xff,
    0x1a,0xab,0x24,0xff,0x19,0xab,0x24,0xff,0x19,0xab,0x24,0xff,0x19,0xab,0x24,0xff,
    0x19,0xab,0x24,0xff,0x19,0xab,0x24,0xff,0x19,0xab,0x24,0xff,0x19,0xab,0x24,0xff,
    0x19,0xab,0x24,0xff,0x19,0xab,0x24,0xff,0x19,0xab,0x24,0xff,0x19,0xab,0x24,0xff,
    0x19,0xab,0x24,0xff,0x19,0xab,0x24,0xff,0x19,0xab,0x24,0xff,0x19,0xab,0x24,0xff,
    0x19,0xab,0x24,0xff,0x19,0xab,0x24,0xff,0x19,0xab,0x24,0xff,0x19,0xab,0x24,0xff,
    0x19,0xab,0x24,0xff,0x19,0xab,0x24,0xff,0x19,0xab,0x24,0xff,0x19,0xab,0x24,0xff,
    0x19,0xab,0x24,0xff,0x19,0xab,0x24,0xff,0x19,0xab,0x24,0xff,0x19,0xab,0x24,0xff,
    0x19,0xab,0x24,0xff,0x19,0xab,0x24,0xff,0x19,0xab,0x24,0xff,0x19,0xab,0x24,0xff,
    0x19,0xab,0x24,0xff,0x19,0xab,0x24,0xff,0x19,0xab,0x24,0xff,0x19,0xab,0x24,0xff,
    0x19,0xab,0x24,0xff,0x19,0xab,0x24,0xff,0x19,0xab,0x24,0xff,0x19,0xab,0x24,0xff,
    0x19,0xab,0x24,0xff,0x19,0xab,0x24,0xff,0x19,0xab,0x24,0xff,0x19,0xab,0x24,0xff,
    0x19,0xab,0x24,0xff,0x18,0xab,0x24,0xff,0x14,0xa9,0x1f,0xff,0x10,0xa6,0x1b,0xfc,
    0x36,0xb4,0x3f,0xf0,0x9f,0xdb,0xa3,0xee,0xf0,0xf9,0xf0,0xf8,0xff,0xff,0xff,0xff,
    0xff,0xff,0xff,0xff,0xff,0xff,0xff,0xff,0xff,0xff,0xff,0xff,0xff,0xff,0xff,0xff,
    0xff,0xff,0xff,0xff,0xff,0xff,0xff,0xff,0xff,0xff,0xff,0xff,0xff,0xff,0xff,0xff,
    0xff,0xff,0xff,0xff,0xff,0xff,0xff,0xff,0xf5,0xfb,0xf6,0xf3,0x9e,0xdb,0xa2,0xed,
    0x39,0xb6,0x42,0xf3,0x0c,0xa4,0x18,0xfe,0x13,0xa9,0x1e,0xff,0x19,0xab,0x24,0xff,
    0x19,0xab,0x24,0xff,0x19,0xab,0x24,0xff,0x19,0xab,0x24,0xff,0x19,0xab,0x24,0xff,
    0x19,0xab,0x24,0xff,0x19,0xab,0x24,0xff,0x19,0xab,0x24,0xff,0x19,0xab,0x24,0xff,
    0x19,0xab,0x24,0xff,0x19,0xab,0x24,0xff,0x19,0xab,0x24,0xff,0x19,0xab,0x24,0xff,
    0x19,0xab,0x24,0xff,0x19,0xab,0x24,0xff,0x19,0xab,0x24,0xff,0x19,0xab,0x24,0xff,
    0x19,0xab,0x24,0xff,0x19,0xab,0x24,0xff,0x19,0xab,0x24,0xff,0x19,0xab,0x24,0xff,
    0x19,0xab,0x24,0xff,0x19,0xab,0x24,0xff,0x19,0xab,0x24,0xff,0x19,0xab,0x24,0xff,
    0x19,0xab,0x24,0xff,0x19,0xab,0x24,0xff,0x19,0xab,0x24,0xff,0x19,0xab,0x24,0xff,
    0x19,0xab,0x24,0xff,0x19,0xab,0x24,0xff,0x19,0xab,0x24,0xff,0x19,0xab,0x24,0xff,
    0x19,0xab,0x24,0xff,0x19,0xab,0x24,0xff,0x19,0xab,0x24,0xff,0x19,0xab,0x24,0xff,
    0x19,0xab,0x24,0xff,0x19,0xab,0x24,0xff,0x19,0xab,0x24,0xff,0x19,0xab,0x24,0xff,
    0x19,0xab,0x24,0xff,0x19,0xab,0x24,0xff,0x19,0xab,0x24,0xff,0x19,0xab,0x24,0xff,
    0x19,0xab,0x24,0xff,0x19,0xab,0x24,0xff,0x19,0xab,0x24,0xff,0x19,0xab,0x24,0xff,
    0x19,0xab,0x24,0xff,0x19,0xab,0x24,0xff,0x19,0xab,0x24,0xff,0x19,0xab,0x24,0xff,
    0x19,0xab,0x24,0xff,0x19,0xab,0x24,0xff,0x19,0xab,0x24,0xff,0x19,0xab,0x24,0xff,
    0x19,0xab,0x24,0xff,0x19,0xab,0x24,0xff,0x19,0xab,0x24,0xff,0x19,0xab,0x24,0xff,
    0x19,0xab,0x24,0xff,0x19,0xab,0x24,0xff,0x19,0xab,0x24,0xff,0x19,0xab,0x24,0xff,
    0x19,0xab,0x24,0xff,0x19,0xab,0x24,0xff,0x1a,0xab,0x25,0xff,0x12,0xa9,0x1d,0xff,
    0x1b,0xaa,0x25,0xfa,0x60,0xc4,0x68,0xc1,0xdd,0xea,0xe4,0x26,0xff,0xff,0xff,0x02,
    0x00,0x00,0x00,0x00,0x00,0x00,0x00,0x00,0x00,0x00,0x00,0x00,0x00,0x00,0x00,0x00,
    0x00,0x00,0x00,0x00,0x00,0x00,0x00,0x00,0x00,0x00,0x00,0x00,0x00,0x00,0x00,0x00,
    0x00,0x00,0x00,0x00,0x00,0x00,0x00,0x00,0x00,0x00,0x00,0x00,0x00,0x00,0x00,0x00,
    0x00,0x00,0x00,0x00,0x00,0x00,0x00,0x00,0x00,0x00,0x00,0x00,0xff,0xff,0xff,0x01,
    0xff,0xff,0xff,0x1e,0x6b,0xc7,0x74,0xab,0x26,0xae,0x2c,0xf5,0x0d,0xa7,0x14,0xff,
    0x1b,0xac,0x26,0xff,0x19,0xab,0x24,0xff,0x19,0xab,0x24,0xff,0x19,0xab,0x24,0xff,
    0x19,0xab,0x24,0xff,0x19,0xab,0x24,0xff,0x19,0xab,0x24,0xff,0x19,0xab,0x24,0xff,
    0x19,0xab,0x24,0xff,0x19,0xab,0x24,0xff,0x19,0xab,0x24,0xff,0x19,0xab,0x24,0xff,
    0x19,0xab,0x24,0xff,0x19,0xab,0x24,0xff,0x19,0xab,0x24,0xff,0x19,0xab,0x24,0xff,
    0x19,0xab,0x24,0xff,0x19,0xab,0x24,0xff,0x19,0xab,0x24,0xff,0x19,0xab,0x24,0xff,
    0x19,0xab,0x24,0xff,0x19,0xab,0x24,0xff,0x19,0xab,0x24,0xff,0x19,0xab,0x24,0xff,
    0x19,0xab,0x24,0xff,0x19,0xab,0x24,0xff,0x19,0xab,0x24,0xff,0x19,0xab,0x24,0xff,
    0x19,0xab,0x24,0xff,0x19,0xab,0x24,0xff,0x19,0xab,0x24,0xff,0x19,0xab,0x24,0xff,
    0x19,0xab,0x24,0xff,0x19,0xab,0x24,0xff,0x19,0xab,0x24,0xff,0x19,0xab,0x24,0xff,
    0x19,0xab,0x24,0xff,0x19,0xab,0x24,0xff,0x19,0xab,0x24,0xff,0x19,0xab,0x24,0xff,
    0x19,0xab,0x24,0xff,0x19,0xab,0x24,0xff,0x19,0xab,0x24,0xff,0x19,0xab,0x24,0xff,
    0x19,0xab,0x24,0xff,0x19,0xab,0x24,0xff,0x19,0xab,0x24,0xff,0x14,0xa9,0x1f,0xff,
    0x0b,0xa4,0x17,0xfc,0x37,0xb5,0x41,0xef,0xa0,0xdd,0xa4,0xed,0xf2,0xf9,0xf2,0xf7,
    0xff,0xff,0xff,0xff,0xff,0xff,0xff,0xff,0xff,0xff,0xff,0xff,0xff,0xff,0xff,0xff,
    0xff,0xff,0xff,0xff,0xff,0xff,0xff,0xff,0xff,0xff,0xff,0xff,0xff,0xff,0xff,0xff,
    0xff,0xff,0xff,0xfe,0xf5,0xfb,0xf6,0xf4,0xa1,0xdc,0xa6,0xeb,0x38,0xb6,0x41,0xf2,
    0x0a,0xa4,0x15,0xfd,0x11,0xa8,0x1d,0xff,0x1a,0xab,0x25,0xff,0x19,0xab,0x24,0xff,
    0x19,0xab,0x24,0xff,0x19,0xab,0x24,0xff,0x19,0xab,0x24,0xff,0x19,0xab,0x24,0xff,
    0x19,0xab,0x24,0xff,0x19,0xab,0x24,0xff,0x19,0xab,0x24,0xff,0x19,0xab,0x24,0xff,
    0x19,0xab,0x24,0xff,0x19,0xab,0x24,0xff,0x19,0xab,0x24,0xff,0x19,0xab,0x24,0xff,
    0x19,0xab,0x24,0xff,0x19,0xab,0x24,0xff,0x19,0xab,0x24,0xff,0x19,0xab,0x24,0xff,
    0x19,0xab,0x24,0xff,0x19,0xab,0x24,0xff,0x19,0xab,0x24,0xff,0x19,0xab,0x24,0xff,
    0x19,0xab,0x24,0xff,0x19,0xab,0x24,0xff,0x19,0xab,0x24,0xff,0x19,0xab,0x24,0xff,
    0x19,0xab,0x24,0xff,0x19,0xab,0x24,0xff,0x19,0xab,0x24,0xff,0x19,0xab,0x24,0xff,
    0x19,0xab,0x24,0xff,0x19,0xab,0x24,0xff,0x19,0xab,0x24,0xff,0x19,0xab,0x24,0xff,
    0x19,0xab,0x24,0xff,0x19,0xab,0x24,0xff,0x19,0xab,0x24,0xff,0x19,0xab,0x24,0xff,
    0x19,0xab,0x24,0xff,0x19,0xab,0x24,0xff,0x19,0xab,0x24,0xff,0x19,0xab,0x24,0xff,
    0x19,0xab,0x24,0xff,0x19,0xab,0x24,0xff,0x19,0xab,0x24,0xff,0x19,0xab,0x24,0xff,
    0x19,0xab,0x24,0xff,0x19,0xab,0x24,0xff,0x19,0xab,0x24,0xff,0x19,0xab,0x24,0xff,
    0x19,0xab,0x24,0xff,0x19,0xab,0x24,0xff,0x19,0xab,0x24,0xff,0x19,0xab,0x24,0xff,
    0x19,0xab,0x24,0xff,0x19,0xab,0x24,0xff,0x19,0xab,0x24,0xff,0x19,0xab,0x24,0xff,
    0x19,0xab,0x24,0xff,0x19,0xab,0x24,0xff,0x19,0xab,0x24,0xff,0x19,0xab,0x24,0xff,
    0x19,0xab,0x24,0xff,0x19,0xab,0x24,0xff,0x19,0xab,0x24,0xff,0x19,0xab,0x24,0xff,
    0x19,0xab,0x24,0xff,0x19,0xab,0x24,0xff,0x1b,0xab,0x26,0xff,0x0e,0xaa,0x1a,0xff,
    0x1b,0xaa,0x26,0xef,0x9e,0xdb,0xa3,0x8e,0xd4,0xd4,0xff,0x06,0x00,0x00,0x00,0x00,
    0x00,0x00,0x00,0x00,0x00,0x00,0x00,0x00,0x00,0x00,0x00,0x00,0x00,0x00,0x00,0x00,
    0x00,0x00,0x00,0x00,0x00,0x00,0x00,0x00,0x00,0x00,0x00,0x00,0x00,0x00,0x00,0x00,
    0x00,0x00,0x00,0x00,0x00,0x00,0x00,0x00,0x00,0x00,0x00,0x00,0x00,0x00,0x00,0x00,
    0x00,0x00,0x00,0x00,0x00,0x00,0x00,0x00,0x00,0x00,0x00,0x00,0x00,0x00,0x00,0x00,
    0x00,0x00,0x00,0x00,0xa5,0xdc,0xab,0x77,0x35,0xb2,0x36,0xe2,0x0a,0xa8,0x0f,0xff,
    0x1a,0xab,0x26,0xff,0x19,0xab,0x24,0xff,0x19,0xab,0x24,0xff,0x19,0xab,0x24,0xff,
    0x19,0xab,0x24,0xff,0x19,0xab,0x24,0xff,0x19,0xab,0x24,0xff,0x19,0xab,0x24,0xff,
    0x19,0xab,0x24,0xff,0x19,0xab,0x24,0xff,0x19,0xab,0x24,0xff,0x19,0xab,0x24,0xff,
    0x19,0xab,0x24,0xff,0x19,0xab,0x24,0xff,0x19,0xab,0x24,0xff,0x19,0xab,0x24,0xff,
    0x19,0xab,0x24,0xff,0x19,0xab,0x24,0xff,0x19,0xab,0x24,0xff,0x19,0xab,0x24,0xff,
    0x19,0xab,0x24,0xff,0x19,0xab,0x24,0xff,0x19,0xab,0x24,0xff,0x19,0xab,0x24,0xff,
    0x19,0xab,0x24,0xff,0x19,0xab,0x24,0xff,0x19,0xab,0x24,0xff,0x19,0xab,0x24,0xff,
    0x19,0xab,0x24,0xff,0x19,0xab,0x24,0xff,0x19,0xab,0x24,0xff,0x19,0xab,0x24,0xff,
    0x19,0xab,0x24,0xff,0x19,0xab,0x24,0xff,0x19,0xab,0x24,0xff,0x19,0xab,0x24,0xff,
    0x19,0xab,0x24,0xff,0x19,0xab,0x24,0xff,0x19,0xab,0x24,0xff,0x19,0xab,0x24,0xff,
    0x19,0xab,0x24,0xff,0x19,0xab,0x24,0xff,0x19,0xab,0x24,0xff,0x19,0xab,0x24,0xff,
    0x19,0xab,0x24,0xff,0x19,0xab,0x24,0xff,0x19,0xab,0x24,0xff,0x1a,0xab,0x25,0xff,
    0x12,0xaa,0x1f,0xff,0x06,0xa3,0x12,0xfc,0x34,0xb5,0x3e,0xee,0x9e,0xdb,0xa3,0xec,
    0xf6,0xfc,0xf7,0xf7,0xff,0xff,0xff,0xfd,0xff,0xff,0xff,0xff,0xff,0xff,0xff,0xff,
    0xff,0xff,0xff,0xff,0xff,0xff,0xff,0xff,0xff,0xff,0xff,0xff,0xff,0xff,0xff,0xfd,
    0xf5,0xfa,0xf5,0xf6,0xa6,0xde,0xab,0xe9,0x33,0xb2,0x3b,0xf1,0x08,0xa4,0x12,0xfc,
    0x11,0xa8,0x1c,0xff,0x1c,0xab,0x27,0xff,0x19,0xab,0x24,0xff,0x19,0xab,0x24,0xff,
    0x19,0xab,0x24,0xff,0x19,0xab,0x24,0xff,0x19,0xab,0x24,0xff,0x19,0xab,0x24,0xff,
    0x19,0xab,0x24,0xff,0x19,0xab,0x24,0xff,0x19,0xab,0x24,0xff,0x19,0xab,0x24,0xff,
    0x19,0xab,0x24,0xff,0x19,0xab,0x24,0xff,0x19,0xab,0x24,0xff,0x19,0xab,0x24,0xff,
    0x19,0xab,0x24,0xff,0x19,0xab,0x24,0xff,0x19,0xab,0x24,0xff,0x19,0xab,0x24,0xff,
    0x19,0xab,0x24,0xff,0x19,0xab,0x24,0xff,0x19,0xab,0x24,0xff,0x19,0xab,0x24,0xff,
    0x19,0xab,0x24,0xff,0x19,0xab,0x24,0xff,0x19,0xab,0x24,0xff,0x19,0xab,0x24,0xff,
    0x19,0xab,0x24,0xff,0x19,0xab,0x24,0xff,0x19,0xab,0x24,0xff,0x19,0xab,0x24,0xff,
    0x19,0xab,0x24,0xff,0x19,0xab,0x24,0xff,0x19,0xab,0x24,0xff,0x19,0xab,0x24,0xff,
    0x19,0xab,0x24,0xff,0x19,0xab,0x24,0xff,0x19,0xab,0x24,0xff,0x19,0xab,0x24,0xff,
    0x19,0xab,0x24,0xff,0x19,0xab,0x24,0xff,0x19,0xab,0x24,0xff,0x19,0xab,0x24,0xff,
    0x19,0xab,0x24,0xff,0x19,0xab,0x24,0xff,0x19,0xab,0x24,0xff,0x19,0xab,0x24,0xff,
    0x19,0xab,0x24,0xff,0x19,0xab,0x24,0xff,0x19,0xab,0x24,0xff,0x19,0xab,0x24,0xff,
    0x19,0xab,0x24,0xff,0x19,0xab,0x24,0xff,0x19,0xab,0x24,0xff,0x19,0xab,0x24,0xff,
    0x19,0xab,0x24,0xff,0x19,0xab,0x24,0xff,0x19,0xab,0x24,0xff,0x19,0xab,0x24,0xff,
    0x19,0xab,0x24,0xff,0x19,0xab,0x24,0xff,0x19,0xab,0x24,0xff,0x19,0xab,0x24,0xff,
    0x19,0xab,0x24,0xff,0x19,0xab,0x24,0xff,0x19,0xab,0x24,0xff,0x19,0xab,0x24,0xff,
    0x19,0xab,0x24,0xff,0x19,0xab,0x24,0xff,0x17,0xaa,0x22,0xff,0x11,0xac,0x1d,0xff,
    0x27,0xaf,0x33,0xe1,0xd9,0xf1,0xde,0x5f,0xff,0xff,0xff,0x01,0x00,0x00,0x00,0x00,
    0x00,0x00,0x00,0x00,0x00,0x00,0x00,0x00,0x00,0x00,0x00,0x00,0x00,0x00,0x00,0x00,
    0x00,0x00,0x00,0x00,0x00,0x00,0x00,0x00,0x00,0x00,0x00,0x00,0x00,0x00,0x00,0x00,
    0x00,0x00,0x00,0x00,0x00,0x00,0x00,0x00,0x00,0x00,0x00,0x00,0x00,0x00,0x00,0x00,
    0x00,0x00,0x00,0x00,0x00,0x00,0x00,0x00,0x00,0x00,0x00,0x00,0x00,0x00,0x00,0x00,
    0x00,0x00,0x00,0x00,0xe9,0xf5,0xec,0x52,0x44,0xba,0x4d,0xcd,0x0f,0xac,0x1a,0xff,
    0x13,0xa9,0x1f,0xff,0x19,0xab,0x24,0xff,0x19,0xab,0x24,0xff,0x19,0xab,0x24,0xff,
    0x19,0xab,0x24,0xff,0x19,0xab,0x24,0xff,0x19,0xab,0x24,0xff,0x19,0xab,0x24,0xff,
    0x19,0xab,0x24,0xff,0x19,0xab,0x24,0xff,0x19,0xab,0x24,0xff,0x19,0xab,0x24,0xff,
    0x19,0xab,0x24,0xff,0x19,0xab,0x24,0xff,0x19,0xab,0x24,0xff,0x19,0xab,0x24,0xff,
    0x19,0xab,0x24,0xff,0x19,0xab,0x24,0xff,0x19,0xab,0x24,0xff,0x19,0xab,0x24,0xff,
    0x19,0xab,0x24,0xff,0x19,0xab,0x24,0xff,0x19,0xab,0x24,0xff,0x19,0xab,0x24,0xff,
    0x19,0xab,0x24,0xff,0x19,0xab,0x24,0xff,0x19,0xab,0x24,0xff,0x19,0xab,0x24,0xff,
    0x19,0xab,0x24,0xff,0x19,0xab,0x24,0xff,0x19,0xab,0x24,0xff,0x19,0xab,0x24,0xff,
    0x19,0xab,0x24,0xff,0x19,0xab,0x24,0xff,0x19,0xab,0x24,0xff,0x19,0xab,0x24,0xff,
    0x19,0xab,0x24,0xff,0x19,0xab,0x24,0xff,0x19,0xab,0x24,0xff,0x19,0xab,0x24,0xff,
    0x19,0xab,0x24,0xff,0x19,0xab,0x24,0xff,0x19,0xab,0x24,0xff,0x19,0xab,0x24,0xff,
    0x19,0xab,0x24,0xff,0x19,0xab,0x24,0xff,0x19,0xab,0x24,0xff,0x19,0xab,0x24,0xff,
    0x1b,0xac,0x26,0xff,0x12,0xaa,0x1d,0xff,0x04,0xa3,0x10,0xfb,0x2d,0xb3,0x37,0xef,
    0x9d,0xda,0xa1,0xe9,0xf8,0xfc,0xf9,0xf4,0xfa,0xfc,0xfa,0xfe,0xfd,0xfd,0xfd,0xfe,
    0xff,0xff,0xff,0xfe,0xfd,0xff,0xfd,0xfe,0xfc,0xfd,0xfd,0xfd,0xf1,0xf9,0xf1,0xf5,
    0xaf,0xe1,0xb2,0xe7,0x29,0xaf,0x30,0xf2,0x08,0xa3,0x10,0xfd,0x13,0xa9,0x1d,0xff,
    0x1b,0xac,0x27,0xff,0x19,0xab,0x24,0xff,0x19,0xab,0x24,0xff,0x19,0xab,0x24,0xff,
    0x19,0xab,0x24,0xff,0x19,0xab,0x24,0xff,0x19,0xab,0x24,0xff,0x19,0xab,0x24,0xff,
    0x19,0xab,0x24,0xff,0x19,0xab,0x24,0xff,0x19,0xab,0x24,0xff,0x19,0xab,0x24,0xff,
    0x19,0xab,0x24,0xff,0x19,0xab,0x24,0xff,0x19,0xab,0x24,0xff,0x19,0xab,0x24,0xff,
    0x19,0xab,0x24,0xff,0x19,0xab,0x24,0xff,0x19,0xab,0x24,0xff,0x19,0xab,0x24,0xff,
    0x19,0xab,0x24,0xff,0x19,0xab,0x24,0xff,0x19,0xab,0x24,0xff,0x19,0xab,0x24,0xff,
    0x19,0xab,0x24,0xff,0x19,0xab,0x24,0xff,0x19,0xab,0x24,0xff,0x19,0xab,0x24,0xff,
    0x19,0xab,0x24,0xff,0x19,0xab,0x24,0xff,0x19,0xab,0x24,0xff,0x19,0xab,0x24,0xff,
    0x19,0xab,0x24,0xff,0x19,0xab,0x24,0xff,0x19,0xab,0x24,0xff,0x19,0xab,0x24,0xff,
    0x19,0xab,0x24,0xff,0x19,0xab,0x24,0xff,0x19,0xab,0x24,0xff,0x19,0xab,0x24,0xff,
    0x19,0xab,0x24,0xff,0x19,0xab,0x24,0xff,0x19,0xab,0x24,0xff,0x19,0xab,0x24,0xff,
    0x19,0xab,0x24,0xff,0x19,0xab,0x24,0xff,0x19,0xab,0x24,0xff,0x19,0xab,0x24,0xff,
    0x19,0xab,0x24,0xff,0x19,0xab,0x24,0xff,0x19,0xab,0x24,0xff,0x19,0xab,0x24,0xff,
    0x19,0xab,0x24,0xff,0x19,0xab,0x24,0xff,0x19,0xab,0x24,0xff,0x19,0xab,0x24,0xff,
    0x19,0xab,0x24,0xff,0x19,0xab,0x24,0xff,0x19,0xab,0x24,0xff,0x19,0xab,0x24,0xff,
    0x19,0xab,0x24,0xff,0x19,0xab,0x24,0xff,0x19,0xab,0x24,0xff,0x19,0xab,0x24,0xff,
    0x19,0xab,0x24,0xff,0x19,0xab,0x24,0xff,0x19,0xab,0x24,0xff,0x19,0xab,0x24,0xff,
    0x19,0xab,0x24,0xff,0x1a,0xab,0x25,0xff,0x0f,0xa8,0x1a,0xff,0x1f,0xae,0x29,0xff,
    0x4f,0xbd,0x57,0xc6,0xff,0xff,0xff,0x2b,0xff,0xff,0xff,0x01,0x00,0x00,0x00,0x00,
    0x00,0x00,0x00,0x00,0x00,0x00,0x00,0x00,0x00,0x00,0x00,0x00,0x00,0x00,0x00,0x00,
    0x00,0x00,0x00,0x00,0x00,0x00,0x00,0x00,0x00,0x00,0x00,0x00,0x00,0x00,0x00,0x00,
    0x00,0x00,0x00,0x00,0x00,0x00,0x00,0x00,0x00,0x00,0x00,0x00,0x00,0x00,0x00,0x00,
    0x00,0x00,0x00,0x00,0x00,0x00,0x00,0x00,0x00,0x00,0x00,0x00,0x00,0x00,0x00,0x00,
    0x00,0x00,0x00,0x00,0xff,0xff,0xff,0x1e,0x6d,0xc8,0x75,0x9e,0x2e,0xb1,0x35,0xf9,
    0x09,0xa5,0x11,0xff,0x1a,0xab,0x25,0xff,0x19,0xab,0x24,0xff,0x19,0xab,0x24,0xff,
    0x19,0xab,0x24,0xff,0x19,0xab,0x24,0xff,0x19,0xab,0x24,0xff,0x19,0xab,0x24,0xff,
    0x19,0xab,0x24,0xff,0x19,0xab,0x24,0xff,0x19,0xab,0x24,0xff,0x19,0xab,0x24,0xff,
    0x19,0xab,0x24,0xff,0x19,0xab,0x24,0xff,0x19,0xab,0x24,0xff,0x19,0xab,0x24,0xff,
    0x19,0xab,0x24,0xff,0x19,0xab,0x24,0xff,0x19,0xab,0x24,0xff,0x19,0xab,0x24,0xff,
    0x19,0xab,0x24,0xff,0x19,0xab,0x24,0xff,0x19,0xab,0x24,0xff,0x19,0xab,0x24,0xff,
    0x19,0xab,0x24,0xff,0x19,0xab,0x24,0xff,0x19,0xab,0x24,0xff,0x19,0xab,0x24,0xff,
    0x19,0xab,0x24,0xff,0x19,0xab,0x24,0xff,0x19,0xab,0x24,0xff,0x19,0xab,0x24,0xff,
    0x19,0xab,0x24,0xff,0x19,0xab,0x24,0xff,0x19,0xab,0x24,0xff,0x19,0xab,0x24,0xff,
    0x19,0xab,0x24,0xff,0x19,0xab,0x24,0xff,0x19,0xab,0x24,0xff,0x19,0xab,0x24,0xff,
    0x19,0xab,0x24,0xff,0x19,0xab,0x24,0xff,0x19,0xab,0x24,0xff,0x19,0xab,0x24,0xff,
    0x19,0xab,0x24,0xff,0x19,0xab,0x24,0xff,0x19,0xab,0x24,0xff,0x19,0xab,0x24,0xff,
    0x19,0xab,0x24,0xff,0x1c,0xac,0x27,0xff,0x11,0xa9,0x1d,0xff,0x0c,0xa6,0x18,0xfb,
    0x29,0xb1,0x33,0xf3,0x74,0xcb,0x7d,0xf2,0xc0,0xe7,0xc4,0xef,0xed,0xf9,0xee,0xed,
    0xfb,0xfe,0xfb,0xee,0xee,0xf9,0xf0,0xee,0xc5,0xea,0xc9,0xee,0x7e,0xd0,0x84,0xf1,
    0x2d,0xb2,0x37,0xf2,0x0c,0xa4,0x12,0xfe,0x16,0xaa,0x1f,0xff,0x1b,0xac,0x27,0xff,
    0x19,0xab,0x24,0xff,0x19,0xab,0x24,0xff,0x19,0xab,0x24,0xff,0x19,0xab,0x24,0xff,
    0x19,0xab,0x24,0xff,0x19,0xab,0x24,0xff,0x19,0xab,0x24,0xff,0x19,0xab,0x24,0xff,
    0x19,0xab,0x24,0xff,0x19,0xab,0x24,0xff,0x19,0xab,0x24,0xff,0x19,0xab,0x24,0xff,
    0x19,0xab,0x24,0xff,0x19,0xab,0x24,0xff,0x19,0xab,0x24,0xff,0x19,0xab,0x24,0xff,
    0x19,0xab,0x24,0xff,0x19,0xab,0x24,0xff,0x19,0xab,0x24,0xff,0x19,0xab,0x24,0xff,
    0x19,0xab,0x24,0xff,0x19,0xab,0x24,0xff,0x19,0xab,0x24,0xff,0x19,0xab,0x24,0xff,
    0x19,0xab,0x24,0xff,0x19,0xab,0x24,0xff,0x19,0xab,0x24,0xff,0x19,0xab,0x24,0xff,
    0x19,0xab,0x24,0xff,0x19,0xab,0x24,0xff,0x19,0xab,0x24,0xff,0x19,0xab,0x24,0xff,
    0x19,0xab,0x24,0xff,0x19,0xab,0x24,0xff,0x19,0xab,0x24,0xff,0x19,0xab,0x24,0xff,
    0x19,0xab,0x24,0xff,0x19,0xab,0x24,0xff,0x19,0xab,0x24,0xff,0x19,0xab,0x24,0xff,
    0x19,0xab,0x24,0xff,0x19,0xab,0x24,0xff,0x19,0xab,0x24,0xff,0x19,0xab,0x24,0xff,
    0x19,0xab,0x24,0xff,0x19,0xab,0x24,0xff,0x19,0xab,0x24,0xff,0x19,0xab,0x24,0xff,
    0x19,0xab,0x24,0xff,0x19,0xab,0x24,0xff,0x19,0xab,0x24,0xff,0x19,0xab,0x24,0xff,
    0x19,0xab,0x24,0xff,0x19,0xab,0x24,0xff,0x19,0xab,0x24,0xff,0x19,0xab,0x24,0xff,
    0x19,0xab,0x24,0xff,0x19,0xab,0x24,0xff,0x19,0xab,0x24,0xff,0x19,0xab,0x24,0xff,
    0x19,0xab,0x24,0xff,0x19,0xab,0x24,0xff,0x19,0xab,0x24,0xff,0x19,0xab,0x24,0xff,
    0x19,0xab,0x24,0xff,0x19,0xab,0x24,0xff,0x19,0xab,0x24,0xff,0x19,0xab,0x24,0xff,
    0x19,0xab,0x24,0xff,0x1b,0xac,0x27,0xff,0x0b,0xa7,0x10,0xff,0x31,0xb2,0x32,0xe8,
    0x91,0xd8,0x97,0x85,0x00,0x00,0x00,0x00,0x00,0x00,0x00,0x00,0x00,0x00,0x00,0x00,
    0x00,0x00,0x00,0x00,0x00,0x00,0x00,0x00,0x00,0x00,0x00,0x00,0x00,0x00,0x00,0x00,
    0x00,0x00,0x00,0x00,0x00,0x00,0x00,0x00,0x00,0x00,0x00,0x00,0x00,0x00,0x00,0x00,
    0x00,0x00,0x00,0x00,0x00,0x00,0x00,0x00,0x00,0x00,0x00,0x00,0x00,0x00,0x00,0x00,
    0x00,0x00,0x00,0x00,0x00,0x00,0x00,0x00,0x00,0x00,0x00,0x00,0x00,0x00,0x00,0x00,
    0x00,0x00,0x00,0x00,0x00,0x00,0x00,0x00,0xa0,0xda,0xa7,0x69,0x4a,0xbb,0x4f,0xde,
    0x05,0xa5,0x0a,0xff,0x19,0xaa,0x24,0xff,0x19,0xab,0x24,0xff,0x19,0xab,0x24,0xff,
    0x19,0xab,0x24,0xff,0x19,0xab,0x24,0xff,0x19,0xab,0x24,0xff,0x19,0xab,0x24,0xff,
    0x19,0xab,0x24,0xff,0x19,0xab,0x24,0xff,0x19,0xab,0x24,0xff,0x19,0xab,0x24,0xff,
    0x19,0xab,0x24,0xff,0x19,0xab,0x24,0xff,0x19,0xab,0x24,0xff,0x19,0xab,0x24,0xff,
    0x19,0xab,0x24,0xff,0x19,0xab,0x24,0xff,0x19,0xab,0x24,0xff,0x19,0xab,0x24,0xff,
    0x19,0xab,0x24,0xff,0x19,0xab,0x24,0xff,0x19,0xab,0x24,0xff,0x19,0xab,0x24,0xff,
    0x19,0xab,0x24,0xff,0x19,0xab,0x24,0xff,0x19,0xab,0x24,0xff,0x19,0xab,0x24,0xff,
    0x19,0xab,0x24,0xff,0x19,0xab,0x24,0xff,0x19,0xab,0x24,0xff,0x19,0xab,0x24,0xff,
    0x19,0xab,0x24,0xff,0x19,0xab,0x24,0xff,0x19,0xab,0x24,0xff,0x19,0xab,0x24,0xff,
    0x19,0xab,0x24,0xff,0x19,0xab,0x24,0xff,0x19,0xab,0x24,0xff,0x19,0xab,0x24,0xff,
    0x19,0xab,0x24,0xff,0x19,0xab,0x24,0xff,0x19,0xab,0x24,0xff,0x19,0xab,0x24,0xff,
    0x19,0xab,0x24,0xff,0x19,0xab,0x24,0xff,0x19,0xab,0x24,0xff,0x19,0xab,0x24,0xff,
    0x19,0xab,0x24,0xff,0x1a,0xab,0x25,0xff,0x1a,0xac,0x25,0xff,0x15,0xaa,0x21,0xff,
    0x10,0xa8,0x1b,0xfd,0x16,0xa8,0x1d,0xfc,0x3e,0xb8,0x47,0xf1,0x65,0xc7,0x6d,0xee,
    0x71,0xca,0x78,0xef,0x66,0xc8,0x6e,0xee,0x42,0xba,0x4d,0xf1,0x14,0xa8,0x20,0xfc,
    0x0c,0xa5,0x17,0xfd,0x16,0xaa,0x22,0xff,0x1a,0xac,0x25,0xff,0x19,0xab,0x25,0xff,
    0x19,0xab,0x24,0xff,0x19,0xab,0x24,0xff,0x19,0xab,0x24,0xff,0x19,0xab,0x24,0xff,
    0x19,0xab,0x24,0xff,0x19,0xab,0x24,0xff,0x19,0xab,0x24,0xff,0x19,0xab,0x24,0xff,
    0x19,0xab,0x24,0xff,0x19,0xab,0x24,0xff,0x19,0xab,0x24,0xff,0x19,0xab,0x24,0xff,
    0x19,0xab,0x24,0xff,0x19,0xab,0x24,0xff,0x19,0xab,0x24,0xff,0x19,0xab,0x24,0xff,
    0x19,0xab,0x24,0xff,0x19,0xab,0x24,0xff,0x19,0xab,0x24,0xff,0x19,0xab,0x24,0xff,
    0x19,0xab,0x24,0xff,0x19,0xab,0x24,0xff,0x19,0xab,0x24,0xff,0x19,0xab,0x24,0xff,
    0x19,0xab,0x24,0xff,0x19,0xab,0x24,0xff,0x19,0xab,0x24,0xff,0x19,0xab,0x24,0xff,
    0x19,0xab,0x24,0xff,0x19,0xab,0x24,0xff,0x19,0xab,0x24,0xff,0x19,0xab,0x24,0xff,
    0x19,0xab,0x24,0xff,0x19,0xab,0x24,0xff,0x19,0xab,0x24,0xff,0x19,0xab,0x24,0xff,
    0x19,0xab,0x24,0xff,0x19,0xab,0x24,0xff,0x19,0xab,0x24,0xff,0x19,0xab,0x24,0xff,
    0x19,0xab,0x24,0xff,0x19,0xab,0x24,0xff,0x19,0xab,0x24,0xff,0x19,0xab,0x24,0xff,
    0x19,0xab,0x24,0xff,0x19,0xab,0x24,0xff,0x19,0xab,0x24,0xff,0x19,0xab,0x24,0xff,
    0x19,0xab,0x24,0xff,0x19,0xab,0x24,0xff,0x19,0xab,0x24,0xff,0x19,0xab,0x24,0xff,
    0x19,0xab,0x24,0xff,0x19,0xab,0x24,0xff,0x19,0xab,0x24,0xff,0x19,0xab,0x24,0xff,
    0x19,0xab,0x24,0xff,0x19,0xab,0x24,0xff,0x19,0xab,0x24,0xff,0x19,0xab,0x24,0xff,
    0x19,0xab,0x24,0xff,0x19,0xab,0x24,0xff,0x19,0xab,0x24,0xff,0x19,0xab,0x24,0xff,
    0x19,0xab,0x24,0xff,0x19,0xab,0x24,0xff,0x19,0xab,0x24,0xff,0x19,0xab,0x24,0xff,
    0x19,0xab,0x24,0xff,0x14,0xa9,0x20,0xff,0x0e,0xac,0x19,0xff,0x41,0xb8,0x49,0xd5,
    0xdd,0xf1,0xdd,0x5c,0x00,0x00,0x00,0x00,0x00,0x00,0x00,0x00,0x00,0x00,0x00,0x00,
    0x00,0x00,0x00,0x00,0x00,0x00,0x00,0x00,0x00,0x00,0x00,0x00,0x00,0x00,0x00,0x00,
    0x00,0x00,0x00,0x00,0x00,0x00,0x00,0x00,0x00,0x00,0x00,0x00,0x00,0x00,0x00,0x00,
    0x00,0x00,0x00,0x00,0x00,0x00,0x00,0x00,0x00,0x00,0x00,0x00,0x00,0x00,0x00,0x00,
    0x00,0x00,0x00,0x00,0x00,0x00,0x00,0x00,0x00,0x00,0x00,0x00,0x00,0x00,0x00,0x00,
    0x00,0x00,0x00,0x00,0x00,0x00,0x00,0x00,0xfa,0xfa,0xfa,0x34,0x62,0xc4,0x69,0xab,
    0x17,0xae,0x21,0xff,0x10,0xa7,0x1b,0xff,0x19,0xab,0x24,0xff,0x19,0xab,0x24,0xff,
    0x19,0xab,0x24,0xff,0x19,0xab,0x24,0xff,0x19,0xab,0x24,0xff,0x19,0xab,0x24,0xff,
    0x19,0xab,0x24,0xff,0x19,0xab,0x24,0xff,0x19,0xab,0x24,0xff,0x19,0xab,0x24,0xff,
    0x19,0xab,0x24,0xff,0x19,0xab,0x24,0xff,0x19,0xab,0x24,0xff,0x19,0xab,0x24,0xff,
    0x19,0xab,0x24,0xff,0x19,0xab,0x24,0xff,0x19,0xab,0x24,0xff,0x19,0xab,0x24,0xff,
    0x19,0xab,0x24,0xff,0x19,0xab,0x24,0xff,0x19,0xab,0x24,0xff,0x19,0xab,0x24,0xff,
    0x19,0xab,0x24,0xff,0x19,0xab,0x24,0xff,0x19,0xab,0x24,0xff,0x19,0xab,0x24,0xff,
    0x19,0xab,0x24,0xff,0x19,0xab,0x24,0xff,0x19,0xab,0x24,0xff,0x19,0xab,0x24,0xff,
    0x19,0xab,0x24,0xff,0x19,0xab,0x24,0xff,0x19,0xab,0x24,0xff,0x19,0xab,0x24,0xff,
    0x19,0xab,0x24,0xff,0x19,0xab,0x24,0xff,0x19,0xab,0x24,0xff,0x19,0xab,0x24,0xff,
    0x19,0xab,0x24,0xff,0x19,0xab,0x24,0xff,0x19,0xab,0x24,0xff,0x19,0xab,0x24,0xff,
    0x19,0xab,0x24,0xff,0x19,0xab,0x24,0xff,0x19,0xab,0x24,0xff,0x19,0xab,0x24,0xff,
    0x19,0xab,0x24,0xff,0x19,0xab,0x24,0xff,0x1a,0xab,0x25,0xff,0x19,0xab,0x25,0xff,
    0x15,0xaa,0x20,0xff,0x10,0xa8,0x1a,0xff,0x0f,0xa7,0x1c,0xfb,0x15,0xa8,0x1d,0xfa,
    0x18,0xa9,0x1f,0xfb,0x15,0xa9,0x1e,0xfa,0x0f,0xa7,0x1c,0xfb,0x0e,0xa7,0x1a,0xff,
    0x14,0xa9,0x1f,0xff,0x1a,0xab,0x25,0xff,0x19,0xab,0x25,0xff,0x19,0xab,0x24,0xff,
    0x19,0xab,0x24,0xff,0x19,0xab,0x24,0xff,0x19,0xab,0x24,0xff,0x19,0xab,0x24,0xff,
    0x19,0xab,0x24,0xff,0x19,0xab,0x24,0xff,0x19,0xab,0x24,0xff,0x19,0xab,0x24,0xff,
    0x19,0xab,0x24,0xff,0x19,0xab,0x24,0xff,0x19,0xab,0x24,0xff,0x19,0xab,0x24,0xff,
    0x19,0xab,0x24,0xff,0x19,0xab,0x24,0xff,0x19,0xab,0x24,0xff,0x19,0xab,0x24,0xff,
    0x19,0xab,0x24,0xff,0x19,0xab,0x24,0xff,0x19,0xab,0x24,0xff,0x19,0xab,0x24,0xff,
    0x19,0xab,0x24,0xff,0x19,0xab,0x24,0xff,0x19,0xab,0x24,0xff,0x19,0xab,0x24,0xff,
    0x19,0xab,0x24,0xff,0x19,0xab,0x24,0xff,0x19,0xab,0x24,0xff,0x19,0xab,0x24,0xff,
    0x19,0xab,0x24,0xff,0x19,0xab,0x24,0xff,0x19,0xab,0x24,0xff,0x19,0xab,0x24,0xff,
    0x19,0xab,0x24,0xff,0x19,0xab,0x24,0xff,0x19,0xab,0x24,0xff,0x19,0xab,0x24,0xff,
    0x19,0xab,0x24,0xff,0x19,0xab,0x24,0xff,0x19,0xab,0x24,0xff,0x19,0xab,0x24,0xff,
    0x19,0xab,0x24,0xff,0x19,0xab,0x24,0xff,0x19,0xab,0x24,0xff,0x19,0xab,0x24,0xff,
    0x19,0xab,0x24,0xff,0x19,0xab,0x24,0xff,0x19,0xab,0x24,0xff,0x19,0xab,0x24,0xff,
    0x19,0xab,0x24,0xff,0x19,0xab,0x24,0xff,0x19,0xab,0x24,0xff,0x19,0xab,0x24,0xff,
    0x19,0xab,0x24,0xff,0x19,0xab,0x24,0xff,0x19,0xab,0x24,0xff,0x19,0xab,0x24,0xff,
    0x19,0xab,0x24,0xff,0x19,0xab,0x24,0xff,0x19,0xab,0x24,0xff,0x19,0xab,0x24,0xff,
    0x19,0xab,0x24,0xff,0x19,0xab,0x24,0xff,0x19,0xab,0x24,0xff,0x19,0xab,0x24,0xff,
    0x19,0xab,0x24,0xff,0x19,0xab,0x24,0xff,0x19,0xab,0x24,0xff,0x19,0xab,0x24,0xff,
    0x1a,0xab,0x25,0xff,0x0a,0xa6,0x13,0xff,0x29,0xb0,0x31,0xfc,0x65,0xc6,0x6d,0xa3,
    0xff,0xff,0xff,0x24,0x00,0x00,0x00,0x00,0x00,0x00,0x00,0x00,0x00,0x00,0x00,0x00,
    0x00,0x00,0x00,0x00,0x00,0x00,0x00,0x00,0x00,0x00,0x00,0x00,0x00,0x00,0x00,0x00,
    0x00,0x00,0x00,0x00,0x00,0x00,0x00,0x00,0x00,0x00,0x00,0x00,0x00,0x00,0x00,0x00,
    0x00,0x00,0x00,0x00,0x00,0x00,0x00,0x00,0x00,0x00,0x00,0x00,0x00,0x00,0x00,0x00,
    0x00,0x00,0x00,0x00,0x00,0x00,0x00,0x00,0x00,0x00,0x00,0x00,0x00,0x00,0x00,0x00,
    0x00,0x00,0x00,0x00,0x00,0x00,0x00,0x00,0xff,0xff,0xff,0x07,0x78,0xce,0x81,0x6e,
    0x3c,0xb7,0x47,0xf3,0x08,0xa4,0x10,0xff,0x19,0xab,0x24,0xff,0x19,0xab,0x24,0xff,
    0x19,0xab,0x24,0xff,0x19,0xab,0x24,0xff,0x19,0xab,0x24,0xff,0x19,0xab,0x24,0xff,
    0x19,0xab,0x24,0xff,0x19,0xab,0x24,0xff,0x19,0xab,0x24,0xff,0x19,0xab,0x24,0xff,
    0x19,0xab,0x24,0xff,0x19,0xab,0x24,0xff,0x19,0xab,0x24,0xff,0x19,0xab,0x24,0xff,
    0x19,0xab,0x24,0xff,0x19,0xab,0x24,0xff,0x19,0xab,0x24,0xff,0x19,0xab,0x24,0xff,
    0x19,0xab,0x24,0xff,0x19,0xab,0x24,0xff,0x19,0xab,0x24,0xff,0x19,0xab,0x24,0xff,
    0x19,0xab,0x24,0xff,0x19,0xab,0x24,0xff,0x19,0xab,0x24,0xff,0x19,0xab,0x24,0xff,
    0x19,0xab,0x24,0xff,0x19,0xab,0x24,0xff,0x19,0xab,0x24,0xff,0x19,0xab,0x24,0xff,
    0x19,0xab,0x24,0xff,0x19,0xab,0x24,0xff,0x19,0xab,0x24,0xff,0x19,0xab,0x24,0xff,
    0x19,0xab,0x24,0xff,0x19,0xab,0x24,0xff,0x19,0xab,0x24,0xff,0x19,0xab,0x24,0xff,
    0x19,0xab,0x24,0xff,0x19,0xab,0x24,0xff,0x19,0xab,0x24,0xff,0x19,0xab,0x24,0xff,
    0x19,0xab,0x24,0xff,0x19,0xab,0x24,0xff,0x19,0xab,0x24,0xff,0x19,0xab,0x24,0xff,
    0x19,0xab,0x24,0xff,0x19,0xab,0x24,0xff,0x19,0xab,0x24,0xff,0x19,0xab,0x24,0xff,
    0x1a,0xab,0x25,0xff,0x19,0xab,0x25,0xff,0x12,0xa9,0x1e,0xff,0x0e,0xa7,0x17,0xff,
    0x0d,0xa6,0x16,0xff,0x0d,0xa7,0x18,0xff,0x11,0xa8,0x1d,0xff,0x19,0xab,0x25,0xff,
    0x1a,0xab,0x25,0xff,0x19,0xab,0x24,0xff,0x19,0xab,0x24,0xff,0x19,0xab,0x24,0xff,
    0x19,0xab,0x24,0xff,0x19,0xab,0x24,0xff,0x19,0xab,0x24,0xff,0x19,0xab,0x24,0xff,
    0x19,0xab,0x24,0xff,0x19,0xab,0x24,0xff,0x19,0xab,0x24,0xff,0x19,0xab,0x24,0xff,
    0x19,0xab,0x24,0xff,0x19,0xab,0x24,0xff,0x19,0xab,0x24,0xff,0x19,0xab,0x24,0xff,
    0x19,0xab,0x24,0xff,0x19,0xab,0x24,0xff,0x19,0xab,0x24,0xff,0x19,0xab,0x24,0xff,
    0x19,0xab,0x24,0xff,0x19,0xab,0x24,0xff,0x19,0xab,0x24,0xff,0x19,0xab,0x24,0xff,
    0x19,0xab,0x24,0xff,0x19,0xab,0x24,0xff,0x19,0xab,0x24,0xff,0x19,0xab,0x24,0xff,
    0x19,0xab,0x24,0xff,0x19,0xab,0x24,0xff,0x19,0xab,0x24,0xff,0x19,0xab,0x24,0xff,
    0x19,0xab,0x24,0xff,0x19,0xab,0x24,0xff,0x19,0xab,0x24,0xff,0x19,0xab,0x24,0xff,
    0x19,0xab,0x24,0xff,0x19,0xab,0x24,0xff,0x19,0xab,0x24,0xff,0x19,0xab,0x24,0xff,
    0x19,0xab,0x24,0xff,0x19,0xab,0x24,0xff,0x19,0xab,0x24,0xff,0x19,0xab,0x24,0xff,
    0x19,0xab,0x24,0xff,0x19,0xab,0x24,0xff,0x19,0xab,0x24,0xff,0x19,0xab,0x24,0xff,
    0x19,0xab,0x24,0xff,0x19,0xab,0x24,0xff,0x19,0xab,0x24,0xff,0x19,0xab,0x24,0xff,
    0x19,0xab,0x24,0xff,0x19,0xab,0x24,0xff,0x19,0xab,0x24,0xff,0x19,0xab,0x24,0xff,
    0x19,0xab,0x24,0xff,0x19,0xab,0x24,0xff,0x19,0xab,0x24,0xff,0x19,0xab,0x24,0xff,
    0x19,0xab,0x24,0xff,0x19,0xab,0x24,0xff,0x19,0xab,0x24,0xff,0x19,0xab,0x24,0xff,
    0x19,0xab,0x24,0xff,0x19,0xab,0x24,0xff,0x19,0xab,0x24,0xff,0x19,0xab,0x24,0xff,
    0x19,0xab,0x24,0xff,0x19,0xab,0x24,0xff,0x19,0xab,0x24,0xff,0x19,0xab,0x24,0xff,
    0x17,0xaa,0x23,0xff,0x07,0xa8,0x11,0xff,0x4a,0xbc,0x50,0xde,0x9f,0xdd,0xa6,0x6b,
    0x00,0x00,0x00,0x00,0x00,0x00,0x00,0x00,0x00,0x00,0x00,0x00,0x00,0x00,0x00,0x00,
    0x00,0x00,0x00,0x00,0x00,0x00,0x00,0x00,0x00,0x00,0x00,0x00,0x00,0x00,0x00,0x00,
    0x00,0x00,0x00,0x00,0x00,0x00,0x00,0x00,0x00,0x00,0x00,0x00,0x00,0x00,0x00,0x00,
    0x00,0x00,0x00,0x00,0x00,0x00,0x00,0x00,0x00,0x00,0x00,0x00,0x00,0x00,0x00,0x00,
    0x00,0x00,0x00,0x00,0x00,0x00,0x00,0x00,0x00,0x00,0x00,0x00,0x00,0x00,0x00,0x00,
    0x00,0x00,0x00,0x00,0x00,0x00,0x00,0x00,0x00,0x00,0x00,0x00,0xa8,0xde,0xac,0x3e,
    0x6c,0xc7,0x72,0xc7,0x0e,0xa7,0x15,0xff,0x15,0xa9,0x1f,0xff,0x18,0xab,0x23,0xff,
    0x19,0xab,0x24,0xff,0x19,0xab,0x24,0xff,0x19,0xab,0x24,0xff,0x19,0xab,0x24,0xff,
    0x19,0xab,0x24,0xff,0x19,0xab,0x24,0xff,0x19,0xab,0x24,0xff,0x19,0xab,0x24,0xff,
    0x19,0xab,0x24,0xff,0x19,0xab,0x24,0xff,0x19,0xab,0x24,0xff,0x19,0xab,0x24,0xff,
    0x19,0xab,0x24,0xff,0x19,0xab,0x24,0xff,0x19,0xab,0x24,0xff,0x19,0xab,0x24,0xff,
    0x19,0xab,0x24,0xff,0x19,0xab,0x24,0xff,0x19,0xab,0x24,0xff,0x19,0xab,0x24,0xff,
    0x19,0xab,0x24,0xff,0x19,0xab,0x24,0xff,0x19,0xab,0x24,0xff,0x19,0xab,0x24,0xff,
    0x19,0xab,0x24,0xff,0x19,0xab,0x24,0xff,0x19,0xab,0x24,0xff,0x19,0xab,0x24,0xff,
    0x19,0xab,0x24,0xff,0x19,0xab,0x24,0xff,0x19,0xab,0x24,0xff,0x19,0xab,0x24,0xff,
    0x19,0xab,0x24,0xff,0x19,0xab,0x24,0xff,0x19,0xab,0x24,0xff,0x19,0xab,0x24,0xff,
    0x19,0xab,0x24,0xff,0x19,0xab,0x24,0xff,0x19,0xab,0x24,0xff,0x19,0xab,0x24,0xff,
    0x19,0xab,0x24,0xff,0x19,0xab,0x24,0xff,0x19,0xab,0x24,0xff,0x19,0xab,0x24,0xff,
    0x19,0xab,0x24,0xff,0x19,0xab,0x24,0xff,0x19,0xab,0x24,0xff,0x19,0xab,0x24,0xff,
    0x19,0xab,0x24,0xff,0x19,0xab,0x24,0xff,0x1a,0xab,0x25,0xff,0x1a,0xac,0x25,0xff,
    0x1a,0xac,0x25,0xff,0x1a,0xac,0x25,0xff,0x1a,0xab,0x25,0xff,0x19,0xab,0x24,0xff,
    0x19,0xab,0x24,0xff,0x19,0xab,0x24,0xff,0x19,0xab,0x24,0xff,0x19,0xab,0x24,0xff,
    0x19,0xab,0x24,0xff,0x19,0xab,0x24,0xff,0x19,0xab,0x24,0xff,0x19,0xab,0x24,0xff,
    0x19,0xab,0x24,0xff,0x19,0xab,0x24,0xff,0x19,0xab,0x24,0xff,0x19,0xab,0x24,0xff,
    0x19,0xab,0x24,0xff,0x19,0xab,0x24,0xff,0x19,0xab,0x24,0xff,0x19,0xab,0x24,0xff,
    0x19,0xab,0x24,0xff,0x19,0xab,0x24,0xff,0x19,0xab,0x24,0xff,0x19,0xab,0x24,0xff,
    0x19,0xab,0x24,0xff,0x19,0xab,0x24,0xff,0x19,0xab,0x24,0xff,0x19,0xab,0x24,0xff,
    0x19,0xab,0x24,0xff,0x19,0xab,0x24,0xff,0x19,0xab,0x24,0xff,0x19,0xab,0x24,0xff,
    0x19,0xab,0x24,0xff,0x19,0xab,0x24,0xff,0x19,0xab,0x24,0xff,0x19,0xab,0x24,0xff,
    0x19,0xab,0x24,0xff,0x19,0xab,0x24,0xff,0x19,0xab,0x24,0xff,0x19,0xab,0x24,0xff,
    0x19,0xab,0x24,0xff,0x19,0xab,0x24,0xff,0x19,0xab,0x24,0xff,0x19,0xab,0x24,0xff,
    0x19,0xab,0x24,0xff,0x19,0xab,0x24,0xff,0x19,0xab,0x24,0xff,0x19,0xab,0x24,0xff,
    0x19,0xab,0x24,0xff,0x19,0xab,0x24,0xff,0x19,0xab,0x24,0xff,0x19,0xab,0x24,0xff,
    0x19,0xab,0x24,0xff,0x19,0xab,0x24,0xff,0x19,0xab,0x24,0xff,0x19,0xab,0x24,0xff,
    0x19,0xab,0x24,0xff,0x19,0xab,0x24,0xff,0x19,0xab,0x24,0xff,0x19,0xab,0x24,0xff,
    0x19,0xab,0x24,0xff,0x19,0xab,0x24,0xff,0x19,0xab,0x24,0xff,0x19,0xab,0x24,0xff,
    0x19,0xab,0x24,0xff,0x19,0xab,0x24,0xff,0x19,0xab,0x24,0xff,0x19,0xab,0x24,0xff,
    0x19,0xab,0x24,0xff,0x19,0xab,0x24,0xff,0x19,0xab,0x24,0xff,0x19,0xab,0x24,0xff,
    0x19,0xab,0x24,0xff,0x19,0xab,0x24,0xff,0x19,0xab,0x24,0xff,0x19,0xab,0x24,0xff,
    0x0f,0xa7,0x1a,0xff,0x19,0xad,0x24,0xff,0x65,0xc6,0x6c,0xab,0xf0,0xf5,0xf5,0x35,
    0x00,0x00,0x00,0x00,0x00,0x00,0x00,0x00,0x00,0x00,0x00,0x00,0x00,0x00,0x00,0x00,
    0x00,0x00,0x00,0x00,0x00,0x00,0x00,0x00,0x00,0x00,0x00,0x00,0x00,0x00,0x00,0x00,
    0x00,0x00,0x00,0x00,0x00,0x00,0x00,0x00,0x00,0x00,0x00,0x00,0x00,0x00,0x00,0x00,
    0x00,0x00,0x00,0x00,0x00,0x00,0x00,0x00,0x00,0x00,0x00,0x00,0x00,0x00,0x00,0x00,
    0x00,0x00,0x00,0x00,0x00,0x00,0x00,0x00,0x00,0x00,0x00,0x00,0x00,0x00,0x00,0x00,
    0x00,0x00,0x00,0x00,0x00,0x00,0x00,0x00,0x00,0x00,0x00,0x00,0xff,0xff,0xff,0x1f,
    0x94,0xd7,0x9a,0x86,0x2b,0xb2,0x36,0xf9,0x0c,0xa6,0x19,0xff,0x17,0xaa,0x22,0xff,
    0x19,0xab,0x24,0xff,0x19,0xab,0x24,0xff,0x19,0xab,0x24,0xff,0x19,0xab,0x24,0xff,
    0x19,0xab,0x24,0xff,0x19,0xab,0x24,0xff,0x19,0xab,0x24,0xff,0x19,0xab,0x24,0xff,
    0x19,0xab,0x24,0xff,0x19,0xab,0x24,0xff,0x19,0xab,0x24,0xff,0x19,0xab,0x24,0xff,
    0x19,0xab,0x24,0xff,0x19,0xab,0x24,0xff,0x19,0xab,0x24,0xff,0x19,0xab,0x24,0xff,
    0x19,0xab,0x24,0xff,0x19,0xab,0x24,0xff,0x19,0xab,0x24,0xff,0x19,0xab,0x24,0xff,
    0x19,0xab,0x24,0xff,0x19,0xab,0x24,0xff,0x19,0xab,0x24,0xff,0x19,0xab,0x24,0xff,
    0x19,0xab,0x24,0xff,0x19,0xab,0x24,0xff,0x19,0xab,0x24,0xff,0x19,0xab,0x24,0xff,
    0x19,0xab,0x24,0xff,0x19,0xab,0x24,0xff,0x19,0xab,0x24,0xff,0x19,0xab,0x24,0xff,
    0x19,0xab,0x24,0xff,0x19,0xab,0x24,0xff,0x19,0xab,0x24,0xff,0x19,0xab,0x24,0xff,
    0x19,0xab,0x24,0xff,0x19,0xab,0x24,0xff,0x19,0xab,0x24,0xff,0x19,0xab,0x24,0xff,
    0x19,0xab,0x24,0xff,0x19,0xab,0x24,0xff,0x19,0xab,0x24,0xff,0x19,0xab,0x24,0xff,
    0x19,0xab,0x24,0xff,0x19,0xab,0x24,0xff,0x19,0xab,0x24,0xff,0x19,0xab,0x24,0xff,
    0x19,0xab,0x24,0xff,0x19,0xab,0x24,0xff,0x19,0xab,0x24,0xff,0x19,0xab,0x24,0xff,
    0x19,0xab,0x24,0xff,0x19,0xab,0x24,0xff,0x19,0xab,0x24,0xff,0x19,0xab,0x24,0xff,
    0x19,0xab,0x24,0xff,0x19,0xab,0x24,0xff,0x19,0xab,0x24,0xff,0x19,0xab,0x24,0xff,
    0x19,0xab,0x24,0xff,0x19,0xab,0x24,0xff,0x19,0xab,0x24,0xff,0x19,0xab,0x24,0xff,
    0x19,0xab,0x24,0xff,0x19,0xab,0x24,0xff,0x19,0xab,0x24,0xff,0x19,0xab,0x24,0xff,
    0x19,0xab,0x24,0xff,0x19,0xab,0x24,0xff,0x19,0xab,0x24,0xff,0x19,0xab,0x24,0xff,
    0x19,0xab,0x24,0xff,0x19,0xab,0x24,0xff,0x19,0xab,0x24,0xff,0x19,0xab,0x24,0xff,
    0x19,0xab,0x24,0xff,0x19,0xab,0x24,0xff,0x19,0xab,0x24,0xff,0x19,0xab,0x24,0xff,
    0x19,0xab,0x24,0xff,0x19,0xab,0x24,0xff,0x19,0xab,0x24,0xff,0x19,0xab,0x24,0xff,
    0x19,0xab,0x24,0xff,0x19,0xab,0x24,0xff,0x19,0xab,0x24,0xff,0x19,0xab,0x24,0xff,
    0x19,0xab,0x24,0xff,0x19,0xab,0x24,0xff,0x19,0xab,0x24,0xff,0x19,0xab,0x24,0xff,
    0x19,0xab,0x24,0xff,0x19,0xab,0x24,0xff,0x19,0xab,0x24,0xff,0x19,0xab,0x24,0xff,
    0x19,0xab,0x24,0xff,0x19,0xab,0x24,0xff,0x19,0xab,0x24,0xff,0x19,0xab,0x24,0xff,
    0x19,0xab,0x24,0xff,0x19,0xab,0x24,0xff,0x19,0xab,0x24,0xff,0x19,0xab,0x24,0xff,
    0x19,0xab,0x24,0xff,0x19,0xab,0x24,0xff,0x19,0xab,0x24,0xff,0x19,0xab,0x24,0xff,
    0x19,0xab,0x24,0xff,0x19,0xab,0x24,0xff,0x19,0xab,0x24,0xff,0x19,0xab,0x24,0xff,
    0x19,0xab,0x24,0xff,0x19,0xab,0x24,0xff,0x19,0xab,0x24,0xff,0x19,0xab,0x24,0xff,
    0x19,0xab,0x24,0xff,0x19,0xab,0x24,0xff,0x19,0xab,0x24,0xff,0x19,0xab,0x24,0xff,
    0x19,0xab,0x24,0xff,0x19,0xab,0x24,0xff,0x19,0xab,0x24,0xff,0x19,0xab,0x24,0xff,
    0x19,0xab,0x24,0xff,0x19,0xab,0x24,0xff,0x19,0xab,0x24,0xff,0x17,0xab,0x23,0xff,
    0x08,0xa4,0x10,0xff,0x43,0xb9,0x4c,0xed,0x85,0xd0,0x8a,0x69,0xff,0xff,0xff,0x07,
    0x00,0x00,0x00,0x00,0x00,0x00,0x00,0x00,0x00,0x00,0x00,0x00,0x00,0x00,0x00,0x00,
    0x00,0x00,0x00,0x00,0x00,0x00,0x00,0x00,0x00,0x00,0x00,0x00,0x00,0x00,0x00,0x00,
    0x00,0x00,0x00,0x00,0x00,0x00,0x00,0x00,0x00,0x00,0x00,0x00,0x00,0x00,0x00,0x00,
    0x00,0x00,0x00,0x00,0x00,0x00,0x00,0x00,0x00,0x00,0x00,0x00,0x00,0x00,0x00,0x00,
    0x00,0x00,0x00,0x00,0x00,0x00,0x00,0x00,0x00,0x00,0x00,0x00,0x00,0x00,0x00,0x00,
    0x00,0x00,0x00,0x00,0x00,0x00,0x00,0x00,0x00,0x00,0x00,0x00,0x00,0x00,0x00,0x00,
    0x9c,0xd9,0xa4,0x3e,0x5c,0xc3,0x65,0xda,0x0c,0xa5,0x18,0xfe,0x15,0xaa,0x20,0xff,
    0x19,0xab,0x24,0xff,0x19,0xab,0x24,0xff,0x19,0xab,0x24,0xff,0x19,0xab,0x24,0xff,
    0x19,0xab,0x24,0xff,0x19,0xab,0x24,0xff,0x19,0xab,0x24,0xff,0x19,0xab,0x24,0xff,
    0x19,0xab,0x24,0xff,0x19,0xab,0x24,0xff,0x19,0xab,0x24,0xff,0x19,0xab,0x24,0xff,
    0x19,0xab,0x24,0xff,0x19,0xab,0x24,0xff,0x19,0xab,0x24,0xff,0x19,0xab,0x24,0xff,
    0x19,0xab,0x24,0xff,0x19,0xab,0x24,0xff,0x19,0xab,0x24,0xff,0x19,0xab,0x24,0xff,
    0x19,0xab,0x24,0xff,0x19,0xab,0x24,0xff,0x19,0xab,0x24,0xff,0x19,0xab,0x24,0xff,
    0x19,0xab,0x24,0xff,0x19,0xab,0x24,0xff,0x19,0xab,0x24,0xff,0x19,0xab,0x24,0xff,
    0x19,0xab,0x24,0xff,0x19,0xab,0x24,0xff,0x19,0xab,0x24,0xff,0x19,0xab,0x24,0xff,
    0x19,0xab,0x24,0xff,0x19,0xab,0x24,0xff,0x19,0xab,0x24,0xff,0x19,0xab,0x24,0xff,
    0x19,0xab,0x24,0xff,0x19,0xab,0x24,0xff,0x19,0xab,0x24,0xff,0x19,0xab,0x24,0xff,
    0x19,0xab,0x24,0xff,0x19,0xab,0x24,0xff,0x19,0xab,0x24,0xff,0x19,0xab,0x24,0xff,
    0x19,0xab,0x24,0xff,0x19,0xab,0x24,0xff,0x19,0xab,0x24,0xff,0x19,0xab,0x24,0xff,
    0x19,0xab,0x24,0xff,0x19,0xab,0x24,0xff,0x19,0xab,0x24,0xff,0x19,0xab,0x24,0xff,
    0x19,0xab,0x24,0xff,0x19,0xab,0x24,0xff,0x19,0xab,0x24,0xff,0x19,0xab,0x24,0xff,
    0x19,0xab,0x24,0xff,0x19,0xab,0x24,0xff,0x19,0xab,0x24,0xff,0x19,0xab,0x24,0xff,
    0x19,0xab,0x24,0xff,0x19,0xab,0x24,0xff,0x19,0xab,0x24,0xff,0x19,0xab,0x24,0xff,
    0x19,0xab,0x24,0xff,0x19,0xab,0x24,0xff,0x19,0xab,0x24,0xff,0x19,0xab,0x24,0xff,
    0x19,0xab,0x24,0xff,0x19,0xab,0x24,0xff,0x19,0xab,0x24,0xff,0x19,0xab,0x24,0xff,
    0x19,0xab,0x24,0xff,0x19,0xab,0x24,0xff,0x19,0xab,0x24,0xff,0x19,0xab,0x24,0xff,
    0x19,0xab,0x24,0xff,0x19,0xab,0x24,0xff,0x19,0xab,0x24,0xff,0x19,0xab,0x24,0xff,
    0x19,0xab,0x24,0xff,0x19,0xab,0x24,0xff,0x19,0xab,0x24,0xff,0x19,0xab,0x24,0xff,
    0x19,0xab,0x24,0xff,0x19,0xab,0x24,0xff,0x19,0xab,0x24,0xff,0x19,0xab,0x24,0xff,
    0x19,0xab,0x24,0xff,0x19,0xab,0x24,0xff,0x19,0xab,0x24,0xff,0x19,0xab,0x24,0xff,
    0x19,0xab,0x24,0xff,0x19,0xab,0x24,0xff,0x19,0xab,0x24,0xff,0x19,0xab,0x24,0xff,
    0x19,0xab,0x24,0xff,0x19,0xab,0x24,0xff,0x19,0xab,0x24,0xff,0x19,0xab,0x24,0xff,
    0x19,0xab,0x24,0xff,0x19,0xab,0x24,0xff,0x19,0xab,0x24,0xff,0x19,0xab,0x24,0xff,
    0x19,0xab,0x24,0xff,0x19,0xab,0x24,0xff,0x19,0xab,0x24,0xff,0x19,0xab,0x24,0xff,
    0x19,0xab,0x24,0xff,0x19,0xab,0x24,0xff,0x19,0xab,0x24,0xff,0x19,0xab,0x24,0xff,
    0x19,0xab,0x24,0xff,0x19,0xab,0x24,0xff,0x19,0xab,0x24,0xff,0x19,0xab,0x24,0xff,
    0x19,0xab,0x24,0xff,0x19,0xab,0x24,0xff,0x19,0xab,0x24,0xff,0x19,0xab,0x24,0xff,
    0x19,0xab,0x24,0xff,0x19,0xab,0x24,0xff,0x19,0xab,0x24,0xff,0x19,0xab,0x24,0xff,
    0x19,0xab,0x24,0xff,0x19,0xab,0x24,0xff,0x18,0xab,0x23,0xff,0x13,0xa9,0x1f,0xff,
    0x0c,0xa9,0x19,0xff,0x75,0xca,0x7b,0xba,0xbf,0xe8,0xc3,0x38,0x00,0x00,0x00,0x00,
    0x00,0x00,0x00,0x00,0x00,0x00,0x00,0x00,0x00,0x00,0x00,0x00,0x00,0x00,0x00,0x00,
    0x00,0x00,0x00,0x00,0x00,0x00,0x00,0x00,0x00,0x00,0x00,0x00,0x00,0x00,0x00,0x00,
    0x00,0x00,0x00,0x00,0x00,0x00,0x00,0x00,0x00,0x00,0x00,0x00,0x00,0x00,0x00,0x00,
    0x00,0x00,0x00,0x00,0x00,0x00,0x00,0x00,0x00,0x00,0x00,0x00,0x00,0x00,0x00,0x00,
    0x00,0x00,0x00,0x00,0x00,0x00,0x00,0x00,0x00,0x00,0x00,0x00,0x00,0x00,0x00,0x00,
    0x00,0x00,0x00,0x00,0x00,0x00,0x00,0x00,0x00,0x00,0x00,0x00,0x00,0x00,0x00,0x00,
    0xe4,0xf6,0xe4,0x1d,0xa0,0xda,0xa5,0x8c,0x22,0xad,0x2c,0xfe,0x11,0xa9,0x1c,0xff,
    0x16,0xa9,0x20,0xff,0x1a,0xab,0x25,0xff,0x19,0xab,0x24,0xff,0x19,0xab,0x24,0xff,
    0x19,0xab,0x24,0xff,0x19,0xab,0x24,0xff,0x19,0xab,0x24,0xff,0x19,0xab,0x24,0xff,
    0x19,0xab,0x24,0xff,0x19,0xab,0x24,0xff,0x19,0xab,0x24,0xff,0x19,0xab,0x24,0xff,
    0x19,0xab,0x24,0xff,0x19,0xab,0x24,0xff,0x19,0xab,0x24,0xff,0x19,0xab,0x24,0xff,
    0x19,0xab,0x24,0xff,0x19,0xab,0x24,0xff,0x19,0xab,0x24,0xff,0x19,0xab,0x24,0xff,
    0x19,0xab,0x24,0xff,0x19,0xab,0x24,0xff,0x19,0xab,0x24,0xff,0x19,0xab,0x24,0xff,
    0x19,0xab,0x24,0xff,0x19,0xab,0x24,0xff,0x19,0xab,0x24,0xff,0x19,0xab,0x24,0xff,
    0x19,0xab,0x24,0xff,0x19,0xab,0x24,0xff,0x19,0xab,0x24,0xff,0x19,0xab,0x24,0xff,
    0x19,0xab,0x24,0xff,0x19,0xab,0x24,0xff,0x19,0xab,0x24,0xff,0x19,0xab,0x24,0xff,
    0x19,0xab,0x24,0xff,0x19,0xab,0x24,0xff,0x19,0xab,0x24,0xff,0x19,0xab,0x24,0xff,
    0x19,0xab,0x24,0xff,0x19,0xab,0x24,0xff,0x19,0xab,0x24,0xff,0x19,0xab,0x24,0xff,
    0x19,0xab,0x24,0xff,0x19,0xab,0x24,0xff,0x19,0xab,0x24,0xff,0x19,0xab,0x24,0xff,
    0x19,0xab,0x24,0xff,0x19,0xab,0x24,0xff,0x19,0xab,0x24,0xff,0x19,0xab,0x24,0xff,
    0x19,0xab,0x24,0xff,0x19,0xab,0x24,0xff,0x19,0xab,0x24,0xff,0x19,0xab,0x24,0xff,
    0x19,0xab,0x24,0xff,0x19,0xab,0x24,0xff,0x19,0xab,0x24,0xff,0x19,0xab,0x24,0xff,
    0x19,0xab,0x24,0xff,0x19,0xab,0x24,0xff,0x19,0xab,0x24,0xff,0x19,0xab,0x24,0xff,
    0x19,0xab,0x24,0xff,0x19,0xab,0x24,0xff,0x19,0xab,0x24,0xff,0x19,0xab,0x24,0xff,
    0x19,0xab,0x24,0xff,0x19,0xab,0x24,0xff,0x19,0xab,0x24,0xff,0x19,0xab,0x24,0xff,
    0x19,0xab,0x24,0xff,0x19,0xab,0x24,0xff,0x19,0xab,0x24,0xff,0x19,0xab,0x24,0xff,
    0x19,0xab,0x24,0xff,0x19,0xab,0x24,0xff,0x19,0xab,0x24,0xff,0x19,0xab,0x24,0xff,
    0x19,0xab,0x24,0xff,0x19,0xab,0x24,0xff,0x19,0xab,0x24,0xff,0x19,0xab,0x24,0xff,
    0x19,0xab,0x24,0xff,0x19,0xab,0x24,0xff,0x19,0xab,0x24,0xff,0x19,0xab,0x24,0xff,
    0x19,0xab,0x24,0xff,0x19,0xab,0x24,0xff,0x19,0xab,0x24,0xff,0x19,0xab,0x24,0xff,
    0x19,0xab,0x24,0xff,0x19,0xab,0x24,0xff,0x19,0xab,0x24,0xff,0x19,0xab,0x24,0xff,
    0x19,0xab,0x24,0xff,0x19,0xab,0x24,0xff,0x19,0xab,0x24,0xff,0x19,0xab,0x24,0xff,
    0x19,0xab,0x24,0xff,0x19,0xab,0x24,0xff,0x19,0xab,0x24,0xff,0x19,0xab,0x24,0xff,
    0x19,0xab,0x24,0xff,0x19,0xab,0x24,0xff,0x19,0xab,0x24,0xff,0x19,0xab,0x24,0xff,
    0x19,0xab,0x24,0xff,0x19,0xab,0x24,0xff,0x19,0xab,0x24,0xff,0x19,0xab,0x24,0xff,
    0x19,0xab,0x24,0xff,0x19,0xab,0x24,0xff,0x19,0xab,0x24,0xff,0x19,0xab,0x24,0xff,
    0x19,0xab,0x24,0xff,0x19,0xab,0x24,0xff,0x19,0xab,0x24,0xff,0x19,0xab,0x24,0xff,
    0x19,0xab,0x24,0xff,0x19,0xab,0x24,0xff,0x19,0xab,0x24,0xff,0x19,0xab,0x24,0xff,
    0x19,0xab,0x24,0xff,0x1a,0xab,0x25,0xff,0x16,0xaa,0x21,0xff,0x0b,0xa4,0x15,0xff,
    0x38,0xb5,0x42,0xfa,0x8c,0xd3,0x91,0x64,0xff,0xff,0xff,0x0d,0x00,0x00,0x00,0x00,
    0x00,0x00,0x00,0x00,0x00,0x00,0x00,0x00,0x00,0x00,0x00,0x00,0x00,0x00,0x00,0x00,
    0x00,0x00,0x00,0x00,0x00,0x00,0x00,0x00,0x00,0x00,0x00,0x00,0x00,0x00,0x00,0x00,
    0x00,0x00,0x00,0x00,0x00,0x00,0x00,0x00,0x00,0x00,0x00,0x00,0x00,0x00,0x00,0x00,
    0x00,0x00,0x00,0x00,0x00,0x00,0x00,0x00,0x00,0x00,0x00,0x00,0x00,0x00,0x00,0x00,
    0x00,0x00,0x00,0x00,0x00,0x00,0x00,0x00,0x00,0x00,0x00,0x00,0x00,0x00,0x00,0x00,
    0x00,0x00,0x00,0x00,0x00,0x00,0x00,0x00,0x00,0x00,0x00,0x00,0x00,0x00,0x00,0x00,
    0xff,0xff,0xff,0x06,0xc1,0xea,0xc5,0x3e,0x54,0xc0,0x5d,0xdf,0x16,0xa9,0x22,0xfe,
    0x12,0xa9,0x1d,0xff,0x1a,0xab,0x24,0xff,0x19,0xab,0x24,0xff,0x19,0xab,0x24,0xff,
    0x19,0xab,0x24,0xff,0x19,0xab,0x24,0xff,0x19,0xab,0x24,0xff,0x19,0xab,0x24,0xff,
    0x19,0xab,0x24,0xff,0x19,0xab,0x24,0xff,0x19,0xab,0x24,0xff,0x19,0xab,0x24,0xff,
    0x19,0xab,0x24,0xff,0x19,0xab,0x24,0xff,0x19,0xab,0x24,0xff,0x19,0xab,0x24,0xff,
    0x19,0xab,0x24,0xff,0x19,0xab,0x24,0xff,0x19,0xab,0x24,0xff,0x19,0xab,0x24,0xff,
    0x19,0xab,0x24,0xff,0x19,0xab,0x24,0xff,0x19,0xab,0x24,0xff,0x19,0xab,0x24,0xff,
    0x19,0xab,0x24,0xff,0x19,0xab,0x24,0xff,0x19,0xab,0x24,0xff,0x19,0xab,0x24,0xff,
    0x19,0xab,0x24,0xff,0x19,0xab,0x24,0xff,0x19,0xab,0x24,0xff,0x19,0xab,0x24,0xff,
    0x19,0xab,0x24,0xff,0x19,0xab,0x24,0xff,0x19,0xab,0x24,0xff,0x19,0xab,0x24,0xff,
    0x19,0xab,0x24,0xff,0x19,0xab,0x24,0xff,0x19,0xab,0x24,0xff,0x19,0xab,0x24,0xff,
    0x19,0xab,0x24,0xff,0x19,0xab,0x24,0xff,0x19,0xab,0x24,0xff,0x19,0xab,0x24,0xff,
    0x19,0xab,0x24,0xff,0x19,0xab,0x24,0xff,0x19,0xab,0x24,0xff,0x19,0xab,0x24,0xff,
    0x19,0xab,0x24,0xff,0x19,0xab,0x24,0xff,0x19,0xab,0x24,0xff,0x19,0xab,0x24,0xff,
    0x19,0xab,0x24,0xff,0x19,0xab,0x24,0xff,0x19,0xab,0x24,0xff,0x19,0xab,0x24,0xff,
    0x19,0xab,0x24,0xff,0x19,0xab,0x24,0xff,0x19,0xab,0x24,0xff,0x19,0xab,0x24,0xff,
    0x19,0xab,0x24,0xff,0x19,0xab,0x24,0xff,0x19,0xab,0x24,0xff,0x19,0xab,0x24,0xff,
    0x19,0xab,0x24,0xff,0x19,0xab,0x24,0xff,0x19,0xab,0x24,0xff,0x19,0xab,0x24,0xff,
    0x19,0xab,0x24,0xff,0x19,0xab,0x24,0xff,0x19,0xab,0x24,0xff,0x19,0xab,0x24,0xff,
    0x19,0xab,0x24,0xff,0x19,0xab,0x24,0xff,0x19,0xab,0x24,0xff,0x19,0xab,0x24,0xff,
    0x19,0xab,0x24,0xff,0x19,0xab,0x24,0xff,0x19,0xab,0x24,0xff,0x19,0xab,0x24,0xff,
    0x19,0xab,0x24,0xff,0x19,0xab,0x24,0xff,0x19,0xab,0x24,0xff,0x19,0xab,0x24,0xff,
    0x19,0xab,0x24,0xff,0x19,0xab,0x24,0xff,0x19,0xab,0x24,0xff,0x19,0xab,0x24,0xff,
    0x19,0xab,0x24,0xff,0x19,0xab,0x24,0xff,0x19,0xab,0x24,0xff,0x19,0xab,0x24,0xff,
    0x19,0xab,0x24,0xff,0x19,0xab,0x24,0xff,0x19,0xab,0x24,0xff,0x19,0xab,0x24,0xff,
    0x19,0xab,0x24,0xff,0x19,0xab,0x24,0xff,0x19,0xab,0x24,0xff,0x19,0xab,0x24,0xff,
    0x19,0xab,0x24,0xff,0x19,0xab,0x24,0xff,0x19,0xab,0x24,0xff,0x19,0xab,0x24,0xff,
    0x19,0xab,0x24,0xff,0x19,0xab,0x24,0xff,0x19,0xab,0x24,0xff,0x19,0xab,0x24,0xff,
    0x19,0xab,0x24,0xff,0x19,0xab,0x24,0xff,0x19,0xab,0x24,0xff,0x19,0xab,0x24,0xff,
    0x19,0xab,0x24,0xff,0x19,0xab,0x24,0xff,0x19,0xab,0x24,0xff,0x19,0xab,0x24,0xff,
    0x19,0xab,0x24,0xff,0x19,0xab,0x24,0xff,0x19,0xab,0x24,0xff,0x19,0xab,0x24,0xff,
    0x19,0xab,0x24,0xff,0x19,0xab,0x24,0xff,0x19,0xab,0x24,0xff,0x19,0xab,0x24,0xff,
    0x19,0xab,0x24,0xff,0x18,0xaa,0x23,0xff,0x12,0xaa,0x1f,0xff,0x0f,0xa8,0x1a,0xff,
    0x78,0xcb,0x7d,0xc1,0xad,0xe2,0xad,0x2c,0x00,0x00,0x00,0x00,0x00,0x00,0x00,0x00,
    0x00,0x00,0x00,0x00,0x00,0x00,0x00,0x00,0x00,0x00,0x00,0x00,0x00,0x00,0x00,0x00,
    0x00,0x00,0x00,0x00,0x00,0x00,0x00,0x00,0x00,0x00,0x00,0x00,0x00,0x00,0x00,0x00,
    0x00,0x00,0x00,0x00,0x00,0x00,0x00,0x00,0x00,0x00,0x00,0x00,0x00,0x00,0x00,0x00,
    0x00,0x00,0x00,0x00,0x00,0x00,0x00,0x00,0x00,0x00,0x00,0x00,0x00,0x00,0x00,0x00,
    0x00,0x00,0x00,0x00,0x00,0x00,0x00,0x00,0x00,0x00,0x00,0x00,0x00,0x00,0x00,0x00,
    0x00,0x00,0x00,0x00,0x00,0x00,0x00,0x00,0x00,0x00,0x00,0x00,0x00,0x00,0x00,0x00,
    0x00,0x00,0x00,0x00,0xdd,0xf3,0xdd,0x17,0x9b,0xda,0xa2,0x8a,0x23,0xae,0x2f,0xf4,
    0x11,0xac,0x1d,0xff,0x16,0xaa,0x21,0xff,0x1a,0xab,0x25,0xff,0x19,0xab,0x24,0xff,
    0x19,0xab,0x24,0xff,0x19,0xab,0x24,0xff,0x19,0xab,0x24,0xff,0x19,0xab,0x24,0xff,
    0x19,0xab,0x24,0xff,0x19,0xab,0x24,0xff,0x19,0xab,0x24,0xff,0x19,0xab,0x24,0xff,
    0x19,0xab,0x24,0xff,0x19,0xab,0x24,0xff,0x19,0xab,0x24,0xff,0x19,0xab,0x24,0xff,
    0x19,0xab,0x24,0xff,0x19,0xab,0x24,0xff,0x19,0xab,0x24,0xff,0x19,0xab,0x24,0xff,
    0x19,0xab,0x24,0xff,0x19,0xab,0x24,0xff,0x19,0xab,0x24,0xff,0x19,0xab,0x24,0xff,
    0x19,0xab,0x24,0xff,0x19,0xab,0x24,0xff,0x19,0xab,0x24,0xff,0x19,0xab,0x24,0xff,
    0x19,0xab,0x24,0xff,0x19,0xab,0x24,0xff,0x19,0xab,0x24,0xff,0x19,0xab,0x24,0xff,
    0x19,0xab,0x24,0xff,0x19,0xab,0x24,0xff,0x19,0xab,0x24,0xff,0x19,0xab,0x24,0xff,
    0x19,0xab,0x24,0xff,0x19,0xab,0x24,0xff,0x19,0xab,0x24,0xff,0x19,0xab,0x24,0xff,
    0x19,0xab,0x24,0xff,0x19,0xab,0x24,0xff,0x19,0xab,0x24,0xff,0x19,0xab,0x24,0xff,
    0x19,0xab,0x24,0xff,0x19,0xab,0x24,0xff,0x19,0xab,0x24,0xff,0x19,0xab,0x24,0xff,
    0x19,0xab,0x24,0xff,0x19,0xab,0x24,0xff,0x19,0xab,0x24,0xff,0x19,0xab,0x24,0xff,
    0x19,0xab,0x24,0xff,0x19,0xab,0x24,0xff,0x19,0xab,0x24,0xff,0x19,0xab,0x24,0xff,
    0x19,0xab,0x24,0xff,0x19,0xab,0x24,0xff,0x19,0xab,0x24,0xff,0x19,0xab,0x24,0xff,
    0x19,0xab,0x24,0xff,0x19,0xab,0x24,0xff,0x19,0xab,0x24,0xff,0x19,0xab,0x24,0xff,
    0x19,0xab,0x24,0xff,0x19,0xab,0x24,0xff,0x19,0xab,0x24,0xff,0x19,0xab,0x24,0xff,
    0x19,0xab,0x24,0xff,0x19,0xab,0x24,0xff,0x19,0xab,0x24,0xff,0x19,0xab,0x24,0xff,
    0x19,0xab,0x24,0xff,0x19,0xab,0x24,0xff,0x19,0xab,0x24,0xff,0x19,0xab,0x24,0xff,
    0x19,0xab,0x24,0xff,0x19,0xab,0x24,0xff,0x19,0xab,0x24,0xff,0x19,0xab,0x24,0xff,
    0x19,0xab,0x24,0xff,0x19,0xab,0x24,0xff,0x19,0xab,0x24,0xff,0x19,0xab,0x24,0xff,
    0x19,0xab,0x24,0xff,0x19,0xab,0x24,0xff,0x19,0xab,0x24,0xff,0x19,0xab,0x24,0xff,
    0x19,0xab,0x24,0xff,0x19,0xab,0x24,0xff,0x19,0xab,0x24,0xff,0x19,0xab,0x24,0xff,
    0x19,0xab,0x24,0xff,0x19,0xab,0x24,0xff,0x19,0xab,0x24,0xff,0x19,0xab,0x24,0xff,
    0x19,0xab,0x24,0xff,0x19,0xab,0x24,0xff,0x19,0xab,0x24,0xff,0x19,0xab,0x24,0xff,
    0x19,0xab,0x24,0xff,0x19,0xab,0x24,0xff,0x19,0xab,0x24,0xff,0x19,0xab,0x24,0xff,
    0x19,0xab,0x24,0xff,0x19,0xab,0x24,0xff,0x19,0xab,0x24,0xff,0x19,0xab,0x24,0xff,
    0x19,0xab,0x24,0xff,0x19,0xab,0x24,0xff,0x19,0xab,0x24,0xff,0x19,0xab,0x24,0xff,
    0x19,0xab,0x24,0xff,0x19,0xab,0x24,0xff,0x19,0xab,0x24,0xff,0x19,0xab,0x24,0xff,
    0x19,0xab,0x24,0xff,0x19,0xab,0x24,0xff,0x19,0xab,0x24,0xff,0x19,0xab,0x24,0xff,
    0x19,0xab,0x24,0xff,0x19,0xab,0x24,0xff,0x19,0xab,0x24,0xff,0x19,0xab,0x24,0xff,
    0x19,0xab,0x24,0xff,0x13,0xa9,0x1f,0xff,0x11,0xaa,0x1e,0xff,0x33,0xb5,0x3e,0xf3,
    0xa8,0xdd,0xad,0x64,0xff,0xff,0xff,0x0c,0x00,0x00,0x00,0x00,0x00,0x00,0x00,0x00,
    0x00,0x00,0x00,0x00,0x00,0x00,0x00,0x00,0x00,0x00,0x00,0x00,0x00,0x00,0x00,0x00,
    0x00,0x00,0x00,0x00,0x00,0x00,0x00,0x00,0x00,0x00,0x00,0x00,0x00,0x00,0x00,0x00,
    0x00,0x00,0x00,0x00,0x00,0x00,0x00,0x00,0x00,0x00,0x00,0x00,0x00,0x00,0x00,0x00,
    0x00,0x00,0x00,0x00,0x00,0x00,0x00,0x00,0x00,0x00,0x00,0x00,0x00,0x00,0x00,0x00,
    0x00,0x00,0x00,0x00,0x00,0x00,0x00,0x00,0x00,0x00,0x00,0x00,0x00,0x00,0x00,0x00,
    0x00,0x00,0x00,0x00,0x00,0x00,0x00,0x00,0x00,0x00,0x00,0x00,0x00,0x00,0x00,0x00,
    0x00,0x00,0x00,0x00,0xff,0xdf,0xff,0x08,0xff,0xff,0xff,0x37,0x4c,0xbd,0x55,0xd2,
    0x1c,0xae,0x28,0xff,0x11,0xa9,0x1d,0xff,0x1a,0xab,0x25,0xff,0x19,0xab,0x24,0xff,
    0x19,0xab,0x24,0xff,0x19,0xab,0x24,0xff,0x19,0xab,0x24,0xff,0x19,0xab,0x24,0xff,
    0x19,0xab,0x24,0xff,0x19,0xab,0x24,0xff,0x19,0xab,0x24,0xff,0x19,0xab,0x24,0xff,
    0x19,0xab,0x24,0xff,0x19,0xab,0x24,0xff,0x19,0xab,0x24,0xff,0x19,0xab,0x24,0xff,
    0x19,0xab,0x24,0xff,0x19,0xab,0x24,0xff,0x19,0xab,0x24,0xff,0x19,0xab,0x24,0xff,
    0x19,0xab,0x24,0xff,0x19,0xab,0x24,0xff,0x19,0xab,0x24,0xff,0x19,0xab,0x24,0xff,
    0x19,0xab,0x24,0xff,0x19,0xab,0x24,0xff,0x19,0xab,0x24,0xff,0x19,0xab,0x24,0xff,
    0x19,0xab,0x24,0xff,0x19,0xab,0x24,0xff,0x19,0xab,0x24,0xff,0x19,0xab,0x24,0xff,
    0x19,0xab,0x24,0xff,0x19,0xab,0x24,0xff,0x19,0xab,0x24,0xff,0x19,0xab,0x24,0xff,
    0x19,0xab,0x24,0xff,0x19,0xab,0x24,0xff,0x19,0xab,0x24,0xff,0x19,0xab,0x24,0xff,
    0x19,0xab,0x24,0xff,0x19,0xab,0x24,0xff,0x19,0xab,0x24,0xff,0x19,0xab,0x24,0xff,
    0x19,0xab,0x24,0xff,0x19,0xab,0x24,0xff,0x19,0xab,0x24,0xff,0x19,0xab,0x24,0xff,
    0x19,0xab,0x24,0xff,0x19,0xab,0x24,0xff,0x19,0xab,0x24,0xff,0x19,0xab,0x24,0xff,
    0x19,0xab,0x24,0xff,0x19,0xab,0x24,0xff,0x19,0xab,0x24,0xff,0x19,0xab,0x24,0xff,
    0x19,0xab,0x24,0xff,0x19,0xab,0x24,0xff,0x19,0xab,0x24,0xff,0x19,0xab,0x24,0xff,
    0x19,0xab,0x24,0xff,0x19,0xab,0x24,0xff,0x19,0xab,0x24,0xff,0x19,0xab,0x24,0xff,
    0x19,0xab,0x24,0xff,0x19,0xab,0x24,0xff,0x19,0xab,0x24,0xff,0x19,0xab,0x24,0xff,
    0x19,0xab,0x24,0xff,0x19,0xab,0x24,0xff,0x19,0xab,0x24,0xff,0x19,0xab,0x24,0xff,
    0x19,0xab,0x24,0xff,0x19,0xab,0x24,0xff,0x19,0xab,0x24,0xff,0x19,0xab,0x24,0xff,
    0x19,0xab,0x24,0xff,0x19,0xab,0x24,0xff,0x19,0xab,0x24,0xff,0x19,0xab,0x24,0xff,
    0x19,0xab,0x24,0xff,0x19,0xab,0x24,0xff,0x19,0xab,0x24,0xff,0x19,0xab,0x24,0xff,
    0x19,0xab,0x24,0xff,0x19,0xab,0x24,0xff,0x19,0xab,0x24,0xff,0x19,0xab,0x24,0xff,
    0x19,0xab,0x24,0xff,0x19,0xab,0x24,0xff,0x19,0xab,0x24,0xff,0x19,0xab,0x24,0xff,
    0x19,0xab,0x24,0xff,0x19,0xab,0x24,0xff,0x19,0xab,0x24,0xff,0x19,0xab,0x24,0xff,
    0x19,0xab,0x24,0xff,0x19,0xab,0x24,0xff,0x19,0xab,0x24,0xff,0x19,0xab,0x24,0xff,
    0x19,0xab,0x24,0xff,0x19,0xab,0x24,0xff,0x19,0xab,0x24,0xff,0x19,0xab,0x24,0xff,
    0x19,0xab,0x24,0xff,0x19,0xab,0x24,0xff,0x19,0xab,0x24,0xff,0x19,0xab,0x24,0xff,
    0x19,0xab,0x24,0xff,0x19,0xab,0x24,0xff,0x19,0xab,0x24,0xff,0x19,0xab,0x24,0xff,
    0x19,0xab,0x24,0xff,0x19,0xab,0x24,0xff,0x19,0xab,0x24,0xff,0x19,0xab,0x24,0xff,
    0x19,0xab,0x24,0xff,0x19,0xab,0x24,0xff,0x19,0xab,0x24,0xff,0x19,0xab,0x24,0xff,
    0x19,0xab,0x24,0xff,0x19,0xab,0x24,0xff,0x19,0xab,0x24,0xff,0x19,0xab,0x24,0xff,
    0x18,0xab,0x23,0xff,0x10,0xaa,0x1d,0xff,0x1a,0xac,0x25,0xfa,0x71,0xcc,0x7a,0xbb,
    0xd1,0xf5,0xda,0x1c,0x00,0x00,0x00,0x00,0x00,0x00,0x00,0x00,0x00,0x00,0x00,0x00,
    0x00,0x00,0x00,0x00,0x00,0x00,0x00,0x00,0x00,0x00,0x00,0x00,0x00,0x00,0x00,0x00,
    0x00,0x00,0x00,0x00,0x00,0x00,0x00,0x00,0x00,0x00,0x00,0x00,0x00,0x00,0x00,0x00,
    0x00,0x00,0x00,0x00,0x00,0x00,0x00,0x00,0x00,0x00,0x00,0x00,0x00,0x00,0x00,0x00,
    0x00,0x00,0x00,0x00,0x00,0x00,0x00,0x00,0x00,0x00,0x00,0x00,0x00,0x00,0x00,0x00,
    0x00,0x00,0x00,0x00,0x00,0x00,0x00,0x00,0x00,0x00,0x00,0x00,0x00,0x00,0x00,0x00,
    0x00,0x00,0x00,0x00,0x00,0x00,0x00,0x00,0x00,0x00,0x00,0x00,0x00,0x00,0x00,0x00,
    0x00,0x00,0x00,0x00,0x00,0x00,0x00,0x00,0xff,0xff,0xff,0x10,0x97,0xd8,0x9e,0x8a,
    0x36,0xb5,0x40,0xe8,0x15,0xac,0x22,0xff,0x17,0xaa,0x23,0xff,0x19,0xab,0x24,0xff,
    0x19,0xab,0x24,0xff,0x19,0xab,0x24,0xff,0x19,0xab,0x24,0xff,0x19,0xab,0x24,0xff,
    0x19,0xab,0x24,0xff,0x19,0xab,0x24,0xff,0x19,0xab,0x24,0xff,0x19,0xab,0x24,0xff,
    0x19,0xab,0x24,0xff,0x19,0xab,0x24,0xff,0x19,0xab,0x24,0xff,0x19,0xab,0x24,0xff,
    0x19,0xab,0x24,0xff,0x19,0xab,0x24,0xff,0x19,0xab,0x24,0xff,0x19,0xab,0x24,0xff,
    0x19,0xab,0x24,0xff,0x19,0xab,0x24,0xff,0x19,0xab,0x24,0xff,0x19,0xab,0x24,0xff,
    0x19,0xab,0x24,0xff,0x19,0xab,0x24,0xff,0x19,0xab,0x24,0xff,0x19,0xab,0x24,0xff,
    0x19,0xab,0x24,0xff,0x19,0xab,0x24,0xff,0x19,0xab,0x24,0xff,0x19,0xab,0x24,0xff,
    0x19,0xab,0x24,0xff,0x19,0xab,0x24,0xff,0x19,0xab,0x24,0xff,0x19,0xab,0x24,0xff,
    0x19,0xab,0x24,0xff,0x19,0xab,0x24,0xff,0x19,0xab,0x24,0xff,0x19,0xab,0x24,0xff,
    0x19,0xab,0x24,0xff,0x19,0xab,0x24,0xff,0x19,0xab,0x24,0xff,0x19,0xab,0x24,0xff,
    0x19,0xab,0x24,0xff,0x19,0xab,0x24,0xff,0x19,0xab,0x24,0xff,0x19,0xab,0x24,0xff,
    0x19,0xab,0x24,0xff,0x19,0xab,0x24,0xff,0x19,0xab,0x24,0xff,0x19,0xab,0x24,0xff,
    0x19,0xab,0x24,0xff,0x19,0xab,0x24,0xff,0x19,0xab,0x24,0xff,0x19,0xab,0x24,0xff,
    0x19,0xab,0x24,0xff,0x19,0xab,0x24,0xff,0x19,0xab,0x24,0xff,0x19,0xab,0x24,0xff,
    0x19,0xab,0x24,0xff,0x19,0xab,0x24,0xff,0x19,0xab,0x24,0xff,0x19,0xab,0x24,0xff,
    0x19,0xab,0x24,0xff,0x19,0xab,0x24,0xff,0x19,0xab,0x24,0xff,0x19,0xab,0x24,0xff,
    0x19,0xab,0x24,0xff,0x19,0xab,0x24,0xff,0x19,0xab,0x24,0xff,0x19,0xab,0x24,0xff,
    0x19,0xab,0x24,0xff,0x19,0xab,0x24,0xff,0x19,0xab,0x24,0xff,0x19,0xab,0x24,0xff,
    0x19,0xab,0x24,0xff,0x19,0xab,0x24,0xff,0x19,0xab,0x24,0xff,0x19,0xab,0x24,0xff,
    0x19,0xab,0x24,0xff,0x19,0xab,0x24,0xff,0x19,0xab,0x24,0xff,0x19,0xab,0x24,0xff,
    0x19,0xab,0x24,0xff,0x19,0xab,0x24,0xff,0x19,0xab,0x24,0xff,0x19,0xab,0x24,0xff,
    0x19,0xab,0x24,0xff,0x19,0xab,0x24,0xff,0x19,0xab,0x24,0xff,0x19,0xab,0x24,0xff,
    0x19,0xab,0x24,0xff,0x19,0xab,0x24,0xff,0x19,0xab,0x24,0xff,0x19,0xab,0x24,0xff,
    0x19,0xab,0x24,0xff,0x19,0xab,0x24,0xff,0x19,0xab,0x24,0xff,0x19,0xab,0x24,0xff,
    0x19,0xab,0x24,0xff,0x19,0xab,0x24,0xff,0x19,0xab,0x24,0xff,0x19,0xab,0x24,0xff,
    0x19,0xab,0x24,0xff,0x19,0xab,0x24,0xff,0x19,0xab,0x24,0xff,0x19,0xab,0x24,0xff,
    0x19,0xab,0x24,0xff,0x19,0xab,0x24,0xff,0x19,0xab,0x24,0xff,0x19,0xab,0x24,0xff,
    0x19,0xab,0x24,0xff,0x19,0xab,0x24,0xff,0x19,0xab,0x24,0xff,0x19,0xab,0x24,0xff,
    0x19,0xab,0x24,0xff,0x19,0xab,0x24,0xff,0x19,0xab,0x24,0xff,0x19,0xab,0x24,0xff,
    0x19,0xab,0x24,0xff,0x19,0xab,0x24,0xff,0x19,0xab,0x24,0xff,0x19,0xab,0x24,0xff,
    0x14,0xaa,0x20,0xff,0x17,0xac,0x24,0xff,0x38,0xb6,0x42,0xe2,0xcf,0xef,0xd1,0x60,
    0xff,0xff,0xff,0x04,0x00,0x00,0x00,0x00,0x00,0x00,0x00,0x00,0x00,0x00,0x00,0x00,
    0x00,0x00,0x00,0x00,0x00,0x00,0x00,0x00,0x00,0x00,0x00,0x00,0x00,0x00,0x00,0x00,
    0x00,0x00,0x00,0x00,0x00,0x00,0x00,0x00,0x00,0x00,0x00,0x00,0x00,0x00,0x00,0x00,
    0x00,0x00,0x00,0x00,0x00,0x00,0x00,0x00,0x00,0x00,0x00,0x00,0x00,0x00,0x00,0x00,
    0x00,0x00,0x00,0x00,0x00,0x00,0x00,0x00,0x00,0x00,0x00,0x00,0x00,0x00,0x00,0x00,
    0x00,0x00,0x00,0x00,0x00,0x00,0x00,0x00,0x00,0x00,0x00,0x00,0x00,0x00,0x00,0x00,
    0x00,0x00,0x00,0x00,0x00,0x00,0x00,0x00,0x00,0x00,0x00,0x00,0x00,0x00,0x00,0x00,
    0x00,0x00,0x00,0x00,0x00,0x00,0x00,0x00,0xff,0xff,0xff,0x06,0xff,0xff,0xff,0x29,
    0x5e,0xc4,0x65,0xb2,0x28,0xb1,0x34,0xff,0x13,0xa9,0x1f,0xff,0x19,0xab,0x24,0xff,
    0x19,0xab,0x24,0xff,0x19,0xab,0x24,0xff,0x19,0xab,0x24,0xff,0x19,0xab,0x24,0xff,
    0x19,0xab,0x24,0xff,0x19,0xab,0x24,0xff,0x19,0xab,0x24,0xff,0x19,0xab,0x24,0xff,
    0x19,0xab,0x24,0xff,0x19,0xab,0x24,0xff,0x19,0xab,0x24,0xff,0x19,0xab,0x24,0xff,
    0x19,0xab,0x24,0xff,0x19,0xab,0x24,0xff,0x19,0xab,0x24,0xff,0x19,0xab,0x24,0xff,
    0x19,0xab,0x24,0xff,0x19,0xab,0x24,0xff,0x19,0xab,0x24,0xff,0x19,0xab,0x24,0xff,
    0x19,0xab,0x24,0xff,0x19,0xab,0x24,0xff,0x19,0xab,0x24,0xff,0x19,0xab,0x24,0xff,
    0x19,0xab,0x24,0xff,0x19,0xab,0x24,0xff,0x19,0xab,0x24,0xff,0x19,0xab,0x24,0xff,
    0x19,0xab,0x24,0xff,0x19,0xab,0x24,0xff,0x19,0xab,0x24,0xff,0x19,0xab,0x24,0xff,
    0x19,0xab,0x24,0xff,0x19,0xab,0x24,0xff,0x19,0xab,0x24,0xff,0x19,0xab,0x24,0xff,
    0x19,0xab,0x24,0xff,0x19,0xab,0x24,0xff,0x19,0xab,0x24,0xff,0x19,0xab,0x24,0xff,
    0x19,0xab,0x24,0xff,0x19,0xab,0x24,0xff,0x19,0xab,0x24,0xff,0x19,0xab,0x24,0xff,
    0x19,0xab,0x24,0xff,0x19,0xab,0x24,0xff,0x19,0xab,0x24,0xff,0x19,0xab,0x24,0xff,
    0x19,0xab,0x24,0xff,0x19,0xab,0x24,0xff,0x19,0xab,0x24,0xff,0x19,0xab,0x24,0xff,
    0x19,0xab,0x24,0xff,0x19,0xab,0x24,0xff,0x19,0xab,0x24,0xff,0x19,0xab,0x24,0xff,
    0x19,0xab,0x24,0xff,0x19,0xab,0x24,0xff,0x19,0xab,0x24,0xff,0x19,0xab,0x24,0xff,
    0x19,0xab,0x24,0xff,0x19,0xab,0x24,0xff,0x19,0xab,0x24,0xff,0x19,0xab,0x24,0xff,
    0x19,0xab,0x24,0xff,0x19,0xab,0x24,0xff,0x19,0xab,0x24,0xff,0x19,0xab,0x24,0xff,
    0x19,0xab,0x24,0xff,0x19,0xab,0x24,0xff,0x19,0xab,0x24,0xff,0x19,0xab,0x24,0xff,
    0x19,0xab,0x24,0xff,0x19,0xab,0x24,0xff,0x19,0xab,0x24,0xff,0x19,0xab,0x24,0xff,
    0x19,0xab,0x24,0xff,0x19,0xab,0x24,0xff,0x19,0xab,0x24,0xff,0x19,0xab,0x24,0xff,
    0x19,0xab,0x24,0xff,0x19,0xab,0x24,0xff,0x19,0xab,0x24,0xff,0x19,0xab,0x24,0xff,
    0x19,0xab,0x24,0xff,0x19,0xab,0x24,0xff,0x19,0xab,0x24,0xff,0x19,0xab,0x24,0xff,
    0x19,0xab,0x24,0xff,0x19,0xab,0x24,0xff,0x19,0xab,0x24,0xff,0x19,0xab,0x24,0xff,
    0x19,0xab,0x24,0xff,0x19,0xab,0x24,0xff,0x19,0xab,0x24,0xff,0x19,0xab,0x24,0xff,
    0x19,0xab,0x24,0xff,0x19,0xab,0x24,0xff,0x19,0xab,0x24,0xff,0x19,0xab,0x24,0xff,
    0x19,0xab,0x24,0xff,0x19,0xab,0x24,0xff,0x19,0xab,0x24,0xff,0x19,0xab,0x24,0xff,
    0x19,0xab,0x24,0xff,0x19,0xab,0x24,0xff,0x19,0xab,0x24,0xff,0x19,0xab,0x24,0xff,
    0x19,0xab,0x24,0xff,0x19,0xab,0x24,0xff,0x19,0xab,0x24,0xff,0x19,0xab,0x24,0xff,
    0x19,0xab,0x24,0xff,0x19,0xab,0x24,0xff,0x19,0xab,0x24,0xff,0x19,0xab,0x24,0xff,
    0x19,0xab,0x24,0xff,0x19,0xab,0x24,0xff,0x19,0xab,0x24,0xff,0x19,0xaa,0x24,0xff,
    0x12,0xab,0x1e,0xff,0x2e,0xb2,0x38,0xf3,0x7b,0xcf,0x81,0xa7,0xff,0xff,0xff,0x1a,
    0xff,0xff,0xff,0x02,0x00,0x00,0x00,0x00,0x00,0x00,0x00,0x00,0x00,0x00,0x00,0x00,
    0x00,0x00,0x00,0x00,0x00,0x00,0x00,0x00,0x00,0x00,0x00,0x00,0x00,0x00,0x00,0x00,
    0x00,0x00,0x00,0x00,0x00,0x00,0x00,0x00,0x00,0x00,0x00,0x00,0x00,0x00,0x00,0x00,
    0x00,0x00,0x00,0x00,0x00,0x00,0x00,0x00,0x00,0x00,0x00,0x00,0x00,0x00,0x00,0x00,
    0x00,0x00,0x00,0x00,0x00,0x00,0x00,0x00,0x00,0x00,0x00,0x00,0x00,0x00,0x00,0x00,
    0x00,0x00,0x00,0x00,0x00,0x00,0x00,0x00,0x00,0x00,0x00,0x00,0x00,0x00,0x00,0x00,
    0x00,0x00,0x00,0x00,0x00,0x00,0x00,0x00,0x00,0x00,0x00,0x00,0x00,0x00,0x00,0x00,
    0x00,0x00,0x00,0x00,0x00,0x00,0x00,0x00,0x00,0x00,0x00,0x00,0x00,0x00,0x00,0x00,
    0xb7,0xe6,0xb7,0x5d,0x4b,0xbc,0x54,0xd4,0x14,0xae,0x20,0xff,0x18,0xaa,0x23,0xff,
    0x19,0xab,0x24,0xff,0x19,0xab,0x24,0xff,0x19,0xab,0x24,0xff,0x19,0xab,0x24,0xff,
    0x19,0xab,0x24,0xff,0x19,0xab,0x24,0xff,0x19,0xab,0x24,0xff,0x19,0xab,0x24,0xff,
    0x19,0xab,0x24,0xff,0x19,0xab,0x24,0xff,0x19,0xab,0x24,0xff,0x19,0xab,0x24,0xff,
    0x19,0xab,0x24,0xff,0x19,0xab,0x24,0xff,0x19,0xab,0x24,0xff,0x19,0xab,0x24,0xff,
    0x19,0xab,0x24,0xff,0x19,0xab,0x24,0xff,0x19,0xab,0x24,0xff,0x19,0xab,0x24,0xff,
    0x19,0xab,0x24,0xff,0x19,0xab,0x24,0xff,0x19,0xab,0x24,0xff,0x19,0xab,0x24,0xff,
    0x19,0xab,0x24,0xff,0x19,0xab,0x24,0xff,0x19,0xab,0x24,0xff,0x19,0xab,0x24,0xff,
    0x19,0xab,0x24,0xff,0x19,0xab,0x24,0xff,0x19,0xab,0x24,0xff,0x19,0xab,0x24,0xff,
    0x19,0xab,0x24,0xff,0x19,0xab,0x24,0xff,0x19,0xab,0x24,0xff,0x19,0xab,0x24,0xff,
    0x19,0xab,0x24,0xff,0x19,0xab,0x24,0xff,0x19,0xab,0x24,0xff,0x19,0xab,0x24,0xff,
    0x19,0xab,0x24,0xff,0x19,0xab,0x24,0xff,0x19,0xab,0x24,0xff,0x19,0xab,0x24,0xff,
    0x19,0xab,0x24,0xff,0x19,0xab,0x24,0xff,0x19,0xab,0x24,0xff,0x19,0xab,0x24,0xff,
    0x19,0xab,0x24,0xff,0x19,0xab,0x24,0xff,0x19,0xab,0x24,0xff,0x19,0xab,0x24,0xff,
    0x19,0xab,0x24,0xff,0x19,0xab,0x24,0xff,0x19,0xab,0x24,0xff,0x19,0xab,0x24,0xff,
    0x19,0xab,0x24,0xff,0x19,0xab,0x24,0xff,0x19,0xab,0x24,0xff,0x19,0xab,0x24,0xff,
    0x19,0xab,0x24,0xff,0x19,0xab,0x24,0xff,0x19,0xab,0x24,0xff,0x19,0xab,0x24,0xff,
    0x19,0xab,0x24,0xff,0x19,0xab,0x24,0xff,0x19,0xab,0x24,0xff,0x19,0xab,0x24,0xff,
    0x19,0xab,0x24,0xff,0x19,0xab,0x24,0xff,0x19,0xab,0x24,0xff,0x19,0xab,0x24,0xff,
    0x19,0xab,0x24,0xff,0x19,0xab,0x24,0xff,0x19,0xab,0x24,0xff,0x19,0xab,0x24,0xff,
    0x19,0xab,0x24,0xff,0x19,0xab,0x24,0xff,0x19,0xab,0x24,0xff,0x19,0xab,0x24,0xff,
    0x19,0xab,0x24,0xff,0x19,0xab,0x24,0xff,0x19,0xab,0x24,0xff,0x19,0xab,0x24,0xff,
    0x19,0xab,0x24,0xff,0x19,0xab,0x24,0xff,0x19,0xab,0x24,0xff,0x19,0xab,0x24,0xff,
    0x19,0xab,0x24,0xff,0x19,0xab,0x24,0xff,0x19,0xab,0x24,0xff,0x19,0xab,0x24,0xff,
    0x19,0xab,0x24,0xff,0x19,0xab,0x24,0xff,0x19,0xab,0x24,0xff,0x19,0xab,0x24,0xff,
    0x19,0xab,0x24,0xff,0x19,0xab,0x24,0xff,0x19,0xab,0x24,0xff,0x19,0xab,0x24,0xff,
    0x19,0xab,0x24,0xff,0x19,0xab,0x24,0xff,0x19,0xab,0x24,0xff,0x19,0xab,0x24,0xff,
    0x19,0xab,0x24,0xff,0x19,0xab,0x24,0xff,0x19,0xab,0x24,0xff,0x19,0xab,0x24,0xff,
    0x19,0xab,0x24,0xff,0x19,0xab,0x24,0xff,0x19,0xab,0x24,0xff,0x19,0xab,0x24,0xff,
    0x19,0xab,0x24,0xff,0x19,0xab,0x24,0xff,0x19,0xab,0x24,0xff,0x19,0xab,0x24,0xff,
    0x19,0xab,0x24,0xff,0x19,0xab,0x24,0xff,0x19,0xab,0x24,0xff,0x15,0xaa,0x20,0xff,
    0x1d,0xb4,0x29,0xff,0x45,0xba,0x4e,0xd1,0xed,0xf4,0xed,0x48,0xff,0xff,0xff,0x01,
    0x00,0x00,0x00,0x00,0x00,0x00,0x00,0x00,0x00,0x00,0x00,0x00,0x00,0x00,0x00,0x00,
    0x00,0x00,0x00,0x00,0x00,0x00,0x00,0x00,0x00,0x00,0x00,0x00,0x00,0x00,0x00,0x00,
    0x00,0x00,0x00,0x00,0x00,0x00,0x00,0x00,0x00,0x00,0x00,0x00,0x00,0x00,0x00,0x00,
    0x00,0x00,0x00,0x00,0x00,0x00,0x00,0x00,0x00,0x00,0x00,0x00,0x00,0x00,0x00,0x00,
    0x00,0x00,0x00,0x00,0x00,0x00,0x00,0x00,0x00,0x00,0x00,0x00,0x00,0x00,0x00,0x00,
    0x00,0x00,0x00,0x00,0x00,0x00,0x00,0x00,0x00,0x00,0x00,0x00,0x00,0x00,0x00,0x00,
    0x00,0x00,0x00,0x00,0x00,0x00,0x00,0x00,0x00,0x00,0x00,0x00,0x00,0x00,0x00,0x00,
    0x00,0x00,0x00,0x00,0x00,0x00,0x00,0x00,0x00,0x00,0x00,0x00,0x00,0x00,0x00,0x00,
    0xff,0xff,0xff,0x23,0x81,0xd0,0x88,0x90,0x3a,0xb7,0x44,0xef,0x10,0xa8,0x1c,0xff,
    0x19,0xab,0x25,0xff,0x19,0xab,0x24,0xff,0x19,0xab,0x24,0xff,0x19,0xab,0x24,0xff,
    0x19,0xab,0x24,0xff,0x19,0xab,0x24,0xff,0x19,0xab,0x24,0xff,0x19,0xab,0x24,0xff,
    0x19,0xab,0x24,0xff,0x19,0xab,0x24,0xff,0x19,0xab,0x24,0xff,0x19,0xab,0x24,0xff,
    0x19,0xab,0x24,0xff,0x19,0xab,0x24,0xff,0x19,0xab,0x24,0xff,0x19,0xab,0x24,0xff,
    0x19,0xab,0x24,0xff,0x19,0xab,0x24,0xff,0x19,0xab,0x24,0xff,0x19,0xab,0x24,0xff,
    0x19,0xab,0x24,0xff,0x19,0xab,0x24,0xff,0x19,0xab,0x24,0xff,0x19,0xab,0x24,0xff,
    0x19,0xab,0x24,0xff,0x19,0xab,0x24,0xff,0x19,0xab,0x24,0xff,0x19,0xab,0x24,0xff,
    0x19,0xab,0x24,0xff,0x19,0xab,0x24,0xff,0x19,0xab,0x24,0xff,0x19,0xab,0x24,0xff,
    0x19,0xab,0x24,0xff,0x19,0xab,0x24,0xff,0x19,0xab,0x24,0xff,0x19,0xab,0x24,0xff,
    0x19,0xab,0x24,0xff,0x19,0xab,0x24,0xff,0x19,0xab,0x24,0xff,0x19,0xab,0x24,0xff,
    0x19,0xab,0x24,0xff,0x19,0xab,0x24,0xff,0x19,0xab,0x24,0xff,0x19,0xab,0x24,0xff,
    0x19,0xab,0x24,0xff,0x19,0xab,0x24,0xff,0x19,0xab,0x24,0xff,0x19,0xab,0x24,0xff,
    0x19,0xab,0x24,0xff,0x19,0xab,0x24,0xff,0x19,0xab,0x24,0xff,0x19,0xab,0x24,0xff,
    0x19,0xab,0x24,0xff,0x19,0xab,0x24,0xff,0x19,0xab,0x24,0xff,0x19,0xab,0x24,0xff,
    0x19,0xab,0x24,0xff,0x19,0xab,0x24,0xff,0x19,0xab,0x24,0xff,0x19,0xab,0x24,0xff,
    0x19,0xab,0x24,0xff,0x19,0xab,0x24,0xff,0x19,0xab,0x24,0xff,0x19,0xab,0x24,0xff,
    0x19,0xab,0x24,0xff,0x19,0xab,0x24,0xff,0x19,0xab,0x24,0xff,0x19,0xab,0x24,0xff,
    0x19,0xab,0x24,0xff,0x19,0xab,0x24,0xff,0x19,0xab,0x24,0xff,0x19,0xab,0x24,0xff,
    0x19,0xab,0x24,0xff,0x19,0xab,0x24,0xff,0x19,0xab,0x24,0xff,0x19,0xab,0x24,0xff,
    0x19,0xab,0x24,0xff,0x19,0xab,0x24,0xff,0x19,0xab,0x24,0xff,0x19,0xab,0x24,0xff,
    0x19,0xab,0x24,0xff,0x19,0xab,0x24,0xff,0x19,0xab,0x24,0xff,0x19,0xab,0x24,0xff,
    0x19,0xab,0x24,0xff,0x19,0xab,0x24,0xff,0x19,0xab,0x24,0xff,0x19,0xab,0x24,0xff,
    0x19,0xab,0x24,0xff,0x19,0xab,0x24,0xff,0x19,0xab,0x24,0xff,0x19,0xab,0x24,0xff,
    0x19,0xab,0x24,0xff,0x19,0xab,0x24,0xff,0x19,0xab,0x24,0xff,0x19,0xab,0x24,0xff,
    0x19,0xab,0x24,0xff,0x19,0xab,0x24,0xff,0x19,0xab,0x24,0xff,0x19,0xab,0x24,0xff,
    0x19,0xab,0x24,0xff,0x19,0xab,0x24,0xff,0x19,0xab,0x24,0xff,0x19,0xab,0x24,0xff,
    0x19,0xab,0x24,0xff,0x19,0xab,0x24,0xff,0x19,0xab,0x24,0xff,0x19,0xab,0x24,0xff,
    0x19,0xab,0x24,0xff,0x19,0xab,0x24,0xff,0x19,0xab,0x24,0xff,0x19,0xab,0x24,0xff,
    0x19,0xab,0x24,0xff,0x19,0xab,0x24,0xff,0x19,0xab,0x24,0xff,0x19,0xab,0x24,0xff,
    0x19,0xab,0x24,0xff,0x19,0xab,0x24,0xff,0x19,0xab,0x25,0xff,0x13,0xae,0x1f,0xff,
    0x41,0xb9,0x4a,0xe6,0x97,0xd7,0x9b,0x88,0xff,0xff,0xff,0x1c,0x00,0x00,0x00,0x00,
    0x00,0x00,0x00,0x00,0x00,0x00,0x00,0x00,0x00,0x00,0x00,0x00,0x00,0x00,0x00,0x00,
    0x00,0x00,0x00,0x00,0x00,0x00,0x00,0x00,0x00,0x00,0x00,0x00,0x00,0x00,0x00,0x00,
    0x00,0x00,0x00,0x00,0x00,0x00,0x00,0x00,0x00,0x00,0x00,0x00,0x00,0x00,0x00,0x00,
    0x00,0x00,0x00,0x00,0x00,0x00,0x00,0x00,0x00,0x00,0x00,0x00,0x00,0x00,0x00,0x00,
    0x00,0x00,0x00,0x00,0x00,0x00,0x00,0x00,0x00,0x00,0x00,0x00,0x00,0x00,0x00,0x00,
    0x00,0x00,0x00,0x00,0x00,0x00,0x00,0x00,0x00,0x00,0x00,0x00,0x00,0x00,0x00,0x00,
    0x00,0x00,0x00,0x00,0x00,0x00,0x00,0x00,0x00,0x00,0x00,0x00,0x00,0x00,0x00,0x00,
    0x00,0x00,0x00,0x00,0x00,0x00,0x00,0x00,0x00,0x00,0x00,0x00,0x00,0x00,0x00,0x00,
    0xff,0xff,0xff,0x01,0xd0,0xeb,0xd4,0x42,0x67,0xc7,0x70,0xb3,0x1c,0xb3,0x29,0xff,
    0x13,0xa9,0x1f,0xff,0x19,0xab,0x24,0xff,0x19,0xab,0x24,0xff,0x19,0xab,0x24,0xff,
    0x19,0xab,0x24,0xff,0x19,0xab,0x24,0xff,0x19,0xab,0x24,0xff,0x19,0xab,0x24,0xff,
    0x19,0xab,0x24,0xff,0x19,0xab,0x24,0xff,0x19,0xab,0x24,0xff,0x19,0xab,0x24,0xff,
    0x19,0xab,0x24,0xff,0x19,0xab,0x24,0xff,0x19,0xab,0x24,0xff,0x19,0xab,0x24,0xff,
    0x19,0xab,0x24,0xff,0x19,0xab,0x24,0xff,0x19,0xab,0x24,0xff,0x19,0xab,0x24,0xff,
    0x19,0xab,0x24,0xff,0x19,0xab,0x24,0xff,0x19,0xab,0x24,0xff,0x19,0xab,0x24,0xff,
    0x19,0xab,0x24,0xff,0x19,0xab,0x24,0xff,0x19,0xab,0x24,0xff,0x19,0xab,0x24,0xff,
    0x19,0xab,0x24,0xff,0x19,0xab,0x24,0xff,0x19,0xab,0x24,0xff,0x19,0xab,0x24,0xff,
    0x19,0xab,0x24,0xff,0x19,0xab,0x24,0xff,0x19,0xab,0x24,0xff,0x19,0xab,0x24,0xff,
    0x19,0xab,0x24,0xff,0x19,0xab,0x24,0xff,0x19,0xab,0x24,0xff,0x19,0xab,0x24,0xff,
    0x19,0xab,0x24,0xff,0x19,0xab,0x24,0xff,0x19,0xab,0x24,0xff,0x19,0xab,0x24,0xff,
    0x19,0xab,0x24,0xff,0x19,0xab,0x24,0xff,0x19,0xab,0x24,0xff,0x19,0xab,0x24,0xff,
    0x19,0xab,0x24,0xff,0x19,0xab,0x24,0xff,0x19,0xab,0x24,0xff,0x19,0xab,0x24,0xff,
    0x19,0xab,0x24,0xff,0x19,0xab,0x24,0xff,0x19,0xab,0x24,0xff,0x19,0xab,0x24,0xff,
    0x19,0xab,0x24,0xff,0x19,0xab,0x24,0xff,0x19,0xab,0x24,0xff,0x19,0xab,0x24,0xff,
    0x19,0xab,0x24,0xff,0x19,0xab,0x24,0xff,0x19,0xab,0x24,0xff,0x19,0xab,0x24,0xff,
    0x19,0xab,0x24,0xff,0x19,0xab,0x24,0xff,0x19,0xab,0x24,0xff,0x19,0xab,0x24,0xff,
    0x19,0xab,0x24,0xff,0x19,0xab,0x24,0xff,0x19,0xab,0x24,0xff,0x19,0xab,0x24,0xff,
    0x19,0xab,0x24,0xff,0x19,0xab,0x24,0xff,0x19,0xab,0x24,0xff,0x19,0xab,0x24,0xff,
    0x19,0xab,0x24,0xff,0x19,0xab,0x24,0xff,0x19,0xab,0x24,0xff,0x19,0xab,0x24,0xff,
    0x19,0xab,0x24,0xff,0x19,0xab,0x24,0xff,0x19,0xab,0x24,0xff,0x19,0xab,0x24,0xff,
    0x19,0xab,0x24,0xff,0x19,0xab,0x24,0xff,0x19,0xab,0x24,0xff,0x19,0xab,0x24,0xff,
    0x19,0xab,0x24,0xff,0x19,0xab,0x24,0xff,0x19,0xab,0x24,0xff,0x19,0xab,0x24,0xff,
    0x19,0xab,0x24,0xff,0x19,0xab,0x24,0xff,0x19,0xab,0x24,0xff,0x19,0xab,0x24,0xff,
    0x19,0xab,0x24,0xff,0x19,0xab,0x24,0xff,0x19,0xab,0x24,0xff,0x19,0xab,0x24,0xff,
    0x19,0xab,0x24,0xff,0x19,0xab,0x24,0xff,0x19,0xab,0x24,0xff,0x19,0xab,0x24,0xff,
    0x19,0xab,0x24,0xff,0x19,0xab,0x24,0xff,0x19,0xab,0x24,0xff,0x19,0xab,0x24,0xff,
    0x19,0xab,0x24,0xff,0x19,0xab,0x24,0xff,0x19,0xab,0x24,0xff,0x19,0xab,0x24,0xff,
    0x19,0xab,0x24,0xff,0x19,0xab,0x24,0xff,0x19,0xab,0x24,0xff,0x19,0xab,0x24,0xff,
    0x19,0xab,0x24,0xff,0x1a,0xab,0x25,0xff,0x0f,0xa9,0x1b,0xff,0x2f,0xb2,0x38,0xfb,
    0x70,0xc9,0x76,0xa6,0xf5,0xfa,0xfa,0x37,0xff,0xff,0xff,0x04,0x00,0x00,0x00,0x00,
    0x00,0x00,0x00,0x00,0x00,0x00,0x00,0x00,0x00,0x00,0x00,0x00,0x00,0x00,0x00,0x00,
    0x00,0x00,0x00,0x00,0x00,0x00,0x00,0x00,0x00,0x00,0x00,0x00,0x00,0x00,0x00,0x00,
    0x00,0x00,0x00,0x00,0x00,0x00,0x00,0x00,0x00,0x00,0x00,0x00,0x00,0x00,0x00,0x00,
    0x00,0x00,0x00,0x00,0x00,0x00,0x00,0x00,0x00,0x00,0x00,0x00,0x00,0x00,0x00,0x00,
    0x00,0x00,0x00,0x00,0x00,0x00,0x00,0x00,0x00,0x00,0x00,0x00,0x00,0x00,0x00,0x00,
    0x00,0x00,0x00,0x00,0x00,0x00,0x00,0x00,0x00,0x00,0x00,0x00,0x00,0x00,0x00,0x00,
    0x00,0x00,0x00,0x00,0x00,0x00,0x00,0x00,0x00,0x00,0x00,0x00,0x00,0x00,0x00,0x00,
    0x00,0x00,0x00,0x00,0x00,0x00,0x00,0x00,0x00,0x00,0x00,0x00,0x00,0x00,0x00,0x00,
    0x00,0x00,0x00,0x00,0xff,0xff,0xff,0x0a,0x97,0xd9,0x9c,0x60,0x4c,0xbc,0x55,0xe3,
    0x0e,0xaa,0x19,0xff,0x15,0xaa,0x21,0xff,0x18,0xab,0x24,0xff,0x19,0xab,0x24,0xff,
    0x19,0xab,0x24,0xff,0x19,0xab,0x24,0xff,0x19,0xab,0x24,0xff,0x19,0xab,0x24,0xff,
    0x19,0xab,0x24,0xff,0x19,0xab,0x24,0xff,0x19,0xab,0x24,0xff,0x19,0xab,0x24,0xff,
    0x19,0xab,0x24,0xff,0x19,0xab,0x24,0xff,0x19,0xab,0x24,0xff,0x19,0xab,0x24,0xff,
    0x19,0xab,0x24,0xff,0x19,0xab,0x24,0xff,0x19,0xab,0x24,0xff,0x19,0xab,0x24,0xff,
    0x19,0xab,0x24,0xff,0x19,0xab,0x24,0xff,0x19,0xab,0x24,0xff,0x19,0xab,0x24,0xff,
    0x19,0xab,0x24,0xff,0x19,0xab,0x24,0xff,0x19,0xab,0x24,0xff,0x19,0xab,0x24,0xff,
    0x19,0xab,0x24,0xff,0x19,0xab,0x24,0xff,0x19,0xab,0x24,0xff,0x19,0xab,0x24,0xff,
    0x19,0xab,0x24,0xff,0x19,0xab,0x24,0xff,0x19,0xab,0x24,0xff,0x19,0xab,0x24,0xff,
    0x19,0xab,0x24,0xff,0x19,0xab,0x24,0xff,0x19,0xab,0x24,0xff,0x19,0xab,0x24,0xff,
    0x19,0xab,0x24,0xff,0x19,0xab,0x24,0xff,0x19,0xab,0x24,0xff,0x19,0xab,0x24,0xff,
    0x19,0xab,0x24,0xff,0x19,0xab,0x24,0xff,0x19,0xab,0x24,0xff,0x19,0xab,0x24,0xff,
    0x19,0xab,0x24,0xff,0x19,0xab,0x24,0xff,0x19,0xab,0x24,0xff,0x19,0xab,0x24,0xff,
    0x19,0xab,0x24,0xff,0x19,0xab,0x24,0xff,0x19,0xab,0x24,0xff,0x19,0xab,0x24,0xff,
    0x19,0xab,0x24,0xff,0x19,0xab,0x24,0xff,0x19,0xab,0x24,0xff,0x19,0xab,0x24,0xff,
    0x19,0xab,0x24,0xff,0x19,0xab,0x24,0xff,0x19,0xab,0x24,0xff,0x19,0xab,0x24,0xff,
    0x19,0xab,0x24,0xff,0x19,0xab,0x24,0xff,0x19,0xab,0x24,0xff,0x19,0xab,0x24,0xff,
    0x19,0xab,0x24,0xff,0x19,0xab,0x24,0xff,0x19,0xab,0x24,0xff,0x19,0xab,0x24,0xff,
    0x19,0xab,0x24,0xff,0x19,0xab,0x24,0xff,0x19,0xab,0x24,0xff,0x19,0xab,0x24,0xff,
    0x19,0xab,0x24,0xff,0x19,0xab,0x24,0xff,0x19,0xab,0x24,0xff,0x19,0xab,0x24,0xff,
    0x19,0xab,0x24,0xff,0x19,0xab,0x24,0xff,0x19,0xab,0x24,0xff,0x19,0xab,0x24,0xff,
    0x19,0xab,0x24,0xff,0x19,0xab,0x24,0xff,0x19,0xab,0x24,0xff,0x19,0xab,0x24,0xff,
    0x19,0xab,0x24,0xff,0x19,0xab,0x24,0xff,0x19,0xab,0x24,0xff,0x19,0xab,0x24,0xff,
    0x19,0xab,0x24,0xff,0x19,0xab,0x24,0xff,0x19,0xab,0x24,0xff,0x19,0xab,0x24,0xff,
    0x19,0xab,0x24,0xff,0x19,0xab,0x24,0xff,0x19,0xab,0x24,0xff,0x19,0xab,0x24,0xff,
    0x19,0xab,0x24,0xff,0x19,0xab,0x24,0xff,0x19,0xab,0x24,0xff,0x19,0xab,0x24,0xff,
    0x19,0xab,0x24,0xff,0x19,0xab,0x24,0xff,0x19,0xab,0x24,0xff,0x19,0xab,0x24,0xff,
    0x19,0xab,0x24,0xff,0x19,0xab,0x24,0xff,0x19,0xab,0x24,0xff,0x19,0xab,0x24,0xff,
    0x19,0xab,0x24,0xff,0x19,0xab,0x24,0xff,0x19,0xab,0x24,0xff,0x19,0xab,0x24,0xff,
    0x19,0xab,0x24,0xff,0x15,0xa9,0x20,0xff,0x15,0xaf,0x20,0xff,0x5a,0xc2,0x61,0xc9,
    0xac,0xde,0xb2,0x57,0xff,0xff,0xff,0x05,0x00,0x00,0x00,0x00,0x00,0x00,0x00,0x00,
    0x00,0x00,0x00,0x00,0x00,0x00,0x00,0x00,0x00,0x00,0x00,0x00,0x00,0x00,0x00,0x00,
    0x00,0x00,0x00,0x00,0x00,0x00,0x00,0x00,0x00,0x00,0x00,0x00,0x00,0x00,0x00,0x00,
    0x00,0x00,0x00,0x00,0x00,0x00,0x00,0x00,0x00,0x00,0x00,0x00,0x00,0x00,0x00,0x00,
    0x00,0x00,0x00,0x00,0x00,0x00,0x00,0x00,0x00,0x00,0x00,0x00,0x00,0x00,0x00,0x00,
    0x00,0x00,0x00,0x00,0x00,0x00,0x00,0x00,0x00,0x00,0x00,0x00,0x00,0x00,0x00,0x00,
    0x00,0x00,0x00,0x00,0x00,0x00,0x00,0x00,0x00,0x00,0x00,0x00,0x00,0x00,0x00,0x00,
    0x00,0x00,0x00,0x00,0x00,0x00,0x00,0x00,0x00,0x00,0x00,0x00,0x00,0x00,0x00,0x00,
    0x00,0x00,0x00,0x00,0x00,0x00,0x00,0x00,0x00,0x00,0x00,0x00,0x00,0x00,0x00,0x00,
    0x00,0x00,0x00,0x00,0x00,0x00,0x00,0x00,0xed,0xf6,0xed,0x1d,0x9a,0xd7,0x9f,0x8e,
    0x2a,0xb0,0x34,0xf4,0x0f,0xa7,0x1b,0xff,0x15,0xaa,0x21,0xff,0x19,0xab,0x24,0xff,
    0x19,0xab,0x24,0xff,0x19,0xab,0x24,0xff,0x19,0xab,0x24,0xff,0x19,0xab,0x24,0xff,
    0x19,0xab,0x24,0xff,0x19,0xab,0x24,0xff,0x19,0xab,0x24,0xff,0x19,0xab,0x24,0xff,
    0x19,0xab,0x24,0xff,0x19,0xab,0x24,0xff,0x19,0xab,0x24,0xff,0x19,0xab,0x24,0xff,
    0x19,0xab,0x24,0xff,0x19,0xab,0x24,0xff,0x19,0xab,0x24,0xff,0x19,0xab,0x24,0xff,
    0x19,0xab,0x24,0xff,0x19,0xab,0x24,0xff,0x19,0xab,0x24,0xff,0x19,0xab,0x24,0xff,
    0x19,0xab,0x24,0xff,0x19,0xab,0x24,0xff,0x19,0xab,0x24,0xff,0x19,0xab,0x24,0xff,
    0x19,0xab,0x24,0xff,0x19,0xab,0x24,0xff,0x19,0xab,0x24,0xff,0x19,0xab,0x24,0xff,
    0x19,0xab,0x24,0xff,0x19,0xab,0x24,0xff,0x19,0xab,0x24,0xff,0x19,0xab,0x24,0xff,
    0x19,0xab,0x24,0xff,0x19,0xab,0x24,0xff,0x19,0xab,0x24,0xff,0x19,0xab,0x24,0xff,
    0x19,0xab,0x24,0xff,0x19,0xab,0x24,0xff,0x19,0xab,0x24,0xff,0x19,0xab,0x24,0xff,
    0x19,0xab,0x24,0xff,0x19,0xab,0x24,0xff,0x19,0xab,0x24,0xff,0x19,0xab,0x24,0xff,
    0x19,0xab,0x24,0xff,0x19,0xab,0x24,0xff,0x19,0xab,0x24,0xff,0x19,0xab,0x24,0xff,
    0x19,0xab,0x24,0xff,0x19,0xab,0x24,0xff,0x19,0xab,0x24,0xff,0x19,0xab,0x24,0xff,
    0x19,0xab,0x24,0xff,0x19,0xab,0x24,0xff,0x19,0xab,0x24,0xff,0x19,0xab,0x24,0xff,
    0x19,0xab,0x24,0xff,0x19,0xab,0x24,0xff,0x19,0xab,0x24,0xff,0x19,0xab,0x24,0xff,
    0x19,0xab,0x24,0xff,0x19,0xab,0x24,0xff,0x19,0xab,0x24,0xff,0x19,0xab,0x24,0xff,
    0x19,0xab,0x24,0xff,0x19,0xab,0x24,0xff,0x19,0xab,0x24,0xff,0x19,0xab,0x24,0xff,
    0x19,0xab,0x24,0xff,0x19,0xab,0x24,0xff,0x19,0xab,0x24,0xff,0x19,0xab,0x24,0xff,
    0x19,0xab,0x24,0xff,0x19,0xab,0x24,0xff,0x19,0xab,0x24,0xff,0x19,0xab,0x24,0xff,
    0x19,0xab,0x24,0xff,0x19,0xab,0x24,0xff,0x19,0xab,0x24,0xff,0x19,0xab,0x24,0xff,
    0x19,0xab,0x24,0xff,0x19,0xab,0x24,0xff,0x19,0xab,0x24,0xff,0x19,0xab,0x24,0xff,
    0x19,0xab,0x24,0xff,0x19,0xab,0x24,0xff,0x19,0xab,0x24,0xff,0x19,0xab,0x24,0xff,
    0x19,0xab,0x24,0xff,0x19,0xab,0x24,0xff,0x19,0xab,0x24,0xff,0x19,0xab,0x24,0xff,
    0x19,0xab,0x24,0xff,0x19,0xab,0x24,0xff,0x19,0xab,0x24,0xff,0x19,0xab,0x24,0xff,
    0x19,0xab,0x24,0xff,0x19,0xab,0x24,0xff,0x19,0xab,0x24,0xff,0x19,0xab,0x24,0xff,
    0x19,0xab,0x24,0xff,0x19,0xab,0x24,0xff,0x19,0xab,0x24,0xff,0x19,0xab,0x24,0xff,
    0x19,0xab,0x24,0xff,0x19,0xab,0x24,0xff,0x19,0xab,0x24,0xff,0x19,0xab,0x24,0xff,
    0x19,0xab,0x24,0xff,0x19,0xab,0x24,0xff,0x19,0xab,0x24,0xff,0x19,0xab,0x24,0xff,
    0x16,0xaa,0x21,0xff,0x0f,0xa9,0x1a,0xff,0x3b,0xb6,0x44,0xf0,0x88,0xd1,0x8e,0x76,
    0xff,0xff,0xff,0x14,0x00,0x00,0x00,0x00,0x00,0x00,0x00,0x00,0x00,0x00,0x00,0x00,
    0x00,0x00,0x00,0x00,0x00,0x00,0x00,0x00,0x00,0x00,0x00,0x00,0x00,0x00,0x00,0x00,
    0x00,0x00,0x00,0x00,0x00,0x00,0x00,0x00,0x00,0x00,0x00,0x00,0x00,0x00,0x00,0x00,
    0x00,0x00,0x00,0x00,0x00,0x00,0x00,0x00,0x00,0x00,0x00,0x00,0x00,0x00,0x00,0x00,
    0x00,0x00,0x00,0x00,0x00,0x00,0x00,0x00,0x00,0x00,0x00,0x00,0x00,0x00,0x00,0x00,
    0x00,0x00,0x00,0x00,0x00,0x00,0x00,0x00,0x00,0x00,0x00,0x00,0x00,0x00,0x00,0x00,
    0x00,0x00,0x00,0x00,0x00,0x00,0x00,0x00,0x00,0x00,0x00,0x00,0x00,0x00,0x00,0x00,
    0x00,0x00,0x00,0x00,0x00,0x00,0x00,0x00,0x00,0x00,0x00,0x00,0x00,0x00,0x00,0x00,
    0x00,0x00,0x00,0x00,0x00,0x00,0x00,0x00,0x00,0x00,0x00,0x00,0x00,0x00,0x00,0x00,
    0x00,0x00,0x00,0x00,0x00,0x00,0x00,0x00,0xff,0xff,0xff,0x06,0xd9,0xf1,0xde,0x37,
    0x82,0xcf,0x88,0xb0,0x17,0xa8,0x22,0xf9,0x10,0xa9,0x1c,0xff,0x17,0xaa,0x22,0xff,
    0x19,0xab,0x24,0xff,0x19,0xab,0x24,0xff,0x19,0xab,0x24,0xff,0x19,0xab,0x24,0xff,
    0x19,0xab,0x24,0xff,0x19,0xab,0x24,0xff,0x19,0xab,0x24,0xff,0x19,0xab,0x24,0xff,
    0x19,0xab,0x24,0xff,0x19,0xab,0x24,0xff,0x19,0xab,0x24,0xff,0x19,0xab,0x24,0xff,
    0x19,0xab,0x24,0xff,0x19,0xab,0x24,0xff,0x19,0xab,0x24,0xff,0x19,0xab,0x24,0xff,
    0x19,0xab,0x24,0xff,0x19,0xab,0x24,0xff,0x19,0xab,0x24,0xff,0x19,0xab,0x24,0xff,
    0x19,0xab,0x24,0xff,0x19,0xab,0x24,0xff,0x19,0xab,0x24,0xff,0x19,0xab,0x24,0xff,
    0x19,0xab,0x24,0xff,0x19,0xab,0x24,0xff,0x19,0xab,0x24,0xff,0x19,0xab,0x24,0xff,
    0x19,0xab,0x24,0xff,0x19,0xab,0x24,0xff,0x19,0xab,0x24,0xff,0x19,0xab,0x24,0xff,
    0x19,0xab,0x24,0xff,0x19,0xab,0x24,0xff,0x19,0xab,0x24,0xff,0x19,0xab,0x24,0xff,
    0x19,0xab,0x24,0xff,0x19,0xab,0x24,0xff,0x19,0xab,0x24,0xff,0x19,0xab,0x24,0xff,
    0x19,0xab,0x24,0xff,0x19,0xab,0x24,0xff,0x19,0xab,0x24,0xff,0x19,0xab,0x24,0xff,
    0x19,0xab,0x24,0xff,0x19,0xab,0x24,0xff,0x19,0xab,0x24,0xff,0x19,0xab,0x24,0xff,
    0x19,0xab,0x24,0xff,0x19,0xab,0x24,0xff,0x19,0xab,0x24,0xff,0x19,0xab,0x24,0xff,
    0x19,0xab,0x24,0xff,0x19,0xab,0x24,0xff,0x19,0xab,0x24,0xff,0x19,0xab,0x24,0xff,
    0x19,0xab,0x24,0xff,0x19,0xab,0x24,0xff,0x19,0xab,0x24,0xff,0x19,0xab,0x24,0xff,
    0x19,0xab,0x24,0xff,0x19,0xab,0x24,0xff,0x19,0xab,0x24,0xff,0x19,0xab,0x24,0xff,
    0x19,0xab,0x24,0xff,0x19,0xab,0x24,0xff,0x19,0xab,0x24,0xff,0x19,0xab,0x24,0xff,
    0x19,0xab,0x24,0xff,0x19,0xab,0x24,0xff,0x19,0xab,0x24,0xff,0x19,0xab,0x24,0xff,
    0x19,0xab,0x24,0xff,0x19,0xab,0x24,0xff,0x19,0xab,0x24,0xff,0x19,0xab,0x24,0xff,
    0x19,0xab,0x24,0xff,0x19,0xab,0x24,0xff,0x19,0xab,0x24,0xff,0x19,0xab,0x24,0xff,
    0x19,0xab,0x24,0xff,0x19,0xab,0x24,0xff,0x19,0xab,0x24,0xff,0x19,0xab,0x24,0xff,
    0x19,0xab,0x24,0xff,0x19,0xab,0x24,0xff,0x19,0xab,0x24,0xff,0x19,0xab,0x24,0xff,
    0x19,0xab,0x24,0xff,0x19,0xab,0x24,0xff,0x19,0xab,0x24,0xff,0x19,0xab,0x24,0xff,
    0x19,0xab,0x24,0xff,0x19,0xab,0x24,0xff,0x19,0xab,0x24,0xff,0x19,0xab,0x24,0xff,
    0x19,0xab,0x24,0xff,0x19,0xab,0x24,0xff,0x19,0xab,0x24,0xff,0x19,0xab,0x24,0xff,
    0x19,0xab,0x24,0xff,0x19,0xab,0x24,0xff,0x19,0xab,0x24,0xff,0x19,0xab,0x24,0xff,
    0x19,0xab,0x24,0xff,0x19,0xab,0x24,0xff,0x19,0xab,0x24,0xff,0x19,0xab,0x24,0xff,
    0x19,0xab,0x24,0xff,0x19,0xab,0x24,0xff,0x19,0xab,0x24,0xff,0x16,0xaa,0x21,0xff,
    0x10,0xa7,0x1b,0xff,0x1f,0xac,0x29,0xfb,0x94,0xd9,0x99,0x9c,0xd9,0xf0,0xe1,0x22,
    0x00,0x00,0x00,0x00,0x00,0x00,0x00,0x00,0x00,0x00,0x00,0x00,0x00,0x00,0x00,0x00,
    0x00,0x00,0x00,0x00,0x00,0x00,0x00,0x00,0x00,0x00,0x00,0x00,0x00,0x00,0x00,0x00,
    0x00,0x00,0x00,0x00,0x00,0x00,0x00,0x00,0x00,0x00,0x00,0x00,0x00,0x00,0x00,0x00,
    0x00,0x00,0x00,0x00,0x00,0x00,0x00,0x00,0x00,0x00,0x00,0x00,0x00,0x00,0x00,0x00,
    0x00,0x00,0x00,0x00,0x00,0x00,0x00,0x00,0x00,0x00,0x00,0x00,0x00,0x00,0x00,0x00,
    0x00,0x00,0x00,0x00,0x00,0x00,0x00,0x00,0x00,0x00,0x00,0x00,0x00,0x00,0x00,0x00,
    0x00,0x00,0x00,0x00,0x00,0x00,0x00,0x00,0x00,0x00,0x00,0x00,0x00,0x00,0x00,0x00,
    0x00,0x00,0x00,0x00,0x00,0x00,0x00,0x00,0x00,0x00,0x00,0x00,0x00,0x00,0x00,0x00,
    0x00,0x00,0x00,0x00,0x00,0x00,0x00,0x00,0x00,0x00,0x00,0x00,0x00,0x00,0x00,0x00,
    0x00,0x00,0x00,0x00,0x00,0x00,0x00,0x00,0x00,0x00,0x00,0x00,0xff,0xff,0xff,0x06,
    0xe2,0xf2,0xe2,0x3f,0x52,0xbf,0x5b,0xde,0x18,0xa9,0x1e,0xff,0x0f,0xa7,0x18,0xff,
    0x19,0xac,0x25,0xff,0x19,0xab,0x24,0xff,0x19,0xab,0x24,0xff,0x19,0xab,0x24,0xff,
    0x19,0xab,0x24,0xff,0x19,0xab,0x24,0xff,0x19,0xab,0x24,0xff,0x19,0xab,0x24,0xff,
    0x19,0xab,0x24,0xff,0x19,0xab,0x24,0xff,0x19,0xab,0x24,0xff,0x19,0xab,0x24,0xff,
    0x19,0xab,0x24,0xff,0x19,0xab,0x24,0xff,0x19,0xab,0x24,0xff,0x19,0xab,0x24,0xff,
    0x19,0xab,0x24,0xff,0x19,0xab,0x24,0xff,0x19,0xab,0x24,0xff,0x19,0xab,0x24,0xff,
    0x19,0xab,0x24,0xff,0x19,0xab,0x24,0xff,0x19,0xab,0x24,0xff,0x19,0xab,0x24,0xff,
    0x19,0xab,0x24,0xff,0x19,0xab,0x24,0xff,0x19,0xab,0x24,0xff,0x19,0xab,0x24,0xff,
    0x19,0xab,0x24,0xff,0x19,0xab,0x24,0xff,0x19,0xab,0x24,0xff,0x19,0xab,0x24,0xff,
    0x19,0xab,0x24,0xff,0x19,0xab,0x24,0xff,0x19,0xab,0x24,0xff,0x19,0xab,0x24,0xff,
    0x19,0xab,0x24,0xff,0x19,0xab,0x24,0xff,0x19,0xab,0x24,0xff,0x19,0xab,0x24,0xff,
    0x19,0xab,0x24,0xff,0x19,0xab,0x24,0xff,0x19,0xab,0x24,0xff,0x19,0xab,0x24,0xff,
    0x19,0xab,0x24,0xff,0x19,0xab,0x24,0xff,0x19,0xab,0x24,0xff,0x19,0xab,0x24,0xff,
    0x19,0xab,0x24,0xff,0x19,0xab,0x24,0xff,0x19,0xab,0x24,0xff,0x19,0xab,0x24,0xff,
    0x19,0xab,0x24,0xff,0x19,0xab,0x24,0xff,0x19,0xab,0x24,0xff,0x19,0xab,0x24,0xff,
    0x19,0xab,0x24,0xff,0x19,0xab,0x24,0xff,0x19,0xab,0x24,0xff,0x19,0xab,0x24,0xff,
    0x19,0xab,0x24,0xff,0x19,0xab,0x24,0xff,0x19,0xab,0x24,0xff,0x19,0xab,0x24,0xff,
    0x19,0xab,0x24,0xff,0x19,0xab,0x24,0xff,0x19,0xab,0x24,0xff,0x19,0xab,0x24,0xff,
    0x19,0xab,0x24,0xff,0x19,0xab,0x24,0xff,0x19,0xab,0x24,0xff,0x19,0xab,0x24,0xff,
    0x19,0xab,0x24,0xff,0x19,0xab,0x24,0xff,0x19,0xab,0x24,0xff,0x19,0xab,0x24,0xff,
    0x19,0xab,0x24,0xff,0x19,0xab,0x24,0xff,0x19,0xab,0x24,0xff,0x19,0xab,0x24,0xff,
    0x19,0xab,0x24,0xff,0x19,0xab,0x24,0xff,0x19,0xab,0x24,0xff,0x19,0xab,0x24,0xff,
    0x19,0xab,0x24,0xff,0x19,0xab,0x24,0xff,0x19,0xab,0x24,0xff,0x19,0xab,0x24,0xff,
    0x19,0xab,0x24,0xff,0x19,0xab,0x24,0xff,0x19,0xab,0x24,0xff,0x19,0xab,0x24,0xff,
    0x19,0xab,0x24,0xff,0x19,0xab,0x24,0xff,0x19,0xab,0x24,0xff,0x19,0xab,0x24,0xff,
    0x19,0xab,0x24,0xff,0x19,0xab,0x24,0xff,0x19,0xab,0x24,0xff,0x19,0xab,0x24,0xff,
    0x19,0xab,0x24,0xff,0x19,0xab,0x24,0xff,0x19,0xab,0x24,0xff,0x19,0xab,0x24,0xff,
    0x19,0xab,0x24,0xff,0x19,0xab,0x24,0xff,0x19,0xab,0x24,0xff,0x19,0xab,0x24,0xff,
    0x19,0xab,0x24,0xff,0x1a,0xab,0x25,0xff,0x18,0xab,0x24,0xff,0x0f,0xa9,0x1b,0xff,
    0x11,0xa7,0x1b,0xfa,0x7f,0xd0,0x84,0xbc,0xce,0xe9,0xce,0x3a,0xff,0xff,0xff,0x05,
    0x00,0x00,0x00,0x00,0x00,0x00,0x00,0x00,0x00,0x00,0x00,0x00,0x00,0x00,0x00,0x00,
    0x00,0x00,0x00,0x00,0x00,0x00,0x00,0x00,0x00,0x00,0x00,0x00,0x00,0x00,0x00,0x00,
    0x00,0x00,0x00,0x00,0x00,0x00,0x00,0x00,0x00,0x00,0x00,0x00,0x00,0x00,0x00,0x00,
    0x00,0x00,0x00,0x00,0x00,0x00,0x00,0x00,0x00,0x00,0x00,0x00,0x00,0x00,0x00,0x00,
    0x00,0x00,0x00,0x00,0x00,0x00,0x00,0x00,0x00,0x00,0x00,0x00,0x00,0x00,0x00,0x00,
    0x00,0x00,0x00,0x00,0x00,0x00,0x00,0x00,0x00,0x00,0x00,0x00,0x00,0x00,0x00,0x00,
    0x00,0x00,0x00,0x00,0x00,0x00,0x00,0x00,0x00,0x00,0x00,0x00,0x00,0x00,0x00,0x00,
    0x00,0x00,0x00,0x00,0x00,0x00,0x00,0x00,0x00,0x00,0x00,0x00,0x00,0x00,0x00,0x00,
    0x00,0x00,0x00,0x00,0x00,0x00,0x00,0x00,0x00,0x00,0x00,0x00,0x00,0x00,0x00,0x00,
    0x00,0x00,0x00,0x00,0x00,0x00,0x00,0x00,0x00,0x00,0x00,0x00,0x00,0x00,0x00,0x00,
    0xdf,0xdf,0xdf,0x08,0xbd,0xe4,0xc2,0x61,0x35,0xb4,0x3f,0xe6,0x12,0xae,0x1c,0xff,
    0x0e,0xa6,0x18,0xff,0x1b,0xab,0x26,0xff,0x19,0xab,0x24,0xff,0x19,0xab,0x24,0xff,
    0x19,0xab,0x24,0xff,0x19,0xab,0x24,0xff,0x19,0xab,0x24,0xff,0x19,0xab,0x24,0xff,
    0x19,0xab,0x24,0xff,0x19,0xab,0x24,0xff,0x19,0xab,0x24,0xff,0x19,0xab,0x24,0xff,
    0x19,0xab,0x24,0xff,0x19,0xab,0x24,0xff,0x19,0xab,0x24,0xff,0x19,0xab,0x24,0xff,
    0x19,0xab,0x24,0xff,0x19,0xab,0x24,0xff,0x19,0xab,0x24,0xff,0x19,0xab,0x24,0xff,
    0x19,0xab,0x24,0xff,0x19,0xab,0x24,0xff,0x19,0xab,0x24,0xff,0x19,0xab,0x24,0xff,
    0x19,0xab,0x24,0xff,0x19,0xab,0x24,0xff,0x19,0xab,0x24,0xff,0x19,0xab,0x24,0xff,
    0x19,0xab,0x24,0xff,0x19,0xab,0x24,0xff,0x19,0xab,0x24,0xff,0x19,0xab,0x24,0xff,
    0x19,0xab,0x24,0xff,0x19,0xab,0x24,0xff,0x19,0xab,0x24,0xff,0x19,0xab,0x24,0xff,
    0x19,0xab,0x24,0xff,0x19,0xab,0x24,0xff,0x19,0xab,0x24,0xff,0x19,0xab,0x24,0xff,
    0x19,0xab,0x24,0xff,0x19,0xab,0x24,0xff,0x19,0xab,0x24,0xff,0x19,0xab,0x24,0xff,
    0x19,0xab,0x24,0xff,0x19,0xab,0x24,0xff,0x19,0xab,0x24,0xff,0x19,0xab,0x24,0xff,
    0x19,0xab,0x24,0xff,0x19,0xab,0x24,0xff,0x19,0xab,0x24,0xff,0x19,0xab,0x24,0xff,
    0x19,0xab,0x24,0xff,0x19,0xab,0x24,0xff,0x19,0xab,0x24,0xff,0x19,0xab,0x24,0xff,
    0x19,0xab,0x24,0xff,0x19,0xab,0x24,0xff,0x19,0xab,0x24,0xff,0x19,0xab,0x24,0xff,
    0x19,0xab,0x24,0xff,0x19,0xab,0x24,0xff,0x19,0xab,0x24,0xff,0x19,0xab,0x24,0xff,
    0x19,0xab,0x24,0xff,0x19,0xab,0x24,0xff,0x19,0xab,0x24,0xff,0x19,0xab,0x24,0xff,
    0x19,0xab,0x24,0xff,0x19,0xab,0x24,0xff,0x19,0xab,0x24,0xff,0x19,0xab,0x24,0xff,
    0x19,0xab,0x24,0xff,0x19,0xab,0x24,0xff,0x19,0xab,0x24,0xff,0x19,0xab,0x24,0xff,
    0x19,0xab,0x24,0xff,0x19,0xab,0x24,0xff,0x19,0xab,0x24,0xff,0x19,0xab,0x24,0xff,
    0x19,0xab,0x24,0xff,0x19,0xab,0x24,0xff,0x19,0xab,0x24,0xff,0x19,0xab,0x24,0xff,
    0x19,0xab,0x24,0xff,0x19,0xab,0x24,0xff,0x19,0xab,0x24,0xff,0x19,0xab,0x24,0xff,
    0x19,0xab,0x24,0xff,0x19,0xab,0x24,0xff,0x19,0xab,0x24,0xff,0x19,0xab,0x24,0xff,
    0x19,0xab,0x24,0xff,0x19,0xab,0x24,0xff,0x19,0xab,0x24,0xff,0x19,0xab,0x24,0xff,
    0x19,0xab,0x24,0xff,0x19,0xab,0x24,0xff,0x19,0xab,0x24,0xff,0x19,0xab,0x24,0xff,
    0x19,0xab,0x24,0xff,0x19,0xab,0x24,0xff,0x19,0xab,0x24,0xff,0x19,0xab,0x24,0xff,
    0x19,0xab,0x24,0xff,0x19,0xab,0x24,0xff,0x19,0xab,0x24,0xff,0x19,0xab,0x24,0xff,
    0x19,0xab,0x24,0xff,0x1a,0xab,0x25,0xff,0x0e,0xa7,0x18,0xff,0x17,0xab,0x1d,0xff,
    0x52,0xc0,0x5a,0xe3,0xcd,0xeb,0xcd,0x43,0xff,0xff,0xff,0x09,0x00,0x00,0x00,0x00,
    0x00,0x00,0x00,0x00,0x00,0x00,0x00,0x00,0x00,0x00,0x00,0x00,0x00,0x00,0x00,0x00,
    0x00,0x00,0x00,0x00,0x00,0x00,0x00,0x00,0x00,0x00,0x00,0x00,0x00,0x00,0x00,0x00,
    0x00,0x00,0x00,0x00,0x00,0x00,0x00,0x00,0x00,0x00,0x00,0x00,0x00,0x00,0x00,0x00,
    0x00,0x00,0x00,0x00,0x00,0x00,0x00,0x00,0x00,0x00,0x00,0x00,0x00,0x00,0x00,0x00,
    0x00,0x00,0x00,0x00,0x00,0x00,0x00,0x00,0x00,0x00,0x00,0x00,0x00,0x00,0x00,0x00,
    0x00,0x00,0x00,0x00,0x00,0x00,0x00,0x00,0x00,0x00,0x00,0x00,0x00,0x00,0x00,0x00,
    0x00,0x00,0x00,0x00,0x00,0x00,0x00,0x00,0x00,0x00,0x00,0x00,0x00,0x00,0x00,0x00,
    0x00,0x00,0x00,0x00,0x00,0x00,0x00,0x00,0x00,0x00,0x00,0x00,0x00,0x00,0x00,0x00,
    0x00,0x00,0x00,0x00,0x00,0x00,0x00,0x00,0x00,0x00,0x00,0x00,0x00,0x00,0x00,0x00,
    0x00,0x00,0x00,0x00,0x00,0x00,0x00,0x00,0x00,0x00,0x00,0x00,0x00,0x00,0x00,0x00,
    0x00,0x00,0x00,0x00,0xff,0xff,0xff,0x09,0x99,0xda,0x9e,0x8a,0x3d,0xb7,0x44,0xed,
    0x0c,0xab,0x17,0xff,0x10,0xa8,0x1b,0xff,0x1a,0xab,0x24,0xff,0x19,0xab,0x24,0xff,
    0x19,0xab,0x24,0xff,0x19,0xab,0x24,0xff,0x19,0xab,0x24,0xff,0x19,0xab,0x24,0xff,
    0x19,0xab,0x24,0xff,0x19,0xab,0x24,0xff,0x19,0xab,0x24,0xff,0x19,0xab,0x24,0xff,
    0x19,0xab,0x24,0xff,0x19,0xab,0x24,0xff,0x19,0xab,0x24,0xff,0x19,0xab,0x24,0xff,
    0x19,0xab,0x24,0xff,0x19,0xab,0x24,0xff,0x19,0xab,0x24,0xff,0x19,0xab,0x24,0xff,
    0x19,0xab,0x24,0xff,0x19,0xab,0x24,0xff,0x19,0xab,0x24,0xff,0x19,0xab,0x24,0xff,
    0x19,0xab,0x24,0xff,0x19,0xab,0x24,0xff,0x19,0xab,0x24,0xff,0x19,0xab,0x24,0xff,
    0x19,0xab,0x24,0xff,0x19,0xab,0x24,0xff,0x19,0xab,0x24,0xff,0x19,0xab,0x24,0xff,
    0x19,0xab,0x24,0xff,0x19,0xab,0x24,0xff,0x19,0xab,0x24,0xff,0x19,0xab,0x24,0xff,
    0x19,0xab,0x24,0xff,0x19,0xab,0x24,0xff,0x19,0xab,0x24,0xff,0x19,0xab,0x24,0xff,
    0x19,0xab,0x24,0xff,0x19,0xab,0x24,0xff,0x19,0xab,0x24,0xff,0x19,0xab,0x24,0xff,
    0x19,0xab,0x24,0xff,0x19,0xab,0x24,0xff,0x19,0xab,0x24,0xff,0x19,0xab,0x24,0xff,
    0x19,0xab,0x24,0xff,0x19,0xab,0x24,0xff,0x19,0xab,0x24,0xff,0x19,0xab,0x24,0xff,
    0x19,0xab,0x24,0xff,0x19,0xab,0x24,0xff,0x19,0xab,0x24,0xff,0x19,0xab,0x24,0xff,
    0x19,0xab,0x24,0xff,0x19,0xab,0x24,0xff,0x19,0xab,0x24,0xff,0x19,0xab,0x24,0xff,
    0x19,0xab,0x24,0xff,0x19,0xab,0x24,0xff,0x19,0xab,0x24,0xff,0x19,0xab,0x24,0xff,
    0x19,0xab,0x24,0xff,0x19,0xab,0x24,0xff,0x19,0xab,0x24,0xff,0x19,0xab,0x24,0xff,
    0x19,0xab,0x24,0xff,0x19,0xab,0x24,0xff,0x19,0xab,0x24,0xff,0x19,0xab,0x24,0xff,
    0x19,0xab,0x24,0xff,0x19,0xab,0x24,0xff,0x19,0xab,0x24,0xff,0x19,0xab,0x24,0xff,
    0x19,0xab,0x24,0xff,0x19,0xab,0x24,0xff,0x19,0xab,0x24,0xff,0x19,0xab,0x24,0xff,
    0x19,0xab,0x24,0xff,0x19,0xab,0x24,0xff,0x19,0xab,0x24,0xff,0x19,0xab,0x24,0xff,
    0x19,0xab,0x24,0xff,0x19,0xab,0x24,0xff,0x19,0xab,0x24,0xff,0x19,0xab,0x24,0xff,
    0x19,0xab,0x24,0xff,0x19,0xab,0x24,0xff,0x19,0xab,0x24,0xff,0x19,0xab,0x24,0xff,
    0x19,0xab,0x24,0xff,0x19,0xab,0x24,0xff,0x19,0xab,0x24,0xff,0x19,0xab,0x24,0xff,
    0x19,0xab,0x24,0xff,0x19,0xab,0x24,0xff,0x19,0xab,0x24,0xff,0x19,0xab,0x24,0xff,
    0x19,0xab,0x24,0xff,0x19,0xab,0x24,0xff,0x19,0xab,0x24,0xff,0x19,0xab,0x24,0xff,
    0x19,0xab,0x24,0xff,0x19,0xab,0x24,0xff,0x19,0xab,0x24,0xff,0x19,0xab,0x24,0xff,
    0x1a,0xab,0x25,0xff,0x0e,0xa7,0x18,0xff,0x14,0xae,0x1d,0xff,0x38,0xb6,0x3f,0xe5,
    0xaa,0xe1,0xb2,0x67,0xff,0xff,0xff,0x09,0x00,0x00,0x00,0x00,0x00,0x00,0x00,0x00,
    0x00,0x00,0x00,0x00,0x00,0x00,0x00,0x00,0x00,0x00,0x00,0x00,0x00,0x00,0x00,0x00,
    0x00,0x00,0x00,0x00,0x00,0x00,0x00,0x00,0x00,0x00,0x00,0x00,0x00,0x00,0x00,0x00,
    0x00,0x00,0x00,0x00,0x00,0x00,0x00,0x00,0x00,0x00,0x00,0x00,0x00,0x00,0x00,0x00,
    0x00,0x00,0x00,0x00,0x00,0x00,0x00,0x00,0x00,0x00,0x00,0x00,0x00,0x00,0x00,0x00,
    0x00,0x00,0x00,0x00,0x00,0x00,0x00,0x00,0x00,0x00,0x00,0x00,0x00,0x00,0x00,0x00,
    0x00,0x00,0x00,0x00,0x00,0x00,0x00,0x00,0x00,0x00,0x00,0x00,0x00,0x00,0x00,0x00,
    0x00,0x00,0x00,0x00,0x00,0x00,0x00,0x00,0x00,0x00,0x00,0x00,0x00,0x00,0x00,0x00,
    0x00,0x00,0x00,0x00,0x00,0x00,0x00,0x00,0x00,0x00,0x00,0x00,0x00,0x00,0x00,0x00,
    0x00,0x00,0x00,0x00,0x00,0x00,0x00,0x00,0x00,0x00,0x00,0x00,0x00,0x00,0x00,0x00,
    0x00,0x00,0x00,0x00,0x00,0x00,0x00,0x00,0x00,0x00,0x00,0x00,0x00,0x00,0x00,0x00,
    0x00,0x00,0x00,0x00,0x00,0x00,0x00,0x00,0xff,0xff,0xff,0x2c,0x81,0xd1,0x86,0x98,
    0x37,0xb5,0x41,0xf0,0x0d,0xac,0x1a,0xff,0x14,0xa9,0x20,0xff,0x19,0xab,0x24,0xff,
    0x19,0xab,0x24,0xff,0x19,0xab,0x24,0xff,0x19,0xab,0x24,0xff,0x19,0xab,0x24,0xff,
    0x19,0xab,0x24,0xff,0x19,0xab,0x24,0xff,0x19,0xab,0x24,0xff,0x19,0xab,0x24,0xff,
    0x19,0xab,0x24,0xff,0x19,0xab,0x24,0xff,0x19,0xab,0x24,0xff,0x19,0xab,0x24,0xff,
    0x19,0xab,0x24,0xff,0x19,0xab,0x24,0xff,0x19,0xab,0x24,0xff,0x19,0xab,0x24,0xff,
    0x19,0xab,0x24,0xff,0x19,0xab,0x24,0xff,0x19,0xab,0x24,0xff,0x19,0xab,0x24,0xff,
    0x19,0xab,0x24,0xff,0x19,0xab,0x24,0xff,0x19,0xab,0x24,0xff,0x19,0xab,0x24,0xff,
    0x19,0xab,0x24,0xff,0x19,0xab,0x24,0xff,0x19,0xab,0x24,0xff,0x19,0xab,0x24,0xff,
    0x19,0xab,0x24,0xff,0x19,0xab,0x24,0xff,0x19,0xab,0x24,0xff,0x19,0xab,0x24,0xff,
    0x19,0xab,0x24,0xff,0x19,0xab,0x24,0xff,0x19,0xab,0x24,0xff,0x19,0xab,0x24,0xff,
    0x19,0xab,0x24,0xff,0x19,0xab,0x24,0xff,0x19,0xab,0x24,0xff,0x19,0xab,0x24,0xff,
    0x19,0xab,0x24,0xff,0x19,0xab,0x24,0xff,0x19,0xab,0x24,0xff,0x19,0xab,0x24,0xff,
    0x19,0xab,0x24,0xff,0x19,0xab,0x24,0xff,0x19,0xab,0x24,0xff,0x19,0xab,0x24,0xff,
    0x19,0xab,0x24,0xff,0x19,0xab,0x24,0xff,0x19,0xab,0x24,0xff,0x19,0xab,0x24,0xff,
    0x19,0xab,0x24,0xff,0x19,0xab,0x24,0xff,0x19,0xab,0x24,0xff,0x19,0xab,0x24,0xff,
    0x19,0xab,0x24,0xff,0x19,0xab,0x24,0xff,0x19,0xab,0x24,0xff,0x19,0xab,0x24,0xff,
    0x19,0xab,0x24,0xff,0x19,0xab,0x24,0xff,0x19,0xab,0x24,0xff,0x19,0xab,0x24,0xff,
    0x19,0xab,0x24,0xff,0x19,0xab,0x24,0xff,0x19,0xab,0x24,0xff,0x19,0xab,0x24,0xff,
    0x19,0xab,0x24,0xff,0x19,0xab,0x24,0xff,0x19,0xab,0x24,0xff,0x19,0xab,0x24,0xff,
    0x19,0xab,0x24,0xff,0x19,0xab,0x24,0xff,0x19,0xab,0x24,0xff,0x19,0xab,0x24,0xff,
    0x19,0xab,0x24,0xff,0x19,0xab,0x24,0xff,0x19,0xab,0x24,0xff,0x19,0xab,0x24,0xff,
    0x19,0xab,0x24,0xff,0x19,0xab,0x24,0xff,0x19,0xab,0x24,0xff,0x19,0xab,0x24,0xff,
    0x19,0xab,0x24,0xff,0x19,0xab,0x24,0xff,0x19,0xab,0x24,0xff,0x19,0xab,0x24,0xff,
    0x19,0xab,0x24,0xff,0x19,0xab,0x24,0xff,0x19,0xab,0x24,0xff,0x19,0xab,0x24,0xff,
    0x19,0xab,0x24,0xff,0x19,0xab,0x24,0xff,0x19,0xab,0x24,0xff,0x19,0xab,0x24,0xff,
    0x19,0xab,0x24,0xff,0x19,0xab,0x24,0xff,0x19,0xab,0x24,0xff,0x19,0xab,0x24,0xff,
    0x19,0xab,0x24,0xff,0x19,0xab,0x24,0xff,0x19,0xab,0x24,0xff,0x1a,0xab,0x24,0xff,
    0x11,0xa8,0x1c,0xff,0x10,0xad,0x1b,0xff,0x3a,0xb6,0x43,0xed,0x89,0xd4,0x8e,0x8f,
    0xff,0xff,0xff,0x0e,0x00,0x00,0x00,0x00,0x00,0x00,0x00,0x00,0x00,0x00,0x00,0x00,
    0x00,0x00,0x00,0x00,0x00,0x00,0x00,0x00,0x00,0x00,0x00,0x00,0x00,0x00,0x00,0x00,
    0x00,0x00,0x00,0x00,0x00,0x00,0x00,0x00,0x00,0x00,0x00,0x00,0x00,0x00,0x00,0x00,
    0x00,0x00,0x00,0x00,0x00,0x00,0x00,0x00,0x00,0x00,0x00,0x00,0x00,0x00,0x00,0x00,
    0x00,0x00,0x00,0x00,0x00,0x00,0x00,0x00,0x00,0x00,0x00,0x00,0x00,0x00,0x00,0x00,
    0x00,0x00,0x00,0x00,0x00,0x00,0x00,0x00,0x00,0x00,0x00,0x00,0x00,0x00,0x00,0x00,
    0x00,0x00,0x00,0x00,0x00,0x00,0x00,0x00,0x00,0x00,0x00,0x00,0x00,0x00,0x00,0x00,
    0x00,0x00,0x00,0x00,0x00,0x00,0x00,0x00,0x00,0x00,0x00,0x00,0x00,0x00,0x00,0x00,
    0x00,0x00,0x00,0x00,0x00,0x00,0x00,0x00,0x00,0x00,0x00,0x00,0x00,0x00,0x00,0x00,
    0x00,0x00,0x00,0x00,0x00,0x00,0x00,0x00,0x00,0x00,0x00,0x00,0x00,0x00,0x00,0x00,
    0x00,0x00,0x00,0x00,0x00,0x00,0x00,0x00,0x00,0x00,0x00,0x00,0x00,0x00,0x00,0x00,
    0x00,0x00,0x00,0x00,0x00,0x00,0x00,0x01,0x00,0x00,0x00,0x00,0xe4,0xf6,0xed,0x39,
    0x7b,0xcf,0x83,0xa1,0x30,0xb4,0x3c,0xf5,0x12,0xab,0x1f,0xff,0x17,0xaa,0x22,0xff,
    0x19,0xab,0x24,0xff,0x19,0xab,0x24,0xff,0x19,0xab,0x24,0xff,0x19,0xab,0x24,0xff,
    0x19,0xab,0x24,0xff,0x19,0xab,0x24,0xff,0x19,0xab,0x24,0xff,0x19,0xab,0x24,0xff,
    0x19,0xab,0x24,0xff,0x19,0xab,0x24,0xff,0x19,0xab,0x24,0xff,0x19,0xab,0x24,0xff,
    0x19,0xab,0x24,0xff,0x19,0xab,0x24,0xff,0x19,0xab,0x24,0xff,0x19,0xab,0x24,0xff,
    0x19,0xab,0x24,0xff,0x19,0xab,0x24,0xff,0x19,0xab,0x24,0xff,0x19,0xab,0x24,0xff,
    0x19,0xab,0x24,0xff,0x19,0xab,0x24,0xff,0x19,0xab,0x24,0xff,0x19,0xab,0x24,0xff,
    0x19,0xab,0x24,0xff,0x19,0xab,0x24,0xff,0x19,0xab,0x24,0xff,0x19,0xab,0x24,0xff,
    0x19,0xab,0x24,0xff,0x19,0xab,0x24,0xff,0x19,0xab,0x24,0xff,0x19,0xab,0x24,0xff,
    0x19,0xab,0x24,0xff,0x19,0xab,0x24,0xff,0x19,0xab,0x24,0xff,0x19,0xab,0x24,0xff,
    0x19,0xab,0x24,0xff,0x19,0xab,0x24,0xff,0x19,0xab,0x24,0xff,0x19,0xab,0x24,0xff,
    0x19,0xab,0x24,0xff,0x19,0xab,0x24,0xff,0x19,0xab,0x24,0xff,0x19,0xab,0x24,0xff,
    0x19,0xab,0x24,0xff,0x19,0xab,0x24,0xff,0x19,0xab,0x24,0xff,0x19,0xab,0x24,0xff,
    0x19,0xab,0x24,0xff,0x19,0xab,0x24,0xff,0x19,0xab,0x24,0xff,0x19,0xab,0x24,0xff,
    0x19,0xab,0x24,0xff,0x19,0xab,0x24,0xff,0x19,0xab,0x24,0xff,0x19,0xab,0x24,0xff,
    0x19,0xab,0x24,0xff,0x19,0xab,0x24,0xff,0x19,0xab,0x24,0xff,0x19,0xab,0x24,0xff,
    0x19,0xab,0x24,0xff,0x19,0xab,0x24,0xff,0x19,0xab,0x24,0xff,0x19,0xab,0x24,0xff,
    0x19,0xab,0x24,0xff,0x19,0xab,0x24,0xff,0x19,0xab,0x24,0xff,0x19,0xab,0x24,0xff,
    0x19,0xab,0x24,0xff,0x19,0xab,0x24,0xff,0x19,0xab,0x24,0xff,0x19,0xab,0x24,0xff,
    0x19,0xab,0x24,0xff,0x19,0xab,0x24,0xff,0x19,0xab,0x24,0xff,0x19,0xab,0x24,0xff,
    0x19,0xab,0x24,0xff,0x19,0xab,0x24,0xff,0x19,0xab,0x24,0xff,0x19,0xab,0x24,0xff,
    0x19,0xab,0x24,0xff,0x19,0xab,0x24,0xff,0x19,0xab,0x24,0xff,0x19,0xab,0x24,0xff,
    0x19,0xab,0x24,0xff,0x19,0xab,0x24,0xff,0x19,0xab,0x24,0xff,0x19,0xab,0x24,0xff,
    0x19,0xab,0x24,0xff,0x19,0xab,0x24,0xff,0x19,0xab,0x24,0xff,0x19,0xab,0x24,0xff,
    0x19,0xab,0x24,0xff,0x19,0xab,0x24,0xff,0x19,0xab,0x24,0xff,0x19,0xab,0x24,0xff,
    0x19,0xab,0x24,0xff,0x19,0xab,0x24,0xff,0x19,0xab,0x24,0xff,0x19,0xab,0x24,0xff,
    0x19,0xab,0x24,0xff,0x19,0xab,0x24,0xff,0x19,0xab,0x24,0xff,0x15,0xa9,0x20,0xff,
    0x12,0xac,0x1d,0xff,0x34,0xb5,0x3e,0xef,0x7d,0xd0,0x85,0x9b,0xff,0xff,0xff,0x30,
    0x00,0x00,0x00,0x00,0x00,0x00,0x00,0x00,0x00,0x00,0x00,0x00,0x00,0x00,0x00,0x00,
    0x00,0x00,0x00,0x00,0x00,0x00,0x00,0x00,0x00,0x00,0x00,0x00,0x00,0x00,0x00,0x00,
    0x00,0x00,0x00,0x00,0x00,0x00,0x00,0x00,0x00,0x00,0x00,0x00,0x00,0x00,0x00,0x00,
    0x00,0x00,0x00,0x00,0x00,0x00,0x00,0x00,0x00,0x00,0x00,0x00,0x00,0x00,0x00,0x00,
    0x00,0x00,0x00,0x00,0x00,0x00,0x00,0x00,0x00,0x00,0x00,0x00,0x00,0x00,0x00,0x00,
    0x00,0x00,0x00,0x00,0x00,0x00,0x00,0x00,0x00,0x00,0x00,0x00,0x00,0x00,0x00,0x00,
    0x00,0x00,0x00,0x00,0x00,0x00,0x00,0x00,0x00,0x00,0x00,0x00,0x00,0x00,0x00,0x00,
    0x00,0x00,0x00,0x00,0x00,0x00,0x00,0x00,0x00,0x00,0x00,0x00,0x00,0x00,0x00,0x00,
    0x00,0x00,0x00,0x00,0x00,0x00,0x00,0x00,0x00,0x00,0x00,0x00,0x00,0x00,0x00,0x00,
    0x00,0x00,0x00,0x00,0x00,0x00,0x00,0x00,0x00,0x00,0x00,0x00,0x00,0x00,0x00,0x00,
    0x00,0x00,0x00,0x00,0x00,0x00,0x00,0x00,0x00,0x00,0x00,0x00,0x00,0x00,0x00,0x00,
    0x00,0x00,0x00,0x00,0x00,0x00,0x00,0x00,0x00,0x00,0x00,0x00,0xff,0xff,0xff,0x02,
    0xd5,0xee,0xd5,0x3e,0x7f,0xcf,0x83,0xac,0x2a,0xb0,0x36,0xf8,0x17,0xab,0x22,0xff,
    0x17,0xab,0x22,0xff,0x19,0xab,0x24,0xff,0x19,0xab,0x24,0xff,0x19,0xab,0x24,0xff,
    0x19,0xab,0x24,0xff,0x19,0xab,0x24,0xff,0x19,0xab,0x24,0xff,0x19,0xab,0x24,0xff,
    0x19,0xab,0x24,0xff,0x19,0xab,0x24,0xff,0x19,0xab,0x24,0xff,0x19,0xab,0x24,0xff,
    0x19,0xab,0x24,0xff,0x19,0xab,0x24,0xff,0x19,0xab,0x24,0xff,0x19,0xab,0x24,0xff,
    0x19,0xab,0x24,0xff,0x19,0xab,0x24,0xff,0x19,0xab,0x24,0xff,0x19,0xab,0x24,0xff,
    0x19,0xab,0x24,0xff,0x19,0xab,0x24,0xff,0x19,0xab,0x24,0xff,0x19,0xab,0x24,0xff,
    0x19,0xab,0x24,0xff,0x19,0xab,0x24,0xff,0x19,0xab,0x24,0xff,0x19,0xab,0x24,0xff,
    0x19,0xab,0x24,0xff,0x19,0xab,0x24,0xff,0x19,0xab,0x24,0xff,0x19,0xab,0x24,0xff,
    0x19,0xab,0x24,0xff,0x19,0xab,0x24,0xff,0x19,0xab,0x24,0xff,0x19,0xab,0x24,0xff,
    0x19,0xab,0x24,0xff,0x19,0xab,0x24,0xff,0x19,0xab,0x24,0xff,0x19,0xab,0x24,0xff,
    0x19,0xab,0x24,0xff,0x19,0xab,0x24,0xff,0x19,0xab,0x24,0xff,0x19,0xab,0x24,0xff,
    0x19,0xab,0x24,0xff,0x19,0xab,0x24,0xff,0x19,0xab,0x24,0xff,0x19,0xab,0x24,0xff,
    0x19,0xab,0x24,0xff,0x19,0xab,0x24,0xff,0x19,0xab,0x24,0xff,0x19,0xab,0x24,0xff,
    0x19,0xab,0x24,0xff,0x19,0xab,0x24,0xff,0x19,0xab,0x24,0xff,0x19,0xab,0x24,0xff,
    0x19,0xab,0x24,0xff,0x19,0xab,0x24,0xff,0x19,0xab,0x24,0xff,0x19,0xab,0x24,0xff,
    0x19,0xab,0x24,0xff,0x19,0xab,0x24,0xff,0x19,0xab,0x24,0xff,0x19,0xab,0x24,0xff,
    0x19,0xab,0x24,0xff,0x19,0xab,0x24,0xff,0x19,0xab,0x24,0xff,0x19,0xab,0x24,0xff,
    0x19,0xab,0x24,0xff,0x19,0xab,0x24,0xff,0x19,0xab,0x24,0xff,0x19,0xab,0x24,0xff,
    0x19,0xab,0x24,0xff,0x19,0xab,0x24,0xff,0x19,0xab,0x24,0xff,0x19,0xab,0x24,0xff,
    0x19,0xab,0x24,0xff,0x19,0xab,0x24,0xff,0x19,0xab,0x24,0xff,0x19,0xab,0x24,0xff,
    0x19,0xab,0x24,0xff,0x19,0xab,0x24,0xff,0x19,0xab,0x24,0xff,0x19,0xab,0x24,0xff,
    0x19,0xab,0x24,0xff,0x19,0xab,0x24,0xff,0x19,0xab,0x24,0xff,0x19,0xab,0x24,0xff,
    0x19,0xab,0x24,0xff,0x19,0xab,0x24,0xff,0x19,0xab,0x24,0xff,0x19,0xab,0x24,0xff,
    0x19,0xab,0x24,0xff,0x19,0xab,0x24,0xff,0x19,0xab,0x24,0xff,0x19,0xab,0x24,0xff,
    0x19,0xab,0x24,0xff,0x19,0xab,0x24,0xff,0x19,0xab,0x24,0xff,0x19,0xab,0x24,0xff,
    0x19,0xab,0x24,0xff,0x19,0xab,0x24,0xff,0x17,0xaa,0x22,0xff,0x14,0xaa,0x20,0xff,
    0x30,0xb3,0x3b,0xf5,0x82,0xd0,0x89,0xa0,0xfa,0xfa,0xfa,0x38,0x00,0x00,0x00,0x00,
    0x00,0x00,0x00,0x00,0x00,0x00,0x00,0x00,0x00,0x00,0x00,0x00,0x00,0x00,0x00,0x00,
    0x00,0x00,0x00,0x00,0x00,0x00,0x00,0x00,0x00,0x00,0x00,0x00,0x00,0x00,0x00,0x00,
    0x00,0x00,0x00,0x00,0x00,0x00,0x00,0x00,0x00,0x00,0x00,0x00,0x00,0x00,0x00,0x00,
    0x00,0x00,0x00,0x00,0x00,0x00,0x00,0x00,0x00,0x00,0x00,0x00,0x00,0x00,0x00,0x00,
    0x00,0x00,0x00,0x00,0x00,0x00,0x00,0x00,0x00,0x00,0x00,0x00,0x00,0x00,0x00,0x00,
    0x00,0x00,0x00,0x00,0x00,0x00,0x00,0x00,0x00,0x00,0x00,0x00,0x00,0x00,0x00,0x00,
    0x00,0x00,0x00,0x00,0x00,0x00,0x00,0x00,0x00,0x00,0x00,0x00,0x00,0x00,0x00,0x00,
    0x00,0x00,0x00,0x00,0x00,0x00,0x00,0x00,0x00,0x00,0x00,0x00,0x00,0x00,0x00,0x00,
    0x00,0x00,0x00,0x00,0x00,0x00,0x00,0x00,0x00,0x00,0x00,0x00,0x00,0x00,0x00,0x00,
    0x00,0x00,0x00,0x00,0x00,0x00,0x00,0x00,0x00,0x00,0x00,0x00,0x00,0x00,0x00,0x00,
    0x00,0x00,0x00,0x00,0x00,0x00,0x00,0x00,0x00,0x00,0x00,0x00,0x00,0x00,0x00,0x00,
    0x00,0x00,0x00,0x00,0x00,0x00,0x00,0x00,0x00,0x00,0x00,0x00,0x00,0x00,0x00,0x00,
    0xff,0xff,0xff,0x06,0xd2,0xea,0xd6,0x3f,0x81,0xd0,0x88,0xb1,0x28,0xb0,0x33,0xf9,
    0x18,0xaa,0x23,0xff,0x17,0xaa,0x23,0xff,0x19,0xab,0x24,0xff,0x19,0xab,0x24,0xff,
    0x19,0xab,0x24,0xff,0x19,0xab,0x24,0xff,0x19,0xab,0x24,0xff,0x19,0xab,0x24,0xff,
    0x19,0xab,0x24,0xff,0x19,0xab,0x24,0xff,0x19,0xab,0x24,0xff,0x19,0xab,0x24,0xff,
    0x19,0xab,0x24,0xff,0x19,0xab,0x24,0xff,0x19,0xab,0x24,0xff,0x19,0xab,0x24,0xff,
    0x19,0xab,0x24,0xff,0x19,0xab,0x24,0xff,0x19,0xab,0x24,0xff,0x19,0xab,0x24,0xff,
    0x19,0xab,0x24,0xff,0x19,0xab,0x24,0xff,0x19,0xab,0x24,0xff,0x19,0xab,0x24,0xff,
    0x19,0xab,0x24,0xff,0x19,0xab,0x24,0xff,0x19,0xab,0x24,0xff,0x19,0xab,0x24,0xff,
    0x19,0xab,0x24,0xff,0x19,0xab,0x24,0xff,0x19,0xab,0x24,0xff,0x19,0xab,0x24,0xff,
    0x19,0xab,0x24,0xff,0x19,0xab,0x24,0xff,0x19,0xab,0x24,0xff,0x19,0xab,0x24,0xff,
    0x19,0xab,0x24,0xff,0x19,0xab,0x24,0xff,0x19,0xab,0x24,0xff,0x19,0xab,0x24,0xff,
    0x19,0xab,0x24,0xff,0x19,0xab,0x24,0xff,0x19,0xab,0x24,0xff,0x19,0xab,0x24,0xff,
    0x19,0xab,0x24,0xff,0x19,0xab,0x24,0xff,0x19,0xab,0x24,0xff,0x19,0xab,0x24,0xff,
    0x19,0xab,0x24,0xff,0x19,0xab,0x24,0xff,0x19,0xab,0x24,0xff,0x19,0xab,0x24,0xff,
    0x19,0xab,0x24,0xff,0x19,0xab,0x24,0xff,0x19,0xab,0x24,0xff,0x19,0xab,0x24,0xff,
    0x19,0xab,0x24,0xff,0x19,0xab,0x24,0xff,0x19,0xab,0x24,0xff,0x19,0xab,0x24,0xff,
    0x19,0xab,0x24,0xff,0x19,0xab,0x24,0xff,0x19,0xab,0x24,0xff,0x19,0xab,0x24,0xff,
    0x19,0xab,0x24,0xff,0x19,0xab,0x24,0xff,0x19,0xab,0x24,0xff,0x19,0xab,0x24,0xff,
    0x19,0xab,0x24,0xff,0x19,0xab,0x24,0xff,0x19,0xab,0x24,0xff,0x19,0xab,0x24,0xff,
    0x19,0xab,0x24,0xff,0x19,0xab,0x24,0xff,0x19,0xab,0x24,0xff,0x19,0xab,0x24,0xff,
    0x19,0xab,0x24,0xff,0x19,0xab,0x24,0xff,0x19,0xab,0x24,0xff,0x19,0xab,0x24,0xff,
    0x19,0xab,0x24,0xff,0x19,0xab,0x24,0xff,0x19,0xab,0x24,0xff,0x19,0xab,0x24,0xff,
    0x19,0xab,0x24,0xff,0x19,0xab,0x24,0xff,0x19,0xab,0x24,0xff,0x19,0xab,0x24,0xff,
    0x19,0xab,0x24,0xff,0x19,0xab,0x24,0xff,0x19,0xab,0x24,0xff,0x19,0xab,0x24,0xff,
    0x19,0xab,0x24,0xff,0x19,0xab,0x24,0xff,0x19,0xab,0x24,0xff,0x19,0xab,0x24,0xff,
    0x19,0xab,0x24,0xff,0x19,0xab,0x24,0xff,0x19,0xab,0x24,0xff,0x19,0xab,0x24,0xff,
    0x19,0xab,0x24,0xff,0x17,0xab,0x22,0xff,0x16,0xa9,0x22,0xff,0x2c,0xb1,0x39,0xfa,
    0x88,0xd1,0x90,0xa4,0xe5,0xf6,0xe9,0x3b,0xff,0xff,0xff,0x04,0x00,0x00,0x00,0x00,
    0x00,0x00,0x00,0x00,0x00,0x00,0x00,0x00,0x00,0x00,0x00,0x00,0x00,0x00,0x00,0x00,
    0x00,0x00,0x00,0x00,0x00,0x00,0x00,0x00,0x00,0x00,0x00,0x00,0x00,0x00,0x00,0x00,
    0x00,0x00,0x00,0x00,0x00,0x00,0x00,0x00,0x00,0x00,0x00,0x00,0x00,0x00,0x00,0x00,
    0x00,0x00,0x00,0x00,0x00,0x00,0x00,0x00,0x00,0x00,0x00,0x00,0x00,0x00,0x00,0x00,
    0x00,0x00,0x00,0x00,0x00,0x00,0x00,0x00,0x00,0x00,0x00,0x00,0x00,0x00,0x00,0x00,
    0x00,0x00,0x00,0x00,0x00,0x00,0x00,0x00,0x00,0x00,0x00,0x00,0x00,0x00,0x00,0x00,
    0x00,0x00,0x00,0x00,0x00,0x00,0x00,0x00,0x00,0x00,0x00,0x00,0x00,0x00,0x00,0x00,
    0x00,0x00,0x00,0x00,0x00,0x00,0x00,0x00,0x00,0x00,0x00,0x00,0x00,0x00,0x00,0x00,
    0x00,0x00,0x00,0x00,0x00,0x00,0x00,0x00,0x00,0x00,0x00,0x00,0x00,0x00,0x00,0x00,
    0x00,0x00,0x00,0x00,0x00,0x00,0x00,0x00,0x00,0x00,0x00,0x00,0x00,0x00,0x00,0x00,
    0x00,0x00,0x00,0x00,0x00,0x00,0x00,0x00,0x00,0x00,0x00,0x00,0x00,0x00,0x00,0x00,
    0x00,0x00,0x00,0x00,0x00,0x00,0x00,0x00,0x00,0x00,0x00,0x00,0x00,0x00,0x00,0x00,
    0x00,0x00,0x00,0x00,0xff,0xff,0xff,0x09,0xd3,0xeb,0xd3,0x40,0x80,0xcf,0x87,0xb3,
    0x2b,0xb0,0x35,0xf9,0x14,0xac,0x21,0xff,0x16,0xaa,0x21,0xff,0x19,0xab,0x24,0xff,
    0x19,0xab,0x24,0xff,0x19,0xab,0x24,0xff,0x19,0xab,0x24,0xff,0x19,0xab,0x24,0xff,
    0x19,0xab,0x24,0xff,0x19,0xab,0x24,0xff,0x19,0xab,0x24,0xff,0x19,0xab,0x24,0xff,
    0x19,0xab,0x24,0xff,0x19,0xab,0x24,0xff,0x19,0xab,0x24,0xff,0x19,0xab,0x24,0xff,
    0x19,0xab,0x24,0xff,0x19,0xab,0x24,0xff,0x19,0xab,0x24,0xff,0x19,0xab,0x24,0xff,
    0x19,0xab,0x24,0xff,0x19,0xab,0x24,0xff,0x19,0xab,0x24,0xff,0x19,0xab,0x24,0xff,
    0x19,0xab,0x24,0xff,0x19,0xab,0x24,0xff,0x19,0xab,0x24,0xff,0x19,0xab,0x24,0xff,
    0x19,0xab,0x24,0xff,0x19,0xab,0x24,0xff,0x19,0xab,0x24,0xff,0x19,0xab,0x24,0xff,
    0x19,0xab,0x24,0xff,0x19,0xab,0x24,0xff,0x19,0xab,0x24,0xff,0x19,0xab,0x24,0xff,
    0x19,0xab,0x24,0xff,0x19,0xab,0x24,0xff,0x19,0xab,0x24,0xff,0x19,0xab,0x24,0xff,
    0x19,0xab,0x24,0xff,0x19,0xab,0x24,0xff,0x19,0xab,0x24,0xff,0x19,0xab,0x24,0xff,
    0x19,0xab,0x24,0xff,0x19,0xab,0x24,0xff,0x19,0xab,0x24,0xff,0x19,0xab,0x24,0xff,
    0x19,0xab,0x24,0xff,0x19,0xab,0x24,0xff,0x19,0xab,0x24,0xff,0x19,0xab,0x24,0xff,
    0x19,0xab,0x24,0xff,0x19,0xab,0x24,0xff,0x19,0xab,0x24,0xff,0x19,0xab,0x24,0xff,
    0x19,0xab,0x24,0xff,0x19,0xab,0x24,0xff,0x19,0xab,0x24,0xff,0x19,0xab,0x24,0xff,
    0x19,0xab,0x24,0xff,0x19,0xab,0x24,0xff,0x19,0xab,0x24,0xff,0x19,0xab,0x24,0xff,
    0x19,0xab,0x24,0xff,0x19,0xab,0x24,0xff,0x19,0xab,0x24,0xff,0x19,0xab,0x24,0xff,
    0x19,0xab,0x24,0xff,0x19,0xab,0x24,0xff,0x19,0xab,0x24,0xff,0x19,0xab,0x24,0xff,
    0x19,0xab,0x24,0xff,0x19,0xab,0x24,0xff,0x19,0xab,0x24,0xff,0x19,0xab,0x24,0xff,
    0x19,0xab,0x24,0xff,0x19,0xab,0x24,0xff,0x19,0xab,0x24,0xff,0x19,0xab,0x24,0xff,
    0x19,0xab,0x24,0xff,0x19,0xab,0x24,0xff,0x19,0xab,0x24,0xff,0x19,0xab,0x24,0xff,
    0x19,0xab,0x24,0xff,0x19,0xab,0x24,0xff,0x19,0xab,0x24,0xff,0x19,0xab,0x24,0xff,
    0x19,0xab,0x24,0xff,0x19,0xab,0x24,0xff,0x19,0xab,0x24,0xff,0x19,0xab,0x24,0xff,
    0x19,0xab,0x24,0xff,0x19,0xab,0x24,0xff,0x19,0xab,0x24,0xff,0x19,0xab,0x24,0xff,
    0x19,0xab,0x24,0xff,0x19,0xab,0x24,0xff,0x19,0xab,0x24,0xff,0x19,0xab,0x24,0xff,
    0x15,0xaa,0x21,0xff,0x16,0xab,0x22,0xff,0x2e,0xb3,0x39,0xfb,0x8d,0xd5,0x95,0xa4,
    0xd2,0xee,0xd6,0x3f,0xff,0xff,0xff,0x0a,0x00,0x00,0x00,0x00,0x00,0x00,0x00,0x00,
    0x00,0x00,0x00,0x00,0x00,0x00,0x00,0x00,0x00,0x00,0x00,0x00,0x00,0x00,0x00,0x00,
    0x00,0x00,0x00,0x00,0x00,0x00,0x00,0x00,0x00,0x00,0x00,0x00,0x00,0x00,0x00,0x00,
    0x00,0x00,0x00,0x00,0x00,0x00,0x00,0x00,0x00,0x00,0x00,0x00,0x00,0x00,0x00,0x00,
    0x00,0x00,0x00,0x00,0x00,0x00,0x00,0x00,0x00,0x00,0x00,0x00,0x00,0x00,0x00,0x00,
    0x00,0x00,0x00,0x00,0x00,0x00,0x00,0x00,0x00,0x00,0x00,0x00,0x00,0x00,0x00,0x00,
    0x00,0x00,0x00,0x00,0x00,0x00,0x00,0x00,0x00,0x00,0x00,0x00,0x00,0x00,0x00,0x00,
    0x00,0x00,0x00,0x00,0x00,0x00,0x00,0x00,0x00,0x00,0x00,0x00,0x00,0x00,0x00,0x00,
    0x00,0x00,0x00,0x00,0x00,0x00,0x00,0x00,0x00,0x00,0x00,0x00,0x00,0x00,0x00,0x00,
    0x00,0x00,0x00,0x00,0x00,0x00,0x00,0x00,0x00,0x00,0x00,0x00,0x00,0x00,0x00,0x00,
    0x00,0x00,0x00,0x00,0x00,0x00,0x00,0x00,0x00,0x00,0x00,0x00,0x00,0x00,0x00,0x00,
    0x00,0x00,0x00,0x00,0x00,0x00,0x00,0x00,0x00,0x00,0x00,0x00,0x00,0x00,0x00,0x00,
    0x00,0x00,0x00,0x00,0x00,0x00,0x00,0x00,0x00,0x00,0x00,0x00,0x00,0x00,0x00,0x00,
    0x00,0x00,0x00,0x00,0x00,0x00,0x00,0x00,0xff,0xff,0xff,0x0a,0xcf,0xeb,0xcf,0x41,
    0x7b,0xce,0x83,0xaf,0x31,0xb3,0x3c,0xf6,0x11,0xac,0x1d,0xff,0x12,0xa8,0x1e,0xff,
    0x1b,0xab,0x25,0xff,0x19,0xab,0x24,0xff,0x19,0xab,0x24,0xff,0x19,0xab,0x24,0xff,
    0x19,0xab,0x24,0xff,0x19,0xab,0x24,0xff,0x19,0xab,0x24,0xff,0x19,0xab,0x24,0xff,
    0x19,0xab,0x24,0xff,0x19,0xab,0x24,0xff,0x19,0xab,0x24,0xff,0x19,0xab,0x24,0xff,
    0x19,0xab,0x24,0xff,0x19,0xab,0x24,0xff,0x19,0xab,0x24,0xff,0x19,0xab,0x24,0xff,
    0x19,0xab,0x24,0xff,0x19,0xab,0x24,0xff,0x19,0xab,0x24,0xff,0x19,0xab,0x24,0xff,
    0x19,0xab,0x24,0xff,0x19,0xab,0x24,0xff,0x19,0xab,0x24,0xff,0x19,0xab,0x24,0xff,
    0x19,0xab,0x24,0xff,0x19,0xab,0x24,0xff,0x19,0xab,0x24,0xff,0x19,0xab,0x24,0xff,
    0x19,0xab,0x24,0xff,0x19,0xab,0x24,0xff,0x19,0xab,0x24,0xff,0x19,0xab,0x24,0xff,
    0x19,0xab,0x24,0xff,0x19,0xab,0x24,0xff,0x19,0xab,0x24,0xff,0x19,0xab,0x24,0xff,
    0x19,0xab,0x24,0xff,0x19,0xab,0x24,0xff,0x19,0xab,0x24,0xff,0x19,0xab,0x24,0xff,
    0x19,0xab,0x24,0xff,0x19,0xab,0x24,0xff,0x19,0xab,0x24,0xff,0x19,0xab,0x24,0xff,
    0x19,0xab,0x24,0xff,0x19,0xab,0x24,0xff,0x19,0xab,0x24,0xff,0x19,0xab,0x24,0xff,
    0x19,0xab,0x24,0xff,0x19,0xab,0x24,0xff,0x19,0xab,0x24,0xff,0x19,0xab,0x24,0xff,
    0x19,0xab,0x24,0xff,0x19,0xab,0x24,0xff,0x19,0xab,0x24,0xff,0x19,0xab,0x24,0xff,
    0x19,0xab,0x24,0xff,0x19,0xab,0x24,0xff,0x19,0xab,0x24,0xff,0x19,0xab,0x24,0xff,
    0x19,0xab,0x24,0xff,0x19,0xab,0x24,0xff,0x19,0xab,0x24,0xff,0x19,0xab,0x24,0xff,
    0x19,0xab,0x24,0xff,0x19,0xab,0x24,0xff,0x19,0xab,0x24,0xff,0x19,0xab,0x24,0xff,
    0x19,0xab,0x24,0xff,0x19,0xab,0x24,0xff,0x19,0xab,0x24,0xff,0x19,0xab,0x24,0xff,
    0x19,0xab,0x24,0xff,0x19,0xab,0x24,0xff,0x19,0xab,0x24,0xff,0x19,0xab,0x24,0xff,
    0x19,0xab,0x24,0xff,0x19,0xab,0x24,0xff,0x19,0xab,0x24,0xff,0x19,0xab,0x24,0xff,
    0x19,0xab,0x24,0xff,0x19,0xab,0x24,0xff,0x19,0xab,0x24,0xff,0x19,0xab,0x24,0xff,
    0x19,0xab,0x24,0xff,0x19,0xab,0x24,0xff,0x19,0xab,0x24,0xff,0x19,0xab,0x24,0xff,
    0x19,0xab,0x24,0xff,0x19,0xab,0x24,0xff,0x19,0xab,0x24,0xff,0x19,0xab,0x24,0xff,
    0x19,0xab,0x24,0xff,0x19,0xab,0x24,0xff,0x1a,0xab,0x25,0xff,0x12,0xa9,0x1e,0xff,
    0x14,0xac,0x1f,0xff,0x32,0xb3,0x3c,0xf7,0x8a,0xd5,0x92,0xa4,0xcf,0xef,0xd3,0x40,
    0xff,0xff,0xff,0x0c,0x00,0x00,0x00,0x00,0x00,0x00,0x00,0x00,0x00,0x00,0x00,0x00,
    0x00,0x00,0x00,0x00,0x00,0x00,0x00,0x00,0x00,0x00,0x00,0x00,0x00,0x00,0x00,0x00,
    0x00,0x00,0x00,0x00,0x00,0x00,0x00,0x00,0x00,0x00,0x00,0x00,0x00,0x00,0x00,0x00,
    0x00,0x00,0x00,0x00,0x00,0x00,0x00,0x00,0x00,0x00,0x00,0x00,0x00,0x00,0x00,0x00,
    0x00,0x00,0x00,0x00,0x00,0x00,0x00,0x00,0x00,0x00,0x00,0x00,0x00,0x00,0x00,0x00,
    0x00,0x00,0x00,0x00,0x00,0x00,0x00,0x00,0x00,0x00,0x00,0x00,0x00,0x00,0x00,0x00,
    0x00,0x00,0x00,0x00,0x00,0x00,0x00,0x00,0x00,0x00,0x00,0x00,0x00,0x00,0x00,0x00,
    0x00,0x00,0x00,0x00,0x00,0x00,0x00,0x00,0x00,0x00,0x00,0x00,0x00,0x00,0x00,0x00,
    0x00,0x00,0x00,0x00,0x00,0x00,0x00,0x00,0x00,0x00,0x00,0x00,0x00,0x00,0x00,0x00,
    0x00,0x00,0x00,0x00,0x00,0x00,0x00,0x00,0x00,0x00,0x00,0x00,0x00,0x00,0x00,0x00,
    0x00,0x00,0x00,0x00,0x00,0x00,0x00,0x00,0x00,0x00,0x00,0x00,0x00,0x00,0x00,0x00,
    0x00,0x00,0x00,0x00,0x00,0x00,0x00,0x00,0x00,0x00,0x00,0x00,0x00,0x00,0x00,0x00,
    0x00,0x00,0x00,0x00,0x00,0x00,0x00,0x00,0x00,0x00,0x00,0x00,0x00,0x00,0x00,0x00,
    0x00,0x00,0x00,0x00,0x00,0x00,0x00,0x00,0x00,0x00,0x00,0x00,0xff,0xff,0xff,0x07,
    0xcd,0xeb,0xd1,0x43,0x77,0xca,0x7d,0xa9,0x34,0xb4,0x3d,0xf3,0x0d,0xab,0x1a,0xff,
    0x10,0xa7,0x1c,0xff,0x19,0xab,0x25,0xff,0x19,0xab,0x24,0xff,0x19,0xab,0x24,0xff,
    0x19,0xab,0x24,0xff,0x19,0xab,0x24,0xff,0x19,0xab,0x24,0xff,0x19,0xab,0x24,0xff,
    0x19,0xab,0x24,0xff,0x19,0xab,0x24,0xff,0x19,0xab,0x24,0xff,0x19,0xab,0x24,0xff,
    0x19,0xab,0x24,0xff,0x19,0xab,0x24,0xff,0x19,0xab,0x24,0xff,0x19,0xab,0x24,0xff,
    0x19,0xab,0x24,0xff,0x19,0xab,0x24,0xff,0x19,0xab,0x24,0xff,0x19,0xab,0x24,0xff,
    0x19,0xab,0x24,0xff,0x19,0xab,0x24,0xff,0x19,0xab,0x24,0xff,0x19,0xab,0x24,0xff,
    0x19,0xab,0x24,0xff,0x19,0xab,0x24,0xff,0x19,0xab,0x24,0xff,0x19,0xab,0x24,0xff,
    0x19,0xab,0x24,0xff,0x19,0xab,0x24,0xff,0x19,0xab,0x24,0xff,0x19,0xab,0x24,0xff,
    0x19,0xab,0x24,0xff,0x19,0xab,0x24,0xff,0x19,0xab,0x24,0xff,0x19,0xab,0x24,0xff,
    0x19,0xab,0x24,0xff,0x19,0xab,0x24,0xff,0x19,0xab,0x24,0xff,0x19,0xab,0x24,0xff,
    0x19,0xab,0x24,0xff,0x19,0xab,0x24,0xff,0x19,0xab,0x24,0xff,0x19,0xab,0x24,0xff,
    0x19,0xab,0x24,0xff,0x19,0xab,0x24,0xff,0x19,0xab,0x24,0xff,0x19,0xab,0x24,0xff,
    0x19,0xab,0x24,0xff,0x19,0xab,0x24,0xff,0x19,0xab,0x24,0xff,0x19,0xab,0x24,0xff,
    0x19,0xab,0x24,0xff,0x19,0xab,0x24,0xff,0x19,0xab,0x24,0xff,0x19,0xab,0x24,0xff,
    0x19,0xab,0x24,0xff,0x19,0xab,0x24,0xff,0x19,0xab,0x24,0xff,0x19,0xab,0x24,0xff,
    0x19,0xab,0x24,0xff,0x19,0xab,0x24,0xff,0x19,0xab,0x24,0xff,0x19,0xab,0x24,0xff,
    0x19,0xab,0x24,0xff,0x19,0xab,0x24,0xff,0x19,0xab,0x24,0xff,0x19,0xab,0x24,0xff,
    0x19,0xab,0x24,0xff,0x19,0xab,0x24,0xff,0x19,0xab,0x24,0xff,0x19,0xab,0x24,0xff,
    0x19,0xab,0x24,0xff,0x19,0xab,0x24,0xff,0x19,0xab,0x24,0xff,0x19,0xab,0x24,0xff,
    0x19,0xab,0x24,0xff,0x19,0xab,0x24,0xff,0x19,0xab,0x24,0xff,0x19,0xab,0x24,0xff,
    0x19,0xab,0x24,0xff,0x19,0xab,0x24,0xff,0x19,0xab,0x24,0xff,0x19,0xab,0x24,0xff,
    0x19,0xab,0x24,0xff,0x19,0xab,0x24,0xff,0x19,0xab,0x24,0xff,0x19,0xab,0x24,0xff,
    0x19,0xab,0x24,0xff,0x19,0xab,0x24,0xff,0x19,0xab,0x24,0xff,0x19,0xab,0x24,0xff,
    0x19,0xab,0x24,0xff,0x1a,0xab,0x25,0xff,0x0d,0xa6,0x18,0xff,0x16,0xb0,0x21,0xff,
    0x3c,0xb7,0x45,0xf2,0x85,0xd1,0x8b,0xa1,0xde,0xf2,0xe2,0x3e,0xff,0xff,0xff,0x0b,
    0x00,0x00,0x00,0x00,0x00,0x00,0x00,0x00,0x00,0x00,0x00,0x00,0x00,0x00,0x00,0x00,
    0x00,0x00,0x00,0x00,0x00,0x00,0x00,0x00,0x00,0x00,0x00,0x00,0x00,0x00,0x00,0x00,
    0x00,0x00,0x00,0x00,0x00,0x00,0x00,0x00,0x00,0x00,0x00,0x00,0x00,0x00,0x00,0x00,
    0x00,0x00,0x00,0x00,0x00,0x00,0x00,0x00,0x00,0x00,0x00,0x00,0x00,0x00,0x00,0x00,
    0x00,0x00,0x00,0x00,0x00,0x00,0x00,0x00,0x00,0x00,0x00,0x00,0x00,0x00,0x00,0x00,
    0x00,0x00,0x00,0x00,0x00,0x00,0x00,0x00,0x00,0x00,0x00,0x00,0x00,0x00,0x00,0x00,
    0x00,0x00,0x00,0x00,0x00,0x00,0x00,0x00,0x00,0x00,0x00,0x00,0x00,0x00,0x00,0x00,
    0x00,0x00,0x00,0x00,0x00,0x00,0x00,0x00,0x00,0x00,0x00,0x00,0x00,0x00,0x00,0x00,
    0x00,0x00,0x00,0x00,0x00,0x00,0x00,0x00,0x00,0x00,0x00,0x00,0x00,0x00,0x00,0x00,
    0x00,0x00,0x00,0x00,0x00,0x00,0x00,0x00,0x00,0x00,0x00,0x00,0x00,0x00,0x00,0x00,
    0x00,0x00,0x00,0x00,0x00,0x00,0x00,0x00,0x00,0x00,0x00,0x00,0x00,0x00,0x00,0x00,
    0x00,0x00,0x00,0x00,0x00,0x00,0x00,0x00,0x00,0x00,0x00,0x00,0x00,0x00,0x00,0x00,
    0x00,0x00,0x00,0x00,0x00,0x00,0x00,0x00,0x00,0x00,0x00,0x00,0x00,0x00,0x00,0x00,
    0x00,0x00,0x00,0x00,0x00,0x00,0x00,0x00,0x00,0x00,0x00,0x00,0x00,0x00,0x00,0x00,
    0xff,0xff,0xff,0x04,0xd7,0xeb,0xdb,0x41,0x76,0xcb,0x7d,0xa3,0x39,0xb7,0x43,0xf1,
    0x11,0xae,0x1e,0xff,0x0f,0xa7,0x19,0xff,0x18,0xaa,0x23,0xff,0x19,0xab,0x24,0xff,
    0x19,0xab,0x24,0xff,0x19,0xab,0x24,0xff,0x19,0xab,0x24,0xff,0x19,0xab,0x24,0xff,
    0x19,0xab,0x24,0xff,0x19,0xab,0x24,0xff,0x19,0xab,0x24,0xff,0x19,0xab,0x24,0xff,
    0x19,0xab,0x24,0xff,0x19,0xab,0x24,0xff,0x19,0xab,0x24,0xff,0x19,0xab,0x24,0xff,
    0x19,0xab,0x24,0xff,0x19,0xab,0x24,0xff,0x19,0xab,0x24,0xff,0x19,0xab,0x24,0xff,
    0x19,0xab,0x24,0xff,0x19,0xab,0x24,0xff,0x19,0xab,0x24,0xff,0x19,0xab,0x24,0xff,
    0x19,0xab,0x24,0xff,0x19,0xab,0x24,0xff,0x19,0xab,0x24,0xff,0x19,0xab,0x24,0xff,
    0x19,0xab,0x24,0xff,0x19,0xab,0x24,0xff,0x19,0xab,0x24,0xff,0x19,0xab,0x24,0xff,
    0x19,0xab,0x24,0xff,0x19,0xab,0x24,0xff,0x19,0xab,0x24,0xff,0x19,0xab,0x24,0xff,
    0x19,0xab,0x24,0xff,0x19,0xab,0x24,0xff,0x19,0xab,0x24,0xff,0x19,0xab,0x24,0xff,
    0x19,0xab,0x24,0xff,0x19,0xab,0x24,0xff,0x19,0xab,0x24,0xff,0x19,0xab,0x24,0xff,
    0x19,0xab,0x24,0xff,0x19,0xab,0x24,0xff,0x19,0xab,0x24,0xff,0x19,0xab,0x24,0xff,
    0x19,0xab,0x24,0xff,0x19,0xab,0x24,0xff,0x19,0xab,0x24,0xff,0x19,0xab,0x24,0xff,
    0x19,0xab,0x24,0xff,0x19,0xab,0x24,0xff,0x19,0xab,0x24,0xff,0x19,0xab,0x24,0xff,
    0x19,0xab,0x24,0xff,0x19,0xab,0x24,0xff,0x19,0xab,0x24,0xff,0x19,0xab,0x24,0xff,
    0x19,0xab,0x24,0xff,0x19,0xab,0x24,0xff,0x19,0xab,0x24,0xff,0x19,0xab,0x24,0xff,
    0x19,0xab,0x24,0xff,0x19,0xab,0x24,0xff,0x19,0xab,0x24,0xff,0x19,0xab,0x24,0xff,
    0x19,0xab,0x24,0xff,0x19,0xab,0x24,0xff,0x19,0xab,0x24,0xff,0x19,0xab,0x24,0xff,
    0x19,0xab,0x24,0xff,0x19,0xab,0x24,0xff,0x19,0xab,0x24,0xff,0x19,0xab,0x24,0xff,
    0x19,0xab,0x24,0xff,0x19,0xab,0x24,0xff,0x19,0xab,0x24,0xff,0x19,0xab,0x24,0xff,
    0x19,0xab,0x24,0xff,0x19,0xab,0x24,0xff,0x19,0xab,0x24,0xff,0x19,0xab,0x24,0xff,
    0x19,0xab,0x24,0xff,0x19,0xab,0x24,0xff,0x19,0xab,0x24,0xff,0x19,0xab,0x24,0xff,
    0x19,0xab,0x24,0xff,0x19,0xab,0x24,0xff,0x19,0xab,0x24,0xff,0x1a,0xab,0x24,0xff,
    0x17,0xaa,0x23,0xff,0x0d,0xa7,0x17,0xff,0x17,0xb0,0x22,0xff,0x3a,0xb6,0x43,0xe8,
    0x7a,0xcc,0x7f,0x98,0xfa,0xf6,0xfa,0x3b,0xff,0xff,0xff,0x06,0x00,0x00,0x00,0x00,
    0x00,0x00,0x00,0x00,0x00,0x00,0x00,0x00,0x00,0x00,0x00,0x00,0x00,0x00,0x00,0x00,
    0x00,0x00,0x00,0x00,0x00,0x00,0x00,0x00,0x00,0x00,0x00,0x00,0x00,0x00,0x00,0x00,
    0x00,0x00,0x00,0x00,0x00,0x00,0x00,0x00,0x00,0x00,0x00,0x00,0x00,0x00,0x00,0x00,
    0x00,0x00,0x00,0x00,0x00,0x00,0x00,0x00,0x00,0x00,0x00,0x00,0x00,0x00,0x00,0x00,
    0x00,0x00,0x00,0x00,0x00,0x00,0x00,0x00,0x00,0x00,0x00,0x00,0x00,0x00,0x00,0x00,
    0x00,0x00,0x00,0x00,0x00,0x00,0x00,0x00,0x00,0x00,0x00,0x00,0x00,0x00,0x00,0x00,
    0x00,0x00,0x00,0x00,0x00,0x00,0x00,0x00,0x00,0x00,0x00,0x00,0x00,0x00,0x00,0x00,
    0x00,0x00,0x00,0x00,0x00,0x00,0x00,0x00,0x00,0x00,0x00,0x00,0x00,0x00,0x00,0x00,
    0x00,0x00,0x00,0x00,0x00,0x00,0x00,0x00,0x00,0x00,0x00,0x00,0x00,0x00,0x00,0x00,
    0x00,0x00,0x00,0x00,0x00,0x00,0x00,0x00,0x00,0x00,0x00,0x00,0x00,0x00,0x00,0x00,
    0x00,0x00,0x00,0x00,0x00,0x00,0x00,0x00,0x00,0x00,0x00,0x00,0x00,0x00,0x00,0x00,
    0x00,0x00,0x00,0x00,0x00,0x00,0x00,0x00,0x00,0x00,0x00,0x00,0x00,0x00,0x00,0x00,
    0x00,0x00,0x00,0x00,0x00,0x00,0x00,0x00,0x00,0x00,0x00,0x00,0x00,0x00,0x00,0x00,
    0x00,0x00,0x00,0x00,0x00,0x00,0x00,0x00,0x00,0x00,0x00,0x00,0x00,0x00,0x00,0x00,
    0x00,0x00,0x00,0x00,0x00,0x00,0x00,0x00,0xf5,0xfa,0xf5,0x38,0x8a,0xd5,0x91,0x99,
    0x33,0xb5,0x3e,0xec,0x14,0xaa,0x1d,0xff,0x11,0xa8,0x1d,0xff,0x16,0xaa,0x22,0xff,
    0x19,0xab,0x24,0xff,0x19,0xab,0x24,0xff,0x19,0xab,0x24,0xff,0x19,0xab,0x24,0xff,
    0x19,0xab,0x24,0xff,0x19,0xab,0x24,0xff,0x19,0xab,0x24,0xff,0x19,0xab,0x24,0xff,
    0x19,0xab,0x24,0xff,0x19,0xab,0x24,0xff,0x19,0xab,0x24,0xff,0x19,0xab,0x24,0xff,
    0x19,0xab,0x24,0xff,0x19,0xab,0x24,0xff,0x19,0xab,0x24,0xff,0x19,0xab,0x24,0xff,
    0x19,0xab,0x24,0xff,0x19,0xab,0x24,0xff,0x19,0xab,0x24,0xff,0x19,0xab,0x24,0xff,
    0x19,0xab,0x24,0xff,0x19,0xab,0x24,0xff,0x19,0xab,0x24,0xff,0x19,0xab,0x24,0xff,
    0x19,0xab,0x24,0xff,0x19,0xab,0x24,0xff,0x19,0xab,0x24,0xff,0x19,0xab,0x24,0xff,
    0x19,0xab,0x24,0xff,0x19,0xab,0x24,0xff,0x19,0xab,0x24,0xff,0x19,0xab,0x24,0xff,
    0x19,0xab,0x24,0xff,0x19,0xab,0x24,0xff,0x19,0xab,0x24,0xff,0x19,0xab,0x24,0xff,
    0x19,0xab,0x24,0xff,0x19,0xab,0x24,0xff,0x19,0xab,0x24,0xff,0x19,0xab,0x24,0xff,
    0x19,0xab,0x24,0xff,0x19,0xab,0x24,0xff,0x19,0xab,0x24,0xff,0x19,0xab,0x24,0xff,
    0x19,0xab,0x24,0xff,0x19,0xab,0x24,0xff,0x19,0xab,0x24,0xff,0x19,0xab,0x24,0xff,
    0x19,0xab,0x24,0xff,0x19,0xab,0x24,0xff,0x19,0xab,0x24,0xff,0x19,0xab,0x24,0xff,
    0x19,0xab,0x24,0xff,0x19,0xab,0x24,0xff,0x19,0xab,0x24,0xff,0x19,0xab,0x24,0xff,
    0x19,0xab,0x24,0xff,0x19,0xab,0x24,0xff,0x19,0xab,0x24,0xff,0x19,0xab,0x24,0xff,
    0x19,0xab,0x24,0xff,0x19,0xab,0x24,0xff,0x19,0xab,0x24,0xff,0x19,0xab,0x24,0xff,
    0x19,0xab,0x24,0xff,0x19,0xab,0x24,0xff,0x19,0xab,0x24,0xff,0x19,0xab,0x24,0xff,
    0x19,0xab,0x24,0xff,0x19,0xab,0x24,0xff,0x19,0xab,0x24,0xff,0x19,0xab,0x24,0xff,
    0x19,0xab,0x24,0xff,0x19,0xab,0x24,0xff,0x19,0xab,0x24,0xff,0x19,0xab,0x24,0xff,
    0x19,0xab,0x24,0xff,0x19,0xab,0x24,0xff,0x19,0xab,0x24,0xff,0x19,0xab,0x24,0xff,
    0x19,0xab,0x24,0xff,0x19,0xab,0x24,0xff,0x19,0xab,0x24,0xff,0x19,0xab,0x24,0xff,
    0x19,0xab,0x24,0xff,0x19,0xab,0x24,0xff,0x18,0xab,0x24,0xff,0x16,0xaa,0x22,0xff,
    0x0f,0xa9,0x1c,0xff,0x18,0xaa,0x20,0xff,0x42,0xb9,0x4b,0xe7,0x80,0xcf,0x88,0x87,
    0xff,0xff,0xff,0x25,0xff,0xff,0xff,0x01,0x00,0x00,0x00,0x00,0x00,0x00,0x00,0x00,
    0x00,0x00,0x00,0x00,0x00,0x00,0x00,0x00,0x00,0x00,0x00,0x00,0x00,0x00,0x00,0x00,
    0x00,0x00,0x00,0x00,0x00,0x00,0x00,0x00,0x00,0x00,0x00,0x00,0x00,0x00,0x00,0x00,
    0x00,0x00,0x00,0x00,0x00,0x00,0x00,0x00,0x00,0x00,0x00,0x00,0x00,0x00,0x00,0x00,
    0x00,0x00,0x00,0x00,0x00,0x00,0x00,0x00,0x00,0x00,0x00,0x00,0x00,0x00,0x00,0x00,
    0x00,0x00,0x00,0x00,0x00,0x00,0x00,0x00,0x00,0x00,0x00,0x00,0x00,0x00,0x00,0x00,
    0x00,0x00,0x00,0x00,0x00,0x00,0x00,0x00,0x00,0x00,0x00,0x00,0x00,0x00,0x00,0x00,
    0x00,0x00,0x00,0x00,0x00,0x00,0x00,0x00,0x00,0x00,0x00,0x00,0x00,0x00,0x00,0x00,
    0x00,0x00,0x00,0x00,0x00,0x00,0x00,0x00,0x00,0x00,0x00,0x00,0x00,0x00,0x00,0x00,
    0x00,0x00,0x00,0x00,0x00,0x00,0x00,0x00,0x00,0x00,0x00,0x00,0x00,0x00,0x00,0x00,
    0x00,0x00,0x00,0x00,0x00,0x00,0x00,0x00,0x00,0x00,0x00,0x00,0x00,0x00,0x00,0x00,
    0x00,0x00,0x00,0x00,0x00,0x00,0x00,0x00,0x00,0x00,0x00,0x00,0x00,0x00,0x00,0x00,
    0x00,0x00,0x00,0x00,0x00,0x00,0x00,0x00,0x00,0x00,0x00,0x00,0x00,0x00,0x00,0x00,
    0x00,0x00,0x00,0x00,0x00,0x00,0x00,0x00,0x00,0x00,0x00,0x00,0x00,0x00,0x00,0x00,
    0x00,0x00,0x00,0x00,0x00,0x00,0x00,0x00,0x00,0x00,0x00,0x00,0x00,0x00,0x00,0x00,
    0x00,0x00,0x00,0x00,0x00,0x00,0x00,0x00,0x00,0x00,0x00,0x00,0xee,0xf6,0xee,0x1e,
    0x9b,0xda,0xa1,0x7d,0x40,0xb8,0x49,0xef,0x14,0xa8,0x1f,0xfd,0x12,0xa8,0x1e,0xff,
    0x17,0xaa,0x22,0xff,0x19,0xab,0x24,0xff,0x19,0xab,0x24,0xff,0x19,0xab,0x24,0xff,
    0x19,0xab,0x24,0xff,0x19,0xab,0x24,0xff,0x19,0xab,0x24,0xff,0x19,0xab,0x24,0xff,
    0x19,0xab,0x24,0xff,0x19,0xab,0x24,0xff,0x19,0xab,0x24,0xff,0x19,0xab,0x24,0xff,
    0x19,0xab,0x24,0xff,0x19,0xab,0x24,0xff,0x19,0xab,0x24,0xff,0x19,0xab,0x24,0xff,
    0x19,0xab,0x24,0xff,0x19,0xab,0x24,0xff,0x19,0xab,0x24,0xff,0x19,0xab,0x24,0xff,
    0x19,0xab,0x24,0xff,0x19,0xab,0x24,0xff,0x19,0xab,0x24,0xff,0x19,0xab,0x24,0xff,
    0x19,0xab,0x24,0xff,0x19,0xab,0x24,0xff,0x19,0xab,0x24,0xff,0x19,0xab,0x24,0xff,
    0x19,0xab,0x24,0xff,0x19,0xab,0x24,0xff,0x19,0xab,0x24,0xff,0x19,0xab,0x24,0xff,
    0x19,0xab,0x24,0xff,0x19,0xab,0x24,0xff,0x19,0xab,0x24,0xff,0x19,0xab,0x24,0xff,
    0x19,0xab,0x24,0xff,0x19,0xab,0x24,0xff,0x19,0xab,0x24,0xff,0x19,0xab,0x24,0xff,
    0x19,0xab,0x24,0xff,0x19,0xab,0x24,0xff,0x19,0xab,0x24,0xff,0x19,0xab,0x24,0xff,
    0x19,0xab,0x24,0xff,0x19,0xab,0x24,0xff,0x19,0xab,0x24,0xff,0x19,0xab,0x24,0xff,
    0x19,0xab,0x24,0xff,0x19,0xab,0x24,0xff,0x19,0xab,0x24,0xff,0x19,0xab,0x24,0xff,
    0x19,0xab,0x24,0xff,0x19,0xab,0x24,0xff,0x19,0xab,0x24,0xff,0x19,0xab,0x24,0xff,
    0x19,0xab,0x24,0xff,0x19,0xab,0x24,0xff,0x19,0xab,0x24,0xff,0x19,0xab,0x24,0xff,
    0x19,0xab,0x24,0xff,0x19,0xab,0x24,0xff,0x19,0xab,0x24,0xff,0x19,0xab,0x24,0xff,
    0x19,0xab,0x24,0xff,0x19,0xab,0x24,0xff,0x19,0xab,0x24,0xff,0x19,0xab,0x24,0xff,
    0x19,0xab,0x24,0xff,0x19,0xab,0x24,0xff,0x19,0xab,0x24,0xff,0x19,0xab,0x24,0xff,
    0x19,0xab,0x24,0xff,0x19,0xab,0x24,0xff,0x19,0xab,0x24,0xff,0x19,0xab,0x24,0xff,
    0x19,0xab,0x24,0xff,0x19,0xab,0x24,0xff,0x19,0xab,0x24,0xff,0x19,0xab,0x24,0xff,
    0x19,0xab,0x24,0xff,0x19,0xab,0x24,0xff,0x19,0xab,0x24,0xff,0x19,0xab,0x24,0xff,
    0x19,0xab,0x24,0xff,0x18,0xab,0x23,0xff,0x15,0xab,0x21,0xff,0x11,0xa9,0x1c,0xff,
    0x15,0xaa,0x21,0xfa,0x55,0xc1,0x5d,0xdc,0xa9,0xdf,0xb0,0x71,0xff,0xff,0xff,0x15,
    0x00,0x00,0x00,0x00,0x00,0x00,0x00,0x00,0x00,0x00,0x00,0x00,0x00,0x00,0x00,0x00,
    0x00,0x00,0x00,0x00,0x00,0x00,0x00,0x00,0x00,0x00,0x00,0x00,0x00,0x00,0x00,0x00,
    0x00,0x00,0x00,0x00,0x00,0x00,0x00,0x00,0x00,0x00,0x00,0x00,0x00,0x00,0x00,0x00,
    0x00,0x00,0x00,0x00,0x00,0x00,0x00,0x00,0x00,0x00,0x00,0x00,0x00,0x00,0x00,0x00,
    0x00,0x00,0x00,0x00,0x00,0x00,0x00,0x00,0x00,0x00,0x00,0x00,0x00,0x00,0x00,0x00,
    0x00,0x00,0x00,0x00,0x00,0x00,0x00,0x00,0x00,0x00,0x00,0x00,0x00,0x00,0x00,0x00,
    0x00,0x00,0x00,0x00,0x00,0x00,0x00,0x00,0x00,0x00,0x00,0x00,0x00,0x00,0x00,0x00,
    0x00,0x00,0x00,0x00,0x00,0x00,0x00,0x00,0x00,0x00,0x00,0x00,0x00,0x00,0x00,0x00,
    0x00,0x00,0x00,0x00,0x00,0x00,0x00,0x00,0x00,0x00,0x00,0x00,0x00,0x00,0x00,0x00,
    0x00,0x00,0x00,0x00,0x00,0x00,0x00,0x00,0x00,0x00,0x00,0x00,0x00,0x00,0x00,0x00,
    0x00,0x00,0x00,0x00,0x00,0x00,0x00,0x00,0x00,0x00,0x00,0x00,0x00,0x00,0x00,0x00,
    0x00,0x00,0x00,0x00,0x00,0x00,0x00,0x00,0x00,0x00,0x00,0x00,0x00,0x00,0x00,0x00,
    0x00,0x00,0x00,0x00,0x00,0x00,0x00,0x00,0x00,0x00,0x00,0x00,0x00,0x00,0x00,0x00,
    0x00,0x00,0x00,0x00,0x00,0x00,0x00,0x00,0x00,0x00,0x00,0x00,0x00,0x00,0x00,0x00,
    0x00,0x00,0x00,0x00,0x00,0x00,0x00,0x00,0x00,0x00,0x00,0x00,0x00,0x00,0x00,0x00,
    0x00,0x00,0x00,0x00,0x00,0x00,0x00,0x00,0x00,0x00,0x00,0x00,0x00,0x00,0x00,0x00,
    0xff,0xff,0xff,0x0b,0xc7,0xe8,0xc9,0x65,0x66,0xc7,0x6d,0xd2,0x22,0xad,0x2d,0xfb,
    0x10,0xa9,0x1c,0xff,0x15,0xaa,0x20,0xff,0x19,0xab,0x23,0xff,0x19,0xab,0x24,0xff,
    0x19,0xab,0x24,0xff,0x19,0xab,0x24,0xff,0x19,0xab,0x24,0xff,0x19,0xab,0x24,0xff,
    0x19,0xab,0x24,0xff,0x19,0xab,0x24,0xff,0x19,0xab,0x24,0xff,0x19,0xab,0x24,0xff,
    0x19,0xab,0x24,0xff,0x19,0xab,0x24,0xff,0x19,0xab,0x24,0xff,0x19,0xab,0x24,0xff,
    0x19,0xab,0x24,0xff,0x19,0xab,0x24,0xff,0x19,0xab,0x24,0xff,0x19,0xab,0x24,0xff,
    0x19,0xab,0x24,0xff,0x19,0xab,0x24,0xff,0x19,0xab,0x24,0xff,0x19,0xab,0x24,0xff,
    0x19,0xab,0x24,0xff,0x19,0xab,0x24,0xff,0x19,0xab,0x24,0xff,0x19,0xab,0x24,0xff,
    0x19,0xab,0x24,0xff,0x19,0xab,0x24,0xff,0x19,0xab,0x24,0xff,0x19,0xab,0x24,0xff,
    0x19,0xab,0x24,0xff,0x19,0xab,0x24,0xff,0x19,0xab,0x24,0xff,0x19,0xab,0x24,0xff,
    0x19,0xab,0x24,0xff,0x19,0xab,0x24,0xff,0x19,0xab,0x24,0xff,0x19,0xab,0x24,0xff,
    0x19,0xab,0x24,0xff,0x19,0xab,0x24,0xff,0x19,0xab,0x24,0xff,0x19,0xab,0x24,0xff,
    0x19,0xab,0x24,0xff,0x19,0xab,0x24,0xff,0x19,0xab,0x24,0xff,0x19,0xab,0x24,0xff,
    0x19,0xab,0x24,0xff,0x19,0xab,0x24,0xff,0x19,0xab,0x24,0xff,0x19,0xab,0x24,0xff,
    0x19,0xab,0x24,0xff,0x19,0xab,0x24,0xff,0x19,0xab,0x24,0xff,0x19,0xab,0x24,0xff,
    0x19,0xab,0x24,0xff,0x19,0xab,0x24,0xff,0x19,0xab,0x24,0xff,0x19,0xab,0x24,0xff,
    0x19,0xab,0x24,0xff,0x19,0xab,0x24,0xff,0x19,0xab,0x24,0xff,0x19,0xab,0x24,0xff,
    0x19,0xab,0x24,0xff,0x19,0xab,0x24,0xff,0x19,0xab,0x24,0xff,0x19,0xab,0x24,0xff,
    0x19,0xab,0x24,0xff,0x19,0xab,0x24,0xff,0x19,0xab,0x24,0xff,0x19,0xab,0x24,0xff,
    0x19,0xab,0x24,0xff,0x19,0xab,0x24,0xff,0x19,0xab,0x24,0xff,0x19,0xab,0x24,0xff,
    0x19,0xab,0x24,0xff,0x19,0xab,0x24,0xff,0x19,0xab,0x24,0xff,0x19,0xab,0x24,0xff,
    0x19,0xab,0x24,0xff,0x19,0xab,0x24,0xff,0x19,0xab,0x24,0xff,0x19,0xab,0x24,0xff,
    0x18,0xab,0x23,0xff,0x13,0xa8,0x1e,0xff,0x0f,0xa8,0x1b,0xff,0x1f,0xad,0x29,0xfb,
    0x7f,0xcf,0x83,0xc2,0xcc,0xe9,0xd0,0x47,0xff,0xff,0xff,0x0a,0x00,0x00,0x00,0x00,
    0x00,0x00,0x00,0x00,0x00,0x00,0x00,0x00,0x00,0x00,0x00,0x00,0x00,0x00,0x00,0x00,
    0x00,0x00,0x00,0x00,0x00,0x00,0x00,0x00,0x00,0x00,0x00,0x00,0x00,0x00,0x00,0x00,
    0x00,0x00,0x00,0x00,0x00,0x00,0x00,0x00,0x00,0x00,0x00,0x00,0x00,0x00,0x00,0x00,
    0x00,0x00,0x00,0x00,0x00,0x00,0x00,0x00,0x00,0x00,0x00,0x00,0x00,0x00,0x00,0x00,
    0x00,0x00,0x00,0x00,0x00,0x00,0x00,0x00,0x00,0x00,0x00,0x00,0x00,0x00,0x00,0x00,
    0x00,0x00,0x00,0x00,0x00,0x00,0x00,0x00,0x00,0x00,0x00,0x00,0x00,0x00,0x00,0x00,
    0x00,0x00,0x00,0x00,0x00,0x00,0x00,0x00,0x00,0x00,0x00,0x00,0x00,0x00,0x00,0x00,
    0x00,0x00,0x00,0x00,0x00,0x00,0x00,0x00,0x00,0x00,0x00,0x00,0x00,0x00,0x00,0x00,
    0x00,0x00,0x00,0x00,0x00,0x00,0x00,0x00,0x00,0x00,0x00,0x00,0x00,0x00,0x00,0x00,
    0x00,0x00,0x00,0x00,0x00,0x00,0x00,0x00,0x00,0x00,0x00,0x00,0x00,0x00,0x00,0x00,
    0x00,0x00,0x00,0x00,0x00,0x00,0x00,0x00,0x00,0x00,0x00,0x00,0x00,0x00,0x00,0x00,
    0x00,0x00,0x00,0x00,0x00,0x00,0x00,0x00,0x00,0x00,0x00,0x00,0x00,0x00,0x00,0x00,
    0x00,0x00,0x00,0x00,0x00,0x00,0x00,0x00,0x00,0x00,0x00,0x00,0x00,0x00,0x00,0x00,
    0x00,0x00,0x00,0x00,0x00,0x00,0x00,0x00,0x00,0x00,0x00,0x00,0x00,0x00,0x00,0x00,
    0x00,0x00,0x00,0x00,0x00,0x00,0x00,0x00,0x00,0x00,0x00,0x00,0x00,0x00,0x00,0x00,
    0x00,0x00,0x00,0x00,0x00,0x00,0x00,0x00,0x00,0x00,0x00,0x00,0x00,0x00,0x00,0x00,
    0x00,0x00,0x00,0x00,0xff,0xff,0xff,0x0b,0xcc,0xe9,0xcf,0x46,0x88,0xd3,0x90,0xaf,
    0x3f,0xb8,0x48,0xf6,0x15,0xaf,0x21,0xff,0x13,0xaa,0x1e,0xff,0x18,0xab,0x23,0xff,
    0x19,0xab,0x24,0xff,0x19,0xab,0x24,0xff,0x19,0xab,0x24,0xff,0x19,0xab,0x24,0xff,
    0x19,0xab,0x24,0xff,0x19,0xab,0x24,0xff,0x19,0xab,0x24,0xff,0x19,0xab,0x24,0xff,
    0x19,0xab,0x24,0xff,0x19,0xab,0x24,0xff,0x19,0xab,0x24,0xff,0x19,0xab,0x24,0xff,
    0x19,0xab,0x24,0xff,0x19,0xab,0x24,0xff,0x19,0xab,0x24,0xff,0x19,0xab,0x24,0xff,
    0x19,0xab,0x24,0xff,0x19,0xab,0x24,0xff,0x19,0xab,0x24,0xff,0x19,0xab,0x24,0xff,
    0x19,0xab,0x24,0xff,0x19,0xab,0x24,0xff,0x19,0xab,0x24,0xff,0x19,0xab,0x24,0xff,
    0x19,0xab,0x24,0xff,0x19,0xab,0x24,0xff,0x19,0xab,0x24,0xff,0x19,0xab,0x24,0xff,
    0x19,0xab,0x24,0xff,0x19,0xab,0x24,0xff,0x19,0xab,0x24,0xff,0x19,0xab,0x24,0xff,
    0x19,0xab,0x24,0xff,0x19,0xab,0x24,0xff,0x19,0xab,0x24,0xff,0x19,0xab,0x24,0xff,
    0x19,0xab,0x24,0xff,0x19,0xab,0x24,0xff,0x19,0xab,0x24,0xff,0x19,0xab,0x24,0xff,
    0x19,0xab,0x24,0xff,0x19,0xab,0x24,0xff,0x19,0xab,0x24,0xff,0x19,0xab,0x24,0xff,
    0x19,0xab,0x24,0xff,0x19,0xab,0x24,0xff,0x19,0xab,0x24,0xff,0x19,0xab,0x24,0xff,
    0x19,0xab,0x24,0xff,0x19,0xab,0x24,0xff,0x19,0xab,0x24,0xff,0x19,0xab,0x24,0xff,
    0x19,0xab,0x24,0xff,0x19,0xab,0x24,0xff,0x19,0xab,0x24,0xff,0x19,0xab,0x24,0xff,
    0x19,0xab,0x24,0xff,0x19,0xab,0x24,0xff,0x19,0xab,0x24,0xff,0x19,0xab,0x24,0xff,
    0x19,0xab,0x24,0xff,0x19,0xab,0x24,0xff,0x19,0xab,0x24,0xff,0x19,0xab,0x24,0xff,
    0x19,0xab,0x24,0xff,0x19,0xab,0x24,0xff,0x19,0xab,0x24,0xff,0x19,0xab,0x24,0xff,
    0x19,0xab,0x24,0xff,0x19,0xab,0x24,0xff,0x19,0xab,0x24,0xff,0x19,0xab,0x24,0xff,
    0x19,0xab,0x24,0xff,0x19,0xab,0x24,0xff,0x19,0xab,0x24,0xff,0x19,0xab,0x24,0xff,
    0x19,0xab,0x24,0xff,0x19,0xab,0x24,0xff,0x19,0xab,0x24,0xff,0x18,0xaa,0x23,0xff,
    0x10,0xa8,0x1c,0xff,0x16,0xaf,0x22,0xff,0x39,0xb7,0x43,0xf7,0x96,0xd8,0x9b,0xa4,
    0xcf,0xe9,0xcf,0x3b,0xff,0xff,0xff,0x09,0x00,0x00,0x00,0x00,0x00,0x00,0x00,0x00,
    0x00,0x00,0x00,0x00,0x00,0x00,0x00,0x00,0x00,0x00,0x00,0x00,0x00,0x00,0x00,0x00,
    0x00,0x00,0x00,0x00,0x00,0x00,0x00,0x00,0x00,0x00,0x00,0x00,0x00,0x00,0x00,0x00,
    0x00,0x00,0x00,0x00,0x00,0x00,0x00,0x00,0x00,0x00,0x00,0x00,0x00,0x00,0x00,0x00,
    0x00,0x00,0x00,0x00,0x00,0x00,0x00,0x00,0x00,0x00,0x00,0x00,0x00,0x00,0x00,0x00,
    0x00,0x00,0x00,0x00,0x00,0x00,0x00,0x00,0x00,0x00,0x00,0x00,0x00,0x00,0x00,0x00,
    0x00,0x00,0x00,0x00,0x00,0x00,0x00,0x00,0x00,0x00,0x00,0x00,0x00,0x00,0x00,0x00,
    0x00,0x00,0x00,0x00,0x00,0x00,0x00,0x00,0x00,0x00,0x00,0x00,0x00,0x00,0x00,0x00,
    0x00,0x00,0x00,0x00,0x00,0x00,0x00,0x00,0x00,0x00,0x00,0x00,0x00,0x00,0x00,0x00,
    0x00,0x00,0x00,0x00,0x00,0x00,0x00,0x00,0x00,0x00,0x00,0x00,0x00,0x00,0x00,0x00,
    0x00,0x00,0x00,0x00,0x00,0x00,0x00,0x00,0x00,0x00,0x00,0x00,0x00,0x00,0x00,0x00,
    0x00,0x00,0x00,0x00,0x00,0x00,0x00,0x00,0x00,0x00,0x00,0x00,0x00,0x00,0x00,0x00,
    0x00,0x00,0x00,0x00,0x00,0x00,0x00,0x00,0x00,0x00,0x00,0x00,0x00,0x00,0x00,0x00,
    0x00,0x00,0x00,0x00,0x00,0x00,0x00,0x00,0x00,0x00,0x00,0x00,0x00,0x00,0x00,0x00,
    0x00,0x00,0x00,0x00,0x00,0x00,0x00,0x00,0x00,0x00,0x00,0x00,0x00,0x00,0x00,0x00,
    0x00,0x00,0x00,0x00,0x00,0x00,0x00,0x00,0x00,0x00,0x00,0x00,0x00,0x00,0x00,0x00,
    0x00,0x00,0x00,0x00,0x00,0x00,0x00,0x00,0x00,0x00,0x00,0x00,0x00,0x00,0x00,0x00,
    0x00,0x00,0x00,0x00,0x00,0x00,0x00,0x00,0xff,0xff,0xff,0x07,0xc0,0xe8,0xc6,0x2d,
    0x7e,0xd0,0x84,0x83,0x51,0xbe,0x5b,0xda,0x2d,0xb5,0x37,0xff,0x17,0xae,0x22,0xff,
    0x15,0xa9,0x20,0xff,0x17,0xab,0x22,0xff,0x19,0xab,0x24,0xff,0x19,0xab,0x24,0xff,
    0x19,0xab,0x24,0xff,0x19,0xab,0x24,0xff,0x19,0xab,0x24,0xff,0x19,0xab,0x24,0xff,
    0x19,0xab,0x24,0xff,0x19,0xab,0x24,0xff,0x19,0xab,0x24,0xff,0x19,0xab,0x24,0xff,
    0x19,0xab,0x24,0xff,0x19,0xab,0x24,0xff,0x19,0xab,0x24,0xff,0x19,0xab,0x24,0xff,
    0x19,0xab,0x24,0xff,0x19,0xab,0x24,0xff,0x19,0xab,0x24,0xff,0x19,0xab,0x24,0xff,
    0x19,0xab,0x24,0xff,0x19,0xab,0x24,0xff,0x19,0xab,0x24,0xff,0x19,0xab,0x24,0xff,
    0x19,0xab,0x24,0xff,0x19,0xab,0x24,0xff,0x19,0xab,0x24,0xff,0x19,0xab,0x24,0xff,
    0x19,0xab,0x24,0xff,0x19,0xab,0x24,0xff,0x19,0xab,0x24,0xff,0x19,0xab,0x24,0xff,
    0x19,0xab,0x24,0xff,0x19,0xab,0x24,0xff,0x19,0xab,0x24,0xff,0x19,0xab,0x24,0xff,
    0x19,0xab,0x24,0xff,0x19,0xab,0x24,0xff,0x19,0xab,0x24,0xff,0x19,0xab,0x24,0xff,
    0x19,0xab,0x24,0xff,0x19,0xab,0x24,0xff,0x19,0xab,0x24,0xff,0x19,0xab,0x24,0xff,
    0x19,0xab,0x24,0xff,0x19,0xab,0x24,0xff,0x19,0xab,0x24,0xff,0x19,0xab,0x24,0xff,
    0x19,0xab,0x24,0xff,0x19,0xab,0x24,0xff,0x19,0xab,0x24,0xff,0x19,0xab,0x24,0xff,
    0x19,0xab,0x24,0xff,0x19,0xab,0x24,0xff,0x19,0xab,0x24,0xff,0x19,0xab,0x24,0xff,
    0x19,0xab,0x24,0xff,0x19,0xab,0x24,0xff,0x19,0xab,0x24,0xff,0x19,0xab,0x24,0xff,
    0x19,0xab,0x24,0xff,0x19,0xab,0x24,0xff,0x19,0xab,0x24,0xff,0x19,0xab,0x24,0xff,
    0x19,0xab,0x24,0xff,0x19,0xab,0x24,0xff,0x19,0xab,0x24,0xff,0x19,0xab,0x24,0xff,
    0x19,0xab,0x24,0xff,0x19,0xab,0x24,0xff,0x19,0xab,0x24,0xff,0x19,0xab,0x24,0xff,
    0x19,0xab,0x24,0xff,0x19,0xab,0x24,0xff,0x19,0xab,0x24,0xff,0x19,0xab,0x24,0xff,
    0x19,0xab,0x24,0xff,0x18,0xab,0x23,0xff,0x14,0xaa,0x20,0xff,0x17,0xaf,0x22,0xff,
    0x31,0xb4,0x3c,0xfc,0x57,0xc1,0x62,0xd0,0x83,0xd2,0x89,0x7e,0xd1,0xeb,0xd1,0x27,
    0xff,0xff,0xff,0x05,0x00,0x00,0x00,0x00,0x00,0x00,0x00,0x00,0x00,0x00,0x00,0x00,
    0x00,0x00,0x00,0x00,0x00,0x00,0x00,0x00,0x00,0x00,0x00,0x00,0x00,0x00,0x00,0x00,
    0x00,0x00,0x00,0x00,0x00,0x00,0x00,0x00,0x00,0x00,0x00,0x00,0x00,0x00,0x00,0x00,
    0x00,0x00,0x00,0x00,0x00,0x00,0x00,0x00,0x00,0x00,0x00,0x00,0x00,0x00,0x00,0x00,
    0x00,0x00,0x00,0x00,0x00,0x00,0x00,0x00,0x00,0x00,0x00,0x00,0x00,0x00,0x00,0x00,
    0x00,0x00,0x00,0x00,0x00,0x00,0x00,0x00,0x00,0x00,0x00,0x00,0x00,0x00,0x00,0x00,
    0x00,0x00,0x00,0x00,0x00,0x00,0x00,0x00,0x00,0x00,0x00,0x00,0x00,0x00,0x00,0x00,
    0x00,0x00,0x00,0x00,0x00,0x00,0x00,0x00,0x00,0x00,0x00,0x00,0x00,0x00,0x00,0x00,
    0x00,0x00,0x00,0x00,0x00,0x00,0x00,0x00,0x00,0x00,0x00,0x00,0x00,0x00,0x00,0x00,
    0x00,0x00,0x00,0x00,0x00,0x00,0x00,0x00,0x00,0x00,0x00,0x00,0x00,0x00,0x00,0x00,
    0x00,0x00,0x00,0x00,0x00,0x00,0x00,0x00,0x00,0x00,0x00,0x00,0x00,0x00,0x00,0x00,
    0x00,0x00,0x00,0x00,0x00,0x00,0x00,0x00,0x00,0x00,0x00,0x00,0x00,0x00,0x00,0x00,
    0x00,0x00,0x00,0x00,0x00,0x00,0x00,0x00,0x00,0x00,0x00,0x00,0x00,0x00,0x00,0x00,
    0x00,0x00,0x00,0x00,0x00,0x00,0x00,0x00,0x00,0x00,0x00,0x00,0x00,0x00,0x00,0x00,
    0x00,0x00,0x00,0x00,0x00,0x00,0x00,0x00,0x00,0x00,0x00,0x00,0x00,0x00,0x00,0x00,
    0x00,0x00,0x00,0x00,0x00,0x00,0x00,0x00,0x00,0x00,0x00,0x00,0x00,0x00,0x00,0x00,
    0x00,0x00,0x00,0x00,0x00,0x00,0x00,0x00,0x00,0x00,0x00,0x00,0x00,0x00,0x00,0x00,
    0x00,0x00,0x00,0x00,0x00,0x00,0x00,0x00,0x00,0x00,0x00,0x00,0x00,0x00,0x00,0x00,
    0xe2,0xf5,0xe2,0x1b,0x96,0xd6,0x9b,0x64,0x69,0xc6,0x70,0xb5,0x40,0xba,0x4a,0xed,
    0x1f,0xb1,0x2b,0xff,0x14,0xac,0x20,0xff,0x16,0xaa,0x21,0xff,0x18,0xab,0x23,0xff,
    0x19,0xab,0x24,0xff,0x19,0xab,0x24,0xff,0x19,0xab,0x24,0xff,0x19,0xab,0x24,0xff,
    0x19,0xab,0x24,0xff,0x19,0xab,0x24,0xff,0x19,0xab,0x24,0xff,0x19,0xab,0x24,0xff,
    0x19,0xab,0x24,0xff,0x19,0xab,0x24,0xff,0x19,0xab,0x24,0xff,0x19,0xab,0x24,0xff,
    0x19,0xab,0x24,0xff,0x19,0xab,0x24,0xff,0x19,0xab,0x24,0xff,0x19,0xab,0x24,0xff,
    0x19,0xab,0x24,0xff,0x19,0xab,0x24,0xff,0x19,0xab,0x24,0xff,0x19,0xab,0x24,0xff,
    0x19,0xab,0x24,0xff,0x19,0xab,0x24,0xff,0x19,0xab,0x24,0xff,0x19,0xab,0x24,0xff,
    0x19,0xab,0x24,0xff,0x19,0xab,0x24,0xff,0x19,0xab,0x24,0xff,0x19,0xab,0x24,0xff,
    0x19,0xab,0x24,0xff,0x19,0xab,0x24,0xff,0x19,0xab,0x24,0xff,0x19,0xab,0x24,0xff,
    0x19,0xab,0x24,0xff,0x19,0xab,0x24,0xff,0x19,0xab,0x24,0xff,0x19,0xab,0x24,0xff,
    0x19,0xab,0x24,0xff,0x19,0xab,0x24,0xff,0x19,0xab,0x24,0xff,0x19,0xab,0x24,0xff,
    0x19,0xab,0x24,0xff,0x19,0xab,0x24,0xff,0x19,0xab,0x24,0xff,0x19,0xab,0x24,0xff,
    0x19,0xab,0x24,0xff,0x19,0xab,0x24,0xff,0x19,0xab,0x24,0xff,0x19,0xab,0x24,0xff,
    0x19,0xab,0x24,0xff,0x19,0xab,0x24,0xff,0x19,0xab,0x24,0xff,0x19,0xab,0x24,0xff,
    0x19,0xab,0x24,0xff,0x19,0xab,0x24,0xff,0x19,0xab,0x24,0xff,0x19,0xab,0x24,0xff,
    0x19,0xab,0x24,0xff,0x19,0xab,0x24,0xff,0x19,0xab,0x24,0xff,0x19,0xab,0x24,0xff,
    0x19,0xab,0x24,0xff,0x19,0xab,0x24,0xff,0x19,0xab,0x24,0xff,0x19,0xab,0x24,0xff,
    0x19,0xab,0x24,0xff,0x19,0xab,0x24,0xff,0x19,0xab,0x24,0xff,0x19,0xab,0x24,0xff,
    0x19,0xab,0x24,0xff,0x19,0xab,0x24,0xff,0x1a,0xab,0x24,0xff,0x18,0xaa,0x23,0xff,
    0x16,0xaa,0x21,0xff,0x17,0xac,0x22,0xff,0x21,0xb3,0x2b,0xff,0x44,0xba,0x4c,0xe8,
    0x72,0xcc,0x7b,0xaa,0xa9,0xdd,0xae,0x5c,0xff,0xff,0xff,0x18,0x00,0x00,0x00,0x00,
    0x00,0x00,0x00,0x00,0x00,0x00,0x00,0x00,0x00,0x00,0x00,0x00,0x00,0x00,0x00,0x00,
    0x00,0x00,0x00,0x00,0x00,0x00,0x00,0x00,0x00,0x00,0x00,0x00,0x00,0x00,0x00,0x00,
    0x00,0x00,0x00,0x00,0x00,0x00,0x00,0x00,0x00,0x00,0x00,0x00,0x00,0x00,0x00,0x00,
    0x00,0x00,0x00,0x00,0x00,0x00,0x00,0x00,0x00,0x00,0x00,0x00,0x00,0x00,0x00,0x00,
    0x00,0x00,0x00,0x00,0x00,0x00,0x00,0x00,0x00,0x00,0x00,0x00,0x00,0x00,0x00,0x00,
    0x00,0x00,0x00,0x00,0x00,0x00,0x00,0x00,0x00,0x00,0x00,0x00,0x00,0x00,0x00,0x00,
    0x00,0x00,0x00,0x00,0x00,0x00,0x00,0x00,0x00,0x00,0x00,0x00,0x00,0x00,0x00,0x00,
    0x00,0x00,0x00,0x00,0x00,0x00,0x00,0x00,0x00,0x00,0x00,0x00,0x00,0x00,0x00,0x00,
    0x00,0x00,0x00,0x00,0x00,0x00,0x00,0x00,0x00,0x00,0x00,0x00,0x00,0x00,0x00,0x00,
    0x00,0x00,0x00,0x00,0x00,0x00,0x00,0x00,0x00,0x00,0x00,0x00,0x00,0x00,0x00,0x00,
    0x00,0x00,0x00,0x00,0x00,0x00,0x00,0x00,0x00,0x00,0x00,0x00,0x00,0x00,0x00,0x00,
    0x00,0x00,0x00,0x00,0x00,0x00,0x00,0x00,0x00,0x00,0x00,0x00,0x00,0x00,0x00,0x00,
    0x00,0x00,0x00,0x00,0x00,0x00,0x00,0x00,0x00,0x00,0x00,0x00,0x00,0x00,0x00,0x00,
    0x00,0x00,0x00,0x00,0x00,0x00,0x00,0x00,0x00,0x00,0x00,0x00,0x00,0x00,0x00,0x00,
    0x00,0x00,0x00,0x00,0x00,0x00,0x00,0x00,0x00,0x00,0x00,0x00,0x00,0x00,0x00,0x00,
    0x00,0x00,0x00,0x00,0x00,0x00,0x00,0x00,0x00,0x00,0x00,0x00,0x00,0x00,0x00,0x00,
    0x00,0x00,0x00,0x00,0x00,0x00,0x00,0x00,0x00,0x00,0x00,0x00,0x00,0x00,0x00,0x00,
    0x00,0x00,0x00,0x00,0x00,0x00,0x00,0x00,0x00,0x00,0x00,0x00,0x00,0x00,0x00,0x00,
    0x00,0x00,0x00,0x00,0xff,0xff,0xff,0x07,0xde,0xf2,0xde,0x3e,0x78,0xcd,0x7d,0x8c,
    0x4c,0xbd,0x55,0xd9,0x2f,0xb3,0x39,0xf9,0x1c,0xae,0x28,0xff,0x13,0xaa,0x1f,0xff,
    0x14,0xa9,0x1f,0xff,0x19,0xab,0x24,0xff,0x19,0xab,0x24,0xff,0x19,0xab,0x24,0xff,
    0x19,0xab,0x24,0xff,0x19,0xab,0x24,0xff,0x19,0xab,0x24,0xff,0x19,0xab,0x24,0xff,
    0x19,0xab,0x24,0xff,0x19,0xab,0x24,0xff,0x19,0xab,0x24,0xff,0x19,0xab,0x24,0xff,
    0x19,0xab,0x24,0xff,0x19,0xab,0x24,0xff,0x19,0xab,0x24,0xff,0x19,0xab,0x24,0xff,
    0x19,0xab,0x24,0xff,0x19,0xab,0x24,0xff,0x19,0xab,0x24,0xff,0x19,0xab,0x24,0xff,
    0x19,0xab,0x24,0xff,0x19,0xab,0x24,0xff,0x19,0xab,0x24,0xff,0x19,0xab,0x24,0xff,
    0x19,0xab,0x24,0xff,0x19,0xab,0x24,0xff,0x19,0xab,0x24,0xff,0x19,0xab,0x24,0xff,
    0x19,0xab,0x24,0xff,0x19,0xab,0x24,0xff,0x19,0xab,0x24,0xff,0x19,0xab,0x24,0xff,
    0x19,0xab,0x24,0xff,0x19,0xab,0x24,0xff,0x19,0xab,0x24,0xff,0x19,0xab,0x24,0xff,
    0x19,0xab,0x24,0xff,0x19,0xab,0x24,0xff,0x19,0xab,0x24,0xff,0x19,0xab,0x24,0xff,
    0x19,0xab,0x24,0xff,0x19,0xab,0x24,0xff,0x19,0xab,0x24,0xff,0x19,0xab,0x24,0xff,
    0x19,0xab,0x24,0xff,0x19,0xab,0x24,0xff,0x19,0xab,0x24,0xff,0x19,0xab,0x24,0xff,
    0x19,0xab,0x24,0xff,0x19,0xab,0x24,0xff,0x19,0xab,0x24,0xff,0x19,0xab,0x24,0xff,
    0x19,0xab,0x24,0xff,0x19,0xab,0x24,0xff,0x19,0xab,0x24,0xff,0x19,0xab,0x24,0xff,
    0x19,0xab,0x24,0xff,0x19,0xab,0x24,0xff,0x19,0xab,0x24,0xff,0x19,0xab,0x24,0xff,
    0x19,0xab,0x24,0xff,0x19,0xab,0x24,0xff,0x19,0xab,0x24,0xff,0x19,0xab,0x24,0xff,
    0x19,0xab,0x24,0xff,0x19,0xab,0x24,0xff,0x19,0xab,0x24,0xff,0x19,0xab,0x24,0xff,
    0x19,0xab,0x24,0xff,0x18,0xab,0x23,0xff,0x15,0xaa,0x20,0xff,0x14,0xab,0x20,0xff,
    0x1e,0xae,0x2a,0xff,0x34,0xb4,0x3e,0xf4,0x4d,0xbc,0x54,0xd6,0x87,0xd2,0x8b,0x84,
    0xe7,0xf5,0xe7,0x37,0xff,0xff,0xff,0x06,0x00,0x00,0x00,0x00,0x00,0x00,0x00,0x00,
    0x00,0x00,0x00,0x00,0x00,0x00,0x00,0x00,0x00,0x00,0x00,0x00,0x00,0x00,0x00,0x00,
    0x00,0x00,0x00,0x00,0x00,0x00,0x00,0x00,0x00,0x00,0x00,0x00,0x00,0x00,0x00,0x00,
    0x00,0x00,0x00,0x00,0x00,0x00,0x00,0x00,0x00,0x00,0x00,0x00,0x00,0x00,0x00,0x00,
    0x00,0x00,0x00,0x00,0x00,0x00,0x00,0x00,0x00,0x00,0x00,0x00,0x00,0x00,0x00,0x00,
    0x00,0x00,0x00,0x00,0x00,0x00,0x00,0x00,0x00,0x00,0x00,0x00,0x00,0x00,0x00,0x00,
    0x00,0x00,0x00,0x00,0x00,0x00,0x00,0x00,0x00,0x00,0x00,0x00,0x00,0x00,0x00,0x00,
    0x00,0x00,0x00,0x00,0x00,0x00,0x00,0x00,0x00,0x00,0x00,0x00,0x00,0x00,0x00,0x00,
    0x00,0x00,0x00,0x00,0x00,0x00,0x00,0x00,0x00,0x00,0x00,0x00,0x00,0x00,0x00,0x00,
    0x00,0x00,0x00,0x00,0x00,0x00,0x00,0x00,0x00,0x00,0x00,0x00,0x00,0x00,0x00,0x00,
    0x00,0x00,0x00,0x00,0x00,0x00,0x00,0x00,0x00,0x00,0x00,0x00,0x00,0x00,0x00,0x00,
    0x00,0x00,0x00,0x00,0x00,0x00,0x00,0x00,0x00,0x00,0x00,0x00,0x00,0x00,0x00,0x00,
    0x00,0x00,0x00,0x00,0x00,0x00,0x00,0x00,0x00,0x00,0x00,0x00,0x00,0x00,0x00,0x00,
    0x00,0x00,0x00,0x00,0x00,0x00,0x00,0x00,0x00,0x00,0x00,0x00,0x00,0x00,0x00,0x00,
    0x00,0x00,0x00,0x00,0x00,0x00,0x00,0x00,0x00,0x00,0x00,0x00,0x00,0x00,0x00,0x00,
    0x00,0x00,0x00,0x00,0x00,0x00,0x00,0x00,0x00,0x00,0x00,0x00,0x00,0x00,0x00,0x00,
    0x00,0x00,0x00,0x00,0x00,0x00,0x00,0x00,0x00,0x00,0x00,0x00,0x00,0x00,0x00,0x00,
    0x00,0x00,0x00,0x00,0x00,0x00,0x00,0x00,0x00,0x00,0x00,0x00,0x00,0x00,0x00,0x00,
    0x00,0x00,0x00,0x00,0x00,0x00,0x00,0x00,0x00,0x00,0x00,0x00,0x00,0x00,0x00,0x00,
    0x00,0x00,0x00,0x00,0x00,0x00,0x00,0x00,0x00,0x00,0x00,0x00,0xd7,0xeb,0xd7,0x0d,
    0xca,0xec,0xca,0x62,0x71,0xcc,0x77,0xb9,0x3a,0xb5,0x44,0xea,0x1d,0xab,0x28,0xfd,
    0x15,0xaa,0x20,0xff,0x16,0xaa,0x21,0xff,0x16,0xaa,0x21,0xff,0x18,0xab,0x23,0xff,
    0x19,0xab,0x24,0xff,0x19,0xab,0x24,0xff,0x19,0xab,0x24,0xff,0x19,0xab,0x24,0xff,
    0x19,0xab,0x24,0xff,0x19,0xab,0x24,0xff,0x19,0xab,0x24,0xff,0x19,0xab,0x24,0xff,
    0x19,0xab,0x24,0xff,0x19,0xab,0x24,0xff,0x19,0xab,0x24,0xff,0x19,0xab,0x24,0xff,
    0x19,0xab,0x24,0xff,0x19,0xab,0x24,0xff,0x19,0xab,0x24,0xff,0x19,0xab,0x24,0xff,
    0x19,0xab,0x24,0xff,0x19,0xab,0x24,0xff,0x19,0xab,0x24,0xff,0x19,0xab,0x24,0xff,
    0x19,0xab,0x24,0xff,0x19,0xab,0x24,0xff,0x19,0xab,0x24,0xff,0x19,0xab,0x24,0xff,
    0x19,0xab,0x24,0xff,0x19,0xab,0x24,0xff,0x19,0xab,0x24,0xff,0x19,0xab,0x24,0xff,
    0x19,0xab,0x24,0xff,0x19,0xab,0x24,0xff,0x19,0xab,0x24,0xff,0x19,0xab,0x24,0xff,
    0x19,0xab,0x24,0xff,0x19,0xab,0x24,0xff,0x19,0xab,0x24,0xff,0x19,0xab,0x24,0xff,
    0x19,0xab,0x24,0xff,0x19,0xab,0x24,0xff,0x19,0xab,0x24,0xff,0x19,0xab,0x24,0xff,
    0x19,0xab,0x24,0xff,0x19,0xab,0x24,0xff,0x19,0xab,0x24,0xff,0x19,0xab,0x24,0xff,
    0x19,0xab,0x24,0xff,0x19,0xab,0x24,0xff,0x19,0xab,0x24,0xff,0x19,0xab,0x24,0xff,
    0x19,0xab,0x24,0xff,0x19,0xab,0x24,0xff,0x19,0xab,0x24,0xff,0x19,0xab,0x24,0xff,
    0x19,0xab,0x24,0xff,0x19,0xab,0x24,0xff,0x19,0xab,0x24,0xff,0x19,0xab,0x24,0xff,
    0x19,0xab,0x24,0xff,0x19,0xab,0x24,0xff,0x19,0xab,0x24,0xff,0x19,0xab,0x24,0xff,
    0x19,0xab,0x24,0xff,0x19,0xab,0x24,0xff,0x19,0xab,0x24,0xff,0x18,0xab,0x24,0xff,
    0x14,0xa9,0x22,0xff,0x15,0xaa,0x21,0xff,0x17,0xac,0x23,0xff,0x22,0xae,0x2d,0xfb,
    0x3f,0xb8,0x4a,0xe6,0x7b,0xce,0x81,0xaf,0xd5,0xf3,0xd8,0x57,0xff,0xff,0xff,0x0d,
    0x00,0x00,0x00,0x00,0x00,0x00,0x00,0x00,0x00,0x00,0x00,0x00,0x00,0x00,0x00,0x00,
    0x00,0x00,0x00,0x00,0x00,0x00,0x00,0x00,0x00,0x00,0x00,0x00,0x00,0x00,0x00,0x00,
    0x00,0x00,0x00,0x00,0x00,0x00,0x00,0x00,0x00,0x00,0x00,0x00,0x00,0x00,0x00,0x00,
    0x00,0x00,0x00,0x00,0x00,0x00,0x00,0x00,0x00,0x00,0x00,0x00,0x00,0x00,0x00,0x00,
    0x00,0x00,0x00,0x00,0x00,0x00,0x00,0x00,0x00,0x00,0x00,0x00,0x00,0x00,0x00,0x00,
    0x00,0x00,0x00,0x00,0x00,0x00,0x00,0x00,0x00,0x00,0x00,0x00,0x00,0x00,0x00,0x00,
    0x00,0x00,0x00,0x00,0x00,0x00,0x00,0x00,0x00,0x00,0x00,0x00,0x00,0x00,0x00,0x00,
    0x00,0x00,0x00,0x00,0x00,0x00,0x00,0x00,0x00,0x00,0x00,0x00,0x00,0x00,0x00,0x00,
    0x00,0x00,0x00,0x00,0x00,0x00,0x00,0x00,0x00,0x00,0x00,0x00,0x00,0x00,0x00,0x00,
    0x00,0x00,0x00,0x00,0x00,0x00,0x00,0x00,0x00,0x00,0x00,0x00,0x00,0x00,0x00,0x00,
    0x00,0x00,0x00,0x00,0x00,0x00,0x00,0x00,0x00,0x00,0x00,0x00,0x00,0x00,0x00,0x00,
    0x00,0x00,0x00,0x00,0x00,0x00,0x00,0x00,0x00,0x00,0x00,0x00,0x00,0x00,0x00,0x00,
    0x00,0x00,0x00,0x00,0x00,0x00,0x00,0x00,0x00,0x00,0x00,0x00,0x00,0x00,0x00,0x00,
    0x00,0x00,0x00,0x00,0x00,0x00,0x00,0x00,0x00,0x00,0x00,0x00,0x00,0x00,0x00,0x00,
    0x00,0x00,0x00,0x00,0x00,0x00,0x00,0x00,0x00,0x00,0x00,0x00,0x00,0x00,0x00,0x00,
    0x00,0x00,0x00,0x00,0x00,0x00,0x00,0x00,0x00,0x00,0x00,0x00,0x00,0x00,0x00,0x00,
    0x00,0x00,0x00,0x00,0x00,0x00,0x00,0x00,0x00,0x00,0x00,0x00,0x00,0x00,0x00,0x00,
    0x00,0x00,0x00,0x00,0x00,0x00,0x00,0x00,0x00,0x00,0x00,0x00,0x00,0x00,0x00,0x00,
    0x00,0x00,0x00,0x00,0x00,0x00,0x00,0x00,0x00,0x00,0x00,0x00,0x00,0x00,0x00,0x00,
    0x00,0x00,0x00,0x00,0x00,0x00,0x00,0x00,0x00,0x00,0x00,0x00,0x00,0x00,0x00,0x00,
    0x00,0x00,0x00,0x00,0xff,0xff,0xff,0x27,0x98,0xd8,0x9c,0x7f,0x63,0xc4,0x6a,0xce,
    0x39,0xb7,0x42,0xf8,0x16,0xaa,0x21,0xff,0x10,0xa7,0x1b,0xff,0x15,0xaa,0x21,0xff,
    0x18,0xab,0x23,0xff,0x19,0xab,0x24,0xff,0x19,0xab,0x24,0xff,0x19,0xab,0x24,0xff,
    0x19,0xab,0x24,0xff,0x19,0xab,0x24,0xff,0x19,0xab,0x24,0xff,0x19,0xab,0x24,0xff,
    0x19,0xab,0x24,0xff,0x19,0xab,0x24,0xff,0x19,0xab,0x24,0xff,0x19,0xab,0x24,0xff,
    0x19,0xab,0x24,0xff,0x19,0xab,0x24,0xff,0x19,0xab,0x24,0xff,0x19,0xab,0x24,0xff,
    0x19,0xab,0x24,0xff,0x19,0xab,0x24,0xff,0x19,0xab,0x24,0xff,0x19,0xab,0x24,0xff,
    0x19,0xab,0x24,0xff,0x19,0xab,0x24,0xff,0x19,0xab,0x24,0xff,0x19,0xab,0x24,0xff,
    0x19,0xab,0x24,0xff,0x19,0xab,0x24,0xff,0x19,0xab,0x24,0xff,0x19,0xab,0x24,0xff,
    0x19,0xab,0x24,0xff,0x19,0xab,0x24,0xff,0x19,0xab,0x24,0xff,0x19,0xab,0x24,0xff,
    0x19,0xab,0x24,0xff,0x19,0xab,0x24,0xff,0x19,0xab,0x24,0xff,0x19,0xab,0x24,0xff,
    0x19,0xab,0x24,0xff,0x19,0xab,0x24,0xff,0x19,0xab,0x24,0xff,0x19,0xab,0x24,0xff,
    0x19,0xab,0x24,0xff,0x19,0xab,0x24,0xff,0x19,0xab,0x24,0xff,0x19,0xab,0x24,0xff,
    0x19,0xab,0x24,0xff,0x19,0xab,0x24,0xff,0x19,0xab,0x24,0xff,0x19,0xab,0x24,0xff,
    0x19,0xab,0x24,0xff,0x19,0xab,0x24,0xff,0x19,0xab,0x24,0xff,0x19,0xab,0x24,0xff,
    0x19,0xab,0x24,0xff,0x19,0xab,0x24,0xff,0x19,0xab,0x24,0xff,0x19,0xab,0x24,0xff,
    0x19,0xab,0x24,0xff,0x19,0xab,0x24,0xff,0x19,0xab,0x24,0xff,0x19,0xab,0x24,0xff,
    0x19,0xab,0x24,0xff,0x19,0xab,0x24,0xff,0x17,0xaa,0x22,0xff,0x15,0xa9,0x21,0xff,
    0x0e,0xa7,0x1b,0xff,0x18,0xab,0x23,0xff,0x3e,0xb8,0x48,0xf5,0x73,0xca,0x7a,0xc3,
    0xaf,0xe2,0xb4,0x6d,0xff,0xff,0xff,0x27,0x00,0x00,0x00,0x00,0x00,0x00,0x00,0x00,
    0x00,0x00,0x00,0x00,0x00,0x00,0x00,0x00,0x00,0x00,0x00,0x00,0x00,0x00,0x00,0x00,
    0x00,0x00,0x00,0x00,0x00,0x00,0x00,0x00,0x00,0x00,0x00,0x00,0x00,0x00,0x00,0x00,
    0x00,0x00,0x00,0x00,0x00,0x00,0x00,0x00,0x00,0x00,0x00,0x00,0x00,0x00,0x00,0x00,
    0x00,0x00,0x00,0x00,0x00,0x00,0x00,0x00,0x00,0x00,0x00,0x00,0x00,0x00,0x00,0x00,
    0x00,0x00,0x00,0x00,0x00,0x00,0x00,0x00,0x00,0x00,0x00,0x00,0x00,0x00,0x00,0x00,
    0x00,0x00,0x00,0x00,0x00,0x00,0x00,0x00,0x00,0x00,0x00,0x00,0x00,0x00,0x00,0x00,
    0x00,0x00,0x00,0x00,0x00,0x00,0x00,0x00,0x00,0x00,0x00,0x00,0x00,0x00,0x00,0x00,
    0x00,0x00,0x00,0x00,0x00,0x00,0x00,0x00,0x00,0x00,0x00,0x00,0x00,0x00,0x00,0x00,
    0x00,0x00,0x00,0x00,0x00,0x00,0x00,0x00,0x00,0x00,0x00,0x00,0x00,0x00,0x00,0x00,
    0x00,0x00,0x00,0x00,0x00,0x00,0x00,0x00,0x00,0x00,0x00,0x00,0x00,0x00,0x00,0x00,
    0x00,0x00,0x00,0x00,0x00,0x00,0x00,0x00,0x00,0x00,0x00,0x00,0x00,0x00,0x00,0x00,
    0x00,0x00,0x00,0x00,0x00,0x00,0x00,0x00,0x00,0x00,0x00,0x00,0x00,0x00,0x00,0x00,
    0x00,0x00,0x00,0x00,0x00,0x00,0x00,0x00,0x00,0x00,0x00,0x00,0x00,0x00,0x00,0x00,
    0x00,0x00,0x00,0x00,0x00,0x00,0x00,0x00,0x00,0x00,0x00,0x00,0x00,0x00,0x00,0x00,
    0x00,0x00,0x00,0x00,0x00,0x00,0x00,0x00,0x00,0x00,0x00,0x00,0x00,0x00,0x00,0x00,
    0x00,0x00,0x00,0x00,0x00,0x00,0x00,0x00,0x00,0x00,0x00,0x00,0x00,0x00,0x00,0x00,
    0x00,0x00,0x00,0x00,0x00,0x00,0x00,0x00,0x00,0x00,0x00,0x00,0x00,0x00,0x00,0x00,
    0x00,0x00,0x00,0x00,0x00,0x00,0x00,0x00,0x00,0x00,0x00,0x00,0x00,0x00,0x00,0x00,
    0x00,0x00,0x00,0x00,0x00,0x00,0x00,0x00,0x00,0x00,0x00,0x00,0x00,0x00,0x00,0x00,
    0x00,0x00,0x00,0x00,0x00,0x00,0x00,0x00,0x00,0x00,0x00,0x00,0x00,0x00,0x00,0x00,
    0x00,0x00,0x00,0x00,0xff,0xff,0xff,0x02,0xaa,0xaa,0xaa,0x03,0xbd,0xe3,0xc3,0x2f,
    0x97,0xdb,0x9b,0x80,0x61,0xc5,0x68,0xd4,0x42,0xb9,0x4c,0xff,0x15,0xab,0x22,0xff,
    0x0d,0xa7,0x19,0xff,0x12,0xa9,0x1f,0xff,0x17,0xaa,0x23,0xff,0x18,0xaa,0x22,0xff,
    0x19,0xab,0x24,0xff,0x19,0xab,0x24,0xff,0x19,0xab,0x24,0xff,0x19,0xab,0x24,0xff,
    0x19,0xab,0x24,0xff,0x19,0xab,0x24,0xff,0x19,0xab,0x24,0xff,0x19,0xab,0x24,0xff,
    0x19,0xab,0x24,0xff,0x19,0xab,0x24,0xff,0x19,0xab,0x24,0xff,0x19,0xab,0x24,0xff,
    0x19,0xab,0x24,0xff,0x19,0xab,0x24,0xff,0x19,0xab,0x24,0xff,0x19,0xab,0x24,0xff,
    0x19,0xab,0x24,0xff,0x19,0xab,0x24,0xff,0x19,0xab,0x24,0xff,0x19,0xab,0x24,0xff,
    0x19,0xab,0x24,0xff,0x19,0xab,0x24,0xff,0x19,0xab,0x24,0xff,0x19,0xab,0x24,0xff,
    0x19,0xab,0x24,0xff,0x19,0xab,0x24,0xff,0x19,0xab,0x24,0xff,0x19,0xab,0x24,0xff,
    0x19,0xab,0x24,0xff,0x19,0xab,0x24,0xff,0x19,0xab,0x24,0xff,0x19,0xab,0x24,0xff,
    0x19,0xab,0x24,0xff,0x19,0xab,0x24,0xff,0x19,0xab,0x24,0xff,0x19,0xab,0x24,0xff,
    0x19,0xab,0x24,0xff,0x19,0xab,0x24,0xff,0x19,0xab,0x24,0xff,0x19,0xab,0x24,0xff,
    0x19,0xab,0x24,0xff,0x19,0xab,0x24,0xff,0x19,0xab,0x24,0xff,0x19,0xab,0x24,0xff,
    0x19,0xab,0x24,0xff,0x19,0xab,0x24,0xff,0x19,0xab,0x24,0xff,0x19,0xab,0x24,0xff,
    0x19,0xab,0x24,0xff,0x19,0xab,0x24,0xff,0x19,0xab,0x24,0xff,0x19,0xab,0x24,0xff,
    0x19,0xab,0x24,0xff,0x19,0xab,0x24,0xff,0x18,0xab,0x23,0xff,0x18,0xaa,0x22,0xff,
    0x16,0xaa,0x21,0xff,0x12,0xa8,0x1e,0xff,0x0c,0xa7,0x19,0xff,0x13,0xab,0x20,0xff,
    0x48,0xbb,0x4f,0xfa,0x6c,0xc7,0x74,0xca,0x99,0xd8,0x9f,0x78,0xe6,0xf8,0xe6,0x29,
    0xff,0xff,0xff,0x02,0xff,0xff,0xff,0x02,0x00,0x00,0x00,0x00,0x00,0x00,0x00,0x00,
    0x00,0x00,0x00,0x00,0x00,0x00,0x00,0x00,0x00,0x00,0x00,0x00,0x00,0x00,0x00,0x00,
    0x00,0x00,0x00,0x00,0x00,0x00,0x00,0x00,0x00,0x00,0x00,0x00,0x00,0x00,0x00,0x00,
    0x00,0x00,0x00,0x00,0x00,0x00,0x00,0x00,0x00,0x00,0x00,0x00,0x00,0x00,0x00,0x00,
    0x00,0x00,0x00,0x00,0x00,0x00,0x00,0x00,0x00,0x00,0x00,0x00,0x00,0x00,0x00,0x00,
    0x00,0x00,0x00,0x00,0x00,0x00,0x00,0x00,0x00,0x00,0x00,0x00,0x00,0x00,0x00,0x00,
    0x00,0x00,0x00,0x00,0x00,0x00,0x00,0x00,0x00,0x00,0x00,0x00,0x00,0x00,0x00,0x00,
    0x00,0x00,0x00,0x00,0x00,0x00,0x00,0x00,0x00,0x00,0x00,0x00,0x00,0x00,0x00,0x00,
    0x00,0x00,0x00,0x00,0x00,0x00,0x00,0x00,0x00,0x00,0x00,0x00,0x00,0x00,0x00,0x00,
    0x00,0x00,0x00,0x00,0x00,0x00,0x00,0x00,0x00,0x00,0x00,0x00,0x00,0x00,0x00,0x00,
    0x00,0x00,0x00,0x00,0x00,0x00,0x00,0x00,0x00,0x00,0x00,0x00,0x00,0x00,0x00,0x00,
    0x00,0x00,0x00,0x00,0x00,0x00,0x00,0x00,0x00,0x00,0x00,0x00,0x00,0x00,0x00,0x00,
    0x00,0x00,0x00,0x00,0x00,0x00,0x00,0x00,0x00,0x00,0x00,0x00,0x00,0x00,0x00,0x00,
    0x00,0x00,0x00,0x00,0x00,0x00,0x00,0x00,0x00,0x00,0x00,0x00,0x00,0x00,0x00,0x00,
    0x00,0x00,0x00,0x00,0x00,0x00,0x00,0x00,0x00,0x00,0x00,0x00,0x00,0x00,0x00,0x00,
    0x00,0x00,0x00,0x00,0x00,0x00,0x00,0x00,0x00,0x00,0x00,0x00,0x00,0x00,0x00,0x00,
    0x00,0x00,0x00,0x00,0x00,0x00,0x00,0x00,0x00,0x00,0x00,0x00,0x00,0x00,0x00,0x00,
    0x00,0x00,0x00,0x00,0x00,0x00,0x00,0x00,0x00,0x00,0x00,0x00,0x00,0x00,0x00,0x00,
    0x00,0x00,0x00,0x00,0x00,0x00,0x00,0x00,0x00,0x00,0x00,0x00,0x00,0x00,0x00,0x00,
    0x00,0x00,0x00,0x00,0x00,0x00,0x00,0x00,0x00,0x00,0x00,0x00,0x00,0x00,0x00,0x00,
    0x00,0x00,0x00,0x00,0x00,0x00,0x00,0x00,0x00,0x00,0x00,0x00,0x00,0x00,0x00,0x00,
    0x00,0x00,0x00,0x00,0x00,0x00,0x00,0x00,0x00,0x00,0x00,0x00,0xff,0xff,0xff,0x02,
    0xbf,0xf2,0xcc,0x14,0x88,0xd6,0x91,0x38,0x87,0xd2,0x8d,0x7e,0x67,0xc6,0x6e,0xcc,
    0x47,0xbb,0x50,0xfc,0x1d,0xb2,0x2a,0xff,0x06,0xa7,0x12,0xff,0x10,0xa8,0x1b,0xff,
    0x14,0xa9,0x20,0xff,0x18,0xaa,0x23,0xff,0x1a,0xab,0x24,0xff,0x19,0xab,0x24,0xff,
    0x19,0xab,0x24,0xff,0x19,0xab,0x24,0xff,0x19,0xab,0x24,0xff,0x19,0xab,0x24,0xff,
    0x19,0xab,0x24,0xff,0x19,0xab,0x24,0xff,0x19,0xab,0x24,0xff,0x19,0xab,0x24,0xff,
    0x19,0xab,0x24,0xff,0x19,0xab,0x24,0xff,0x19,0xab,0x24,0xff,0x19,0xab,0x24,0xff,
    0x19,0xab,0x24,0xff,0x19,0xab,0x24,0xff,0x19,0xab,0x24,0xff,0x19,0xab,0x24,0xff,
    0x19,0xab,0x24,0xff,0x19,0xab,0x24,0xff,0x19,0xab,0x24,0xff,0x19,0xab,0x24,0xff,
    0x19,0xab,0x24,0xff,0x19,0xab,0x24,0xff,0x19,0xab,0x24,0xff,0x19,0xab,0x24,0xff,
    0x19,0xab,0x24,0xff,0x19,0xab,0x24,0xff,0x19,0xab,0x24,0xff,0x19,0xab,0x24,0xff,
    0x19,0xab,0x24,0xff,0x19,0xab,0x24,0xff,0x19,0xab,0x24,0xff,0x19,0xab,0x24,0xff,
    0x19,0xab,0x24,0xff,0x19,0xab,0x24,0xff,0x19,0xab,0x24,0xff,0x19,0xab,0x24,0xff,
    0x19,0xab,0x24,0xff,0x19,0xab,0x24,0xff,0x19,0xab,0x24,0xff,0x19,0xab,0x24,0xff,
    0x19,0xab,0x24,0xff,0x19,0xab,0x24,0xff,0x19,0xab,0x24,0xff,0x19,0xab,0x24,0xff,
    0x19,0xab,0x24,0xff,0x19,0xab,0x24,0xff,0x19,0xab,0x24,0xff,0x19,0xab,0x24,0xff,
    0x19,0xab,0x24,0xff,0x17,0xaa,0x23,0xff,0x14,0xa9,0x1f,0xff,0x0e,0xa8,0x1a,0xff,
    0x0a,0xa9,0x17,0xff,0x1f,0xb1,0x2a,0xff,0x4d,0xbd,0x57,0xf6,0x6b,0xc8,0x71,0xc5,
    0x93,0xd6,0x98,0x77,0x9e,0xdb,0xa3,0x32,0xcc,0xdd,0xcc,0x0f,0xff,0xff,0xff,0x02,
    0x00,0x00,0x00,0x00,0x00,0x00,0x00,0x00,0x00,0x00,0x00,0x00,0x00,0x00,0x00,0x00,
    0x00,0x00,0x00,0x00,0x00,0x00,0x00,0x00,0x00,0x00,0x00,0x00,0x00,0x00,0x00,0x00,
    0x00,0x00,0x00,0x00,0x00,0x00,0x00,0x00,0x00,0x00,0x00,0x00,0x00,0x00,0x00,0x00,
    0x00,0x00,0x00,0x00,0x00,0x00,0x00,0x00,0x00,0x00,0x00,0x00,0x00,0x00,0x00,0x00,
    0x00,0x00,0x00,0x00,0x00,0x00,0x00,0x00,0x00,0x00,0x00,0x00,0x00,0x00,0x00,0x00,
    0x00,0x00,0x00,0x00,0x00,0x00,0x00,0x00,0x00,0x00,0x00,0x00,0x00,0x00,0x00,0x00,
    0x00,0x00,0x00,0x00,0x00,0x00,0x00,0x00,0x00,0x00,0x00,0x00,0x00,0x00,0x00,0x00,
    0x00,0x00,0x00,0x00,0x00,0x00,0x00,0x00,0x00,0x00,0x00,0x00,0x00,0x00,0x00,0x00,
    0x00,0x00,0x00,0x00,0x00,0x00,0x00,0x00,0x00,0x00,0x00,0x00,0x00,0x00,0x00,0x00,
    0x00,0x00,0x00,0x00,0x00,0x00,0x00,0x00,0x00,0x00,0x00,0x00,0x00,0x00,0x00,0x00,
    0x00,0x00,0x00,0x00,0x00,0x00,0x00,0x00,0x00,0x00,0x00,0x00,0x00,0x00,0x00,0x00,
    0x00,0x00,0x00,0x00,0x00,0x00,0x00,0x00,0x00,0x00,0x00,0x00,0x00,0x00,0x00,0x00,
    0x00,0x00,0x00,0x00,0x00,0x00,0x00,0x00,0x00,0x00,0x00,0x00,0x00,0x00,0x00,0x00,
    0x00,0x00,0x00,0x00,0x00,0x00,0x00,0x00,0x00,0x00,0x00,0x00,0x00,0x00,0x00,0x00,
    0x00,0x00,0x00,0x00,0x00,0x00,0x00,0x00,0x00,0x00,0x00,0x00,0x00,0x00,0x00,0x00,
    0x00,0x00,0x00,0x00,0x00,0x00,0x00,0x00,0x00,0x00,0x00,0x00,0x00,0x00,0x00,0x00,
    0x00,0x00,0x00,0x00,0x00,0x00,0x00,0x00,0x00,0x00,0x00,0x00,0x00,0x00,0x00,0x00,
    0x00,0x00,0x00,0x00,0x00,0x00,0x00,0x00,0x00,0x00,0x00,0x00,0x00,0x00,0x00,0x00,
    0x00,0x00,0x00,0x00,0x00,0x00,0x00,0x00,0x00,0x00,0x00,0x00,0x00,0x00,0x00,0x00,
    0x00,0x00,0x00,0x00,0x00,0x00,0x00,0x00,0x00,0x00,0x00,0x00,0x00,0x00,0x00,0x00,
    0x00,0x00,0x00,0x00,0x00,0x00,0x00,0x00,0x00,0x00,0x00,0x00,0x00,0x00,0x00,0x00,
    0x00,0x00,0x00,0x00,0x00,0x00,0x00,0x00,0x00,0x00,0x00,0x00,0x00,0x00,0x00,0x00,
    0x00,0x00,0x00,0x00,0x00,0x00,0x00,0x00,0xe1,0xeb,0xe1,0x1a,0x9e,0xda,0xa2,0x45,
    0x7a,0xce,0x7e,0x7f,0x60,0xc3,0x68,0xbe,0x4c,0xbd,0x56,0xef,0x38,0xbb,0x43,0xff,
    0x1a,0xb1,0x25,0xff,0x0a,0xa7,0x16,0xff,0x11,0xa8,0x1d,0xff,0x16,0xa9,0x22,0xff,
    0x17,0xaa,0x22,0xff,0x19,0xaa,0x23,0xff,0x19,0xab,0x24,0xff,0x19,0xab,0x24,0xff,
    0x19,0xab,0x24,0xff,0x19,0xab,0x24,0xff,0x19,0xab,0x24,0xff,0x19,0xab,0x24,0xff,
    0x19,0xab,0x24,0xff,0x19,0xab,0x24,0xff,0x19,0xab,0x24,0xff,0x19,0xab,0x24,0xff,
    0x19,0xab,0x24,0xff,0x19,0xab,0x24,0xff,0x19,0xab,0x24,0xff,0x19,0xab,0x24,0xff,
    0x19,0xab,0x24,0xff,0x19,0xab,0x24,0xff,0x19,0xab,0x24,0xff,0x19,0xab,0x24,0xff,
    0x19,0xab,0x24,0xff,0x19,0xab,0x24,0xff,0x19,0xab,0x24,0xff,0x19,0xab,0x24,0xff,
    0x19,0xab,0x24,0xff,0x19,0xab,0x24,0xff,0x19,0xab,0x24,0xff,0x19,0xab,0x24,0xff,
    0x19,0xab,0x24,0xff,0x19,0xab,0x24,0xff,0x19,0xab,0x24,0xff,0x19,0xab,0x24,0xff,
    0x19,0xab,0x24,0xff,0x19,0xab,0x24,0xff,0x19,0xab,0x24,0xff,0x19,0xab,0x24,0xff,
    0x19,0xab,0x24,0xff,0x19,0xab,0x24,0xff,0x19,0xab,0x24,0xff,0x19,0xab,0x24,0xff,
    0x19,0xab,0x24,0xff,0x19,0xab,0x24,0xff,0x19,0xab,0x24,0xff,0x19,0xab,0x24,0xff,
    0x19,0xab,0x24,0xff,0x19,0xab,0x24,0xff,0x17,0xaa,0x22,0xff,0x14,0xa9,0x20,0xff,
    0x10,0xa8,0x1c,0xff,0x08,0xa7,0x14,0xff,0x1c,0xb3,0x28,0xff,0x39,0xb8,0x43,0xff,
    0x52,0xbf,0x59,0xe6,0x66,0xc8,0x70,0xb6,0x83,0xd0,0x8a,0x78,0xa1,0xdd,0xa5,0x3c,
    0xff,0xff,0xff,0x16,0x00,0x00,0x00,0x00,0x00,0x00,0x00,0x00,0x00,0x00,0x00,0x00,
    0x00,0x00,0x00,0x00,0x00,0x00,0x00,0x00,0x00,0x00,0x00,0x00,0x00,0x00,0x00,0x00,
    0x00,0x00,0x00,0x00,0x00,0x00,0x00,0x00,0x00,0x00,0x00,0x00,0x00,0x00,0x00,0x00,
    0x00,0x00,0x00,0x00,0x00,0x00,0x00,0x00,0x00,0x00,0x00,0x00,0x00,0x00,0x00,0x00,
    0x00,0x00,0x00,0x00,0x00,0x00,0x00,0x00,0x00,0x00,0x00,0x00,0x00,0x00,0x00,0x00,
    0x00,0x00,0x00,0x00,0x00,0x00,0x00,0x00,0x00,0x00,0x00,0x00,0x00,0x00,0x00,0x00,
    0x00,0x00,0x00,0x00,0x00,0x00,0x00,0x00,0x00,0x00,0x00,0x00,0x00,0x00,0x00,0x00,
    0x00,0x00,0x00,0x00,0x00,0x00,0x00,0x00,0x00,0x00,0x00,0x00,0x00,0x00,0x00,0x00,
    0x00,0x00,0x00,0x00,0x00,0x00,0x00,0x00,0x00,0x00,0x00,0x00,0x00,0x00,0x00,0x00,
    0x00,0x00,0x00,0x00,0x00,0x00,0x00,0x00,0x00,0x00,0x00,0x00,0x00,0x00,0x00,0x00,
    0x00,0x00,0x00,0x00,0x00,0x00,0x00,0x00,0x00,0x00,0x00,0x00,0x00,0x00,0x00,0x00,
    0x00,0x00,0x00,0x00,0x00,0x00,0x00,0x00,0x00,0x00,0x00,0x00,0x00,0x00,0x00,0x00,
    0x00,0x00,0x00,0x00,0x00,0x00,0x00,0x00,0x00,0x00,0x00,0x00,0x00,0x00,0x00,0x00,
    0x00,0x00,0x00,0x00,0x00,0x00,0x00,0x00,0x00,0x00,0x00,0x00,0x00,0x00,0x00,0x00,
    0x00,0x00,0x00,0x00,0x00,0x00,0x00,0x00,0x00,0x00,0x00,0x00,0x00,0x00,0x00,0x00,
    0x00,0x00,0x00,0x00,0x00,0x00,0x00,0x00,0x00,0x00,0x00,0x00,0x00,0x00,0x00,0x00,
    0x00,0x00,0x00,0x00,0x00,0x00,0x00,0x00,0x00,0x00,0x00,0x00,0x00,0x00,0x00,0x00,
    0x00,0x00,0x00,0x00,0x00,0x00,0x00,0x00,0x00,0x00,0x00,0x00,0x00,0x00,0x00,0x00,
    0x00,0x00,0x00,0x00,0x00,0x00,0x00,0x00,0x00,0x00,0x00,0x00,0x00,0x00,0x00,0x00,
    0x00,0x00,0x00,0x00,0x00,0x00,0x00,0x00,0x00,0x00,0x00,0x00,0x00,0x00,0x00,0x00,
    0x00,0x00,0x00,0x00,0x00,0x00,0x00,0x00,0x00,0x00,0x00,0x00,0x00,0x00,0x00,0x00,
    0x00,0x00,0x00,0x00,0x00,0x00,0x00,0x00,0x00,0x00,0x00,0x00,0x00,0x00,0x00,0x00,
    0x00,0x00,0x00,0x00,0x00,0x00,0x00,0x00,0x00,0x00,0x00,0x00,0x00,0x00,0x00,0x00,
    0x00,0x00,0x00,0x00,0x00,0x00,0x00,0x00,0x00,0x00,0x00,0x00,0x00,0x00,0x00,0x00,
    0xff,0xff,0xf1,0x13,0xc0,0xe8,0xc3,0x45,0x90,0xd4,0x96,0x7f,0x5d,0xc3,0x67,0xaf,
    0x3b,0xb7,0x44,0xd2,0x3d,0xb7,0x47,0xf4,0x23,0xb3,0x2e,0xff,0x12,0xad,0x1e,0xff,
    0x10,0xaa,0x1b,0xff,0x14,0xaa,0x20,0xff,0x15,0xa9,0x21,0xff,0x17,0xaa,0x23,0xff,
    0x18,0xaa,0x23,0xff,0x19,0xab,0x24,0xff,0x19,0xab,0x24,0xff,0x19,0xab,0x24,0xff,
    0x19,0xab,0x24,0xff,0x19,0xab,0x24,0xff,0x19,0xab,0x24,0xff,0x19,0xab,0x24,0xff,
    0x19,0xab,0x24,0xff,0x19,0xab,0x24,0xff,0x19,0xab,0x24,0xff,0x19,0xab,0x24,0xff,
    0x19,0xab,0x24,0xff,0x19,0xab,0x24,0xff,0x19,0xab,0x24,0xff,0x19,0xab,0x24,0xff,
    0x19,0xab,0x24,0xff,0x19,0xab,0x24,0xff,0x19,0xab,0x24,0xff,0x19,0xab,0x24,0xff,
    0x19,0xab,0x24,0xff,0x19,0xab,0x24,0xff,0x19,0xab,0x24,0xff,0x19,0xab,0x24,0xff,
    0x19,0xab,0x24,0xff,0x19,0xab,0x24,0xff,0x19,0xab,0x24,0xff,0x19,0xab,0x24,0xff,
    0x19,0xab,0x24,0xff,0x19,0xab,0x24,0xff,0x19,0xab,0x24,0xff,0x19,0xab,0x24,0xff,
    0x19,0xab,0x24,0xff,0x19,0xab,0x24,0xff,0x19,0xab,0x24,0xff,0x19,0xab,0x24,0xff,
    0x19,0xab,0x24,0xff,0x19,0xab,0x24,0xff,0x18,0xaa,0x23,0xff,0x17,0xaa,0x22,0xff,
    0x15,0xa9,0x20,0xff,0x12,0xaa,0x1e,0xff,0x12,0xab,0x1d,0xff,0x1b,0xb0,0x27,0xff,
    0x2f,0xb8,0x3a,0xff,0x3c,0xb7,0x46,0xf2,0x41,0xba,0x4b,0xcf,0x64,0xc5,0x6b,0xa8,
    0x98,0xd7,0x9f,0x75,0xd5,0xf2,0xd9,0x3d,0xff,0xff,0xff,0x10,0x00,0x00,0x00,0x00,
    0x00,0x00,0x00,0x00,0x00,0x00,0x00,0x00,0x00,0x00,0x00,0x00,0x00,0x00,0x00,0x00,
    0x00,0x00,0x00,0x00,0x00,0x00,0x00,0x00,0x00,0x00,0x00,0x00,0x00,0x00,0x00,0x00,
    0x00,0x00,0x00,0x00,0x00,0x00,0x00,0x00,0x00,0x00,0x00,0x00,0x00,0x00,0x00,0x00,
    0x00,0x00,0x00,0x00,0x00,0x00,0x00,0x00,0x00,0x00,0x00,0x00,0x00,0x00,0x00,0x00,
    0x00,0x00,0x00,0x00,0x00,0x00,0x00,0x00,0x00,0x00,0x00,0x00,0x00,0x00,0x00,0x00,
    0x00,0x00,0x00,0x00,0x00,0x00,0x00,0x00,0x00,0x00,0x00,0x00,0x00,0x00,0x00,0x00,
    0x00,0x00,0x00,0x00,0x00,0x00,0x00,0x00,0x00,0x00,0x00,0x00,0x00,0x00,0x00,0x00,
    0x00,0x00,0x00,0x00,0x00,0x00,0x00,0x00,0x00,0x00,0x00,0x00,0x00,0x00,0x00,0x00,
    0x00,0x00,0x00,0x00,0x00,0x00,0x00,0x00,0x00,0x00,0x00,0x00,0x00,0x00,0x00,0x00,
    0x00,0x00,0x00,0x00,0x00,0x00,0x00,0x00,0x00,0x00,0x00,0x00,0x00,0x00,0x00,0x00,
    0x00,0x00,0x00,0x00,0x00,0x00,0x00,0x00,0x00,0x00,0x00,0x00,0x00,0x00,0x00,0x00,
    0x00,0x00,0x00,0x00,0x00,0x00,0x00,0x00,0x00,0x00,0x00,0x00,0x00,0x00,0x00,0x00,
    0x00,0x00,0x00,0x00,0x00,0x00,0x00,0x00,0x00,0x00,0x00,0x00,0x00,0x00,0x00,0x00,
    0x00,0x00,0x00,0x00,0x00,0x00,0x00,0x00,0x00,0x00,0x00,0x00,0x00,0x00,0x00,0x00,
    0x00,0x00,0x00,0x00,0x00,0x00,0x00,0x00,0x00,0x00,0x00,0x00,0x00,0x00,0x00,0x00,
    0x00,0x00,0x00,0x00,0x00,0x00,0x00,0x00,0x00,0x00,0x00,0x00,0x00,0x00,0x00,0x00,
    0x00,0x00,0x00,0x00,0x00,0x00,0x00,0x00,0x00,0x00,0x00,0x00,0x00,0x00,0x00,0x00,
    0x00,0x00,0x00,0x00,0x00,0x00,0x00,0x00,0x00,0x00,0x00,0x00,0x00,0x00,0x00,0x00,
    0x00,0x00,0x00,0x00,0x00,0x00,0x00,0x00,0x00,0x00,0x00,0x00,0x00,0x00,0x00,0x00,
    0x00,0x00,0x00,0x00,0x00,0x00,0x00,0x00,0x00,0x00,0x00,0x00,0x00,0x00,0x00,0x00,
    0x00,0x00,0x00,0x00,0x00,0x00,0x00,0x00,0x00,0x00,0x00,0x00,0x00,0x00,0x00,0x00,
    0x00,0x00,0x00,0x00,0x00,0x00,0x00,0x00,0x00,0x00,0x00,0x00,0x00,0x00,0x00,0x00,
    0x00,0x00,0x00,0x00,0x00,0x00,0x00,0x00,0x00,0x00,0x00,0x00,0x00,0x00,0x00,0x00,
    0x00,0x00,0x00,0x00,0x00,0x00,0x00,0x00,0x00,0x00,0x00,0x00,0x00,0x00,0x00,0x00,
    0x00,0x00,0x00,0x00,0x00,0x00,0x00,0x00,0xff,0xff,0xff,0x03,0x99,0xd8,0x99,0x28,
    0x89,0xd2,0x8e,0x5b,0x98,0xda,0x9e,0xa2,0x4b,0xbd,0x53,0xd2,0x2f,0xb4,0x39,0xe8,
    0x2a,0xb1,0x35,0xf4,0x25,0xaf,0x31,0xff,0x1c,0xb0,0x28,0xff,0x17,0xac,0x23,0xff,
    0x17,0xab,0x22,0xff,0x17,0xab,0x22,0xff,0x17,0xab,0x23,0xff,0x18,0xab,0x23,0xff,
    0x18,0xab,0x23,0xff,0x18,0xab,0x24,0xff,0x19,0xab,0x24,0xff,0x19,0xab,0x24,0xff,
    0x19,0xab,0x24,0xff,0x19,0xab,0x24,0xff,0x19,0xab,0x24,0xff,0x19,0xab,0x24,0xff,
    0x19,0xab,0x24,0xff,0x19,0xab,0x24,0xff,0x19,0xab,0x24,0xff,0x19,0xab,0x24,0xff,
    0x19,0xab,0x24,0xff,0x19,0xab,0x24,0xff,0x19,0xab,0x24,0xff,0x19,0xab,0x24,0xff,
    0x19,0xab,0x24,0xff,0x19,0xab,0x24,0xff,0x19,0xab,0x24,0xff,0x19,0xab,0x24,0xff,
    0x19,0xab,0x24,0xff,0x19,0xab,0x24,0xff,0x19,0xab,0x24,0xff,0x19,0xab,0x24,0xff,
    0x19,0xab,0x24,0xff,0x19,0xab,0x24,0xff,0x19,0xab,0x24,0xff,0x19,0xab,0x24,0xff,
    0x19,0xab,0x24,0xff,0x18,0xab,0x23,0xff,0x18,0xab,0x23,0xff,0x18,0xab,0x23,0xff,
    0x17,0xab,0x23,0xff,0x16,0xab,0x22,0xff,0x16,0xab,0x21,0xff,0x16,0xac,0x22,0xff,
    0x1e,0xb0,0x2a,0xff,0x27,0xb0,0x32,0xff,0x2c,0xb1,0x35,0xf1,0x35,0xb5,0x3e,0xe0,
    0x58,0xc1,0x61,0xcc,0x9b,0xd9,0xa2,0x9d,0x9d,0xd8,0xa3,0x56,0xa7,0xe1,0xae,0x23,
    0xff,0xff,0xff,0x02,0x00,0x00,0x00,0x00,0x00,0x00,0x00,0x00,0x00,0x00,0x00,0x00,
    0x00,0x00,0x00,0x00,0x00,0x00,0x00,0x00,0x00,0x00,0x00,0x00,0x00,0x00,0x00,0x00,
    0x00,0x00,0x00,0x00,0x00,0x00,0x00,0x00,0x00,0x00,0x00,0x00,0x00,0x00,0x00,0x00,
    0x00,0x00,0x00,0x00,0x00,0x00,0x00,0x00,0x00,0x00,0x00,0x00,0x00,0x00,0x00,0x00,
    0x00,0x00,0x00,0x00,0x00,0x00,0x00,0x00,0x00,0x00,0x00,0x00,0x00,0x00,0x00,0x00,
    0x00,0x00,0x00,0x00,0x00,0x00,0x00,0x00,0x00,0x00,0x00,0x00,0x00,0x00,0x00,0x00,
    0x00,0x00,0x00,0x00,0x00,0x00,0x00,0x00,0x00,0x00,0x00,0x00,0x00,0x00,0x00,0x00,
    0x00,0x00,0x00,0x00,0x00,0x00,0x00,0x00,0x00,0x00,0x00,0x00,0x00,0x00,0x00,0x00,
    0x00,0x00,0x00,0x00,0x00,0x00,0x00,0x00,0x00,0x00,0x00,0x00,0x00,0x00,0x00,0x00,
    0x00,0x00,0x00,0x00,0x00,0x00,0x00,0x00,0x00,0x00,0x00,0x00,0x00,0x00,0x00,0x00,
    0x00,0x00,0x00,0x00,0x00,0x00,0x00,0x00,0x00,0x00,0x00,0x00,0x00,0x00,0x00,0x00,
    0x00,0x00,0x00,0x00,0x00,0x00,0x00,0x00,0x00,0x00,0x00,0x00,0x00,0x00,0x00,0x00,
    0x00,0x00,0x00,0x00,0x00,0x00,0x00,0x00,0x00,0x00,0x00,0x00,0x00,0x00,0x00,0x00,
    0x00,0x00,0x00,0x00,0x00,0x00,0x00,0x00,0x00,0x00,0x00,0x00,0x00,0x00,0x00,0x00,
    0x00,0x00,0x00,0x00,0x00,0x00,0x00,0x00,0x00,0x00,0x00,0x00,0x00,0x00,0x00,0x00,
    0x00,0x00,0x00,0x00,0x00,0x00,0x00,0x00,0x00,0x00,0x00,0x00,0x00,0x00,0x00,0x00,
    0x00,0x00,0x00,0x00,0x00,0x00,0x00,0x00,0x00,0x00,0x00,0x00,0x00,0x00,0x00,0x00,
    0x00,0x00,0x00,0x00,0x00,0x00,0x00,0x00,0x00,0x00,0x00,0x00,0x00,0x00,0x00,0x00,
    0x00,0x00,0x00,0x00,0x00,0x00,0x00,0x00,0x00,0x00,0x00,0x00,0x00,0x00,0x00,0x00,
    0x00,0x00,0x00,0x00,0x00,0x00,0x00,0x00,0x00,0x00,0x00,0x00,0x00,0x00,0x00,0x00,
    0x00,0x00,0x00,0x00,0x00,0x00,0x00,0x00,0x00,0x00,0x00,0x00,0x00,0x00,0x00,0x00,
    0x00,0x00,0x00,0x00,0x00,0x00,0x00,0x00,0x00,0x00,0x00,0x00,0x00,0x00,0x00,0x00,
    0x00,0x00,0x00,0x00,0x00,0x00,0x00,0x00,0x00,0x00,0x00,0x00,0x00,0x00,0x00,0x00,
    0x00,0x00,0x00,0x00,0x00,0x00,0x00,0x00,0x00,0x00,0x00,0x00,0x00,0x00,0x00,0x00,
    0x00,0x00,0x00,0x00,0x00,0x00,0x00,0x00,0x00,0x00,0x00,0x00,0x00,0x00,0x00,0x00,
    0x00,0x00,0x00,0x00,0x00,0x00,0x00,0x00,0x00,0x00,0x00,0x00,0x00,0x00,0x00,0x00,
    0x00,0x00,0x00,0x00,0xe1,0xff,0xe1,0x11,0xc4,0xea,0xc8,0x3d,0xbe,0xe7,0xc0,0x77,
    0x92,0xd8,0x99,0xab,0x5a,0xc1,0x64,0xd5,0x37,0xb5,0x41,0xf2,0x29,0xb0,0x32,0xf6,
    0x23,0xae,0x2e,0xfa,0x1d,0xac,0x28,0xfe,0x19,0xac,0x25,0xff,0x18,0xab,0x24,0xff,
    0x18,0xab,0x24,0xff,0x19,0xab,0x24,0xff,0x18,0xab,0x23,0xff,0x19,0xab,0x24,0xff,
    0x19,0xab,0x24,0xff,0x19,0xab,0x24,0xff,0x19,0xab,0x24,0xff,0x19,0xab,0x24,0xff,
    0x19,0xab,0x24,0xff,0x19,0xab,0x24,0xff,0x19,0xab,0x24,0xff,0x19,0xab,0x24,0xff,
    0x19,0xab,0x24,0xff,0x19,0xab,0x24,0xff,0x19,0xab,0x24,0xff,0x19,0xab,0x24,0xff,
    0x19,0xab,0x24,0xff,0x19,0xab,0x24,0xff,0x19,0xab,0x24,0xff,0x19,0xab,0x24,0xff,
    0x19,0xab,0x24,0xff,0x19,0xab,0x24,0xff,0x19,0xab,0x24,0xff,0x19,0xab,0x24,0xff,
    0x19,0xab,0x24,0xff,0x19,0xab,0x24,0xff,0x19,0xab,0x24,0xff,0x19,0xab,0x24,0xff,
    0x18,0xab,0x23,0xff,0x18,0xab,0x23,0xff,0x18,0xab,0x23,0xff,0x18,0xab,0x24,0xff,
    0x19,0xac,0x25,0xff,0x1d,0xad,0x28,0xfd,0x22,0xae,0x2d,0xfa,0x28,0xb0,0x32,0xf6,
    0x3c,0xb6,0x46,0xf0,0x6c,0xca,0x73,0xd4,0x91,0xd5,0x98,0xa1,0x88,0xd1,0x8b,0x5f,
    0x68,0xca,0x6f,0x27,0xff,0xff,0xff,0x0d,0x00,0x00,0x00,0x00,0x00,0x00,0x00,0x00,
    0x00,0x00,0x00,0x00,0x00,0x00,0x00,0x00,0x00,0x00,0x00,0x00,0x00,0x00,0x00,0x00,
    0x00,0x00,0x00,0x00,0x00,0x00,0x00,0x00,0x00,0x00,0x00,0x00,0x00,0x00,0x00,0x00,
    0x00,0x00,0x00,0x00,0x00,0x00,0x00,0x00,0x00,0x00,0x00,0x00,0x00,0x00,0x00,0x00,
    0x00,0x00,0x00,0x00,0x00,0x00,0x00,0x00,0x00,0x00,0x00,0x00,0x00,0x00,0x00,0x00,
    0x00,0x00,0x00,0x00,0x00,0x00,0x00,0x00,0x00,0x00,0x00,0x00,0x00,0x00,0x00,0x00,
    0x00,0x00,0x00,0x00,0x00,0x00,0x00,0x00,0x00,0x00,0x00,0x00,0x00,0x00,0x00,0x00,
    0x00,0x00,0x00,0x00,0x00,0x00,0x00,0x00,0x00,0x00,0x00,0x00,0x00,0x00,0x00,0x00,
    0x00,0x00,0x00,0x00,0x00,0x00,0x00,0x00,0x00,0x00,0x00,0x00,0x00,0x00,0x00,0x00,
    0x00,0x00,0x00,0x00,0x00,0x00,0x00,0x00,0x00,0x00,0x00,0x00,0x00,0x00,0x00,0x00,
    0x00,0x00,0x00,0x00,0x00,0x00,0x00,0x00,0x00,0x00,0x00,0x00,0x00,0x00,0x00,0x00,
    0x00,0x00,0x00,0x00,0x00,0x00,0x00,0x00,0x00,0x00,0x00,0x00,0x00,0x00,0x00,0x00,
    0x00,0x00,0x00,0x00,0x00,0x00,0x00,0x00,0x00,0x00,0x00,0x00,0x00,0x00,0x00,0x00,
    0x00,0x00,0x00,0x00,0x00,0x00,0x00,0x00,0x00,0x00,0x00,0x00,0x00,0x00,0x00,0x00,
    0x00,0x00,0x00,0x00,0x00,0x00,0x00,0x00,0x00,0x00,0x00,0x00,0x00,0x00,0x00,0x00,
    0x00,0x00,0x00,0x00,0x00,0x00,0x00,0x00,0x00,0x00,0x00,0x00,0x00,0x00,0x00,0x00,
    0x00,0x00,0x00,0x00,0x00,0x00,0x00,0x00,0x00,0x00,0x00,0x00,0x00,0x00,0x00,0x00,
    0x00,0x00,0x00,0x00,0x00,0x00,0x00,0x00,0x00,0x00,0x00,0x00,0x00,0x00,0x00,0x00,
    0x00,0x00,0x00,0x00,0x00,0x00,0x00,0x00,0x00,0x00,0x00,0x00,0x00,0x00,0x00,0x00,
    0x00,0x00,0x00,0x00,0x00,0x00,0x00,0x00,0x00,0x00,0x00,0x00,0x00,0x00,0x00,0x00,
    0x00,0x00,0x00,0x00,0x00,0x00,0x00,0x00,0x00,0x00,0x00,0x00,0x00,0x00,0x00,0x00,
    0x00,0x00,0x00,0x00,0x00,0x00,0x00,0x00,0x00,0x00,0x00,0x00,0x00,0x00,0x00,0x00,
    0x00,0x00,0x00,0x00,0x00,0x00,0x00,0x00,0x00,0x00,0x00,0x00,0x00,0x00,0x00,0x00,
    0x00,0x00,0x00,0x00,0x00,0x00,0x00,0x00,0x00,0x00,0x00,0x00,0x00,0x00,0x00,0x00,
    0x00,0x00,0x00,0x00,0x00,0x00,0x00,0x00,0x00,0x00,0x00,0x00,0x00,0x00,0x00,0x00,
    0x00,0x00,0x00,0x00,0x00,0x00,0x00,0x00,0x00,0x00,0x00,0x00,0x00,0x00,0x00,0x00,
    0x00,0x00,0x00,0x00,0x00,0x00,0x00,0x00,0x00,0x00,0x00,0x00,0x00,0x00,0x00,0x00,
    0x00,0x00,0x00,0x00,0x00,0x00,0x00,0x00,0xff,0xff,0xff,0x01,0xff,0xff,0xff,0x05,
    0xa1,0xe4,0xae,0x13,0x62,0xc4,0x6f,0x27,0x69,0xc8,0x70,0x46,0x9e,0xdc,0xa5,0x92,
    0x7a,0xcd,0x81,0xbb,0x53,0xbe,0x5d,0xe2,0x38,0xb5,0x43,0xfb,0x2c,0xb4,0x38,0xff,
    0x27,0xb0,0x33,0xff,0x22,0xae,0x2c,0xff,0x1c,0xac,0x27,0xff,0x19,0xab,0x24,0xff,
    0x18,0xab,0x23,0xff,0x18,0xab,0x22,0xff,0x17,0xaa,0x22,0xff,0x17,0xaa,0x23,0xff,
    0x17,0xaa,0x22,0xff,0x17,0xaa,0x22,0xff,0x18,0xab,0x24,0xff,0x18,0xab,0x24,0xff,
    0x18,0xab,0x23,0xff,0x18,0xab,0x23,0xff,0x18,0xab,0x23,0xff,0x18,0xab,0x23,0xff,
    0x18,0xab,0x23,0xff,0x18,0xab,0x23,0xff,0x18,0xab,0x23,0xff,0x18,0xab,0x23,0xff,
    0x18,0xab,0x23,0xff,0x17,0xaa,0x22,0xff,0x17,0xaa,0x22,0xff,0x17,0xaa,0x22,0xff,
    0x17,0xaa,0x22,0xff,0x17,0xaa,0x22,0xff,0x18,0xab,0x23,0xff,0x18,0xab,0x24,0xff,
    0x1e,0xae,0x29,0xff,0x23,0xb0,0x2d,0xff,0x28,0xb2,0x34,0xff,0x2d,0xb4,0x38,0xff,
    0x3a,0xb6,0x42,0xfa,0x5a,0xc1,0x62,0xdd,0x82,0xcf,0x89,0xb7,0xa0,0xdc,0xa5,0x8c,
    0x7b,0xcf,0x83,0x46,0x74,0xcc,0x7b,0x23,0xb8,0xe2,0xc6,0x12,0x00,0x00,0x00,0x00,
    0x00,0xff,0x00,0x01,0x00,0x00,0x00,0x00,0x00,0x00,0x00,0x00,0x00,0x00,0x00,0x00,
    0x00,0x00,0x00,0x00,0x00,0x00,0x00,0x00,0x00,0x00,0x00,0x00,0x00,0x00,0x00,0x00,
    0x00,0x00,0x00,0x00,0x00,0x00,0x00,0x00,0x00,0x00,0x00,0x00,0x00,0x00,0x00,0x00,
    0x00,0x00,0x00,0x00,0x00,0x00,0x00,0x00,0x00,0x00,0x00,0x00,0x00,0x00,0x00,0x00,
    0x00,0x00,0x00,0x00,0x00,0x00,0x00,0x00,0x00,0x00,0x00,0x00,0x00,0x00,0x00,0x00,
    0x00,0x00,0x00,0x00,0x00,0x00,0x00,0x00,0x00,0x00,0x00,0x00,0x00,0x00,0x00,0x00,
    0x00,0x00,0x00,0x00,0x00,0x00,0x00,0x00,0x00,0x00,0x00,0x00,0x00,0x00,0x00,0x00,
    0x00,0x00,0x00,0x00,0x00,0x00,0x00,0x00,0x00,0x00,0x00,0x00,0x00,0x00,0x00,0x00,
    0x00,0x00,0x00,0x00,0x00,0x00,0x00,0x00,0x00,0x00,0x00,0x00,0x00,0x00,0x00,0x00,
    0x00,0x00,0x00,0x00,0x00,0x00,0x00,0x00,0x00,0x00,0x00,0x00,0x00,0x00,0x00,0x00,
    0x00,0x00,0x00,0x00,0x00,0x00,0x00,0x00,0x00,0x00,0x00,0x00,0x00,0x00,0x00,0x00,
    0x00,0x00,0x00,0x00,0x00,0x00,0x00,0x00,0x00,0x00,0x00,0x00,0x00,0x00,0x00,0x00,
    0x00,0x00,0x00,0x00,0x00,0x00,0x00,0x00,0x00,0x00,0x00,0x00,0x00,0x00,0x00,0x00,
    0x00,0x00,0x00,0x00,0x00,0x00,0x00,0x00,0x00,0x00,0x00,0x00,0x00,0x00,0x00,0x00,
    0x00,0x00,0x00,0x00,0x00,0x00,0x00,0x00,0x00,0x00,0x00,0x00,0x00,0x00,0x00,0x00,
    0x00,0x00,0x00,0x00,0x00,0x00,0x00,0x00,0x00,0x00,0x00,0x00,0x00,0x00,0x00,0x00,
    0x00,0x00,0x00,0x00,0x00,0x00,0x00,0x00,0x00,0x00,0x00,0x00,0x00,0x00,0x00,0x00,
    0x00,0x00,0x00,0x00,0x00,0x00,0x00,0x00,0x00,0x00,0x00,0x00,0x00,0x00,0x00,0x00,
    0x00,0x00,0x00,0x00,0x00,0x00,0x00,0x00,0x00,0x00,0x00,0x00,0x00,0x00,0x00,0x00,
    0x00,0x00,0x00,0x00,0x00,0x00,0x00,0x00,0x00,0x00,0x00,0x00,0x00,0x00,0x00,0x00,
    0x00,0x00,0x00,0x00,0x00,0x00,0x00,0x00,0x00,0x00,0x00,0x00,0x00,0x00,0x00,0x00,
    0x00,0x00,0x00,0x00,0x00,0x00,0x00,0x00,0x00,0x00,0x00,0x00,0x00,0x00,0x00,0x00,
    0x00,0x00,0x00,0x00,0x00,0x00,0x00,0x00,0x00,0x00,0x00,0x00,0x00,0x00,0x00,0x00,
    0x00,0x00,0x00,0x00,0x00,0x00,0x00,0x00,0x00,0x00,0x00,0x00,0x00,0x00,0x00,0x00,
    0x00,0x00,0x00,0x00,0x00,0x00,0x00,0x00,0x00,0x00,0x00,0x00,0x00,0x00,0x00,0x00,
    0x00,0x00,0x00,0x00,0x00,0x00,0x00,0x00,0x00,0x00,0x00,0x00,0x00,0x00,0x00,0x00,
    0x00,0x00,0x00,0x00,0x00,0x00,0x00,0x00,0x00,0x00,0x00,0x00,0x00,0x00,0x00,0x00,
    0x00,0x00,0x00,0x00,0x00,0x00,0x00,0x00,0x00,0x00,0x00,0x00,0x00,0x00,0x00,0x00,
    0x00,0x00,0x00,0x00,0x7f,0xff,0x7f,0x02,0x91,0xb6,0x91,0x07,0xb9,0xdc,0xc5,0x16,
    0x97,0xdc,0x90,0x25,0x55,0xbe,0x5f,0x33,0x4c,0xbc,0x56,0x4d,0x80,0xce,0x86,0x7f,
    0x92,0xd6,0x99,0xb5,0x67,0xc7,0x6f,0xc7,0x4f,0xbe,0x58,0xe0,0x3d,0xb7,0x45,0xf2,
    0x34,0xb4,0x3e,0xfc,0x32,0xb5,0x3c,0xff,0x30,0xb7,0x3a,0xff,0x2c,0xb6,0x37,0xff,
    0x29,0xb5,0x33,0xff,0x26,0xb3,0x31,0xff,0x23,0xb2,0x2e,0xff,0x20,0xb0,0x2c,0xff,
    0x1e,0xae,0x29,0xff,0x1d,0xae,0x27,0xff,0x1d,0xae,0x27,0xff,0x1d,0xae,0x27,0xff,
    0x1d,0xae,0x27,0xff,0x1e,0xaf,0x28,0xff,0x1e,0xaf,0x2a,0xff,0x20,0xb0,0x2c,0xff,
    0x22,0xb1,0x2e,0xff,0x25,0xb4,0x30,0xff,0x29,0xb5,0x33,0xff,0x2c,0xb8,0x38,0xff,
    0x31,0xb8,0x3c,0xff,0x33,0xb5,0x3e,0xff,0x34,0xb4,0x3e,0xfb,0x3d,0xb7,0x46,0xf3,
    0x53,0xbf,0x5b,0xdc,0x6a,0xc7,0x71,0xc2,0x91,0xd6,0x97,0xaf,0x8c,0xd5,0x94,0x81,
    0x4b,0xbd,0x56,0x4a,0x5b,0xc1,0x66,0x32,0x94,0xd4,0x9b,0x24,0xc6,0xf0,0xc6,0x12,
    0x91,0xda,0x91,0x07,0x7f,0x7f,0x7f,0x02,0x00,0x00,0x00,0x00,0x00,0x00,0x00,0x00,
    0x00,0x00,0x00,0x00,0x00,0x00,0x00,0x00,0x00,0x00,0x00,0x00,0x00,0x00,0x00,0x00,
    0x00,0x00,0x00,0x00,0x00,0x00,0x00,0x00,0x00,0x00,0x00,0x00,0x00,0x00,0x00,0x00,
    0x00,0x00,0x00,0x00,0x00,0x00,0x00,0x00,0x00,0x00,0x00,0x00,0x00,0x00,0x00,0x00,
    0x00,0x00,0x00,0x00,0x00,0x00,0x00,0x00,0x00,0x00,0x00,0x00,0x00,0x00,0x00,0x00,
    0x00,0x00,0x00,0x00,0x00,0x00,0x00,0x00,0x00,0x00,0x00,0x00,0x00,0x00,0x00,0x00,
    0x00,0x00,0x00,0x00,0x00,0x00,0x00,0x00,0x00,0x00,0x00,0x00,0x00,0x00,0x00,0x00,
    0x00,0x00,0x00,0x00,0x00,0x00,0x00,0x00,0x00,0x00,0x00,0x00,0x00,0x00,0x00,0x00,
    0x00,0x00,0x00,0x00,0x00,0x00,0x00,0x00,0x00,0x00,0x00,0x00,0x00,0x00,0x00,0x00,
    0x00,0x00,0x00,0x00,0x00,0x00,0x00,0x00,0x00,0x00,0x00,0x00,0x00,0x00,0x00,0x00,
    0x00,0x00,0x00,0x00,0x00,0x00,0x00,0x00,0x00,0x00,0x00,0x00,0x00,0x00,0x00,0x00,
    0x00,0x00,0x00,0x00,0x00,0x00,0x00,0x00,0x00,0x00,0x00,0x00,0x00,0x00,0x00,0x00,
    0x00,0x00,0x00,0x00,0x00,0x00,0x00,0x00,0x00,0x00,0x00,0x00,0x00,0x00,0x00,0x00,
    0x00,0x00,0x00,0x00,0x00,0x00,0x00,0x00,0x00,0x00,0x00,0x00,0x00,0x00,0x00,0x00,
    0x00,0x00,0x00,0x00,0x00,0x00,0x00,0x00,0x00,0x00,0x00,0x00,0x00,0x00,0x00,0x00,
    0x00,0x00,0x00,0x00,0x00,0x00,0x00,0x00,0x00,0x00,0x00,0x00,0x00,0x00,0x00,0x00,
    0x00,0x00,0x00,0x00,0x00,0x00,0x00,0x00,0x00,0x00,0x00,0x00,0x00,0x00,0x00,0x00,
    0x00,0x00,0x00,0x00,0x00,0x00,0x00,0x00,0x00,0x00,0x00,0x00,0x00,0x00,0x00,0x00,
    0x00,0x00,0x00,0x00,0x00,0x00,0x00,0x00,0x00,0x00,0x00,0x00,0x00,0x00,0x00,0x00,
    0x00,0x00,0x00,0x00,0x00,0x00,0x00,0x00,0x00,0x00,0x00,0x00,0x00,0x00,0x00,0x00,
    0x00,0x00,0x00,0x00,0x00,0x00,0x00,0x00,0x00,0x00,0x00,0x00,0x00,0x00,0x00,0x00,
    0x00,0x00,0x00,0x00,0x00,0x00,0x00,0x00,0x00,0x00,0x00,0x00,0x00,0x00,0x00,0x00,
    0x00,0x00,0x00,0x00,0x00,0x00,0x00,0x00,0x00,0x00,0x00,0x00,0x00,0x00,0x00,0x00,
    0x00,0x00,0x00,0x00,0x00,0x00,0x00,0x00,0x00,0x00,0x00,0x00,0x00,0x00,0x00,0x00,
    0x00,0x00,0x00,0x00,0x00,0x00,0x00,0x00,0x00,0x00,0x00,0x00,0x00,0x00,0x00,0x00,
    0x00,0x00,0x00,0x00,0x00,0x00,0x00,0x00,0x00,0x00,0x00,0x00,0x00,0x00,0x00,0x00,
    0x00,0x00,0x00,0x00,0x00,0x00,0x00,0x00,0x00,0x00,0x00,0x00,0x00,0x00,0x00,0x00,
    0x00,0x00,0x00,0x00,0x00,0x00,0x00,0x00,0x00,0x00,0x00,0x00,0x00,0x00,0x00,0x00,
    0x00,0x00,0x00,0x00,0x00,0x00,0x00,0x00,0x00,0x00,0x00,0x00,0x00,0x00,0x00,0x00,
    0x00,0x00,0x00,0x00,0x00,0x00,0x00,0x00,0x00,0x00,0x00,0x00,0x00,0x00,0x00,0x00,
    0x00,0x00,0x00,0x00,0x00,0x00,0x00,0x00,0x7f,0xd4,0xaa,0x06,0xc4,0xeb,0xcd,0x1a,
    0xc6,0xea,0xcc,0x32,0x88,0xd0,0x8c,0x3c,0x63,0xc6,0x6a,0x48,0x47,0xba,0x50,0x52,
    0x37,0xb2,0x40,0x57,0x60,0xc3,0x68,0x7c,0x78,0xcc,0x7d,0xa7,0x6b,0xc9,0x71,0xaf,
    0x63,0xc6,0x6a,0xb9,0x5a,0xc2,0x63,0xc3,0x53,0xbf,0x5a,0xca,0x4c,0xbc,0x54,0xd0,
    0x46,0xb9,0x4e,0xd6,0x42,0xb9,0x4a,0xda,0x41,0xb9,0x4a,0xda,0x42,0xb9,0x4a,0xda,
    0x42,0xb9,0x4b,0xd9,0x44,0xbb,0x4d,0xd7,0x47,0xbb,0x52,0xd3,0x4c,0xbd,0x56,0xcf,
    0x55,0xc0,0x5c,0xc9,0x5b,0xc4,0x64,0xc1,0x64,0xc7,0x6b,0xb7,0x6d,0xca,0x75,0xae,
    0x76,0xcc,0x7c,0xa2,0x67,0xc6,0x6f,0x7e,0x36,0xb6,0x42,0x54,0x47,0xba,0x50,0x52,
    0x69,0xc4,0x6d,0x46,0x8a,0xd2,0x8f,0x39,0xc8,0xe3,0xc8,0x2f,0xe2,0xec,0xec,0x1b,
    0x99,0xff,0x99,0x05,0x00,0x00,0x00,0x00,0x00,0x00,0x00,0x00,0x00,0x00,0x00,0x00,
    0x00,0x00,0x00,0x00,0x00,0x00,0x00,0x00,0x00,0x00,0x00,0x00,0x00,0x00,0x00,0x00,
    0x00,0x00,0x00,0x00,0x00,0x00,0x00,0x00,0x00,0x00,0x00,0x00,0x00,0x00,0x00,0x00,
    0x00,0x00,0x00,0x00,0x00,0x00,0x00,0x00,0x00,0x00,0x00,0x00,0x00,0x00,0x00,0x00,
    0x00,0x00,0x00,0x00,0x00,0x00,0x00,0x00,0x00,0x00,0x00,0x00,0x00,0x00,0x00,0x00,
    0x00,0x00,0x00,0x00,0x00,0x00,0x00,0x00,0x00,0x00,0x00,0x00,0x00,0x00,0x00,0x00,
    0x00,0x00,0x00,0x00,0x00,0x00,0x00,0x00,0x00,0x00,0x00,0x00,0x00,0x00,0x00,0x00,
    0x00,0x00,0x00,0x00,0x00,0x00,0x00,0x00,0x00,0x00,0x00,0x00,0x00,0x00,0x00,0x00,
    0x00,0x00,0x00,0x00,0x00,0x00,0x00,0x00,0x00,0x00,0x00,0x00,0x00,0x00,0x00,0x00,
    0x00,0x00,0x00,0x00,0x00,0x00,0x00,0x00,0x00,0x00,0x00,0x00,0x00,0x00,0x00,0x00,
    0x00,0x00,0x00,0x00,0x00,0x00,0x00,0x00,0x00,0x00,0x00,0x00,0x00,0x00,0x00,0x00,
    0x00,0x00,0x00,0x00,0x00,0x00,0x00,0x00,0x00,0x00,0x00,0x00,0x00,0x00,0x00,0x00,
    0x00,0x00,0x00,0x00,0x00,0x00,0x00,0x00,0x00,0x00,0x00,0x00,0x00,0x00,0x00,0x00,
    0x00,0x00,0x00,0x00,0x00,0x00,0x00,0x00,0x00,0x00,0x00,0x00,0x00,0x00,0x00,0x00,
    0x00,0x00,0x00,0x00,0x00,0x00,0x00,0x00,0x00,0x00,0x00,0x00,0x00,0x00,0x00,0x00,
    0x00,0x00,0x00,0x00,0x00,0x00,0x00,0x00,0x00,0x00,0x00,0x00,0x00,0x00,0x00,0x00,
    0x00,0x00,0x00,0x00,0x00,0x00,0x00,0x00,0x00,0x00,0x00,0x00,0x00,0x00,0x00,0x00,
};

const lv_image_dsc_t img_payment_ok_149x148_ARGB8888_aligned = {
  .header.magic = LV_IMAGE_HEADER_MAGIC,
  .header.cf = LV_COLOR_FORMAT_ARGB8888,
  .header.stride = 640,
  .header.flags = 0,
  .header.w = 149,
  .header.h = 148,
  .data_size = sizeof(img_payment_ok_149x148_ARGB8888_aligned_map),
  .data = img_payment_ok_149x148_ARGB8888_aligned_map,
};
