#ifdef __has_include
#if __has_include("lvgl.h")
#ifndef LV_LVGL_H_INCLUDE_SIMPLE
#define LV_LVGL_H_INCLUDE_SIMPLE
#endif
#endif
#endif

#if defined(LV_LVGL_H_INCLUDE_SIMPLE)
 #include "lvgl.h"
#else
 #include "lvgl/lvgl.h"
#endif

#ifndef LV_ATTRIBUTE_MEM_ALIGN
#define LV_ATTRIBUTE_MEM_ALIGN
#endif

#ifndef LV_ATTRIBUTE_IMAGE_IMG_CLOCKWISE_MIN_18X157_ARGB8888_ALIGNED
#define LV_ATTRIBUTE_IMAGE_IMG_CLOCKWISE_MIN_18X157_ARGB8888_ALIGNED
#endif

const LV_ATTRIBUTE_MEM_ALIGN LV_ATTRIBUTE_LARGE_CONST LV_ATTRIBUTE_IMAGE_IMG_CLOCKWISE_MIN_18X157_ARGB8888_ALIGNED uint8_t img_clockwise_min_18x157_ARGB8888_aligned_map[] = {
    0xff,0xff,0xff,0x00,0xff,0xff,0xff,0x00,0x1a,0xb8,0xfc,0x00,0x1a,0xb8,0xfc,0x00,
    0x1a,0xb8,0xfc,0x00,0x1a,0xb8,0xfc,0x06,0x1a,0xb8,0xfc,0x68,0x1a,0xb8,0xfc,0xc0,
    0x1a,0xb8,0xfc,0xee,0x1a,0xb8,0xfc,0xf8,0x1a,0xb8,0xfc,0xd9,0x1a,0xb8,0xfc,0x93,
    0x1a,0xb8,0xfc,0x23,0x1a,0xb8,0xfc,0x00,0x1a,0xb8,0xfc,0x00,0x1a,0xb8,0xfc,0x00,
    0xff,0xff,0xff,0x00,0xff,0xff,0xff,0x00,0x00,0x00,0x00,0x00,0x00,0x00,0x00,0x00,
    0x00,0x00,0x00,0x00,0x00,0x00,0x00,0x00,0x00,0x00,0x00,0x00,0x00,0x00,0x00,0x00,
    0x00,0x00,0x00,0x00,0x00,0x00,0x00,0x00,0x00,0x00,0x00,0x00,0x00,0x00,0x00,0x00,
    0x00,0x00,0x00,0x00,0x00,0x00,0x00,0x00,0x00,0x00,0x00,0x00,0x00,0x00,0x00,0x00,
    0xff,0xff,0xff,0x00,0xff,0xff,0xff,0x00,0x1a,0xb8,0xfc,0x00,0x1a,0xb8,0xfc,0x00,
    0x1a,0xb8,0xfc,0x22,0x1a,0xb8,0xfc,0xd5,0x1a,0xb8,0xfc,0xff,0x1a,0xb8,0xfc,0xff,
    0x1a,0xb8,0xfc,0xff,0x1a,0xb8,0xfc,0xff,0x1a,0xb8,0xfc,0xff,0x1a,0xb8,0xfc,0xff,
    0x1a,0xb8,0xfc,0xf9,0x1a,0xb8,0xfc,0x69,0x1a,0xb8,0xfc,0x00,0x1a,0xb8,0xfc,0x00,
    0xff,0xff,0xff,0x00,0xff,0xff,0xff,0x00,0x00,0x00,0x00,0x00,0x00,0x00,0x00,0x00,
    0x00,0x00,0x00,0x00,0x00,0x00,0x00,0x00,0x00,0x00,0x00,0x00,0x00,0x00,0x00,0x00,
    0x00,0x00,0x00,0x00,0x00,0x00,0x00,0x00,0x00,0x00,0x00,0x00,0x00,0x00,0x00,0x00,
    0x00,0x00,0x00,0x00,0x00,0x00,0x00,0x00,0x00,0x00,0x00,0x00,0x00,0x00,0x00,0x00,
    0xff,0xff,0xff,0x00,0xff,0xff,0xff,0x00,0x1a,0xb8,0xfc,0x00,0x1a,0xb8,0xfc,0x17,
    0x1a,0xb8,0xfc,0xe3,0x1a,0xb8,0xfc,0xff,0x1a,0xb8,0xfc,0xff,0x1a,0xb8,0xfc,0xff,
    0x1a,0xb8,0xfc,0xff,0x1a,0xb8,0xfc,0xf9,0x1a,0xb8,0xfc,0xff,0x1a,0xb8,0xfc,0xff,
    0x1a,0xb8,0xfc,0xff,0x1a,0xb8,0xfc,0xff,0x1a,0xb8,0xfc,0x6c,0x1a,0xb8,0xfc,0x00,
    0xff,0xff,0xff,0x00,0xff,0xff,0xff,0x00,0x00,0x00,0x00,0x00,0x00,0x00,0x00,0x00,
    0x00,0x00,0x00,0x00,0x00,0x00,0x00,0x00,0x00,0x00,0x00,0x00,0x00,0x00,0x00,0x00,
    0x00,0x00,0x00,0x00,0x00,0x00,0x00,0x00,0x00,0x00,0x00,0x00,0x00,0x00,0x00,0x00,
    0x00,0x00,0x00,0x00,0x00,0x00,0x00,0x00,0x00,0x00,0x00,0x00,0x00,0x00,0x00,0x00,
    0xff,0xff,0xff,0x00,0xff,0xff,0xff,0x00,0x1a,0xb8,0xfc,0x00,0x1a,0xb8,0xfc,0xaa,
    0x1a,0xb8,0xfc,0xff,0x1a,0xb8,0xfc,0xff,0x1a,0xb8,0xfc,0xee,0x1a,0xb8,0xfc,0x65,
    0x1a,0xb8,0xfc,0x0b,0x1a,0xb8,0xfc,0x00,0x1a,0xb8,0xfc,0x34,0x1a,0xb8,0xfc,0xbb,
    0x1a,0xb8,0xfc,0xff,0x1a,0xb8,0xfc,0xff,0x1a,0xb8,0xfc,0xf7,0x1a,0xb8,0xfc,0x1f,
    0xff,0xff,0xff,0x00,0xff,0xff,0xff,0x00,0x00,0x00,0x00,0x00,0x00,0x00,0x00,0x00,
    0x00,0x00,0x00,0x00,0x00,0x00,0x00,0x00,0x00,0x00,0x00,0x00,0x00,0x00,0x00,0x00,
    0x00,0x00,0x00,0x00,0x00,0x00,0x00,0x00,0x00,0x00,0x00,0x00,0x00,0x00,0x00,0x00,
    0x00,0x00,0x00,0x00,0x00,0x00,0x00,0x00,0x00,0x00,0x00,0x00,0x00,0x00,0x00,0x00,
    0xff,0xff,0xff,0x00,0xff,0xff,0xff,0x00,0x1a,0xb8,0xfc,0x26,0x1a,0xb8,0xfc,0xfe,
    0x1a,0xb8,0xfc,0xff,0x1a,0xb8,0xfc,0xf9,0x1a,0xb8,0xfc,0x32,0x1a,0xb8,0xfc,0x00,
    0x1a,0xb8,0xfc,0x00,0x1a,0xb8,0xfc,0x00,0x1a,0xb8,0xfc,0x00,0x1a,0xb8,0xfc,0x03,
    0x1a,0xb8,0xfc,0xba,0x1a,0xb8,0xfc,0xff,0x1a,0xb8,0xfc,0xff,0x1a,0xb8,0xfc,0x8e,
    0xff,0xff,0xff,0x00,0xff,0xff,0xff,0x00,0x00,0x00,0x00,0x00,0x00,0x00,0x00,0x00,
    0x00,0x00,0x00,0x00,0x00,0x00,0x00,0x00,0x00,0x00,0x00,0x00,0x00,0x00,0x00,0x00,
    0x00,0x00,0x00,0x00,0x00,0x00,0x00,0x00,0x00,0x00,0x00,0x00,0x00,0x00,0x00,0x00,
    0x00,0x00,0x00,0x00,0x00,0x00,0x00,0x00,0x00,0x00,0x00,0x00,0x00,0x00,0x00,0x00,
    0xff,0xff,0xff,0x00,0xff,0xff,0xff,0x00,0x1a,0xb8,0xfc,0x6e,0x1a,0xb8,0xfc,0xff,
    0x1a,0xb8,0xfc,0xff,0x1a,0xb8,0xfc,0x9f,0x1a,0xb8,0xfc,0x00,0x1a,0xb8,0xfc,0x00,
    0x1a,0xb8,0xfc,0x00,0x1a,0xb8,0xfc,0x00,0x1a,0xb8,0xfc,0x00,0x1a,0xb8,0xfc,0x00,
    0x1a,0xb8,0xfc,0x30,0x1a,0xb8,0xfc,0xff,0x1a,0xb8,0xfc,0xff,0x1a,0xb8,0xfc,0xd5,
    0xff,0xff,0xff,0x00,0xff,0xff,0xff,0x00,0x00,0x00,0x00,0x00,0x00,0x00,0x00,0x00,
    0x00,0x00,0x00,0x00,0x00,0x00,0x00,0x00,0x00,0x00,0x00,0x00,0x00,0x00,0x00,0x00,
    0x00,0x00,0x00,0x00,0x00,0x00,0x00,0x00,0x00,0x00,0x00,0x00,0x00,0x00,0x00,0x00,
    0x00,0x00,0x00,0x00,0x00,0x00,0x00,0x00,0x00,0x00,0x00,0x00,0x00,0x00,0x00,0x00,
    0xff,0xff,0xff,0x00,0xff,0xff,0xff,0x00,0x1a,0xb8,0xfc,0x90,0x1a,0xb8,0xfc,0xff,
    0x1a,0xb8,0xfc,0xff,0x1a,0xb8,0xfc,0x62,0x1a,0xb8,0xfc,0x00,0x1a,0xb8,0xfc,0x00,
    0x1a,0xb8,0xfc,0x00,0x1a,0xb8,0xfc,0x00,0x1a,0xb8,0xfc,0x00,0x1a,0xb8,0xfc,0x00,
    0x1a,0xb8,0xfc,0x00,0x1a,0xb8,0xfc,0xf5,0x1a,0xb8,0xfc,0xff,0x1a,0xb8,0xfc,0xf9,
    0xff,0xff,0xff,0x00,0xff,0xff,0xff,0x00,0x00,0x00,0x00,0x00,0x00,0x00,0x00,0x00,
    0x00,0x00,0x00,0x00,0x00,0x00,0x00,0x00,0x00,0x00,0x00,0x00,0x00,0x00,0x00,0x00,
    0x00,0x00,0x00,0x00,0x00,0x00,0x00,0x00,0x00,0x00,0x00,0x00,0x00,0x00,0x00,0x00,
    0x00,0x00,0x00,0x00,0x00,0x00,0x00,0x00,0x00,0x00,0x00,0x00,0x00,0x00,0x00,0x00,
    0xff,0xff,0xff,0x00,0xff,0xff,0xff,0x00,0x1a,0xb8,0xfc,0x96,0x1a,0xb8,0xfc,0xff,
    0x1a,0xb8,0xfc,0xff,0x1a,0xb8,0xfc,0x5a,0x1a,0xb8,0xfc,0x00,0x1a,0xb8,0xfc,0x00,
    0x1a,0xb8,0xfc,0x00,0x1a,0xb8,0xfc,0x00,0x1a,0xb8,0xfc,0x00,0x1a,0xb8,0xfc,0x00,
    0x1a,0xb8,0xfc,0x00,0x1a,0xb8,0xfc,0xf0,0x1a,0xb8,0xfc,0xff,0x1a,0xb8,0xfc,0xff,
    0xff,0xff,0xff,0x00,0xff,0xff,0xff,0x00,0x00,0x00,0x00,0x00,0x00,0x00,0x00,0x00,
    0x00,0x00,0x00,0x00,0x00,0x00,0x00,0x00,0x00,0x00,0x00,0x00,0x00,0x00,0x00,0x00,
    0x00,0x00,0x00,0x00,0x00,0x00,0x00,0x00,0x00,0x00,0x00,0x00,0x00,0x00,0x00,0x00,
    0x00,0x00,0x00,0x00,0x00,0x00,0x00,0x00,0x00,0x00,0x00,0x00,0x00,0x00,0x00,0x00,
    0xff,0xff,0xff,0x00,0xff,0xff,0xff,0x00,0x1a,0xb8,0xfc,0x96,0x1a,0xb8,0xfc,0xff,
    0x1a,0xb8,0xfc,0xff,0x1a,0xb8,0xfc,0x5a,0x1a,0xb8,0xfc,0x00,0x1a,0xb8,0xfc,0x00,
    0x1a,0xb8,0xfc,0x00,0x1a,0xb8,0xfc,0x00,0x1a,0xb8,0xfc,0x00,0x1a,0xb8,0xfc,0x00,
    0x1a,0xb8,0xfc,0x00,0x1a,0xb8,0xfc,0xf0,0x1a,0xb8,0xfc,0xff,0x1a,0xb8,0xfc,0xff,
    0xff,0xff,0xff,0x00,0xff,0xff,0xff,0x00,0x00,0x00,0x00,0x00,0x00,0x00,0x00,0x00,
    0x00,0x00,0x00,0x00,0x00,0x00,0x00,0x00,0x00,0x00,0x00,0x00,0x00,0x00,0x00,0x00,
    0x00,0x00,0x00,0x00,0x00,0x00,0x00,0x00,0x00,0x00,0x00,0x00,0x00,0x00,0x00,0x00,
    0x00,0x00,0x00,0x00,0x00,0x00,0x00,0x00,0x00,0x00,0x00,0x00,0x00,0x00,0x00,0x00,
    0xff,0xff,0xff,0x00,0xff,0xff,0xff,0x00,0x1a,0xb8,0xfc,0x96,0x1a,0xb8,0xfc,0xff,
    0x1a,0xb8,0xfc,0xff,0x1a,0xb8,0xfc,0x5a,0x1a,0xb8,0xfc,0x00,0x1a,0xb8,0xfc,0x00,
    0x1a,0xb8,0xfc,0x00,0x1a,0xb8,0xfc,0x00,0x1a,0xb8,0xfc,0x00,0x1a,0xb8,0xfc,0x00,
    0x1a,0xb8,0xfc,0x00,0x1a,0xb8,0xfc,0xf0,0x1a,0xb8,0xfc,0xff,0x1a,0xb8,0xfc,0xff,
    0xff,0xff,0xff,0x00,0xff,0xff,0xff,0x00,0x00,0x00,0x00,0x00,0x00,0x00,0x00,0x00,
    0x00,0x00,0x00,0x00,0x00,0x00,0x00,0x00,0x00,0x00,0x00,0x00,0x00,0x00,0x00,0x00,
    0x00,0x00,0x00,0x00,0x00,0x00,0x00,0x00,0x00,0x00,0x00,0x00,0x00,0x00,0x00,0x00,
    0x00,0x00,0x00,0x00,0x00,0x00,0x00,0x00,0x00,0x00,0x00,0x00,0x00,0x00,0x00,0x00,
    0xff,0xff,0xff,0x00,0xff,0xff,0xff,0x00,0x1a,0xb8,0xfc,0x96,0x1a,0xb8,0xfc,0xff,
    0x1a,0xb8,0xfc,0xff,0x1a,0xb8,0xfc,0x5a,0x1a,0xb8,0xfc,0x00,0x1a,0xb8,0xfc,0x00,
    0x1a,0xb8,0xfc,0x00,0x1a,0xb8,0xfc,0x00,0x1a,0xb8,0xfc,0x00,0x1a,0xb8,0xfc,0x00,
    0x1a,0xb8,0xfc,0x00,0x1a,0xb8,0xfc,0xf0,0x1a,0xb8,0xfc,0xff,0x1a,0xb8,0xfc,0xff,
    0xff,0xff,0xff,0x00,0xff,0xff,0xff,0x00,0x00,0x00,0x00,0x00,0x00,0x00,0x00,0x00,
    0x00,0x00,0x00,0x00,0x00,0x00,0x00,0x00,0x00,0x00,0x00,0x00,0x00,0x00,0x00,0x00,
    0x00,0x00,0x00,0x00,0x00,0x00,0x00,0x00,0x00,0x00,0x00,0x00,0x00,0x00,0x00,0x00,
    0x00,0x00,0x00,0x00,0x00,0x00,0x00,0x00,0x00,0x00,0x00,0x00,0x00,0x00,0x00,0x00,
    0xff,0xff,0xff,0x00,0xff,0xff,0xff,0x00,0x1a,0xb8,0xfc,0x96,0x1a,0xb8,0xfc,0xff,
    0x1a,0xb8,0xfc,0xff,0x1a,0xb8,0xfc,0x5a,0x1a,0xb8,0xfc,0x00,0x1a,0xb8,0xfc,0x00,
    0x1a,0xb8,0xfc,0x00,0x1a,0xb8,0xfc,0x00,0x1a,0xb8,0xfc,0x00,0x1a,0xb8,0xfc,0x00,
    0x1a,0xb8,0xfc,0x00,0x1a,0xb8,0xfc,0xf0,0x1a,0xb8,0xfc,0xff,0x1a,0xb8,0xfc,0xff,
    0xff,0xff,0xff,0x00,0xff,0xff,0xff,0x00,0x00,0x00,0x00,0x00,0x00,0x00,0x00,0x00,
    0x00,0x00,0x00,0x00,0x00,0x00,0x00,0x00,0x00,0x00,0x00,0x00,0x00,0x00,0x00,0x00,
    0x00,0x00,0x00,0x00,0x00,0x00,0x00,0x00,0x00,0x00,0x00,0x00,0x00,0x00,0x00,0x00,
    0x00,0x00,0x00,0x00,0x00,0x00,0x00,0x00,0x00,0x00,0x00,0x00,0x00,0x00,0x00,0x00,
    0xff,0xff,0xff,0x00,0xff,0xff,0xff,0x00,0x1a,0xb8,0xfc,0x96,0x1a,0xb8,0xfc,0xff,
    0x1a,0xb8,0xfc,0xff,0x1a,0xb8,0xfc,0x54,0x1a,0xb8,0xfc,0x00,0x1a,0xb8,0xfc,0x00,
    0x1a,0xb8,0xfc,0x00,0x1a,0xb8,0xfc,0x00,0x1a,0xb8,0xfc,0x00,0x1a,0xb8,0xfc,0x00,
    0x1a,0xb8,0xfc,0x00,0x1a,0xb8,0xfc,0xf0,0x1a,0xb8,0xfc,0xff,0x1a,0xb8,0xfc,0xff,
    0xff,0xff,0xff,0x00,0xff,0xff,0xff,0x00,0x00,0x00,0x00,0x00,0x00,0x00,0x00,0x00,
    0x00,0x00,0x00,0x00,0x00,0x00,0x00,0x00,0x00,0x00,0x00,0x00,0x00,0x00,0x00,0x00,
    0x00,0x00,0x00,0x00,0x00,0x00,0x00,0x00,0x00,0x00,0x00,0x00,0x00,0x00,0x00,0x00,
    0x00,0x00,0x00,0x00,0x00,0x00,0x00,0x00,0x00,0x00,0x00,0x00,0x00,0x00,0x00,0x00,
    0xff,0xff,0xff,0x00,0xff,0xff,0xff,0x00,0x1a,0xb8,0xfc,0x96,0x1a,0xb8,0xfc,0xff,
    0x1a,0xb8,0xfc,0xff,0x1a,0xb8,0xfc,0x4b,0x1a,0xb8,0xfc,0x00,0x1a,0xb8,0xfc,0x00,
    0x1a,0xb8,0xfc,0x00,0x1a,0xb8,0xfc,0x00,0x1a,0xb8,0xfc,0x00,0x1a,0xb8,0xfc,0x00,
    0x1a,0xb8,0xfc,0x00,0x1a,0xb8,0xfc,0xf0,0x1a,0xb8,0xfc,0xff,0x1a,0xb8,0xfc,0xff,
    0xff,0xff,0xff,0x00,0xff,0xff,0xff,0x00,0x00,0x00,0x00,0x00,0x00,0x00,0x00,0x00,
    0x00,0x00,0x00,0x00,0x00,0x00,0x00,0x00,0x00,0x00,0x00,0x00,0x00,0x00,0x00,0x00,
    0x00,0x00,0x00,0x00,0x00,0x00,0x00,0x00,0x00,0x00,0x00,0x00,0x00,0x00,0x00,0x00,
    0x00,0x00,0x00,0x00,0x00,0x00,0x00,0x00,0x00,0x00,0x00,0x00,0x00,0x00,0x00,0x00,
    0xff,0xff,0xff,0x00,0xff,0xff,0xff,0x00,0x1a,0xb8,0xfc,0x96,0x1a,0xb8,0xfc,0xff,
    0x1a,0xb8,0xfc,0xff,0x1a,0xb8,0xfc,0x4b,0x1a,0xb8,0xfc,0x00,0x1a,0xb8,0xfc,0x00,
    0x1a,0xb8,0xfc,0x00,0x1a,0xb8,0xfc,0x00,0x1a,0xb8,0xfc,0x00,0x1a,0xb8,0xfc,0x00,
    0x1a,0xb8,0xfc,0x00,0x1a,0xb8,0xfc,0xf0,0x1a,0xb8,0xfc,0xff,0x1a,0xb8,0xfc,0xff,
    0xff,0xff,0xff,0x00,0xff,0xff,0xff,0x00,0x00,0x00,0x00,0x00,0x00,0x00,0x00,0x00,
    0x00,0x00,0x00,0x00,0x00,0x00,0x00,0x00,0x00,0x00,0x00,0x00,0x00,0x00,0x00,0x00,
    0x00,0x00,0x00,0x00,0x00,0x00,0x00,0x00,0x00,0x00,0x00,0x00,0x00,0x00,0x00,0x00,
    0x00,0x00,0x00,0x00,0x00,0x00,0x00,0x00,0x00,0x00,0x00,0x00,0x00,0x00,0x00,0x00,
    0xff,0xff,0xff,0x00,0xff,0xff,0xff,0x00,0x1a,0xb8,0xfc,0x96,0x1a,0xb8,0xfc,0xff,
    0x1a,0xb8,0xfc,0xff,0x1a,0xb8,0xfc,0x4b,0x1a,0xb8,0xfc,0x00,0x1a,0xb8,0xfc,0x00,
    0x1a,0xb8,0xfc,0x00,0x1a,0xb8,0xfc,0x00,0x1a,0xb8,0xfc,0x00,0x1a,0xb8,0xfc,0x00,
    0x1a,0xb8,0xfc,0x00,0x1a,0xb8,0xfc,0xf0,0x1a,0xb8,0xfc,0xff,0x1a,0xb8,0xfc,0xff,
    0xff,0xff,0xff,0x00,0xff,0xff,0xff,0x00,0x00,0x00,0x00,0x00,0x00,0x00,0x00,0x00,
    0x00,0x00,0x00,0x00,0x00,0x00,0x00,0x00,0x00,0x00,0x00,0x00,0x00,0x00,0x00,0x00,
    0x00,0x00,0x00,0x00,0x00,0x00,0x00,0x00,0x00,0x00,0x00,0x00,0x00,0x00,0x00,0x00,
    0x00,0x00,0x00,0x00,0x00,0x00,0x00,0x00,0x00,0x00,0x00,0x00,0x00,0x00,0x00,0x00,
    0xff,0xff,0xff,0x00,0xff,0xff,0xff,0x00,0x1a,0xb8,0xfc,0x96,0x1a,0xb8,0xfc,0xff,
    0x1a,0xb8,0xfc,0xff,0x1a,0xb8,0xfc,0x4b,0x1a,0xb8,0xfc,0x00,0x1a,0xb8,0xfc,0x00,
    0x1a,0xb8,0xfc,0x00,0x1a,0xb8,0xfc,0x00,0x1a,0xb8,0xfc,0x00,0x1a,0xb8,0xfc,0x00,
    0x1a,0xb8,0xfc,0x00,0x1a,0xb8,0xfc,0xf0,0x1a,0xb8,0xfc,0xff,0x1a,0xb8,0xfc,0xfc,
    0xff,0xff,0xff,0x00,0xff,0xff,0xff,0x00,0x00,0x00,0x00,0x00,0x00,0x00,0x00,0x00,
    0x00,0x00,0x00,0x00,0x00,0x00,0x00,0x00,0x00,0x00,0x00,0x00,0x00,0x00,0x00,0x00,
    0x00,0x00,0x00,0x00,0x00,0x00,0x00,0x00,0x00,0x00,0x00,0x00,0x00,0x00,0x00,0x00,
    0x00,0x00,0x00,0x00,0x00,0x00,0x00,0x00,0x00,0x00,0x00,0x00,0x00,0x00,0x00,0x00,
    0xff,0xff,0xff,0x00,0xff,0xff,0xff,0x00,0x1a,0xb8,0xfc,0x96,0x1a,0xb8,0xfc,0xff,
    0x1a,0xb8,0xfc,0xff,0x1a,0xb8,0xfc,0x4b,0x1a,0xb8,0xfc,0x00,0x1a,0xb8,0xfc,0x00,
    0x1a,0xb8,0xfc,0x00,0x1a,0xb8,0xfc,0x00,0x1a,0xb8,0xfc,0x00,0x1a,0xb8,0xfc,0x00,
    0x1a,0xb8,0xfc,0x00,0x1a,0xb8,0xfc,0xf0,0x1a,0xb8,0xfc,0xff,0x1a,0xb8,0xfc,0xf0,
    0xff,0xff,0xff,0x00,0xff,0xff,0xff,0x00,0x00,0x00,0x00,0x00,0x00,0x00,0x00,0x00,
    0x00,0x00,0x00,0x00,0x00,0x00,0x00,0x00,0x00,0x00,0x00,0x00,0x00,0x00,0x00,0x00,
    0x00,0x00,0x00,0x00,0x00,0x00,0x00,0x00,0x00,0x00,0x00,0x00,0x00,0x00,0x00,0x00,
    0x00,0x00,0x00,0x00,0x00,0x00,0x00,0x00,0x00,0x00,0x00,0x00,0x00,0x00,0x00,0x00,
    0xff,0xff,0xff,0x00,0xff,0xff,0xff,0x00,0x1a,0xb8,0xfc,0xa1,0x1a,0xb8,0xfc,0xff,
    0x1a,0xb8,0xfc,0xff,0x1a,0xb8,0xfc,0x4b,0x1a,0xb8,0xfc,0x00,0x1a,0xb8,0xfc,0x00,
    0x1a,0xb8,0xfc,0x00,0x1a,0xb8,0xfc,0x00,0x1a,0xb8,0xfc,0x00,0x1a,0xb8,0xfc,0x00,
    0x1a,0xb8,0xfc,0x00,0x1a,0xb8,0xfc,0xf0,0x1a,0xb8,0xfc,0xff,0x1a,0xb8,0xfc,0xf0,
    0xff,0xff,0xff,0x00,0xff,0xff,0xff,0x00,0x00,0x00,0x00,0x00,0x00,0x00,0x00,0x00,
    0x00,0x00,0x00,0x00,0x00,0x00,0x00,0x00,0x00,0x00,0x00,0x00,0x00,0x00,0x00,0x00,
    0x00,0x00,0x00,0x00,0x00,0x00,0x00,0x00,0x00,0x00,0x00,0x00,0x00,0x00,0x00,0x00,
    0x00,0x00,0x00,0x00,0x00,0x00,0x00,0x00,0x00,0x00,0x00,0x00,0x00,0x00,0x00,0x00,
    0xff,0xff,0xff,0x00,0xff,0xff,0xff,0x00,0x1a,0xb8,0xfc,0xa5,0x1a,0xb8,0xfc,0xff,
    0x1a,0xb8,0xfc,0xff,0x1a,0xb8,0xfc,0x4b,0x1a,0xb8,0xfc,0x00,0x1a,0xb8,0xfc,0x00,
    0x1a,0xb8,0xfc,0x00,0x1a,0xb8,0xfc,0x00,0x1a,0xb8,0xfc,0x00,0x1a,0xb8,0xfc,0x00,
    0x1a,0xb8,0xfc,0x00,0x1a,0xb8,0xfc,0xf0,0x1a,0xb8,0xfc,0xff,0x1a,0xb8,0xfc,0xf0,
    0xff,0xff,0xff,0x00,0xff,0xff,0xff,0x00,0x00,0x00,0x00,0x00,0x00,0x00,0x00,0x00,
    0x00,0x00,0x00,0x00,0x00,0x00,0x00,0x00,0x00,0x00,0x00,0x00,0x00,0x00,0x00,0x00,
    0x00,0x00,0x00,0x00,0x00,0x00,0x00,0x00,0x00,0x00,0x00,0x00,0x00,0x00,0x00,0x00,
    0x00,0x00,0x00,0x00,0x00,0x00,0x00,0x00,0x00,0x00,0x00,0x00,0x00,0x00,0x00,0x00,
    0xff,0xff,0xff,0x00,0xff,0xff,0xff,0x00,0x1a,0xb8,0xfc,0xa5,0x1a,0xb8,0xfc,0xff,
    0x1a,0xb8,0xfc,0xff,0x1a,0xb8,0xfc,0x4b,0x1a,0xb8,0xfc,0x00,0x1a,0xb8,0xfc,0x00,
    0x1a,0xb8,0xfc,0x00,0x1a,0xb8,0xfc,0x00,0x1a,0xb8,0xfc,0x00,0x1a,0xb8,0xfc,0x00,
    0x1a,0xb8,0xfc,0x00,0x1a,0xb8,0xfc,0xf0,0x1a,0xb8,0xfc,0xff,0x1a,0xb8,0xfc,0xf0,
    0xff,0xff,0xff,0x00,0xff,0xff,0xff,0x00,0x00,0x00,0x00,0x00,0x00,0x00,0x00,0x00,
    0x00,0x00,0x00,0x00,0x00,0x00,0x00,0x00,0x00,0x00,0x00,0x00,0x00,0x00,0x00,0x00,
    0x00,0x00,0x00,0x00,0x00,0x00,0x00,0x00,0x00,0x00,0x00,0x00,0x00,0x00,0x00,0x00,
    0x00,0x00,0x00,0x00,0x00,0x00,0x00,0x00,0x00,0x00,0x00,0x00,0x00,0x00,0x00,0x00,
    0xff,0xff,0xff,0x00,0xff,0xff,0xff,0x00,0x1a,0xb8,0xfc,0xa5,0x1a,0xb8,0xfc,0xff,
    0x1a,0xb8,0xfc,0xff,0x1a,0xb8,0xfc,0x4b,0x1a,0xb8,0xfc,0x00,0x1a,0xb8,0xfc,0x00,
    0x1a,0xb8,0xfc,0x00,0x1a,0xb8,0xfc,0x00,0x1a,0xb8,0xfc,0x00,0x1a,0xb8,0xfc,0x00,
    0x1a,0xb8,0xfc,0x00,0x1a,0xb8,0xfc,0xf7,0x1a,0xb8,0xfc,0xff,0x1a,0xb8,0xfc,0xf0,
    0xff,0xff,0xff,0x00,0xff,0xff,0xff,0x00,0x00,0x00,0x00,0x00,0x00,0x00,0x00,0x00,
    0x00,0x00,0x00,0x00,0x00,0x00,0x00,0x00,0x00,0x00,0x00,0x00,0x00,0x00,0x00,0x00,
    0x00,0x00,0x00,0x00,0x00,0x00,0x00,0x00,0x00,0x00,0x00,0x00,0x00,0x00,0x00,0x00,
    0x00,0x00,0x00,0x00,0x00,0x00,0x00,0x00,0x00,0x00,0x00,0x00,0x00,0x00,0x00,0x00,
    0xff,0xff,0xff,0x00,0xff,0xff,0xff,0x00,0x1a,0xb8,0xfc,0xa5,0x1a,0xb8,0xfc,0xff,
    0x1a,0xb8,0xfc,0xff,0x1a,0xb8,0xfc,0x4b,0x1a,0xb8,0xfc,0x00,0x1a,0xb8,0xfc,0x00,
    0x1a,0xb8,0xfc,0x00,0x1a,0xb8,0xfc,0x00,0x1a,0xb8,0xfc,0x00,0x1a,0xb8,0xfc,0x00,
    0x1a,0xb8,0xfc,0x00,0x1a,0xb8,0xfc,0xff,0x1a,0xb8,0xfc,0xff,0x1a,0xb8,0xfc,0xf0,
    0xff,0xff,0xff,0x00,0xff,0xff,0xff,0x00,0x00,0x00,0x00,0x00,0x00,0x00,0x00,0x00,
    0x00,0x00,0x00,0x00,0x00,0x00,0x00,0x00,0x00,0x00,0x00,0x00,0x00,0x00,0x00,0x00,
    0x00,0x00,0x00,0x00,0x00,0x00,0x00,0x00,0x00,0x00,0x00,0x00,0x00,0x00,0x00,0x00,
    0x00,0x00,0x00,0x00,0x00,0x00,0x00,0x00,0x00,0x00,0x00,0x00,0x00,0x00,0x00,0x00,
    0xff,0xff,0xff,0x00,0xff,0xff,0xff,0x00,0x1a,0xb8,0xfc,0xa5,0x1a,0xb8,0xfc,0xff,
    0x1a,0xb8,0xfc,0xff,0x1a,0xb8,0xfc,0x4b,0x1a,0xb8,0xfc,0x00,0x1a,0xb8,0xfc,0x00,
    0x1a,0xb8,0xfc,0x00,0x1a,0xb8,0xfc,0x00,0x1a,0xb8,0xfc,0x00,0x1a,0xb8,0xfc,0x00,
    0x1a,0xb8,0xfc,0x00,0x1a,0xb8,0xfc,0xff,0x1a,0xb8,0xfc,0xff,0x1a,0xb8,0xfc,0xf0,
    0xff,0xff,0xff,0x00,0xff,0xff,0xff,0x00,0x00,0x00,0x00,0x00,0x00,0x00,0x00,0x00,
    0x00,0x00,0x00,0x00,0x00,0x00,0x00,0x00,0x00,0x00,0x00,0x00,0x00,0x00,0x00,0x00,
    0x00,0x00,0x00,0x00,0x00,0x00,0x00,0x00,0x00,0x00,0x00,0x00,0x00,0x00,0x00,0x00,
    0x00,0x00,0x00,0x00,0x00,0x00,0x00,0x00,0x00,0x00,0x00,0x00,0x00,0x00,0x00,0x00,
    0xff,0xff,0xff,0x00,0xff,0xff,0xff,0x00,0x1a,0xb8,0xfc,0xa5,0x1a,0xb8,0xfc,0xff,
    0x1a,0xb8,0xfc,0xff,0x1a,0xb8,0xfc,0x4b,0x1a,0xb8,0xfc,0x00,0x1a,0xb8,0xfc,0x00,
    0x1a,0xb8,0xfc,0x00,0x1a,0xb8,0xfc,0x00,0x1a,0xb8,0xfc,0x00,0x1a,0xb8,0xfc,0x00,
    0x1a,0xb8,0xfc,0x00,0x1a,0xb8,0xfc,0xff,0x1a,0xb8,0xfc,0xff,0x1a,0xb8,0xfc,0xf0,
    0xff,0xff,0xff,0x00,0xff,0xff,0xff,0x00,0x00,0x00,0x00,0x00,0x00,0x00,0x00,0x00,
    0x00,0x00,0x00,0x00,0x00,0x00,0x00,0x00,0x00,0x00,0x00,0x00,0x00,0x00,0x00,0x00,
    0x00,0x00,0x00,0x00,0x00,0x00,0x00,0x00,0x00,0x00,0x00,0x00,0x00,0x00,0x00,0x00,
    0x00,0x00,0x00,0x00,0x00,0x00,0x00,0x00,0x00,0x00,0x00,0x00,0x00,0x00,0x00,0x00,
    0xff,0xff,0xff,0x00,0xff,0xff,0xff,0x00,0x1a,0xb8,0xfc,0xa5,0x1a,0xb8,0xfc,0xff,
    0x1a,0xb8,0xfc,0xff,0x1a,0xb8,0xfc,0x4b,0x1a,0xb8,0xfc,0x00,0x1a,0xb8,0xfc,0x00,
    0x1a,0xb8,0xfc,0x00,0x1a,0xb8,0xfc,0x00,0x1a,0xb8,0xfc,0x00,0x1a,0xb8,0xfc,0x00,
    0x1a,0xb8,0xfc,0x00,0x1a,0xb8,0xfc,0xff,0x1a,0xb8,0xfc,0xff,0x1a,0xb8,0xfc,0xf0,
    0xff,0xff,0xff,0x00,0xff,0xff,0xff,0x00,0x00,0x00,0x00,0x00,0x00,0x00,0x00,0x00,
    0x00,0x00,0x00,0x00,0x00,0x00,0x00,0x00,0x00,0x00,0x00,0x00,0x00,0x00,0x00,0x00,
    0x00,0x00,0x00,0x00,0x00,0x00,0x00,0x00,0x00,0x00,0x00,0x00,0x00,0x00,0x00,0x00,
    0x00,0x00,0x00,0x00,0x00,0x00,0x00,0x00,0x00,0x00,0x00,0x00,0x00,0x00,0x00,0x00,
    0xff,0xff,0xff,0x00,0xff,0xff,0xff,0x00,0x1a,0xb8,0xfc,0xa5,0x1a,0xb8,0xfc,0xff,
    0x1a,0xb8,0xfc,0xff,0x1a,0xb8,0xfc,0x4b,0x1a,0xb8,0xfc,0x00,0x1a,0xb8,0xfc,0x00,
    0x1a,0xb8,0xfc,0x00,0x1a,0xb8,0xfc,0x00,0x1a,0xb8,0xfc,0x00,0x1a,0xb8,0xfc,0x00,
    0x1a,0xb8,0xfc,0x00,0x1a,0xb8,0xfc,0xff,0x1a,0xb8,0xfc,0xff,0x1a,0xb8,0xfc,0xf0,
    0xff,0xff,0xff,0x00,0xff,0xff,0xff,0x00,0x00,0x00,0x00,0x00,0x00,0x00,0x00,0x00,
    0x00,0x00,0x00,0x00,0x00,0x00,0x00,0x00,0x00,0x00,0x00,0x00,0x00,0x00,0x00,0x00,
    0x00,0x00,0x00,0x00,0x00,0x00,0x00,0x00,0x00,0x00,0x00,0x00,0x00,0x00,0x00,0x00,
    0x00,0x00,0x00,0x00,0x00,0x00,0x00,0x00,0x00,0x00,0x00,0x00,0x00,0x00,0x00,0x00,
    0xff,0xff,0xff,0x00,0xff,0xff,0xff,0x00,0x1a,0xb8,0xfc,0xa5,0x1a,0xb8,0xfc,0xff,
    0x1a,0xb8,0xfc,0xff,0x1a,0xb8,0xfc,0x4b,0x1a,0xb8,0xfc,0x00,0x1a,0xb8,0xfc,0x00,
    0x1a,0xb8,0xfc,0x00,0x1a,0xb8,0xfc,0x00,0x1a,0xb8,0xfc,0x00,0x1a,0xb8,0xfc,0x00,
    0x1a,0xb8,0xfc,0x00,0x1a,0xb8,0xfc,0xff,0x1a,0xb8,0xfc,0xff,0x1a,0xb8,0xfc,0xf0,
    0xff,0xff,0xff,0x00,0xff,0xff,0xff,0x00,0x00,0x00,0x00,0x00,0x00,0x00,0x00,0x00,
    0x00,0x00,0x00,0x00,0x00,0x00,0x00,0x00,0x00,0x00,0x00,0x00,0x00,0x00,0x00,0x00,
    0x00,0x00,0x00,0x00,0x00,0x00,0x00,0x00,0x00,0x00,0x00,0x00,0x00,0x00,0x00,0x00,
    0x00,0x00,0x00,0x00,0x00,0x00,0x00,0x00,0x00,0x00,0x00,0x00,0x00,0x00,0x00,0x00,
    0xff,0xff,0xff,0x00,0xff,0xff,0xff,0x00,0x1a,0xb8,0xfc,0xa5,0x1a,0xb8,0xfc,0xff,
    0x1a,0xb8,0xfc,0xff,0x1a,0xb8,0xfc,0x49,0x1a,0xb8,0xfc,0x00,0x1a,0xb8,0xfc,0x00,
    0x1a,0xb8,0xfc,0x00,0x1a,0xb8,0xfc,0x00,0x1a,0xb8,0xfc,0x00,0x1a,0xb8,0xfc,0x00,
    0x1a,0xb8,0xfc,0x00,0x1a,0xb8,0xfc,0xff,0x1a,0xb8,0xfc,0xff,0x1a,0xb8,0xfc,0xf0,
    0xff,0xff,0xff,0x00,0xff,0xff,0xff,0x00,0x00,0x00,0x00,0x00,0x00,0x00,0x00,0x00,
    0x00,0x00,0x00,0x00,0x00,0x00,0x00,0x00,0x00,0x00,0x00,0x00,0x00,0x00,0x00,0x00,
    0x00,0x00,0x00,0x00,0x00,0x00,0x00,0x00,0x00,0x00,0x00,0x00,0x00,0x00,0x00,0x00,
    0x00,0x00,0x00,0x00,0x00,0x00,0x00,0x00,0x00,0x00,0x00,0x00,0x00,0x00,0x00,0x00,
    0xff,0xff,0xff,0x00,0xff,0xff,0xff,0x00,0x1a,0xb8,0xfc,0xa5,0x1a,0xb8,0xfc,0xff,
    0x1a,0xb8,0xfc,0xff,0x1a,0xb8,0xfc,0x3c,0x1a,0xb8,0xfc,0x00,0x1a,0xb8,0xfc,0x00,
    0x1a,0xb8,0xfc,0x00,0x1a,0xb8,0xfc,0x00,0x1a,0xb8,0xfc,0x00,0x1a,0xb8,0xfc,0x00,
    0x1a,0xb8,0xfc,0x00,0x1a,0xb8,0xfc,0xff,0x1a,0xb8,0xfc,0xff,0x1a,0xb8,0xfc,0xf0,
    0xff,0xff,0xff,0x00,0xff,0xff,0xff,0x00,0x00,0x00,0x00,0x00,0x00,0x00,0x00,0x00,
    0x00,0x00,0x00,0x00,0x00,0x00,0x00,0x00,0x00,0x00,0x00,0x00,0x00,0x00,0x00,0x00,
    0x00,0x00,0x00,0x00,0x00,0x00,0x00,0x00,0x00,0x00,0x00,0x00,0x00,0x00,0x00,0x00,
    0x00,0x00,0x00,0x00,0x00,0x00,0x00,0x00,0x00,0x00,0x00,0x00,0x00,0x00,0x00,0x00,
    0xff,0xff,0xff,0x00,0xff,0xff,0xff,0x00,0x1a,0xb8,0xfc,0xa5,0x1a,0xb8,0xfc,0xff,
    0x1a,0xb8,0xfc,0xff,0x1a,0xb8,0xfc,0x3c,0x1a,0xb8,0xfc,0x00,0x1a,0xb8,0xfc,0x00,
    0x1a,0xb8,0xfc,0x00,0x1a,0xb8,0xfc,0x00,0x1a,0xb8,0xfc,0x00,0x1a,0xb8,0xfc,0x00,
    0x1a,0xb8,0xfc,0x00,0x1a,0xb8,0xfc,0xff,0x1a,0xb8,0xfc,0xff,0x1a,0xb8,0xfc,0xf0,
    0xff,0xff,0xff,0x00,0xff,0xff,0xff,0x00,0x00,0x00,0x00,0x00,0x00,0x00,0x00,0x00,
    0x00,0x00,0x00,0x00,0x00,0x00,0x00,0x00,0x00,0x00,0x00,0x00,0x00,0x00,0x00,0x00,
    0x00,0x00,0x00,0x00,0x00,0x00,0x00,0x00,0x00,0x00,0x00,0x00,0x00,0x00,0x00,0x00,
    0x00,0x00,0x00,0x00,0x00,0x00,0x00,0x00,0x00,0x00,0x00,0x00,0x00,0x00,0x00,0x00,
    0xff,0xff,0xff,0x00,0xff,0xff,0xff,0x00,0x1a,0xb8,0xfc,0xa5,0x1a,0xb8,0xfc,0xff,
    0x1a,0xb8,0xfc,0xff,0x1a,0xb8,0xfc,0x3c,0x1a,0xb8,0xfc,0x00,0x1a,0xb8,0xfc,0x00,
    0x1a,0xb8,0xfc,0x00,0x1a,0xb8,0xfc,0x00,0x1a,0xb8,0xfc,0x00,0x1a,0xb8,0xfc,0x00,
    0x1a,0xb8,0xfc,0x00,0x1a,0xb8,0xfc,0xff,0x1a,0xb8,0xfc,0xff,0x1a,0xb8,0xfc,0xf0,
    0xff,0xff,0xff,0x00,0xff,0xff,0xff,0x00,0x00,0x00,0x00,0x00,0x00,0x00,0x00,0x00,
    0x00,0x00,0x00,0x00,0x00,0x00,0x00,0x00,0x00,0x00,0x00,0x00,0x00,0x00,0x00,0x00,
    0x00,0x00,0x00,0x00,0x00,0x00,0x00,0x00,0x00,0x00,0x00,0x00,0x00,0x00,0x00,0x00,
    0x00,0x00,0x00,0x00,0x00,0x00,0x00,0x00,0x00,0x00,0x00,0x00,0x00,0x00,0x00,0x00,
    0xff,0xff,0xff,0x00,0xff,0xff,0xff,0x00,0x1a,0xb8,0xfc,0xa5,0x1a,0xb8,0xfc,0xff,
    0x1a,0xb8,0xfc,0xff,0x1a,0xb8,0xfc,0x3c,0x1a,0xb8,0xfc,0x00,0x1a,0xb8,0xfc,0x00,
    0x1a,0xb8,0xfc,0x00,0x1a,0xb8,0xfc,0x00,0x1a,0xb8,0xfc,0x00,0x1a,0xb8,0xfc,0x00,
    0x1a,0xb8,0xfc,0x00,0x1a,0xb8,0xfc,0xff,0x1a,0xb8,0xfc,0xff,0x1a,0xb8,0xfc,0xf0,
    0xff,0xff,0xff,0x00,0xff,0xff,0xff,0x00,0x00,0x00,0x00,0x00,0x00,0x00,0x00,0x00,
    0x00,0x00,0x00,0x00,0x00,0x00,0x00,0x00,0x00,0x00,0x00,0x00,0x00,0x00,0x00,0x00,
    0x00,0x00,0x00,0x00,0x00,0x00,0x00,0x00,0x00,0x00,0x00,0x00,0x00,0x00,0x00,0x00,
    0x00,0x00,0x00,0x00,0x00,0x00,0x00,0x00,0x00,0x00,0x00,0x00,0x00,0x00,0x00,0x00,
    0xff,0xff,0xff,0x00,0xff,0xff,0xff,0x00,0x1a,0xb8,0xfc,0xa5,0x1a,0xb8,0xfc,0xff,
    0x1a,0xb8,0xfc,0xff,0x1a,0xb8,0xfc,0x3c,0x1a,0xb8,0xfc,0x00,0x1a,0xb8,0xfc,0x00,
    0x1a,0xb8,0xfc,0x00,0x1a,0xb8,0xfc,0x00,0x1a,0xb8,0xfc,0x00,0x1a,0xb8,0xfc,0x00,
    0x1a,0xb8,0xfc,0x00,0x1a,0xb8,0xfc,0xff,0x1a,0xb8,0xfc,0xff,0x1a,0xb8,0xfc,0xec,
    0xff,0xff,0xff,0x00,0xff,0xff,0xff,0x00,0x00,0x00,0x00,0x00,0x00,0x00,0x00,0x00,
    0x00,0x00,0x00,0x00,0x00,0x00,0x00,0x00,0x00,0x00,0x00,0x00,0x00,0x00,0x00,0x00,
    0x00,0x00,0x00,0x00,0x00,0x00,0x00,0x00,0x00,0x00,0x00,0x00,0x00,0x00,0x00,0x00,
    0x00,0x00,0x00,0x00,0x00,0x00,0x00,0x00,0x00,0x00,0x00,0x00,0x00,0x00,0x00,0x00,
    0xff,0xff,0xff,0x00,0xff,0xff,0xff,0x00,0x1a,0xb8,0xfc,0xa5,0x1a,0xb8,0xfc,0xff,
    0x1a,0xb8,0xfc,0xff,0x1a,0xb8,0xfc,0x3c,0x1a,0xb8,0xfc,0x00,0x1a,0xb8,0xfc,0x00,
    0x1a,0xb8,0xfc,0x00,0x1a,0xb8,0xfc,0x00,0x1a,0xb8,0xfc,0x00,0x1a,0xb8,0xfc,0x00,
    0x1a,0xb8,0xfc,0x00,0x1a,0xb8,0xfc,0xff,0x1a,0xb8,0xfc,0xff,0x1a,0xb8,0xfc,0xe1,
    0xff,0xff,0xff,0x00,0xff,0xff,0xff,0x00,0x00,0x00,0x00,0x00,0x00,0x00,0x00,0x00,
    0x00,0x00,0x00,0x00,0x00,0x00,0x00,0x00,0x00,0x00,0x00,0x00,0x00,0x00,0x00,0x00,
    0x00,0x00,0x00,0x00,0x00,0x00,0x00,0x00,0x00,0x00,0x00,0x00,0x00,0x00,0x00,0x00,
    0x00,0x00,0x00,0x00,0x00,0x00,0x00,0x00,0x00,0x00,0x00,0x00,0x00,0x00,0x00,0x00,
    0xff,0xff,0xff,0x00,0xff,0xff,0xff,0x00,0x1a,0xb8,0xfc,0xb1,0x1a,0xb8,0xfc,0xff,
    0x1a,0xb8,0xfc,0xff,0x1a,0xb8,0xfc,0x3c,0x1a,0xb8,0xfc,0x00,0x1a,0xb8,0xfc,0x00,
    0x1a,0xb8,0xfc,0x00,0x1a,0xb8,0xfc,0x00,0x1a,0xb8,0xfc,0x00,0x1a,0xb8,0xfc,0x00,
    0x1a,0xb8,0xfc,0x00,0x1a,0xb8,0xfc,0xff,0x1a,0xb8,0xfc,0xff,0x1a,0xb8,0xfc,0xe1,
    0xff,0xff,0xff,0x00,0xff,0xff,0xff,0x00,0x00,0x00,0x00,0x00,0x00,0x00,0x00,0x00,
    0x00,0x00,0x00,0x00,0x00,0x00,0x00,0x00,0x00,0x00,0x00,0x00,0x00,0x00,0x00,0x00,
    0x00,0x00,0x00,0x00,0x00,0x00,0x00,0x00,0x00,0x00,0x00,0x00,0x00,0x00,0x00,0x00,
    0x00,0x00,0x00,0x00,0x00,0x00,0x00,0x00,0x00,0x00,0x00,0x00,0x00,0x00,0x00,0x00,
    0xff,0xff,0xff,0x00,0xff,0xff,0xff,0x00,0x1a,0xb8,0xfc,0xb4,0x1a,0xb8,0xfc,0xff,
    0x1a,0xb8,0xfc,0xff,0x1a,0xb8,0xfc,0x3c,0x1a,0xb8,0xfc,0x00,0x1a,0xb8,0xfc,0x00,
    0x1a,0xb8,0xfc,0x00,0x1a,0xb8,0xfc,0x00,0x1a,0xb8,0xfc,0x00,0x1a,0xb8,0xfc,0x00,
    0x1a,0xb8,0xfc,0x00,0x1a,0xb8,0xfc,0xff,0x1a,0xb8,0xfc,0xff,0x1a,0xb8,0xfc,0xe1,
    0xff,0xff,0xff,0x00,0xff,0xff,0xff,0x00,0x00,0x00,0x00,0x00,0x00,0x00,0x00,0x00,
    0x00,0x00,0x00,0x00,0x00,0x00,0x00,0x00,0x00,0x00,0x00,0x00,0x00,0x00,0x00,0x00,
    0x00,0x00,0x00,0x00,0x00,0x00,0x00,0x00,0x00,0x00,0x00,0x00,0x00,0x00,0x00,0x00,
    0x00,0x00,0x00,0x00,0x00,0x00,0x00,0x00,0x00,0x00,0x00,0x00,0x00,0x00,0x00,0x00,
    0xff,0xff,0xff,0x00,0xff,0xff,0xff,0x00,0x1a,0xb8,0xfc,0xb4,0x1a,0xb8,0xfc,0xff,
    0x1a,0xb8,0xfc,0xff,0x1a,0xb8,0xfc,0x3c,0x1a,0xb8,0xfc,0x00,0x1a,0xb8,0xfc,0x00,
    0x1a,0xb8,0xfc,0x00,0x1a,0xb8,0xfc,0x00,0x1a,0xb8,0xfc,0x00,0x1a,0xb8,0xfc,0x00,
    0x1a,0xb8,0xfc,0x03,0x1a,0xb8,0xfc,0xff,0x1a,0xb8,0xfc,0xff,0x1a,0xb8,0xfc,0xe1,
    0xff,0xff,0xff,0x00,0xff,0xff,0xff,0x00,0x00,0x00,0x00,0x00,0x00,0x00,0x00,0x00,
    0x00,0x00,0x00,0x00,0x00,0x00,0x00,0x00,0x00,0x00,0x00,0x00,0x00,0x00,0x00,0x00,
    0x00,0x00,0x00,0x00,0x00,0x00,0x00,0x00,0x00,0x00,0x00,0x00,0x00,0x00,0x00,0x00,
    0x00,0x00,0x00,0x00,0x00,0x00,0x00,0x00,0x00,0x00,0x00,0x00,0x00,0x00,0x00,0x00,
    0xff,0xff,0xff,0x00,0xff,0xff,0xff,0x00,0x1a,0xb8,0xfc,0xb4,0x1a,0xb8,0xfc,0xff,
    0x1a,0xb8,0xfc,0xff,0x1a,0xb8,0xfc,0x3c,0x1a,0xb8,0xfc,0x00,0x1a,0xb8,0xfc,0x00,
    0x1a,0xb8,0xfc,0x00,0x1a,0xb8,0xfc,0x00,0x1a,0xb8,0xfc,0x00,0x1a,0xb8,0xfc,0x00,
    0x1a,0xb8,0xfc,0x0f,0x1a,0xb8,0xfc,0xff,0x1a,0xb8,0xfc,0xff,0x1a,0xb8,0xfc,0xe1,
    0xff,0xff,0xff,0x00,0xff,0xff,0xff,0x00,0x00,0x00,0x00,0x00,0x00,0x00,0x00,0x00,
    0x00,0x00,0x00,0x00,0x00,0x00,0x00,0x00,0x00,0x00,0x00,0x00,0x00,0x00,0x00,0x00,
    0x00,0x00,0x00,0x00,0x00,0x00,0x00,0x00,0x00,0x00,0x00,0x00,0x00,0x00,0x00,0x00,
    0x00,0x00,0x00,0x00,0x00,0x00,0x00,0x00,0x00,0x00,0x00,0x00,0x00,0x00,0x00,0x00,
    0xff,0xff,0xff,0x00,0xff,0xff,0xff,0x00,0x1a,0xb8,0xfc,0xb4,0x1a,0xb8,0xfc,0xff,
    0x1a,0xb8,0xfc,0xff,0x1a,0xb8,0xfc,0x3c,0x1a,0xb8,0xfc,0x00,0x1a,0xb8,0xfc,0x00,
    0x1a,0xb8,0xfc,0x00,0x1a,0xb8,0xfc,0x00,0x1a,0xb8,0xfc,0x00,0x1a,0xb8,0xfc,0x00,
    0x1a,0xb8,0xfc,0x0f,0x1a,0xb8,0xfc,0xff,0x1a,0xb8,0xfc,0xff,0x1a,0xb8,0xfc,0xe1,
    0xff,0xff,0xff,0x00,0xff,0xff,0xff,0x00,0x00,0x00,0x00,0x00,0x00,0x00,0x00,0x00,
    0x00,0x00,0x00,0x00,0x00,0x00,0x00,0x00,0x00,0x00,0x00,0x00,0x00,0x00,0x00,0x00,
    0x00,0x00,0x00,0x00,0x00,0x00,0x00,0x00,0x00,0x00,0x00,0x00,0x00,0x00,0x00,0x00,
    0x00,0x00,0x00,0x00,0x00,0x00,0x00,0x00,0x00,0x00,0x00,0x00,0x00,0x00,0x00,0x00,
    0xff,0xff,0xff,0x00,0xff,0xff,0xff,0x00,0x1a,0xb8,0xfc,0xb4,0x1a,0xb8,0xfc,0xff,
    0x1a,0xb8,0xfc,0xff,0x1a,0xb8,0xfc,0x3c,0x1a,0xb8,0xfc,0x00,0x1a,0xb8,0xfc,0x00,
    0x1a,0xb8,0xfc,0x00,0x1a,0xb8,0xfc,0x00,0x1a,0xb8,0xfc,0x00,0x1a,0xb8,0xfc,0x00,
    0x1a,0xb8,0xfc,0x0f,0x1a,0xb8,0xfc,0xff,0x1a,0xb8,0xfc,0xff,0x1a,0xb8,0xfc,0xe1,
    0xff,0xff,0xff,0x00,0xff,0xff,0xff,0x00,0x00,0x00,0x00,0x00,0x00,0x00,0x00,0x00,
    0x00,0x00,0x00,0x00,0x00,0x00,0x00,0x00,0x00,0x00,0x00,0x00,0x00,0x00,0x00,0x00,
    0x00,0x00,0x00,0x00,0x00,0x00,0x00,0x00,0x00,0x00,0x00,0x00,0x00,0x00,0x00,0x00,
    0x00,0x00,0x00,0x00,0x00,0x00,0x00,0x00,0x00,0x00,0x00,0x00,0x00,0x00,0x00,0x00,
    0xff,0xff,0xff,0x00,0xff,0xff,0xff,0x00,0x1a,0xb8,0xfc,0xb4,0x1a,0xb8,0xfc,0xff,
    0x1a,0xb8,0xfc,0xff,0x1a,0xb8,0xfc,0x3c,0x1a,0xb8,0xfc,0x00,0x1a,0xb8,0xfc,0x00,
    0x1a,0xb8,0xfc,0x00,0x1a,0xb8,0xfc,0x00,0x1a,0xb8,0xfc,0x00,0x1a,0xb8,0xfc,0x00,
    0x1a,0xb8,0xfc,0x0f,0x1a,0xb8,0xfc,0xff,0x1a,0xb8,0xfc,0xff,0x1a,0xb8,0xfc,0xe1,
    0xff,0xff,0xff,0x00,0xff,0xff,0xff,0x00,0x00,0x00,0x00,0x00,0x00,0x00,0x00,0x00,
    0x00,0x00,0x00,0x00,0x00,0x00,0x00,0x00,0x00,0x00,0x00,0x00,0x00,0x00,0x00,0x00,
    0x00,0x00,0x00,0x00,0x00,0x00,0x00,0x00,0x00,0x00,0x00,0x00,0x00,0x00,0x00,0x00,
    0x00,0x00,0x00,0x00,0x00,0x00,0x00,0x00,0x00,0x00,0x00,0x00,0x00,0x00,0x00,0x00,
    0xff,0xff,0xff,0x00,0xff,0xff,0xff,0x00,0x1a,0xb8,0xfc,0xb4,0x1a,0xb8,0xfc,0xff,
    0x1a,0xb8,0xfc,0xff,0x1a,0xb8,0xfc,0x3c,0x1a,0xb8,0xfc,0x00,0x1a,0xb8,0xfc,0x00,
    0x1a,0xb8,0xfc,0x00,0x1a,0xb8,0xfc,0x00,0x1a,0xb8,0xfc,0x00,0x1a,0xb8,0xfc,0x00,
    0x1a,0xb8,0xfc,0x0f,0x1a,0xb8,0xfc,0xff,0x1a,0xb8,0xfc,0xff,0x1a,0xb8,0xfc,0xe1,
    0xff,0xff,0xff,0x00,0xff,0xff,0xff,0x00,0x00,0x00,0x00,0x00,0x00,0x00,0x00,0x00,
    0x00,0x00,0x00,0x00,0x00,0x00,0x00,0x00,0x00,0x00,0x00,0x00,0x00,0x00,0x00,0x00,
    0x00,0x00,0x00,0x00,0x00,0x00,0x00,0x00,0x00,0x00,0x00,0x00,0x00,0x00,0x00,0x00,
    0x00,0x00,0x00,0x00,0x00,0x00,0x00,0x00,0x00,0x00,0x00,0x00,0x00,0x00,0x00,0x00,
    0xff,0xff,0xff,0x00,0xff,0xff,0xff,0x00,0x1a,0xb8,0xfc,0xb4,0x1a,0xb8,0xfc,0xff,
    0x1a,0xb8,0xfc,0xff,0x1a,0xb8,0xfc,0x3c,0x1a,0xb8,0xfc,0x00,0x1a,0xb8,0xfc,0x00,
    0x1a,0xb8,0xfc,0x00,0x1a,0xb8,0xfc,0x00,0x1a,0xb8,0xfc,0x00,0x1a,0xb8,0xfc,0x00,
    0x1a,0xb8,0xfc,0x0f,0x1a,0xb8,0xfc,0xff,0x1a,0xb8,0xfc,0xff,0x1a,0xb8,0xfc,0xe1,
    0xff,0xff,0xff,0x00,0xff,0xff,0xff,0x00,0x00,0x00,0x00,0x00,0x00,0x00,0x00,0x00,
    0x00,0x00,0x00,0x00,0x00,0x00,0x00,0x00,0x00,0x00,0x00,0x00,0x00,0x00,0x00,0x00,
    0x00,0x00,0x00,0x00,0x00,0x00,0x00,0x00,0x00,0x00,0x00,0x00,0x00,0x00,0x00,0x00,
    0x00,0x00,0x00,0x00,0x00,0x00,0x00,0x00,0x00,0x00,0x00,0x00,0x00,0x00,0x00,0x00,
    0xff,0xff,0xff,0x00,0xff,0xff,0xff,0x00,0x1a,0xb8,0xfc,0xb4,0x1a,0xb8,0xfc,0xff,
    0x1a,0xb8,0xfc,0xff,0x1a,0xb8,0xfc,0x3c,0x1a,0xb8,0xfc,0x00,0x1a,0xb8,0xfc,0x00,
    0x1a,0xb8,0xfc,0x00,0x1a,0xb8,0xfc,0x00,0x1a,0xb8,0xfc,0x00,0x1a,0xb8,0xfc,0x00,
    0x1a,0xb8,0xfc,0x0f,0x1a,0xb8,0xfc,0xff,0x1a,0xb8,0xfc,0xff,0x1a,0xb8,0xfc,0xe1,
    0xff,0xff,0xff,0x00,0xff,0xff,0xff,0x00,0x00,0x00,0x00,0x00,0x00,0x00,0x00,0x00,
    0x00,0x00,0x00,0x00,0x00,0x00,0x00,0x00,0x00,0x00,0x00,0x00,0x00,0x00,0x00,0x00,
    0x00,0x00,0x00,0x00,0x00,0x00,0x00,0x00,0x00,0x00,0x00,0x00,0x00,0x00,0x00,0x00,
    0x00,0x00,0x00,0x00,0x00,0x00,0x00,0x00,0x00,0x00,0x00,0x00,0x00,0x00,0x00,0x00,
    0xff,0xff,0xff,0x00,0xff,0xff,0xff,0x00,0x1a,0xb8,0xfc,0xb4,0x1a,0xb8,0xfc,0xff,
    0x1a,0xb8,0xfc,0xff,0x1a,0xb8,0xfc,0x2f,0x1a,0xb8,0xfc,0x00,0x1a,0xb8,0xfc,0x00,
    0x1a,0xb8,0xfc,0x00,0x1a,0xb8,0xfc,0x00,0x1a,0xb8,0xfc,0x00,0x1a,0xb8,0xfc,0x00,
    0x1a,0xb8,0xfc,0x0f,0x1a,0xb8,0xfc,0xff,0x1a,0xb8,0xfc,0xff,0x1a,0xb8,0xfc,0xe1,
    0xff,0xff,0xff,0x00,0xff,0xff,0xff,0x00,0x00,0x00,0x00,0x00,0x00,0x00,0x00,0x00,
    0x00,0x00,0x00,0x00,0x00,0x00,0x00,0x00,0x00,0x00,0x00,0x00,0x00,0x00,0x00,0x00,
    0x00,0x00,0x00,0x00,0x00,0x00,0x00,0x00,0x00,0x00,0x00,0x00,0x00,0x00,0x00,0x00,
    0x00,0x00,0x00,0x00,0x00,0x00,0x00,0x00,0x00,0x00,0x00,0x00,0x00,0x00,0x00,0x00,
    0xff,0xff,0xff,0x00,0xff,0xff,0xff,0x00,0x1a,0xb8,0xfc,0xb4,0x1a,0xb8,0xfc,0xff,
    0x1a,0xb8,0xfc,0xff,0x1a,0xb8,0xfc,0x2d,0x1a,0xb8,0xfc,0x00,0x1a,0xb8,0xfc,0x00,
    0x1a,0xb8,0xfc,0x00,0x1a,0xb8,0xfc,0x00,0x1a,0xb8,0xfc,0x00,0x1a,0xb8,0xfc,0x00,
    0x1a,0xb8,0xfc,0x0f,0x1a,0xb8,0xfc,0xff,0x1a,0xb8,0xfc,0xff,0x1a,0xb8,0xfc,0xe1,
    0xff,0xff,0xff,0x00,0xff,0xff,0xff,0x00,0x00,0x00,0x00,0x00,0x00,0x00,0x00,0x00,
    0x00,0x00,0x00,0x00,0x00,0x00,0x00,0x00,0x00,0x00,0x00,0x00,0x00,0x00,0x00,0x00,
    0x00,0x00,0x00,0x00,0x00,0x00,0x00,0x00,0x00,0x00,0x00,0x00,0x00,0x00,0x00,0x00,
    0x00,0x00,0x00,0x00,0x00,0x00,0x00,0x00,0x00,0x00,0x00,0x00,0x00,0x00,0x00,0x00,
    0xff,0xff,0xff,0x00,0xff,0xff,0xff,0x00,0x1a,0xb8,0xfc,0xb4,0x1a,0xb8,0xfc,0xff,
    0x1a,0xb8,0xfc,0xff,0x1a,0xb8,0xfc,0x2d,0x1a,0xb8,0xfc,0x00,0x1a,0xb8,0xfc,0x00,
    0x1a,0xb8,0xfc,0x00,0x1a,0xb8,0xfc,0x00,0x1a,0xb8,0xfc,0x00,0x1a,0xb8,0xfc,0x00,
    0x1a,0xb8,0xfc,0x0f,0x1a,0xb8,0xfc,0xff,0x1a,0xb8,0xfc,0xff,0x1a,0xb8,0xfc,0xe1,
    0xff,0xff,0xff,0x00,0xff,0xff,0xff,0x00,0x00,0x00,0x00,0x00,0x00,0x00,0x00,0x00,
    0x00,0x00,0x00,0x00,0x00,0x00,0x00,0x00,0x00,0x00,0x00,0x00,0x00,0x00,0x00,0x00,
    0x00,0x00,0x00,0x00,0x00,0x00,0x00,0x00,0x00,0x00,0x00,0x00,0x00,0x00,0x00,0x00,
    0x00,0x00,0x00,0x00,0x00,0x00,0x00,0x00,0x00,0x00,0x00,0x00,0x00,0x00,0x00,0x00,
    0xff,0xff,0xff,0x00,0xff,0xff,0xff,0x00,0x1a,0xb8,0xfc,0xb4,0x1a,0xb8,0xfc,0xff,
    0x1a,0xb8,0xfc,0xff,0x1a,0xb8,0xfc,0x2d,0x1a,0xb8,0xfc,0x00,0x1a,0xb8,0xfc,0x00,
    0x1a,0xb8,0xfc,0x00,0x1a,0xb8,0xfc,0x00,0x1a,0xb8,0xfc,0x00,0x1a,0xb8,0xfc,0x00,
    0x1a,0xb8,0xfc,0x0f,0x1a,0xb8,0xfc,0xff,0x1a,0xb8,0xfc,0xff,0x1a,0xb8,0xfc,0xe1,
    0xff,0xff,0xff,0x00,0xff,0xff,0xff,0x00,0x00,0x00,0x00,0x00,0x00,0x00,0x00,0x00,
    0x00,0x00,0x00,0x00,0x00,0x00,0x00,0x00,0x00,0x00,0x00,0x00,0x00,0x00,0x00,0x00,
    0x00,0x00,0x00,0x00,0x00,0x00,0x00,0x00,0x00,0x00,0x00,0x00,0x00,0x00,0x00,0x00,
    0x00,0x00,0x00,0x00,0x00,0x00,0x00,0x00,0x00,0x00,0x00,0x00,0x00,0x00,0x00,0x00,
    0xff,0xff,0xff,0x00,0xff,0xff,0xff,0x00,0x1a,0xb8,0xfc,0xb4,0x1a,0xb8,0xfc,0xff,
    0x1a,0xb8,0xfc,0xff,0x1a,0xb8,0xfc,0x2d,0x1a,0xb8,0xfc,0x00,0x1a,0xb8,0xfc,0x00,
    0x1a,0xb8,0xfc,0x00,0x1a,0xb8,0xfc,0x00,0x1a,0xb8,0xfc,0x00,0x1a,0xb8,0xfc,0x00,
    0x1a,0xb8,0xfc,0x0f,0x1a,0xb8,0xfc,0xff,0x1a,0xb8,0xfc,0xff,0x1a,0xb8,0xfc,0xe1,
    0xff,0xff,0xff,0x00,0xff,0xff,0xff,0x00,0x00,0x00,0x00,0x00,0x00,0x00,0x00,0x00,
    0x00,0x00,0x00,0x00,0x00,0x00,0x00,0x00,0x00,0x00,0x00,0x00,0x00,0x00,0x00,0x00,
    0x00,0x00,0x00,0x00,0x00,0x00,0x00,0x00,0x00,0x00,0x00,0x00,0x00,0x00,0x00,0x00,
    0x00,0x00,0x00,0x00,0x00,0x00,0x00,0x00,0x00,0x00,0x00,0x00,0x00,0x00,0x00,0x00,
    0xff,0xff,0xff,0x00,0xff,0xff,0xff,0x00,0x1a,0xb8,0xfc,0xb4,0x1a,0xb8,0xfc,0xff,
    0x1a,0xb8,0xfc,0xff,0x1a,0xb8,0xfc,0x2d,0x1a,0xb8,0xfc,0x00,0x1a,0xb8,0xfc,0x00,
    0x1a,0xb8,0xfc,0x00,0x1a,0xb8,0xfc,0x00,0x1a,0xb8,0xfc,0x00,0x1a,0xb8,0xfc,0x00,
    0x1a,0xb8,0xfc,0x0f,0x1a,0xb8,0xfc,0xff,0x1a,0xb8,0xfc,0xff,0x1a,0xb8,0xfc,0xdc,
    0xff,0xff,0xff,0x00,0xff,0xff,0xff,0x00,0x00,0x00,0x00,0x00,0x00,0x00,0x00,0x00,
    0x00,0x00,0x00,0x00,0x00,0x00,0x00,0x00,0x00,0x00,0x00,0x00,0x00,0x00,0x00,0x00,
    0x00,0x00,0x00,0x00,0x00,0x00,0x00,0x00,0x00,0x00,0x00,0x00,0x00,0x00,0x00,0x00,
    0x00,0x00,0x00,0x00,0x00,0x00,0x00,0x00,0x00,0x00,0x00,0x00,0x00,0x00,0x00,0x00,
    0xff,0xff,0xff,0x00,0xff,0xff,0xff,0x00,0x1a,0xb8,0xfc,0xb4,0x1a,0xb8,0xfc,0xff,
    0x1a,0xb8,0xfc,0xff,0x1a,0xb8,0xfc,0x2d,0x1a,0xb8,0xfc,0x00,0x1a,0xb8,0xfc,0x00,
    0x1a,0xb8,0xfc,0x00,0x1a,0xb8,0xfc,0x00,0x1a,0xb8,0xfc,0x00,0x1a,0xb8,0xfc,0x00,
    0x1a,0xb8,0xfc,0x0f,0x1a,0xb8,0xfc,0xff,0x1a,0xb8,0xfc,0xff,0x1a,0xb8,0xfc,0xd2,
    0xff,0xff,0xff,0x00,0xff,0xff,0xff,0x00,0x00,0x00,0x00,0x00,0x00,0x00,0x00,0x00,
    0x00,0x00,0x00,0x00,0x00,0x00,0x00,0x00,0x00,0x00,0x00,0x00,0x00,0x00,0x00,0x00,
    0x00,0x00,0x00,0x00,0x00,0x00,0x00,0x00,0x00,0x00,0x00,0x00,0x00,0x00,0x00,0x00,
    0x00,0x00,0x00,0x00,0x00,0x00,0x00,0x00,0x00,0x00,0x00,0x00,0x00,0x00,0x00,0x00,
    0xff,0xff,0xff,0x00,0xff,0xff,0xff,0x00,0x1a,0xb8,0xfc,0xc1,0x1a,0xb8,0xfc,0xff,
    0x1a,0xb8,0xfc,0xff,0x1a,0xb8,0xfc,0x2d,0x1a,0xb8,0xfc,0x00,0x1a,0xb8,0xfc,0x00,
    0x1a,0xb8,0xfc,0x00,0x1a,0xb8,0xfc,0x00,0x1a,0xb8,0xfc,0x00,0x1a,0xb8,0xfc,0x00,
    0x1a,0xb8,0xfc,0x0f,0x1a,0xb8,0xfc,0xff,0x1a,0xb8,0xfc,0xff,0x1a,0xb8,0xfc,0xd2,
    0xff,0xff,0xff,0x00,0xff,0xff,0xff,0x00,0x00,0x00,0x00,0x00,0x00,0x00,0x00,0x00,
    0x00,0x00,0x00,0x00,0x00,0x00,0x00,0x00,0x00,0x00,0x00,0x00,0x00,0x00,0x00,0x00,
    0x00,0x00,0x00,0x00,0x00,0x00,0x00,0x00,0x00,0x00,0x00,0x00,0x00,0x00,0x00,0x00,
    0x00,0x00,0x00,0x00,0x00,0x00,0x00,0x00,0x00,0x00,0x00,0x00,0x00,0x00,0x00,0x00,
    0xff,0xff,0xff,0x00,0xff,0xff,0xff,0x00,0x1a,0xb8,0xfc,0xc3,0x1a,0xb8,0xfc,0xff,
    0x1a,0xb8,0xfc,0xff,0x1a,0xb8,0xfc,0x2d,0x1a,0xb8,0xfc,0x00,0x1a,0xb8,0xfc,0x00,
    0x1a,0xb8,0xfc,0x00,0x1a,0xb8,0xfc,0x00,0x1a,0xb8,0xfc,0x00,0x1a,0xb8,0xfc,0x00,
    0x1a,0xb8,0xfc,0x0f,0x1a,0xb8,0xfc,0xff,0x1a,0xb8,0xfc,0xff,0x1a,0xb8,0xfc,0xd2,
    0xff,0xff,0xff,0x00,0xff,0xff,0xff,0x00,0x00,0x00,0x00,0x00,0x00,0x00,0x00,0x00,
    0x00,0x00,0x00,0x00,0x00,0x00,0x00,0x00,0x00,0x00,0x00,0x00,0x00,0x00,0x00,0x00,
    0x00,0x00,0x00,0x00,0x00,0x00,0x00,0x00,0x00,0x00,0x00,0x00,0x00,0x00,0x00,0x00,
    0x00,0x00,0x00,0x00,0x00,0x00,0x00,0x00,0x00,0x00,0x00,0x00,0x00,0x00,0x00,0x00,
    0xff,0xff,0xff,0x00,0xff,0xff,0xff,0x00,0x1a,0xb8,0xfc,0xc3,0x1a,0xb8,0xfc,0xff,
    0x1a,0xb8,0xfc,0xff,0x1a,0xb8,0xfc,0x2d,0x1a,0xb8,0xfc,0x00,0x1a,0xb8,0xfc,0x00,
    0x1a,0xb8,0xfc,0x00,0x1a,0xb8,0xfc,0x00,0x1a,0xb8,0xfc,0x00,0x1a,0xb8,0xfc,0x00,
    0x1a,0xb8,0xfc,0x1d,0x1a,0xb8,0xfc,0xff,0x1a,0xb8,0xfc,0xff,0x1a,0xb8,0xfc,0xd2,
    0xff,0xff,0xff,0x00,0xff,0xff,0xff,0x00,0x00,0x00,0x00,0x00,0x00,0x00,0x00,0x00,
    0x00,0x00,0x00,0x00,0x00,0x00,0x00,0x00,0x00,0x00,0x00,0x00,0x00,0x00,0x00,0x00,
    0x00,0x00,0x00,0x00,0x00,0x00,0x00,0x00,0x00,0x00,0x00,0x00,0x00,0x00,0x00,0x00,
    0x00,0x00,0x00,0x00,0x00,0x00,0x00,0x00,0x00,0x00,0x00,0x00,0x00,0x00,0x00,0x00,
    0xff,0xff,0xff,0x00,0xff,0xff,0xff,0x00,0x1a,0xb8,0xfc,0xc3,0x1a,0xb8,0xfc,0xff,
    0x1a,0xb8,0xfc,0xff,0x1a,0xb8,0xfc,0x2d,0x1a,0xb8,0xfc,0x00,0x1a,0xb8,0xfc,0x00,
    0x1a,0xb8,0xfc,0x00,0x1a,0xb8,0xfc,0x00,0x1a,0xb8,0xfc,0x00,0x1a,0xb8,0xfc,0x00,
    0x1a,0xb8,0xfc,0x1e,0x1a,0xb8,0xfc,0xff,0x1a,0xb8,0xfc,0xff,0x1a,0xb8,0xfc,0xd2,
    0xff,0xff,0xff,0x00,0xff,0xff,0xff,0x00,0x00,0x00,0x00,0x00,0x00,0x00,0x00,0x00,
    0x00,0x00,0x00,0x00,0x00,0x00,0x00,0x00,0x00,0x00,0x00,0x00,0x00,0x00,0x00,0x00,
    0x00,0x00,0x00,0x00,0x00,0x00,0x00,0x00,0x00,0x00,0x00,0x00,0x00,0x00,0x00,0x00,
    0x00,0x00,0x00,0x00,0x00,0x00,0x00,0x00,0x00,0x00,0x00,0x00,0x00,0x00,0x00,0x00,
    0xff,0xff,0xff,0x00,0xff,0xff,0xff,0x00,0x1a,0xb8,0xfc,0xc3,0x1a,0xb8,0xfc,0xff,
    0x1a,0xb8,0xfc,0xff,0x1a,0xb8,0xfc,0x2d,0x1a,0xb8,0xfc,0x00,0x1a,0xb8,0xfc,0x00,
    0x1a,0xb8,0xfc,0x00,0x1a,0xb8,0xfc,0x00,0x1a,0xb8,0xfc,0x00,0x1a,0xb8,0xfc,0x00,
    0x1a,0xb8,0xfc,0x1e,0x1a,0xb8,0xfc,0xff,0x1a,0xb8,0xfc,0xff,0x1a,0xb8,0xfc,0xd2,
    0xff,0xff,0xff,0x00,0xff,0xff,0xff,0x00,0x00,0x00,0x00,0x00,0x00,0x00,0x00,0x00,
    0x00,0x00,0x00,0x00,0x00,0x00,0x00,0x00,0x00,0x00,0x00,0x00,0x00,0x00,0x00,0x00,
    0x00,0x00,0x00,0x00,0x00,0x00,0x00,0x00,0x00,0x00,0x00,0x00,0x00,0x00,0x00,0x00,
    0x00,0x00,0x00,0x00,0x00,0x00,0x00,0x00,0x00,0x00,0x00,0x00,0x00,0x00,0x00,0x00,
    0xff,0xff,0xff,0x00,0xff,0xff,0xff,0x00,0x1a,0xb8,0xfc,0xc3,0x1a,0xb8,0xfc,0xff,
    0x1a,0xb8,0xfc,0xff,0x1a,0xb8,0xfc,0x2d,0x1a,0xb8,0xfc,0x00,0x1a,0xb8,0xfc,0x00,
    0x1a,0xb8,0xfc,0x00,0x1a,0xb8,0xfc,0x00,0x1a,0xb8,0xfc,0x00,0x1a,0xb8,0xfc,0x00,
    0x1a,0xb8,0xfc,0x1e,0x1a,0xb8,0xfc,0xff,0x1a,0xb8,0xfc,0xff,0x1a,0xb8,0xfc,0xd2,
    0xff,0xff,0xff,0x00,0xff,0xff,0xff,0x00,0x00,0x00,0x00,0x00,0x00,0x00,0x00,0x00,
    0x00,0x00,0x00,0x00,0x00,0x00,0x00,0x00,0x00,0x00,0x00,0x00,0x00,0x00,0x00,0x00,
    0x00,0x00,0x00,0x00,0x00,0x00,0x00,0x00,0x00,0x00,0x00,0x00,0x00,0x00,0x00,0x00,
    0x00,0x00,0x00,0x00,0x00,0x00,0x00,0x00,0x00,0x00,0x00,0x00,0x00,0x00,0x00,0x00,
    0xff,0xff,0xff,0x00,0xff,0xff,0xff,0x00,0x1a,0xb8,0xfc,0xc3,0x1a,0xb8,0xfc,0xff,
    0x1a,0xb8,0xfc,0xff,0x1a,0xb8,0xfc,0x2d,0x1a,0xb8,0xfc,0x00,0x1a,0xb8,0xfc,0x00,
    0x1a,0xb8,0xfc,0x00,0x1a,0xb8,0xfc,0x00,0x1a,0xb8,0xfc,0x00,0x1a,0xb8,0xfc,0x00,
    0x1a,0xb8,0xfc,0x1e,0x1a,0xb8,0xfc,0xff,0x1a,0xb8,0xfc,0xff,0x1a,0xb8,0xfc,0xd2,
    0xff,0xff,0xff,0x00,0xff,0xff,0xff,0x00,0x00,0x00,0x00,0x00,0x00,0x00,0x00,0x00,
    0x00,0x00,0x00,0x00,0x00,0x00,0x00,0x00,0x00,0x00,0x00,0x00,0x00,0x00,0x00,0x00,
    0x00,0x00,0x00,0x00,0x00,0x00,0x00,0x00,0x00,0x00,0x00,0x00,0x00,0x00,0x00,0x00,
    0x00,0x00,0x00,0x00,0x00,0x00,0x00,0x00,0x00,0x00,0x00,0x00,0x00,0x00,0x00,0x00,
    0xff,0xff,0xff,0x00,0xff,0xff,0xff,0x00,0x1a,0xb8,0xfc,0xc3,0x1a,0xb8,0xfc,0xff,
    0x1a,0xb8,0xfc,0xff,0x1a,0xb8,0xfc,0x2d,0x1a,0xb8,0xfc,0x00,0x1a,0xb8,0xfc,0x00,
    0x1a,0xb8,0xfc,0x00,0x1a,0xb8,0xfc,0x00,0x1a,0xb8,0xfc,0x00,0x1a,0xb8,0xfc,0x00,
    0x1a,0xb8,0xfc,0x1e,0x1a,0xb8,0xfc,0xff,0x1a,0xb8,0xfc,0xff,0x1a,0xb8,0xfc,0xd2,
    0xff,0xff,0xff,0x00,0xff,0xff,0xff,0x00,0x00,0x00,0x00,0x00,0x00,0x00,0x00,0x00,
    0x00,0x00,0x00,0x00,0x00,0x00,0x00,0x00,0x00,0x00,0x00,0x00,0x00,0x00,0x00,0x00,
    0x00,0x00,0x00,0x00,0x00,0x00,0x00,0x00,0x00,0x00,0x00,0x00,0x00,0x00,0x00,0x00,
    0x00,0x00,0x00,0x00,0x00,0x00,0x00,0x00,0x00,0x00,0x00,0x00,0x00,0x00,0x00,0x00,
    0xff,0xff,0xff,0x00,0xff,0xff,0xff,0x00,0x1a,0xb8,0xfc,0xc3,0x1a,0xb8,0xfc,0xff,
    0x1a,0xb8,0xfc,0xff,0x1a,0xb8,0xfc,0x2d,0x1a,0xb8,0xfc,0x00,0x1a,0xb8,0xfc,0x00,
    0x1a,0xb8,0xfc,0x00,0x1a,0xb8,0xfc,0x00,0x1a,0xb8,0xfc,0x00,0x1a,0xb8,0xfc,0x00,
    0x1a,0xb8,0xfc,0x1e,0x1a,0xb8,0xfc,0xff,0x1a,0xb8,0xfc,0xff,0x1a,0xb8,0xfc,0xd2,
    0xff,0xff,0xff,0x00,0xff,0xff,0xff,0x00,0x00,0x00,0x00,0x00,0x00,0x00,0x00,0x00,
    0x00,0x00,0x00,0x00,0x00,0x00,0x00,0x00,0x00,0x00,0x00,0x00,0x00,0x00,0x00,0x00,
    0x00,0x00,0x00,0x00,0x00,0x00,0x00,0x00,0x00,0x00,0x00,0x00,0x00,0x00,0x00,0x00,
    0x00,0x00,0x00,0x00,0x00,0x00,0x00,0x00,0x00,0x00,0x00,0x00,0x00,0x00,0x00,0x00,
    0xff,0xff,0xff,0x00,0xff,0xff,0xff,0x00,0x1a,0xb8,0xfc,0xc3,0x1a,0xb8,0xfc,0xff,
    0x1a,0xb8,0xfc,0xff,0x1a,0xb8,0xfc,0x24,0x1a,0xb8,0xfc,0x00,0x1a,0xb8,0xfc,0x00,
    0x1a,0xb8,0xfc,0x00,0x1a,0xb8,0xfc,0x00,0x1a,0xb8,0xfc,0x00,0x1a,0xb8,0xfc,0x00,
    0x1a,0xb8,0xfc,0x1e,0x1a,0xb8,0xfc,0xff,0x1a,0xb8,0xfc,0xff,0x1a,0xb8,0xfc,0xd2,
    0xff,0xff,0xff,0x00,0xff,0xff,0xff,0x00,0x00,0x00,0x00,0x00,0x00,0x00,0x00,0x00,
    0x00,0x00,0x00,0x00,0x00,0x00,0x00,0x00,0x00,0x00,0x00,0x00,0x00,0x00,0x00,0x00,
    0x00,0x00,0x00,0x00,0x00,0x00,0x00,0x00,0x00,0x00,0x00,0x00,0x00,0x00,0x00,0x00,
    0x00,0x00,0x00,0x00,0x00,0x00,0x00,0x00,0x00,0x00,0x00,0x00,0x00,0x00,0x00,0x00,
    0xff,0xff,0xff,0x00,0xff,0xff,0xff,0x00,0x1a,0xb8,0xfc,0xc3,0x1a,0xb8,0xfc,0xff,
    0x1a,0xb8,0xfc,0xff,0x1a,0xb8,0xfc,0x1e,0x1a,0xb8,0xfc,0x00,0x1a,0xb8,0xfc,0x00,
    0x1a,0xb8,0xfc,0x00,0x1a,0xb8,0xfc,0x00,0x1a,0xb8,0xfc,0x00,0x1a,0xb8,0xfc,0x00,
    0x1a,0xb8,0xfc,0x1e,0x1a,0xb8,0xfc,0xff,0x1a,0xb8,0xfc,0xff,0x1a,0xb8,0xfc,0xd2,
    0xff,0xff,0xff,0x00,0xff,0xff,0xff,0x00,0x00,0x00,0x00,0x00,0x00,0x00,0x00,0x00,
    0x00,0x00,0x00,0x00,0x00,0x00,0x00,0x00,0x00,0x00,0x00,0x00,0x00,0x00,0x00,0x00,
    0x00,0x00,0x00,0x00,0x00,0x00,0x00,0x00,0x00,0x00,0x00,0x00,0x00,0x00,0x00,0x00,
    0x00,0x00,0x00,0x00,0x00,0x00,0x00,0x00,0x00,0x00,0x00,0x00,0x00,0x00,0x00,0x00,
    0xff,0xff,0xff,0x00,0xff,0xff,0xff,0x00,0x1a,0xb8,0xfc,0xc3,0x1a,0xb8,0xfc,0xff,
    0x1a,0xb8,0xfc,0xff,0x1a,0xb8,0xfc,0x1e,0x1a,0xb8,0xfc,0x00,0x1a,0xb8,0xfc,0x00,
    0x1a,0xb8,0xfc,0x00,0x1a,0xb8,0xfc,0x00,0x1a,0xb8,0xfc,0x00,0x1a,0xb8,0xfc,0x00,
    0x1a,0xb8,0xfc,0x1e,0x1a,0xb8,0xfc,0xff,0x1a,0xb8,0xfc,0xff,0x1a,0xb8,0xfc,0xd2,
    0xff,0xff,0xff,0x00,0xff,0xff,0xff,0x00,0x00,0x00,0x00,0x00,0x00,0x00,0x00,0x00,
    0x00,0x00,0x00,0x00,0x00,0x00,0x00,0x00,0x00,0x00,0x00,0x00,0x00,0x00,0x00,0x00,
    0x00,0x00,0x00,0x00,0x00,0x00,0x00,0x00,0x00,0x00,0x00,0x00,0x00,0x00,0x00,0x00,
    0x00,0x00,0x00,0x00,0x00,0x00,0x00,0x00,0x00,0x00,0x00,0x00,0x00,0x00,0x00,0x00,
    0xff,0xff,0xff,0x00,0xff,0xff,0xff,0x00,0x1a,0xb8,0xfc,0xc3,0x1a,0xb8,0xfc,0xff,
    0x1a,0xb8,0xfc,0xff,0x1a,0xb8,0xfc,0x1e,0x1a,0xb8,0xfc,0x00,0x1a,0xb8,0xfc,0x00,
    0x1a,0xb8,0xfc,0x00,0x1a,0xb8,0xfc,0x00,0x1a,0xb8,0xfc,0x00,0x1a,0xb8,0xfc,0x00,
    0x1a,0xb8,0xfc,0x1e,0x1a,0xb8,0xfc,0xff,0x1a,0xb8,0xfc,0xff,0x1a,0xb8,0xfc,0xd2,
    0xff,0xff,0xff,0x00,0xff,0xff,0xff,0x00,0x00,0x00,0x00,0x00,0x00,0x00,0x00,0x00,
    0x00,0x00,0x00,0x00,0x00,0x00,0x00,0x00,0x00,0x00,0x00,0x00,0x00,0x00,0x00,0x00,
    0x00,0x00,0x00,0x00,0x00,0x00,0x00,0x00,0x00,0x00,0x00,0x00,0x00,0x00,0x00,0x00,
    0x00,0x00,0x00,0x00,0x00,0x00,0x00,0x00,0x00,0x00,0x00,0x00,0x00,0x00,0x00,0x00,
    0xff,0xff,0xff,0x00,0xff,0xff,0xff,0x00,0x1a,0xb8,0xfc,0xc3,0x1a,0xb8,0xfc,0xff,
    0x1a,0xb8,0xfc,0xff,0x1a,0xb8,0xfc,0x1e,0x1a,0xb8,0xfc,0x00,0x1a,0xb8,0xfc,0x00,
    0x1a,0xb8,0xfc,0x00,0x1a,0xb8,0xfc,0x00,0x1a,0xb8,0xfc,0x00,0x1a,0xb8,0xfc,0x00,
    0x1a,0xb8,0xfc,0x1e,0x1a,0xb8,0xfc,0xff,0x1a,0xb8,0xfc,0xff,0x1a,0xb8,0xfc,0xd2,
    0xff,0xff,0xff,0x00,0xff,0xff,0xff,0x00,0x00,0x00,0x00,0x00,0x00,0x00,0x00,0x00,
    0x00,0x00,0x00,0x00,0x00,0x00,0x00,0x00,0x00,0x00,0x00,0x00,0x00,0x00,0x00,0x00,
    0x00,0x00,0x00,0x00,0x00,0x00,0x00,0x00,0x00,0x00,0x00,0x00,0x00,0x00,0x00,0x00,
    0x00,0x00,0x00,0x00,0x00,0x00,0x00,0x00,0x00,0x00,0x00,0x00,0x00,0x00,0x00,0x00,
    0xff,0xff,0xff,0x00,0xff,0xff,0xff,0x00,0x1a,0xb8,0xfc,0xc3,0x1a,0xb8,0xfc,0xff,
    0x1a,0xb8,0xfc,0xff,0x1a,0xb8,0xfc,0x1e,0x1a,0xb8,0xfc,0x00,0x1a,0xb8,0xfc,0x00,
    0x1a,0xb8,0xfc,0x00,0x1a,0xb8,0xfc,0x00,0x1a,0xb8,0xfc,0x00,0x1a,0xb8,0xfc,0x00,
    0x1a,0xb8,0xfc,0x1e,0x1a,0xb8,0xfc,0xff,0x1a,0xb8,0xfc,0xff,0x1a,0xb8,0xfc,0xd2,
    0xff,0xff,0xff,0x00,0xff,0xff,0xff,0x00,0x00,0x00,0x00,0x00,0x00,0x00,0x00,0x00,
    0x00,0x00,0x00,0x00,0x00,0x00,0x00,0x00,0x00,0x00,0x00,0x00,0x00,0x00,0x00,0x00,
    0x00,0x00,0x00,0x00,0x00,0x00,0x00,0x00,0x00,0x00,0x00,0x00,0x00,0x00,0x00,0x00,
    0x00,0x00,0x00,0x00,0x00,0x00,0x00,0x00,0x00,0x00,0x00,0x00,0x00,0x00,0x00,0x00,
    0xff,0xff,0xff,0x00,0xff,0xff,0xff,0x00,0x1a,0xb8,0xfc,0xc3,0x1a,0xb8,0xfc,0xff,
    0x1a,0xb8,0xfc,0xff,0x1a,0xb8,0xfc,0x1e,0x1a,0xb8,0xfc,0x00,0x1a,0xb8,0xfc,0x00,
    0x1a,0xb8,0xfc,0x00,0x1a,0xb8,0xfc,0x00,0x1a,0xb8,0xfc,0x00,0x1a,0xb8,0xfc,0x00,
    0x1a,0xb8,0xfc,0x1e,0x1a,0xb8,0xfc,0xff,0x1a,0xb8,0xfc,0xff,0x1a,0xb8,0xfc,0xcc,
    0xff,0xff,0xff,0x00,0xff,0xff,0xff,0x00,0x00,0x00,0x00,0x00,0x00,0x00,0x00,0x00,
    0x00,0x00,0x00,0x00,0x00,0x00,0x00,0x00,0x00,0x00,0x00,0x00,0x00,0x00,0x00,0x00,
    0x00,0x00,0x00,0x00,0x00,0x00,0x00,0x00,0x00,0x00,0x00,0x00,0x00,0x00,0x00,0x00,
    0x00,0x00,0x00,0x00,0x00,0x00,0x00,0x00,0x00,0x00,0x00,0x00,0x00,0x00,0x00,0x00,
    0xff,0xff,0xff,0x00,0xff,0xff,0xff,0x00,0x1a,0xb8,0xfc,0xc3,0x1a,0xb8,0xfc,0xff,
    0x1a,0xb8,0xfc,0xff,0x1a,0xb8,0xfc,0x1e,0x1a,0xb8,0xfc,0x00,0x1a,0xb8,0xfc,0x00,
    0x1a,0xb8,0xfc,0x00,0x1a,0xb8,0xfc,0x00,0x1a,0xb8,0xfc,0x00,0x1a,0xb8,0xfc,0x00,
    0x1a,0xb8,0xfc,0x1e,0x1a,0xb8,0xfc,0xff,0x1a,0xb8,0xfc,0xff,0x1a,0xb8,0xfc,0xc3,
    0xff,0xff,0xff,0x00,0xff,0xff,0xff,0x00,0x00,0x00,0x00,0x00,0x00,0x00,0x00,0x00,
    0x00,0x00,0x00,0x00,0x00,0x00,0x00,0x00,0x00,0x00,0x00,0x00,0x00,0x00,0x00,0x00,
    0x00,0x00,0x00,0x00,0x00,0x00,0x00,0x00,0x00,0x00,0x00,0x00,0x00,0x00,0x00,0x00,
    0x00,0x00,0x00,0x00,0x00,0x00,0x00,0x00,0x00,0x00,0x00,0x00,0x00,0x00,0x00,0x00,
    0xff,0xff,0xff,0x00,0xff,0xff,0xff,0x00,0x1a,0xb8,0xfc,0xd0,0x1a,0xb8,0xfc,0xff,
    0x1a,0xb8,0xfc,0xff,0x1a,0xb8,0xfc,0x1e,0x1a,0xb8,0xfc,0x00,0x1a,0xb8,0xfc,0x00,
    0x1a,0xb8,0xfc,0x00,0x1a,0xb8,0xfc,0x00,0x1a,0xb8,0xfc,0x00,0x1a,0xb8,0xfc,0x00,
    0x1a,0xb8,0xfc,0x1e,0x1a,0xb8,0xfc,0xff,0x1a,0xb8,0xfc,0xff,0x1a,0xb8,0xfc,0xc3,
    0xff,0xff,0xff,0x00,0xff,0xff,0xff,0x00,0x00,0x00,0x00,0x00,0x00,0x00,0x00,0x00,
    0x00,0x00,0x00,0x00,0x00,0x00,0x00,0x00,0x00,0x00,0x00,0x00,0x00,0x00,0x00,0x00,
    0x00,0x00,0x00,0x00,0x00,0x00,0x00,0x00,0x00,0x00,0x00,0x00,0x00,0x00,0x00,0x00,
    0x00,0x00,0x00,0x00,0x00,0x00,0x00,0x00,0x00,0x00,0x00,0x00,0x00,0x00,0x00,0x00,
    0xff,0xff,0xff,0x00,0xff,0xff,0xff,0x00,0x1a,0xb8,0xfc,0xd2,0x1a,0xb8,0xfc,0xff,
    0x1a,0xb8,0xfc,0xff,0x1a,0xb8,0xfc,0x1e,0x1a,0xb8,0xfc,0x00,0x1a,0xb8,0xfc,0x00,
    0x1a,0xb8,0xfc,0x00,0x1a,0xb8,0xfc,0x00,0x1a,0xb8,0xfc,0x00,0x1a,0xb8,0xfc,0x00,
    0x1a,0xb8,0xfc,0x28,0x1a,0xb8,0xfc,0xff,0x1a,0xb8,0xfc,0xff,0x1a,0xb8,0xfc,0xc3,
    0xff,0xff,0xff,0x00,0xff,0xff,0xff,0x00,0x00,0x00,0x00,0x00,0x00,0x00,0x00,0x00,
    0x00,0x00,0x00,0x00,0x00,0x00,0x00,0x00,0x00,0x00,0x00,0x00,0x00,0x00,0x00,0x00,
    0x00,0x00,0x00,0x00,0x00,0x00,0x00,0x00,0x00,0x00,0x00,0x00,0x00,0x00,0x00,0x00,
    0x00,0x00,0x00,0x00,0x00,0x00,0x00,0x00,0x00,0x00,0x00,0x00,0x00,0x00,0x00,0x00,
    0xff,0xff,0xff,0x00,0xff,0xff,0xff,0x00,0x1a,0xb8,0xfc,0xd2,0x1a,0xb8,0xfc,0xff,
    0x1a,0xb8,0xfc,0xff,0x1a,0xb8,0xfc,0x1e,0x1a,0xb8,0xfc,0x00,0x1a,0xb8,0xfc,0x00,
    0x1a,0xb8,0xfc,0x00,0x1a,0xb8,0xfc,0x00,0x1a,0xb8,0xfc,0x00,0x1a,0xb8,0xfc,0x00,
    0x1a,0xb8,0xfc,0x2d,0x1a,0xb8,0xfc,0xff,0x1a,0xb8,0xfc,0xff,0x1a,0xb8,0xfc,0xc3,
    0xff,0xff,0xff,0x00,0xff,0xff,0xff,0x00,0x00,0x00,0x00,0x00,0x00,0x00,0x00,0x00,
    0x00,0x00,0x00,0x00,0x00,0x00,0x00,0x00,0x00,0x00,0x00,0x00,0x00,0x00,0x00,0x00,
    0x00,0x00,0x00,0x00,0x00,0x00,0x00,0x00,0x00,0x00,0x00,0x00,0x00,0x00,0x00,0x00,
    0x00,0x00,0x00,0x00,0x00,0x00,0x00,0x00,0x00,0x00,0x00,0x00,0x00,0x00,0x00,0x00,
    0xff,0xff,0xff,0x00,0xff,0xff,0xff,0x00,0x1a,0xb8,0xfc,0xd2,0x1a,0xb8,0xfc,0xff,
    0x1a,0xb8,0xfc,0xff,0x1a,0xb8,0xfc,0x1e,0x1a,0xb8,0xfc,0x00,0x1a,0xb8,0xfc,0x00,
    0x1a,0xb8,0xfc,0x00,0x1a,0xb8,0xfc,0x00,0x1a,0xb8,0xfc,0x00,0x1a,0xb8,0xfc,0x00,
    0x1a,0xb8,0xfc,0x2d,0x1a,0xb8,0xfc,0xff,0x1a,0xb8,0xfc,0xff,0x1a,0xb8,0xfc,0xc3,
    0xff,0xff,0xff,0x00,0xff,0xff,0xff,0x00,0x00,0x00,0x00,0x00,0x00,0x00,0x00,0x00,
    0x00,0x00,0x00,0x00,0x00,0x00,0x00,0x00,0x00,0x00,0x00,0x00,0x00,0x00,0x00,0x00,
    0x00,0x00,0x00,0x00,0x00,0x00,0x00,0x00,0x00,0x00,0x00,0x00,0x00,0x00,0x00,0x00,
    0x00,0x00,0x00,0x00,0x00,0x00,0x00,0x00,0x00,0x00,0x00,0x00,0x00,0x00,0x00,0x00,
    0xff,0xff,0xff,0x00,0xff,0xff,0xff,0x00,0x1a,0xb8,0xfc,0xd2,0x1a,0xb8,0xfc,0xff,
    0x1a,0xb8,0xfc,0xff,0x1a,0xb8,0xfc,0x1e,0x1a,0xb8,0xfc,0x00,0x1a,0xb8,0xfc,0x00,
    0x1a,0xb8,0xfc,0x00,0x1a,0xb8,0xfc,0x00,0x1a,0xb8,0xfc,0x00,0x1a,0xb8,0xfc,0x00,
    0x1a,0xb8,0xfc,0x2d,0x1a,0xb8,0xfc,0xff,0x1a,0xb8,0xfc,0xff,0x1a,0xb8,0xfc,0xc3,
    0xff,0xff,0xff,0x00,0xff,0xff,0xff,0x00,0x00,0x00,0x00,0x00,0x00,0x00,0x00,0x00,
    0x00,0x00,0x00,0x00,0x00,0x00,0x00,0x00,0x00,0x00,0x00,0x00,0x00,0x00,0x00,0x00,
    0x00,0x00,0x00,0x00,0x00,0x00,0x00,0x00,0x00,0x00,0x00,0x00,0x00,0x00,0x00,0x00,
    0x00,0x00,0x00,0x00,0x00,0x00,0x00,0x00,0x00,0x00,0x00,0x00,0x00,0x00,0x00,0x00,
    0xff,0xff,0xff,0x00,0xff,0xff,0xff,0x00,0x1a,0xb8,0xfc,0xd2,0x1a,0xb8,0xfc,0xff,
    0x1a,0xb8,0xfc,0xff,0x1a,0xb8,0xfc,0x1e,0x1a,0xb8,0xfc,0x00,0x1a,0xb8,0xfc,0x00,
    0x1a,0xb8,0xfc,0x00,0x1a,0xb8,0xfc,0x00,0x1a,0xb8,0xfc,0x00,0x1a,0xb8,0xfc,0x00,
    0x1a,0xb8,0xfc,0x2d,0x1a,0xb8,0xfc,0xff,0x1a,0xb8,0xfc,0xff,0x1a,0xb8,0xfc,0xc3,
    0xff,0xff,0xff,0x00,0xff,0xff,0xff,0x00,0x00,0x00,0x00,0x00,0x00,0x00,0x00,0x00,
    0x00,0x00,0x00,0x00,0x00,0x00,0x00,0x00,0x00,0x00,0x00,0x00,0x00,0x00,0x00,0x00,
    0x00,0x00,0x00,0x00,0x00,0x00,0x00,0x00,0x00,0x00,0x00,0x00,0x00,0x00,0x00,0x00,
    0x00,0x00,0x00,0x00,0x00,0x00,0x00,0x00,0x00,0x00,0x00,0x00,0x00,0x00,0x00,0x00,
    0xff,0xff,0xff,0x00,0xff,0xff,0xff,0x00,0x1a,0xb8,0xfc,0xd2,0x1a,0xb8,0xfc,0xff,
    0x1a,0xb8,0xfc,0xff,0x1a,0xb8,0xfc,0x1e,0x1a,0xb8,0xfc,0x00,0x1a,0xb8,0xfc,0x00,
    0x1a,0xb8,0xfc,0x00,0x1a,0xb8,0xfc,0x00,0x1a,0xb8,0xfc,0x00,0x1a,0xb8,0xfc,0x00,
    0x1a,0xb8,0xfc,0x2d,0x1a,0xb8,0xfc,0xff,0x1a,0xb8,0xfc,0xff,0x1a,0xb8,0xfc,0xc3,
    0xff,0xff,0xff,0x00,0xff,0xff,0xff,0x00,0x00,0x00,0x00,0x00,0x00,0x00,0x00,0x00,
    0x00,0x00,0x00,0x00,0x00,0x00,0x00,0x00,0x00,0x00,0x00,0x00,0x00,0x00,0x00,0x00,
    0x00,0x00,0x00,0x00,0x00,0x00,0x00,0x00,0x00,0x00,0x00,0x00,0x00,0x00,0x00,0x00,
    0x00,0x00,0x00,0x00,0x00,0x00,0x00,0x00,0x00,0x00,0x00,0x00,0x00,0x00,0x00,0x00,
    0xff,0xff,0xff,0x00,0xff,0xff,0xff,0x00,0x1a,0xb8,0xfc,0xd2,0x1a,0xb8,0xfc,0xff,
    0x1a,0xb8,0xfc,0xff,0x1a,0xb8,0xfc,0x1e,0x1a,0xb8,0xfc,0x00,0x1a,0xb8,0xfc,0x00,
    0x1a,0xb8,0xfc,0x00,0x1a,0xb8,0xfc,0x00,0x1a,0xb8,0xfc,0x00,0x1a,0xb8,0xfc,0x00,
    0x1a,0xb8,0xfc,0x2d,0x1a,0xb8,0xfc,0xff,0x1a,0xb8,0xfc,0xff,0x1a,0xb8,0xfc,0xc3,
    0xff,0xff,0xff,0x00,0xff,0xff,0xff,0x00,0x00,0x00,0x00,0x00,0x00,0x00,0x00,0x00,
    0x00,0x00,0x00,0x00,0x00,0x00,0x00,0x00,0x00,0x00,0x00,0x00,0x00,0x00,0x00,0x00,
    0x00,0x00,0x00,0x00,0x00,0x00,0x00,0x00,0x00,0x00,0x00,0x00,0x00,0x00,0x00,0x00,
    0x00,0x00,0x00,0x00,0x00,0x00,0x00,0x00,0x00,0x00,0x00,0x00,0x00,0x00,0x00,0x00,
    0xff,0xff,0xff,0x00,0xff,0xff,0xff,0x00,0x1a,0xb8,0xfc,0xd2,0x1a,0xb8,0xfc,0xff,
    0x1a,0xb8,0xfc,0xff,0x1a,0xb8,0xfc,0x19,0x1a,0xb8,0xfc,0x00,0x1a,0xb8,0xfc,0x00,
    0x1a,0xb8,0xfc,0x00,0x1a,0xb8,0xfc,0x00,0x1a,0xb8,0xfc,0x00,0x1a,0xb8,0xfc,0x00,
    0x1a,0xb8,0xfc,0x2d,0x1a,0xb8,0xfc,0xff,0x1a,0xb8,0xfc,0xff,0x1a,0xb8,0xfc,0xc3,
    0xff,0xff,0xff,0x00,0xff,0xff,0xff,0x00,0x00,0x00,0x00,0x00,0x00,0x00,0x00,0x00,
    0x00,0x00,0x00,0x00,0x00,0x00,0x00,0x00,0x00,0x00,0x00,0x00,0x00,0x00,0x00,0x00,
    0x00,0x00,0x00,0x00,0x00,0x00,0x00,0x00,0x00,0x00,0x00,0x00,0x00,0x00,0x00,0x00,
    0x00,0x00,0x00,0x00,0x00,0x00,0x00,0x00,0x00,0x00,0x00,0x00,0x00,0x00,0x00,0x00,
    0xff,0xff,0xff,0x00,0xff,0xff,0xff,0x00,0x1a,0xb8,0xfc,0xd2,0x1a,0xb8,0xfc,0xff,
    0x1a,0xb8,0xfc,0xff,0x1a,0xb8,0xfc,0x0f,0x1a,0xb8,0xfc,0x00,0x1a,0xb8,0xfc,0x00,
    0x1a,0xb8,0xfc,0x00,0x1a,0xb8,0xfc,0x00,0x1a,0xb8,0xfc,0x00,0x1a,0xb8,0xfc,0x00,
    0x1a,0xb8,0xfc,0x2d,0x1a,0xb8,0xfc,0xff,0x1a,0xb8,0xfc,0xff,0x1a,0xb8,0xfc,0xc3,
    0xff,0xff,0xff,0x00,0xff,0xff,0xff,0x00,0x00,0x00,0x00,0x00,0x00,0x00,0x00,0x00,
    0x00,0x00,0x00,0x00,0x00,0x00,0x00,0x00,0x00,0x00,0x00,0x00,0x00,0x00,0x00,0x00,
    0x00,0x00,0x00,0x00,0x00,0x00,0x00,0x00,0x00,0x00,0x00,0x00,0x00,0x00,0x00,0x00,
    0x00,0x00,0x00,0x00,0x00,0x00,0x00,0x00,0x00,0x00,0x00,0x00,0x00,0x00,0x00,0x00,
    0xff,0xff,0xff,0x00,0xff,0xff,0xff,0x00,0x1a,0xb8,0xfc,0xd2,0x1a,0xb8,0xfc,0xff,
    0x1a,0xb8,0xfc,0xff,0x1a,0xb8,0xfc,0x0f,0x1a,0xb8,0xfc,0x00,0x1a,0xb8,0xfc,0x00,
    0x1a,0xb8,0xfc,0x00,0x1a,0xb8,0xfc,0x00,0x1a,0xb8,0xfc,0x00,0x1a,0xb8,0xfc,0x00,
    0x1a,0xb8,0xfc,0x2d,0x1a,0xb8,0xfc,0xff,0x1a,0xb8,0xfc,0xff,0x1a,0xb8,0xfc,0xc3,
    0xff,0xff,0xff,0x00,0xff,0xff,0xff,0x00,0x00,0x00,0x00,0x00,0x00,0x00,0x00,0x00,
    0x00,0x00,0x00,0x00,0x00,0x00,0x00,0x00,0x00,0x00,0x00,0x00,0x00,0x00,0x00,0x00,
    0x00,0x00,0x00,0x00,0x00,0x00,0x00,0x00,0x00,0x00,0x00,0x00,0x00,0x00,0x00,0x00,
    0x00,0x00,0x00,0x00,0x00,0x00,0x00,0x00,0x00,0x00,0x00,0x00,0x00,0x00,0x00,0x00,
    0xff,0xff,0xff,0x00,0xff,0xff,0xff,0x00,0x1a,0xb8,0xfc,0xd2,0x1a,0xb8,0xfc,0xff,
    0x1a,0xb8,0xfc,0xff,0x1a,0xb8,0xfc,0x0f,0x1a,0xb8,0xfc,0x00,0x1a,0xb8,0xfc,0x00,
    0x1a,0xb8,0xfc,0x00,0x1a,0xb8,0xfc,0x00,0x1a,0xb8,0xfc,0x00,0x1a,0xb8,0xfc,0x00,
    0x1a,0xb8,0xfc,0x2d,0x1a,0xb8,0xfc,0xff,0x1a,0xb8,0xfc,0xff,0x1a,0xb8,0xfc,0xc3,
    0xff,0xff,0xff,0x00,0xff,0xff,0xff,0x00,0x00,0x00,0x00,0x00,0x00,0x00,0x00,0x00,
    0x00,0x00,0x00,0x00,0x00,0x00,0x00,0x00,0x00,0x00,0x00,0x00,0x00,0x00,0x00,0x00,
    0x00,0x00,0x00,0x00,0x00,0x00,0x00,0x00,0x00,0x00,0x00,0x00,0x00,0x00,0x00,0x00,
    0x00,0x00,0x00,0x00,0x00,0x00,0x00,0x00,0x00,0x00,0x00,0x00,0x00,0x00,0x00,0x00,
    0xff,0xff,0xff,0x00,0xff,0xff,0xff,0x00,0x1a,0xb8,0xfc,0xd2,0x1a,0xb8,0xfc,0xff,
    0x1a,0xb8,0xfc,0xff,0x1a,0xb8,0xfc,0x0f,0x1a,0xb8,0xfc,0x00,0x1a,0xb8,0xfc,0x00,
    0x1a,0xb8,0xfc,0x00,0x1a,0xb8,0xfc,0x00,0x1a,0xb8,0xfc,0x00,0x1a,0xb8,0xfc,0x00,
    0x1a,0xb8,0xfc,0x2d,0x1a,0xb8,0xfc,0xff,0x1a,0xb8,0xfc,0xff,0x1a,0xb8,0xfc,0xc3,
    0xff,0xff,0xff,0x00,0xff,0xff,0xff,0x00,0x00,0x00,0x00,0x00,0x00,0x00,0x00,0x00,
    0x00,0x00,0x00,0x00,0x00,0x00,0x00,0x00,0x00,0x00,0x00,0x00,0x00,0x00,0x00,0x00,
    0x00,0x00,0x00,0x00,0x00,0x00,0x00,0x00,0x00,0x00,0x00,0x00,0x00,0x00,0x00,0x00,
    0x00,0x00,0x00,0x00,0x00,0x00,0x00,0x00,0x00,0x00,0x00,0x00,0x00,0x00,0x00,0x00,
    0xff,0xff,0xff,0x00,0xff,0xff,0xff,0x00,0x1a,0xb8,0xfc,0xd2,0x1a,0xb8,0xfc,0xff,
    0x1a,0xb8,0xfc,0xff,0x1a,0xb8,0xfc,0x0f,0x1a,0xb8,0xfc,0x00,0x1a,0xb8,0xfc,0x00,
    0x1a,0xb8,0xfc,0x00,0x1a,0xb8,0xfc,0x00,0x1a,0xb8,0xfc,0x00,0x1a,0xb8,0xfc,0x00,
    0x1a,0xb8,0xfc,0x2d,0x1a,0xb8,0xfc,0xff,0x1a,0xb8,0xfc,0xff,0x1a,0xb8,0xfc,0xc3,
    0xff,0xff,0xff,0x00,0xff,0xff,0xff,0x00,0x00,0x00,0x00,0x00,0x00,0x00,0x00,0x00,
    0x00,0x00,0x00,0x00,0x00,0x00,0x00,0x00,0x00,0x00,0x00,0x00,0x00,0x00,0x00,0x00,
    0x00,0x00,0x00,0x00,0x00,0x00,0x00,0x00,0x00,0x00,0x00,0x00,0x00,0x00,0x00,0x00,
    0x00,0x00,0x00,0x00,0x00,0x00,0x00,0x00,0x00,0x00,0x00,0x00,0x00,0x00,0x00,0x00,
    0xff,0xff,0xff,0x00,0xff,0xff,0xff,0x00,0x1a,0xb8,0xfc,0xd2,0x1a,0xb8,0xfc,0xff,
    0x1a,0xb8,0xfc,0xff,0x1a,0xb8,0xfc,0x0f,0x1a,0xb8,0xfc,0x00,0x1a,0xb8,0xfc,0x00,
    0x1a,0xb8,0xfc,0x00,0x1a,0xb8,0xfc,0x00,0x1a,0xb8,0xfc,0x00,0x1a,0xb8,0xfc,0x00,
    0x1a,0xb8,0xfc,0x2d,0x1a,0xb8,0xfc,0xff,0x1a,0xb8,0xfc,0xff,0x1a,0xb8,0xfc,0xc3,
    0xff,0xff,0xff,0x00,0xff,0xff,0xff,0x00,0x00,0x00,0x00,0x00,0x00,0x00,0x00,0x00,
    0x00,0x00,0x00,0x00,0x00,0x00,0x00,0x00,0x00,0x00,0x00,0x00,0x00,0x00,0x00,0x00,
    0x00,0x00,0x00,0x00,0x00,0x00,0x00,0x00,0x00,0x00,0x00,0x00,0x00,0x00,0x00,0x00,
    0x00,0x00,0x00,0x00,0x00,0x00,0x00,0x00,0x00,0x00,0x00,0x00,0x00,0x00,0x00,0x00,
    0xff,0xff,0xff,0x00,0xff,0xff,0xff,0x00,0x1a,0xb8,0xfc,0xd2,0x1a,0xb8,0xfc,0xff,
    0x1a,0xb8,0xfc,0xff,0x1a,0xb8,0xfc,0x0f,0x1a,0xb8,0xfc,0x00,0x1a,0xb8,0xfc,0x00,
    0x1a,0xb8,0xfc,0x00,0x1a,0xb8,0xfc,0x00,0x1a,0xb8,0xfc,0x00,0x1a,0xb8,0xfc,0x00,
    0x1a,0xb8,0xfc,0x2d,0x1a,0xb8,0xfc,0xff,0x1a,0xb8,0xfc,0xff,0x1a,0xb8,0xfc,0xbc,
    0xff,0xff,0xff,0x00,0xff,0xff,0xff,0x00,0x00,0x00,0x00,0x00,0x00,0x00,0x00,0x00,
    0x00,0x00,0x00,0x00,0x00,0x00,0x00,0x00,0x00,0x00,0x00,0x00,0x00,0x00,0x00,0x00,
    0x00,0x00,0x00,0x00,0x00,0x00,0x00,0x00,0x00,0x00,0x00,0x00,0x00,0x00,0x00,0x00,
    0x00,0x00,0x00,0x00,0x00,0x00,0x00,0x00,0x00,0x00,0x00,0x00,0x00,0x00,0x00,0x00,
    0xff,0xff,0xff,0x00,0xff,0xff,0xff,0x00,0x1a,0xb8,0xfc,0xd2,0x1a,0xb8,0xfc,0xff,
    0x1a,0xb8,0xfc,0xff,0x1a,0xb8,0xfc,0x0f,0x1a,0xb8,0xfc,0x00,0x1a,0xb8,0xfc,0x00,
    0x1a,0xb8,0xfc,0x00,0x1a,0xb8,0xfc,0x00,0x1a,0xb8,0xfc,0x00,0x1a,0xb8,0xfc,0x00,
    0x1a,0xb8,0xfc,0x2d,0x1a,0xb8,0xfc,0xff,0x1a,0xb8,0xfc,0xff,0x1a,0xb8,0xfc,0xb4,
    0xff,0xff,0xff,0x00,0xff,0xff,0xff,0x00,0x00,0x00,0x00,0x00,0x00,0x00,0x00,0x00,
    0x00,0x00,0x00,0x00,0x00,0x00,0x00,0x00,0x00,0x00,0x00,0x00,0x00,0x00,0x00,0x00,
    0x00,0x00,0x00,0x00,0x00,0x00,0x00,0x00,0x00,0x00,0x00,0x00,0x00,0x00,0x00,0x00,
    0x00,0x00,0x00,0x00,0x00,0x00,0x00,0x00,0x00,0x00,0x00,0x00,0x00,0x00,0x00,0x00,
    0xff,0xff,0xff,0x00,0xff,0xff,0xff,0x00,0x1a,0xb8,0xfc,0xe0,0x1a,0xb8,0xfc,0xff,
    0x1a,0xb8,0xfc,0xff,0x1a,0xb8,0xfc,0x0f,0x1a,0xb8,0xfc,0x00,0x1a,0xb8,0xfc,0x00,
    0x1a,0xb8,0xfc,0x00,0x1a,0xb8,0xfc,0x00,0x1a,0xb8,0xfc,0x00,0x1a,0xb8,0xfc,0x00,
    0x1a,0xb8,0xfc,0x33,0x1a,0xb8,0xfc,0xff,0x1a,0xb8,0xfc,0xff,0x1a,0xb8,0xfc,0xb4,
    0xff,0xff,0xff,0x00,0xff,0xff,0xff,0x00,0x00,0x00,0x00,0x00,0x00,0x00,0x00,0x00,
    0x00,0x00,0x00,0x00,0x00,0x00,0x00,0x00,0x00,0x00,0x00,0x00,0x00,0x00,0x00,0x00,
    0x00,0x00,0x00,0x00,0x00,0x00,0x00,0x00,0x00,0x00,0x00,0x00,0x00,0x00,0x00,0x00,
    0x00,0x00,0x00,0x00,0x00,0x00,0x00,0x00,0x00,0x00,0x00,0x00,0x00,0x00,0x00,0x00,
    0xff,0xff,0xff,0x00,0xff,0xff,0xff,0x00,0x1a,0xb8,0xfc,0xe1,0x1a,0xb8,0xfc,0xff,
    0x1a,0xb8,0xfc,0xff,0x1a,0xb8,0xfc,0x0f,0x1a,0xb8,0xfc,0x00,0x1a,0xb8,0xfc,0x00,
    0x1a,0xb8,0xfc,0x00,0x1a,0xb8,0xfc,0x00,0x1a,0xb8,0xfc,0x00,0x1a,0xb8,0xfc,0x00,
    0x1a,0xb8,0xfc,0x3c,0x1a,0xb8,0xfc,0xff,0x1a,0xb8,0xfc,0xff,0x1a,0xb8,0xfc,0xb4,
    0xff,0xff,0xff,0x00,0xff,0xff,0xff,0x00,0x00,0x00,0x00,0x00,0x00,0x00,0x00,0x00,
    0x00,0x00,0x00,0x00,0x00,0x00,0x00,0x00,0x00,0x00,0x00,0x00,0x00,0x00,0x00,0x00,
    0x00,0x00,0x00,0x00,0x00,0x00,0x00,0x00,0x00,0x00,0x00,0x00,0x00,0x00,0x00,0x00,
    0x00,0x00,0x00,0x00,0x00,0x00,0x00,0x00,0x00,0x00,0x00,0x00,0x00,0x00,0x00,0x00,
    0xff,0xff,0xff,0x00,0xff,0xff,0xff,0x00,0x1a,0xb8,0xfc,0xe1,0x1a,0xb8,0xfc,0xff,
    0x1a,0xb8,0xfc,0xff,0x1a,0xb8,0xfc,0x0f,0x1a,0xb8,0xfc,0x00,0x1a,0xb8,0xfc,0x00,
    0x1a,0xb8,0xfc,0x00,0x1a,0xb8,0xfc,0x00,0x1a,0xb8,0xfc,0x00,0x1a,0xb8,0xfc,0x00,
    0x1a,0xb8,0xfc,0x3c,0x1a,0xb8,0xfc,0xff,0x1a,0xb8,0xfc,0xff,0x1a,0xb8,0xfc,0xb4,
    0xff,0xff,0xff,0x00,0xff,0xff,0xff,0x00,0x00,0x00,0x00,0x00,0x00,0x00,0x00,0x00,
    0x00,0x00,0x00,0x00,0x00,0x00,0x00,0x00,0x00,0x00,0x00,0x00,0x00,0x00,0x00,0x00,
    0x00,0x00,0x00,0x00,0x00,0x00,0x00,0x00,0x00,0x00,0x00,0x00,0x00,0x00,0x00,0x00,
    0x00,0x00,0x00,0x00,0x00,0x00,0x00,0x00,0x00,0x00,0x00,0x00,0x00,0x00,0x00,0x00,
    0xff,0xff,0xff,0x00,0xff,0xff,0xff,0x00,0x1a,0xb8,0xfc,0xe1,0x1a,0xb8,0xfc,0xff,
    0x1a,0xb8,0xfc,0xff,0x1a,0xb8,0xfc,0x0f,0x1a,0xb8,0xfc,0x00,0x1a,0xb8,0xfc,0x00,
    0x1a,0xb8,0xfc,0x00,0x1a,0xb8,0xfc,0x00,0x1a,0xb8,0xfc,0x00,0x1a,0xb8,0xfc,0x00,
    0x1a,0xb8,0xfc,0x3c,0x1a,0xb8,0xfc,0xff,0x1a,0xb8,0xfc,0xff,0x1a,0xb8,0xfc,0xb4,
    0xff,0xff,0xff,0x00,0xff,0xff,0xff,0x00,0x00,0x00,0x00,0x00,0x00,0x00,0x00,0x00,
    0x00,0x00,0x00,0x00,0x00,0x00,0x00,0x00,0x00,0x00,0x00,0x00,0x00,0x00,0x00,0x00,
    0x00,0x00,0x00,0x00,0x00,0x00,0x00,0x00,0x00,0x00,0x00,0x00,0x00,0x00,0x00,0x00,
    0x00,0x00,0x00,0x00,0x00,0x00,0x00,0x00,0x00,0x00,0x00,0x00,0x00,0x00,0x00,0x00,
    0xff,0xff,0xff,0x00,0xff,0xff,0xff,0x00,0x1a,0xb8,0xfc,0xe1,0x1a,0xb8,0xfc,0xff,
    0x1a,0xb8,0xfc,0xff,0x1a,0xb8,0xfc,0x0f,0x1a,0xb8,0xfc,0x00,0x1a,0xb8,0xfc,0x00,
    0x1a,0xb8,0xfc,0x00,0x1a,0xb8,0xfc,0x00,0x1a,0xb8,0xfc,0x00,0x1a,0xb8,0xfc,0x00,
    0x1a,0xb8,0xfc,0x3c,0x1a,0xb8,0xfc,0xff,0x1a,0xb8,0xfc,0xff,0x1a,0xb8,0xfc,0xb4,
    0xff,0xff,0xff,0x00,0xff,0xff,0xff,0x00,0x00,0x00,0x00,0x00,0x00,0x00,0x00,0x00,
    0x00,0x00,0x00,0x00,0x00,0x00,0x00,0x00,0x00,0x00,0x00,0x00,0x00,0x00,0x00,0x00,
    0x00,0x00,0x00,0x00,0x00,0x00,0x00,0x00,0x00,0x00,0x00,0x00,0x00,0x00,0x00,0x00,
    0x00,0x00,0x00,0x00,0x00,0x00,0x00,0x00,0x00,0x00,0x00,0x00,0x00,0x00,0x00,0x00,
    0xff,0xff,0xff,0x00,0xff,0xff,0xff,0x00,0x1a,0xb8,0xfc,0xe1,0x1a,0xb8,0xfc,0xff,
    0x1a,0xb8,0xfc,0xff,0x1a,0xb8,0xfc,0x0f,0x1a,0xb8,0xfc,0x00,0x1a,0xb8,0xfc,0x00,
    0x1a,0xb8,0xfc,0x00,0x1a,0xb8,0xfc,0x00,0x1a,0xb8,0xfc,0x00,0x1a,0xb8,0xfc,0x00,
    0x1a,0xb8,0xfc,0x3c,0x1a,0xb8,0xfc,0xff,0x1a,0xb8,0xfc,0xff,0x1a,0xb8,0xfc,0xb4,
    0xff,0xff,0xff,0x00,0xff,0xff,0xff,0x00,0x00,0x00,0x00,0x00,0x00,0x00,0x00,0x00,
    0x00,0x00,0x00,0x00,0x00,0x00,0x00,0x00,0x00,0x00,0x00,0x00,0x00,0x00,0x00,0x00,
    0x00,0x00,0x00,0x00,0x00,0x00,0x00,0x00,0x00,0x00,0x00,0x00,0x00,0x00,0x00,0x00,
    0x00,0x00,0x00,0x00,0x00,0x00,0x00,0x00,0x00,0x00,0x00,0x00,0x00,0x00,0x00,0x00,
    0xff,0xff,0xff,0x00,0xff,0xff,0xff,0x00,0x1a,0xb8,0xfc,0xe1,0x1a,0xb8,0xfc,0xff,
    0x1a,0xb8,0xfc,0xff,0x1a,0xb8,0xfc,0x0f,0x1a,0xb8,0xfc,0x00,0x1a,0xb8,0xfc,0x00,
    0x1a,0xb8,0xfc,0x00,0x1a,0xb8,0xfc,0x00,0x1a,0xb8,0xfc,0x00,0x1a,0xb8,0xfc,0x00,
    0x1a,0xb8,0xfc,0x3c,0x1a,0xb8,0xfc,0xff,0x1a,0xb8,0xfc,0xff,0x1a,0xb8,0xfc,0xb4,
    0xff,0xff,0xff,0x00,0xff,0xff,0xff,0x00,0x00,0x00,0x00,0x00,0x00,0x00,0x00,0x00,
    0x00,0x00,0x00,0x00,0x00,0x00,0x00,0x00,0x00,0x00,0x00,0x00,0x00,0x00,0x00,0x00,
    0x00,0x00,0x00,0x00,0x00,0x00,0x00,0x00,0x00,0x00,0x00,0x00,0x00,0x00,0x00,0x00,
    0x00,0x00,0x00,0x00,0x00,0x00,0x00,0x00,0x00,0x00,0x00,0x00,0x00,0x00,0x00,0x00,
    0xff,0xff,0xff,0x00,0xff,0xff,0xff,0x00,0x1a,0xb8,0xfc,0xe1,0x1a,0xb8,0xfc,0xff,
    0x1a,0xb8,0xfc,0xff,0x1a,0xb8,0xfc,0x0e,0x1a,0xb8,0xfc,0x00,0x1a,0xb8,0xfc,0x00,
    0x1a,0xb8,0xfc,0x00,0x1a,0xb8,0xfc,0x00,0x1a,0xb8,0xfc,0x00,0x1a,0xb8,0xfc,0x00,
    0x1a,0xb8,0xfc,0x3c,0x1a,0xb8,0xfc,0xff,0x1a,0xb8,0xfc,0xff,0x1a,0xb8,0xfc,0xb4,
    0xff,0xff,0xff,0x00,0xff,0xff,0xff,0x00,0x00,0x00,0x00,0x00,0x00,0x00,0x00,0x00,
    0x00,0x00,0x00,0x00,0x00,0x00,0x00,0x00,0x00,0x00,0x00,0x00,0x00,0x00,0x00,0x00,
    0x00,0x00,0x00,0x00,0x00,0x00,0x00,0x00,0x00,0x00,0x00,0x00,0x00,0x00,0x00,0x00,
    0x00,0x00,0x00,0x00,0x00,0x00,0x00,0x00,0x00,0x00,0x00,0x00,0x00,0x00,0x00,0x00,
    0xff,0xff,0xff,0x00,0xff,0xff,0xff,0x00,0x1a,0xb8,0xfc,0xe1,0x1a,0xb8,0xfc,0xff,
    0x1a,0xb8,0xfc,0xff,0x1a,0xb8,0xfc,0x00,0x1a,0xb8,0xfc,0x00,0x1a,0xb8,0xfc,0x00,
    0x1a,0xb8,0xfc,0x00,0x1a,0xb8,0xfc,0x00,0x1a,0xb8,0xfc,0x00,0x1a,0xb8,0xfc,0x00,
    0x1a,0xb8,0xfc,0x3c,0x1a,0xb8,0xfc,0xff,0x1a,0xb8,0xfc,0xff,0x1a,0xb8,0xfc,0xb4,
    0xff,0xff,0xff,0x00,0xff,0xff,0xff,0x00,0x00,0x00,0x00,0x00,0x00,0x00,0x00,0x00,
    0x00,0x00,0x00,0x00,0x00,0x00,0x00,0x00,0x00,0x00,0x00,0x00,0x00,0x00,0x00,0x00,
    0x00,0x00,0x00,0x00,0x00,0x00,0x00,0x00,0x00,0x00,0x00,0x00,0x00,0x00,0x00,0x00,
    0x00,0x00,0x00,0x00,0x00,0x00,0x00,0x00,0x00,0x00,0x00,0x00,0x00,0x00,0x00,0x00,
    0xff,0xff,0xff,0x00,0xff,0xff,0xff,0x00,0x1a,0xb8,0xfc,0xe1,0x1a,0xb8,0xfc,0xff,
    0x1a,0xb8,0xfc,0xff,0x1a,0xb8,0xfc,0x00,0x1a,0xb8,0xfc,0x00,0x1a,0xb8,0xfc,0x00,
    0x1a,0xb8,0xfc,0x00,0x1a,0xb8,0xfc,0x00,0x1a,0xb8,0xfc,0x00,0x1a,0xb8,0xfc,0x00,
    0x1a,0xb8,0xfc,0x3c,0x1a,0xb8,0xfc,0xff,0x1a,0xb8,0xfc,0xff,0x1a,0xb8,0xfc,0xb4,
    0xff,0xff,0xff,0x00,0xff,0xff,0xff,0x00,0x00,0x00,0x00,0x00,0x00,0x00,0x00,0x00,
    0x00,0x00,0x00,0x00,0x00,0x00,0x00,0x00,0x00,0x00,0x00,0x00,0x00,0x00,0x00,0x00,
    0x00,0x00,0x00,0x00,0x00,0x00,0x00,0x00,0x00,0x00,0x00,0x00,0x00,0x00,0x00,0x00,
    0x00,0x00,0x00,0x00,0x00,0x00,0x00,0x00,0x00,0x00,0x00,0x00,0x00,0x00,0x00,0x00,
    0xff,0xff,0xff,0x00,0xff,0xff,0xff,0x00,0x1a,0xb8,0xfc,0xe1,0x1a,0xb8,0xfc,0xff,
    0x1a,0xb8,0xfc,0xff,0x1a,0xb8,0xfc,0x00,0x1a,0xb8,0xfc,0x00,0x1a,0xb8,0xfc,0x00,
    0x1a,0xb8,0xfc,0x00,0x1a,0xb8,0xfc,0x00,0x1a,0xb8,0xfc,0x00,0x1a,0xb8,0xfc,0x00,
    0x1a,0xb8,0xfc,0x3c,0x1a,0xb8,0xfc,0xff,0x1a,0xb8,0xfc,0xff,0x1a,0xb8,0xfc,0xb4,
    0xff,0xff,0xff,0x00,0xff,0xff,0xff,0x00,0x00,0x00,0x00,0x00,0x00,0x00,0x00,0x00,
    0x00,0x00,0x00,0x00,0x00,0x00,0x00,0x00,0x00,0x00,0x00,0x00,0x00,0x00,0x00,0x00,
    0x00,0x00,0x00,0x00,0x00,0x00,0x00,0x00,0x00,0x00,0x00,0x00,0x00,0x00,0x00,0x00,
    0x00,0x00,0x00,0x00,0x00,0x00,0x00,0x00,0x00,0x00,0x00,0x00,0x00,0x00,0x00,0x00,
    0xff,0xff,0xff,0x00,0xff,0xff,0xff,0x00,0x1a,0xb8,0xfc,0xe1,0x1a,0xb8,0xfc,0xff,
    0x1a,0xb8,0xfc,0xff,0x1a,0xb8,0xfc,0x00,0x1a,0xb8,0xfc,0x00,0x1a,0xb8,0xfc,0x00,
    0x1a,0xb8,0xfc,0x00,0x1a,0xb8,0xfc,0x00,0x1a,0xb8,0xfc,0x00,0x1a,0xb8,0xfc,0x00,
    0x1a,0xb8,0xfc,0x3c,0x1a,0xb8,0xfc,0xff,0x1a,0xb8,0xfc,0xff,0x1a,0xb8,0xfc,0xb4,
    0xff,0xff,0xff,0x00,0xff,0xff,0xff,0x00,0x00,0x00,0x00,0x00,0x00,0x00,0x00,0x00,
    0x00,0x00,0x00,0x00,0x00,0x00,0x00,0x00,0x00,0x00,0x00,0x00,0x00,0x00,0x00,0x00,
    0x00,0x00,0x00,0x00,0x00,0x00,0x00,0x00,0x00,0x00,0x00,0x00,0x00,0x00,0x00,0x00,
    0x00,0x00,0x00,0x00,0x00,0x00,0x00,0x00,0x00,0x00,0x00,0x00,0x00,0x00,0x00,0x00,
    0xff,0xff,0xff,0x00,0xff,0xff,0xff,0x00,0x1a,0xb8,0xfc,0xe1,0x1a,0xb8,0xfc,0xff,
    0x1a,0xb8,0xfc,0xff,0x1a,0xb8,0xfc,0x00,0x1a,0xb8,0xfc,0x00,0x1a,0xb8,0xfc,0x00,
    0x1a,0xb8,0xfc,0x00,0x1a,0xb8,0xfc,0x00,0x1a,0xb8,0xfc,0x00,0x1a,0xb8,0xfc,0x00,
    0x1a,0xb8,0xfc,0x3c,0x1a,0xb8,0xfc,0xff,0x1a,0xb8,0xfc,0xff,0x1a,0xb8,0xfc,0xb4,
    0xff,0xff,0xff,0x00,0xff,0xff,0xff,0x00,0x00,0x00,0x00,0x00,0x00,0x00,0x00,0x00,
    0x00,0x00,0x00,0x00,0x00,0x00,0x00,0x00,0x00,0x00,0x00,0x00,0x00,0x00,0x00,0x00,
    0x00,0x00,0x00,0x00,0x00,0x00,0x00,0x00,0x00,0x00,0x00,0x00,0x00,0x00,0x00,0x00,
    0x00,0x00,0x00,0x00,0x00,0x00,0x00,0x00,0x00,0x00,0x00,0x00,0x00,0x00,0x00,0x00,
    0xff,0xff,0xff,0x00,0xff,0xff,0xff,0x00,0x1a,0xb8,0xfc,0xe1,0x1a,0xb8,0xfc,0xff,
    0x1a,0xb8,0xfc,0xff,0x1a,0xb8,0xfc,0x00,0x1a,0xb8,0xfc,0x00,0x1a,0xb8,0xfc,0x00,
    0x1a,0xb8,0xfc,0x00,0x1a,0xb8,0xfc,0x00,0x1a,0xb8,0xfc,0x00,0x1a,0xb8,0xfc,0x00,
    0x1a,0xb8,0xfc,0x3c,0x1a,0xb8,0xfc,0xff,0x1a,0xb8,0xfc,0xff,0x1a,0xb8,0xfc,0xb4,
    0xff,0xff,0xff,0x00,0xff,0xff,0xff,0x00,0x00,0x00,0x00,0x00,0x00,0x00,0x00,0x00,
    0x00,0x00,0x00,0x00,0x00,0x00,0x00,0x00,0x00,0x00,0x00,0x00,0x00,0x00,0x00,0x00,
    0x00,0x00,0x00,0x00,0x00,0x00,0x00,0x00,0x00,0x00,0x00,0x00,0x00,0x00,0x00,0x00,
    0x00,0x00,0x00,0x00,0x00,0x00,0x00,0x00,0x00,0x00,0x00,0x00,0x00,0x00,0x00,0x00,
    0xff,0xff,0xff,0x00,0xff,0xff,0xff,0x00,0x1a,0xb8,0xfc,0xe1,0x1a,0xb8,0xfc,0xff,
    0x1a,0xb8,0xfc,0xff,0x1a,0xb8,0xfc,0x00,0x1a,0xb8,0xfc,0x00,0x1a,0xb8,0xfc,0x00,
    0x1a,0xb8,0xfc,0x00,0x1a,0xb8,0xfc,0x00,0x1a,0xb8,0xfc,0x00,0x1a,0xb8,0xfc,0x00,
    0x1a,0xb8,0xfc,0x3c,0x1a,0xb8,0xfc,0xff,0x1a,0xb8,0xfc,0xff,0x1a,0xb8,0xfc,0xb4,
    0xff,0xff,0xff,0x00,0xff,0xff,0xff,0x00,0x00,0x00,0x00,0x00,0x00,0x00,0x00,0x00,
    0x00,0x00,0x00,0x00,0x00,0x00,0x00,0x00,0x00,0x00,0x00,0x00,0x00,0x00,0x00,0x00,
    0x00,0x00,0x00,0x00,0x00,0x00,0x00,0x00,0x00,0x00,0x00,0x00,0x00,0x00,0x00,0x00,
    0x00,0x00,0x00,0x00,0x00,0x00,0x00,0x00,0x00,0x00,0x00,0x00,0x00,0x00,0x00,0x00,
    0xff,0xff,0xff,0x00,0xff,0xff,0xff,0x00,0x1a,0xb8,0xfc,0xe1,0x1a,0xb8,0xfc,0xff,
    0x1a,0xb8,0xfc,0xff,0x1a,0xb8,0xfc,0x0f,0x1a,0xb8,0xfc,0x00,0x1a,0xb8,0xfc,0x00,
    0x1a,0xb8,0xfc,0x00,0x1a,0xb8,0xfc,0x00,0x1a,0xb8,0xfc,0x00,0x1a,0xb8,0xfc,0x00,
    0x1a,0xb8,0xfc,0x51,0x1a,0xb8,0xfc,0xff,0x1a,0xb8,0xfc,0xff,0x1a,0xb8,0xfc,0xad,
    0xff,0xff,0xff,0x00,0xff,0xff,0xff,0x00,0x00,0x00,0x00,0x00,0x00,0x00,0x00,0x00,
    0x00,0x00,0x00,0x00,0x00,0x00,0x00,0x00,0x00,0x00,0x00,0x00,0x00,0x00,0x00,0x00,
    0x00,0x00,0x00,0x00,0x00,0x00,0x00,0x00,0x00,0x00,0x00,0x00,0x00,0x00,0x00,0x00,
    0x00,0x00,0x00,0x00,0x00,0x00,0x00,0x00,0x00,0x00,0x00,0x00,0x00,0x00,0x00,0x00,
    0xff,0xff,0xff,0x00,0xff,0xff,0xff,0x00,0x1a,0xb8,0xfc,0xe1,0x1a,0xb8,0xfc,0xff,
    0x1a,0xb8,0xfc,0xff,0x1a,0xb8,0xfc,0x57,0x1a,0xb8,0xfc,0x00,0x1a,0xb8,0xfc,0x00,
    0x1a,0xb8,0xfc,0x00,0x1a,0xb8,0xfc,0x00,0x1a,0xb8,0xfc,0x00,0x1a,0xb8,0xfc,0x00,
    0x1a,0xb8,0xfc,0x97,0x1a,0xb8,0xfc,0xff,0x1a,0xb8,0xfc,0xff,0x1a,0xb8,0xfc,0xa5,
    0xff,0xff,0xff,0x00,0xff,0xff,0xff,0x00,0x00,0x00,0x00,0x00,0x00,0x00,0x00,0x00,
    0x00,0x00,0x00,0x00,0x00,0x00,0x00,0x00,0x00,0x00,0x00,0x00,0x00,0x00,0x00,0x00,
    0x00,0x00,0x00,0x00,0x00,0x00,0x00,0x00,0x00,0x00,0x00,0x00,0x00,0x00,0x00,0x00,
    0x00,0x00,0x00,0x00,0x00,0x00,0x00,0x00,0x00,0x00,0x00,0x00,0x00,0x00,0x00,0x00,
    0xff,0xff,0xff,0x00,0xff,0xff,0xff,0x00,0x1a,0xb8,0xfc,0xf0,0x1a,0xb8,0xfc,0xff,
    0x1a,0xb8,0xfc,0xff,0x1a,0xb8,0xfc,0xde,0x1a,0xb8,0xfc,0x17,0x1a,0xb8,0xfc,0x00,
    0x1a,0xb8,0xfc,0x00,0x1a,0xb8,0xfc,0x00,0x1a,0xb8,0xfc,0x00,0x1a,0xb8,0xfc,0x3c,
    0x1a,0xb8,0xfc,0xf9,0x1a,0xb8,0xfc,0xff,0x1a,0xb8,0xfc,0xff,0x1a,0xb8,0xfc,0xa5,
    0xff,0xff,0xff,0x00,0xff,0xff,0xff,0x00,0x00,0x00,0x00,0x00,0x00,0x00,0x00,0x00,
    0x00,0x00,0x00,0x00,0x00,0x00,0x00,0x00,0x00,0x00,0x00,0x00,0x00,0x00,0x00,0x00,
    0x00,0x00,0x00,0x00,0x00,0x00,0x00,0x00,0x00,0x00,0x00,0x00,0x00,0x00,0x00,0x00,
    0x00,0x00,0x00,0x00,0x00,0x00,0x00,0x00,0x00,0x00,0x00,0x00,0x00,0x00,0x00,0x00,
    0xff,0xff,0xff,0x00,0xff,0xff,0xff,0x00,0x1a,0xb8,0xfc,0xf0,0x1a,0xb8,0xfc,0xff,
    0x1a,0xb8,0xfc,0xff,0x1a,0xb8,0xfc,0xff,0x1a,0xb8,0xfc,0xe3,0x1a,0xb8,0xfc,0x65,
    0x1a,0xb8,0xfc,0x27,0x1a,0xb8,0xfc,0x2f,0x1a,0xb8,0xfc,0x81,0x1a,0xb8,0xfc,0xf6,
    0x1a,0xb8,0xfc,0xff,0x1a,0xb8,0xfc,0xff,0x1a,0xb8,0xfc,0xff,0x1a,0xb8,0xfc,0xa5,
    0xff,0xff,0xff,0x00,0xff,0xff,0xff,0x00,0x00,0x00,0x00,0x00,0x00,0x00,0x00,0x00,
    0x00,0x00,0x00,0x00,0x00,0x00,0x00,0x00,0x00,0x00,0x00,0x00,0x00,0x00,0x00,0x00,
    0x00,0x00,0x00,0x00,0x00,0x00,0x00,0x00,0x00,0x00,0x00,0x00,0x00,0x00,0x00,0x00,
    0x00,0x00,0x00,0x00,0x00,0x00,0x00,0x00,0x00,0x00,0x00,0x00,0x00,0x00,0x00,0x00,
    0xff,0xff,0xff,0x00,0xff,0xff,0xff,0x00,0x1a,0xb8,0xfc,0xf0,0x1a,0xb8,0xfc,0xff,
    0x1a,0xb8,0xfc,0xff,0x1a,0xb8,0xfc,0xff,0x1a,0xb8,0xfc,0xff,0x1a,0xb8,0xfc,0xff,
    0x1a,0xb8,0xfc,0xff,0x1a,0xb8,0xfc,0xff,0x1a,0xb8,0xfc,0xff,0x1a,0xb8,0xfc,0xff,
    0x1a,0xb8,0xfc,0xff,0x1a,0xb8,0xfc,0xff,0x1a,0xb8,0xfc,0xff,0x1a,0xb8,0xfc,0xa5,
    0xff,0xff,0xff,0x00,0xff,0xff,0xff,0x00,0x00,0x00,0x00,0x00,0x00,0x00,0x00,0x00,
    0x00,0x00,0x00,0x00,0x00,0x00,0x00,0x00,0x00,0x00,0x00,0x00,0x00,0x00,0x00,0x00,
    0x00,0x00,0x00,0x00,0x00,0x00,0x00,0x00,0x00,0x00,0x00,0x00,0x00,0x00,0x00,0x00,
    0x00,0x00,0x00,0x00,0x00,0x00,0x00,0x00,0x00,0x00,0x00,0x00,0x00,0x00,0x00,0x00,
    0xff,0xff,0xff,0x00,0xff,0xff,0xff,0x00,0x1a,0xb8,0xfc,0xf0,0x1a,0xb8,0xfc,0xff,
    0x1a,0xb8,0xfc,0xff,0x1a,0xb8,0xfc,0xff,0x1a,0xb8,0xfc,0xff,0x1a,0xb8,0xfc,0xff,
    0x1a,0xb8,0xfc,0xff,0x1a,0xb8,0xfc,0xff,0x1a,0xb8,0xfc,0xff,0x1a,0xb8,0xfc,0xff,
    0x1a,0xb8,0xfc,0xff,0x1a,0xb8,0xfc,0xff,0x1a,0xb8,0xfc,0xff,0x1a,0xb8,0xfc,0xa5,
    0xff,0xff,0xff,0x00,0xff,0xff,0xff,0x00,0x00,0x00,0x00,0x00,0x00,0x00,0x00,0x00,
    0x00,0x00,0x00,0x00,0x00,0x00,0x00,0x00,0x00,0x00,0x00,0x00,0x00,0x00,0x00,0x00,
    0x00,0x00,0x00,0x00,0x00,0x00,0x00,0x00,0x00,0x00,0x00,0x00,0x00,0x00,0x00,0x00,
    0x00,0x00,0x00,0x00,0x00,0x00,0x00,0x00,0x00,0x00,0x00,0x00,0x00,0x00,0x00,0x00,
    0xff,0xff,0xff,0x00,0xff,0xff,0xff,0x00,0x1a,0xb8,0xfc,0xf0,0x1a,0xb8,0xfc,0xff,
    0x1a,0xb8,0xfc,0xff,0x1a,0xb8,0xfc,0xff,0x1a,0xb8,0xfc,0xff,0x1a,0xb8,0xfc,0xff,
    0x1a,0xb8,0xfc,0xff,0x1a,0xb8,0xfc,0xff,0x1a,0xb8,0xfc,0xff,0x1a,0xb8,0xfc,0xff,
    0x1a,0xb8,0xfc,0xff,0x1a,0xb8,0xfc,0xff,0x1a,0xb8,0xfc,0xff,0x1a,0xb8,0xfc,0xa5,
    0xff,0xff,0xff,0x00,0xff,0xff,0xff,0x00,0x00,0x00,0x00,0x00,0x00,0x00,0x00,0x00,
    0x00,0x00,0x00,0x00,0x00,0x00,0x00,0x00,0x00,0x00,0x00,0x00,0x00,0x00,0x00,0x00,
    0x00,0x00,0x00,0x00,0x00,0x00,0x00,0x00,0x00,0x00,0x00,0x00,0x00,0x00,0x00,0x00,
    0x00,0x00,0x00,0x00,0x00,0x00,0x00,0x00,0x00,0x00,0x00,0x00,0x00,0x00,0x00,0x00,
    0xff,0xff,0xff,0x00,0xff,0xff,0xff,0x00,0x1a,0xb8,0xfc,0xf0,0x1a,0xb8,0xfc,0xff,
    0x1a,0xb8,0xfc,0xff,0x1a,0xb8,0xfc,0xff,0x1a,0xb8,0xfc,0xff,0x1a,0xb8,0xfc,0xff,
    0x1a,0xb8,0xfc,0xff,0x1a,0xb8,0xfc,0xff,0x1a,0xb8,0xfc,0xff,0x1a,0xb8,0xfc,0xff,
    0x1a,0xb8,0xfc,0xff,0x1a,0xb8,0xfc,0xff,0x1a,0xb8,0xfc,0xff,0x1a,0xb8,0xfc,0xa5,
    0xff,0xff,0xff,0x00,0xff,0xff,0xff,0x00,0x00,0x00,0x00,0x00,0x00,0x00,0x00,0x00,
    0x00,0x00,0x00,0x00,0x00,0x00,0x00,0x00,0x00,0x00,0x00,0x00,0x00,0x00,0x00,0x00,
    0x00,0x00,0x00,0x00,0x00,0x00,0x00,0x00,0x00,0x00,0x00,0x00,0x00,0x00,0x00,0x00,
    0x00,0x00,0x00,0x00,0x00,0x00,0x00,0x00,0x00,0x00,0x00,0x00,0x00,0x00,0x00,0x00,
    0xff,0xff,0xff,0x00,0xff,0xff,0xff,0x00,0x1a,0xb8,0xfc,0xf0,0x1a,0xb8,0xfc,0xff,
    0x1a,0xb8,0xfc,0xff,0x1a,0xb8,0xfc,0xff,0x1a,0xb8,0xfc,0xff,0x1a,0xb8,0xfc,0xff,
    0x1a,0xb8,0xfc,0xff,0x1a,0xb8,0xfc,0xff,0x1a,0xb8,0xfc,0xff,0x1a,0xb8,0xfc,0xff,
    0x1a,0xb8,0xfc,0xff,0x1a,0xb8,0xfc,0xff,0x1a,0xb8,0xfc,0xff,0x1a,0xb8,0xfc,0xa5,
    0xff,0xff,0xff,0x00,0xff,0xff,0xff,0x00,0x00,0x00,0x00,0x00,0x00,0x00,0x00,0x00,
    0x00,0x00,0x00,0x00,0x00,0x00,0x00,0x00,0x00,0x00,0x00,0x00,0x00,0x00,0x00,0x00,
    0x00,0x00,0x00,0x00,0x00,0x00,0x00,0x00,0x00,0x00,0x00,0x00,0x00,0x00,0x00,0x00,
    0x00,0x00,0x00,0x00,0x00,0x00,0x00,0x00,0x00,0x00,0x00,0x00,0x00,0x00,0x00,0x00,
    0xff,0xff,0xff,0x00,0xff,0xff,0xff,0x00,0x1a,0xb8,0xfc,0xf0,0x1a,0xb8,0xfc,0xff,
    0x1a,0xb8,0xfc,0xff,0x1a,0xb8,0xfc,0xff,0x1a,0xb8,0xfc,0xff,0x1a,0xb8,0xfc,0xff,
    0x1a,0xb8,0xfc,0xff,0x1a,0xb8,0xfc,0xff,0x1a,0xb8,0xfc,0xff,0x1a,0xb8,0xfc,0xff,
    0x1a,0xb8,0xfc,0xff,0x1a,0xb8,0xfc,0xff,0x1a,0xb8,0xfc,0xff,0x1a,0xb8,0xfc,0xa5,
    0xff,0xff,0xff,0x00,0xff,0xff,0xff,0x00,0x00,0x00,0x00,0x00,0x00,0x00,0x00,0x00,
    0x00,0x00,0x00,0x00,0x00,0x00,0x00,0x00,0x00,0x00,0x00,0x00,0x00,0x00,0x00,0x00,
    0x00,0x00,0x00,0x00,0x00,0x00,0x00,0x00,0x00,0x00,0x00,0x00,0x00,0x00,0x00,0x00,
    0x00,0x00,0x00,0x00,0x00,0x00,0x00,0x00,0x00,0x00,0x00,0x00,0x00,0x00,0x00,0x00,
    0xff,0xff,0xff,0x00,0xff,0xff,0xff,0x00,0x1a,0xb8,0xfc,0xf0,0x1a,0xb8,0xfc,0xff,
    0x1a,0xb8,0xfc,0xff,0x1a,0xb8,0xfc,0xff,0x1a,0xb8,0xfc,0xff,0x1a,0xb8,0xfc,0xff,
    0x1a,0xb8,0xfc,0xff,0x1a,0xb8,0xfc,0xff,0x1a,0xb8,0xfc,0xff,0x1a,0xb8,0xfc,0xff,
    0x1a,0xb8,0xfc,0xff,0x1a,0xb8,0xfc,0xff,0x1a,0xb8,0xfc,0xff,0x1a,0xb8,0xfc,0xa5,
    0xff,0xff,0xff,0x00,0xff,0xff,0xff,0x00,0x00,0x00,0x00,0x00,0x00,0x00,0x00,0x00,
    0x00,0x00,0x00,0x00,0x00,0x00,0x00,0x00,0x00,0x00,0x00,0x00,0x00,0x00,0x00,0x00,
    0x00,0x00,0x00,0x00,0x00,0x00,0x00,0x00,0x00,0x00,0x00,0x00,0x00,0x00,0x00,0x00,
    0x00,0x00,0x00,0x00,0x00,0x00,0x00,0x00,0x00,0x00,0x00,0x00,0x00,0x00,0x00,0x00,
    0xff,0xff,0xff,0x00,0xff,0xff,0xff,0x00,0x1a,0xb8,0xfc,0xf0,0x1a,0xb8,0xfc,0xff,
    0x1a,0xb8,0xfc,0xff,0x1a,0xb8,0xfc,0xff,0x1a,0xb8,0xfc,0xff,0x1a,0xb8,0xfc,0xff,
    0x1a,0xb8,0xfc,0xff,0x1a,0xb8,0xfc,0xff,0x1a,0xb8,0xfc,0xff,0x1a,0xb8,0xfc,0xff,
    0x1a,0xb8,0xfc,0xff,0x1a,0xb8,0xfc,0xff,0x1a,0xb8,0xfc,0xff,0x1a,0xb8,0xfc,0xa5,
    0xff,0xff,0xff,0x00,0xff,0xff,0xff,0x00,0x00,0x00,0x00,0x00,0x00,0x00,0x00,0x00,
    0x00,0x00,0x00,0x00,0x00,0x00,0x00,0x00,0x00,0x00,0x00,0x00,0x00,0x00,0x00,0x00,
    0x00,0x00,0x00,0x00,0x00,0x00,0x00,0x00,0x00,0x00,0x00,0x00,0x00,0x00,0x00,0x00,
    0x00,0x00,0x00,0x00,0x00,0x00,0x00,0x00,0x00,0x00,0x00,0x00,0x00,0x00,0x00,0x00,
    0xff,0xff,0xff,0x00,0xff,0xff,0xff,0x00,0x1a,0xb8,0xfc,0xf0,0x1a,0xb8,0xfc,0xff,
    0x1a,0xb8,0xfc,0xff,0x1a,0xb8,0xfc,0xff,0x1a,0xb8,0xfc,0xff,0x1a,0xb8,0xfc,0xff,
    0x1a,0xb8,0xfc,0xff,0x1a,0xb8,0xfc,0xff,0x1a,0xb8,0xfc,0xff,0x1a,0xb8,0xfc,0xff,
    0x1a,0xb8,0xfc,0xff,0x1a,0xb8,0xfc,0xff,0x1a,0xb8,0xfc,0xff,0x1a,0xb8,0xfc,0xa5,
    0xff,0xff,0xff,0x00,0xff,0xff,0xff,0x00,0x00,0x00,0x00,0x00,0x00,0x00,0x00,0x00,
    0x00,0x00,0x00,0x00,0x00,0x00,0x00,0x00,0x00,0x00,0x00,0x00,0x00,0x00,0x00,0x00,
    0x00,0x00,0x00,0x00,0x00,0x00,0x00,0x00,0x00,0x00,0x00,0x00,0x00,0x00,0x00,0x00,
    0x00,0x00,0x00,0x00,0x00,0x00,0x00,0x00,0x00,0x00,0x00,0x00,0x00,0x00,0x00,0x00,
    0xff,0xff,0xff,0x00,0xff,0xff,0xff,0x00,0x1a,0xb8,0xfc,0xf0,0x1a,0xb8,0xfc,0xff,
    0x1a,0xb8,0xfc,0xff,0x1a,0xb8,0xfc,0xff,0x1a,0xb8,0xfc,0xff,0x1a,0xb8,0xfc,0xff,
    0x1a,0xb8,0xfc,0xff,0x1a,0xb8,0xfc,0xff,0x1a,0xb8,0xfc,0xff,0x1a,0xb8,0xfc,0xff,
    0x1a,0xb8,0xfc,0xff,0x1a,0xb8,0xfc,0xff,0x1a,0xb8,0xfc,0xff,0x1a,0xb8,0xfc,0xa5,
    0xff,0xff,0xff,0x00,0xff,0xff,0xff,0x00,0x00,0x00,0x00,0x00,0x00,0x00,0x00,0x00,
    0x00,0x00,0x00,0x00,0x00,0x00,0x00,0x00,0x00,0x00,0x00,0x00,0x00,0x00,0x00,0x00,
    0x00,0x00,0x00,0x00,0x00,0x00,0x00,0x00,0x00,0x00,0x00,0x00,0x00,0x00,0x00,0x00,
    0x00,0x00,0x00,0x00,0x00,0x00,0x00,0x00,0x00,0x00,0x00,0x00,0x00,0x00,0x00,0x00,
    0xff,0xff,0xff,0x00,0xff,0xff,0xff,0x00,0x1a,0xb8,0xfc,0xf0,0x1a,0xb8,0xfc,0xff,
    0x1a,0xb8,0xfc,0xff,0x1a,0xb8,0xfc,0xff,0x1a,0xb8,0xfc,0xff,0x1a,0xb8,0xfc,0xff,
    0x1a,0xb8,0xfc,0xff,0x1a,0xb8,0xfc,0xff,0x1a,0xb8,0xfc,0xff,0x1a,0xb8,0xfc,0xff,
    0x1a,0xb8,0xfc,0xff,0x1a,0xb8,0xfc,0xff,0x1a,0xb8,0xfc,0xff,0x1a,0xb8,0xfc,0xa5,
    0xff,0xff,0xff,0x00,0xff,0xff,0xff,0x00,0x00,0x00,0x00,0x00,0x00,0x00,0x00,0x00,
    0x00,0x00,0x00,0x00,0x00,0x00,0x00,0x00,0x00,0x00,0x00,0x00,0x00,0x00,0x00,0x00,
    0x00,0x00,0x00,0x00,0x00,0x00,0x00,0x00,0x00,0x00,0x00,0x00,0x00,0x00,0x00,0x00,
    0x00,0x00,0x00,0x00,0x00,0x00,0x00,0x00,0x00,0x00,0x00,0x00,0x00,0x00,0x00,0x00,
    0xff,0xff,0xff,0x00,0xff,0xff,0xff,0x00,0x1a,0xb8,0xfc,0xf0,0x1a,0xb8,0xfc,0xff,
    0x1a,0xb8,0xfc,0xff,0x1a,0xb8,0xfc,0xff,0x1a,0xb8,0xfc,0xff,0x1a,0xb8,0xfc,0xff,
    0x1a,0xb8,0xfc,0xff,0x1a,0xb8,0xfc,0xff,0x1a,0xb8,0xfc,0xff,0x1a,0xb8,0xfc,0xff,
    0x1a,0xb8,0xfc,0xff,0x1a,0xb8,0xfc,0xff,0x1a,0xb8,0xfc,0xff,0x1a,0xb8,0xfc,0xa5,
    0xff,0xff,0xff,0x00,0xff,0xff,0xff,0x00,0x00,0x00,0x00,0x00,0x00,0x00,0x00,0x00,
    0x00,0x00,0x00,0x00,0x00,0x00,0x00,0x00,0x00,0x00,0x00,0x00,0x00,0x00,0x00,0x00,
    0x00,0x00,0x00,0x00,0x00,0x00,0x00,0x00,0x00,0x00,0x00,0x00,0x00,0x00,0x00,0x00,
    0x00,0x00,0x00,0x00,0x00,0x00,0x00,0x00,0x00,0x00,0x00,0x00,0x00,0x00,0x00,0x00,
    0xff,0xff,0xff,0x00,0xff,0xff,0xff,0x00,0x1a,0xb8,0xfc,0xf0,0x1a,0xb8,0xfc,0xff,
    0x1a,0xb8,0xfc,0xff,0x1a,0xb8,0xfc,0xff,0x1a,0xb8,0xfc,0xff,0x1a,0xb8,0xfc,0xff,
    0x1a,0xb8,0xfc,0xff,0x1a,0xb8,0xfc,0xff,0x1a,0xb8,0xfc,0xff,0x1a,0xb8,0xfc,0xff,
    0x1a,0xb8,0xfc,0xff,0x1a,0xb8,0xfc,0xff,0x1a,0xb8,0xfc,0xff,0x1a,0xb8,0xfc,0xa5,
    0xff,0xff,0xff,0x00,0xff,0xff,0xff,0x00,0x00,0x00,0x00,0x00,0x00,0x00,0x00,0x00,
    0x00,0x00,0x00,0x00,0x00,0x00,0x00,0x00,0x00,0x00,0x00,0x00,0x00,0x00,0x00,0x00,
    0x00,0x00,0x00,0x00,0x00,0x00,0x00,0x00,0x00,0x00,0x00,0x00,0x00,0x00,0x00,0x00,
    0x00,0x00,0x00,0x00,0x00,0x00,0x00,0x00,0x00,0x00,0x00,0x00,0x00,0x00,0x00,0x00,
    0xff,0xff,0xff,0x00,0xff,0xff,0xff,0x00,0x1a,0xb8,0xfc,0xf0,0x1a,0xb8,0xfc,0xff,
    0x1a,0xb8,0xfc,0xff,0x1a,0xb8,0xfc,0xff,0x1a,0xb8,0xfc,0xff,0x1a,0xb8,0xfc,0xff,
    0x1a,0xb8,0xfc,0xff,0x1a,0xb8,0xfc,0xff,0x1a,0xb8,0xfc,0xff,0x1a,0xb8,0xfc,0xff,
    0x1a,0xb8,0xfc,0xff,0x1a,0xb8,0xfc,0xff,0x1a,0xb8,0xfc,0xff,0x1a,0xb8,0xfc,0x9d,
    0xff,0xff,0xff,0x00,0xff,0xff,0xff,0x00,0x00,0x00,0x00,0x00,0x00,0x00,0x00,0x00,
    0x00,0x00,0x00,0x00,0x00,0x00,0x00,0x00,0x00,0x00,0x00,0x00,0x00,0x00,0x00,0x00,
    0x00,0x00,0x00,0x00,0x00,0x00,0x00,0x00,0x00,0x00,0x00,0x00,0x00,0x00,0x00,0x00,
    0x00,0x00,0x00,0x00,0x00,0x00,0x00,0x00,0x00,0x00,0x00,0x00,0x00,0x00,0x00,0x00,
    0xff,0xff,0xff,0x00,0xff,0xff,0xff,0x00,0x1a,0xb8,0xfc,0xf1,0x1a,0xb8,0xfc,0xff,
    0x1a,0xb8,0xfc,0xff,0x1a,0xb8,0xfc,0xff,0x1a,0xb8,0xfc,0xff,0x1a,0xb8,0xfc,0xff,
    0x1a,0xb8,0xfc,0xff,0x1a,0xb8,0xfc,0xff,0x1a,0xb8,0xfc,0xff,0x1a,0xb8,0xfc,0xff,
    0x1a,0xb8,0xfc,0xff,0x1a,0xb8,0xfc,0xff,0x1a,0xb8,0xfc,0xff,0x1a,0xb8,0xfc,0x96,
    0xff,0xff,0xff,0x00,0xff,0xff,0xff,0x00,0x00,0x00,0x00,0x00,0x00,0x00,0x00,0x00,
    0x00,0x00,0x00,0x00,0x00,0x00,0x00,0x00,0x00,0x00,0x00,0x00,0x00,0x00,0x00,0x00,
    0x00,0x00,0x00,0x00,0x00,0x00,0x00,0x00,0x00,0x00,0x00,0x00,0x00,0x00,0x00,0x00,
    0x00,0x00,0x00,0x00,0x00,0x00,0x00,0x00,0x00,0x00,0x00,0x00,0x00,0x00,0x00,0x00,
    0xff,0xff,0xff,0x00,0xff,0xff,0xff,0x00,0x1a,0xb8,0xfc,0xff,0x1a,0xb8,0xfc,0xff,
    0x1a,0xb8,0xfc,0xff,0x1a,0xb8,0xfc,0xff,0x1a,0xb8,0xfc,0xff,0x1a,0xb8,0xfc,0xff,
    0x1a,0xb8,0xfc,0xff,0x1a,0xb8,0xfc,0xff,0x1a,0xb8,0xfc,0xff,0x1a,0xb8,0xfc,0xff,
    0x1a,0xb8,0xfc,0xff,0x1a,0xb8,0xfc,0xff,0x1a,0xb8,0xfc,0xff,0x1a,0xb8,0xfc,0x96,
    0xff,0xff,0xff,0x00,0xff,0xff,0xff,0x00,0x00,0x00,0x00,0x00,0x00,0x00,0x00,0x00,
    0x00,0x00,0x00,0x00,0x00,0x00,0x00,0x00,0x00,0x00,0x00,0x00,0x00,0x00,0x00,0x00,
    0x00,0x00,0x00,0x00,0x00,0x00,0x00,0x00,0x00,0x00,0x00,0x00,0x00,0x00,0x00,0x00,
    0x00,0x00,0x00,0x00,0x00,0x00,0x00,0x00,0x00,0x00,0x00,0x00,0x00,0x00,0x00,0x00,
    0xff,0xff,0xff,0x00,0xff,0xff,0xff,0x00,0x1a,0xb8,0xfc,0xff,0x1a,0xb8,0xfc,0xff,
    0x1a,0xb8,0xfc,0xff,0x1a,0xb8,0xfc,0xff,0x1a,0xb8,0xfc,0xff,0x1a,0xb8,0xfc,0xff,
    0x1a,0xb8,0xfc,0xff,0x1a,0xb8,0xfc,0xff,0x1a,0xb8,0xfc,0xff,0x1a,0xb8,0xfc,0xff,
    0x1a,0xb8,0xfc,0xff,0x1a,0xb8,0xfc,0xff,0x1a,0xb8,0xfc,0xff,0x1a,0xb8,0xfc,0x96,
    0xff,0xff,0xff,0x00,0xff,0xff,0xff,0x00,0x00,0x00,0x00,0x00,0x00,0x00,0x00,0x00,
    0x00,0x00,0x00,0x00,0x00,0x00,0x00,0x00,0x00,0x00,0x00,0x00,0x00,0x00,0x00,0x00,
    0x00,0x00,0x00,0x00,0x00,0x00,0x00,0x00,0x00,0x00,0x00,0x00,0x00,0x00,0x00,0x00,
    0x00,0x00,0x00,0x00,0x00,0x00,0x00,0x00,0x00,0x00,0x00,0x00,0x00,0x00,0x00,0x00,
    0xff,0xff,0xff,0x00,0xff,0xff,0xff,0x00,0x1a,0xb8,0xfc,0xff,0x1a,0xb8,0xfc,0xff,
    0x1a,0xb8,0xfc,0xff,0x1a,0xb8,0xfc,0xff,0x1a,0xb8,0xfc,0xff,0x1a,0xb8,0xfc,0xff,
    0x1a,0xb8,0xfc,0xff,0x1a,0xb8,0xfc,0xff,0x1a,0xb8,0xfc,0xff,0x1a,0xb8,0xfc,0xff,
    0x1a,0xb8,0xfc,0xff,0x1a,0xb8,0xfc,0xff,0x1a,0xb8,0xfc,0xff,0x1a,0xb8,0xfc,0x96,
    0xff,0xff,0xff,0x00,0xff,0xff,0xff,0x00,0x00,0x00,0x00,0x00,0x00,0x00,0x00,0x00,
    0x00,0x00,0x00,0x00,0x00,0x00,0x00,0x00,0x00,0x00,0x00,0x00,0x00,0x00,0x00,0x00,
    0x00,0x00,0x00,0x00,0x00,0x00,0x00,0x00,0x00,0x00,0x00,0x00,0x00,0x00,0x00,0x00,
    0x00,0x00,0x00,0x00,0x00,0x00,0x00,0x00,0x00,0x00,0x00,0x00,0x00,0x00,0x00,0x00,
    0xff,0xff,0xff,0x00,0xff,0xff,0xff,0x00,0x1a,0xb8,0xfc,0xff,0x1a,0xb8,0xfc,0xff,
    0x1a,0xb8,0xfc,0xff,0x1a,0xb8,0xfc,0xff,0x1a,0xb8,0xfc,0xff,0x1a,0xb8,0xfc,0xff,
    0x1a,0xb8,0xfc,0xff,0x1a,0xb8,0xfc,0xff,0x1a,0xb8,0xfc,0xff,0x1a,0xb8,0xfc,0xff,
    0x1a,0xb8,0xfc,0xff,0x1a,0xb8,0xfc,0xff,0x1a,0xb8,0xfc,0xff,0x1a,0xb8,0xfc,0x96,
    0xff,0xff,0xff,0x00,0xff,0xff,0xff,0x00,0x00,0x00,0x00,0x00,0x00,0x00,0x00,0x00,
    0x00,0x00,0x00,0x00,0x00,0x00,0x00,0x00,0x00,0x00,0x00,0x00,0x00,0x00,0x00,0x00,
    0x00,0x00,0x00,0x00,0x00,0x00,0x00,0x00,0x00,0x00,0x00,0x00,0x00,0x00,0x00,0x00,
    0x00,0x00,0x00,0x00,0x00,0x00,0x00,0x00,0x00,0x00,0x00,0x00,0x00,0x00,0x00,0x00,
    0xff,0xff,0xff,0x00,0xff,0xff,0xff,0x00,0x1a,0xb8,0xfc,0xff,0x1a,0xb8,0xfc,0xff,
    0x1a,0xb8,0xfc,0xff,0x1a,0xb8,0xfc,0xff,0x1a,0xb8,0xfc,0xff,0x1a,0xb8,0xfc,0xff,
    0x1a,0xb8,0xfc,0xff,0x1a,0xb8,0xfc,0xff,0x1a,0xb8,0xfc,0xff,0x1a,0xb8,0xfc,0xff,
    0x1a,0xb8,0xfc,0xff,0x1a,0xb8,0xfc,0xff,0x1a,0xb8,0xfc,0xff,0x1a,0xb8,0xfc,0x96,
    0xff,0xff,0xff,0x00,0xff,0xff,0xff,0x00,0x00,0x00,0x00,0x00,0x00,0x00,0x00,0x00,
    0x00,0x00,0x00,0x00,0x00,0x00,0x00,0x00,0x00,0x00,0x00,0x00,0x00,0x00,0x00,0x00,
    0x00,0x00,0x00,0x00,0x00,0x00,0x00,0x00,0x00,0x00,0x00,0x00,0x00,0x00,0x00,0x00,
    0x00,0x00,0x00,0x00,0x00,0x00,0x00,0x00,0x00,0x00,0x00,0x00,0x00,0x00,0x00,0x00,
    0xff,0xff,0xff,0x00,0xff,0xff,0xff,0x00,0x1a,0xb8,0xfc,0xff,0x1a,0xb8,0xfc,0xff,
    0x1a,0xb8,0xfc,0xff,0x1a,0xb8,0xfc,0xff,0x1a,0xb8,0xfc,0xff,0x1a,0xb8,0xfc,0xff,
    0x1a,0xb8,0xfc,0xff,0x1a,0xb8,0xfc,0xff,0x1a,0xb8,0xfc,0xff,0x1a,0xb8,0xfc,0xff,
    0x1a,0xb8,0xfc,0xff,0x1a,0xb8,0xfc,0xff,0x1a,0xb8,0xfc,0xff,0x1a,0xb8,0xfc,0x96,
    0xff,0xff,0xff,0x00,0xff,0xff,0xff,0x00,0x00,0x00,0x00,0x00,0x00,0x00,0x00,0x00,
    0x00,0x00,0x00,0x00,0x00,0x00,0x00,0x00,0x00,0x00,0x00,0x00,0x00,0x00,0x00,0x00,
    0x00,0x00,0x00,0x00,0x00,0x00,0x00,0x00,0x00,0x00,0x00,0x00,0x00,0x00,0x00,0x00,
    0x00,0x00,0x00,0x00,0x00,0x00,0x00,0x00,0x00,0x00,0x00,0x00,0x00,0x00,0x00,0x00,
    0xff,0xff,0xff,0x00,0xff,0xff,0xff,0x00,0x1a,0xb8,0xfc,0xf6,0x1a,0xb8,0xfc,0xff,
    0x1a,0xb8,0xfc,0xff,0x1a,0xb8,0xfc,0xff,0x1a,0xb8,0xfc,0xff,0x1a,0xb8,0xfc,0xff,
    0x1a,0xb8,0xfc,0xff,0x1a,0xb8,0xfc,0xff,0x1a,0xb8,0xfc,0xff,0x1a,0xb8,0xfc,0xff,
    0x1a,0xb8,0xfc,0xff,0x1a,0xb8,0xfc,0xff,0x1a,0xb8,0xfc,0xff,0x1a,0xb8,0xfc,0x93,
    0xff,0xff,0xff,0x00,0xff,0xff,0xff,0x00,0x00,0x00,0x00,0x00,0x00,0x00,0x00,0x00,
    0x00,0x00,0x00,0x00,0x00,0x00,0x00,0x00,0x00,0x00,0x00,0x00,0x00,0x00,0x00,0x00,
    0x00,0x00,0x00,0x00,0x00,0x00,0x00,0x00,0x00,0x00,0x00,0x00,0x00,0x00,0x00,0x00,
    0x00,0x00,0x00,0x00,0x00,0x00,0x00,0x00,0x00,0x00,0x00,0x00,0x00,0x00,0x00,0x00,
    0xff,0xff,0xff,0x00,0xff,0xff,0xff,0x00,0x1a,0xb8,0xfc,0xd3,0x1a,0xb8,0xfc,0xff,
    0x1a,0xb8,0xfc,0xff,0x1a,0xb8,0xfc,0xff,0x1a,0xb8,0xfc,0xff,0x1a,0xb8,0xfc,0xff,
    0x1a,0xb8,0xfc,0xff,0x1a,0xb8,0xfc,0xff,0x1a,0xb8,0xfc,0xff,0x1a,0xb8,0xfc,0xff,
    0x1a,0xb8,0xfc,0xff,0x1a,0xb8,0xfc,0xff,0x1a,0xb8,0xfc,0xff,0x1a,0xb8,0xfc,0x71,
    0xff,0xff,0xff,0x00,0xff,0xff,0xff,0x00,0x00,0x00,0x00,0x00,0x00,0x00,0x00,0x00,
    0x00,0x00,0x00,0x00,0x00,0x00,0x00,0x00,0x00,0x00,0x00,0x00,0x00,0x00,0x00,0x00,
    0x00,0x00,0x00,0x00,0x00,0x00,0x00,0x00,0x00,0x00,0x00,0x00,0x00,0x00,0x00,0x00,
    0x00,0x00,0x00,0x00,0x00,0x00,0x00,0x00,0x00,0x00,0x00,0x00,0x00,0x00,0x00,0x00,
    0xff,0xff,0xff,0x00,0xff,0xff,0xff,0x00,0x1a,0xb8,0xfc,0x8e,0x1a,0xb8,0xfc,0xff,
    0x1a,0xb8,0xfc,0xff,0x1a,0xb8,0xfc,0xff,0x1a,0xb8,0xfc,0xff,0x1a,0xb8,0xfc,0xff,
    0x1a,0xb8,0xfc,0xff,0x1a,0xb8,0xfc,0xff,0x1a,0xb8,0xfc,0xff,0x1a,0xb8,0xfc,0xff,
    0x1a,0xb8,0xfc,0xff,0x1a,0xb8,0xfc,0xff,0x1a,0xb8,0xfc,0xfe,0x1a,0xb8,0xfc,0x29,
    0xff,0xff,0xff,0x00,0xff,0xff,0xff,0x00,0x00,0x00,0x00,0x00,0x00,0x00,0x00,0x00,
    0x00,0x00,0x00,0x00,0x00,0x00,0x00,0x00,0x00,0x00,0x00,0x00,0x00,0x00,0x00,0x00,
    0x00,0x00,0x00,0x00,0x00,0x00,0x00,0x00,0x00,0x00,0x00,0x00,0x00,0x00,0x00,0x00,
    0x00,0x00,0x00,0x00,0x00,0x00,0x00,0x00,0x00,0x00,0x00,0x00,0x00,0x00,0x00,0x00,
    0xff,0xff,0xff,0x00,0xff,0xff,0xff,0x00,0x1a,0xb8,0xfc,0x1e,0x1a,0xb8,0xfc,0xf6,
    0x1a,0xb8,0xfc,0xff,0x1a,0xb8,0xfc,0xff,0x1a,0xb8,0xfc,0xff,0x1a,0xb8,0xfc,0xff,
    0x1a,0xb8,0xfc,0xff,0x1a,0xb8,0xfc,0xff,0x1a,0xb8,0xfc,0xff,0x1a,0xb8,0xfc,0xff,
    0x1a,0xb8,0xfc,0xff,0x1a,0xb8,0xfc,0xff,0x1a,0xb8,0xfc,0xae,0x1a,0xb8,0xfc,0x00,
    0xff,0xff,0xff,0x00,0xff,0xff,0xff,0x00,0x00,0x00,0x00,0x00,0x00,0x00,0x00,0x00,
    0x00,0x00,0x00,0x00,0x00,0x00,0x00,0x00,0x00,0x00,0x00,0x00,0x00,0x00,0x00,0x00,
    0x00,0x00,0x00,0x00,0x00,0x00,0x00,0x00,0x00,0x00,0x00,0x00,0x00,0x00,0x00,0x00,
    0x00,0x00,0x00,0x00,0x00,0x00,0x00,0x00,0x00,0x00,0x00,0x00,0x00,0x00,0x00,0x00,
    0xff,0xff,0xff,0x00,0xff,0xff,0xff,0x00,0x1a,0xb8,0xfc,0x00,0x1a,0xb8,0xfc,0x68,
    0x1a,0xb8,0xfc,0xff,0x1a,0xb8,0xfc,0xff,0x1a,0xb8,0xfc,0xff,0x1a,0xb8,0xfc,0xff,
    0x1a,0xb8,0xfc,0xff,0x1a,0xb8,0xfc,0xff,0x1a,0xb8,0xfc,0xff,0x1a,0xb8,0xfc,0xff,
    0x1a,0xb8,0xfc,0xff,0x1a,0xb8,0xfc,0xe5,0x1a,0xb8,0xfc,0x19,0x1a,0xb8,0xfc,0x00,
    0xff,0xff,0xff,0x00,0xff,0xff,0xff,0x00,0x00,0x00,0x00,0x00,0x00,0x00,0x00,0x00,
    0x00,0x00,0x00,0x00,0x00,0x00,0x00,0x00,0x00,0x00,0x00,0x00,0x00,0x00,0x00,0x00,
    0x00,0x00,0x00,0x00,0x00,0x00,0x00,0x00,0x00,0x00,0x00,0x00,0x00,0x00,0x00,0x00,
    0x00,0x00,0x00,0x00,0x00,0x00,0x00,0x00,0x00,0x00,0x00,0x00,0x00,0x00,0x00,0x00,
    0xff,0xff,0xff,0x00,0xff,0xff,0xff,0x00,0x1a,0xb8,0xfc,0x00,0x1a,0xb8,0xfc,0x00,
    0x1a,0xb8,0xfc,0x69,0x1a,0xb8,0xfc,0xf9,0x1a,0xb8,0xfc,0xff,0x1a,0xb8,0xfc,0xff,
    0x1a,0xb8,0xfc,0xff,0x1a,0xb8,0xfc,0xff,0x1a,0xb8,0xfc,0xff,0x1a,0xb8,0xfc,0xff,
    0x1a,0xb8,0xfc,0xd7,0x1a,0xb8,0xfc,0x25,0x1a,0xb8,0xfc,0x00,0x1a,0xb8,0xfc,0x00,
    0xff,0xff,0xff,0x00,0xff,0xff,0xff,0x00,0x00,0x00,0x00,0x00,0x00,0x00,0x00,0x00,
    0x00,0x00,0x00,0x00,0x00,0x00,0x00,0x00,0x00,0x00,0x00,0x00,0x00,0x00,0x00,0x00,
    0x00,0x00,0x00,0x00,0x00,0x00,0x00,0x00,0x00,0x00,0x00,0x00,0x00,0x00,0x00,0x00,
    0x00,0x00,0x00,0x00,0x00,0x00,0x00,0x00,0x00,0x00,0x00,0x00,0x00,0x00,0x00,0x00,
    0xff,0xff,0xff,0x00,0xff,0xff,0xff,0x00,0x1a,0xb8,0xfc,0x00,0x1a,0xb8,0xfc,0x00,
    0x1a,0xb8,0xfc,0x00,0x1a,0xb8,0xfc,0x23,0x1a,0xb8,0xfc,0x93,0x1a,0xb8,0xfc,0xdc,
    0x1a,0xb8,0xfc,0xfa,0x1a,0xb8,0xfc,0xf2,0x1a,0xb8,0xfc,0xc5,0x1a,0xb8,0xfc,0x6a,
    0x1a,0xb8,0xfc,0x06,0x1a,0xb8,0xfc,0x00,0x1a,0xb8,0xfc,0x00,0x1a,0xb8,0xfc,0x00,
    0xff,0xff,0xff,0x00,0xff,0xff,0xff,0x00,0x00,0x00,0x00,0x00,0x00,0x00,0x00,0x00,
    0x00,0x00,0x00,0x00,0x00,0x00,0x00,0x00,0x00,0x00,0x00,0x00,0x00,0x00,0x00,0x00,
    0x00,0x00,0x00,0x00,0x00,0x00,0x00,0x00,0x00,0x00,0x00,0x00,0x00,0x00,0x00,0x00,
    0x00,0x00,0x00,0x00,0x00,0x00,0x00,0x00,0x00,0x00,0x00,0x00,0x00,0x00,0x00,0x00,
    0xff,0xff,0xff,0x00,0xff,0xff,0xff,0x00,0xff,0xff,0xff,0x00,0xff,0xff,0xff,0x00,
    0xff,0xff,0xff,0x00,0xff,0xff,0xff,0x00,0xff,0xff,0xff,0x00,0xff,0xff,0xff,0x00,
    0xff,0xff,0xff,0x00,0xff,0xff,0xff,0x00,0xff,0xff,0xff,0x00,0xff,0xff,0xff,0x00,
    0xff,0xff,0xff,0x00,0xff,0xff,0xff,0x00,0xff,0xff,0xff,0x00,0xff,0xff,0xff,0x00,
    0xff,0xff,0xff,0x00,0xff,0xff,0xff,0x00,0x00,0x00,0x00,0x00,0x00,0x00,0x00,0x00,
    0x00,0x00,0x00,0x00,0x00,0x00,0x00,0x00,0x00,0x00,0x00,0x00,0x00,0x00,0x00,0x00,
    0x00,0x00,0x00,0x00,0x00,0x00,0x00,0x00,0x00,0x00,0x00,0x00,0x00,0x00,0x00,0x00,
    0x00,0x00,0x00,0x00,0x00,0x00,0x00,0x00,0x00,0x00,0x00,0x00,0x00,0x00,0x00,0x00,
    0xff,0xff,0xff,0x00,0xff,0xff,0xff,0x00,0xff,0xff,0xff,0x00,0xff,0xff,0xff,0x00,
    0xff,0xff,0xff,0x00,0xff,0xff,0xff,0x00,0xff,0xff,0xff,0x00,0xff,0xff,0xff,0x00,
    0xff,0xff,0xff,0x00,0xff,0xff,0xff,0x00,0xff,0xff,0xff,0x00,0xff,0xff,0xff,0x00,
    0xff,0xff,0xff,0x00,0xff,0xff,0xff,0x00,0xff,0xff,0xff,0x00,0xff,0xff,0xff,0x00,
    0xff,0xff,0xff,0x00,0xff,0xff,0xff,0x00,0x00,0x00,0x00,0x00,0x00,0x00,0x00,0x00,
    0x00,0x00,0x00,0x00,0x00,0x00,0x00,0x00,0x00,0x00,0x00,0x00,0x00,0x00,0x00,0x00,
    0x00,0x00,0x00,0x00,0x00,0x00,0x00,0x00,0x00,0x00,0x00,0x00,0x00,0x00,0x00,0x00,
    0x00,0x00,0x00,0x00,0x00,0x00,0x00,0x00,0x00,0x00,0x00,0x00,0x00,0x00,0x00,0x00,
    0xff,0xff,0xff,0x00,0xff,0xff,0xff,0x00,0xff,0xff,0xff,0x00,0xff,0xff,0xff,0x00,
    0xff,0xff,0xff,0x00,0xff,0xff,0xff,0x00,0xff,0xff,0xff,0x00,0xff,0xff,0xff,0x00,
    0xff,0xff,0xff,0x00,0xff,0xff,0xff,0x00,0xff,0xff,0xff,0x00,0xff,0xff,0xff,0x00,
    0xff,0xff,0xff,0x00,0xff,0xff,0xff,0x00,0xff,0xff,0xff,0x00,0xff,0xff,0xff,0x00,
    0xff,0xff,0xff,0x00,0xff,0xff,0xff,0x00,0x00,0x00,0x00,0x00,0x00,0x00,0x00,0x00,
    0x00,0x00,0x00,0x00,0x00,0x00,0x00,0x00,0x00,0x00,0x00,0x00,0x00,0x00,0x00,0x00,
    0x00,0x00,0x00,0x00,0x00,0x00,0x00,0x00,0x00,0x00,0x00,0x00,0x00,0x00,0x00,0x00,
    0x00,0x00,0x00,0x00,0x00,0x00,0x00,0x00,0x00,0x00,0x00,0x00,0x00,0x00,0x00,0x00,
    0xff,0xff,0xff,0x00,0xff,0xff,0xff,0x00,0xff,0xff,0xff,0x00,0xff,0xff,0xff,0x00,
    0xff,0xff,0xff,0x00,0xff,0xff,0xff,0x00,0xff,0xff,0xff,0x00,0xff,0xff,0xff,0x00,
    0xff,0xff,0xff,0x00,0xff,0xff,0xff,0x00,0xff,0xff,0xff,0x00,0xff,0xff,0xff,0x00,
    0xff,0xff,0xff,0x00,0xff,0xff,0xff,0x00,0xff,0xff,0xff,0x00,0xff,0xff,0xff,0x00,
    0xff,0xff,0xff,0x00,0xff,0xff,0xff,0x00,0x00,0x00,0x00,0x00,0x00,0x00,0x00,0x00,
    0x00,0x00,0x00,0x00,0x00,0x00,0x00,0x00,0x00,0x00,0x00,0x00,0x00,0x00,0x00,0x00,
    0x00,0x00,0x00,0x00,0x00,0x00,0x00,0x00,0x00,0x00,0x00,0x00,0x00,0x00,0x00,0x00,
    0x00,0x00,0x00,0x00,0x00,0x00,0x00,0x00,0x00,0x00,0x00,0x00,0x00,0x00,0x00,0x00,
    0xff,0xff,0xff,0x00,0xff,0xff,0xff,0x00,0xff,0xff,0xff,0x00,0xff,0xff,0xff,0x00,
    0xff,0xff,0xff,0x00,0xff,0xff,0xff,0x00,0xff,0xff,0xff,0x00,0xff,0xff,0xff,0x00,
    0xff,0xff,0xff,0x00,0xff,0xff,0xff,0x00,0xff,0xff,0xff,0x00,0xff,0xff,0xff,0x00,
    0xff,0xff,0xff,0x00,0xff,0xff,0xff,0x00,0xff,0xff,0xff,0x00,0xff,0xff,0xff,0x00,
    0xff,0xff,0xff,0x00,0xff,0xff,0xff,0x00,0x00,0x00,0x00,0x00,0x00,0x00,0x00,0x00,
    0x00,0x00,0x00,0x00,0x00,0x00,0x00,0x00,0x00,0x00,0x00,0x00,0x00,0x00,0x00,0x00,
    0x00,0x00,0x00,0x00,0x00,0x00,0x00,0x00,0x00,0x00,0x00,0x00,0x00,0x00,0x00,0x00,
    0x00,0x00,0x00,0x00,0x00,0x00,0x00,0x00,0x00,0x00,0x00,0x00,0x00,0x00,0x00,0x00,
    0xff,0xff,0xff,0x00,0xff,0xff,0xff,0x00,0xff,0xff,0xff,0x00,0xff,0xff,0xff,0x00,
    0xff,0xff,0xff,0x00,0xff,0xff,0xff,0x00,0xff,0xff,0xff,0x00,0xff,0xff,0xff,0x00,
    0xff,0xff,0xff,0x00,0xff,0xff,0xff,0x00,0xff,0xff,0xff,0x00,0xff,0xff,0xff,0x00,
    0xff,0xff,0xff,0x00,0xff,0xff,0xff,0x00,0xff,0xff,0xff,0x00,0xff,0xff,0xff,0x00,
    0xff,0xff,0xff,0x00,0xff,0xff,0xff,0x00,0x00,0x00,0x00,0x00,0x00,0x00,0x00,0x00,
    0x00,0x00,0x00,0x00,0x00,0x00,0x00,0x00,0x00,0x00,0x00,0x00,0x00,0x00,0x00,0x00,
    0x00,0x00,0x00,0x00,0x00,0x00,0x00,0x00,0x00,0x00,0x00,0x00,0x00,0x00,0x00,0x00,
    0x00,0x00,0x00,0x00,0x00,0x00,0x00,0x00,0x00,0x00,0x00,0x00,0x00,0x00,0x00,0x00,
    0xff,0xff,0xff,0x00,0xff,0xff,0xff,0x00,0xff,0xff,0xff,0x00,0xff,0xff,0xff,0x00,
    0xff,0xff,0xff,0x00,0xff,0xff,0xff,0x00,0xff,0xff,0xff,0x00,0xff,0xff,0xff,0x00,
    0xff,0xff,0xff,0x00,0xff,0xff,0xff,0x00,0xff,0xff,0xff,0x00,0xff,0xff,0xff,0x00,
    0xff,0xff,0xff,0x00,0xff,0xff,0xff,0x00,0xff,0xff,0xff,0x00,0xff,0xff,0xff,0x00,
    0xff,0xff,0xff,0x00,0xff,0xff,0xff,0x00,0x00,0x00,0x00,0x00,0x00,0x00,0x00,0x00,
    0x00,0x00,0x00,0x00,0x00,0x00,0x00,0x00,0x00,0x00,0x00,0x00,0x00,0x00,0x00,0x00,
    0x00,0x00,0x00,0x00,0x00,0x00,0x00,0x00,0x00,0x00,0x00,0x00,0x00,0x00,0x00,0x00,
    0x00,0x00,0x00,0x00,0x00,0x00,0x00,0x00,0x00,0x00,0x00,0x00,0x00,0x00,0x00,0x00,
    0xff,0xff,0xff,0x00,0xff,0xff,0xff,0x00,0xff,0xff,0xff,0x00,0xff,0xff,0xff,0x00,
    0xff,0xff,0xff,0x00,0xff,0xff,0xff,0x00,0xff,0xff,0xff,0x00,0xff,0xff,0xff,0x00,
    0xff,0xff,0xff,0x00,0xff,0xff,0xff,0x00,0xff,0xff,0xff,0x00,0xff,0xff,0xff,0x00,
    0xff,0xff,0xff,0x00,0xff,0xff,0xff,0x00,0xff,0xff,0xff,0x00,0xff,0xff,0xff,0x00,
    0xff,0xff,0xff,0x00,0xff,0xff,0xff,0x00,0x00,0x00,0x00,0x00,0x00,0x00,0x00,0x00,
    0x00,0x00,0x00,0x00,0x00,0x00,0x00,0x00,0x00,0x00,0x00,0x00,0x00,0x00,0x00,0x00,
    0x00,0x00,0x00,0x00,0x00,0x00,0x00,0x00,0x00,0x00,0x00,0x00,0x00,0x00,0x00,0x00,
    0x00,0x00,0x00,0x00,0x00,0x00,0x00,0x00,0x00,0x00,0x00,0x00,0x00,0x00,0x00,0x00,
    0xff,0xff,0xff,0x00,0xff,0xff,0xff,0x00,0xff,0xff,0xff,0x00,0xff,0xff,0xff,0x00,
    0xff,0xff,0xff,0x00,0xff,0xff,0xff,0x00,0xff,0xff,0xff,0x00,0xff,0xff,0xff,0x00,
    0xff,0xff,0xff,0x00,0xff,0xff,0xff,0x00,0xff,0xff,0xff,0x00,0xff,0xff,0xff,0x00,
    0xff,0xff,0xff,0x00,0xff,0xff,0xff,0x00,0xff,0xff,0xff,0x00,0xff,0xff,0xff,0x00,
    0xff,0xff,0xff,0x00,0xff,0xff,0xff,0x00,0x00,0x00,0x00,0x00,0x00,0x00,0x00,0x00,
    0x00,0x00,0x00,0x00,0x00,0x00,0x00,0x00,0x00,0x00,0x00,0x00,0x00,0x00,0x00,0x00,
    0x00,0x00,0x00,0x00,0x00,0x00,0x00,0x00,0x00,0x00,0x00,0x00,0x00,0x00,0x00,0x00,
    0x00,0x00,0x00,0x00,0x00,0x00,0x00,0x00,0x00,0x00,0x00,0x00,0x00,0x00,0x00,0x00,
    0xff,0xff,0xff,0x00,0xff,0xff,0xff,0x00,0xff,0xff,0xff,0x00,0xff,0xff,0xff,0x00,
    0xff,0xff,0xff,0x00,0xff,0xff,0xff,0x00,0xff,0xff,0xff,0x00,0xff,0xff,0xff,0x00,
    0xff,0xff,0xff,0x00,0xff,0xff,0xff,0x00,0xff,0xff,0xff,0x00,0xff,0xff,0xff,0x00,
    0xff,0xff,0xff,0x00,0xff,0xff,0xff,0x00,0xff,0xff,0xff,0x00,0xff,0xff,0xff,0x00,
    0xff,0xff,0xff,0x00,0xff,0xff,0xff,0x00,0x00,0x00,0x00,0x00,0x00,0x00,0x00,0x00,
    0x00,0x00,0x00,0x00,0x00,0x00,0x00,0x00,0x00,0x00,0x00,0x00,0x00,0x00,0x00,0x00,
    0x00,0x00,0x00,0x00,0x00,0x00,0x00,0x00,0x00,0x00,0x00,0x00,0x00,0x00,0x00,0x00,
    0x00,0x00,0x00,0x00,0x00,0x00,0x00,0x00,0x00,0x00,0x00,0x00,0x00,0x00,0x00,0x00,
    0xff,0xff,0xff,0x00,0xff,0xff,0xff,0x00,0xff,0xff,0xff,0x00,0xff,0xff,0xff,0x00,
    0xff,0xff,0xff,0x00,0xff,0xff,0xff,0x00,0xff,0xff,0xff,0x00,0xff,0xff,0xff,0x00,
    0xff,0xff,0xff,0x00,0xff,0xff,0xff,0x00,0xff,0xff,0xff,0x00,0xff,0xff,0xff,0x00,
    0xff,0xff,0xff,0x00,0xff,0xff,0xff,0x00,0xff,0xff,0xff,0x00,0xff,0xff,0xff,0x00,
    0xff,0xff,0xff,0x00,0xff,0xff,0xff,0x00,0x00,0x00,0x00,0x00,0x00,0x00,0x00,0x00,
    0x00,0x00,0x00,0x00,0x00,0x00,0x00,0x00,0x00,0x00,0x00,0x00,0x00,0x00,0x00,0x00,
    0x00,0x00,0x00,0x00,0x00,0x00,0x00,0x00,0x00,0x00,0x00,0x00,0x00,0x00,0x00,0x00,
    0x00,0x00,0x00,0x00,0x00,0x00,0x00,0x00,0x00,0x00,0x00,0x00,0x00,0x00,0x00,0x00,
    0xff,0xff,0xff,0x00,0xff,0xff,0xff,0x00,0xff,0xff,0xff,0x00,0xff,0xff,0xff,0x00,
    0xff,0xff,0xff,0x00,0xff,0xff,0xff,0x00,0xff,0xff,0xff,0x00,0xff,0xff,0xff,0x00,
    0xff,0xff,0xff,0x00,0xff,0xff,0xff,0x00,0xff,0xff,0xff,0x00,0xff,0xff,0xff,0x00,
    0xff,0xff,0xff,0x00,0xff,0xff,0xff,0x00,0xff,0xff,0xff,0x00,0xff,0xff,0xff,0x00,
    0xff,0xff,0xff,0x00,0xff,0xff,0xff,0x00,0x00,0x00,0x00,0x00,0x00,0x00,0x00,0x00,
    0x00,0x00,0x00,0x00,0x00,0x00,0x00,0x00,0x00,0x00,0x00,0x00,0x00,0x00,0x00,0x00,
    0x00,0x00,0x00,0x00,0x00,0x00,0x00,0x00,0x00,0x00,0x00,0x00,0x00,0x00,0x00,0x00,
    0x00,0x00,0x00,0x00,0x00,0x00,0x00,0x00,0x00,0x00,0x00,0x00,0x00,0x00,0x00,0x00,
    0xff,0xff,0xff,0x00,0xff,0xff,0xff,0x00,0xff,0xff,0xff,0x00,0xff,0xff,0xff,0x00,
    0xff,0xff,0xff,0x00,0xff,0xff,0xff,0x00,0xff,0xff,0xff,0x00,0xff,0xff,0xff,0x00,
    0xff,0xff,0xff,0x00,0xff,0xff,0xff,0x00,0xff,0xff,0xff,0x00,0xff,0xff,0xff,0x00,
    0xff,0xff,0xff,0x00,0xff,0xff,0xff,0x00,0xff,0xff,0xff,0x00,0xff,0xff,0xff,0x00,
    0xff,0xff,0xff,0x00,0xff,0xff,0xff,0x00,0x00,0x00,0x00,0x00,0x00,0x00,0x00,0x00,
    0x00,0x00,0x00,0x00,0x00,0x00,0x00,0x00,0x00,0x00,0x00,0x00,0x00,0x00,0x00,0x00,
    0x00,0x00,0x00,0x00,0x00,0x00,0x00,0x00,0x00,0x00,0x00,0x00,0x00,0x00,0x00,0x00,
    0x00,0x00,0x00,0x00,0x00,0x00,0x00,0x00,0x00,0x00,0x00,0x00,0x00,0x00,0x00,0x00,
    0xff,0xff,0xff,0x00,0xff,0xff,0xff,0x00,0xff,0xff,0xff,0x00,0xff,0xff,0xff,0x00,
    0xff,0xff,0xff,0x00,0xff,0xff,0xff,0x00,0xff,0xff,0xff,0x00,0xff,0xff,0xff,0x00,
    0xff,0xff,0xff,0x00,0xff,0xff,0xff,0x00,0xff,0xff,0xff,0x00,0xff,0xff,0xff,0x00,
    0xff,0xff,0xff,0x00,0xff,0xff,0xff,0x00,0xff,0xff,0xff,0x00,0xff,0xff,0xff,0x00,
    0xff,0xff,0xff,0x00,0xff,0xff,0xff,0x00,0x00,0x00,0x00,0x00,0x00,0x00,0x00,0x00,
    0x00,0x00,0x00,0x00,0x00,0x00,0x00,0x00,0x00,0x00,0x00,0x00,0x00,0x00,0x00,0x00,
    0x00,0x00,0x00,0x00,0x00,0x00,0x00,0x00,0x00,0x00,0x00,0x00,0x00,0x00,0x00,0x00,
    0x00,0x00,0x00,0x00,0x00,0x00,0x00,0x00,0x00,0x00,0x00,0x00,0x00,0x00,0x00,0x00,
    0xff,0xff,0xff,0x00,0xff,0xff,0xff,0x00,0xff,0xff,0xff,0x00,0xff,0xff,0xff,0x00,
    0xff,0xff,0xff,0x00,0xff,0xff,0xff,0x00,0xff,0xff,0xff,0x00,0xff,0xff,0xff,0x00,
    0xff,0xff,0xff,0x00,0xff,0xff,0xff,0x00,0xff,0xff,0xff,0x00,0xff,0xff,0xff,0x00,
    0xff,0xff,0xff,0x00,0xff,0xff,0xff,0x00,0xff,0xff,0xff,0x00,0xff,0xff,0xff,0x00,
    0xff,0xff,0xff,0x00,0xff,0xff,0xff,0x00,0x00,0x00,0x00,0x00,0x00,0x00,0x00,0x00,
    0x00,0x00,0x00,0x00,0x00,0x00,0x00,0x00,0x00,0x00,0x00,0x00,0x00,0x00,0x00,0x00,
    0x00,0x00,0x00,0x00,0x00,0x00,0x00,0x00,0x00,0x00,0x00,0x00,0x00,0x00,0x00,0x00,
    0x00,0x00,0x00,0x00,0x00,0x00,0x00,0x00,0x00,0x00,0x00,0x00,0x00,0x00,0x00,0x00,
    0xff,0xff,0xff,0x00,0xff,0xff,0xff,0x00,0xff,0xff,0xff,0x00,0xff,0xff,0xff,0x00,
    0xff,0xff,0xff,0x00,0xff,0xff,0xff,0x00,0xff,0xff,0xff,0x00,0xff,0xff,0xff,0x00,
    0xff,0xff,0xff,0x00,0xff,0xff,0xff,0x00,0xff,0xff,0xff,0x00,0xff,0xff,0xff,0x00,
    0xff,0xff,0xff,0x00,0xff,0xff,0xff,0x00,0xff,0xff,0xff,0x00,0xff,0xff,0xff,0x00,
    0xff,0xff,0xff,0x00,0xff,0xff,0xff,0x00,0x00,0x00,0x00,0x00,0x00,0x00,0x00,0x00,
    0x00,0x00,0x00,0x00,0x00,0x00,0x00,0x00,0x00,0x00,0x00,0x00,0x00,0x00,0x00,0x00,
    0x00,0x00,0x00,0x00,0x00,0x00,0x00,0x00,0x00,0x00,0x00,0x00,0x00,0x00,0x00,0x00,
    0x00,0x00,0x00,0x00,0x00,0x00,0x00,0x00,0x00,0x00,0x00,0x00,0x00,0x00,0x00,0x00,
    0xff,0xff,0xff,0x00,0xff,0xff,0xff,0x00,0xff,0xff,0xff,0x00,0xff,0xff,0xff,0x00,
    0xff,0xff,0xff,0x00,0xff,0xff,0xff,0x00,0xff,0xff,0xff,0x00,0xff,0xff,0xff,0x00,
    0xff,0xff,0xff,0x00,0xff,0xff,0xff,0x00,0xff,0xff,0xff,0x00,0xff,0xff,0xff,0x00,
    0xff,0xff,0xff,0x00,0xff,0xff,0xff,0x00,0xff,0xff,0xff,0x00,0xff,0xff,0xff,0x00,
    0xff,0xff,0xff,0x00,0xff,0xff,0xff,0x00,0x00,0x00,0x00,0x00,0x00,0x00,0x00,0x00,
    0x00,0x00,0x00,0x00,0x00,0x00,0x00,0x00,0x00,0x00,0x00,0x00,0x00,0x00,0x00,0x00,
    0x00,0x00,0x00,0x00,0x00,0x00,0x00,0x00,0x00,0x00,0x00,0x00,0x00,0x00,0x00,0x00,
    0x00,0x00,0x00,0x00,0x00,0x00,0x00,0x00,0x00,0x00,0x00,0x00,0x00,0x00,0x00,0x00,
    0xff,0xff,0xff,0x00,0xff,0xff,0xff,0x00,0xff,0xff,0xff,0x00,0xff,0xff,0xff,0x00,
    0xff,0xff,0xff,0x00,0xff,0xff,0xff,0x00,0xff,0xff,0xff,0x00,0xff,0xff,0xff,0x00,
    0xff,0xff,0xff,0x00,0xff,0xff,0xff,0x00,0xff,0xff,0xff,0x00,0xff,0xff,0xff,0x00,
    0xff,0xff,0xff,0x00,0xff,0xff,0xff,0x00,0xff,0xff,0xff,0x00,0xff,0xff,0xff,0x00,
    0xff,0xff,0xff,0x00,0xff,0xff,0xff,0x00,0x00,0x00,0x00,0x00,0x00,0x00,0x00,0x00,
    0x00,0x00,0x00,0x00,0x00,0x00,0x00,0x00,0x00,0x00,0x00,0x00,0x00,0x00,0x00,0x00,
    0x00,0x00,0x00,0x00,0x00,0x00,0x00,0x00,0x00,0x00,0x00,0x00,0x00,0x00,0x00,0x00,
    0x00,0x00,0x00,0x00,0x00,0x00,0x00,0x00,0x00,0x00,0x00,0x00,0x00,0x00,0x00,0x00,
    0xff,0xff,0xff,0x00,0xff,0xff,0xff,0x00,0xff,0xff,0xff,0x00,0xff,0xff,0xff,0x00,
    0xff,0xff,0xff,0x00,0xff,0xff,0xff,0x00,0xff,0xff,0xff,0x00,0xff,0xff,0xff,0x00,
    0xff,0xff,0xff,0x00,0xff,0xff,0xff,0x00,0xff,0xff,0xff,0x00,0xff,0xff,0xff,0x00,
    0xff,0xff,0xff,0x00,0xff,0xff,0xff,0x00,0xff,0xff,0xff,0x00,0xff,0xff,0xff,0x00,
    0xff,0xff,0xff,0x00,0xff,0xff,0xff,0x00,0x00,0x00,0x00,0x00,0x00,0x00,0x00,0x00,
    0x00,0x00,0x00,0x00,0x00,0x00,0x00,0x00,0x00,0x00,0x00,0x00,0x00,0x00,0x00,0x00,
    0x00,0x00,0x00,0x00,0x00,0x00,0x00,0x00,0x00,0x00,0x00,0x00,0x00,0x00,0x00,0x00,
    0x00,0x00,0x00,0x00,0x00,0x00,0x00,0x00,0x00,0x00,0x00,0x00,0x00,0x00,0x00,0x00,
    0xff,0xff,0xff,0x00,0xff,0xff,0xff,0x00,0xff,0xff,0xff,0x00,0xff,0xff,0xff,0x00,
    0xff,0xff,0xff,0x00,0xff,0xff,0xff,0x00,0xff,0xff,0xff,0x00,0xff,0xff,0xff,0x00,
    0xff,0xff,0xff,0x00,0xff,0xff,0xff,0x00,0xff,0xff,0xff,0x00,0xff,0xff,0xff,0x00,
    0xff,0xff,0xff,0x00,0xff,0xff,0xff,0x00,0xff,0xff,0xff,0x00,0xff,0xff,0xff,0x00,
    0xff,0xff,0xff,0x00,0xff,0xff,0xff,0x00,0x00,0x00,0x00,0x00,0x00,0x00,0x00,0x00,
    0x00,0x00,0x00,0x00,0x00,0x00,0x00,0x00,0x00,0x00,0x00,0x00,0x00,0x00,0x00,0x00,
    0x00,0x00,0x00,0x00,0x00,0x00,0x00,0x00,0x00,0x00,0x00,0x00,0x00,0x00,0x00,0x00,
    0x00,0x00,0x00,0x00,0x00,0x00,0x00,0x00,0x00,0x00,0x00,0x00,0x00,0x00,0x00,0x00,
    0xff,0xff,0xff,0x00,0xff,0xff,0xff,0x00,0xff,0xff,0xff,0x00,0xff,0xff,0xff,0x00,
    0xff,0xff,0xff,0x00,0xff,0xff,0xff,0x00,0xff,0xff,0xff,0x00,0xff,0xff,0xff,0x00,
    0xff,0xff,0xff,0x00,0xff,0xff,0xff,0x00,0xff,0xff,0xff,0x00,0xff,0xff,0xff,0x00,
    0xff,0xff,0xff,0x00,0xff,0xff,0xff,0x00,0xff,0xff,0xff,0x00,0xff,0xff,0xff,0x00,
    0xff,0xff,0xff,0x00,0xff,0xff,0xff,0x00,0x00,0x00,0x00,0x00,0x00,0x00,0x00,0x00,
    0x00,0x00,0x00,0x00,0x00,0x00,0x00,0x00,0x00,0x00,0x00,0x00,0x00,0x00,0x00,0x00,
    0x00,0x00,0x00,0x00,0x00,0x00,0x00,0x00,0x00,0x00,0x00,0x00,0x00,0x00,0x00,0x00,
    0x00,0x00,0x00,0x00,0x00,0x00,0x00,0x00,0x00,0x00,0x00,0x00,0x00,0x00,0x00,0x00,
    0xff,0xff,0xff,0x00,0xff,0xff,0xff,0x00,0xff,0xff,0xff,0x00,0xff,0xff,0xff,0x00,
    0xff,0xff,0xff,0x00,0xff,0xff,0xff,0x00,0xff,0xff,0xff,0x00,0xff,0xff,0xff,0x00,
    0xff,0xff,0xff,0x00,0xff,0xff,0xff,0x00,0xff,0xff,0xff,0x00,0xff,0xff,0xff,0x00,
    0xff,0xff,0xff,0x00,0xff,0xff,0xff,0x00,0xff,0xff,0xff,0x00,0xff,0xff,0xff,0x00,
    0xff,0xff,0xff,0x00,0xff,0xff,0xff,0x00,0x00,0x00,0x00,0x00,0x00,0x00,0x00,0x00,
    0x00,0x00,0x00,0x00,0x00,0x00,0x00,0x00,0x00,0x00,0x00,0x00,0x00,0x00,0x00,0x00,
    0x00,0x00,0x00,0x00,0x00,0x00,0x00,0x00,0x00,0x00,0x00,0x00,0x00,0x00,0x00,0x00,
    0x00,0x00,0x00,0x00,0x00,0x00,0x00,0x00,0x00,0x00,0x00,0x00,0x00,0x00,0x00,0x00,
    0xff,0xff,0xff,0x00,0xff,0xff,0xff,0x00,0xff,0xff,0xff,0x00,0xff,0xff,0xff,0x00,
    0xff,0xff,0xff,0x00,0xff,0xff,0xff,0x00,0xff,0xff,0xff,0x00,0xff,0xff,0xff,0x00,
    0xff,0xff,0xff,0x00,0xff,0xff,0xff,0x00,0xff,0xff,0xff,0x00,0xff,0xff,0xff,0x00,
    0xff,0xff,0xff,0x00,0xff,0xff,0xff,0x00,0xff,0xff,0xff,0x00,0xff,0xff,0xff,0x00,
    0xff,0xff,0xff,0x00,0xff,0xff,0xff,0x00,0x00,0x00,0x00,0x00,0x00,0x00,0x00,0x00,
    0x00,0x00,0x00,0x00,0x00,0x00,0x00,0x00,0x00,0x00,0x00,0x00,0x00,0x00,0x00,0x00,
    0x00,0x00,0x00,0x00,0x00,0x00,0x00,0x00,0x00,0x00,0x00,0x00,0x00,0x00,0x00,0x00,
    0x00,0x00,0x00,0x00,0x00,0x00,0x00,0x00,0x00,0x00,0x00,0x00,0x00,0x00,0x00,0x00,
    0xff,0xff,0xff,0x00,0xff,0xff,0xff,0x00,0xff,0xff,0xff,0x00,0xff,0xff,0xff,0x00,
    0xff,0xff,0xff,0x00,0xff,0xff,0xff,0x00,0xff,0xff,0xff,0x00,0xff,0xff,0xff,0x00,
    0xff,0xff,0xff,0x00,0xff,0xff,0xff,0x00,0xff,0xff,0xff,0x00,0xff,0xff,0xff,0x00,
    0xff,0xff,0xff,0x00,0xff,0xff,0xff,0x00,0xff,0xff,0xff,0x00,0xff,0xff,0xff,0x00,
    0xff,0xff,0xff,0x00,0xff,0xff,0xff,0x00,0x00,0x00,0x00,0x00,0x00,0x00,0x00,0x00,
    0x00,0x00,0x00,0x00,0x00,0x00,0x00,0x00,0x00,0x00,0x00,0x00,0x00,0x00,0x00,0x00,
    0x00,0x00,0x00,0x00,0x00,0x00,0x00,0x00,0x00,0x00,0x00,0x00,0x00,0x00,0x00,0x00,
    0x00,0x00,0x00,0x00,0x00,0x00,0x00,0x00,0x00,0x00,0x00,0x00,0x00,0x00,0x00,0x00,
};

const lv_image_dsc_t img_clockwise_min_18x157_ARGB8888_aligned = {
  .header.magic = LV_IMAGE_HEADER_MAGIC,
  .header.cf = LV_COLOR_FORMAT_ARGB8888,
  .header.stride = 128,
  .header.flags = 0,
  .header.w = 18,
  .header.h = 157,
  .data_size = sizeof(img_clockwise_min_18x157_ARGB8888_aligned_map),
  .data = img_clockwise_min_18x157_ARGB8888_aligned_map,
};
