#ifdef __has_include
#if __has_include("lvgl.h")
#ifndef LV_LVGL_H_INCLUDE_SIMPLE
#define LV_LVGL_H_INCLUDE_SIMPLE
#endif
#endif
#endif

#if defined(LV_LVGL_H_INCLUDE_SIMPLE)
 #include "lvgl.h"
#else
 #include "lvgl/lvgl.h"
#endif

#ifndef LV_ATTRIBUTE_MEM_ALIGN
#define LV_ATTRIBUTE_MEM_ALIGN
#endif

#ifndef LV_ATTRIBUTE_IMAGE_IMG_NAV_1_127X145_ARGB8888_ALIGNED
#define LV_ATTRIBUTE_IMAGE_IMG_NAV_1_127X145_ARGB8888_ALIGNED
#endif

const LV_ATTRIBUTE_MEM_ALIGN LV_ATTRIBUTE_LARGE_CONST LV_ATTRIBUTE_IMAGE_IMG_NAV_1_127X145_ARGB8888_ALIGNED uint8_t img_nav_1_127x145_ARGB8888_aligned_map[] = {
    0x00,0x00,0x00,0x00,0x00,0x00,0x00,0x00,0x00,0x00,0x00,0x00,0x00,0x00,0x00,0x00,
    0x00,0x00,0x00,0x00,0x00,0x00,0x00,0x00,0x00,0x00,0x00,0x00,0x00,0x00,0x00,0x00,
    0x00,0x00,0x00,0x00,0x00,0x00,0x00,0x00,0x00,0x00,0x00,0x00,0x00,0x00,0x00,0x00,
    0x00,0x00,0x00,0x00,0x00,0x00,0x00,0x00,0x00,0x00,0x00,0x00,0x00,0x00,0x00,0x00,
    0x00,0x00,0x00,0x00,0x00,0x00,0x00,0x00,0x00,0x00,0x00,0x00,0x00,0x00,0x00,0x00,
    0x00,0x00,0x00,0x00,0x00,0x00,0x00,0x00,0x00,0x00,0x00,0x00,0x00,0x00,0x00,0x00,
    0x00,0x00,0x00,0x00,0x00,0x00,0x00,0x00,0x00,0x00,0x00,0x00,0x00,0x00,0x00,0x00,
    0x00,0x00,0x00,0x00,0x00,0x00,0x00,0x00,0x00,0x00,0x00,0x00,0x00,0x00,0x00,0x00,
    0x00,0x00,0x00,0x00,0x00,0x00,0x00,0x00,0x00,0x00,0x00,0x00,0x00,0x00,0x00,0x00,
    0x00,0x00,0x00,0x00,0x00,0x00,0x00,0x00,0x00,0x00,0x00,0x00,0x00,0x00,0x00,0x00,
    0x00,0x00,0x00,0x00,0x00,0x00,0x00,0x00,0x00,0x00,0x00,0x00,0x00,0x00,0x00,0x00,
    0x00,0x00,0x00,0x00,0x00,0x00,0x00,0x00,0x00,0x00,0x00,0x00,0x00,0x00,0x00,0x00,
    0x00,0x00,0x00,0x00,0x00,0x00,0x00,0x00,0x00,0x00,0x00,0x00,0x00,0x00,0x00,0x00,
    0x00,0x00,0x00,0x00,0x00,0x00,0x00,0x00,0x00,0x00,0x00,0x00,0x00,0x00,0x00,0x00,
    0x00,0x00,0x00,0x00,0x00,0x00,0x00,0x00,0x00,0x00,0x00,0x00,0x00,0x00,0x00,0x00,
    0x00,0x00,0x00,0x00,0x00,0x00,0x00,0x00,0x00,0x00,0x00,0x00,0x00,0x00,0x00,0x00,
    0x00,0x00,0x00,0x00,0x00,0x00,0x00,0x00,0x00,0x00,0x00,0x00,0x00,0x00,0x00,0x00,
    0x00,0x00,0x00,0x00,0x00,0x00,0x00,0x00,0x00,0x00,0x00,0x00,0x00,0x00,0x00,0x00,
    0x00,0x00,0x00,0x00,0x00,0x00,0x00,0x00,0x00,0x00,0x00,0x00,0x00,0x00,0x00,0x00,
    0x00,0x00,0x00,0x00,0x00,0x00,0x00,0x00,0x00,0x00,0x00,0x00,0x00,0x00,0x00,0x00,
    0x00,0x00,0x00,0x00,0x00,0x00,0x00,0x00,0x00,0x00,0x00,0x00,0x00,0x00,0x00,0x00,
    0x00,0x00,0x00,0x00,0x00,0x00,0x00,0x00,0x00,0x00,0x00,0x00,0x00,0x00,0x00,0x00,
    0x00,0x00,0x00,0x00,0x00,0x00,0x00,0x00,0x00,0x00,0x00,0x00,0x00,0x00,0x00,0x00,
    0x00,0x00,0x00,0x00,0x00,0x00,0x00,0x00,0x00,0x00,0x00,0x00,0x00,0x00,0x00,0x00,
    0x00,0x00,0x00,0x00,0x00,0x00,0x00,0x00,0x00,0x00,0x00,0x00,0x00,0x00,0x00,0x00,
    0x00,0x00,0x00,0x00,0x00,0x00,0x00,0x00,0x00,0x00,0x00,0x00,0x00,0x00,0x00,0x00,
    0x00,0x00,0x00,0x00,0x00,0x00,0x00,0x00,0x00,0x00,0x00,0x00,0x00,0x00,0x00,0x00,
    0x00,0x00,0x00,0x00,0x00,0x00,0x00,0x00,0x00,0x00,0x00,0x00,0x00,0x00,0x00,0x00,
    0x00,0x00,0x00,0x00,0x00,0x00,0x00,0x00,0x00,0x00,0x00,0x00,0x00,0x00,0x00,0x00,
    0x00,0x00,0x00,0x00,0x00,0x00,0x00,0x00,0x00,0x00,0x00,0x00,0x00,0x00,0x00,0x00,
    0x00,0x00,0x00,0x00,0x00,0x00,0x00,0x00,0xbf,0xaa,0x55,0x0c,0xe0,0xab,0x30,0x3a,
    0xe5,0xac,0x21,0x63,0xe9,0xac,0x1a,0x8e,0xe6,0xae,0x1d,0x68,0x00,0x00,0x00,0x00,
    0x00,0x00,0x00,0x00,0x00,0x00,0x00,0x00,0x00,0x00,0x00,0x00,0x00,0x00,0x00,0x00,
    0x00,0x00,0x00,0x00,0x00,0x00,0x00,0x00,0x00,0x00,0x00,0x00,0x00,0x00,0x00,0x00,
    0x00,0x00,0x00,0x00,0x00,0x00,0x00,0x00,0x00,0x00,0x00,0x00,0x00,0x00,0x00,0x00,
    0x00,0x00,0x00,0x00,0x00,0x00,0x00,0x00,0x00,0x00,0x00,0x00,0x00,0x00,0x00,0x00,
    0x00,0x00,0x00,0x00,0x00,0x00,0x00,0x00,0x00,0x00,0x00,0x00,0x00,0x00,0x00,0x00,
    0x00,0x00,0x00,0x00,0x00,0x00,0x00,0x00,0x00,0x00,0x00,0x00,0x00,0x00,0x00,0x00,
    0x00,0x00,0x00,0x00,0x00,0x00,0x00,0x00,0x00,0x00,0x00,0x00,0x00,0x00,0x00,0x00,
    0x00,0x00,0x00,0x00,0x00,0x00,0x00,0x00,0x00,0x00,0x00,0x00,0x00,0x00,0x00,0x00,
    0x00,0x00,0x00,0x00,0x00,0x00,0x00,0x00,0x00,0x00,0x00,0x00,0x00,0x00,0x00,0x00,
    0x00,0x00,0x00,0x00,0x00,0x00,0x00,0x00,0x00,0x00,0x00,0x00,0x00,0x00,0x00,0x00,
    0x00,0x00,0x00,0x00,0x00,0x00,0x00,0x00,0x00,0x00,0x00,0x00,0x00,0x00,0x00,0x00,
    0x00,0x00,0x00,0x00,0x00,0x00,0x00,0x00,0x00,0x00,0x00,0x00,0x00,0x00,0x00,0x00,
    0x00,0x00,0x00,0x00,0x00,0x00,0x00,0x00,0x00,0x00,0x00,0x00,0x00,0x00,0x00,0x00,
    0x00,0x00,0x00,0x00,0x00,0x00,0x00,0x00,0x00,0x00,0x00,0x00,0x00,0x00,0x00,0x00,
    0x00,0x00,0x00,0x00,0x00,0x00,0x00,0x00,0x00,0x00,0x00,0x00,0x00,0x00,0x00,0x00,
    0x00,0x00,0x00,0x00,0x00,0x00,0x00,0x00,0x00,0x00,0x00,0x00,0x00,0x00,0x00,0x00,
    0x00,0x00,0x00,0x00,0x00,0x00,0x00,0x00,0x00,0x00,0x00,0x00,0x00,0x00,0x00,0x00,
    0x00,0x00,0x00,0x00,0x00,0x00,0x00,0x00,0x00,0x00,0x00,0x00,0x00,0x00,0x00,0x00,
    0x00,0x00,0x00,0x00,0x00,0x00,0x00,0x00,0x00,0x00,0x00,0x00,0x00,0x00,0x00,0x00,
    0x00,0x00,0x00,0x00,0x00,0x00,0x00,0x00,0x00,0x00,0x00,0x00,0x00,0x00,0x00,0x00,
    0x00,0x00,0x00,0x00,0x00,0x00,0x00,0x00,0x00,0x00,0x00,0x00,0x00,0x00,0x00,0x00,
    0x00,0x00,0x00,0x00,0x00,0x00,0x00,0x00,0x00,0x00,0x00,0x00,0x00,0x00,0x00,0x00,
    0x00,0x00,0x00,0x00,0x00,0x00,0x00,0x00,0x00,0x00,0x00,0x00,0x00,0x00,0x00,0x00,
    0x00,0x00,0x00,0x00,0x00,0x00,0x00,0x00,0x00,0x00,0x00,0x00,0x00,0x00,0x00,0x00,
    0x00,0x00,0x00,0x00,0x00,0x00,0x00,0x00,0x00,0x00,0x00,0x00,0x00,0x00,0x00,0x00,
    0x00,0x00,0x00,0x00,0x00,0x00,0x00,0x00,0x00,0x00,0x00,0x00,0x00,0x00,0x00,0x00,
    0x00,0x00,0x00,0x00,0x00,0x00,0x00,0x00,0x00,0x00,0x00,0x00,0x00,0x00,0x00,0x00,
    0x00,0x00,0x00,0x00,0x00,0x00,0x00,0x00,0x00,0x00,0x00,0x00,0x00,0x00,0x00,0x00,
    0x00,0x00,0x00,0x00,0x00,0x00,0x00,0x00,0x00,0x00,0x00,0x00,0xcc,0xb2,0x33,0x0a,
    0xdf,0xaa,0x2a,0x18,0xe2,0xaa,0x23,0x24,0xe9,0xaf,0x1a,0x30,0xed,0xaf,0x11,0x3a,
    0xef,0xaf,0x07,0x43,0xf1,0xad,0x03,0x4e,0xf4,0xb0,0x07,0x61,0xee,0xae,0x0e,0x7f,
    0xf0,0xaf,0x0d,0x99,0xef,0xad,0x0c,0xb9,0xe9,0xac,0x17,0x79,0x00,0x00,0x00,0x00,
    0x00,0x00,0x00,0x00,0x00,0x00,0x00,0x00,0x00,0x00,0x00,0x00,0x00,0x00,0x00,0x00,
    0x00,0x00,0x00,0x00,0x00,0x00,0x00,0x00,0x00,0x00,0x00,0x00,0x00,0x00,0x00,0x00,
    0x00,0x00,0x00,0x00,0x00,0x00,0x00,0x00,0x00,0x00,0x00,0x00,0x00,0x00,0x00,0x00,
    0x00,0x00,0x00,0x00,0x00,0x00,0x00,0x00,0x00,0x00,0x00,0x00,0x00,0x00,0x00,0x00,
    0x00,0x00,0x00,0x00,0x00,0x00,0x00,0x00,0x00,0x00,0x00,0x00,0x00,0x00,0x00,0x00,
    0x00,0x00,0x00,0x00,0x00,0x00,0x00,0x00,0x00,0x00,0x00,0x00,0x00,0x00,0x00,0x00,
    0x00,0x00,0x00,0x00,0x00,0x00,0x00,0x00,0x00,0x00,0x00,0x00,0x00,0x00,0x00,0x00,
    0x00,0x00,0x00,0x00,0x00,0x00,0x00,0x00,0x00,0x00,0x00,0x00,0x00,0x00,0x00,0x00,
    0x00,0x00,0x00,0x00,0x00,0x00,0x00,0x00,0x00,0x00,0x00,0x00,0x00,0x00,0x00,0x00,
    0x00,0x00,0x00,0x00,0x00,0x00,0x00,0x00,0x00,0x00,0x00,0x00,0x00,0x00,0x00,0x00,
    0x00,0x00,0x00,0x00,0x00,0x00,0x00,0x00,0x00,0x00,0x00,0x00,0x00,0x00,0x00,0x00,
    0x00,0x00,0x00,0x00,0x00,0x00,0x00,0x00,0x00,0x00,0x00,0x00,0x00,0x00,0x00,0x00,
    0x00,0x00,0x00,0x00,0x00,0x00,0x00,0x00,0x00,0x00,0x00,0x00,0x00,0x00,0x00,0x00,
    0x00,0x00,0x00,0x00,0x00,0x00,0x00,0x00,0x00,0x00,0x00,0x00,0x00,0x00,0x00,0x00,
    0x00,0x00,0x00,0x00,0x00,0x00,0x00,0x00,0x00,0x00,0x00,0x00,0x00,0x00,0x00,0x00,
    0x00,0x00,0x00,0x00,0x00,0x00,0x00,0x00,0x00,0x00,0x00,0x00,0x00,0x00,0x00,0x00,
    0x00,0x00,0x00,0x00,0x00,0x00,0x00,0x00,0x00,0x00,0x00,0x00,0x00,0x00,0x00,0x00,
    0x00,0x00,0x00,0x00,0x00,0x00,0x00,0x00,0x00,0x00,0x00,0x00,0x00,0x00,0x00,0x00,
    0x00,0x00,0x00,0x00,0x00,0x00,0x00,0x00,0x00,0x00,0x00,0x00,0x00,0x00,0x00,0x00,
    0x00,0x00,0x00,0x00,0x00,0x00,0x00,0x00,0x00,0x00,0x00,0x00,0x00,0x00,0x00,0x00,
    0x00,0x00,0x00,0x00,0x00,0x00,0x00,0x00,0x00,0x00,0x00,0x00,0x00,0x00,0x00,0x00,
    0x00,0x00,0x00,0x00,0x00,0x00,0x00,0x00,0x00,0x00,0x00,0x00,0x00,0x00,0x00,0x00,
    0x00,0x00,0x00,0x00,0x00,0x00,0x00,0x00,0x00,0x00,0x00,0x00,0x00,0x00,0x00,0x00,
    0x00,0x00,0x00,0x00,0x00,0x00,0x00,0x00,0x00,0x00,0x00,0x00,0x00,0x00,0x00,0x00,
    0x00,0x00,0x00,0x00,0x00,0x00,0x00,0x00,0x00,0x00,0x00,0x00,0x00,0x00,0x00,0x00,
    0x00,0x00,0x00,0x00,0x00,0x00,0x00,0x00,0x00,0x00,0x00,0x00,0x00,0x00,0x00,0x00,
    0x00,0x00,0x00,0x00,0x00,0x00,0x00,0x00,0x00,0x00,0x00,0x00,0xff,0xaa,0x55,0x03,
    0xcc,0x99,0x33,0x0a,0xdd,0xaa,0x22,0x0f,0xe6,0xaa,0x18,0x15,0xea,0xad,0x14,0x19,
    0xe5,0xaa,0x08,0x1e,0xef,0xa7,0x00,0x20,0xeb,0xa8,0x09,0x35,0xea,0xad,0x11,0x58,
    0xe8,0xad,0x16,0x7d,0xeb,0xad,0x13,0x9d,0xec,0xae,0x10,0xbe,0xef,0xaf,0x0c,0xd8,
    0xf1,0xaf,0x06,0xf1,0xfa,0xb4,0x02,0xff,0xff,0xbb,0x00,0xff,0xff,0xb8,0x00,0xff,
    0xff,0xb6,0x00,0xff,0xff,0xbc,0x00,0xff,0xed,0xad,0x0d,0x93,0x00,0x00,0x00,0x00,
    0x00,0x00,0x00,0x00,0x00,0x00,0x00,0x00,0x00,0x00,0x00,0x00,0x00,0x00,0x00,0x00,
    0x00,0x00,0x00,0x00,0x00,0x00,0x00,0x00,0x00,0x00,0x00,0x00,0x00,0x00,0x00,0x00,
    0x00,0x00,0x00,0x00,0x00,0x00,0x00,0x00,0x00,0x00,0x00,0x00,0x00,0x00,0x00,0x00,
    0x00,0x00,0x00,0x00,0x00,0x00,0x00,0x00,0x00,0x00,0x00,0x00,0x00,0x00,0x00,0x00,
    0x00,0x00,0x00,0x00,0x00,0x00,0x00,0x00,0x00,0x00,0x00,0x00,0x00,0x00,0x00,0x00,
    0x00,0x00,0x00,0x00,0x00,0x00,0x00,0x00,0x00,0x00,0x00,0x00,0x00,0x00,0x00,0x00,
    0x00,0x00,0x00,0x00,0x00,0x00,0x00,0x00,0x00,0x00,0x00,0x00,0x00,0x00,0x00,0x00,
    0x00,0x00,0x00,0x00,0x00,0x00,0x00,0x00,0x00,0x00,0x00,0x00,0x00,0x00,0x00,0x00,
    0x00,0x00,0x00,0x00,0x00,0x00,0x00,0x00,0x00,0x00,0x00,0x00,0x00,0x00,0x00,0x00,
    0x00,0x00,0x00,0x00,0x00,0x00,0x00,0x00,0x00,0x00,0x00,0x00,0x00,0x00,0x00,0x00,
    0x00,0x00,0x00,0x00,0x00,0x00,0x00,0x00,0x00,0x00,0x00,0x00,0x00,0x00,0x00,0x00,
    0x00,0x00,0x00,0x00,0x00,0x00,0x00,0x00,0x00,0x00,0x00,0x00,0x00,0x00,0x00,0x00,
    0x00,0x00,0x00,0x00,0x00,0x00,0x00,0x00,0x00,0x00,0x00,0x00,0x00,0x00,0x00,0x00,
    0x00,0x00,0x00,0x00,0x00,0x00,0x00,0x00,0x00,0x00,0x00,0x00,0x00,0x00,0x00,0x00,
    0x00,0x00,0x00,0x00,0x00,0x00,0x00,0x00,0x00,0x00,0x00,0x00,0x00,0x00,0x00,0x00,
    0x00,0x00,0x00,0x00,0x00,0x00,0x00,0x00,0x00,0x00,0x00,0x00,0x00,0x00,0x00,0x00,
    0x00,0x00,0x00,0x00,0x00,0x00,0x00,0x00,0x00,0x00,0x00,0x00,0x00,0x00,0x00,0x00,
    0x00,0x00,0x00,0x00,0x00,0x00,0x00,0x00,0x00,0x00,0x00,0x00,0x00,0x00,0x00,0x00,
    0x00,0x00,0x00,0x00,0x00,0x00,0x00,0x00,0x00,0x00,0x00,0x00,0x00,0x00,0x00,0x00,
    0x00,0x00,0x00,0x00,0x00,0x00,0x00,0x00,0x00,0x00,0x00,0x00,0x00,0x00,0x00,0x00,
    0x00,0x00,0x00,0x00,0x00,0x00,0x00,0x00,0x00,0x00,0x00,0x00,0x00,0x00,0x00,0x00,
    0x00,0x00,0x00,0x00,0x00,0x00,0x00,0x00,0x00,0x00,0x00,0x00,0x00,0x00,0x00,0x00,
    0x00,0x00,0x00,0x00,0x00,0x00,0x00,0x00,0x00,0x00,0x00,0x00,0x00,0x00,0x00,0x00,
    0x00,0x00,0x00,0x00,0x00,0x00,0x00,0x00,0x00,0x00,0x00,0x00,0x00,0x00,0x00,0x00,
    0x00,0x00,0x00,0x00,0x00,0x00,0x00,0x00,0x00,0x00,0x00,0x00,0x00,0x00,0x00,0x01,
    0xff,0xff,0x00,0x01,0xff,0x7f,0x00,0x02,0xff,0xff,0x00,0x02,0xff,0xaa,0x00,0x03,
    0xbf,0x7f,0x00,0x04,0xff,0xbf,0x00,0x04,0xec,0xb6,0x12,0x0e,0xe0,0xad,0x23,0x32,
    0xe2,0xac,0x1f,0x5a,0xe6,0xac,0x1a,0x7e,0xe8,0xac,0x16,0xa1,0xec,0xad,0x10,0xbf,
    0xee,0xad,0x0a,0xdb,0xf3,0xae,0x03,0xf5,0xf6,0xb0,0x00,0xff,0xf9,0xb1,0x00,0xff,
    0xf7,0xb1,0x00,0xff,0xf7,0xb0,0x00,0xff,0xf6,0xb0,0x00,0xff,0xf6,0xb0,0x00,0xff,
    0xf6,0xaf,0x00,0xff,0xf5,0xaf,0x00,0xff,0xf5,0xaf,0x00,0xff,0xf5,0xaf,0x00,0xff,
    0xf5,0xaf,0x00,0xff,0xff,0xb7,0x00,0xff,0xed,0xad,0x0c,0x77,0x00,0x00,0x00,0x00,
    0x00,0x00,0x00,0x00,0x00,0x00,0x00,0x00,0x00,0x00,0x00,0x00,0x00,0x00,0x00,0x00,
    0x00,0x00,0x00,0x00,0x00,0x00,0x00,0x00,0x00,0x00,0x00,0x00,0x00,0x00,0x00,0x00,
    0x00,0x00,0x00,0x00,0x00,0x00,0x00,0x00,0x00,0x00,0x00,0x00,0x00,0x00,0x00,0x00,
    0x00,0x00,0x00,0x00,0x00,0x00,0x00,0x00,0x00,0x00,0x00,0x00,0x00,0x00,0x00,0x00,
    0x00,0x00,0x00,0x00,0x00,0x00,0x00,0x00,0x00,0x00,0x00,0x00,0x00,0x00,0x00,0x00,
    0x00,0x00,0x00,0x00,0x00,0x00,0x00,0x00,0x00,0x00,0x00,0x00,0x00,0x00,0x00,0x00,
    0x00,0x00,0x00,0x00,0x00,0x00,0x00,0x00,0x00,0x00,0x00,0x00,0x00,0x00,0x00,0x00,
    0x00,0x00,0x00,0x00,0x00,0x00,0x00,0x00,0x00,0x00,0x00,0x00,0x00,0x00,0x00,0x00,
    0x00,0x00,0x00,0x00,0x00,0x00,0x00,0x00,0x00,0x00,0x00,0x00,0x00,0x00,0x00,0x00,
    0x00,0x00,0x00,0x00,0x00,0x00,0x00,0x00,0x00,0x00,0x00,0x00,0x00,0x00,0x00,0x00,
    0x00,0x00,0x00,0x00,0x00,0x00,0x00,0x00,0x00,0x00,0x00,0x00,0x00,0x00,0x00,0x00,
    0x00,0x00,0x00,0x00,0x00,0x00,0x00,0x00,0x00,0x00,0x00,0x00,0x00,0x00,0x00,0x00,
    0x00,0x00,0x00,0x00,0x00,0x00,0x00,0x00,0x00,0x00,0x00,0x00,0x00,0x00,0x00,0x00,
    0x00,0x00,0x00,0x00,0x00,0x00,0x00,0x00,0x00,0x00,0x00,0x00,0x00,0x00,0x00,0x00,
    0x00,0x00,0x00,0x00,0x00,0x00,0x00,0x00,0x00,0x00,0x00,0x00,0x00,0x00,0x00,0x00,
    0x00,0x00,0x00,0x00,0x00,0x00,0x00,0x00,0x00,0x00,0x00,0x00,0x00,0x00,0x00,0x00,
    0x00,0x00,0x00,0x00,0x00,0x00,0x00,0x00,0x00,0x00,0x00,0x00,0x00,0x00,0x00,0x00,
    0x00,0x00,0x00,0x00,0x00,0x00,0x00,0x00,0x00,0x00,0x00,0x00,0x00,0x00,0x00,0x00,
    0x00,0x00,0x00,0x00,0x00,0x00,0x00,0x00,0x00,0x00,0x00,0x00,0x00,0x00,0x00,0x00,
    0x00,0x00,0x00,0x00,0x00,0x00,0x00,0x00,0x00,0x00,0x00,0x00,0x00,0x00,0x00,0x00,
    0x00,0x00,0x00,0x00,0x00,0x00,0x00,0x00,0x00,0x00,0x00,0x00,0x00,0x00,0x00,0x00,
    0x00,0x00,0x00,0x00,0x00,0x00,0x00,0x00,0x00,0x00,0x00,0x00,0x00,0x00,0x00,0x00,
    0x00,0x00,0x00,0x00,0x00,0x00,0x00,0x00,0x00,0x00,0x00,0x00,0x00,0x00,0x00,0x00,
    0x00,0x00,0x00,0x00,0x00,0x00,0x00,0x00,0x00,0x00,0x00,0x00,0x00,0x00,0x00,0x00,
    0x00,0x00,0x00,0x00,0x00,0x00,0x00,0x00,0x00,0x00,0x00,0x00,0xcc,0xa5,0x33,0x14,
    0xdb,0xaf,0x2b,0x3a,0xe3,0xad,0x20,0x5e,0xe6,0xac,0x18,0x7f,0xea,0xad,0x13,0x9f,
    0xee,0xaf,0x0d,0xb9,0xf1,0xae,0x06,0xd1,0xf4,0xaf,0x01,0xe4,0xf4,0xaf,0x01,0xec,
    0xf4,0xae,0x01,0xef,0xf4,0xaf,0x01,0xf3,0xf3,0xae,0x01,0xf7,0xf3,0xae,0x01,0xfa,
    0xf3,0xae,0x01,0xfd,0xf6,0xaf,0x00,0xff,0xf7,0xb0,0x00,0xff,0xf7,0xb0,0x00,0xff,
    0xf6,0xb0,0x00,0xff,0xf6,0xb0,0x00,0xff,0xf6,0xb0,0x00,0xff,0xf6,0xaf,0x00,0xff,
    0xf5,0xaf,0x00,0xff,0xf5,0xaf,0x00,0xff,0xf5,0xaf,0x00,0xff,0xf5,0xaf,0x00,0xff,
    0xf5,0xaf,0x00,0xff,0xff,0xb9,0x00,0xff,0xef,0xac,0x05,0x60,0x00,0x00,0x00,0x00,
    0x00,0x00,0x00,0x00,0x00,0x00,0x00,0x00,0x00,0x00,0x00,0x00,0x00,0x00,0x00,0x00,
    0x00,0x00,0x00,0x00,0x00,0x00,0x00,0x00,0x00,0x00,0x00,0x00,0x00,0x00,0x00,0x00,
    0x00,0x00,0x00,0x00,0x00,0x00,0x00,0x00,0x00,0x00,0x00,0x00,0x00,0x00,0x00,0x00,
    0x00,0x00,0x00,0x00,0x00,0x00,0x00,0x00,0x00,0x00,0x00,0x00,0x00,0x00,0x00,0x00,
    0x00,0x00,0x00,0x00,0x00,0x00,0x00,0x00,0x00,0x00,0x00,0x00,0x00,0x00,0x00,0x00,
    0x00,0x00,0x00,0x00,0x00,0x00,0x00,0x00,0x00,0x00,0x00,0x00,0x00,0x00,0x00,0x00,
    0x00,0x00,0x00,0x00,0x00,0x00,0x00,0x00,0x00,0x00,0x00,0x00,0x00,0x00,0x00,0x00,
    0x00,0x00,0x00,0x00,0x00,0x00,0x00,0x00,0x00,0x00,0x00,0x00,0x00,0x00,0x00,0x00,
    0x00,0x00,0x00,0x00,0x00,0x00,0x00,0x00,0x00,0x00,0x00,0x00,0x00,0x00,0x00,0x00,
    0x00,0x00,0x00,0x00,0x00,0x00,0x00,0x00,0x00,0x00,0x00,0x00,0x00,0x00,0x00,0x00,
    0x00,0x00,0x00,0x00,0x00,0x00,0x00,0x00,0x00,0x00,0x00,0x00,0x00,0x00,0x00,0x00,
    0x00,0x00,0x00,0x00,0x00,0x00,0x00,0x00,0x00,0x00,0x00,0x00,0x00,0x00,0x00,0x00,
    0x00,0x00,0x00,0x00,0x00,0x00,0x00,0x00,0x00,0x00,0x00,0x00,0x00,0x00,0x00,0x00,
    0x00,0x00,0x00,0x00,0x00,0x00,0x00,0x00,0x00,0x00,0x00,0x00,0x00,0x00,0x00,0x00,
    0x00,0x00,0x00,0x00,0x00,0x00,0x00,0x00,0x00,0x00,0x00,0x00,0x00,0x00,0x00,0x00,
    0x00,0x00,0x00,0x00,0x00,0x00,0x00,0x00,0x00,0x00,0x00,0x00,0x00,0x00,0x00,0x00,
    0x00,0x00,0x00,0x00,0x00,0x00,0x00,0x00,0x00,0x00,0x00,0x00,0x00,0x00,0x00,0x00,
    0x00,0x00,0x00,0x00,0x00,0x00,0x00,0x00,0x00,0x00,0x00,0x00,0x00,0x00,0x00,0x00,
    0x00,0x00,0x00,0x00,0x00,0x00,0x00,0x00,0x00,0x00,0x00,0x00,0x00,0x00,0x00,0x00,
    0x00,0x00,0x00,0x00,0x00,0x00,0x00,0x00,0x00,0x00,0x00,0x00,0x00,0x00,0x00,0x00,
    0x00,0x00,0x00,0x00,0x00,0x00,0x00,0x00,0x00,0x00,0x00,0x00,0x00,0x00,0x00,0x00,
    0x00,0x00,0x00,0x00,0x00,0x00,0x00,0x00,0x00,0x00,0x00,0x00,0x00,0x00,0x00,0x00,
    0x00,0x00,0x00,0x00,0x00,0x00,0x00,0x00,0x00,0x00,0x00,0x00,0x00,0x00,0x00,0x00,
    0xd3,0xa7,0x33,0x23,0xdb,0xa8,0x27,0x41,0xe3,0xaa,0x1d,0x5e,0xe9,0xaa,0x17,0x79,
    0xed,0xad,0x0f,0x90,0xee,0xad,0x09,0xa6,0xf1,0xae,0x01,0xba,0xf2,0xad,0x01,0xc8,
    0xf1,0xad,0x03,0xd4,0xf2,0xad,0x04,0xde,0xf1,0xad,0x04,0xe8,0xf1,0xad,0x04,0xf2,
    0xf2,0xae,0x03,0xf9,0xf5,0xaf,0x01,0xff,0xfb,0xb3,0x00,0xff,0xfb,0xb3,0x00,0xff,
    0xfa,0xb2,0x00,0xff,0xf8,0xb1,0x00,0xff,0xf7,0xb0,0x00,0xff,0xf7,0xb0,0x00,0xff,
    0xf6,0xaf,0x00,0xff,0xf5,0xaf,0x00,0xff,0xf4,0xae,0x00,0xff,0xf4,0xae,0x00,0xff,
    0xf4,0xae,0x00,0xff,0xf4,0xae,0x00,0xff,0xf4,0xae,0x00,0xff,0xf4,0xae,0x00,0xff,
    0xf4,0xae,0x00,0xff,0xf4,0xae,0x00,0xff,0xf4,0xae,0x00,0xff,0xf4,0xae,0x00,0xff,
    0xf4,0xae,0x00,0xff,0xfb,0xb4,0x02,0xff,0xee,0xae,0x03,0x4f,0x00,0x00,0x00,0x00,
    0x00,0x00,0x00,0x00,0x00,0x00,0x00,0x00,0x00,0x00,0x00,0x00,0x00,0x00,0x00,0x00,
    0x00,0x00,0x00,0x00,0x00,0x00,0x00,0x00,0x00,0x00,0x00,0x00,0x00,0x00,0x00,0x00,
    0x00,0x00,0x00,0x00,0x00,0x00,0x00,0x00,0x00,0x00,0x00,0x00,0x00,0x00,0x00,0x00,
    0x00,0x00,0x00,0x00,0x00,0x00,0x00,0x00,0x00,0x00,0x00,0x00,0x00,0x00,0x00,0x00,
    0x00,0x00,0x00,0x00,0x00,0x00,0x00,0x00,0x00,0x00,0x00,0x00,0x00,0x00,0x00,0x00,
    0x00,0x00,0x00,0x00,0x00,0x00,0x00,0x00,0x00,0x00,0x00,0x00,0x00,0x00,0x00,0x00,
    0x00,0x00,0x00,0x00,0x00,0x00,0x00,0x00,0x00,0x00,0x00,0x00,0x00,0x00,0x00,0x00,
    0x00,0x00,0x00,0x00,0x00,0x00,0x00,0x00,0x00,0x00,0x00,0x00,0x00,0x00,0x00,0x00,
    0x00,0x00,0x00,0x00,0x00,0x00,0x00,0x00,0x00,0x00,0x00,0x00,0x00,0x00,0x00,0x00,
    0x00,0x00,0x00,0x00,0x00,0x00,0x00,0x00,0x00,0x00,0x00,0x00,0x00,0x00,0x00,0x00,
    0x00,0x00,0x00,0x00,0x00,0x00,0x00,0x00,0x00,0x00,0x00,0x00,0x00,0x00,0x00,0x00,
    0x00,0x00,0x00,0x00,0x00,0x00,0x00,0x00,0x00,0x00,0x00,0x00,0x00,0x00,0x00,0x00,
    0x00,0x00,0x00,0x00,0x00,0x00,0x00,0x00,0x00,0x00,0x00,0x00,0x00,0x00,0x00,0x00,
    0x00,0x00,0x00,0x00,0x00,0x00,0x00,0x00,0x00,0x00,0x00,0x00,0x00,0x00,0x00,0x00,
    0x00,0x00,0x00,0x00,0x00,0x00,0x00,0x00,0x00,0x00,0x00,0x00,0x00,0x00,0x00,0x00,
    0x00,0x00,0x00,0x00,0x00,0x00,0x00,0x00,0x00,0x00,0x00,0x00,0x00,0x00,0x00,0x00,
    0x00,0x00,0x00,0x00,0x00,0x00,0x00,0x00,0x00,0x00,0x00,0x00,0x00,0x00,0x00,0x00,
    0x00,0x00,0x00,0x00,0x00,0x00,0x00,0x00,0x00,0x00,0x00,0x00,0x00,0x00,0x00,0x00,
    0x00,0x00,0x00,0x00,0x00,0x00,0x00,0x00,0x00,0x00,0x00,0x00,0x00,0x00,0x00,0x00,
    0x00,0x00,0x00,0x00,0x00,0x00,0x00,0x00,0x00,0x00,0x00,0x00,0x00,0x00,0x00,0x00,
    0x00,0x00,0x00,0x00,0x00,0x00,0x00,0x00,0x00,0x00,0x00,0x00,0x00,0x00,0x00,0x00,
    0xcc,0xaa,0x44,0x0f,0xd8,0xac,0x2c,0x28,0xe2,0xac,0x20,0x3e,0xe6,0xaa,0x18,0x54,
    0xe8,0xaa,0x13,0x67,0xed,0xab,0x0a,0x77,0xf1,0xac,0x03,0x88,0xf1,0xac,0x01,0x9a,
    0xf0,0xab,0x05,0xaf,0xef,0xab,0x07,0xc1,0xef,0xac,0x08,0xd3,0xef,0xac,0x06,0xe4,
    0xf1,0xad,0x05,0xf1,0xf2,0xad,0x03,0xff,0xfe,0xb5,0x00,0xff,0xff,0xb6,0x00,0xff,
    0xfe,0xb4,0x00,0xff,0xfc,0xb3,0x00,0xff,0xfa,0xb2,0x00,0xff,0xf8,0xb0,0x00,0xff,
    0xf7,0xaf,0x00,0xff,0xf5,0xae,0x00,0xff,0xf4,0xae,0x00,0xff,0xf4,0xad,0x00,0xff,
    0xf4,0xad,0x00,0xff,0xf4,0xad,0x00,0xff,0xf4,0xad,0x00,0xff,0xf4,0xad,0x00,0xff,
    0xf4,0xad,0x00,0xff,0xf4,0xad,0x00,0xff,0xf4,0xad,0x00,0xff,0xf4,0xad,0x00,0xff,
    0xf4,0xad,0x00,0xff,0xf4,0xad,0x00,0xff,0xf4,0xad,0x00,0xff,0xf4,0xad,0x00,0xff,
    0xf4,0xad,0x00,0xff,0xf4,0xad,0x00,0xff,0xf4,0xad,0x00,0xff,0xf4,0xad,0x00,0xff,
    0xf5,0xad,0x00,0xff,0xef,0xac,0x06,0xf7,0xf0,0xad,0x07,0x45,0x00,0x00,0x00,0x00,
    0x00,0x00,0x00,0x00,0x00,0x00,0x00,0x00,0x00,0x00,0x00,0x00,0x00,0x00,0x00,0x00,
    0x00,0x00,0x00,0x00,0x00,0x00,0x00,0x00,0x00,0x00,0x00,0x00,0x00,0x00,0x00,0x00,
    0x00,0x00,0x00,0x00,0x00,0x00,0x00,0x00,0x00,0x00,0x00,0x00,0x00,0x00,0x00,0x00,
    0x00,0x00,0x00,0x00,0x00,0x00,0x00,0x00,0x00,0x00,0x00,0x00,0x00,0x00,0x00,0x00,
    0x00,0x00,0x00,0x00,0x00,0x00,0x00,0x00,0x00,0x00,0x00,0x00,0x00,0x00,0x00,0x00,
    0x00,0x00,0x00,0x00,0x00,0x00,0x00,0x00,0x00,0x00,0x00,0x00,0x00,0x00,0x00,0x00,
    0x00,0x00,0x00,0x00,0x00,0x00,0x00,0x00,0x00,0x00,0x00,0x00,0x00,0x00,0x00,0x00,
    0x00,0x00,0x00,0x00,0x00,0x00,0x00,0x00,0x00,0x00,0x00,0x00,0x00,0x00,0x00,0x00,
    0x00,0x00,0x00,0x00,0x00,0x00,0x00,0x00,0x00,0x00,0x00,0x00,0x00,0x00,0x00,0x00,
    0x00,0x00,0x00,0x00,0x00,0x00,0x00,0x00,0x00,0x00,0x00,0x00,0x00,0x00,0x00,0x00,
    0x00,0x00,0x00,0x00,0x00,0x00,0x00,0x00,0x00,0x00,0x00,0x00,0x00,0x00,0x00,0x00,
    0x00,0x00,0x00,0x00,0x00,0x00,0x00,0x00,0x00,0x00,0x00,0x00,0x00,0x00,0x00,0x00,
    0x00,0x00,0x00,0x00,0x00,0x00,0x00,0x00,0x00,0x00,0x00,0x00,0x00,0x00,0x00,0x00,
    0x00,0x00,0x00,0x00,0x00,0x00,0x00,0x00,0x00,0x00,0x00,0x00,0x00,0x00,0x00,0x00,
    0x00,0x00,0x00,0x00,0x00,0x00,0x00,0x00,0x00,0x00,0x00,0x00,0x00,0x00,0x00,0x00,
    0x00,0x00,0x00,0x00,0x00,0x00,0x00,0x00,0x00,0x00,0x00,0x00,0x00,0x00,0x00,0x00,
    0x00,0x00,0x00,0x00,0x00,0x00,0x00,0x00,0x00,0x00,0x00,0x00,0x00,0x00,0x00,0x00,
    0x00,0x00,0x00,0x00,0x00,0x00,0x00,0x00,0x00,0x00,0x00,0x00,0x00,0x00,0x00,0x00,
    0x00,0x00,0x00,0x00,0x00,0x00,0x00,0x00,0x00,0x00,0x00,0x00,0x00,0x00,0x00,0x00,
    0xda,0xb6,0x24,0x07,0xe7,0xad,0x22,0x16,0xe3,0xac,0x22,0x25,0xe1,0xaa,0x1e,0x33,
    0xe7,0xab,0x13,0x40,0xea,0xaa,0x0d,0x4b,0xed,0xab,0x06,0x55,0xed,0xac,0x02,0x66,
    0xef,0xab,0x09,0x81,0xeb,0xab,0x0c,0x9e,0xeb,0xac,0x0c,0xb7,0xed,0xac,0x0b,0xcf,
    0xee,0xab,0x08,0xe5,0xf0,0xac,0x06,0xf8,0xfb,0xb3,0x02,0xff,0xff,0xb9,0x00,0xff,
    0xff,0xb6,0x00,0xff,0xff,0xb5,0x00,0xff,0xfc,0xb3,0x00,0xff,0xfa,0xb1,0x00,0xff,
    0xf8,0xb0,0x00,0xff,0xf6,0xae,0x00,0xff,0xf4,0xad,0x00,0xff,0xf4,0xad,0x00,0xff,
    0xf4,0xad,0x00,0xff,0xf4,0xad,0x00,0xff,0xf4,0xad,0x00,0xff,0xf4,0xad,0x00,0xff,
    0xf4,0xad,0x00,0xff,0xf4,0xad,0x00,0xff,0xf4,0xad,0x00,0xff,0xf4,0xad,0x00,0xff,
    0xf4,0xad,0x00,0xff,0xf4,0xad,0x00,0xff,0xf4,0xad,0x00,0xff,0xf4,0xad,0x00,0xff,
    0xf4,0xad,0x00,0xff,0xf4,0xad,0x00,0xff,0xf4,0xad,0x00,0xff,0xf4,0xad,0x00,0xff,
    0xf4,0xad,0x00,0xff,0xf4,0xad,0x00,0xff,0xf4,0xad,0x00,0xff,0xf4,0xad,0x00,0xff,
    0xf4,0xad,0x00,0xff,0xf4,0xad,0x00,0xff,0xf4,0xad,0x00,0xff,0xf4,0xad,0x00,0xff,
    0xf5,0xad,0x00,0xff,0xee,0xab,0x0a,0xe1,0xee,0xab,0x0c,0x3d,0x00,0x00,0x00,0x00,
    0x00,0x00,0x00,0x00,0x00,0x00,0x00,0x00,0x00,0x00,0x00,0x00,0x00,0x00,0x00,0x00,
    0x00,0x00,0x00,0x00,0x00,0x00,0x00,0x00,0x00,0x00,0x00,0x00,0x00,0x00,0x00,0x00,
    0x00,0x00,0x00,0x00,0x00,0x00,0x00,0x00,0x00,0x00,0x00,0x00,0x00,0x00,0x00,0x00,
    0x00,0x00,0x00,0x00,0x00,0x00,0x00,0x00,0x00,0x00,0x00,0x00,0x00,0x00,0x00,0x00,
    0x00,0x00,0x00,0x00,0x00,0x00,0x00,0x00,0x00,0x00,0x00,0x00,0x00,0x00,0x00,0x00,
    0x00,0x00,0x00,0x00,0x00,0x00,0x00,0x00,0x00,0x00,0x00,0x00,0x00,0x00,0x00,0x00,
    0x00,0x00,0x00,0x00,0x00,0x00,0x00,0x00,0x00,0x00,0x00,0x00,0x00,0x00,0x00,0x00,
    0x00,0x00,0x00,0x00,0x00,0x00,0x00,0x00,0x00,0x00,0x00,0x00,0x00,0x00,0x00,0x00,
    0x00,0x00,0x00,0x00,0x00,0x00,0x00,0x00,0x00,0x00,0x00,0x00,0x00,0x00,0x00,0x00,
    0x00,0x00,0x00,0x00,0x00,0x00,0x00,0x00,0x00,0x00,0x00,0x00,0x00,0x00,0x00,0x00,
    0x00,0x00,0x00,0x00,0x00,0x00,0x00,0x00,0x00,0x00,0x00,0x00,0x00,0x00,0x00,0x00,
    0x00,0x00,0x00,0x00,0x00,0x00,0x00,0x00,0x00,0x00,0x00,0x00,0x00,0x00,0x00,0x00,
    0x00,0x00,0x00,0x00,0x00,0x00,0x00,0x00,0x00,0x00,0x00,0x00,0x00,0x00,0x00,0x00,
    0x00,0x00,0x00,0x00,0x00,0x00,0x00,0x00,0x00,0x00,0x00,0x00,0x00,0x00,0x00,0x00,
    0x00,0x00,0x00,0x00,0x00,0x00,0x00,0x00,0x00,0x00,0x00,0x00,0x00,0x00,0x00,0x00,
    0x00,0x00,0x00,0x00,0x00,0x00,0x00,0x00,0x00,0x00,0x00,0x00,0x00,0x00,0x00,0x00,
    0x00,0x00,0x00,0x00,0x00,0x00,0x00,0x00,0x00,0x00,0x00,0x00,0x00,0x00,0x00,0x00,
    0x00,0x00,0x00,0x00,0x00,0x00,0x00,0x00,0x00,0x00,0x00,0x00,0x00,0x00,0x00,0x00,
    0x00,0x00,0x00,0x00,0x00,0x00,0x00,0x00,0x00,0x00,0x00,0x00,0x00,0x00,0x00,0x00,
    0xcf,0xaf,0x2f,0x10,0xe4,0xaa,0x1a,0x4e,0xe6,0xa9,0x15,0x9b,0xe9,0xac,0x10,0xb6,
    0xeb,0xab,0x0d,0xd2,0xed,0xab,0x08,0xea,0xf3,0xae,0x04,0xff,0xff,0xb6,0x00,0xff,
    0xff,0xb6,0x00,0xff,0xfe,0xb4,0x00,0xff,0xfc,0xb3,0x00,0xff,0xf9,0xb1,0x00,0xff,
    0xf7,0xb0,0x00,0xff,0xf5,0xaf,0x00,0xff,0xf4,0xad,0x00,0xff,0xf3,0xad,0x00,0xff,
    0xf3,0xad,0x00,0xff,0xf3,0xad,0x00,0xff,0xf3,0xad,0x00,0xff,0xf3,0xad,0x00,0xff,
    0xf3,0xad,0x00,0xff,0xf3,0xad,0x00,0xff,0xf3,0xad,0x00,0xff,0xf3,0xad,0x00,0xff,
    0xf3,0xad,0x00,0xff,0xf3,0xad,0x00,0xff,0xf3,0xad,0x00,0xff,0xf3,0xad,0x00,0xff,
    0xf3,0xad,0x00,0xff,0xf3,0xad,0x00,0xff,0xf3,0xad,0x00,0xff,0xf3,0xad,0x00,0xff,
    0xf3,0xad,0x00,0xff,0xf3,0xad,0x00,0xff,0xf3,0xad,0x00,0xff,0xf3,0xad,0x00,0xff,
    0xf3,0xad,0x00,0xff,0xf3,0xad,0x00,0xff,0xf3,0xad,0x00,0xff,0xf3,0xad,0x00,0xff,
    0xf3,0xad,0x00,0xff,0xf3,0xad,0x00,0xff,0xf3,0xad,0x00,0xff,0xf3,0xad,0x00,0xff,
    0xf3,0xad,0x00,0xff,0xf3,0xad,0x00,0xff,0xf3,0xad,0x00,0xff,0xf3,0xad,0x00,0xff,
    0xf4,0xae,0x00,0xff,0xec,0xab,0x0f,0xca,0xe6,0xa8,0x13,0x35,0x00,0x00,0x00,0x00,
    0x00,0x00,0x00,0x00,0x00,0x00,0x00,0x00,0x00,0x00,0x00,0x00,0x00,0x00,0x00,0x00,
    0x00,0x00,0x00,0x00,0x00,0x00,0x00,0x00,0x00,0x00,0x00,0x00,0x00,0x00,0x00,0x00,
    0x00,0x00,0x00,0x00,0x00,0x00,0x00,0x00,0x00,0x00,0x00,0x00,0x00,0x00,0x00,0x00,
    0x00,0x00,0x00,0x00,0x00,0x00,0x00,0x00,0x00,0x00,0x00,0x00,0x00,0x00,0x00,0x00,
    0x00,0x00,0x00,0x00,0x00,0x00,0x00,0x00,0x00,0x00,0x00,0x01,0x00,0x00,0x00,0x00,
    0x00,0x00,0x00,0x00,0x00,0x00,0x00,0x00,0x00,0x00,0x00,0x00,0x00,0x00,0x00,0x00,
    0x00,0x00,0x00,0x00,0x00,0x00,0x00,0x00,0x00,0x00,0x00,0x00,0x00,0x00,0x00,0x00,
    0x00,0x00,0x00,0x00,0x00,0x00,0x00,0x00,0x00,0x00,0x00,0x00,0x00,0x00,0x00,0x00,
    0x00,0x00,0x00,0x00,0x00,0x00,0x00,0x00,0x00,0x00,0x00,0x00,0x00,0x00,0x00,0x00,
    0x00,0x00,0x00,0x00,0x00,0x00,0x00,0x00,0x00,0x00,0x00,0x00,0x00,0x00,0x00,0x00,
    0x00,0x00,0x00,0x00,0x00,0x00,0x00,0x00,0x00,0x00,0x00,0x00,0x00,0x00,0x00,0x00,
    0x00,0x00,0x00,0x00,0x00,0x00,0x00,0x00,0x00,0x00,0x00,0x00,0x00,0x00,0x00,0x00,
    0x00,0x00,0x00,0x00,0x00,0x00,0x00,0x00,0x00,0x00,0x00,0x00,0x00,0x00,0x00,0x00,
    0x00,0x00,0x00,0x00,0x00,0x00,0x00,0x00,0x00,0x00,0x00,0x00,0x00,0x00,0x00,0x00,
    0x00,0x00,0x00,0x00,0x00,0x00,0x00,0x00,0x00,0x00,0x00,0x00,0x00,0x00,0x00,0x00,
    0x00,0x00,0x00,0x00,0x00,0x00,0x00,0x00,0x00,0x00,0x00,0x00,0x00,0x00,0x00,0x00,
    0x00,0x00,0x00,0x00,0x00,0x00,0x00,0x00,0x00,0x00,0x00,0x00,0x00,0x00,0x00,0x00,
    0x00,0x00,0x00,0x00,0x00,0x00,0x00,0x00,0x00,0x00,0x00,0x00,0x00,0x00,0x00,0x00,
    0x00,0x00,0x00,0x00,0x00,0x00,0x00,0x00,0x00,0x00,0x00,0x00,0x00,0x00,0x00,0x00,
    0x00,0x00,0xff,0x01,0xe7,0xaa,0x0f,0x61,0xee,0xac,0x06,0xf4,0xf6,0xae,0x00,0xff,
    0xf4,0xae,0x00,0xff,0xf4,0xad,0x00,0xff,0xf3,0xac,0x00,0xff,0xf2,0xac,0x00,0xff,
    0xf2,0xac,0x00,0xff,0xf2,0xac,0x00,0xff,0xf2,0xac,0x00,0xff,0xf2,0xac,0x00,0xff,
    0xf2,0xac,0x00,0xff,0xf2,0xac,0x00,0xff,0xf2,0xac,0x00,0xff,0xf2,0xac,0x00,0xff,
    0xf2,0xac,0x00,0xff,0xf2,0xac,0x00,0xff,0xf2,0xac,0x00,0xff,0xf2,0xac,0x00,0xff,
    0xf2,0xac,0x00,0xff,0xf2,0xac,0x00,0xff,0xf2,0xac,0x00,0xff,0xf2,0xac,0x00,0xff,
    0xf2,0xac,0x00,0xff,0xf2,0xac,0x00,0xff,0xf2,0xac,0x00,0xff,0xf2,0xac,0x00,0xff,
    0xf2,0xac,0x00,0xff,0xf2,0xac,0x00,0xff,0xf2,0xac,0x00,0xff,0xf2,0xac,0x00,0xff,
    0xf2,0xac,0x00,0xff,0xf2,0xac,0x00,0xff,0xf2,0xac,0x00,0xff,0xf2,0xac,0x00,0xff,
    0xf2,0xac,0x00,0xff,0xf2,0xac,0x00,0xff,0xf2,0xac,0x00,0xff,0xf2,0xac,0x00,0xff,
    0xf2,0xac,0x00,0xff,0xf2,0xac,0x00,0xff,0xf2,0xac,0x00,0xff,0xf2,0xac,0x00,0xff,
    0xf2,0xac,0x00,0xff,0xf2,0xac,0x00,0xff,0xf2,0xac,0x00,0xff,0xf3,0xac,0x00,0xff,
    0xf3,0xad,0x00,0xff,0xe9,0xaa,0x12,0xb2,0xe2,0xa8,0x1c,0x2c,0x00,0x00,0x00,0x00,
    0x00,0x00,0x00,0x00,0x00,0x00,0x00,0x00,0x00,0x00,0x00,0x00,0x00,0x00,0x00,0x00,
    0x00,0x00,0x00,0x00,0x00,0x00,0x00,0x00,0x00,0x00,0x00,0x00,0x00,0x00,0x00,0x00,
    0x00,0x00,0x00,0x00,0x00,0x00,0x00,0x00,0x00,0x00,0x00,0x00,0x00,0x00,0x00,0x00,
    0x00,0x00,0x00,0x00,0x00,0x00,0x00,0x00,0x00,0x00,0x00,0x00,0x00,0x00,0x00,0x00,
    0x00,0x00,0x00,0x00,0x99,0x99,0x99,0x05,0xb0,0xb0,0xb0,0x0d,0xb6,0xb6,0xb6,0x07,
    0x00,0x00,0x00,0x00,0x00,0x00,0x00,0x00,0x00,0x00,0x00,0x00,0x00,0x00,0x00,0x00,
    0x00,0x00,0x00,0x00,0x00,0x00,0x00,0x00,0x00,0x00,0x00,0x00,0x00,0x00,0x00,0x00,
    0x00,0x00,0x00,0x00,0x00,0x00,0x00,0x00,0x00,0x00,0x00,0x00,0x00,0x00,0x00,0x00,
    0x00,0x00,0x00,0x00,0x00,0x00,0x00,0x00,0x00,0x00,0x00,0x00,0x00,0x00,0x00,0x00,
    0x00,0x00,0x00,0x00,0x00,0x00,0x00,0x00,0x00,0x00,0x00,0x00,0x00,0x00,0x00,0x00,
    0x00,0x00,0x00,0x00,0x00,0x00,0x00,0x00,0x00,0x00,0x00,0x00,0x00,0x00,0x00,0x00,
    0x00,0x00,0x00,0x00,0x00,0x00,0x00,0x00,0x00,0x00,0x00,0x00,0x00,0x00,0x00,0x00,
    0x00,0x00,0x00,0x00,0x00,0x00,0x00,0x00,0x00,0x00,0x00,0x00,0x00,0x00,0x00,0x00,
    0x00,0x00,0x00,0x00,0x00,0x00,0x00,0x00,0x00,0x00,0x00,0x00,0x00,0x00,0x00,0x00,
    0x00,0x00,0x00,0x00,0x00,0x00,0x00,0x00,0x00,0x00,0x00,0x00,0x00,0x00,0x00,0x00,
    0x00,0x00,0x00,0x00,0x00,0x00,0x00,0x00,0x00,0x00,0x00,0x00,0x00,0x00,0x00,0x00,
    0x00,0x00,0x00,0x00,0x00,0x00,0x00,0x00,0x00,0x00,0x00,0x00,0x00,0x00,0x00,0x00,
    0x00,0x00,0x00,0x00,0x00,0x00,0x00,0x00,0x00,0x00,0x00,0x00,0x00,0x00,0x00,0x00,
    0x00,0x00,0x00,0x00,0x00,0x00,0x00,0x00,0x00,0x00,0x00,0x00,0x00,0x00,0x00,0x00,
    0x00,0x00,0x00,0x00,0xbf,0xaa,0x2a,0x0c,0xe8,0xab,0x11,0x59,0xef,0xab,0x05,0xf9,
    0xf2,0xac,0x00,0xff,0xf3,0xab,0x00,0xff,0xf2,0xab,0x00,0xff,0xf2,0xab,0x00,0xff,
    0xf2,0xab,0x00,0xff,0xf2,0xab,0x00,0xff,0xf2,0xab,0x00,0xff,0xf2,0xab,0x00,0xff,
    0xf2,0xab,0x00,0xff,0xf2,0xab,0x00,0xff,0xf2,0xab,0x00,0xff,0xf2,0xab,0x00,0xff,
    0xf2,0xab,0x00,0xff,0xf2,0xab,0x00,0xff,0xf2,0xab,0x00,0xff,0xf2,0xab,0x00,0xff,
    0xf2,0xab,0x00,0xff,0xf2,0xab,0x00,0xff,0xf2,0xab,0x00,0xff,0xf2,0xab,0x00,0xff,
    0xf2,0xab,0x00,0xff,0xf2,0xab,0x00,0xff,0xf2,0xab,0x00,0xff,0xf2,0xab,0x00,0xff,
    0xf2,0xab,0x00,0xff,0xf2,0xab,0x00,0xff,0xf2,0xab,0x00,0xff,0xf2,0xab,0x00,0xff,
    0xf2,0xab,0x00,0xff,0xf2,0xab,0x00,0xff,0xf2,0xab,0x00,0xff,0xf2,0xab,0x00,0xff,
    0xf2,0xab,0x00,0xff,0xf2,0xab,0x00,0xff,0xf2,0xab,0x00,0xff,0xf2,0xab,0x00,0xff,
    0xf2,0xab,0x00,0xff,0xf2,0xab,0x00,0xff,0xf2,0xab,0x00,0xff,0xf2,0xab,0x00,0xff,
    0xf2,0xab,0x00,0xff,0xf2,0xab,0x00,0xff,0xf2,0xab,0x00,0xff,0xf3,0xac,0x00,0xff,
    0xf4,0xac,0x00,0xff,0xe7,0xaa,0x14,0x97,0xe1,0xac,0x25,0x22,0x00,0x00,0x00,0x00,
    0x00,0x00,0x00,0x00,0x00,0x00,0x00,0x00,0x00,0x00,0x00,0x00,0x00,0x00,0x00,0x00,
    0x00,0x00,0x00,0x00,0x00,0x00,0x00,0x00,0x00,0x00,0x00,0x00,0x00,0x00,0x00,0x00,
    0x00,0x00,0x00,0x00,0x00,0x00,0x00,0x00,0x00,0x00,0x00,0x00,0x00,0x00,0x00,0x00,
    0x00,0x00,0x00,0x00,0x00,0x00,0x00,0x00,0x00,0x00,0x00,0x00,0x00,0x00,0x00,0x00,
    0xaa,0xaa,0xaa,0x03,0xa5,0xa5,0xa5,0x36,0xa0,0xa0,0xa0,0x49,0xa3,0xa3,0xa3,0x27,
    0x7f,0x7f,0x7f,0x02,0x00,0x00,0x00,0x00,0x00,0x00,0x00,0x00,0x00,0x00,0x00,0x00,
    0x00,0x00,0x00,0x00,0x00,0x00,0x00,0x00,0x00,0x00,0x00,0x00,0x00,0x00,0x00,0x00,
    0x00,0x00,0x00,0x00,0x00,0x00,0x00,0x00,0x00,0x00,0x00,0x00,0x00,0x00,0x00,0x00,
    0x00,0x00,0x00,0x00,0x00,0x00,0x00,0x00,0x00,0x00,0x00,0x00,0x00,0x00,0x00,0x00,
    0x00,0x00,0x00,0x00,0x00,0x00,0x00,0x00,0x00,0x00,0x00,0x00,0x00,0x00,0x00,0x00,
    0x00,0x00,0x00,0x00,0x00,0x00,0x00,0x00,0x00,0x00,0x00,0x00,0x00,0x00,0x00,0x00,
    0x00,0x00,0x00,0x00,0x00,0x00,0x00,0x00,0x00,0x00,0x00,0x00,0x00,0x00,0x00,0x00,
    0x00,0x00,0x00,0x00,0x00,0x00,0x00,0x00,0x00,0x00,0x00,0x00,0x00,0x00,0x00,0x00,
    0x00,0x00,0x00,0x00,0x00,0x00,0x00,0x00,0x00,0x00,0x00,0x00,0x00,0x00,0x00,0x00,
    0x00,0x00,0x00,0x00,0x00,0x00,0x00,0x00,0x00,0x00,0x00,0x00,0x00,0x00,0x00,0x00,
    0x00,0x00,0x00,0x00,0x00,0x00,0x00,0x00,0x00,0x00,0x00,0x00,0x00,0x00,0x00,0x00,
    0x00,0x00,0x00,0x00,0x00,0x00,0x00,0x00,0x00,0x00,0x00,0x00,0x00,0x00,0x00,0x00,
    0x00,0x00,0x00,0x00,0x00,0x00,0x00,0x00,0x00,0x00,0x00,0x00,0x00,0x00,0x00,0x00,
    0x00,0x00,0x00,0x00,0x00,0x00,0x00,0x00,0x00,0x00,0x00,0x00,0x00,0x00,0x00,0x00,
    0x00,0x00,0x00,0x00,0x00,0x00,0x00,0x00,0xd2,0xa5,0x1e,0x11,0xe8,0xab,0x11,0x65,
    0xee,0xaa,0x03,0xf7,0xf6,0xae,0x01,0xff,0xf2,0xab,0x00,0xff,0xf1,0xab,0x00,0xff,
    0xf1,0xab,0x00,0xff,0xf1,0xab,0x00,0xff,0xf1,0xab,0x00,0xff,0xf1,0xab,0x00,0xff,
    0xf1,0xab,0x00,0xff,0xf1,0xab,0x00,0xff,0xf1,0xab,0x00,0xff,0xf1,0xab,0x00,0xff,
    0xf1,0xab,0x00,0xff,0xf1,0xab,0x00,0xff,0xf1,0xab,0x00,0xff,0xf1,0xab,0x00,0xff,
    0xf1,0xab,0x00,0xff,0xf1,0xab,0x00,0xff,0xf1,0xab,0x00,0xff,0xf1,0xab,0x00,0xff,
    0xf1,0xab,0x00,0xff,0xf1,0xab,0x00,0xff,0xf1,0xab,0x00,0xff,0xf1,0xab,0x00,0xff,
    0xf1,0xab,0x00,0xff,0xf1,0xab,0x00,0xff,0xf1,0xab,0x00,0xff,0xf1,0xab,0x00,0xff,
    0xf1,0xab,0x00,0xff,0xf1,0xab,0x00,0xff,0xf1,0xab,0x00,0xff,0xf1,0xab,0x00,0xff,
    0xf1,0xab,0x00,0xff,0xf1,0xab,0x00,0xff,0xf1,0xab,0x00,0xff,0xf1,0xab,0x00,0xff,
    0xf1,0xab,0x00,0xff,0xf1,0xab,0x00,0xff,0xf1,0xab,0x00,0xff,0xf1,0xab,0x00,0xff,
    0xf1,0xab,0x00,0xff,0xf1,0xab,0x00,0xff,0xf1,0xab,0x00,0xff,0xf2,0xac,0x00,0xff,
    0xf3,0xad,0x00,0xff,0xe5,0xab,0x14,0x7a,0xd2,0xa6,0x21,0x17,0x00,0x00,0x00,0x00,
    0x00,0x00,0x00,0x00,0x00,0x00,0x00,0x00,0x00,0x00,0x00,0x00,0x00,0x00,0x00,0x00,
    0x00,0x00,0x00,0x00,0x00,0x00,0x00,0x00,0x00,0x00,0x00,0x00,0x00,0x00,0x00,0x00,
    0x00,0x00,0x00,0x00,0x00,0x00,0x00,0x00,0x00,0x00,0x00,0x00,0x00,0x00,0x00,0x00,
    0x00,0x00,0x00,0x00,0x00,0x00,0x00,0x00,0x00,0x00,0x00,0x00,0x7f,0x7f,0x7f,0x06,
    0xa6,0xa6,0xa6,0x31,0xa1,0xa1,0xa1,0x52,0x9f,0x9f,0x9f,0x5b,0xa1,0xa1,0xa1,0x4c,
    0xa1,0xa1,0xa1,0x29,0x55,0x55,0x55,0x03,0x00,0x00,0x00,0x00,0x00,0x00,0x00,0x00,
    0x00,0x00,0x00,0x00,0x00,0x00,0x00,0x00,0x00,0x00,0x00,0x00,0x00,0x00,0x00,0x00,
    0x00,0x00,0x00,0x00,0x00,0x00,0x00,0x00,0x00,0x00,0x00,0x00,0x00,0x00,0x00,0x00,
    0x00,0x00,0x00,0x00,0x00,0x00,0x00,0x00,0x00,0x00,0x00,0x00,0x00,0x00,0x00,0x00,
    0x00,0x00,0x00,0x00,0x00,0x00,0x00,0x00,0x00,0x00,0x00,0x00,0x00,0x00,0x00,0x00,
    0x00,0x00,0x00,0x00,0x00,0x00,0x00,0x00,0x00,0x00,0x00,0x00,0x00,0x00,0x00,0x00,
    0x00,0x00,0x00,0x00,0x00,0x00,0x00,0x00,0x00,0x00,0x00,0x00,0x00,0x00,0x00,0x00,
    0x00,0x00,0x00,0x00,0x00,0x00,0x00,0x00,0x00,0x00,0x00,0x00,0x00,0x00,0x00,0x00,
    0x00,0x00,0x00,0x00,0x00,0x00,0x00,0x00,0x00,0x00,0x00,0x00,0x00,0x00,0x00,0x00,
    0x00,0x00,0x00,0x00,0x00,0x00,0x00,0x00,0x00,0x00,0x00,0x00,0x00,0x00,0x00,0x00,
    0x00,0x00,0x00,0x00,0x00,0x00,0x00,0x00,0x00,0x00,0x00,0x00,0x00,0x00,0x00,0x00,
    0x00,0x00,0x00,0x00,0x00,0x00,0x00,0x00,0x00,0x00,0x00,0x00,0x00,0x00,0x00,0x00,
    0x00,0x00,0x00,0x00,0x00,0x00,0x00,0x00,0x00,0x00,0x00,0x00,0x00,0x00,0x00,0x00,
    0x00,0x00,0x00,0x00,0x00,0x00,0x00,0x00,0x00,0x00,0x00,0x00,0x00,0x00,0x00,0x00,
    0x00,0x00,0x00,0x00,0x00,0x00,0x00,0x00,0x00,0x00,0x00,0x00,0xdf,0xaf,0x2f,0x10,
    0xe8,0xa7,0x0e,0x7e,0xee,0xa9,0x03,0xef,0xf9,0xb0,0x00,0xff,0xf1,0xaa,0x00,0xff,
    0xf1,0xaa,0x00,0xff,0xf1,0xaa,0x00,0xff,0xf1,0xaa,0x00,0xff,0xf1,0xaa,0x00,0xff,
    0xf1,0xaa,0x00,0xff,0xf1,0xaa,0x00,0xff,0xf1,0xaa,0x00,0xff,0xf1,0xaa,0x00,0xff,
    0xf1,0xaa,0x00,0xff,0xf1,0xaa,0x00,0xff,0xf1,0xaa,0x00,0xff,0xf1,0xaa,0x00,0xff,
    0xf1,0xaa,0x00,0xff,0xf1,0xaa,0x00,0xff,0xf1,0xaa,0x00,0xff,0xf1,0xaa,0x00,0xff,
    0xf1,0xaa,0x00,0xff,0xf1,0xaa,0x00,0xff,0xf1,0xaa,0x00,0xff,0xf1,0xaa,0x00,0xff,
    0xf1,0xaa,0x00,0xff,0xf1,0xaa,0x00,0xff,0xf1,0xaa,0x00,0xff,0xf1,0xaa,0x00,0xff,
    0xf1,0xaa,0x00,0xff,0xf1,0xaa,0x00,0xff,0xf1,0xaa,0x00,0xff,0xf1,0xaa,0x00,0xff,
    0xf1,0xaa,0x00,0xff,0xf1,0xaa,0x00,0xff,0xf1,0xaa,0x00,0xff,0xf1,0xaa,0x00,0xff,
    0xf1,0xaa,0x00,0xff,0xf1,0xaa,0x00,0xff,0xf1,0xaa,0x00,0xff,0xf1,0xaa,0x00,0xff,
    0xf1,0xaa,0x00,0xff,0xf1,0xaa,0x00,0xff,0xf1,0xaa,0x00,0xff,0xf2,0xab,0x00,0xff,
    0xf4,0xad,0x00,0xff,0xe8,0xac,0x13,0x5a,0xd0,0xa2,0x2e,0x0b,0x00,0x00,0x00,0x00,
    0x00,0x00,0x00,0x00,0x00,0x00,0x00,0x00,0x00,0x00,0x00,0x00,0x00,0x00,0x00,0x00,
    0x00,0x00,0x00,0x00,0x00,0x00,0x00,0x00,0x00,0x00,0x00,0x00,0x00,0x00,0x00,0x00,
    0x00,0x00,0x00,0x00,0x00,0x00,0x00,0x00,0x00,0x00,0x00,0x00,0x00,0x00,0x00,0x00,
    0x00,0x00,0x00,0x00,0x00,0x00,0x00,0x00,0x8d,0x8d,0x8d,0x09,0xa2,0xa2,0xa2,0x2c,
    0xa3,0xa3,0xa3,0x54,0xa2,0xa2,0xa2,0x58,0x9f,0x9f,0x9f,0x58,0x9f,0x9f,0x9f,0x5b,
    0xa2,0xa2,0xa2,0x4d,0xa1,0xa1,0xa1,0x26,0x7f,0x7f,0x7f,0x04,0x00,0x00,0x00,0x00,
    0x00,0x00,0x00,0x00,0x00,0x00,0x00,0x00,0x00,0x00,0x00,0x00,0x00,0x00,0x00,0x00,
    0x00,0x00,0x00,0x00,0x00,0x00,0x00,0x00,0x00,0x00,0x00,0x00,0x00,0x00,0x00,0x00,
    0x00,0x00,0x00,0x00,0x00,0x00,0x00,0x00,0x00,0x00,0x00,0x00,0x00,0x00,0x00,0x00,
    0x00,0x00,0x00,0x00,0x00,0x00,0x00,0x00,0x00,0x00,0x00,0x00,0x00,0x00,0x00,0x00,
    0x00,0x00,0x00,0x00,0x00,0x00,0x00,0x00,0x00,0x00,0x00,0x00,0x00,0x00,0x00,0x00,
    0x00,0x00,0x00,0x00,0x00,0x00,0x00,0x00,0x00,0x00,0x00,0x00,0x00,0x00,0x00,0x00,
    0x00,0x00,0x00,0x00,0x00,0x00,0x00,0x00,0x00,0x00,0x00,0x00,0x00,0x00,0x00,0x00,
    0x00,0x00,0x00,0x00,0x00,0x00,0x00,0x00,0x00,0x00,0x00,0x00,0x00,0x00,0x00,0x00,
    0x00,0x00,0x00,0x00,0x00,0x00,0x00,0x00,0x00,0x00,0x00,0x00,0x00,0x00,0x00,0x00,
    0x00,0x00,0x00,0x00,0x00,0x00,0x00,0x00,0x00,0x00,0x00,0x00,0x00,0x00,0x00,0x00,
    0x00,0x00,0x00,0x00,0x00,0x00,0x00,0x00,0x00,0x00,0x00,0x00,0x00,0x00,0x00,0x00,
    0x00,0x00,0x00,0x00,0x00,0x00,0x00,0x00,0x00,0x00,0x00,0x00,0x00,0x00,0x00,0x00,
    0x00,0x00,0x00,0x00,0x00,0x00,0x00,0x00,0x00,0x00,0x00,0x00,0x00,0x00,0x00,0x00,
    0x00,0x00,0x00,0x00,0x00,0x00,0x00,0x00,0x00,0x00,0x00,0x00,0x00,0x00,0x00,0x00,
    0xc9,0xa1,0x43,0x13,0xe7,0xa6,0x0c,0x90,0xee,0xa8,0x02,0xed,0xf9,0xaf,0x00,0xff,
    0xf1,0xa9,0x00,0xff,0xf1,0xaa,0x00,0xff,0xf1,0xaa,0x00,0xff,0xf1,0xaa,0x00,0xff,
    0xf1,0xaa,0x00,0xff,0xf1,0xaa,0x00,0xff,0xf1,0xaa,0x00,0xff,0xf1,0xaa,0x00,0xff,
    0xf1,0xaa,0x00,0xff,0xf1,0xaa,0x00,0xff,0xf1,0xaa,0x00,0xff,0xf1,0xaa,0x00,0xff,
    0xf1,0xaa,0x00,0xff,0xf1,0xaa,0x00,0xff,0xf1,0xaa,0x00,0xff,0xf1,0xaa,0x00,0xff,
    0xf1,0xaa,0x00,0xff,0xf1,0xaa,0x00,0xff,0xf1,0xaa,0x00,0xff,0xf1,0xaa,0x00,0xff,
    0xf1,0xaa,0x00,0xff,0xf1,0xaa,0x00,0xff,0xf1,0xaa,0x00,0xff,0xf1,0xaa,0x00,0xff,
    0xf1,0xaa,0x00,0xff,0xf1,0xaa,0x00,0xff,0xf1,0xaa,0x00,0xff,0xf1,0xaa,0x00,0xff,
    0xf1,0xaa,0x00,0xff,0xf1,0xaa,0x00,0xff,0xf1,0xaa,0x00,0xff,0xf1,0xaa,0x00,0xff,
    0xf1,0xaa,0x00,0xff,0xf1,0xaa,0x00,0xff,0xf1,0xaa,0x00,0xff,0xf1,0xaa,0x00,0xff,
    0xf1,0xaa,0x00,0xff,0xf1,0xaa,0x00,0xff,0xf1,0xaa,0x00,0xff,0xf2,0xab,0x00,0xff,
    0xf4,0xab,0x00,0xff,0xe9,0xa7,0x0d,0x3a,0x00,0x00,0x00,0x00,0x00,0x00,0x00,0x00,
    0x00,0x00,0x00,0x00,0x00,0x00,0x00,0x00,0x00,0x00,0x00,0x00,0x00,0x00,0x00,0x00,
    0x00,0x00,0x00,0x00,0x00,0x00,0x00,0x00,0x00,0x00,0x00,0x00,0x00,0x00,0x00,0x00,
    0x00,0x00,0x00,0x00,0x00,0x00,0x00,0x00,0x00,0x00,0x00,0x00,0x00,0x00,0x00,0x00,
    0x00,0x00,0x00,0x00,0x8d,0x8d,0x8d,0x09,0xa3,0xa3,0xa3,0x2a,0xa3,0xa3,0xa3,0x56,
    0xa2,0xa2,0xa2,0x58,0xa1,0xa1,0xa1,0x57,0xa1,0xa1,0xa1,0x57,0xa1,0xa1,0xa1,0x57,
    0xa1,0xa1,0xa1,0x5a,0xa0,0xa0,0xa0,0x51,0x9a,0x9a,0x9a,0x21,0x99,0x99,0x99,0x05,
    0x00,0x00,0x00,0x00,0x00,0x00,0x00,0x00,0x00,0x00,0x00,0x00,0x00,0x00,0x00,0x00,
    0x00,0x00,0x00,0x00,0x00,0x00,0x00,0x00,0x00,0x00,0x00,0x00,0x00,0x00,0x00,0x00,
    0x00,0x00,0x00,0x00,0x00,0x00,0x00,0x00,0x00,0x00,0x00,0x00,0x00,0x00,0x00,0x00,
    0x00,0x00,0x00,0x00,0x00,0x00,0x00,0x00,0x00,0x00,0x00,0x00,0x00,0x00,0x00,0x00,
    0x00,0x00,0x00,0x00,0x00,0x00,0x00,0x00,0x00,0x00,0x00,0x00,0x00,0x00,0x00,0x00,
    0x00,0x00,0x00,0x00,0x00,0x00,0x00,0x00,0x00,0x00,0x00,0x00,0x00,0x00,0x00,0x00,
    0x00,0x00,0x00,0x00,0x00,0x00,0x00,0x00,0x00,0x00,0x00,0x00,0x00,0x00,0x00,0x00,
    0x00,0x00,0x00,0x00,0x00,0x00,0x00,0x00,0x00,0x00,0x00,0x00,0x00,0x00,0x00,0x00,
    0x00,0x00,0x00,0x00,0x00,0x00,0x00,0x00,0x00,0x00,0x00,0x00,0x00,0x00,0x00,0x00,
    0x00,0x00,0x00,0x00,0x00,0x00,0x00,0x00,0x00,0x00,0x00,0x00,0x00,0x00,0x00,0x00,
    0x00,0x00,0x00,0x00,0x00,0x00,0x00,0x00,0x00,0x00,0x00,0x00,0x00,0x00,0x00,0x00,
    0x00,0x00,0x00,0x00,0x00,0x00,0x00,0x00,0x00,0x00,0x00,0x00,0x00,0x00,0x00,0x00,
    0x00,0x00,0x00,0x00,0x00,0x00,0x00,0x00,0x00,0x00,0x00,0x00,0x00,0x00,0x00,0x00,
    0x00,0x00,0x00,0x00,0x00,0x00,0x00,0x00,0x00,0x00,0x00,0x00,0x00,0x00,0x00,0x00,
    0x00,0x00,0x00,0x00,0xcf,0xa0,0x42,0x1b,0xe9,0xa8,0x0a,0x97,0xee,0xa8,0x02,0xf4,
    0xf5,0xac,0x00,0xff,0xf0,0xa9,0x00,0xff,0xf0,0xa9,0x00,0xff,0xf0,0xa9,0x00,0xff,
    0xf0,0xa9,0x00,0xff,0xf0,0xa9,0x00,0xff,0xf0,0xa9,0x00,0xff,0xf0,0xa9,0x00,0xff,
    0xf0,0xa9,0x00,0xff,0xf0,0xa9,0x00,0xff,0xf0,0xa9,0x00,0xff,0xf0,0xa9,0x00,0xff,
    0xf0,0xa9,0x00,0xff,0xf0,0xa9,0x00,0xff,0xf0,0xa9,0x00,0xff,0xf0,0xa9,0x00,0xff,
    0xf0,0xa9,0x00,0xff,0xf0,0xa9,0x00,0xff,0xf0,0xa9,0x00,0xff,0xf0,0xa9,0x00,0xff,
    0xf0,0xa9,0x00,0xff,0xf0,0xa9,0x00,0xff,0xf0,0xa9,0x00,0xff,0xf0,0xa9,0x00,0xff,
    0xf0,0xa9,0x00,0xff,0xf0,0xa9,0x00,0xff,0xf0,0xa9,0x00,0xff,0xf0,0xa9,0x00,0xff,
    0xf0,0xa9,0x00,0xff,0xf0,0xa9,0x00,0xff,0xf0,0xa9,0x00,0xff,0xf0,0xa9,0x00,0xff,
    0xf0,0xa9,0x00,0xff,0xf0,0xa9,0x00,0xff,0xf0,0xa9,0x00,0xff,0xf0,0xa9,0x00,0xff,
    0xf0,0xa9,0x00,0xff,0xf0,0xa9,0x00,0xff,0xf0,0xa9,0x00,0xff,0xf0,0xaa,0x00,0xff,
    0xed,0xa7,0x01,0xfc,0xe9,0xa2,0x00,0x24,0x00,0x00,0x00,0x00,0x00,0x00,0x00,0x00,
    0x00,0x00,0x00,0x00,0x00,0x00,0x00,0x00,0x00,0x00,0x00,0x00,0x00,0x00,0x00,0x00,
    0x00,0x00,0x00,0x00,0x00,0x00,0x00,0x00,0x00,0x00,0x00,0x00,0x00,0x00,0x00,0x00,
    0x00,0x00,0x00,0x00,0x00,0x00,0x00,0x00,0x00,0x00,0x00,0x00,0x00,0x00,0x00,0x00,
    0xaa,0xaa,0xaa,0x06,0xa4,0xa4,0xa4,0x2d,0xa3,0xa3,0xa3,0x56,0x9f,0x9f,0x9f,0x58,
    0xa1,0xa1,0xa1,0x57,0xa1,0xa1,0xa1,0x57,0xa1,0xa1,0xa1,0x57,0xa1,0xa1,0xa1,0x57,
    0xa1,0xa1,0xa1,0x57,0x9f,0x9f,0x9f,0x58,0x9f,0x9f,0x9f,0x55,0xa1,0xa1,0xa1,0x1e,
    0x7f,0x7f,0x7f,0x04,0x00,0x00,0x00,0x00,0x00,0x00,0x00,0x00,0x00,0x00,0x00,0x00,
    0x00,0x00,0x00,0x00,0x00,0x00,0x00,0x00,0x00,0x00,0x00,0x00,0x00,0x00,0x00,0x00,
    0x00,0x00,0x00,0x00,0x00,0x00,0x00,0x00,0x00,0x00,0x00,0x00,0x00,0x00,0x00,0x00,
    0x00,0x00,0x00,0x00,0x00,0x00,0x00,0x00,0x00,0x00,0x00,0x00,0x00,0x00,0x00,0x00,
    0x00,0x00,0x00,0x00,0x00,0x00,0x00,0x00,0x00,0x00,0x00,0x00,0x00,0x00,0x00,0x00,
    0x00,0x00,0x00,0x00,0x00,0x00,0x00,0x00,0x00,0x00,0x00,0x00,0x00,0x00,0x00,0x00,
    0x00,0x00,0x00,0x00,0x00,0x00,0x00,0x00,0x00,0x00,0x00,0x00,0x00,0x00,0x00,0x00,
    0x00,0x00,0x00,0x00,0x00,0x00,0x00,0x00,0x00,0x00,0x00,0x00,0x00,0x00,0x00,0x00,
    0x00,0x00,0x00,0x00,0x00,0x00,0x00,0x00,0x00,0x00,0x00,0x00,0x00,0x00,0x00,0x00,
    0x00,0x00,0x00,0x00,0x00,0x00,0x00,0x00,0x00,0x00,0x00,0x00,0x00,0x00,0x00,0x00,
    0x00,0x00,0x00,0x00,0x00,0x00,0x00,0x00,0x00,0x00,0x00,0x00,0x00,0x00,0x00,0x00,
    0x00,0x00,0x00,0x00,0x00,0x00,0x00,0x00,0x00,0x00,0x00,0x00,0x00,0x00,0x00,0x00,
    0x00,0x00,0x00,0x00,0x00,0x00,0x00,0x00,0x00,0x00,0x00,0x00,0x00,0x00,0x00,0x00,
    0x00,0x00,0x00,0x00,0x00,0x00,0x00,0x00,0x00,0x00,0x00,0x00,0x00,0x00,0x00,0x00,
    0x00,0x00,0x00,0x00,0x00,0x00,0x00,0x00,0xd6,0xa1,0x2e,0x26,0xe7,0xa5,0x0d,0x97,
    0xee,0xa7,0x00,0xff,0xf0,0xa9,0x00,0xff,0xef,0xa8,0x00,0xff,0xef,0xa8,0x00,0xff,
    0xef,0xa8,0x00,0xff,0xef,0xa8,0x00,0xff,0xef,0xa8,0x00,0xff,0xef,0xa8,0x00,0xff,
    0xef,0xa8,0x00,0xff,0xef,0xa8,0x00,0xff,0xef,0xa8,0x00,0xff,0xef,0xa8,0x00,0xff,
    0xef,0xa8,0x00,0xff,0xef,0xa8,0x00,0xff,0xef,0xa8,0x00,0xff,0xef,0xa8,0x00,0xff,
    0xef,0xa8,0x00,0xff,0xef,0xa8,0x00,0xff,0xef,0xa8,0x00,0xff,0xef,0xa8,0x00,0xff,
    0xef,0xa8,0x00,0xff,0xef,0xa8,0x00,0xff,0xef,0xa8,0x00,0xff,0xef,0xa8,0x00,0xff,
    0xef,0xa8,0x00,0xff,0xef,0xa8,0x00,0xff,0xef,0xa8,0x00,0xff,0xef,0xa8,0x00,0xff,
    0xef,0xa8,0x00,0xff,0xef,0xa8,0x00,0xff,0xef,0xa8,0x00,0xff,0xef,0xa8,0x00,0xff,
    0xef,0xa8,0x00,0xff,0xef,0xa8,0x00,0xff,0xef,0xa8,0x00,0xff,0xef,0xa8,0x00,0xff,
    0xef,0xa8,0x00,0xff,0xef,0xa8,0x00,0xff,0xf0,0xa8,0x00,0xff,0xee,0xa8,0x01,0xff,
    0xeb,0xa8,0x07,0xe8,0xe6,0xac,0x08,0x1f,0x00,0x00,0x00,0x00,0x00,0x00,0x00,0x00,
    0x00,0x00,0x00,0x00,0x00,0x00,0x00,0x00,0x00,0x00,0x00,0x00,0x00,0x00,0x00,0x00,
    0x00,0x00,0x00,0x00,0x00,0x00,0x00,0x00,0x00,0x00,0x00,0x00,0x00,0x00,0x00,0x00,
    0x00,0x00,0x00,0x00,0x00,0x00,0x00,0x00,0x00,0x00,0x00,0x00,0x55,0x55,0x55,0x03,
    0x9e,0x9e,0x9e,0x32,0xa0,0xa0,0xa0,0x54,0xa2,0xa2,0xa2,0x58,0xa1,0xa1,0xa1,0x57,
    0xa1,0xa1,0xa1,0x57,0xa1,0xa1,0xa1,0x57,0xa1,0xa1,0xa1,0x57,0xa1,0xa1,0xa1,0x57,
    0xa1,0xa1,0xa1,0x57,0xa1,0xa1,0xa1,0x57,0xa1,0xa1,0xa1,0x57,0xa0,0xa0,0xa0,0x54,
    0x9a,0x9a,0x9a,0x21,0xaa,0xaa,0xaa,0x03,0x00,0x00,0x00,0x00,0x00,0x00,0x00,0x00,
    0x00,0x00,0x00,0x00,0x00,0x00,0x00,0x00,0x00,0x00,0x00,0x00,0x00,0x00,0x00,0x00,
    0x00,0x00,0x00,0x00,0x00,0x00,0x00,0x00,0x00,0x00,0x00,0x00,0x00,0x00,0x00,0x00,
    0x00,0x00,0x00,0x00,0x00,0x00,0x00,0x00,0x00,0x00,0x00,0x00,0x00,0x00,0x00,0x00,
    0x00,0x00,0x00,0x00,0x00,0x00,0x00,0x00,0x00,0x00,0x00,0x00,0x00,0x00,0x00,0x00,
    0x00,0x00,0x00,0x00,0x00,0x00,0x00,0x00,0x00,0x00,0x00,0x00,0x00,0x00,0x00,0x00,
    0x00,0x00,0x00,0x00,0x00,0x00,0x00,0x00,0x00,0x00,0x00,0x00,0x00,0x00,0x00,0x00,
    0x00,0x00,0x00,0x00,0x00,0x00,0x00,0x00,0x00,0x00,0x00,0x00,0x00,0x00,0x00,0x00,
    0x00,0x00,0x00,0x00,0x00,0x00,0x00,0x00,0x00,0x00,0x00,0x00,0x00,0x00,0x00,0x00,
    0x00,0x00,0x00,0x00,0x00,0x00,0x00,0x00,0x00,0x00,0x00,0x00,0x00,0x00,0x00,0x00,
    0x00,0x00,0x00,0x00,0x00,0x00,0x00,0x00,0x00,0x00,0x00,0x00,0x00,0x00,0x00,0x00,
    0x00,0x00,0x00,0x00,0x00,0x00,0x00,0x00,0x00,0x00,0x00,0x00,0x00,0x00,0x00,0x00,
    0x00,0x00,0x00,0x00,0x00,0x00,0x00,0x00,0x00,0x00,0x00,0x00,0x00,0x00,0x00,0x00,
    0x00,0x00,0x00,0x00,0x00,0x00,0x00,0x00,0x00,0x00,0x00,0x00,0x00,0x00,0x00,0x00,
    0x00,0x00,0x00,0x00,0x00,0x00,0x00,0x00,0x00,0x00,0x00,0x00,0xdf,0xa5,0x26,0x28,
    0xe6,0xa5,0x12,0x9a,0xf6,0xac,0x00,0xff,0xef,0xa8,0x00,0xff,0xef,0xa8,0x00,0xff,
    0xef,0xa8,0x00,0xff,0xef,0xa8,0x00,0xff,0xef,0xa8,0x00,0xff,0xef,0xa8,0x00,0xff,
    0xef,0xa8,0x00,0xff,0xef,0xa8,0x00,0xff,0xef,0xa8,0x00,0xff,0xef,0xa8,0x00,0xff,
    0xef,0xa8,0x00,0xff,0xef,0xa8,0x00,0xff,0xef,0xa8,0x00,0xff,0xef,0xa8,0x00,0xff,
    0xef,0xa8,0x00,0xff,0xef,0xa8,0x00,0xff,0xef,0xa8,0x00,0xff,0xef,0xa8,0x00,0xff,
    0xef,0xa8,0x00,0xff,0xef,0xa8,0x00,0xff,0xef,0xa8,0x00,0xff,0xef,0xa8,0x00,0xff,
    0xef,0xa8,0x00,0xff,0xef,0xa8,0x00,0xff,0xef,0xa8,0x00,0xff,0xef,0xa8,0x00,0xff,
    0xef,0xa8,0x00,0xff,0xef,0xa8,0x00,0xff,0xef,0xa8,0x00,0xff,0xef,0xa8,0x00,0xff,
    0xef,0xa8,0x00,0xff,0xef,0xa8,0x00,0xff,0xef,0xa8,0x00,0xff,0xef,0xa8,0x00,0xff,
    0xef,0xa8,0x00,0xff,0xef,0xa8,0x00,0xff,0xf1,0xa9,0x00,0xff,0xee,0xa7,0x01,0xfc,
    0xe9,0xa8,0x0d,0xd1,0xe3,0xa3,0x12,0x1c,0x00,0x00,0x00,0x00,0x00,0x00,0x00,0x00,
    0x00,0x00,0x00,0x00,0x00,0x00,0x00,0x00,0x00,0x00,0x00,0x00,0x00,0x00,0x00,0x00,
    0x00,0x00,0x00,0x00,0x00,0x00,0x00,0x00,0x00,0x00,0x00,0x00,0x00,0x00,0x00,0x00,
    0x00,0x00,0x00,0x00,0x00,0x00,0x00,0x00,0x7f,0x7f,0x7f,0x02,0xa1,0xa1,0xa1,0x34,
    0xa0,0xa0,0xa0,0x51,0x9f,0x9f,0x9f,0x58,0xa1,0xa1,0xa1,0x57,0xa1,0xa1,0xa1,0x57,
    0xa1,0xa1,0xa1,0x57,0xa1,0xa1,0xa1,0x57,0xa1,0xa1,0xa1,0x57,0xa1,0xa1,0xa1,0x57,
    0xa1,0xa1,0xa1,0x57,0xa1,0xa1,0xa1,0x57,0xa1,0xa1,0xa1,0x57,0x9f,0x9f,0x9f,0x58,
    0xa2,0xa2,0xa2,0x50,0x9e,0x9e,0x9e,0x25,0x7f,0x7f,0x7f,0x02,0x00,0x00,0x00,0x00,
    0x00,0x00,0x00,0x00,0x00,0x00,0x00,0x00,0x00,0x00,0x00,0x00,0x00,0x00,0x00,0x00,
    0x00,0x00,0x00,0x00,0x00,0x00,0x00,0x00,0x00,0x00,0x00,0x00,0x00,0x00,0x00,0x00,
    0x00,0x00,0x00,0x00,0x00,0x00,0x00,0x00,0x00,0x00,0x00,0x00,0x00,0x00,0x00,0x00,
    0x00,0x00,0x00,0x00,0x00,0x00,0x00,0x00,0x00,0x00,0x00,0x00,0x00,0x00,0x00,0x00,
    0x00,0x00,0x00,0x00,0x00,0x00,0x00,0x00,0x00,0x00,0x00,0x00,0x00,0x00,0x00,0x00,
    0x00,0x00,0x00,0x00,0x00,0x00,0x00,0x00,0x00,0x00,0x00,0x00,0x00,0x00,0x00,0x00,
    0x00,0x00,0x00,0x00,0x00,0x00,0x00,0x00,0x00,0x00,0x00,0x00,0x00,0x00,0x00,0x00,
    0x00,0x00,0x00,0x00,0x00,0x00,0x00,0x00,0x00,0x00,0x00,0x00,0x00,0x00,0x00,0x00,
    0x00,0x00,0x00,0x00,0x00,0x00,0x00,0x00,0x00,0x00,0x00,0x00,0x00,0x00,0x00,0x00,
    0x00,0x00,0x00,0x00,0x00,0x00,0x00,0x00,0x00,0x00,0x00,0x00,0x00,0x00,0x00,0x00,
    0x00,0x00,0x00,0x00,0x00,0x00,0x00,0x00,0x00,0x00,0x00,0x00,0x00,0x00,0x00,0x00,
    0x00,0x00,0x00,0x00,0x00,0x00,0x00,0x00,0x00,0x00,0x00,0x00,0x00,0x00,0x00,0x00,
    0x00,0x00,0x00,0x00,0x00,0x00,0x00,0x00,0x00,0x00,0x00,0x00,0x00,0x00,0x00,0x00,
    0x00,0x00,0x00,0x00,0x00,0x00,0x00,0x00,0x00,0x00,0x00,0x00,0x00,0x00,0x00,0x00,
    0xe1,0xab,0x1d,0x2b,0xe5,0xa6,0x12,0xa8,0xf3,0xaa,0x00,0xff,0xf1,0xa9,0x00,0xff,
    0xee,0xa7,0x00,0xff,0xee,0xa7,0x00,0xff,0xee,0xa7,0x00,0xff,0xee,0xa7,0x00,0xff,
    0xee,0xa7,0x00,0xff,0xee,0xa7,0x00,0xff,0xee,0xa7,0x00,0xff,0xee,0xa7,0x00,0xff,
    0xee,0xa7,0x00,0xff,0xee,0xa7,0x00,0xff,0xee,0xa7,0x00,0xff,0xee,0xa7,0x00,0xff,
    0xee,0xa7,0x00,0xff,0xee,0xa7,0x00,0xff,0xee,0xa7,0x00,0xff,0xee,0xa7,0x00,0xff,
    0xee,0xa7,0x00,0xff,0xee,0xa7,0x00,0xff,0xee,0xa7,0x00,0xff,0xee,0xa7,0x00,0xff,
    0xee,0xa7,0x00,0xff,0xee,0xa7,0x00,0xff,0xee,0xa7,0x00,0xff,0xee,0xa7,0x00,0xff,
    0xee,0xa7,0x00,0xff,0xee,0xa7,0x00,0xff,0xee,0xa7,0x00,0xff,0xee,0xa7,0x00,0xff,
    0xee,0xa7,0x00,0xff,0xee,0xa7,0x00,0xff,0xee,0xa7,0x00,0xff,0xee,0xa7,0x00,0xff,
    0xee,0xa7,0x00,0xff,0xee,0xa7,0x00,0xff,0xf0,0xa9,0x00,0xff,0xed,0xa7,0x01,0xfa,
    0xe6,0xa6,0x12,0xb8,0xe9,0xaa,0x15,0x18,0x00,0x00,0x00,0x00,0x00,0x00,0x00,0x00,
    0x00,0x00,0x00,0x00,0x00,0x00,0x00,0x00,0x00,0x00,0x00,0x00,0x00,0x00,0x00,0x00,
    0x00,0x00,0x00,0x00,0x00,0x00,0x00,0x00,0x00,0x00,0x00,0x00,0x00,0x00,0x00,0x00,
    0x00,0x00,0x00,0x00,0x7f,0x7f,0x7f,0x04,0xa3,0xa3,0xa3,0x32,0xa5,0xa5,0xa5,0x50,
    0xa0,0xa0,0xa0,0x59,0xa1,0xa1,0xa1,0x57,0xa1,0xa1,0xa1,0x57,0xa1,0xa1,0xa1,0x57,
    0xa1,0xa1,0xa1,0x57,0xa1,0xa1,0xa1,0x57,0xa1,0xa1,0xa1,0x57,0xa1,0xa1,0xa1,0x57,
    0xa1,0xa1,0xa1,0x57,0xa1,0xa1,0xa1,0x57,0xa1,0xa1,0xa1,0x57,0xa1,0xa1,0xa1,0x57,
    0xa1,0xa1,0xa1,0x5a,0x9e,0x9e,0x9e,0x4d,0xa3,0xa3,0xa3,0x27,0x7f,0x7f,0x7f,0x02,
    0x00,0x00,0x00,0x00,0x00,0x00,0x00,0x00,0x00,0x00,0x00,0x00,0x00,0x00,0x00,0x00,
    0x00,0x00,0x00,0x00,0x00,0x00,0x00,0x00,0x00,0x00,0x00,0x00,0x00,0x00,0x00,0x00,
    0x00,0x00,0x00,0x00,0x00,0x00,0x00,0x00,0x00,0x00,0x00,0x00,0x00,0x00,0x00,0x00,
    0x00,0x00,0x00,0x00,0x00,0x00,0x00,0x00,0x00,0x00,0x00,0x00,0x00,0x00,0x00,0x00,
    0x00,0x00,0x00,0x00,0x00,0x00,0x00,0x00,0x00,0x00,0x00,0x00,0x00,0x00,0x00,0x00,
    0x00,0x00,0x00,0x00,0x00,0x00,0x00,0x00,0x00,0x00,0x00,0x00,0x00,0x00,0x00,0x00,
    0x00,0x00,0x00,0x00,0x00,0x00,0x00,0x00,0x00,0x00,0x00,0x00,0x00,0x00,0x00,0x00,
    0x00,0x00,0x00,0x00,0x00,0x00,0x00,0x00,0x00,0x00,0x00,0x00,0x00,0x00,0x00,0x00,
    0x00,0x00,0x00,0x00,0x00,0x00,0x00,0x00,0x00,0x00,0x00,0x00,0x00,0x00,0x00,0x00,
    0x00,0x00,0x00,0x00,0x00,0x00,0x00,0x00,0x00,0x00,0x00,0x00,0x00,0x00,0x00,0x00,
    0x00,0x00,0x00,0x00,0x00,0x00,0x00,0x00,0x00,0x00,0x00,0x00,0x00,0x00,0x00,0x00,
    0x00,0x00,0x00,0x00,0x00,0x00,0x00,0x00,0x00,0x00,0x00,0x00,0x00,0x00,0x00,0x00,
    0x00,0x00,0x00,0x00,0x00,0x00,0x00,0x00,0x00,0x00,0x00,0x00,0x00,0x00,0x00,0x00,
    0x00,0x00,0x00,0x00,0x00,0x00,0x00,0x00,0x00,0x00,0x00,0x00,0x00,0x00,0x00,0x00,
    0x00,0x00,0x00,0x00,0xda,0xa1,0x1f,0x31,0xe4,0xa5,0x0d,0xb9,0xec,0xa5,0x01,0xfe,
    0xf3,0xaa,0x00,0xff,0xed,0xa6,0x00,0xfe,0xed,0xa6,0x00,0xff,0xed,0xa6,0x00,0xff,
    0xed,0xa6,0x00,0xff,0xed,0xa6,0x00,0xff,0xed,0xa6,0x00,0xff,0xed,0xa6,0x00,0xff,
    0xed,0xa6,0x00,0xff,0xed,0xa6,0x00,0xff,0xed,0xa6,0x00,0xff,0xed,0xa6,0x00,0xff,
    0xed,0xa6,0x00,0xff,0xed,0xa6,0x00,0xff,0xed,0xa6,0x00,0xff,0xed,0xa6,0x00,0xff,
    0xed,0xa6,0x00,0xff,0xed,0xa6,0x00,0xff,0xed,0xa6,0x00,0xff,0xed,0xa6,0x00,0xff,
    0xed,0xa6,0x00,0xff,0xed,0xa6,0x00,0xff,0xed,0xa6,0x00,0xff,0xed,0xa6,0x00,0xff,
    0xed,0xa6,0x00,0xff,0xed,0xa6,0x00,0xff,0xed,0xa6,0x00,0xff,0xed,0xa6,0x00,0xff,
    0xed,0xa6,0x00,0xff,0xed,0xa6,0x00,0xff,0xed,0xa6,0x00,0xff,0xed,0xa6,0x00,0xff,
    0xed,0xa6,0x00,0xff,0xed,0xa6,0x00,0xff,0xf0,0xa8,0x00,0xff,0xec,0xa6,0x01,0xf7,
    0xe1,0xa6,0x16,0x9e,0xe5,0xa5,0x19,0x14,0x00,0x00,0x00,0x00,0x00,0x00,0x00,0x00,
    0x00,0x00,0x00,0x00,0x00,0x00,0x00,0x00,0x00,0x00,0x00,0x00,0x00,0x00,0x00,0x00,
    0x00,0x00,0x00,0x00,0x00,0x00,0x00,0x00,0x00,0x00,0x00,0x00,0x00,0x00,0x00,0x00,
    0x7f,0x7f,0x7f,0x08,0x9e,0x9e,0x9e,0x2d,0xa2,0xa2,0xa2,0x53,0xa2,0xa2,0xa2,0x58,
    0x9f,0x9f,0x9f,0x58,0xa1,0xa1,0xa1,0x57,0xa1,0xa1,0xa1,0x57,0xa1,0xa1,0xa1,0x57,
    0xa1,0xa1,0xa1,0x57,0xa1,0xa1,0xa1,0x57,0xa1,0xa1,0xa1,0x57,0xa1,0xa1,0xa1,0x57,
    0xa1,0xa1,0xa1,0x57,0xa1,0xa1,0xa1,0x57,0xa1,0xa1,0xa1,0x57,0xa1,0xa1,0xa1,0x57,
    0xa1,0xa1,0xa1,0x57,0x9f,0x9f,0x9f,0x5b,0xa1,0xa1,0xa1,0x4c,0xa1,0xa1,0xa1,0x26,
    0xff,0xff,0xff,0x02,0x00,0x00,0x00,0x00,0x00,0x00,0x00,0x00,0x00,0x00,0x00,0x00,
    0x00,0x00,0x00,0x00,0x00,0x00,0x00,0x00,0x00,0x00,0x00,0x00,0x00,0x00,0x00,0x00,
    0x00,0x00,0x00,0x00,0x00,0x00,0x00,0x00,0x00,0x00,0x00,0x00,0x00,0x00,0x00,0x00,
    0x00,0x00,0x00,0x00,0x00,0x00,0x00,0x00,0x00,0x00,0x00,0x00,0x00,0x00,0x00,0x00,
    0x00,0x00,0x00,0x00,0x00,0x00,0x00,0x00,0x00,0x00,0x00,0x00,0x00,0x00,0x00,0x00,
    0x00,0x00,0x00,0x00,0x00,0x00,0x00,0x00,0x00,0x00,0x00,0x00,0x00,0x00,0x00,0x00,
    0x00,0x00,0x00,0x00,0x00,0x00,0x00,0x00,0x00,0x00,0x00,0x00,0x00,0x00,0x00,0x00,
    0x00,0x00,0x00,0x00,0x00,0x00,0x00,0x00,0x00,0x00,0x00,0x00,0x00,0x00,0x00,0x00,
    0x00,0x00,0x00,0x00,0x00,0x00,0x00,0x00,0x00,0x00,0x00,0x00,0x00,0x00,0x00,0x00,
    0x00,0x00,0x00,0x00,0x00,0x00,0x00,0x00,0x00,0x00,0x00,0x00,0x00,0x00,0x00,0x00,
    0x00,0x00,0x00,0x00,0x00,0x00,0x00,0x00,0x00,0x00,0x00,0x00,0x00,0x00,0x00,0x00,
    0x00,0x00,0x00,0x00,0x00,0x00,0x00,0x00,0x00,0x00,0x00,0x00,0x00,0x00,0x00,0x00,
    0x00,0x00,0x00,0x00,0x00,0x00,0x00,0x00,0x00,0x00,0x00,0x00,0x00,0x00,0x00,0x00,
    0x00,0x00,0x00,0x00,0x00,0x00,0x00,0x00,0x00,0x00,0x00,0x00,0x00,0x00,0x00,0x00,
    0x00,0x00,0x00,0x00,0x00,0x00,0x00,0x00,0xd9,0xa4,0x20,0x3e,0xe7,0xa5,0x0a,0xc2,
    0xec,0xa5,0x02,0xfd,0xf2,0xa9,0x00,0xff,0xed,0xa5,0x00,0xff,0xed,0xa6,0x00,0xff,
    0xed,0xa6,0x00,0xff,0xed,0xa6,0x00,0xff,0xed,0xa6,0x00,0xff,0xed,0xa6,0x00,0xff,
    0xed,0xa6,0x00,0xff,0xed,0xa6,0x00,0xff,0xed,0xa6,0x00,0xff,0xed,0xa6,0x00,0xff,
    0xed,0xa6,0x00,0xff,0xed,0xa6,0x00,0xff,0xed,0xa6,0x00,0xff,0xed,0xa6,0x00,0xff,
    0xed,0xa6,0x00,0xff,0xed,0xa6,0x00,0xff,0xed,0xa6,0x00,0xff,0xed,0xa6,0x00,0xff,
    0xed,0xa6,0x00,0xff,0xed,0xa6,0x00,0xff,0xed,0xa6,0x00,0xff,0xed,0xa6,0x00,0xff,
    0xed,0xa6,0x00,0xff,0xed,0xa6,0x00,0xff,0xed,0xa6,0x00,0xff,0xed,0xa6,0x00,0xff,
    0xed,0xa6,0x00,0xff,0xed,0xa6,0x00,0xff,0xed,0xa6,0x00,0xff,0xed,0xa6,0x00,0xff,
    0xed,0xa6,0x00,0xff,0xed,0xa6,0x00,0xff,0xf0,0xa8,0x00,0xff,0xec,0xa5,0x01,0xf5,
    0xe1,0xa5,0x19,0x80,0xdf,0x9f,0x1f,0x10,0x00,0x00,0x00,0x00,0x00,0x00,0x00,0x00,
    0x00,0x00,0x00,0x00,0x00,0x00,0x00,0x00,0x00,0x00,0x00,0x00,0x00,0x00,0x00,0x00,
    0x00,0x00,0x00,0x00,0x00,0x00,0x00,0x00,0x00,0x00,0x00,0x00,0x8d,0x8d,0x8d,0x09,
    0x9d,0x9d,0x9d,0x2a,0xa5,0xa5,0xa5,0x55,0xa2,0xa2,0xa2,0x58,0xa1,0xa1,0xa1,0x57,
    0xa1,0xa1,0xa1,0x57,0xa1,0xa1,0xa1,0x57,0xa1,0xa1,0xa1,0x57,0xa1,0xa1,0xa1,0x57,
    0xa1,0xa1,0xa1,0x57,0xa1,0xa1,0xa1,0x57,0xa1,0xa1,0xa1,0x57,0xa1,0xa1,0xa1,0x57,
    0xa1,0xa1,0xa1,0x57,0xa1,0xa1,0xa1,0x57,0xa1,0xa1,0xa1,0x57,0xa1,0xa1,0xa1,0x57,
    0xa1,0xa1,0xa1,0x57,0xa1,0xa1,0xa1,0x57,0xa1,0xa1,0xa1,0x5a,0xa1,0xa1,0xa1,0x4f,
    0xa2,0xa2,0xa2,0x21,0x66,0x66,0x66,0x05,0x00,0x00,0x00,0x00,0x00,0x00,0x00,0x00,
    0x00,0x00,0x00,0x00,0x00,0x00,0x00,0x00,0x00,0x00,0x00,0x00,0x00,0x00,0x00,0x00,
    0x00,0x00,0x00,0x00,0x00,0x00,0x00,0x00,0x00,0x00,0x00,0x00,0x00,0x00,0x00,0x00,
    0x00,0x00,0x00,0x00,0x00,0x00,0x00,0x00,0x00,0x00,0x00,0x00,0x00,0x00,0x00,0x00,
    0x00,0x00,0x00,0x00,0x00,0x00,0x00,0x00,0x00,0x00,0x00,0x00,0x00,0x00,0x00,0x00,
    0x00,0x00,0x00,0x00,0x00,0x00,0x00,0x00,0x00,0x00,0x00,0x00,0x00,0x00,0x00,0x00,
    0x00,0x00,0x00,0x00,0x00,0x00,0x00,0x00,0x00,0x00,0x00,0x00,0x00,0x00,0x00,0x00,
    0x00,0x00,0x00,0x00,0x00,0x00,0x00,0x00,0x00,0x00,0x00,0x00,0x00,0x00,0x00,0x00,
    0x00,0x00,0x00,0x00,0x00,0x00,0x00,0x00,0x00,0x00,0x00,0x00,0x00,0x00,0x00,0x00,
    0x00,0x00,0x00,0x00,0x00,0x00,0x00,0x00,0x00,0x00,0x00,0x00,0x00,0x00,0x00,0x00,
    0x00,0x00,0x00,0x00,0x00,0x00,0x00,0x00,0x00,0x00,0x00,0x00,0x00,0x00,0x00,0x00,
    0x00,0x00,0x00,0x00,0x00,0x00,0x00,0x00,0x00,0x00,0x00,0x00,0x00,0x00,0x00,0x00,
    0x00,0x00,0x00,0x00,0x00,0x00,0x00,0x00,0x00,0x00,0x00,0x00,0x00,0x00,0x00,0x00,
    0x00,0x00,0x00,0x00,0x00,0x00,0x00,0x00,0x00,0x00,0x00,0x00,0x00,0x00,0x00,0x00,
    0x00,0x00,0x00,0x00,0x00,0x00,0x00,0x00,0x00,0x00,0x00,0x00,0xdf,0xa2,0x1f,0x50,
    0xe9,0xa4,0x09,0xc6,0xed,0xa5,0x02,0xff,0xf0,0xa7,0x00,0xff,0xed,0xa5,0x00,0xff,
    0xed,0xa5,0x00,0xff,0xed,0xa5,0x00,0xff,0xed,0xa5,0x00,0xff,0xed,0xa5,0x00,0xff,
    0xed,0xa5,0x00,0xff,0xed,0xa5,0x00,0xff,0xed,0xa5,0x00,0xff,0xed,0xa5,0x00,0xff,
    0xed,0xa5,0x00,0xff,0xed,0xa5,0x00,0xff,0xed,0xa5,0x00,0xff,0xed,0xa5,0x00,0xff,
    0xed,0xa5,0x00,0xff,0xed,0xa5,0x00,0xff,0xed,0xa5,0x00,0xff,0xed,0xa5,0x00,0xff,
    0xed,0xa5,0x00,0xff,0xed,0xa5,0x00,0xff,0xed,0xa5,0x00,0xff,0xed,0xa5,0x00,0xff,
    0xed,0xa5,0x00,0xff,0xed,0xa5,0x00,0xff,0xed,0xa5,0x00,0xff,0xed,0xa5,0x00,0xff,
    0xed,0xa5,0x00,0xff,0xed,0xa5,0x00,0xff,0xed,0xa5,0x00,0xff,0xed,0xa5,0x00,0xff,
    0xed,0xa5,0x00,0xff,0xed,0xa5,0x00,0xff,0xf1,0xa8,0x00,0xff,0xec,0xa4,0x01,0xf2,
    0xdf,0xa2,0x1c,0x61,0xd0,0xa2,0x2e,0x0b,0x00,0x00,0x00,0x00,0x00,0x00,0x00,0x00,
    0x00,0x00,0x00,0x00,0x00,0x00,0x00,0x00,0x00,0x00,0x00,0x00,0x00,0x00,0x00,0x00,
    0x00,0x00,0x00,0x00,0x00,0x00,0x00,0x00,0xaa,0xaa,0xaa,0x06,0x9d,0x9d,0x9d,0x2a,
    0xa3,0xa3,0xa3,0x56,0x9f,0x9f,0x9f,0x58,0xa1,0xa1,0xa1,0x57,0xa1,0xa1,0xa1,0x57,
    0xa1,0xa1,0xa1,0x57,0xa1,0xa1,0xa1,0x57,0xa1,0xa1,0xa1,0x57,0xa1,0xa1,0xa1,0x57,
    0xa1,0xa1,0xa1,0x57,0xa1,0xa1,0xa1,0x57,0xa1,0xa1,0xa1,0x57,0xa1,0xa1,0xa1,0x57,
    0xa1,0xa1,0xa1,0x57,0xa1,0xa1,0xa1,0x57,0xa1,0xa1,0xa1,0x57,0xa1,0xa1,0xa1,0x57,
    0xa1,0xa1,0xa1,0x57,0xa1,0xa1,0xa1,0x57,0xa1,0xa1,0xa1,0x57,0xa2,0xa2,0xa2,0x58,
    0xa2,0xa2,0xa2,0x53,0xa1,0xa1,0xa1,0x1e,0x99,0x99,0x99,0x05,0x00,0x00,0x00,0x00,
    0x00,0x00,0x00,0x00,0x00,0x00,0x00,0x00,0x00,0x00,0x00,0x00,0x00,0x00,0x00,0x00,
    0x00,0x00,0x00,0x00,0x00,0x00,0x00,0x00,0x00,0x00,0x00,0x00,0x00,0x00,0x00,0x00,
    0x00,0x00,0x00,0x00,0x00,0x00,0x00,0x00,0x00,0x00,0x00,0x00,0x00,0x00,0x00,0x00,
    0x00,0x00,0x00,0x00,0x00,0x00,0x00,0x00,0x00,0x00,0x00,0x00,0x00,0x00,0x00,0x00,
    0x00,0x00,0x00,0x00,0x00,0x00,0x00,0x00,0x00,0x00,0x00,0x00,0x00,0x00,0x00,0x00,
    0x00,0x00,0x00,0x00,0x00,0x00,0x00,0x00,0x00,0x00,0x00,0x00,0x00,0x00,0x00,0x00,
    0x00,0x00,0x00,0x00,0x00,0x00,0x00,0x00,0x00,0x00,0x00,0x00,0x00,0x00,0x00,0x00,
    0x00,0x00,0x00,0x00,0x00,0x00,0x00,0x00,0x00,0x00,0x00,0x00,0x00,0x00,0x00,0x00,
    0x00,0x00,0x00,0x00,0x00,0x00,0x00,0x00,0x00,0x00,0x00,0x00,0x00,0x00,0x00,0x00,
    0x00,0x00,0x00,0x00,0x00,0x00,0x00,0x00,0x00,0x00,0x00,0x00,0x00,0x00,0x00,0x00,
    0x00,0x00,0x00,0x00,0x00,0x00,0x00,0x00,0x00,0x00,0x00,0x00,0x00,0x00,0x00,0x00,
    0x00,0x00,0x00,0x00,0x00,0x00,0x00,0x00,0x00,0x00,0x00,0x00,0x00,0x00,0x00,0x00,
    0x00,0x00,0x00,0x00,0x00,0x00,0x00,0x00,0x00,0x00,0x00,0x00,0x00,0x00,0x00,0x00,
    0x00,0x00,0x00,0x00,0x00,0x00,0x00,0x00,0x00,0x00,0x00,0x00,0x00,0x00,0x00,0x00,
    0xe0,0x9f,0x19,0x5b,0xe7,0xa3,0x09,0xce,0xed,0xa5,0x00,0xff,0xec,0xa4,0x00,0xff,
    0xec,0xa4,0x00,0xff,0xec,0xa4,0x00,0xff,0xec,0xa4,0x00,0xff,0xec,0xa4,0x00,0xff,
    0xec,0xa4,0x00,0xff,0xec,0xa4,0x00,0xff,0xec,0xa4,0x00,0xff,0xec,0xa4,0x00,0xff,
    0xec,0xa4,0x00,0xff,0xec,0xa4,0x00,0xff,0xec,0xa4,0x00,0xff,0xec,0xa4,0x00,0xff,
    0xec,0xa4,0x00,0xff,0xec,0xa4,0x00,0xff,0xec,0xa4,0x00,0xff,0xec,0xa4,0x00,0xff,
    0xec,0xa4,0x00,0xff,0xec,0xa4,0x00,0xff,0xec,0xa4,0x00,0xff,0xec,0xa4,0x00,0xff,
    0xec,0xa4,0x00,0xff,0xec,0xa4,0x00,0xff,0xec,0xa4,0x00,0xff,0xec,0xa4,0x00,0xff,
    0xec,0xa4,0x00,0xff,0xec,0xa4,0x00,0xff,0xec,0xa4,0x00,0xff,0xec,0xa4,0x00,0xff,
    0xec,0xa4,0x00,0xff,0xec,0xa4,0x00,0xff,0xf1,0xa7,0x00,0xff,0xea,0xa4,0x01,0xef,
    0xdf,0xa3,0x1b,0x40,0xd4,0x7f,0x2a,0x06,0x00,0x00,0x00,0x00,0x00,0x00,0x00,0x00,
    0x00,0x00,0x00,0x00,0x00,0x00,0x00,0x00,0x00,0x00,0x00,0x00,0x00,0x00,0x00,0x00,
    0x00,0x00,0x00,0x00,0xaa,0xaa,0xaa,0x03,0x9f,0x9f,0x9f,0x30,0xa3,0xa3,0xa3,0x54,
    0x9f,0x9f,0x9f,0x58,0xa1,0xa1,0xa1,0x57,0xa1,0xa1,0xa1,0x57,0xa1,0xa1,0xa1,0x57,
    0xa1,0xa1,0xa1,0x57,0xa1,0xa1,0xa1,0x57,0xa1,0xa1,0xa1,0x57,0xa1,0xa1,0xa1,0x57,
    0xa1,0xa1,0xa1,0x57,0xa1,0xa1,0xa1,0x57,0xa1,0xa1,0xa1,0x57,0xa1,0xa1,0xa1,0x57,
    0xa1,0xa1,0xa1,0x57,0xa1,0xa1,0xa1,0x57,0xa1,0xa1,0xa1,0x57,0xa1,0xa1,0xa1,0x57,
    0xa1,0xa1,0xa1,0x57,0xa1,0xa1,0xa1,0x57,0xa1,0xa1,0xa1,0x57,0xa1,0xa1,0xa1,0x57,
    0xa1,0xa1,0xa1,0x57,0xa0,0xa0,0xa0,0x54,0x9c,0x9c,0x9c,0x1f,0xaa,0xaa,0xaa,0x03,
    0x00,0x00,0x00,0x00,0x00,0x00,0x00,0x00,0x00,0x00,0x00,0x00,0x00,0x00,0x00,0x00,
    0x00,0x00,0x00,0x00,0x00,0x00,0x00,0x00,0x00,0x00,0x00,0x00,0x00,0x00,0x00,0x00,
    0x00,0x00,0x00,0x00,0x00,0x00,0x00,0x00,0x00,0x00,0x00,0x00,0x00,0x00,0x00,0x00,
    0x00,0x00,0x00,0x00,0x00,0x00,0x00,0x00,0x00,0x00,0x00,0x00,0x00,0x00,0x00,0x00,
    0x00,0x00,0x00,0x00,0x00,0x00,0x00,0x00,0x00,0x00,0x00,0x00,0x00,0x00,0x00,0x00,
    0x00,0x00,0x00,0x00,0x00,0x00,0x00,0x00,0x00,0x00,0x00,0x00,0x00,0x00,0x00,0x00,
    0x00,0x00,0x00,0x00,0x00,0x00,0x00,0x00,0x00,0x00,0x00,0x00,0x00,0x00,0x00,0x00,
    0x00,0x00,0x00,0x00,0x00,0x00,0x00,0x00,0x00,0x00,0x00,0x00,0x00,0x00,0x00,0x00,
    0x00,0x00,0x00,0x00,0x00,0x00,0x00,0x00,0x00,0x00,0x00,0x00,0x00,0x00,0x00,0x00,
    0x00,0x00,0x00,0x00,0x00,0x00,0x00,0x00,0x00,0x00,0x00,0x00,0x00,0x00,0x00,0x00,
    0x00,0x00,0x00,0x00,0x00,0x00,0x00,0x00,0x00,0x00,0x00,0x00,0x00,0x00,0x00,0x00,
    0x00,0x00,0x00,0x00,0x00,0x00,0x00,0x00,0x00,0x00,0x00,0x00,0x00,0x00,0x00,0x00,
    0x00,0x00,0x00,0x00,0x00,0x00,0x00,0x00,0x00,0x00,0x00,0x00,0x00,0x00,0x00,0x00,
    0x00,0x00,0x00,0x00,0x00,0x00,0x00,0x00,0x00,0x00,0x00,0x00,0x00,0x00,0x00,0x00,
    0x00,0x00,0x00,0x00,0xdf,0xa0,0x11,0x59,0xe4,0xa3,0x0a,0xdf,0xef,0xa6,0x00,0xff,
    0xeb,0xa4,0x00,0xff,0xeb,0xa4,0x00,0xff,0xeb,0xa4,0x00,0xff,0xeb,0xa4,0x00,0xff,
    0xeb,0xa4,0x00,0xff,0xeb,0xa4,0x00,0xff,0xeb,0xa4,0x00,0xff,0xeb,0xa4,0x00,0xff,
    0xeb,0xa4,0x00,0xff,0xeb,0xa4,0x00,0xff,0xeb,0xa4,0x00,0xff,0xeb,0xa4,0x00,0xff,
    0xeb,0xa4,0x00,0xff,0xeb,0xa4,0x00,0xff,0xeb,0xa4,0x00,0xff,0xeb,0xa4,0x00,0xff,
    0xeb,0xa4,0x00,0xff,0xeb,0xa4,0x00,0xff,0xeb,0xa4,0x00,0xff,0xeb,0xa4,0x00,0xff,
    0xeb,0xa4,0x00,0xff,0xeb,0xa4,0x00,0xff,0xeb,0xa4,0x00,0xff,0xeb,0xa4,0x00,0xff,
    0xeb,0xa4,0x00,0xff,0xeb,0xa4,0x00,0xff,0xeb,0xa4,0x00,0xff,0xeb,0xa4,0x00,0xff,
    0xeb,0xa4,0x00,0xff,0xeb,0xa4,0x00,0xff,0xf1,0xa8,0x00,0xff,0xea,0xa4,0x00,0xec,
    0xe3,0xad,0x1b,0x1c,0x00,0x00,0x00,0x00,0x00,0x00,0x00,0x00,0x00,0x00,0x00,0x00,
    0x00,0x00,0x00,0x00,0x00,0x00,0x00,0x00,0x00,0x00,0x00,0x00,0x00,0x00,0x00,0x00,
    0x7f,0x7f,0x7f,0x02,0xa6,0xa6,0xa6,0x34,0xa1,0xa1,0xa1,0x52,0x9f,0x9f,0x9f,0x58,
    0xa1,0xa1,0xa1,0x57,0xa1,0xa1,0xa1,0x57,0xa1,0xa1,0xa1,0x57,0xa1,0xa1,0xa1,0x57,
    0xa1,0xa1,0xa1,0x57,0xa1,0xa1,0xa1,0x57,0xa1,0xa1,0xa1,0x57,0xa1,0xa1,0xa1,0x57,
    0xa1,0xa1,0xa1,0x57,0xa1,0xa1,0xa1,0x57,0xa1,0xa1,0xa1,0x57,0xa1,0xa1,0xa1,0x57,
    0xa1,0xa1,0xa1,0x57,0xa1,0xa1,0xa1,0x57,0xa1,0xa1,0xa1,0x57,0xa1,0xa1,0xa1,0x57,
    0xa1,0xa1,0xa1,0x57,0xa1,0xa1,0xa1,0x57,0xa1,0xa1,0xa1,0x57,0xa1,0xa1,0xa1,0x57,
    0xa1,0xa1,0xa1,0x57,0xa1,0xa1,0xa1,0x57,0xa1,0xa1,0xa1,0x52,0xa0,0xa0,0xa0,0x23,
    0x55,0x55,0x55,0x03,0x00,0x00,0x00,0x00,0x00,0x00,0x00,0x00,0x00,0x00,0x00,0x00,
    0x00,0x00,0x00,0x00,0x00,0x00,0x00,0x00,0x00,0x00,0x00,0x00,0x00,0x00,0x00,0x00,
    0x00,0x00,0x00,0x00,0x00,0x00,0x00,0x00,0x00,0x00,0x00,0x00,0x00,0x00,0x00,0x00,
    0x00,0x00,0x00,0x00,0x00,0x00,0x00,0x00,0x00,0x00,0x00,0x00,0x00,0x00,0x00,0x00,
    0x00,0x00,0x00,0x00,0x00,0x00,0x00,0x00,0x00,0x00,0x00,0x00,0x00,0x00,0x00,0x00,
    0x00,0x00,0x00,0x00,0x00,0x00,0x00,0x00,0x00,0x00,0x00,0x00,0x00,0x00,0x00,0x00,
    0x00,0x00,0x00,0x00,0x00,0x00,0x00,0x00,0x00,0x00,0x00,0x00,0x00,0x00,0x00,0x00,
    0x00,0x00,0x00,0x00,0x00,0x00,0x00,0x00,0x00,0x00,0x00,0x00,0x00,0x00,0x00,0x00,
    0x00,0x00,0x00,0x00,0x00,0x00,0x00,0x00,0x00,0x00,0x00,0x00,0x00,0x00,0x00,0x00,
    0x00,0x00,0x00,0x00,0x00,0x00,0x00,0x00,0x00,0x00,0x00,0x00,0x00,0x00,0x00,0x00,
    0x00,0x00,0x00,0x00,0x00,0x00,0x00,0x00,0x00,0x00,0x00,0x00,0x00,0x00,0x00,0x00,
    0x00,0x00,0x00,0x00,0x00,0x00,0x00,0x00,0x00,0x00,0x00,0x00,0x00,0x00,0x00,0x00,
    0x00,0x00,0x00,0x00,0x00,0x00,0x00,0x00,0x00,0x00,0x00,0x00,0x00,0x00,0x00,0x00,
    0x00,0x00,0x00,0x00,0x00,0x00,0x00,0x00,0x00,0x00,0x00,0x00,0x00,0x00,0x00,0x00,
    0x00,0x00,0x00,0x00,0xe2,0xa1,0x0f,0x62,0xe6,0xa2,0x08,0xeb,0xed,0xa5,0x00,0xff,
    0xea,0xa3,0x00,0xff,0xea,0xa3,0x00,0xff,0xea,0xa3,0x00,0xff,0xea,0xa3,0x00,0xff,
    0xea,0xa3,0x00,0xff,0xea,0xa3,0x00,0xff,0xea,0xa3,0x00,0xff,0xea,0xa3,0x00,0xff,
    0xea,0xa3,0x00,0xff,0xea,0xa3,0x00,0xff,0xea,0xa3,0x00,0xff,0xea,0xa3,0x00,0xff,
    0xea,0xa3,0x00,0xff,0xea,0xa3,0x00,0xff,0xea,0xa3,0x00,0xff,0xea,0xa3,0x00,0xff,
    0xea,0xa3,0x00,0xff,0xea,0xa3,0x00,0xff,0xea,0xa3,0x00,0xff,0xea,0xa3,0x00,0xff,
    0xea,0xa3,0x00,0xff,0xea,0xa3,0x00,0xff,0xea,0xa3,0x00,0xff,0xea,0xa3,0x00,0xff,
    0xea,0xa3,0x00,0xff,0xea,0xa3,0x00,0xff,0xea,0xa3,0x00,0xff,0xea,0xa3,0x00,0xff,
    0xea,0xa3,0x00,0xff,0xeb,0xa3,0x00,0xff,0xef,0xa7,0x01,0xff,0xe8,0xa3,0x01,0xe2,
    0xff,0xaa,0x00,0x06,0x00,0x00,0x00,0x00,0x00,0x00,0x00,0x00,0x00,0x00,0x00,0x00,
    0x00,0x00,0x00,0x00,0x00,0x00,0x00,0x00,0x00,0x00,0x00,0x00,0xaa,0xaa,0xaa,0x03,
    0xa0,0xa0,0xa0,0x33,0xa5,0xa5,0xa5,0x50,0xa0,0xa0,0xa0,0x59,0xa1,0xa1,0xa1,0x57,
    0xa1,0xa1,0xa1,0x57,0xa1,0xa1,0xa1,0x57,0xa1,0xa1,0xa1,0x57,0xa1,0xa1,0xa1,0x57,
    0xa1,0xa1,0xa1,0x57,0xa1,0xa1,0xa1,0x57,0xa1,0xa1,0xa1,0x57,0xa1,0xa1,0xa1,0x57,
    0xa1,0xa1,0xa1,0x57,0xa1,0xa1,0xa1,0x57,0xa1,0xa1,0xa1,0x57,0xa1,0xa1,0xa1,0x57,
    0xa1,0xa1,0xa1,0x57,0xa1,0xa1,0xa1,0x57,0xa1,0xa1,0xa1,0x57,0xa1,0xa1,0xa1,0x57,
    0xa1,0xa1,0xa1,0x57,0xa1,0xa1,0xa1,0x57,0xa1,0xa1,0xa1,0x57,0xa1,0xa1,0xa1,0x57,
    0xa1,0xa1,0xa1,0x57,0xa1,0xa1,0xa1,0x57,0xa0,0xa0,0xa0,0x59,0xa2,0xa2,0xa2,0x4d,
    0x9c,0x9c,0x9c,0x27,0x7f,0x7f,0x7f,0x02,0x00,0x00,0x00,0x00,0x00,0x00,0x00,0x00,
    0x00,0x00,0x00,0x00,0x00,0x00,0x00,0x00,0x00,0x00,0x00,0x00,0x00,0x00,0x00,0x00,
    0x00,0x00,0x00,0x00,0x00,0x00,0x00,0x00,0x00,0x00,0x00,0x00,0x00,0x00,0x00,0x00,
    0x00,0x00,0x00,0x00,0x00,0x00,0x00,0x00,0x00,0x00,0x00,0x00,0x00,0x00,0x00,0x00,
    0x00,0x00,0x00,0x00,0x00,0x00,0x00,0x00,0x00,0x00,0x00,0x00,0x00,0x00,0x00,0x00,
    0x00,0x00,0x00,0x00,0x00,0x00,0x00,0x00,0x00,0x00,0x00,0x00,0x00,0x00,0x00,0x00,
    0x00,0x00,0x00,0x00,0x00,0x00,0x00,0x00,0x00,0x00,0x00,0x00,0x00,0x00,0x00,0x00,
    0x00,0x00,0x00,0x00,0x00,0x00,0x00,0x00,0x00,0x00,0x00,0x00,0x00,0x00,0x00,0x00,
    0x00,0x00,0x00,0x00,0x00,0x00,0x00,0x00,0x00,0x00,0x00,0x00,0x00,0x00,0x00,0x00,
    0x00,0x00,0x00,0x00,0x00,0x00,0x00,0x00,0x00,0x00,0x00,0x00,0x00,0x00,0x00,0x00,
    0x00,0x00,0x00,0x00,0x00,0x00,0x00,0x00,0x00,0x00,0x00,0x00,0x00,0x00,0x00,0x00,
    0x00,0x00,0x00,0x00,0x00,0x00,0x00,0x00,0x00,0x00,0x00,0x00,0x00,0x00,0x00,0x00,
    0x00,0x00,0x00,0x00,0x00,0x00,0x00,0x00,0x00,0x00,0x00,0x00,0x00,0x00,0x00,0x00,
    0x00,0x00,0x00,0x00,0x00,0x00,0x00,0x00,0x00,0x00,0x00,0x00,0x00,0x00,0x00,0x00,
    0xe2,0xa2,0x0f,0x61,0xe6,0xa1,0x07,0xcf,0xe9,0xa2,0x01,0xfd,0xeb,0xa3,0x00,0xff,
    0xea,0xa2,0x00,0xff,0xea,0xa2,0x00,0xff,0xea,0xa2,0x00,0xff,0xea,0xa2,0x00,0xff,
    0xea,0xa2,0x00,0xff,0xea,0xa2,0x00,0xff,0xea,0xa2,0x00,0xff,0xea,0xa2,0x00,0xff,
    0xea,0xa2,0x00,0xff,0xea,0xa2,0x00,0xff,0xea,0xa2,0x00,0xff,0xea,0xa2,0x00,0xff,
    0xea,0xa2,0x00,0xff,0xea,0xa2,0x00,0xff,0xea,0xa2,0x00,0xff,0xea,0xa2,0x00,0xff,
    0xea,0xa2,0x00,0xff,0xea,0xa2,0x00,0xff,0xea,0xa2,0x00,0xff,0xea,0xa2,0x00,0xff,
    0xea,0xa2,0x00,0xff,0xea,0xa2,0x00,0xff,0xea,0xa2,0x00,0xff,0xea,0xa2,0x00,0xff,
    0xea,0xa2,0x00,0xff,0xea,0xa2,0x00,0xff,0xea,0xa2,0x00,0xff,0xea,0xa2,0x00,0xff,
    0xea,0xa2,0x00,0xff,0xec,0xa3,0x00,0xff,0xe9,0xa2,0x02,0xff,0xe6,0xa1,0x07,0xd0,
    0xff,0xaa,0x00,0x03,0x00,0x00,0x00,0x00,0x00,0x00,0x00,0x00,0x00,0x00,0x00,0x00,
    0x00,0x00,0x00,0x00,0x00,0x00,0x00,0x00,0x91,0x91,0x91,0x07,0xa6,0xa6,0xa6,0x2e,
    0xa1,0xa1,0xa1,0x52,0xa2,0xa2,0xa2,0x58,0x9f,0x9f,0x9f,0x58,0xa1,0xa1,0xa1,0x57,
    0xa1,0xa1,0xa1,0x57,0xa1,0xa1,0xa1,0x57,0xa1,0xa1,0xa1,0x57,0xa1,0xa1,0xa1,0x57,
    0xa1,0xa1,0xa1,0x57,0xa1,0xa1,0xa1,0x57,0xa1,0xa1,0xa1,0x57,0xa1,0xa1,0xa1,0x57,
    0xa1,0xa1,0xa1,0x57,0xa1,0xa1,0xa1,0x57,0xa1,0xa1,0xa1,0x57,0xa1,0xa1,0xa1,0x57,
    0xa1,0xa1,0xa1,0x57,0xa1,0xa1,0xa1,0x57,0xa1,0xa1,0xa1,0x57,0xa1,0xa1,0xa1,0x57,
    0xa1,0xa1,0xa1,0x57,0xa1,0xa1,0xa1,0x57,0xa1,0xa1,0xa1,0x57,0xa1,0xa1,0xa1,0x57,
    0xa1,0xa1,0xa1,0x57,0xa1,0xa1,0xa1,0x57,0xa1,0xa1,0xa1,0x57,0xa1,0xa1,0xa1,0x5a,
    0xa3,0xa3,0xa3,0x4b,0x9c,0x9c,0x9c,0x27,0x7f,0x7f,0x7f,0x02,0x00,0x00,0x00,0x00,
    0x00,0x00,0x00,0x00,0x00,0x00,0x00,0x00,0x00,0x00,0x00,0x00,0x00,0x00,0x00,0x00,
    0x00,0x00,0x00,0x00,0x00,0x00,0x00,0x00,0x00,0x00,0x00,0x00,0x00,0x00,0x00,0x00,
    0x00,0x00,0x00,0x00,0x00,0x00,0x00,0x00,0x00,0x00,0x00,0x00,0x00,0x00,0x00,0x00,
    0x00,0x00,0x00,0x00,0x00,0x00,0x00,0x00,0x00,0x00,0x00,0x00,0x00,0x00,0x00,0x00,
    0x00,0x00,0x00,0x00,0x00,0x00,0x00,0x00,0x00,0x00,0x00,0x00,0x00,0x00,0x00,0x00,
    0x00,0x00,0x00,0x00,0x00,0x00,0x00,0x00,0x00,0x00,0x00,0x00,0x00,0x00,0x00,0x00,
    0x00,0x00,0x00,0x00,0x00,0x00,0x00,0x00,0x00,0x00,0x00,0x00,0x00,0x00,0x00,0x00,
    0x00,0x00,0x00,0x00,0x00,0x00,0x00,0x00,0x00,0x00,0x00,0x00,0x00,0x00,0x00,0x00,
    0x00,0x00,0x00,0x00,0x00,0x00,0x00,0x00,0x00,0x00,0x00,0x00,0x00,0x00,0x00,0x00,
    0x00,0x00,0x00,0x00,0x00,0x00,0x00,0x00,0x00,0x00,0x00,0x00,0x00,0x00,0x00,0x00,
    0x00,0x00,0x00,0x00,0x00,0x00,0x00,0x00,0x00,0x00,0x00,0x00,0x00,0x00,0x00,0x00,
    0x00,0x00,0x00,0x00,0x00,0x00,0x00,0x00,0x00,0x00,0x00,0x00,0x00,0x00,0x00,0x00,
    0x00,0x00,0x00,0x00,0x00,0x00,0x00,0x00,0x00,0x00,0x00,0x00,0xe0,0x9d,0x10,0x5c,
    0xe5,0xa1,0x06,0xd1,0xed,0xa5,0x02,0xff,0xec,0xa3,0x00,0xff,0xe9,0xa1,0x00,0xff,
    0xea,0xa1,0x00,0xff,0xea,0xa1,0x00,0xff,0xea,0xa1,0x00,0xff,0xea,0xa1,0x00,0xff,
    0xea,0xa1,0x00,0xff,0xea,0xa1,0x00,0xff,0xea,0xa1,0x00,0xff,0xea,0xa1,0x00,0xff,
    0xea,0xa1,0x00,0xff,0xea,0xa1,0x00,0xff,0xea,0xa1,0x00,0xff,0xea,0xa1,0x00,0xff,
    0xea,0xa1,0x00,0xff,0xea,0xa1,0x00,0xff,0xea,0xa1,0x00,0xff,0xea,0xa1,0x00,0xff,
    0xea,0xa1,0x00,0xff,0xea,0xa1,0x00,0xff,0xea,0xa1,0x00,0xff,0xea,0xa1,0x00,0xff,
    0xea,0xa1,0x00,0xff,0xea,0xa1,0x00,0xff,0xea,0xa1,0x00,0xff,0xea,0xa1,0x00,0xff,
    0xea,0xa1,0x00,0xff,0xea,0xa1,0x00,0xff,0xea,0xa1,0x00,0xff,0xea,0xa1,0x00,0xff,
    0xea,0xa1,0x00,0xff,0xec,0xa3,0x00,0xff,0xe8,0xa0,0x03,0xf9,0xe3,0xa0,0x0d,0xba,
    0xff,0xaa,0x00,0x03,0x00,0x00,0x00,0x00,0x00,0x00,0x00,0x00,0x00,0x00,0x00,0x00,
    0xff,0xff,0xff,0x01,0xa2,0xa2,0xa2,0x0b,0xa0,0xa0,0xa0,0x2b,0xa2,0xa2,0xa2,0x55,
    0xa2,0xa2,0xa2,0x58,0xa1,0xa1,0xa1,0x57,0xa1,0xa1,0xa1,0x57,0xa1,0xa1,0xa1,0x57,
    0xa1,0xa1,0xa1,0x57,0xa1,0xa1,0xa1,0x57,0xa1,0xa1,0xa1,0x57,0xa1,0xa1,0xa1,0x57,
    0xa1,0xa1,0xa1,0x57,0xa1,0xa1,0xa1,0x57,0xa1,0xa1,0xa1,0x57,0xa1,0xa1,0xa1,0x57,
    0xa1,0xa1,0xa1,0x57,0xa1,0xa1,0xa1,0x57,0xa1,0xa1,0xa1,0x57,0xa1,0xa1,0xa1,0x57,
    0xa1,0xa1,0xa1,0x57,0xa1,0xa1,0xa1,0x57,0xa1,0xa1,0xa1,0x57,0xa1,0xa1,0xa1,0x57,
    0xa1,0xa1,0xa1,0x57,0xa1,0xa1,0xa1,0x57,0xa1,0xa1,0xa1,0x57,0xa1,0xa1,0xa1,0x57,
    0xa1,0xa1,0xa1,0x57,0xa1,0xa1,0xa1,0x57,0xa1,0xa1,0xa1,0x57,0xa1,0xa1,0xa1,0x57,
    0xa1,0xa1,0xa1,0x5a,0xa3,0xa3,0xa3,0x4e,0xa0,0xa0,0xa0,0x23,0x7f,0x7f,0x7f,0x04,
    0x00,0x00,0x00,0x00,0x00,0x00,0x00,0x00,0x00,0x00,0x00,0x00,0x00,0x00,0x00,0x00,
    0x00,0x00,0x00,0x00,0x00,0x00,0x00,0x00,0x00,0x00,0x00,0x00,0x00,0x00,0x00,0x00,
    0x00,0x00,0x00,0x00,0x00,0x00,0x00,0x00,0x00,0x00,0x00,0x00,0x00,0x00,0x00,0x00,
    0x00,0x00,0x00,0x00,0x00,0x00,0x00,0x00,0x00,0x00,0x00,0x00,0x00,0x00,0x00,0x00,
    0x00,0x00,0x00,0x00,0x00,0x00,0x00,0x00,0x00,0x00,0x00,0x00,0x00,0x00,0x00,0x00,
    0x00,0x00,0x00,0x00,0x00,0x00,0x00,0x00,0x00,0x00,0x00,0x00,0x00,0x00,0x00,0x00,
    0x00,0x00,0x00,0x00,0x00,0x00,0x00,0x00,0x00,0x00,0x00,0x00,0x00,0x00,0x00,0x00,
    0x00,0x00,0x00,0x00,0x00,0x00,0x00,0x00,0x00,0x00,0x00,0x00,0x00,0x00,0x00,0x00,
    0x00,0x00,0x00,0x00,0x00,0x00,0x00,0x00,0x00,0x00,0x00,0x00,0x00,0x00,0x00,0x00,
    0x00,0x00,0x00,0x00,0x00,0x00,0x00,0x00,0x00,0x00,0x00,0x00,0x00,0x00,0x00,0x00,
    0x00,0x00,0x00,0x00,0x00,0x00,0x00,0x00,0x00,0x00,0x00,0x00,0x00,0x00,0x00,0x00,
    0x00,0x00,0x00,0x00,0x00,0x00,0x00,0x00,0x00,0x00,0x00,0x00,0x00,0x00,0x00,0x00,
    0x00,0x00,0x00,0x00,0x7f,0x7f,0x7f,0x02,0xdd,0x9e,0x10,0x4d,0xe5,0xa0,0x08,0xd8,
    0xeb,0xa3,0x02,0xff,0xec,0xa3,0x00,0xff,0xe8,0xa0,0x00,0xff,0xe9,0xa1,0x00,0xff,
    0xe9,0xa1,0x00,0xff,0xe9,0xa1,0x00,0xff,0xe9,0xa1,0x00,0xff,0xe9,0xa1,0x00,0xff,
    0xe9,0xa1,0x00,0xff,0xe9,0xa1,0x00,0xff,0xe9,0xa1,0x00,0xff,0xe9,0xa1,0x00,0xff,
    0xe9,0xa1,0x00,0xff,0xe9,0xa1,0x00,0xff,0xe9,0xa1,0x00,0xff,0xe9,0xa1,0x00,0xff,
    0xe9,0xa1,0x00,0xff,0xe9,0xa1,0x00,0xff,0xe9,0xa1,0x00,0xff,0xe9,0xa1,0x00,0xff,
    0xe9,0xa1,0x00,0xff,0xe9,0xa1,0x00,0xff,0xe9,0xa1,0x00,0xff,0xe9,0xa1,0x00,0xff,
    0xe9,0xa1,0x00,0xff,0xe9,0xa1,0x00,0xff,0xe9,0xa1,0x00,0xff,0xe9,0xa1,0x00,0xff,
    0xe9,0xa1,0x00,0xff,0xe9,0xa1,0x00,0xff,0xe9,0xa1,0x00,0xff,0xe9,0xa1,0x00,0xff,
    0xe9,0xa1,0x00,0xff,0xec,0xa3,0x00,0xff,0xe6,0xa0,0x03,0xf3,0xdf,0xa0,0x14,0xa2,
    0xff,0xaa,0x00,0x03,0x00,0x00,0x00,0x00,0x00,0x00,0x00,0x00,0x00,0x00,0x00,0x00,
    0x6d,0x6d,0x6d,0x07,0x9f,0x9f,0x9f,0x20,0xa3,0xa3,0xa3,0x56,0xa2,0xa2,0xa2,0x58,
    0xa1,0xa1,0xa1,0x57,0xa1,0xa1,0xa1,0x57,0xa1,0xa1,0xa1,0x57,0xa1,0xa1,0xa1,0x57,
    0xa1,0xa1,0xa1,0x57,0xa1,0xa1,0xa1,0x57,0xa1,0xa1,0xa1,0x57,0xa1,0xa1,0xa1,0x57,
    0xa1,0xa1,0xa1,0x57,0xa1,0xa1,0xa1,0x57,0xa1,0xa1,0xa1,0x57,0xa1,0xa1,0xa1,0x57,
    0xa1,0xa1,0xa1,0x57,0xa1,0xa1,0xa1,0x57,0xa1,0xa1,0xa1,0x57,0xa1,0xa1,0xa1,0x57,
    0xa1,0xa1,0xa1,0x57,0xa1,0xa1,0xa1,0x57,0xa1,0xa1,0xa1,0x57,0xa1,0xa1,0xa1,0x57,
    0xa1,0xa1,0xa1,0x57,0xa1,0xa1,0xa1,0x57,0xa1,0xa1,0xa1,0x57,0xa1,0xa1,0xa1,0x57,
    0xa1,0xa1,0xa1,0x57,0xa1,0xa1,0xa1,0x57,0xa1,0xa1,0xa1,0x57,0xa1,0xa1,0xa1,0x57,
    0xa1,0xa1,0xa1,0x57,0xa3,0xa3,0xa3,0x59,0xa1,0xa1,0xa1,0x52,0x9c,0x9c,0x9c,0x1f,
    0xbf,0xbf,0xbf,0x04,0x00,0x00,0x00,0x00,0x00,0x00,0x00,0x00,0x00,0x00,0x00,0x00,
    0x00,0x00,0x00,0x00,0x00,0x00,0x00,0x00,0x00,0x00,0x00,0x00,0x00,0x00,0x00,0x00,
    0x00,0x00,0x00,0x00,0x00,0x00,0x00,0x00,0x00,0x00,0x00,0x00,0x00,0x00,0x00,0x00,
    0x00,0x00,0x00,0x00,0x00,0x00,0x00,0x00,0x00,0x00,0x00,0x00,0x00,0x00,0x00,0x00,
    0x00,0x00,0x00,0x00,0x00,0x00,0x00,0x00,0x00,0x00,0x00,0x00,0x00,0x00,0x00,0x00,
    0x00,0x00,0x00,0x00,0x00,0x00,0x00,0x00,0x00,0x00,0x00,0x00,0x00,0x00,0x00,0x00,
    0x00,0x00,0x00,0x00,0x00,0x00,0x00,0x00,0x00,0x00,0x00,0x00,0x00,0x00,0x00,0x00,
    0x00,0x00,0x00,0x00,0x00,0x00,0x00,0x00,0x00,0x00,0x00,0x00,0x00,0x00,0x00,0x00,
    0x00,0x00,0x00,0x00,0x00,0x00,0x00,0x00,0x00,0x00,0x00,0x00,0x00,0x00,0x00,0x00,
    0x00,0x00,0x00,0x00,0x00,0x00,0x00,0x00,0x00,0x00,0x00,0x00,0x00,0x00,0x00,0x00,
    0x00,0x00,0x00,0x00,0x00,0x00,0x00,0x00,0x00,0x00,0x00,0x00,0x00,0x00,0x00,0x00,
    0x00,0x00,0x00,0x00,0x00,0x00,0x00,0x00,0x00,0x00,0x00,0x00,0x00,0x00,0x00,0x00,
    0xcc,0x99,0x33,0x05,0xdf,0x9f,0x0f,0x40,0xe2,0x9f,0x09,0xe2,0xea,0xa1,0x01,0xff,
    0xea,0xa1,0x00,0xff,0xe8,0xa0,0x00,0xff,0xe8,0xa0,0x00,0xff,0xe8,0xa0,0x00,0xff,
    0xe8,0xa0,0x00,0xff,0xe8,0xa0,0x00,0xff,0xe8,0xa0,0x00,0xff,0xe8,0xa0,0x00,0xff,
    0xe8,0xa0,0x00,0xff,0xe8,0xa0,0x00,0xff,0xe8,0xa0,0x00,0xff,0xe8,0xa0,0x00,0xff,
    0xe8,0xa0,0x00,0xff,0xe8,0xa0,0x00,0xff,0xe8,0xa0,0x00,0xff,0xe8,0xa0,0x00,0xff,
    0xe8,0xa0,0x00,0xff,0xe8,0xa0,0x00,0xff,0xe8,0xa0,0x00,0xff,0xe8,0xa0,0x00,0xff,
    0xe8,0xa0,0x00,0xff,0xe8,0xa0,0x00,0xff,0xe8,0xa0,0x00,0xff,0xe8,0xa0,0x00,0xff,
    0xe8,0xa0,0x00,0xff,0xe8,0xa0,0x00,0xff,0xe8,0xa0,0x00,0xff,0xe8,0xa0,0x00,0xff,
    0xe8,0xa0,0x00,0xff,0xe8,0xa0,0x00,0xff,0xe8,0xa0,0x00,0xff,0xe8,0xa0,0x00,0xff,
    0xe8,0xa0,0x00,0xff,0xed,0xa3,0x00,0xff,0xe6,0xa0,0x03,0xeb,0xdd,0xa0,0x18,0x87,
    0xaa,0xaa,0x00,0x03,0x00,0x00,0x00,0x00,0x00,0x00,0x00,0x00,0x00,0x00,0x00,0x00,
    0x7f,0x7f,0x7f,0x06,0x9a,0x9a,0x9a,0x1c,0xa3,0xa3,0xa3,0x4e,0xa1,0xa1,0xa1,0x57,
    0xa1,0xa1,0xa1,0x57,0xa1,0xa1,0xa1,0x57,0xa1,0xa1,0xa1,0x57,0xa1,0xa1,0xa1,0x57,
    0xa1,0xa1,0xa1,0x57,0xa1,0xa1,0xa1,0x57,0xa1,0xa1,0xa1,0x57,0xa1,0xa1,0xa1,0x57,
    0xa1,0xa1,0xa1,0x57,0xa1,0xa1,0xa1,0x57,0xa1,0xa1,0xa1,0x57,0xa1,0xa1,0xa1,0x57,
    0xa1,0xa1,0xa1,0x57,0xa1,0xa1,0xa1,0x57,0xa1,0xa1,0xa1,0x57,0xa1,0xa1,0xa1,0x57,
    0xa1,0xa1,0xa1,0x57,0xa1,0xa1,0xa1,0x57,0xa1,0xa1,0xa1,0x57,0xa1,0xa1,0xa1,0x57,
    0xa1,0xa1,0xa1,0x57,0xa1,0xa1,0xa1,0x57,0xa1,0xa1,0xa1,0x57,0xa1,0xa1,0xa1,0x57,
    0xa1,0xa1,0xa1,0x57,0xa1,0xa1,0xa1,0x57,0xa1,0xa1,0xa1,0x57,0xa1,0xa1,0xa1,0x57,
    0xa1,0xa1,0xa1,0x57,0xa1,0xa1,0xa1,0x57,0xa1,0xa1,0xa1,0x57,0x9f,0x9f,0x9f,0x55,
    0xa1,0xa1,0xa1,0x1e,0xbf,0xbf,0xbf,0x04,0x00,0x00,0x00,0x00,0x00,0x00,0x00,0x00,
    0x00,0x00,0x00,0x00,0x00,0x00,0x00,0x00,0x00,0x00,0x00,0x00,0x00,0x00,0x00,0x00,
    0x00,0x00,0x00,0x00,0x00,0x00,0x00,0x00,0x00,0x00,0x00,0x00,0x00,0x00,0x00,0x00,
    0x00,0x00,0x00,0x00,0x00,0x00,0x00,0x00,0x00,0x00,0x00,0x00,0x00,0x00,0x00,0x00,
    0x00,0x00,0x00,0x00,0x00,0x00,0x00,0x00,0x00,0x00,0x00,0x00,0x00,0x00,0x00,0x00,
    0x00,0x00,0x00,0x00,0x00,0x00,0x00,0x00,0x00,0x00,0x00,0x00,0x00,0x00,0x00,0x00,
    0x00,0x00,0x00,0x00,0x00,0x00,0x00,0x00,0x00,0x00,0x00,0x00,0x00,0x00,0x00,0x00,
    0x00,0x00,0x00,0x00,0x00,0x00,0x00,0x00,0x00,0x00,0x00,0x00,0x00,0x00,0x00,0x00,
    0x00,0x00,0x00,0x00,0x00,0x00,0x00,0x00,0x00,0x00,0x00,0x00,0x00,0x00,0x00,0x00,
    0x00,0x00,0x00,0x00,0x00,0x00,0x00,0x00,0x00,0x00,0x00,0x00,0x00,0x00,0x00,0x00,
    0x00,0x00,0x00,0x00,0x00,0x00,0x00,0x00,0x00,0x00,0x00,0x00,0x00,0x00,0x00,0x00,
    0x00,0x00,0x00,0x00,0x00,0x00,0x00,0x00,0x00,0x00,0x00,0x00,0x00,0x00,0x00,0x00,
    0xdc,0x9f,0x0f,0x43,0xe2,0x9e,0x09,0xe6,0xe8,0xa0,0x00,0xff,0xe9,0xa0,0x00,0xff,
    0xe8,0xa0,0x00,0xff,0xe8,0xa0,0x00,0xff,0xe8,0xa0,0x00,0xff,0xe8,0xa0,0x00,0xff,
    0xe8,0xa0,0x00,0xff,0xe8,0xa0,0x00,0xff,0xe8,0xa0,0x00,0xff,0xe8,0xa0,0x00,0xff,
    0xe8,0xa0,0x00,0xff,0xe8,0xa0,0x00,0xff,0xe8,0xa0,0x00,0xff,0xe8,0xa0,0x00,0xff,
    0xe8,0xa0,0x00,0xff,0xe8,0xa0,0x00,0xff,0xe8,0xa0,0x00,0xff,0xe8,0xa0,0x00,0xff,
    0xe8,0xa0,0x00,0xff,0xe8,0xa0,0x00,0xff,0xe8,0xa0,0x00,0xff,0xe8,0xa0,0x00,0xff,
    0xe8,0xa0,0x00,0xff,0xe8,0xa0,0x00,0xff,0xe8,0xa0,0x00,0xff,0xe8,0xa0,0x00,0xff,
    0xe8,0xa0,0x00,0xff,0xe8,0xa0,0x00,0xff,0xe8,0xa0,0x00,0xff,0xe8,0xa0,0x00,0xff,
    0xe8,0xa0,0x00,0xff,0xe8,0xa0,0x00,0xff,0xe8,0xa0,0x00,0xff,0xe8,0xa0,0x00,0xff,
    0xe8,0xa0,0x00,0xff,0xef,0xa4,0x00,0xff,0xe6,0xa0,0x03,0xe3,0xdb,0x9f,0x1e,0x6b,
    0xff,0x7f,0x00,0x02,0x00,0x00,0x00,0x00,0x00,0x00,0x00,0x00,0x00,0x00,0x00,0x00,
    0x00,0x00,0x00,0x00,0x55,0x55,0x55,0x03,0xa6,0xa6,0xa6,0x17,0xa3,0xa3,0xa3,0x4e,
    0xa1,0xa1,0xa1,0x57,0xa1,0xa1,0xa1,0x57,0xa1,0xa1,0xa1,0x57,0xa1,0xa1,0xa1,0x57,
    0xa1,0xa1,0xa1,0x57,0xa1,0xa1,0xa1,0x57,0xa1,0xa1,0xa1,0x57,0xa1,0xa1,0xa1,0x57,
    0xa1,0xa1,0xa1,0x57,0xa1,0xa1,0xa1,0x57,0xa1,0xa1,0xa1,0x57,0xa1,0xa1,0xa1,0x57,
    0xa1,0xa1,0xa1,0x57,0xa1,0xa1,0xa1,0x57,0xa1,0xa1,0xa1,0x57,0xa1,0xa1,0xa1,0x57,
    0xa1,0xa1,0xa1,0x57,0xa1,0xa1,0xa1,0x57,0xa1,0xa1,0xa1,0x57,0xa1,0xa1,0xa1,0x57,
    0xa1,0xa1,0xa1,0x57,0xa1,0xa1,0xa1,0x57,0xa1,0xa1,0xa1,0x57,0xa1,0xa1,0xa1,0x57,
    0xa1,0xa1,0xa1,0x57,0xa1,0xa1,0xa1,0x57,0xa1,0xa1,0xa1,0x57,0xa1,0xa1,0xa1,0x57,
    0xa1,0xa1,0xa1,0x57,0xa1,0xa1,0xa1,0x57,0xa1,0xa1,0xa1,0x57,0xa1,0xa1,0xa1,0x57,
    0xa2,0xa2,0xa2,0x53,0x9d,0x9d,0x9d,0x22,0xaa,0xaa,0xaa,0x03,0x00,0x00,0x00,0x00,
    0x00,0x00,0x00,0x00,0x00,0x00,0x00,0x00,0x00,0x00,0x00,0x00,0x00,0x00,0x00,0x00,
    0x00,0x00,0x00,0x00,0x00,0x00,0x00,0x00,0x00,0x00,0x00,0x00,0x00,0x00,0x00,0x00,
    0x00,0x00,0x00,0x00,0x00,0x00,0x00,0x00,0x00,0x00,0x00,0x00,0x00,0x00,0x00,0x00,
    0x00,0x00,0x00,0x00,0x00,0x00,0x00,0x00,0x00,0x00,0x00,0x00,0x00,0x00,0x00,0x00,
    0x00,0x00,0x00,0x00,0x00,0x00,0x00,0x00,0x00,0x00,0x00,0x00,0x00,0x00,0x00,0x00,
    0x00,0x00,0x00,0x00,0x00,0x00,0x00,0x00,0x00,0x00,0x00,0x00,0x00,0x00,0x00,0x00,
    0x00,0x00,0x00,0x00,0x00,0x00,0x00,0x00,0x00,0x00,0x00,0x00,0x00,0x00,0x00,0x00,
    0x00,0x00,0x00,0x00,0x00,0x00,0x00,0x00,0x00,0x00,0x00,0x00,0x00,0x00,0x00,0x00,
    0x00,0x00,0x00,0x00,0x00,0x00,0x00,0x00,0x00,0x00,0x00,0x00,0x00,0x00,0x00,0x00,
    0x00,0x00,0x00,0x00,0x00,0x00,0x00,0x00,0x00,0x00,0x00,0x00,0x00,0x00,0x00,0x00,
    0x00,0x00,0x00,0x00,0x00,0x00,0x00,0x00,0x00,0x00,0x00,0x00,0xdf,0x9e,0x0f,0x52,
    0xe2,0x9e,0x09,0xe0,0xe8,0x9f,0x01,0xff,0xe7,0x9f,0x00,0xff,0xe7,0x9f,0x00,0xff,
    0xe7,0x9f,0x00,0xff,0xe7,0x9f,0x00,0xff,0xe7,0x9f,0x00,0xff,0xe7,0x9f,0x00,0xff,
    0xe7,0x9f,0x00,0xff,0xe7,0x9f,0x00,0xff,0xe7,0x9f,0x00,0xff,0xe7,0x9f,0x00,0xff,
    0xe7,0x9f,0x00,0xff,0xe7,0x9f,0x00,0xff,0xe7,0x9f,0x00,0xff,0xe7,0x9f,0x00,0xff,
    0xe7,0x9f,0x00,0xff,0xe7,0x9f,0x00,0xff,0xe7,0x9f,0x00,0xff,0xe7,0x9f,0x00,0xff,
    0xe7,0x9f,0x00,0xff,0xe7,0x9f,0x00,0xff,0xe7,0x9f,0x00,0xff,0xe7,0x9f,0x00,0xff,
    0xe7,0x9f,0x00,0xff,0xe7,0x9f,0x00,0xff,0xe7,0x9f,0x00,0xff,0xe7,0x9f,0x00,0xff,
    0xe7,0x9f,0x00,0xff,0xe7,0x9f,0x00,0xff,0xe7,0x9f,0x00,0xff,0xe7,0x9f,0x00,0xff,
    0xe7,0x9f,0x00,0xff,0xe7,0x9f,0x00,0xff,0xe7,0x9f,0x00,0xff,0xe7,0x9f,0x00,0xff,
    0xe7,0x9f,0x00,0xff,0xef,0xa5,0x00,0xff,0xe5,0x9f,0x03,0xdb,0xd4,0x9c,0x23,0x4e,
    0xff,0xff,0x00,0x01,0x00,0x00,0x00,0x00,0x00,0x00,0x00,0x00,0x00,0x00,0x00,0x00,
    0x00,0x00,0x00,0x00,0x00,0x00,0x00,0x00,0xaa,0xaa,0xaa,0x03,0x9c,0x9c,0x9c,0x1a,
    0xa1,0xa1,0xa1,0x4c,0x9f,0x9f,0x9f,0x58,0x9f,0x9f,0x9f,0x58,0xa1,0xa1,0xa1,0x57,
    0xa1,0xa1,0xa1,0x57,0xa1,0xa1,0xa1,0x57,0xa1,0xa1,0xa1,0x57,0xa1,0xa1,0xa1,0x57,
    0xa1,0xa1,0xa1,0x57,0xa1,0xa1,0xa1,0x57,0xa1,0xa1,0xa1,0x57,0xa1,0xa1,0xa1,0x57,
    0xa1,0xa1,0xa1,0x57,0xa1,0xa1,0xa1,0x57,0xa1,0xa1,0xa1,0x57,0xa1,0xa1,0xa1,0x57,
    0xa1,0xa1,0xa1,0x57,0xa1,0xa1,0xa1,0x57,0xa1,0xa1,0xa1,0x57,0xa1,0xa1,0xa1,0x57,
    0xa1,0xa1,0xa1,0x57,0xa1,0xa1,0xa1,0x57,0xa1,0xa1,0xa1,0x57,0xa1,0xa1,0xa1,0x57,
    0xa1,0xa1,0xa1,0x57,0xa1,0xa1,0xa1,0x57,0xa1,0xa1,0xa1,0x57,0xa1,0xa1,0xa1,0x57,
    0xa1,0xa1,0xa1,0x57,0xa1,0xa1,0xa1,0x57,0xa1,0xa1,0xa1,0x57,0xa1,0xa1,0xa1,0x57,
    0xa2,0xa2,0xa2,0x58,0xa3,0xa3,0xa3,0x4e,0x9e,0x9e,0x9e,0x25,0x00,0x00,0x00,0x01,
    0x00,0x00,0x00,0x00,0x00,0x00,0x00,0x00,0x00,0x00,0x00,0x00,0x00,0x00,0x00,0x00,
    0x00,0x00,0x00,0x00,0x00,0x00,0x00,0x00,0x00,0x00,0x00,0x00,0x00,0x00,0x00,0x00,
    0x00,0x00,0x00,0x00,0x00,0x00,0x00,0x00,0x00,0x00,0x00,0x00,0x00,0x00,0x00,0x00,
    0x00,0x00,0x00,0x00,0x00,0x00,0x00,0x00,0x00,0x00,0x00,0x00,0x00,0x00,0x00,0x00,
    0x00,0x00,0x00,0x00,0x00,0x00,0x00,0x00,0x00,0x00,0x00,0x00,0x00,0x00,0x00,0x00,
    0x00,0x00,0x00,0x00,0x00,0x00,0x00,0x00,0x00,0x00,0x00,0x00,0x00,0x00,0x00,0x00,
    0x00,0x00,0x00,0x00,0x00,0x00,0x00,0x00,0x00,0x00,0x00,0x00,0x00,0x00,0x00,0x00,
    0x00,0x00,0x00,0x00,0x00,0x00,0x00,0x00,0x00,0x00,0x00,0x00,0x00,0x00,0x00,0x00,
    0x00,0x00,0x00,0x00,0x00,0x00,0x00,0x00,0x00,0x00,0x00,0x00,0x00,0x00,0x00,0x00,
    0x00,0x00,0x00,0x00,0x00,0x00,0x00,0x00,0x00,0x00,0x00,0x00,0x00,0x00,0x00,0x00,
    0x00,0x00,0x00,0x00,0x00,0x00,0x00,0x00,0xde,0x9b,0x10,0x5f,0xe3,0x9e,0x07,0xd3,
    0xe8,0xa0,0x01,0xff,0xe8,0x9f,0x00,0xff,0xe6,0x9e,0x00,0xff,0xe6,0x9e,0x00,0xff,
    0xe6,0x9e,0x00,0xff,0xe6,0x9e,0x00,0xff,0xe6,0x9e,0x00,0xff,0xe6,0x9e,0x00,0xff,
    0xe6,0x9e,0x00,0xff,0xe6,0x9e,0x00,0xff,0xe6,0x9e,0x00,0xff,0xe6,0x9e,0x00,0xff,
    0xe6,0x9e,0x00,0xff,0xe6,0x9e,0x00,0xff,0xe6,0x9e,0x00,0xff,0xe6,0x9e,0x00,0xff,
    0xe6,0x9e,0x00,0xff,0xe6,0x9e,0x00,0xff,0xe6,0x9e,0x00,0xff,0xe6,0x9e,0x00,0xff,
    0xe6,0x9e,0x00,0xff,0xe6,0x9e,0x00,0xff,0xe6,0x9e,0x00,0xff,0xe6,0x9e,0x00,0xff,
    0xe6,0x9e,0x00,0xff,0xe6,0x9e,0x00,0xff,0xe6,0x9e,0x00,0xff,0xe6,0x9e,0x00,0xff,
    0xe6,0x9e,0x00,0xff,0xe6,0x9e,0x00,0xff,0xe6,0x9e,0x00,0xff,0xe6,0x9e,0x00,0xff,
    0xe6,0x9e,0x00,0xff,0xe6,0x9e,0x00,0xff,0xe6,0x9e,0x00,0xff,0xe6,0x9e,0x00,0xff,
    0xe6,0x9e,0x00,0xff,0xf0,0xa5,0x00,0xff,0xe4,0x9e,0x02,0xd3,0xd2,0x9b,0x2c,0x2e,
    0xff,0x00,0x00,0x01,0x00,0x00,0x00,0x00,0x00,0x00,0x00,0x00,0x00,0x00,0x00,0x00,
    0x00,0x00,0x00,0x00,0x00,0x00,0x00,0x00,0x00,0x00,0x00,0x00,0xff,0xff,0xff,0x01,
    0xa1,0xa1,0xa1,0x1e,0xa0,0xa0,0xa0,0x49,0xa0,0xa0,0xa0,0x59,0xa2,0xa2,0xa2,0x58,
    0xa1,0xa1,0xa1,0x57,0xa1,0xa1,0xa1,0x57,0xa1,0xa1,0xa1,0x57,0xa1,0xa1,0xa1,0x57,
    0xa1,0xa1,0xa1,0x57,0xa1,0xa1,0xa1,0x57,0xa1,0xa1,0xa1,0x57,0xa1,0xa1,0xa1,0x57,
    0xa1,0xa1,0xa1,0x57,0xa1,0xa1,0xa1,0x57,0xa1,0xa1,0xa1,0x57,0xa1,0xa1,0xa1,0x57,
    0xa1,0xa1,0xa1,0x57,0xa1,0xa1,0xa1,0x57,0xa1,0xa1,0xa1,0x57,0xa1,0xa1,0xa1,0x57,
    0xa1,0xa1,0xa1,0x57,0xa1,0xa1,0xa1,0x57,0xa1,0xa1,0xa1,0x57,0xa1,0xa1,0xa1,0x57,
    0xa1,0xa1,0xa1,0x57,0xa1,0xa1,0xa1,0x57,0xa1,0xa1,0xa1,0x57,0xa1,0xa1,0xa1,0x57,
    0xa1,0xa1,0xa1,0x57,0xa1,0xa1,0xa1,0x57,0xa1,0xa1,0xa1,0x57,0xa1,0xa1,0xa1,0x57,
    0xa1,0xa1,0xa1,0x57,0xa1,0xa1,0xa1,0x5a,0x9d,0x9d,0x9d,0x4c,0xa1,0xa1,0xa1,0x26,
    0x7f,0x7f,0x7f,0x02,0x00,0x00,0x00,0x00,0x00,0x00,0x00,0x00,0x00,0x00,0x00,0x00,
    0x00,0x00,0x00,0x00,0x00,0x00,0x00,0x00,0x00,0x00,0x00,0x00,0x00,0x00,0x00,0x00,
    0x00,0x00,0x00,0x00,0x00,0x00,0x00,0x00,0x00,0x00,0x00,0x00,0x00,0x00,0x00,0x00,
    0x00,0x00,0x00,0x00,0x00,0x00,0x00,0x00,0x00,0x00,0x00,0x00,0x00,0x00,0x00,0x00,
    0x00,0x00,0x00,0x00,0x00,0x00,0x00,0x00,0x00,0x00,0x00,0x00,0x00,0x00,0x00,0x00,
    0x00,0x00,0x00,0x00,0x00,0x00,0x00,0x00,0x00,0x00,0x00,0x00,0x00,0x00,0x00,0x00,
    0x00,0x00,0x00,0x00,0x00,0x00,0x00,0x00,0x00,0x00,0x00,0x00,0x00,0x00,0x00,0x00,
    0x00,0x00,0x00,0x00,0x00,0x00,0x00,0x00,0x00,0x00,0x00,0x00,0x00,0x00,0x00,0x00,
    0x00,0x00,0x00,0x00,0x00,0x00,0x00,0x00,0x00,0x00,0x00,0x00,0x00,0x00,0x00,0x00,
    0x00,0x00,0x00,0x00,0x00,0x00,0x00,0x00,0x00,0x00,0x00,0x00,0x00,0x00,0x00,0x00,
    0x00,0x00,0x00,0x00,0xdc,0x9e,0x10,0x5f,0xe1,0x9c,0x07,0xd1,0xe9,0xa0,0x02,0xff,
    0xe8,0x9f,0x00,0xff,0xe5,0x9d,0x00,0xff,0xe5,0x9d,0x00,0xff,0xe5,0x9d,0x00,0xff,
    0xe5,0x9d,0x00,0xff,0xe5,0x9d,0x00,0xff,0xe5,0x9d,0x00,0xff,0xe5,0x9d,0x00,0xff,
    0xe5,0x9d,0x00,0xff,0xe5,0x9d,0x00,0xff,0xe5,0x9d,0x00,0xff,0xe5,0x9d,0x00,0xff,
    0xe5,0x9d,0x00,0xff,0xe5,0x9d,0x00,0xff,0xe5,0x9d,0x00,0xff,0xe5,0x9d,0x00,0xff,
    0xe5,0x9d,0x00,0xff,0xe5,0x9d,0x00,0xff,0xe5,0x9d,0x00,0xff,0xe5,0x9d,0x00,0xff,
    0xe5,0x9d,0x00,0xff,0xe5,0x9d,0x00,0xff,0xe5,0x9d,0x00,0xff,0xe5,0x9d,0x00,0xff,
    0xe5,0x9d,0x00,0xff,0xe5,0x9d,0x00,0xff,0xe5,0x9d,0x00,0xff,0xe5,0x9d,0x00,0xff,
    0xe5,0x9d,0x00,0xff,0xe5,0x9d,0x00,0xff,0xe5,0x9d,0x00,0xff,0xe5,0x9d,0x00,0xff,
    0xe5,0x9d,0x00,0xff,0xe5,0x9d,0x00,0xff,0xe5,0x9d,0x00,0xff,0xe5,0x9d,0x00,0xff,
    0xe5,0x9d,0x00,0xff,0xf1,0xa5,0x00,0xff,0xe3,0x9c,0x00,0xca,0xb2,0x7f,0x4c,0x0a,
    0x00,0x00,0x00,0x00,0x00,0x00,0x00,0x00,0x00,0x00,0x00,0x00,0x00,0x00,0x00,0x00,
    0x00,0x00,0x00,0x00,0x00,0x00,0x00,0x00,0x00,0x00,0x00,0x00,0x00,0x00,0x00,0x00,
    0x00,0x00,0x00,0x00,0xa5,0xa5,0xa5,0x22,0x9f,0x9f,0x9f,0x48,0xa3,0xa3,0xa3,0x59,
    0xa2,0xa2,0xa2,0x58,0xa1,0xa1,0xa1,0x57,0xa1,0xa1,0xa1,0x57,0xa1,0xa1,0xa1,0x57,
    0xa1,0xa1,0xa1,0x57,0xa1,0xa1,0xa1,0x57,0xa1,0xa1,0xa1,0x57,0xa1,0xa1,0xa1,0x57,
    0xa1,0xa1,0xa1,0x57,0xa1,0xa1,0xa1,0x57,0xa1,0xa1,0xa1,0x57,0xa1,0xa1,0xa1,0x57,
    0xa1,0xa1,0xa1,0x57,0xa1,0xa1,0xa1,0x57,0xa1,0xa1,0xa1,0x57,0xa1,0xa1,0xa1,0x57,
    0xa1,0xa1,0xa1,0x57,0xa1,0xa1,0xa1,0x57,0xa1,0xa1,0xa1,0x57,0xa1,0xa1,0xa1,0x57,
    0xa1,0xa1,0xa1,0x57,0xa1,0xa1,0xa1,0x57,0xa1,0xa1,0xa1,0x57,0xa1,0xa1,0xa1,0x57,
    0xa1,0xa1,0xa1,0x57,0xa1,0xa1,0xa1,0x57,0xa1,0xa1,0xa1,0x57,0xa1,0xa1,0xa1,0x57,
    0xa1,0xa1,0xa1,0x57,0xa1,0xa1,0xa1,0x57,0x9f,0x9f,0x9f,0x5b,0xa1,0xa1,0xa1,0x4c,
    0xa2,0xa2,0xa2,0x24,0xaa,0xaa,0xaa,0x03,0x00,0x00,0x00,0x00,0x00,0x00,0x00,0x00,
    0x00,0x00,0x00,0x00,0x00,0x00,0x00,0x00,0x00,0x00,0x00,0x00,0x00,0x00,0x00,0x00,
    0x00,0x00,0x00,0x00,0x00,0x00,0x00,0x00,0x00,0x00,0x00,0x00,0x00,0x00,0x00,0x00,
    0x00,0x00,0x00,0x00,0x00,0x00,0x00,0x00,0x00,0x00,0x00,0x00,0x00,0x00,0x00,0x00,
    0x00,0x00,0x00,0x00,0x00,0x00,0x00,0x00,0x00,0x00,0x00,0x00,0x00,0x00,0x00,0x00,
    0x00,0x00,0x00,0x00,0x00,0x00,0x00,0x00,0x00,0x00,0x00,0x00,0x00,0x00,0x00,0x00,
    0x00,0x00,0x00,0x00,0x00,0x00,0x00,0x00,0x00,0x00,0x00,0x00,0x00,0x00,0x00,0x00,
    0x00,0x00,0x00,0x00,0x00,0x00,0x00,0x00,0x00,0x00,0x00,0x00,0x00,0x00,0x00,0x00,
    0x00,0x00,0x00,0x00,0x00,0x00,0x00,0x00,0x00,0x00,0x00,0x00,0x00,0x00,0x00,0x00,
    0x00,0x00,0x00,0x00,0x00,0x00,0x00,0x00,0x00,0x00,0x00,0x00,0x00,0x00,0x00,0x00,
    0xdc,0x9b,0x0f,0x52,0xe0,0x9c,0x07,0xd6,0xe8,0xa0,0x02,0xff,0xe8,0x9e,0x00,0xff,
    0xe5,0x9c,0x00,0xff,0xe5,0x9d,0x00,0xff,0xe5,0x9d,0x00,0xff,0xe5,0x9d,0x00,0xff,
    0xe5,0x9d,0x00,0xff,0xe5,0x9d,0x00,0xff,0xe5,0x9d,0x00,0xff,0xe5,0x9d,0x00,0xff,
    0xe5,0x9d,0x00,0xff,0xe5,0x9d,0x00,0xff,0xe5,0x9d,0x00,0xff,0xe5,0x9d,0x00,0xff,
    0xe5,0x9d,0x00,0xff,0xe5,0x9d,0x00,0xff,0xe5,0x9d,0x00,0xff,0xe5,0x9d,0x00,0xff,
    0xe5,0x9d,0x00,0xff,0xe5,0x9d,0x00,0xff,0xe5,0x9d,0x00,0xff,0xe5,0x9d,0x00,0xff,
    0xe5,0x9d,0x00,0xff,0xe5,0x9d,0x00,0xff,0xe5,0x9d,0x00,0xff,0xe5,0x9d,0x00,0xff,
    0xe5,0x9d,0x00,0xff,0xe5,0x9d,0x00,0xff,0xe5,0x9d,0x00,0xff,0xe5,0x9d,0x00,0xff,
    0xe5,0x9d,0x00,0xff,0xe5,0x9d,0x00,0xff,0xe5,0x9d,0x00,0xff,0xe5,0x9d,0x00,0xff,
    0xe5,0x9d,0x00,0xff,0xe5,0x9d,0x00,0xff,0xe5,0x9d,0x00,0xff,0xe5,0x9d,0x00,0xff,
    0xe6,0x9d,0x00,0xff,0xee,0xa3,0x01,0xff,0xe2,0x9b,0x01,0xbd,0x00,0x00,0x00,0x00,
    0x00,0x00,0x00,0x00,0x00,0x00,0x00,0x00,0x00,0x00,0x00,0x00,0x00,0x00,0x00,0x00,
    0x00,0x00,0x00,0x00,0x00,0x00,0x00,0x00,0x00,0x00,0x00,0x00,0x00,0x00,0x00,0x00,
    0x00,0x00,0x00,0x00,0x00,0x00,0x00,0x00,0x9d,0x9d,0x9d,0x22,0xa2,0xa2,0xa2,0x48,
    0xa2,0xa2,0xa2,0x58,0xa1,0xa1,0xa1,0x57,0xa1,0xa1,0xa1,0x57,0xa1,0xa1,0xa1,0x57,
    0xa1,0xa1,0xa1,0x57,0xa1,0xa1,0xa1,0x57,0xa1,0xa1,0xa1,0x57,0xa1,0xa1,0xa1,0x57,
    0xa1,0xa1,0xa1,0x57,0xa1,0xa1,0xa1,0x57,0xa1,0xa1,0xa1,0x57,0xa1,0xa1,0xa1,0x57,
    0xa1,0xa1,0xa1,0x57,0xa1,0xa1,0xa1,0x57,0xa1,0xa1,0xa1,0x57,0xa1,0xa1,0xa1,0x57,
    0xa1,0xa1,0xa1,0x57,0xa1,0xa1,0xa1,0x57,0xa1,0xa1,0xa1,0x57,0xa1,0xa1,0xa1,0x57,
    0xa1,0xa1,0xa1,0x57,0xa1,0xa1,0xa1,0x57,0xa1,0xa1,0xa1,0x57,0xa1,0xa1,0xa1,0x57,
    0xa1,0xa1,0xa1,0x57,0xa1,0xa1,0xa1,0x57,0xa1,0xa1,0xa1,0x57,0xa1,0xa1,0xa1,0x57,
    0xa1,0xa1,0xa1,0x57,0xa1,0xa1,0xa1,0x57,0xa1,0xa1,0xa1,0x57,0xa1,0xa1,0xa1,0x5a,
    0xa2,0xa2,0xa2,0x50,0xa4,0xa4,0xa4,0x1f,0x7f,0x7f,0x7f,0x04,0x00,0x00,0x00,0x00,
    0x00,0x00,0x00,0x00,0x00,0x00,0x00,0x00,0x00,0x00,0x00,0x00,0x00,0x00,0x00,0x00,
    0x00,0x00,0x00,0x00,0x00,0x00,0x00,0x00,0x00,0x00,0x00,0x00,0x00,0x00,0x00,0x00,
    0x00,0x00,0x00,0x00,0x00,0x00,0x00,0x00,0x00,0x00,0x00,0x00,0x00,0x00,0x00,0x00,
    0x00,0x00,0x00,0x00,0x00,0x00,0x00,0x00,0x00,0x00,0x00,0x00,0x00,0x00,0x00,0x00,
    0x00,0x00,0x00,0x00,0x00,0x00,0x00,0x00,0x00,0x00,0x00,0x00,0x00,0x00,0x00,0x00,
    0x00,0x00,0x00,0x00,0x00,0x00,0x00,0x00,0x00,0x00,0x00,0x00,0x00,0x00,0x00,0x00,
    0x00,0x00,0x00,0x00,0x00,0x00,0x00,0x00,0x00,0x00,0x00,0x00,0x00,0x00,0x00,0x00,
    0x00,0x00,0x00,0x00,0x00,0x00,0x00,0x00,0x00,0x00,0x00,0x00,0x00,0x00,0x00,0x00,
    0x00,0x00,0x00,0x00,0x00,0x00,0x00,0x00,0xcc,0x99,0x33,0x05,0xdc,0x9c,0x0f,0x43,
    0xe0,0x9b,0x09,0xe0,0xe7,0x9d,0x01,0xff,0xe7,0x9d,0x00,0xff,0xe5,0x9c,0x00,0xff,
    0xe5,0x9c,0x00,0xff,0xe5,0x9c,0x00,0xff,0xe5,0x9c,0x00,0xff,0xe5,0x9c,0x00,0xff,
    0xe5,0x9c,0x00,0xff,0xe5,0x9c,0x00,0xff,0xe5,0x9c,0x00,0xff,0xe5,0x9c,0x00,0xff,
    0xe5,0x9c,0x00,0xff,0xe5,0x9c,0x00,0xff,0xe5,0x9c,0x00,0xff,0xe5,0x9c,0x00,0xff,
    0xe5,0x9c,0x00,0xff,0xe5,0x9c,0x00,0xff,0xe5,0x9c,0x00,0xff,0xe5,0x9c,0x00,0xff,
    0xe5,0x9c,0x00,0xff,0xe5,0x9c,0x00,0xff,0xe5,0x9c,0x00,0xff,0xe5,0x9c,0x00,0xff,
    0xe5,0x9c,0x00,0xff,0xe5,0x9c,0x00,0xff,0xe5,0x9c,0x00,0xff,0xe5,0x9c,0x00,0xff,
    0xe5,0x9c,0x00,0xff,0xe5,0x9c,0x00,0xff,0xe5,0x9c,0x00,0xff,0xe5,0x9c,0x00,0xff,
    0xe5,0x9c,0x00,0xff,0xe5,0x9c,0x00,0xff,0xe5,0x9c,0x00,0xff,0xe5,0x9c,0x00,0xff,
    0xe5,0x9c,0x00,0xff,0xe5,0x9c,0x00,0xff,0xe5,0x9c,0x00,0xff,0xe5,0x9c,0x00,0xff,
    0xe7,0x9d,0x00,0xff,0xe4,0x9c,0x03,0xff,0xe1,0x9c,0x07,0xab,0x00,0x00,0x00,0x00,
    0x00,0x00,0x00,0x00,0x00,0x00,0x00,0x00,0x00,0x00,0x00,0x00,0x00,0x00,0x00,0x00,
    0x00,0x00,0x00,0x00,0x00,0x00,0x00,0x00,0x00,0x00,0x00,0x00,0x00,0x00,0x00,0x00,
    0x00,0x00,0x00,0x00,0x00,0x00,0x00,0x00,0x00,0x00,0x00,0x00,0x9e,0x9e,0x9e,0x1d,
    0x9e,0x9e,0x9e,0x4d,0xa1,0xa1,0xa1,0x57,0xa1,0xa1,0xa1,0x57,0xa1,0xa1,0xa1,0x57,
    0xa1,0xa1,0xa1,0x57,0xa1,0xa1,0xa1,0x57,0xa1,0xa1,0xa1,0x57,0xa1,0xa1,0xa1,0x57,
    0xa1,0xa1,0xa1,0x57,0xa1,0xa1,0xa1,0x57,0xa1,0xa1,0xa1,0x57,0xa1,0xa1,0xa1,0x57,
    0xa1,0xa1,0xa1,0x57,0xa1,0xa1,0xa1,0x57,0xa1,0xa1,0xa1,0x57,0xa1,0xa1,0xa1,0x57,
    0xa1,0xa1,0xa1,0x57,0xa1,0xa1,0xa1,0x57,0xa1,0xa1,0xa1,0x57,0xa1,0xa1,0xa1,0x57,
    0xa1,0xa1,0xa1,0x57,0xa1,0xa1,0xa1,0x57,0xa1,0xa1,0xa1,0x57,0xa1,0xa1,0xa1,0x57,
    0xa1,0xa1,0xa1,0x57,0xa1,0xa1,0xa1,0x57,0xa1,0xa1,0xa1,0x57,0xa1,0xa1,0xa1,0x57,
    0xa1,0xa1,0xa1,0x57,0xa1,0xa1,0xa1,0x57,0xa1,0xa1,0xa1,0x57,0xa1,0xa1,0xa1,0x57,
    0x9f,0x9f,0x9f,0x58,0xa2,0xa2,0xa2,0x53,0x99,0x99,0x99,0x19,0x7f,0x7f,0x7f,0x04,
    0x00,0x00,0x00,0x00,0x00,0x00,0x00,0x00,0x00,0x00,0x00,0x00,0x00,0x00,0x00,0x00,
    0x00,0x00,0x00,0x00,0x00,0x00,0x00,0x00,0x00,0x00,0x00,0x00,0x00,0x00,0x00,0x00,
    0x00,0x00,0x00,0x00,0x00,0x00,0x00,0x00,0x00,0x00,0x00,0x00,0x00,0x00,0x00,0x00,
    0x00,0x00,0x00,0x00,0x00,0x00,0x00,0x00,0x00,0x00,0x00,0x00,0x00,0x00,0x00,0x00,
    0x00,0x00,0x00,0x00,0x00,0x00,0x00,0x00,0x00,0x00,0x00,0x00,0x00,0x00,0x00,0x00,
    0x00,0x00,0x00,0x00,0x00,0x00,0x00,0x00,0x00,0x00,0x00,0x00,0x00,0x00,0x00,0x00,
    0x00,0x00,0x00,0x00,0x00,0x00,0x00,0x00,0x00,0x00,0x00,0x00,0x00,0x00,0x00,0x00,
    0x00,0x00,0x00,0x00,0x00,0x00,0x00,0x00,0x00,0x00,0x00,0x00,0x00,0x00,0x00,0x00,
    0x00,0x00,0x00,0x00,0x7f,0x7f,0x00,0x02,0xd7,0x99,0x0f,0x41,0xde,0x9b,0x0a,0xe5,
    0xe4,0x9c,0x01,0xff,0xe5,0x9c,0x00,0xff,0xe4,0x9b,0x00,0xff,0xe4,0x9b,0x00,0xff,
    0xe4,0x9b,0x00,0xff,0xe4,0x9b,0x00,0xff,0xe4,0x9b,0x00,0xff,0xe4,0x9b,0x00,0xff,
    0xe4,0x9b,0x00,0xff,0xe4,0x9b,0x00,0xff,0xe4,0x9b,0x00,0xff,0xe4,0x9b,0x00,0xff,
    0xe4,0x9b,0x00,0xff,0xe4,0x9b,0x00,0xff,0xe4,0x9b,0x00,0xff,0xe4,0x9b,0x00,0xff,
    0xe4,0x9b,0x00,0xff,0xe4,0x9b,0x00,0xff,0xe4,0x9b,0x00,0xff,0xe4,0x9b,0x00,0xff,
    0xe4,0x9b,0x00,0xff,0xe4,0x9b,0x00,0xff,0xe4,0x9b,0x00,0xff,0xe4,0x9b,0x00,0xff,
    0xe4,0x9b,0x00,0xff,0xe4,0x9b,0x00,0xff,0xe4,0x9b,0x00,0xff,0xe4,0x9b,0x00,0xff,
    0xe4,0x9b,0x00,0xff,0xe4,0x9b,0x00,0xff,0xe4,0x9b,0x00,0xff,0xe4,0x9b,0x00,0xff,
    0xe4,0x9b,0x00,0xff,0xe4,0x9b,0x00,0xff,0xe4,0x9b,0x00,0xff,0xe4,0x9b,0x00,0xff,
    0xe4,0x9b,0x00,0xff,0xe4,0x9b,0x00,0xff,0xe4,0x9b,0x00,0xff,0xe4,0x9b,0x00,0xff,
    0xe7,0x9d,0x00,0xff,0xe1,0x9b,0x05,0xf5,0xdf,0x9c,0x0d,0x98,0x00,0x00,0x00,0x00,
    0x00,0x00,0x00,0x00,0x00,0x00,0x00,0x00,0x00,0x00,0x00,0x00,0x00,0x00,0x00,0x00,
    0x00,0x00,0x00,0x00,0x00,0x00,0x00,0x00,0x00,0x00,0x00,0x00,0x00,0x00,0x00,0x00,
    0x00,0x00,0x00,0x00,0x00,0x00,0x00,0x00,0x00,0x00,0x00,0x00,0x7f,0x7f,0x7f,0x02,
    0x9f,0x9f,0x9f,0x18,0xa1,0xa1,0xa1,0x4f,0xa1,0xa1,0xa1,0x57,0xa1,0xa1,0xa1,0x57,
    0xa1,0xa1,0xa1,0x57,0xa1,0xa1,0xa1,0x57,0xa1,0xa1,0xa1,0x57,0xa1,0xa1,0xa1,0x57,
    0xa1,0xa1,0xa1,0x57,0xa1,0xa1,0xa1,0x57,0xa1,0xa1,0xa1,0x57,0xa1,0xa1,0xa1,0x57,
    0xa1,0xa1,0xa1,0x57,0xa1,0xa1,0xa1,0x57,0xa1,0xa1,0xa1,0x57,0xa1,0xa1,0xa1,0x57,
    0xa1,0xa1,0xa1,0x57,0xa1,0xa1,0xa1,0x57,0xa1,0xa1,0xa1,0x57,0xa1,0xa1,0xa1,0x57,
    0xa1,0xa1,0xa1,0x57,0xa1,0xa1,0xa1,0x57,0xa1,0xa1,0xa1,0x57,0xa1,0xa1,0xa1,0x57,
    0xa1,0xa1,0xa1,0x57,0xa1,0xa1,0xa1,0x57,0xa1,0xa1,0xa1,0x57,0xa1,0xa1,0xa1,0x57,
    0xa1,0xa1,0xa1,0x57,0xa1,0xa1,0xa1,0x57,0xa1,0xa1,0xa1,0x57,0xa1,0xa1,0xa1,0x57,
    0xa1,0xa1,0xa1,0x57,0xa1,0xa1,0xa1,0x57,0xa2,0xa2,0xa2,0x50,0xa3,0xa3,0xa3,0x19,
    0x00,0x00,0x00,0x00,0x00,0x00,0x00,0x00,0x00,0x00,0x00,0x00,0x00,0x00,0x00,0x00,
    0x00,0x00,0x00,0x00,0x00,0x00,0x00,0x00,0x00,0x00,0x00,0x00,0x00,0x00,0x00,0x00,
    0x00,0x00,0x00,0x00,0x00,0x00,0x00,0x00,0x00,0x00,0x00,0x00,0x00,0x00,0x00,0x00,
    0x00,0x00,0x00,0x00,0x00,0x00,0x00,0x00,0x00,0x00,0x00,0x00,0x00,0x00,0x00,0x00,
    0x00,0x00,0x00,0x00,0x00,0x00,0x00,0x00,0x00,0x00,0x00,0x00,0x00,0x00,0x00,0x00,
    0x00,0x00,0x00,0x00,0x00,0x00,0x00,0x00,0x00,0x00,0x00,0x00,0x00,0x00,0x00,0x00,
    0x00,0x00,0x00,0x00,0x00,0x00,0x00,0x00,0x00,0x00,0x00,0x00,0x00,0x00,0x00,0x00,
    0x00,0x00,0x00,0x00,0x00,0x00,0x00,0x00,0x00,0x00,0x00,0x00,0x00,0x00,0x00,0x00,
    0x00,0x00,0x00,0x00,0xda,0x9b,0x10,0x4d,0xdd,0x9b,0x08,0xe3,0xe3,0x9c,0x00,0xff,
    0xe3,0x9b,0x00,0xff,0xe3,0x9b,0x00,0xff,0xe3,0x9b,0x00,0xff,0xe3,0x9b,0x00,0xff,
    0xe3,0x9b,0x00,0xff,0xe3,0x9b,0x00,0xff,0xe3,0x9b,0x00,0xff,0xe3,0x9b,0x00,0xff,
    0xe3,0x9b,0x00,0xff,0xe3,0x9b,0x00,0xff,0xe3,0x9b,0x00,0xff,0xe3,0x9b,0x00,0xff,
    0xe3,0x9b,0x00,0xff,0xe3,0x9b,0x00,0xff,0xe3,0x9b,0x00,0xff,0xe3,0x9b,0x00,0xff,
    0xe3,0x9b,0x00,0xff,0xe3,0x9b,0x00,0xff,0xe3,0x9b,0x00,0xff,0xe3,0x9b,0x00,0xff,
    0xe3,0x9b,0x00,0xff,0xe3,0x9b,0x00,0xff,0xe3,0x9b,0x00,0xff,0xe3,0x9b,0x00,0xff,
    0xe3,0x9b,0x00,0xff,0xe3,0x9b,0x00,0xff,0xe3,0x9b,0x00,0xff,0xe3,0x9b,0x00,0xff,
    0xe3,0x9b,0x00,0xff,0xe3,0x9b,0x00,0xff,0xe3,0x9b,0x00,0xff,0xe3,0x9b,0x00,0xff,
    0xe3,0x9b,0x00,0xff,0xe3,0x9b,0x00,0xff,0xe3,0x9b,0x00,0xff,0xe3,0x9b,0x00,0xff,
    0xe3,0x9b,0x00,0xff,0xe3,0x9b,0x00,0xff,0xe3,0x9b,0x00,0xff,0xe3,0x9b,0x00,0xff,
    0xe8,0x9e,0x00,0xff,0xdf,0x99,0x06,0xea,0xda,0x9c,0x15,0x84,0x00,0x00,0x00,0x00,
    0x00,0x00,0x00,0x00,0x00,0x00,0x00,0x00,0x00,0x00,0x00,0x00,0x00,0x00,0x00,0x00,
    0x00,0x00,0x00,0x00,0x00,0x00,0x00,0x00,0x00,0x00,0x00,0x00,0x00,0x00,0x00,0x00,
    0x00,0x00,0x00,0x00,0x00,0x00,0x00,0x00,0x00,0x00,0x00,0x00,0x00,0x00,0x00,0x00,
    0xaa,0xaa,0xaa,0x03,0x9f,0x9f,0x9f,0x18,0xa0,0xa0,0xa0,0x4e,0x9f,0x9f,0x9f,0x58,
    0x9f,0x9f,0x9f,0x58,0xa1,0xa1,0xa1,0x57,0xa1,0xa1,0xa1,0x57,0xa1,0xa1,0xa1,0x57,
    0xa1,0xa1,0xa1,0x57,0xa1,0xa1,0xa1,0x57,0xa1,0xa1,0xa1,0x57,0xa1,0xa1,0xa1,0x57,
    0xa1,0xa1,0xa1,0x57,0xa1,0xa1,0xa1,0x57,0xa1,0xa1,0xa1,0x57,0xa1,0xa1,0xa1,0x57,
    0xa1,0xa1,0xa1,0x57,0xa1,0xa1,0xa1,0x57,0xa1,0xa1,0xa1,0x57,0xa1,0xa1,0xa1,0x57,
    0xa1,0xa1,0xa1,0x57,0xa1,0xa1,0xa1,0x57,0xa1,0xa1,0xa1,0x57,0xa1,0xa1,0xa1,0x57,
    0xa1,0xa1,0xa1,0x57,0xa1,0xa1,0xa1,0x57,0xa1,0xa1,0xa1,0x57,0xa1,0xa1,0xa1,0x57,
    0xa1,0xa1,0xa1,0x57,0xa1,0xa1,0xa1,0x57,0xa1,0xa1,0xa1,0x57,0xa1,0xa1,0xa1,0x57,
    0xa1,0xa1,0xa1,0x57,0xa1,0xa1,0xa1,0x57,0xa1,0xa1,0xa1,0x57,0xa1,0xa1,0xa1,0x4a,
    0xa3,0xa3,0xa3,0x1c,0x00,0x00,0x00,0x00,0x00,0x00,0x00,0x00,0x00,0x00,0x00,0x00,
    0x00,0x00,0x00,0x00,0x00,0x00,0x00,0x00,0x00,0x00,0x00,0x00,0x00,0x00,0x00,0x00,
    0x00,0x00,0x00,0x00,0x00,0x00,0x00,0x00,0x00,0x00,0x00,0x00,0x00,0x00,0x00,0x00,
    0x00,0x00,0x00,0x00,0x00,0x00,0x00,0x00,0x00,0x00,0x00,0x00,0x00,0x00,0x00,0x00,
    0x00,0x00,0x00,0x00,0x00,0x00,0x00,0x00,0x00,0x00,0x00,0x00,0x00,0x00,0x00,0x00,
    0x00,0x00,0x00,0x00,0x00,0x00,0x00,0x00,0x00,0x00,0x00,0x00,0x00,0x00,0x00,0x00,
    0x00,0x00,0x00,0x00,0x00,0x00,0x00,0x00,0x00,0x00,0x00,0x00,0x00,0x00,0x00,0x00,
    0x00,0x00,0x00,0x00,0x00,0x00,0x00,0x00,0x00,0x00,0x00,0x00,0x00,0x00,0x00,0x00,
    0xd8,0x98,0x0d,0x5c,0xdd,0x9a,0x07,0xd8,0xe4,0x9c,0x00,0xff,0xe3,0x9b,0x00,0xff,
    0xe2,0x9a,0x00,0xff,0xe2,0x9a,0x00,0xff,0xe2,0x9a,0x00,0xff,0xe2,0x9a,0x00,0xff,
    0xe2,0x9a,0x00,0xff,0xe2,0x9a,0x00,0xff,0xe2,0x9a,0x00,0xff,0xe2,0x9a,0x00,0xff,
    0xe2,0x9a,0x00,0xff,0xe2,0x9a,0x00,0xff,0xe2,0x9a,0x00,0xff,0xe2,0x9a,0x00,0xff,
    0xe2,0x9a,0x00,0xff,0xe2,0x9a,0x00,0xff,0xe2,0x9a,0x00,0xff,0xe2,0x9a,0x00,0xff,
    0xe2,0x9a,0x00,0xff,0xe2,0x9a,0x00,0xff,0xe2,0x9a,0x00,0xff,0xe2,0x9a,0x00,0xff,
    0xe2,0x9a,0x00,0xff,0xe2,0x9a,0x00,0xff,0xe2,0x9a,0x00,0xff,0xe2,0x9a,0x00,0xff,
    0xe2,0x9a,0x00,0xff,0xe2,0x9a,0x00,0xff,0xe2,0x9a,0x00,0xff,0xe2,0x9a,0x00,0xff,
    0xe2,0x9a,0x00,0xff,0xe2,0x9a,0x00,0xff,0xe2,0x9a,0x00,0xff,0xe2,0x9a,0x00,0xff,
    0xe2,0x9a,0x00,0xff,0xe2,0x9a,0x00,0xff,0xe2,0x9a,0x00,0xff,0xe2,0x9a,0x00,0xff,
    0xe2,0x9a,0x00,0xff,0xe2,0x9a,0x00,0xff,0xe2,0x9a,0x00,0xff,0xe2,0x9a,0x00,0xff,
    0xe9,0x9f,0x00,0xff,0xdf,0x9a,0x06,0xdc,0xd7,0x9a,0x19,0x6d,0x00,0x00,0x00,0x00,
    0x00,0x00,0x00,0x00,0x00,0x00,0x00,0x00,0x00,0x00,0x00,0x00,0x00,0x00,0x00,0x00,
    0x00,0x00,0x00,0x00,0x00,0x00,0x00,0x00,0x00,0x00,0x00,0x00,0x00,0x00,0x00,0x00,
    0x00,0x00,0x00,0x00,0x00,0x00,0x00,0x00,0x00,0x00,0x00,0x00,0x00,0x00,0x00,0x00,
    0x00,0x00,0x00,0x00,0x7f,0x7f,0x7f,0x02,0x9e,0x9e,0x9e,0x1d,0xa1,0xa1,0xa1,0x4a,
    0xa0,0xa0,0xa0,0x59,0xa2,0xa2,0xa2,0x58,0xa1,0xa1,0xa1,0x57,0xa1,0xa1,0xa1,0x57,
    0xa1,0xa1,0xa1,0x57,0xa1,0xa1,0xa1,0x57,0xa1,0xa1,0xa1,0x57,0xa1,0xa1,0xa1,0x57,
    0xa1,0xa1,0xa1,0x57,0xa1,0xa1,0xa1,0x57,0xa1,0xa1,0xa1,0x57,0xa1,0xa1,0xa1,0x57,
    0xa1,0xa1,0xa1,0x57,0xa1,0xa1,0xa1,0x57,0xa1,0xa1,0xa1,0x57,0xa1,0xa1,0xa1,0x57,
    0xa1,0xa1,0xa1,0x57,0xa1,0xa1,0xa1,0x57,0xa1,0xa1,0xa1,0x57,0xa1,0xa1,0xa1,0x57,
    0xa1,0xa1,0xa1,0x57,0xa1,0xa1,0xa1,0x57,0xa1,0xa1,0xa1,0x57,0xa1,0xa1,0xa1,0x57,
    0xa1,0xa1,0xa1,0x57,0xa1,0xa1,0xa1,0x57,0xa1,0xa1,0xa1,0x57,0xa1,0xa1,0xa1,0x57,
    0xa1,0xa1,0xa1,0x57,0xa1,0xa1,0xa1,0x57,0xa1,0xa1,0xa1,0x57,0xa3,0xa3,0xa3,0x59,
    0xa1,0xa1,0xa1,0x44,0xa3,0xa3,0xa3,0x1c,0x00,0x00,0x00,0x00,0x00,0x00,0x00,0x00,
    0x00,0x00,0x00,0x00,0x00,0x00,0x00,0x00,0x00,0x00,0x00,0x00,0x00,0x00,0x00,0x00,
    0x00,0x00,0x00,0x00,0x00,0x00,0x00,0x00,0x00,0x00,0x00,0x00,0x00,0x00,0x00,0x00,
    0x00,0x00,0x00,0x00,0x00,0x00,0x00,0x00,0x00,0x00,0x00,0x00,0x00,0x00,0x00,0x00,
    0x00,0x00,0x00,0x00,0x00,0x00,0x00,0x00,0x00,0x00,0x00,0x00,0x00,0x00,0x00,0x00,
    0x00,0x00,0x00,0x00,0x00,0x00,0x00,0x00,0x00,0x00,0x00,0x00,0x00,0x00,0x00,0x00,
    0x00,0x00,0x00,0x00,0x00,0x00,0x00,0x00,0x00,0x00,0x00,0x00,0x00,0x00,0x00,0x00,
    0x00,0x00,0x00,0x00,0x00,0x00,0x00,0x00,0x00,0x00,0x00,0x00,0xdb,0x99,0x10,0x5d,
    0xdd,0x99,0x07,0xcf,0xe5,0x9c,0x01,0xff,0xe4,0x9b,0x00,0xff,0xe2,0x99,0x00,0xff,
    0xe2,0x99,0x00,0xff,0xe2,0x99,0x00,0xff,0xe2,0x99,0x00,0xff,0xe2,0x99,0x00,0xff,
    0xe2,0x99,0x00,0xff,0xe2,0x99,0x00,0xff,0xe2,0x99,0x00,0xff,0xe2,0x99,0x00,0xff,
    0xe2,0x99,0x00,0xff,0xe2,0x99,0x00,0xff,0xe2,0x99,0x00,0xff,0xe2,0x99,0x00,0xff,
    0xe2,0x99,0x00,0xff,0xe2,0x99,0x00,0xff,0xe2,0x99,0x00,0xff,0xe2,0x99,0x00,0xff,
    0xe2,0x99,0x00,0xff,0xe2,0x99,0x00,0xff,0xe2,0x99,0x00,0xff,0xe2,0x99,0x00,0xff,
    0xe2,0x99,0x00,0xff,0xe2,0x99,0x00,0xff,0xe2,0x99,0x00,0xff,0xe2,0x99,0x00,0xff,
    0xe4,0x9b,0x00,0xff,0xec,0xa0,0x00,0xff,0xe8,0x9d,0x00,0xff,0xe3,0x9a,0x00,0xff,
    0xe2,0x99,0x00,0xff,0xe2,0x99,0x00,0xff,0xe2,0x99,0x00,0xff,0xe2,0x99,0x00,0xff,
    0xe2,0x99,0x00,0xff,0xe2,0x99,0x00,0xff,0xe2,0x99,0x00,0xff,0xe2,0x99,0x00,0xff,
    0xe2,0x99,0x00,0xff,0xe2,0x99,0x00,0xff,0xe2,0x99,0x00,0xff,0xe2,0x99,0x00,0xff,
    0xeb,0x9f,0x00,0xff,0xe0,0x99,0x07,0xce,0xd5,0x99,0x21,0x55,0x00,0x00,0x00,0x00,
    0x00,0x00,0x00,0x00,0x00,0x00,0x00,0x00,0x00,0x00,0x00,0x00,0x00,0x00,0x00,0x00,
    0x00,0x00,0x00,0x00,0x00,0x00,0x00,0x00,0x00,0x00,0x00,0x00,0x00,0x00,0x00,0x00,
    0x00,0x00,0x00,0x00,0x00,0x00,0x00,0x00,0x00,0x00,0x00,0x00,0x00,0x00,0x00,0x00,
    0x00,0x00,0x00,0x00,0x00,0x00,0x00,0x00,0x00,0x00,0x00,0x00,0xa2,0xa2,0xa2,0x21,
    0xa5,0xa5,0xa5,0x47,0xa0,0xa0,0xa0,0x59,0xa2,0xa2,0xa2,0x58,0xa1,0xa1,0xa1,0x57,
    0xa1,0xa1,0xa1,0x57,0xa1,0xa1,0xa1,0x57,0xa1,0xa1,0xa1,0x57,0xa1,0xa1,0xa1,0x57,
    0xa1,0xa1,0xa1,0x57,0xa1,0xa1,0xa1,0x57,0xa1,0xa1,0xa1,0x57,0xa1,0xa1,0xa1,0x57,
    0xa1,0xa1,0xa1,0x57,0xa1,0xa1,0xa1,0x57,0xa1,0xa1,0xa1,0x57,0xa1,0xa1,0xa1,0x57,
    0xa1,0xa1,0xa1,0x57,0xa1,0xa1,0xa1,0x57,0xa1,0xa1,0xa1,0x57,0xa1,0xa1,0xa1,0x57,
    0xa1,0xa1,0xa1,0x57,0xa1,0xa1,0xa1,0x57,0xa1,0xa1,0xa1,0x57,0xa1,0xa1,0xa1,0x57,
    0xa1,0xa1,0xa1,0x57,0xa1,0xa1,0xa1,0x57,0xa1,0xa1,0xa1,0x57,0xa1,0xa1,0xa1,0x57,
    0xa1,0xa1,0xa1,0x57,0xa1,0xa1,0xa1,0x57,0xa1,0xa1,0xa1,0x57,0xa2,0xa2,0xa2,0x58,
    0xa2,0xa2,0xa2,0x58,0x9e,0x9e,0x9e,0x42,0x9f,0x9f,0x9f,0x18,0x00,0x00,0x00,0x00,
    0x00,0x00,0x00,0x00,0x00,0x00,0x00,0x00,0x00,0x00,0x00,0x00,0x00,0x00,0x00,0x00,
    0x00,0x00,0x00,0x00,0x00,0x00,0x00,0x00,0x00,0x00,0x00,0x00,0x00,0x00,0x00,0x00,
    0x00,0x00,0x00,0x00,0x00,0x00,0x00,0x00,0x00,0x00,0x00,0x00,0x00,0x00,0x00,0x00,
    0x00,0x00,0x00,0x00,0x00,0x00,0x00,0x00,0x00,0x00,0x00,0x00,0x00,0x00,0x00,0x00,
    0x00,0x00,0x00,0x00,0x00,0x00,0x00,0x00,0x00,0x00,0x00,0x00,0x00,0x00,0x00,0x00,
    0x00,0x00,0x00,0x00,0x00,0x00,0x00,0x00,0x00,0x00,0x00,0x00,0x00,0x00,0x00,0x00,
    0x00,0x00,0x00,0x00,0x00,0x00,0x00,0x00,0xda,0x97,0x0f,0x54,0xdc,0x98,0x07,0xd1,
    0xe5,0x9c,0x02,0xff,0xe4,0x9a,0x00,0xff,0xe1,0x98,0x00,0xff,0xe2,0x99,0x00,0xff,
    0xe2,0x99,0x00,0xff,0xe2,0x99,0x00,0xff,0xe2,0x99,0x00,0xff,0xe2,0x99,0x00,0xff,
    0xe2,0x99,0x00,0xff,0xe2,0x99,0x00,0xff,0xe2,0x99,0x00,0xff,0xe2,0x99,0x00,0xff,
    0xe2,0x99,0x00,0xff,0xe2,0x99,0x00,0xff,0xe2,0x99,0x00,0xff,0xe2,0x99,0x00,0xff,
    0xe2,0x99,0x00,0xff,0xe2,0x99,0x00,0xff,0xe2,0x99,0x00,0xff,0xe2,0x99,0x00,0xff,
    0xe2,0x99,0x00,0xff,0xe2,0x99,0x00,0xff,0xe2,0x99,0x00,0xff,0xe2,0x99,0x00,0xff,
    0xe2,0x99,0x00,0xff,0xe2,0x99,0x00,0xff,0xe2,0x98,0x00,0xff,0xe5,0x9b,0x00,0xff,
    0xe0,0x98,0x02,0xfb,0xdf,0x98,0x07,0xa9,0xde,0x98,0x06,0xde,0xe1,0x98,0x01,0xfe,
    0xe5,0x9b,0x00,0xff,0xe1,0x98,0x00,0xff,0xe2,0x99,0x00,0xff,0xe2,0x99,0x00,0xff,
    0xe2,0x99,0x00,0xff,0xe2,0x99,0x00,0xff,0xe2,0x99,0x00,0xff,0xe2,0x99,0x00,0xff,
    0xe2,0x99,0x00,0xff,0xe2,0x99,0x00,0xff,0xe2,0x99,0x00,0xff,0xe2,0x99,0x00,0xff,
    0xed,0x9f,0x00,0xff,0xdf,0x98,0x06,0xc0,0xd3,0x9b,0x2b,0x3b,0x00,0x00,0x00,0x00,
    0x00,0x00,0x00,0x00,0x00,0x00,0x00,0x00,0x00,0x00,0x00,0x00,0x00,0x00,0x00,0x00,
    0x00,0x00,0x00,0x00,0x00,0x00,0x00,0x00,0x00,0x00,0x00,0x00,0x00,0x00,0x00,0x00,
    0x00,0x00,0x00,0x00,0x00,0x00,0x00,0x00,0x00,0x00,0x00,0x00,0x00,0x00,0x00,0x00,
    0x00,0x00,0x00,0x00,0x00,0x00,0x00,0x00,0x00,0x00,0x00,0x00,0x00,0x00,0x00,0x00,
    0xa5,0xa5,0xa5,0x22,0xa2,0xa2,0xa2,0x48,0xa2,0xa2,0xa2,0x58,0x9f,0x9f,0x9f,0x58,
    0xa1,0xa1,0xa1,0x57,0xa1,0xa1,0xa1,0x57,0xa1,0xa1,0xa1,0x57,0xa1,0xa1,0xa1,0x57,
    0xa1,0xa1,0xa1,0x57,0xa1,0xa1,0xa1,0x57,0xa1,0xa1,0xa1,0x57,0xa1,0xa1,0xa1,0x57,
    0xa1,0xa1,0xa1,0x57,0xa1,0xa1,0xa1,0x57,0xa1,0xa1,0xa1,0x57,0xa1,0xa1,0xa1,0x57,
    0xa1,0xa1,0xa1,0x57,0xa1,0xa1,0xa1,0x57,0xa1,0xa1,0xa1,0x57,0xa1,0xa1,0xa1,0x57,
    0xa1,0xa1,0xa1,0x57,0xa1,0xa1,0xa1,0x57,0xa1,0xa1,0xa1,0x57,0xa1,0xa1,0xa1,0x57,
    0xa1,0xa1,0xa1,0x57,0xa1,0xa1,0xa1,0x57,0xa1,0xa1,0xa1,0x57,0xa1,0xa1,0xa1,0x57,
    0xa1,0xa1,0xa1,0x57,0xa1,0xa1,0xa1,0x57,0xa1,0xa1,0xa1,0x57,0xa1,0xa1,0xa1,0x57,
    0xa2,0xa2,0xa2,0x58,0xa1,0xa1,0xa1,0x57,0xa2,0xa2,0xa2,0x42,0x99,0x99,0x99,0x0f,
    0x00,0x00,0x00,0x00,0x00,0x00,0x00,0x00,0x00,0x00,0x00,0x00,0x00,0x00,0x00,0x00,
    0x00,0x00,0x00,0x00,0x00,0x00,0x00,0x00,0x00,0x00,0x00,0x00,0x00,0x00,0x00,0x00,
    0x00,0x00,0x00,0x00,0x00,0x00,0x00,0x00,0x00,0x00,0x00,0x00,0x00,0x00,0x00,0x00,
    0x00,0x00,0x00,0x00,0x00,0x00,0x00,0x00,0x00,0x00,0x00,0x00,0x00,0x00,0x00,0x00,
    0x00,0x00,0x00,0x00,0x00,0x00,0x00,0x00,0x00,0x00,0x00,0x00,0x00,0x00,0x00,0x00,
    0x00,0x00,0x00,0x00,0x00,0x00,0x00,0x00,0x00,0x00,0x00,0x00,0x00,0x00,0x00,0x00,
    0xbf,0x7f,0x00,0x04,0xda,0x93,0x0e,0x45,0xdd,0x98,0x08,0xda,0xe3,0x9a,0x02,0xff,
    0xe4,0x9a,0x00,0xff,0xe0,0x98,0x00,0xff,0xe1,0x98,0x00,0xff,0xe1,0x98,0x00,0xff,
    0xe1,0x98,0x00,0xff,0xe1,0x98,0x00,0xff,0xe1,0x98,0x00,0xff,0xe1,0x98,0x00,0xff,
    0xe1,0x98,0x00,0xff,0xe1,0x98,0x00,0xff,0xe1,0x98,0x00,0xff,0xe1,0x98,0x00,0xff,
    0xe1,0x98,0x00,0xff,0xe1,0x98,0x00,0xff,0xe1,0x98,0x00,0xff,0xe1,0x98,0x00,0xff,
    0xe1,0x98,0x00,0xff,0xe1,0x98,0x00,0xff,0xe1,0x98,0x00,0xff,0xe1,0x98,0x00,0xff,
    0xe1,0x98,0x00,0xff,0xe1,0x98,0x00,0xff,0xe1,0x98,0x00,0xff,0xe1,0x98,0x00,0xff,
    0xe1,0x98,0x00,0xff,0xe1,0x98,0x00,0xff,0xe5,0x9a,0x00,0xff,0xdf,0x98,0x02,0xf8,
    0xda,0x97,0x08,0xb1,0xca,0x96,0x34,0x22,0xd9,0x99,0x15,0x6c,0xde,0x98,0x07,0xcf,
    0xe0,0x98,0x01,0xff,0xe4,0x9a,0x00,0xff,0xe1,0x98,0x00,0xff,0xe1,0x98,0x00,0xff,
    0xe1,0x98,0x00,0xff,0xe1,0x98,0x00,0xff,0xe1,0x98,0x00,0xff,0xe1,0x98,0x00,0xff,
    0xe1,0x98,0x00,0xff,0xe1,0x98,0x00,0xff,0xe1,0x98,0x00,0xff,0xe1,0x98,0x00,0xff,
    0xee,0xa0,0x00,0xff,0xdd,0x98,0x04,0xb0,0xcd,0x9c,0x39,0x1f,0x00,0x00,0x00,0x00,
    0x00,0x00,0x00,0x00,0x00,0x00,0x00,0x00,0x00,0x00,0x00,0x00,0x00,0x00,0x00,0x00,
    0x00,0x00,0x00,0x00,0x00,0x00,0x00,0x00,0x00,0x00,0x00,0x00,0x00,0x00,0x00,0x00,
    0x00,0x00,0x00,0x00,0x00,0x00,0x00,0x00,0x00,0x00,0x00,0x00,0x00,0x00,0x00,0x00,
    0x00,0x00,0x00,0x00,0x00,0x00,0x00,0x00,0x00,0x00,0x00,0x00,0x00,0x00,0x00,0x00,
    0x00,0x00,0x00,0x00,0xa4,0xa4,0xa4,0x1f,0xa1,0xa1,0xa1,0x4c,0x9f,0x9f,0x9f,0x58,
    0xa1,0xa1,0xa1,0x57,0xa1,0xa1,0xa1,0x57,0xa1,0xa1,0xa1,0x57,0xa1,0xa1,0xa1,0x57,
    0xa1,0xa1,0xa1,0x57,0xa1,0xa1,0xa1,0x57,0xa1,0xa1,0xa1,0x57,0xa1,0xa1,0xa1,0x57,
    0xa1,0xa1,0xa1,0x57,0xa1,0xa1,0xa1,0x57,0xa1,0xa1,0xa1,0x57,0xa1,0xa1,0xa1,0x57,
    0xa1,0xa1,0xa1,0x57,0xa1,0xa1,0xa1,0x57,0xa1,0xa1,0xa1,0x57,0xa1,0xa1,0xa1,0x57,
    0xa1,0xa1,0xa1,0x57,0xa1,0xa1,0xa1,0x57,0xa1,0xa1,0xa1,0x57,0xa1,0xa1,0xa1,0x57,
    0xa1,0xa1,0xa1,0x57,0xa1,0xa1,0xa1,0x57,0xa1,0xa1,0xa1,0x57,0xa1,0xa1,0xa1,0x57,
    0xa1,0xa1,0xa1,0x57,0xa1,0xa1,0xa1,0x57,0xa1,0xa1,0xa1,0x57,0xa1,0xa1,0xa1,0x57,
    0xa1,0xa1,0xa1,0x57,0xa2,0xa2,0xa2,0x58,0xa0,0xa0,0xa0,0x56,0xa3,0xa3,0xa3,0x40,
    0x99,0x99,0x99,0x0a,0x00,0x00,0x00,0x00,0x00,0x00,0x00,0x00,0x00,0x00,0x00,0x00,
    0x00,0x00,0x00,0x00,0x00,0x00,0x00,0x00,0x00,0x00,0x00,0x00,0x00,0x00,0x00,0x00,
    0x00,0x00,0x00,0x00,0x00,0x00,0x00,0x00,0x00,0x00,0x00,0x00,0x00,0x00,0x00,0x00,
    0x00,0x00,0x00,0x00,0x00,0x00,0x00,0x00,0x00,0x00,0x00,0x00,0x00,0x00,0x00,0x00,
    0x00,0x00,0x00,0x00,0x00,0x00,0x00,0x00,0x00,0x00,0x00,0x00,0x00,0x00,0x00,0x00,
    0x00,0x00,0x00,0x00,0x00,0x00,0x00,0x00,0x00,0x00,0x00,0x00,0xcc,0x99,0x00,0x05,
    0xd9,0x98,0x0c,0x3e,0xdc,0x96,0x08,0xe3,0xe1,0x97,0x00,0xff,0xe1,0x98,0x00,0xff,
    0xe0,0x97,0x00,0xff,0xe0,0x97,0x00,0xff,0xe0,0x97,0x00,0xff,0xe0,0x97,0x00,0xff,
    0xe0,0x97,0x00,0xff,0xe0,0x97,0x00,0xff,0xe0,0x97,0x00,0xff,0xe0,0x97,0x00,0xff,
    0xe0,0x97,0x00,0xff,0xe0,0x97,0x00,0xff,0xe0,0x97,0x00,0xff,0xe0,0x97,0x00,0xff,
    0xe0,0x97,0x00,0xff,0xe0,0x97,0x00,0xff,0xe0,0x97,0x00,0xff,0xe0,0x97,0x00,0xff,
    0xe0,0x97,0x00,0xff,0xe0,0x97,0x00,0xff,0xe0,0x97,0x00,0xff,0xe0,0x97,0x00,0xff,
    0xe0,0x97,0x00,0xff,0xe0,0x97,0x00,0xff,0xe0,0x97,0x00,0xff,0xe0,0x97,0x00,0xff,
    0xe0,0x97,0x00,0xff,0xe2,0x98,0x00,0xff,0xde,0x96,0x02,0xfd,0xdd,0x97,0x06,0xb7,
    0xcc,0xa0,0x33,0x23,0x00,0x00,0x00,0x00,0x00,0x00,0x00,0x00,0xd5,0x99,0x18,0x5d,
    0xdc,0x97,0x0b,0xcd,0xe1,0x98,0x00,0xff,0xe1,0x98,0x00,0xff,0xe0,0x97,0x00,0xff,
    0xe0,0x97,0x00,0xff,0xe0,0x97,0x00,0xff,0xe0,0x97,0x00,0xff,0xe0,0x97,0x00,0xff,
    0xe0,0x97,0x00,0xff,0xe0,0x97,0x00,0xff,0xe0,0x97,0x00,0xff,0xe0,0x97,0x00,0xff,
    0xee,0xa1,0x00,0xff,0xdd,0x96,0x03,0x9f,0x7f,0x7f,0xff,0x02,0x00,0x00,0x00,0x00,
    0x00,0x00,0x00,0x00,0x00,0x00,0x00,0x00,0x00,0x00,0x00,0x00,0x00,0x00,0x00,0x00,
    0x00,0x00,0x00,0x00,0x00,0x00,0x00,0x00,0x00,0x00,0x00,0x00,0x00,0x00,0x00,0x00,
    0x00,0x00,0x00,0x00,0x00,0x00,0x00,0x00,0x00,0x00,0x00,0x00,0x00,0x00,0x00,0x00,
    0x00,0x00,0x00,0x00,0x00,0x00,0x00,0x00,0x00,0x00,0x00,0x00,0x00,0x00,0x00,0x00,
    0x00,0x00,0x00,0x00,0x00,0x00,0x00,0x01,0xa0,0xa0,0xa0,0x1b,0xa1,0xa1,0xa1,0x4f,
    0xa1,0xa1,0xa1,0x57,0xa1,0xa1,0xa1,0x57,0xa1,0xa1,0xa1,0x57,0xa1,0xa1,0xa1,0x57,
    0xa1,0xa1,0xa1,0x57,0xa1,0xa1,0xa1,0x57,0xa1,0xa1,0xa1,0x57,0xa1,0xa1,0xa1,0x57,
    0xa1,0xa1,0xa1,0x57,0xa1,0xa1,0xa1,0x57,0xa1,0xa1,0xa1,0x57,0xa1,0xa1,0xa1,0x57,
    0xa1,0xa1,0xa1,0x57,0xa1,0xa1,0xa1,0x57,0xa1,0xa1,0xa1,0x57,0xa1,0xa1,0xa1,0x57,
    0xa1,0xa1,0xa1,0x57,0xa1,0xa1,0xa1,0x57,0xa1,0xa1,0xa1,0x57,0xa1,0xa1,0xa1,0x57,
    0xa1,0xa1,0xa1,0x57,0xa1,0xa1,0xa1,0x57,0xa1,0xa1,0xa1,0x57,0xa1,0xa1,0xa1,0x57,
    0xa1,0xa1,0xa1,0x57,0xa1,0xa1,0xa1,0x57,0xa1,0xa1,0xa1,0x57,0xa1,0xa1,0xa1,0x57,
    0xa1,0xa1,0xa1,0x57,0xa1,0xa1,0xa1,0x57,0x9f,0x9f,0x9f,0x58,0xa2,0xa2,0xa2,0x55,
    0xa4,0xa4,0xa4,0x3b,0xaa,0xaa,0xaa,0x09,0x00,0x00,0x00,0x00,0x00,0x00,0x00,0x00,
    0x00,0x00,0x00,0x00,0x00,0x00,0x00,0x00,0x00,0x00,0x00,0x00,0x00,0x00,0x00,0x00,
    0x00,0x00,0x00,0x00,0x00,0x00,0x00,0x00,0x00,0x00,0x00,0x00,0x00,0x00,0x00,0x00,
    0x00,0x00,0x00,0x00,0x00,0x00,0x00,0x00,0x00,0x00,0x00,0x00,0x00,0x00,0x00,0x00,
    0x00,0x00,0x00,0x00,0x00,0x00,0x00,0x00,0x00,0x00,0x00,0x00,0x00,0x00,0x00,0x00,
    0x00,0x00,0x00,0x00,0x00,0x00,0x00,0x00,0x00,0x00,0x00,0x00,0xdc,0x96,0x0a,0x49,
    0xdc,0x96,0x07,0xe6,0xdf,0x96,0x00,0xff,0xdf,0x96,0x00,0xff,0xdf,0x96,0x00,0xff,
    0xdf,0x96,0x00,0xff,0xdf,0x96,0x00,0xff,0xdf,0x96,0x00,0xff,0xdf,0x96,0x00,0xff,
    0xdf,0x96,0x00,0xff,0xdf,0x96,0x00,0xff,0xdf,0x96,0x00,0xff,0xdf,0x96,0x00,0xff,
    0xdf,0x96,0x00,0xff,0xdf,0x96,0x00,0xff,0xdf,0x96,0x00,0xff,0xdf,0x96,0x00,0xff,
    0xdf,0x96,0x00,0xff,0xdf,0x96,0x00,0xff,0xdf,0x96,0x00,0xff,0xdf,0x96,0x00,0xff,
    0xdf,0x96,0x00,0xff,0xdf,0x96,0x00,0xff,0xdf,0x96,0x00,0xff,0xdf,0x96,0x00,0xff,
    0xdf,0x96,0x00,0xff,0xdf,0x96,0x00,0xff,0xdf,0x96,0x00,0xff,0xdf,0x96,0x00,0xff,
    0xe0,0x96,0x00,0xff,0xe5,0x9a,0x01,0xff,0xd9,0x94,0x08,0xb2,0xcf,0x94,0x29,0x2b,
    0x00,0x00,0x00,0x00,0x00,0x00,0x00,0x00,0x00,0x00,0x00,0x00,0x00,0x00,0x00,0x00,
    0xd2,0x97,0x1d,0x45,0xd9,0x96,0x0e,0xc4,0xe4,0x99,0x00,0xff,0xdf,0x96,0x00,0xff,
    0xdf,0x96,0x00,0xff,0xdf,0x96,0x00,0xff,0xdf,0x96,0x00,0xff,0xdf,0x96,0x00,0xff,
    0xdf,0x96,0x00,0xff,0xdf,0x96,0x00,0xff,0xdf,0x96,0x00,0xff,0xdf,0x96,0x00,0xff,
    0xe9,0x9d,0x01,0xff,0xdd,0x94,0x01,0x8f,0x00,0x00,0x00,0x00,0x00,0x00,0x00,0x00,
    0x00,0x00,0x00,0x00,0x00,0x00,0x00,0x00,0x00,0x00,0x00,0x00,0x00,0x00,0x00,0x00,
    0x00,0x00,0x00,0x00,0x00,0x00,0x00,0x00,0x00,0x00,0x00,0x00,0x00,0x00,0x00,0x00,
    0x00,0x00,0x00,0x00,0x00,0x00,0x00,0x00,0x00,0x00,0x00,0x00,0x00,0x00,0x00,0x00,
    0x00,0x00,0x00,0x00,0x00,0x00,0x00,0x00,0x00,0x00,0x00,0x00,0x00,0x00,0x00,0x00,
    0x00,0x00,0x00,0x00,0x00,0x00,0x00,0x00,0xaa,0xaa,0xaa,0x03,0x99,0x99,0x99,0x19,
    0xa3,0xa3,0xa3,0x4e,0xa1,0xa1,0xa1,0x57,0xa1,0xa1,0xa1,0x57,0xa1,0xa1,0xa1,0x57,
    0xa1,0xa1,0xa1,0x57,0xa1,0xa1,0xa1,0x57,0xa1,0xa1,0xa1,0x57,0xa1,0xa1,0xa1,0x57,
    0xa1,0xa1,0xa1,0x57,0xa1,0xa1,0xa1,0x57,0xa1,0xa1,0xa1,0x57,0xa1,0xa1,0xa1,0x57,
    0xa1,0xa1,0xa1,0x57,0xa1,0xa1,0xa1,0x57,0xa1,0xa1,0xa1,0x57,0xa1,0xa1,0xa1,0x57,
    0xa1,0xa1,0xa1,0x57,0xa1,0xa1,0xa1,0x57,0xa1,0xa1,0xa1,0x57,0xa1,0xa1,0xa1,0x57,
    0xa1,0xa1,0xa1,0x57,0xa1,0xa1,0xa1,0x57,0xa1,0xa1,0xa1,0x57,0xa1,0xa1,0xa1,0x57,
    0xa1,0xa1,0xa1,0x57,0xa1,0xa1,0xa1,0x57,0xa1,0xa1,0xa1,0x57,0xa1,0xa1,0xa1,0x57,
    0xa1,0xa1,0xa1,0x57,0xa1,0xa1,0xa1,0x57,0xa1,0xa1,0xa1,0x57,0xa1,0xa1,0xa1,0x57,
    0xa2,0xa2,0xa2,0x55,0x9b,0x9b,0x9b,0x36,0xa2,0xa2,0xa2,0x0b,0x00,0x00,0x00,0x00,
    0x00,0x00,0x00,0x00,0x00,0x00,0x00,0x00,0x00,0x00,0x00,0x00,0x00,0x00,0x00,0x00,
    0x00,0x00,0x00,0x00,0x00,0x00,0x00,0x00,0x00,0x00,0x00,0x00,0x00,0x00,0x00,0x00,
    0x00,0x00,0x00,0x00,0x00,0x00,0x00,0x00,0x00,0x00,0x00,0x00,0x00,0x00,0x00,0x00,
    0x00,0x00,0x00,0x00,0x00,0x00,0x00,0x00,0x00,0x00,0x00,0x00,0x00,0x00,0x00,0x00,
    0x00,0x00,0x00,0x00,0x00,0x00,0x00,0x00,0xd9,0x92,0x08,0x59,0xdc,0x95,0x05,0xe0,
    0xe0,0x96,0x01,0xff,0xdf,0x95,0x00,0xff,0xdf,0x95,0x00,0xff,0xdf,0x95,0x00,0xff,
    0xdf,0x95,0x00,0xff,0xdf,0x95,0x00,0xff,0xdf,0x95,0x00,0xff,0xdf,0x95,0x00,0xff,
    0xdf,0x95,0x00,0xff,0xdf,0x95,0x00,0xff,0xdf,0x95,0x00,0xff,0xdf,0x95,0x00,0xff,
    0xdf,0x95,0x00,0xff,0xdf,0x95,0x00,0xff,0xdf,0x95,0x00,0xff,0xdf,0x95,0x00,0xff,
    0xdf,0x95,0x00,0xff,0xdf,0x95,0x00,0xff,0xdf,0x95,0x00,0xff,0xdf,0x95,0x00,0xff,
    0xdf,0x95,0x00,0xff,0xdf,0x95,0x00,0xff,0xdf,0x95,0x00,0xff,0xdf,0x95,0x00,0xff,
    0xdf,0x95,0x00,0xff,0xdf,0x95,0x00,0xff,0xdf,0x95,0x00,0xff,0xdf,0x95,0x00,0xff,
    0xe9,0x9c,0x00,0xff,0xd9,0x95,0x08,0xab,0xcf,0x97,0x1c,0x36,0x00,0x00,0x00,0x00,
    0x00,0x00,0x00,0x00,0x00,0x00,0x00,0x00,0x00,0x00,0x00,0x00,0x00,0x00,0x00,0x00,
    0x00,0x00,0x00,0x00,0xd0,0x94,0x1b,0x37,0xd7,0x94,0x11,0xb4,0xe6,0x98,0x00,0xff,
    0xe1,0x96,0x00,0xff,0xdf,0x95,0x00,0xff,0xdf,0x95,0x00,0xff,0xdf,0x95,0x00,0xff,
    0xdf,0x95,0x00,0xff,0xdf,0x95,0x00,0xff,0xdf,0x95,0x00,0xff,0xe1,0x96,0x00,0xff,
    0xdc,0x95,0x04,0xfe,0xd9,0x93,0x07,0x82,0x00,0x00,0x00,0x00,0x00,0x00,0x00,0x00,
    0x00,0x00,0x00,0x00,0x00,0x00,0x00,0x00,0x00,0x00,0x00,0x00,0x00,0x00,0x00,0x00,
    0x00,0x00,0x00,0x00,0x00,0x00,0x00,0x00,0x00,0x00,0x00,0x00,0x00,0x00,0x00,0x00,
    0x00,0x00,0x00,0x00,0x00,0x00,0x00,0x00,0x00,0x00,0x00,0x00,0x00,0x00,0x00,0x00,
    0x00,0x00,0x00,0x00,0x00,0x00,0x00,0x00,0x00,0x00,0x00,0x00,0x00,0x00,0x00,0x00,
    0x00,0x00,0x00,0x00,0x00,0x00,0x00,0x00,0x00,0x00,0x00,0x00,0x55,0x55,0x55,0x03,
    0xa0,0xa0,0xa0,0x1b,0xa1,0xa1,0xa1,0x4c,0xa0,0xa0,0xa0,0x59,0x9f,0x9f,0x9f,0x58,
    0xa1,0xa1,0xa1,0x57,0xa1,0xa1,0xa1,0x57,0xa1,0xa1,0xa1,0x57,0xa1,0xa1,0xa1,0x57,
    0xa1,0xa1,0xa1,0x57,0xa1,0xa1,0xa1,0x57,0xa1,0xa1,0xa1,0x57,0xa1,0xa1,0xa1,0x57,
    0xa1,0xa1,0xa1,0x57,0xa1,0xa1,0xa1,0x57,0xa1,0xa1,0xa1,0x57,0xa1,0xa1,0xa1,0x57,
    0xa1,0xa1,0xa1,0x57,0xa1,0xa1,0xa1,0x57,0xa1,0xa1,0xa1,0x57,0xa1,0xa1,0xa1,0x57,
    0xa1,0xa1,0xa1,0x57,0xa1,0xa1,0xa1,0x57,0xa1,0xa1,0xa1,0x57,0xa1,0xa1,0xa1,0x57,
    0xa1,0xa1,0xa1,0x57,0xa1,0xa1,0xa1,0x57,0xa1,0xa1,0xa1,0x57,0xa1,0xa1,0xa1,0x57,
    0xa1,0xa1,0xa1,0x57,0xa1,0xa1,0xa1,0x57,0xa1,0xa1,0xa1,0x57,0xa1,0xa1,0xa1,0x57,
    0xa2,0xa2,0xa2,0x58,0xa0,0xa0,0xa0,0x54,0xa6,0xa6,0xa6,0x2e,0x99,0x99,0x99,0x0a,
    0x00,0x00,0x00,0x00,0x00,0x00,0x00,0x00,0x00,0x00,0x00,0x00,0x00,0x00,0x00,0x00,
    0x00,0x00,0x00,0x00,0x00,0x00,0x00,0x00,0x00,0x00,0x00,0x00,0x00,0x00,0x00,0x00,
    0x00,0x00,0x00,0x00,0x00,0x00,0x00,0x00,0x00,0x00,0x00,0x00,0x00,0x00,0x00,0x00,
    0x00,0x00,0x00,0x00,0x00,0x00,0x00,0x00,0x00,0x00,0x00,0x00,0x00,0x00,0x00,0x00,
    0x00,0x00,0x00,0x00,0xd9,0x92,0x08,0x5e,0xda,0x95,0x03,0xd0,0xe2,0x98,0x02,0xff,
    0xe0,0x96,0x00,0xff,0xde,0x95,0x00,0xff,0xde,0x95,0x00,0xff,0xde,0x95,0x00,0xff,
    0xde,0x95,0x00,0xff,0xde,0x95,0x00,0xff,0xde,0x95,0x00,0xff,0xde,0x95,0x00,0xff,
    0xde,0x95,0x00,0xff,0xde,0x95,0x00,0xff,0xde,0x95,0x00,0xff,0xde,0x95,0x00,0xff,
    0xde,0x95,0x00,0xff,0xde,0x95,0x00,0xff,0xde,0x95,0x00,0xff,0xde,0x95,0x00,0xff,
    0xde,0x95,0x00,0xff,0xde,0x95,0x00,0xff,0xde,0x95,0x00,0xff,0xde,0x95,0x00,0xff,
    0xde,0x95,0x00,0xff,0xde,0x95,0x00,0xff,0xde,0x95,0x00,0xff,0xde,0x95,0x00,0xff,
    0xde,0x95,0x00,0xff,0xde,0x95,0x00,0xff,0xdf,0x95,0x00,0xff,0xe9,0x9c,0x00,0xff,
    0xd9,0x94,0x0b,0xb1,0xd1,0x94,0x18,0x3e,0x00,0x00,0xff,0x01,0x00,0x00,0x00,0x00,
    0x00,0x00,0x00,0x00,0x00,0x00,0x00,0x00,0x00,0x00,0x00,0x00,0x00,0x00,0x00,0x00,
    0x00,0x00,0x00,0x00,0x00,0x00,0x7f,0x02,0xcf,0x92,0x1c,0x36,0xd9,0x96,0x0f,0xaa,
    0xe0,0x95,0x00,0xff,0xe3,0x98,0x00,0xff,0xde,0x95,0x00,0xfe,0xde,0x95,0x00,0xff,
    0xde,0x95,0x00,0xff,0xde,0x95,0x00,0xff,0xde,0x95,0x00,0xff,0xe2,0x97,0x00,0xff,
    0xda,0x96,0x07,0xee,0xd9,0x94,0x0d,0x73,0x00,0x00,0x00,0x00,0x00,0x00,0x00,0x00,
    0x00,0x00,0x00,0x00,0x00,0x00,0x00,0x00,0x00,0x00,0x00,0x00,0x00,0x00,0x00,0x00,
    0x00,0x00,0x00,0x00,0x00,0x00,0x00,0x00,0x00,0x00,0x00,0x00,0x00,0x00,0x00,0x00,
    0x00,0x00,0x00,0x00,0x00,0x00,0x00,0x00,0x00,0x00,0x00,0x00,0x00,0x00,0x00,0x00,
    0x00,0x00,0x00,0x00,0x00,0x00,0x00,0x00,0x00,0x00,0x00,0x00,0x00,0x00,0x00,0x00,
    0x00,0x00,0x00,0x00,0x00,0x00,0x00,0x00,0x00,0x00,0x00,0x00,0x00,0x00,0x00,0x00,
    0x00,0x00,0x00,0x00,0x9f,0x9f,0x9f,0x20,0xa0,0xa0,0xa0,0x49,0xa0,0xa0,0xa0,0x59,
    0xa2,0xa2,0xa2,0x58,0xa1,0xa1,0xa1,0x57,0xa1,0xa1,0xa1,0x57,0xa1,0xa1,0xa1,0x57,
    0xa1,0xa1,0xa1,0x57,0xa1,0xa1,0xa1,0x57,0xa1,0xa1,0xa1,0x57,0xa1,0xa1,0xa1,0x57,
    0xa1,0xa1,0xa1,0x57,0xa1,0xa1,0xa1,0x57,0xa1,0xa1,0xa1,0x57,0xa1,0xa1,0xa1,0x57,
    0xa1,0xa1,0xa1,0x57,0xa1,0xa1,0xa1,0x57,0xa1,0xa1,0xa1,0x57,0xa1,0xa1,0xa1,0x57,
    0xa1,0xa1,0xa1,0x57,0xa1,0xa1,0xa1,0x57,0xa1,0xa1,0xa1,0x57,0xa1,0xa1,0xa1,0x57,
    0xa1,0xa1,0xa1,0x57,0xa1,0xa1,0xa1,0x57,0xa1,0xa1,0xa1,0x57,0xa1,0xa1,0xa1,0x57,
    0xa1,0xa1,0xa1,0x57,0xa1,0xa1,0xa1,0x57,0xa1,0xa1,0xa1,0x57,0xa1,0xa1,0xa1,0x57,
    0xa1,0xa1,0xa1,0x57,0xa1,0xa1,0xa1,0x5a,0x9f,0x9f,0x9f,0x50,0xa2,0xa2,0xa2,0x2c,
    0x91,0x91,0x91,0x07,0x00,0x00,0x00,0x00,0x00,0x00,0x00,0x00,0x00,0x00,0x00,0x00,
    0x00,0x00,0x00,0x00,0x00,0x00,0x00,0x00,0x00,0x00,0x00,0x00,0x00,0x00,0x00,0x00,
    0x00,0x00,0x00,0x00,0x00,0x00,0x00,0x00,0x00,0x00,0x00,0x00,0x00,0x00,0x00,0x00,
    0x00,0x00,0x00,0x00,0x00,0x00,0x00,0x00,0x00,0x00,0x00,0x00,0x00,0x00,0x00,0x00,
    0xda,0x93,0x06,0x53,0xda,0x95,0x03,0xcd,0xe1,0x98,0x01,0xff,0xe0,0x96,0x00,0xff,
    0xdd,0x94,0x00,0xff,0xdd,0x95,0x00,0xff,0xdd,0x95,0x00,0xff,0xdd,0x95,0x00,0xff,
    0xdd,0x95,0x00,0xff,0xdd,0x95,0x00,0xff,0xdd,0x95,0x00,0xff,0xdd,0x95,0x00,0xff,
    0xdd,0x95,0x00,0xff,0xdd,0x95,0x00,0xff,0xdd,0x95,0x00,0xff,0xdd,0x95,0x00,0xff,
    0xdd,0x95,0x00,0xff,0xdd,0x95,0x00,0xff,0xdd,0x95,0x00,0xff,0xdd,0x95,0x00,0xff,
    0xdd,0x95,0x00,0xff,0xdd,0x95,0x00,0xff,0xdd,0x95,0x00,0xff,0xdd,0x95,0x00,0xff,
    0xdd,0x95,0x00,0xff,0xdd,0x95,0x00,0xff,0xdd,0x95,0x00,0xff,0xdd,0x95,0x00,0xff,
    0xdd,0x94,0x00,0xff,0xe0,0x96,0x00,0xff,0xe2,0x97,0x00,0xff,0xda,0x94,0x09,0xbe,
    0xd3,0x95,0x1b,0x41,0xaa,0xaa,0xaa,0x03,0x00,0x00,0x00,0x00,0x00,0x00,0x00,0x00,
    0x00,0x00,0x00,0x00,0x00,0x00,0x00,0x00,0x00,0x00,0x00,0x00,0x00,0x00,0x00,0x00,
    0x00,0x00,0x00,0x00,0x00,0x00,0x00,0x00,0x00,0x00,0x00,0x00,0xcd,0x98,0x22,0x34,
    0xd9,0x95,0x0a,0xa5,0xdc,0x94,0x01,0xf8,0xe5,0x99,0x00,0xff,0xdd,0x94,0x00,0xff,
    0xdd,0x95,0x00,0xff,0xdd,0x95,0x00,0xff,0xdd,0x95,0x00,0xff,0xe3,0x97,0x00,0xff,
    0xd8,0x96,0x0a,0xdd,0xd5,0x97,0x14,0x63,0x00,0x00,0x00,0x00,0x00,0x00,0x00,0x00,
    0x00,0x00,0x00,0x00,0x00,0x00,0x00,0x00,0x00,0x00,0x00,0x00,0x00,0x00,0x00,0x00,
    0x00,0x00,0x00,0x00,0x00,0x00,0x00,0x00,0x00,0x00,0x00,0x00,0x00,0x00,0x00,0x00,
    0x00,0x00,0x00,0x00,0x00,0x00,0x00,0x00,0x00,0x00,0x00,0x00,0x00,0x00,0x00,0x00,
    0x00,0x00,0x00,0x00,0x00,0x00,0x00,0x00,0x00,0x00,0x00,0x00,0x00,0x00,0x00,0x00,
    0x00,0x00,0x00,0x00,0x00,0x00,0x00,0x00,0x00,0x00,0x00,0x00,0x00,0x00,0x00,0x00,
    0x00,0x00,0x00,0x00,0x00,0x00,0x00,0x00,0x99,0x99,0x99,0x23,0xa2,0xa2,0xa2,0x48,
    0xa3,0xa3,0xa3,0x59,0x9f,0x9f,0x9f,0x58,0xa1,0xa1,0xa1,0x57,0xa1,0xa1,0xa1,0x57,
    0xa1,0xa1,0xa1,0x57,0xa1,0xa1,0xa1,0x57,0xa1,0xa1,0xa1,0x57,0xa1,0xa1,0xa1,0x57,
    0xa1,0xa1,0xa1,0x57,0xa1,0xa1,0xa1,0x57,0xa1,0xa1,0xa1,0x57,0xa1,0xa1,0xa1,0x57,
    0xa1,0xa1,0xa1,0x57,0xa1,0xa1,0xa1,0x57,0xa1,0xa1,0xa1,0x57,0xa1,0xa1,0xa1,0x57,
    0xa1,0xa1,0xa1,0x57,0xa1,0xa1,0xa1,0x57,0xa1,0xa1,0xa1,0x57,0xa1,0xa1,0xa1,0x57,
    0xa1,0xa1,0xa1,0x57,0xa1,0xa1,0xa1,0x57,0xa1,0xa1,0xa1,0x57,0xa1,0xa1,0xa1,0x57,
    0xa1,0xa1,0xa1,0x57,0xa1,0xa1,0xa1,0x57,0xa1,0xa1,0xa1,0x57,0xa1,0xa1,0xa1,0x57,
    0xa1,0xa1,0xa1,0x57,0xa1,0xa1,0xa1,0x57,0xa0,0xa0,0xa0,0x5c,0xa2,0xa2,0xa2,0x4d,
    0xa3,0xa3,0xa3,0x27,0xbf,0xbf,0xbf,0x04,0x00,0x00,0x00,0x00,0x00,0x00,0x00,0x00,
    0x00,0x00,0x00,0x00,0x00,0x00,0x00,0x00,0x00,0x00,0x00,0x00,0x00,0x00,0x00,0x00,
    0x00,0x00,0x00,0x00,0x00,0x00,0x00,0x00,0x00,0x00,0x00,0x00,0x00,0x00,0x00,0x00,
    0x00,0x00,0x00,0x00,0x00,0x00,0x00,0x00,0x00,0x00,0x00,0x00,0xd7,0x8f,0x03,0x40,
    0xda,0x94,0x03,0xd0,0xde,0x95,0x00,0xff,0xe0,0x96,0x00,0xff,0xdc,0x93,0x00,0xff,
    0xdd,0x94,0x00,0xff,0xdd,0x94,0x00,0xff,0xdd,0x94,0x00,0xff,0xdd,0x94,0x00,0xff,
    0xdd,0x94,0x00,0xff,0xdd,0x94,0x00,0xff,0xdd,0x94,0x00,0xff,0xdd,0x94,0x00,0xff,
    0xdd,0x94,0x00,0xff,0xdd,0x94,0x00,0xff,0xdd,0x94,0x00,0xff,0xdd,0x94,0x00,0xff,
    0xdd,0x94,0x00,0xff,0xdd,0x94,0x00,0xff,0xdd,0x94,0x00,0xff,0xdd,0x94,0x00,0xff,
    0xdd,0x94,0x00,0xff,0xdd,0x94,0x00,0xff,0xdd,0x94,0x00,0xff,0xdd,0x94,0x00,0xff,
    0xdd,0x94,0x00,0xff,0xdd,0x94,0x00,0xff,0xdd,0x94,0x00,0xff,0xdc,0x93,0x00,0xff,
    0xe0,0x96,0x00,0xff,0xdc,0x93,0x00,0xff,0xd9,0x92,0x04,0xcd,0xce,0x93,0x21,0x45,
    0xff,0x7f,0xff,0x02,0x00,0x00,0x00,0x00,0x00,0x00,0x00,0x00,0x00,0x00,0x00,0x00,
    0x00,0x00,0x00,0x00,0x00,0x00,0x00,0x00,0x00,0x00,0x00,0x00,0x00,0x00,0x00,0x00,
    0x00,0x00,0x00,0x00,0x00,0x00,0x00,0x00,0x00,0x00,0x00,0x00,0x00,0x00,0x00,0x00,
    0xc6,0x99,0x2d,0x2d,0xd7,0x93,0x09,0xa3,0xdb,0x91,0x01,0xf3,0xe3,0x97,0x00,0xff,
    0xdd,0x94,0x00,0xff,0xdd,0x94,0x00,0xff,0xdd,0x94,0x00,0xff,0xe3,0x97,0x00,0xff,
    0xd7,0x94,0x0b,0xc9,0xd2,0x97,0x19,0x51,0x00,0x00,0x00,0x00,0x00,0x00,0x00,0x00,
    0x00,0x00,0x00,0x00,0x00,0x00,0x00,0x00,0x00,0x00,0x00,0x00,0x00,0x00,0x00,0x00,
    0x00,0x00,0x00,0x00,0x00,0x00,0x00,0x00,0x00,0x00,0x00,0x00,0x00,0x00,0x00,0x00,
    0x00,0x00,0x00,0x00,0x00,0x00,0x00,0x00,0x00,0x00,0x00,0x00,0x00,0x00,0x00,0x00,
    0x00,0x00,0x00,0x00,0x00,0x00,0x00,0x00,0x00,0x00,0x00,0x00,0x00,0x00,0x00,0x00,
    0x00,0x00,0x00,0x00,0x00,0x00,0x00,0x00,0x00,0x00,0x00,0x00,0x00,0x00,0x00,0x00,
    0x00,0x00,0x00,0x00,0x00,0x00,0x00,0x00,0x00,0x00,0x00,0x00,0xa2,0xa2,0xa2,0x21,
    0xa3,0xa3,0xa3,0x4b,0x9f,0x9f,0x9f,0x58,0xa1,0xa1,0xa1,0x57,0xa1,0xa1,0xa1,0x57,
    0xa1,0xa1,0xa1,0x57,0xa1,0xa1,0xa1,0x57,0xa1,0xa1,0xa1,0x57,0xa1,0xa1,0xa1,0x57,
    0xa1,0xa1,0xa1,0x57,0xa1,0xa1,0xa1,0x57,0xa1,0xa1,0xa1,0x57,0xa1,0xa1,0xa1,0x57,
    0xa1,0xa1,0xa1,0x57,0xa1,0xa1,0xa1,0x57,0xa1,0xa1,0xa1,0x57,0xa1,0xa1,0xa1,0x57,
    0xa1,0xa1,0xa1,0x57,0xa1,0xa1,0xa1,0x57,0xa1,0xa1,0xa1,0x57,0xa1,0xa1,0xa1,0x57,
    0xa1,0xa1,0xa1,0x57,0xa1,0xa1,0xa1,0x57,0xa1,0xa1,0xa1,0x57,0xa1,0xa1,0xa1,0x57,
    0xa1,0xa1,0xa1,0x57,0xa1,0xa1,0xa1,0x57,0xa1,0xa1,0xa1,0x57,0xa1,0xa1,0xa1,0x57,
    0xa1,0xa1,0xa1,0x57,0xa1,0xa1,0xa1,0x57,0xa1,0xa1,0xa1,0x57,0xa2,0xa2,0xa2,0x5b,
    0xa3,0xa3,0xa3,0x4e,0x9d,0x9d,0x9d,0x22,0xaa,0xaa,0xaa,0x03,0x00,0x00,0x00,0x00,
    0x00,0x00,0x00,0x00,0x00,0x00,0x00,0x00,0x00,0x00,0x00,0x00,0x00,0x00,0x00,0x00,
    0x00,0x00,0x00,0x00,0x00,0x00,0x00,0x00,0x00,0x00,0x00,0x00,0x00,0x00,0x00,0x00,
    0x00,0x00,0x00,0x00,0xff,0x00,0x00,0x01,0xd6,0x8e,0x00,0x32,0xd9,0x91,0x03,0xd3,
    0xdb,0x92,0x01,0xff,0xde,0x94,0x00,0xff,0xdc,0x93,0x00,0xff,0xdc,0x93,0x00,0xff,
    0xdc,0x93,0x00,0xff,0xdc,0x93,0x00,0xff,0xdc,0x93,0x00,0xff,0xdc,0x93,0x00,0xff,
    0xdc,0x93,0x00,0xff,0xdc,0x93,0x00,0xff,0xdc,0x93,0x00,0xff,0xdc,0x93,0x00,0xff,
    0xdc,0x93,0x00,0xff,0xdc,0x93,0x00,0xff,0xdc,0x93,0x00,0xff,0xdc,0x93,0x00,0xff,
    0xdc,0x93,0x00,0xff,0xdc,0x93,0x00,0xff,0xdc,0x93,0x00,0xff,0xdc,0x93,0x00,0xff,
    0xdc,0x93,0x00,0xff,0xdc,0x93,0x00,0xff,0xdc,0x93,0x00,0xff,0xdc,0x93,0x00,0xff,
    0xdc,0x93,0x00,0xff,0xdc,0x93,0x00,0xff,0xdc,0x93,0x00,0xff,0xde,0x94,0x00,0xff,
    0xdc,0x93,0x00,0xff,0xda,0x94,0x04,0xd2,0xce,0x94,0x23,0x4f,0x00,0x00,0x00,0x00,
    0x00,0x00,0x00,0x00,0x00,0x00,0x00,0x00,0x00,0x00,0x00,0x00,0x00,0x00,0x00,0x00,
    0x00,0x00,0x00,0x00,0x00,0x00,0x00,0x00,0x00,0x00,0x00,0x00,0x00,0x00,0x00,0x00,
    0x00,0x00,0x00,0x00,0x00,0x00,0x00,0x00,0x00,0x00,0x00,0x00,0x00,0x00,0x00,0x00,
    0x00,0x00,0x00,0x00,0xc3,0x96,0x3c,0x22,0xd5,0x91,0x0b,0x9a,0xd9,0x91,0x01,0xf6,
    0xde,0x94,0x00,0xff,0xdc,0x93,0x00,0xff,0xdc,0x93,0x00,0xff,0xe4,0x98,0x00,0xff,
    0xd7,0x93,0x0c,0xb4,0xd1,0x96,0x21,0x3d,0x00,0x00,0x00,0x00,0x00,0x00,0x00,0x00,
    0x00,0x00,0x00,0x00,0x00,0x00,0x00,0x00,0x00,0x00,0x00,0x00,0x00,0x00,0x00,0x00,
    0x00,0x00,0x00,0x00,0x00,0x00,0x00,0x00,0x00,0x00,0x00,0x00,0x00,0x00,0x00,0x00,
    0x00,0x00,0x00,0x00,0x00,0x00,0x00,0x00,0x00,0x00,0x00,0x00,0x00,0x00,0x00,0x00,
    0x00,0x00,0x00,0x00,0x00,0x00,0x00,0x00,0x00,0x00,0x00,0x00,0x00,0x00,0x00,0x00,
    0x00,0x00,0x00,0x00,0x00,0x00,0x00,0x00,0x00,0x00,0x00,0x00,0x00,0x00,0x00,0x00,
    0x00,0x00,0x00,0x00,0x00,0x00,0x00,0x00,0x00,0x00,0x00,0x00,0x00,0x00,0x00,0x00,
    0xa0,0xa0,0xa0,0x1b,0xa3,0xa3,0xa3,0x4e,0xa1,0xa1,0xa1,0x57,0xa1,0xa1,0xa1,0x57,
    0xa1,0xa1,0xa1,0x57,0xa1,0xa1,0xa1,0x57,0xa1,0xa1,0xa1,0x57,0xa1,0xa1,0xa1,0x57,
    0xa1,0xa1,0xa1,0x57,0xa1,0xa1,0xa1,0x57,0xa1,0xa1,0xa1,0x57,0xa1,0xa1,0xa1,0x57,
    0xa1,0xa1,0xa1,0x57,0xa1,0xa1,0xa1,0x57,0xa1,0xa1,0xa1,0x57,0xa1,0xa1,0xa1,0x57,
    0xa1,0xa1,0xa1,0x57,0xa1,0xa1,0xa1,0x57,0xa1,0xa1,0xa1,0x57,0xa1,0xa1,0xa1,0x57,
    0xa1,0xa1,0xa1,0x57,0xa1,0xa1,0xa1,0x57,0xa1,0xa1,0xa1,0x57,0xa1,0xa1,0xa1,0x57,
    0xa1,0xa1,0xa1,0x57,0xa1,0xa1,0xa1,0x57,0xa1,0xa1,0xa1,0x57,0xa1,0xa1,0xa1,0x57,
    0xa1,0xa1,0xa1,0x57,0xa1,0xa1,0xa1,0x57,0xa1,0xa1,0xa1,0x57,0xa1,0xa1,0xa1,0x57,
    0xa0,0xa0,0xa0,0x59,0xa4,0xa4,0xa4,0x4f,0x99,0x99,0x99,0x19,0x55,0x55,0x55,0x03,
    0x00,0x00,0x00,0x00,0x00,0x00,0x00,0x00,0x00,0x00,0x00,0x00,0x00,0x00,0x00,0x00,
    0x00,0x00,0x00,0x00,0x00,0x00,0x00,0x00,0x00,0x00,0x00,0x00,0x00,0x00,0x00,0x00,
    0x00,0x00,0x00,0x00,0xd7,0x8d,0x00,0x2d,0xd9,0x90,0x02,0xc7,0xda,0x92,0x00,0xfe,
    0xdc,0x93,0x00,0xff,0xdb,0x92,0x00,0xff,0xdb,0x92,0x00,0xff,0xdb,0x92,0x00,0xff,
    0xdb,0x92,0x00,0xff,0xdb,0x92,0x00,0xff,0xdb,0x92,0x00,0xff,0xdb,0x92,0x00,0xff,
    0xdb,0x92,0x00,0xff,0xdb,0x92,0x00,0xff,0xdb,0x92,0x00,0xff,0xdb,0x92,0x00,0xff,
    0xdb,0x92,0x00,0xff,0xdb,0x92,0x00,0xff,0xdb,0x92,0x00,0xff,0xdb,0x92,0x00,0xff,
    0xdb,0x92,0x00,0xff,0xdb,0x92,0x00,0xff,0xdb,0x92,0x00,0xff,0xdb,0x92,0x00,0xff,
    0xdb,0x92,0x00,0xff,0xdb,0x92,0x00,0xff,0xdb,0x92,0x00,0xff,0xdb,0x92,0x00,0xff,
    0xdb,0x92,0x00,0xff,0xdb,0x92,0x00,0xff,0xdb,0x92,0x00,0xff,0xe1,0x95,0x00,0xff,
    0xd8,0x90,0x06,0xd2,0xd0,0x95,0x23,0x57,0x00,0x00,0x00,0x00,0x00,0x00,0x00,0x00,
    0x00,0x00,0x00,0x00,0x00,0x00,0x00,0x00,0x00,0x00,0x00,0x00,0x00,0x00,0x00,0x00,
    0x00,0x00,0x00,0x00,0x00,0x00,0x00,0x00,0x00,0x00,0x00,0x00,0x00,0x00,0x00,0x00,
    0x00,0x00,0x00,0x00,0x00,0x00,0x00,0x00,0x00,0x00,0x00,0x00,0x00,0x00,0x00,0x00,
    0x00,0x00,0x00,0x00,0x00,0x00,0x00,0x00,0xcc,0x99,0x3d,0x19,0xd5,0x92,0x0d,0x86,
    0xd8,0x91,0x01,0xfe,0xdb,0x92,0x00,0xff,0xdb,0x92,0x00,0xff,0xe5,0x98,0x00,0xff,
    0xd6,0x91,0x0c,0x9e,0xc8,0x91,0x2a,0x2a,0x00,0x00,0x00,0x00,0x00,0x00,0x00,0x00,
    0x00,0x00,0x00,0x00,0x00,0x00,0x00,0x00,0x00,0x00,0x00,0x00,0x00,0x00,0x00,0x00,
    0x00,0x00,0x00,0x00,0x00,0x00,0x00,0x00,0x00,0x00,0x00,0x00,0x00,0x00,0x00,0x00,
    0x00,0x00,0x00,0x00,0x00,0x00,0x00,0x00,0x00,0x00,0x00,0x00,0x00,0x00,0x00,0x00,
    0x00,0x00,0x00,0x00,0x00,0x00,0x00,0x00,0x00,0x00,0x00,0x00,0x00,0x00,0x00,0x00,
    0x00,0x00,0x00,0x00,0x00,0x00,0x00,0x00,0x00,0x00,0x00,0x00,0x00,0x00,0x00,0x00,
    0x00,0x00,0x00,0x00,0x00,0x00,0x00,0x00,0x00,0x00,0x00,0x00,0x00,0x00,0x00,0x00,
    0x7f,0x7f,0x7f,0x02,0x9b,0x9b,0x9b,0x17,0xa1,0xa1,0xa1,0x4f,0xa4,0xa4,0xa4,0x57,
    0xa1,0xa1,0xa1,0x57,0xa1,0xa1,0xa1,0x57,0xa1,0xa1,0xa1,0x57,0xa1,0xa1,0xa1,0x57,
    0xa1,0xa1,0xa1,0x57,0xa1,0xa1,0xa1,0x57,0xa1,0xa1,0xa1,0x57,0xa1,0xa1,0xa1,0x57,
    0xa1,0xa1,0xa1,0x57,0xa1,0xa1,0xa1,0x57,0xa1,0xa1,0xa1,0x57,0xa1,0xa1,0xa1,0x57,
    0xa1,0xa1,0xa1,0x57,0xa1,0xa1,0xa1,0x57,0xa1,0xa1,0xa1,0x57,0xa1,0xa1,0xa1,0x57,
    0xa1,0xa1,0xa1,0x57,0xa1,0xa1,0xa1,0x57,0xa1,0xa1,0xa1,0x57,0xa1,0xa1,0xa1,0x57,
    0xa1,0xa1,0xa1,0x57,0xa1,0xa1,0xa1,0x57,0xa1,0xa1,0xa1,0x57,0xa1,0xa1,0xa1,0x57,
    0xa1,0xa1,0xa1,0x57,0xa1,0xa1,0xa1,0x57,0xa1,0xa1,0xa1,0x57,0xa1,0xa1,0xa1,0x57,
    0xa1,0xa1,0xa1,0x57,0xa1,0xa1,0xa1,0x57,0xa0,0xa0,0xa0,0x4e,0x9b,0x9b,0x9b,0x12,
    0x00,0x00,0x00,0x01,0x00,0x00,0x00,0x00,0x00,0x00,0x00,0x00,0x00,0x00,0x00,0x00,
    0x00,0x00,0x00,0x00,0x00,0x00,0x00,0x00,0x00,0x00,0x00,0x00,0x00,0x00,0x00,0x00,
    0xd7,0x8d,0x00,0x2d,0xd9,0x8f,0x00,0xab,0xdc,0x92,0x00,0xff,0xdb,0x91,0x00,0xff,
    0xdb,0x91,0x00,0xff,0xdb,0x91,0x00,0xff,0xdb,0x91,0x00,0xff,0xdb,0x91,0x00,0xff,
    0xdb,0x91,0x00,0xff,0xdb,0x91,0x00,0xff,0xdb,0x91,0x00,0xff,0xdb,0x91,0x00,0xff,
    0xdb,0x91,0x00,0xff,0xdb,0x91,0x00,0xff,0xdb,0x91,0x00,0xff,0xdb,0x91,0x00,0xff,
    0xdb,0x91,0x00,0xff,0xdb,0x91,0x00,0xff,0xdb,0x91,0x00,0xff,0xdb,0x91,0x00,0xff,
    0xdb,0x91,0x00,0xff,0xdb,0x91,0x00,0xff,0xdb,0x91,0x00,0xff,0xdb,0x91,0x00,0xff,
    0xdb,0x91,0x00,0xff,0xdb,0x91,0x00,0xff,0xdb,0x91,0x00,0xff,0xdb,0x91,0x00,0xff,
    0xdb,0x91,0x00,0xff,0xdb,0x91,0x00,0xff,0xe6,0x98,0x00,0xff,0xd6,0x91,0x09,0xd0,
    0xd0,0x94,0x1b,0x5d,0x00,0x00,0x00,0x00,0x00,0x00,0x00,0x00,0x00,0x00,0x00,0x00,
    0x00,0x00,0x00,0x00,0x00,0x00,0x00,0x00,0x00,0x00,0x00,0x00,0x00,0x00,0x00,0x00,
    0x00,0x00,0x00,0x00,0x00,0x00,0x00,0x00,0x00,0x00,0x00,0x00,0x00,0x00,0x00,0x00,
    0x00,0x00,0x00,0x00,0x00,0x00,0x00,0x00,0x00,0x00,0x00,0x00,0x00,0x00,0x00,0x00,
    0x00,0x00,0x00,0x00,0x00,0x00,0x00,0x00,0x00,0x00,0x00,0x00,0xc7,0x90,0x21,0x17,
    0xd3,0x93,0x12,0x70,0xd9,0x91,0x04,0xff,0xdc,0x92,0x00,0xff,0xe7,0x99,0x00,0xff,
    0xd7,0x93,0x09,0x87,0xb6,0x9d,0x3c,0x15,0x00,0x00,0x00,0x00,0x00,0x00,0x00,0x00,
    0x00,0x00,0x00,0x00,0x00,0x00,0x00,0x00,0x00,0x00,0x00,0x00,0x00,0x00,0x00,0x00,
    0x00,0x00,0x00,0x00,0x00,0x00,0x00,0x00,0x00,0x00,0x00,0x00,0x00,0x00,0x00,0x00,
    0x00,0x00,0x00,0x00,0x00,0x00,0x00,0x00,0x00,0x00,0x00,0x00,0x00,0x00,0x00,0x00,
    0x00,0x00,0x00,0x00,0x00,0x00,0x00,0x00,0x00,0x00,0x00,0x00,0x00,0x00,0x00,0x00,
    0x00,0x00,0x00,0x00,0x00,0x00,0x00,0x00,0x00,0x00,0x00,0x00,0x00,0x00,0x00,0x00,
    0x00,0x00,0x00,0x00,0x00,0x00,0x00,0x00,0x00,0x00,0x00,0x00,0x00,0x00,0x00,0x00,
    0x00,0x00,0x00,0x00,0x7f,0x7f,0x7f,0x02,0x99,0x99,0x99,0x19,0xa1,0xa1,0xa1,0x4c,
    0x9f,0x9f,0x9f,0x58,0x9f,0x9f,0x9f,0x58,0xa1,0xa1,0xa1,0x57,0xa1,0xa1,0xa1,0x57,
    0xa1,0xa1,0xa1,0x57,0xa1,0xa1,0xa1,0x57,0xa1,0xa1,0xa1,0x57,0xa1,0xa1,0xa1,0x57,
    0xa1,0xa1,0xa1,0x57,0xa1,0xa1,0xa1,0x57,0xa1,0xa1,0xa1,0x57,0xa1,0xa1,0xa1,0x57,
    0xa1,0xa1,0xa1,0x57,0xa1,0xa1,0xa1,0x57,0xa1,0xa1,0xa1,0x57,0xa1,0xa1,0xa1,0x57,
    0xa1,0xa1,0xa1,0x57,0xa1,0xa1,0xa1,0x57,0xa1,0xa1,0xa1,0x57,0xa1,0xa1,0xa1,0x57,
    0xa1,0xa1,0xa1,0x57,0xa1,0xa1,0xa1,0x57,0xa1,0xa1,0xa1,0x57,0xa1,0xa1,0xa1,0x57,
    0xa1,0xa1,0xa1,0x57,0xa1,0xa1,0xa1,0x57,0xa1,0xa1,0xa1,0x57,0xa1,0xa1,0xa1,0x57,
    0xa1,0xa1,0xa1,0x57,0xa1,0xa1,0xa1,0x57,0xa1,0xa1,0xa1,0x57,0xa3,0xa3,0xa3,0x43,
    0x96,0x96,0x96,0x11,0x00,0x00,0x00,0x00,0x00,0x00,0x00,0x00,0x00,0x00,0x00,0x00,
    0x00,0x00,0x00,0x00,0x00,0x00,0x00,0x00,0x00,0x00,0x00,0x00,0xd2,0x8c,0x00,0x28,
    0xda,0x8f,0x00,0x99,0xda,0x90,0x00,0xfb,0xdd,0x92,0x00,0xff,0xda,0x90,0x00,0xff,
    0xda,0x90,0x00,0xff,0xda,0x90,0x00,0xff,0xda,0x90,0x00,0xff,0xda,0x90,0x00,0xff,
    0xda,0x90,0x00,0xff,0xda,0x90,0x00,0xff,0xda,0x90,0x00,0xff,0xda,0x90,0x00,0xff,
    0xda,0x90,0x00,0xff,0xda,0x90,0x00,0xff,0xda,0x90,0x00,0xff,0xda,0x90,0x00,0xff,
    0xda,0x90,0x00,0xff,0xda,0x90,0x00,0xff,0xda,0x90,0x00,0xff,0xda,0x90,0x00,0xff,
    0xda,0x90,0x00,0xff,0xda,0x90,0x00,0xff,0xda,0x90,0x00,0xff,0xda,0x90,0x00,0xff,
    0xda,0x90,0x00,0xff,0xda,0x90,0x00,0xff,0xda,0x90,0x00,0xff,0xda,0x90,0x00,0xff,
    0xda,0x90,0x00,0xff,0xe4,0x96,0x00,0xff,0xd7,0x90,0x0a,0xd5,0xd2,0x92,0x13,0x5c,
    0xcc,0x99,0x33,0x05,0x00,0x00,0x00,0x00,0x00,0x00,0x00,0x00,0x00,0x00,0x00,0x00,
    0x00,0x00,0x00,0x00,0x00,0x00,0x00,0x00,0x00,0x00,0x00,0x00,0x00,0x00,0x00,0x00,
    0x00,0x00,0x00,0x00,0x00,0x00,0x00,0x00,0x00,0x00,0x00,0x00,0x00,0x00,0x00,0x00,
    0x00,0x00,0x00,0x00,0x00,0x00,0x00,0x00,0x00,0x00,0x00,0x00,0x00,0x00,0x00,0x00,
    0x00,0x00,0x00,0x00,0x00,0x00,0x00,0x00,0x00,0x00,0x00,0x00,0x00,0x00,0x00,0x00,
    0xce,0x9d,0x24,0x15,0xd4,0x92,0x0e,0x67,0xd7,0x90,0x04,0xf5,0xed,0x9c,0x00,0xff,
    0xd9,0x91,0x02,0x6d,0x00,0x00,0x00,0x00,0x00,0x00,0x00,0x00,0x00,0x00,0x00,0x00,
    0x00,0x00,0x00,0x00,0x00,0x00,0x00,0x00,0x00,0x00,0x00,0x00,0x00,0x00,0x00,0x00,
    0x00,0x00,0x00,0x00,0x00,0x00,0x00,0x00,0x00,0x00,0x00,0x00,0x00,0x00,0x00,0x00,
    0x00,0x00,0x00,0x00,0x00,0x00,0x00,0x00,0x00,0x00,0x00,0x00,0x00,0x00,0x00,0x00,
    0x00,0x00,0x00,0x00,0x00,0x00,0x00,0x00,0x00,0x00,0x00,0x00,0x00,0x00,0x00,0x00,
    0x00,0x00,0x00,0x00,0x00,0x00,0x00,0x00,0x00,0x00,0x00,0x00,0x00,0x00,0x00,0x00,
    0x00,0x00,0x00,0x00,0x00,0x00,0x00,0x00,0x00,0x00,0x00,0x00,0x00,0x00,0x00,0x00,
    0x00,0x00,0x00,0x00,0x00,0x00,0x00,0x00,0x00,0x00,0x00,0x01,0x9c,0x9c,0x9c,0x1f,
    0xa1,0xa1,0xa1,0x4a,0xa0,0xa0,0xa0,0x59,0xa2,0xa2,0xa2,0x58,0xa1,0xa1,0xa1,0x57,
    0xa1,0xa1,0xa1,0x57,0xa1,0xa1,0xa1,0x57,0xa1,0xa1,0xa1,0x57,0xa1,0xa1,0xa1,0x57,
    0xa1,0xa1,0xa1,0x57,0xa1,0xa1,0xa1,0x57,0xa1,0xa1,0xa1,0x57,0xa1,0xa1,0xa1,0x57,
    0xa1,0xa1,0xa1,0x57,0xa1,0xa1,0xa1,0x57,0xa1,0xa1,0xa1,0x57,0xa1,0xa1,0xa1,0x57,
    0xa1,0xa1,0xa1,0x57,0xa1,0xa1,0xa1,0x57,0xa1,0xa1,0xa1,0x57,0xa1,0xa1,0xa1,0x57,
    0xa1,0xa1,0xa1,0x57,0xa1,0xa1,0xa1,0x57,0xa1,0xa1,0xa1,0x57,0xa1,0xa1,0xa1,0x57,
    0xa1,0xa1,0xa1,0x57,0xa1,0xa1,0xa1,0x57,0xa1,0xa1,0xa1,0x57,0xa1,0xa1,0xa1,0x57,
    0xa1,0xa1,0xa1,0x57,0xa1,0xa1,0xa1,0x57,0xa1,0xa1,0xa1,0x57,0xa2,0xa2,0xa2,0x58,
    0x9f,0x9f,0x9f,0x38,0x99,0x99,0x99,0x0f,0x00,0x00,0x00,0x00,0x00,0x00,0x00,0x00,
    0x00,0x00,0x00,0x00,0x00,0x00,0x00,0x00,0xd8,0x8c,0x00,0x14,0xd8,0x8f,0x00,0x8b,
    0xd8,0x8e,0x00,0xf1,0xe1,0x94,0x00,0xff,0xd9,0x8f,0x00,0xff,0xd9,0x8f,0x00,0xff,
    0xd9,0x8f,0x00,0xff,0xd9,0x8f,0x00,0xff,0xd9,0x8f,0x00,0xff,0xd9,0x8f,0x00,0xff,
    0xd9,0x8f,0x00,0xff,0xd9,0x8f,0x00,0xff,0xd9,0x8f,0x00,0xff,0xd9,0x8f,0x00,0xff,
    0xd9,0x8f,0x00,0xff,0xd9,0x8f,0x00,0xff,0xd9,0x8f,0x00,0xff,0xd9,0x8f,0x00,0xff,
    0xd9,0x8f,0x00,0xff,0xd9,0x8f,0x00,0xff,0xd9,0x8f,0x00,0xff,0xd9,0x8f,0x00,0xff,
    0xd9,0x8f,0x00,0xff,0xd9,0x8f,0x00,0xff,0xd9,0x8f,0x00,0xff,0xd9,0x8f,0x00,0xff,
    0xd9,0x8f,0x00,0xff,0xd9,0x8f,0x00,0xff,0xd9,0x8f,0x00,0xff,0xdb,0x90,0x00,0xff,
    0xde,0x93,0x00,0xff,0xd5,0x90,0x09,0xde,0xd2,0x91,0x14,0x62,0xbf,0x94,0x2a,0x0c,
    0x00,0x00,0x00,0x00,0x00,0x00,0x00,0x00,0x00,0x00,0x00,0x00,0x00,0x00,0x00,0x00,
    0x00,0x00,0x00,0x00,0x00,0x00,0x00,0x00,0x00,0x00,0x00,0x00,0x00,0x00,0x00,0x00,
    0x00,0x00,0x00,0x00,0x00,0x00,0x00,0x00,0x00,0x00,0x00,0x00,0x00,0x00,0x00,0x00,
    0x00,0x00,0x00,0x00,0x00,0x00,0x00,0x00,0x00,0x00,0x00,0x00,0x00,0x00,0x00,0x00,
    0x00,0x00,0x00,0x00,0x00,0x00,0x00,0x00,0x00,0x00,0x00,0x00,0x00,0x00,0x00,0x00,
    0x00,0x00,0x00,0x00,0xcc,0x99,0x33,0x0f,0xd3,0x91,0x0d,0x70,0xd8,0x90,0x08,0xec,
    0xd6,0x90,0x05,0x5f,0x00,0x00,0x00,0x00,0x00,0x00,0x00,0x00,0x00,0x00,0x00,0x00,
    0x00,0x00,0x00,0x00,0x00,0x00,0x00,0x00,0x00,0x00,0x00,0x00,0x00,0x00,0x00,0x00,
    0x00,0x00,0x00,0x00,0x00,0x00,0x00,0x00,0x00,0x00,0x00,0x00,0x00,0x00,0x00,0x00,
    0x00,0x00,0x00,0x00,0x00,0x00,0x00,0x00,0x00,0x00,0x00,0x00,0x00,0x00,0x00,0x00,
    0x00,0x00,0x00,0x00,0x00,0x00,0x00,0x00,0x00,0x00,0x00,0x00,0x00,0x00,0x00,0x00,
    0x00,0x00,0x00,0x00,0x00,0x00,0x00,0x00,0x00,0x00,0x00,0x00,0x00,0x00,0x00,0x00,
    0x00,0x00,0x00,0x00,0x00,0x00,0x00,0x00,0x00,0x00,0x00,0x00,0x00,0x00,0x00,0x00,
    0x00,0x00,0x00,0x00,0x00,0x00,0x00,0x00,0x00,0x00,0x00,0x00,0x00,0x00,0x00,0x00,
    0xa0,0xa0,0xa0,0x23,0xa2,0xa2,0xa2,0x48,0xa0,0xa0,0xa0,0x59,0xa2,0xa2,0xa2,0x58,
    0xa1,0xa1,0xa1,0x57,0xa1,0xa1,0xa1,0x57,0xa1,0xa1,0xa1,0x57,0xa1,0xa1,0xa1,0x57,
    0xa1,0xa1,0xa1,0x57,0xa1,0xa1,0xa1,0x57,0xa1,0xa1,0xa1,0x57,0xa1,0xa1,0xa1,0x57,
    0xa1,0xa1,0xa1,0x57,0xa1,0xa1,0xa1,0x57,0xa1,0xa1,0xa1,0x57,0xa1,0xa1,0xa1,0x57,
    0xa1,0xa1,0xa1,0x57,0xa1,0xa1,0xa1,0x57,0xa1,0xa1,0xa1,0x57,0xa1,0xa1,0xa1,0x57,
    0xa1,0xa1,0xa1,0x57,0xa1,0xa1,0xa1,0x57,0xa1,0xa1,0xa1,0x57,0xa1,0xa1,0xa1,0x57,
    0xa1,0xa1,0xa1,0x57,0xa1,0xa1,0xa1,0x57,0xa1,0xa1,0xa1,0x57,0xa1,0xa1,0xa1,0x57,
    0xa1,0xa1,0xa1,0x57,0xa1,0xa1,0xa1,0x57,0xa1,0xa1,0xa1,0x57,0xa2,0xa2,0xa2,0x58,
    0xa3,0xa3,0xa3,0x56,0xa4,0xa4,0xa4,0x30,0xbf,0xbf,0xbf,0x08,0x00,0x00,0x00,0x00,
    0x00,0x00,0x00,0x00,0xd4,0x7f,0x00,0x06,0xd5,0x8c,0x00,0x76,0xd9,0x8e,0x00,0xe5,
    0xe4,0x96,0x00,0xff,0xd8,0x8f,0x00,0xfe,0xd9,0x8f,0x00,0xff,0xd9,0x8f,0x00,0xff,
    0xd9,0x8f,0x00,0xff,0xd9,0x8f,0x00,0xff,0xd9,0x8f,0x00,0xff,0xd9,0x8f,0x00,0xff,
    0xd9,0x8f,0x00,0xff,0xd9,0x8f,0x00,0xff,0xd9,0x8f,0x00,0xff,0xd9,0x8f,0x00,0xff,
    0xd9,0x8f,0x00,0xff,0xd9,0x8f,0x00,0xff,0xd9,0x8f,0x00,0xff,0xd9,0x8f,0x00,0xff,
    0xd9,0x8f,0x00,0xff,0xd9,0x8f,0x00,0xff,0xd9,0x8f,0x00,0xff,0xd9,0x8f,0x00,0xff,
    0xd9,0x8f,0x00,0xff,0xd9,0x8f,0x00,0xff,0xd9,0x8f,0x00,0xff,0xd9,0x8f,0x00,0xff,
    0xd9,0x8f,0x00,0xff,0xd8,0x8f,0x00,0xff,0xdb,0x90,0x00,0xff,0xda,0x90,0x00,0xff,
    0xd6,0x90,0x06,0xe3,0xcf,0x92,0x15,0x6c,0xcc,0x99,0x33,0x0a,0x00,0x00,0x00,0x00,
    0xff,0x00,0x00,0x01,0x00,0x00,0x00,0x00,0x00,0x00,0x00,0x00,0x00,0x00,0x00,0x00,
    0x00,0x00,0x00,0x00,0x00,0x00,0x00,0x00,0x00,0x00,0x00,0x00,0x00,0x00,0x00,0x00,
    0x00,0x00,0x00,0x00,0x00,0x00,0x00,0x00,0x00,0x00,0x00,0x00,0x00,0x00,0x00,0x00,
    0x00,0x00,0x00,0x00,0x00,0x00,0x00,0x00,0x00,0x00,0x00,0x00,0x00,0x00,0x00,0x00,
    0x00,0x00,0x00,0x00,0x00,0x00,0x00,0x00,0x00,0x00,0x00,0x00,0x00,0x00,0x00,0x00,
    0x00,0x00,0x00,0x00,0x00,0x00,0x00,0x00,0x66,0x99,0x99,0x05,0xd2,0x91,0x11,0x72,
    0xd2,0x91,0x0f,0x33,0x00,0x00,0x00,0x00,0x00,0x00,0x00,0x00,0x00,0x00,0x00,0x00,
    0x00,0x00,0x00,0x00,0x00,0x00,0x00,0x00,0x00,0x00,0x00,0x00,0x00,0x00,0x00,0x00,
    0x00,0x00,0x00,0x00,0x00,0x00,0x00,0x00,0x00,0x00,0x00,0x00,0x00,0x00,0x00,0x00,
    0x00,0x00,0x00,0x00,0x00,0x00,0x00,0x00,0x00,0x00,0x00,0x00,0x00,0x00,0x00,0x00,
    0x00,0x00,0x00,0x00,0x00,0x00,0x00,0x00,0x00,0x00,0x00,0x00,0x00,0x00,0x00,0x00,
    0x00,0x00,0x00,0x00,0x00,0x00,0x00,0x00,0x00,0x00,0x00,0x00,0x00,0x00,0x00,0x00,
    0x00,0x00,0x00,0x00,0x00,0x00,0x00,0x00,0x00,0x00,0x00,0x00,0x00,0x00,0x00,0x00,
    0x00,0x00,0x00,0x00,0x00,0x00,0x00,0x00,0x00,0x00,0x00,0x00,0x00,0x00,0x00,0x00,
    0x00,0x00,0x00,0x00,0x9d,0x9d,0x9d,0x22,0xa1,0xa1,0xa1,0x4a,0xa2,0xa2,0xa2,0x58,
    0x9f,0x9f,0x9f,0x58,0xa1,0xa1,0xa1,0x57,0xa1,0xa1,0xa1,0x57,0xa1,0xa1,0xa1,0x57,
    0xa1,0xa1,0xa1,0x57,0xa1,0xa1,0xa1,0x57,0xa1,0xa1,0xa1,0x57,0xa1,0xa1,0xa1,0x57,
    0xa1,0xa1,0xa1,0x57,0xa1,0xa1,0xa1,0x57,0xa1,0xa1,0xa1,0x57,0xa1,0xa1,0xa1,0x57,
    0xa1,0xa1,0xa1,0x57,0xa1,0xa1,0xa1,0x57,0xa1,0xa1,0xa1,0x57,0xa1,0xa1,0xa1,0x57,
    0xa1,0xa1,0xa1,0x57,0xa1,0xa1,0xa1,0x57,0xa1,0xa1,0xa1,0x57,0xa1,0xa1,0xa1,0x57,
    0xa1,0xa1,0xa1,0x57,0xa1,0xa1,0xa1,0x57,0xa1,0xa1,0xa1,0x57,0xa1,0xa1,0xa1,0x57,
    0xa1,0xa1,0xa1,0x57,0xa1,0xa1,0xa1,0x57,0xa1,0xa1,0xa1,0x57,0xa1,0xa1,0xa1,0x57,
    0xa1,0xa1,0xa1,0x5a,0x9e,0x9e,0x9e,0x4f,0xa3,0xa3,0xa3,0x2a,0x00,0x00,0x00,0x00,
    0xbf,0x7f,0x00,0x04,0xd5,0x89,0x00,0x50,0xd7,0x8d,0x00,0xe1,0xe0,0x94,0x00,0xff,
    0xd8,0x8e,0x00,0xff,0xd8,0x8f,0x00,0xff,0xd8,0x8f,0x00,0xff,0xd8,0x8f,0x00,0xff,
    0xd8,0x8f,0x00,0xff,0xd8,0x8f,0x00,0xff,0xd8,0x8f,0x00,0xff,0xd8,0x8f,0x00,0xff,
    0xd8,0x8f,0x00,0xff,0xd8,0x8f,0x00,0xff,0xd8,0x8f,0x00,0xff,0xd8,0x8f,0x00,0xff,
    0xd8,0x8f,0x00,0xff,0xd8,0x8f,0x00,0xff,0xd8,0x8f,0x00,0xff,0xd8,0x8f,0x00,0xff,
    0xd8,0x8f,0x00,0xff,0xd8,0x8f,0x00,0xff,0xd8,0x8f,0x00,0xff,0xd8,0x8f,0x00,0xff,
    0xd8,0x8f,0x00,0xff,0xd8,0x8f,0x00,0xff,0xd8,0x8f,0x00,0xff,0xd8,0x8f,0x00,0xff,
    0xd8,0x8f,0x00,0xff,0xd9,0x90,0x00,0xff,0xda,0x90,0x01,0xff,0xd6,0x8f,0x04,0xe5,
    0xcf,0x92,0x16,0x7c,0xff,0xff,0x00,0x01,0x00,0x00,0x00,0x00,0x00,0x00,0x00,0x01,
    0x00,0x00,0x00,0x00,0x00,0x00,0x00,0x00,0x00,0x00,0x00,0x00,0x00,0x00,0x00,0x00,
    0x00,0x00,0x00,0x00,0x00,0x00,0x00,0x00,0x00,0x00,0x00,0x00,0x00,0x00,0x00,0x00,
    0x00,0x00,0x00,0x00,0x00,0x00,0x00,0x00,0x00,0x00,0x00,0x00,0x00,0x00,0x00,0x00,
    0x00,0x00,0x00,0x00,0x00,0x00,0x00,0x00,0x00,0x00,0x00,0x00,0x00,0x00,0x00,0x00,
    0x00,0x00,0x00,0x00,0x00,0x00,0x00,0x00,0x00,0x00,0x00,0x00,0x00,0x00,0x00,0x00,
    0x00,0x00,0x00,0x00,0x00,0x00,0x00,0x00,0x00,0x00,0x00,0x00,0x00,0x00,0x00,0x00,
    0x00,0x00,0x00,0x00,0x00,0x00,0x00,0x00,0x00,0x00,0x00,0x00,0x00,0x00,0x00,0x00,
    0x00,0x00,0x00,0x00,0x00,0x00,0x00,0x00,0x00,0x00,0x00,0x00,0x00,0x00,0x00,0x00,
    0x00,0x00,0x00,0x00,0x00,0x00,0x00,0x00,0x00,0x00,0x00,0x00,0x00,0x00,0x00,0x00,
    0x00,0x00,0x00,0x00,0x00,0x00,0x00,0x00,0x00,0x00,0x00,0x00,0x00,0x00,0x00,0x00,
    0x00,0x00,0x00,0x00,0x00,0x00,0x00,0x00,0x00,0x00,0x00,0x00,0x00,0x00,0x00,0x00,
    0x00,0x00,0x00,0x00,0x00,0x00,0x00,0x00,0x00,0x00,0x00,0x00,0x00,0x00,0x00,0x00,
    0x00,0x00,0x00,0x00,0x00,0x00,0x00,0x00,0x00,0x00,0x00,0x00,0x00,0x00,0x00,0x00,
    0x00,0x00,0x00,0x00,0x00,0x00,0x00,0x00,0x00,0x00,0x00,0x00,0x00,0x00,0x00,0x00,
    0x00,0x00,0x00,0x00,0x00,0x00,0x00,0x00,0xa1,0xa1,0xa1,0x1e,0xa4,0xa4,0xa4,0x4c,
    0x9f,0x9f,0x9f,0x58,0xa1,0xa1,0xa1,0x57,0xa1,0xa1,0xa1,0x57,0xa1,0xa1,0xa1,0x57,
    0xa1,0xa1,0xa1,0x57,0xa1,0xa1,0xa1,0x57,0xa1,0xa1,0xa1,0x57,0xa1,0xa1,0xa1,0x57,
    0xa1,0xa1,0xa1,0x57,0xa1,0xa1,0xa1,0x57,0xa1,0xa1,0xa1,0x57,0xa1,0xa1,0xa1,0x57,
    0xa1,0xa1,0xa1,0x57,0xa1,0xa1,0xa1,0x57,0xa1,0xa1,0xa1,0x57,0xa1,0xa1,0xa1,0x57,
    0xa1,0xa1,0xa1,0x57,0xa1,0xa1,0xa1,0x57,0xa1,0xa1,0xa1,0x57,0xa1,0xa1,0xa1,0x57,
    0xa1,0xa1,0xa1,0x57,0xa1,0xa1,0xa1,0x57,0xa1,0xa1,0xa1,0x57,0xa1,0xa1,0xa1,0x57,
    0xa1,0xa1,0xa1,0x57,0xa1,0xa1,0xa1,0x57,0xa1,0xa1,0xa1,0x57,0xa1,0xa1,0xa1,0x57,
    0xa1,0xa1,0xa1,0x57,0x9f,0x9f,0x9f,0x5b,0x9f,0x9f,0xa6,0x48,0xa7,0x9f,0x97,0x20,
    0xd0,0x8b,0x00,0x2c,0xd6,0x8c,0x00,0xdd,0xd9,0x8e,0x00,0xff,0xd9,0x8f,0x00,0xff,
    0xd8,0x8e,0x00,0xff,0xd8,0x8e,0x00,0xff,0xd8,0x8e,0x00,0xff,0xd8,0x8e,0x00,0xff,
    0xd8,0x8e,0x00,0xff,0xd8,0x8e,0x00,0xff,0xd8,0x8e,0x00,0xff,0xd8,0x8e,0x00,0xff,
    0xd8,0x8e,0x00,0xff,0xd8,0x8e,0x00,0xff,0xd8,0x8e,0x00,0xff,0xd8,0x8e,0x00,0xff,
    0xd8,0x8e,0x00,0xff,0xd8,0x8e,0x00,0xff,0xd8,0x8e,0x00,0xff,0xd8,0x8e,0x00,0xff,
    0xd8,0x8e,0x00,0xff,0xd8,0x8e,0x00,0xff,0xd8,0x8e,0x00,0xff,0xd8,0x8e,0x00,0xff,
    0xd8,0x8e,0x00,0xff,0xd8,0x8e,0x00,0xff,0xd8,0x8e,0x00,0xff,0xd8,0x8e,0x00,0xff,
    0xd8,0x8e,0x00,0xff,0xdb,0x90,0x00,0xff,0xd6,0x8d,0x04,0xe8,0xd0,0x91,0x16,0x89,
    0x00,0x00,0x00,0x00,0x00,0x00,0x00,0x00,0x00,0x00,0x00,0x00,0x00,0x00,0x00,0x00,
    0x00,0x00,0x00,0x00,0x00,0x00,0x00,0x00,0x00,0x00,0x00,0x00,0x00,0x00,0x00,0x00,
    0x00,0x00,0x00,0x00,0x00,0x00,0x00,0x00,0x00,0x00,0x00,0x00,0x00,0x00,0x00,0x00,
    0x00,0x00,0x00,0x00,0x00,0x00,0x00,0x00,0x00,0x00,0x00,0x00,0x00,0x00,0x00,0x00,
    0x00,0x00,0x00,0x00,0x00,0x00,0x00,0x00,0x00,0x00,0x00,0x00,0x00,0x00,0x00,0x00,
    0x00,0x00,0x00,0x00,0x00,0x00,0x00,0x00,0x00,0x00,0x00,0x00,0x00,0x00,0x00,0x00,
    0x00,0x00,0x00,0x00,0x00,0x00,0x00,0x00,0x00,0x00,0x00,0x00,0x00,0x00,0x00,0x00,
    0x00,0x00,0x00,0x00,0x00,0x00,0x00,0x00,0x00,0x00,0x00,0x00,0x00,0x00,0x00,0x00,
    0x00,0x00,0x00,0x00,0x00,0x00,0x00,0x00,0x00,0x00,0x00,0x00,0x00,0x00,0x00,0x00,
    0x00,0x00,0x00,0x00,0x00,0x00,0x00,0x00,0x00,0x00,0x00,0x00,0x00,0x00,0x00,0x00,
    0x00,0x00,0x00,0x00,0x00,0x00,0x00,0x00,0x00,0x00,0x00,0x00,0x00,0x00,0x00,0x00,
    0x00,0x00,0x00,0x00,0x00,0x00,0x00,0x00,0x00,0x00,0x00,0x00,0x00,0x00,0x00,0x00,
    0x00,0x00,0x00,0x00,0x00,0x00,0x00,0x00,0x00,0x00,0x00,0x00,0x00,0x00,0x00,0x00,
    0x00,0x00,0x00,0x00,0x00,0x00,0x00,0x00,0x00,0x00,0x00,0x00,0x00,0x00,0x00,0x00,
    0x00,0x00,0x00,0x00,0x00,0x00,0x00,0x00,0x00,0x00,0x00,0x00,0x00,0x00,0x00,0x00,
    0x00,0x00,0x00,0x00,0x00,0x00,0x00,0x00,0xff,0xff,0xff,0x01,0x9f,0x9f,0x9f,0x18,
    0xa2,0xa2,0xa2,0x4d,0xa1,0xa1,0xa1,0x57,0xa1,0xa1,0xa1,0x57,0xa1,0xa1,0xa1,0x57,
    0xa1,0xa1,0xa1,0x57,0xa1,0xa1,0xa1,0x57,0xa1,0xa1,0xa1,0x57,0xa1,0xa1,0xa1,0x57,
    0xa1,0xa1,0xa1,0x57,0xa1,0xa1,0xa1,0x57,0xa1,0xa1,0xa1,0x57,0xa1,0xa1,0xa1,0x57,
    0xa1,0xa1,0xa1,0x57,0xa1,0xa1,0xa1,0x57,0xa1,0xa1,0xa1,0x57,0xa1,0xa1,0xa1,0x57,
    0xa1,0xa1,0xa1,0x57,0xa1,0xa1,0xa1,0x57,0xa1,0xa1,0xa1,0x57,0xa1,0xa1,0xa1,0x57,
    0xa1,0xa1,0xa1,0x57,0xa1,0xa1,0xa1,0x57,0xa1,0xa1,0xa1,0x57,0xa1,0xa1,0xa1,0x57,
    0xa1,0xa1,0xa1,0x57,0xa1,0xa1,0xa1,0x57,0xa1,0xa1,0xa1,0x57,0xa1,0xa1,0xa1,0x57,
    0xa1,0xa1,0xa1,0x57,0xa1,0xa1,0xa1,0x57,0x9b,0xa1,0xae,0x52,0xb3,0x9a,0x71,0x65,
    0xd7,0x8c,0x01,0xc6,0xd6,0x8c,0x00,0xfb,0xd8,0x8e,0x00,0xff,0xd7,0x8d,0x00,0xff,
    0xd7,0x8d,0x00,0xff,0xd7,0x8d,0x00,0xff,0xd7,0x8d,0x00,0xff,0xd7,0x8d,0x00,0xff,
    0xd7,0x8d,0x00,0xff,0xd7,0x8d,0x00,0xff,0xd7,0x8d,0x00,0xff,0xd7,0x8d,0x00,0xff,
    0xd7,0x8d,0x00,0xff,0xd7,0x8d,0x00,0xff,0xd7,0x8d,0x00,0xff,0xd7,0x8d,0x00,0xff,
    0xd7,0x8d,0x00,0xff,0xd7,0x8d,0x00,0xff,0xd7,0x8d,0x00,0xff,0xd7,0x8d,0x00,0xff,
    0xd7,0x8d,0x00,0xff,0xd7,0x8d,0x00,0xff,0xd7,0x8d,0x00,0xff,0xd7,0x8d,0x00,0xff,
    0xd7,0x8d,0x00,0xff,0xd7,0x8d,0x00,0xff,0xd7,0x8d,0x00,0xff,0xd7,0x8d,0x00,0xff,
    0xdd,0x90,0x00,0xff,0xd4,0x8d,0x06,0xee,0xd2,0x8e,0x10,0x88,0x00,0x00,0x00,0x00,
    0x00,0x00,0x00,0x00,0x00,0x00,0x00,0x00,0x00,0x00,0x00,0x00,0x00,0x00,0x00,0x00,
    0x00,0x00,0x00,0x00,0x00,0x00,0x00,0x00,0x00,0x00,0x00,0x00,0x00,0x00,0x00,0x00,
    0x00,0x00,0x00,0x00,0x00,0x00,0x00,0x00,0x00,0x00,0x00,0x00,0x00,0x00,0x00,0x00,
    0x00,0x00,0x00,0x00,0x00,0x00,0x00,0x00,0x00,0x00,0x00,0x00,0x00,0x00,0x00,0x00,
    0x00,0x00,0x00,0x00,0x00,0x00,0x00,0x00,0x00,0x00,0x00,0x00,0x00,0x00,0x00,0x00,
    0x00,0x00,0x00,0x00,0x00,0x00,0x00,0x00,0x00,0x00,0x00,0x00,0x00,0x00,0x00,0x00,
    0x00,0x00,0x00,0x00,0x00,0x00,0x00,0x00,0x00,0x00,0x00,0x00,0x00,0x00,0x00,0x00,
    0x00,0x00,0x00,0x00,0x00,0x00,0x00,0x00,0x00,0x00,0x00,0x00,0x00,0x00,0x00,0x00,
    0x00,0x00,0x00,0x00,0x00,0x00,0x00,0x00,0x00,0x00,0x00,0x00,0x00,0x00,0x00,0x00,
    0x00,0x00,0x00,0x00,0x00,0x00,0x00,0x00,0x00,0x00,0x00,0x00,0x00,0x00,0x00,0x00,
    0x00,0x00,0x00,0x00,0x00,0x00,0x00,0x00,0x00,0x00,0x00,0x00,0x00,0x00,0x00,0x00,
    0x00,0x00,0x00,0x00,0x00,0x00,0x00,0x00,0x00,0x00,0x00,0x00,0x00,0x00,0x00,0x00,
    0x00,0x00,0x00,0x00,0x00,0x00,0x00,0x00,0x00,0x00,0x00,0x00,0x00,0x00,0x00,0x00,
    0x00,0x00,0x00,0x00,0x00,0x00,0x00,0x00,0x00,0x00,0x00,0x00,0x00,0x00,0x00,0x00,
    0x00,0x00,0x00,0x00,0x00,0x00,0x00,0x00,0x00,0x00,0x00,0x00,0x00,0x00,0x00,0x00,
    0x00,0x00,0x00,0x00,0x00,0x00,0x00,0x00,0x00,0x00,0x00,0x00,0xff,0xff,0xff,0x02,
    0x9f,0x9f,0x9f,0x18,0xa1,0xa1,0xa1,0x4f,0xa2,0xa2,0xa2,0x58,0x9f,0x9f,0x9f,0x58,
    0xa1,0xa1,0xa1,0x57,0xa1,0xa1,0xa1,0x57,0xa1,0xa1,0xa1,0x57,0xa1,0xa1,0xa1,0x57,
    0xa1,0xa1,0xa1,0x57,0xa1,0xa1,0xa1,0x57,0xa1,0xa1,0xa1,0x57,0xa1,0xa1,0xa1,0x57,
    0xa1,0xa1,0xa1,0x57,0xa1,0xa1,0xa1,0x57,0xa1,0xa1,0xa1,0x57,0xa1,0xa1,0xa1,0x57,
    0xa1,0xa1,0xa1,0x57,0xa1,0xa1,0xa1,0x57,0xa1,0xa1,0xa1,0x57,0xa1,0xa1,0xa1,0x57,
    0xa1,0xa1,0xa1,0x57,0xa1,0xa1,0xa1,0x57,0xa1,0xa1,0xa1,0x57,0xa1,0xa1,0xa1,0x57,
    0xa1,0xa1,0xa1,0x57,0xa1,0xa1,0xa1,0x57,0xa1,0xa1,0xa1,0x57,0xa1,0xa1,0xa1,0x57,
    0xa1,0xa1,0xa1,0x57,0x99,0xa5,0xb5,0x50,0xae,0x9b,0x77,0x69,0xcc,0x90,0x23,0xb4,
    0xd5,0x8b,0x00,0xfc,0xd6,0x8c,0x00,0xff,0xd6,0x8c,0x00,0xff,0xd6,0x8c,0x00,0xff,
    0xd6,0x8c,0x00,0xff,0xd6,0x8c,0x00,0xff,0xd6,0x8c,0x00,0xff,0xd6,0x8c,0x00,0xff,
    0xd6,0x8c,0x00,0xff,0xd6,0x8c,0x00,0xff,0xd6,0x8c,0x00,0xff,0xd6,0x8c,0x00,0xff,
    0xd6,0x8c,0x00,0xff,0xd6,0x8c,0x00,0xff,0xd6,0x8c,0x00,0xff,0xd6,0x8c,0x00,0xff,
    0xd6,0x8c,0x00,0xff,0xd6,0x8c,0x00,0xff,0xd6,0x8c,0x00,0xff,0xd6,0x8c,0x00,0xff,
    0xd6,0x8c,0x00,0xff,0xd6,0x8c,0x00,0xff,0xd6,0x8c,0x00,0xff,0xd6,0x8c,0x00,0xff,
    0xd6,0x8c,0x00,0xff,0xd6,0x8c,0x00,0xff,0xd6,0x8c,0x00,0xff,0xdb,0x8f,0x00,0xff,
    0xd3,0x8d,0x08,0xf4,0xd1,0x8c,0x0d,0x81,0xb9,0x8b,0x17,0x0b,0x00,0x00,0x00,0x00,
    0x00,0x00,0x00,0x00,0x00,0x00,0x00,0x00,0x00,0x00,0x00,0x00,0x00,0x00,0x00,0x00,
    0x00,0x00,0x00,0x00,0x00,0x00,0x00,0x00,0x00,0x00,0x00,0x00,0x00,0x00,0x00,0x00,
    0x00,0x00,0x00,0x00,0x00,0x00,0x00,0x00,0x00,0x00,0x00,0x00,0x00,0x00,0x00,0x00,
    0x00,0x00,0x00,0x00,0x00,0x00,0x00,0x00,0x00,0x00,0x00,0x00,0x00,0x00,0x00,0x00,
    0x00,0x00,0x00,0x00,0x00,0x00,0x00,0x00,0x00,0x00,0x00,0x00,0x00,0x00,0x00,0x00,
    0x00,0x00,0x00,0x00,0x00,0x00,0x00,0x00,0x00,0x00,0x00,0x00,0x00,0x00,0x00,0x00,
    0x00,0x00,0x00,0x00,0x00,0x00,0x00,0x00,0x00,0x00,0x00,0x00,0x00,0x00,0x00,0x00,
    0x00,0x00,0x00,0x00,0x00,0x00,0x00,0x00,0x00,0x00,0x00,0x00,0x00,0x00,0x00,0x00,
    0x00,0x00,0x00,0x00,0x00,0x00,0x00,0x00,0x00,0x00,0x00,0x00,0x00,0x00,0x00,0x00,
    0x00,0x00,0x00,0x00,0x00,0x00,0x00,0x00,0x00,0x00,0x00,0x00,0x00,0x00,0x00,0x00,
    0x00,0x00,0x00,0x00,0x00,0x00,0x00,0x00,0x00,0x00,0x00,0x00,0x00,0x00,0x00,0x00,
    0x00,0x00,0x00,0x00,0x00,0x00,0x00,0x00,0x00,0x00,0x00,0x00,0x00,0x00,0x00,0x00,
    0x00,0x00,0x00,0x00,0x00,0x00,0x00,0x00,0x00,0x00,0x00,0x00,0x00,0x00,0x00,0x00,
    0x00,0x00,0x00,0x00,0x00,0x00,0x00,0x00,0x00,0x00,0x00,0x00,0x00,0x00,0x00,0x00,
    0x00,0x00,0x00,0x00,0x00,0x00,0x00,0x00,0x00,0x00,0x00,0x00,0x00,0x00,0x00,0x00,
    0x00,0x00,0x00,0x00,0x00,0x00,0x00,0x00,0x00,0x00,0x00,0x00,0x00,0x00,0x00,0x00,
    0x7f,0x7f,0x7f,0x02,0xa1,0xa1,0xa1,0x1e,0xa2,0xa2,0xa2,0x4d,0xa0,0xa0,0xa0,0x59,
    0x9f,0x9f,0x9f,0x58,0xa1,0xa1,0xa1,0x57,0xa1,0xa1,0xa1,0x57,0xa1,0xa1,0xa1,0x57,
    0xa1,0xa1,0xa1,0x57,0xa1,0xa1,0xa1,0x57,0xa1,0xa1,0xa1,0x57,0xa1,0xa1,0xa1,0x57,
    0xa1,0xa1,0xa1,0x57,0xa1,0xa1,0xa1,0x57,0xa1,0xa1,0xa1,0x57,0xa1,0xa1,0xa1,0x57,
    0xa1,0xa1,0xa1,0x57,0xa1,0xa1,0xa1,0x57,0xa1,0xa1,0xa1,0x57,0xa1,0xa1,0xa1,0x57,
    0xa1,0xa1,0xa1,0x57,0xa1,0xa1,0xa1,0x57,0xa1,0xa1,0xa1,0x57,0xa1,0xa1,0xa1,0x57,
    0xa1,0xa1,0xa1,0x57,0xa1,0xa1,0xa1,0x57,0xa1,0xa1,0xa1,0x57,0xa1,0xa1,0xa1,0x57,
    0x9d,0xa0,0xaa,0x54,0xa6,0xa0,0x95,0x5c,0xc3,0x92,0x38,0x99,0xd4,0x8c,0x03,0xf4,
    0xd8,0x8d,0x00,0xff,0xd6,0x8b,0x00,0xff,0xd5,0x8b,0x00,0xff,0xd5,0x8b,0x00,0xff,
    0xd5,0x8b,0x00,0xff,0xd5,0x8b,0x00,0xff,0xd5,0x8b,0x00,0xff,0xd5,0x8b,0x00,0xff,
    0xd5,0x8b,0x00,0xff,0xd5,0x8b,0x00,0xff,0xd5,0x8b,0x00,0xff,0xd5,0x8b,0x00,0xff,
    0xd5,0x8b,0x00,0xff,0xd5,0x8b,0x00,0xff,0xd5,0x8b,0x00,0xff,0xd5,0x8b,0x00,0xff,
    0xd5,0x8b,0x00,0xff,0xd5,0x8b,0x00,0xff,0xd5,0x8b,0x00,0xff,0xd5,0x8b,0x00,0xff,
    0xd5,0x8b,0x00,0xff,0xd5,0x8b,0x00,0xff,0xd5,0x8b,0x00,0xff,0xd5,0x8b,0x00,0xff,
    0xd5,0x8b,0x00,0xff,0xd6,0x8b,0x00,0xff,0xd9,0x8e,0x00,0xff,0xd2,0x8b,0x07,0xf9,
    0xcf,0x8c,0x0d,0x81,0xc7,0x85,0x16,0x17,0x00,0x00,0x00,0x00,0x00,0x00,0x00,0x00,
    0x00,0x00,0x00,0x00,0x00,0x00,0x00,0x00,0x00,0x00,0x00,0x00,0x00,0x00,0x00,0x00,
    0x00,0x00,0x00,0x00,0x00,0x00,0x00,0x00,0x00,0x00,0x00,0x00,0x00,0x00,0x00,0x00,
    0x00,0x00,0x00,0x00,0x00,0x00,0x00,0x00,0x00,0x00,0x00,0x00,0x00,0x00,0x00,0x00,
    0x00,0x00,0x00,0x00,0x00,0x00,0x00,0x00,0x00,0x00,0x00,0x00,0x00,0x00,0x00,0x00,
    0x00,0x00,0x00,0x00,0x00,0x00,0x00,0x00,0x00,0x00,0x00,0x00,0x00,0x00,0x00,0x00,
    0x00,0x00,0x00,0x00,0x00,0x00,0x00,0x00,0x00,0x00,0x00,0x00,0x00,0x00,0x00,0x00,
    0x00,0x00,0x00,0x00,0x00,0x00,0x00,0x00,0x00,0x00,0x00,0x00,0x00,0x00,0x00,0x00,
    0x00,0x00,0x00,0x00,0x00,0x00,0x00,0x00,0x00,0x00,0x00,0x00,0x00,0x00,0x00,0x00,
    0x00,0x00,0x00,0x00,0x00,0x00,0x00,0x00,0x00,0x00,0x00,0x00,0x00,0x00,0x00,0x00,
    0x00,0x00,0x00,0x00,0x00,0x00,0x00,0x00,0x00,0x00,0x00,0x00,0x00,0x00,0x00,0x00,
    0x00,0x00,0x00,0x00,0x00,0x00,0x00,0x00,0x00,0x00,0x00,0x00,0x00,0x00,0x00,0x00,
    0x00,0x00,0x00,0x00,0x00,0x00,0x00,0x00,0x00,0x00,0x00,0x00,0x00,0x00,0x00,0x00,
    0x00,0x00,0x00,0x00,0x00,0x00,0x00,0x00,0x00,0x00,0x00,0x00,0x00,0x00,0x00,0x00,
    0x00,0x00,0x00,0x00,0x00,0x00,0x00,0x00,0x00,0x00,0x00,0x00,0x00,0x00,0x00,0x00,
    0x00,0x00,0x00,0x00,0x00,0x00,0x00,0x00,0x00,0x00,0x00,0x00,0x00,0x00,0x00,0x00,
    0x00,0x00,0x00,0x00,0x00,0x00,0x00,0x00,0x00,0x00,0x00,0x00,0x00,0x00,0x00,0x00,
    0x00,0x00,0x00,0x00,0x00,0x00,0x00,0x00,0xa5,0xa5,0xa5,0x25,0xa3,0xa3,0xa3,0x4b,
    0xa1,0xa1,0xa1,0x5a,0xa1,0xa1,0xa1,0x57,0xa1,0xa1,0xa1,0x57,0xa1,0xa1,0xa1,0x57,
    0xa1,0xa1,0xa1,0x57,0xa1,0xa1,0xa1,0x57,0xa1,0xa1,0xa1,0x57,0xa1,0xa1,0xa1,0x57,
    0xa1,0xa1,0xa1,0x57,0xa1,0xa1,0xa1,0x57,0xa1,0xa1,0xa1,0x57,0xa1,0xa1,0xa1,0x57,
    0xa1,0xa1,0xa1,0x57,0xa1,0xa1,0xa1,0x57,0xa1,0xa1,0xa1,0x57,0xa1,0xa1,0xa1,0x57,
    0xa1,0xa1,0xa1,0x57,0xa1,0xa1,0xa1,0x57,0xa1,0xa1,0xa1,0x57,0xa1,0xa1,0xa1,0x57,
    0xa1,0xa1,0xa1,0x57,0xa1,0xa1,0xa1,0x57,0xa1,0xa1,0xa1,0x57,0xa1,0xa1,0xa1,0x57,
    0x9b,0xa1,0xb1,0x52,0xbe,0x93,0x48,0x8a,0xd0,0x8c,0x0e,0xda,0xdc,0x8e,0x00,0xff,
    0xd4,0x8b,0x00,0xff,0xd5,0x8b,0x00,0xff,0xd5,0x8b,0x00,0xff,0xd5,0x8b,0x00,0xff,
    0xd5,0x8b,0x00,0xff,0xd5,0x8b,0x00,0xff,0xd5,0x8b,0x00,0xff,0xd5,0x8b,0x00,0xff,
    0xd5,0x8b,0x00,0xff,0xd5,0x8b,0x00,0xff,0xd5,0x8b,0x00,0xff,0xd5,0x8b,0x00,0xff,
    0xd5,0x8b,0x00,0xff,0xd5,0x8b,0x00,0xff,0xd5,0x8b,0x00,0xff,0xd5,0x8b,0x00,0xff,
    0xd5,0x8b,0x00,0xff,0xd5,0x8b,0x00,0xff,0xd5,0x8b,0x00,0xff,0xd5,0x8b,0x00,0xff,
    0xd5,0x8b,0x00,0xff,0xd5,0x8b,0x00,0xff,0xd5,0x8b,0x00,0xff,0xd4,0x8b,0x00,0xff,
    0xd5,0x8b,0x00,0xff,0xd6,0x8c,0x00,0xff,0xd2,0x8b,0x05,0xf8,0xcf,0x8b,0x0e,0x90,
    0xcd,0x89,0x1d,0x1a,0x00,0x00,0x00,0x00,0x00,0x00,0x00,0x00,0x00,0x00,0x00,0x00,
    0x00,0x00,0x00,0x00,0x00,0x00,0x00,0x00,0x00,0x00,0x00,0x00,0x00,0x00,0x00,0x00,
    0x00,0x00,0x00,0x00,0x00,0x00,0x00,0x00,0x00,0x00,0x00,0x00,0x00,0x00,0x00,0x00,
    0x00,0x00,0x00,0x00,0x00,0x00,0x00,0x00,0x00,0x00,0x00,0x00,0x00,0x00,0x00,0x00,
    0x00,0x00,0x00,0x00,0x00,0x00,0x00,0x00,0x00,0x00,0x00,0x00,0x00,0x00,0x00,0x00,
    0x00,0x00,0x00,0x00,0x00,0x00,0x00,0x00,0x00,0x00,0x00,0x00,0x00,0x00,0x00,0x00,
    0x00,0x00,0x00,0x00,0x00,0x00,0x00,0x00,0x00,0x00,0x00,0x00,0x00,0x00,0x00,0x00,
    0x00,0x00,0x00,0x00,0x00,0x00,0x00,0x00,0x00,0x00,0x00,0x00,0x00,0x00,0x00,0x00,
    0x00,0x00,0x00,0x00,0x00,0x00,0x00,0x00,0x00,0x00,0x00,0x00,0x00,0x00,0x00,0x00,
    0x00,0x00,0x00,0x00,0x00,0x00,0x00,0x00,0x00,0x00,0x00,0x00,0x00,0x00,0x00,0x00,
    0x00,0x00,0x00,0x00,0x00,0x00,0x00,0x00,0x00,0x00,0x00,0x00,0x00,0x00,0x00,0x00,
    0x00,0x00,0x00,0x00,0x00,0x00,0x00,0x00,0x00,0x00,0x00,0x00,0x00,0x00,0x00,0x00,
    0x00,0x00,0x00,0x00,0x00,0x00,0x00,0x00,0x00,0x00,0x00,0x00,0x00,0x00,0x00,0x00,
    0x00,0x00,0x00,0x00,0x00,0x00,0x00,0x00,0x00,0x00,0x00,0x00,0x00,0x00,0x00,0x00,
    0x00,0x00,0x00,0x00,0x00,0x00,0x00,0x00,0x00,0x00,0x00,0x00,0x00,0x00,0x00,0x00,
    0x00,0x00,0x00,0x00,0x00,0x00,0x00,0x00,0x00,0x00,0x00,0x00,0x00,0x00,0x00,0x00,
    0x00,0x00,0x00,0x00,0x00,0x00,0x00,0x00,0x00,0x00,0x00,0x00,0x00,0x00,0x00,0x00,
    0x00,0x00,0x00,0x00,0x00,0x00,0x00,0x00,0x00,0x00,0x00,0x00,0xa1,0xa1,0xa1,0x29,
    0xa2,0xa2,0xa2,0x4d,0x9e,0x9e,0x9e,0x5a,0xa1,0xa1,0xa1,0x57,0xa1,0xa1,0xa1,0x57,
    0xa1,0xa1,0xa1,0x57,0xa1,0xa1,0xa1,0x57,0xa1,0xa1,0xa1,0x57,0xa1,0xa1,0xa1,0x57,
    0xa1,0xa1,0xa1,0x57,0xa1,0xa1,0xa1,0x57,0xa1,0xa1,0xa1,0x57,0xa1,0xa1,0xa1,0x57,
    0xa1,0xa1,0xa1,0x57,0xa1,0xa1,0xa1,0x57,0xa1,0xa1,0xa1,0x57,0xa1,0xa1,0xa1,0x57,
    0xa1,0xa1,0xa1,0x57,0xa1,0xa1,0xa1,0x57,0xa1,0xa1,0xa1,0x57,0xa1,0xa1,0xa1,0x57,
    0xa1,0xa1,0xa1,0x57,0xa1,0xa1,0xa1,0x57,0xa1,0xa1,0xa1,0x57,0x9c,0xa2,0xac,0x53,
    0xb1,0x98,0x6b,0x70,0xcc,0x8c,0x15,0xca,0xdc,0x8e,0x00,0xff,0xd4,0x8a,0x00,0xff,
    0xd4,0x8a,0x00,0xff,0xd4,0x8a,0x00,0xff,0xd4,0x8a,0x00,0xff,0xd4,0x8a,0x00,0xff,
    0xd4,0x8a,0x00,0xff,0xd4,0x8a,0x00,0xff,0xd4,0x8a,0x00,0xff,0xd4,0x8a,0x00,0xff,
    0xd4,0x8a,0x00,0xff,0xd4,0x8a,0x00,0xff,0xd4,0x8a,0x00,0xff,0xd4,0x8a,0x00,0xff,
    0xd4,0x8a,0x00,0xff,0xd4,0x8a,0x00,0xff,0xd4,0x8a,0x00,0xff,0xd4,0x8a,0x00,0xff,
    0xd4,0x8a,0x00,0xff,0xd4,0x8a,0x00,0xff,0xd4,0x8a,0x00,0xff,0xd4,0x8a,0x00,0xff,
    0xd4,0x8a,0x00,0xff,0xd4,0x8a,0x00,0xff,0xd4,0x8a,0x00,0xff,0xd5,0x8a,0x00,0xff,
    0xd6,0x8b,0x00,0xff,0xd3,0x8a,0x04,0xf5,0xcf,0x8c,0x0e,0xa2,0xc9,0x93,0x1a,0x13,
    0x00,0x00,0x00,0x00,0x00,0x00,0x00,0x00,0x00,0x00,0x00,0x00,0x00,0x00,0x00,0x00,
    0x00,0x00,0x00,0x00,0x00,0x00,0x00,0x00,0x00,0x00,0x00,0x00,0x00,0x00,0x00,0x00,
    0x00,0x00,0x00,0x00,0x00,0x00,0x00,0x00,0x00,0x00,0x00,0x00,0x00,0x00,0x00,0x00,
    0x00,0x00,0x00,0x00,0x00,0x00,0x00,0x00,0x00,0x00,0x00,0x00,0x00,0x00,0x00,0x00,
    0x00,0x00,0x00,0x00,0x00,0x00,0x00,0x00,0x00,0x00,0x00,0x00,0x00,0x00,0x00,0x00,
    0x00,0x00,0x00,0x00,0x00,0x00,0x00,0x00,0x00,0x00,0x00,0x00,0x00,0x00,0x00,0x00,
    0x00,0x00,0x00,0x00,0x00,0x00,0x00,0x00,0x00,0x00,0x00,0x00,0x00,0x00,0x00,0x00,
    0x00,0x00,0x00,0x00,0x00,0x00,0x00,0x00,0x00,0x00,0x00,0x00,0x00,0x00,0x00,0x00,
    0x00,0x00,0x00,0x00,0x00,0x00,0x00,0x00,0x00,0x00,0x00,0x00,0x00,0x00,0x00,0x00,
    0x00,0x00,0x00,0x00,0x00,0x00,0x00,0x00,0x00,0x00,0x00,0x00,0x00,0x00,0x00,0x00,
    0x00,0x00,0x00,0x00,0x00,0x00,0x00,0x00,0x00,0x00,0x00,0x00,0x00,0x00,0x00,0x00,
    0x00,0x00,0x00,0x00,0x00,0x00,0x00,0x00,0x00,0x00,0x00,0x00,0x00,0x00,0x00,0x00,
    0x00,0x00,0x00,0x00,0x00,0x00,0x00,0x00,0x00,0x00,0x00,0x00,0x00,0x00,0x00,0x00,
    0x00,0x00,0x00,0x00,0x00,0x00,0x00,0x00,0x00,0x00,0x00,0x00,0x00,0x00,0x00,0x00,
    0x00,0x00,0x00,0x00,0x00,0x00,0x00,0x00,0x00,0x00,0x00,0x00,0x00,0x00,0x00,0x00,
    0x00,0x00,0x00,0x00,0x00,0x00,0x00,0x00,0x00,0x00,0x00,0x00,0x00,0x00,0x00,0x00,
    0x00,0x00,0x00,0x00,0x00,0x00,0x00,0x00,0x00,0x00,0x00,0x00,0x00,0x00,0x00,0x00,
    0x00,0x00,0x00,0x00,0x00,0x00,0x00,0x00,0x00,0x00,0x00,0x00,0x7f,0x7f,0x7f,0x02,
    0x9c,0x9c,0x9c,0x27,0xa0,0xa0,0xa0,0x54,0x9f,0x9f,0x9f,0x58,0xa1,0xa1,0xa1,0x57,
    0xa1,0xa1,0xa1,0x57,0xa1,0xa1,0xa1,0x57,0xa1,0xa1,0xa1,0x57,0xa1,0xa1,0xa1,0x57,
    0xa1,0xa1,0xa1,0x57,0xa1,0xa1,0xa1,0x57,0xa1,0xa1,0xa1,0x57,0xa1,0xa1,0xa1,0x57,
    0xa1,0xa1,0xa1,0x57,0xa1,0xa1,0xa1,0x57,0xa1,0xa1,0xa1,0x57,0xa1,0xa1,0xa1,0x57,
    0xa1,0xa1,0xa1,0x57,0xa1,0xa1,0xa1,0x57,0xa1,0xa1,0xa1,0x57,0xa1,0xa1,0xa1,0x57,
    0xa1,0xa1,0xa1,0x57,0xa1,0xa1,0xa1,0x57,0xa1,0xa1,0xa1,0x57,0x9e,0xa4,0xa1,0x57,
    0xc9,0x8d,0x1f,0xba,0xd2,0x88,0x02,0xf8,0xd7,0x8b,0x00,0xff,0xd4,0x89,0x00,0xff,
    0xd4,0x89,0x00,0xff,0xd4,0x89,0x00,0xff,0xd4,0x89,0x00,0xff,0xd4,0x89,0x00,0xff,
    0xd4,0x89,0x00,0xff,0xd4,0x89,0x00,0xff,0xd4,0x89,0x00,0xff,0xd4,0x89,0x00,0xff,
    0xd4,0x89,0x00,0xff,0xd4,0x89,0x00,0xff,0xd4,0x89,0x00,0xff,0xd4,0x89,0x00,0xff,
    0xd4,0x89,0x00,0xff,0xd4,0x89,0x00,0xff,0xd4,0x89,0x00,0xff,0xd4,0x89,0x00,0xff,
    0xd4,0x89,0x00,0xff,0xd4,0x89,0x00,0xff,0xd4,0x89,0x00,0xff,0xd4,0x89,0x00,0xff,
    0xd4,0x89,0x00,0xff,0xd4,0x89,0x00,0xff,0xd4,0x89,0x00,0xff,0xd6,0x8a,0x00,0xff,
    0xd2,0x89,0x03,0xf5,0xcf,0x8a,0x0e,0xb2,0xb9,0x73,0x17,0x0b,0x00,0x00,0x00,0x00,
    0x00,0x00,0x00,0x00,0x00,0x00,0x00,0x00,0x00,0x00,0x00,0x00,0x00,0x00,0x00,0x00,
    0x00,0x00,0x00,0x00,0x00,0x00,0x00,0x00,0x00,0x00,0x00,0x00,0x00,0x00,0x00,0x00,
    0x00,0x00,0x00,0x00,0x00,0x00,0x00,0x00,0x00,0x00,0x00,0x00,0x00,0x00,0x00,0x00,
    0x00,0x00,0x00,0x00,0x00,0x00,0x00,0x00,0x00,0x00,0x00,0x00,0x00,0x00,0x00,0x00,
    0x00,0x00,0x00,0x00,0x00,0x00,0x00,0x00,0x00,0x00,0x00,0x00,0x00,0x00,0x00,0x00,
    0x00,0x00,0x00,0x00,0x00,0x00,0x00,0x00,0x00,0x00,0x00,0x00,0x00,0x00,0x00,0x00,
    0x00,0x00,0x00,0x00,0x00,0x00,0x00,0x00,0x00,0x00,0x00,0x00,0x00,0x00,0x00,0x00,
    0x00,0x00,0x00,0x00,0x00,0x00,0x00,0x00,0x00,0x00,0x00,0x00,0x00,0x00,0x00,0x00,
    0x00,0x00,0x00,0x00,0x00,0x00,0x00,0x00,0x00,0x00,0x00,0x00,0x00,0x00,0x00,0x00,
    0x00,0x00,0x00,0x00,0x00,0x00,0x00,0x00,0x00,0x00,0x00,0x00,0x00,0x00,0x00,0x00,
    0x00,0x00,0x00,0x00,0x00,0x00,0x00,0x00,0x00,0x00,0x00,0x00,0x00,0x00,0x00,0x00,
    0x00,0x00,0x00,0x00,0x00,0x00,0x00,0x00,0x00,0x00,0x00,0x00,0x00,0x00,0x00,0x00,
    0x00,0x00,0x00,0x00,0x00,0x00,0x00,0x00,0x00,0x00,0x00,0x00,0x00,0x00,0x00,0x00,
    0x00,0x00,0x00,0x00,0x00,0x00,0x00,0x00,0x00,0x00,0x00,0x00,0x00,0x00,0x00,0x00,
    0x00,0x00,0x00,0x00,0x00,0x00,0x00,0x00,0x00,0x00,0x00,0x00,0x00,0x00,0x00,0x00,
    0x00,0x00,0x00,0x00,0x00,0x00,0x00,0x00,0x00,0x00,0x00,0x00,0x00,0x00,0x00,0x00,
    0x00,0x00,0x00,0x00,0x00,0x00,0x00,0x00,0x00,0x00,0x00,0x00,0x00,0x00,0x00,0x00,
    0x00,0x00,0x00,0x00,0x00,0x00,0x00,0x00,0x00,0x00,0x00,0x00,0x00,0x00,0x00,0x00,
    0x91,0x91,0x91,0x07,0x9b,0x9b,0x9b,0x29,0xa2,0xa2,0xa2,0x58,0xa1,0xa1,0xa1,0x57,
    0xa1,0xa1,0xa1,0x57,0xa1,0xa1,0xa1,0x57,0xa1,0xa1,0xa1,0x57,0xa1,0xa1,0xa1,0x57,
    0xa1,0xa1,0xa1,0x57,0xa1,0xa1,0xa1,0x57,0xa1,0xa1,0xa1,0x57,0xa1,0xa1,0xa1,0x57,
    0xa1,0xa1,0xa1,0x57,0xa1,0xa1,0xa1,0x57,0xa1,0xa1,0xa1,0x57,0xa1,0xa1,0xa1,0x57,
    0xa1,0xa1,0xa1,0x57,0xa1,0xa1,0xa1,0x57,0xa1,0xa1,0xa1,0x57,0xa1,0xa1,0xa1,0x57,
    0xa1,0xa1,0xa1,0x57,0xa0,0xa3,0xa3,0x56,0xa1,0xa1,0xa1,0x57,0xc0,0x8f,0x3a,0x93,
    0xd0,0x89,0x07,0xe7,0xd8,0x8b,0x00,0xff,0xd3,0x88,0x00,0xff,0xd3,0x88,0x00,0xff,
    0xd3,0x88,0x00,0xff,0xd3,0x88,0x00,0xff,0xd3,0x88,0x00,0xff,0xd3,0x88,0x00,0xff,
    0xd3,0x88,0x00,0xff,0xd3,0x88,0x00,0xff,0xd3,0x88,0x00,0xff,0xd3,0x88,0x00,0xff,
    0xd3,0x88,0x00,0xff,0xd3,0x88,0x00,0xff,0xd3,0x88,0x00,0xff,0xd3,0x88,0x00,0xff,
    0xd3,0x88,0x00,0xff,0xd3,0x88,0x00,0xff,0xd3,0x88,0x00,0xff,0xd3,0x88,0x00,0xff,
    0xd3,0x88,0x00,0xff,0xd3,0x88,0x00,0xff,0xd3,0x88,0x00,0xff,0xd3,0x88,0x00,0xff,
    0xd3,0x88,0x00,0xff,0xd3,0x88,0x00,0xff,0xd5,0x89,0x00,0xff,0xd0,0x87,0x03,0xfe,
    0xcd,0x88,0x0b,0xb3,0xaa,0x94,0x3f,0x0c,0x00,0x00,0x00,0x00,0x00,0x00,0x00,0x00,
    0x00,0x00,0x00,0x00,0x00,0x00,0x00,0x00,0x00,0x00,0x00,0x00,0x00,0x00,0x00,0x00,
    0x00,0x00,0x00,0x00,0x00,0x00,0x00,0x00,0x00,0x00,0x00,0x00,0x00,0x00,0x00,0x00,
    0x00,0x00,0x00,0x00,0x00,0x00,0x00,0x00,0x00,0x00,0x00,0x00,0x00,0x00,0x00,0x00,
    0x00,0x00,0x00,0x00,0x00,0x00,0x00,0x00,0x00,0x00,0x00,0x00,0x00,0x00,0x00,0x00,
    0x00,0x00,0x00,0x00,0x00,0x00,0x00,0x00,0x00,0x00,0x00,0x00,0x00,0x00,0x00,0x00,
    0x00,0x00,0x00,0x00,0x00,0x00,0x00,0x00,0x00,0x00,0x00,0x00,0x00,0x00,0x00,0x00,
    0x00,0x00,0x00,0x00,0x00,0x00,0x00,0x00,0x00,0x00,0x00,0x00,0x00,0x00,0x00,0x00,
    0x00,0x00,0x00,0x00,0x00,0x00,0x00,0x00,0x00,0x00,0x00,0x00,0x00,0x00,0x00,0x00,
    0x00,0x00,0x00,0x00,0x00,0x00,0x00,0x00,0x00,0x00,0x00,0x00,0x00,0x00,0x00,0x00,
    0x00,0x00,0x00,0x00,0x00,0x00,0x00,0x00,0x00,0x00,0x00,0x00,0x00,0x00,0x00,0x00,
    0x00,0x00,0x00,0x00,0x00,0x00,0x00,0x00,0x00,0x00,0x00,0x00,0x00,0x00,0x00,0x00,
    0x00,0x00,0x00,0x00,0x00,0x00,0x00,0x00,0x00,0x00,0x00,0x00,0x00,0x00,0x00,0x00,
    0x00,0x00,0x00,0x00,0x00,0x00,0x00,0x00,0x00,0x00,0x00,0x00,0x00,0x00,0x00,0x00,
    0x00,0x00,0x00,0x00,0x00,0x00,0x00,0x00,0x00,0x00,0x00,0x00,0x00,0x00,0x00,0x00,
    0x00,0x00,0x00,0x00,0x00,0x00,0x00,0x00,0x00,0x00,0x00,0x00,0x00,0x00,0x00,0x00,
    0x00,0x00,0x00,0x00,0x00,0x00,0x00,0x00,0x00,0x00,0x00,0x00,0x00,0x00,0x00,0x00,
    0x00,0x00,0x00,0x00,0x00,0x00,0x00,0x00,0x00,0x00,0x00,0x00,0x00,0x00,0x00,0x00,
    0x00,0x00,0x00,0x00,0x00,0x00,0x00,0x00,0x00,0x00,0x00,0x00,0x00,0x00,0x00,0x00,
    0x00,0x00,0x00,0x00,0xb2,0xb2,0xb2,0x0a,0x9d,0x9d,0x9d,0x2f,0xa0,0xa0,0xa0,0x59,
    0x9f,0x9f,0x9f,0x58,0xa1,0xa1,0xa1,0x57,0xa1,0xa1,0xa1,0x57,0xa1,0xa1,0xa1,0x57,
    0xa1,0xa1,0xa1,0x57,0xa1,0xa1,0xa1,0x57,0xa1,0xa1,0xa1,0x57,0xa1,0xa1,0xa1,0x57,
    0xa1,0xa1,0xa1,0x57,0xa1,0xa1,0xa1,0x57,0xa1,0xa1,0xa1,0x57,0xa1,0xa1,0xa1,0x57,
    0xa1,0xa1,0xa1,0x57,0xa1,0xa1,0xa1,0x57,0xa1,0xa1,0xa1,0x57,0xa1,0xa1,0xa1,0x57,
    0xa0,0xa3,0xa3,0x56,0xa1,0xa4,0xa1,0x57,0xae,0x9c,0x80,0x65,0xcd,0x89,0x0b,0xde,
    0xd2,0x88,0x00,0xff,0xd3,0x88,0x00,0xff,0xd2,0x88,0x00,0xff,0xd2,0x88,0x00,0xff,
    0xd2,0x88,0x00,0xff,0xd2,0x88,0x00,0xff,0xd2,0x88,0x00,0xff,0xd2,0x88,0x00,0xff,
    0xd2,0x88,0x00,0xff,0xd2,0x88,0x00,0xff,0xd2,0x88,0x00,0xff,0xd2,0x88,0x00,0xff,
    0xd2,0x88,0x00,0xff,0xd2,0x88,0x00,0xff,0xd2,0x88,0x00,0xff,0xd2,0x88,0x00,0xff,
    0xd2,0x88,0x00,0xff,0xd2,0x88,0x00,0xff,0xd2,0x88,0x00,0xff,0xd2,0x88,0x00,0xff,
    0xd2,0x88,0x00,0xff,0xd2,0x88,0x00,0xff,0xd2,0x88,0x00,0xff,0xd2,0x88,0x00,0xff,
    0xd2,0x88,0x00,0xff,0xd3,0x88,0x00,0xff,0xdc,0x8f,0x00,0xff,0xce,0x89,0x05,0xb8,
    0xc0,0x8f,0x25,0x29,0x00,0x00,0x00,0x00,0x00,0x00,0x00,0x00,0x00,0x00,0x00,0x00,
    0x00,0x00,0x00,0x00,0x00,0x00,0x00,0x00,0x00,0x00,0x00,0x00,0x00,0x00,0x00,0x00,
    0x00,0x00,0x00,0x00,0x00,0x00,0x00,0x00,0x00,0x00,0x00,0x00,0x00,0x00,0x00,0x00,
    0x00,0x00,0x00,0x00,0x00,0x00,0x00,0x00,0x00,0x00,0x00,0x00,0x00,0x00,0x00,0x00,
    0x00,0x00,0x00,0x00,0x00,0x00,0x00,0x00,0x00,0x00,0x00,0x00,0x00,0x00,0x00,0x00,
    0x00,0x00,0x00,0x00,0x00,0x00,0x00,0x00,0x00,0x00,0x00,0x00,0x00,0x00,0x00,0x00,
    0x00,0x00,0x00,0x00,0x00,0x00,0x00,0x00,0x00,0x00,0x00,0x00,0x00,0x00,0x00,0x00,
    0x00,0x00,0x00,0x00,0x00,0x00,0x00,0x00,0x00,0x00,0x00,0x00,0x00,0x00,0x00,0x00,
    0x00,0x00,0x00,0x00,0x00,0x00,0x00,0x00,0x00,0x00,0x00,0x00,0x00,0x00,0x00,0x00,
    0x00,0x00,0x00,0x00,0x00,0x00,0x00,0x00,0x00,0x00,0x00,0x00,0x00,0x00,0x00,0x00,
    0x00,0x00,0x00,0x00,0x00,0x00,0x00,0x00,0x00,0x00,0x00,0x00,0x00,0x00,0x00,0x00,
    0x00,0x00,0x00,0x00,0x00,0x00,0x00,0x00,0x00,0x00,0x00,0x00,0x00,0x00,0x00,0x00,
    0x00,0x00,0x00,0x00,0x00,0x00,0x00,0x00,0x00,0x00,0x00,0x00,0x00,0x00,0x00,0x00,
    0x00,0x00,0x00,0x00,0x00,0x00,0x00,0x00,0x00,0x00,0x00,0x00,0x00,0x00,0x00,0x00,
    0x00,0x00,0x00,0x00,0x00,0x00,0x00,0x00,0x00,0x00,0x00,0x00,0x00,0x00,0x00,0x00,
    0x00,0x00,0x00,0x00,0x00,0x00,0x00,0x00,0x00,0x00,0x00,0x00,0x00,0x00,0x00,0x00,
    0x00,0x00,0x00,0x00,0x00,0x00,0x00,0x00,0x00,0x00,0x00,0x00,0x00,0x00,0x00,0x00,
    0x00,0x00,0x00,0x00,0x00,0x00,0x00,0x00,0x00,0x00,0x00,0x00,0x00,0x00,0x00,0x00,
    0x00,0x00,0x00,0x00,0x00,0x00,0x00,0x00,0x00,0x00,0x00,0x00,0x00,0x00,0x00,0x00,
    0x00,0x00,0x00,0x00,0x00,0x00,0x00,0x00,0x9c,0x9c,0x9c,0x0d,0xa0,0xa0,0xa0,0x3e,
    0xa0,0xa0,0xa0,0x56,0xa2,0xa2,0xa2,0x58,0xa1,0xa1,0xa1,0x57,0xa1,0xa1,0xa1,0x57,
    0xa1,0xa1,0xa1,0x57,0xa1,0xa1,0xa1,0x57,0xa1,0xa1,0xa1,0x57,0xa1,0xa1,0xa1,0x57,
    0xa1,0xa1,0xa1,0x57,0xa1,0xa1,0xa1,0x57,0xa1,0xa1,0xa1,0x57,0xa1,0xa1,0xa1,0x57,
    0xa1,0xa1,0xa1,0x57,0xa1,0xa1,0xa1,0x57,0xa1,0xa1,0xa1,0x57,0xa1,0xa1,0xa1,0x57,
    0x9c,0xa2,0xac,0x53,0xa6,0xa0,0x95,0x5c,0xc7,0x8c,0x23,0xb2,0xd1,0x87,0x02,0xf8,
    0xd3,0x89,0x00,0xff,0xd1,0x87,0x00,0xff,0xd1,0x87,0x00,0xff,0xd1,0x87,0x00,0xff,
    0xd1,0x87,0x00,0xff,0xd1,0x87,0x00,0xff,0xd1,0x87,0x00,0xff,0xd1,0x87,0x00,0xff,
    0xd1,0x87,0x00,0xff,0xd1,0x87,0x00,0xff,0xd1,0x87,0x00,0xff,0xd1,0x87,0x00,0xff,
    0xd1,0x87,0x00,0xff,0xd1,0x87,0x00,0xff,0xd1,0x87,0x00,0xff,0xd1,0x87,0x00,0xff,
    0xd1,0x87,0x00,0xff,0xd1,0x87,0x00,0xff,0xd1,0x87,0x00,0xff,0xd1,0x87,0x00,0xff,
    0xd1,0x87,0x00,0xff,0xd1,0x87,0x00,0xff,0xd1,0x87,0x00,0xff,0xd1,0x87,0x00,0xff,
    0xd1,0x87,0x00,0xff,0xda,0x8d,0x00,0xff,0xcd,0x88,0x07,0xd2,0xcc,0x8c,0x16,0x5b,
    0x00,0x00,0x00,0x00,0x00,0x00,0x00,0x00,0x00,0x00,0x00,0x00,0x00,0x00,0x00,0x00,
    0x00,0x00,0x00,0x00,0x00,0x00,0x00,0x00,0x00,0x00,0x00,0x00,0x00,0x00,0x00,0x00,
    0x00,0x00,0x00,0x00,0x00,0x00,0x00,0x00,0x00,0x00,0x00,0x00,0x00,0x00,0x00,0x00,
    0x00,0x00,0x00,0x00,0x00,0x00,0x00,0x00,0x00,0x00,0x00,0x00,0x00,0x00,0x00,0x00,
    0x00,0x00,0x00,0x00,0x00,0x00,0x00,0x00,0x00,0x00,0x00,0x00,0x00,0x00,0x00,0x00,
    0x00,0x00,0x00,0x00,0x00,0x00,0x00,0x00,0x00,0x00,0x00,0x00,0x00,0x00,0x00,0x00,
    0x00,0x00,0x00,0x00,0x00,0x00,0x00,0x00,0x00,0x00,0x00,0x00,0x00,0x00,0x00,0x00,
    0x00,0x00,0x00,0x00,0x00,0x00,0x00,0x00,0x00,0x00,0x00,0x00,0x00,0x00,0x00,0x00,
    0x00,0x00,0x00,0x00,0x00,0x00,0x00,0x00,0x00,0x00,0x00,0x00,0x00,0x00,0x00,0x00,
    0x00,0x00,0x00,0x00,0x00,0x00,0x00,0x00,0x00,0x00,0x00,0x00,0x00,0x00,0x00,0x00,
    0x00,0x00,0x00,0x00,0x00,0x00,0x00,0x00,0x00,0x00,0x00,0x00,0x00,0x00,0x00,0x00,
    0x00,0x00,0x00,0x00,0x00,0x00,0x00,0x00,0x00,0x00,0x00,0x00,0x00,0x00,0x00,0x00,
    0x00,0x00,0x00,0x00,0x00,0x00,0x00,0x00,0x00,0x00,0x00,0x00,0x00,0x00,0x00,0x00,
    0x00,0x00,0x00,0x00,0x00,0x00,0x00,0x00,0x00,0x00,0x00,0x00,0x00,0x00,0x00,0x00,
    0x00,0x00,0x00,0x00,0x00,0x00,0x00,0x00,0x00,0x00,0x00,0x00,0x00,0x00,0x00,0x00,
    0x00,0x00,0x00,0x00,0x00,0x00,0x00,0x00,0x00,0x00,0x00,0x00,0x00,0x00,0x00,0x00,
    0x00,0x00,0x00,0x00,0x00,0x00,0x00,0x00,0x00,0x00,0x00,0x00,0x00,0x00,0x00,0x00,
    0x00,0x00,0x00,0x00,0x00,0x00,0x00,0x00,0x00,0x00,0x00,0x00,0x00,0x00,0x00,0x00,
    0x00,0x00,0x00,0x00,0x00,0x00,0x00,0x00,0x00,0x00,0x00,0x00,0x00,0x00,0x00,0x00,
    0x00,0x00,0x00,0x00,0x00,0x00,0x00,0x00,0x00,0x00,0x00,0x00,0x9d,0x9d,0x9d,0x15,
    0xa0,0xa0,0xa0,0x49,0xa4,0xa4,0xa4,0x57,0xa2,0xa2,0xa2,0x58,0xa1,0xa1,0xa1,0x57,
    0xa1,0xa1,0xa1,0x57,0xa1,0xa1,0xa1,0x57,0xa1,0xa1,0xa1,0x57,0xa1,0xa1,0xa1,0x57,
    0xa1,0xa1,0xa1,0x57,0xa1,0xa1,0xa1,0x57,0xa1,0xa1,0xa1,0x57,0xa1,0xa1,0xa1,0x57,
    0xa1,0xa1,0xa1,0x57,0xa1,0xa1,0xa1,0x57,0xa1,0xa1,0xa1,0x57,0xa0,0xa0,0xa3,0x56,
    0xa2,0x9f,0x9c,0x58,0xb7,0x94,0x58,0x7c,0xce,0x87,0x05,0xef,0xd1,0x87,0x00,0xff,
    0xd1,0x87,0x00,0xff,0xd1,0x87,0x00,0xff,0xd1,0x87,0x00,0xff,0xd1,0x87,0x00,0xff,
    0xd1,0x87,0x00,0xff,0xd1,0x87,0x00,0xff,0xd1,0x87,0x00,0xff,0xd1,0x87,0x00,0xff,
    0xd1,0x87,0x00,0xff,0xd1,0x87,0x00,0xff,0xd1,0x87,0x00,0xff,0xd1,0x87,0x00,0xff,
    0xd1,0x87,0x00,0xff,0xd1,0x87,0x00,0xff,0xd1,0x87,0x00,0xff,0xd1,0x87,0x00,0xff,
    0xd1,0x87,0x00,0xff,0xd1,0x87,0x00,0xff,0xd1,0x87,0x00,0xff,0xd1,0x87,0x00,0xff,
    0xd1,0x87,0x00,0xff,0xd1,0x87,0x00,0xff,0xd1,0x87,0x00,0xff,0xd1,0x87,0x00,0xff,
    0xd2,0x87,0x00,0xff,0xcf,0x87,0x05,0xfa,0xcc,0x88,0x0e,0x79,0xc8,0xa3,0x48,0x0e,
    0x00,0x00,0x00,0x00,0x00,0x00,0x00,0x00,0x00,0x00,0x00,0x00,0x00,0x00,0x00,0x00,
    0x00,0x00,0x00,0x00,0x00,0x00,0x00,0x00,0x00,0x00,0x00,0x00,0x00,0x00,0x00,0x00,
    0x00,0x00,0x00,0x00,0x00,0x00,0x00,0x00,0x00,0x00,0x00,0x00,0x00,0x00,0x00,0x00,
    0x00,0x00,0x00,0x00,0x00,0x00,0x00,0x00,0x00,0x00,0x00,0x00,0x00,0x00,0x00,0x00,
    0x00,0x00,0x00,0x00,0x00,0x00,0x00,0x00,0x00,0x00,0x00,0x00,0x00,0x00,0x00,0x00,
    0x00,0x00,0x00,0x00,0x00,0x00,0x00,0x00,0x00,0x00,0x00,0x00,0x00,0x00,0x00,0x00,
    0x00,0x00,0x00,0x00,0x00,0x00,0x00,0x00,0x00,0x00,0x00,0x00,0x00,0x00,0x00,0x00,
    0x00,0x00,0x00,0x00,0x00,0x00,0x00,0x00,0x00,0x00,0x00,0x00,0x00,0x00,0x00,0x00,
    0x00,0x00,0x00,0x00,0x00,0x00,0x00,0x00,0x00,0x00,0x00,0x00,0x00,0x00,0x00,0x00,
    0x00,0x00,0x00,0x00,0x00,0x00,0x00,0x00,0x00,0x00,0x00,0x00,0x00,0x00,0x00,0x00,
    0x00,0x00,0x00,0x00,0x00,0x00,0x00,0x00,0x00,0x00,0x00,0x00,0x00,0x00,0x00,0x00,
    0x00,0x00,0x00,0x00,0x00,0x00,0x00,0x00,0x00,0x00,0x00,0x00,0x00,0x00,0x00,0x00,
    0x00,0x00,0x00,0x00,0x00,0x00,0x00,0x00,0x00,0x00,0x00,0x00,0x00,0x00,0x00,0x00,
    0x00,0x00,0x00,0x00,0x00,0x00,0x00,0x00,0x00,0x00,0x00,0x00,0x00,0x00,0x00,0x00,
    0x00,0x00,0x00,0x00,0x00,0x00,0x00,0x00,0x00,0x00,0x00,0x00,0x00,0x00,0x00,0x00,
    0x00,0x00,0x00,0x00,0x00,0x00,0x00,0x00,0x00,0x00,0x00,0x00,0x00,0x00,0x00,0x00,
    0x00,0x00,0x00,0x00,0x00,0x00,0x00,0x00,0x00,0x00,0x00,0x00,0x00,0x00,0x00,0x00,
    0x00,0x00,0x00,0x00,0x00,0x00,0x00,0x00,0x00,0x00,0x00,0x00,0x00,0x00,0x00,0x00,
    0x00,0x00,0x00,0x00,0x00,0x00,0x00,0x00,0x00,0x00,0x00,0x00,0x00,0x00,0x00,0x00,
    0x00,0x00,0x00,0x00,0x00,0x00,0x00,0x00,0x00,0x00,0x00,0x00,0x00,0x00,0x00,0x00,
    0x9c,0x9c,0x9c,0x27,0xa4,0xa4,0xa4,0x4c,0xa0,0xa0,0xa0,0x59,0xa1,0xa1,0xa1,0x57,
    0xa1,0xa1,0xa1,0x57,0xa1,0xa1,0xa1,0x57,0xa1,0xa1,0xa1,0x57,0xa1,0xa1,0xa1,0x57,
    0xa1,0xa1,0xa1,0x57,0xa1,0xa1,0xa1,0x57,0xa1,0xa1,0xa1,0x57,0xa1,0xa1,0xa1,0x57,
    0xa1,0xa1,0xa1,0x57,0xa1,0xa1,0xa1,0x57,0xa1,0xa1,0xa1,0x57,0x9b,0xa1,0xb1,0x52,
    0xad,0x98,0x72,0x6b,0xc6,0x8a,0x1d,0xbc,0xd4,0x87,0x00,0xff,0xd2,0x87,0x00,0xff,
    0xd1,0x86,0x00,0xff,0xd1,0x86,0x00,0xff,0xd1,0x86,0x00,0xff,0xd1,0x86,0x00,0xff,
    0xd1,0x86,0x00,0xff,0xd1,0x86,0x00,0xff,0xd1,0x86,0x00,0xff,0xd1,0x86,0x00,0xff,
    0xd1,0x86,0x00,0xff,0xd1,0x86,0x00,0xff,0xd1,0x86,0x00,0xff,0xd1,0x86,0x00,0xff,
    0xd1,0x86,0x00,0xff,0xd1,0x86,0x00,0xff,0xd1,0x86,0x00,0xff,0xd1,0x86,0x00,0xff,
    0xd1,0x86,0x00,0xff,0xd1,0x86,0x00,0xff,0xd1,0x86,0x00,0xff,0xd1,0x86,0x00,0xff,
    0xd1,0x86,0x00,0xff,0xd1,0x86,0x00,0xff,0xd1,0x86,0x00,0xff,0xd1,0x86,0x00,0xff,
    0xd4,0x88,0x01,0xff,0xca,0x87,0x0d,0xaa,0xcc,0x85,0x19,0x28,0x00,0x00,0x00,0x00,
    0x00,0x00,0x00,0x01,0x00,0x00,0x00,0x00,0x00,0x00,0x00,0x00,0x00,0x00,0x00,0x00,
    0x00,0x00,0x00,0x00,0x00,0x00,0x00,0x00,0x00,0x00,0x00,0x00,0x00,0x00,0x00,0x00,
    0x00,0x00,0x00,0x00,0x00,0x00,0x00,0x00,0x00,0x00,0x00,0x00,0x00,0x00,0x00,0x00,
    0x00,0x00,0x00,0x00,0x00,0x00,0x00,0x00,0x00,0x00,0x00,0x00,0x00,0x00,0x00,0x00,
    0x00,0x00,0x00,0x00,0x00,0x00,0x00,0x00,0x00,0x00,0x00,0x00,0x00,0x00,0x00,0x00,
    0x00,0x00,0x00,0x00,0x00,0x00,0x00,0x00,0x00,0x00,0x00,0x00,0x00,0x00,0x00,0x00,
    0x00,0x00,0x00,0x00,0x00,0x00,0x00,0x00,0x00,0x00,0x00,0x00,0x00,0x00,0x00,0x00,
    0x00,0x00,0x00,0x00,0x00,0x00,0x00,0x00,0x00,0x00,0x00,0x00,0x00,0x00,0x00,0x00,
    0x00,0x00,0x00,0x00,0x00,0x00,0x00,0x00,0x00,0x00,0x00,0x00,0x00,0x00,0x00,0x00,
    0x00,0x00,0x00,0x00,0x00,0x00,0x00,0x00,0x00,0x00,0x00,0x00,0x00,0x00,0x00,0x00,
    0x00,0x00,0x00,0x00,0x00,0x00,0x00,0x00,0x00,0x00,0x00,0x00,0x00,0x00,0x00,0x00,
    0x00,0x00,0x00,0x00,0x00,0x00,0x00,0x00,0x00,0x00,0x00,0x00,0x00,0x00,0x00,0x00,
    0x00,0x00,0x00,0x00,0x00,0x00,0x00,0x00,0x00,0x00,0x00,0x00,0x00,0x00,0x00,0x00,
    0x00,0x00,0x00,0x00,0x00,0x00,0x00,0x00,0x00,0x00,0x00,0x00,0x00,0x00,0x00,0x00,
    0x00,0x00,0x00,0x00,0x00,0x00,0x00,0x00,0x00,0x00,0x00,0x00,0x00,0x00,0x00,0x00,
    0x00,0x00,0x00,0x00,0x00,0x00,0x00,0x00,0x00,0x00,0x00,0x00,0x00,0x00,0x00,0x00,
    0x00,0x00,0x00,0x00,0x00,0x00,0x00,0x00,0x00,0x00,0x00,0x00,0x00,0x00,0x00,0x00,
    0x00,0x00,0x00,0x00,0x00,0x00,0x00,0x00,0x00,0x00,0x00,0x00,0x00,0x00,0x00,0x00,
    0x00,0x00,0x00,0x00,0x00,0x00,0x00,0x00,0x00,0x00,0x00,0x00,0x00,0x00,0x00,0x00,
    0x00,0x00,0x00,0x00,0x00,0x00,0x00,0x00,0x00,0x00,0x00,0x00,0x00,0x00,0x00,0x00,
    0x00,0x00,0x00,0x00,0xa6,0xa6,0xa6,0x31,0xa0,0xa0,0xa0,0x54,0xa0,0xa0,0xa0,0x59,
    0xa1,0xa1,0xa1,0x57,0xa1,0xa1,0xa1,0x57,0xa1,0xa1,0xa1,0x57,0xa1,0xa1,0xa1,0x57,
    0xa1,0xa1,0xa1,0x57,0xa1,0xa1,0xa1,0x57,0xa1,0xa1,0xa1,0x57,0xa1,0xa1,0xa1,0x57,
    0xa1,0xa1,0xa1,0x57,0xa1,0xa1,0xa1,0x57,0xa0,0xa3,0xa3,0x56,0x9f,0xa5,0xa8,0x55,
    0xbc,0x90,0x45,0x8b,0xcf,0x84,0x01,0xfb,0xd0,0x85,0x00,0xff,0xd0,0x85,0x00,0xff,
    0xd0,0x85,0x00,0xff,0xd0,0x85,0x00,0xff,0xd0,0x85,0x00,0xff,0xd0,0x85,0x00,0xff,
    0xd0,0x85,0x00,0xff,0xd0,0x85,0x00,0xff,0xd0,0x85,0x00,0xff,0xd0,0x85,0x00,0xff,
    0xd0,0x85,0x00,0xff,0xd0,0x85,0x00,0xff,0xd0,0x85,0x00,0xff,0xd0,0x85,0x00,0xff,
    0xd0,0x85,0x00,0xff,0xd0,0x85,0x00,0xff,0xd0,0x85,0x00,0xff,0xd0,0x85,0x00,0xff,
    0xd0,0x85,0x00,0xff,0xd0,0x85,0x00,0xff,0xd0,0x85,0x00,0xff,0xd0,0x85,0x00,0xff,
    0xd0,0x85,0x00,0xff,0xd0,0x85,0x00,0xff,0xd0,0x85,0x00,0xff,0xd0,0x85,0x00,0xff,
    0xcd,0x86,0x05,0xed,0xc9,0x86,0x0d,0x39,0x00,0x00,0x00,0x00,0x00,0x00,0x00,0x00,
    0x00,0x00,0x00,0x00,0x00,0x00,0x00,0x00,0x00,0x00,0x00,0x00,0x00,0x00,0x00,0x00,
    0x00,0x00,0x00,0x00,0x00,0x00,0x00,0x00,0x00,0x00,0x00,0x00,0x00,0x00,0x00,0x00,
    0x00,0x00,0x00,0x00,0x00,0x00,0x00,0x00,0x00,0x00,0x00,0x00,0x00,0x00,0x00,0x00,
    0x00,0x00,0x00,0x00,0x00,0x00,0x00,0x00,0x00,0x00,0x00,0x00,0x00,0x00,0x00,0x00,
    0x00,0x00,0x00,0x00,0x00,0x00,0x00,0x00,0x00,0x00,0x00,0x00,0x00,0x00,0x00,0x00,
    0x00,0x00,0x00,0x00,0x00,0x00,0x00,0x00,0x00,0x00,0x00,0x00,0x00,0x00,0x00,0x00,
    0x00,0x00,0x00,0x00,0x00,0x00,0x00,0x00,0x00,0x00,0x00,0x00,0x00,0x00,0x00,0x00,
    0x00,0x00,0x00,0x00,0x00,0x00,0x00,0x00,0x00,0x00,0x00,0x00,0x00,0x00,0x00,0x00,
    0x00,0x00,0x00,0x00,0x00,0x00,0x00,0x00,0x00,0x00,0x00,0x00,0x00,0x00,0x00,0x00,
    0x00,0x00,0x00,0x00,0x00,0x00,0x00,0x00,0x00,0x00,0x00,0x00,0x00,0x00,0x00,0x00,
    0x00,0x00,0x00,0x00,0x00,0x00,0x00,0x00,0x00,0x00,0x00,0x00,0x00,0x00,0x00,0x00,
    0x00,0x00,0x00,0x00,0x00,0x00,0x00,0x00,0x00,0x00,0x00,0x00,0x00,0x00,0x00,0x00,
    0x00,0x00,0x00,0x00,0x00,0x00,0x00,0x00,0x00,0x00,0x00,0x00,0x00,0x00,0x00,0x00,
    0x00,0x00,0x00,0x00,0x00,0x00,0x00,0x00,0x00,0x00,0x00,0x00,0x00,0x00,0x00,0x00,
    0x00,0x00,0x00,0x00,0x00,0x00,0x00,0x00,0x00,0x00,0x00,0x00,0x00,0x00,0x00,0x00,
    0x00,0x00,0x00,0x00,0x00,0x00,0x00,0x00,0x00,0x00,0x00,0x00,0x00,0x00,0x00,0x00,
    0x00,0x00,0x00,0x00,0x00,0x00,0x00,0x00,0x00,0x00,0x00,0x00,0x00,0x00,0x00,0x00,
    0x00,0x00,0x00,0x00,0x00,0x00,0x00,0x00,0x00,0x00,0x00,0x00,0x00,0x00,0x00,0x00,
    0x00,0x00,0x00,0x00,0x00,0x00,0x00,0x00,0x00,0x00,0x00,0x00,0x00,0x00,0x00,0x00,
    0x00,0x00,0x00,0x00,0x00,0x00,0x00,0x00,0x00,0x00,0x00,0x00,0x00,0x00,0x00,0x00,
    0x00,0x00,0x00,0x00,0x94,0x94,0x94,0x0c,0x9e,0x9e,0x9e,0x3a,0xa0,0xa0,0xa0,0x5c,
    0xa1,0xa1,0xa1,0x57,0xa1,0xa1,0xa1,0x57,0xa1,0xa1,0xa1,0x57,0xa1,0xa1,0xa1,0x57,
    0xa1,0xa1,0xa1,0x57,0xa1,0xa1,0xa1,0x57,0xa1,0xa1,0xa1,0x57,0xa1,0xa1,0xa1,0x57,
    0xa1,0xa1,0xa1,0x57,0xa1,0xa1,0xa1,0x57,0x9b,0xa4,0xb1,0x52,0xb1,0x96,0x66,0x73,
    0xc6,0x89,0x1c,0xbf,0xd4,0x86,0x00,0xff,0xcf,0x84,0x00,0xff,0xcf,0x84,0x00,0xff,
    0xcf,0x84,0x00,0xff,0xcf,0x84,0x00,0xff,0xcf,0x84,0x00,0xff,0xcf,0x84,0x00,0xff,
    0xcf,0x84,0x00,0xff,0xcf,0x84,0x00,0xff,0xcf,0x84,0x00,0xff,0xcf,0x84,0x00,0xff,
    0xcf,0x84,0x00,0xff,0xcf,0x84,0x00,0xff,0xcf,0x84,0x00,0xff,0xcf,0x84,0x00,0xff,
    0xcf,0x84,0x00,0xff,0xcf,0x84,0x00,0xff,0xcf,0x84,0x00,0xff,0xcf,0x84,0x00,0xff,
    0xcf,0x84,0x00,0xff,0xcf,0x84,0x00,0xff,0xcf,0x84,0x00,0xff,0xcf,0x84,0x00,0xff,
    0xcf,0x84,0x00,0xff,0xcf,0x84,0x00,0xff,0xd1,0x85,0x00,0xff,0xcf,0x84,0x01,0xfa,
    0xc7,0x86,0x18,0x8a,0xc5,0x8b,0x22,0x16,0x00,0x00,0x00,0x00,0x00,0x00,0x00,0x00,
    0x00,0x00,0x00,0x00,0x00,0x00,0x00,0x00,0x00,0x00,0x00,0x00,0x00,0x00,0x00,0x00,
    0x00,0x00,0x00,0x00,0x00,0x00,0x00,0x00,0x00,0x00,0x00,0x00,0x00,0x00,0x00,0x00,
    0x00,0x00,0x00,0x00,0x00,0x00,0x00,0x00,0x00,0x00,0x00,0x00,0x00,0x00,0x00,0x00,
    0x00,0x00,0x00,0x00,0x00,0x00,0x00,0x00,0x00,0x00,0x00,0x00,0x00,0x00,0x00,0x00,
    0x00,0x00,0x00,0x00,0x00,0x00,0x00,0x00,0x00,0x00,0x00,0x00,0x00,0x00,0x00,0x00,
    0x00,0x00,0x00,0x00,0x00,0x00,0x00,0x00,0x00,0x00,0x00,0x00,0x00,0x00,0x00,0x00,
    0x00,0x00,0x00,0x00,0x00,0x00,0x00,0x00,0x00,0x00,0x00,0x00,0x00,0x00,0x00,0x00,
    0x00,0x00,0x00,0x00,0x00,0x00,0x00,0x00,0x00,0x00,0x00,0x00,0x00,0x00,0x00,0x00,
    0x00,0x00,0x00,0x00,0x00,0x00,0x00,0x00,0x00,0x00,0x00,0x00,0x00,0x00,0x00,0x00,
    0x00,0x00,0x00,0x00,0x00,0x00,0x00,0x00,0x00,0x00,0x00,0x00,0x00,0x00,0x00,0x00,
    0x00,0x00,0x00,0x00,0x00,0x00,0x00,0x00,0x00,0x00,0x00,0x00,0x00,0x00,0x00,0x00,
    0x00,0x00,0x00,0x00,0x00,0x00,0x00,0x00,0x00,0x00,0x00,0x00,0x00,0x00,0x00,0x00,
    0x00,0x00,0x00,0x00,0x00,0x00,0x00,0x00,0x00,0x00,0x00,0x00,0x00,0x00,0x00,0x00,
    0x00,0x00,0x00,0x00,0x00,0x00,0x00,0x00,0x00,0x00,0x00,0x00,0x00,0x00,0x00,0x00,
    0x00,0x00,0x00,0x00,0x00,0x00,0x00,0x00,0x00,0x00,0x00,0x00,0x00,0x00,0x00,0x00,
    0x00,0x00,0x00,0x00,0x00,0x00,0x00,0x00,0x00,0x00,0x00,0x00,0x00,0x00,0x00,0x00,
    0x00,0x00,0x00,0x00,0x00,0x00,0x00,0x00,0x00,0x00,0x00,0x00,0x00,0x00,0x00,0x00,
    0x00,0x00,0x00,0x00,0x00,0x00,0x00,0x00,0x00,0x00,0x00,0x00,0x00,0x00,0x00,0x00,
    0x00,0x00,0x00,0x00,0x00,0x00,0x00,0x00,0x00,0x00,0x00,0x00,0x00,0x00,0x00,0x00,
    0x00,0x00,0x00,0x00,0x00,0x00,0x00,0x00,0x00,0x00,0x00,0x00,0x00,0x00,0x00,0x00,
    0x00,0x00,0x00,0x00,0x00,0x00,0x00,0x00,0xa7,0xa7,0xa7,0x1d,0x9f,0x9f,0x9f,0x48,
    0xa0,0xa0,0xa0,0x59,0xa1,0xa1,0xa1,0x57,0xa1,0xa1,0xa1,0x57,0xa1,0xa1,0xa1,0x57,
    0xa1,0xa1,0xa1,0x57,0xa1,0xa1,0xa1,0x57,0xa1,0xa1,0xa1,0x57,0xa1,0xa1,0xa1,0x57,
    0xa1,0xa1,0xa1,0x57,0xa1,0xa1,0xa1,0x57,0x98,0xa8,0xc3,0x4d,0xbd,0x8e,0x39,0x98,
    0xcb,0x82,0x02,0xf8,0xd0,0x83,0x00,0xff,0xce,0x83,0x00,0xff,0xce,0x83,0x00,0xff,
    0xce,0x83,0x00,0xff,0xce,0x83,0x00,0xff,0xce,0x83,0x00,0xff,0xce,0x83,0x00,0xff,
    0xce,0x83,0x00,0xff,0xce,0x83,0x00,0xff,0xce,0x83,0x00,0xff,0xce,0x83,0x00,0xff,
    0xce,0x83,0x00,0xff,0xce,0x83,0x00,0xff,0xce,0x83,0x00,0xff,0xce,0x83,0x00,0xff,
    0xce,0x83,0x00,0xff,0xce,0x83,0x00,0xff,0xce,0x83,0x00,0xff,0xce,0x83,0x00,0xff,
    0xce,0x83,0x00,0xff,0xce,0x83,0x00,0xff,0xce,0x83,0x00,0xff,0xce,0x83,0x00,0xff,
    0xce,0x83,0x00,0xff,0xcf,0x83,0x00,0xff,0xcf,0x84,0x01,0xff,0xcc,0x83,0x05,0xe7,
    0xcd,0x83,0x10,0x1f,0x00,0x00,0x00,0x00,0x00,0x00,0x00,0x00,0x00,0x00,0x00,0x00,
    0x00,0x00,0x00,0x00,0x00,0x00,0x00,0x00,0x00,0x00,0x00,0x00,0x00,0x00,0x00,0x00,
    0x00,0x00,0x00,0x00,0x00,0x00,0x00,0x00,0x00,0x00,0x00,0x00,0x00,0x00,0x00,0x00,
    0x00,0x00,0x00,0x00,0x00,0x00,0x00,0x00,0x00,0x00,0x00,0x00,0x00,0x00,0x00,0x00,
    0x00,0x00,0x00,0x00,0x00,0x00,0x00,0x00,0x00,0x00,0x00,0x00,0x00,0x00,0x00,0x00,
    0x00,0x00,0x00,0x00,0x00,0x00,0x00,0x00,0x00,0x00,0x00,0x00,0x00,0x00,0x00,0x00,
    0x00,0x00,0x00,0x00,0x00,0x00,0x00,0x00,0x00,0x00,0x00,0x00,0x00,0x00,0x00,0x00,
    0x00,0x00,0x00,0x00,0x00,0x00,0x00,0x00,0x00,0x00,0x00,0x00,0x00,0x00,0x00,0x00,
    0x00,0x00,0x00,0x00,0x00,0x00,0x00,0x00,0x00,0x00,0x00,0x00,0x00,0x00,0x00,0x00,
    0x00,0x00,0x00,0x00,0x00,0x00,0x00,0x00,0x00,0x00,0x00,0x00,0x00,0x00,0x00,0x00,
    0x00,0x00,0x00,0x00,0x00,0x00,0x00,0x00,0x00,0x00,0x00,0x00,0x00,0x00,0x00,0x00,
    0x00,0x00,0x00,0x00,0x00,0x00,0x00,0x00,0x00,0x00,0x00,0x00,0x00,0x00,0x00,0x00,
    0x00,0x00,0x00,0x00,0x00,0x00,0x00,0x00,0x00,0x00,0x00,0x00,0x00,0x00,0x00,0x00,
    0x00,0x00,0x00,0x00,0x00,0x00,0x00,0x00,0x00,0x00,0x00,0x00,0x00,0x00,0x00,0x00,
    0x00,0x00,0x00,0x00,0x00,0x00,0x00,0x00,0x00,0x00,0x00,0x00,0x00,0x00,0x00,0x00,
    0x00,0x00,0x00,0x00,0x00,0x00,0x00,0x00,0x00,0x00,0x00,0x00,0x00,0x00,0x00,0x00,
    0x00,0x00,0x00,0x00,0x00,0x00,0x00,0x00,0x00,0x00,0x00,0x00,0x00,0x00,0x00,0x00,
    0x00,0x00,0x00,0x00,0x00,0x00,0x00,0x00,0x00,0x00,0x00,0x00,0x00,0x00,0x00,0x00,
    0x00,0x00,0x00,0x00,0x00,0x00,0x00,0x00,0x00,0x00,0x00,0x00,0x00,0x00,0x00,0x00,
    0x00,0x00,0x00,0x00,0x00,0x00,0x00,0x00,0x00,0x00,0x00,0x00,0x00,0x00,0x00,0x00,
    0x00,0x00,0x00,0x00,0x00,0x00,0x00,0x00,0x00,0x00,0x00,0x00,0x00,0x00,0x00,0x00,
    0x00,0x00,0x00,0x00,0x00,0x00,0x00,0x00,0xaa,0xaa,0xaa,0x03,0xa1,0xa1,0xa1,0x26,
    0xa5,0xa5,0xa5,0x58,0xa1,0xa1,0xa1,0x57,0xa1,0xa1,0xa1,0x57,0xa1,0xa1,0xa1,0x57,
    0xa1,0xa1,0xa1,0x57,0xa1,0xa1,0xa1,0x57,0xa1,0xa1,0xa1,0x57,0xa1,0xa1,0xa1,0x57,
    0xa1,0xa1,0xa1,0x57,0x9d,0xa3,0xaa,0x54,0xac,0x99,0x77,0x69,0xc4,0x88,0x1d,0xbd,
    0xd5,0x86,0x00,0xff,0xce,0x82,0x00,0xff,0xce,0x82,0x00,0xff,0xce,0x82,0x00,0xff,
    0xce,0x82,0x00,0xff,0xce,0x82,0x00,0xff,0xce,0x82,0x00,0xff,0xce,0x82,0x00,0xff,
    0xce,0x82,0x00,0xff,0xce,0x82,0x00,0xff,0xce,0x82,0x00,0xff,0xce,0x82,0x00,0xff,
    0xce,0x82,0x00,0xff,0xce,0x82,0x00,0xff,0xce,0x82,0x00,0xff,0xce,0x82,0x00,0xff,
    0xce,0x82,0x00,0xff,0xce,0x82,0x00,0xff,0xce,0x82,0x00,0xff,0xce,0x82,0x00,0xff,
    0xce,0x82,0x00,0xff,0xce,0x82,0x00,0xff,0xce,0x82,0x00,0xff,0xce,0x82,0x00,0xff,
    0xce,0x82,0x00,0xff,0xd2,0x85,0x00,0xff,0xcd,0x82,0x02,0xf2,0xc9,0x85,0x15,0x8f,
    0xda,0x6d,0x24,0x07,0x00,0x00,0x00,0x00,0x00,0x00,0x00,0x00,0x00,0x00,0x00,0x00,
    0x00,0x00,0x00,0x00,0x00,0x00,0x00,0x00,0x00,0x00,0x00,0x00,0x00,0x00,0x00,0x00,
    0x00,0x00,0x00,0x00,0x00,0x00,0x00,0x00,0x00,0x00,0x00,0x00,0x00,0x00,0x00,0x00,
    0x00,0x00,0x00,0x00,0x00,0x00,0x00,0x00,0x00,0x00,0x00,0x00,0x00,0x00,0x00,0x00,
    0x00,0x00,0x00,0x00,0x00,0x00,0x00,0x00,0x00,0x00,0x00,0x00,0x00,0x00,0x00,0x00,
    0x00,0x00,0x00,0x00,0x00,0x00,0x00,0x00,0x00,0x00,0x00,0x00,0x00,0x00,0x00,0x00,
    0x00,0x00,0x00,0x00,0x00,0x00,0x00,0x00,0x00,0x00,0x00,0x00,0x00,0x00,0x00,0x00,
    0x00,0x00,0x00,0x00,0x00,0x00,0x00,0x00,0x00,0x00,0x00,0x00,0x00,0x00,0x00,0x00,
    0x00,0x00,0x00,0x00,0x00,0x00,0x00,0x00,0x00,0x00,0x00,0x00,0x00,0x00,0x00,0x00,
    0x00,0x00,0x00,0x00,0x00,0x00,0x00,0x00,0x00,0x00,0x00,0x00,0x00,0x00,0x00,0x00,
    0x00,0x00,0x00,0x00,0x00,0x00,0x00,0x00,0x00,0x00,0x00,0x00,0x00,0x00,0x00,0x00,
    0x00,0x00,0x00,0x00,0x00,0x00,0x00,0x00,0x00,0x00,0x00,0x00,0x00,0x00,0x00,0x00,
    0x00,0x00,0x00,0x00,0x00,0x00,0x00,0x00,0x00,0x00,0x00,0x00,0x00,0x00,0x00,0x00,
    0x00,0x00,0x00,0x00,0x00,0x00,0x00,0x00,0x00,0x00,0x00,0x00,0x00,0x00,0x00,0x00,
    0x00,0x00,0x00,0x00,0x00,0x00,0x00,0x00,0x00,0x00,0x00,0x00,0x00,0x00,0x00,0x00,
    0x00,0x00,0x00,0x00,0x00,0x00,0x00,0x00,0x00,0x00,0x00,0x00,0x00,0x00,0x00,0x00,
    0x00,0x00,0x00,0x00,0x00,0x00,0x00,0x00,0x00,0x00,0x00,0x00,0x00,0x00,0x00,0x00,
    0x00,0x00,0x00,0x00,0x00,0x00,0x00,0x00,0x00,0x00,0x00,0x00,0x00,0x00,0x00,0x00,
    0x00,0x00,0x00,0x00,0x00,0x00,0x00,0x00,0x00,0x00,0x00,0x00,0x00,0x00,0x00,0x00,
    0x00,0x00,0x00,0x00,0x00,0x00,0x00,0x00,0x00,0x00,0x00,0x00,0x00,0x00,0x00,0x00,
    0x00,0x00,0x00,0x00,0x00,0x00,0x00,0x00,0x00,0x00,0x00,0x00,0x00,0x00,0x00,0x00,
    0x00,0x00,0x00,0x00,0x00,0x00,0x00,0x00,0x00,0x00,0x00,0x00,0xaa,0xaa,0xaa,0x0f,
    0xa0,0xa0,0xa0,0x3e,0xa2,0xa2,0xa2,0x58,0xa1,0xa1,0xa1,0x57,0xa1,0xa1,0xa1,0x57,
    0xa1,0xa1,0xa1,0x57,0xa1,0xa1,0xa1,0x57,0xa1,0xa1,0xa1,0x57,0xa1,0xa1,0xa1,0x57,
    0xa1,0xa1,0xa1,0x57,0x99,0xa6,0xbd,0x4e,0xbb,0x8e,0x3c,0x93,0xc9,0x84,0x0b,0xe2,
    0xd3,0x85,0x00,0xff,0xcd,0x82,0x00,0xff,0xcd,0x82,0x00,0xff,0xcd,0x82,0x00,0xff,
    0xcd,0x82,0x00,0xff,0xcd,0x82,0x00,0xff,0xcd,0x82,0x00,0xff,0xcd,0x82,0x00,0xff,
    0xcd,0x82,0x00,0xff,0xcd,0x82,0x00,0xff,0xcd,0x82,0x00,0xff,0xcd,0x82,0x00,0xff,
    0xcd,0x82,0x00,0xff,0xcd,0x82,0x00,0xff,0xcd,0x82,0x00,0xff,0xcd,0x82,0x00,0xff,
    0xcd,0x82,0x00,0xff,0xcd,0x82,0x00,0xff,0xcd,0x82,0x00,0xff,0xcd,0x82,0x00,0xff,
    0xcd,0x82,0x00,0xff,0xcd,0x82,0x00,0xff,0xcd,0x82,0x00,0xff,0xcd,0x82,0x00,0xff,
    0xce,0x82,0x00,0xff,0xd3,0x86,0x00,0xff,0xcc,0x81,0x03,0xd8,0xbf,0x85,0x1f,0x28,
    0xff,0xff,0x00,0x01,0x00,0x00,0x00,0x00,0x00,0x00,0x00,0x00,0x00,0x00,0x00,0x00,
    0x00,0x00,0x00,0x00,0x00,0x00,0x00,0x00,0x00,0x00,0x00,0x00,0x00,0x00,0x00,0x00,
    0x00,0x00,0x00,0x00,0x00,0x00,0x00,0x00,0x00,0x00,0x00,0x00,0x00,0x00,0x00,0x00,
    0x00,0x00,0x00,0x00,0x00,0x00,0x00,0x00,0x00,0x00,0x00,0x00,0x00,0x00,0x00,0x00,
    0x00,0x00,0x00,0x00,0x00,0x00,0x00,0x00,0x00,0x00,0x00,0x00,0x00,0x00,0x00,0x00,
    0x00,0x00,0x00,0x00,0x00,0x00,0x00,0x00,0x00,0x00,0x00,0x00,0x00,0x00,0x00,0x00,
    0x00,0x00,0x00,0x00,0x00,0x00,0x00,0x00,0x00,0x00,0x00,0x00,0x00,0x00,0x00,0x00,
    0x00,0x00,0x00,0x00,0x00,0x00,0x00,0x00,0x00,0x00,0x00,0x00,0x00,0x00,0x00,0x00,
    0x00,0x00,0x00,0x00,0x00,0x00,0x00,0x00,0x00,0x00,0x00,0x00,0x00,0x00,0x00,0x00,
    0x00,0x00,0x00,0x00,0x00,0x00,0x00,0x00,0x00,0x00,0x00,0x00,0x00,0x00,0x00,0x00,
    0x00,0x00,0x00,0x00,0x00,0x00,0x00,0x00,0x00,0x00,0x00,0x00,0x00,0x00,0x00,0x00,
    0x00,0x00,0x00,0x00,0x00,0x00,0x00,0x00,0x00,0x00,0x00,0x00,0x00,0x00,0x00,0x00,
    0x00,0x00,0x00,0x00,0x00,0x00,0x00,0x00,0x00,0x00,0x00,0x00,0x00,0x00,0x00,0x00,
    0x00,0x00,0x00,0x00,0x00,0x00,0x00,0x00,0x00,0x00,0x00,0x00,0x00,0x00,0x00,0x00,
    0x00,0x00,0x00,0x00,0x00,0x00,0x00,0x00,0x00,0x00,0x00,0x00,0x00,0x00,0x00,0x00,
    0x00,0x00,0x00,0x00,0x00,0x00,0x00,0x00,0x00,0x00,0x00,0x00,0x00,0x00,0x00,0x00,
    0x00,0x00,0x00,0x00,0x00,0x00,0x00,0x00,0x00,0x00,0x00,0x00,0x00,0x00,0x00,0x00,
    0x00,0x00,0x00,0x00,0x00,0x00,0x00,0x00,0x00,0x00,0x00,0x00,0x00,0x00,0x00,0x00,
    0x00,0x00,0x00,0x00,0x00,0x00,0x00,0x00,0x00,0x00,0x00,0x00,0x00,0x00,0x00,0x00,
    0x00,0x00,0x00,0x00,0x00,0x00,0x00,0x00,0x00,0x00,0x00,0x00,0x00,0x00,0x00,0x00,
    0x00,0x00,0x00,0x00,0x00,0x00,0x00,0x00,0x00,0x00,0x00,0x00,0x00,0x00,0x00,0x00,
    0x00,0x00,0x00,0x00,0x00,0x00,0x00,0x00,0x00,0x00,0x00,0x00,0x7f,0x7f,0x7f,0x02,
    0x9a,0x9a,0x9a,0x1c,0xa2,0xa2,0xa2,0x55,0xa1,0xa1,0xa1,0x57,0xa1,0xa1,0xa1,0x57,
    0xa1,0xa1,0xa1,0x57,0xa1,0xa1,0xa1,0x57,0xa1,0xa1,0xa1,0x57,0xa1,0xa1,0xa1,0x57,
    0xa1,0xa1,0xa1,0x57,0xa0,0xa3,0xaa,0x54,0xc4,0x87,0x1e,0xba,0xcb,0x81,0x00,0xfe,
    0xce,0x82,0x00,0xff,0xcd,0x82,0x00,0xff,0xcd,0x82,0x00,0xff,0xcd,0x82,0x00,0xff,
    0xcd,0x82,0x00,0xff,0xcd,0x82,0x00,0xff,0xcd,0x82,0x00,0xff,0xcd,0x82,0x00,0xff,
    0xcd,0x82,0x00,0xff,0xcd,0x82,0x00,0xff,0xcd,0x82,0x00,0xff,0xcd,0x82,0x00,0xff,
    0xcd,0x82,0x00,0xff,0xcd,0x82,0x00,0xff,0xcd,0x82,0x00,0xff,0xcd,0x82,0x00,0xff,
    0xcd,0x82,0x00,0xff,0xcd,0x82,0x00,0xff,0xcd,0x82,0x00,0xff,0xcd,0x82,0x00,0xff,
    0xcd,0x82,0x00,0xff,0xcd,0x82,0x00,0xff,0xcd,0x82,0x00,0xff,0xcd,0x82,0x00,0xff,
    0xcf,0x83,0x00,0xff,0xcb,0x82,0x03,0xf8,0xc8,0x81,0x0a,0xa8,0x00,0x00,0x00,0x00,
    0x00,0x00,0x00,0x00,0x00,0x00,0x00,0x00,0x00,0x00,0x00,0x00,0x00,0x00,0x00,0x00,
    0x00,0x00,0x00,0x00,0x00,0x00,0x00,0x00,0x00,0x00,0x00,0x00,0x00,0x00,0x00,0x00,
    0x00,0x00,0x00,0x00,0x00,0x00,0x00,0x00,0x00,0x00,0x00,0x00,0x00,0x00,0x00,0x00,
    0x00,0x00,0x00,0x00,0x00,0x00,0x00,0x00,0x00,0x00,0x00,0x00,0x00,0x00,0x00,0x00,
    0x00,0x00,0x00,0x00,0x00,0x00,0x00,0x00,0x00,0x00,0x00,0x00,0x00,0x00,0x00,0x00,
    0x00,0x00,0x00,0x00,0x00,0x00,0x00,0x00,0x00,0x00,0x00,0x00,0x00,0x00,0x00,0x00,
    0x00,0x00,0x00,0x00,0x00,0x00,0x00,0x00,0x00,0x00,0x00,0x00,0x00,0x00,0x00,0x00,
    0x00,0x00,0x00,0x00,0x00,0x00,0x00,0x00,0x00,0x00,0x00,0x00,0x00,0x00,0x00,0x00,
    0x00,0x00,0x00,0x00,0x00,0x00,0x00,0x00,0x00,0x00,0x00,0x00,0x00,0x00,0x00,0x00,
    0x00,0x00,0x00,0x00,0x00,0x00,0x00,0x00,0x00,0x00,0x00,0x00,0x00,0x00,0x00,0x00,
    0x00,0x00,0x00,0x00,0x00,0x00,0x00,0x00,0x00,0x00,0x00,0x00,0x00,0x00,0x00,0x00,
    0x00,0x00,0x00,0x00,0x00,0x00,0x00,0x00,0x00,0x00,0x00,0x00,0x00,0x00,0x00,0x00,
    0x00,0x00,0x00,0x00,0x00,0x00,0x00,0x00,0x00,0x00,0x00,0x00,0x00,0x00,0x00,0x00,
    0x00,0x00,0x00,0x00,0x00,0x00,0x00,0x00,0x00,0x00,0x00,0x00,0x00,0x00,0x00,0x00,
    0x00,0x00,0x00,0x00,0x00,0x00,0x00,0x00,0x00,0x00,0x00,0x00,0x00,0x00,0x00,0x00,
    0x00,0x00,0x00,0x00,0x00,0x00,0x00,0x00,0x00,0x00,0x00,0x00,0x00,0x00,0x00,0x00,
    0x00,0x00,0x00,0x00,0x00,0x00,0x00,0x00,0x00,0x00,0x00,0x00,0x00,0x00,0x00,0x00,
    0x00,0x00,0x00,0x00,0x00,0x00,0x00,0x00,0x00,0x00,0x00,0x00,0x00,0x00,0x00,0x00,
    0x00,0x00,0x00,0x00,0x00,0x00,0x00,0x00,0x00,0x00,0x00,0x00,0x00,0x00,0x00,0x00,
    0x00,0x00,0x00,0x00,0x00,0x00,0x00,0x00,0x00,0x00,0x00,0x00,0x00,0x00,0x00,0x00,
    0x00,0x00,0x00,0x00,0x00,0x00,0x00,0x00,0x00,0x00,0x00,0x00,0x00,0x00,0x00,0x00,
    0x00,0x00,0x00,0x00,0x00,0x00,0x00,0x00,0x00,0x00,0x00,0x00,0x00,0x00,0x00,0x00,
    0x8d,0x8d,0x8d,0x09,0x9f,0x9f,0x9f,0x43,0xa5,0xa5,0xa5,0x55,0xa1,0xa1,0xa1,0x57,
    0xa1,0xa1,0xa1,0x57,0xa1,0xa1,0xa1,0x57,0xa1,0xa1,0xa1,0x57,0xa1,0xa1,0xa1,0x57,
    0xa0,0xa3,0xa3,0x56,0xb2,0x97,0x65,0x74,0xc8,0x84,0x0f,0xd8,0xd4,0x85,0x00,0xff,
    0xcb,0x81,0x00,0xff,0xcc,0x81,0x00,0xff,0xcc,0x81,0x00,0xff,0xcc,0x81,0x00,0xff,
    0xcc,0x81,0x00,0xff,0xcc,0x81,0x00,0xff,0xcc,0x81,0x00,0xff,0xcc,0x81,0x00,0xff,
    0xcc,0x81,0x00,0xff,0xcc,0x81,0x00,0xff,0xcc,0x81,0x00,0xff,0xcc,0x81,0x00,0xff,
    0xcc,0x81,0x00,0xff,0xcc,0x81,0x00,0xff,0xcc,0x81,0x00,0xff,0xcc,0x81,0x00,0xff,
    0xcc,0x81,0x00,0xff,0xcc,0x81,0x00,0xff,0xcc,0x81,0x00,0xff,0xcc,0x81,0x00,0xff,
    0xcc,0x81,0x00,0xff,0xcc,0x81,0x00,0xff,0xcc,0x81,0x00,0xff,0xcc,0x81,0x00,0xff,
    0xd3,0x85,0x00,0xff,0xca,0x81,0x04,0xd5,0xc2,0x83,0x1f,0x59,0x00,0x00,0x00,0x00,
    0x00,0x00,0x00,0x00,0x00,0x00,0x00,0x00,0x00,0x00,0x00,0x00,0x00,0x00,0x00,0x00,
    0x00,0x00,0x00,0x00,0x00,0x00,0x00,0x00,0x00,0x00,0x00,0x00,0x00,0x00,0x00,0x00,
    0x00,0x00,0x00,0x00,0x00,0x00,0x00,0x00,0x00,0x00,0x00,0x00,0x00,0x00,0x00,0x00,
    0x00,0x00,0x00,0x00,0x00,0x00,0x00,0x00,0x00,0x00,0x00,0x00,0x00,0x00,0x00,0x00,
    0x00,0x00,0x00,0x00,0x00,0x00,0x00,0x00,0x00,0x00,0x00,0x00,0x00,0x00,0x00,0x00,
    0x00,0x00,0x00,0x00,0x00,0x00,0x00,0x00,0x00,0x00,0x00,0x00,0x00,0x00,0x00,0x00,
    0x00,0x00,0x00,0x00,0x00,0x00,0x00,0x00,0x00,0x00,0x00,0x00,0x00,0x00,0x00,0x00,
    0x00,0x00,0x00,0x00,0x00,0x00,0x00,0x00,0x00,0x00,0x00,0x00,0x00,0x00,0x00,0x00,
    0x00,0x00,0x00,0x00,0x00,0x00,0x00,0x00,0x00,0x00,0x00,0x00,0x00,0x00,0x00,0x00,
    0x00,0x00,0x00,0x00,0x00,0x00,0x00,0x00,0x00,0x00,0x00,0x00,0x00,0x00,0x00,0x00,
    0x00,0x00,0x00,0x00,0x00,0x00,0x00,0x00,0x00,0x00,0x00,0x00,0x00,0x00,0x00,0x00,
    0x00,0x00,0x00,0x00,0x00,0x00,0x00,0x00,0x00,0x00,0x00,0x00,0x00,0x00,0x00,0x00,
    0x00,0x00,0x00,0x00,0x00,0x00,0x00,0x00,0x00,0x00,0x00,0x00,0x00,0x00,0x00,0x00,
    0x00,0x00,0x00,0x00,0x00,0x00,0x00,0x00,0x00,0x00,0x00,0x00,0x00,0x00,0x00,0x00,
    0x00,0x00,0x00,0x00,0x00,0x00,0x00,0x00,0x00,0x00,0x00,0x00,0x00,0x00,0x00,0x00,
    0x00,0x00,0x00,0x00,0x00,0x00,0x00,0x00,0x00,0x00,0x00,0x00,0x00,0x00,0x00,0x00,
    0x00,0x00,0x00,0x00,0x00,0x00,0x00,0x00,0x00,0x00,0x00,0x00,0x00,0x00,0x00,0x00,
    0x00,0x00,0x00,0x00,0x00,0x00,0x00,0x00,0x00,0x00,0x00,0x00,0x00,0x00,0x00,0x00,
    0x00,0x00,0x00,0x00,0x00,0x00,0x00,0x00,0x00,0x00,0x00,0x00,0x00,0x00,0x00,0x00,
    0x00,0x00,0x00,0x00,0x00,0x00,0x00,0x00,0x00,0x00,0x00,0x00,0x00,0x00,0x00,0x00,
    0x00,0x00,0x00,0x00,0x00,0x00,0x00,0x00,0x00,0x00,0x00,0x00,0x00,0x00,0x00,0x00,
    0x00,0x00,0x00,0x00,0x00,0x00,0x00,0x00,0x00,0x00,0x00,0x00,0x00,0x00,0x00,0x00,
    0xff,0xff,0xff,0x03,0x9f,0x9f,0x9f,0x20,0xa2,0xa2,0xa2,0x53,0xa2,0xa2,0xa2,0x58,
    0xa1,0xa1,0xa1,0x57,0xa1,0xa1,0xa1,0x57,0xa1,0xa1,0xa1,0x57,0xa1,0xa1,0xa1,0x57,
    0xa0,0xa3,0xaa,0x54,0xbf,0x89,0x2b,0xa9,0xca,0x82,0x06,0xed,0xcf,0x82,0x00,0xff,
    0xcb,0x80,0x00,0xff,0xcb,0x80,0x00,0xff,0xcb,0x80,0x00,0xff,0xcb,0x80,0x00,0xff,
    0xcb,0x80,0x00,0xff,0xcb,0x80,0x00,0xff,0xcb,0x80,0x00,0xff,0xcb,0x80,0x00,0xff,
    0xcb,0x80,0x00,0xff,0xcb,0x80,0x00,0xff,0xcb,0x80,0x00,0xff,0xcb,0x80,0x00,0xff,
    0xcb,0x80,0x00,0xff,0xcb,0x80,0x00,0xff,0xcb,0x80,0x00,0xff,0xcb,0x80,0x00,0xff,
    0xcb,0x80,0x00,0xff,0xcb,0x80,0x00,0xff,0xcb,0x80,0x00,0xff,0xcb,0x80,0x00,0xff,
    0xcb,0x80,0x00,0xff,0xcb,0x80,0x00,0xff,0xcb,0x80,0x00,0xff,0xcb,0x80,0x00,0xff,
    0xd4,0x85,0x00,0xff,0xc9,0x7f,0x01,0xaa,0x55,0x55,0xff,0x03,0x00,0x00,0x00,0x00,
    0x00,0x00,0x00,0x00,0x00,0x00,0x00,0x00,0x00,0x00,0x00,0x00,0x00,0x00,0x00,0x00,
    0x00,0x00,0x00,0x00,0x00,0x00,0x00,0x00,0x00,0x00,0x00,0x00,0x00,0x00,0x00,0x00,
    0x00,0x00,0x00,0x00,0x00,0x00,0x00,0x00,0x00,0x00,0x00,0x00,0x00,0x00,0x00,0x00,
    0x00,0x00,0x00,0x00,0x00,0x00,0x00,0x00,0x00,0x00,0x00,0x00,0x00,0x00,0x00,0x00,
    0x00,0x00,0x00,0x00,0x00,0x00,0x00,0x00,0x00,0x00,0x00,0x00,0x00,0x00,0x00,0x00,
    0x00,0x00,0x00,0x00,0x00,0x00,0x00,0x00,0x00,0x00,0x00,0x00,0x00,0x00,0x00,0x00,
    0x00,0x00,0x00,0x00,0x00,0x00,0x00,0x00,0x00,0x00,0x00,0x00,0x00,0x00,0x00,0x00,
    0x00,0x00,0x00,0x00,0x00,0x00,0x00,0x00,0x00,0x00,0x00,0x00,0x00,0x00,0x00,0x00,
    0x00,0x00,0x00,0x00,0x00,0x00,0x00,0x00,0x00,0x00,0x00,0x00,0x00,0x00,0x00,0x00,
    0x00,0x00,0x00,0x00,0x00,0x00,0x00,0x00,0x00,0x00,0x00,0x00,0x00,0x00,0x00,0x00,
    0x00,0x00,0x00,0x00,0x00,0x00,0x00,0x00,0x00,0x00,0x00,0x00,0x00,0x00,0x00,0x00,
    0x00,0x00,0x00,0x00,0x00,0x00,0x00,0x00,0x00,0x00,0x00,0x00,0x00,0x00,0x00,0x00,
    0x00,0x00,0x00,0x00,0x00,0x00,0x00,0x00,0x00,0x00,0x00,0x00,0x00,0x00,0x00,0x00,
    0x00,0x00,0x00,0x00,0x00,0x00,0x00,0x00,0x00,0x00,0x00,0x00,0x00,0x00,0x00,0x00,
    0x00,0x00,0x00,0x00,0x00,0x00,0x00,0x00,0x00,0x00,0x00,0x00,0x00,0x00,0x00,0x00,
    0x00,0x00,0x00,0x00,0x00,0x00,0x00,0x00,0x00,0x00,0x00,0x00,0x00,0x00,0x00,0x00,
    0x00,0x00,0x00,0x00,0x00,0x00,0x00,0x00,0x00,0x00,0x00,0x00,0x00,0x00,0x00,0x00,
    0x00,0x00,0x00,0x00,0x00,0x00,0x00,0x00,0x00,0x00,0x00,0x00,0x00,0x00,0x00,0x00,
    0x00,0x00,0x00,0x00,0x00,0x00,0x00,0x00,0x00,0x00,0x00,0x00,0x00,0x00,0x00,0x00,
    0x00,0x00,0x00,0x00,0x00,0x00,0x00,0x00,0x00,0x00,0x00,0x00,0x00,0x00,0x00,0x00,
    0x00,0x00,0x00,0x00,0x00,0x00,0x00,0x00,0x00,0x00,0x00,0x00,0x00,0x00,0x00,0x00,
    0x00,0x00,0x00,0x00,0x00,0x00,0x00,0x00,0x00,0x00,0x00,0x00,0x00,0x00,0x00,0x00,
    0x00,0x00,0x00,0x00,0x91,0x91,0x91,0x07,0xa2,0xa2,0xa2,0x4d,0xa2,0xa2,0xa2,0x58,
    0xa1,0xa1,0xa1,0x57,0xa1,0xa1,0xa1,0x57,0xa1,0xa1,0xa1,0x57,0xa3,0xa3,0xa3,0x56,
    0x9c,0xa2,0xac,0x53,0xc7,0x83,0x11,0xd2,0xcb,0x7f,0x00,0xff,0xcc,0x7f,0x00,0xff,
    0xcb,0x7f,0x00,0xff,0xcb,0x7f,0x00,0xff,0xcb,0x7f,0x00,0xff,0xcb,0x7f,0x00,0xff,
    0xcb,0x7f,0x00,0xff,0xcb,0x7f,0x00,0xff,0xcb,0x7f,0x00,0xff,0xcb,0x7f,0x00,0xff,
    0xcb,0x7f,0x00,0xff,0xcb,0x7f,0x00,0xff,0xcb,0x7f,0x00,0xff,0xcb,0x7f,0x00,0xff,
    0xcb,0x7f,0x00,0xff,0xcb,0x7f,0x00,0xff,0xcb,0x7f,0x00,0xff,0xcb,0x7f,0x00,0xff,
    0xcb,0x7f,0x00,0xff,0xcb,0x7f,0x00,0xff,0xcb,0x7f,0x00,0xff,0xcb,0x7f,0x00,0xff,
    0xcb,0x7f,0x00,0xff,0xcb,0x7f,0x00,0xff,0xcb,0x7f,0x00,0xff,0xcf,0x81,0x00,0xff,
    0xc9,0x81,0x07,0xf1,0xc6,0x81,0x0f,0x82,0x00,0x00,0x00,0x00,0x00,0x00,0x00,0x00,
    0x00,0x00,0x00,0x00,0x00,0x00,0x00,0x00,0x00,0x00,0x00,0x00,0x00,0x00,0x00,0x00,
    0x00,0x00,0x00,0x00,0x00,0x00,0x00,0x00,0x00,0x00,0x00,0x00,0x00,0x00,0x00,0x00,
    0x00,0x00,0x00,0x00,0x00,0x00,0x00,0x00,0x00,0x00,0x00,0x00,0x00,0x00,0x00,0x00,
    0x00,0x00,0x00,0x00,0x00,0x00,0x00,0x00,0x00,0x00,0x00,0x00,0x00,0x00,0x00,0x00,
    0x00,0x00,0x00,0x00,0x00,0x00,0x00,0x00,0x00,0x00,0x00,0x00,0x00,0x00,0x00,0x00,
    0x00,0x00,0x00,0x00,0x00,0x00,0x00,0x00,0x00,0x00,0x00,0x00,0x00,0x00,0x00,0x00,
    0x00,0x00,0x00,0x00,0x00,0x00,0x00,0x00,0x00,0x00,0x00,0x00,0x00,0x00,0x00,0x00,
    0x00,0x00,0x00,0x00,0x00,0x00,0x00,0x00,0x00,0x00,0x00,0x00,0x00,0x00,0x00,0x00,
    0x00,0x00,0x00,0x00,0x00,0x00,0x00,0x00,0x00,0x00,0x00,0x00,0x00,0x00,0x00,0x00,
    0x00,0x00,0x00,0x00,0x00,0x00,0x00,0x00,0x00,0x00,0x00,0x00,0x00,0x00,0x00,0x00,
    0x00,0x00,0x00,0x00,0x00,0x00,0x00,0x00,0x00,0x00,0x00,0x00,0x00,0x00,0x00,0x00,
    0x00,0x00,0x00,0x00,0x00,0x00,0x00,0x00,0x00,0x00,0x00,0x00,0x00,0x00,0x00,0x00,
    0x00,0x00,0x00,0x00,0x00,0x00,0x00,0x00,0x00,0x00,0x00,0x00,0x00,0x00,0x00,0x00,
    0x00,0x00,0x00,0x00,0x00,0x00,0x00,0x00,0x00,0x00,0x00,0x00,0x00,0x00,0x00,0x00,
    0x00,0x00,0x00,0x00,0x00,0x00,0x00,0x00,0x00,0x00,0x00,0x00,0x00,0x00,0x00,0x00,
    0x00,0x00,0x00,0x00,0x00,0x00,0x00,0x00,0x00,0x00,0x00,0x00,0x00,0x00,0x00,0x00,
    0x00,0x00,0x00,0x00,0x00,0x00,0x00,0x00,0x00,0x00,0x00,0x00,0x00,0x00,0x00,0x00,
    0x00,0x00,0x00,0x00,0x00,0x00,0x00,0x00,0x00,0x00,0x00,0x00,0x00,0x00,0x00,0x00,
    0x00,0x00,0x00,0x00,0x00,0x00,0x00,0x00,0x00,0x00,0x00,0x00,0x00,0x00,0x00,0x00,
    0x00,0x00,0x00,0x00,0x00,0x00,0x00,0x00,0x00,0x00,0x00,0x00,0x00,0x00,0x00,0x00,
    0x00,0x00,0x00,0x00,0x00,0x00,0x00,0x00,0x00,0x00,0x00,0x00,0x00,0x00,0x00,0x00,
    0x00,0x00,0x00,0x00,0x00,0x00,0x00,0x00,0x00,0x00,0x00,0x00,0x00,0x00,0x00,0x00,
    0x00,0x00,0x00,0x00,0xff,0xff,0xff,0x01,0xa0,0xa0,0xa0,0x36,0xa1,0xa1,0xa1,0x52,
    0xa2,0xa2,0xa2,0x58,0xa1,0xa1,0xa1,0x57,0xa0,0xa3,0xa3,0x56,0xa2,0xa2,0x9c,0x58,
    0xb0,0x95,0x6e,0x6f,0xc8,0x80,0x08,0xe6,0xcf,0x80,0x00,0xff,0xca,0x7e,0x00,0xff,
    0xca,0x7e,0x00,0xff,0xca,0x7e,0x00,0xff,0xca,0x7e,0x00,0xff,0xca,0x7e,0x00,0xff,
    0xca,0x7e,0x00,0xff,0xca,0x7e,0x00,0xff,0xca,0x7e,0x00,0xff,0xca,0x7e,0x00,0xff,
    0xca,0x7e,0x00,0xff,0xca,0x7e,0x00,0xff,0xca,0x7e,0x00,0xff,0xca,0x7e,0x00,0xff,
    0xca,0x7e,0x00,0xff,0xca,0x7e,0x00,0xff,0xca,0x7e,0x00,0xff,0xca,0x7e,0x00,0xff,
    0xca,0x7e,0x00,0xff,0xca,0x7e,0x00,0xff,0xca,0x7e,0x00,0xff,0xca,0x7e,0x00,0xff,
    0xca,0x7e,0x00,0xff,0xca,0x7e,0x00,0xff,0xca,0x7e,0x00,0xff,0xd1,0x82,0x00,0xff,
    0xc6,0x80,0x08,0xc8,0xc2,0x85,0x1c,0x50,0x00,0x00,0x00,0x00,0x00,0x00,0x00,0x00,
    0x00,0x00,0x00,0x00,0x00,0x00,0x00,0x00,0x00,0x00,0x00,0x00,0x00,0x00,0x00,0x00,
    0x00,0x00,0x00,0x00,0x00,0x00,0x00,0x00,0x00,0x00,0x00,0x00,0x00,0x00,0x00,0x00,
    0x00,0x00,0x00,0x00,0x00,0x00,0x00,0x00,0x00,0x00,0x00,0x00,0x00,0x00,0x00,0x00,
    0x00,0x00,0x00,0x00,0x00,0x00,0x00,0x00,0x00,0x00,0x00,0x00,0x00,0x00,0x00,0x00,
    0x00,0x00,0x00,0x00,0x00,0x00,0x00,0x00,0x00,0x00,0x00,0x00,0x00,0x00,0x00,0x00,
    0x00,0x00,0x00,0x00,0x00,0x00,0x00,0x00,0x00,0x00,0x00,0x00,0x00,0x00,0x00,0x00,
    0x00,0x00,0x00,0x00,0x00,0x00,0x00,0x00,0x00,0x00,0x00,0x00,0x00,0x00,0x00,0x00,
    0x00,0x00,0x00,0x00,0x00,0x00,0x00,0x00,0x00,0x00,0x00,0x00,0x00,0x00,0x00,0x00,
    0x00,0x00,0x00,0x00,0x00,0x00,0x00,0x00,0x00,0x00,0x00,0x00,0x00,0x00,0x00,0x00,
    0x00,0x00,0x00,0x00,0x00,0x00,0x00,0x00,0x00,0x00,0x00,0x00,0x00,0x00,0x00,0x00,
    0x00,0x00,0x00,0x00,0x00,0x00,0x00,0x00,0x00,0x00,0x00,0x00,0x00,0x00,0x00,0x00,
    0x00,0x00,0x00,0x00,0x00,0x00,0x00,0x00,0x00,0x00,0x00,0x00,0x00,0x00,0x00,0x00,
    0x00,0x00,0x00,0x00,0x00,0x00,0x00,0x00,0x00,0x00,0x00,0x00,0x00,0x00,0x00,0x00,
    0x00,0x00,0x00,0x00,0x00,0x00,0x00,0x00,0x00,0x00,0x00,0x00,0x00,0x00,0x00,0x00,
    0x00,0x00,0x00,0x00,0x00,0x00,0x00,0x00,0x00,0x00,0x00,0x00,0x00,0x00,0x00,0x00,
    0x00,0x00,0x00,0x00,0x00,0x00,0x00,0x00,0x00,0x00,0x00,0x00,0x00,0x00,0x00,0x00,
    0x00,0x00,0x00,0x00,0x00,0x00,0x00,0x00,0x00,0x00,0x00,0x00,0x00,0x00,0x00,0x00,
    0x00,0x00,0x00,0x00,0x00,0x00,0x00,0x00,0x00,0x00,0x00,0x00,0x00,0x00,0x00,0x00,
    0x00,0x00,0x00,0x00,0x00,0x00,0x00,0x00,0x00,0x00,0x00,0x00,0x00,0x00,0x00,0x00,
    0x00,0x00,0x00,0x00,0x00,0x00,0x00,0x00,0x00,0x00,0x00,0x00,0x00,0x00,0x00,0x00,
    0x00,0x00,0x00,0x00,0x00,0x00,0x00,0x00,0x00,0x00,0x00,0x00,0x00,0x00,0x00,0x00,
    0x00,0x00,0x00,0x00,0x00,0x00,0x00,0x00,0x00,0x00,0x00,0x00,0x00,0x00,0x00,0x00,
    0x00,0x00,0x00,0x00,0x00,0x00,0x00,0x00,0x93,0x93,0x93,0x1a,0xa1,0xa1,0xa1,0x4c,
    0x9f,0x9f,0x9f,0x5b,0xa1,0xa1,0xa1,0x57,0x9f,0xa2,0xa8,0x55,0xa5,0x9f,0x94,0x5b,
    0xbb,0x89,0x38,0x9a,0xc7,0x7e,0x05,0xf1,0xcd,0x7f,0x00,0xff,0xc9,0x7e,0x00,0xff,
    0xc9,0x7e,0x00,0xff,0xc9,0x7e,0x00,0xff,0xc9,0x7e,0x00,0xff,0xc9,0x7e,0x00,0xff,
    0xc9,0x7e,0x00,0xff,0xc9,0x7e,0x00,0xff,0xc9,0x7e,0x00,0xff,0xc9,0x7e,0x00,0xff,
    0xc9,0x7e,0x00,0xff,0xc9,0x7e,0x00,0xff,0xc9,0x7e,0x00,0xff,0xc9,0x7e,0x00,0xff,
    0xc9,0x7e,0x00,0xff,0xc9,0x7e,0x00,0xff,0xc9,0x7e,0x00,0xff,0xc9,0x7e,0x00,0xff,
    0xc9,0x7e,0x00,0xff,0xc9,0x7e,0x00,0xff,0xc9,0x7e,0x00,0xff,0xc9,0x7e,0x00,0xff,
    0xc9,0x7e,0x00,0xff,0xc9,0x7e,0x00,0xff,0xc9,0x7e,0x00,0xff,0xd5,0x85,0x00,0xff,
    0xc6,0x7d,0x06,0x96,0xbb,0x86,0x43,0x13,0x00,0x00,0x00,0x00,0x00,0x00,0x00,0x00,
    0x00,0x00,0x00,0x00,0x00,0x00,0x00,0x00,0x00,0x00,0x00,0x00,0x00,0x00,0x00,0x00,
    0x00,0x00,0x00,0x00,0x00,0x00,0x00,0x00,0x00,0x00,0x00,0x00,0x00,0x00,0x00,0x00,
    0x00,0x00,0x00,0x00,0x00,0x00,0x00,0x00,0x00,0x00,0x00,0x00,0x00,0x00,0x00,0x00,
    0x00,0x00,0x00,0x00,0x00,0x00,0x00,0x00,0x00,0x00,0x00,0x00,0x00,0x00,0x00,0x00,
    0x00,0x00,0x00,0x00,0x00,0x00,0x00,0x00,0x00,0x00,0x00,0x00,0x00,0x00,0x00,0x00,
    0x00,0x00,0x00,0x00,0x00,0x00,0x00,0x00,0x00,0x00,0x00,0x00,0x00,0x00,0x00,0x00,
    0x00,0x00,0x00,0x00,0x00,0x00,0x00,0x00,0x00,0x00,0x00,0x00,0x00,0x00,0x00,0x00,
    0x00,0x00,0x00,0x00,0x00,0x00,0x00,0x00,0x00,0x00,0x00,0x00,0x00,0x00,0x00,0x00,
    0x00,0x00,0x00,0x00,0x00,0x00,0x00,0x00,0x00,0x00,0x00,0x00,0x00,0x00,0x00,0x00,
    0x00,0x00,0x00,0x00,0x00,0x00,0x00,0x00,0x00,0x00,0x00,0x00,0x00,0x00,0x00,0x00,
    0x00,0x00,0x00,0x00,0x00,0x00,0x00,0x00,0x00,0x00,0x00,0x00,0x00,0x00,0x00,0x00,
    0x00,0x00,0x00,0x00,0x00,0x00,0x00,0x00,0x00,0x00,0x00,0x00,0x00,0x00,0x00,0x00,
    0x00,0x00,0x00,0x00,0x00,0x00,0x00,0x00,0x00,0x00,0x00,0x00,0x00,0x00,0x00,0x00,
    0x00,0x00,0x00,0x00,0x00,0x00,0x00,0x00,0x00,0x00,0x00,0x00,0x00,0x00,0x00,0x00,
    0x00,0x00,0x00,0x00,0x00,0x00,0x00,0x00,0x00,0x00,0x00,0x00,0x00,0x00,0x00,0x00,
    0x00,0x00,0x00,0x00,0x00,0x00,0x00,0x00,0x00,0x00,0x00,0x00,0x00,0x00,0x00,0x00,
    0x00,0x00,0x00,0x00,0x00,0x00,0x00,0x00,0x00,0x00,0x00,0x00,0x00,0x00,0x00,0x00,
    0x00,0x00,0x00,0x00,0x00,0x00,0x00,0x00,0x00,0x00,0x00,0x00,0x00,0x00,0x00,0x00,
    0x00,0x00,0x00,0x00,0x00,0x00,0x00,0x00,0x00,0x00,0x00,0x00,0x00,0x00,0x00,0x00,
    0x00,0x00,0x00,0x00,0x00,0x00,0x00,0x00,0x00,0x00,0x00,0x00,0x00,0x00,0x00,0x00,
    0x00,0x00,0x00,0x00,0x00,0x00,0x00,0x00,0x00,0x00,0x00,0x00,0x00,0x00,0x00,0x00,
    0x00,0x00,0x00,0x00,0x00,0x00,0x00,0x00,0x00,0x00,0x00,0x00,0x00,0x00,0x00,0x00,
    0x00,0x00,0x00,0x00,0x00,0x00,0x00,0x00,0x66,0x66,0x66,0x05,0xa3,0xa3,0xa3,0x43,
    0xa1,0xa1,0xa1,0x5a,0xa1,0xa1,0xa1,0x57,0x9d,0xa3,0xaa,0x54,0xa4,0x9c,0x91,0x5d,
    0xc2,0x82,0x17,0xc5,0xc8,0x7d,0x02,0xf8,0xcb,0x7f,0x00,0xff,0xc9,0x7e,0x00,0xff,
    0xc9,0x7e,0x00,0xff,0xc9,0x7e,0x00,0xff,0xc9,0x7e,0x00,0xff,0xc9,0x7e,0x00,0xff,
    0xc9,0x7e,0x00,0xff,0xc9,0x7e,0x00,0xff,0xc9,0x7e,0x00,0xff,0xc9,0x7e,0x00,0xff,
    0xc9,0x7e,0x00,0xff,0xc9,0x7e,0x00,0xff,0xc9,0x7e,0x00,0xff,0xc9,0x7e,0x00,0xff,
    0xc9,0x7e,0x00,0xff,0xc9,0x7e,0x00,0xff,0xc9,0x7e,0x00,0xff,0xc9,0x7e,0x00,0xff,
    0xc9,0x7e,0x00,0xff,0xc9,0x7e,0x00,0xff,0xc9,0x7e,0x00,0xff,0xc9,0x7e,0x00,0xff,
    0xc9,0x7e,0x00,0xff,0xc9,0x7e,0x00,0xff,0xca,0x7e,0x00,0xff,0xcb,0x81,0x03,0xff,
    0xc6,0x7d,0x06,0x70,0x00,0x00,0x00,0x00,0x00,0x00,0x00,0x00,0x00,0x00,0x00,0x00,
    0x00,0x00,0x00,0x00,0x00,0x00,0x00,0x00,0x00,0x00,0x00,0x00,0x00,0x00,0x00,0x00,
    0x00,0x00,0x00,0x00,0x00,0x00,0x00,0x00,0x00,0x00,0x00,0x00,0x00,0x00,0x00,0x00,
    0x00,0x00,0x00,0x00,0x00,0x00,0x00,0x00,0x00,0x00,0x00,0x00,0x00,0x00,0x00,0x00,
    0x00,0x00,0x00,0x00,0x00,0x00,0x00,0x00,0x00,0x00,0x00,0x00,0x00,0x00,0x00,0x00,
    0x00,0x00,0x00,0x00,0x00,0x00,0x00,0x00,0x00,0x00,0x00,0x00,0x00,0x00,0x00,0x00,
    0x00,0x00,0x00,0x00,0x00,0x00,0x00,0x00,0x00,0x00,0x00,0x00,0x00,0x00,0x00,0x00,
    0x00,0x00,0x00,0x00,0x00,0x00,0x00,0x00,0x00,0x00,0x00,0x00,0x00,0x00,0x00,0x00,
    0x00,0x00,0x00,0x00,0x00,0x00,0x00,0x00,0x00,0x00,0x00,0x00,0x00,0x00,0x00,0x00,
    0x00,0x00,0x00,0x00,0x00,0x00,0x00,0x00,0x00,0x00,0x00,0x00,0x00,0x00,0x00,0x00,
    0x00,0x00,0x00,0x00,0x00,0x00,0x00,0x00,0x00,0x00,0x00,0x00,0x00,0x00,0x00,0x00,
    0x00,0x00,0x00,0x00,0x00,0x00,0x00,0x00,0x00,0x00,0x00,0x00,0x00,0x00,0x00,0x00,
    0x00,0x00,0x00,0x00,0x00,0x00,0x00,0x00,0x00,0x00,0x00,0x00,0x00,0x00,0x00,0x00,
    0x00,0x00,0x00,0x00,0x00,0x00,0x00,0x00,0x00,0x00,0x00,0x00,0x00,0x00,0x00,0x00,
    0x00,0x00,0x00,0x00,0x00,0x00,0x00,0x00,0x00,0x00,0x00,0x00,0x00,0x00,0x00,0x00,
    0x00,0x00,0x00,0x00,0x00,0x00,0x00,0x00,0x00,0x00,0x00,0x00,0x00,0x00,0x00,0x00,
    0x00,0x00,0x00,0x00,0x00,0x00,0x00,0x00,0x00,0x00,0x00,0x00,0x00,0x00,0x00,0x00,
    0x00,0x00,0x00,0x00,0x00,0x00,0x00,0x00,0x00,0x00,0x00,0x00,0x00,0x00,0x00,0x00,
    0x00,0x00,0x00,0x00,0x00,0x00,0x00,0x00,0x00,0x00,0x00,0x00,0x00,0x00,0x00,0x00,
    0x00,0x00,0x00,0x00,0x00,0x00,0x00,0x00,0x00,0x00,0x00,0x00,0x00,0x00,0x00,0x00,
    0x00,0x00,0x00,0x00,0x00,0x00,0x00,0x00,0x00,0x00,0x00,0x00,0x00,0x00,0x00,0x00,
    0x00,0x00,0x00,0x00,0x00,0x00,0x00,0x00,0x00,0x00,0x00,0x00,0x00,0x00,0x00,0x00,
    0x00,0x00,0x00,0x00,0x00,0x00,0x00,0x00,0x00,0x00,0x00,0x00,0x00,0x00,0x00,0x00,
    0x00,0x00,0x00,0x00,0x00,0x00,0x00,0x00,0x00,0x00,0x00,0x00,0xa1,0xa1,0xa1,0x34,
    0xa2,0xa2,0xa2,0x53,0xa2,0xa2,0xa2,0x58,0x9d,0xa3,0xaa,0x54,0xa6,0x99,0x84,0x62,
    0xc6,0x7e,0x07,0xe7,0xc8,0x7c,0x00,0xff,0xc9,0x7d,0x00,0xff,0xc9,0x7d,0x00,0xff,
    0xc9,0x7d,0x00,0xff,0xc9,0x7d,0x00,0xff,0xc9,0x7d,0x00,0xff,0xc9,0x7d,0x00,0xff,
    0xc9,0x7d,0x00,0xff,0xc9,0x7d,0x00,0xff,0xc9,0x7d,0x00,0xff,0xc9,0x7d,0x00,0xff,
    0xc9,0x7d,0x00,0xff,0xc9,0x7d,0x00,0xff,0xc9,0x7d,0x00,0xff,0xc9,0x7d,0x00,0xff,
    0xc9,0x7d,0x00,0xff,0xc9,0x7d,0x00,0xff,0xc9,0x7d,0x00,0xff,0xc9,0x7d,0x00,0xff,
    0xc9,0x7d,0x00,0xff,0xc9,0x7d,0x00,0xff,0xc9,0x7d,0x00,0xff,0xc9,0x7d,0x00,0xff,
    0xc9,0x7d,0x00,0xff,0xc9,0x7d,0x00,0xff,0xcc,0x7e,0x00,0xff,0xc5,0x7e,0x0a,0xe3,
    0xc3,0x82,0x11,0x56,0x00,0x00,0x00,0x00,0x00,0x00,0x00,0x00,0x00,0x00,0x00,0x00,
    0x00,0x00,0x00,0x00,0x00,0x00,0x00,0x00,0x00,0x00,0x00,0x00,0x00,0x00,0x00,0x00,
    0x00,0x00,0x00,0x00,0x00,0x00,0x00,0x00,0x00,0x00,0x00,0x00,0x00,0x00,0x00,0x00,
    0x00,0x00,0x00,0x00,0x00,0x00,0x00,0x00,0x00,0x00,0x00,0x00,0x00,0x00,0x00,0x00,
    0x00,0x00,0x00,0x00,0x00,0x00,0x00,0x00,0x00,0x00,0x00,0x00,0x00,0x00,0x00,0x00,
    0x00,0x00,0x00,0x00,0x00,0x00,0x00,0x00,0x00,0x00,0x00,0x00,0x00,0x00,0x00,0x00,
    0x00,0x00,0x00,0x00,0x00,0x00,0x00,0x00,0x00,0x00,0x00,0x00,0x00,0x00,0x00,0x00,
    0x00,0x00,0x00,0x00,0x00,0x00,0x00,0x00,0x00,0x00,0x00,0x00,0x00,0x00,0x00,0x00,
    0x00,0x00,0x00,0x00,0x00,0x00,0x00,0x00,0x00,0x00,0x00,0x00,0x00,0x00,0x00,0x00,
    0x00,0x00,0x00,0x00,0x00,0x00,0x00,0x00,0x00,0x00,0x00,0x00,0x00,0x00,0x00,0x00,
    0x00,0x00,0x00,0x00,0x00,0x00,0x00,0x00,0x00,0x00,0x00,0x00,0x00,0x00,0x00,0x00,
    0x00,0x00,0x00,0x00,0x00,0x00,0x00,0x00,0x00,0x00,0x00,0x00,0x00,0x00,0x00,0x00,
    0x00,0x00,0x00,0x00,0x00,0x00,0x00,0x00,0x00,0x00,0x00,0x00,0x00,0x00,0x00,0x00,
    0x00,0x00,0x00,0x00,0x00,0x00,0x00,0x00,0x00,0x00,0x00,0x00,0x00,0x00,0x00,0x00,
    0x00,0x00,0x00,0x00,0x00,0x00,0x00,0x00,0x00,0x00,0x00,0x00,0x00,0x00,0x00,0x00,
    0x00,0x00,0x00,0x00,0x00,0x00,0x00,0x00,0x00,0x00,0x00,0x00,0x00,0x00,0x00,0x00,
    0x00,0x00,0x00,0x00,0x00,0x00,0x00,0x00,0x00,0x00,0x00,0x00,0x00,0x00,0x00,0x00,
    0x00,0x00,0x00,0x00,0x00,0x00,0x00,0x00,0x00,0x00,0x00,0x00,0x00,0x00,0x00,0x00,
    0x00,0x00,0x00,0x00,0x00,0x00,0x00,0x00,0x00,0x00,0x00,0x00,0x00,0x00,0x00,0x00,
    0x00,0x00,0x00,0x00,0x00,0x00,0x00,0x00,0x00,0x00,0x00,0x00,0x00,0x00,0x00,0x00,
    0x00,0x00,0x00,0x00,0x00,0x00,0x00,0x00,0x00,0x00,0x00,0x00,0x00,0x00,0x00,0x00,
    0x00,0x00,0x00,0x00,0x00,0x00,0x00,0x00,0x00,0x00,0x00,0x00,0x00,0x00,0x00,0x00,
    0x00,0x00,0x00,0x00,0x00,0x00,0x00,0x00,0x00,0x00,0x00,0x00,0x00,0x00,0x00,0x00,
    0x00,0x00,0x00,0x00,0x00,0x00,0x00,0x00,0x00,0x00,0x00,0x00,0x9f,0x9f,0x9f,0x20,
    0x9f,0x9f,0x9f,0x48,0xa0,0xa0,0xa3,0x59,0xa1,0xa1,0xa1,0x57,0xae,0x93,0x69,0x72,
    0xc7,0x7b,0x02,0xf9,0xca,0x7d,0x00,0xff,0xc8,0x7c,0x00,0xff,0xc8,0x7c,0x00,0xff,
    0xc8,0x7c,0x00,0xff,0xc8,0x7c,0x00,0xff,0xc8,0x7c,0x00,0xff,0xc8,0x7c,0x00,0xff,
    0xc8,0x7c,0x00,0xff,0xc8,0x7c,0x00,0xff,0xc8,0x7c,0x00,0xff,0xc8,0x7c,0x00,0xff,
    0xc8,0x7c,0x00,0xff,0xc8,0x7c,0x00,0xff,0xc8,0x7c,0x00,0xff,0xc8,0x7c,0x00,0xff,
    0xc8,0x7c,0x00,0xff,0xc8,0x7c,0x00,0xff,0xc8,0x7c,0x00,0xff,0xc8,0x7c,0x00,0xff,
    0xc8,0x7c,0x00,0xff,0xc8,0x7c,0x00,0xff,0xc8,0x7c,0x00,0xff,0xc8,0x7c,0x00,0xff,
    0xc8,0x7c,0x00,0xff,0xc8,0x7c,0x00,0xff,0xcd,0x7f,0x00,0xff,0xc4,0x7f,0x0f,0xb8,
    0xbf,0x7f,0x1d,0x3c,0x00,0x00,0x00,0x00,0x00,0x00,0x00,0x00,0x00,0x00,0x00,0x00,
    0x00,0x00,0x00,0x00,0x00,0x00,0x00,0x00,0x00,0x00,0x00,0x00,0x00,0x00,0x00,0x00,
    0x00,0x00,0x00,0x00,0x00,0x00,0x00,0x00,0x00,0x00,0x00,0x00,0x00,0x00,0x00,0x00,
    0x00,0x00,0x00,0x00,0x00,0x00,0x00,0x00,0x00,0x00,0x00,0x00,0x00,0x00,0x00,0x00,
    0x00,0x00,0x00,0x00,0x00,0x00,0x00,0x00,0x00,0x00,0x00,0x00,0x00,0x00,0x00,0x00,
    0x00,0x00,0x00,0x00,0x00,0x00,0x00,0x00,0x00,0x00,0x00,0x00,0x00,0x00,0x00,0x00,
    0x00,0x00,0x00,0x00,0x00,0x00,0x00,0x00,0x00,0x00,0x00,0x00,0x00,0x00,0x00,0x00,
    0x00,0x00,0x00,0x00,0x00,0x00,0x00,0x00,0x00,0x00,0x00,0x00,0x00,0x00,0x00,0x00,
    0x00,0x00,0x00,0x00,0x00,0x00,0x00,0x00,0x00,0x00,0x00,0x00,0x00,0x00,0x00,0x00,
    0x00,0x00,0x00,0x00,0x00,0x00,0x00,0x00,0x00,0x00,0x00,0x00,0x00,0x00,0x00,0x00,
    0x00,0x00,0x00,0x00,0x00,0x00,0x00,0x00,0x00,0x00,0x00,0x00,0x00,0x00,0x00,0x00,
    0x00,0x00,0x00,0x00,0x00,0x00,0x00,0x00,0x00,0x00,0x00,0x00,0x00,0x00,0x00,0x00,
    0x00,0x00,0x00,0x00,0x00,0x00,0x00,0x00,0x00,0x00,0x00,0x00,0x00,0x00,0x00,0x00,
    0x00,0x00,0x00,0x00,0x00,0x00,0x00,0x00,0x00,0x00,0x00,0x00,0x00,0x00,0x00,0x00,
    0x00,0x00,0x00,0x00,0x00,0x00,0x00,0x00,0x00,0x00,0x00,0x00,0x00,0x00,0x00,0x00,
    0x00,0x00,0x00,0x00,0x00,0x00,0x00,0x00,0x00,0x00,0x00,0x00,0x00,0x00,0x00,0x00,
    0x00,0x00,0x00,0x00,0x00,0x00,0x00,0x00,0x00,0x00,0x00,0x00,0x00,0x00,0x00,0x00,
    0x00,0x00,0x00,0x00,0x00,0x00,0x00,0x00,0x00,0x00,0x00,0x00,0x00,0x00,0x00,0x00,
    0x00,0x00,0x00,0x00,0x00,0x00,0x00,0x00,0x00,0x00,0x00,0x00,0x00,0x00,0x00,0x00,
    0x00,0x00,0x00,0x00,0x00,0x00,0x00,0x00,0x00,0x00,0x00,0x00,0x00,0x00,0x00,0x00,
    0x00,0x00,0x00,0x00,0x00,0x00,0x00,0x00,0x00,0x00,0x00,0x00,0x00,0x00,0x00,0x00,
    0x00,0x00,0x00,0x00,0x00,0x00,0x00,0x00,0x00,0x00,0x00,0x00,0x00,0x00,0x00,0x00,
    0x00,0x00,0x00,0x00,0x00,0x00,0x00,0x00,0x00,0x00,0x00,0x00,0x00,0x00,0x00,0x00,
    0x00,0x00,0x00,0x00,0x00,0x00,0x00,0x00,0x00,0x00,0x00,0x00,0x91,0x91,0x91,0x0e,
    0xa0,0xa0,0xa0,0x3e,0xa0,0xa3,0xa9,0x59,0xa6,0x9b,0x8b,0x5f,0xb9,0x8a,0x3c,0x93,
    0xc6,0x7a,0x01,0xfb,0xc9,0x7c,0x00,0xff,0xc7,0x7b,0x00,0xff,0xc7,0x7b,0x00,0xff,
    0xc7,0x7b,0x00,0xff,0xc7,0x7b,0x00,0xff,0xc7,0x7b,0x00,0xff,0xc7,0x7b,0x00,0xff,
    0xc7,0x7b,0x00,0xff,0xc7,0x7b,0x00,0xff,0xc7,0x7b,0x00,0xff,0xc7,0x7b,0x00,0xff,
    0xc7,0x7b,0x00,0xff,0xc7,0x7b,0x00,0xff,0xc7,0x7b,0x00,0xff,0xc7,0x7b,0x00,0xff,
    0xc7,0x7b,0x00,0xff,0xc7,0x7b,0x00,0xff,0xc7,0x7b,0x00,0xff,0xc7,0x7b,0x00,0xff,
    0xc7,0x7b,0x00,0xff,0xc7,0x7b,0x00,0xff,0xc7,0x7b,0x00,0xff,0xc7,0x7b,0x00,0xff,
    0xc7,0x7b,0x00,0xff,0xc7,0x7b,0x00,0xff,0xce,0x7f,0x00,0xff,0xc1,0x80,0x10,0x8d,
    0xbd,0x8b,0x31,0x1f,0x00,0x00,0x00,0x00,0x00,0x00,0x00,0x00,0x00,0x00,0x00,0x00,
    0x00,0x00,0x00,0x00,0x00,0x00,0x00,0x00,0x00,0x00,0x00,0x00,0x00,0x00,0x00,0x00,
    0x00,0x00,0x00,0x00,0x00,0x00,0x00,0x00,0x00,0x00,0x00,0x00,0x00,0x00,0x00,0x00,
    0x00,0x00,0x00,0x00,0x00,0x00,0x00,0x00,0x00,0x00,0x00,0x00,0x00,0x00,0x00,0x00,
    0x00,0x00,0x00,0x00,0x00,0x00,0x00,0x00,0x00,0x00,0x00,0x00,0x00,0x00,0x00,0x00,
    0x00,0x00,0x00,0x00,0x00,0x00,0x00,0x00,0x00,0x00,0x00,0x00,0x00,0x00,0x00,0x00,
    0x00,0x00,0x00,0x00,0x00,0x00,0x00,0x00,0x00,0x00,0x00,0x00,0x00,0x00,0x00,0x00,
    0x00,0x00,0x00,0x00,0x00,0x00,0x00,0x00,0x00,0x00,0x00,0x00,0x00,0x00,0x00,0x00,
    0x00,0x00,0x00,0x00,0x00,0x00,0x00,0x00,0x00,0x00,0x00,0x00,0x00,0x00,0x00,0x00,
    0x00,0x00,0x00,0x00,0x00,0x00,0x00,0x00,0x00,0x00,0x00,0x00,0x00,0x00,0x00,0x00,
    0x00,0x00,0x00,0x00,0x00,0x00,0x00,0x00,0x00,0x00,0x00,0x00,0x00,0x00,0x00,0x00,
    0x00,0x00,0x00,0x00,0x00,0x00,0x00,0x00,0x00,0x00,0x00,0x00,0x00,0x00,0x00,0x00,
    0x00,0x00,0x00,0x00,0x00,0x00,0x00,0x00,0x00,0x00,0x00,0x00,0x00,0x00,0x00,0x00,
    0x00,0x00,0x00,0x00,0x00,0x00,0x00,0x00,0x00,0x00,0x00,0x00,0x00,0x00,0x00,0x00,
    0x00,0x00,0x00,0x00,0x00,0x00,0x00,0x00,0x00,0x00,0x00,0x00,0x00,0x00,0x00,0x00,
    0x00,0x00,0x00,0x00,0x00,0x00,0x00,0x00,0x00,0x00,0x00,0x00,0x00,0x00,0x00,0x00,
    0x00,0x00,0x00,0x00,0x00,0x00,0x00,0x00,0x00,0x00,0x00,0x00,0x00,0x00,0x00,0x00,
    0x00,0x00,0x00,0x00,0x00,0x00,0x00,0x00,0x00,0x00,0x00,0x00,0x00,0x00,0x00,0x00,
    0x00,0x00,0x00,0x00,0x00,0x00,0x00,0x00,0x00,0x00,0x00,0x00,0x00,0x00,0x00,0x00,
    0x00,0x00,0x00,0x00,0x00,0x00,0x00,0x00,0x00,0x00,0x00,0x00,0x00,0x00,0x00,0x00,
    0x00,0x00,0x00,0x00,0x00,0x00,0x00,0x00,0x00,0x00,0x00,0x00,0x00,0x00,0x00,0x00,
    0x00,0x00,0x00,0x00,0x00,0x00,0x00,0x00,0x00,0x00,0x00,0x00,0x00,0x00,0x00,0x00,
    0x00,0x00,0x00,0x00,0x00,0x00,0x00,0x00,0x00,0x00,0x00,0x00,0x00,0x00,0x00,0x00,
    0x00,0x00,0x00,0x00,0x00,0x00,0x00,0x00,0x00,0x00,0x00,0x00,0x00,0x00,0x00,0x00,
    0xa3,0xa3,0xa3,0x35,0x9f,0xa5,0xad,0x58,0xaa,0x98,0x7d,0x66,0xbd,0x83,0x22,0xb3,
    0xc6,0x7a,0x01,0xfc,0xc7,0x7b,0x00,0xff,0xc6,0x7a,0x00,0xff,0xc6,0x7a,0x00,0xff,
    0xc6,0x7a,0x00,0xff,0xc6,0x7a,0x00,0xff,0xc6,0x7a,0x00,0xff,0xc6,0x7a,0x00,0xff,
    0xc6,0x7a,0x00,0xff,0xc6,0x7a,0x00,0xff,0xc6,0x7a,0x00,0xff,0xc6,0x7a,0x00,0xff,
    0xc6,0x7a,0x00,0xff,0xc6,0x7a,0x00,0xff,0xc6,0x7a,0x00,0xff,0xc6,0x7a,0x00,0xff,
    0xc6,0x7a,0x00,0xff,0xc6,0x7a,0x00,0xff,0xc6,0x7a,0x00,0xff,0xc6,0x7a,0x00,0xff,
    0xc6,0x7a,0x00,0xff,0xc6,0x7a,0x00,0xff,0xc6,0x7a,0x00,0xff,0xc6,0x7a,0x00,0xff,
    0xc6,0x7a,0x00,0xff,0xc6,0x7a,0x00,0xff,0xd0,0x7f,0x00,0xff,0xc1,0x7c,0x07,0x60,
    0x55,0xaa,0xff,0x03,0x00,0x00,0x00,0x00,0x00,0x00,0x00,0x00,0x00,0x00,0x00,0x00,
    0x00,0x00,0x00,0x00,0x00,0x00,0x00,0x00,0x00,0x00,0x00,0x00,0x00,0x00,0x00,0x00,
    0x00,0x00,0x00,0x00,0x00,0x00,0x00,0x00,0x00,0x00,0x00,0x00,0x00,0x00,0x00,0x00,
    0x00,0x00,0x00,0x00,0x00,0x00,0x00,0x00,0x00,0x00,0x00,0x00,0x00,0x00,0x00,0x00,
    0x00,0x00,0x00,0x00,0x00,0x00,0x00,0x00,0x00,0x00,0x00,0x00,0x00,0x00,0x00,0x00,
    0x00,0x00,0x00,0x00,0x00,0x00,0x00,0x00,0x00,0x00,0x00,0x00,0x00,0x00,0x00,0x00,
    0x00,0x00,0x00,0x00,0x00,0x00,0x00,0x00,0x00,0x00,0x00,0x00,0x00,0x00,0x00,0x00,
    0x00,0x00,0x00,0x00,0x00,0x00,0x00,0x00,0x00,0x00,0x00,0x00,0x00,0x00,0x00,0x00,
    0x00,0x00,0x00,0x00,0x00,0x00,0x00,0x00,0x00,0x00,0x00,0x00,0x00,0x00,0x00,0x00,
    0x00,0x00,0x00,0x00,0x00,0x00,0x00,0x00,0x00,0x00,0x00,0x00,0x00,0x00,0x00,0x00,
    0x00,0x00,0x00,0x00,0x00,0x00,0x00,0x00,0x00,0x00,0x00,0x00,0x00,0x00,0x00,0x00,
    0x00,0x00,0x00,0x00,0x00,0x00,0x00,0x00,0x00,0x00,0x00,0x00,0x00,0x00,0x00,0x00,
    0x00,0x00,0x00,0x00,0x00,0x00,0x00,0x00,0x00,0x00,0x00,0x00,0x00,0x00,0x00,0x00,
    0x00,0x00,0x00,0x00,0x00,0x00,0x00,0x00,0x00,0x00,0x00,0x00,0x00,0x00,0x00,0x00,
    0x00,0x00,0x00,0x00,0x00,0x00,0x00,0x00,0x00,0x00,0x00,0x00,0x00,0x00,0x00,0x00,
    0x00,0x00,0x00,0x00,0x00,0x00,0x00,0x00,0x00,0x00,0x00,0x00,0x00,0x00,0x00,0x00,
    0x00,0x00,0x00,0x00,0x00,0x00,0x00,0x00,0x00,0x00,0x00,0x00,0x00,0x00,0x00,0x00,
    0x00,0x00,0x00,0x00,0x00,0x00,0x00,0x00,0x00,0x00,0x00,0x00,0x00,0x00,0x00,0x00,
    0x00,0x00,0x00,0x00,0x00,0x00,0x00,0x00,0x00,0x00,0x00,0x00,0x00,0x00,0x00,0x00,
    0x00,0x00,0x00,0x00,0x00,0x00,0x00,0x00,0x00,0x00,0x00,0x00,0x00,0x00,0x00,0x00,
    0x00,0x00,0x00,0x00,0x00,0x00,0x00,0x00,0x00,0x00,0x00,0x00,0x00,0x00,0x00,0x00,
    0x00,0x00,0x00,0x00,0x00,0x00,0x00,0x00,0x00,0x00,0x00,0x00,0x00,0x00,0x00,0x00,
    0x00,0x00,0x00,0x00,0x00,0x00,0x00,0x00,0x00,0x00,0x00,0x00,0x00,0x00,0x00,0x00,
    0x00,0x00,0x00,0x00,0x00,0x00,0x00,0x00,0x00,0x00,0x00,0x00,0x00,0x00,0x00,0x00,
    0x9d,0x9d,0x9d,0x2a,0x9c,0xa3,0xb0,0x4e,0xad,0x95,0x72,0x6d,0xc1,0x7f,0x15,0xcc,
    0xc6,0x79,0x01,0xfd,0xc7,0x7a,0x00,0xff,0xc6,0x7a,0x00,0xff,0xc6,0x7a,0x00,0xff,
    0xc6,0x7a,0x00,0xff,0xc6,0x7a,0x00,0xff,0xc6,0x7a,0x00,0xff,0xc6,0x7a,0x00,0xff,
    0xc6,0x7a,0x00,0xff,0xc6,0x7a,0x00,0xff,0xc6,0x7a,0x00,0xff,0xc6,0x7a,0x00,0xff,
    0xc6,0x7a,0x00,0xff,0xc6,0x7a,0x00,0xff,0xc6,0x7a,0x00,0xff,0xc6,0x7a,0x00,0xff,
    0xc6,0x7a,0x00,0xff,0xc6,0x7a,0x00,0xff,0xc6,0x7a,0x00,0xff,0xc6,0x7a,0x00,0xff,
    0xc6,0x7a,0x00,0xff,0xc6,0x7a,0x00,0xff,0xc6,0x7a,0x00,0xff,0xc6,0x7a,0x00,0xff,
    0xc6,0x7a,0x00,0xff,0xc6,0x7a,0x00,0xff,0xc6,0x7b,0x04,0xff,0xc3,0x79,0x07,0x45,
    0x00,0x00,0x00,0x00,0x00,0x00,0x00,0x00,0x00,0x00,0x00,0x00,0x00,0x00,0x00,0x00,
    0x00,0x00,0x00,0x00,0x00,0x00,0x00,0x00,0x00,0x00,0x00,0x00,0x00,0x00,0x00,0x00,
    0x00,0x00,0x00,0x00,0x00,0x00,0x00,0x00,0x00,0x00,0x00,0x00,0x00,0x00,0x00,0x00,
    0x00,0x00,0x00,0x00,0x00,0x00,0x00,0x00,0x00,0x00,0x00,0x00,0x00,0x00,0x00,0x00,
    0x00,0x00,0x00,0x00,0x00,0x00,0x00,0x00,0x00,0x00,0x00,0x00,0x00,0x00,0x00,0x00,
    0x00,0x00,0x00,0x00,0x00,0x00,0x00,0x00,0x00,0x00,0x00,0x00,0x00,0x00,0x00,0x00,
    0x00,0x00,0x00,0x00,0x00,0x00,0x00,0x00,0x00,0x00,0x00,0x00,0x00,0x00,0x00,0x00,
    0x00,0x00,0x00,0x00,0x00,0x00,0x00,0x00,0x00,0x00,0x00,0x00,0x00,0x00,0x00,0x00,
    0x00,0x00,0x00,0x00,0x00,0x00,0x00,0x00,0x00,0x00,0x00,0x00,0x00,0x00,0x00,0x00,
    0x00,0x00,0x00,0x00,0x00,0x00,0x00,0x00,0x00,0x00,0x00,0x00,0x00,0x00,0x00,0x00,
    0x00,0x00,0x00,0x00,0x00,0x00,0x00,0x00,0x00,0x00,0x00,0x00,0x00,0x00,0x00,0x00,
    0x00,0x00,0x00,0x00,0x00,0x00,0x00,0x00,0x00,0x00,0x00,0x00,0x00,0x00,0x00,0x00,
    0x00,0x00,0x00,0x00,0x00,0x00,0x00,0x00,0x00,0x00,0x00,0x00,0x00,0x00,0x00,0x00,
    0x00,0x00,0x00,0x00,0x00,0x00,0x00,0x00,0x00,0x00,0x00,0x00,0x00,0x00,0x00,0x00,
    0x00,0x00,0x00,0x00,0x00,0x00,0x00,0x00,0x00,0x00,0x00,0x00,0x00,0x00,0x00,0x00,
    0x00,0x00,0x00,0x00,0x00,0x00,0x00,0x00,0x00,0x00,0x00,0x00,0x00,0x00,0x00,0x00,
    0x00,0x00,0x00,0x00,0x00,0x00,0x00,0x00,0x00,0x00,0x00,0x00,0x00,0x00,0x00,0x00,
    0x00,0x00,0x00,0x00,0x00,0x00,0x00,0x00,0x00,0x00,0x00,0x00,0x00,0x00,0x00,0x00,
    0x00,0x00,0x00,0x00,0x00,0x00,0x00,0x00,0x00,0x00,0x00,0x00,0x00,0x00,0x00,0x00,
    0x00,0x00,0x00,0x00,0x00,0x00,0x00,0x00,0x00,0x00,0x00,0x00,0x00,0x00,0x00,0x00,
    0x00,0x00,0x00,0x00,0x00,0x00,0x00,0x00,0x00,0x00,0x00,0x00,0x00,0x00,0x00,0x00,
    0x00,0x00,0x00,0x00,0x00,0x00,0x00,0x00,0x00,0x00,0x00,0x00,0x00,0x00,0x00,0x00,
    0x00,0x00,0x00,0x00,0x00,0x00,0x00,0x00,0x00,0x00,0x00,0x00,0x00,0x00,0x00,0x00,
    0x00,0x00,0x00,0x00,0x00,0x00,0x00,0x00,0x00,0x00,0x00,0x00,0x00,0x00,0x00,0x00,
    0xa1,0xa1,0xa1,0x1e,0x9b,0xa7,0xbb,0x40,0xad,0x91,0x69,0x74,0xc2,0x7b,0x0a,0xe5,
    0xc5,0x79,0x01,0xfe,0xc6,0x7a,0x00,0xff,0xc6,0x7a,0x00,0xff,0xc6,0x7a,0x00,0xff,
    0xc6,0x7a,0x00,0xff,0xc6,0x7a,0x00,0xff,0xc6,0x7a,0x00,0xff,0xc6,0x7a,0x00,0xff,
    0xc6,0x7a,0x00,0xff,0xc6,0x7a,0x00,0xff,0xc6,0x7a,0x00,0xff,0xc6,0x7a,0x00,0xff,
    0xc6,0x7a,0x00,0xff,0xc6,0x7a,0x00,0xff,0xc6,0x7a,0x00,0xff,0xc6,0x7a,0x00,0xff,
    0xc6,0x7a,0x00,0xff,0xc6,0x7a,0x00,0xff,0xc6,0x7a,0x00,0xff,0xc6,0x7a,0x00,0xff,
    0xc6,0x7a,0x00,0xff,0xc6,0x7a,0x00,0xff,0xc6,0x7a,0x00,0xff,0xc6,0x7a,0x00,0xff,
    0xc6,0x7a,0x00,0xff,0xc6,0x7a,0x00,0xff,0xc4,0x7c,0x08,0xe6,0xc3,0x7a,0x09,0x38,
    0x00,0x00,0x00,0x00,0x00,0x00,0x00,0x00,0x00,0x00,0x00,0x00,0x00,0x00,0x00,0x00,
    0x00,0x00,0x00,0x00,0x00,0x00,0x00,0x00,0x00,0x00,0x00,0x00,0x00,0x00,0x00,0x00,
    0x00,0x00,0x00,0x00,0x00,0x00,0x00,0x00,0x00,0x00,0x00,0x00,0x00,0x00,0x00,0x00,
    0x00,0x00,0x00,0x00,0x00,0x00,0x00,0x00,0x00,0x00,0x00,0x00,0x00,0x00,0x00,0x00,
    0x00,0x00,0x00,0x00,0x00,0x00,0x00,0x00,0x00,0x00,0x00,0x00,0x00,0x00,0x00,0x00,
    0x00,0x00,0x00,0x00,0x00,0x00,0x00,0x00,0x00,0x00,0x00,0x00,0x00,0x00,0x00,0x00,
    0x00,0x00,0x00,0x00,0x00,0x00,0x00,0x00,0x00,0x00,0x00,0x00,0x00,0x00,0x00,0x00,
    0x00,0x00,0x00,0x00,0x00,0x00,0x00,0x00,0x00,0x00,0x00,0x00,0x00,0x00,0x00,0x00,
    0x00,0x00,0x00,0x00,0x00,0x00,0x00,0x00,0x00,0x00,0x00,0x00,0x00,0x00,0x00,0x00,
    0x00,0x00,0x00,0x00,0x00,0x00,0x00,0x00,0x00,0x00,0x00,0x00,0x00,0x00,0x00,0x00,
    0x00,0x00,0x00,0x00,0x00,0x00,0x00,0x00,0x00,0x00,0x00,0x00,0x00,0x00,0x00,0x00,
    0x00,0x00,0x00,0x00,0x00,0x00,0x00,0x00,0x00,0x00,0x00,0x00,0x00,0x00,0x00,0x00,
    0x00,0x00,0x00,0x00,0x00,0x00,0x00,0x00,0x00,0x00,0x00,0x00,0x00,0x00,0x00,0x00,
    0x00,0x00,0x00,0x00,0x00,0x00,0x00,0x00,0x00,0x00,0x00,0x00,0x00,0x00,0x00,0x00,
    0x00,0x00,0x00,0x00,0x00,0x00,0x00,0x00,0x00,0x00,0x00,0x00,0x00,0x00,0x00,0x00,
    0x00,0x00,0x00,0x00,0x00,0x00,0x00,0x00,0x00,0x00,0x00,0x00,0x00,0x00,0x00,0x00,
    0x00,0x00,0x00,0x00,0x00,0x00,0x00,0x00,0x00,0x00,0x00,0x00,0x00,0x00,0x00,0x00,
    0x00,0x00,0x00,0x00,0x00,0x00,0x00,0x00,0x00,0x00,0x00,0x00,0x00,0x00,0x00,0x00,
    0x00,0x00,0x00,0x00,0x00,0x00,0x00,0x00,0x00,0x00,0x00,0x00,0x00,0x00,0x00,0x00,
    0x00,0x00,0x00,0x00,0x00,0x00,0x00,0x00,0x00,0x00,0x00,0x00,0x00,0x00,0x00,0x00,
    0x00,0x00,0x00,0x00,0x00,0x00,0x00,0x00,0x00,0x00,0x00,0x00,0x00,0x00,0x00,0x00,
    0x00,0x00,0x00,0x00,0x00,0x00,0x00,0x00,0x00,0x00,0x00,0x00,0x00,0x00,0x00,0x00,
    0x00,0x00,0x00,0x00,0x00,0x00,0x00,0x00,0x00,0x00,0x00,0x00,0x00,0x00,0x00,0x00,
    0x00,0x00,0x00,0x00,0x00,0x00,0x00,0x00,0x00,0x00,0x00,0x00,0x00,0x00,0x00,0x00,
    0x99,0x99,0xa5,0x14,0x99,0xa8,0xc0,0x35,0xb0,0x8f,0x61,0x7b,0xc3,0x78,0x02,0xfa,
    0xc5,0x79,0x00,0xff,0xc5,0x79,0x00,0xff,0xc5,0x79,0x00,0xff,0xc5,0x79,0x00,0xff,
    0xc5,0x79,0x00,0xff,0xc5,0x79,0x00,0xff,0xc5,0x79,0x00,0xff,0xc5,0x79,0x00,0xff,
    0xc5,0x79,0x00,0xff,0xc5,0x79,0x00,0xff,0xc5,0x79,0x00,0xff,0xc5,0x79,0x00,0xff,
    0xc5,0x79,0x00,0xff,0xc5,0x79,0x00,0xff,0xc5,0x79,0x00,0xff,0xc5,0x79,0x00,0xff,
    0xc5,0x79,0x00,0xff,0xc5,0x79,0x00,0xff,0xc5,0x79,0x00,0xff,0xc5,0x79,0x00,0xff,
    0xc5,0x79,0x00,0xff,0xc5,0x79,0x00,0xff,0xc5,0x79,0x00,0xff,0xc5,0x79,0x00,0xff,
    0xc6,0x79,0x00,0xff,0xc5,0x79,0x00,0xff,0xc1,0x7b,0x0e,0xc8,0xc3,0x7c,0x10,0x2f,
    0x00,0x00,0x00,0x00,0x00,0x00,0x00,0x00,0x00,0x00,0x00,0x00,0x00,0x00,0x00,0x00,
    0x00,0x00,0x00,0x00,0x00,0x00,0x00,0x00,0x00,0x00,0x00,0x00,0x00,0x00,0x00,0x00,
    0x00,0x00,0x00,0x00,0x00,0x00,0x00,0x00,0x00,0x00,0x00,0x00,0x00,0x00,0x00,0x00,
    0x00,0x00,0x00,0x00,0x00,0x00,0x00,0x00,0x00,0x00,0x00,0x00,0x00,0x00,0x00,0x00,
    0x00,0x00,0x00,0x00,0x00,0x00,0x00,0x00,0x00,0x00,0x00,0x00,0x00,0x00,0x00,0x00,
    0x00,0x00,0x00,0x00,0x00,0x00,0x00,0x00,0x00,0x00,0x00,0x00,0x00,0x00,0x00,0x00,
    0x00,0x00,0x00,0x00,0x00,0x00,0x00,0x00,0x00,0x00,0x00,0x00,0x00,0x00,0x00,0x00,
    0x00,0x00,0x00,0x00,0x00,0x00,0x00,0x00,0x00,0x00,0x00,0x00,0x00,0x00,0x00,0x00,
    0x00,0x00,0x00,0x00,0x00,0x00,0x00,0x00,0x00,0x00,0x00,0x00,0x00,0x00,0x00,0x00,
    0x00,0x00,0x00,0x00,0x00,0x00,0x00,0x00,0x00,0x00,0x00,0x00,0x00,0x00,0x00,0x00,
    0x00,0x00,0x00,0x00,0x00,0x00,0x00,0x00,0x00,0x00,0x00,0x00,0x00,0x00,0x00,0x00,
    0x00,0x00,0x00,0x00,0x00,0x00,0x00,0x00,0x00,0x00,0x00,0x00,0x00,0x00,0x00,0x00,
    0x00,0x00,0x00,0x00,0x00,0x00,0x00,0x00,0x00,0x00,0x00,0x00,0x00,0x00,0x00,0x00,
    0x00,0x00,0x00,0x00,0x00,0x00,0x00,0x00,0x00,0x00,0x00,0x00,0x00,0x00,0x00,0x00,
    0x00,0x00,0x00,0x00,0x00,0x00,0x00,0x00,0x00,0x00,0x00,0x00,0x00,0x00,0x00,0x00,
    0x00,0x00,0x00,0x00,0x00,0x00,0x00,0x00,0x00,0x00,0x00,0x00,0x00,0x00,0x00,0x00,
    0x00,0x00,0x00,0x00,0x00,0x00,0x00,0x00,0x00,0x00,0x00,0x00,0x00,0x00,0x00,0x00,
    0x00,0x00,0x00,0x00,0x00,0x00,0x00,0x00,0x00,0x00,0x00,0x00,0x00,0x00,0x00,0x00,
    0x00,0x00,0x00,0x00,0x00,0x00,0x00,0x00,0x00,0x00,0x00,0x00,0x00,0x00,0x00,0x00,
    0x00,0x00,0x00,0x00,0x00,0x00,0x00,0x00,0x00,0x00,0x00,0x00,0x00,0x00,0x00,0x00,
    0x00,0x00,0x00,0x00,0x00,0x00,0x00,0x00,0x00,0x00,0x00,0x00,0x00,0x00,0x00,0x00,
    0x00,0x00,0x00,0x00,0x00,0x00,0x00,0x00,0x00,0x00,0x00,0x00,0x00,0x00,0x00,0x00,
    0x00,0x00,0x00,0x00,0x00,0x00,0x00,0x00,0x00,0x00,0x00,0x00,0x00,0x00,0x00,0x00,
    0x00,0x00,0x00,0x00,0x00,0x00,0x00,0x00,0x00,0x00,0x00,0x00,0x00,0x00,0x00,0x00,
    0xaa,0xaa,0xc6,0x09,0xa0,0xa6,0xb6,0x2e,0xb1,0x8b,0x53,0x87,0xca,0x7a,0x00,0xff,
    0xc4,0x78,0x00,0xff,0xc4,0x78,0x00,0xff,0xc4,0x78,0x00,0xff,0xc4,0x78,0x00,0xff,
    0xc4,0x78,0x00,0xff,0xc4,0x78,0x00,0xff,0xc4,0x78,0x00,0xff,0xc4,0x78,0x00,0xff,
    0xc4,0x78,0x00,0xff,0xc4,0x78,0x00,0xff,0xc4,0x78,0x00,0xff,0xc4,0x78,0x00,0xff,
    0xc4,0x78,0x00,0xff,0xc4,0x78,0x00,0xff,0xc4,0x78,0x00,0xff,0xc4,0x78,0x00,0xff,
    0xc4,0x78,0x00,0xff,0xc4,0x78,0x00,0xff,0xc4,0x78,0x00,0xff,0xc4,0x78,0x00,0xff,
    0xc4,0x78,0x00,0xff,0xc4,0x78,0x00,0xff,0xc4,0x78,0x00,0xff,0xc4,0x78,0x00,0xff,
    0xc5,0x78,0x00,0xff,0xc4,0x78,0x00,0xff,0xbe,0x7b,0x11,0xab,0xc0,0x82,0x1b,0x25,
    0x00,0x00,0x00,0x00,0x00,0x00,0x00,0x00,0x00,0x00,0x00,0x00,0x00,0x00,0x00,0x00,
    0x00,0x00,0x00,0x00,0x00,0x00,0x00,0x00,0x00,0x00,0x00,0x00,0x00,0x00,0x00,0x00,
    0x00,0x00,0x00,0x00,0x00,0x00,0x00,0x00,0x00,0x00,0x00,0x00,0x00,0x00,0x00,0x00,
    0x00,0x00,0x00,0x00,0x00,0x00,0x00,0x00,0x00,0x00,0x00,0x00,0x00,0x00,0x00,0x00,
    0x00,0x00,0x00,0x00,0x00,0x00,0x00,0x00,0x00,0x00,0x00,0x00,0x00,0x00,0x00,0x00,
    0x00,0x00,0x00,0x00,0x00,0x00,0x00,0x00,0x00,0x00,0x00,0x00,0x00,0x00,0x00,0x00,
    0x00,0x00,0x00,0x00,0x00,0x00,0x00,0x00,0x00,0x00,0x00,0x00,0x00,0x00,0x00,0x00,
    0x00,0x00,0x00,0x00,0x00,0x00,0x00,0x00,0x00,0x00,0x00,0x00,0x00,0x00,0x00,0x00,
    0x00,0x00,0x00,0x00,0x00,0x00,0x00,0x00,0x00,0x00,0x00,0x00,0x00,0x00,0x00,0x00,
    0x00,0x00,0x00,0x00,0x00,0x00,0x00,0x00,0x00,0x00,0x00,0x00,0x00,0x00,0x00,0x00,
    0x00,0x00,0x00,0x00,0x00,0x00,0x00,0x00,0x00,0x00,0x00,0x00,0x00,0x00,0x00,0x00,
    0x00,0x00,0x00,0x00,0x00,0x00,0x00,0x00,0x00,0x00,0x00,0x00,0x00,0x00,0x00,0x00,
    0x00,0x00,0x00,0x00,0x00,0x00,0x00,0x00,0x00,0x00,0x00,0x00,0x00,0x00,0x00,0x00,
    0x00,0x00,0x00,0x00,0x00,0x00,0x00,0x00,0x00,0x00,0x00,0x00,0x00,0x00,0x00,0x00,
    0x00,0x00,0x00,0x00,0x00,0x00,0x00,0x00,0x00,0x00,0x00,0x00,0x00,0x00,0x00,0x00,
    0x00,0x00,0x00,0x00,0x00,0x00,0x00,0x00,0x00,0x00,0x00,0x00,0x00,0x00,0x00,0x00,
    0x00,0x00,0x00,0x00,0x00,0x00,0x00,0x00,0x00,0x00,0x00,0x00,0x00,0x00,0x00,0x00,
    0x00,0x00,0x00,0x00,0x00,0x00,0x00,0x00,0x00,0x00,0x00,0x00,0x00,0x00,0x00,0x00,
    0x00,0x00,0x00,0x00,0x00,0x00,0x00,0x00,0x00,0x00,0x00,0x00,0x00,0x00,0x00,0x00,
    0x00,0x00,0x00,0x00,0x00,0x00,0x00,0x00,0x00,0x00,0x00,0x00,0x00,0x00,0x00,0x00,
    0x00,0x00,0x00,0x00,0x00,0x00,0x00,0x00,0x00,0x00,0x00,0x00,0x00,0x00,0x00,0x00,
    0x00,0x00,0x00,0x00,0x00,0x00,0x00,0x00,0x00,0x00,0x00,0x00,0x00,0x00,0x00,0x00,
    0x00,0x00,0x00,0x00,0x00,0x00,0x00,0x00,0x00,0x00,0x00,0x00,0x00,0x00,0x00,0x00,
    0x00,0x00,0x00,0x00,0x00,0x00,0x00,0x00,0x00,0x00,0x00,0x00,0x00,0x00,0x00,0x00,
    0x00,0x00,0x00,0x00,0xa6,0x9a,0x8e,0x2b,0xb5,0x88,0x42,0x95,0xc9,0x79,0x00,0xff,
    0xc4,0x77,0x00,0xff,0xc4,0x77,0x00,0xff,0xc4,0x77,0x00,0xff,0xc4,0x77,0x00,0xff,
    0xc4,0x77,0x00,0xff,0xc4,0x77,0x00,0xff,0xc4,0x77,0x00,0xff,0xc4,0x77,0x00,0xff,
    0xc4,0x77,0x00,0xff,0xc4,0x77,0x00,0xff,0xc4,0x77,0x00,0xff,0xc4,0x77,0x00,0xff,
    0xc4,0x77,0x00,0xff,0xc4,0x77,0x00,0xff,0xc4,0x77,0x00,0xff,0xc4,0x77,0x00,0xff,
    0xc4,0x77,0x00,0xff,0xc4,0x77,0x00,0xff,0xc4,0x77,0x00,0xff,0xc4,0x77,0x00,0xff,
    0xc4,0x77,0x00,0xff,0xc4,0x77,0x00,0xff,0xc4,0x77,0x00,0xff,0xc4,0x77,0x00,0xff,
    0xc5,0x78,0x00,0xff,0xc4,0x77,0x00,0xff,0xc0,0x7e,0x15,0x8f,0xb8,0x83,0x23,0x1d,
    0x00,0x00,0x00,0x00,0x00,0x00,0x00,0x00,0x00,0x00,0x00,0x00,0x00,0x00,0x00,0x00,
    0x00,0x00,0x00,0x00,0x00,0x00,0x00,0x00,0x00,0x00,0x00,0x00,0x00,0x00,0x00,0x00,
    0x00,0x00,0x00,0x00,0x00,0x00,0x00,0x00,0x00,0x00,0x00,0x00,0x00,0x00,0x00,0x00,
    0x00,0x00,0x00,0x00,0x00,0x00,0x00,0x00,0x00,0x00,0x00,0x00,0x00,0x00,0x00,0x00,
    0x00,0x00,0x00,0x00,0x00,0x00,0x00,0x00,0x00,0x00,0x00,0x00,0x00,0x00,0x00,0x00,
    0x00,0x00,0x00,0x00,0x00,0x00,0x00,0x00,0x00,0x00,0x00,0x00,0x00,0x00,0x00,0x00,
    0x00,0x00,0x00,0x00,0x00,0x00,0x00,0x00,0x00,0x00,0x00,0x00,0x00,0x00,0x00,0x00,
    0x00,0x00,0x00,0x00,0x00,0x00,0x00,0x00,0x00,0x00,0x00,0x00,0x00,0x00,0x00,0x00,
    0x00,0x00,0x00,0x00,0x00,0x00,0x00,0x00,0x00,0x00,0x00,0x00,0x00,0x00,0x00,0x00,
    0x00,0x00,0x00,0x00,0x00,0x00,0x00,0x00,0x00,0x00,0x00,0x00,0x00,0x00,0x00,0x00,
    0x00,0x00,0x00,0x00,0x00,0x00,0x00,0x00,0x00,0x00,0x00,0x00,0x00,0x00,0x00,0x00,
    0x00,0x00,0x00,0x00,0x00,0x00,0x00,0x00,0x00,0x00,0x00,0x00,0x00,0x00,0x00,0x00,
    0x00,0x00,0x00,0x00,0x00,0x00,0x00,0x00,0x00,0x00,0x00,0x00,0x00,0x00,0x00,0x00,
    0x00,0x00,0x00,0x00,0x00,0x00,0x00,0x00,0x00,0x00,0x00,0x00,0x00,0x00,0x00,0x00,
    0x00,0x00,0x00,0x00,0x00,0x00,0x00,0x00,0x00,0x00,0x00,0x00,0x00,0x00,0x00,0x00,
    0x00,0x00,0x00,0x00,0x00,0x00,0x00,0x00,0x00,0x00,0x00,0x00,0x00,0x00,0x00,0x00,
    0x00,0x00,0x00,0x00,0x00,0x00,0x00,0x00,0x00,0x00,0x00,0x00,0x00,0x00,0x00,0x00,
    0x00,0x00,0x00,0x00,0x00,0x00,0x00,0x00,0x00,0x00,0x00,0x00,0x00,0x00,0x00,0x00,
    0x00,0x00,0x00,0x00,0x00,0x00,0x00,0x00,0x00,0x00,0x00,0x00,0x00,0x00,0x00,0x00,
    0x00,0x00,0x00,0x00,0x00,0x00,0x00,0x00,0x00,0x00,0x00,0x00,0x00,0x00,0x00,0x00,
    0x00,0x00,0x00,0x00,0x00,0x00,0x00,0x00,0x00,0x00,0x00,0x00,0x00,0x00,0x00,0x00,
    0x00,0x00,0x00,0x00,0x00,0x00,0x00,0x00,0x00,0x00,0x00,0x00,0x00,0x00,0x00,0x00,
    0x00,0x00,0x00,0x00,0x00,0x00,0x00,0x00,0x00,0x00,0x00,0x00,0x00,0x00,0x00,0x00,
    0x00,0x00,0x00,0x00,0x00,0x00,0x00,0x00,0x00,0x00,0x00,0x00,0x00,0x00,0x00,0x00,
    0x00,0x00,0x00,0x00,0xb1,0x8e,0x6a,0x2b,0xb9,0x85,0x37,0xa2,0xc7,0x79,0x00,0xff,
    0xc3,0x77,0x00,0xff,0xc3,0x77,0x00,0xff,0xc3,0x77,0x00,0xff,0xc3,0x77,0x00,0xff,
    0xc3,0x77,0x00,0xff,0xc3,0x77,0x00,0xff,0xc3,0x77,0x00,0xff,0xc3,0x77,0x00,0xff,
    0xc3,0x77,0x00,0xff,0xc3,0x77,0x00,0xff,0xc3,0x77,0x00,0xff,0xc3,0x77,0x00,0xff,
    0xc3,0x77,0x00,0xff,0xc3,0x77,0x00,0xff,0xc3,0x77,0x00,0xff,0xc3,0x77,0x00,0xff,
    0xc3,0x77,0x00,0xff,0xc3,0x77,0x00,0xff,0xc3,0x77,0x00,0xff,0xc3,0x77,0x00,0xff,
    0xc3,0x77,0x00,0xff,0xc3,0x77,0x00,0xff,0xc3,0x77,0x00,0xff,0xc3,0x77,0x00,0xff,
    0xc4,0x78,0x00,0xff,0xc3,0x77,0x00,0xff,0xbe,0x7e,0x16,0x73,0xbb,0x86,0x28,0x13,
    0x00,0x00,0x00,0x00,0x00,0x00,0x00,0x00,0x00,0x00,0x00,0x00,0x00,0x00,0x00,0x00,
    0x00,0x00,0x00,0x00,0x00,0x00,0x00,0x00,0x00,0x00,0x00,0x00,0x00,0x00,0x00,0x00,
    0x00,0x00,0x00,0x00,0x00,0x00,0x00,0x00,0x00,0x00,0x00,0x00,0x00,0x00,0x00,0x00,
    0x00,0x00,0x00,0x00,0x00,0x00,0x00,0x00,0x00,0x00,0x00,0x00,0x00,0x00,0x00,0x00,
    0x00,0x00,0x00,0x00,0x00,0x00,0x00,0x00,0x00,0x00,0x00,0x00,0x00,0x00,0x00,0x00,
    0x00,0x00,0x00,0x00,0x00,0x00,0x00,0x00,0x00,0x00,0x00,0x00,0x00,0x00,0x00,0x00,
    0x00,0x00,0x00,0x00,0x00,0x00,0x00,0x00,0x00,0x00,0x00,0x00,0x00,0x00,0x00,0x00,
    0x00,0x00,0x00,0x00,0x00,0x00,0x00,0x00,0x00,0x00,0x00,0x00,0x00,0x00,0x00,0x00,
    0x00,0x00,0x00,0x00,0x00,0x00,0x00,0x00,0x00,0x00,0x00,0x00,0x00,0x00,0x00,0x00,
    0x00,0x00,0x00,0x00,0x00,0x00,0x00,0x00,0x00,0x00,0x00,0x00,0x00,0x00,0x00,0x00,
    0x00,0x00,0x00,0x00,0x00,0x00,0x00,0x00,0x00,0x00,0x00,0x00,0x00,0x00,0x00,0x00,
    0x00,0x00,0x00,0x00,0x00,0x00,0x00,0x00,0x00,0x00,0x00,0x00,0x00,0x00,0x00,0x00,
    0x00,0x00,0x00,0x00,0x00,0x00,0x00,0x00,0x00,0x00,0x00,0x00,0x00,0x00,0x00,0x00,
    0x00,0x00,0x00,0x00,0x00,0x00,0x00,0x00,0x00,0x00,0x00,0x00,0x00,0x00,0x00,0x00,
    0x00,0x00,0x00,0x00,0x00,0x00,0x00,0x00,0x00,0x00,0x00,0x00,0x00,0x00,0x00,0x00,
    0x00,0x00,0x00,0x00,0x00,0x00,0x00,0x00,0x00,0x00,0x00,0x00,0x00,0x00,0x00,0x00,
    0x00,0x00,0x00,0x00,0x00,0x00,0x00,0x00,0x00,0x00,0x00,0x00,0x00,0x00,0x00,0x00,
    0x00,0x00,0x00,0x00,0x00,0x00,0x00,0x00,0x00,0x00,0x00,0x00,0x00,0x00,0x00,0x00,
    0x00,0x00,0x00,0x00,0x00,0x00,0x00,0x00,0x00,0x00,0x00,0x00,0x00,0x00,0x00,0x00,
    0x00,0x00,0x00,0x00,0x00,0x00,0x00,0x00,0x00,0x00,0x00,0x00,0x00,0x00,0x00,0x00,
    0x00,0x00,0x00,0x00,0x00,0x00,0x00,0x00,0x00,0x00,0x00,0x00,0x00,0x00,0x00,0x00,
    0x00,0x00,0x00,0x00,0x00,0x00,0x00,0x00,0x00,0x00,0x00,0x00,0x00,0x00,0x00,0x00,
    0x00,0x00,0x00,0x00,0x00,0x00,0x00,0x00,0x00,0x00,0x00,0x00,0x00,0x00,0x00,0x00,
    0x00,0x00,0x00,0x00,0x00,0x00,0x00,0x00,0x00,0x00,0x00,0x00,0x00,0x00,0x00,0x00,
    0x00,0x00,0x00,0x00,0xaf,0x8d,0x4f,0x2d,0xba,0x81,0x2a,0xa8,0xc6,0x78,0x00,0xff,
    0xc2,0x76,0x00,0xff,0xc2,0x76,0x00,0xff,0xc2,0x76,0x00,0xff,0xc2,0x76,0x00,0xff,
    0xc2,0x76,0x00,0xff,0xc2,0x76,0x00,0xff,0xc2,0x76,0x00,0xff,0xc2,0x76,0x00,0xff,
    0xc2,0x76,0x00,0xff,0xc2,0x76,0x00,0xff,0xc2,0x76,0x00,0xff,0xc2,0x76,0x00,0xff,
    0xc2,0x76,0x00,0xff,0xc2,0x76,0x00,0xff,0xc2,0x76,0x00,0xff,0xc2,0x76,0x00,0xff,
    0xc2,0x76,0x00,0xff,0xc2,0x76,0x00,0xff,0xc2,0x76,0x00,0xff,0xc2,0x76,0x00,0xff,
    0xc2,0x76,0x00,0xff,0xc2,0x76,0x00,0xff,0xc2,0x76,0x00,0xff,0xc2,0x76,0x00,0xff,
    0xc4,0x77,0x00,0xff,0xc2,0x76,0x00,0xff,0xbc,0x79,0x18,0x5c,0xbf,0x7f,0x2a,0x0c,
    0x00,0x00,0x00,0x00,0x00,0x00,0x00,0x00,0x00,0x00,0x00,0x00,0x00,0x00,0x00,0x00,
    0x00,0x00,0x00,0x00,0x00,0x00,0x00,0x00,0x00,0x00,0x00,0x00,0x00,0x00,0x00,0x00,
    0x00,0x00,0x00,0x00,0x00,0x00,0x00,0x00,0x00,0x00,0x00,0x00,0x00,0x00,0x00,0x00,
    0x00,0x00,0x00,0x00,0x00,0x00,0x00,0x00,0x00,0x00,0x00,0x00,0x00,0x00,0x00,0x00,
    0x00,0x00,0x00,0x00,0x00,0x00,0x00,0x00,0x00,0x00,0x00,0x00,0x00,0x00,0x00,0x00,
    0x00,0x00,0x00,0x00,0x00,0x00,0x00,0x00,0x00,0x00,0x00,0x00,0x00,0x00,0x00,0x00,
    0x00,0x00,0x00,0x00,0x00,0x00,0x00,0x00,0x00,0x00,0x00,0x00,0x00,0x00,0x00,0x00,
    0x00,0x00,0x00,0x00,0x00,0x00,0x00,0x00,0x00,0x00,0x00,0x00,0x00,0x00,0x00,0x00,
    0x00,0x00,0x00,0x00,0x00,0x00,0x00,0x00,0x00,0x00,0x00,0x00,0x00,0x00,0x00,0x00,
    0x00,0x00,0x00,0x00,0x00,0x00,0x00,0x00,0x00,0x00,0x00,0x00,0x00,0x00,0x00,0x00,
    0x00,0x00,0x00,0x00,0x00,0x00,0x00,0x00,0x00,0x00,0x00,0x00,0x00,0x00,0x00,0x00,
    0x00,0x00,0x00,0x00,0x00,0x00,0x00,0x00,0x00,0x00,0x00,0x00,0x00,0x00,0x00,0x00,
    0x00,0x00,0x00,0x00,0x00,0x00,0x00,0x00,0x00,0x00,0x00,0x00,0x00,0x00,0x00,0x00,
    0x00,0x00,0x00,0x00,0x00,0x00,0x00,0x00,0x00,0x00,0x00,0x00,0x00,0x00,0x00,0x00,
    0x00,0x00,0x00,0x00,0x00,0x00,0x00,0x00,0x00,0x00,0x00,0x00,0x00,0x00,0x00,0x00,
    0x00,0x00,0x00,0x00,0x00,0x00,0x00,0x00,0x00,0x00,0x00,0x00,0x00,0x00,0x00,0x00,
    0x00,0x00,0x00,0x00,0x00,0x00,0x00,0x00,0x00,0x00,0x00,0x00,0x00,0x00,0x00,0x00,
    0x00,0x00,0x00,0x00,0x00,0x00,0x00,0x00,0x00,0x00,0x00,0x00,0x00,0x00,0x00,0x00,
    0x00,0x00,0x00,0x00,0x00,0x00,0x00,0x00,0x00,0x00,0x00,0x00,0x00,0x00,0x00,0x00,
    0x00,0x00,0x00,0x00,0x00,0x00,0x00,0x00,0x00,0x00,0x00,0x00,0x00,0x00,0x00,0x00,
    0x00,0x00,0x00,0x00,0x00,0x00,0x00,0x00,0x00,0x00,0x00,0x00,0x00,0x00,0x00,0x00,
    0x00,0x00,0x00,0x00,0x00,0x00,0x00,0x00,0x00,0x00,0x00,0x00,0x00,0x00,0x00,0x00,
    0x00,0x00,0x00,0x00,0x00,0x00,0x00,0x00,0x00,0x00,0x00,0x00,0x00,0x00,0x00,0x00,
    0x00,0x00,0x00,0x00,0x00,0x00,0x00,0x00,0x00,0x00,0x00,0x00,0x00,0x00,0x00,0x00,
    0x00,0x00,0x00,0x00,0xb6,0x8a,0x3c,0x2e,0xbb,0x7e,0x1f,0xa9,0xc6,0x77,0x00,0xff,
    0xc2,0x75,0x00,0xff,0xc2,0x75,0x00,0xff,0xc2,0x75,0x00,0xff,0xc2,0x75,0x00,0xff,
    0xc2,0x75,0x00,0xff,0xc2,0x75,0x00,0xff,0xc2,0x75,0x00,0xff,0xc2,0x75,0x00,0xff,
    0xc2,0x75,0x00,0xff,0xc2,0x75,0x00,0xff,0xc2,0x75,0x00,0xff,0xc2,0x75,0x00,0xff,
    0xc2,0x75,0x00,0xff,0xc2,0x75,0x00,0xff,0xc2,0x75,0x00,0xff,0xc2,0x75,0x00,0xff,
    0xc2,0x75,0x00,0xff,0xc2,0x75,0x00,0xff,0xc2,0x75,0x00,0xff,0xc2,0x75,0x00,0xff,
    0xc2,0x75,0x00,0xff,0xc2,0x75,0x00,0xff,0xc2,0x75,0x00,0xff,0xc2,0x75,0x00,0xff,
    0xc4,0x76,0x00,0xff,0xc2,0x75,0x00,0xff,0xbd,0x78,0x15,0x46,0xaa,0x7f,0x55,0x06,
    0x00,0x00,0x00,0x00,0x00,0x00,0x00,0x00,0x00,0x00,0x00,0x00,0x00,0x00,0x00,0x00,
    0x00,0x00,0x00,0x00,0x00,0x00,0x00,0x00,0x00,0x00,0x00,0x00,0x00,0x00,0x00,0x00,
    0x00,0x00,0x00,0x00,0x00,0x00,0x00,0x00,0x00,0x00,0x00,0x00,0x00,0x00,0x00,0x00,
    0x00,0x00,0x00,0x00,0x00,0x00,0x00,0x00,0x00,0x00,0x00,0x00,0x00,0x00,0x00,0x00,
    0x00,0x00,0x00,0x00,0x00,0x00,0x00,0x00,0x00,0x00,0x00,0x00,0x00,0x00,0x00,0x00,
    0x00,0x00,0x00,0x00,0x00,0x00,0x00,0x00,0x00,0x00,0x00,0x00,0x00,0x00,0x00,0x00,
    0x00,0x00,0x00,0x00,0x00,0x00,0x00,0x00,0x00,0x00,0x00,0x00,0x00,0x00,0x00,0x00,
    0x00,0x00,0x00,0x00,0x00,0x00,0x00,0x00,0x00,0x00,0x00,0x00,0x00,0x00,0x00,0x00,
    0x00,0x00,0x00,0x00,0x00,0x00,0x00,0x00,0x00,0x00,0x00,0x00,0x00,0x00,0x00,0x00,
    0x00,0x00,0x00,0x00,0x00,0x00,0x00,0x00,0x00,0x00,0x00,0x00,0x00,0x00,0x00,0x00,
    0x00,0x00,0x00,0x00,0x00,0x00,0x00,0x00,0x00,0x00,0x00,0x00,0x00,0x00,0x00,0x00,
    0x00,0x00,0x00,0x00,0x00,0x00,0x00,0x00,0x00,0x00,0x00,0x00,0x00,0x00,0x00,0x00,
    0x00,0x00,0x00,0x00,0x00,0x00,0x00,0x00,0x00,0x00,0x00,0x00,0x00,0x00,0x00,0x00,
    0x00,0x00,0x00,0x00,0x00,0x00,0x00,0x00,0x00,0x00,0x00,0x00,0x00,0x00,0x00,0x00,
    0x00,0x00,0x00,0x00,0x00,0x00,0x00,0x00,0x00,0x00,0x00,0x00,0x00,0x00,0x00,0x00,
    0x00,0x00,0x00,0x00,0x00,0x00,0x00,0x00,0x00,0x00,0x00,0x00,0x00,0x00,0x00,0x00,
    0x00,0x00,0x00,0x00,0x00,0x00,0x00,0x00,0x00,0x00,0x00,0x00,0x00,0x00,0x00,0x00,
    0x00,0x00,0x00,0x00,0x00,0x00,0x00,0x00,0x00,0x00,0x00,0x00,0x00,0x00,0x00,0x00,
    0x00,0x00,0x00,0x00,0x00,0x00,0x00,0x00,0x00,0x00,0x00,0x00,0x00,0x00,0x00,0x00,
    0x00,0x00,0x00,0x00,0x00,0x00,0x00,0x00,0x00,0x00,0x00,0x00,0x00,0x00,0x00,0x00,
    0x00,0x00,0x00,0x00,0x00,0x00,0x00,0x00,0x00,0x00,0x00,0x00,0x00,0x00,0x00,0x00,
    0x00,0x00,0x00,0x00,0x00,0x00,0x00,0x00,0x00,0x00,0x00,0x00,0x00,0x00,0x00,0x00,
    0x00,0x00,0x00,0x00,0x00,0x00,0x00,0x00,0x00,0x00,0x00,0x00,0x00,0x00,0x00,0x00,
    0x00,0x00,0x00,0x00,0x00,0x00,0x00,0x00,0x00,0x00,0x00,0x00,0x00,0x00,0x00,0x00,
    0x00,0x00,0x00,0x00,0xb8,0x82,0x2b,0x2f,0xbb,0x7c,0x18,0xaa,0xc5,0x77,0x00,0xff,
    0xc2,0x75,0x00,0xff,0xc2,0x75,0x00,0xff,0xc2,0x75,0x00,0xff,0xc2,0x75,0x00,0xff,
    0xc2,0x75,0x00,0xff,0xc2,0x75,0x00,0xff,0xc2,0x75,0x00,0xff,0xc2,0x75,0x00,0xff,
    0xc2,0x75,0x00,0xff,0xc2,0x75,0x00,0xff,0xc2,0x75,0x00,0xff,0xc2,0x75,0x00,0xff,
    0xc2,0x75,0x00,0xff,0xc2,0x75,0x00,0xff,0xc2,0x75,0x00,0xff,0xc2,0x75,0x00,0xff,
    0xc2,0x75,0x00,0xff,0xc2,0x75,0x00,0xff,0xc2,0x75,0x00,0xff,0xc2,0x75,0x00,0xff,
    0xc2,0x75,0x00,0xff,0xc2,0x75,0x00,0xff,0xc2,0x75,0x00,0xff,0xc2,0x75,0x00,0xff,
    0xc4,0x76,0x00,0xff,0xc2,0x75,0x00,0xff,0xba,0x75,0x0e,0x34,0x00,0x00,0x00,0x00,
    0x00,0x00,0x00,0x00,0x00,0x00,0x00,0x00,0x00,0x00,0x00,0x00,0x00,0x00,0x00,0x00,
    0x00,0x00,0x00,0x00,0x00,0x00,0x00,0x00,0x00,0x00,0x00,0x00,0x00,0x00,0x00,0x00,
    0x00,0x00,0x00,0x00,0x00,0x00,0x00,0x00,0x00,0x00,0x00,0x00,0x00,0x00,0x00,0x00,
    0x00,0x00,0x00,0x00,0x00,0x00,0x00,0x00,0x00,0x00,0x00,0x00,0x00,0x00,0x00,0x00,
    0x00,0x00,0x00,0x00,0x00,0x00,0x00,0x00,0x00,0x00,0x00,0x00,0x00,0x00,0x00,0x00,
    0x00,0x00,0x00,0x00,0x00,0x00,0x00,0x00,0x00,0x00,0x00,0x00,0x00,0x00,0x00,0x00,
    0x00,0x00,0x00,0x00,0x00,0x00,0x00,0x00,0x00,0x00,0x00,0x00,0x00,0x00,0x00,0x00,
    0x00,0x00,0x00,0x00,0x00,0x00,0x00,0x00,0x00,0x00,0x00,0x00,0x00,0x00,0x00,0x00,
    0x00,0x00,0x00,0x00,0x00,0x00,0x00,0x00,0x00,0x00,0x00,0x00,0x00,0x00,0x00,0x00,
    0x00,0x00,0x00,0x00,0x00,0x00,0x00,0x00,0x00,0x00,0x00,0x00,0x00,0x00,0x00,0x00,
    0x00,0x00,0x00,0x00,0x00,0x00,0x00,0x00,0x00,0x00,0x00,0x00,0x00,0x00,0x00,0x00,
    0x00,0x00,0x00,0x00,0x00,0x00,0x00,0x00,0x00,0x00,0x00,0x00,0x00,0x00,0x00,0x00,
    0x00,0x00,0x00,0x00,0x00,0x00,0x00,0x00,0x00,0x00,0x00,0x00,0x00,0x00,0x00,0x00,
    0x00,0x00,0x00,0x00,0x00,0x00,0x00,0x00,0x00,0x00,0x00,0x00,0x00,0x00,0x00,0x00,
    0x00,0x00,0x00,0x00,0x00,0x00,0x00,0x00,0x00,0x00,0x00,0x00,0x00,0x00,0x00,0x00,
    0x00,0x00,0x00,0x00,0x00,0x00,0x00,0x00,0x00,0x00,0x00,0x00,0x00,0x00,0x00,0x00,
    0x00,0x00,0x00,0x00,0x00,0x00,0x00,0x00,0x00,0x00,0x00,0x00,0x00,0x00,0x00,0x00,
    0x00,0x00,0x00,0x00,0x00,0x00,0x00,0x00,0x00,0x00,0x00,0x00,0x00,0x00,0x00,0x00,
    0x00,0x00,0x00,0x00,0x00,0x00,0x00,0x00,0x00,0x00,0x00,0x00,0x00,0x00,0x00,0x00,
    0x00,0x00,0x00,0x00,0x00,0x00,0x00,0x00,0x00,0x00,0x00,0x00,0x00,0x00,0x00,0x00,
    0x00,0x00,0x00,0x00,0x00,0x00,0x00,0x00,0x00,0x00,0x00,0x00,0x00,0x00,0x00,0x00,
    0x00,0x00,0x00,0x00,0x00,0x00,0x00,0x00,0x00,0x00,0x00,0x00,0x00,0x00,0x00,0x00,
    0x00,0x00,0x00,0x00,0x00,0x00,0x00,0x00,0x00,0x00,0x00,0x00,0x00,0x00,0x00,0x00,
    0x00,0x00,0x00,0x00,0x00,0x00,0x00,0x00,0x00,0x00,0x00,0x00,0x00,0x00,0x00,0x00,
    0x00,0x00,0x00,0x00,0xb9,0x7f,0x25,0x30,0xbc,0x7a,0x13,0xad,0xc4,0x76,0x00,0xff,
    0xc1,0x74,0x00,0xff,0xc1,0x74,0x00,0xff,0xc1,0x74,0x00,0xff,0xc1,0x74,0x00,0xff,
    0xc1,0x74,0x00,0xff,0xc1,0x74,0x00,0xff,0xc1,0x74,0x00,0xff,0xc1,0x74,0x00,0xff,
    0xc1,0x74,0x00,0xff,0xc1,0x74,0x00,0xff,0xc1,0x74,0x00,0xff,0xc1,0x74,0x00,0xff,
    0xc1,0x74,0x00,0xff,0xc1,0x74,0x00,0xff,0xc1,0x74,0x00,0xff,0xc1,0x74,0x00,0xff,
    0xc1,0x74,0x00,0xff,0xc1,0x74,0x00,0xff,0xc1,0x74,0x00,0xff,0xc1,0x74,0x00,0xff,
    0xc1,0x74,0x00,0xff,0xc1,0x74,0x00,0xff,0xc1,0x74,0x00,0xff,0xc1,0x74,0x00,0xff,
    0xc3,0x75,0x00,0xff,0xc1,0x74,0x00,0xff,0xbb,0x72,0x06,0x26,0x00,0x00,0x00,0x00,
    0x00,0x00,0x00,0x00,0x00,0x00,0x00,0x00,0x00,0x00,0x00,0x00,0x00,0x00,0x00,0x00,
    0x00,0x00,0x00,0x00,0x00,0x00,0x00,0x00,0x00,0x00,0x00,0x00,0x00,0x00,0x00,0x00,
    0x00,0x00,0x00,0x00,0x00,0x00,0x00,0x00,0x00,0x00,0x00,0x00,0x00,0x00,0x00,0x00,
    0x00,0x00,0x00,0x00,0x00,0x00,0x00,0x00,0x00,0x00,0x00,0x00,0x00,0x00,0x00,0x00,
    0x00,0x00,0x00,0x00,0x00,0x00,0x00,0x00,0x00,0x00,0x00,0x00,0x00,0x00,0x00,0x00,
    0x00,0x00,0x00,0x00,0x00,0x00,0x00,0x00,0x00,0x00,0x00,0x00,0x00,0x00,0x00,0x00,
    0x00,0x00,0x00,0x00,0x00,0x00,0x00,0x00,0x00,0x00,0x00,0x00,0x00,0x00,0x00,0x00,
    0x00,0x00,0x00,0x00,0x00,0x00,0x00,0x00,0x00,0x00,0x00,0x00,0x00,0x00,0x00,0x00,
    0x00,0x00,0x00,0x00,0x00,0x00,0x00,0x00,0x00,0x00,0x00,0x00,0x00,0x00,0x00,0x00,
    0x00,0x00,0x00,0x00,0x00,0x00,0x00,0x00,0x00,0x00,0x00,0x00,0x00,0x00,0x00,0x00,
    0x00,0x00,0x00,0x00,0x00,0x00,0x00,0x00,0x00,0x00,0x00,0x00,0x00,0x00,0x00,0x00,
    0x00,0x00,0x00,0x00,0x00,0x00,0x00,0x00,0x00,0x00,0x00,0x00,0x00,0x00,0x00,0x00,
    0x00,0x00,0x00,0x00,0x00,0x00,0x00,0x00,0x00,0x00,0x00,0x00,0x00,0x00,0x00,0x00,
    0x00,0x00,0x00,0x00,0x00,0x00,0x00,0x00,0x00,0x00,0x00,0x00,0x00,0x00,0x00,0x00,
    0x00,0x00,0x00,0x00,0x00,0x00,0x00,0x00,0x00,0x00,0x00,0x00,0x00,0x00,0x00,0x00,
    0x00,0x00,0x00,0x00,0x00,0x00,0x00,0x00,0x00,0x00,0x00,0x00,0x00,0x00,0x00,0x00,
    0x00,0x00,0x00,0x00,0x00,0x00,0x00,0x00,0x00,0x00,0x00,0x00,0x00,0x00,0x00,0x00,
    0x00,0x00,0x00,0x00,0x00,0x00,0x00,0x00,0x00,0x00,0x00,0x00,0x00,0x00,0x00,0x00,
    0x00,0x00,0x00,0x00,0x00,0x00,0x00,0x00,0x00,0x00,0x00,0x00,0x00,0x00,0x00,0x00,
    0x00,0x00,0x00,0x00,0x00,0x00,0x00,0x00,0x00,0x00,0x00,0x00,0x00,0x00,0x00,0x00,
    0x00,0x00,0x00,0x00,0x00,0x00,0x00,0x00,0x00,0x00,0x00,0x00,0x00,0x00,0x00,0x00,
    0x00,0x00,0x00,0x00,0x00,0x00,0x00,0x00,0x00,0x00,0x00,0x00,0x00,0x00,0x00,0x00,
    0x00,0x00,0x00,0x00,0x00,0x00,0x00,0x00,0x00,0x00,0x00,0x00,0x00,0x00,0x00,0x00,
    0x00,0x00,0x00,0x00,0x00,0x00,0x00,0x00,0x00,0x00,0x00,0x00,0x00,0x00,0x00,0x00,
    0x00,0x00,0x00,0x00,0xbb,0x7c,0x1f,0x31,0xbb,0x78,0x11,0xaf,0xc4,0x76,0x00,0xff,
    0xc1,0x74,0x00,0xff,0xc1,0x74,0x00,0xff,0xc1,0x74,0x00,0xff,0xc1,0x74,0x00,0xff,
    0xc1,0x74,0x00,0xff,0xc1,0x74,0x00,0xff,0xc1,0x74,0x00,0xff,0xc1,0x74,0x00,0xff,
    0xc1,0x74,0x00,0xff,0xc1,0x74,0x00,0xff,0xc1,0x74,0x00,0xff,0xc1,0x74,0x00,0xff,
    0xc1,0x74,0x00,0xff,0xc1,0x74,0x00,0xff,0xc1,0x74,0x00,0xff,0xc1,0x74,0x00,0xff,
    0xc1,0x74,0x00,0xff,0xc1,0x74,0x00,0xff,0xc1,0x74,0x00,0xff,0xc1,0x74,0x00,0xff,
    0xc1,0x74,0x00,0xff,0xc1,0x74,0x00,0xff,0xc1,0x74,0x00,0xff,0xc1,0x74,0x00,0xff,
    0xc3,0x75,0x00,0xff,0xc1,0x74,0x00,0xff,0xbf,0x76,0x00,0x1c,0x00,0x00,0x00,0x00,
    0x00,0x00,0x00,0x00,0x00,0x00,0x00,0x00,0x00,0x00,0x00,0x00,0x00,0x00,0x00,0x00,
    0x00,0x00,0x00,0x00,0x00,0x00,0x00,0x00,0x00,0x00,0x00,0x00,0x00,0x00,0x00,0x00,
    0x00,0x00,0x00,0x00,0x00,0x00,0x00,0x00,0x00,0x00,0x00,0x00,0x00,0x00,0x00,0x00,
    0x00,0x00,0x00,0x00,0x00,0x00,0x00,0x00,0x00,0x00,0x00,0x00,0x00,0x00,0x00,0x00,
    0x00,0x00,0x00,0x00,0x00,0x00,0x00,0x00,0x00,0x00,0x00,0x00,0x00,0x00,0x00,0x00,
    0x00,0x00,0x00,0x00,0x00,0x00,0x00,0x00,0x00,0x00,0x00,0x00,0x00,0x00,0x00,0x00,
    0x00,0x00,0x00,0x00,0x00,0x00,0x00,0x00,0x00,0x00,0x00,0x00,0x00,0x00,0x00,0x00,
    0x00,0x00,0x00,0x00,0x00,0x00,0x00,0x00,0x00,0x00,0x00,0x00,0x00,0x00,0x00,0x00,
    0x00,0x00,0x00,0x00,0x00,0x00,0x00,0x00,0x00,0x00,0x00,0x00,0x00,0x00,0x00,0x00,
    0x00,0x00,0x00,0x00,0x00,0x00,0x00,0x00,0x00,0x00,0x00,0x00,0x00,0x00,0x00,0x00,
    0x00,0x00,0x00,0x00,0x00,0x00,0x00,0x00,0x00,0x00,0x00,0x00,0x00,0x00,0x00,0x00,
    0x00,0x00,0x00,0x00,0x00,0x00,0x00,0x00,0x00,0x00,0x00,0x00,0x00,0x00,0x00,0x00,
    0x00,0x00,0x00,0x00,0x00,0x00,0x00,0x00,0x00,0x00,0x00,0x00,0x00,0x00,0x00,0x00,
    0x00,0x00,0x00,0x00,0x00,0x00,0x00,0x00,0x00,0x00,0x00,0x00,0x00,0x00,0x00,0x00,
    0x00,0x00,0x00,0x00,0x00,0x00,0x00,0x00,0x00,0x00,0x00,0x00,0x00,0x00,0x00,0x00,
    0x00,0x00,0x00,0x00,0x00,0x00,0x00,0x00,0x00,0x00,0x00,0x00,0x00,0x00,0x00,0x00,
    0x00,0x00,0x00,0x00,0x00,0x00,0x00,0x00,0x00,0x00,0x00,0x00,0x00,0x00,0x00,0x00,
    0x00,0x00,0x00,0x00,0x00,0x00,0x00,0x00,0x00,0x00,0x00,0x00,0x00,0x00,0x00,0x00,
    0x00,0x00,0x00,0x00,0x00,0x00,0x00,0x00,0x00,0x00,0x00,0x00,0x00,0x00,0x00,0x00,
    0x00,0x00,0x00,0x00,0x00,0x00,0x00,0x00,0x00,0x00,0x00,0x00,0x00,0x00,0x00,0x00,
    0x00,0x00,0x00,0x00,0x00,0x00,0x00,0x00,0x00,0x00,0x00,0x00,0x00,0x00,0x00,0x00,
    0x00,0x00,0x00,0x00,0x00,0x00,0x00,0x00,0x00,0x00,0x00,0x00,0x00,0x00,0x00,0x00,
    0x00,0x00,0x00,0x00,0x00,0x00,0x00,0x00,0x00,0x00,0x00,0x00,0x00,0x00,0x00,0x00,
    0x00,0x00,0x00,0x00,0x00,0x00,0x00,0x00,0x00,0x00,0x00,0x00,0x00,0x00,0x00,0x00,
    0x00,0x00,0x00,0x00,0xbb,0x7c,0x1f,0x31,0xbb,0x77,0x11,0xaf,0xc3,0x75,0x00,0xff,
    0xc0,0x73,0x00,0xff,0xc0,0x73,0x00,0xff,0xc0,0x73,0x00,0xff,0xc0,0x73,0x00,0xff,
    0xc0,0x73,0x00,0xff,0xc0,0x73,0x00,0xff,0xc0,0x73,0x00,0xff,0xc0,0x73,0x00,0xff,
    0xc0,0x73,0x00,0xff,0xc0,0x73,0x00,0xff,0xc0,0x73,0x00,0xff,0xc0,0x73,0x00,0xff,
    0xc0,0x73,0x00,0xff,0xc0,0x73,0x00,0xff,0xc0,0x73,0x00,0xff,0xc0,0x73,0x00,0xff,
    0xc0,0x73,0x00,0xff,0xc0,0x73,0x00,0xff,0xc0,0x73,0x00,0xff,0xc0,0x73,0x00,0xff,
    0xc0,0x73,0x00,0xff,0xc0,0x73,0x00,0xff,0xc0,0x73,0x00,0xff,0xc0,0x73,0x00,0xff,
    0xc2,0x74,0x00,0xff,0xc0,0x73,0x00,0xff,0xbf,0x76,0x00,0x1c,0x00,0x00,0x00,0x00,
    0x00,0x00,0x00,0x00,0x00,0x00,0x00,0x00,0x00,0x00,0x00,0x00,0x00,0x00,0x00,0x00,
    0x00,0x00,0x00,0x00,0x00,0x00,0x00,0x00,0x00,0x00,0x00,0x00,0x00,0x00,0x00,0x00,
    0x00,0x00,0x00,0x00,0x00,0x00,0x00,0x00,0x00,0x00,0x00,0x00,0x00,0x00,0x00,0x00,
    0x00,0x00,0x00,0x00,0x00,0x00,0x00,0x00,0x00,0x00,0x00,0x00,0x00,0x00,0x00,0x00,
    0x00,0x00,0x00,0x00,0x00,0x00,0x00,0x00,0x00,0x00,0x00,0x00,0x00,0x00,0x00,0x00,
    0x00,0x00,0x00,0x00,0x00,0x00,0x00,0x00,0x00,0x00,0x00,0x00,0x00,0x00,0x00,0x00,
    0x00,0x00,0x00,0x00,0x00,0x00,0x00,0x00,0x00,0x00,0x00,0x00,0x00,0x00,0x00,0x00,
    0x00,0x00,0x00,0x00,0x00,0x00,0x00,0x00,0x00,0x00,0x00,0x00,0x00,0x00,0x00,0x00,
    0x00,0x00,0x00,0x00,0x00,0x00,0x00,0x00,0x00,0x00,0x00,0x00,0x00,0x00,0x00,0x00,
    0x00,0x00,0x00,0x00,0x00,0x00,0x00,0x00,0x00,0x00,0x00,0x00,0x00,0x00,0x00,0x00,
    0x00,0x00,0x00,0x00,0x00,0x00,0x00,0x00,0x00,0x00,0x00,0x00,0x00,0x00,0x00,0x00,
    0x00,0x00,0x00,0x00,0x00,0x00,0x00,0x00,0x00,0x00,0x00,0x00,0x00,0x00,0x00,0x00,
    0x00,0x00,0x00,0x00,0x00,0x00,0x00,0x00,0x00,0x00,0x00,0x00,0x00,0x00,0x00,0x00,
    0x00,0x00,0x00,0x00,0x00,0x00,0x00,0x00,0x00,0x00,0x00,0x00,0x00,0x00,0x00,0x00,
    0x00,0x00,0x00,0x00,0x00,0x00,0x00,0x00,0x00,0x00,0x00,0x00,0x00,0x00,0x00,0x00,
    0x00,0x00,0x00,0x00,0x00,0x00,0x00,0x00,0x00,0x00,0x00,0x00,0x00,0x00,0x00,0x00,
    0x00,0x00,0x00,0x00,0x00,0x00,0x00,0x00,0x00,0x00,0x00,0x00,0x00,0x00,0x00,0x00,
    0x00,0x00,0x00,0x00,0x00,0x00,0x00,0x00,0x00,0x00,0x00,0x00,0x00,0x00,0x00,0x00,
    0x00,0x00,0x00,0x00,0x00,0x00,0x00,0x00,0x00,0x00,0x00,0x00,0x00,0x00,0x00,0x00,
    0x00,0x00,0x00,0x00,0x00,0x00,0x00,0x00,0x00,0x00,0x00,0x00,0x00,0x00,0x00,0x00,
    0x00,0x00,0x00,0x00,0x00,0x00,0x00,0x00,0x00,0x00,0x00,0x00,0x00,0x00,0x00,0x00,
    0x00,0x00,0x00,0x00,0x00,0x00,0x00,0x00,0x00,0x00,0x00,0x00,0x00,0x00,0x00,0x00,
    0x00,0x00,0x00,0x00,0x00,0x00,0x00,0x00,0x00,0x00,0x00,0x00,0x00,0x00,0x00,0x00,
    0x00,0x00,0x00,0x00,0x00,0x00,0x00,0x00,0x00,0x00,0x00,0x00,0x00,0x00,0x00,0x00,
    0x00,0x00,0x00,0x00,0xbb,0x77,0x1f,0x31,0xbb,0x76,0x11,0xaf,0xc2,0x74,0x00,0xff,
    0xbf,0x72,0x00,0xff,0xbf,0x72,0x00,0xff,0xbf,0x72,0x00,0xff,0xbf,0x72,0x00,0xff,
    0xbf,0x72,0x00,0xff,0xbf,0x72,0x00,0xff,0xbf,0x72,0x00,0xff,0xbf,0x72,0x00,0xff,
    0xbf,0x72,0x00,0xff,0xbf,0x72,0x00,0xff,0xbf,0x72,0x00,0xff,0xbf,0x72,0x00,0xff,
    0xbf,0x72,0x00,0xff,0xbf,0x72,0x00,0xff,0xbf,0x72,0x00,0xff,0xbf,0x72,0x00,0xff,
    0xbf,0x72,0x00,0xff,0xbf,0x72,0x00,0xff,0xbf,0x72,0x00,0xff,0xbf,0x72,0x00,0xff,
    0xbf,0x72,0x00,0xff,0xbf,0x72,0x00,0xff,0xbf,0x72,0x00,0xff,0xbf,0x72,0x00,0xff,
    0xc1,0x73,0x00,0xff,0xbf,0x72,0x00,0xff,0xbf,0x76,0x00,0x1c,0x00,0x00,0x00,0x00,
    0x00,0x00,0x00,0x00,0x00,0x00,0x00,0x00,0x00,0x00,0x00,0x00,0x00,0x00,0x00,0x00,
    0x00,0x00,0x00,0x00,0x00,0x00,0x00,0x00,0x00,0x00,0x00,0x00,0x00,0x00,0x00,0x00,
    0x00,0x00,0x00,0x00,0x00,0x00,0x00,0x00,0x00,0x00,0x00,0x00,0x00,0x00,0x00,0x00,
    0x00,0x00,0x00,0x00,0x00,0x00,0x00,0x00,0x00,0x00,0x00,0x00,0x00,0x00,0x00,0x00,
    0x00,0x00,0x00,0x00,0x00,0x00,0x00,0x00,0x00,0x00,0x00,0x00,0x00,0x00,0x00,0x00,
    0x00,0x00,0x00,0x00,0x00,0x00,0x00,0x00,0x00,0x00,0x00,0x00,0x00,0x00,0x00,0x00,
    0x00,0x00,0x00,0x00,0x00,0x00,0x00,0x00,0x00,0x00,0x00,0x00,0x00,0x00,0x00,0x00,
    0x00,0x00,0x00,0x00,0x00,0x00,0x00,0x00,0x00,0x00,0x00,0x00,0x00,0x00,0x00,0x00,
    0x00,0x00,0x00,0x00,0x00,0x00,0x00,0x00,0x00,0x00,0x00,0x00,0x00,0x00,0x00,0x00,
    0x00,0x00,0x00,0x00,0x00,0x00,0x00,0x00,0x00,0x00,0x00,0x00,0x00,0x00,0x00,0x00,
    0x00,0x00,0x00,0x00,0x00,0x00,0x00,0x00,0x00,0x00,0x00,0x00,0x00,0x00,0x00,0x00,
    0x00,0x00,0x00,0x00,0x00,0x00,0x00,0x00,0x00,0x00,0x00,0x00,0x00,0x00,0x00,0x00,
    0x00,0x00,0x00,0x00,0x00,0x00,0x00,0x00,0x00,0x00,0x00,0x00,0x00,0x00,0x00,0x00,
    0x00,0x00,0x00,0x00,0x00,0x00,0x00,0x00,0x00,0x00,0x00,0x00,0x00,0x00,0x00,0x00,
    0x00,0x00,0x00,0x00,0x00,0x00,0x00,0x00,0x00,0x00,0x00,0x00,0x00,0x00,0x00,0x00,
    0x00,0x00,0x00,0x00,0x00,0x00,0x00,0x00,0x00,0x00,0x00,0x00,0x00,0x00,0x00,0x00,
    0x00,0x00,0x00,0x00,0x00,0x00,0x00,0x00,0x00,0x00,0x00,0x00,0x00,0x00,0x00,0x00,
    0x00,0x00,0x00,0x00,0x00,0x00,0x00,0x00,0x00,0x00,0x00,0x00,0x00,0x00,0x00,0x00,
    0x00,0x00,0x00,0x00,0x00,0x00,0x00,0x00,0x00,0x00,0x00,0x00,0x00,0x00,0x00,0x00,
    0x00,0x00,0x00,0x00,0x00,0x00,0x00,0x00,0x00,0x00,0x00,0x00,0x00,0x00,0x00,0x00,
    0x00,0x00,0x00,0x00,0x00,0x00,0x00,0x00,0x00,0x00,0x00,0x00,0x00,0x00,0x00,0x00,
    0x00,0x00,0x00,0x00,0x00,0x00,0x00,0x00,0x00,0x00,0x00,0x00,0x00,0x00,0x00,0x00,
    0x00,0x00,0x00,0x00,0x00,0x00,0x00,0x00,0x00,0x00,0x00,0x00,0x00,0x00,0x00,0x00,
    0x00,0x00,0x00,0x00,0x00,0x00,0x00,0x00,0x00,0x00,0x00,0x00,0x00,0x00,0x00,0x00,
    0x00,0x00,0x00,0x00,0xbb,0x77,0x1f,0x31,0xbb,0x76,0x11,0xaf,0xc2,0x74,0x00,0xff,
    0xbf,0x72,0x00,0xff,0xbf,0x72,0x00,0xff,0xbf,0x72,0x00,0xff,0xbf,0x72,0x00,0xff,
    0xbf,0x72,0x00,0xff,0xbf,0x72,0x00,0xff,0xbf,0x72,0x00,0xff,0xbf,0x72,0x00,0xff,
    0xbf,0x72,0x00,0xff,0xbf,0x72,0x00,0xff,0xbf,0x72,0x00,0xff,0xbf,0x72,0x00,0xff,
    0xbf,0x72,0x00,0xff,0xbf,0x72,0x00,0xff,0xbf,0x72,0x00,0xff,0xbf,0x72,0x00,0xff,
    0xbf,0x72,0x00,0xff,0xbf,0x72,0x00,0xff,0xbf,0x72,0x00,0xff,0xbf,0x72,0x00,0xff,
    0xbf,0x72,0x00,0xff,0xbf,0x72,0x00,0xff,0xbf,0x72,0x00,0xff,0xbf,0x72,0x00,0xff,
    0xc1,0x73,0x00,0xff,0xbf,0x72,0x00,0xff,0xbf,0x76,0x00,0x1c,0x00,0x00,0x00,0x00,
    0x00,0x00,0x00,0x00,0x00,0x00,0x00,0x00,0x00,0x00,0x00,0x00,0x00,0x00,0x00,0x00,
    0x00,0x00,0x00,0x00,0x00,0x00,0x00,0x00,0x00,0x00,0x00,0x00,0x00,0x00,0x00,0x00,
    0x00,0x00,0x00,0x00,0x00,0x00,0x00,0x00,0x00,0x00,0x00,0x00,0x00,0x00,0x00,0x00,
    0x00,0x00,0x00,0x00,0x00,0x00,0x00,0x00,0x00,0x00,0x00,0x00,0x00,0x00,0x00,0x00,
    0x00,0x00,0x00,0x00,0x00,0x00,0x00,0x00,0x00,0x00,0x00,0x00,0x00,0x00,0x00,0x00,
    0x00,0x00,0x00,0x00,0x00,0x00,0x00,0x00,0x00,0x00,0x00,0x00,0x00,0x00,0x00,0x00,
    0x00,0x00,0x00,0x00,0x00,0x00,0x00,0x00,0x00,0x00,0x00,0x00,0x00,0x00,0x00,0x00,
    0x00,0x00,0x00,0x00,0x00,0x00,0x00,0x00,0x00,0x00,0x00,0x00,0x00,0x00,0x00,0x00,
    0x00,0x00,0x00,0x00,0x00,0x00,0x00,0x00,0x00,0x00,0x00,0x00,0x00,0x00,0x00,0x00,
    0x00,0x00,0x00,0x00,0x00,0x00,0x00,0x00,0x00,0x00,0x00,0x00,0x00,0x00,0x00,0x00,
    0x00,0x00,0x00,0x00,0x00,0x00,0x00,0x00,0x00,0x00,0x00,0x00,0x00,0x00,0x00,0x00,
    0x00,0x00,0x00,0x00,0x00,0x00,0x00,0x00,0x00,0x00,0x00,0x00,0x00,0x00,0x00,0x00,
    0x00,0x00,0x00,0x00,0x00,0x00,0x00,0x00,0x00,0x00,0x00,0x00,0x00,0x00,0x00,0x00,
    0x00,0x00,0x00,0x00,0x00,0x00,0x00,0x00,0x00,0x00,0x00,0x00,0x00,0x00,0x00,0x00,
    0x00,0x00,0x00,0x00,0x00,0x00,0x00,0x00,0x00,0x00,0x00,0x00,0x00,0x00,0x00,0x00,
    0x00,0x00,0x00,0x00,0x00,0x00,0x00,0x00,0x00,0x00,0x00,0x00,0x00,0x00,0x00,0x00,
    0x00,0x00,0x00,0x00,0x00,0x00,0x00,0x00,0x00,0x00,0x00,0x00,0x00,0x00,0x00,0x00,
    0x00,0x00,0x00,0x00,0x00,0x00,0x00,0x00,0x00,0x00,0x00,0x00,0x00,0x00,0x00,0x00,
    0x00,0x00,0x00,0x00,0x00,0x00,0x00,0x00,0x00,0x00,0x00,0x00,0x00,0x00,0x00,0x00,
    0x00,0x00,0x00,0x00,0x00,0x00,0x00,0x00,0x00,0x00,0x00,0x00,0x00,0x00,0x00,0x00,
    0x00,0x00,0x00,0x00,0x00,0x00,0x00,0x00,0x00,0x00,0x00,0x00,0x00,0x00,0x00,0x00,
    0x00,0x00,0x00,0x00,0x00,0x00,0x00,0x00,0x00,0x00,0x00,0x00,0x00,0x00,0x00,0x00,
    0x00,0x00,0x00,0x00,0x00,0x00,0x00,0x00,0x00,0x00,0x00,0x00,0x00,0x00,0x00,0x00,
    0x00,0x00,0x00,0x00,0x00,0x00,0x00,0x00,0x00,0x00,0x00,0x00,0x00,0x00,0x00,0x00,
    0x00,0x00,0x00,0x00,0xbb,0x77,0x1f,0x31,0xbb,0x76,0x11,0xaf,0xc2,0x74,0x00,0xff,
    0xbf,0x72,0x00,0xff,0xbf,0x72,0x00,0xff,0xbf,0x72,0x00,0xff,0xbf,0x72,0x00,0xff,
    0xbf,0x72,0x00,0xff,0xbf,0x72,0x00,0xff,0xbf,0x72,0x00,0xff,0xbf,0x72,0x00,0xff,
    0xbf,0x72,0x00,0xff,0xbf,0x72,0x00,0xff,0xbf,0x72,0x00,0xff,0xbf,0x72,0x00,0xff,
    0xbf,0x72,0x00,0xff,0xbf,0x72,0x00,0xff,0xbf,0x72,0x00,0xff,0xbf,0x72,0x00,0xff,
    0xbf,0x72,0x00,0xff,0xbf,0x72,0x00,0xff,0xbf,0x72,0x00,0xff,0xbf,0x72,0x00,0xff,
    0xbf,0x72,0x00,0xff,0xbf,0x72,0x00,0xff,0xbf,0x72,0x00,0xff,0xbf,0x72,0x00,0xff,
    0xc1,0x73,0x00,0xff,0xbf,0x72,0x00,0xff,0xbf,0x76,0x00,0x1c,0x00,0x00,0x00,0x00,
    0x00,0x00,0x00,0x00,0x00,0x00,0x00,0x00,0x00,0x00,0x00,0x00,0x00,0x00,0x00,0x00,
    0x00,0x00,0x00,0x00,0x00,0x00,0x00,0x00,0x00,0x00,0x00,0x00,0x00,0x00,0x00,0x00,
    0x00,0x00,0x00,0x00,0x00,0x00,0x00,0x00,0x00,0x00,0x00,0x00,0x00,0x00,0x00,0x00,
    0x00,0x00,0x00,0x00,0x00,0x00,0x00,0x00,0x00,0x00,0x00,0x00,0x00,0x00,0x00,0x00,
    0x00,0x00,0x00,0x00,0x00,0x00,0x00,0x00,0x00,0x00,0x00,0x00,0x00,0x00,0x00,0x00,
    0x00,0x00,0x00,0x00,0x00,0x00,0x00,0x00,0x00,0x00,0x00,0x00,0x00,0x00,0x00,0x00,
    0x00,0x00,0x00,0x00,0x00,0x00,0x00,0x00,0x00,0x00,0x00,0x00,0x00,0x00,0x00,0x00,
    0x00,0x00,0x00,0x00,0x00,0x00,0x00,0x00,0x00,0x00,0x00,0x00,0x00,0x00,0x00,0x00,
    0x00,0x00,0x00,0x00,0x00,0x00,0x00,0x00,0x00,0x00,0x00,0x00,0x00,0x00,0x00,0x00,
    0x00,0x00,0x00,0x00,0x00,0x00,0x00,0x00,0x00,0x00,0x00,0x00,0x00,0x00,0x00,0x00,
    0x00,0x00,0x00,0x00,0x00,0x00,0x00,0x00,0x00,0x00,0x00,0x00,0x00,0x00,0x00,0x00,
    0x00,0x00,0x00,0x00,0x00,0x00,0x00,0x00,0x00,0x00,0x00,0x00,0x00,0x00,0x00,0x00,
    0x00,0x00,0x00,0x00,0x00,0x00,0x00,0x00,0x00,0x00,0x00,0x00,0x00,0x00,0x00,0x00,
    0x00,0x00,0x00,0x00,0x00,0x00,0x00,0x00,0x00,0x00,0x00,0x00,0x00,0x00,0x00,0x00,
    0x00,0x00,0x00,0x00,0x00,0x00,0x00,0x00,0x00,0x00,0x00,0x00,0x00,0x00,0x00,0x00,
    0x00,0x00,0x00,0x00,0x00,0x00,0x00,0x00,0x00,0x00,0x00,0x00,0x00,0x00,0x00,0x00,
    0x00,0x00,0x00,0x00,0x00,0x00,0x00,0x00,0x00,0x00,0x00,0x00,0x00,0x00,0x00,0x00,
    0x00,0x00,0x00,0x00,0x00,0x00,0x00,0x00,0x00,0x00,0x00,0x00,0x00,0x00,0x00,0x00,
    0x00,0x00,0x00,0x00,0x00,0x00,0x00,0x00,0x00,0x00,0x00,0x00,0x00,0x00,0x00,0x00,
    0x00,0x00,0x00,0x00,0x00,0x00,0x00,0x00,0x00,0x00,0x00,0x00,0x00,0x00,0x00,0x00,
    0x00,0x00,0x00,0x00,0x00,0x00,0x00,0x00,0x00,0x00,0x00,0x00,0x00,0x00,0x00,0x00,
    0x00,0x00,0x00,0x00,0x00,0x00,0x00,0x00,0x00,0x00,0x00,0x00,0x00,0x00,0x00,0x00,
    0x00,0x00,0x00,0x00,0x00,0x00,0x00,0x00,0x00,0x00,0x00,0x00,0x00,0x00,0x00,0x00,
    0x00,0x00,0x00,0x00,0x00,0x00,0x00,0x00,0x00,0x00,0x00,0x00,0x00,0x00,0x00,0x00,
    0x00,0x00,0x00,0x00,0xb6,0x77,0x1f,0x31,0xba,0x76,0x11,0xaf,0xc1,0x73,0x00,0xff,
    0xbe,0x71,0x00,0xff,0xbe,0x71,0x00,0xff,0xbe,0x71,0x00,0xff,0xbe,0x71,0x00,0xff,
    0xbe,0x71,0x00,0xff,0xbe,0x71,0x00,0xff,0xbe,0x71,0x00,0xff,0xbe,0x71,0x00,0xff,
    0xbe,0x71,0x00,0xff,0xbe,0x71,0x00,0xff,0xbe,0x71,0x00,0xff,0xbe,0x71,0x00,0xff,
    0xbe,0x71,0x00,0xff,0xbe,0x71,0x00,0xff,0xbe,0x71,0x00,0xff,0xbe,0x71,0x00,0xff,
    0xbe,0x71,0x00,0xff,0xbe,0x71,0x00,0xff,0xbe,0x71,0x00,0xff,0xbe,0x71,0x00,0xff,
    0xbe,0x71,0x00,0xff,0xbe,0x71,0x00,0xff,0xbe,0x71,0x00,0xff,0xbe,0x71,0x00,0xff,
    0xc0,0x72,0x00,0xff,0xbe,0x71,0x00,0xff,0xbf,0x76,0x00,0x1c,0x00,0x00,0x00,0x00,
    0x00,0x00,0x00,0x00,0x00,0x00,0x00,0x00,0x00,0x00,0x00,0x00,0x00,0x00,0x00,0x00,
    0x00,0x00,0x00,0x00,0x00,0x00,0x00,0x00,0x00,0x00,0x00,0x00,0x00,0x00,0x00,0x00,
    0x00,0x00,0x00,0x00,0x00,0x00,0x00,0x00,0x00,0x00,0x00,0x00,0x00,0x00,0x00,0x00,
    0x00,0x00,0x00,0x00,0x00,0x00,0x00,0x00,0x00,0x00,0x00,0x00,0x00,0x00,0x00,0x00,
    0x00,0x00,0x00,0x00,0x00,0x00,0x00,0x00,0x00,0x00,0x00,0x00,0x00,0x00,0x00,0x00,
    0x00,0x00,0x00,0x00,0x00,0x00,0x00,0x00,0x00,0x00,0x00,0x00,0x00,0x00,0x00,0x00,
    0x00,0x00,0x00,0x00,0x00,0x00,0x00,0x00,0x00,0x00,0x00,0x00,0x00,0x00,0x00,0x00,
    0x00,0x00,0x00,0x00,0x00,0x00,0x00,0x00,0x00,0x00,0x00,0x00,0x00,0x00,0x00,0x00,
    0x00,0x00,0x00,0x00,0x00,0x00,0x00,0x00,0x00,0x00,0x00,0x00,0x00,0x00,0x00,0x00,
    0x00,0x00,0x00,0x00,0x00,0x00,0x00,0x00,0x00,0x00,0x00,0x00,0x00,0x00,0x00,0x00,
    0x00,0x00,0x00,0x00,0x00,0x00,0x00,0x00,0x00,0x00,0x00,0x00,0x00,0x00,0x00,0x00,
    0x00,0x00,0x00,0x00,0x00,0x00,0x00,0x00,0x00,0x00,0x00,0x00,0x00,0x00,0x00,0x00,
    0x00,0x00,0x00,0x00,0x00,0x00,0x00,0x00,0x00,0x00,0x00,0x00,0x00,0x00,0x00,0x00,
    0x00,0x00,0x00,0x00,0x00,0x00,0x00,0x00,0x00,0x00,0x00,0x00,0x00,0x00,0x00,0x00,
    0x00,0x00,0x00,0x00,0x00,0x00,0x00,0x00,0x00,0x00,0x00,0x00,0x00,0x00,0x00,0x00,
    0x00,0x00,0x00,0x00,0x00,0x00,0x00,0x00,0x00,0x00,0x00,0x00,0x00,0x00,0x00,0x00,
    0x00,0x00,0x00,0x00,0x00,0x00,0x00,0x00,0x00,0x00,0x00,0x00,0x00,0x00,0x00,0x00,
    0x00,0x00,0x00,0x00,0x00,0x00,0x00,0x00,0x00,0x00,0x00,0x00,0x00,0x00,0x00,0x00,
    0x00,0x00,0x00,0x00,0x00,0x00,0x00,0x00,0x00,0x00,0x00,0x00,0x00,0x00,0x00,0x00,
    0x00,0x00,0x00,0x00,0x00,0x00,0x00,0x00,0x00,0x00,0x00,0x00,0x00,0x00,0x00,0x00,
    0x00,0x00,0x00,0x00,0x00,0x00,0x00,0x00,0x00,0x00,0x00,0x00,0x00,0x00,0x00,0x00,
    0x00,0x00,0x00,0x00,0x00,0x00,0x00,0x00,0x00,0x00,0x00,0x00,0x00,0x00,0x00,0x00,
    0x00,0x00,0x00,0x00,0x00,0x00,0x00,0x00,0x00,0x00,0x00,0x00,0x00,0x00,0x00,0x00,
    0x00,0x00,0x00,0x00,0x00,0x00,0x00,0x00,0x00,0x00,0x00,0x00,0x00,0x00,0x00,0x00,
    0x00,0x00,0x00,0x00,0xb6,0x77,0x1f,0x31,0xba,0x74,0x11,0xaf,0xc1,0x72,0x00,0xff,
    0xbe,0x70,0x00,0xff,0xbe,0x70,0x00,0xff,0xbe,0x70,0x00,0xff,0xbe,0x70,0x00,0xff,
    0xbe,0x70,0x00,0xff,0xbe,0x70,0x00,0xff,0xbe,0x70,0x00,0xff,0xbe,0x70,0x00,0xff,
    0xbe,0x70,0x00,0xff,0xbe,0x70,0x00,0xff,0xbe,0x70,0x00,0xff,0xbe,0x70,0x00,0xff,
    0xbe,0x70,0x00,0xff,0xbe,0x70,0x00,0xff,0xbe,0x70,0x00,0xff,0xbe,0x70,0x00,0xff,
    0xbe,0x70,0x00,0xff,0xbe,0x70,0x00,0xff,0xbe,0x70,0x00,0xff,0xbe,0x70,0x00,0xff,
    0xbe,0x70,0x00,0xff,0xbe,0x70,0x00,0xff,0xbe,0x70,0x00,0xff,0xbe,0x70,0x00,0xff,
    0xc0,0x71,0x00,0xff,0xbe,0x70,0x00,0xff,0xbf,0x6d,0x00,0x1c,0x00,0x00,0x00,0x00,
    0x00,0x00,0x00,0x00,0x00,0x00,0x00,0x00,0x00,0x00,0x00,0x00,0x00,0x00,0x00,0x00,
    0x00,0x00,0x00,0x00,0x00,0x00,0x00,0x00,0x00,0x00,0x00,0x00,0x00,0x00,0x00,0x00,
    0x00,0x00,0x00,0x00,0x00,0x00,0x00,0x00,0x00,0x00,0x00,0x00,0x00,0x00,0x00,0x00,
    0x00,0x00,0x00,0x00,0x00,0x00,0x00,0x00,0x00,0x00,0x00,0x00,0x00,0x00,0x00,0x00,
    0x00,0x00,0x00,0x00,0x00,0x00,0x00,0x00,0x00,0x00,0x00,0x00,0x00,0x00,0x00,0x00,
    0x00,0x00,0x00,0x00,0x00,0x00,0x00,0x00,0x00,0x00,0x00,0x00,0x00,0x00,0x00,0x00,
    0x00,0x00,0x00,0x00,0x00,0x00,0x00,0x00,0x00,0x00,0x00,0x00,0x00,0x00,0x00,0x00,
    0x00,0x00,0x00,0x00,0x00,0x00,0x00,0x00,0x00,0x00,0x00,0x00,0x00,0x00,0x00,0x00,
    0x00,0x00,0x00,0x00,0x00,0x00,0x00,0x00,0x00,0x00,0x00,0x00,0x00,0x00,0x00,0x00,
    0x00,0x00,0x00,0x00,0x00,0x00,0x00,0x00,0x00,0x00,0x00,0x00,0x00,0x00,0x00,0x00,
    0x00,0x00,0x00,0x00,0x00,0x00,0x00,0x00,0x00,0x00,0x00,0x00,0x00,0x00,0x00,0x00,
    0x00,0x00,0x00,0x00,0x00,0x00,0x00,0x00,0x00,0x00,0x00,0x00,0x00,0x00,0x00,0x00,
    0x00,0x00,0x00,0x00,0x00,0x00,0x00,0x00,0x00,0x00,0x00,0x00,0x00,0x00,0x00,0x00,
    0x00,0x00,0x00,0x00,0x00,0x00,0x00,0x00,0x00,0x00,0x00,0x00,0x00,0x00,0x00,0x00,
    0x00,0x00,0x00,0x00,0x00,0x00,0x00,0x00,0x00,0x00,0x00,0x00,0x00,0x00,0x00,0x00,
    0x00,0x00,0x00,0x00,0x00,0x00,0x00,0x00,0x00,0x00,0x00,0x00,0x00,0x00,0x00,0x00,
    0x00,0x00,0x00,0x00,0x00,0x00,0x00,0x00,0x00,0x00,0x00,0x00,0x00,0x00,0x00,0x00,
    0x00,0x00,0x00,0x00,0x00,0x00,0x00,0x00,0x00,0x00,0x00,0x00,0x00,0x00,0x00,0x00,
    0x00,0x00,0x00,0x00,0x00,0x00,0x00,0x00,0x00,0x00,0x00,0x00,0x00,0x00,0x00,0x00,
    0x00,0x00,0x00,0x00,0x00,0x00,0x00,0x00,0x00,0x00,0x00,0x00,0x00,0x00,0x00,0x00,
    0x00,0x00,0x00,0x00,0x00,0x00,0x00,0x00,0x00,0x00,0x00,0x00,0x00,0x00,0x00,0x00,
    0x00,0x00,0x00,0x00,0x00,0x00,0x00,0x00,0x00,0x00,0x00,0x00,0x00,0x00,0x00,0x00,
    0x00,0x00,0x00,0x00,0x00,0x00,0x00,0x00,0x00,0x00,0x00,0x00,0x00,0x00,0x00,0x00,
    0x00,0x00,0x00,0x00,0x00,0x00,0x00,0x00,0x00,0x00,0x00,0x00,0x00,0x00,0x00,0x00,
    0x00,0x00,0x00,0x00,0xb6,0x77,0x1f,0x31,0xba,0x74,0x11,0xaf,0xc0,0x72,0x00,0xff,
    0xbd,0x70,0x00,0xff,0xbd,0x70,0x00,0xff,0xbd,0x70,0x00,0xff,0xbd,0x70,0x00,0xff,
    0xbd,0x70,0x00,0xff,0xbd,0x70,0x00,0xff,0xbd,0x70,0x00,0xff,0xbd,0x70,0x00,0xff,
    0xbd,0x70,0x00,0xff,0xbd,0x70,0x00,0xff,0xbd,0x70,0x00,0xff,0xbd,0x70,0x00,0xff,
    0xbd,0x70,0x00,0xff,0xbd,0x70,0x00,0xff,0xbd,0x70,0x00,0xff,0xbd,0x70,0x00,0xff,
    0xbd,0x70,0x00,0xff,0xbd,0x70,0x00,0xff,0xbd,0x70,0x00,0xff,0xbd,0x70,0x00,0xff,
    0xbd,0x70,0x00,0xff,0xbd,0x70,0x00,0xff,0xbd,0x70,0x00,0xff,0xbd,0x70,0x00,0xff,
    0xbf,0x71,0x00,0xff,0xbd,0x70,0x00,0xff,0xbf,0x6d,0x00,0x1c,0x00,0x00,0x00,0x00,
    0x00,0x00,0x00,0x00,0x00,0x00,0x00,0x00,0x00,0x00,0x00,0x00,0x00,0x00,0x00,0x00,
    0x00,0x00,0x00,0x00,0x00,0x00,0x00,0x00,0x00,0x00,0x00,0x00,0x00,0x00,0x00,0x00,
    0x00,0x00,0x00,0x00,0x00,0x00,0x00,0x00,0x00,0x00,0x00,0x00,0x00,0x00,0x00,0x00,
    0x00,0x00,0x00,0x00,0x00,0x00,0x00,0x00,0x00,0x00,0x00,0x00,0x00,0x00,0x00,0x00,
    0x00,0x00,0x00,0x00,0x00,0x00,0x00,0x00,0x00,0x00,0x00,0x00,0x00,0x00,0x00,0x00,
    0x00,0x00,0x00,0x00,0x00,0x00,0x00,0x00,0x00,0x00,0x00,0x00,0x00,0x00,0x00,0x00,
    0x00,0x00,0x00,0x00,0x00,0x00,0x00,0x00,0x00,0x00,0x00,0x00,0x00,0x00,0x00,0x00,
    0x00,0x00,0x00,0x00,0x00,0x00,0x00,0x00,0x00,0x00,0x00,0x00,0x00,0x00,0x00,0x00,
    0x00,0x00,0x00,0x00,0x00,0x00,0x00,0x00,0x00,0x00,0x00,0x00,0x00,0x00,0x00,0x00,
    0x00,0x00,0x00,0x00,0x00,0x00,0x00,0x00,0x00,0x00,0x00,0x00,0x00,0x00,0x00,0x00,
    0x00,0x00,0x00,0x00,0x00,0x00,0x00,0x00,0x00,0x00,0x00,0x00,0x00,0x00,0x00,0x00,
    0x00,0x00,0x00,0x00,0x00,0x00,0x00,0x00,0x00,0x00,0x00,0x00,0x00,0x00,0x00,0x00,
    0x00,0x00,0x00,0x00,0x00,0x00,0x00,0x00,0x00,0x00,0x00,0x00,0x00,0x00,0x00,0x00,
    0x00,0x00,0x00,0x00,0x00,0x00,0x00,0x00,0x00,0x00,0x00,0x00,0x00,0x00,0x00,0x00,
    0x00,0x00,0x00,0x00,0x00,0x00,0x00,0x00,0x00,0x00,0x00,0x00,0x00,0x00,0x00,0x00,
    0x00,0x00,0x00,0x00,0x00,0x00,0x00,0x00,0x00,0x00,0x00,0x00,0x00,0x00,0x00,0x00,
    0x00,0x00,0x00,0x00,0x00,0x00,0x00,0x00,0x00,0x00,0x00,0x00,0x00,0x00,0x00,0x00,
    0x00,0x00,0x00,0x00,0x00,0x00,0x00,0x00,0x00,0x00,0x00,0x00,0x00,0x00,0x00,0x00,
    0x00,0x00,0x00,0x00,0x00,0x00,0x00,0x00,0x00,0x00,0x00,0x00,0x00,0x00,0x00,0x00,
    0x00,0x00,0x00,0x00,0x00,0x00,0x00,0x00,0x00,0x00,0x00,0x00,0x00,0x00,0x00,0x00,
    0x00,0x00,0x00,0x00,0x00,0x00,0x00,0x00,0x00,0x00,0x00,0x00,0x00,0x00,0x00,0x00,
    0x00,0x00,0x00,0x00,0x00,0x00,0x00,0x00,0x00,0x00,0x00,0x00,0x00,0x00,0x00,0x00,
    0x00,0x00,0x00,0x00,0x00,0x00,0x00,0x00,0x00,0x00,0x00,0x00,0x00,0x00,0x00,0x00,
    0x00,0x00,0x00,0x00,0x00,0x00,0x00,0x00,0x00,0x00,0x00,0x00,0x00,0x00,0x00,0x00,
    0x00,0x00,0x00,0x00,0xb6,0x77,0x1f,0x31,0xb9,0x74,0x11,0xaf,0xbf,0x71,0x00,0xff,
    0xbc,0x6f,0x00,0xff,0xbc,0x6f,0x00,0xff,0xbc,0x6f,0x00,0xff,0xbc,0x6f,0x00,0xff,
    0xbc,0x6f,0x00,0xff,0xbc,0x6f,0x00,0xff,0xbc,0x6f,0x00,0xff,0xbc,0x6f,0x00,0xff,
    0xbc,0x6f,0x00,0xff,0xbc,0x6f,0x00,0xff,0xbc,0x6f,0x00,0xff,0xbc,0x6f,0x00,0xff,
    0xbc,0x6f,0x00,0xff,0xbc,0x6f,0x00,0xff,0xbc,0x6f,0x00,0xff,0xbc,0x6f,0x00,0xff,
    0xbc,0x6f,0x00,0xff,0xbc,0x6f,0x00,0xff,0xbc,0x6f,0x00,0xff,0xbc,0x6f,0x00,0xff,
    0xbc,0x6f,0x00,0xff,0xbc,0x6f,0x00,0xff,0xbc,0x6f,0x00,0xff,0xbc,0x6f,0x00,0xff,
    0xbe,0x70,0x00,0xff,0xbc,0x6f,0x00,0xff,0xbf,0x6d,0x00,0x1c,0x00,0x00,0x00,0x00,
    0x00,0x00,0x00,0x00,0x00,0x00,0x00,0x00,0x00,0x00,0x00,0x00,0x00,0x00,0x00,0x00,
    0x00,0x00,0x00,0x00,0x00,0x00,0x00,0x00,0x00,0x00,0x00,0x00,0x00,0x00,0x00,0x00,
    0x00,0x00,0x00,0x00,0x00,0x00,0x00,0x00,0x00,0x00,0x00,0x00,0x00,0x00,0x00,0x00,
    0x00,0x00,0x00,0x00,0x00,0x00,0x00,0x00,0x00,0x00,0x00,0x00,0x00,0x00,0x00,0x00,
    0x00,0x00,0x00,0x00,0x00,0x00,0x00,0x00,0x00,0x00,0x00,0x00,0x00,0x00,0x00,0x00,
    0x00,0x00,0x00,0x00,0x00,0x00,0x00,0x00,0x00,0x00,0x00,0x00,0x00,0x00,0x00,0x00,
    0x00,0x00,0x00,0x00,0x00,0x00,0x00,0x00,0x00,0x00,0x00,0x00,0x00,0x00,0x00,0x00,
    0x00,0x00,0x00,0x00,0x00,0x00,0x00,0x00,0x00,0x00,0x00,0x00,0x00,0x00,0x00,0x00,
    0x00,0x00,0x00,0x00,0x00,0x00,0x00,0x00,0x00,0x00,0x00,0x00,0x00,0x00,0x00,0x00,
    0x00,0x00,0x00,0x00,0x00,0x00,0x00,0x00,0x00,0x00,0x00,0x00,0x00,0x00,0x00,0x00,
    0x00,0x00,0x00,0x00,0x00,0x00,0x00,0x00,0x00,0x00,0x00,0x00,0x00,0x00,0x00,0x00,
    0x00,0x00,0x00,0x00,0x00,0x00,0x00,0x00,0x00,0x00,0x00,0x00,0x00,0x00,0x00,0x00,
    0x00,0x00,0x00,0x00,0x00,0x00,0x00,0x00,0x00,0x00,0x00,0x00,0x00,0x00,0x00,0x00,
    0x00,0x00,0x00,0x00,0x00,0x00,0x00,0x00,0x00,0x00,0x00,0x00,0x00,0x00,0x00,0x00,
    0x00,0x00,0x00,0x00,0x00,0x00,0x00,0x00,0x00,0x00,0x00,0x00,0x00,0x00,0x00,0x00,
    0x00,0x00,0x00,0x00,0x00,0x00,0x00,0x00,0x00,0x00,0x00,0x00,0x00,0x00,0x00,0x00,
    0x00,0x00,0x00,0x00,0x00,0x00,0x00,0x00,0x00,0x00,0x00,0x00,0x00,0x00,0x00,0x00,
    0x00,0x00,0x00,0x00,0x00,0x00,0x00,0x00,0x00,0x00,0x00,0x00,0x00,0x00,0x00,0x00,
    0x00,0x00,0x00,0x00,0x00,0x00,0x00,0x00,0x00,0x00,0x00,0x00,0x00,0x00,0x00,0x00,
    0x00,0x00,0x00,0x00,0x00,0x00,0x00,0x00,0x00,0x00,0x00,0x00,0x00,0x00,0x00,0x00,
    0x00,0x00,0x00,0x00,0x00,0x00,0x00,0x00,0x00,0x00,0x00,0x00,0x00,0x00,0x00,0x00,
    0x00,0x00,0x00,0x00,0x00,0x00,0x00,0x00,0x00,0x00,0x00,0x00,0x00,0x00,0x00,0x00,
    0x00,0x00,0x00,0x00,0x00,0x00,0x00,0x00,0x00,0x00,0x00,0x00,0x00,0x00,0x00,0x00,
    0x00,0x00,0x00,0x00,0x00,0x00,0x00,0x00,0x00,0x00,0x00,0x00,0x00,0x00,0x00,0x00,
    0x00,0x00,0x00,0x00,0xb6,0x77,0x1f,0x31,0xb9,0x73,0x11,0xaf,0xbf,0x70,0x00,0xff,
    0xbc,0x6e,0x00,0xff,0xbc,0x6e,0x00,0xff,0xbc,0x6e,0x00,0xff,0xbc,0x6e,0x00,0xff,
    0xbc,0x6e,0x00,0xff,0xbc,0x6e,0x00,0xff,0xbc,0x6e,0x00,0xff,0xbc,0x6e,0x00,0xff,
    0xbc,0x6e,0x00,0xff,0xbc,0x6e,0x00,0xff,0xbc,0x6e,0x00,0xff,0xbc,0x6e,0x00,0xff,
    0xbc,0x6e,0x00,0xff,0xbc,0x6e,0x00,0xff,0xbc,0x6e,0x00,0xff,0xbc,0x6e,0x00,0xff,
    0xbc,0x6e,0x00,0xff,0xbc,0x6e,0x00,0xff,0xbc,0x6e,0x00,0xff,0xbc,0x6e,0x00,0xff,
    0xbc,0x6e,0x00,0xff,0xbc,0x6e,0x00,0xff,0xbc,0x6e,0x00,0xff,0xbc,0x6e,0x00,0xff,
    0xbe,0x6f,0x00,0xff,0xbc,0x6e,0x00,0xff,0xbf,0x6d,0x00,0x1c,0x00,0x00,0x00,0x00,
    0x00,0x00,0x00,0x00,0x00,0x00,0x00,0x00,0x00,0x00,0x00,0x00,0x00,0x00,0x00,0x00,
    0x00,0x00,0x00,0x00,0x00,0x00,0x00,0x00,0x00,0x00,0x00,0x00,0x00,0x00,0x00,0x00,
    0x00,0x00,0x00,0x00,0x00,0x00,0x00,0x00,0x00,0x00,0x00,0x00,0x00,0x00,0x00,0x00,
    0x00,0x00,0x00,0x00,0x00,0x00,0x00,0x00,0x00,0x00,0x00,0x00,0x00,0x00,0x00,0x00,
    0x00,0x00,0x00,0x00,0x00,0x00,0x00,0x00,0x00,0x00,0x00,0x00,0x00,0x00,0x00,0x00,
    0x00,0x00,0x00,0x00,0x00,0x00,0x00,0x00,0x00,0x00,0x00,0x00,0x00,0x00,0x00,0x00,
    0x00,0x00,0x00,0x00,0x00,0x00,0x00,0x00,0x00,0x00,0x00,0x00,0x00,0x00,0x00,0x00,
    0x00,0x00,0x00,0x00,0x00,0x00,0x00,0x00,0x00,0x00,0x00,0x00,0x00,0x00,0x00,0x00,
    0x00,0x00,0x00,0x00,0x00,0x00,0x00,0x00,0x00,0x00,0x00,0x00,0x00,0x00,0x00,0x00,
    0x00,0x00,0x00,0x00,0x00,0x00,0x00,0x00,0x00,0x00,0x00,0x00,0x00,0x00,0x00,0x00,
    0x00,0x00,0x00,0x00,0x00,0x00,0x00,0x00,0x00,0x00,0x00,0x00,0x00,0x00,0x00,0x00,
    0x00,0x00,0x00,0x00,0x00,0x00,0x00,0x00,0x00,0x00,0x00,0x00,0x00,0x00,0x00,0x00,
    0x00,0x00,0x00,0x00,0x00,0x00,0x00,0x00,0x00,0x00,0x00,0x00,0x00,0x00,0x00,0x00,
    0x00,0x00,0x00,0x00,0x00,0x00,0x00,0x00,0x00,0x00,0x00,0x00,0x00,0x00,0x00,0x00,
    0x00,0x00,0x00,0x00,0x00,0x00,0x00,0x00,0x00,0x00,0x00,0x00,0x00,0x00,0x00,0x00,
    0x00,0x00,0x00,0x00,0x00,0x00,0x00,0x00,0x00,0x00,0x00,0x00,0x00,0x00,0x00,0x00,
    0x00,0x00,0x00,0x00,0x00,0x00,0x00,0x00,0x00,0x00,0x00,0x00,0x00,0x00,0x00,0x00,
    0x00,0x00,0x00,0x00,0x00,0x00,0x00,0x00,0x00,0x00,0x00,0x00,0x00,0x00,0x00,0x00,
    0x00,0x00,0x00,0x00,0x00,0x00,0x00,0x00,0x00,0x00,0x00,0x00,0x00,0x00,0x00,0x00,
    0x00,0x00,0x00,0x00,0x00,0x00,0x00,0x00,0x00,0x00,0x00,0x00,0x00,0x00,0x00,0x00,
    0x00,0x00,0x00,0x00,0x00,0x00,0x00,0x00,0x00,0x00,0x00,0x00,0x00,0x00,0x00,0x00,
    0x00,0x00,0x00,0x00,0x00,0x00,0x00,0x00,0x00,0x00,0x00,0x00,0x00,0x00,0x00,0x00,
    0x00,0x00,0x00,0x00,0x00,0x00,0x00,0x00,0x00,0x00,0x00,0x00,0x00,0x00,0x00,0x00,
    0x00,0x00,0x00,0x00,0x00,0x00,0x00,0x00,0x00,0x00,0x00,0x00,0x00,0x00,0x00,0x00,
    0x00,0x00,0x00,0x00,0xb6,0x77,0x1f,0x31,0xb9,0x73,0x11,0xaf,0xbf,0x70,0x00,0xff,
    0xbc,0x6e,0x00,0xff,0xbc,0x6e,0x00,0xff,0xbc,0x6e,0x00,0xff,0xbc,0x6e,0x00,0xff,
    0xbc,0x6e,0x00,0xff,0xbc,0x6e,0x00,0xff,0xbc,0x6e,0x00,0xff,0xbc,0x6e,0x00,0xff,
    0xbc,0x6e,0x00,0xff,0xbc,0x6e,0x00,0xff,0xbc,0x6e,0x00,0xff,0xbc,0x6e,0x00,0xff,
    0xbc,0x6e,0x00,0xff,0xbc,0x6e,0x00,0xff,0xbc,0x6e,0x00,0xff,0xbc,0x6e,0x00,0xff,
    0xbc,0x6e,0x00,0xff,0xbc,0x6e,0x00,0xff,0xbc,0x6e,0x00,0xff,0xbc,0x6e,0x00,0xff,
    0xbc,0x6e,0x00,0xff,0xbc,0x6e,0x00,0xff,0xbc,0x6e,0x00,0xff,0xbc,0x6e,0x00,0xff,
    0xbe,0x6f,0x00,0xff,0xbc,0x6e,0x00,0xff,0xbf,0x6d,0x00,0x1c,0x00,0x00,0x00,0x00,
    0x00,0x00,0x00,0x00,0x00,0x00,0x00,0x00,0x00,0x00,0x00,0x00,0x00,0x00,0x00,0x00,
    0x00,0x00,0x00,0x00,0x00,0x00,0x00,0x00,0x00,0x00,0x00,0x00,0x00,0x00,0x00,0x00,
    0x00,0x00,0x00,0x00,0x00,0x00,0x00,0x00,0x00,0x00,0x00,0x00,0x00,0x00,0x00,0x00,
    0x00,0x00,0x00,0x00,0x00,0x00,0x00,0x00,0x00,0x00,0x00,0x00,0x00,0x00,0x00,0x00,
    0x00,0x00,0x00,0x00,0x00,0x00,0x00,0x00,0x00,0x00,0x00,0x00,0x00,0x00,0x00,0x00,
    0x00,0x00,0x00,0x00,0x00,0x00,0x00,0x00,0x00,0x00,0x00,0x00,0x00,0x00,0x00,0x00,
    0x00,0x00,0x00,0x00,0x00,0x00,0x00,0x00,0x00,0x00,0x00,0x00,0x00,0x00,0x00,0x00,
    0x00,0x00,0x00,0x00,0x00,0x00,0x00,0x00,0x00,0x00,0x00,0x00,0x00,0x00,0x00,0x00,
    0x00,0x00,0x00,0x00,0x00,0x00,0x00,0x00,0x00,0x00,0x00,0x00,0x00,0x00,0x00,0x00,
    0x00,0x00,0x00,0x00,0x00,0x00,0x00,0x00,0x00,0x00,0x00,0x00,0x00,0x00,0x00,0x00,
    0x00,0x00,0x00,0x00,0x00,0x00,0x00,0x00,0x00,0x00,0x00,0x00,0x00,0x00,0x00,0x00,
    0x00,0x00,0x00,0x00,0x00,0x00,0x00,0x00,0x00,0x00,0x00,0x00,0x00,0x00,0x00,0x00,
    0x00,0x00,0x00,0x00,0x00,0x00,0x00,0x00,0x00,0x00,0x00,0x00,0x00,0x00,0x00,0x00,
    0x00,0x00,0x00,0x00,0x00,0x00,0x00,0x00,0x00,0x00,0x00,0x00,0x00,0x00,0x00,0x00,
    0x00,0x00,0x00,0x00,0x00,0x00,0x00,0x00,0x00,0x00,0x00,0x00,0x00,0x00,0x00,0x00,
    0x00,0x00,0x00,0x00,0x00,0x00,0x00,0x00,0x00,0x00,0x00,0x00,0x00,0x00,0x00,0x00,
    0x00,0x00,0x00,0x00,0x00,0x00,0x00,0x00,0x00,0x00,0x00,0x00,0x00,0x00,0x00,0x00,
    0x00,0x00,0x00,0x00,0x00,0x00,0x00,0x00,0x00,0x00,0x00,0x00,0x00,0x00,0x00,0x00,
    0x00,0x00,0x00,0x00,0x00,0x00,0x00,0x00,0x00,0x00,0x00,0x00,0x00,0x00,0x00,0x00,
    0x00,0x00,0x00,0x00,0x00,0x00,0x00,0x00,0x00,0x00,0x00,0x00,0x00,0x00,0x00,0x00,
    0x00,0x00,0x00,0x00,0x00,0x00,0x00,0x00,0x00,0x00,0x00,0x00,0x00,0x00,0x00,0x00,
    0x00,0x00,0x00,0x00,0x00,0x00,0x00,0x00,0x00,0x00,0x00,0x00,0x00,0x00,0x00,0x00,
    0x00,0x00,0x00,0x00,0x00,0x00,0x00,0x00,0x00,0x00,0x00,0x00,0x00,0x00,0x00,0x00,
    0x00,0x00,0x00,0x00,0x00,0x00,0x00,0x00,0x00,0x00,0x00,0x00,0x00,0x00,0x00,0x00,
    0x00,0x00,0x00,0x00,0xb6,0x77,0x1f,0x31,0xb7,0x73,0x11,0xaf,0xbe,0x70,0x00,0xff,
    0xbb,0x6e,0x00,0xff,0xbb,0x6e,0x00,0xff,0xbb,0x6e,0x00,0xff,0xbb,0x6e,0x00,0xff,
    0xbb,0x6e,0x00,0xff,0xbb,0x6e,0x00,0xff,0xbb,0x6e,0x00,0xff,0xbb,0x6e,0x00,0xff,
    0xbb,0x6e,0x00,0xff,0xbb,0x6e,0x00,0xff,0xbb,0x6e,0x00,0xff,0xbb,0x6e,0x00,0xff,
    0xbb,0x6e,0x00,0xff,0xbb,0x6e,0x00,0xff,0xbb,0x6e,0x00,0xff,0xbb,0x6e,0x00,0xff,
    0xbb,0x6e,0x00,0xff,0xbb,0x6e,0x00,0xff,0xbb,0x6e,0x00,0xff,0xbb,0x6e,0x00,0xff,
    0xbb,0x6e,0x00,0xff,0xbb,0x6e,0x00,0xff,0xbb,0x6e,0x00,0xff,0xbb,0x6e,0x00,0xff,
    0xbd,0x6f,0x00,0xff,0xbb,0x6e,0x00,0xff,0xbf,0x6d,0x00,0x1c,0x00,0x00,0x00,0x00,
    0x00,0x00,0x00,0x00,0x00,0x00,0x00,0x00,0x00,0x00,0x00,0x00,0x00,0x00,0x00,0x00,
    0x00,0x00,0x00,0x00,0x00,0x00,0x00,0x00,0x00,0x00,0x00,0x00,0x00,0x00,0x00,0x00,
    0x00,0x00,0x00,0x00,0x00,0x00,0x00,0x00,0x00,0x00,0x00,0x00,0x00,0x00,0x00,0x00,
    0x00,0x00,0x00,0x00,0x00,0x00,0x00,0x00,0x00,0x00,0x00,0x00,0x00,0x00,0x00,0x00,
    0x00,0x00,0x00,0x00,0x00,0x00,0x00,0x00,0x00,0x00,0x00,0x00,0x00,0x00,0x00,0x00,
    0x00,0x00,0x00,0x00,0x00,0x00,0x00,0x00,0x00,0x00,0x00,0x00,0x00,0x00,0x00,0x00,
    0x00,0x00,0x00,0x00,0x00,0x00,0x00,0x00,0x00,0x00,0x00,0x00,0x00,0x00,0x00,0x00,
    0x00,0x00,0x00,0x00,0x00,0x00,0x00,0x00,0x00,0x00,0x00,0x00,0x00,0x00,0x00,0x00,
    0x00,0x00,0x00,0x00,0x00,0x00,0x00,0x00,0x00,0x00,0x00,0x00,0x00,0x00,0x00,0x00,
    0x00,0x00,0x00,0x00,0x00,0x00,0x00,0x00,0x00,0x00,0x00,0x00,0x00,0x00,0x00,0x00,
    0x00,0x00,0x00,0x00,0x00,0x00,0x00,0x00,0x00,0x00,0x00,0x00,0x00,0x00,0x00,0x00,
    0x00,0x00,0x00,0x00,0x00,0x00,0x00,0x00,0x00,0x00,0x00,0x00,0x00,0x00,0x00,0x00,
    0x00,0x00,0x00,0x00,0x00,0x00,0x00,0x00,0x00,0x00,0x00,0x00,0x00,0x00,0x00,0x00,
    0x00,0x00,0x00,0x00,0x00,0x00,0x00,0x00,0x00,0x00,0x00,0x00,0x00,0x00,0x00,0x00,
    0x00,0x00,0x00,0x00,0x00,0x00,0x00,0x00,0x00,0x00,0x00,0x00,0x00,0x00,0x00,0x00,
    0x00,0x00,0x00,0x00,0x00,0x00,0x00,0x00,0x00,0x00,0x00,0x00,0x00,0x00,0x00,0x00,
    0x00,0x00,0x00,0x00,0x00,0x00,0x00,0x00,0x00,0x00,0x00,0x00,0x00,0x00,0x00,0x00,
    0x00,0x00,0x00,0x00,0x00,0x00,0x00,0x00,0x00,0x00,0x00,0x00,0x00,0x00,0x00,0x00,
    0x00,0x00,0x00,0x00,0x00,0x00,0x00,0x00,0x00,0x00,0x00,0x00,0x00,0x00,0x00,0x00,
    0x00,0x00,0x00,0x00,0x00,0x00,0x00,0x00,0x00,0x00,0x00,0x00,0x00,0x00,0x00,0x00,
    0x00,0x00,0x00,0x00,0x00,0x00,0x00,0x00,0x00,0x00,0x00,0x00,0x00,0x00,0x00,0x00,
    0x00,0x00,0x00,0x00,0x00,0x00,0x00,0x00,0x00,0x00,0x00,0x00,0x00,0x00,0x00,0x00,
    0x00,0x00,0x00,0x00,0x00,0x00,0x00,0x00,0x00,0x00,0x00,0x00,0x00,0x00,0x00,0x00,
    0x00,0x00,0x00,0x00,0x00,0x00,0x00,0x00,0x00,0x00,0x00,0x00,0x00,0x00,0x00,0x00,
    0x00,0x00,0x00,0x00,0xb6,0x77,0x1f,0x31,0xb7,0x73,0x11,0xaf,0xbe,0x6f,0x00,0xff,
    0xbb,0x6d,0x00,0xff,0xbb,0x6d,0x00,0xff,0xbb,0x6d,0x00,0xff,0xbb,0x6d,0x00,0xff,
    0xbb,0x6d,0x00,0xff,0xbb,0x6d,0x00,0xff,0xbb,0x6d,0x00,0xff,0xbb,0x6d,0x00,0xff,
    0xbb,0x6d,0x00,0xff,0xbb,0x6d,0x00,0xff,0xbb,0x6d,0x00,0xff,0xbb,0x6d,0x00,0xff,
    0xbb,0x6d,0x00,0xff,0xbb,0x6d,0x00,0xff,0xbb,0x6d,0x00,0xff,0xbb,0x6d,0x00,0xff,
    0xbb,0x6d,0x00,0xff,0xbb,0x6d,0x00,0xff,0xbb,0x6d,0x00,0xff,0xbb,0x6d,0x00,0xff,
    0xbb,0x6d,0x00,0xff,0xbb,0x6d,0x00,0xff,0xbb,0x6d,0x00,0xff,0xbb,0x6d,0x00,0xff,
    0xbd,0x6e,0x00,0xff,0xbb,0x6d,0x00,0xff,0xbf,0x6d,0x00,0x1c,0x00,0x00,0x00,0x00,
    0x00,0x00,0x00,0x00,0x00,0x00,0x00,0x00,0x00,0x00,0x00,0x00,0x00,0x00,0x00,0x00,
    0x00,0x00,0x00,0x00,0x00,0x00,0x00,0x00,0x00,0x00,0x00,0x00,0x00,0x00,0x00,0x00,
    0x00,0x00,0x00,0x00,0x00,0x00,0x00,0x00,0x00,0x00,0x00,0x00,0x00,0x00,0x00,0x00,
    0x00,0x00,0x00,0x00,0x00,0x00,0x00,0x00,0x00,0x00,0x00,0x00,0x00,0x00,0x00,0x00,
    0x00,0x00,0x00,0x00,0x00,0x00,0x00,0x00,0x00,0x00,0x00,0x00,0x00,0x00,0x00,0x00,
    0x00,0x00,0x00,0x00,0x00,0x00,0x00,0x00,0x00,0x00,0x00,0x00,0x00,0x00,0x00,0x00,
    0x00,0x00,0x00,0x00,0x00,0x00,0x00,0x00,0x00,0x00,0x00,0x00,0x00,0x00,0x00,0x00,
    0x00,0x00,0x00,0x00,0x00,0x00,0x00,0x00,0x00,0x00,0x00,0x00,0x00,0x00,0x00,0x00,
    0x00,0x00,0x00,0x00,0x00,0x00,0x00,0x00,0x00,0x00,0x00,0x00,0x00,0x00,0x00,0x00,
    0x00,0x00,0x00,0x00,0x00,0x00,0x00,0x00,0x00,0x00,0x00,0x00,0x00,0x00,0x00,0x00,
    0x00,0x00,0x00,0x00,0x00,0x00,0x00,0x00,0x00,0x00,0x00,0x00,0x00,0x00,0x00,0x00,
    0x00,0x00,0x00,0x00,0x00,0x00,0x00,0x00,0x00,0x00,0x00,0x00,0x00,0x00,0x00,0x00,
    0x00,0x00,0x00,0x00,0x00,0x00,0x00,0x00,0x00,0x00,0x00,0x00,0x00,0x00,0x00,0x00,
    0x00,0x00,0x00,0x00,0x00,0x00,0x00,0x00,0x00,0x00,0x00,0x00,0x00,0x00,0x00,0x00,
    0x00,0x00,0x00,0x00,0x00,0x00,0x00,0x00,0x00,0x00,0x00,0x00,0x00,0x00,0x00,0x00,
    0x00,0x00,0x00,0x00,0x00,0x00,0x00,0x00,0x00,0x00,0x00,0x00,0x00,0x00,0x00,0x00,
    0x00,0x00,0x00,0x00,0x00,0x00,0x00,0x00,0x00,0x00,0x00,0x00,0x00,0x00,0x00,0x00,
    0x00,0x00,0x00,0x00,0x00,0x00,0x00,0x00,0x00,0x00,0x00,0x00,0x00,0x00,0x00,0x00,
    0x00,0x00,0x00,0x00,0x00,0x00,0x00,0x00,0x00,0x00,0x00,0x00,0x00,0x00,0x00,0x00,
    0x00,0x00,0x00,0x00,0x00,0x00,0x00,0x00,0x00,0x00,0x00,0x00,0x00,0x00,0x00,0x00,
    0x00,0x00,0x00,0x00,0x00,0x00,0x00,0x00,0x00,0x00,0x00,0x00,0x00,0x00,0x00,0x00,
    0x00,0x00,0x00,0x00,0x00,0x00,0x00,0x00,0x00,0x00,0x00,0x00,0x00,0x00,0x00,0x00,
    0x00,0x00,0x00,0x00,0x00,0x00,0x00,0x00,0x00,0x00,0x00,0x00,0x00,0x00,0x00,0x00,
    0x00,0x00,0x00,0x00,0x00,0x00,0x00,0x00,0x00,0x00,0x00,0x00,0x00,0x00,0x00,0x00,
    0x00,0x00,0x00,0x00,0xb6,0x77,0x1f,0x31,0xb6,0x73,0x11,0xaf,0xbd,0x6f,0x00,0xff,
    0xba,0x6d,0x00,0xff,0xba,0x6d,0x00,0xff,0xba,0x6d,0x00,0xff,0xba,0x6d,0x00,0xff,
    0xba,0x6d,0x00,0xff,0xba,0x6d,0x00,0xff,0xba,0x6d,0x00,0xff,0xba,0x6d,0x00,0xff,
    0xba,0x6d,0x00,0xff,0xba,0x6d,0x00,0xff,0xba,0x6d,0x00,0xff,0xba,0x6d,0x00,0xff,
    0xba,0x6d,0x00,0xff,0xba,0x6d,0x00,0xff,0xba,0x6d,0x00,0xff,0xba,0x6d,0x00,0xff,
    0xba,0x6d,0x00,0xff,0xba,0x6d,0x00,0xff,0xba,0x6d,0x00,0xff,0xba,0x6d,0x00,0xff,
    0xba,0x6d,0x00,0xff,0xba,0x6d,0x00,0xff,0xba,0x6d,0x00,0xff,0xba,0x6d,0x00,0xff,
    0xbc,0x6e,0x00,0xff,0xba,0x6d,0x00,0xff,0xbf,0x6d,0x00,0x1c,0x00,0x00,0x00,0x00,
    0x00,0x00,0x00,0x00,0x00,0x00,0x00,0x00,0x00,0x00,0x00,0x00,0x00,0x00,0x00,0x00,
    0x00,0x00,0x00,0x00,0x00,0x00,0x00,0x00,0x00,0x00,0x00,0x00,0x00,0x00,0x00,0x00,
    0x00,0x00,0x00,0x00,0x00,0x00,0x00,0x00,0x00,0x00,0x00,0x00,0x00,0x00,0x00,0x00,
    0x00,0x00,0x00,0x00,0x00,0x00,0x00,0x00,0x00,0x00,0x00,0x00,0x00,0x00,0x00,0x00,
    0x00,0x00,0x00,0x00,0x00,0x00,0x00,0x00,0x00,0x00,0x00,0x00,0x00,0x00,0x00,0x00,
    0x00,0x00,0x00,0x00,0x00,0x00,0x00,0x00,0x00,0x00,0x00,0x00,0x00,0x00,0x00,0x00,
    0x00,0x00,0x00,0x00,0x00,0x00,0x00,0x00,0x00,0x00,0x00,0x00,0x00,0x00,0x00,0x00,
    0x00,0x00,0x00,0x00,0x00,0x00,0x00,0x00,0x00,0x00,0x00,0x00,0x00,0x00,0x00,0x00,
    0x00,0x00,0x00,0x00,0x00,0x00,0x00,0x00,0x00,0x00,0x00,0x00,0x00,0x00,0x00,0x00,
    0x00,0x00,0x00,0x00,0x00,0x00,0x00,0x00,0x00,0x00,0x00,0x00,0x00,0x00,0x00,0x00,
    0x00,0x00,0x00,0x00,0x00,0x00,0x00,0x00,0x00,0x00,0x00,0x00,0x00,0x00,0x00,0x00,
    0x00,0x00,0x00,0x00,0x00,0x00,0x00,0x00,0x00,0x00,0x00,0x00,0x00,0x00,0x00,0x00,
    0x00,0x00,0x00,0x00,0x00,0x00,0x00,0x00,0x00,0x00,0x00,0x00,0x00,0x00,0x00,0x00,
    0x00,0x00,0x00,0x00,0x00,0x00,0x00,0x00,0x00,0x00,0x00,0x00,0x00,0x00,0x00,0x00,
    0x00,0x00,0x00,0x00,0x00,0x00,0x00,0x00,0x00,0x00,0x00,0x00,0x00,0x00,0x00,0x00,
    0x00,0x00,0x00,0x00,0x00,0x00,0x00,0x00,0x00,0x00,0x00,0x00,0x00,0x00,0x00,0x00,
    0x00,0x00,0x00,0x00,0x00,0x00,0x00,0x00,0x00,0x00,0x00,0x00,0x00,0x00,0x00,0x00,
    0x00,0x00,0x00,0x00,0x00,0x00,0x00,0x00,0x00,0x00,0x00,0x00,0x00,0x00,0x00,0x00,
    0x00,0x00,0x00,0x00,0x00,0x00,0x00,0x00,0x00,0x00,0x00,0x00,0x00,0x00,0x00,0x00,
    0x00,0x00,0x00,0x00,0x00,0x00,0x00,0x00,0x00,0x00,0x00,0x00,0x00,0x00,0x00,0x00,
    0x00,0x00,0x00,0x00,0x00,0x00,0x00,0x00,0x00,0x00,0x00,0x00,0x00,0x00,0x00,0x00,
    0x00,0x00,0x00,0x00,0x00,0x00,0x00,0x00,0x00,0x00,0x00,0x00,0x00,0x00,0x00,0x00,
    0x00,0x00,0x00,0x00,0x00,0x00,0x00,0x00,0x00,0x00,0x00,0x00,0x00,0x00,0x00,0x00,
    0x00,0x00,0x00,0x00,0x00,0x00,0x00,0x00,0x00,0x00,0x00,0x00,0x00,0x00,0x00,0x00,
    0x00,0x00,0x00,0x00,0xb6,0x77,0x1f,0x31,0xb6,0x71,0x11,0xaf,0xbd,0x6e,0x00,0xff,
    0xba,0x6c,0x00,0xff,0xba,0x6c,0x00,0xff,0xba,0x6c,0x00,0xff,0xba,0x6c,0x00,0xff,
    0xba,0x6c,0x00,0xff,0xba,0x6c,0x00,0xff,0xba,0x6c,0x00,0xff,0xba,0x6c,0x00,0xff,
    0xba,0x6c,0x00,0xff,0xba,0x6c,0x00,0xff,0xba,0x6c,0x00,0xff,0xba,0x6c,0x00,0xff,
    0xba,0x6c,0x00,0xff,0xba,0x6c,0x00,0xff,0xba,0x6c,0x00,0xff,0xba,0x6c,0x00,0xff,
    0xba,0x6c,0x00,0xff,0xba,0x6c,0x00,0xff,0xba,0x6c,0x00,0xff,0xba,0x6c,0x00,0xff,
    0xba,0x6c,0x00,0xff,0xba,0x6c,0x00,0xff,0xba,0x6c,0x00,0xff,0xba,0x6c,0x00,0xff,
    0xbc,0x6d,0x00,0xff,0xba,0x6c,0x00,0xff,0xbf,0x6d,0x00,0x1c,0x00,0x00,0x00,0x00,
    0x00,0x00,0x00,0x00,0x00,0x00,0x00,0x00,0x00,0x00,0x00,0x00,0x00,0x00,0x00,0x00,
    0x00,0x00,0x00,0x00,0x00,0x00,0x00,0x00,0x00,0x00,0x00,0x00,0x00,0x00,0x00,0x00,
    0x00,0x00,0x00,0x00,0x00,0x00,0x00,0x00,0x00,0x00,0x00,0x00,0x00,0x00,0x00,0x00,
    0x00,0x00,0x00,0x00,0x00,0x00,0x00,0x00,0x00,0x00,0x00,0x00,0x00,0x00,0x00,0x00,
    0x00,0x00,0x00,0x00,0x00,0x00,0x00,0x00,0x00,0x00,0x00,0x00,0x00,0x00,0x00,0x00,
    0x00,0x00,0x00,0x00,0x00,0x00,0x00,0x00,0x00,0x00,0x00,0x00,0x00,0x00,0x00,0x00,
    0x00,0x00,0x00,0x00,0x00,0x00,0x00,0x00,0x00,0x00,0x00,0x00,0x00,0x00,0x00,0x00,
    0x00,0x00,0x00,0x00,0x00,0x00,0x00,0x00,0x00,0x00,0x00,0x00,0x00,0x00,0x00,0x00,
    0x00,0x00,0x00,0x00,0x00,0x00,0x00,0x00,0x00,0x00,0x00,0x00,0x00,0x00,0x00,0x00,
    0x00,0x00,0x00,0x00,0x00,0x00,0x00,0x00,0x00,0x00,0x00,0x00,0x00,0x00,0x00,0x00,
    0x00,0x00,0x00,0x00,0x00,0x00,0x00,0x00,0x00,0x00,0x00,0x00,0x00,0x00,0x00,0x00,
    0x00,0x00,0x00,0x00,0x00,0x00,0x00,0x00,0x00,0x00,0x00,0x00,0x00,0x00,0x00,0x00,
    0x00,0x00,0x00,0x00,0x00,0x00,0x00,0x00,0x00,0x00,0x00,0x00,0x00,0x00,0x00,0x00,
    0x00,0x00,0x00,0x00,0x00,0x00,0x00,0x00,0x00,0x00,0x00,0x00,0x00,0x00,0x00,0x00,
    0x00,0x00,0x00,0x00,0x00,0x00,0x00,0x00,0x00,0x00,0x00,0x00,0x00,0x00,0x00,0x00,
    0x00,0x00,0x00,0x00,0x00,0x00,0x00,0x00,0x00,0x00,0x00,0x00,0x00,0x00,0x00,0x00,
    0x00,0x00,0x00,0x00,0x00,0x00,0x00,0x00,0x00,0x00,0x00,0x00,0x00,0x00,0x00,0x00,
    0x00,0x00,0x00,0x00,0x00,0x00,0x00,0x00,0x00,0x00,0x00,0x00,0x00,0x00,0x00,0x00,
    0x00,0x00,0x00,0x00,0x00,0x00,0x00,0x00,0x00,0x00,0x00,0x00,0x00,0x00,0x00,0x00,
    0x00,0x00,0x00,0x00,0x00,0x00,0x00,0x00,0x00,0x00,0x00,0x00,0x00,0x00,0x00,0x00,
    0x00,0x00,0x00,0x00,0x00,0x00,0x00,0x00,0x00,0x00,0x00,0x00,0x00,0x00,0x00,0x00,
    0x00,0x00,0x00,0x00,0x00,0x00,0x00,0x00,0x00,0x00,0x00,0x00,0x00,0x00,0x00,0x00,
    0x00,0x00,0x00,0x00,0x00,0x00,0x00,0x00,0x00,0x00,0x00,0x00,0x00,0x00,0x00,0x00,
    0x00,0x00,0x00,0x00,0x00,0x00,0x00,0x00,0x00,0x00,0x00,0x00,0x00,0x00,0x00,0x00,
    0x00,0x00,0x00,0x00,0xb6,0x77,0x1f,0x31,0xb6,0x71,0x11,0xaf,0xbc,0x6e,0x00,0xff,
    0xb9,0x6c,0x00,0xff,0xb9,0x6c,0x00,0xff,0xb9,0x6c,0x00,0xff,0xb9,0x6c,0x00,0xff,
    0xb9,0x6c,0x00,0xff,0xb9,0x6c,0x00,0xff,0xb9,0x6c,0x00,0xff,0xb9,0x6c,0x00,0xff,
    0xb9,0x6c,0x00,0xff,0xb9,0x6c,0x00,0xff,0xb9,0x6c,0x00,0xff,0xb9,0x6c,0x00,0xff,
    0xb9,0x6c,0x00,0xff,0xb9,0x6c,0x00,0xff,0xb9,0x6c,0x00,0xff,0xb9,0x6c,0x00,0xff,
    0xb9,0x6c,0x00,0xff,0xb9,0x6c,0x00,0xff,0xb9,0x6c,0x00,0xff,0xb9,0x6c,0x00,0xff,
    0xb9,0x6c,0x00,0xff,0xb9,0x6c,0x00,0xff,0xb9,0x6c,0x00,0xff,0xb9,0x6c,0x00,0xff,
    0xbb,0x6d,0x00,0xff,0xb9,0x6c,0x00,0xff,0xbf,0x6d,0x00,0x1c,0x00,0x00,0x00,0x00,
    0x00,0x00,0x00,0x00,0x00,0x00,0x00,0x00,0x00,0x00,0x00,0x00,0x00,0x00,0x00,0x00,
    0x00,0x00,0x00,0x00,0x00,0x00,0x00,0x00,0x00,0x00,0x00,0x00,0x00,0x00,0x00,0x00,
    0x00,0x00,0x00,0x00,0x00,0x00,0x00,0x00,0x00,0x00,0x00,0x00,0x00,0x00,0x00,0x00,
    0x00,0x00,0x00,0x00,0x00,0x00,0x00,0x00,0x00,0x00,0x00,0x00,0x00,0x00,0x00,0x00,
    0x00,0x00,0x00,0x00,0x00,0x00,0x00,0x00,0x00,0x00,0x00,0x00,0x00,0x00,0x00,0x00,
    0x00,0x00,0x00,0x00,0x00,0x00,0x00,0x00,0x00,0x00,0x00,0x00,0x00,0x00,0x00,0x00,
    0x00,0x00,0x00,0x00,0x00,0x00,0x00,0x00,0x00,0x00,0x00,0x00,0x00,0x00,0x00,0x00,
    0x00,0x00,0x00,0x00,0x00,0x00,0x00,0x00,0x00,0x00,0x00,0x00,0x00,0x00,0x00,0x00,
    0x00,0x00,0x00,0x00,0x00,0x00,0x00,0x00,0x00,0x00,0x00,0x00,0x00,0x00,0x00,0x00,
    0x00,0x00,0x00,0x00,0x00,0x00,0x00,0x00,0x00,0x00,0x00,0x00,0x00,0x00,0x00,0x00,
    0x00,0x00,0x00,0x00,0x00,0x00,0x00,0x00,0x00,0x00,0x00,0x00,0x00,0x00,0x00,0x00,
    0x00,0x00,0x00,0x00,0x00,0x00,0x00,0x00,0x00,0x00,0x00,0x00,0x00,0x00,0x00,0x00,
    0x00,0x00,0x00,0x00,0x00,0x00,0x00,0x00,0x00,0x00,0x00,0x00,0x00,0x00,0x00,0x00,
    0x00,0x00,0x00,0x00,0x00,0x00,0x00,0x00,0x00,0x00,0x00,0x00,0x00,0x00,0x00,0x00,
    0x00,0x00,0x00,0x00,0x00,0x00,0x00,0x00,0x00,0x00,0x00,0x00,0x00,0x00,0x00,0x00,
    0x00,0x00,0x00,0x00,0x00,0x00,0x00,0x00,0x00,0x00,0x00,0x00,0x00,0x00,0x00,0x00,
    0x00,0x00,0x00,0x00,0x00,0x00,0x00,0x00,0x00,0x00,0x00,0x00,0x00,0x00,0x00,0x00,
    0x00,0x00,0x00,0x00,0x00,0x00,0x00,0x00,0x00,0x00,0x00,0x00,0x00,0x00,0x00,0x00,
    0x00,0x00,0x00,0x00,0x00,0x00,0x00,0x00,0x00,0x00,0x00,0x00,0x00,0x00,0x00,0x00,
    0x00,0x00,0x00,0x00,0x00,0x00,0x00,0x00,0x00,0x00,0x00,0x00,0x00,0x00,0x00,0x00,
    0x00,0x00,0x00,0x00,0x00,0x00,0x00,0x00,0x00,0x00,0x00,0x00,0x00,0x00,0x00,0x00,
    0x00,0x00,0x00,0x00,0x00,0x00,0x00,0x00,0x00,0x00,0x00,0x00,0x00,0x00,0x00,0x00,
    0x00,0x00,0x00,0x00,0x00,0x00,0x00,0x00,0x00,0x00,0x00,0x00,0x00,0x00,0x00,0x00,
    0x00,0x00,0x00,0x00,0x00,0x00,0x00,0x00,0x00,0x00,0x00,0x00,0x00,0x00,0x00,0x00,
    0x00,0x00,0x00,0x00,0xb6,0x72,0x1f,0x31,0xb6,0x70,0x11,0xaf,0xbc,0x6e,0x00,0xff,
    0xb9,0x6c,0x00,0xff,0xb9,0x6c,0x00,0xff,0xb9,0x6c,0x00,0xff,0xb9,0x6c,0x00,0xff,
    0xb9,0x6c,0x00,0xff,0xb9,0x6c,0x00,0xff,0xb9,0x6c,0x00,0xff,0xb9,0x6c,0x00,0xff,
    0xb9,0x6c,0x00,0xff,0xb9,0x6c,0x00,0xff,0xb9,0x6c,0x00,0xff,0xb9,0x6c,0x00,0xff,
    0xb9,0x6c,0x00,0xff,0xb9,0x6c,0x00,0xff,0xb9,0x6c,0x00,0xff,0xb9,0x6c,0x00,0xff,
    0xb9,0x6c,0x00,0xff,0xb9,0x6c,0x00,0xff,0xb9,0x6c,0x00,0xff,0xb9,0x6c,0x00,0xff,
    0xb9,0x6c,0x00,0xff,0xb9,0x6c,0x00,0xff,0xb9,0x6c,0x00,0xff,0xb9,0x6c,0x00,0xff,
    0xbb,0x6d,0x00,0xff,0xb9,0x6c,0x00,0xff,0xbf,0x6d,0x00,0x1c,0x00,0x00,0x00,0x00,
    0x00,0x00,0x00,0x00,0x00,0x00,0x00,0x00,0x00,0x00,0x00,0x00,0x00,0x00,0x00,0x00,
    0x00,0x00,0x00,0x00,0x00,0x00,0x00,0x00,0x00,0x00,0x00,0x00,0x00,0x00,0x00,0x00,
    0x00,0x00,0x00,0x00,0x00,0x00,0x00,0x00,0x00,0x00,0x00,0x00,0x00,0x00,0x00,0x00,
    0x00,0x00,0x00,0x00,0x00,0x00,0x00,0x00,0x00,0x00,0x00,0x00,0x00,0x00,0x00,0x00,
    0x00,0x00,0x00,0x00,0x00,0x00,0x00,0x00,0x00,0x00,0x00,0x00,0x00,0x00,0x00,0x00,
    0x00,0x00,0x00,0x00,0x00,0x00,0x00,0x00,0x00,0x00,0x00,0x00,0x00,0x00,0x00,0x00,
    0x00,0x00,0x00,0x00,0x00,0x00,0x00,0x00,0x00,0x00,0x00,0x00,0x00,0x00,0x00,0x00,
    0x00,0x00,0x00,0x00,0x00,0x00,0x00,0x00,0x00,0x00,0x00,0x00,0x00,0x00,0x00,0x00,
    0x00,0x00,0x00,0x00,0x00,0x00,0x00,0x00,0x00,0x00,0x00,0x00,0x00,0x00,0x00,0x00,
    0x00,0x00,0x00,0x00,0x00,0x00,0x00,0x00,0x00,0x00,0x00,0x00,0x00,0x00,0x00,0x00,
    0x00,0x00,0x00,0x00,0x00,0x00,0x00,0x00,0x00,0x00,0x00,0x00,0x00,0x00,0x00,0x00,
    0x00,0x00,0x00,0x00,0x00,0x00,0x00,0x00,0x00,0x00,0x00,0x00,0x00,0x00,0x00,0x00,
    0x00,0x00,0x00,0x00,0x00,0x00,0x00,0x00,0x00,0x00,0x00,0x00,0x00,0x00,0x00,0x00,
    0x00,0x00,0x00,0x00,0x00,0x00,0x00,0x00,0x00,0x00,0x00,0x00,0x00,0x00,0x00,0x00,
    0x00,0x00,0x00,0x00,0x00,0x00,0x00,0x00,0x00,0x00,0x00,0x00,0x00,0x00,0x00,0x00,
    0x00,0x00,0x00,0x00,0x00,0x00,0x00,0x00,0x00,0x00,0x00,0x00,0x00,0x00,0x00,0x00,
    0x00,0x00,0x00,0x00,0x00,0x00,0x00,0x00,0x00,0x00,0x00,0x00,0x00,0x00,0x00,0x00,
    0x00,0x00,0x00,0x00,0x00,0x00,0x00,0x00,0x00,0x00,0x00,0x00,0x00,0x00,0x00,0x00,
    0x00,0x00,0x00,0x00,0x00,0x00,0x00,0x00,0x00,0x00,0x00,0x00,0x00,0x00,0x00,0x00,
    0x00,0x00,0x00,0x00,0x00,0x00,0x00,0x00,0x00,0x00,0x00,0x00,0x00,0x00,0x00,0x00,
    0x00,0x00,0x00,0x00,0x00,0x00,0x00,0x00,0x00,0x00,0x00,0x00,0x00,0x00,0x00,0x00,
    0x00,0x00,0x00,0x00,0x00,0x00,0x00,0x00,0x00,0x00,0x00,0x00,0x00,0x00,0x00,0x00,
    0x00,0x00,0x00,0x00,0x00,0x00,0x00,0x00,0x00,0x00,0x00,0x00,0x00,0x00,0x00,0x00,
    0x00,0x00,0x00,0x00,0x00,0x00,0x00,0x00,0x00,0x00,0x00,0x00,0x00,0x00,0x00,0x00,
    0x00,0x00,0x00,0x00,0xb6,0x72,0x1f,0x31,0xb6,0x70,0x11,0xaf,0xbc,0x6d,0x00,0xff,
    0xb9,0x6b,0x00,0xff,0xb9,0x6b,0x00,0xff,0xb9,0x6b,0x00,0xff,0xb9,0x6b,0x00,0xff,
    0xb9,0x6b,0x00,0xff,0xb9,0x6b,0x00,0xff,0xb9,0x6b,0x00,0xff,0xb9,0x6b,0x00,0xff,
    0xb9,0x6b,0x00,0xff,0xb9,0x6b,0x00,0xff,0xb9,0x6b,0x00,0xff,0xb9,0x6b,0x00,0xff,
    0xb9,0x6b,0x00,0xff,0xb9,0x6b,0x00,0xff,0xb9,0x6b,0x00,0xff,0xb9,0x6b,0x00,0xff,
    0xb9,0x6b,0x00,0xff,0xb9,0x6b,0x00,0xff,0xb9,0x6b,0x00,0xff,0xb9,0x6b,0x00,0xff,
    0xb9,0x6b,0x00,0xff,0xb9,0x6b,0x00,0xff,0xb9,0x6b,0x00,0xff,0xb9,0x6b,0x00,0xff,
    0xbb,0x6c,0x00,0xff,0xb9,0x6b,0x00,0xff,0xbf,0x6d,0x00,0x1c,0x00,0x00,0x00,0x00,
    0x00,0x00,0x00,0x00,0x00,0x00,0x00,0x00,0x00,0x00,0x00,0x00,0x00,0x00,0x00,0x00,
    0x00,0x00,0x00,0x00,0x00,0x00,0x00,0x00,0x00,0x00,0x00,0x00,0x00,0x00,0x00,0x00,
    0x00,0x00,0x00,0x00,0x00,0x00,0x00,0x00,0x00,0x00,0x00,0x00,0x00,0x00,0x00,0x00,
    0x00,0x00,0x00,0x00,0x00,0x00,0x00,0x00,0x00,0x00,0x00,0x00,0x00,0x00,0x00,0x00,
    0x00,0x00,0x00,0x00,0x00,0x00,0x00,0x00,0x00,0x00,0x00,0x00,0x00,0x00,0x00,0x00,
    0x00,0x00,0x00,0x00,0x00,0x00,0x00,0x00,0x00,0x00,0x00,0x00,0x00,0x00,0x00,0x00,
    0x00,0x00,0x00,0x00,0x00,0x00,0x00,0x00,0x00,0x00,0x00,0x00,0x00,0x00,0x00,0x00,
    0x00,0x00,0x00,0x00,0x00,0x00,0x00,0x00,0x00,0x00,0x00,0x00,0x00,0x00,0x00,0x00,
    0x00,0x00,0x00,0x00,0x00,0x00,0x00,0x00,0x00,0x00,0x00,0x00,0x00,0x00,0x00,0x00,
    0x00,0x00,0x00,0x00,0x00,0x00,0x00,0x00,0x00,0x00,0x00,0x00,0x00,0x00,0x00,0x00,
    0x00,0x00,0x00,0x00,0x00,0x00,0x00,0x00,0x00,0x00,0x00,0x00,0x00,0x00,0x00,0x00,
    0x00,0x00,0x00,0x00,0x00,0x00,0x00,0x00,0x00,0x00,0x00,0x00,0x00,0x00,0x00,0x00,
    0x00,0x00,0x00,0x00,0x00,0x00,0x00,0x00,0x00,0x00,0x00,0x00,0x00,0x00,0x00,0x00,
    0x00,0x00,0x00,0x00,0x00,0x00,0x00,0x00,0x00,0x00,0x00,0x00,0x00,0x00,0x00,0x00,
    0x00,0x00,0x00,0x00,0x00,0x00,0x00,0x00,0x00,0x00,0x00,0x00,0x00,0x00,0x00,0x00,
    0x00,0x00,0x00,0x00,0x00,0x00,0x00,0x00,0x00,0x00,0x00,0x00,0x00,0x00,0x00,0x00,
    0x00,0x00,0x00,0x00,0x00,0x00,0x00,0x00,0x00,0x00,0x00,0x00,0x00,0x00,0x00,0x00,
    0x00,0x00,0x00,0x00,0x00,0x00,0x00,0x00,0x00,0x00,0x00,0x00,0x00,0x00,0x00,0x00,
    0x00,0x00,0x00,0x00,0x00,0x00,0x00,0x00,0x00,0x00,0x00,0x00,0x00,0x00,0x00,0x00,
    0x00,0x00,0x00,0x00,0x00,0x00,0x00,0x00,0x00,0x00,0x00,0x00,0x00,0x00,0x00,0x00,
    0x00,0x00,0x00,0x00,0x00,0x00,0x00,0x00,0x00,0x00,0x00,0x00,0x00,0x00,0x00,0x00,
    0x00,0x00,0x00,0x00,0x00,0x00,0x00,0x00,0x00,0x00,0x00,0x00,0x00,0x00,0x00,0x00,
    0x00,0x00,0x00,0x00,0x00,0x00,0x00,0x00,0x00,0x00,0x00,0x00,0x00,0x00,0x00,0x00,
    0x00,0x00,0x00,0x00,0x00,0x00,0x00,0x00,0x00,0x00,0x00,0x00,0x00,0x00,0x00,0x00,
    0x00,0x00,0x00,0x00,0xb0,0x77,0x1f,0x31,0xb4,0x70,0x11,0xaf,0xbb,0x6c,0x00,0xff,
    0xb8,0x6a,0x00,0xff,0xb8,0x6a,0x00,0xff,0xb8,0x6a,0x00,0xff,0xb8,0x6a,0x00,0xff,
    0xb8,0x6a,0x00,0xff,0xb8,0x6a,0x00,0xff,0xb8,0x6a,0x00,0xff,0xb8,0x6a,0x00,0xff,
    0xb8,0x6a,0x00,0xff,0xb8,0x6a,0x00,0xff,0xb8,0x6a,0x00,0xff,0xb8,0x6a,0x00,0xff,
    0xb8,0x6a,0x00,0xff,0xb8,0x6a,0x00,0xff,0xb8,0x6a,0x00,0xff,0xb8,0x6a,0x00,0xff,
    0xb8,0x6a,0x00,0xff,0xb8,0x6a,0x00,0xff,0xb8,0x6a,0x00,0xff,0xb8,0x6a,0x00,0xff,
    0xb8,0x6a,0x00,0xff,0xb8,0x6a,0x00,0xff,0xb8,0x6a,0x00,0xff,0xb8,0x6a,0x00,0xff,
    0xba,0x6b,0x00,0xff,0xb8,0x6a,0x00,0xff,0xb6,0x6d,0x00,0x1c,0x00,0x00,0x00,0x00,
    0x00,0x00,0x00,0x00,0x00,0x00,0x00,0x00,0x00,0x00,0x00,0x00,0x00,0x00,0x00,0x00,
    0x00,0x00,0x00,0x00,0x00,0x00,0x00,0x00,0x00,0x00,0x00,0x00,0x00,0x00,0x00,0x00,
    0x00,0x00,0x00,0x00,0x00,0x00,0x00,0x00,0x00,0x00,0x00,0x00,0x00,0x00,0x00,0x00,
    0x00,0x00,0x00,0x00,0x00,0x00,0x00,0x00,0x00,0x00,0x00,0x00,0x00,0x00,0x00,0x00,
    0x00,0x00,0x00,0x00,0x00,0x00,0x00,0x00,0x00,0x00,0x00,0x00,0x00,0x00,0x00,0x00,
    0x00,0x00,0x00,0x00,0x00,0x00,0x00,0x00,0x00,0x00,0x00,0x00,0x00,0x00,0x00,0x00,
    0x00,0x00,0x00,0x00,0x00,0x00,0x00,0x00,0x00,0x00,0x00,0x00,0x00,0x00,0x00,0x00,
    0x00,0x00,0x00,0x00,0x00,0x00,0x00,0x00,0x00,0x00,0x00,0x00,0x00,0x00,0x00,0x00,
    0x00,0x00,0x00,0x00,0x00,0x00,0x00,0x00,0x00,0x00,0x00,0x00,0x00,0x00,0x00,0x00,
    0x00,0x00,0x00,0x00,0x00,0x00,0x00,0x00,0x00,0x00,0x00,0x00,0x00,0x00,0x00,0x00,
    0x00,0x00,0x00,0x00,0x00,0x00,0x00,0x00,0x00,0x00,0x00,0x00,0x00,0x00,0x00,0x00,
    0x00,0x00,0x00,0x00,0x00,0x00,0x00,0x00,0x00,0x00,0x00,0x00,0x00,0x00,0x00,0x00,
    0x00,0x00,0x00,0x00,0x00,0x00,0x00,0x00,0x00,0x00,0x00,0x00,0x00,0x00,0x00,0x00,
    0x00,0x00,0x00,0x00,0x00,0x00,0x00,0x00,0x00,0x00,0x00,0x00,0x00,0x00,0x00,0x00,
    0x00,0x00,0x00,0x00,0x00,0x00,0x00,0x00,0x00,0x00,0x00,0x00,0x00,0x00,0x00,0x00,
    0x00,0x00,0x00,0x00,0x00,0x00,0x00,0x00,0x00,0x00,0x00,0x00,0x00,0x00,0x00,0x00,
    0x00,0x00,0x00,0x00,0x00,0x00,0x00,0x00,0x00,0x00,0x00,0x00,0x00,0x00,0x00,0x00,
    0x00,0x00,0x00,0x00,0x00,0x00,0x00,0x00,0x00,0x00,0x00,0x00,0x00,0x00,0x00,0x00,
    0x00,0x00,0x00,0x00,0x00,0x00,0x00,0x00,0x00,0x00,0x00,0x00,0x00,0x00,0x00,0x00,
    0x00,0x00,0x00,0x00,0x00,0x00,0x00,0x00,0x00,0x00,0x00,0x00,0x00,0x00,0x00,0x00,
    0x00,0x00,0x00,0x00,0x00,0x00,0x00,0x00,0x00,0x00,0x00,0x00,0x00,0x00,0x00,0x00,
    0x00,0x00,0x00,0x00,0x00,0x00,0x00,0x00,0x00,0x00,0x00,0x00,0x00,0x00,0x00,0x00,
    0x00,0x00,0x00,0x00,0x00,0x00,0x00,0x00,0x00,0x00,0x00,0x00,0x00,0x00,0x00,0x00,
    0x00,0x00,0x00,0x00,0x00,0x00,0x00,0x00,0x00,0x00,0x00,0x00,0x00,0x00,0x00,0x00,
    0x00,0x00,0x00,0x00,0xb0,0x77,0x1f,0x31,0xb4,0x70,0x11,0xaf,0xbb,0x6c,0x00,0xff,
    0xb8,0x6a,0x00,0xff,0xb8,0x6a,0x00,0xff,0xb8,0x6a,0x00,0xff,0xb8,0x6a,0x00,0xff,
    0xb8,0x6a,0x00,0xff,0xb8,0x6a,0x00,0xff,0xb8,0x6a,0x00,0xff,0xb8,0x6a,0x00,0xff,
    0xb8,0x6a,0x00,0xff,0xb8,0x6a,0x00,0xff,0xb8,0x6a,0x00,0xff,0xb8,0x6a,0x00,0xff,
    0xb8,0x6a,0x00,0xff,0xb8,0x6a,0x00,0xff,0xb8,0x6a,0x00,0xff,0xb8,0x6a,0x00,0xff,
    0xb8,0x6a,0x00,0xff,0xb8,0x6a,0x00,0xff,0xb8,0x6a,0x00,0xff,0xb8,0x6a,0x00,0xff,
    0xb8,0x6a,0x00,0xff,0xb8,0x6a,0x00,0xff,0xb8,0x6a,0x00,0xff,0xb8,0x6a,0x00,0xff,
    0xba,0x6b,0x00,0xff,0xb8,0x6a,0x00,0xff,0xb6,0x6d,0x00,0x1c,0x00,0x00,0x00,0x00,
    0x00,0x00,0x00,0x00,0x00,0x00,0x00,0x00,0x00,0x00,0x00,0x00,0x00,0x00,0x00,0x00,
    0x00,0x00,0x00,0x00,0x00,0x00,0x00,0x00,0x00,0x00,0x00,0x00,0x00,0x00,0x00,0x00,
    0x00,0x00,0x00,0x00,0x00,0x00,0x00,0x00,0x00,0x00,0x00,0x00,0x00,0x00,0x00,0x00,
    0x00,0x00,0x00,0x00,0x00,0x00,0x00,0x00,0x00,0x00,0x00,0x00,0x00,0x00,0x00,0x00,
    0x00,0x00,0x00,0x00,0x00,0x00,0x00,0x00,0x00,0x00,0x00,0x00,0x00,0x00,0x00,0x00,
    0x00,0x00,0x00,0x00,0x00,0x00,0x00,0x00,0x00,0x00,0x00,0x00,0x00,0x00,0x00,0x00,
    0x00,0x00,0x00,0x00,0x00,0x00,0x00,0x00,0x00,0x00,0x00,0x00,0x00,0x00,0x00,0x00,
    0x00,0x00,0x00,0x00,0x00,0x00,0x00,0x00,0x00,0x00,0x00,0x00,0x00,0x00,0x00,0x00,
    0x00,0x00,0x00,0x00,0x00,0x00,0x00,0x00,0x00,0x00,0x00,0x00,0x00,0x00,0x00,0x00,
    0x00,0x00,0x00,0x00,0x00,0x00,0x00,0x00,0x00,0x00,0x00,0x00,0x00,0x00,0x00,0x00,
    0x00,0x00,0x00,0x00,0x00,0x00,0x00,0x00,0x00,0x00,0x00,0x00,0x00,0x00,0x00,0x00,
    0x00,0x00,0x00,0x00,0x00,0x00,0x00,0x00,0x00,0x00,0x00,0x00,0x00,0x00,0x00,0x00,
    0x00,0x00,0x00,0x00,0x00,0x00,0x00,0x00,0x00,0x00,0x00,0x00,0x00,0x00,0x00,0x00,
    0x00,0x00,0x00,0x00,0x00,0x00,0x00,0x00,0x00,0x00,0x00,0x00,0x00,0x00,0x00,0x00,
    0x00,0x00,0x00,0x00,0x00,0x00,0x00,0x00,0x00,0x00,0x00,0x00,0x00,0x00,0x00,0x00,
    0x00,0x00,0x00,0x00,0x00,0x00,0x00,0x00,0x00,0x00,0x00,0x00,0x00,0x00,0x00,0x00,
    0x00,0x00,0x00,0x00,0x00,0x00,0x00,0x00,0x00,0x00,0x00,0x00,0x00,0x00,0x00,0x00,
    0x00,0x00,0x00,0x00,0x00,0x00,0x00,0x00,0x00,0x00,0x00,0x00,0x00,0x00,0x00,0x00,
    0x00,0x00,0x00,0x00,0x00,0x00,0x00,0x00,0x00,0x00,0x00,0x00,0x00,0x00,0x00,0x00,
    0x00,0x00,0x00,0x00,0x00,0x00,0x00,0x00,0x00,0x00,0x00,0x00,0x00,0x00,0x00,0x00,
    0x00,0x00,0x00,0x00,0x00,0x00,0x00,0x00,0x00,0x00,0x00,0x00,0x00,0x00,0x00,0x00,
    0x00,0x00,0x00,0x00,0x00,0x00,0x00,0x00,0x00,0x00,0x00,0x00,0x00,0x00,0x00,0x00,
    0x00,0x00,0x00,0x00,0x00,0x00,0x00,0x00,0x00,0x00,0x00,0x00,0x00,0x00,0x00,0x00,
    0x00,0x00,0x00,0x00,0x00,0x00,0x00,0x00,0x00,0x00,0x00,0x00,0x00,0x00,0x00,0x00,
    0x00,0x00,0x00,0x00,0xb0,0x72,0x1f,0x31,0xb4,0x6e,0x11,0xaf,0xba,0x6b,0x00,0xff,
    0xb7,0x69,0x00,0xff,0xb7,0x69,0x00,0xff,0xb7,0x69,0x00,0xff,0xb7,0x69,0x00,0xff,
    0xb7,0x69,0x00,0xff,0xb7,0x69,0x00,0xff,0xb7,0x69,0x00,0xff,0xb7,0x69,0x00,0xff,
    0xb7,0x69,0x00,0xff,0xb7,0x69,0x00,0xff,0xb7,0x69,0x00,0xff,0xb7,0x69,0x00,0xff,
    0xb7,0x69,0x00,0xff,0xb7,0x69,0x00,0xff,0xb7,0x69,0x00,0xff,0xb7,0x69,0x00,0xff,
    0xb7,0x69,0x00,0xff,0xb7,0x69,0x00,0xff,0xb7,0x69,0x00,0xff,0xb7,0x69,0x00,0xff,
    0xb7,0x69,0x00,0xff,0xb7,0x69,0x00,0xff,0xb7,0x69,0x00,0xff,0xb7,0x69,0x00,0xff,
    0xb9,0x6a,0x00,0xff,0xb7,0x69,0x00,0xff,0xb6,0x6d,0x00,0x1c,0x00,0x00,0x00,0x00,
    0x00,0x00,0x00,0x00,0x00,0x00,0x00,0x00,0x00,0x00,0x00,0x00,0x00,0x00,0x00,0x00,
    0x00,0x00,0x00,0x00,0x00,0x00,0x00,0x00,0x00,0x00,0x00,0x00,0x00,0x00,0x00,0x00,
    0x00,0x00,0x00,0x00,0x00,0x00,0x00,0x00,0x00,0x00,0x00,0x00,0x00,0x00,0x00,0x00,
    0x00,0x00,0x00,0x00,0x00,0x00,0x00,0x00,0x00,0x00,0x00,0x00,0x00,0x00,0x00,0x00,
    0x00,0x00,0x00,0x00,0x00,0x00,0x00,0x00,0x00,0x00,0x00,0x00,0x00,0x00,0x00,0x00,
    0x00,0x00,0x00,0x00,0x00,0x00,0x00,0x00,0x00,0x00,0x00,0x00,0x00,0x00,0x00,0x00,
    0x00,0x00,0x00,0x00,0x00,0x00,0x00,0x00,0x00,0x00,0x00,0x00,0x00,0x00,0x00,0x00,
    0x00,0x00,0x00,0x00,0x00,0x00,0x00,0x00,0x00,0x00,0x00,0x00,0x00,0x00,0x00,0x00,
    0x00,0x00,0x00,0x00,0x00,0x00,0x00,0x00,0x00,0x00,0x00,0x00,0x00,0x00,0x00,0x00,
    0x00,0x00,0x00,0x00,0x00,0x00,0x00,0x00,0x00,0x00,0x00,0x00,0x00,0x00,0x00,0x00,
    0x00,0x00,0x00,0x00,0x00,0x00,0x00,0x00,0x00,0x00,0x00,0x00,0x00,0x00,0x00,0x00,
    0x00,0x00,0x00,0x00,0x00,0x00,0x00,0x00,0x00,0x00,0x00,0x00,0x00,0x00,0x00,0x00,
    0x00,0x00,0x00,0x00,0x00,0x00,0x00,0x00,0x00,0x00,0x00,0x00,0x00,0x00,0x00,0x00,
    0x00,0x00,0x00,0x00,0x00,0x00,0x00,0x00,0x00,0x00,0x00,0x00,0x00,0x00,0x00,0x00,
    0x00,0x00,0x00,0x00,0x00,0x00,0x00,0x00,0x00,0x00,0x00,0x00,0x00,0x00,0x00,0x00,
    0x00,0x00,0x00,0x00,0x00,0x00,0x00,0x00,0x00,0x00,0x00,0x00,0x00,0x00,0x00,0x00,
    0x00,0x00,0x00,0x00,0x00,0x00,0x00,0x00,0x00,0x00,0x00,0x00,0x00,0x00,0x00,0x00,
    0x00,0x00,0x00,0x00,0x00,0x00,0x00,0x00,0x00,0x00,0x00,0x00,0x00,0x00,0x00,0x00,
    0x00,0x00,0x00,0x00,0x00,0x00,0x00,0x00,0x00,0x00,0x00,0x00,0x00,0x00,0x00,0x00,
    0x00,0x00,0x00,0x00,0x00,0x00,0x00,0x00,0x00,0x00,0x00,0x00,0x00,0x00,0x00,0x00,
    0x00,0x00,0x00,0x00,0x00,0x00,0x00,0x00,0x00,0x00,0x00,0x00,0x00,0x00,0x00,0x00,
    0x00,0x00,0x00,0x00,0x00,0x00,0x00,0x00,0x00,0x00,0x00,0x00,0x00,0x00,0x00,0x00,
    0x00,0x00,0x00,0x00,0x00,0x00,0x00,0x00,0x00,0x00,0x00,0x00,0x00,0x00,0x00,0x00,
    0x00,0x00,0x00,0x00,0x00,0x00,0x00,0x00,0x00,0x00,0x00,0x00,0x00,0x00,0x00,0x00,
    0x00,0x00,0x00,0x00,0xb0,0x72,0x1f,0x31,0xb4,0x6e,0x11,0xaf,0xba,0x6b,0x00,0xff,
    0xb7,0x69,0x00,0xff,0xb7,0x69,0x00,0xff,0xb7,0x69,0x00,0xff,0xb7,0x69,0x00,0xff,
    0xb7,0x69,0x00,0xff,0xb7,0x69,0x00,0xff,0xb7,0x69,0x00,0xff,0xb7,0x69,0x00,0xff,
    0xb7,0x69,0x00,0xff,0xb7,0x69,0x00,0xff,0xb7,0x69,0x00,0xff,0xb7,0x69,0x00,0xff,
    0xb7,0x69,0x00,0xff,0xb7,0x69,0x00,0xff,0xb7,0x69,0x00,0xff,0xb7,0x69,0x00,0xff,
    0xb7,0x69,0x00,0xff,0xb7,0x69,0x00,0xff,0xb7,0x69,0x00,0xff,0xb7,0x69,0x00,0xff,
    0xb7,0x69,0x00,0xff,0xb7,0x69,0x00,0xff,0xb7,0x69,0x00,0xff,0xb7,0x69,0x00,0xff,
    0xb9,0x6a,0x00,0xff,0xb7,0x69,0x00,0xff,0xb6,0x6d,0x00,0x1c,0x00,0x00,0x00,0x00,
    0x00,0x00,0x00,0x00,0x00,0x00,0x00,0x00,0x00,0x00,0x00,0x00,0x00,0x00,0x00,0x00,
    0x00,0x00,0x00,0x00,0x00,0x00,0x00,0x00,0x00,0x00,0x00,0x00,0x00,0x00,0x00,0x00,
    0x00,0x00,0x00,0x00,0x00,0x00,0x00,0x00,0x00,0x00,0x00,0x00,0x00,0x00,0x00,0x00,
    0x00,0x00,0x00,0x00,0x00,0x00,0x00,0x00,0x00,0x00,0x00,0x00,0x00,0x00,0x00,0x00,
    0x00,0x00,0x00,0x00,0x00,0x00,0x00,0x00,0x00,0x00,0x00,0x00,0x00,0x00,0x00,0x00,
    0x00,0x00,0x00,0x00,0x00,0x00,0x00,0x00,0x00,0x00,0x00,0x00,0x00,0x00,0x00,0x00,
    0x00,0x00,0x00,0x00,0x00,0x00,0x00,0x00,0x00,0x00,0x00,0x00,0x00,0x00,0x00,0x00,
    0x00,0x00,0x00,0x00,0x00,0x00,0x00,0x00,0x00,0x00,0x00,0x00,0x00,0x00,0x00,0x00,
    0x00,0x00,0x00,0x00,0x00,0x00,0x00,0x00,0x00,0x00,0x00,0x00,0x00,0x00,0x00,0x00,
    0x00,0x00,0x00,0x00,0x00,0x00,0x00,0x00,0x00,0x00,0x00,0x00,0x00,0x00,0x00,0x00,
    0x00,0x00,0x00,0x00,0x00,0x00,0x00,0x00,0x00,0x00,0x00,0x00,0x00,0x00,0x00,0x00,
    0x00,0x00,0x00,0x00,0x00,0x00,0x00,0x00,0x00,0x00,0x00,0x00,0x00,0x00,0x00,0x00,
    0x00,0x00,0x00,0x00,0x00,0x00,0x00,0x00,0x00,0x00,0x00,0x00,0x00,0x00,0x00,0x00,
    0x00,0x00,0x00,0x00,0x00,0x00,0x00,0x00,0x00,0x00,0x00,0x00,0x00,0x00,0x00,0x00,
    0x00,0x00,0x00,0x00,0x00,0x00,0x00,0x00,0x00,0x00,0x00,0x00,0x00,0x00,0x00,0x00,
    0x00,0x00,0x00,0x00,0x00,0x00,0x00,0x00,0x00,0x00,0x00,0x00,0x00,0x00,0x00,0x00,
    0x00,0x00,0x00,0x00,0x00,0x00,0x00,0x00,0x00,0x00,0x00,0x00,0x00,0x00,0x00,0x00,
    0x00,0x00,0x00,0x00,0x00,0x00,0x00,0x00,0x00,0x00,0x00,0x00,0x00,0x00,0x00,0x00,
    0x00,0x00,0x00,0x00,0x00,0x00,0x00,0x00,0x00,0x00,0x00,0x00,0x00,0x00,0x00,0x00,
    0x00,0x00,0x00,0x00,0x00,0x00,0x00,0x00,0x00,0x00,0x00,0x00,0x00,0x00,0x00,0x00,
    0x00,0x00,0x00,0x00,0x00,0x00,0x00,0x00,0x00,0x00,0x00,0x00,0x00,0x00,0x00,0x00,
    0x00,0x00,0x00,0x00,0x00,0x00,0x00,0x00,0x00,0x00,0x00,0x00,0x00,0x00,0x00,0x00,
    0x00,0x00,0x00,0x00,0x00,0x00,0x00,0x00,0x00,0x00,0x00,0x00,0x00,0x00,0x00,0x00,
    0x00,0x00,0x00,0x00,0x00,0x00,0x00,0x00,0x00,0x00,0x00,0x00,0x00,0x00,0x00,0x00,
    0x00,0x00,0x00,0x00,0xb0,0x72,0x1f,0x31,0xb4,0x6e,0x11,0xaf,0xba,0x6b,0x00,0xff,
    0xb7,0x69,0x00,0xff,0xb7,0x69,0x00,0xff,0xb7,0x69,0x00,0xff,0xb7,0x69,0x00,0xff,
    0xb7,0x69,0x00,0xff,0xb7,0x69,0x00,0xff,0xb7,0x69,0x00,0xff,0xb7,0x69,0x00,0xff,
    0xb7,0x69,0x00,0xff,0xb7,0x69,0x00,0xff,0xb7,0x69,0x00,0xff,0xb7,0x69,0x00,0xff,
    0xb7,0x69,0x00,0xff,0xb7,0x69,0x00,0xff,0xb7,0x69,0x00,0xff,0xb7,0x69,0x00,0xff,
    0xb7,0x69,0x00,0xff,0xb7,0x69,0x00,0xff,0xb7,0x69,0x00,0xff,0xb7,0x69,0x00,0xff,
    0xb7,0x69,0x00,0xff,0xb7,0x69,0x00,0xff,0xb7,0x69,0x00,0xff,0xb7,0x69,0x00,0xff,
    0xb9,0x6a,0x00,0xff,0xb7,0x69,0x00,0xff,0xb6,0x6d,0x00,0x1c,0x00,0x00,0x00,0x00,
    0x00,0x00,0x00,0x00,0x00,0x00,0x00,0x00,0x00,0x00,0x00,0x00,0x00,0x00,0x00,0x00,
    0x00,0x00,0x00,0x00,0x00,0x00,0x00,0x00,0x00,0x00,0x00,0x00,0x00,0x00,0x00,0x00,
    0x00,0x00,0x00,0x00,0x00,0x00,0x00,0x00,0x00,0x00,0x00,0x00,0x00,0x00,0x00,0x00,
    0x00,0x00,0x00,0x00,0x00,0x00,0x00,0x00,0x00,0x00,0x00,0x00,0x00,0x00,0x00,0x00,
    0x00,0x00,0x00,0x00,0x00,0x00,0x00,0x00,0x00,0x00,0x00,0x00,0x00,0x00,0x00,0x00,
    0x00,0x00,0x00,0x00,0x00,0x00,0x00,0x00,0x00,0x00,0x00,0x00,0x00,0x00,0x00,0x00,
    0x00,0x00,0x00,0x00,0x00,0x00,0x00,0x00,0x00,0x00,0x00,0x00,0x00,0x00,0x00,0x00,
    0x00,0x00,0x00,0x00,0x00,0x00,0x00,0x00,0x00,0x00,0x00,0x00,0x00,0x00,0x00,0x00,
    0x00,0x00,0x00,0x00,0x00,0x00,0x00,0x00,0x00,0x00,0x00,0x00,0x00,0x00,0x00,0x00,
    0x00,0x00,0x00,0x00,0x00,0x00,0x00,0x00,0x00,0x00,0x00,0x00,0x00,0x00,0x00,0x00,
    0x00,0x00,0x00,0x00,0x00,0x00,0x00,0x00,0x00,0x00,0x00,0x00,0x00,0x00,0x00,0x00,
    0x00,0x00,0x00,0x00,0x00,0x00,0x00,0x00,0x00,0x00,0x00,0x00,0x00,0x00,0x00,0x00,
    0x00,0x00,0x00,0x00,0x00,0x00,0x00,0x00,0x00,0x00,0x00,0x00,0x00,0x00,0x00,0x00,
    0x00,0x00,0x00,0x00,0x00,0x00,0x00,0x00,0x00,0x00,0x00,0x00,0x00,0x00,0x00,0x00,
    0x00,0x00,0x00,0x00,0x00,0x00,0x00,0x00,0x00,0x00,0x00,0x00,0x00,0x00,0x00,0x00,
    0x00,0x00,0x00,0x00,0x00,0x00,0x00,0x00,0x00,0x00,0x00,0x00,0x00,0x00,0x00,0x00,
    0x00,0x00,0x00,0x00,0x00,0x00,0x00,0x00,0x00,0x00,0x00,0x00,0x00,0x00,0x00,0x00,
    0x00,0x00,0x00,0x00,0x00,0x00,0x00,0x00,0x00,0x00,0x00,0x00,0x00,0x00,0x00,0x00,
    0x00,0x00,0x00,0x00,0x00,0x00,0x00,0x00,0x00,0x00,0x00,0x00,0x00,0x00,0x00,0x00,
    0x00,0x00,0x00,0x00,0x00,0x00,0x00,0x00,0x00,0x00,0x00,0x00,0x00,0x00,0x00,0x00,
    0x00,0x00,0x00,0x00,0x00,0x00,0x00,0x00,0x00,0x00,0x00,0x00,0x00,0x00,0x00,0x00,
    0x00,0x00,0x00,0x00,0x00,0x00,0x00,0x00,0x00,0x00,0x00,0x00,0x00,0x00,0x00,0x00,
    0x00,0x00,0x00,0x00,0x00,0x00,0x00,0x00,0x00,0x00,0x00,0x00,0x00,0x00,0x00,0x00,
    0x00,0x00,0x00,0x00,0x00,0x00,0x00,0x00,0x00,0x00,0x00,0x00,0x00,0x00,0x00,0x00,
    0x00,0x00,0x00,0x00,0xb0,0x72,0x1f,0x31,0xb4,0x6e,0x11,0xaf,0xba,0x6b,0x00,0xff,
    0xb7,0x69,0x00,0xff,0xb7,0x69,0x00,0xff,0xb7,0x69,0x00,0xff,0xb7,0x69,0x00,0xff,
    0xb7,0x69,0x00,0xff,0xb7,0x69,0x00,0xff,0xb7,0x69,0x00,0xff,0xb7,0x69,0x00,0xff,
    0xb7,0x69,0x00,0xff,0xb7,0x69,0x00,0xff,0xb7,0x69,0x00,0xff,0xb7,0x69,0x00,0xff,
    0xb7,0x69,0x00,0xff,0xb7,0x69,0x00,0xff,0xb7,0x69,0x00,0xff,0xb7,0x69,0x00,0xff,
    0xb7,0x69,0x00,0xff,0xb7,0x69,0x00,0xff,0xb7,0x69,0x00,0xff,0xb7,0x69,0x00,0xff,
    0xb7,0x69,0x00,0xff,0xb7,0x69,0x00,0xff,0xb7,0x69,0x00,0xff,0xb7,0x69,0x00,0xff,
    0xb9,0x6a,0x00,0xff,0xb7,0x69,0x00,0xff,0xb6,0x6d,0x00,0x1c,0x00,0x00,0x00,0x00,
    0x00,0x00,0x00,0x00,0x00,0x00,0x00,0x00,0x00,0x00,0x00,0x00,0x00,0x00,0x00,0x00,
    0x00,0x00,0x00,0x00,0x00,0x00,0x00,0x00,0x00,0x00,0x00,0x00,0x00,0x00,0x00,0x00,
    0x00,0x00,0x00,0x00,0x00,0x00,0x00,0x00,0x00,0x00,0x00,0x00,0x00,0x00,0x00,0x00,
    0x00,0x00,0x00,0x00,0x00,0x00,0x00,0x00,0x00,0x00,0x00,0x00,0x00,0x00,0x00,0x00,
    0x00,0x00,0x00,0x00,0x00,0x00,0x00,0x00,0x00,0x00,0x00,0x00,0x00,0x00,0x00,0x00,
    0x00,0x00,0x00,0x00,0x00,0x00,0x00,0x00,0x00,0x00,0x00,0x00,0x00,0x00,0x00,0x00,
    0x00,0x00,0x00,0x00,0x00,0x00,0x00,0x00,0x00,0x00,0x00,0x00,0x00,0x00,0x00,0x00,
    0x00,0x00,0x00,0x00,0x00,0x00,0x00,0x00,0x00,0x00,0x00,0x00,0x00,0x00,0x00,0x00,
    0x00,0x00,0x00,0x00,0x00,0x00,0x00,0x00,0x00,0x00,0x00,0x00,0x00,0x00,0x00,0x00,
    0x00,0x00,0x00,0x00,0x00,0x00,0x00,0x00,0x00,0x00,0x00,0x00,0x00,0x00,0x00,0x00,
    0x00,0x00,0x00,0x00,0x00,0x00,0x00,0x00,0x00,0x00,0x00,0x00,0x00,0x00,0x00,0x00,
    0x00,0x00,0x00,0x00,0x00,0x00,0x00,0x00,0x00,0x00,0x00,0x00,0x00,0x00,0x00,0x00,
    0x00,0x00,0x00,0x00,0x00,0x00,0x00,0x00,0x00,0x00,0x00,0x00,0x00,0x00,0x00,0x00,
    0x00,0x00,0x00,0x00,0x00,0x00,0x00,0x00,0x00,0x00,0x00,0x00,0x00,0x00,0x00,0x00,
    0x00,0x00,0x00,0x00,0x00,0x00,0x00,0x00,0x00,0x00,0x00,0x00,0x00,0x00,0x00,0x00,
    0x00,0x00,0x00,0x00,0x00,0x00,0x00,0x00,0x00,0x00,0x00,0x00,0x00,0x00,0x00,0x00,
    0x00,0x00,0x00,0x00,0x00,0x00,0x00,0x00,0x00,0x00,0x00,0x00,0x00,0x00,0x00,0x00,
    0x00,0x00,0x00,0x00,0x00,0x00,0x00,0x00,0x00,0x00,0x00,0x00,0x00,0x00,0x00,0x00,
    0x00,0x00,0x00,0x00,0x00,0x00,0x00,0x00,0x00,0x00,0x00,0x00,0x00,0x00,0x00,0x00,
    0x00,0x00,0x00,0x00,0x00,0x00,0x00,0x00,0x00,0x00,0x00,0x00,0x00,0x00,0x00,0x00,
    0x00,0x00,0x00,0x00,0x00,0x00,0x00,0x00,0x00,0x00,0x00,0x00,0x00,0x00,0x00,0x00,
    0x00,0x00,0x00,0x00,0x00,0x00,0x00,0x00,0x00,0x00,0x00,0x00,0x00,0x00,0x00,0x00,
    0x00,0x00,0x00,0x00,0x00,0x00,0x00,0x00,0x00,0x00,0x00,0x00,0x00,0x00,0x00,0x00,
    0x00,0x00,0x00,0x00,0x00,0x00,0x00,0x00,0x00,0x00,0x00,0x00,0x00,0x00,0x00,0x00,
    0x00,0x00,0x00,0x00,0xb0,0x72,0x1f,0x31,0xb3,0x6d,0x11,0xaf,0xb9,0x6a,0x00,0xff,
    0xb6,0x68,0x00,0xff,0xb6,0x68,0x00,0xff,0xb6,0x68,0x00,0xff,0xb6,0x68,0x00,0xff,
    0xb6,0x68,0x00,0xff,0xb6,0x68,0x00,0xff,0xb6,0x68,0x00,0xff,0xb6,0x68,0x00,0xff,
    0xb6,0x68,0x00,0xff,0xb6,0x68,0x00,0xff,0xb6,0x68,0x00,0xff,0xb6,0x68,0x00,0xff,
    0xb6,0x68,0x00,0xff,0xb6,0x68,0x00,0xff,0xb6,0x68,0x00,0xff,0xb6,0x68,0x00,0xff,
    0xb6,0x68,0x00,0xff,0xb6,0x68,0x00,0xff,0xb6,0x68,0x00,0xff,0xb6,0x68,0x00,0xff,
    0xb6,0x68,0x00,0xff,0xb6,0x68,0x00,0xff,0xb6,0x68,0x00,0xff,0xb6,0x68,0x00,0xff,
    0xb8,0x69,0x00,0xff,0xb6,0x68,0x00,0xff,0xb6,0x6d,0x00,0x1c,0x00,0x00,0x00,0x00,
    0x00,0x00,0x00,0x00,0x00,0x00,0x00,0x00,0x00,0x00,0x00,0x00,0x00,0x00,0x00,0x00,
    0x00,0x00,0x00,0x00,0x00,0x00,0x00,0x00,0x00,0x00,0x00,0x00,0x00,0x00,0x00,0x00,
    0x00,0x00,0x00,0x00,0x00,0x00,0x00,0x00,0x00,0x00,0x00,0x00,0x00,0x00,0x00,0x00,
    0x00,0x00,0x00,0x00,0x00,0x00,0x00,0x00,0x00,0x00,0x00,0x00,0x00,0x00,0x00,0x00,
    0x00,0x00,0x00,0x00,0x00,0x00,0x00,0x00,0x00,0x00,0x00,0x00,0x00,0x00,0x00,0x00,
    0x00,0x00,0x00,0x00,0x00,0x00,0x00,0x00,0x00,0x00,0x00,0x00,0x00,0x00,0x00,0x00,
    0x00,0x00,0x00,0x00,0x00,0x00,0x00,0x00,0x00,0x00,0x00,0x00,0x00,0x00,0x00,0x00,
    0x00,0x00,0x00,0x00,0x00,0x00,0x00,0x00,0x00,0x00,0x00,0x00,0x00,0x00,0x00,0x00,
    0x00,0x00,0x00,0x00,0x00,0x00,0x00,0x00,0x00,0x00,0x00,0x00,0x00,0x00,0x00,0x00,
    0x00,0x00,0x00,0x00,0x00,0x00,0x00,0x00,0x00,0x00,0x00,0x00,0x00,0x00,0x00,0x00,
    0x00,0x00,0x00,0x00,0x00,0x00,0x00,0x00,0x00,0x00,0x00,0x00,0x00,0x00,0x00,0x00,
    0x00,0x00,0x00,0x00,0x00,0x00,0x00,0x00,0x00,0x00,0x00,0x00,0x00,0x00,0x00,0x00,
    0x00,0x00,0x00,0x00,0x00,0x00,0x00,0x00,0x00,0x00,0x00,0x00,0x00,0x00,0x00,0x00,
    0x00,0x00,0x00,0x00,0x00,0x00,0x00,0x00,0x00,0x00,0x00,0x00,0x00,0x00,0x00,0x00,
    0x00,0x00,0x00,0x00,0x00,0x00,0x00,0x00,0x00,0x00,0x00,0x00,0x00,0x00,0x00,0x00,
    0x00,0x00,0x00,0x00,0x00,0x00,0x00,0x00,0x00,0x00,0x00,0x00,0x00,0x00,0x00,0x00,
    0x00,0x00,0x00,0x00,0x00,0x00,0x00,0x00,0x00,0x00,0x00,0x00,0x00,0x00,0x00,0x00,
    0x00,0x00,0x00,0x00,0x00,0x00,0x00,0x00,0x00,0x00,0x00,0x00,0x00,0x00,0x00,0x00,
    0x00,0x00,0x00,0x00,0x00,0x00,0x00,0x00,0x00,0x00,0x00,0x00,0x00,0x00,0x00,0x00,
    0x00,0x00,0x00,0x00,0x00,0x00,0x00,0x00,0x00,0x00,0x00,0x00,0x00,0x00,0x00,0x00,
    0x00,0x00,0x00,0x00,0x00,0x00,0x00,0x00,0x00,0x00,0x00,0x00,0x00,0x00,0x00,0x00,
    0x00,0x00,0x00,0x00,0x00,0x00,0x00,0x00,0x00,0x00,0x00,0x00,0x00,0x00,0x00,0x00,
    0x00,0x00,0x00,0x00,0x00,0x00,0x00,0x00,0x00,0x00,0x00,0x00,0x00,0x00,0x00,0x00,
    0x00,0x00,0x00,0x00,0x00,0x00,0x00,0x00,0x00,0x00,0x00,0x00,0x00,0x00,0x00,0x00,
    0x00,0x00,0x00,0x00,0xb0,0x72,0x1f,0x31,0xb3,0x6d,0x11,0xaf,0xb9,0x6a,0x00,0xff,
    0xb6,0x68,0x00,0xff,0xb6,0x68,0x00,0xff,0xb6,0x68,0x00,0xff,0xb6,0x68,0x00,0xff,
    0xb6,0x68,0x00,0xff,0xb6,0x68,0x00,0xff,0xb6,0x68,0x00,0xff,0xb6,0x68,0x00,0xff,
    0xb6,0x68,0x00,0xff,0xb6,0x68,0x00,0xff,0xb6,0x68,0x00,0xff,0xb6,0x68,0x00,0xff,
    0xb6,0x68,0x00,0xff,0xb6,0x68,0x00,0xff,0xb6,0x68,0x00,0xff,0xb6,0x68,0x00,0xff,
    0xb6,0x68,0x00,0xff,0xb6,0x68,0x00,0xff,0xb6,0x68,0x00,0xff,0xb6,0x68,0x00,0xff,
    0xb6,0x68,0x00,0xff,0xb6,0x68,0x00,0xff,0xb6,0x68,0x00,0xff,0xb6,0x68,0x00,0xff,
    0xb8,0x69,0x00,0xff,0xb6,0x68,0x00,0xff,0xb6,0x6d,0x00,0x1c,0x00,0x00,0x00,0x00,
    0x00,0x00,0x00,0x00,0x00,0x00,0x00,0x00,0x00,0x00,0x00,0x00,0x00,0x00,0x00,0x00,
    0x00,0x00,0x00,0x00,0x00,0x00,0x00,0x00,0x00,0x00,0x00,0x00,0x00,0x00,0x00,0x00,
    0x00,0x00,0x00,0x00,0x00,0x00,0x00,0x00,0x00,0x00,0x00,0x00,0x00,0x00,0x00,0x00,
    0x00,0x00,0x00,0x00,0x00,0x00,0x00,0x00,0x00,0x00,0x00,0x00,0x00,0x00,0x00,0x00,
    0x00,0x00,0x00,0x00,0x00,0x00,0x00,0x00,0x00,0x00,0x00,0x00,0x00,0x00,0x00,0x00,
    0x00,0x00,0x00,0x00,0x00,0x00,0x00,0x00,0x00,0x00,0x00,0x00,0x00,0x00,0x00,0x00,
    0x00,0x00,0x00,0x00,0x00,0x00,0x00,0x00,0x00,0x00,0x00,0x00,0x00,0x00,0x00,0x00,
    0x00,0x00,0x00,0x00,0x00,0x00,0x00,0x00,0x00,0x00,0x00,0x00,0x00,0x00,0x00,0x00,
    0x00,0x00,0x00,0x00,0x00,0x00,0x00,0x00,0x00,0x00,0x00,0x00,0x00,0x00,0x00,0x00,
    0x00,0x00,0x00,0x00,0x00,0x00,0x00,0x00,0x00,0x00,0x00,0x00,0x00,0x00,0x00,0x00,
    0x00,0x00,0x00,0x00,0x00,0x00,0x00,0x00,0x00,0x00,0x00,0x00,0x00,0x00,0x00,0x00,
    0x00,0x00,0x00,0x00,0x00,0x00,0x00,0x00,0x00,0x00,0x00,0x00,0x00,0x00,0x00,0x00,
    0x00,0x00,0x00,0x00,0x00,0x00,0x00,0x00,0x00,0x00,0x00,0x00,0x00,0x00,0x00,0x00,
    0x00,0x00,0x00,0x00,0x00,0x00,0x00,0x00,0x00,0x00,0x00,0x00,0x00,0x00,0x00,0x00,
    0x00,0x00,0x00,0x00,0x00,0x00,0x00,0x00,0x00,0x00,0x00,0x00,0x00,0x00,0x00,0x00,
    0x00,0x00,0x00,0x00,0x00,0x00,0x00,0x00,0x00,0x00,0x00,0x00,0x00,0x00,0x00,0x00,
    0x00,0x00,0x00,0x00,0x00,0x00,0x00,0x00,0x00,0x00,0x00,0x00,0x00,0x00,0x00,0x00,
    0x00,0x00,0x00,0x00,0x00,0x00,0x00,0x00,0x00,0x00,0x00,0x00,0x00,0x00,0x00,0x00,
    0x00,0x00,0x00,0x00,0x00,0x00,0x00,0x00,0x00,0x00,0x00,0x00,0x00,0x00,0x00,0x00,
    0x00,0x00,0x00,0x00,0x00,0x00,0x00,0x00,0x00,0x00,0x00,0x00,0x00,0x00,0x00,0x00,
    0x00,0x00,0x00,0x00,0x00,0x00,0x00,0x00,0x00,0x00,0x00,0x00,0x00,0x00,0x00,0x00,
    0x00,0x00,0x00,0x00,0x00,0x00,0x00,0x00,0x00,0x00,0x00,0x00,0x00,0x00,0x00,0x00,
    0x00,0x00,0x00,0x00,0x00,0x00,0x00,0x00,0x00,0x00,0x00,0x00,0x00,0x00,0x00,0x00,
    0x00,0x00,0x00,0x00,0x00,0x00,0x00,0x00,0x00,0x00,0x00,0x00,0x00,0x00,0x00,0x00,
    0x00,0x00,0x00,0x00,0xb0,0x72,0x1f,0x31,0xb3,0x6d,0x11,0xaf,0xb8,0x69,0x00,0xff,
    0xb5,0x67,0x00,0xff,0xb5,0x67,0x00,0xff,0xb5,0x67,0x00,0xff,0xb5,0x67,0x00,0xff,
    0xb5,0x67,0x00,0xff,0xb5,0x67,0x00,0xff,0xb5,0x67,0x00,0xff,0xb5,0x67,0x00,0xff,
    0xb5,0x67,0x00,0xff,0xb5,0x67,0x00,0xff,0xb5,0x67,0x00,0xff,0xb5,0x67,0x00,0xff,
    0xb5,0x67,0x00,0xff,0xb5,0x67,0x00,0xff,0xb5,0x67,0x00,0xff,0xb5,0x67,0x00,0xff,
    0xb5,0x67,0x00,0xff,0xb5,0x67,0x00,0xff,0xb5,0x67,0x00,0xff,0xb5,0x67,0x00,0xff,
    0xb5,0x67,0x00,0xff,0xb5,0x67,0x00,0xff,0xb5,0x67,0x00,0xff,0xb5,0x67,0x00,0xff,
    0xb7,0x68,0x00,0xff,0xb5,0x67,0x00,0xff,0xb6,0x64,0x00,0x1c,0x00,0x00,0x00,0x00,
    0x00,0x00,0x00,0x00,0x00,0x00,0x00,0x00,0x00,0x00,0x00,0x00,0x00,0x00,0x00,0x00,
    0x00,0x00,0x00,0x00,0x00,0x00,0x00,0x00,0x00,0x00,0x00,0x00,0x00,0x00,0x00,0x00,
    0x00,0x00,0x00,0x00,0x00,0x00,0x00,0x00,0x00,0x00,0x00,0x00,0x00,0x00,0x00,0x00,
    0x00,0x00,0x00,0x00,0x00,0x00,0x00,0x00,0x00,0x00,0x00,0x00,0x00,0x00,0x00,0x00,
    0x00,0x00,0x00,0x00,0x00,0x00,0x00,0x00,0x00,0x00,0x00,0x00,0x00,0x00,0x00,0x00,
    0x00,0x00,0x00,0x00,0x00,0x00,0x00,0x00,0x00,0x00,0x00,0x00,0x00,0x00,0x00,0x00,
    0x00,0x00,0x00,0x00,0x00,0x00,0x00,0x00,0x00,0x00,0x00,0x00,0x00,0x00,0x00,0x00,
    0x00,0x00,0x00,0x00,0x00,0x00,0x00,0x00,0x00,0x00,0x00,0x00,0x00,0x00,0x00,0x00,
    0x00,0x00,0x00,0x00,0x00,0x00,0x00,0x00,0x00,0x00,0x00,0x00,0x00,0x00,0x00,0x00,
    0x00,0x00,0x00,0x00,0x00,0x00,0x00,0x00,0x00,0x00,0x00,0x00,0x00,0x00,0x00,0x00,
    0x00,0x00,0x00,0x00,0x00,0x00,0x00,0x00,0x00,0x00,0x00,0x00,0x00,0x00,0x00,0x00,
    0x00,0x00,0x00,0x00,0x00,0x00,0x00,0x00,0x00,0x00,0x00,0x00,0x00,0x00,0x00,0x00,
    0x00,0x00,0x00,0x00,0x00,0x00,0x00,0x00,0x00,0x00,0x00,0x00,0x00,0x00,0x00,0x00,
    0x00,0x00,0x00,0x00,0x00,0x00,0x00,0x00,0x00,0x00,0x00,0x00,0x00,0x00,0x00,0x00,
    0x00,0x00,0x00,0x00,0x00,0x00,0x00,0x00,0x00,0x00,0x00,0x00,0x00,0x00,0x00,0x00,
    0x00,0x00,0x00,0x00,0x00,0x00,0x00,0x00,0x00,0x00,0x00,0x00,0x00,0x00,0x00,0x00,
    0x00,0x00,0x00,0x00,0x00,0x00,0x00,0x00,0x00,0x00,0x00,0x00,0x00,0x00,0x00,0x00,
    0x00,0x00,0x00,0x00,0x00,0x00,0x00,0x00,0x00,0x00,0x00,0x00,0x00,0x00,0x00,0x00,
    0x00,0x00,0x00,0x00,0x00,0x00,0x00,0x00,0x00,0x00,0x00,0x00,0x00,0x00,0x00,0x00,
    0x00,0x00,0x00,0x00,0x00,0x00,0x00,0x00,0x00,0x00,0x00,0x00,0x00,0x00,0x00,0x00,
    0x00,0x00,0x00,0x00,0x00,0x00,0x00,0x00,0x00,0x00,0x00,0x00,0x00,0x00,0x00,0x00,
    0x00,0x00,0x00,0x00,0x00,0x00,0x00,0x00,0x00,0x00,0x00,0x00,0x00,0x00,0x00,0x00,
    0x00,0x00,0x00,0x00,0x00,0x00,0x00,0x00,0x00,0x00,0x00,0x00,0x00,0x00,0x00,0x00,
    0x00,0x00,0x00,0x00,0x00,0x00,0x00,0x00,0x00,0x00,0x00,0x00,0x00,0x00,0x00,0x00,
    0x00,0x00,0x00,0x00,0xb0,0x72,0x1f,0x31,0xb3,0x6d,0x11,0xaf,0xb8,0x69,0x00,0xff,
    0xb5,0x67,0x00,0xff,0xb5,0x67,0x00,0xff,0xb5,0x67,0x00,0xff,0xb5,0x67,0x00,0xff,
    0xb5,0x67,0x00,0xff,0xb5,0x67,0x00,0xff,0xb5,0x67,0x00,0xff,0xb5,0x67,0x00,0xff,
    0xb5,0x67,0x00,0xff,0xb5,0x67,0x00,0xff,0xb5,0x67,0x00,0xff,0xb5,0x67,0x00,0xff,
    0xb5,0x67,0x00,0xff,0xb5,0x67,0x00,0xff,0xb5,0x67,0x00,0xff,0xb5,0x67,0x00,0xff,
    0xb5,0x67,0x00,0xff,0xb5,0x67,0x00,0xff,0xb5,0x67,0x00,0xff,0xb5,0x67,0x00,0xff,
    0xb5,0x67,0x00,0xff,0xb5,0x67,0x00,0xff,0xb5,0x67,0x00,0xff,0xb5,0x67,0x00,0xff,
    0xb7,0x68,0x00,0xff,0xb5,0x67,0x00,0xff,0xb6,0x64,0x00,0x1c,0x00,0x00,0x00,0x00,
    0x00,0x00,0x00,0x00,0x00,0x00,0x00,0x00,0x00,0x00,0x00,0x00,0x00,0x00,0x00,0x00,
    0x00,0x00,0x00,0x00,0x00,0x00,0x00,0x00,0x00,0x00,0x00,0x00,0x00,0x00,0x00,0x00,
    0x00,0x00,0x00,0x00,0x00,0x00,0x00,0x00,0x00,0x00,0x00,0x00,0x00,0x00,0x00,0x00,
    0x00,0x00,0x00,0x00,0x00,0x00,0x00,0x00,0x00,0x00,0x00,0x00,0x00,0x00,0x00,0x00,
    0x00,0x00,0x00,0x00,0x00,0x00,0x00,0x00,0x00,0x00,0x00,0x00,0x00,0x00,0x00,0x00,
    0x00,0x00,0x00,0x00,0x00,0x00,0x00,0x00,0x00,0x00,0x00,0x00,0x00,0x00,0x00,0x00,
    0x00,0x00,0x00,0x00,0x00,0x00,0x00,0x00,0x00,0x00,0x00,0x00,0x00,0x00,0x00,0x00,
    0x00,0x00,0x00,0x00,0x00,0x00,0x00,0x00,0x00,0x00,0x00,0x00,0x00,0x00,0x00,0x00,
    0x00,0x00,0x00,0x00,0x00,0x00,0x00,0x00,0x00,0x00,0x00,0x00,0x00,0x00,0x00,0x00,
    0x00,0x00,0x00,0x00,0x00,0x00,0x00,0x00,0x00,0x00,0x00,0x00,0x00,0x00,0x00,0x00,
    0x00,0x00,0x00,0x00,0x00,0x00,0x00,0x00,0x00,0x00,0x00,0x00,0x00,0x00,0x00,0x00,
    0x00,0x00,0x00,0x00,0x00,0x00,0x00,0x00,0x00,0x00,0x00,0x00,0x00,0x00,0x00,0x00,
    0x00,0x00,0x00,0x00,0x00,0x00,0x00,0x00,0x00,0x00,0x00,0x00,0x00,0x00,0x00,0x00,
    0x00,0x00,0x00,0x00,0x00,0x00,0x00,0x00,0x00,0x00,0x00,0x00,0x00,0x00,0x00,0x00,
    0x00,0x00,0x00,0x00,0x00,0x00,0x00,0x00,0x00,0x00,0x00,0x00,0x00,0x00,0x00,0x00,
    0x00,0x00,0x00,0x00,0x00,0x00,0x00,0x00,0x00,0x00,0x00,0x00,0x00,0x00,0x00,0x00,
    0x00,0x00,0x00,0x00,0x00,0x00,0x00,0x00,0x00,0x00,0x00,0x00,0x00,0x00,0x00,0x00,
    0x00,0x00,0x00,0x00,0x00,0x00,0x00,0x00,0x00,0x00,0x00,0x00,0x00,0x00,0x00,0x00,
    0x00,0x00,0x00,0x00,0x00,0x00,0x00,0x00,0x00,0x00,0x00,0x00,0x00,0x00,0x00,0x00,
    0x00,0x00,0x00,0x00,0x00,0x00,0x00,0x00,0x00,0x00,0x00,0x00,0x00,0x00,0x00,0x00,
    0x00,0x00,0x00,0x00,0x00,0x00,0x00,0x00,0x00,0x00,0x00,0x00,0x00,0x00,0x00,0x00,
    0x00,0x00,0x00,0x00,0x00,0x00,0x00,0x00,0x00,0x00,0x00,0x00,0x00,0x00,0x00,0x00,
    0x00,0x00,0x00,0x00,0x00,0x00,0x00,0x00,0x00,0x00,0x00,0x00,0x00,0x00,0x00,0x00,
    0x00,0x00,0x00,0x00,0x00,0x00,0x00,0x00,0x00,0x00,0x00,0x00,0x00,0x00,0x00,0x00,
    0x00,0x00,0x00,0x00,0xb0,0x72,0x1f,0x31,0xb3,0x6b,0x11,0xaf,0xb8,0x68,0x00,0xff,
    0xb5,0x66,0x00,0xff,0xb5,0x66,0x00,0xff,0xb5,0x66,0x00,0xff,0xb5,0x66,0x00,0xff,
    0xb5,0x66,0x00,0xff,0xb5,0x66,0x00,0xff,0xb5,0x66,0x00,0xff,0xb5,0x66,0x00,0xff,
    0xb5,0x66,0x00,0xff,0xb5,0x66,0x00,0xff,0xb5,0x66,0x00,0xff,0xb5,0x66,0x00,0xff,
    0xb5,0x66,0x00,0xff,0xb5,0x66,0x00,0xff,0xb5,0x66,0x00,0xff,0xb5,0x66,0x00,0xff,
    0xb5,0x66,0x00,0xff,0xb5,0x66,0x00,0xff,0xb5,0x66,0x00,0xff,0xb5,0x66,0x00,0xff,
    0xb5,0x66,0x00,0xff,0xb5,0x66,0x00,0xff,0xb5,0x66,0x00,0xff,0xb5,0x66,0x00,0xff,
    0xb7,0x67,0x00,0xff,0xb5,0x66,0x00,0xff,0xb6,0x64,0x00,0x1c,0x00,0x00,0x00,0x00,
    0x00,0x00,0x00,0x00,0x00,0x00,0x00,0x00,0x00,0x00,0x00,0x00,0x00,0x00,0x00,0x00,
    0x00,0x00,0x00,0x00,0x00,0x00,0x00,0x00,0x00,0x00,0x00,0x00,0x00,0x00,0x00,0x00,
    0x00,0x00,0x00,0x00,0x00,0x00,0x00,0x00,0x00,0x00,0x00,0x00,0x00,0x00,0x00,0x00,
    0x00,0x00,0x00,0x00,0x00,0x00,0x00,0x00,0x00,0x00,0x00,0x00,0x00,0x00,0x00,0x00,
    0x00,0x00,0x00,0x00,0x00,0x00,0x00,0x00,0x00,0x00,0x00,0x00,0x00,0x00,0x00,0x00,
    0x00,0x00,0x00,0x00,0x00,0x00,0x00,0x00,0x00,0x00,0x00,0x00,0x00,0x00,0x00,0x00,
    0x00,0x00,0x00,0x00,0x00,0x00,0x00,0x00,0x00,0x00,0x00,0x00,0x00,0x00,0x00,0x00,
    0x00,0x00,0x00,0x00,0x00,0x00,0x00,0x00,0x00,0x00,0x00,0x00,0x00,0x00,0x00,0x00,
    0x00,0x00,0x00,0x00,0x00,0x00,0x00,0x00,0x00,0x00,0x00,0x00,0x00,0x00,0x00,0x00,
    0x00,0x00,0x00,0x00,0x00,0x00,0x00,0x00,0x00,0x00,0x00,0x00,0x00,0x00,0x00,0x00,
    0x00,0x00,0x00,0x00,0x00,0x00,0x00,0x00,0x00,0x00,0x00,0x00,0x00,0x00,0x00,0x00,
    0x00,0x00,0x00,0x00,0x00,0x00,0x00,0x00,0x00,0x00,0x00,0x00,0x00,0x00,0x00,0x00,
    0x00,0x00,0x00,0x00,0x00,0x00,0x00,0x00,0x00,0x00,0x00,0x00,0x00,0x00,0x00,0x00,
    0x00,0x00,0x00,0x00,0x00,0x00,0x00,0x00,0x00,0x00,0x00,0x00,0x00,0x00,0x00,0x00,
    0x00,0x00,0x00,0x00,0x00,0x00,0x00,0x00,0x00,0x00,0x00,0x00,0x00,0x00,0x00,0x00,
    0x00,0x00,0x00,0x00,0x00,0x00,0x00,0x00,0x00,0x00,0x00,0x00,0x00,0x00,0x00,0x00,
    0x00,0x00,0x00,0x00,0x00,0x00,0x00,0x00,0x00,0x00,0x00,0x00,0x00,0x00,0x00,0x00,
    0x00,0x00,0x00,0x00,0x00,0x00,0x00,0x00,0x00,0x00,0x00,0x00,0x00,0x00,0x00,0x00,
    0x00,0x00,0x00,0x00,0x00,0x00,0x00,0x00,0x00,0x00,0x00,0x00,0x00,0x00,0x00,0x00,
    0x00,0x00,0x00,0x00,0x00,0x00,0x00,0x00,0x00,0x00,0x00,0x00,0x00,0x00,0x00,0x00,
    0x00,0x00,0x00,0x00,0x00,0x00,0x00,0x00,0x00,0x00,0x00,0x00,0x00,0x00,0x00,0x00,
    0x00,0x00,0x00,0x00,0x00,0x00,0x00,0x00,0x00,0x00,0x00,0x00,0x00,0x00,0x00,0x00,
    0x00,0x00,0x00,0x00,0x00,0x00,0x00,0x00,0x00,0x00,0x00,0x00,0x00,0x00,0x00,0x00,
    0x00,0x00,0x00,0x00,0x00,0x00,0x00,0x00,0x00,0x00,0x00,0x00,0x00,0x00,0x00,0x00,
    0x00,0x00,0x00,0x00,0xb0,0x72,0x1f,0x31,0xb3,0x6b,0x11,0xaf,0xb8,0x68,0x00,0xff,
    0xb5,0x66,0x00,0xff,0xb5,0x66,0x00,0xff,0xb5,0x66,0x00,0xff,0xb5,0x66,0x00,0xff,
    0xb5,0x66,0x00,0xff,0xb5,0x66,0x00,0xff,0xb5,0x66,0x00,0xff,0xb5,0x66,0x00,0xff,
    0xb5,0x66,0x00,0xff,0xb5,0x66,0x00,0xff,0xb5,0x66,0x00,0xff,0xb5,0x66,0x00,0xff,
    0xb5,0x66,0x00,0xff,0xb5,0x66,0x00,0xff,0xb5,0x66,0x00,0xff,0xb5,0x66,0x00,0xff,
    0xb5,0x66,0x00,0xff,0xb5,0x66,0x00,0xff,0xb5,0x66,0x00,0xff,0xb5,0x66,0x00,0xff,
    0xb5,0x66,0x00,0xff,0xb5,0x66,0x00,0xff,0xb5,0x66,0x00,0xff,0xb5,0x66,0x00,0xff,
    0xb7,0x67,0x00,0xff,0xb5,0x66,0x00,0xff,0xb6,0x64,0x00,0x1c,0x00,0x00,0x00,0x00,
    0x00,0x00,0x00,0x00,0x00,0x00,0x00,0x00,0x00,0x00,0x00,0x00,0x00,0x00,0x00,0x00,
    0x00,0x00,0x00,0x00,0x00,0x00,0x00,0x00,0x00,0x00,0x00,0x00,0x00,0x00,0x00,0x00,
    0x00,0x00,0x00,0x00,0x00,0x00,0x00,0x00,0x00,0x00,0x00,0x00,0x00,0x00,0x00,0x00,
    0x00,0x00,0x00,0x00,0x00,0x00,0x00,0x00,0x00,0x00,0x00,0x00,0x00,0x00,0x00,0x00,
    0x00,0x00,0x00,0x00,0x00,0x00,0x00,0x00,0x00,0x00,0x00,0x00,0x00,0x00,0x00,0x00,
    0x00,0x00,0x00,0x00,0x00,0x00,0x00,0x00,0x00,0x00,0x00,0x00,0x00,0x00,0x00,0x00,
    0x00,0x00,0x00,0x00,0x00,0x00,0x00,0x00,0x00,0x00,0x00,0x00,0x00,0x00,0x00,0x00,
    0x00,0x00,0x00,0x00,0x00,0x00,0x00,0x00,0x00,0x00,0x00,0x00,0x00,0x00,0x00,0x00,
    0x00,0x00,0x00,0x00,0x00,0x00,0x00,0x00,0x00,0x00,0x00,0x00,0x00,0x00,0x00,0x00,
    0x00,0x00,0x00,0x00,0x00,0x00,0x00,0x00,0x00,0x00,0x00,0x00,0x00,0x00,0x00,0x00,
    0x00,0x00,0x00,0x00,0x00,0x00,0x00,0x00,0x00,0x00,0x00,0x00,0x00,0x00,0x00,0x00,
    0x00,0x00,0x00,0x00,0x00,0x00,0x00,0x00,0x00,0x00,0x00,0x00,0x00,0x00,0x00,0x00,
    0x00,0x00,0x00,0x00,0x00,0x00,0x00,0x00,0x00,0x00,0x00,0x00,0x00,0x00,0x00,0x00,
    0x00,0x00,0x00,0x00,0x00,0x00,0x00,0x00,0x00,0x00,0x00,0x00,0x00,0x00,0x00,0x00,
    0x00,0x00,0x00,0x00,0x00,0x00,0x00,0x00,0x00,0x00,0x00,0x00,0x00,0x00,0x00,0x00,
    0x00,0x00,0x00,0x00,0x00,0x00,0x00,0x00,0x00,0x00,0x00,0x00,0x00,0x00,0x00,0x00,
    0x00,0x00,0x00,0x00,0x00,0x00,0x00,0x00,0x00,0x00,0x00,0x00,0x00,0x00,0x00,0x00,
    0x00,0x00,0x00,0x00,0x00,0x00,0x00,0x00,0x00,0x00,0x00,0x00,0x00,0x00,0x00,0x00,
    0x00,0x00,0x00,0x00,0x00,0x00,0x00,0x00,0x00,0x00,0x00,0x00,0x00,0x00,0x00,0x00,
    0x00,0x00,0x00,0x00,0x00,0x00,0x00,0x00,0x00,0x00,0x00,0x00,0x00,0x00,0x00,0x00,
    0x00,0x00,0x00,0x00,0x00,0x00,0x00,0x00,0x00,0x00,0x00,0x00,0x00,0x00,0x00,0x00,
    0x00,0x00,0x00,0x00,0x00,0x00,0x00,0x00,0x00,0x00,0x00,0x00,0x00,0x00,0x00,0x00,
    0x00,0x00,0x00,0x00,0x00,0x00,0x00,0x00,0x00,0x00,0x00,0x00,0x00,0x00,0x00,0x00,
    0x00,0x00,0x00,0x00,0x00,0x00,0x00,0x00,0x00,0x00,0x00,0x00,0x00,0x00,0x00,0x00,
    0x00,0x00,0x00,0x00,0xb0,0x72,0x1f,0x31,0xb1,0x6b,0x11,0xaf,0xb7,0x68,0x00,0xff,
    0xb4,0x66,0x00,0xff,0xb4,0x66,0x00,0xff,0xb4,0x66,0x00,0xff,0xb4,0x66,0x00,0xff,
    0xb4,0x66,0x00,0xff,0xb4,0x66,0x00,0xff,0xb4,0x66,0x00,0xff,0xb4,0x66,0x00,0xff,
    0xb4,0x66,0x00,0xff,0xb4,0x66,0x00,0xff,0xb4,0x66,0x00,0xff,0xb4,0x66,0x00,0xff,
    0xb4,0x66,0x00,0xff,0xb4,0x66,0x00,0xff,0xb4,0x66,0x00,0xff,0xb4,0x66,0x00,0xff,
    0xb4,0x66,0x00,0xff,0xb4,0x66,0x00,0xff,0xb4,0x66,0x00,0xff,0xb4,0x66,0x00,0xff,
    0xb4,0x66,0x00,0xff,0xb4,0x66,0x00,0xff,0xb4,0x66,0x00,0xff,0xb4,0x66,0x00,0xff,
    0xb6,0x67,0x00,0xff,0xb4,0x66,0x00,0xff,0xb6,0x64,0x00,0x1c,0x00,0x00,0x00,0x00,
    0x00,0x00,0x00,0x00,0x00,0x00,0x00,0x00,0x00,0x00,0x00,0x00,0x00,0x00,0x00,0x00,
    0x00,0x00,0x00,0x00,0x00,0x00,0x00,0x00,0x00,0x00,0x00,0x00,0x00,0x00,0x00,0x00,
    0x00,0x00,0x00,0x00,0x00,0x00,0x00,0x00,0x00,0x00,0x00,0x00,0x00,0x00,0x00,0x00,
    0x00,0x00,0x00,0x00,0x00,0x00,0x00,0x00,0x00,0x00,0x00,0x00,0x00,0x00,0x00,0x00,
    0x00,0x00,0x00,0x00,0x00,0x00,0x00,0x00,0x00,0x00,0x00,0x00,0x00,0x00,0x00,0x00,
    0x00,0x00,0x00,0x00,0x00,0x00,0x00,0x00,0x00,0x00,0x00,0x00,0x00,0x00,0x00,0x00,
    0x00,0x00,0x00,0x00,0x00,0x00,0x00,0x00,0x00,0x00,0x00,0x00,0x00,0x00,0x00,0x00,
    0x00,0x00,0x00,0x00,0x00,0x00,0x00,0x00,0x00,0x00,0x00,0x00,0x00,0x00,0x00,0x00,
    0x00,0x00,0x00,0x00,0x00,0x00,0x00,0x00,0x00,0x00,0x00,0x00,0x00,0x00,0x00,0x00,
    0x00,0x00,0x00,0x00,0x00,0x00,0x00,0x00,0x00,0x00,0x00,0x00,0x00,0x00,0x00,0x00,
    0x00,0x00,0x00,0x00,0x00,0x00,0x00,0x00,0x00,0x00,0x00,0x00,0x00,0x00,0x00,0x00,
    0x00,0x00,0x00,0x00,0x00,0x00,0x00,0x00,0x00,0x00,0x00,0x00,0x00,0x00,0x00,0x00,
    0x00,0x00,0x00,0x00,0x00,0x00,0x00,0x00,0x00,0x00,0x00,0x00,0x00,0x00,0x00,0x00,
    0x00,0x00,0x00,0x00,0x00,0x00,0x00,0x00,0x00,0x00,0x00,0x00,0x00,0x00,0x00,0x00,
    0x00,0x00,0x00,0x00,0x00,0x00,0x00,0x00,0x00,0x00,0x00,0x00,0x00,0x00,0x00,0x00,
    0x00,0x00,0x00,0x00,0x00,0x00,0x00,0x00,0x00,0x00,0x00,0x00,0x00,0x00,0x00,0x00,
    0x00,0x00,0x00,0x00,0x00,0x00,0x00,0x00,0x00,0x00,0x00,0x00,0x00,0x00,0x00,0x00,
    0x00,0x00,0x00,0x00,0x00,0x00,0x00,0x00,0x00,0x00,0x00,0x00,0x00,0x00,0x00,0x00,
    0x00,0x00,0x00,0x00,0x00,0x00,0x00,0x00,0x00,0x00,0x00,0x00,0x00,0x00,0x00,0x00,
    0x00,0x00,0x00,0x00,0x00,0x00,0x00,0x00,0x00,0x00,0x00,0x00,0x00,0x00,0x00,0x00,
    0x00,0x00,0x00,0x00,0x00,0x00,0x00,0x00,0x00,0x00,0x00,0x00,0x00,0x00,0x00,0x00,
    0x00,0x00,0x00,0x00,0x00,0x00,0x00,0x00,0x00,0x00,0x00,0x00,0x00,0x00,0x00,0x00,
    0x00,0x00,0x00,0x00,0x00,0x00,0x00,0x00,0x00,0x00,0x00,0x00,0x00,0x00,0x00,0x00,
    0x00,0x00,0x00,0x00,0x00,0x00,0x00,0x00,0x00,0x00,0x00,0x00,0x00,0x00,0x00,0x00,
    0x00,0x00,0x00,0x00,0xb0,0x72,0x1f,0x31,0xb1,0x6b,0x11,0xaf,0xb7,0x68,0x00,0xff,
    0xb4,0x66,0x00,0xff,0xb4,0x66,0x00,0xff,0xb4,0x66,0x00,0xff,0xb4,0x66,0x00,0xff,
    0xb4,0x66,0x00,0xff,0xb4,0x66,0x00,0xff,0xb4,0x66,0x00,0xff,0xb4,0x66,0x00,0xff,
    0xb4,0x66,0x00,0xff,0xb4,0x66,0x00,0xff,0xb4,0x66,0x00,0xff,0xb4,0x66,0x00,0xff,
    0xb4,0x66,0x00,0xff,0xb4,0x66,0x00,0xff,0xb4,0x66,0x00,0xff,0xb4,0x66,0x00,0xff,
    0xb4,0x66,0x00,0xff,0xb4,0x66,0x00,0xff,0xb4,0x66,0x00,0xff,0xb4,0x66,0x00,0xff,
    0xb4,0x66,0x00,0xff,0xb4,0x66,0x00,0xff,0xb4,0x66,0x00,0xff,0xb4,0x66,0x00,0xff,
    0xb6,0x67,0x00,0xff,0xb4,0x66,0x00,0xff,0xb6,0x64,0x00,0x1c,0x00,0x00,0x00,0x00,
    0x00,0x00,0x00,0x00,0x00,0x00,0x00,0x00,0x00,0x00,0x00,0x00,0x00,0x00,0x00,0x00,
    0x00,0x00,0x00,0x00,0x00,0x00,0x00,0x00,0x00,0x00,0x00,0x00,0x00,0x00,0x00,0x00,
    0x00,0x00,0x00,0x00,0x00,0x00,0x00,0x00,0x00,0x00,0x00,0x00,0x00,0x00,0x00,0x00,
    0x00,0x00,0x00,0x00,0x00,0x00,0x00,0x00,0x00,0x00,0x00,0x00,0x00,0x00,0x00,0x00,
    0x00,0x00,0x00,0x00,0x00,0x00,0x00,0x00,0x00,0x00,0x00,0x00,0x00,0x00,0x00,0x00,
    0x00,0x00,0x00,0x00,0x00,0x00,0x00,0x00,0x00,0x00,0x00,0x00,0x00,0x00,0x00,0x00,
    0x00,0x00,0x00,0x00,0x00,0x00,0x00,0x00,0x00,0x00,0x00,0x00,0x00,0x00,0x00,0x00,
    0x00,0x00,0x00,0x00,0x00,0x00,0x00,0x00,0x00,0x00,0x00,0x00,0x00,0x00,0x00,0x00,
    0x00,0x00,0x00,0x00,0x00,0x00,0x00,0x00,0x00,0x00,0x00,0x00,0x00,0x00,0x00,0x00,
    0x00,0x00,0x00,0x00,0x00,0x00,0x00,0x00,0x00,0x00,0x00,0x00,0x00,0x00,0x00,0x00,
    0x00,0x00,0x00,0x00,0x00,0x00,0x00,0x00,0x00,0x00,0x00,0x00,0x00,0x00,0x00,0x00,
    0x00,0x00,0x00,0x00,0x00,0x00,0x00,0x00,0x00,0x00,0x00,0x00,0x00,0x00,0x00,0x00,
    0x00,0x00,0x00,0x00,0x00,0x00,0x00,0x00,0x00,0x00,0x00,0x00,0x00,0x00,0x00,0x00,
    0x00,0x00,0x00,0x00,0x00,0x00,0x00,0x00,0x00,0x00,0x00,0x00,0x00,0x00,0x00,0x00,
    0x00,0x00,0x00,0x00,0x00,0x00,0x00,0x00,0x00,0x00,0x00,0x00,0x00,0x00,0x00,0x00,
    0x00,0x00,0x00,0x00,0x00,0x00,0x00,0x00,0x00,0x00,0x00,0x00,0x00,0x00,0x00,0x00,
    0x00,0x00,0x00,0x00,0x00,0x00,0x00,0x00,0x00,0x00,0x00,0x00,0x00,0x00,0x00,0x00,
    0x00,0x00,0x00,0x00,0x00,0x00,0x00,0x00,0x00,0x00,0x00,0x00,0x00,0x00,0x00,0x00,
    0x00,0x00,0x00,0x00,0x00,0x00,0x00,0x00,0x00,0x00,0x00,0x00,0x00,0x00,0x00,0x00,
    0x00,0x00,0x00,0x00,0x00,0x00,0x00,0x00,0x00,0x00,0x00,0x00,0x00,0x00,0x00,0x00,
    0x00,0x00,0x00,0x00,0x00,0x00,0x00,0x00,0x00,0x00,0x00,0x00,0x00,0x00,0x00,0x00,
    0x00,0x00,0x00,0x00,0x00,0x00,0x00,0x00,0x00,0x00,0x00,0x00,0x00,0x00,0x00,0x00,
    0x00,0x00,0x00,0x00,0x00,0x00,0x00,0x00,0x00,0x00,0x00,0x00,0x00,0x00,0x00,0x00,
    0x00,0x00,0x00,0x00,0x00,0x00,0x00,0x00,0x00,0x00,0x00,0x00,0x00,0x00,0x00,0x00,
    0x00,0x00,0x00,0x00,0xb0,0x72,0x1f,0x31,0xb1,0x6b,0x11,0xaf,0xb7,0x68,0x00,0xff,
    0xb4,0x66,0x00,0xff,0xb4,0x66,0x00,0xff,0xb4,0x66,0x00,0xff,0xb4,0x66,0x00,0xff,
    0xb4,0x66,0x00,0xff,0xb4,0x66,0x00,0xff,0xb4,0x66,0x00,0xff,0xb4,0x66,0x00,0xff,
    0xb4,0x66,0x00,0xff,0xb4,0x66,0x00,0xff,0xb4,0x66,0x00,0xff,0xb4,0x66,0x00,0xff,
    0xb4,0x66,0x00,0xff,0xb4,0x66,0x00,0xff,0xb4,0x66,0x00,0xff,0xb4,0x66,0x00,0xff,
    0xb4,0x66,0x00,0xff,0xb4,0x66,0x00,0xff,0xb4,0x66,0x00,0xff,0xb4,0x66,0x00,0xff,
    0xb4,0x66,0x00,0xff,0xb4,0x66,0x00,0xff,0xb4,0x66,0x00,0xff,0xb4,0x66,0x00,0xff,
    0xb6,0x67,0x00,0xff,0xb4,0x66,0x00,0xff,0xb6,0x64,0x00,0x1c,0x00,0x00,0x00,0x00,
    0x00,0x00,0x00,0x00,0x00,0x00,0x00,0x00,0x00,0x00,0x00,0x00,0x00,0x00,0x00,0x00,
    0x00,0x00,0x00,0x00,0x00,0x00,0x00,0x00,0x00,0x00,0x00,0x00,0x00,0x00,0x00,0x00,
    0x00,0x00,0x00,0x00,0x00,0x00,0x00,0x00,0x00,0x00,0x00,0x00,0x00,0x00,0x00,0x00,
    0x00,0x00,0x00,0x00,0x00,0x00,0x00,0x00,0x00,0x00,0x00,0x00,0x00,0x00,0x00,0x00,
    0x00,0x00,0x00,0x00,0x00,0x00,0x00,0x00,0x00,0x00,0x00,0x00,0x00,0x00,0x00,0x00,
    0x00,0x00,0x00,0x00,0x00,0x00,0x00,0x00,0x00,0x00,0x00,0x00,0x00,0x00,0x00,0x00,
    0x00,0x00,0x00,0x00,0x00,0x00,0x00,0x00,0x00,0x00,0x00,0x00,0x00,0x00,0x00,0x00,
    0x00,0x00,0x00,0x00,0x00,0x00,0x00,0x00,0x00,0x00,0x00,0x00,0x00,0x00,0x00,0x00,
    0x00,0x00,0x00,0x00,0x00,0x00,0x00,0x00,0x00,0x00,0x00,0x00,0x00,0x00,0x00,0x00,
    0x00,0x00,0x00,0x00,0x00,0x00,0x00,0x00,0x00,0x00,0x00,0x00,0x00,0x00,0x00,0x00,
    0x00,0x00,0x00,0x00,0x00,0x00,0x00,0x00,0x00,0x00,0x00,0x00,0x00,0x00,0x00,0x00,
    0x00,0x00,0x00,0x00,0x00,0x00,0x00,0x00,0x00,0x00,0x00,0x00,0x00,0x00,0x00,0x00,
    0x00,0x00,0x00,0x00,0x00,0x00,0x00,0x00,0x00,0x00,0x00,0x00,0x00,0x00,0x00,0x00,
    0x00,0x00,0x00,0x00,0x00,0x00,0x00,0x00,0x00,0x00,0x00,0x00,0x00,0x00,0x00,0x00,
    0x00,0x00,0x00,0x00,0x00,0x00,0x00,0x00,0x00,0x00,0x00,0x00,0x00,0x00,0x00,0x00,
    0x00,0x00,0x00,0x00,0x00,0x00,0x00,0x00,0x00,0x00,0x00,0x00,0x00,0x00,0x00,0x00,
    0x00,0x00,0x00,0x00,0x00,0x00,0x00,0x00,0x00,0x00,0x00,0x00,0x00,0x00,0x00,0x00,
    0x00,0x00,0x00,0x00,0x00,0x00,0x00,0x00,0x00,0x00,0x00,0x00,0x00,0x00,0x00,0x00,
    0x00,0x00,0x00,0x00,0x00,0x00,0x00,0x00,0x00,0x00,0x00,0x00,0x00,0x00,0x00,0x00,
    0x00,0x00,0x00,0x00,0x00,0x00,0x00,0x00,0x00,0x00,0x00,0x00,0x00,0x00,0x00,0x00,
    0x00,0x00,0x00,0x00,0x00,0x00,0x00,0x00,0x00,0x00,0x00,0x00,0x00,0x00,0x00,0x00,
    0x00,0x00,0x00,0x00,0x00,0x00,0x00,0x00,0x00,0x00,0x00,0x00,0x00,0x00,0x00,0x00,
    0x00,0x00,0x00,0x00,0x00,0x00,0x00,0x00,0x00,0x00,0x00,0x00,0x00,0x00,0x00,0x00,
    0x00,0x00,0x00,0x00,0x00,0x00,0x00,0x00,0x00,0x00,0x00,0x00,0x00,0x00,0x00,0x00,
    0x00,0x00,0x00,0x00,0xb0,0x72,0x1f,0x31,0xb1,0x6b,0x11,0xaf,0xb7,0x68,0x00,0xff,
    0xb4,0x66,0x00,0xff,0xb4,0x66,0x00,0xff,0xb4,0x66,0x00,0xff,0xb4,0x66,0x00,0xff,
    0xb4,0x66,0x00,0xff,0xb4,0x66,0x00,0xff,0xb4,0x66,0x00,0xff,0xb4,0x66,0x00,0xff,
    0xb4,0x66,0x00,0xff,0xb4,0x66,0x00,0xff,0xb4,0x66,0x00,0xff,0xb4,0x66,0x00,0xff,
    0xb4,0x66,0x00,0xff,0xb4,0x66,0x00,0xff,0xb4,0x66,0x00,0xff,0xb4,0x66,0x00,0xff,
    0xb4,0x66,0x00,0xff,0xb4,0x66,0x00,0xff,0xb4,0x66,0x00,0xff,0xb4,0x66,0x00,0xff,
    0xb4,0x66,0x00,0xff,0xb4,0x66,0x00,0xff,0xb4,0x66,0x00,0xff,0xb4,0x66,0x00,0xff,
    0xb6,0x67,0x00,0xff,0xb4,0x66,0x00,0xff,0xb6,0x64,0x00,0x1c,0x00,0x00,0x00,0x00,
    0x00,0x00,0x00,0x00,0x00,0x00,0x00,0x00,0x00,0x00,0x00,0x00,0x00,0x00,0x00,0x00,
    0x00,0x00,0x00,0x00,0x00,0x00,0x00,0x00,0x00,0x00,0x00,0x00,0x00,0x00,0x00,0x00,
    0x00,0x00,0x00,0x00,0x00,0x00,0x00,0x00,0x00,0x00,0x00,0x00,0x00,0x00,0x00,0x00,
    0x00,0x00,0x00,0x00,0x00,0x00,0x00,0x00,0x00,0x00,0x00,0x00,0x00,0x00,0x00,0x00,
    0x00,0x00,0x00,0x00,0x00,0x00,0x00,0x00,0x00,0x00,0x00,0x00,0x00,0x00,0x00,0x00,
    0x00,0x00,0x00,0x00,0x00,0x00,0x00,0x00,0x00,0x00,0x00,0x00,0x00,0x00,0x00,0x00,
    0x00,0x00,0x00,0x00,0x00,0x00,0x00,0x00,0x00,0x00,0x00,0x00,0x00,0x00,0x00,0x00,
    0x00,0x00,0x00,0x00,0x00,0x00,0x00,0x00,0x00,0x00,0x00,0x00,0x00,0x00,0x00,0x00,
    0x00,0x00,0x00,0x00,0x00,0x00,0x00,0x00,0x00,0x00,0x00,0x00,0x00,0x00,0x00,0x00,
    0x00,0x00,0x00,0x00,0x00,0x00,0x00,0x00,0x00,0x00,0x00,0x00,0x00,0x00,0x00,0x00,
    0x00,0x00,0x00,0x00,0x00,0x00,0x00,0x00,0x00,0x00,0x00,0x00,0x00,0x00,0x00,0x00,
    0x00,0x00,0x00,0x00,0x00,0x00,0x00,0x00,0x00,0x00,0x00,0x00,0x00,0x00,0x00,0x00,
    0x00,0x00,0x00,0x00,0x00,0x00,0x00,0x00,0x00,0x00,0x00,0x00,0x00,0x00,0x00,0x00,
    0x00,0x00,0x00,0x00,0x00,0x00,0x00,0x00,0x00,0x00,0x00,0x00,0x00,0x00,0x00,0x00,
    0x00,0x00,0x00,0x00,0x00,0x00,0x00,0x00,0x00,0x00,0x00,0x00,0x00,0x00,0x00,0x00,
    0x00,0x00,0x00,0x00,0x00,0x00,0x00,0x00,0x00,0x00,0x00,0x00,0x00,0x00,0x00,0x00,
    0x00,0x00,0x00,0x00,0x00,0x00,0x00,0x00,0x00,0x00,0x00,0x00,0x00,0x00,0x00,0x00,
    0x00,0x00,0x00,0x00,0x00,0x00,0x00,0x00,0x00,0x00,0x00,0x00,0x00,0x00,0x00,0x00,
    0x00,0x00,0x00,0x00,0x00,0x00,0x00,0x00,0x00,0x00,0x00,0x00,0x00,0x00,0x00,0x00,
    0x00,0x00,0x00,0x00,0x00,0x00,0x00,0x00,0x00,0x00,0x00,0x00,0x00,0x00,0x00,0x00,
    0x00,0x00,0x00,0x00,0x00,0x00,0x00,0x00,0x00,0x00,0x00,0x00,0x00,0x00,0x00,0x00,
    0x00,0x00,0x00,0x00,0x00,0x00,0x00,0x00,0x00,0x00,0x00,0x00,0x00,0x00,0x00,0x00,
    0x00,0x00,0x00,0x00,0x00,0x00,0x00,0x00,0x00,0x00,0x00,0x00,0x00,0x00,0x00,0x00,
    0x00,0x00,0x00,0x00,0x00,0x00,0x00,0x00,0x00,0x00,0x00,0x00,0x00,0x00,0x00,0x00,
    0x00,0x00,0x00,0x00,0xb0,0x72,0x1f,0x31,0xb1,0x6b,0x11,0xaf,0xb7,0x68,0x00,0xff,
    0xb4,0x66,0x00,0xff,0xb4,0x66,0x00,0xff,0xb4,0x66,0x00,0xff,0xb4,0x66,0x00,0xff,
    0xb4,0x66,0x00,0xff,0xb4,0x66,0x00,0xff,0xb4,0x66,0x00,0xff,0xb4,0x66,0x00,0xff,
    0xb4,0x66,0x00,0xff,0xb4,0x66,0x00,0xff,0xb4,0x66,0x00,0xff,0xb4,0x66,0x00,0xff,
    0xb4,0x66,0x00,0xff,0xb4,0x66,0x00,0xff,0xb4,0x66,0x00,0xff,0xb4,0x66,0x00,0xff,
    0xb4,0x66,0x00,0xff,0xb4,0x66,0x00,0xff,0xb4,0x66,0x00,0xff,0xb4,0x66,0x00,0xff,
    0xb4,0x66,0x00,0xff,0xb4,0x66,0x00,0xff,0xb4,0x66,0x00,0xff,0xb4,0x66,0x00,0xff,
    0xb6,0x67,0x00,0xff,0xb4,0x66,0x00,0xff,0xb6,0x64,0x00,0x1c,0x00,0x00,0x00,0x00,
    0x00,0x00,0x00,0x00,0x00,0x00,0x00,0x00,0x00,0x00,0x00,0x00,0x00,0x00,0x00,0x00,
    0x00,0x00,0x00,0x00,0x00,0x00,0x00,0x00,0x00,0x00,0x00,0x00,0x00,0x00,0x00,0x00,
    0x00,0x00,0x00,0x00,0x00,0x00,0x00,0x00,0x00,0x00,0x00,0x00,0x00,0x00,0x00,0x00,
    0x00,0x00,0x00,0x00,0x00,0x00,0x00,0x00,0x00,0x00,0x00,0x00,0x00,0x00,0x00,0x00,
    0x00,0x00,0x00,0x00,0x00,0x00,0x00,0x00,0x00,0x00,0x00,0x00,0x00,0x00,0x00,0x00,
    0x00,0x00,0x00,0x00,0x00,0x00,0x00,0x00,0x00,0x00,0x00,0x00,0x00,0x00,0x00,0x00,
    0x00,0x00,0x00,0x00,0x00,0x00,0x00,0x00,0x00,0x00,0x00,0x00,0x00,0x00,0x00,0x00,
    0x00,0x00,0x00,0x00,0x00,0x00,0x00,0x00,0x00,0x00,0x00,0x00,0x00,0x00,0x00,0x00,
    0x00,0x00,0x00,0x00,0x00,0x00,0x00,0x00,0x00,0x00,0x00,0x00,0x00,0x00,0x00,0x00,
    0x00,0x00,0x00,0x00,0x00,0x00,0x00,0x00,0x00,0x00,0x00,0x00,0x00,0x00,0x00,0x00,
    0x00,0x00,0x00,0x00,0x00,0x00,0x00,0x00,0x00,0x00,0x00,0x00,0x00,0x00,0x00,0x00,
    0x00,0x00,0x00,0x00,0x00,0x00,0x00,0x00,0x00,0x00,0x00,0x00,0x00,0x00,0x00,0x00,
    0x00,0x00,0x00,0x00,0x00,0x00,0x00,0x00,0x00,0x00,0x00,0x00,0x00,0x00,0x00,0x00,
    0x00,0x00,0x00,0x00,0x00,0x00,0x00,0x00,0x00,0x00,0x00,0x00,0x00,0x00,0x00,0x00,
    0x00,0x00,0x00,0x00,0x00,0x00,0x00,0x00,0x00,0x00,0x00,0x00,0x00,0x00,0x00,0x00,
    0x00,0x00,0x00,0x00,0x00,0x00,0x00,0x00,0x00,0x00,0x00,0x00,0x00,0x00,0x00,0x00,
    0x00,0x00,0x00,0x00,0x00,0x00,0x00,0x00,0x00,0x00,0x00,0x00,0x00,0x00,0x00,0x00,
    0x00,0x00,0x00,0x00,0x00,0x00,0x00,0x00,0x00,0x00,0x00,0x00,0x00,0x00,0x00,0x00,
    0x00,0x00,0x00,0x00,0x00,0x00,0x00,0x00,0x00,0x00,0x00,0x00,0x00,0x00,0x00,0x00,
    0x00,0x00,0x00,0x00,0x00,0x00,0x00,0x00,0x00,0x00,0x00,0x00,0x00,0x00,0x00,0x00,
    0x00,0x00,0x00,0x00,0x00,0x00,0x00,0x00,0x00,0x00,0x00,0x00,0x00,0x00,0x00,0x00,
    0x00,0x00,0x00,0x00,0x00,0x00,0x00,0x00,0x00,0x00,0x00,0x00,0x00,0x00,0x00,0x00,
    0x00,0x00,0x00,0x00,0x00,0x00,0x00,0x00,0x00,0x00,0x00,0x00,0x00,0x00,0x00,0x00,
    0x00,0x00,0x00,0x00,0x00,0x00,0x00,0x00,0x00,0x00,0x00,0x00,0x00,0x00,0x00,0x00,
    0x00,0x00,0x00,0x00,0xb0,0x72,0x1f,0x31,0xb1,0x6b,0x11,0xaf,0xb7,0x68,0x00,0xff,
    0xb4,0x66,0x00,0xff,0xb4,0x66,0x00,0xff,0xb4,0x66,0x00,0xff,0xb4,0x66,0x00,0xff,
    0xb4,0x66,0x00,0xff,0xb4,0x66,0x00,0xff,0xb4,0x66,0x00,0xff,0xb4,0x66,0x00,0xff,
    0xb4,0x66,0x00,0xff,0xb4,0x66,0x00,0xff,0xb4,0x66,0x00,0xff,0xb4,0x66,0x00,0xff,
    0xb4,0x66,0x00,0xff,0xb4,0x66,0x00,0xff,0xb4,0x66,0x00,0xff,0xb4,0x66,0x00,0xff,
    0xb4,0x66,0x00,0xff,0xb4,0x66,0x00,0xff,0xb4,0x66,0x00,0xff,0xb4,0x66,0x00,0xff,
    0xb4,0x66,0x00,0xff,0xb4,0x66,0x00,0xff,0xb4,0x66,0x00,0xff,0xb4,0x66,0x00,0xff,
    0xb6,0x67,0x00,0xff,0xb4,0x66,0x00,0xff,0xb6,0x64,0x00,0x1c,0x00,0x00,0x00,0x00,
    0x00,0x00,0x00,0x00,0x00,0x00,0x00,0x00,0x00,0x00,0x00,0x00,0x00,0x00,0x00,0x00,
    0x00,0x00,0x00,0x00,0x00,0x00,0x00,0x00,0x00,0x00,0x00,0x00,0x00,0x00,0x00,0x00,
    0x00,0x00,0x00,0x00,0x00,0x00,0x00,0x00,0x00,0x00,0x00,0x00,0x00,0x00,0x00,0x00,
    0x00,0x00,0x00,0x00,0x00,0x00,0x00,0x00,0x00,0x00,0x00,0x00,0x00,0x00,0x00,0x00,
    0x00,0x00,0x00,0x00,0x00,0x00,0x00,0x00,0x00,0x00,0x00,0x00,0x00,0x00,0x00,0x00,
    0x00,0x00,0x00,0x00,0x00,0x00,0x00,0x00,0x00,0x00,0x00,0x00,0x00,0x00,0x00,0x00,
    0x00,0x00,0x00,0x00,0x00,0x00,0x00,0x00,0x00,0x00,0x00,0x00,0x00,0x00,0x00,0x00,
    0x00,0x00,0x00,0x00,0x00,0x00,0x00,0x00,0x00,0x00,0x00,0x00,0x00,0x00,0x00,0x00,
    0x00,0x00,0x00,0x00,0x00,0x00,0x00,0x00,0x00,0x00,0x00,0x00,0x00,0x00,0x00,0x00,
    0x00,0x00,0x00,0x00,0x00,0x00,0x00,0x00,0x00,0x00,0x00,0x00,0x00,0x00,0x00,0x00,
    0x00,0x00,0x00,0x00,0x00,0x00,0x00,0x00,0x00,0x00,0x00,0x00,0x00,0x00,0x00,0x00,
    0x00,0x00,0x00,0x00,0x00,0x00,0x00,0x00,0x00,0x00,0x00,0x00,0x00,0x00,0x00,0x00,
    0x00,0x00,0x00,0x00,0x00,0x00,0x00,0x00,0x00,0x00,0x00,0x00,0x00,0x00,0x00,0x00,
    0x00,0x00,0x00,0x00,0x00,0x00,0x00,0x00,0x00,0x00,0x00,0x00,0x00,0x00,0x00,0x00,
    0x00,0x00,0x00,0x00,0x00,0x00,0x00,0x00,0x00,0x00,0x00,0x00,0x00,0x00,0x00,0x00,
    0x00,0x00,0x00,0x00,0x00,0x00,0x00,0x00,0x00,0x00,0x00,0x00,0x00,0x00,0x00,0x00,
    0x00,0x00,0x00,0x00,0x00,0x00,0x00,0x00,0x00,0x00,0x00,0x00,0x00,0x00,0x00,0x00,
    0x00,0x00,0x00,0x00,0x00,0x00,0x00,0x00,0x00,0x00,0x00,0x00,0x00,0x00,0x00,0x00,
    0x00,0x00,0x00,0x00,0x00,0x00,0x00,0x00,0x00,0x00,0x00,0x00,0x00,0x00,0x00,0x00,
    0x00,0x00,0x00,0x00,0x00,0x00,0x00,0x00,0x00,0x00,0x00,0x00,0x00,0x00,0x00,0x00,
    0x00,0x00,0x00,0x00,0x00,0x00,0x00,0x00,0x00,0x00,0x00,0x00,0x00,0x00,0x00,0x00,
    0x00,0x00,0x00,0x00,0x00,0x00,0x00,0x00,0x00,0x00,0x00,0x00,0x00,0x00,0x00,0x00,
    0x00,0x00,0x00,0x00,0x00,0x00,0x00,0x00,0x00,0x00,0x00,0x00,0x00,0x00,0x00,0x00,
    0x00,0x00,0x00,0x00,0x00,0x00,0x00,0x00,0x00,0x00,0x00,0x00,0x00,0x00,0x00,0x00,
    0x00,0x00,0x00,0x00,0xb0,0x72,0x1f,0x31,0xb1,0x6b,0x11,0xaf,0xb7,0x68,0x00,0xff,
    0xb4,0x66,0x00,0xff,0xb4,0x66,0x00,0xff,0xb4,0x66,0x00,0xff,0xb4,0x66,0x00,0xff,
    0xb4,0x66,0x00,0xff,0xb4,0x66,0x00,0xff,0xb4,0x66,0x00,0xff,0xb4,0x66,0x00,0xff,
    0xb4,0x66,0x00,0xff,0xb4,0x66,0x00,0xff,0xb4,0x66,0x00,0xff,0xb4,0x66,0x00,0xff,
    0xb4,0x66,0x00,0xff,0xb4,0x66,0x00,0xff,0xb4,0x66,0x00,0xff,0xb4,0x66,0x00,0xff,
    0xb4,0x66,0x00,0xff,0xb4,0x66,0x00,0xff,0xb4,0x66,0x00,0xff,0xb4,0x66,0x00,0xff,
    0xb4,0x66,0x00,0xff,0xb4,0x66,0x00,0xff,0xb4,0x66,0x00,0xff,0xb4,0x66,0x00,0xff,
    0xb6,0x67,0x00,0xff,0xb4,0x66,0x00,0xff,0xb6,0x64,0x00,0x1c,0x00,0x00,0x00,0x00,
    0x00,0x00,0x00,0x00,0x00,0x00,0x00,0x00,0x00,0x00,0x00,0x00,0x00,0x00,0x00,0x00,
    0x00,0x00,0x00,0x00,0x00,0x00,0x00,0x00,0x00,0x00,0x00,0x00,0x00,0x00,0x00,0x00,
    0x00,0x00,0x00,0x00,0x00,0x00,0x00,0x00,0x00,0x00,0x00,0x00,0x00,0x00,0x00,0x00,
    0x00,0x00,0x00,0x00,0x00,0x00,0x00,0x00,0x00,0x00,0x00,0x00,0x00,0x00,0x00,0x00,
    0x00,0x00,0x00,0x00,0x00,0x00,0x00,0x00,0x00,0x00,0x00,0x00,0x00,0x00,0x00,0x00,
    0x00,0x00,0x00,0x00,0x00,0x00,0x00,0x00,0x00,0x00,0x00,0x00,0x00,0x00,0x00,0x00,
    0x00,0x00,0x00,0x00,0x00,0x00,0x00,0x00,0x00,0x00,0x00,0x00,0x00,0x00,0x00,0x00,
    0x00,0x00,0x00,0x00,0x00,0x00,0x00,0x00,0x00,0x00,0x00,0x00,0x00,0x00,0x00,0x00,
    0x00,0x00,0x00,0x00,0x00,0x00,0x00,0x00,0x00,0x00,0x00,0x00,0x00,0x00,0x00,0x00,
    0x00,0x00,0x00,0x00,0x00,0x00,0x00,0x00,0x00,0x00,0x00,0x00,0x00,0x00,0x00,0x00,
    0x00,0x00,0x00,0x00,0x00,0x00,0x00,0x00,0x00,0x00,0x00,0x00,0x00,0x00,0x00,0x00,
    0x00,0x00,0x00,0x00,0x00,0x00,0x00,0x00,0x00,0x00,0x00,0x00,0x00,0x00,0x00,0x00,
    0x00,0x00,0x00,0x00,0x00,0x00,0x00,0x00,0x00,0x00,0x00,0x00,0x00,0x00,0x00,0x00,
    0x00,0x00,0x00,0x00,0x00,0x00,0x00,0x00,0x00,0x00,0x00,0x00,0x00,0x00,0x00,0x00,
    0x00,0x00,0x00,0x00,0x00,0x00,0x00,0x00,0x00,0x00,0x00,0x00,0x00,0x00,0x00,0x00,
    0x00,0x00,0x00,0x00,0x00,0x00,0x00,0x00,0x00,0x00,0x00,0x00,0x00,0x00,0x00,0x00,
    0x00,0x00,0x00,0x00,0x00,0x00,0x00,0x00,0x00,0x00,0x00,0x00,0x00,0x00,0x00,0x00,
    0x00,0x00,0x00,0x00,0x00,0x00,0x00,0x00,0x00,0x00,0x00,0x00,0x00,0x00,0x00,0x00,
    0x00,0x00,0x00,0x00,0x00,0x00,0x00,0x00,0x00,0x00,0x00,0x00,0x00,0x00,0x00,0x00,
    0x00,0x00,0x00,0x00,0x00,0x00,0x00,0x00,0x00,0x00,0x00,0x00,0x00,0x00,0x00,0x00,
    0x00,0x00,0x00,0x00,0x00,0x00,0x00,0x00,0x00,0x00,0x00,0x00,0x00,0x00,0x00,0x00,
    0x00,0x00,0x00,0x00,0x00,0x00,0x00,0x00,0x00,0x00,0x00,0x00,0x00,0x00,0x00,0x00,
    0x00,0x00,0x00,0x00,0x00,0x00,0x00,0x00,0x00,0x00,0x00,0x00,0x00,0x00,0x00,0x00,
    0x00,0x00,0x00,0x00,0x00,0x00,0x00,0x00,0x00,0x00,0x00,0x00,0x00,0x00,0x00,0x00,
    0x00,0x00,0x00,0x00,0xb0,0x72,0x1f,0x31,0xb1,0x6b,0x11,0xaf,0xb7,0x68,0x00,0xff,
    0xb4,0x66,0x00,0xff,0xb4,0x66,0x00,0xff,0xb4,0x66,0x00,0xff,0xb4,0x66,0x00,0xff,
    0xb4,0x66,0x00,0xff,0xb4,0x66,0x00,0xff,0xb4,0x66,0x00,0xff,0xb4,0x66,0x00,0xff,
    0xb4,0x66,0x00,0xff,0xb4,0x66,0x00,0xff,0xb4,0x66,0x00,0xff,0xb4,0x66,0x00,0xff,
    0xb4,0x66,0x00,0xff,0xb4,0x66,0x00,0xff,0xb4,0x66,0x00,0xff,0xb4,0x66,0x00,0xff,
    0xb4,0x66,0x00,0xff,0xb4,0x66,0x00,0xff,0xb4,0x66,0x00,0xff,0xb4,0x66,0x00,0xff,
    0xb4,0x66,0x00,0xff,0xb4,0x66,0x00,0xff,0xb4,0x66,0x00,0xff,0xb4,0x66,0x00,0xff,
    0xb6,0x67,0x00,0xff,0xb4,0x66,0x00,0xff,0xb6,0x64,0x00,0x1c,0x00,0x00,0x00,0x00,
    0x00,0x00,0x00,0x00,0x00,0x00,0x00,0x00,0x00,0x00,0x00,0x00,0x00,0x00,0x00,0x00,
    0x00,0x00,0x00,0x00,0x00,0x00,0x00,0x00,0x00,0x00,0x00,0x00,0x00,0x00,0x00,0x00,
    0x00,0x00,0x00,0x00,0x00,0x00,0x00,0x00,0x00,0x00,0x00,0x00,0x00,0x00,0x00,0x00,
    0x00,0x00,0x00,0x00,0x00,0x00,0x00,0x00,0x00,0x00,0x00,0x00,0x00,0x00,0x00,0x00,
    0x00,0x00,0x00,0x00,0x00,0x00,0x00,0x00,0x00,0x00,0x00,0x00,0x00,0x00,0x00,0x00,
    0x00,0x00,0x00,0x00,0x00,0x00,0x00,0x00,0x00,0x00,0x00,0x00,0x00,0x00,0x00,0x00,
    0x00,0x00,0x00,0x00,0x00,0x00,0x00,0x00,0x00,0x00,0x00,0x00,0x00,0x00,0x00,0x00,
    0x00,0x00,0x00,0x00,0x00,0x00,0x00,0x00,0x00,0x00,0x00,0x00,0x00,0x00,0x00,0x00,
    0x00,0x00,0x00,0x00,0x00,0x00,0x00,0x00,0x00,0x00,0x00,0x00,0x00,0x00,0x00,0x00,
    0x00,0x00,0x00,0x00,0x00,0x00,0x00,0x00,0x00,0x00,0x00,0x00,0x00,0x00,0x00,0x00,
    0x00,0x00,0x00,0x00,0x00,0x00,0x00,0x00,0x00,0x00,0x00,0x00,0x00,0x00,0x00,0x00,
    0x00,0x00,0x00,0x00,0x00,0x00,0x00,0x00,0x00,0x00,0x00,0x00,0x00,0x00,0x00,0x00,
    0x00,0x00,0x00,0x00,0x00,0x00,0x00,0x00,0x00,0x00,0x00,0x00,0x00,0x00,0x00,0x00,
    0x00,0x00,0x00,0x00,0x00,0x00,0x00,0x00,0x00,0x00,0x00,0x00,0x00,0x00,0x00,0x00,
    0x00,0x00,0x00,0x00,0x00,0x00,0x00,0x00,0x00,0x00,0x00,0x00,0x00,0x00,0x00,0x00,
    0x00,0x00,0x00,0x00,0x00,0x00,0x00,0x00,0x00,0x00,0x00,0x00,0x00,0x00,0x00,0x00,
    0x00,0x00,0x00,0x00,0x00,0x00,0x00,0x00,0x00,0x00,0x00,0x00,0x00,0x00,0x00,0x00,
    0x00,0x00,0x00,0x00,0x00,0x00,0x00,0x00,0x00,0x00,0x00,0x00,0x00,0x00,0x00,0x00,
    0x00,0x00,0x00,0x00,0x00,0x00,0x00,0x00,0x00,0x00,0x00,0x00,0x00,0x00,0x00,0x00,
    0x00,0x00,0x00,0x00,0x00,0x00,0x00,0x00,0x00,0x00,0x00,0x00,0x00,0x00,0x00,0x00,
    0x00,0x00,0x00,0x00,0x00,0x00,0x00,0x00,0x00,0x00,0x00,0x00,0x00,0x00,0x00,0x00,
    0x00,0x00,0x00,0x00,0x00,0x00,0x00,0x00,0x00,0x00,0x00,0x00,0x00,0x00,0x00,0x00,
    0x00,0x00,0x00,0x00,0x00,0x00,0x00,0x00,0x00,0x00,0x00,0x00,0x00,0x00,0x00,0x00,
    0x00,0x00,0x00,0x00,0x00,0x00,0x00,0x00,0x00,0x00,0x00,0x00,0x00,0x00,0x00,0x00,
    0x00,0x00,0x00,0x00,0xb0,0x72,0x1f,0x31,0xb1,0x6b,0x11,0xaf,0xb7,0x68,0x00,0xff,
    0xb4,0x66,0x00,0xff,0xb4,0x66,0x00,0xff,0xb4,0x66,0x00,0xff,0xb4,0x66,0x00,0xff,
    0xb4,0x66,0x00,0xff,0xb4,0x66,0x00,0xff,0xb4,0x66,0x00,0xff,0xb4,0x66,0x00,0xff,
    0xb4,0x66,0x00,0xff,0xb4,0x66,0x00,0xff,0xb4,0x66,0x00,0xff,0xb4,0x66,0x00,0xff,
    0xb4,0x66,0x00,0xff,0xb4,0x66,0x00,0xff,0xb4,0x66,0x00,0xff,0xb4,0x66,0x00,0xff,
    0xb4,0x66,0x00,0xff,0xb4,0x66,0x00,0xff,0xb4,0x66,0x00,0xff,0xb4,0x66,0x00,0xff,
    0xb4,0x66,0x00,0xff,0xb4,0x66,0x00,0xff,0xb4,0x66,0x00,0xff,0xb4,0x66,0x00,0xff,
    0xb6,0x67,0x00,0xff,0xb4,0x66,0x00,0xff,0xb6,0x64,0x00,0x1c,0x00,0x00,0x00,0x00,
    0x00,0x00,0x00,0x00,0x00,0x00,0x00,0x00,0x00,0x00,0x00,0x00,0x00,0x00,0x00,0x00,
    0x00,0x00,0x00,0x00,0x00,0x00,0x00,0x00,0x00,0x00,0x00,0x00,0x00,0x00,0x00,0x00,
    0x00,0x00,0x00,0x00,0x00,0x00,0x00,0x00,0x00,0x00,0x00,0x00,0x00,0x00,0x00,0x00,
    0x00,0x00,0x00,0x00,0x00,0x00,0x00,0x00,0x00,0x00,0x00,0x00,0x00,0x00,0x00,0x00,
    0x00,0x00,0x00,0x00,0x00,0x00,0x00,0x00,0x00,0x00,0x00,0x00,0x00,0x00,0x00,0x00,
    0x00,0x00,0x00,0x00,0x00,0x00,0x00,0x00,0x00,0x00,0x00,0x00,0x00,0x00,0x00,0x00,
    0x00,0x00,0x00,0x00,0x00,0x00,0x00,0x00,0x00,0x00,0x00,0x00,0x00,0x00,0x00,0x00,
    0x00,0x00,0x00,0x00,0x00,0x00,0x00,0x00,0x00,0x00,0x00,0x00,0x00,0x00,0x00,0x00,
    0x00,0x00,0x00,0x00,0x00,0x00,0x00,0x00,0x00,0x00,0x00,0x00,0x00,0x00,0x00,0x00,
    0x00,0x00,0x00,0x00,0x00,0x00,0x00,0x00,0x00,0x00,0x00,0x00,0x00,0x00,0x00,0x00,
    0x00,0x00,0x00,0x00,0x00,0x00,0x00,0x00,0x00,0x00,0x00,0x00,0x00,0x00,0x00,0x00,
    0x00,0x00,0x00,0x00,0x00,0x00,0x00,0x00,0x00,0x00,0x00,0x00,0x00,0x00,0x00,0x00,
    0x00,0x00,0x00,0x00,0x00,0x00,0x00,0x00,0x00,0x00,0x00,0x00,0x00,0x00,0x00,0x00,
    0x00,0x00,0x00,0x00,0x00,0x00,0x00,0x00,0x00,0x00,0x00,0x00,0x00,0x00,0x00,0x00,
    0x00,0x00,0x00,0x00,0x00,0x00,0x00,0x00,0x00,0x00,0x00,0x00,0x00,0x00,0x00,0x00,
    0x00,0x00,0x00,0x00,0x00,0x00,0x00,0x00,0x00,0x00,0x00,0x00,0x00,0x00,0x00,0x00,
    0x00,0x00,0x00,0x00,0x00,0x00,0x00,0x00,0x00,0x00,0x00,0x00,0x00,0x00,0x00,0x00,
    0x00,0x00,0x00,0x00,0x00,0x00,0x00,0x00,0x00,0x00,0x00,0x00,0x00,0x00,0x00,0x00,
    0x00,0x00,0x00,0x00,0x00,0x00,0x00,0x00,0x00,0x00,0x00,0x00,0x00,0x00,0x00,0x00,
    0x00,0x00,0x00,0x00,0x00,0x00,0x00,0x00,0x00,0x00,0x00,0x00,0x00,0x00,0x00,0x00,
    0x00,0x00,0x00,0x00,0x00,0x00,0x00,0x00,0x00,0x00,0x00,0x00,0x00,0x00,0x00,0x00,
    0x00,0x00,0x00,0x00,0x00,0x00,0x00,0x00,0x00,0x00,0x00,0x00,0x00,0x00,0x00,0x00,
    0x00,0x00,0x00,0x00,0x00,0x00,0x00,0x00,0x00,0x00,0x00,0x00,0x00,0x00,0x00,0x00,
    0x00,0x00,0x00,0x00,0x00,0x00,0x00,0x00,0x00,0x00,0x00,0x00,0x00,0x00,0x00,0x00,
    0x00,0x00,0x00,0x00,0xb0,0x72,0x1f,0x31,0xb1,0x6b,0x11,0xaf,0xb7,0x68,0x00,0xff,
    0xb4,0x66,0x00,0xff,0xb4,0x66,0x00,0xff,0xb4,0x66,0x00,0xff,0xb4,0x66,0x00,0xff,
    0xb4,0x66,0x00,0xff,0xb4,0x66,0x00,0xff,0xb4,0x66,0x00,0xff,0xb4,0x66,0x00,0xff,
    0xb4,0x66,0x00,0xff,0xb4,0x66,0x00,0xff,0xb4,0x66,0x00,0xff,0xb4,0x66,0x00,0xff,
    0xb4,0x66,0x00,0xff,0xb4,0x66,0x00,0xff,0xb4,0x66,0x00,0xff,0xb4,0x66,0x00,0xff,
    0xb4,0x66,0x00,0xff,0xb4,0x66,0x00,0xff,0xb4,0x66,0x00,0xff,0xb4,0x66,0x00,0xff,
    0xb4,0x66,0x00,0xff,0xb4,0x66,0x00,0xff,0xb4,0x66,0x00,0xff,0xb4,0x66,0x00,0xff,
    0xb6,0x67,0x00,0xff,0xb4,0x66,0x00,0xff,0xb6,0x64,0x00,0x1c,0x00,0x00,0x00,0x00,
    0x00,0x00,0x00,0x00,0x00,0x00,0x00,0x00,0x00,0x00,0x00,0x00,0x00,0x00,0x00,0x00,
    0x00,0x00,0x00,0x00,0x00,0x00,0x00,0x00,0x00,0x00,0x00,0x00,0x00,0x00,0x00,0x00,
    0x00,0x00,0x00,0x00,0x00,0x00,0x00,0x00,0x00,0x00,0x00,0x00,0x00,0x00,0x00,0x00,
    0x00,0x00,0x00,0x00,0x00,0x00,0x00,0x00,0x00,0x00,0x00,0x00,0x00,0x00,0x00,0x00,
    0x00,0x00,0x00,0x00,0x00,0x00,0x00,0x00,0x00,0x00,0x00,0x00,0x00,0x00,0x00,0x00,
    0x00,0x00,0x00,0x00,0x00,0x00,0x00,0x00,0x00,0x00,0x00,0x00,0x00,0x00,0x00,0x00,
    0x00,0x00,0x00,0x00,0x00,0x00,0x00,0x00,0x00,0x00,0x00,0x00,0x00,0x00,0x00,0x00,
    0x00,0x00,0x00,0x00,0x00,0x00,0x00,0x00,0x00,0x00,0x00,0x00,0x00,0x00,0x00,0x00,
    0x00,0x00,0x00,0x00,0x00,0x00,0x00,0x00,0x00,0x00,0x00,0x00,0x00,0x00,0x00,0x00,
    0x00,0x00,0x00,0x00,0x00,0x00,0x00,0x00,0x00,0x00,0x00,0x00,0x00,0x00,0x00,0x00,
    0x00,0x00,0x00,0x00,0x00,0x00,0x00,0x00,0x00,0x00,0x00,0x00,0x00,0x00,0x00,0x00,
    0x00,0x00,0x00,0x00,0x00,0x00,0x00,0x00,0x00,0x00,0x00,0x00,0x00,0x00,0x00,0x00,
    0x00,0x00,0x00,0x00,0x00,0x00,0x00,0x00,0x00,0x00,0x00,0x00,0x00,0x00,0x00,0x00,
    0x00,0x00,0x00,0x00,0x00,0x00,0x00,0x00,0x00,0x00,0x00,0x00,0x00,0x00,0x00,0x00,
    0x00,0x00,0x00,0x00,0x00,0x00,0x00,0x00,0x00,0x00,0x00,0x00,0x00,0x00,0x00,0x00,
    0x00,0x00,0x00,0x00,0x00,0x00,0x00,0x00,0x00,0x00,0x00,0x00,0x00,0x00,0x00,0x00,
    0x00,0x00,0x00,0x00,0x00,0x00,0x00,0x00,0x00,0x00,0x00,0x00,0x00,0x00,0x00,0x00,
    0x00,0x00,0x00,0x00,0x00,0x00,0x00,0x00,0x00,0x00,0x00,0x00,0x00,0x00,0x00,0x00,
    0x00,0x00,0x00,0x00,0x00,0x00,0x00,0x00,0x00,0x00,0x00,0x00,0x00,0x00,0x00,0x00,
    0x00,0x00,0x00,0x00,0x00,0x00,0x00,0x00,0x00,0x00,0x00,0x00,0x00,0x00,0x00,0x00,
    0x00,0x00,0x00,0x00,0x00,0x00,0x00,0x00,0x00,0x00,0x00,0x00,0x00,0x00,0x00,0x00,
    0x00,0x00,0x00,0x00,0x00,0x00,0x00,0x00,0x00,0x00,0x00,0x00,0x00,0x00,0x00,0x00,
    0x00,0x00,0x00,0x00,0x00,0x00,0x00,0x00,0x00,0x00,0x00,0x00,0x00,0x00,0x00,0x00,
    0x00,0x00,0x00,0x00,0x00,0x00,0x00,0x00,0x00,0x00,0x00,0x00,0x00,0x00,0x00,0x00,
    0x00,0x00,0x00,0x00,0xb0,0x72,0x1f,0x31,0xb1,0x6b,0x11,0xaf,0xb7,0x68,0x00,0xff,
    0xb4,0x66,0x00,0xff,0xb4,0x66,0x00,0xff,0xb4,0x66,0x00,0xff,0xb4,0x66,0x00,0xff,
    0xb4,0x66,0x00,0xff,0xb4,0x66,0x00,0xff,0xb4,0x66,0x00,0xff,0xb4,0x66,0x00,0xff,
    0xb4,0x66,0x00,0xff,0xb4,0x66,0x00,0xff,0xb4,0x66,0x00,0xff,0xb4,0x66,0x00,0xff,
    0xb4,0x66,0x00,0xff,0xb4,0x66,0x00,0xff,0xb4,0x66,0x00,0xff,0xb4,0x66,0x00,0xff,
    0xb4,0x66,0x00,0xff,0xb4,0x66,0x00,0xff,0xb4,0x66,0x00,0xff,0xb4,0x66,0x00,0xff,
    0xb4,0x66,0x00,0xff,0xb4,0x66,0x00,0xff,0xb4,0x66,0x00,0xff,0xb4,0x66,0x00,0xff,
    0xb6,0x67,0x00,0xff,0xb4,0x66,0x00,0xff,0xb6,0x64,0x00,0x1c,0x00,0x00,0x00,0x00,
    0x00,0x00,0x00,0x00,0x00,0x00,0x00,0x00,0x00,0x00,0x00,0x00,0x00,0x00,0x00,0x00,
    0x00,0x00,0x00,0x00,0x00,0x00,0x00,0x00,0x00,0x00,0x00,0x00,0x00,0x00,0x00,0x00,
    0x00,0x00,0x00,0x00,0x00,0x00,0x00,0x00,0x00,0x00,0x00,0x00,0x00,0x00,0x00,0x00,
    0x00,0x00,0x00,0x00,0x00,0x00,0x00,0x00,0x00,0x00,0x00,0x00,0x00,0x00,0x00,0x00,
    0x00,0x00,0x00,0x00,0x00,0x00,0x00,0x00,0x00,0x00,0x00,0x00,0x00,0x00,0x00,0x00,
    0x00,0x00,0x00,0x00,0x00,0x00,0x00,0x00,0x00,0x00,0x00,0x00,0x00,0x00,0x00,0x00,
    0x00,0x00,0x00,0x00,0x00,0x00,0x00,0x00,0x00,0x00,0x00,0x00,0x00,0x00,0x00,0x00,
    0x00,0x00,0x00,0x00,0x00,0x00,0x00,0x00,0x00,0x00,0x00,0x00,0x00,0x00,0x00,0x00,
    0x00,0x00,0x00,0x00,0x00,0x00,0x00,0x00,0x00,0x00,0x00,0x00,0x00,0x00,0x00,0x00,
    0x00,0x00,0x00,0x00,0x00,0x00,0x00,0x00,0x00,0x00,0x00,0x00,0x00,0x00,0x00,0x00,
    0x00,0x00,0x00,0x00,0x00,0x00,0x00,0x00,0x00,0x00,0x00,0x00,0x00,0x00,0x00,0x00,
    0x00,0x00,0x00,0x00,0x00,0x00,0x00,0x00,0x00,0x00,0x00,0x00,0x00,0x00,0x00,0x00,
    0x00,0x00,0x00,0x00,0x00,0x00,0x00,0x00,0x00,0x00,0x00,0x00,0x00,0x00,0x00,0x00,
    0x00,0x00,0x00,0x00,0x00,0x00,0x00,0x00,0x00,0x00,0x00,0x00,0x00,0x00,0x00,0x00,
    0x00,0x00,0x00,0x00,0x00,0x00,0x00,0x00,0x00,0x00,0x00,0x00,0x00,0x00,0x00,0x00,
    0x00,0x00,0x00,0x00,0x00,0x00,0x00,0x00,0x00,0x00,0x00,0x00,0x00,0x00,0x00,0x00,
    0x00,0x00,0x00,0x00,0x00,0x00,0x00,0x00,0x00,0x00,0x00,0x00,0x00,0x00,0x00,0x00,
    0x00,0x00,0x00,0x00,0x00,0x00,0x00,0x00,0x00,0x00,0x00,0x00,0x00,0x00,0x00,0x00,
    0x00,0x00,0x00,0x00,0x00,0x00,0x00,0x00,0x00,0x00,0x00,0x00,0x00,0x00,0x00,0x00,
    0x00,0x00,0x00,0x00,0x00,0x00,0x00,0x00,0x00,0x00,0x00,0x00,0x00,0x00,0x00,0x00,
    0x00,0x00,0x00,0x00,0x00,0x00,0x00,0x00,0x00,0x00,0x00,0x00,0x00,0x00,0x00,0x00,
    0x00,0x00,0x00,0x00,0x00,0x00,0x00,0x00,0x00,0x00,0x00,0x00,0x00,0x00,0x00,0x00,
    0x00,0x00,0x00,0x00,0x00,0x00,0x00,0x00,0x00,0x00,0x00,0x00,0x00,0x00,0x00,0x00,
    0x00,0x00,0x00,0x00,0x00,0x00,0x00,0x00,0x00,0x00,0x00,0x00,0x00,0x00,0x00,0x00,
    0x00,0x00,0x00,0x00,0xb0,0x72,0x1f,0x31,0xb1,0x6b,0x11,0xaf,0xb7,0x68,0x00,0xff,
    0xb4,0x66,0x00,0xff,0xb4,0x66,0x00,0xff,0xb4,0x66,0x00,0xff,0xb4,0x66,0x00,0xff,
    0xb4,0x66,0x00,0xff,0xb4,0x66,0x00,0xff,0xb4,0x66,0x00,0xff,0xb4,0x66,0x00,0xff,
    0xb4,0x66,0x00,0xff,0xb4,0x66,0x00,0xff,0xb4,0x66,0x00,0xff,0xb4,0x66,0x00,0xff,
    0xb4,0x66,0x00,0xff,0xb4,0x66,0x00,0xff,0xb4,0x66,0x00,0xff,0xb4,0x66,0x00,0xff,
    0xb4,0x66,0x00,0xff,0xb4,0x66,0x00,0xff,0xb4,0x66,0x00,0xff,0xb4,0x66,0x00,0xff,
    0xb4,0x66,0x00,0xff,0xb4,0x66,0x00,0xff,0xb4,0x66,0x00,0xff,0xb4,0x66,0x00,0xff,
    0xb6,0x67,0x00,0xff,0xb4,0x66,0x00,0xff,0xb6,0x64,0x00,0x1c,0x00,0x00,0x00,0x00,
    0x00,0x00,0x00,0x00,0x00,0x00,0x00,0x00,0x00,0x00,0x00,0x00,0x00,0x00,0x00,0x00,
    0x00,0x00,0x00,0x00,0x00,0x00,0x00,0x00,0x00,0x00,0x00,0x00,0x00,0x00,0x00,0x00,
    0x00,0x00,0x00,0x00,0x00,0x00,0x00,0x00,0x00,0x00,0x00,0x00,0x00,0x00,0x00,0x00,
    0x00,0x00,0x00,0x00,0x00,0x00,0x00,0x00,0x00,0x00,0x00,0x00,0x00,0x00,0x00,0x00,
    0x00,0x00,0x00,0x00,0x00,0x00,0x00,0x00,0x00,0x00,0x00,0x00,0x00,0x00,0x00,0x00,
    0x00,0x00,0x00,0x00,0x00,0x00,0x00,0x00,0x00,0x00,0x00,0x00,0x00,0x00,0x00,0x00,
    0x00,0x00,0x00,0x00,0x00,0x00,0x00,0x00,0x00,0x00,0x00,0x00,0x00,0x00,0x00,0x00,
    0x00,0x00,0x00,0x00,0x00,0x00,0x00,0x00,0x00,0x00,0x00,0x00,0x00,0x00,0x00,0x00,
    0x00,0x00,0x00,0x00,0x00,0x00,0x00,0x00,0x00,0x00,0x00,0x00,0x00,0x00,0x00,0x00,
    0x00,0x00,0x00,0x00,0x00,0x00,0x00,0x00,0x00,0x00,0x00,0x00,0x00,0x00,0x00,0x00,
    0x00,0x00,0x00,0x00,0x00,0x00,0x00,0x00,0x00,0x00,0x00,0x00,0x00,0x00,0x00,0x00,
    0x00,0x00,0x00,0x00,0x00,0x00,0x00,0x00,0x00,0x00,0x00,0x00,0x00,0x00,0x00,0x00,
    0x00,0x00,0x00,0x00,0x00,0x00,0x00,0x00,0x00,0x00,0x00,0x00,0x00,0x00,0x00,0x00,
    0x00,0x00,0x00,0x00,0x00,0x00,0x00,0x00,0x00,0x00,0x00,0x00,0x00,0x00,0x00,0x00,
    0x00,0x00,0x00,0x00,0x00,0x00,0x00,0x00,0x00,0x00,0x00,0x00,0x00,0x00,0x00,0x00,
    0x00,0x00,0x00,0x00,0x00,0x00,0x00,0x00,0x00,0x00,0x00,0x00,0x00,0x00,0x00,0x00,
    0x00,0x00,0x00,0x00,0x00,0x00,0x00,0x00,0x00,0x00,0x00,0x00,0x00,0x00,0x00,0x00,
    0x00,0x00,0x00,0x00,0x00,0x00,0x00,0x00,0x00,0x00,0x00,0x00,0x00,0x00,0x00,0x00,
    0x00,0x00,0x00,0x00,0x00,0x00,0x00,0x00,0x00,0x00,0x00,0x00,0x00,0x00,0x00,0x00,
    0x00,0x00,0x00,0x00,0x00,0x00,0x00,0x00,0x00,0x00,0x00,0x00,0x00,0x00,0x00,0x00,
    0x00,0x00,0x00,0x00,0x00,0x00,0x00,0x00,0x00,0x00,0x00,0x00,0x00,0x00,0x00,0x00,
    0x00,0x00,0x00,0x00,0x00,0x00,0x00,0x00,0x00,0x00,0x00,0x00,0x00,0x00,0x00,0x00,
    0x00,0x00,0x00,0x00,0x00,0x00,0x00,0x00,0x00,0x00,0x00,0x00,0x00,0x00,0x00,0x00,
    0x00,0x00,0x00,0x00,0x00,0x00,0x00,0x00,0x00,0x00,0x00,0x00,0x00,0x00,0x00,0x00,
    0x00,0x00,0x00,0x00,0xb0,0x72,0x1f,0x31,0xb1,0x6b,0x11,0xaf,0xb7,0x68,0x00,0xff,
    0xb4,0x66,0x00,0xff,0xb4,0x66,0x00,0xff,0xb4,0x66,0x00,0xff,0xb4,0x66,0x00,0xff,
    0xb4,0x66,0x00,0xff,0xb4,0x66,0x00,0xff,0xb4,0x66,0x00,0xff,0xb4,0x66,0x00,0xff,
    0xb4,0x66,0x00,0xff,0xb4,0x66,0x00,0xff,0xb4,0x66,0x00,0xff,0xb4,0x66,0x00,0xff,
    0xb4,0x66,0x00,0xff,0xb4,0x66,0x00,0xff,0xb4,0x66,0x00,0xff,0xb4,0x66,0x00,0xff,
    0xb4,0x66,0x00,0xff,0xb4,0x66,0x00,0xff,0xb4,0x66,0x00,0xff,0xb4,0x66,0x00,0xff,
    0xb4,0x66,0x00,0xff,0xb4,0x66,0x00,0xff,0xb4,0x66,0x00,0xff,0xb4,0x66,0x00,0xff,
    0xb6,0x67,0x00,0xff,0xb4,0x66,0x00,0xff,0xb6,0x64,0x00,0x1c,0x00,0x00,0x00,0x00,
    0x00,0x00,0x00,0x00,0x00,0x00,0x00,0x00,0x00,0x00,0x00,0x00,0x00,0x00,0x00,0x00,
    0x00,0x00,0x00,0x00,0x00,0x00,0x00,0x00,0x00,0x00,0x00,0x00,0x00,0x00,0x00,0x00,
    0x00,0x00,0x00,0x00,0x00,0x00,0x00,0x00,0x00,0x00,0x00,0x00,0x00,0x00,0x00,0x00,
    0x00,0x00,0x00,0x00,0x00,0x00,0x00,0x00,0x00,0x00,0x00,0x00,0x00,0x00,0x00,0x00,
    0x00,0x00,0x00,0x00,0x00,0x00,0x00,0x00,0x00,0x00,0x00,0x00,0x00,0x00,0x00,0x00,
    0x00,0x00,0x00,0x00,0x00,0x00,0x00,0x00,0x00,0x00,0x00,0x00,0x00,0x00,0x00,0x00,
    0x00,0x00,0x00,0x00,0x00,0x00,0x00,0x00,0x00,0x00,0x00,0x00,0x00,0x00,0x00,0x00,
    0x00,0x00,0x00,0x00,0x00,0x00,0x00,0x00,0x00,0x00,0x00,0x00,0x00,0x00,0x00,0x00,
    0x00,0x00,0x00,0x00,0x00,0x00,0x00,0x00,0x00,0x00,0x00,0x00,0x00,0x00,0x00,0x00,
    0x00,0x00,0x00,0x00,0x00,0x00,0x00,0x00,0x00,0x00,0x00,0x00,0x00,0x00,0x00,0x00,
    0x00,0x00,0x00,0x00,0x00,0x00,0x00,0x00,0x00,0x00,0x00,0x00,0x00,0x00,0x00,0x00,
    0x00,0x00,0x00,0x00,0x00,0x00,0x00,0x00,0x00,0x00,0x00,0x00,0x00,0x00,0x00,0x00,
    0x00,0x00,0x00,0x00,0x00,0x00,0x00,0x00,0x00,0x00,0x00,0x00,0x00,0x00,0x00,0x00,
    0x00,0x00,0x00,0x00,0x00,0x00,0x00,0x00,0x00,0x00,0x00,0x00,0x00,0x00,0x00,0x00,
    0x00,0x00,0x00,0x00,0x00,0x00,0x00,0x00,0x00,0x00,0x00,0x00,0x00,0x00,0x00,0x00,
    0x00,0x00,0x00,0x00,0x00,0x00,0x00,0x00,0x00,0x00,0x00,0x00,0x00,0x00,0x00,0x00,
    0x00,0x00,0x00,0x00,0x00,0x00,0x00,0x00,0x00,0x00,0x00,0x00,0x00,0x00,0x00,0x00,
    0x00,0x00,0x00,0x00,0x00,0x00,0x00,0x00,0x00,0x00,0x00,0x00,0x00,0x00,0x00,0x00,
    0x00,0x00,0x00,0x00,0x00,0x00,0x00,0x00,0x00,0x00,0x00,0x00,0x00,0x00,0x00,0x00,
    0x00,0x00,0x00,0x00,0x00,0x00,0x00,0x00,0x00,0x00,0x00,0x00,0x00,0x00,0x00,0x00,
    0x00,0x00,0x00,0x00,0x00,0x00,0x00,0x00,0x00,0x00,0x00,0x00,0x00,0x00,0x00,0x00,
    0x00,0x00,0x00,0x00,0x00,0x00,0x00,0x00,0x00,0x00,0x00,0x00,0x00,0x00,0x00,0x00,
    0x00,0x00,0x00,0x00,0x00,0x00,0x00,0x00,0x00,0x00,0x00,0x00,0x00,0x00,0x00,0x00,
    0x00,0x00,0x00,0x00,0x00,0x00,0x00,0x00,0x00,0x00,0x00,0x00,0x00,0x00,0x00,0x00,
    0x00,0x00,0x00,0x00,0xb0,0x72,0x1f,0x31,0xb1,0x6b,0x11,0xaf,0xb7,0x68,0x00,0xff,
    0xb4,0x66,0x00,0xff,0xb4,0x66,0x00,0xff,0xb4,0x66,0x00,0xff,0xb4,0x66,0x00,0xff,
    0xb4,0x66,0x00,0xff,0xb4,0x66,0x00,0xff,0xb4,0x66,0x00,0xff,0xb4,0x66,0x00,0xff,
    0xb4,0x66,0x00,0xff,0xb4,0x66,0x00,0xff,0xb4,0x66,0x00,0xff,0xb4,0x66,0x00,0xff,
    0xb4,0x66,0x00,0xff,0xb4,0x66,0x00,0xff,0xb4,0x66,0x00,0xff,0xb4,0x66,0x00,0xff,
    0xb4,0x66,0x00,0xff,0xb4,0x66,0x00,0xff,0xb4,0x66,0x00,0xff,0xb4,0x66,0x00,0xff,
    0xb4,0x66,0x00,0xff,0xb4,0x66,0x00,0xff,0xb4,0x66,0x00,0xff,0xb4,0x66,0x00,0xff,
    0xb6,0x67,0x00,0xff,0xb4,0x66,0x00,0xff,0xb6,0x64,0x00,0x1c,0x00,0x00,0x00,0x00,
    0x00,0x00,0x00,0x00,0x00,0x00,0x00,0x00,0x00,0x00,0x00,0x00,0x00,0x00,0x00,0x00,
    0x00,0x00,0x00,0x00,0x00,0x00,0x00,0x00,0x00,0x00,0x00,0x00,0x00,0x00,0x00,0x00,
    0x00,0x00,0x00,0x00,0x00,0x00,0x00,0x00,0x00,0x00,0x00,0x00,0x00,0x00,0x00,0x00,
    0x00,0x00,0x00,0x00,0x00,0x00,0x00,0x00,0x00,0x00,0x00,0x00,0x00,0x00,0x00,0x00,
    0x00,0x00,0x00,0x00,0x00,0x00,0x00,0x00,0x00,0x00,0x00,0x00,0x00,0x00,0x00,0x00,
    0x00,0x00,0x00,0x00,0x00,0x00,0x00,0x00,0x00,0x00,0x00,0x00,0x00,0x00,0x00,0x00,
    0x00,0x00,0x00,0x00,0x00,0x00,0x00,0x00,0x00,0x00,0x00,0x00,0x00,0x00,0x00,0x00,
    0x00,0x00,0x00,0x00,0x00,0x00,0x00,0x00,0x00,0x00,0x00,0x00,0x00,0x00,0x00,0x00,
    0x00,0x00,0x00,0x00,0x00,0x00,0x00,0x00,0x00,0x00,0x00,0x00,0x00,0x00,0x00,0x00,
    0x00,0x00,0x00,0x00,0x00,0x00,0x00,0x00,0x00,0x00,0x00,0x00,0x00,0x00,0x00,0x00,
    0x00,0x00,0x00,0x00,0x00,0x00,0x00,0x00,0x00,0x00,0x00,0x00,0x00,0x00,0x00,0x00,
    0x00,0x00,0x00,0x00,0x00,0x00,0x00,0x00,0x00,0x00,0x00,0x00,0x00,0x00,0x00,0x00,
    0x00,0x00,0x00,0x00,0x00,0x00,0x00,0x00,0x00,0x00,0x00,0x00,0x00,0x00,0x00,0x00,
    0x00,0x00,0x00,0x00,0x00,0x00,0x00,0x00,0x00,0x00,0x00,0x00,0x00,0x00,0x00,0x00,
    0x00,0x00,0x00,0x00,0x00,0x00,0x00,0x00,0x00,0x00,0x00,0x00,0x00,0x00,0x00,0x00,
    0x00,0x00,0x00,0x00,0x00,0x00,0x00,0x00,0x00,0x00,0x00,0x00,0x00,0x00,0x00,0x00,
    0x00,0x00,0x00,0x00,0x00,0x00,0x00,0x00,0x00,0x00,0x00,0x00,0x00,0x00,0x00,0x00,
    0x00,0x00,0x00,0x00,0x00,0x00,0x00,0x00,0x00,0x00,0x00,0x00,0x00,0x00,0x00,0x00,
    0x00,0x00,0x00,0x00,0x00,0x00,0x00,0x00,0x00,0x00,0x00,0x00,0x00,0x00,0x00,0x00,
    0x00,0x00,0x00,0x00,0x00,0x00,0x00,0x00,0x00,0x00,0x00,0x00,0x00,0x00,0x00,0x00,
    0x00,0x00,0x00,0x00,0x00,0x00,0x00,0x00,0x00,0x00,0x00,0x00,0x00,0x00,0x00,0x00,
    0x00,0x00,0x00,0x00,0x00,0x00,0x00,0x00,0x00,0x00,0x00,0x00,0x00,0x00,0x00,0x00,
    0x00,0x00,0x00,0x00,0x00,0x00,0x00,0x00,0x00,0x00,0x00,0x00,0x00,0x00,0x00,0x00,
    0x00,0x00,0x00,0x00,0x00,0x00,0x00,0x00,0x00,0x00,0x00,0x00,0x00,0x00,0x00,0x00,
    0x00,0x00,0x00,0x00,0xb0,0x72,0x1f,0x31,0xb1,0x6b,0x11,0xaf,0xb7,0x68,0x00,0xff,
    0xb4,0x66,0x00,0xff,0xb4,0x66,0x00,0xff,0xb4,0x66,0x00,0xff,0xb4,0x66,0x00,0xff,
    0xb4,0x66,0x00,0xff,0xb4,0x66,0x00,0xff,0xb4,0x66,0x00,0xff,0xb4,0x66,0x00,0xff,
    0xb4,0x66,0x00,0xff,0xb4,0x66,0x00,0xff,0xb4,0x66,0x00,0xff,0xb4,0x66,0x00,0xff,
    0xb4,0x66,0x00,0xff,0xb4,0x66,0x00,0xff,0xb4,0x66,0x00,0xff,0xb4,0x66,0x00,0xff,
    0xb4,0x66,0x00,0xff,0xb4,0x66,0x00,0xff,0xb4,0x66,0x00,0xff,0xb4,0x66,0x00,0xff,
    0xb4,0x66,0x00,0xff,0xb4,0x66,0x00,0xff,0xb4,0x66,0x00,0xff,0xb4,0x66,0x00,0xff,
    0xb6,0x67,0x00,0xff,0xb4,0x66,0x00,0xff,0xb6,0x64,0x00,0x1c,0x00,0x00,0x00,0x00,
    0x00,0x00,0x00,0x00,0x00,0x00,0x00,0x00,0x00,0x00,0x00,0x00,0x00,0x00,0x00,0x00,
    0x00,0x00,0x00,0x00,0x00,0x00,0x00,0x00,0x00,0x00,0x00,0x00,0x00,0x00,0x00,0x00,
    0x00,0x00,0x00,0x00,0x00,0x00,0x00,0x00,0x00,0x00,0x00,0x00,0x00,0x00,0x00,0x00,
    0x00,0x00,0x00,0x00,0x00,0x00,0x00,0x00,0x00,0x00,0x00,0x00,0x00,0x00,0x00,0x00,
    0x00,0x00,0x00,0x00,0x00,0x00,0x00,0x00,0x00,0x00,0x00,0x00,0x00,0x00,0x00,0x00,
    0x00,0x00,0x00,0x00,0x00,0x00,0x00,0x00,0x00,0x00,0x00,0x00,0x00,0x00,0x00,0x00,
    0x00,0x00,0x00,0x00,0x00,0x00,0x00,0x00,0x00,0x00,0x00,0x00,0x00,0x00,0x00,0x00,
    0x00,0x00,0x00,0x00,0x00,0x00,0x00,0x00,0x00,0x00,0x00,0x00,0x00,0x00,0x00,0x00,
    0x00,0x00,0x00,0x00,0x00,0x00,0x00,0x00,0x00,0x00,0x00,0x00,0x00,0x00,0x00,0x00,
    0x00,0x00,0x00,0x00,0x00,0x00,0x00,0x00,0x00,0x00,0x00,0x00,0x00,0x00,0x00,0x00,
    0x00,0x00,0x00,0x00,0x00,0x00,0x00,0x00,0x00,0x00,0x00,0x00,0x00,0x00,0x00,0x00,
    0x00,0x00,0x00,0x00,0x00,0x00,0x00,0x00,0x00,0x00,0x00,0x00,0x00,0x00,0x00,0x00,
    0x00,0x00,0x00,0x00,0x00,0x00,0x00,0x00,0x00,0x00,0x00,0x00,0x00,0x00,0x00,0x00,
    0x00,0x00,0x00,0x00,0x00,0x00,0x00,0x00,0x00,0x00,0x00,0x00,0x00,0x00,0x00,0x00,
    0x00,0x00,0x00,0x00,0x00,0x00,0x00,0x00,0x00,0x00,0x00,0x00,0x00,0x00,0x00,0x00,
    0x00,0x00,0x00,0x00,0x00,0x00,0x00,0x00,0x00,0x00,0x00,0x00,0x00,0x00,0x00,0x00,
    0x00,0x00,0x00,0x00,0x00,0x00,0x00,0x00,0x00,0x00,0x00,0x00,0x00,0x00,0x00,0x00,
    0x00,0x00,0x00,0x00,0x00,0x00,0x00,0x00,0x00,0x00,0x00,0x00,0x00,0x00,0x00,0x00,
    0x00,0x00,0x00,0x00,0x00,0x00,0x00,0x00,0x00,0x00,0x00,0x00,0x00,0x00,0x00,0x00,
    0x00,0x00,0x00,0x00,0x00,0x00,0x00,0x00,0x00,0x00,0x00,0x00,0x00,0x00,0x00,0x00,
    0x00,0x00,0x00,0x00,0x00,0x00,0x00,0x00,0x00,0x00,0x00,0x00,0x00,0x00,0x00,0x00,
    0x00,0x00,0x00,0x00,0x00,0x00,0x00,0x00,0x00,0x00,0x00,0x00,0x00,0x00,0x00,0x00,
    0x00,0x00,0x00,0x00,0x00,0x00,0x00,0x00,0x00,0x00,0x00,0x00,0x00,0x00,0x00,0x00,
    0x00,0x00,0x00,0x00,0x00,0x00,0x00,0x00,0x00,0x00,0x00,0x00,0x00,0x00,0x00,0x00,
    0x00,0x00,0x00,0x00,0xb0,0x72,0x1f,0x31,0xb1,0x6b,0x11,0xaf,0xb7,0x68,0x00,0xff,
    0xb4,0x66,0x00,0xff,0xb4,0x66,0x00,0xff,0xb4,0x66,0x00,0xff,0xb4,0x66,0x00,0xff,
    0xb4,0x66,0x00,0xff,0xb4,0x66,0x00,0xff,0xb4,0x66,0x00,0xff,0xb4,0x66,0x00,0xff,
    0xb4,0x66,0x00,0xff,0xb4,0x66,0x00,0xff,0xb4,0x66,0x00,0xff,0xb4,0x66,0x00,0xff,
    0xb4,0x66,0x00,0xff,0xb4,0x66,0x00,0xff,0xb4,0x66,0x00,0xff,0xb4,0x66,0x00,0xff,
    0xb4,0x66,0x00,0xff,0xb4,0x66,0x00,0xff,0xb4,0x66,0x00,0xff,0xb4,0x66,0x00,0xff,
    0xb4,0x66,0x00,0xff,0xb4,0x66,0x00,0xff,0xb4,0x66,0x00,0xff,0xb4,0x66,0x00,0xff,
    0xb6,0x67,0x00,0xff,0xb4,0x66,0x00,0xff,0xb6,0x64,0x00,0x1c,0x00,0x00,0x00,0x00,
    0x00,0x00,0x00,0x00,0x00,0x00,0x00,0x00,0x00,0x00,0x00,0x00,0x00,0x00,0x00,0x00,
    0x00,0x00,0x00,0x00,0x00,0x00,0x00,0x00,0x00,0x00,0x00,0x00,0x00,0x00,0x00,0x00,
    0x00,0x00,0x00,0x00,0x00,0x00,0x00,0x00,0x00,0x00,0x00,0x00,0x00,0x00,0x00,0x00,
    0x00,0x00,0x00,0x00,0x00,0x00,0x00,0x00,0x00,0x00,0x00,0x00,0x00,0x00,0x00,0x00,
    0x00,0x00,0x00,0x00,0x00,0x00,0x00,0x00,0x00,0x00,0x00,0x00,0x00,0x00,0x00,0x00,
    0x00,0x00,0x00,0x00,0x00,0x00,0x00,0x00,0x00,0x00,0x00,0x00,0x00,0x00,0x00,0x00,
    0x00,0x00,0x00,0x00,0x00,0x00,0x00,0x00,0x00,0x00,0x00,0x00,0x00,0x00,0x00,0x00,
    0x00,0x00,0x00,0x00,0x00,0x00,0x00,0x00,0x00,0x00,0x00,0x00,0x00,0x00,0x00,0x00,
    0x00,0x00,0x00,0x00,0x00,0x00,0x00,0x00,0x00,0x00,0x00,0x00,0x00,0x00,0x00,0x00,
    0x00,0x00,0x00,0x00,0x00,0x00,0x00,0x00,0x00,0x00,0x00,0x00,0x00,0x00,0x00,0x00,
    0x00,0x00,0x00,0x00,0x00,0x00,0x00,0x00,0x00,0x00,0x00,0x00,0x00,0x00,0x00,0x00,
    0x00,0x00,0x00,0x00,0x00,0x00,0x00,0x00,0x00,0x00,0x00,0x00,0x00,0x00,0x00,0x00,
    0x00,0x00,0x00,0x00,0x00,0x00,0x00,0x00,0x00,0x00,0x00,0x00,0x00,0x00,0x00,0x00,
    0x00,0x00,0x00,0x00,0x00,0x00,0x00,0x00,0x00,0x00,0x00,0x00,0x00,0x00,0x00,0x00,
    0x00,0x00,0x00,0x00,0x00,0x00,0x00,0x00,0x00,0x00,0x00,0x00,0x00,0x00,0x00,0x00,
    0x00,0x00,0x00,0x00,0x00,0x00,0x00,0x00,0x00,0x00,0x00,0x00,0x00,0x00,0x00,0x00,
    0x00,0x00,0x00,0x00,0x00,0x00,0x00,0x00,0x00,0x00,0x00,0x00,0x00,0x00,0x00,0x00,
    0x00,0x00,0x00,0x00,0x00,0x00,0x00,0x00,0x00,0x00,0x00,0x00,0x00,0x00,0x00,0x00,
    0x00,0x00,0x00,0x00,0x00,0x00,0x00,0x00,0x00,0x00,0x00,0x00,0x00,0x00,0x00,0x00,
    0x00,0x00,0x00,0x00,0x00,0x00,0x00,0x00,0x00,0x00,0x00,0x00,0x00,0x00,0x00,0x00,
    0x00,0x00,0x00,0x00,0x00,0x00,0x00,0x00,0x00,0x00,0x00,0x00,0x00,0x00,0x00,0x00,
    0x00,0x00,0x00,0x00,0x00,0x00,0x00,0x00,0x00,0x00,0x00,0x00,0x00,0x00,0x00,0x00,
    0x00,0x00,0x00,0x00,0x00,0x00,0x00,0x00,0x00,0x00,0x00,0x00,0x00,0x00,0x00,0x00,
    0x00,0x00,0x00,0x00,0x00,0x00,0x00,0x00,0x00,0x00,0x00,0x00,0x00,0x00,0x00,0x00,
    0x00,0x00,0x00,0x00,0xb0,0x72,0x1f,0x31,0xb1,0x6b,0x11,0xaf,0xb7,0x68,0x00,0xff,
    0xb4,0x66,0x00,0xff,0xb4,0x66,0x00,0xff,0xb4,0x66,0x00,0xff,0xb4,0x66,0x00,0xff,
    0xb4,0x66,0x00,0xff,0xb4,0x66,0x00,0xff,0xb4,0x66,0x00,0xff,0xb4,0x66,0x00,0xff,
    0xb4,0x66,0x00,0xff,0xb4,0x66,0x00,0xff,0xb4,0x66,0x00,0xff,0xb4,0x66,0x00,0xff,
    0xb4,0x66,0x00,0xff,0xb4,0x66,0x00,0xff,0xb4,0x66,0x00,0xff,0xb4,0x66,0x00,0xff,
    0xb4,0x66,0x00,0xff,0xb4,0x66,0x00,0xff,0xb4,0x66,0x00,0xff,0xb4,0x66,0x00,0xff,
    0xb4,0x66,0x00,0xff,0xb4,0x66,0x00,0xff,0xb4,0x66,0x00,0xff,0xb4,0x66,0x00,0xff,
    0xb6,0x67,0x00,0xff,0xb4,0x66,0x00,0xff,0xb6,0x64,0x00,0x1c,0x00,0x00,0x00,0x00,
    0x00,0x00,0x00,0x00,0x00,0x00,0x00,0x00,0x00,0x00,0x00,0x00,0x00,0x00,0x00,0x00,
    0x00,0x00,0x00,0x00,0x00,0x00,0x00,0x00,0x00,0x00,0x00,0x00,0x00,0x00,0x00,0x00,
    0x00,0x00,0x00,0x00,0x00,0x00,0x00,0x00,0x00,0x00,0x00,0x00,0x00,0x00,0x00,0x00,
    0x00,0x00,0x00,0x00,0x00,0x00,0x00,0x00,0x00,0x00,0x00,0x00,0x00,0x00,0x00,0x00,
    0x00,0x00,0x00,0x00,0x00,0x00,0x00,0x00,0x00,0x00,0x00,0x00,0x00,0x00,0x00,0x00,
    0x00,0x00,0x00,0x00,0x00,0x00,0x00,0x00,0x00,0x00,0x00,0x00,0x00,0x00,0x00,0x00,
    0x00,0x00,0x00,0x00,0x00,0x00,0x00,0x00,0x00,0x00,0x00,0x00,0x00,0x00,0x00,0x00,
    0x00,0x00,0x00,0x00,0x00,0x00,0x00,0x00,0x00,0x00,0x00,0x00,0x00,0x00,0x00,0x00,
    0x00,0x00,0x00,0x00,0x00,0x00,0x00,0x00,0x00,0x00,0x00,0x00,0x00,0x00,0x00,0x00,
    0x00,0x00,0x00,0x00,0x00,0x00,0x00,0x00,0x00,0x00,0x00,0x00,0x00,0x00,0x00,0x00,
    0x00,0x00,0x00,0x00,0x00,0x00,0x00,0x00,0x00,0x00,0x00,0x00,0x00,0x00,0x00,0x00,
    0x00,0x00,0x00,0x00,0x00,0x00,0x00,0x00,0x00,0x00,0x00,0x00,0x00,0x00,0x00,0x00,
    0x00,0x00,0x00,0x00,0x00,0x00,0x00,0x00,0x00,0x00,0x00,0x00,0x00,0x00,0x00,0x00,
    0x00,0x00,0x00,0x00,0x00,0x00,0x00,0x00,0x00,0x00,0x00,0x00,0x00,0x00,0x00,0x00,
    0x00,0x00,0x00,0x00,0x00,0x00,0x00,0x00,0x00,0x00,0x00,0x00,0x00,0x00,0x00,0x00,
    0x00,0x00,0x00,0x00,0x00,0x00,0x00,0x00,0x00,0x00,0x00,0x00,0x00,0x00,0x00,0x00,
    0x00,0x00,0x00,0x00,0x00,0x00,0x00,0x00,0x00,0x00,0x00,0x00,0x00,0x00,0x00,0x00,
    0x00,0x00,0x00,0x00,0x00,0x00,0x00,0x00,0x00,0x00,0x00,0x00,0x00,0x00,0x00,0x00,
    0x00,0x00,0x00,0x00,0x00,0x00,0x00,0x00,0x00,0x00,0x00,0x00,0x00,0x00,0x00,0x00,
    0x00,0x00,0x00,0x00,0x00,0x00,0x00,0x00,0x00,0x00,0x00,0x00,0x00,0x00,0x00,0x00,
    0x00,0x00,0x00,0x00,0x00,0x00,0x00,0x00,0x00,0x00,0x00,0x00,0x00,0x00,0x00,0x00,
    0x00,0x00,0x00,0x00,0x00,0x00,0x00,0x00,0x00,0x00,0x00,0x00,0x00,0x00,0x00,0x00,
    0x00,0x00,0x00,0x00,0x00,0x00,0x00,0x00,0x00,0x00,0x00,0x00,0x00,0x00,0x00,0x00,
    0x00,0x00,0x00,0x00,0x00,0x00,0x00,0x00,0x00,0x00,0x00,0x00,0x00,0x00,0x00,0x00,
    0x00,0x00,0x00,0x00,0xb0,0x72,0x1f,0x31,0xb1,0x6b,0x11,0xaf,0xb7,0x68,0x00,0xff,
    0xb4,0x66,0x00,0xff,0xb4,0x66,0x00,0xff,0xb4,0x66,0x00,0xff,0xb4,0x66,0x00,0xff,
    0xb4,0x66,0x00,0xff,0xb4,0x66,0x00,0xff,0xb4,0x66,0x00,0xff,0xb4,0x66,0x00,0xff,
    0xb4,0x66,0x00,0xff,0xb4,0x66,0x00,0xff,0xb4,0x66,0x00,0xff,0xb4,0x66,0x00,0xff,
    0xb4,0x66,0x00,0xff,0xb4,0x66,0x00,0xff,0xb4,0x66,0x00,0xff,0xb4,0x66,0x00,0xff,
    0xb4,0x66,0x00,0xff,0xb4,0x66,0x00,0xff,0xb4,0x66,0x00,0xff,0xb4,0x66,0x00,0xff,
    0xb4,0x66,0x00,0xff,0xb4,0x66,0x00,0xff,0xb4,0x66,0x00,0xff,0xb4,0x66,0x00,0xff,
    0xb6,0x67,0x00,0xff,0xb4,0x66,0x00,0xff,0xb6,0x64,0x00,0x1c,0x00,0x00,0x00,0x00,
    0x00,0x00,0x00,0x00,0x00,0x00,0x00,0x00,0x00,0x00,0x00,0x00,0x00,0x00,0x00,0x00,
    0x00,0x00,0x00,0x00,0x00,0x00,0x00,0x00,0x00,0x00,0x00,0x00,0x00,0x00,0x00,0x00,
    0x00,0x00,0x00,0x00,0x00,0x00,0x00,0x00,0x00,0x00,0x00,0x00,0x00,0x00,0x00,0x00,
    0x00,0x00,0x00,0x00,0x00,0x00,0x00,0x00,0x00,0x00,0x00,0x00,0x00,0x00,0x00,0x00,
    0x00,0x00,0x00,0x00,0x00,0x00,0x00,0x00,0x00,0x00,0x00,0x00,0x00,0x00,0x00,0x00,
    0x00,0x00,0x00,0x00,0x00,0x00,0x00,0x00,0x00,0x00,0x00,0x00,0x00,0x00,0x00,0x00,
    0x00,0x00,0x00,0x00,0x00,0x00,0x00,0x00,0x00,0x00,0x00,0x00,0x00,0x00,0x00,0x00,
    0x00,0x00,0x00,0x00,0x00,0x00,0x00,0x00,0x00,0x00,0x00,0x00,0x00,0x00,0x00,0x00,
    0x00,0x00,0x00,0x00,0x00,0x00,0x00,0x00,0x00,0x00,0x00,0x00,0x00,0x00,0x00,0x00,
    0x00,0x00,0x00,0x00,0x00,0x00,0x00,0x00,0x00,0x00,0x00,0x00,0x00,0x00,0x00,0x00,
    0x00,0x00,0x00,0x00,0x00,0x00,0x00,0x00,0x00,0x00,0x00,0x00,0x00,0x00,0x00,0x00,
    0x00,0x00,0x00,0x00,0x00,0x00,0x00,0x00,0x00,0x00,0x00,0x00,0x00,0x00,0x00,0x00,
    0x00,0x00,0x00,0x00,0x00,0x00,0x00,0x00,0x00,0x00,0x00,0x00,0x00,0x00,0x00,0x00,
    0x00,0x00,0x00,0x00,0x00,0x00,0x00,0x00,0x00,0x00,0x00,0x00,0x00,0x00,0x00,0x00,
    0x00,0x00,0x00,0x00,0x00,0x00,0x00,0x00,0x00,0x00,0x00,0x00,0x00,0x00,0x00,0x00,
    0x00,0x00,0x00,0x00,0x00,0x00,0x00,0x00,0x00,0x00,0x00,0x00,0x00,0x00,0x00,0x00,
    0x00,0x00,0x00,0x00,0x00,0x00,0x00,0x00,0x00,0x00,0x00,0x00,0x00,0x00,0x00,0x00,
    0x00,0x00,0x00,0x00,0x00,0x00,0x00,0x00,0x00,0x00,0x00,0x00,0x00,0x00,0x00,0x00,
    0x00,0x00,0x00,0x00,0x00,0x00,0x00,0x00,0x00,0x00,0x00,0x00,0x00,0x00,0x00,0x00,
    0x00,0x00,0x00,0x00,0x00,0x00,0x00,0x00,0x00,0x00,0x00,0x00,0x00,0x00,0x00,0x00,
    0x00,0x00,0x00,0x00,0x00,0x00,0x00,0x00,0x00,0x00,0x00,0x00,0x00,0x00,0x00,0x00,
    0x00,0x00,0x00,0x00,0x00,0x00,0x00,0x00,0x00,0x00,0x00,0x00,0x00,0x00,0x00,0x00,
    0x00,0x00,0x00,0x00,0x00,0x00,0x00,0x00,0x00,0x00,0x00,0x00,0x00,0x00,0x00,0x00,
    0x00,0x00,0x00,0x00,0x00,0x00,0x00,0x00,0x00,0x00,0x00,0x00,0x00,0x00,0x00,0x00,
    0x00,0x00,0x00,0x00,0xb0,0x72,0x1f,0x31,0xb1,0x6b,0x11,0xaf,0xb7,0x68,0x00,0xff,
    0xb4,0x66,0x00,0xff,0xb4,0x66,0x00,0xff,0xb4,0x66,0x00,0xff,0xb4,0x66,0x00,0xff,
    0xb4,0x66,0x00,0xff,0xb4,0x66,0x00,0xff,0xb4,0x66,0x00,0xff,0xb4,0x66,0x00,0xff,
    0xb4,0x66,0x00,0xff,0xb4,0x66,0x00,0xff,0xb4,0x66,0x00,0xff,0xb4,0x66,0x00,0xff,
    0xb4,0x66,0x00,0xff,0xb4,0x66,0x00,0xff,0xb4,0x66,0x00,0xff,0xb4,0x66,0x00,0xff,
    0xb4,0x66,0x00,0xff,0xb4,0x66,0x00,0xff,0xb4,0x66,0x00,0xff,0xb4,0x66,0x00,0xff,
    0xb4,0x66,0x00,0xff,0xb4,0x66,0x00,0xff,0xb4,0x66,0x00,0xff,0xb4,0x66,0x00,0xff,
    0xb6,0x67,0x00,0xff,0xb4,0x66,0x00,0xff,0xb6,0x64,0x00,0x1c,0x00,0x00,0x00,0x00,
    0x00,0x00,0x00,0x00,0x00,0x00,0x00,0x00,0x00,0x00,0x00,0x00,0x00,0x00,0x00,0x00,
    0x00,0x00,0x00,0x00,0x00,0x00,0x00,0x00,0x00,0x00,0x00,0x00,0x00,0x00,0x00,0x00,
    0x00,0x00,0x00,0x00,0x00,0x00,0x00,0x00,0x00,0x00,0x00,0x00,0x00,0x00,0x00,0x00,
    0x00,0x00,0x00,0x00,0x00,0x00,0x00,0x00,0x00,0x00,0x00,0x00,0x00,0x00,0x00,0x00,
    0x00,0x00,0x00,0x00,0x00,0x00,0x00,0x00,0x00,0x00,0x00,0x00,0x00,0x00,0x00,0x00,
    0x00,0x00,0x00,0x00,0x00,0x00,0x00,0x00,0x00,0x00,0x00,0x00,0x00,0x00,0x00,0x00,
    0x00,0x00,0x00,0x00,0x00,0x00,0x00,0x00,0x00,0x00,0x00,0x00,0x00,0x00,0x00,0x00,
    0x00,0x00,0x00,0x00,0x00,0x00,0x00,0x00,0x00,0x00,0x00,0x00,0x00,0x00,0x00,0x00,
    0x00,0x00,0x00,0x00,0x00,0x00,0x00,0x00,0x00,0x00,0x00,0x00,0x00,0x00,0x00,0x00,
    0x00,0x00,0x00,0x00,0x00,0x00,0x00,0x00,0x00,0x00,0x00,0x00,0x00,0x00,0x00,0x00,
    0x00,0x00,0x00,0x00,0x00,0x00,0x00,0x00,0x00,0x00,0x00,0x00,0x00,0x00,0x00,0x00,
    0x00,0x00,0x00,0x00,0x00,0x00,0x00,0x00,0x00,0x00,0x00,0x00,0x00,0x00,0x00,0x00,
    0x00,0x00,0x00,0x00,0x00,0x00,0x00,0x00,0x00,0x00,0x00,0x00,0x00,0x00,0x00,0x00,
    0x00,0x00,0x00,0x00,0x00,0x00,0x00,0x00,0x00,0x00,0x00,0x00,0x00,0x00,0x00,0x00,
    0x00,0x00,0x00,0x00,0x00,0x00,0x00,0x00,0x00,0x00,0x00,0x00,0x00,0x00,0x00,0x00,
    0x00,0x00,0x00,0x00,0x00,0x00,0x00,0x00,0x00,0x00,0x00,0x00,0x00,0x00,0x00,0x00,
    0x00,0x00,0x00,0x00,0x00,0x00,0x00,0x00,0x00,0x00,0x00,0x00,0x00,0x00,0x00,0x00,
    0x00,0x00,0x00,0x00,0x00,0x00,0x00,0x00,0x00,0x00,0x00,0x00,0x00,0x00,0x00,0x00,
    0x00,0x00,0x00,0x00,0x00,0x00,0x00,0x00,0x00,0x00,0x00,0x00,0x00,0x00,0x00,0x00,
    0x00,0x00,0x00,0x00,0x00,0x00,0x00,0x00,0x00,0x00,0x00,0x00,0x00,0x00,0x00,0x00,
    0x00,0x00,0x00,0x00,0x00,0x00,0x00,0x00,0x00,0x00,0x00,0x00,0x00,0x00,0x00,0x00,
    0x00,0x00,0x00,0x00,0x00,0x00,0x00,0x00,0x00,0x00,0x00,0x00,0x00,0x00,0x00,0x00,
    0x00,0x00,0x00,0x00,0x00,0x00,0x00,0x00,0x00,0x00,0x00,0x00,0x00,0x00,0x00,0x00,
    0x00,0x00,0x00,0x00,0x00,0x00,0x00,0x00,0x00,0x00,0x00,0x00,0x00,0x00,0x00,0x00,
    0x00,0x00,0x00,0x00,0xb0,0x72,0x1f,0x31,0xb1,0x6b,0x11,0xaf,0xb7,0x68,0x00,0xff,
    0xb4,0x66,0x00,0xff,0xb4,0x66,0x00,0xff,0xb4,0x66,0x00,0xff,0xb4,0x66,0x00,0xff,
    0xb4,0x66,0x00,0xff,0xb4,0x66,0x00,0xff,0xb4,0x66,0x00,0xff,0xb4,0x66,0x00,0xff,
    0xb4,0x66,0x00,0xff,0xb4,0x66,0x00,0xff,0xb4,0x66,0x00,0xff,0xb4,0x66,0x00,0xff,
    0xb4,0x66,0x00,0xff,0xb4,0x66,0x00,0xff,0xb4,0x66,0x00,0xff,0xb4,0x66,0x00,0xff,
    0xb4,0x66,0x00,0xff,0xb4,0x66,0x00,0xff,0xb4,0x66,0x00,0xff,0xb4,0x66,0x00,0xff,
    0xb4,0x66,0x00,0xff,0xb4,0x66,0x00,0xff,0xb4,0x66,0x00,0xff,0xb4,0x66,0x00,0xff,
    0xb6,0x67,0x00,0xff,0xb4,0x66,0x00,0xff,0xb6,0x64,0x00,0x1c,0x00,0x00,0x00,0x00,
    0x00,0x00,0x00,0x00,0x00,0x00,0x00,0x00,0x00,0x00,0x00,0x00,0x00,0x00,0x00,0x00,
    0x00,0x00,0x00,0x00,0x00,0x00,0x00,0x00,0x00,0x00,0x00,0x00,0x00,0x00,0x00,0x00,
    0x00,0x00,0x00,0x00,0x00,0x00,0x00,0x00,0x00,0x00,0x00,0x00,0x00,0x00,0x00,0x00,
    0x00,0x00,0x00,0x00,0x00,0x00,0x00,0x00,0x00,0x00,0x00,0x00,0x00,0x00,0x00,0x00,
    0x00,0x00,0x00,0x00,0x00,0x00,0x00,0x00,0x00,0x00,0x00,0x00,0x00,0x00,0x00,0x00,
    0x00,0x00,0x00,0x00,0x00,0x00,0x00,0x00,0x00,0x00,0x00,0x00,0x00,0x00,0x00,0x00,
    0x00,0x00,0x00,0x00,0x00,0x00,0x00,0x00,0x00,0x00,0x00,0x00,0x00,0x00,0x00,0x00,
    0x00,0x00,0x00,0x00,0x00,0x00,0x00,0x00,0x00,0x00,0x00,0x00,0x00,0x00,0x00,0x00,
    0x00,0x00,0x00,0x00,0x00,0x00,0x00,0x00,0x00,0x00,0x00,0x00,0x00,0x00,0x00,0x00,
    0x00,0x00,0x00,0x00,0x00,0x00,0x00,0x00,0x00,0x00,0x00,0x00,0x00,0x00,0x00,0x00,
    0x00,0x00,0x00,0x00,0x00,0x00,0x00,0x00,0x00,0x00,0x00,0x00,0x00,0x00,0x00,0x00,
    0x00,0x00,0x00,0x00,0x00,0x00,0x00,0x00,0x00,0x00,0x00,0x00,0x00,0x00,0x00,0x00,
    0x00,0x00,0x00,0x00,0x00,0x00,0x00,0x00,0x00,0x00,0x00,0x00,0x00,0x00,0x00,0x00,
    0x00,0x00,0x00,0x00,0x00,0x00,0x00,0x00,0x00,0x00,0x00,0x00,0x00,0x00,0x00,0x00,
    0x00,0x00,0x00,0x00,0x00,0x00,0x00,0x00,0x00,0x00,0x00,0x00,0x00,0x00,0x00,0x00,
    0x00,0x00,0x00,0x00,0x00,0x00,0x00,0x00,0x00,0x00,0x00,0x00,0x00,0x00,0x00,0x00,
    0x00,0x00,0x00,0x00,0x00,0x00,0x00,0x00,0x00,0x00,0x00,0x00,0x00,0x00,0x00,0x00,
    0x00,0x00,0x00,0x00,0x00,0x00,0x00,0x00,0x00,0x00,0x00,0x00,0x00,0x00,0x00,0x00,
    0x00,0x00,0x00,0x00,0x00,0x00,0x00,0x00,0x00,0x00,0x00,0x00,0x00,0x00,0x00,0x00,
    0x00,0x00,0x00,0x00,0x00,0x00,0x00,0x00,0x00,0x00,0x00,0x00,0x00,0x00,0x00,0x00,
    0x00,0x00,0x00,0x00,0x00,0x00,0x00,0x00,0x00,0x00,0x00,0x00,0x00,0x00,0x00,0x00,
    0x00,0x00,0x00,0x00,0x00,0x00,0x00,0x00,0x00,0x00,0x00,0x00,0x00,0x00,0x00,0x00,
    0x00,0x00,0x00,0x00,0x00,0x00,0x00,0x00,0x00,0x00,0x00,0x00,0x00,0x00,0x00,0x00,
    0x00,0x00,0x00,0x00,0x00,0x00,0x00,0x00,0x00,0x00,0x00,0x00,0x00,0x00,0x00,0x00,
    0x00,0x00,0x00,0x00,0xb0,0x72,0x1f,0x31,0xb1,0x6b,0x11,0xaf,0xb7,0x68,0x00,0xff,
    0xb4,0x66,0x00,0xff,0xb4,0x66,0x00,0xff,0xb4,0x66,0x00,0xff,0xb4,0x66,0x00,0xff,
    0xb4,0x66,0x00,0xff,0xb4,0x66,0x00,0xff,0xb4,0x66,0x00,0xff,0xb4,0x66,0x00,0xff,
    0xb4,0x66,0x00,0xff,0xb4,0x66,0x00,0xff,0xb4,0x66,0x00,0xff,0xb4,0x66,0x00,0xff,
    0xb4,0x66,0x00,0xff,0xb4,0x66,0x00,0xff,0xb4,0x66,0x00,0xff,0xb4,0x66,0x00,0xff,
    0xb4,0x66,0x00,0xff,0xb4,0x66,0x00,0xff,0xb4,0x66,0x00,0xff,0xb4,0x66,0x00,0xff,
    0xb4,0x66,0x00,0xff,0xb4,0x66,0x00,0xff,0xb4,0x66,0x00,0xff,0xb4,0x66,0x00,0xff,
    0xb6,0x67,0x00,0xff,0xb4,0x66,0x00,0xff,0xb6,0x64,0x00,0x1c,0x00,0x00,0x00,0x00,
    0x00,0x00,0x00,0x00,0x00,0x00,0x00,0x00,0x00,0x00,0x00,0x00,0x00,0x00,0x00,0x00,
    0x00,0x00,0x00,0x00,0x00,0x00,0x00,0x00,0x00,0x00,0x00,0x00,0x00,0x00,0x00,0x00,
    0x00,0x00,0x00,0x00,0x00,0x00,0x00,0x00,0x00,0x00,0x00,0x00,0x00,0x00,0x00,0x00,
    0x00,0x00,0x00,0x00,0x00,0x00,0x00,0x00,0x00,0x00,0x00,0x00,0x00,0x00,0x00,0x00,
    0x00,0x00,0x00,0x00,0x00,0x00,0x00,0x00,0x00,0x00,0x00,0x00,0x00,0x00,0x00,0x00,
    0x00,0x00,0x00,0x00,0x00,0x00,0x00,0x00,0x00,0x00,0x00,0x00,0x00,0x00,0x00,0x00,
    0x00,0x00,0x00,0x00,0x00,0x00,0x00,0x00,0x00,0x00,0x00,0x00,0x00,0x00,0x00,0x00,
    0x00,0x00,0x00,0x00,0x00,0x00,0x00,0x00,0x00,0x00,0x00,0x00,0x00,0x00,0x00,0x00,
    0x00,0x00,0x00,0x00,0x00,0x00,0x00,0x00,0x00,0x00,0x00,0x00,0x00,0x00,0x00,0x00,
    0x00,0x00,0x00,0x00,0x00,0x00,0x00,0x00,0x00,0x00,0x00,0x00,0x00,0x00,0x00,0x00,
    0x00,0x00,0x00,0x00,0x00,0x00,0x00,0x00,0x00,0x00,0x00,0x00,0x00,0x00,0x00,0x00,
    0x00,0x00,0x00,0x00,0x00,0x00,0x00,0x00,0x00,0x00,0x00,0x00,0x00,0x00,0x00,0x00,
    0x00,0x00,0x00,0x00,0x00,0x00,0x00,0x00,0x00,0x00,0x00,0x00,0x00,0x00,0x00,0x00,
    0x00,0x00,0x00,0x00,0x00,0x00,0x00,0x00,0x00,0x00,0x00,0x00,0x00,0x00,0x00,0x00,
    0x00,0x00,0x00,0x00,0x00,0x00,0x00,0x00,0x00,0x00,0x00,0x00,0x00,0x00,0x00,0x00,
    0x00,0x00,0x00,0x00,0x00,0x00,0x00,0x00,0x00,0x00,0x00,0x00,0x00,0x00,0x00,0x00,
    0x00,0x00,0x00,0x00,0x00,0x00,0x00,0x00,0x00,0x00,0x00,0x00,0x00,0x00,0x00,0x00,
    0x00,0x00,0x00,0x00,0x00,0x00,0x00,0x00,0x00,0x00,0x00,0x00,0x00,0x00,0x00,0x00,
    0x00,0x00,0x00,0x00,0x00,0x00,0x00,0x00,0x00,0x00,0x00,0x00,0x00,0x00,0x00,0x00,
    0x00,0x00,0x00,0x00,0x00,0x00,0x00,0x00,0x00,0x00,0x00,0x00,0x00,0x00,0x00,0x00,
    0x00,0x00,0x00,0x00,0x00,0x00,0x00,0x00,0x00,0x00,0x00,0x00,0x00,0x00,0x00,0x00,
    0x00,0x00,0x00,0x00,0x00,0x00,0x00,0x00,0x00,0x00,0x00,0x00,0x00,0x00,0x00,0x00,
    0x00,0x00,0x00,0x00,0x00,0x00,0x00,0x00,0x00,0x00,0x00,0x00,0x00,0x00,0x00,0x00,
    0x00,0x00,0x00,0x00,0x00,0x00,0x00,0x00,0x00,0x00,0x00,0x00,0x00,0x00,0x00,0x00,
    0x00,0x00,0x00,0x00,0xb0,0x72,0x1f,0x31,0xb1,0x6b,0x11,0xaf,0xb7,0x68,0x00,0xff,
    0xb4,0x66,0x00,0xff,0xb4,0x66,0x00,0xff,0xb4,0x66,0x00,0xff,0xb4,0x66,0x00,0xff,
    0xb4,0x66,0x00,0xff,0xb4,0x66,0x00,0xff,0xb4,0x66,0x00,0xff,0xb4,0x66,0x00,0xff,
    0xb4,0x66,0x00,0xff,0xb4,0x66,0x00,0xff,0xb4,0x66,0x00,0xff,0xb4,0x66,0x00,0xff,
    0xb4,0x66,0x00,0xff,0xb4,0x66,0x00,0xff,0xb4,0x66,0x00,0xff,0xb4,0x66,0x00,0xff,
    0xb4,0x66,0x00,0xff,0xb4,0x66,0x00,0xff,0xb4,0x66,0x00,0xff,0xb4,0x66,0x00,0xff,
    0xb4,0x66,0x00,0xff,0xb4,0x66,0x00,0xff,0xb4,0x66,0x00,0xff,0xb4,0x66,0x00,0xff,
    0xb6,0x67,0x00,0xff,0xb4,0x66,0x00,0xff,0xb6,0x64,0x00,0x1c,0x00,0x00,0x00,0x00,
    0x00,0x00,0x00,0x00,0x00,0x00,0x00,0x00,0x00,0x00,0x00,0x00,0x00,0x00,0x00,0x00,
    0x00,0x00,0x00,0x00,0x00,0x00,0x00,0x00,0x00,0x00,0x00,0x00,0x00,0x00,0x00,0x00,
    0x00,0x00,0x00,0x00,0x00,0x00,0x00,0x00,0x00,0x00,0x00,0x00,0x00,0x00,0x00,0x00,
    0x00,0x00,0x00,0x00,0x00,0x00,0x00,0x00,0x00,0x00,0x00,0x00,0x00,0x00,0x00,0x00,
    0x00,0x00,0x00,0x00,0x00,0x00,0x00,0x00,0x00,0x00,0x00,0x00,0x00,0x00,0x00,0x00,
    0x00,0x00,0x00,0x00,0x00,0x00,0x00,0x00,0x00,0x00,0x00,0x00,0x00,0x00,0x00,0x00,
    0x00,0x00,0x00,0x00,0x00,0x00,0x00,0x00,0x00,0x00,0x00,0x00,0x00,0x00,0x00,0x00,
    0x00,0x00,0x00,0x00,0x00,0x00,0x00,0x00,0x00,0x00,0x00,0x00,0x00,0x00,0x00,0x00,
    0x00,0x00,0x00,0x00,0x00,0x00,0x00,0x00,0x00,0x00,0x00,0x00,0x00,0x00,0x00,0x00,
    0x00,0x00,0x00,0x00,0x00,0x00,0x00,0x00,0x00,0x00,0x00,0x00,0x00,0x00,0x00,0x00,
    0x00,0x00,0x00,0x00,0x00,0x00,0x00,0x00,0x00,0x00,0x00,0x00,0x00,0x00,0x00,0x00,
    0x00,0x00,0x00,0x00,0x00,0x00,0x00,0x00,0x00,0x00,0x00,0x00,0x00,0x00,0x00,0x00,
    0x00,0x00,0x00,0x00,0x00,0x00,0x00,0x00,0x00,0x00,0x00,0x00,0x00,0x00,0x00,0x00,
    0x00,0x00,0x00,0x00,0x00,0x00,0x00,0x00,0x00,0x00,0x00,0x00,0x00,0x00,0x00,0x00,
    0x00,0x00,0x00,0x00,0x00,0x00,0x00,0x00,0x00,0x00,0x00,0x00,0x00,0x00,0x00,0x00,
    0x00,0x00,0x00,0x00,0x00,0x00,0x00,0x00,0x00,0x00,0x00,0x00,0x00,0x00,0x00,0x00,
    0x00,0x00,0x00,0x00,0x00,0x00,0x00,0x00,0x00,0x00,0x00,0x00,0x00,0x00,0x00,0x00,
    0x00,0x00,0x00,0x00,0x00,0x00,0x00,0x00,0x00,0x00,0x00,0x00,0x00,0x00,0x00,0x00,
    0x00,0x00,0x00,0x00,0x00,0x00,0x00,0x00,0x00,0x00,0x00,0x00,0x00,0x00,0x00,0x00,
    0x00,0x00,0x00,0x00,0x00,0x00,0x00,0x00,0x00,0x00,0x00,0x00,0x00,0x00,0x00,0x00,
    0x00,0x00,0x00,0x00,0x00,0x00,0x00,0x00,0x00,0x00,0x00,0x00,0x00,0x00,0x00,0x00,
    0x00,0x00,0x00,0x00,0x00,0x00,0x00,0x00,0x00,0x00,0x00,0x00,0x00,0x00,0x00,0x00,
    0x00,0x00,0x00,0x00,0x00,0x00,0x00,0x00,0x00,0x00,0x00,0x00,0x00,0x00,0x00,0x00,
    0x00,0x00,0x00,0x00,0x00,0x00,0x00,0x00,0x00,0x00,0x00,0x00,0x00,0x00,0x00,0x00,
    0x00,0x00,0x00,0x00,0xb2,0x70,0x1e,0x32,0xb1,0x6b,0x11,0xb2,0xba,0x69,0x00,0xff,
    0xb7,0x67,0x00,0xff,0xb7,0x67,0x00,0xff,0xb7,0x67,0x00,0xff,0xb7,0x67,0x00,0xff,
    0xb7,0x67,0x00,0xff,0xb7,0x67,0x00,0xff,0xb7,0x67,0x00,0xff,0xb7,0x67,0x00,0xff,
    0xb7,0x67,0x00,0xff,0xb7,0x67,0x00,0xff,0xb7,0x67,0x00,0xff,0xb7,0x67,0x00,0xff,
    0xb7,0x67,0x00,0xff,0xb7,0x67,0x00,0xff,0xb7,0x67,0x00,0xff,0xb7,0x67,0x00,0xff,
    0xb7,0x67,0x00,0xff,0xb7,0x67,0x00,0xff,0xb7,0x67,0x00,0xff,0xb7,0x67,0x00,0xff,
    0xb7,0x67,0x00,0xff,0xb7,0x67,0x00,0xff,0xb7,0x67,0x00,0xff,0xb7,0x67,0x00,0xff,
    0xb9,0x68,0x00,0xff,0xb7,0x67,0x00,0xff,0xb6,0x64,0x00,0x1c,0x00,0x00,0x00,0x00,
    0x00,0x00,0x00,0x00,0x00,0x00,0x00,0x00,0x00,0x00,0x00,0x00,0x00,0x00,0x00,0x00,
    0x00,0x00,0x00,0x00,0x00,0x00,0x00,0x00,0x00,0x00,0x00,0x00,0x00,0x00,0x00,0x00,
    0x00,0x00,0x00,0x00,0x00,0x00,0x00,0x00,0x00,0x00,0x00,0x00,0x00,0x00,0x00,0x00,
    0x00,0x00,0x00,0x00,0x00,0x00,0x00,0x00,0x00,0x00,0x00,0x00,0x00,0x00,0x00,0x00,
    0x00,0x00,0x00,0x00,0x00,0x00,0x00,0x00,0x00,0x00,0x00,0x00,0x00,0x00,0x00,0x00,
    0x00,0x00,0x00,0x00,0x00,0x00,0x00,0x00,0x00,0x00,0x00,0x00,0x00,0x00,0x00,0x00,
    0x00,0x00,0x00,0x00,0x00,0x00,0x00,0x00,0x00,0x00,0x00,0x00,0x00,0x00,0x00,0x00,
    0x00,0x00,0x00,0x00,0x00,0x00,0x00,0x00,0x00,0x00,0x00,0x00,0x00,0x00,0x00,0x00,
    0x00,0x00,0x00,0x00,0x00,0x00,0x00,0x00,0x00,0x00,0x00,0x00,0x00,0x00,0x00,0x00,
    0x00,0x00,0x00,0x00,0x00,0x00,0x00,0x00,0x00,0x00,0x00,0x00,0x00,0x00,0x00,0x00,
    0x00,0x00,0x00,0x00,0x00,0x00,0x00,0x00,0x00,0x00,0x00,0x00,0x00,0x00,0x00,0x00,
    0x00,0x00,0x00,0x00,0x00,0x00,0x00,0x00,0x00,0x00,0x00,0x00,0x00,0x00,0x00,0x00,
    0x00,0x00,0x00,0x00,0x00,0x00,0x00,0x00,0x00,0x00,0x00,0x00,0x00,0x00,0x00,0x00,
    0x00,0x00,0x00,0x00,0x00,0x00,0x00,0x00,0x00,0x00,0x00,0x00,0x00,0x00,0x00,0x00,
    0x00,0x00,0x00,0x00,0x00,0x00,0x00,0x00,0x00,0x00,0x00,0x00,0x00,0x00,0x00,0x00,
    0x00,0x00,0x00,0x00,0x00,0x00,0x00,0x00,0x00,0x00,0x00,0x00,0x00,0x00,0x00,0x00,
    0x00,0x00,0x00,0x00,0x00,0x00,0x00,0x00,0x00,0x00,0x00,0x00,0x00,0x00,0x00,0x00,
    0x00,0x00,0x00,0x00,0x00,0x00,0x00,0x00,0x00,0x00,0x00,0x00,0x00,0x00,0x00,0x00,
    0x00,0x00,0x00,0x00,0x00,0x00,0x00,0x00,0x00,0x00,0x00,0x00,0x00,0x00,0x00,0x00,
    0x00,0x00,0x00,0x00,0x00,0x00,0x00,0x00,0x00,0x00,0x00,0x00,0x00,0x00,0x00,0x00,
    0x00,0x00,0x00,0x00,0x00,0x00,0x00,0x00,0x00,0x00,0x00,0x00,0x00,0x00,0x00,0x00,
    0x00,0x00,0x00,0x00,0x00,0x00,0x00,0x00,0x00,0x00,0x00,0x00,0x00,0x00,0x00,0x00,
    0x00,0x00,0x00,0x00,0x00,0x00,0x00,0x00,0x00,0x00,0x00,0x00,0x00,0x00,0x00,0x00,
    0x00,0x00,0x00,0x00,0x00,0x00,0x00,0x00,0x00,0x00,0x00,0x00,0x00,0x00,0x00,0x00,
    0x00,0x00,0x00,0x00,0xaa,0x6f,0x20,0x27,0xb0,0x6d,0x17,0x8c,0xb1,0x69,0x09,0xd5,
    0xb2,0x6a,0x09,0xd1,0xb2,0x6a,0x09,0xd1,0xb2,0x6a,0x09,0xd1,0xb2,0x6a,0x09,0xd1,
    0xb2,0x6a,0x09,0xd1,0xb2,0x6a,0x09,0xd1,0xb2,0x6a,0x09,0xd1,0xb2,0x6a,0x09,0xd1,
    0xb2,0x6a,0x09,0xd1,0xb2,0x6a,0x09,0xd1,0xb2,0x6a,0x09,0xd1,0xb2,0x6a,0x09,0xd1,
    0xb2,0x6a,0x09,0xd1,0xb2,0x6a,0x09,0xd1,0xb2,0x6a,0x09,0xd1,0xb2,0x6a,0x09,0xd1,
    0xb2,0x6a,0x09,0xd1,0xb2,0x6a,0x09,0xd1,0xb2,0x6a,0x09,0xd1,0xb2,0x6a,0x09,0xd1,
    0xb2,0x6a,0x09,0xd1,0xb2,0x6a,0x09,0xd1,0xb2,0x6a,0x09,0xd1,0xb2,0x6a,0x09,0xd1,
    0xb0,0x69,0x09,0xd4,0xb2,0x6a,0x09,0xd1,0xbc,0x6e,0x0b,0x17,0x00,0x00,0x00,0x00,
    0x00,0x00,0x00,0x00,0x00,0x00,0x00,0x00,0x00,0x00,0x00,0x00,0x00,0x00,0x00,0x00,
    0x00,0x00,0x00,0x00,0x00,0x00,0x00,0x00,0x00,0x00,0x00,0x00,0x00,0x00,0x00,0x00,
    0x00,0x00,0x00,0x00,0x00,0x00,0x00,0x00,0x00,0x00,0x00,0x00,0x00,0x00,0x00,0x00,
    0x00,0x00,0x00,0x00,0x00,0x00,0x00,0x00,0x00,0x00,0x00,0x00,0x00,0x00,0x00,0x00,
    0x00,0x00,0x00,0x00,0x00,0x00,0x00,0x00,0x00,0x00,0x00,0x00,0x00,0x00,0x00,0x00,
    0x00,0x00,0x00,0x00,0x00,0x00,0x00,0x00,0x00,0x00,0x00,0x00,0x00,0x00,0x00,0x00,
    0x00,0x00,0x00,0x00,0x00,0x00,0x00,0x00,0x00,0x00,0x00,0x00,0x00,0x00,0x00,0x00,
    0x00,0x00,0x00,0x00,0x00,0x00,0x00,0x00,0x00,0x00,0x00,0x00,0x00,0x00,0x00,0x00,
    0x00,0x00,0x00,0x00,0x00,0x00,0x00,0x00,0x00,0x00,0x00,0x00,0x00,0x00,0x00,0x00,
    0x00,0x00,0x00,0x00,0x00,0x00,0x00,0x00,0x00,0x00,0x00,0x00,0x00,0x00,0x00,0x00,
    0x00,0x00,0x00,0x00,0x00,0x00,0x00,0x00,0x00,0x00,0x00,0x00,0x00,0x00,0x00,0x00,
    0x00,0x00,0x00,0x00,0x00,0x00,0x00,0x00,0x00,0x00,0x00,0x00,0x00,0x00,0x00,0x00,
    0x00,0x00,0x00,0x00,0x00,0x00,0x00,0x00,0x00,0x00,0x00,0x00,0x00,0x00,0x00,0x00,
};

const lv_image_dsc_t img_nav_1_127x145_ARGB8888_aligned = {
  .header.magic = LV_IMAGE_HEADER_MAGIC,
  .header.cf = LV_COLOR_FORMAT_ARGB8888,
  .header.stride = 512,
  .header.flags = 0,
  .header.w = 127,
  .header.h = 145,
  .data_size = sizeof(img_nav_1_127x145_ARGB8888_aligned_map),
  .data = img_nav_1_127x145_ARGB8888_aligned_map,
};
