#ifdef __has_include
#if __has_include("lvgl.h")
#ifndef LV_LVGL_H_INCLUDE_SIMPLE
#define LV_LVGL_H_INCLUDE_SIMPLE
#endif
#endif
#endif

#if defined(LV_LVGL_H_INCLUDE_SIMPLE)
 #include "lvgl.h"
#else
 #include "lvgl/lvgl.h"
#endif

#ifndef LV_ATTRIBUTE_MEM_ALIGN
#define LV_ATTRIBUTE_MEM_ALIGN
#endif

#ifndef LV_ATTRIBUTE_IMAGE_IMG_AVATAR_4_72X70_ARGB8888_ALIGNED
#define LV_ATTRIBUTE_IMAGE_IMG_AVATAR_4_72X70_ARGB8888_ALIGNED
#endif

const LV_ATTRIBUTE_MEM_ALIGN LV_ATTRIBUTE_LARGE_CONST LV_ATTRIBUTE_IMAGE_IMG_AVATAR_4_72X70_ARGB8888_ALIGNED uint8_t img_avatar_4_72x70_ARGB8888_aligned_map[] = {
    0x00,0x00,0x00,0x00,0x00,0x00,0x00,0x00,0x00,0x00,0x00,0x00,0x00,0x00,0x00,0x00,
    0x00,0x00,0x00,0x00,0x00,0x00,0x00,0x00,0x00,0x00,0x00,0x00,0x00,0x00,0x00,0x00,
    0x00,0x00,0x00,0x00,0x00,0x00,0x00,0x00,0x00,0x00,0x00,0x00,0x00,0x00,0x00,0x00,
    0x00,0x00,0x00,0x00,0x00,0x00,0x00,0x00,0x00,0x00,0x00,0x00,0x00,0x00,0x00,0x00,
    0x00,0x00,0x00,0x00,0x00,0x00,0x00,0x00,0x00,0x00,0x00,0x00,0x00,0x00,0x00,0x00,
    0x00,0x00,0x00,0x00,0x00,0x00,0x00,0x00,0x00,0x00,0x00,0x00,0x55,0x55,0x55,0x03,
    0x38,0x33,0x2d,0x2d,0x28,0x2c,0x28,0x72,0x21,0x25,0x24,0xb6,0x1f,0x26,0x23,0xe3,
    0x21,0x26,0x25,0xf3,0x22,0x27,0x27,0xf1,0x28,0x29,0x2a,0xf1,0x2a,0x2a,0x2a,0xf1,
    0x32,0x2e,0x2e,0xf1,0x3b,0x34,0x32,0xf1,0x3d,0x37,0x33,0xf1,0x3a,0x33,0x31,0xf1,
    0x3a,0x33,0x31,0xf1,0x40,0x39,0x35,0xf1,0x40,0x35,0x32,0xf1,0x43,0x3c,0x3d,0xf1,
    0x57,0x55,0x5d,0xf1,0x65,0x66,0x70,0xf1,0x45,0x41,0x46,0xf1,0x39,0x33,0x33,0xf1,
    0x2f,0x2d,0x2d,0xf2,0x29,0x2a,0x2d,0xe8,0x26,0x28,0x2c,0xc2,0x24,0x28,0x2a,0x85,
    0x24,0x24,0x24,0x3f,0x2e,0x17,0x17,0x0b,0x00,0x00,0x00,0x02,0x00,0x00,0x00,0x00,
    0x00,0x00,0x00,0x00,0x00,0x00,0x00,0x00,0x00,0x00,0x00,0x00,0x00,0x00,0x00,0x00,
    0x00,0x00,0x00,0x00,0x00,0x00,0x00,0x00,0x00,0x00,0x00,0x00,0x00,0x00,0x00,0x00,
    0x00,0x00,0x00,0x00,0x00,0x00,0x00,0x00,0x00,0x00,0x00,0x00,0x00,0x00,0x00,0x00,
    0x00,0x00,0x00,0x00,0x00,0x00,0x00,0x00,0x00,0x00,0x00,0x00,0x00,0x00,0x00,0x00,
    0x00,0x00,0x00,0x00,0x00,0x00,0x00,0x00,0x00,0x00,0x00,0x00,0x00,0x00,0x00,0x00,
    0x00,0x00,0x00,0x00,0x00,0x00,0x00,0x00,0x00,0x00,0x00,0x00,0x00,0x00,0x00,0x00,
    0x00,0x00,0x00,0x00,0x00,0x00,0x00,0x00,0x00,0x00,0x00,0x00,0x00,0x00,0x00,0x00,
    0x00,0x00,0x00,0x00,0x00,0x00,0x00,0x00,0x00,0x00,0x00,0x00,0x00,0x00,0x00,0x00,
    0x00,0x00,0x00,0x00,0x00,0x00,0x00,0x00,0x00,0x00,0x00,0x00,0x00,0x00,0x00,0x00,
    0x00,0x00,0x00,0x00,0x00,0x00,0x00,0x00,0x00,0x00,0x00,0x00,0x00,0x00,0x00,0x00,
    0x00,0x00,0x00,0x00,0x00,0x00,0x00,0x00,0x00,0x00,0x00,0x00,0x00,0x00,0x00,0x00,
    0x00,0x00,0x00,0x00,0x00,0x00,0x00,0x00,0x00,0x00,0x00,0x00,0x00,0x00,0x00,0x00,
    0x00,0x00,0x00,0x00,0x38,0x38,0x1c,0x09,0x24,0x2a,0x2a,0x2a,0x23,0x27,0x27,0x4e,
    0x25,0x29,0x27,0x75,0x23,0x28,0x27,0xa3,0x20,0x26,0x26,0xcf,0x20,0x25,0x24,0xed,
    0x21,0x26,0x25,0xf7,0x22,0x26,0x26,0xf6,0x25,0x28,0x29,0xf6,0x27,0x28,0x29,0xf6,
    0x2f,0x2c,0x2d,0xf6,0x35,0x32,0x31,0xf6,0x36,0x33,0x32,0xf6,0x36,0x32,0x30,0xf6,
    0x3b,0x34,0x31,0xf6,0x41,0x3a,0x36,0xf6,0x41,0x36,0x33,0xf6,0x45,0x3d,0x3d,0xf6,
    0x5b,0x5a,0x5f,0xf6,0x6c,0x6e,0x76,0xf6,0x4c,0x49,0x4e,0xf6,0x36,0x32,0x33,0xf6,
    0x2e,0x2c,0x2d,0xf7,0x2b,0x2b,0x2d,0xf0,0x29,0x2a,0x2e,0xd8,0x25,0x28,0x2a,0xb0,
    0x21,0x25,0x25,0x81,0x1d,0x23,0x23,0x57,0x1c,0x21,0x26,0x35,0x22,0x22,0x22,0x0f,
    0x00,0x00,0x00,0x00,0x00,0x00,0x00,0x00,0x00,0x00,0x00,0x00,0x00,0x00,0x00,0x00,
    0x00,0x00,0x00,0x00,0x00,0x00,0x00,0x00,0x00,0x00,0x00,0x00,0x00,0x00,0x00,0x00,
    0x00,0x00,0x00,0x00,0x00,0x00,0x00,0x00,0x00,0x00,0x00,0x00,0x00,0x00,0x00,0x00,
    0x00,0x00,0x00,0x00,0x00,0x00,0x00,0x00,0x00,0x00,0x00,0x00,0x00,0x00,0x00,0x00,
    0x00,0x00,0x00,0x00,0x00,0x00,0x00,0x00,0x00,0x00,0x00,0x00,0x00,0x00,0x00,0x00,
    0x00,0x00,0x00,0x00,0x00,0x00,0x00,0x00,0x00,0x00,0x00,0x00,0x00,0x00,0x00,0x00,
    0x00,0x00,0x00,0x00,0x00,0x00,0x00,0x00,0x00,0x00,0x00,0x00,0x00,0x00,0x00,0x00,
    0x00,0x00,0x00,0x00,0x00,0x00,0x00,0x00,0x00,0x00,0x00,0x00,0x00,0x00,0x00,0x00,
    0x00,0x00,0x00,0x00,0x00,0x00,0x00,0x00,0x00,0x00,0x00,0x00,0x00,0x00,0x00,0x00,
    0x00,0x00,0x00,0x00,0x00,0x00,0x00,0x00,0x00,0x00,0x00,0x00,0x00,0x00,0x00,0x00,
    0x00,0x00,0x00,0x00,0x00,0x00,0x00,0x00,0x00,0x00,0x00,0x00,0x00,0x00,0x00,0x00,
    0x00,0x00,0x00,0x00,0x00,0x00,0x00,0x00,0x00,0x00,0x00,0x00,0x2e,0x2e,0x2e,0x0b,
    0x25,0x2d,0x2d,0x22,0x25,0x28,0x25,0x52,0x24,0x28,0x26,0x9f,0x21,0x26,0x27,0xef,
    0x20,0x26,0x27,0xff,0x20,0x25,0x27,0xff,0x21,0x26,0x28,0xff,0x21,0x26,0x26,0xff,
    0x21,0x26,0x25,0xff,0x20,0x24,0x26,0xff,0x23,0x28,0x29,0xff,0x26,0x28,0x2a,0xff,
    0x2d,0x2c,0x2f,0xff,0x2f,0x30,0x30,0xff,0x2f,0x30,0x30,0xff,0x35,0x33,0x30,0xff,
    0x41,0x3a,0x36,0xff,0x46,0x3d,0x3a,0xff,0x46,0x3a,0x38,0xff,0x4c,0x43,0x41,0xff,
    0x6a,0x6a,0x6a,0xff,0x86,0x8b,0x8d,0xff,0x66,0x66,0x6a,0xff,0x3d,0x3a,0x3e,0xff,
    0x31,0x2e,0x31,0xff,0x2d,0x2b,0x2d,0xff,0x2a,0x29,0x2b,0xff,0x26,0x28,0x2a,0xff,
    0x21,0x26,0x27,0xff,0x1c,0x23,0x25,0xf8,0x1e,0x24,0x26,0xb5,0x1e,0x24,0x24,0x63,
    0x1c,0x1c,0x22,0x2d,0x0f,0x1f,0x1f,0x10,0x00,0x00,0x00,0x01,0x00,0x00,0x00,0x00,
    0x00,0x00,0x00,0x00,0x00,0x00,0x00,0x00,0x00,0x00,0x00,0x00,0x00,0x00,0x00,0x00,
    0x00,0x00,0x00,0x00,0x00,0x00,0x00,0x00,0x00,0x00,0x00,0x00,0x00,0x00,0x00,0x00,
    0x00,0x00,0x00,0x00,0x00,0x00,0x00,0x00,0x00,0x00,0x00,0x00,0x00,0x00,0x00,0x00,
    0x00,0x00,0x00,0x00,0x00,0x00,0x00,0x00,0x00,0x00,0x00,0x00,0x00,0x00,0x00,0x00,
    0x00,0x00,0x00,0x00,0x00,0x00,0x00,0x00,0x00,0x00,0x00,0x00,0x00,0x00,0x00,0x00,
    0x00,0x00,0x00,0x00,0x00,0x00,0x00,0x00,0x00,0x00,0x00,0x00,0x00,0x00,0x00,0x00,
    0x00,0x00,0x00,0x00,0x00,0x00,0x00,0x00,0x00,0x00,0x00,0x00,0x00,0x00,0x00,0x00,
    0x00,0x00,0x00,0x00,0x00,0x00,0x00,0x00,0x00,0x00,0x00,0x00,0x00,0x00,0x00,0x00,
    0x00,0x00,0x00,0x00,0x00,0x00,0x00,0x00,0x00,0x00,0x00,0x00,0x00,0x00,0x00,0x00,
    0x00,0x00,0x00,0x00,0x00,0x00,0x00,0x00,0x00,0x00,0x00,0x00,0x00,0x00,0x00,0x00,
    0x00,0x00,0x00,0x00,0x00,0x00,0x00,0x02,0x26,0x33,0x26,0x14,0x29,0x2b,0x2b,0x57,
    0x22,0x28,0x28,0xb8,0x1f,0x24,0x24,0xfe,0x1f,0x24,0x25,0xff,0x21,0x25,0x27,0xff,
    0x20,0x24,0x27,0xff,0x21,0x25,0x27,0xff,0x21,0x26,0x26,0xff,0x21,0x26,0x25,0xff,
    0x20,0x25,0x27,0xff,0x23,0x26,0x29,0xff,0x29,0x2b,0x2c,0xff,0x32,0x2f,0x32,0xff,
    0x39,0x36,0x35,0xff,0x38,0x36,0x33,0xff,0x37,0x35,0x32,0xff,0x42,0x3c,0x39,0xff,
    0x4b,0x40,0x3c,0xff,0x49,0x41,0x3d,0xff,0x47,0x3f,0x3c,0xff,0x55,0x4e,0x4d,0xff,
    0x81,0x7f,0x7e,0xff,0xa7,0xab,0xab,0xff,0x8a,0x8d,0x91,0xff,0x5a,0x59,0x5c,0xff,
    0x41,0x3f,0x43,0xff,0x29,0x29,0x2c,0xff,0x21,0x21,0x23,0xff,0x22,0x23,0x24,0xff,
    0x20,0x26,0x25,0xff,0x1c,0x25,0x26,0xff,0x1e,0x26,0x26,0xff,0x1f,0x24,0x25,0xff,
    0x1e,0x23,0x24,0xca,0x1c,0x25,0x23,0x6d,0x16,0x25,0x25,0x22,0x1f,0x1f,0x1f,0x08,
    0x00,0x00,0x00,0x00,0x00,0x00,0x00,0x00,0x00,0x00,0x00,0x00,0x00,0x00,0x00,0x00,
    0x00,0x00,0x00,0x00,0x00,0x00,0x00,0x00,0x00,0x00,0x00,0x00,0x00,0x00,0x00,0x00,
    0x00,0x00,0x00,0x00,0x00,0x00,0x00,0x00,0x00,0x00,0x00,0x00,0x00,0x00,0x00,0x00,
    0x00,0x00,0x00,0x00,0x00,0x00,0x00,0x00,0x00,0x00,0x00,0x00,0x00,0x00,0x00,0x00,
    0x00,0x00,0x00,0x00,0x00,0x00,0x00,0x00,0x00,0x00,0x00,0x00,0x00,0x00,0x00,0x00,
    0x00,0x00,0x00,0x00,0x00,0x00,0x00,0x00,0x00,0x00,0x00,0x00,0x00,0x00,0x00,0x00,
    0x00,0x00,0x00,0x00,0x00,0x00,0x00,0x00,0x00,0x00,0x00,0x00,0x00,0x00,0x00,0x00,
    0x00,0x00,0x00,0x00,0x00,0x00,0x00,0x00,0x00,0x00,0x00,0x00,0x00,0x00,0x00,0x00,
    0x00,0x00,0x00,0x00,0x00,0x00,0x00,0x00,0x00,0x00,0x00,0x00,0x00,0x00,0x00,0x00,
    0x00,0x00,0x00,0x00,0x00,0x00,0x00,0x00,0x00,0x00,0x00,0x00,0x00,0x00,0x00,0x00,
    0x00,0x00,0x00,0x00,0x23,0x26,0x26,0x48,0x24,0x2b,0x2b,0xbb,0x23,0x27,0x28,0xef,
    0x20,0x24,0x26,0xfc,0x1f,0x23,0x26,0xff,0x21,0x25,0x27,0xff,0x20,0x24,0x26,0xff,
    0x21,0x25,0x26,0xff,0x21,0x25,0x27,0xff,0x21,0x25,0x27,0xff,0x21,0x25,0x27,0xff,
    0x22,0x27,0x28,0xff,0x27,0x2b,0x2c,0xff,0x2e,0x2e,0x2f,0xff,0x37,0x32,0x34,0xff,
    0x41,0x3a,0x37,0xff,0x40,0x3a,0x34,0xff,0x3b,0x35,0x2e,0xff,0x3d,0x34,0x34,0xff,
    0x3f,0x32,0x36,0xff,0x46,0x3b,0x37,0xff,0x51,0x44,0x3c,0xff,0x59,0x4b,0x46,0xff,
    0x62,0x57,0x55,0xff,0x67,0x65,0x63,0xff,0x5c,0x63,0x60,0xff,0x54,0x57,0x59,0xff,
    0x66,0x68,0x6f,0xff,0x66,0x6c,0x76,0xff,0x4f,0x55,0x60,0xff,0x37,0x37,0x3e,0xff,
    0x2b,0x2c,0x29,0xff,0x28,0x28,0x25,0xff,0x24,0x28,0x29,0xff,0x24,0x29,0x2a,0xff,
    0x23,0x27,0x29,0xfc,0x20,0x26,0x27,0xf4,0x1e,0x24,0x25,0xcb,0x1a,0x1f,0x22,0x60,
    0x24,0x36,0x36,0x0e,0x00,0x00,0x00,0x00,0x00,0x00,0x00,0x00,0x00,0x00,0x00,0x00,
    0x00,0x00,0x00,0x00,0x00,0x00,0x00,0x00,0x00,0x00,0x00,0x00,0x00,0x00,0x00,0x00,
    0x00,0x00,0x00,0x00,0x00,0x00,0x00,0x00,0x00,0x00,0x00,0x00,0x00,0x00,0x00,0x00,
    0x00,0x00,0x00,0x00,0x00,0x00,0x00,0x00,0x00,0x00,0x00,0x00,0x00,0x00,0x00,0x00,
    0x00,0x00,0x00,0x00,0x00,0x00,0x00,0x00,0x00,0x00,0x00,0x00,0x00,0x00,0x00,0x00,
    0x00,0x00,0x00,0x00,0x00,0x00,0x00,0x00,0x00,0x00,0x00,0x00,0x00,0x00,0x00,0x00,
    0x00,0x00,0x00,0x00,0x00,0x00,0x00,0x00,0x00,0x00,0x00,0x00,0x00,0x00,0x00,0x00,
    0x00,0x00,0x00,0x00,0x00,0x00,0x00,0x00,0x00,0x00,0x00,0x00,0x00,0x00,0x00,0x00,
    0x00,0x00,0x00,0x00,0x00,0x00,0x00,0x00,0x00,0x00,0x00,0x00,0x00,0x00,0x00,0x00,
    0x00,0x00,0x00,0x00,0x00,0x00,0x00,0x00,0x00,0x00,0x00,0x00,0x1f,0x1f,0x1f,0x18,
    0x26,0x2b,0x2b,0x86,0x2a,0x2f,0x2f,0xd6,0x24,0x2a,0x2a,0xfa,0x21,0x25,0x27,0xff,
    0x20,0x24,0x26,0xff,0x21,0x24,0x27,0xff,0x21,0x25,0x27,0xff,0x21,0x25,0x27,0xff,
    0x22,0x26,0x27,0xff,0x21,0x25,0x27,0xff,0x20,0x24,0x26,0xff,0x21,0x24,0x27,0xff,
    0x23,0x26,0x29,0xff,0x26,0x2b,0x2d,0xff,0x27,0x2b,0x2b,0xff,0x2c,0x2d,0x2c,0xff,
    0x33,0x31,0x30,0xff,0x33,0x30,0x2f,0xff,0x32,0x2f,0x2d,0xff,0x38,0x33,0x32,0xff,
    0x3e,0x35,0x35,0xff,0x43,0x39,0x36,0xff,0x46,0x3a,0x35,0xff,0x4a,0x3d,0x39,0xff,
    0x48,0x3d,0x39,0xff,0x41,0x39,0x34,0xff,0x3d,0x38,0x33,0xff,0x3c,0x38,0x37,0xff,
    0x4d,0x4c,0x4f,0xff,0x64,0x67,0x6b,0xff,0x6b,0x71,0x76,0xff,0x64,0x68,0x6f,0xff,
    0x56,0x57,0x5d,0xff,0x3c,0x3a,0x3c,0xff,0x24,0x22,0x25,0xff,0x20,0x23,0x25,0xff,
    0x22,0x28,0x29,0xff,0x22,0x27,0x29,0xff,0x21,0x25,0x27,0xfd,0x1f,0x24,0x25,0xde,
    0x18,0x20,0x23,0x9f,0x1c,0x22,0x27,0x2d,0x00,0x00,0x00,0x00,0x00,0x00,0x00,0x00,
    0x00,0x00,0x00,0x00,0x00,0x00,0x00,0x00,0x00,0x00,0x00,0x00,0x00,0x00,0x00,0x00,
    0x00,0x00,0x00,0x00,0x00,0x00,0x00,0x00,0x00,0x00,0x00,0x00,0x00,0x00,0x00,0x00,
    0x00,0x00,0x00,0x00,0x00,0x00,0x00,0x00,0x00,0x00,0x00,0x00,0x00,0x00,0x00,0x00,
    0x00,0x00,0x00,0x00,0x00,0x00,0x00,0x00,0x00,0x00,0x00,0x00,0x00,0x00,0x00,0x00,
    0x00,0x00,0x00,0x00,0x00,0x00,0x00,0x00,0x00,0x00,0x00,0x00,0x00,0x00,0x00,0x00,
    0x00,0x00,0x00,0x00,0x00,0x00,0x00,0x00,0x00,0x00,0x00,0x00,0x00,0x00,0x00,0x00,
    0x00,0x00,0x00,0x00,0x00,0x00,0x00,0x00,0x00,0x00,0x00,0x00,0x00,0x00,0x00,0x00,
    0x00,0x00,0x00,0x00,0x00,0x00,0x00,0x00,0x00,0x00,0x00,0x00,0x00,0x00,0x00,0x00,
    0x00,0x00,0x00,0x00,0x00,0x55,0x00,0x03,0x29,0x31,0x2d,0x3e,0x30,0x32,0x32,0x9e,
    0x32,0x34,0x33,0xe9,0x2f,0x30,0x31,0xff,0x23,0x27,0x28,0xff,0x20,0x24,0x26,0xff,
    0x21,0x25,0x27,0xff,0x21,0x25,0x27,0xff,0x21,0x25,0x27,0xff,0x21,0x25,0x27,0xff,
    0x22,0x26,0x28,0xff,0x22,0x25,0x28,0xff,0x1f,0x24,0x25,0xff,0x1d,0x21,0x21,0xff,
    0x1a,0x1f,0x20,0xff,0x19,0x20,0x1f,0xff,0x17,0x20,0x1c,0xff,0x15,0x1d,0x1a,0xff,
    0x1b,0x1f,0x1f,0xff,0x20,0x22,0x23,0xff,0x23,0x24,0x25,0xff,0x2c,0x2a,0x27,0xff,
    0x3a,0x31,0x2f,0xff,0x40,0x34,0x33,0xff,0x40,0x34,0x33,0xff,0x42,0x35,0x34,0xff,
    0x40,0x34,0x31,0xff,0x3b,0x2f,0x2b,0xff,0x3c,0x2f,0x2b,0xff,0x3b,0x30,0x2e,0xff,
    0x37,0x30,0x31,0xff,0x3b,0x39,0x3a,0xff,0x41,0x43,0x47,0xff,0x4b,0x4e,0x57,0xff,
    0x56,0x5c,0x69,0xff,0x5a,0x61,0x6f,0xff,0x45,0x49,0x52,0xff,0x30,0x30,0x35,0xff,
    0x22,0x25,0x27,0xff,0x1d,0x22,0x24,0xff,0x1f,0x23,0x24,0xff,0x20,0x26,0x26,0xff,
    0x1d,0x23,0x25,0xf3,0x1c,0x20,0x23,0xb3,0x1c,0x1f,0x22,0x51,0x2a,0x2a,0x2a,0x0c,
    0x00,0x00,0x00,0x00,0x00,0x00,0x00,0x00,0x00,0x00,0x00,0x00,0x00,0x00,0x00,0x00,
    0x00,0x00,0x00,0x00,0x00,0x00,0x00,0x00,0x00,0x00,0x00,0x00,0x00,0x00,0x00,0x00,
    0x00,0x00,0x00,0x00,0x00,0x00,0x00,0x00,0x00,0x00,0x00,0x00,0x00,0x00,0x00,0x00,
    0x00,0x00,0x00,0x00,0x00,0x00,0x00,0x00,0x00,0x00,0x00,0x00,0x00,0x00,0x00,0x00,
    0x00,0x00,0x00,0x00,0x00,0x00,0x00,0x00,0x00,0x00,0x00,0x00,0x00,0x00,0x00,0x00,
    0x00,0x00,0x00,0x00,0x00,0x00,0x00,0x00,0x00,0x00,0x00,0x00,0x00,0x00,0x00,0x00,
    0x00,0x00,0x00,0x00,0x00,0x00,0x00,0x00,0x00,0x00,0x00,0x00,0x00,0x00,0x00,0x00,
    0x00,0x00,0x00,0x00,0x00,0x00,0x00,0x00,0x00,0x00,0x00,0x00,0x00,0x00,0x00,0x00,
    0x27,0x3a,0x27,0x0d,0x2f,0x35,0x32,0x51,0x34,0x37,0x33,0xb3,0x38,0x38,0x36,0xff,
    0x3a,0x38,0x37,0xff,0x29,0x2a,0x2b,0xff,0x20,0x24,0x25,0xff,0x20,0x24,0x26,0xff,
    0x21,0x25,0x27,0xff,0x21,0x25,0x27,0xff,0x22,0x26,0x28,0xff,0x21,0x25,0x27,0xff,
    0x1d,0x21,0x22,0xff,0x1a,0x1e,0x20,0xff,0x19,0x1e,0x1f,0xff,0x19,0x1e,0x1e,0xff,
    0x18,0x1f,0x1f,0xff,0x19,0x20,0x21,0xff,0x20,0x29,0x28,0xff,0x24,0x2b,0x2d,0xff,
    0x27,0x2c,0x32,0xff,0x2c,0x2f,0x36,0xff,0x33,0x35,0x3c,0xff,0x3e,0x3d,0x45,0xff,
    0x4b,0x46,0x4d,0xff,0x4f,0x48,0x4e,0xff,0x52,0x4a,0x51,0xff,0x52,0x4a,0x51,0xff,
    0x4f,0x48,0x4d,0xff,0x4f,0x48,0x4c,0xff,0x55,0x4c,0x50,0xff,0x52,0x4b,0x50,0xff,
    0x45,0x42,0x49,0xff,0x36,0x37,0x42,0xff,0x30,0x34,0x42,0xff,0x3b,0x42,0x52,0xff,
    0x57,0x61,0x74,0xff,0x71,0x80,0x94,0xff,0x70,0x7d,0x8d,0xff,0x56,0x5b,0x63,0xff,
    0x36,0x35,0x39,0xff,0x22,0x23,0x24,0xff,0x1e,0x23,0x22,0xff,0x22,0x25,0x26,0xff,
    0x21,0x25,0x28,0xff,0x1f,0x24,0x26,0xff,0x1d,0x21,0x24,0xc5,0x1e,0x23,0x23,0x65,
    0x1f,0x2a,0x2a,0x18,0x00,0x00,0x00,0x00,0x00,0x00,0x00,0x00,0x00,0x00,0x00,0x00,
    0x00,0x00,0x00,0x00,0x00,0x00,0x00,0x00,0x00,0x00,0x00,0x00,0x00,0x00,0x00,0x00,
    0x00,0x00,0x00,0x00,0x00,0x00,0x00,0x00,0x00,0x00,0x00,0x00,0x00,0x00,0x00,0x00,
    0x00,0x00,0x00,0x00,0x00,0x00,0x00,0x00,0x00,0x00,0x00,0x00,0x00,0x00,0x00,0x00,
    0x00,0x00,0x00,0x00,0x00,0x00,0x00,0x00,0x00,0x00,0x00,0x00,0x00,0x00,0x00,0x00,
    0x00,0x00,0x00,0x00,0x00,0x00,0x00,0x00,0x00,0x00,0x00,0x00,0x00,0x00,0x00,0x00,
    0x00,0x00,0x00,0x00,0x00,0x00,0x00,0x00,0x00,0x00,0x00,0x00,0x00,0x00,0x00,0x00,
    0x00,0x00,0x00,0x00,0x00,0x00,0x00,0x00,0x00,0x00,0x00,0x00,0x2e,0x2e,0x2e,0x0b,
    0x37,0x37,0x32,0x60,0x39,0x39,0x34,0xcc,0x3e,0x3e,0x39,0xff,0x3e,0x3a,0x37,0xff,
    0x30,0x2e,0x2f,0xff,0x20,0x24,0x24,0xff,0x20,0x24,0x25,0xff,0x21,0x25,0x27,0xff,
    0x21,0x25,0x27,0xff,0x21,0x25,0x27,0xff,0x21,0x25,0x27,0xff,0x1d,0x21,0x23,0xff,
    0x1a,0x1e,0x20,0xff,0x1f,0x22,0x25,0xff,0x28,0x2a,0x2d,0xff,0x31,0x34,0x39,0xff,
    0x3b,0x3f,0x45,0xff,0x43,0x46,0x4f,0xff,0x53,0x56,0x62,0xff,0x60,0x63,0x71,0xff,
    0x62,0x64,0x76,0xff,0x60,0x63,0x75,0xff,0x64,0x68,0x7b,0xff,0x71,0x75,0x8c,0xff,
    0x76,0x7c,0x93,0xff,0x74,0x79,0x8c,0xff,0x77,0x79,0x8c,0xff,0x73,0x75,0x88,0xff,
    0x6d,0x71,0x84,0xff,0x70,0x74,0x84,0xff,0x78,0x7c,0x8c,0xff,0x74,0x7b,0x8b,0xff,
    0x6e,0x75,0x89,0xff,0x68,0x72,0x8b,0xff,0x63,0x6e,0x89,0xff,0x63,0x6f,0x89,0xff,
    0x6a,0x76,0x8f,0xff,0x6f,0x7d,0x95,0xff,0x7a,0x8d,0xa3,0xff,0x79,0x85,0x96,0xff,
    0x5b,0x5c,0x66,0xff,0x38,0x35,0x3a,0xff,0x25,0x27,0x27,0xff,0x24,0x26,0x28,0xff,
    0x20,0x24,0x26,0xff,0x21,0x25,0x27,0xff,0x21,0x25,0x27,0xff,0x1e,0x22,0x23,0xdc,
    0x20,0x22,0x24,0x77,0x26,0x26,0x33,0x14,0x00,0x00,0x00,0x00,0x00,0x00,0x00,0x00,
    0x00,0x00,0x00,0x00,0x00,0x00,0x00,0x00,0x00,0x00,0x00,0x00,0x00,0x00,0x00,0x00,
    0x00,0x00,0x00,0x00,0x00,0x00,0x00,0x00,0x00,0x00,0x00,0x00,0x00,0x00,0x00,0x00,
    0x00,0x00,0x00,0x00,0x00,0x00,0x00,0x00,0x00,0x00,0x00,0x00,0x00,0x00,0x00,0x00,
    0x00,0x00,0x00,0x00,0x00,0x00,0x00,0x00,0x00,0x00,0x00,0x00,0x00,0x00,0x00,0x00,
    0x00,0x00,0x00,0x00,0x00,0x00,0x00,0x00,0x00,0x00,0x00,0x00,0x00,0x00,0x00,0x00,
    0x00,0x00,0x00,0x00,0x00,0x00,0x00,0x00,0x00,0x00,0x00,0x00,0x00,0x00,0x00,0x00,
    0x00,0x00,0x00,0x00,0x00,0x00,0x00,0x00,0x55,0x55,0x55,0x03,0x31,0x31,0x2e,0x68,
    0x3d,0x3b,0x33,0xdc,0x45,0x42,0x3a,0xff,0x42,0x3f,0x3a,0xff,0x34,0x32,0x30,0xff,
    0x1e,0x23,0x23,0xff,0x1d,0x24,0x24,0xff,0x20,0x25,0x26,0xff,0x22,0x26,0x27,0xff,
    0x22,0x26,0x27,0xff,0x21,0x25,0x26,0xff,0x1d,0x21,0x23,0xff,0x18,0x1c,0x1f,0xff,
    0x2f,0x31,0x38,0xff,0x4f,0x4e,0x54,0xff,0x66,0x64,0x6b,0xff,0x76,0x75,0x81,0xff,
    0x85,0x84,0x92,0xff,0x88,0x8b,0x9b,0xff,0x90,0x92,0xa8,0xff,0x97,0x9a,0xb3,0xff,
    0x99,0x9f,0xb9,0xff,0x96,0x9d,0xb6,0xff,0x92,0x99,0xb3,0xff,0x95,0x9e,0xba,0xff,
    0x99,0xa4,0xc1,0xff,0x98,0xa2,0xbe,0xff,0x97,0x9e,0xb9,0xff,0x8c,0x94,0xb0,0xff,
    0x84,0x8e,0xaa,0xff,0x8a,0x93,0xaf,0xff,0x92,0x9c,0xb7,0xff,0x94,0xa0,0xbb,0xff,
    0x8f,0x9b,0xb7,0xff,0x94,0x9f,0xbe,0xff,0x91,0x9d,0xbd,0xff,0x7e,0x8a,0xaa,0xff,
    0x63,0x70,0x90,0xff,0x5a,0x68,0x8a,0xff,0x5c,0x6d,0x90,0xff,0x75,0x84,0xa4,0xff,
    0x76,0x7e,0x98,0xff,0x54,0x57,0x6a,0xff,0x2f,0x31,0x3b,0xff,0x26,0x2a,0x2d,0xff,
    0x22,0x27,0x25,0xff,0x20,0x24,0x26,0xff,0x21,0x25,0x27,0xff,0x20,0x24,0x26,0xff,
    0x1e,0x22,0x25,0xe7,0x23,0x23,0x26,0x83,0x38,0x38,0x1c,0x09,0x00,0x00,0x00,0x00,
    0x00,0x00,0x00,0x00,0x00,0x00,0x00,0x00,0x00,0x00,0x00,0x00,0x00,0x00,0x00,0x00,
    0x00,0x00,0x00,0x00,0x00,0x00,0x00,0x00,0x00,0x00,0x00,0x00,0x00,0x00,0x00,0x00,
    0x00,0x00,0x00,0x00,0x00,0x00,0x00,0x00,0x00,0x00,0x00,0x00,0x00,0x00,0x00,0x00,
    0x00,0x00,0x00,0x00,0x00,0x00,0x00,0x00,0x00,0x00,0x00,0x00,0x00,0x00,0x00,0x00,
    0x00,0x00,0x00,0x00,0x00,0x00,0x00,0x00,0x00,0x00,0x00,0x00,0x00,0x00,0x00,0x00,
    0x00,0x00,0x00,0x00,0x00,0x00,0x00,0x00,0x00,0x00,0x00,0x00,0x00,0x00,0x00,0x00,
    0x00,0x00,0x00,0x00,0x00,0x33,0x00,0x05,0x2b,0x2d,0x28,0x64,0x32,0x32,0x28,0xde,
    0x3f,0x3c,0x33,0xff,0x47,0x42,0x3d,0xff,0x3b,0x39,0x39,0xff,0x23,0x27,0x28,0xff,
    0x1a,0x22,0x22,0xff,0x1f,0x26,0x26,0xff,0x21,0x25,0x27,0xff,0x21,0x25,0x27,0xff,
    0x21,0x25,0x26,0xff,0x1c,0x21,0x20,0xff,0x19,0x1d,0x20,0xff,0x39,0x3a,0x41,0xff,
    0x65,0x64,0x6b,0xff,0x72,0x71,0x81,0xff,0x79,0x7b,0x90,0xff,0x83,0x88,0x9e,0xff,
    0x8c,0x93,0xa9,0xff,0x92,0x98,0xb0,0xff,0x94,0x9b,0xb4,0xff,0x8e,0x98,0xb1,0xff,
    0x90,0x9a,0xb4,0xff,0x95,0x9e,0xba,0xff,0x93,0x9c,0xb9,0xff,0x8c,0x94,0xb0,0xff,
    0x8d,0x94,0xb1,0xff,0x8d,0x93,0xb0,0xff,0x8a,0x91,0xad,0xff,0x84,0x8e,0xaa,0xff,
    0x82,0x8c,0xa8,0xff,0x86,0x90,0xab,0xff,0x8d,0x95,0xb2,0xff,0x8f,0x97,0xb5,0xff,
    0x88,0x91,0xb0,0xff,0x89,0x92,0xb4,0xff,0x7d,0x86,0xaa,0xff,0x60,0x69,0x91,0xff,
    0x4b,0x58,0x80,0xff,0x66,0x77,0x9e,0xff,0x65,0x76,0xa0,0xff,0x66,0x76,0xa0,0xff,
    0x6f,0x80,0xa8,0xff,0x66,0x75,0x9b,0xff,0x49,0x53,0x72,0xff,0x34,0x37,0x47,0xff,
    0x2b,0x2d,0x2c,0xff,0x21,0x25,0x22,0xff,0x1f,0x24,0x24,0xff,0x21,0x25,0x27,0xff,
    0x21,0x24,0x28,0xff,0x1e,0x22,0x24,0xe7,0x1b,0x27,0x17,0x80,0x00,0x2a,0x00,0x06,
    0x00,0x00,0x00,0x00,0x00,0x00,0x00,0x00,0x00,0x00,0x00,0x00,0x00,0x00,0x00,0x00,
    0x00,0x00,0x00,0x00,0x00,0x00,0x00,0x00,0x00,0x00,0x00,0x00,0x00,0x00,0x00,0x00,
    0x00,0x00,0x00,0x00,0x00,0x00,0x00,0x00,0x00,0x00,0x00,0x00,0x00,0x00,0x00,0x00,
    0x00,0x00,0x00,0x00,0x00,0x00,0x00,0x00,0x00,0x00,0x00,0x00,0x00,0x00,0x00,0x00,
    0x00,0x00,0x00,0x00,0x00,0x00,0x00,0x00,0x00,0x00,0x00,0x00,0x00,0x00,0x00,0x00,
    0x00,0x00,0x00,0x00,0x00,0x00,0x00,0x00,0x00,0x00,0x00,0x00,0x00,0x00,0x00,0x00,
    0x2a,0x55,0x55,0x06,0x2a,0x31,0x31,0x4e,0x27,0x2b,0x24,0xd3,0x28,0x26,0x1b,0xfc,
    0x36,0x2f,0x1e,0xff,0x37,0x34,0x27,0xff,0x2a,0x2d,0x2b,0xff,0x1c,0x23,0x26,0xff,
    0x1e,0x24,0x27,0xff,0x1f,0x25,0x28,0xff,0x21,0x25,0x27,0xff,0x20,0x24,0x27,0xff,
    0x1c,0x20,0x21,0xff,0x1f,0x24,0x24,0xff,0x3b,0x3d,0x43,0xff,0x5d,0x5a,0x66,0xff,
    0x56,0x59,0x6c,0xff,0x60,0x66,0x83,0xff,0x71,0x79,0x9b,0xff,0x7c,0x85,0xa5,0xff,
    0x7d,0x88,0xa9,0xff,0x85,0x8e,0xb1,0xff,0x8c,0x96,0xb6,0xff,0x8e,0x9a,0xba,0xff,
    0x96,0xa0,0xc0,0xff,0x9c,0xa5,0xc5,0xff,0x98,0xa0,0xc1,0xff,0x8b,0x92,0xb1,0xff,
    0x82,0x87,0xa6,0xff,0x80,0x86,0xa6,0xff,0x85,0x8e,0xac,0xff,0x8c,0x96,0xb4,0xff,
    0x93,0x9c,0xbb,0xff,0x98,0x9f,0xbe,0xff,0x98,0xa0,0xbf,0xff,0x95,0x9d,0xbb,0xff,
    0x8a,0x91,0xb1,0xff,0x7f,0x87,0xaa,0xff,0x73,0x7c,0xa3,0xff,0x6b,0x75,0x9f,0xff,
    0x6c,0x78,0xa2,0xff,0x79,0x89,0xb1,0xff,0x68,0x79,0xa7,0xff,0x58,0x6b,0x9b,0xff,
    0x5c,0x71,0xa0,0xff,0x60,0x75,0xa4,0xff,0x53,0x66,0x94,0xff,0x46,0x4e,0x74,0xff,
    0x40,0x40,0x53,0xff,0x2d,0x2f,0x31,0xff,0x21,0x25,0x23,0xff,0x1f,0x23,0x25,0xff,
    0x1e,0x24,0x27,0xff,0x19,0x25,0x23,0xfe,0x24,0x25,0x2c,0xe0,0x72,0x30,0x85,0x69,
    0xbf,0x2a,0xd4,0x0c,0x00,0x00,0x00,0x00,0x00,0x00,0x00,0x00,0x00,0x00,0x00,0x00,
    0x00,0x00,0x00,0x00,0x00,0x00,0x00,0x00,0x00,0x00,0x00,0x00,0x00,0x00,0x00,0x00,
    0x00,0x00,0x00,0x00,0x00,0x00,0x00,0x00,0x00,0x00,0x00,0x00,0x00,0x00,0x00,0x00,
    0x00,0x00,0x00,0x00,0x00,0x00,0x00,0x00,0x00,0x00,0x00,0x00,0x00,0x00,0x00,0x00,
    0x00,0x00,0x00,0x00,0x00,0x00,0x00,0x00,0x00,0x00,0x00,0x00,0x00,0x00,0x00,0x00,
    0x00,0x00,0x00,0x00,0x00,0x00,0x00,0x00,0x00,0x00,0x00,0x00,0x00,0x00,0x00,0x03,
    0x13,0x17,0x00,0x40,0x1c,0x1b,0x08,0xbc,0x2d,0x32,0x4d,0xfc,0x51,0x59,0x8b,0xff,
    0x45,0x45,0x5e,0xff,0x26,0x28,0x2b,0xff,0x17,0x1f,0x1d,0xff,0x1d,0x25,0x26,0xff,
    0x1f,0x25,0x29,0xff,0x1f,0x26,0x27,0xff,0x21,0x25,0x27,0xff,0x1e,0x22,0x22,0xff,
    0x1e,0x23,0x23,0xff,0x2f,0x33,0x38,0xff,0x4e,0x4d,0x5a,0xff,0x4b,0x4a,0x63,0xff,
    0x4f,0x56,0x7a,0xff,0x68,0x72,0x9a,0xff,0x73,0x7e,0xa6,0xff,0x74,0x81,0xa7,0xff,
    0x78,0x87,0xad,0xff,0x84,0x91,0xb8,0xff,0x92,0x9c,0xc3,0xff,0x9a,0xa3,0xc9,0xff,
    0x9e,0xa6,0xcc,0xff,0x9b,0xa4,0xc7,0xff,0x93,0x9c,0xbe,0xff,0x8c,0x96,0xb8,0xff,
    0x8c,0x94,0xb7,0xff,0x91,0x9a,0xbc,0xff,0x99,0xa2,0xc4,0xff,0xa1,0xab,0xcc,0xff,
    0xa5,0xaf,0xd0,0xff,0xa5,0xad,0xcf,0xff,0xa2,0xaa,0xcb,0xff,0x9c,0xa6,0xc7,0xff,
    0x95,0x9e,0xc0,0xff,0x8c,0x95,0xb9,0xff,0x8a,0x93,0xb9,0xff,0x8a,0x95,0xbd,0xff,
    0x86,0x91,0xb9,0xff,0x7e,0x8b,0xb1,0xff,0x76,0x85,0xb1,0xff,0x67,0x79,0xa9,0xff,
    0x62,0x76,0xa6,0xff,0x62,0x76,0xa7,0xff,0x59,0x6c,0xa0,0xff,0x4a,0x58,0x89,0xff,
    0x45,0x4c,0x71,0xff,0x3b,0x3d,0x50,0xff,0x2c,0x2f,0x32,0xff,0x21,0x25,0x27,0xff,
    0x16,0x22,0x20,0xff,0x13,0x24,0x1e,0xff,0x3f,0x29,0x52,0xff,0x8e,0x39,0x96,0xd2,
    0x9d,0x42,0x9a,0x54,0x7f,0x4c,0x66,0x0a,0x00,0x00,0x00,0x00,0x00,0x00,0x00,0x00,
    0x00,0x00,0x00,0x00,0x00,0x00,0x00,0x00,0x00,0x00,0x00,0x00,0x00,0x00,0x00,0x00,
    0x00,0x00,0x00,0x00,0x00,0x00,0x00,0x00,0x00,0x00,0x00,0x00,0x00,0x00,0x00,0x00,
    0x00,0x00,0x00,0x00,0x00,0x00,0x00,0x00,0x00,0x00,0x00,0x00,0x00,0x00,0x00,0x00,
    0x00,0x00,0x00,0x00,0x00,0x00,0x00,0x00,0x00,0x00,0x00,0x00,0x00,0x00,0x00,0x00,
    0x00,0x00,0x00,0x00,0x00,0x00,0x00,0x00,0x00,0x00,0x00,0x00,0x1b,0x26,0x26,0x2e,
    0x1b,0x21,0x1c,0x9f,0x21,0x22,0x25,0xfc,0x3b,0x44,0x8a,0xff,0x6d,0x80,0xe2,0xff,
    0x6f,0x77,0xc8,0xff,0x3c,0x41,0x69,0xff,0x14,0x1c,0x22,0xff,0x19,0x22,0x1d,0xff,
    0x1f,0x25,0x29,0xff,0x1f,0x26,0x27,0xff,0x1f,0x24,0x26,0xff,0x1d,0x24,0x23,0xff,
    0x24,0x2b,0x2d,0xff,0x35,0x38,0x43,0xff,0x43,0x42,0x59,0xff,0x43,0x49,0x6d,0xff,
    0x60,0x6c,0x95,0xff,0x6d,0x7b,0xa4,0xff,0x70,0x7e,0xa6,0xff,0x74,0x83,0xab,0xff,
    0x7c,0x8b,0xb3,0xff,0x84,0x93,0xbb,0xff,0x91,0x9e,0xc6,0xff,0x9b,0xa5,0xcb,0xff,
    0x9e,0xa7,0xcd,0xff,0x9c,0xa5,0xca,0xff,0x99,0xa4,0xc6,0xff,0x9d,0xa8,0xcc,0xff,
    0xa5,0xb1,0xd4,0xff,0xac,0xb6,0xd9,0xff,0xb0,0xb8,0xdb,0xff,0xb2,0xbb,0xdd,0xff,
    0xb1,0xba,0xdd,0xff,0xad,0xb6,0xd9,0xff,0xaa,0xb2,0xd5,0xff,0xa5,0xaf,0xd2,0xff,
    0xa2,0xad,0xd1,0xff,0xa0,0xaa,0xce,0xff,0xa2,0xac,0xd0,0xff,0xa1,0xac,0xd1,0xff,
    0x95,0x9f,0xc6,0xff,0x89,0x94,0xb9,0xff,0x88,0x95,0xbd,0xff,0x7c,0x8c,0xb7,0xff,
    0x70,0x81,0xaf,0xff,0x66,0x78,0xaa,0xff,0x5a,0x6d,0xa1,0xff,0x50,0x60,0x91,0xff,
    0x4f,0x5a,0x83,0xff,0x48,0x4b,0x69,0xff,0x3b,0x3b,0x46,0xff,0x28,0x2b,0x2d,0xff,
    0x14,0x21,0x1d,0xff,0x15,0x23,0x1f,0xff,0x47,0x2a,0x5e,0xff,0x7c,0x34,0x86,0xff,
    0x85,0x3b,0x8b,0xb8,0x87,0x3f,0x8b,0x40,0x00,0x00,0x00,0x00,0x00,0x00,0x00,0x00,
    0x00,0x00,0x00,0x00,0x00,0x00,0x00,0x00,0x00,0x00,0x00,0x00,0x00,0x00,0x00,0x00,
    0x00,0x00,0x00,0x00,0x00,0x00,0x00,0x00,0x00,0x00,0x00,0x00,0x00,0x00,0x00,0x00,
    0x00,0x00,0x00,0x00,0x00,0x00,0x00,0x00,0x00,0x00,0x00,0x00,0x00,0x00,0x00,0x00,
    0x00,0x00,0x00,0x00,0x00,0x00,0x00,0x00,0x00,0x00,0x00,0x00,0x00,0x00,0x00,0x00,
    0x00,0x00,0x00,0x00,0x00,0x00,0x00,0x00,0x00,0x00,0x00,0x12,0x2d,0x39,0x58,0x7c,
    0x3c,0x49,0x77,0xf1,0x47,0x4e,0x86,0xff,0x51,0x5c,0xaf,0xff,0x6c,0x80,0xde,0xff,
    0x8f,0x9b,0xff,0xff,0x63,0x69,0xaf,0xff,0x21,0x28,0x3b,0xff,0x12,0x19,0x10,0xff,
    0x1f,0x25,0x29,0xff,0x1f,0x25,0x27,0xff,0x1d,0x23,0x25,0xff,0x20,0x26,0x29,0xff,
    0x29,0x2f,0x36,0xff,0x2f,0x34,0x47,0xff,0x35,0x3a,0x5b,0xff,0x54,0x60,0x88,0xff,
    0x68,0x79,0xa1,0xff,0x64,0x74,0x9d,0xff,0x69,0x7a,0xa2,0xff,0x76,0x85,0xaf,0xff,
    0x7c,0x8b,0xb5,0xff,0x81,0x91,0xb9,0xff,0x8e,0x9d,0xc3,0xff,0x99,0xa7,0xca,0xff,
    0xa2,0xae,0xd1,0xff,0xa9,0xb3,0xd7,0xff,0xae,0xb9,0xdc,0xff,0xb5,0xc1,0xe3,0xff,
    0xba,0xc8,0xe8,0xff,0xba,0xc4,0xe6,0xff,0xb8,0xc0,0xe3,0xff,0xb7,0xbf,0xe2,0xff,
    0xb6,0xbf,0xe2,0xff,0xb5,0xbd,0xe0,0xff,0xb2,0xba,0xde,0xff,0xaf,0xb8,0xdb,0xff,
    0xad,0xb9,0xdc,0xff,0xae,0xb9,0xdb,0xff,0xad,0xb8,0xda,0xff,0xa8,0xb3,0xd6,0xff,
    0x9c,0xa9,0xce,0xff,0x98,0xa4,0xca,0xff,0x93,0xa1,0xc7,0xff,0x86,0x94,0xbc,0xff,
    0x77,0x87,0xb3,0xff,0x67,0x7b,0xaa,0xff,0x5b,0x70,0xa1,0xff,0x58,0x67,0x97,0xff,
    0x60,0x68,0x8f,0xff,0x57,0x58,0x77,0xff,0x49,0x47,0x58,0xff,0x30,0x33,0x38,0xff,
    0x1b,0x24,0x22,0xff,0x1b,0x23,0x23,0xff,0x36,0x27,0x44,0xff,0x4a,0x27,0x59,0xff,
    0x66,0x2f,0x78,0xff,0x77,0x35,0x87,0x95,0x83,0x36,0x8b,0x21,0x00,0x00,0x00,0x00,
    0x00,0x00,0x00,0x00,0x00,0x00,0x00,0x00,0x00,0x00,0x00,0x00,0x00,0x00,0x00,0x00,
    0x00,0x00,0x00,0x00,0x00,0x00,0x00,0x00,0x00,0x00,0x00,0x00,0x00,0x00,0x00,0x00,
    0x00,0x00,0x00,0x00,0x00,0x00,0x00,0x00,0x00,0x00,0x00,0x00,0x00,0x00,0x00,0x00,
    0x00,0x00,0x00,0x00,0x00,0x00,0x00,0x00,0x00,0x00,0x00,0x00,0x00,0x00,0x00,0x00,
    0x00,0x00,0x00,0x00,0x00,0x00,0x00,0x00,0x10,0x0e,0x00,0x5b,0x3f,0x48,0x73,0xd4,
    0x6f,0x81,0xe5,0xff,0x7d,0x8c,0xea,0xff,0x70,0x79,0xb6,0xff,0x74,0x82,0xc7,0xff,
    0x87,0x93,0xe4,0xff,0x69,0x72,0xb7,0xff,0x2e,0x35,0x52,0xff,0x0f,0x14,0x0e,0xff,
    0x1f,0x25,0x27,0xff,0x1f,0x25,0x28,0xff,0x1f,0x25,0x27,0xff,0x23,0x27,0x2c,0xff,
    0x29,0x2d,0x3b,0xff,0x32,0x38,0x56,0xff,0x41,0x4b,0x77,0xff,0x59,0x68,0x91,0xff,
    0x52,0x65,0x92,0xff,0x5f,0x72,0x9f,0xff,0x6e,0x81,0xad,0xff,0x77,0x88,0xb2,0xff,
    0x7b,0x8c,0xb5,0xff,0x87,0x97,0xbf,0xff,0x9a,0xaa,0xd0,0xff,0xa7,0xb6,0xda,0xff,
    0xb1,0xbf,0xe2,0xff,0xba,0xc5,0xe8,0xff,0xbf,0xca,0xec,0xff,0xc1,0xcc,0xed,0xff,
    0xbf,0xcc,0xe8,0xff,0xbb,0xc6,0xe6,0xff,0xb7,0xc1,0xe4,0xff,0xb7,0xc0,0xe3,0xff,
    0xb9,0xc2,0xe5,0xff,0xba,0xc3,0xe6,0xff,0xb8,0xc1,0xe4,0xff,0xb5,0xbe,0xe1,0xff,
    0xb5,0xc0,0xe2,0xff,0xb5,0xc0,0xe2,0xff,0xb1,0xbc,0xde,0xff,0xab,0xb5,0xd9,0xff,
    0xa2,0xaf,0xd4,0xff,0x9f,0xab,0xd3,0xff,0x96,0xa4,0xcf,0xff,0x86,0x94,0xc1,0xff,
    0x77,0x87,0xb5,0xff,0x6d,0x80,0xac,0xff,0x61,0x77,0xa4,0xff,0x57,0x68,0x99,0xff,
    0x65,0x6b,0x93,0xff,0x66,0x65,0x80,0xff,0x58,0x54,0x68,0xff,0x3c,0x3e,0x48,0xff,
    0x23,0x29,0x2c,0xff,0x1d,0x21,0x23,0xff,0x22,0x26,0x26,0xff,0x22,0x22,0x33,0xff,
    0x40,0x24,0x57,0xff,0x5d,0x29,0x72,0xe8,0x6e,0x2c,0x85,0x73,0x00,0x00,0x00,0x00,
    0x00,0x00,0x00,0x00,0x00,0x00,0x00,0x00,0x00,0x00,0x00,0x00,0x00,0x00,0x00,0x00,
    0x00,0x00,0x00,0x00,0x00,0x00,0x00,0x00,0x00,0x00,0x00,0x00,0x00,0x00,0x00,0x00,
    0x00,0x00,0x00,0x00,0x00,0x00,0x00,0x00,0x00,0x00,0x00,0x00,0x00,0x00,0x00,0x00,
    0x00,0x00,0x00,0x00,0x00,0x00,0x00,0x00,0x00,0x00,0x00,0x00,0x00,0x00,0x00,0x00,
    0x00,0x00,0x00,0x00,0x38,0x38,0x2d,0x2d,0x46,0x36,0x30,0xa9,0x4c,0x3f,0x48,0xfc,
    0x5f,0x60,0x85,0xff,0x7e,0x8b,0xd0,0xff,0x91,0x9c,0xe5,0xff,0x98,0xa5,0xf8,0xff,
    0x85,0x92,0xe9,0xff,0x57,0x5e,0xa8,0xff,0x29,0x2c,0x4f,0xff,0x16,0x1a,0x16,0xff,
    0x1e,0x25,0x24,0xff,0x1f,0x25,0x28,0xff,0x21,0x26,0x29,0xff,0x24,0x2a,0x2f,0xff,
    0x2e,0x34,0x46,0xff,0x3c,0x44,0x6a,0xff,0x47,0x55,0x85,0xff,0x51,0x65,0x90,0xff,
    0x63,0x77,0xa4,0xff,0x71,0x86,0xb3,0xff,0x79,0x8d,0xb9,0xff,0x80,0x92,0xbe,0xff,
    0x8c,0x9e,0xc7,0xff,0x9b,0xad,0xd4,0xff,0xa8,0xba,0xe0,0xff,0xb0,0xbf,0xe5,0xff,
    0xb4,0xc1,0xe7,0xff,0xb6,0xc3,0xe7,0xff,0xba,0xc7,0xe9,0xff,0xbf,0xcb,0xea,0xff,
    0xc3,0xcc,0xeb,0xff,0xc0,0xcb,0xeb,0xff,0xbb,0xc7,0xe9,0xff,0xb8,0xc3,0xe6,0xff,
    0xb7,0xc2,0xe5,0xff,0xb7,0xc2,0xe5,0xff,0xb7,0xc1,0xe4,0xff,0xb2,0xbe,0xe0,0xff,
    0xb1,0xbc,0xdf,0xff,0xb3,0xbd,0xdf,0xff,0xb2,0xbc,0xdf,0xff,0xae,0xbb,0xde,0xff,
    0xa9,0xb8,0xdd,0xff,0xa0,0xae,0xd8,0xff,0x98,0xa6,0xd4,0xff,0x84,0x95,0xc3,0xff,
    0x79,0x8a,0xba,0xff,0x78,0x89,0xb8,0xff,0x73,0x86,0xb3,0xff,0x64,0x74,0xa5,0xff,
    0x5e,0x65,0x8d,0xff,0x6c,0x69,0x82,0xff,0x6c,0x67,0x7a,0xff,0x53,0x51,0x5d,0xff,
    0x2e,0x31,0x35,0xff,0x19,0x1f,0x20,0xff,0x1c,0x26,0x23,0xff,0x1d,0x23,0x29,0xff,
    0x23,0x21,0x2d,0xff,0x30,0x21,0x40,0xff,0x43,0x21,0x5f,0xbd,0x6b,0x24,0x9b,0x45,
    0x00,0x00,0x00,0x00,0x00,0x00,0x00,0x00,0x00,0x00,0x00,0x00,0x00,0x00,0x00,0x00,
    0x00,0x00,0x00,0x00,0x00,0x00,0x00,0x00,0x00,0x00,0x00,0x00,0x00,0x00,0x00,0x00,
    0x00,0x00,0x00,0x00,0x00,0x00,0x00,0x00,0x00,0x00,0x00,0x00,0x00,0x00,0x00,0x00,
    0x00,0x00,0x00,0x00,0x00,0x00,0x00,0x00,0x00,0x00,0x00,0x00,0x00,0x00,0x00,0x00,
    0x00,0x00,0x00,0x00,0x3d,0x36,0x39,0x74,0x43,0x3c,0x3b,0xe0,0x32,0x2b,0x20,0xff,
    0x28,0x26,0x23,0xff,0x5b,0x61,0x98,0xff,0x8b,0x96,0xed,0xff,0x71,0x7d,0xcb,0xff,
    0x71,0x82,0xe9,0xff,0x57,0x67,0xc5,0xff,0x2c,0x33,0x5f,0xff,0x15,0x18,0x12,0xff,
    0x1e,0x24,0x24,0xff,0x1f,0x24,0x27,0xff,0x24,0x29,0x2b,0xff,0x2c,0x35,0x3f,0xff,
    0x37,0x3f,0x59,0xff,0x42,0x4c,0x76,0xff,0x52,0x62,0x92,0xff,0x66,0x7b,0xa5,0xff,
    0x75,0x89,0xb2,0xff,0x7d,0x92,0xbc,0xff,0x7f,0x95,0xc1,0xff,0x86,0x9a,0xc6,0xff,
    0x93,0xa5,0xcf,0xff,0xa0,0xb3,0xd9,0xff,0xa6,0xb7,0xdd,0xff,0xaa,0xbb,0xe1,0xff,
    0xaf,0xbd,0xe4,0xff,0xb4,0xc2,0xe6,0xff,0xba,0xc7,0xe9,0xff,0xc1,0xcb,0xec,0xff,
    0xc2,0xcc,0xec,0xff,0xbe,0xc8,0xea,0xff,0xbe,0xc9,0xeb,0xff,0xbe,0xc8,0xeb,0xff,
    0xbd,0xc8,0xea,0xff,0xbb,0xc7,0xe9,0xff,0xb9,0xc5,0xe7,0xff,0xb5,0xc0,0xe3,0xff,
    0xb2,0xbd,0xdf,0xff,0xb5,0xbe,0xe1,0xff,0xb6,0xc0,0xe3,0xff,0xb4,0xc1,0xe4,0xff,
    0xae,0xbc,0xe1,0xff,0xa1,0xb0,0xd9,0xff,0x99,0xa7,0xd6,0xff,0x87,0x98,0xc9,0xff,
    0x78,0x8c,0xbb,0xff,0x74,0x89,0xb7,0xff,0x79,0x8b,0xb8,0xff,0x76,0x88,0xb3,0xff,
    0x61,0x70,0x9b,0xff,0x53,0x58,0x7e,0xff,0x64,0x62,0x7d,0xff,0x66,0x62,0x6d,0xff,
    0x44,0x43,0x45,0xff,0x19,0x1f,0x23,0xff,0x19,0x22,0x25,0xff,0x26,0x2e,0x28,0xff,
    0x29,0x2f,0x2c,0xff,0x28,0x28,0x32,0xff,0x2a,0x21,0x3e,0xef,0x32,0x1f,0x51,0x93,
    0x00,0x00,0x00,0x00,0x00,0x00,0x00,0x00,0x00,0x00,0x00,0x00,0x00,0x00,0x00,0x00,
    0x00,0x00,0x00,0x00,0x00,0x00,0x00,0x00,0x00,0x00,0x00,0x00,0x00,0x00,0x00,0x00,
    0x00,0x00,0x00,0x00,0x00,0x00,0x00,0x00,0x00,0x00,0x00,0x00,0x00,0x00,0x00,0x00,
    0x00,0x00,0x00,0x00,0x00,0x00,0x00,0x00,0x00,0x00,0x00,0x00,0x00,0x00,0x00,0x01,
    0x2c,0x31,0x31,0x34,0x2d,0x2d,0x2e,0xc4,0x29,0x2b,0x2d,0xff,0x19,0x20,0x18,0xff,
    0x16,0x1e,0x13,0xff,0x39,0x3f,0x5b,0xff,0x65,0x72,0xd3,0xff,0x50,0x64,0xd0,0xff,
    0x45,0x5c,0xc3,0xff,0x3c,0x4e,0x9e,0xff,0x2b,0x32,0x5a,0xff,0x1b,0x1d,0x19,0xff,
    0x1f,0x24,0x24,0xff,0x20,0x24,0x28,0xff,0x25,0x2a,0x2f,0xff,0x2b,0x33,0x42,0xff,
    0x39,0x43,0x62,0xff,0x53,0x60,0x8a,0xff,0x6a,0x7d,0xa7,0xff,0x6e,0x82,0xad,0xff,
    0x79,0x8c,0xb7,0xff,0x7e,0x92,0xbd,0xff,0x83,0x97,0xc2,0xff,0x8c,0x9f,0xca,0xff,
    0x98,0xaa,0xd5,0xff,0xa1,0xb4,0xda,0xff,0xa4,0xb8,0xdc,0xff,0xa8,0xba,0xe0,0xff,
    0xae,0xbe,0xe4,0xff,0xb5,0xc2,0xe6,0xff,0xb9,0xc6,0xe9,0xff,0xbe,0xca,0xeb,0xff,
    0xc1,0xcb,0xed,0xff,0xbf,0xc9,0xeb,0xff,0xc0,0xca,0xec,0xff,0xc0,0xcb,0xed,0xff,
    0xc0,0xcb,0xed,0xff,0xbe,0xca,0xec,0xff,0xbc,0xc8,0xea,0xff,0xba,0xc4,0xe8,0xff,
    0xb6,0xc1,0xe4,0xff,0xb7,0xc3,0xe6,0xff,0xb7,0xc4,0xe6,0xff,0xb4,0xc1,0xe4,0xff,
    0xab,0xbb,0xe0,0xff,0xa2,0xb3,0xdb,0xff,0x9c,0xab,0xd9,0xff,0x8e,0x9f,0xd0,0xff,
    0x7d,0x91,0xc1,0xff,0x77,0x8b,0xba,0xff,0x7d,0x8f,0xbc,0xff,0x7a,0x8e,0xb7,0xff,
    0x5f,0x75,0xa5,0xff,0x3b,0x4b,0x7e,0xff,0x49,0x4e,0x72,0xff,0x60,0x5c,0x69,0xff,
    0x4f,0x4b,0x4d,0xff,0x1f,0x22,0x27,0xff,0x18,0x1e,0x25,0xff,0x27,0x2f,0x29,0xff,
    0x35,0x3d,0x2e,0xff,0x39,0x3d,0x32,0xff,0x35,0x37,0x32,0xff,0x2f,0x32,0x2d,0xd3,
    0x20,0x27,0x20,0x4e,0xff,0xff,0x00,0x01,0x00,0x00,0x00,0x00,0x00,0x00,0x00,0x00,
    0x00,0x00,0x00,0x00,0x00,0x00,0x00,0x00,0x00,0x00,0x00,0x00,0x00,0x00,0x00,0x00,
    0x00,0x00,0x00,0x00,0x00,0x00,0x00,0x00,0x00,0x00,0x00,0x00,0x00,0x00,0x00,0x00,
    0x00,0x00,0x00,0x00,0x00,0x00,0x00,0x00,0x00,0x00,0x00,0x00,0x00,0x00,0x00,0x00,
    0x29,0x2b,0x2b,0x7b,0x25,0x29,0x2a,0xeb,0x23,0x28,0x2a,0xff,0x1c,0x24,0x23,0xff,
    0x17,0x23,0x1a,0xff,0x20,0x27,0x2a,0xff,0x3c,0x49,0x98,0xff,0x36,0x4b,0xb7,0xff,
    0x25,0x36,0x79,0xff,0x23,0x2c,0x4b,0xff,0x25,0x2a,0x37,0xff,0x20,0x24,0x25,0xff,
    0x1f,0x24,0x26,0xff,0x1f,0x24,0x28,0xff,0x26,0x2c,0x35,0xff,0x30,0x38,0x4f,0xff,
    0x48,0x53,0x78,0xff,0x64,0x76,0x9f,0xff,0x71,0x87,0xad,0xff,0x72,0x86,0xb0,0xff,
    0x78,0x8b,0xb8,0xff,0x7d,0x91,0xbe,0xff,0x87,0x9a,0xc7,0xff,0x93,0xa4,0xd0,0xff,
    0x9b,0xad,0xd8,0xff,0xa0,0xb2,0xd9,0xff,0xa3,0xb7,0xdc,0xff,0xa7,0xba,0xe0,0xff,
    0xaf,0xbe,0xe4,0xff,0xb5,0xc2,0xe6,0xff,0xb8,0xc5,0xe9,0xff,0xbc,0xc7,0xea,0xff,
    0xbf,0xca,0xed,0xff,0xc0,0xc9,0xec,0xff,0xc1,0xca,0xed,0xff,0xc0,0xcb,0xed,0xff,
    0xbe,0xcb,0xed,0xff,0xbb,0xc9,0xeb,0xff,0xbc,0xc8,0xea,0xff,0xbc,0xc6,0xe9,0xff,
    0xba,0xc5,0xe8,0xff,0xb8,0xc6,0xe7,0xff,0xb5,0xc5,0xe7,0xff,0xb1,0xc1,0xe4,0xff,
    0xab,0xbc,0xe0,0xff,0xa3,0xb5,0xdd,0xff,0x9d,0xaf,0xdc,0xff,0x92,0xa4,0xd4,0xff,
    0x85,0x97,0xc8,0xff,0x7f,0x91,0xc0,0xff,0x7f,0x91,0xbe,0xff,0x76,0x8b,0xb6,0xff,
    0x5e,0x78,0xab,0xff,0x35,0x4b,0x83,0xff,0x34,0x40,0x69,0xff,0x49,0x4b,0x5e,0xff,
    0x48,0x45,0x4a,0xff,0x24,0x25,0x29,0xff,0x19,0x20,0x24,0xff,0x1f,0x27,0x27,0xff,
    0x36,0x3b,0x30,0xff,0x46,0x47,0x34,0xff,0x46,0x4a,0x31,0xff,0x3a,0x42,0x28,0xf3,
    0x32,0x37,0x2a,0x9c,0x00,0x00,0x00,0x04,0x00,0x00,0x00,0x00,0x00,0x00,0x00,0x00,
    0x00,0x00,0x00,0x00,0x00,0x00,0x00,0x00,0x00,0x00,0x00,0x00,0x00,0x00,0x00,0x00,
    0x00,0x00,0x00,0x00,0x00,0x00,0x00,0x00,0x00,0x00,0x00,0x00,0x00,0x00,0x00,0x00,
    0x00,0x00,0x00,0x00,0x00,0x00,0x00,0x00,0x00,0xff,0xff,0x01,0x20,0x20,0x29,0x1f,
    0x1f,0x23,0x26,0xba,0x23,0x29,0x29,0xf7,0x27,0x2c,0x2c,0xff,0x25,0x2a,0x2b,0xff,
    0x1c,0x25,0x21,0xff,0x19,0x1f,0x1d,0xff,0x27,0x2e,0x52,0xff,0x2a,0x33,0x6b,0xff,
    0x24,0x28,0x3e,0xff,0x22,0x22,0x1e,0xff,0x22,0x26,0x20,0xff,0x20,0x27,0x2a,0xff,
    0x1e,0x24,0x27,0xff,0x1e,0x25,0x29,0xff,0x2b,0x32,0x40,0xff,0x43,0x4c,0x6a,0xff,
    0x60,0x6e,0x96,0xff,0x70,0x86,0xad,0xff,0x70,0x87,0xab,0xff,0x79,0x8d,0xb7,0xff,
    0x7c,0x8e,0xbb,0xff,0x80,0x95,0xc2,0xff,0x8b,0x9e,0xca,0xff,0x96,0xa6,0xd2,0xff,
    0x9b,0xac,0xd6,0xff,0x9f,0xb2,0xd8,0xff,0xa3,0xb7,0xdd,0xff,0xa8,0xbb,0xe1,0xff,
    0xb0,0xbf,0xe5,0xff,0xb5,0xc2,0xe7,0xff,0xb8,0xc5,0xe9,0xff,0xbb,0xc6,0xea,0xff,
    0xbd,0xc8,0xeb,0xff,0xbf,0xc8,0xeb,0xff,0xc0,0xc9,0xec,0xff,0xbf,0xca,0xec,0xff,
    0xbc,0xc9,0xeb,0xff,0xb9,0xc6,0xe9,0xff,0xbb,0xc6,0xea,0xff,0xbc,0xc6,0xe9,0xff,
    0xbb,0xc7,0xe9,0xff,0xb7,0xc6,0xe7,0xff,0xb3,0xc3,0xe6,0xff,0xb0,0xc0,0xe4,0xff,
    0xac,0xbc,0xe1,0xff,0xa3,0xb7,0xdd,0xff,0x9c,0xb1,0xdd,0xff,0x95,0xa7,0xd6,0xff,
    0x8b,0x9d,0xcc,0xff,0x82,0x96,0xc5,0xff,0x7b,0x90,0xbf,0xff,0x6f,0x87,0xb4,0xff,
    0x5e,0x78,0xab,0xff,0x41,0x57,0x8e,0xff,0x2f,0x3f,0x6c,0xff,0x34,0x3b,0x55,0xff,
    0x38,0x38,0x42,0xff,0x26,0x28,0x2a,0xff,0x1b,0x23,0x24,0xff,0x1a,0x21,0x25,0xff,
    0x32,0x32,0x30,0xff,0x48,0x46,0x35,0xff,0x4c,0x4c,0x32,0xff,0x42,0x45,0x2e,0xfd,
    0x3d,0x40,0x2f,0xd2,0x28,0x2d,0x28,0x32,0x00,0x00,0x3f,0x04,0x00,0x00,0x00,0x00,
    0x00,0x00,0x00,0x00,0x00,0x00,0x00,0x00,0x00,0x00,0x00,0x00,0x00,0x00,0x00,0x00,
    0x00,0x00,0x00,0x00,0x00,0x00,0x00,0x00,0x00,0x00,0x00,0x00,0x00,0x00,0x00,0x00,
    0x00,0x00,0x00,0x00,0x00,0x00,0x00,0x00,0x17,0x2e,0x2e,0x0b,0x2a,0x2a,0x2d,0x6b,
    0x22,0x26,0x28,0xef,0x25,0x2a,0x29,0xff,0x24,0x2a,0x2a,0xff,0x21,0x27,0x28,0xff,
    0x1e,0x25,0x28,0xff,0x21,0x27,0x2b,0xff,0x2a,0x29,0x27,0xff,0x32,0x2b,0x26,0xff,
    0x35,0x32,0x2f,0xff,0x32,0x30,0x2f,0xff,0x26,0x29,0x28,0xff,0x1c,0x23,0x26,0xff,
    0x1c,0x23,0x24,0xff,0x20,0x29,0x30,0xff,0x35,0x3c,0x50,0xff,0x59,0x65,0x85,0xff,
    0x71,0x83,0xaa,0xff,0x77,0x8b,0xb2,0xff,0x77,0x8a,0xb0,0xff,0x81,0x95,0xbf,0xff,
    0x84,0x99,0xc3,0xff,0x87,0x9c,0xc6,0xff,0x8d,0xa1,0xcb,0xff,0x94,0xa7,0xcf,0xff,
    0x9a,0xad,0xd5,0xff,0x9f,0xb2,0xda,0xff,0xa6,0xb9,0xdf,0xff,0xac,0xbe,0xe3,0xff,
    0xb3,0xc2,0xe6,0xff,0xb6,0xc3,0xe8,0xff,0xb8,0xc5,0xe8,0xff,0xba,0xc6,0xe9,0xff,
    0xbc,0xc6,0xe9,0xff,0xbc,0xc7,0xe9,0xff,0xbd,0xc8,0xea,0xff,0xbd,0xc7,0xea,0xff,
    0xbc,0xc7,0xea,0xff,0xbb,0xc6,0xe9,0xff,0xbb,0xc6,0xe9,0xff,0xbc,0xc7,0xea,0xff,
    0xba,0xc7,0xe8,0xff,0xb8,0xc5,0xe7,0xff,0xb5,0xc2,0xe6,0xff,0xb1,0xbf,0xe5,0xff,
    0xab,0xbb,0xe1,0xff,0xa5,0xba,0xdf,0xff,0x9f,0xb3,0xde,0xff,0x99,0xab,0xd8,0xff,
    0x8e,0xa1,0xce,0xff,0x80,0x98,0xc5,0xff,0x74,0x8d,0xbc,0xff,0x6c,0x82,0xb3,0xff,
    0x5e,0x76,0xa6,0xff,0x50,0x68,0x9d,0xff,0x38,0x4a,0x7a,0xff,0x2c,0x35,0x54,0xff,
    0x2c,0x2e,0x3a,0xff,0x26,0x29,0x2b,0xff,0x1c,0x23,0x24,0xff,0x1e,0x23,0x27,0xff,
    0x32,0x32,0x30,0xff,0x44,0x42,0x33,0xff,0x46,0x45,0x31,0xff,0x40,0x42,0x30,0xff,
    0x41,0x42,0x2f,0xf4,0x30,0x34,0x2b,0x8e,0x2d,0x3c,0x1e,0x11,0x00,0x00,0x00,0x00,
    0x00,0x00,0x00,0x00,0x00,0x00,0x00,0x00,0x00,0x00,0x00,0x00,0x00,0x00,0x00,0x00,
    0x00,0x00,0x00,0x00,0x00,0x00,0x00,0x00,0x00,0x00,0x00,0x00,0x00,0x00,0x00,0x00,
    0x00,0x00,0x00,0x00,0x00,0x00,0x00,0x00,0x3f,0x33,0x3f,0x14,0x4a,0x3a,0x3b,0x9e,
    0x49,0x3d,0x3b,0xf8,0x2a,0x2d,0x2c,0xff,0x1c,0x25,0x25,0xff,0x1d,0x23,0x26,0xff,
    0x20,0x24,0x28,0xff,0x25,0x2a,0x2b,0xff,0x33,0x35,0x30,0xff,0x39,0x39,0x32,0xff,
    0x3a,0x39,0x33,0xff,0x32,0x31,0x2f,0xff,0x24,0x27,0x28,0xff,0x1b,0x21,0x25,0xff,
    0x1c,0x23,0x2a,0xff,0x28,0x2d,0x40,0xff,0x3e,0x45,0x64,0xff,0x5e,0x6d,0x92,0xff,
    0x74,0x88,0xae,0xff,0x7b,0x8e,0xb5,0xff,0x7f,0x91,0xb8,0xff,0x85,0x9a,0xc2,0xff,
    0x8b,0xa2,0xc8,0xff,0x8f,0xa4,0xcb,0xff,0x95,0xa8,0xd1,0xff,0x9b,0xae,0xd5,0xff,
    0x9f,0xb2,0xd9,0xff,0xa3,0xb6,0xdc,0xff,0xaa,0xbc,0xe1,0xff,0xaf,0xc2,0xe3,0xff,
    0xb5,0xc4,0xe6,0xff,0xb8,0xc6,0xe8,0xff,0xba,0xc7,0xe9,0xff,0xbc,0xc8,0xea,0xff,
    0xbb,0xc5,0xe8,0xff,0xbb,0xc6,0xe8,0xff,0xbc,0xc7,0xe9,0xff,0xbc,0xc6,0xe9,0xff,
    0xbc,0xc7,0xea,0xff,0xbd,0xc8,0xeb,0xff,0xbd,0xc8,0xea,0xff,0xba,0xc6,0xe9,0xff,
    0xb7,0xc5,0xe6,0xff,0xb7,0xc4,0xe7,0xff,0xb5,0xc2,0xe6,0xff,0xb0,0xc0,0xe4,0xff,
    0xac,0xbf,0xe3,0xff,0xaa,0xbd,0xe4,0xff,0xa4,0xb9,0xe1,0xff,0x9a,0xb0,0xd8,0xff,
    0x8c,0xa2,0xcd,0xff,0x7f,0x95,0xc3,0xff,0x75,0x8b,0xbb,0xff,0x6c,0x82,0xb2,0xff,
    0x5f,0x77,0xa6,0xff,0x5a,0x73,0xa7,0xff,0x45,0x5b,0x8f,0xff,0x2e,0x3d,0x62,0xff,
    0x26,0x2b,0x3b,0xff,0x27,0x2a,0x2c,0xff,0x1e,0x23,0x23,0xff,0x1f,0x24,0x27,0xff,
    0x32,0x32,0x2f,0xff,0x43,0x41,0x32,0xff,0x45,0x46,0x32,0xff,0x42,0x44,0x32,0xff,
    0x42,0x43,0x31,0xfb,0x33,0x3a,0x2d,0xc5,0x2d,0x36,0x2d,0x1c,0x00,0x00,0x00,0x00,
    0x00,0x00,0x00,0x00,0x00,0x00,0x00,0x00,0x00,0x00,0x00,0x00,0x00,0x00,0x00,0x00,
    0x00,0x00,0x00,0x00,0x00,0x00,0x00,0x00,0x00,0x00,0x00,0x00,0x00,0x00,0x00,0x00,
    0x00,0x00,0x00,0x00,0x00,0x00,0x00,0x02,0x50,0x42,0x3d,0x36,0x65,0x4a,0x45,0xc9,
    0x5e,0x48,0x42,0xfc,0x39,0x35,0x33,0xff,0x21,0x27,0x28,0xff,0x1d,0x22,0x25,0xff,
    0x22,0x26,0x29,0xff,0x2a,0x2d,0x2f,0xff,0x33,0x34,0x33,0xff,0x34,0x35,0x32,0xff,
    0x34,0x34,0x31,0xff,0x2d,0x2c,0x2d,0xff,0x22,0x25,0x27,0xff,0x1d,0x23,0x27,0xff,
    0x25,0x2d,0x38,0xff,0x32,0x37,0x50,0xff,0x46,0x4e,0x70,0xff,0x64,0x74,0x9b,0xff,
    0x75,0x8a,0xb1,0xff,0x78,0x8c,0xb2,0xff,0x7f,0x93,0xb9,0xff,0x8a,0x9f,0xc4,0xff,
    0x98,0xad,0xcd,0xff,0xa2,0xb4,0xd7,0xff,0xa6,0xb7,0xde,0xff,0xaa,0xba,0xe1,0xff,
    0xae,0xbe,0xe2,0xff,0xb0,0xc0,0xe3,0xff,0xb2,0xc2,0xe4,0xff,0xb7,0xc6,0xe7,0xff,
    0xba,0xc9,0xea,0xff,0xbd,0xc9,0xeb,0xff,0xbf,0xca,0xed,0xff,0xc0,0xcc,0xed,0xff,
    0xbe,0xc9,0xe9,0xff,0xbc,0xc8,0xe9,0xff,0xbc,0xc8,0xeb,0xff,0xba,0xc7,0xea,0xff,
    0xba,0xc8,0xea,0xff,0xbc,0xca,0xeb,0xff,0xb9,0xc7,0xe9,0xff,0xb8,0xc4,0xe7,0xff,
    0xb6,0xc3,0xe6,0xff,0xb6,0xc3,0xe5,0xff,0xb6,0xc3,0xe5,0xff,0xb3,0xc3,0xe6,0xff,
    0xb0,0xc3,0xe7,0xff,0xae,0xc0,0xe5,0xff,0xa6,0xba,0xe0,0xff,0x9d,0xb1,0xd8,0xff,
    0x92,0xa8,0xcf,0xff,0x84,0x9c,0xc6,0xff,0x78,0x8f,0xbb,0xff,0x6e,0x84,0xb3,0xff,
    0x65,0x7c,0xab,0xff,0x5a,0x72,0xa3,0xff,0x4c,0x62,0x99,0xff,0x3b,0x4a,0x77,0xff,
    0x2e,0x33,0x49,0xff,0x26,0x28,0x29,0xff,0x1d,0x22,0x22,0xff,0x1e,0x24,0x27,0xff,
    0x35,0x33,0x30,0xff,0x45,0x44,0x34,0xff,0x46,0x4a,0x32,0xff,0x43,0x46,0x30,0xff,
    0x43,0x44,0x31,0xfe,0x33,0x38,0x2e,0xdf,0x25,0x29,0x25,0x4a,0x00,0x1c,0x1c,0x09,
    0x00,0x00,0x00,0x00,0x00,0x00,0x00,0x00,0x00,0x00,0x00,0x00,0x00,0x00,0x00,0x00,
    0x00,0x00,0x00,0x00,0x00,0x00,0x00,0x00,0x00,0x00,0x00,0x00,0x00,0x00,0x00,0x00,
    0x00,0x00,0x00,0x00,0x1a,0x1a,0x28,0x13,0x33,0x31,0x31,0x6c,0x4c,0x42,0x37,0xf6,
    0x52,0x42,0x3b,0xff,0x36,0x31,0x2f,0xff,0x21,0x25,0x27,0xff,0x1d,0x23,0x26,0xff,
    0x23,0x28,0x2a,0xff,0x2b,0x2e,0x2f,0xff,0x32,0x32,0x32,0xff,0x2d,0x2f,0x2f,0xff,
    0x30,0x2e,0x2f,0xff,0x2c,0x2a,0x2b,0xff,0x21,0x25,0x27,0xff,0x22,0x29,0x2e,0xff,
    0x36,0x3d,0x4d,0xff,0x3f,0x47,0x66,0xff,0x4c,0x59,0x7d,0xff,0x63,0x77,0x9c,0xff,
    0x71,0x88,0xad,0xff,0x79,0x8e,0xb4,0xff,0x90,0xa5,0xc8,0xff,0xa9,0xba,0xda,0xff,
    0xac,0xb8,0xd6,0xff,0xae,0xb8,0xd8,0xff,0xb5,0xc0,0xe1,0xff,0xbd,0xc7,0xe9,0xff,
    0xbd,0xc9,0xea,0xff,0xb9,0xca,0xe9,0xff,0xbf,0xcd,0xed,0xff,0xc3,0xcd,0xee,0xff,
    0xc0,0xca,0xeb,0xff,0xbc,0xc7,0xe9,0xff,0xbe,0xca,0xec,0xff,0xc4,0xd0,0xf0,0xff,
    0xc3,0xce,0xee,0xff,0xbe,0xca,0xeb,0xff,0xbb,0xc8,0xea,0xff,0xb9,0xc8,0xea,0xff,
    0xb9,0xc7,0xea,0xff,0xb9,0xc6,0xea,0xff,0xb7,0xc5,0xe8,0xff,0xb5,0xc2,0xe4,0xff,
    0xb5,0xc3,0xe5,0xff,0xb7,0xc4,0xe6,0xff,0xb9,0xc5,0xe6,0xff,0xba,0xc5,0xe9,0xff,
    0xb6,0xc6,0xe9,0xff,0xb2,0xc2,0xe5,0xff,0xab,0xbd,0xe2,0xff,0xa6,0xba,0xde,0xff,
    0xa2,0xb7,0xda,0xff,0x98,0xae,0xd3,0xff,0x89,0x9f,0xc7,0xff,0x78,0x8e,0xb8,0xff,
    0x6c,0x82,0xaf,0xff,0x5b,0x73,0xa2,0xff,0x4b,0x64,0x9a,0xff,0x3f,0x4f,0x80,0xff,
    0x34,0x3b,0x53,0xff,0x26,0x2a,0x2a,0xff,0x1c,0x21,0x22,0xff,0x1c,0x22,0x26,0xff,
    0x35,0x33,0x31,0xff,0x45,0x45,0x33,0xff,0x46,0x4a,0x30,0xff,0x43,0x47,0x2f,0xff,
    0x44,0x44,0x31,0xff,0x31,0x37,0x2b,0xfc,0x1d,0x24,0x24,0x8b,0x08,0x19,0x22,0x1e,
    0x00,0x00,0x00,0x00,0x00,0x00,0x00,0x00,0x00,0x00,0x00,0x00,0x00,0x00,0x00,0x00,
    0x00,0x00,0x00,0x00,0x00,0x00,0x00,0x00,0x00,0x00,0x00,0x00,0x00,0x00,0x00,0x00,
    0x00,0x00,0x00,0x00,0x27,0x27,0x2f,0x20,0x35,0x31,0x31,0x94,0x48,0x3e,0x3a,0xff,
    0x38,0x32,0x31,0xff,0x24,0x27,0x27,0xff,0x1d,0x23,0x24,0xff,0x1f,0x24,0x27,0xff,
    0x25,0x28,0x2a,0xff,0x2d,0x30,0x2e,0xff,0x33,0x32,0x30,0xff,0x2a,0x2e,0x2d,0xff,
    0x2d,0x2c,0x2e,0xff,0x29,0x29,0x2b,0xff,0x20,0x24,0x25,0xff,0x25,0x2d,0x31,0xff,
    0x45,0x4c,0x60,0xff,0x52,0x5c,0x7e,0xff,0x52,0x61,0x86,0xff,0x62,0x76,0x9a,0xff,
    0x77,0x8d,0xb1,0xff,0x84,0x99,0xbc,0xff,0x88,0x9a,0xbd,0xff,0x86,0x93,0xb3,0xff,
    0x7a,0x81,0x9f,0xff,0x74,0x7b,0x97,0xff,0x80,0x84,0x9e,0xff,0x91,0x93,0xae,0xff,
    0x9c,0xa2,0xbe,0xff,0xa7,0xb3,0xcf,0xff,0xb2,0xbb,0xda,0xff,0xb5,0xbe,0xde,0xff,
    0xb6,0xc0,0xe2,0xff,0xb4,0xc0,0xe4,0xff,0xb3,0xc0,0xe4,0xff,0xb9,0xc5,0xe7,0xff,
    0xbf,0xc9,0xeb,0xff,0xbd,0xc9,0xea,0xff,0xba,0xc7,0xe8,0xff,0xb8,0xc6,0xe9,0xff,
    0xb6,0xc3,0xe8,0xff,0xb5,0xc2,0xe6,0xff,0xb5,0xc1,0xe5,0xff,0xb6,0xc2,0xe4,0xff,
    0xb6,0xc3,0xe6,0xff,0xb8,0xc4,0xe7,0xff,0xba,0xc6,0xe8,0xff,0xba,0xc7,0xe9,0xff,
    0xb8,0xc6,0xe8,0xff,0xb9,0xc7,0xe9,0xff,0xb8,0xc7,0xea,0xff,0xb0,0xc2,0xe5,0xff,
    0xaa,0xbc,0xdf,0xff,0xa0,0xb4,0xd8,0xff,0x97,0xaa,0xd0,0xff,0x91,0xa3,0xca,0xff,
    0x85,0x9c,0xc4,0xff,0x64,0x7d,0xa9,0xff,0x4b,0x64,0x9c,0xff,0x3e,0x50,0x81,0xff,
    0x35,0x3c,0x55,0xff,0x26,0x2b,0x2d,0xff,0x1a,0x22,0x23,0xff,0x1e,0x24,0x27,0xff,
    0x36,0x34,0x32,0xff,0x44,0x45,0x32,0xff,0x45,0x4a,0x2e,0xff,0x43,0x47,0x2f,0xff,
    0x44,0x44,0x30,0xff,0x34,0x39,0x2e,0xff,0x1c,0x24,0x25,0xbd,0x10,0x1b,0x26,0x2e,
    0x00,0x00,0x00,0x00,0x00,0x00,0x00,0x00,0x00,0x00,0x00,0x00,0x00,0x00,0x00,0x00,
    0x00,0x00,0x00,0x00,0x00,0x00,0x00,0x00,0x00,0x00,0x00,0x00,0x00,0x00,0x00,0x00,
    0x00,0x00,0x00,0x00,0x2e,0x2e,0x2e,0x2c,0x33,0x32,0x32,0xb1,0x3d,0x34,0x37,0xff,
    0x24,0x28,0x2a,0xff,0x1a,0x24,0x25,0xff,0x1d,0x24,0x25,0xff,0x20,0x24,0x27,0xff,
    0x25,0x28,0x29,0xff,0x30,0x31,0x2f,0xff,0x35,0x35,0x30,0xff,0x30,0x32,0x31,0xff,
    0x2f,0x2f,0x31,0xff,0x27,0x28,0x2b,0xff,0x1d,0x22,0x22,0xff,0x24,0x2c,0x30,0xff,
    0x4d,0x55,0x6b,0xff,0x5f,0x6a,0x8f,0xff,0x59,0x67,0x8b,0xff,0x65,0x78,0x9b,0xff,
    0x79,0x8d,0xb0,0xff,0x7b,0x8d,0xaf,0xff,0x6b,0x77,0x9a,0xff,0x63,0x6c,0x8d,0xff,
    0x65,0x6d,0x89,0xff,0x61,0x67,0x82,0xff,0x60,0x63,0x7b,0xff,0x67,0x67,0x7f,0xff,
    0x76,0x77,0x90,0xff,0x86,0x8b,0xa5,0xff,0x8e,0x95,0xb2,0xff,0x92,0x9c,0xbc,0xff,
    0x9c,0xa6,0xc9,0xff,0xa3,0xaf,0xd3,0xff,0xa5,0xb2,0xd7,0xff,0xaa,0xb6,0xda,0xff,
    0xb5,0xc0,0xe2,0xff,0xba,0xc6,0xe8,0xff,0xb9,0xc6,0xe8,0xff,0xb9,0xc5,0xe8,0xff,
    0xb6,0xc3,0xe7,0xff,0xb4,0xc1,0xe5,0xff,0xb4,0xc0,0xe4,0xff,0xb8,0xc4,0xe7,0xff,
    0xb7,0xc3,0xe6,0xff,0xb5,0xc2,0xe5,0xff,0xb0,0xc0,0xe2,0xff,0xaa,0xbb,0xdc,0xff,
    0xa7,0xb6,0xd8,0xff,0xa7,0xb4,0xd6,0xff,0xa7,0xb2,0xd3,0xff,0x9f,0xaa,0xca,0xff,
    0x8d,0x98,0xb8,0xff,0x79,0x85,0xa5,0xff,0x6c,0x79,0x9a,0xff,0x6d,0x7c,0x9e,0xff,
    0x7b,0x8f,0xb1,0xff,0x70,0x87,0xb0,0xff,0x54,0x6d,0xa3,0xff,0x3d,0x50,0x80,0xff,
    0x2f,0x38,0x53,0xff,0x23,0x2a,0x30,0xff,0x1b,0x24,0x25,0xff,0x22,0x26,0x29,0xff,
    0x3a,0x38,0x32,0xff,0x47,0x47,0x31,0xff,0x46,0x4b,0x2e,0xff,0x42,0x46,0x2f,0xff,
    0x42,0x44,0x2e,0xff,0x3b,0x3c,0x30,0xff,0x24,0x2a,0x29,0xd8,0x1b,0x23,0x27,0x40,
    0x00,0x00,0x00,0x00,0x00,0x00,0x00,0x00,0x00,0x00,0x00,0x00,0x00,0x00,0x00,0x00,
    0x00,0x00,0x00,0x00,0x00,0x00,0x00,0x00,0x00,0x00,0x00,0x00,0x00,0x00,0x00,0x00,
    0x00,0x00,0x00,0x04,0x1f,0x27,0x27,0x40,0x26,0x2a,0x2a,0xcd,0x28,0x28,0x2b,0xff,
    0x1c,0x25,0x27,0xff,0x1f,0x28,0x28,0xff,0x21,0x26,0x28,0xff,0x20,0x24,0x27,0xff,
    0x24,0x28,0x29,0xff,0x32,0x33,0x31,0xff,0x37,0x37,0x30,0xff,0x36,0x35,0x30,0xff,
    0x34,0x32,0x30,0xff,0x27,0x28,0x2a,0xff,0x1a,0x20,0x22,0xff,0x23,0x2a,0x2f,0xff,
    0x4e,0x57,0x6e,0xff,0x61,0x6c,0x92,0xff,0x61,0x6e,0x92,0xff,0x6c,0x7d,0x9f,0xff,
    0x71,0x83,0xa4,0xff,0x68,0x76,0x99,0xff,0x65,0x6f,0x8f,0xff,0x76,0x7f,0x9e,0xff,
    0x8e,0x98,0xb4,0xff,0x91,0x9a,0xb6,0xff,0x81,0x8a,0xa6,0xff,0x74,0x7c,0x96,0xff,
    0x72,0x78,0x92,0xff,0x6f,0x77,0x8f,0xff,0x71,0x78,0x93,0xff,0x78,0x84,0xa3,0xff,
    0x86,0x93,0xb4,0xff,0x93,0xa0,0xc2,0xff,0x9b,0xa6,0xca,0xff,0xa2,0xad,0xd0,0xff,
    0xac,0xba,0xdc,0xff,0xb5,0xc4,0xe6,0xff,0xba,0xc6,0xe9,0xff,0xbb,0xc6,0xe9,0xff,
    0xb8,0xc5,0xe7,0xff,0xb5,0xc3,0xe5,0xff,0xb5,0xc3,0xe5,0xff,0xb7,0xc5,0xe7,0xff,
    0xb4,0xc1,0xe4,0xff,0xab,0xba,0xdd,0xff,0x9d,0xb0,0xd2,0xff,0x93,0xa5,0xc6,0xff,
    0x8d,0x9e,0xbf,0xff,0x81,0x90,0xb1,0xff,0x7a,0x83,0xa3,0xff,0x77,0x7a,0x97,0xff,
    0x64,0x67,0x81,0xff,0x4c,0x4e,0x69,0xff,0x39,0x40,0x5d,0xff,0x36,0x42,0x5f,0xff,
    0x4f,0x5e,0x7e,0xff,0x67,0x7a,0xa1,0xff,0x5a,0x71,0xa1,0xff,0x3e,0x52,0x80,0xff,
    0x2b,0x36,0x55,0xff,0x23,0x2a,0x35,0xff,0x1f,0x24,0x26,0xff,0x23,0x26,0x29,0xff,
    0x3d,0x3b,0x31,0xff,0x4b,0x4a,0x31,0xff,0x47,0x4b,0x2f,0xff,0x40,0x44,0x2e,0xff,
    0x41,0x43,0x2d,0xff,0x43,0x41,0x30,0xff,0x2f,0x34,0x2c,0xe5,0x2b,0x2e,0x2b,0x57,
    0x00,0x00,0x00,0x00,0x00,0x00,0x00,0x00,0x00,0x00,0x00,0x00,0x00,0x00,0x00,0x00,
    0x00,0x00,0x00,0x00,0x00,0x00,0x00,0x00,0x00,0x00,0x00,0x00,0x00,0x00,0x00,0x00,
    0x0d,0x1b,0x1b,0x25,0x17,0x22,0x1f,0x60,0x1e,0x24,0x23,0xe4,0x29,0x29,0x2a,0xff,
    0x20,0x27,0x26,0xff,0x22,0x29,0x28,0xff,0x23,0x27,0x29,0xff,0x21,0x25,0x27,0xff,
    0x26,0x2a,0x2b,0xff,0x35,0x35,0x33,0xff,0x38,0x36,0x2f,0xff,0x37,0x31,0x27,0xff,
    0x35,0x30,0x29,0xff,0x26,0x29,0x27,0xff,0x1b,0x21,0x24,0xff,0x27,0x2c,0x34,0xff,
    0x4d,0x56,0x6e,0xff,0x5e,0x6a,0x91,0xff,0x6b,0x79,0x9c,0xff,0x70,0x80,0x9e,0xff,
    0x6d,0x7c,0x9c,0xff,0x76,0x82,0xa4,0xff,0x95,0xa1,0xbe,0xff,0xa4,0xb0,0xcd,0xff,
    0xa8,0xb2,0xd4,0xff,0xae,0xb8,0xd9,0xff,0xac,0xba,0xda,0xff,0xa3,0xb4,0xd1,0xff,
    0x92,0xa2,0xbf,0xff,0x7a,0x8c,0xa6,0xff,0x73,0x80,0x9d,0xff,0x7b,0x89,0xa9,0xff,
    0x88,0x97,0xb8,0xff,0x92,0xa0,0xc2,0xff,0x98,0xa3,0xc5,0xff,0x9c,0xac,0xcc,0xff,
    0xa6,0xb9,0xd9,0xff,0xb3,0xc4,0xe5,0xff,0xbb,0xc7,0xea,0xff,0xb9,0xc5,0xe8,0xff,
    0xb4,0xc2,0xe4,0xff,0xb3,0xc2,0xe3,0xff,0xb6,0xc4,0xe6,0xff,0xb3,0xc3,0xe4,0xff,
    0xa9,0xbb,0xdd,0xff,0x9a,0xad,0xd1,0xff,0x8f,0xa1,0xc4,0xff,0x8b,0x9a,0xbb,0xff,
    0x83,0x92,0xb2,0xff,0x6c,0x7b,0x9b,0xff,0x5e,0x68,0x88,0xff,0x60,0x62,0x81,0xff,
    0x64,0x65,0x82,0xff,0x66,0x6b,0x85,0xff,0x67,0x6e,0x87,0xff,0x5f,0x68,0x85,0xff,
    0x49,0x52,0x76,0xff,0x42,0x52,0x77,0xff,0x49,0x5e,0x89,0xff,0x41,0x55,0x82,0xff,
    0x30,0x3d,0x61,0xff,0x28,0x2c,0x3e,0xff,0x1f,0x22,0x23,0xff,0x20,0x25,0x27,0xff,
    0x39,0x3a,0x2e,0xff,0x48,0x49,0x2f,0xff,0x47,0x49,0x2e,0xff,0x42,0x44,0x2f,0xff,
    0x43,0x44,0x30,0xff,0x46,0x45,0x2e,0xff,0x31,0x39,0x29,0xf1,0x2f,0x32,0x2b,0x75,
    0x00,0x00,0x00,0x00,0x00,0x00,0x00,0x00,0x00,0x00,0x00,0x00,0x00,0x00,0x00,0x00,
    0x00,0x00,0x00,0x00,0x00,0x00,0x00,0x00,0x00,0x00,0x00,0x00,0x00,0x00,0x00,0x00,
    0x11,0x1a,0x1a,0x3a,0x38,0x34,0x32,0x75,0x51,0x41,0x3d,0xf3,0x5c,0x47,0x45,0xff,
    0x3e,0x37,0x36,0xff,0x2a,0x2a,0x2a,0xff,0x20,0x24,0x28,0xff,0x25,0x29,0x2b,0xff,
    0x31,0x32,0x30,0xff,0x3b,0x39,0x33,0xff,0x41,0x3c,0x38,0xff,0x49,0x43,0x44,0xff,
    0x33,0x32,0x30,0xff,0x1d,0x22,0x20,0xff,0x19,0x1e,0x1f,0xff,0x27,0x2b,0x30,0xff,
    0x46,0x50,0x68,0xff,0x65,0x74,0x9a,0xff,0x77,0x86,0xa7,0xff,0x7a,0x8a,0xa6,0xff,
    0x7d,0x8c,0xa9,0xff,0x84,0x91,0xb2,0xff,0x89,0x97,0xb7,0xff,0x8c,0x99,0xbb,0xff,
    0x80,0x8c,0xb2,0xff,0x82,0x91,0xb8,0xff,0x97,0xa4,0xc7,0xff,0xac,0xb7,0xd5,0xff,
    0xb3,0xbe,0xda,0xff,0xa9,0xb7,0xd5,0xff,0x97,0xa3,0xc0,0xff,0x72,0x7c,0x9b,0xff,
    0x68,0x75,0x99,0xff,0x80,0x90,0xb5,0xff,0x9a,0xad,0xcf,0xff,0x9c,0xb1,0xd2,0xff,
    0xa3,0xb9,0xdb,0xff,0xaf,0xc1,0xe3,0xff,0xb6,0xc5,0xe7,0xff,0xb3,0xc4,0xe5,0xff,
    0xaf,0xc2,0xe2,0xff,0xb1,0xc2,0xe4,0xff,0xb4,0xc4,0xe7,0xff,0xad,0xc1,0xe2,0xff,
    0x9e,0xb2,0xd4,0xff,0x93,0xa7,0xc9,0xff,0x97,0xa8,0xc9,0xff,0x99,0xa6,0xc7,0xff,
    0x82,0x8e,0xb0,0xff,0x69,0x75,0x95,0xff,0x62,0x71,0x91,0xff,0x6c,0x7d,0x9e,0xff,
    0x82,0x93,0xb5,0xff,0x97,0xa6,0xc8,0xff,0xa3,0xaf,0xce,0xff,0xa2,0xac,0xca,0xff,
    0x8f,0x9b,0xbb,0xff,0x5c,0x6c,0x8f,0xff,0x42,0x55,0x7b,0xff,0x3c,0x4f,0x7c,0xff,
    0x36,0x45,0x70,0xff,0x26,0x2f,0x45,0xff,0x1d,0x21,0x21,0xff,0x24,0x27,0x2a,0xff,
    0x3a,0x3c,0x31,0xff,0x46,0x47,0x30,0xff,0x48,0x4a,0x2f,0xff,0x47,0x4a,0x32,0xff,
    0x45,0x49,0x30,0xff,0x45,0x48,0x30,0xff,0x2e,0x32,0x2b,0xfb,0x1f,0x26,0x24,0x8b,
    0x00,0x00,0x00,0x00,0x00,0x00,0x00,0x00,0x00,0x00,0x00,0x00,0x00,0x00,0x00,0x00,
    0x00,0x00,0x00,0x00,0x00,0x00,0x00,0x00,0x00,0x00,0x00,0x00,0x00,0x00,0x00,0x00,
    0x50,0x41,0x44,0x52,0x67,0x4f,0x4a,0x8d,0x76,0x58,0x51,0xff,0x68,0x4f,0x49,0xff,
    0x4e,0x3e,0x3d,0xff,0x2c,0x2b,0x2b,0xff,0x22,0x28,0x29,0xff,0x2e,0x32,0x30,0xff,
    0x39,0x37,0x30,0xff,0x3c,0x35,0x2f,0xff,0x5d,0x5d,0x6d,0xff,0x9b,0xa8,0xc6,0xff,
    0x74,0x80,0x99,0xff,0x25,0x2d,0x38,0xff,0x00,0x05,0x04,0xff,0x1d,0x21,0x25,0xff,
    0x4d,0x55,0x70,0xff,0x71,0x81,0xa4,0xff,0x82,0x92,0xb0,0xff,0x84,0x94,0xb0,0xff,
    0x82,0x91,0xaf,0xff,0x81,0x8f,0xb0,0xff,0x81,0x8f,0xb3,0xff,0x7c,0x88,0xb0,0xff,
    0x7d,0x8a,0xb3,0xff,0x7a,0x89,0xae,0xff,0x7d,0x86,0x9f,0xff,0x83,0x84,0x97,0xff,
    0x8a,0x89,0x9c,0xff,0x95,0x98,0xac,0xff,0xaa,0xb0,0xc6,0xff,0xa4,0xab,0xcb,0xff,
    0x71,0x7b,0xa2,0xff,0x5c,0x6a,0x93,0xff,0x78,0x8c,0xb2,0xff,0x9c,0xb2,0xd4,0xff,
    0xa2,0xb9,0xdc,0xff,0xab,0xbf,0xe2,0xff,0xb4,0xc5,0xe6,0xff,0xb4,0xc7,0xe7,0xff,
    0xb1,0xc5,0xe4,0xff,0xb1,0xc4,0xe5,0xff,0xb2,0xc5,0xe7,0xff,0xa8,0xbf,0xe0,0xff,
    0xa0,0xb4,0xd6,0xff,0x9b,0xae,0xcf,0xff,0x8b,0x9c,0xbe,0xff,0x72,0x7e,0xa3,0xff,
    0x66,0x6f,0x92,0xff,0x81,0x8c,0xaa,0xff,0x9a,0xa6,0xc5,0xff,0x9f,0xac,0xc8,0xff,
    0x96,0xa3,0xc2,0xff,0x8b,0x98,0xbc,0xff,0x8a,0x97,0xbc,0xff,0x91,0x9f,0xc2,0xff,
    0x8e,0x9e,0xbd,0xff,0x76,0x87,0xa6,0xff,0x56,0x66,0x8b,0xff,0x46,0x5a,0x88,0xff,
    0x3c,0x4e,0x7d,0xff,0x27,0x31,0x49,0xff,0x1f,0x20,0x21,0xff,0x2d,0x31,0x2b,0xff,
    0x40,0x43,0x30,0xff,0x49,0x49,0x31,0xff,0x4b,0x4c,0x32,0xff,0x4a,0x4e,0x31,0xff,
    0x47,0x4b,0x2f,0xff,0x40,0x43,0x30,0xff,0x2b,0x2d,0x2c,0xff,0x1d,0x23,0x26,0xa4,
    0x00,0x00,0x00,0x00,0x00,0x00,0x00,0x00,0x00,0x00,0x00,0x00,0x00,0x00,0x00,0x00,
    0x00,0x00,0x00,0x00,0x00,0x00,0x00,0x00,0x00,0x00,0x00,0x00,0x00,0x00,0x00,0x00,
    0x5b,0x44,0x47,0x64,0x58,0x45,0x41,0x9b,0x59,0x47,0x42,0xff,0x4f,0x40,0x3c,0xff,
    0x43,0x38,0x38,0xff,0x2f,0x2f,0x2f,0xff,0x2e,0x31,0x30,0xff,0x39,0x38,0x33,0xff,
    0x3e,0x3a,0x31,0xff,0x40,0x3c,0x39,0xff,0x52,0x5f,0x85,0xff,0x81,0x97,0xcb,0xff,
    0x94,0xa5,0xce,0xff,0x76,0x7c,0x89,0xff,0x4a,0x48,0x3e,0xff,0x3a,0x39,0x34,0xff,
    0x4f,0x56,0x74,0xff,0x77,0x86,0xa9,0xff,0x89,0x98,0xb6,0xff,0x8d,0x9c,0xb8,0xff,
    0x8a,0x98,0xb6,0xff,0x85,0x92,0xb3,0xff,0x7c,0x89,0xae,0xff,0x66,0x71,0x9b,0xff,
    0x5a,0x64,0x8a,0xff,0x68,0x6b,0x7d,0xff,0x52,0x52,0x5a,0xff,0x3e,0x3a,0x42,0xff,
    0x61,0x54,0x53,0xff,0xa5,0x8f,0x7b,0xff,0x75,0x6a,0x6c,0xff,0x89,0x88,0xa3,0xff,
    0x8b,0x95,0xbc,0xff,0x6d,0x7d,0xa6,0xff,0x5e,0x6f,0x96,0xff,0x81,0x95,0xb8,0xff,
    0x9f,0xb4,0xd8,0xff,0xac,0xbf,0xe2,0xff,0xb6,0xc7,0xe6,0xff,0xb8,0xcb,0xe8,0xff,
    0xb6,0xc9,0xe7,0xff,0xb4,0xc6,0xe5,0xff,0xaf,0xc3,0xe3,0xff,0xa4,0xbb,0xdc,0xff,
    0x9d,0xb2,0xd3,0xff,0x83,0x95,0xb6,0xff,0x66,0x74,0x9a,0xff,0x6a,0x74,0x9e,0xff,
    0x95,0x9d,0xc2,0xff,0x9d,0xa7,0xc6,0xff,0x95,0x9e,0xba,0xff,0x99,0x9d,0xb6,0xff,
    0x8f,0x94,0xb0,0xff,0x85,0x8d,0xb0,0xff,0x83,0x8f,0xb5,0xff,0x7b,0x8c,0xb1,0xff,
    0x7c,0x8d,0xb0,0xff,0x74,0x83,0xa4,0xff,0x61,0x72,0x95,0xff,0x59,0x6e,0x98,0xff,
    0x4f,0x62,0x8a,0xff,0x31,0x39,0x4f,0xff,0x1d,0x1f,0x1a,0xff,0x2d,0x30,0x20,0xff,
    0x3f,0x3f,0x22,0xff,0x4b,0x4a,0x2b,0xff,0x4f,0x4e,0x31,0xff,0x4c,0x4d,0x31,0xff,
    0x46,0x4a,0x2e,0xff,0x3b,0x3e,0x2f,0xff,0x23,0x28,0x29,0xff,0x24,0x27,0x29,0xb4,
    0x00,0x00,0x00,0x00,0x00,0x00,0x00,0x00,0x00,0x00,0x00,0x00,0x00,0x00,0x00,0x00,
    0x00,0x00,0x00,0x00,0x00,0x00,0x00,0x00,0x00,0x00,0x00,0x00,0x00,0x00,0x00,0x00,
    0x38,0x33,0x31,0x71,0x32,0x2e,0x2d,0xa3,0x2f,0x2f,0x2e,0xff,0x32,0x30,0x30,0xff,
    0x33,0x30,0x31,0xff,0x2d,0x2e,0x2e,0xff,0x32,0x33,0x33,0xff,0x3c,0x37,0x33,0xff,
    0x42,0x3c,0x32,0xff,0x49,0x47,0x49,0xff,0x42,0x54,0x87,0xff,0x35,0x4c,0x8c,0xff,
    0x70,0x83,0xb0,0xff,0xb0,0xb4,0xc0,0xff,0xb2,0xa6,0x98,0xff,0x73,0x6a,0x5e,0xff,
    0x4c,0x54,0x70,0xff,0x77,0x88,0xab,0xff,0x8d,0x9c,0xba,0xff,0x95,0xa3,0xc1,0xff,
    0x96,0xa2,0xc2,0xff,0x8e,0x9a,0xbb,0xff,0x7a,0x86,0xab,0xff,0x4e,0x58,0x83,0xff,
    0x3b,0x3f,0x64,0xff,0x89,0x80,0x81,0xff,0x70,0x68,0x5e,0xff,0x2d,0x28,0x26,0xff,
    0x3e,0x32,0x29,0xff,0x92,0x79,0x5a,0xff,0x45,0x33,0x2e,0xff,0x8b,0x7c,0x81,0xff,
    0xab,0xac,0xc4,0xff,0x8a,0x98,0xbe,0xff,0x66,0x74,0x9d,0xff,0x77,0x84,0xa8,0xff,
    0x99,0xab,0xd0,0xff,0xac,0xbe,0xe1,0xff,0xb8,0xc8,0xe6,0xff,0xbf,0xce,0xe9,0xff,
    0xc0,0xce,0xeb,0xff,0xba,0xc9,0xe7,0xff,0xae,0xbf,0xde,0xff,0xa1,0xb7,0xd7,0xff,
    0x8c,0xa0,0xc1,0xff,0x6c,0x7a,0x9d,0xff,0x62,0x6f,0x96,0xff,0x75,0x81,0xa9,0xff,
    0x8e,0x94,0xb0,0xff,0x96,0x90,0x9a,0xff,0x90,0x86,0x86,0xff,0x67,0x60,0x6b,0xff,
    0x59,0x5a,0x6d,0xff,0x68,0x6d,0x86,0xff,0x76,0x7e,0x9d,0xff,0x73,0x80,0xa2,0xff,
    0x73,0x82,0xa8,0xff,0x6f,0x7d,0x9f,0xff,0x69,0x7b,0x9b,0xff,0x6e,0x82,0xa5,0xff,
    0x65,0x75,0x96,0xff,0x3c,0x41,0x52,0xff,0x1c,0x1e,0x1b,0xff,0x42,0x47,0x48,0xff,
    0x50,0x54,0x4c,0xff,0x4f,0x50,0x39,0xff,0x4c,0x4b,0x2d,0xff,0x4c,0x4b,0x2e,0xff,
    0x46,0x4a,0x2e,0xff,0x3c,0x40,0x30,0xff,0x20,0x26,0x28,0xff,0x2d,0x2b,0x2b,0xbb,
    0x00,0x00,0x00,0x00,0x00,0x00,0x00,0x00,0x00,0x00,0x00,0x00,0x00,0x00,0x00,0x00,
    0x00,0x00,0x00,0x00,0x00,0x00,0x00,0x00,0x00,0x00,0x00,0x00,0x00,0x00,0x00,0x00,
    0x19,0x21,0x23,0x7a,0x1b,0x22,0x24,0xa9,0x1f,0x27,0x29,0xff,0x24,0x29,0x2b,0xff,
    0x26,0x28,0x2a,0xff,0x24,0x27,0x29,0xff,0x2c,0x2d,0x2f,0xff,0x37,0x33,0x2f,0xff,
    0x44,0x3d,0x33,0xff,0x53,0x4f,0x55,0xff,0x44,0x55,0x8c,0xff,0x1a,0x2e,0x6f,0xff,
    0x4b,0x60,0x8b,0xff,0xb6,0xbb,0xc9,0xff,0xe3,0xd6,0xcb,0xff,0x9f,0x91,0x83,0xff,
    0x50,0x59,0x6e,0xff,0x76,0x89,0xac,0xff,0x8f,0x9e,0xbc,0xff,0x9a,0xa8,0xc7,0xff,
    0x9e,0xac,0xcc,0xff,0x99,0xa7,0xc8,0xff,0x83,0x91,0xb6,0xff,0x4f,0x5c,0x86,0xff,
    0x47,0x4a,0x71,0xff,0xb8,0xae,0xb4,0xff,0xb6,0xaa,0xa1,0xff,0x5b,0x54,0x4f,0xff,
    0x2c,0x27,0x25,0xff,0x54,0x49,0x44,0xff,0x50,0x45,0x46,0xff,0xc4,0xb1,0xa2,0xff,
    0xcc,0xc2,0xcb,0xff,0xa1,0xa6,0xca,0xff,0x88,0x93,0xbd,0xff,0x88,0x93,0xb7,0xff,
    0x94,0xa5,0xca,0xff,0xa7,0xbc,0xde,0xff,0xb8,0xc8,0xe6,0xff,0xc7,0xd2,0xec,0xff,
    0xcc,0xd5,0xef,0xff,0xc1,0xcd,0xea,0xff,0xad,0xbb,0xdc,0xff,0x99,0xae,0xcf,0xff,
    0x7e,0x8e,0xb0,0xff,0x71,0x7d,0xa1,0xff,0x8c,0x95,0xb6,0xff,0x92,0x96,0xaf,0xff,
    0x5c,0x56,0x60,0xff,0x6c,0x56,0x4a,0xff,0x95,0x78,0x61,0xff,0x3e,0x31,0x2f,0xff,
    0x42,0x3d,0x42,0xff,0x66,0x63,0x6a,0xff,0x60,0x61,0x74,0xff,0x58,0x61,0x81,0xff,
    0x6e,0x7a,0xa2,0xff,0x73,0x83,0xa3,0xff,0x73,0x87,0xa2,0xff,0x7c,0x90,0xae,0xff,
    0x72,0x80,0x9e,0xff,0x49,0x4b,0x57,0xff,0x32,0x31,0x34,0xff,0x66,0x6f,0x92,0xff,
    0x62,0x70,0x95,0xff,0x51,0x56,0x55,0xff,0x49,0x49,0x29,0xff,0x4a,0x4c,0x2a,0xff,
    0x48,0x4b,0x2f,0xff,0x42,0x46,0x31,0xff,0x28,0x2d,0x2c,0xff,0x30,0x2f,0x2f,0xc1,
    0x00,0x00,0x00,0x00,0x00,0x00,0x00,0x00,0x00,0x00,0x00,0x00,0x00,0x00,0x00,0x00,
    0x00,0x00,0x00,0x00,0x00,0x00,0x00,0x00,0x00,0x00,0x00,0x00,0x00,0x00,0x00,0x00,
    0x19,0x21,0x25,0x81,0x1c,0x25,0x28,0xac,0x21,0x27,0x29,0xff,0x20,0x24,0x26,0xff,
    0x1b,0x23,0x25,0xff,0x1c,0x22,0x26,0xff,0x23,0x27,0x2a,0xff,0x30,0x30,0x2b,0xff,
    0x44,0x3e,0x31,0xff,0x57,0x51,0x57,0xff,0x58,0x64,0x9c,0xff,0x4a,0x5d,0x96,0xff,
    0x64,0x78,0xa1,0xff,0xac,0xb1,0xc2,0xff,0xd4,0xc8,0xc2,0xff,0xab,0x9f,0x90,0xff,
    0x62,0x6b,0x78,0xff,0x75,0x88,0xa9,0xff,0x90,0x9e,0xbf,0xff,0x9b,0xaa,0xca,0xff,
    0xa0,0xb2,0xd1,0xff,0xa4,0xb5,0xd6,0xff,0x9b,0xac,0xcf,0xff,0x76,0x88,0xae,0xff,
    0x73,0x7e,0xa5,0xff,0xa9,0xa8,0xc9,0xff,0xc3,0xba,0xcd,0xff,0x99,0x90,0x98,0xff,
    0x50,0x49,0x55,0xff,0x41,0x3b,0x4f,0xff,0x90,0x8c,0x95,0xff,0xe6,0xe3,0xdf,0xff,
    0xda,0xd3,0xe1,0xff,0xb7,0xb3,0xd8,0xff,0xa8,0xb0,0xd8,0xff,0x9c,0xad,0xcf,0xff,
    0x95,0xa7,0xcc,0xff,0xa4,0xb9,0xdc,0xff,0xb7,0xc7,0xe7,0xff,0xcc,0xd5,0xef,0xff,
    0xd4,0xda,0xf2,0xff,0xc6,0xd0,0xed,0xff,0xa9,0xba,0xdf,0xff,0x8c,0xa2,0xc6,0xff,
    0x81,0x92,0xb2,0xff,0x8e,0x9b,0xbd,0xff,0xc1,0xc0,0xd6,0xff,0xc6,0xb5,0xb7,0xff,
    0x6a,0x56,0x4e,0xff,0x43,0x34,0x2b,0xff,0x72,0x5e,0x54,0xff,0x42,0x37,0x36,0xff,
    0x87,0x7c,0x70,0xff,0xad,0x9e,0x95,0xff,0x5e,0x57,0x67,0xff,0x2a,0x31,0x54,0xff,
    0x66,0x73,0x9a,0xff,0x7b,0x8f,0xab,0xff,0x7d,0x93,0xae,0xff,0x7f,0x94,0xb5,0xff,
    0x73,0x80,0x9d,0xff,0x59,0x57,0x5e,0xff,0x60,0x59,0x60,0xff,0x6f,0x7c,0xb4,0xff,
    0x55,0x6a,0xb1,0xff,0x4c,0x56,0x68,0xff,0x4b,0x4e,0x2c,0xff,0x49,0x4d,0x25,0xff,
    0x4a,0x4c,0x30,0xff,0x47,0x4a,0x30,0xff,0x36,0x3b,0x32,0xff,0x36,0x35,0x34,0xc8,
    0x00,0x00,0x00,0x00,0x00,0x00,0x00,0x00,0x00,0x00,0x00,0x00,0x00,0x00,0x00,0x00,
    0x00,0x00,0x00,0x00,0x00,0x00,0x00,0x00,0x00,0x00,0x00,0x00,0x00,0x00,0x00,0x00,
    0x15,0x1f,0x21,0x80,0x16,0x20,0x22,0xac,0x18,0x21,0x23,0xff,0x1a,0x22,0x23,0xff,
    0x1f,0x25,0x26,0xff,0x1d,0x24,0x27,0xff,0x1c,0x25,0x29,0xff,0x2a,0x2e,0x2a,0xff,
    0x42,0x3b,0x2e,0xff,0x53,0x4b,0x4a,0xff,0x6d,0x77,0xa3,0xff,0x71,0x82,0xb4,0xff,
    0x74,0x89,0xb2,0xff,0x9a,0xa2,0xb6,0xff,0xc9,0xbd,0xb8,0xff,0xc7,0xb8,0xaa,0xff,
    0x80,0x84,0x90,0xff,0x77,0x88,0xa6,0xff,0x8e,0x9b,0xbc,0xff,0x99,0xa8,0xc8,0xff,
    0xa0,0xb2,0xd2,0xff,0xa9,0xbb,0xdc,0xff,0xab,0xba,0xdd,0xff,0x97,0xa6,0xc7,0xff,
    0x7d,0x8a,0xad,0xff,0x81,0x89,0xb0,0xff,0xa0,0xa5,0xca,0xff,0xc0,0xc2,0xde,0xff,
    0xc9,0xc5,0xdd,0xff,0xbc,0xb6,0xd2,0xff,0xcb,0xcb,0xe6,0xff,0xae,0xb4,0xd6,0xff,
    0xa6,0xab,0xd5,0xff,0xb0,0xb6,0xdd,0xff,0xaf,0xbb,0xda,0xff,0x9c,0xad,0xd0,0xff,
    0x9e,0xb1,0xd7,0xff,0xa7,0xbd,0xe2,0xff,0xb8,0xc9,0xea,0xff,0xcc,0xd6,0xf0,0xff,
    0xd5,0xda,0xf3,0xff,0xc7,0xd0,0xef,0xff,0xa7,0xbb,0xe2,0xff,0x8f,0xa4,0xc8,0xff,
    0x8b,0x9c,0xbd,0xff,0xa0,0xab,0xcb,0xff,0xd1,0xce,0xe5,0xff,0xee,0xdf,0xe8,0xff,
    0xbb,0xae,0xb0,0xff,0x43,0x3d,0x47,0xff,0x19,0x15,0x24,0xff,0x55,0x4d,0x51,0xff,
    0xbf,0xb6,0xab,0xff,0xd0,0xc7,0xc6,0xff,0x7e,0x77,0x94,0xff,0x4b,0x4d,0x76,0xff,
    0x73,0x7f,0xa0,0xff,0x8c,0x9e,0xbd,0xff,0x8b,0x9e,0xbe,0xff,0x7d,0x91,0xb6,0xff,
    0x6a,0x77,0x93,0xff,0x5e,0x5e,0x5e,0xff,0x6c,0x69,0x6d,0xff,0x43,0x4e,0x86,0xff,
    0x41,0x52,0x98,0xff,0x4e,0x58,0x6a,0xff,0x4e,0x51,0x32,0xff,0x46,0x48,0x23,0xff,
    0x4b,0x4c,0x2f,0xff,0x48,0x4a,0x2d,0xff,0x40,0x44,0x34,0xff,0x44,0x3e,0x3b,0xc8,
    0x00,0x00,0x00,0x00,0x00,0x00,0x00,0x00,0x00,0x00,0x00,0x00,0x00,0x00,0x00,0x00,
    0x00,0x00,0x00,0x00,0x00,0x00,0x00,0x00,0x00,0x00,0x00,0x00,0x00,0x00,0x00,0x00,
    0x28,0x28,0x2c,0x79,0x30,0x2f,0x30,0xa8,0x3a,0x37,0x37,0xff,0x33,0x32,0x35,0xff,
    0x24,0x27,0x2a,0xff,0x1b,0x21,0x23,0xff,0x1b,0x24,0x26,0xff,0x2e,0x31,0x2d,0xff,
    0x44,0x3b,0x2f,0xff,0x4b,0x41,0x36,0xff,0x71,0x77,0x8e,0xff,0x88,0x9a,0xc3,0xff,
    0x6b,0x80,0xad,0xff,0x80,0x8c,0xa6,0xff,0xc9,0xc1,0xc2,0xff,0xeb,0xd9,0xcf,0xff,
    0x96,0x94,0xa1,0xff,0x7d,0x88,0xa6,0xff,0x8a,0x98,0xb7,0xff,0x97,0xa7,0xc6,0xff,
    0x9f,0xb2,0xd2,0xff,0xa7,0xbb,0xdb,0xff,0xb0,0xbf,0xe0,0xff,0xb6,0xc1,0xe0,0xff,
    0xa3,0xae,0xcf,0xff,0x8f,0x9d,0xbf,0xff,0x8b,0x9b,0xbe,0xff,0x97,0xa4,0xca,0xff,
    0xa4,0xae,0xd6,0xff,0xa5,0xad,0xd8,0xff,0x9a,0xa5,0xd0,0xff,0x95,0x9e,0xcc,0xff,
    0xa5,0xaa,0xd4,0xff,0xb1,0xb6,0xd8,0xff,0xac,0xb6,0xd3,0xff,0xa2,0xb1,0xd4,0xff,
    0xa6,0xba,0xdf,0xff,0xab,0xc2,0xe7,0xff,0xbd,0xcd,0xec,0xff,0xd0,0xd6,0xf1,0xff,
    0xd4,0xd8,0xf2,0xff,0xc4,0xce,0xee,0xff,0xab,0xbf,0xe1,0xff,0x9b,0xaf,0xd2,0xff,
    0x91,0xa0,0xc2,0xff,0xa2,0xaa,0xc9,0xff,0xa8,0xad,0xd0,0xff,0xa7,0xae,0xd3,0xff,
    0xb4,0xb9,0xd9,0xff,0xb2,0xae,0xc4,0xff,0x97,0x95,0xa7,0xff,0xb0,0xae,0xbf,0xff,
    0xbd,0xbd,0xcf,0xff,0x9e,0xa3,0xbc,0xff,0x74,0x7b,0x9d,0xff,0x73,0x7b,0x9e,0xff,
    0x98,0xa5,0xc3,0xff,0x9c,0xab,0xcd,0xff,0x97,0xa8,0xca,0xff,0x70,0x83,0xa6,0xff,
    0x5a,0x69,0x7f,0xff,0x81,0x7f,0x7d,0xff,0x8c,0x8b,0x96,0xff,0x45,0x52,0x8b,0xff,
    0x58,0x69,0xa9,0xff,0x5c,0x66,0x74,0xff,0x4c,0x4f,0x32,0xff,0x44,0x44,0x24,0xff,
    0x4a,0x4a,0x30,0xff,0x4b,0x4c,0x30,0xff,0x39,0x3e,0x2f,0xff,0x35,0x33,0x31,0xc0,
    0x00,0x00,0x00,0x00,0x00,0x00,0x00,0x00,0x00,0x00,0x00,0x00,0x00,0x00,0x00,0x00,
    0x00,0x00,0x00,0x00,0x00,0x00,0x00,0x00,0x00,0x00,0x00,0x00,0x00,0x00,0x00,0x00,
    0x61,0x51,0x51,0x71,0x6b,0x59,0x56,0xa3,0x73,0x5e,0x59,0xff,0x52,0x45,0x43,0xff,
    0x26,0x28,0x29,0xff,0x19,0x1f,0x23,0xff,0x24,0x2a,0x2a,0xff,0x3b,0x3a,0x35,0xff,
    0x46,0x3e,0x32,0xff,0x41,0x39,0x2a,0xff,0x61,0x5e,0x66,0xff,0x91,0x9b,0xbe,0xff,
    0x7b,0x8d,0xb9,0xff,0x82,0x8f,0xae,0xff,0xc6,0xc4,0xcc,0xff,0xfc,0xef,0xe7,0xff,
    0xb6,0xaf,0xb4,0xff,0x81,0x8c,0xa5,0xff,0x8a,0x99,0xb7,0xff,0x97,0xa6,0xc8,0xff,
    0x9e,0xb0,0xd2,0xff,0xa5,0xb9,0xdb,0xff,0xb1,0xc2,0xe3,0xff,0xbb,0xc7,0xe8,0xff,
    0xbb,0xc7,0xe6,0xff,0xb5,0xc0,0xdf,0xff,0xaa,0xb4,0xd6,0xff,0xa3,0xad,0xd1,0xff,
    0xa3,0xae,0xd3,0xff,0xa6,0xb0,0xd6,0xff,0xaa,0xb2,0xd8,0xff,0xb1,0xb7,0xde,0xff,
    0xb6,0xbc,0xdf,0xff,0xaf,0xba,0xdc,0xff,0xa2,0xb5,0xdb,0xff,0x9e,0xb4,0xdf,0xff,
    0xa5,0xba,0xe2,0xff,0xae,0xc1,0xe3,0xff,0xc1,0xcf,0xec,0xff,0xd6,0xdc,0xf5,0xff,
    0xd6,0xdc,0xf4,0xff,0xbd,0xcb,0xe9,0xff,0xa4,0xb9,0xdc,0xff,0x9c,0xb3,0xd5,0xff,
    0x8e,0xa3,0xc9,0xff,0x98,0xa7,0xc9,0xff,0xa0,0xa8,0xcd,0xff,0x97,0x9f,0xcb,0xff,
    0x89,0x96,0xc5,0xff,0x96,0xa1,0xcc,0xff,0xa3,0xab,0xd2,0xff,0xa0,0xaa,0xd0,0xff,
    0x92,0x9d,0xc2,0xff,0x80,0x8d,0xb1,0xff,0x7d,0x89,0xab,0xff,0x90,0x9b,0xbb,0xff,
    0xa3,0xb1,0xd1,0xff,0x9f,0xb2,0xd2,0xff,0x8b,0x9f,0xc2,0xff,0x70,0x82,0x9e,0xff,
    0x8d,0x92,0x99,0xff,0xd3,0xc8,0xc2,0xff,0x97,0x9d,0xb6,0xff,0x55,0x67,0xa4,0xff,
    0x67,0x76,0xb1,0xff,0x5e,0x67,0x70,0xff,0x49,0x4b,0x2d,0xff,0x44,0x44,0x25,0xff,
    0x49,0x4a,0x31,0xff,0x4e,0x4d,0x32,0xff,0x30,0x37,0x2b,0xff,0x1f,0x26,0x24,0xbb,
    0x00,0x00,0x00,0x00,0x00,0x00,0x00,0x00,0x00,0x00,0x00,0x00,0x00,0x00,0x00,0x00,
    0x00,0x00,0x00,0x00,0x00,0x00,0x00,0x00,0x00,0x00,0x00,0x00,0x00,0x00,0x00,0x00,
    0x6d,0x59,0x54,0x64,0x74,0x5d,0x58,0x9b,0x77,0x5e,0x59,0xff,0x52,0x42,0x3f,0xff,
    0x26,0x29,0x2a,0xff,0x25,0x2b,0x2a,0xff,0x37,0x37,0x33,0xff,0x46,0x41,0x39,0xff,
    0x48,0x40,0x33,0xff,0x41,0x38,0x2a,0xff,0x4e,0x46,0x43,0xff,0x8b,0x8e,0xa5,0xff,
    0x90,0x9e,0xc4,0xff,0x86,0x93,0xb6,0xff,0xb4,0xb5,0xc3,0xff,0xff,0xf7,0xf0,0xff,
    0xe4,0xdd,0xdb,0xff,0x9c,0xa4,0xb3,0xff,0x8f,0x9d,0xb8,0xff,0x98,0xa6,0xc7,0xff,
    0xa1,0xb1,0xd3,0xff,0xa6,0xb8,0xdd,0xff,0xa9,0xba,0xe4,0xff,0xb0,0xc1,0xe7,0xff,
    0xc2,0xcf,0xee,0xff,0xc8,0xd2,0xf0,0xff,0xc7,0xd0,0xef,0xff,0xc6,0xcf,0xed,0xff,
    0xc1,0xcc,0xec,0xff,0xb8,0xc1,0xe2,0xff,0xb4,0xb9,0xdc,0xff,0xb6,0xbc,0xdc,0xff,
    0xb8,0xc1,0xe0,0xff,0xb0,0xbf,0xe0,0xff,0xa7,0xb9,0xdf,0xff,0xa8,0xba,0xe0,0xff,
    0xba,0xc9,0xe6,0xff,0xc2,0xcd,0xe8,0xff,0xbe,0xc6,0xe2,0xff,0xc0,0xc2,0xdf,0xff,
    0xc1,0xc3,0xdf,0xff,0xbd,0xc4,0xe0,0xff,0xb8,0xc4,0xe1,0xff,0xa9,0xba,0xdb,0xff,
    0x9c,0xb0,0xd4,0xff,0x99,0xac,0xcf,0xff,0xa5,0xb0,0xd2,0xff,0xab,0xb0,0xd3,0xff,
    0x9a,0x9e,0xc7,0xff,0x8e,0x97,0xc5,0xff,0x91,0x9b,0xca,0xff,0x87,0x95,0xc3,0xff,
    0x84,0x93,0xb9,0xff,0x8c,0x9b,0xb9,0xff,0x9b,0xaa,0xc3,0xff,0xa7,0xb4,0xd2,0xff,
    0xa3,0xb4,0xd5,0xff,0x98,0xae,0xcc,0xff,0x7f,0x94,0xb4,0xff,0x93,0x9a,0xae,0xff,
    0xd5,0xce,0xcd,0xff,0xf5,0xf0,0xea,0xff,0x93,0x9d,0xba,0xff,0x6b,0x7e,0xb9,0xff,
    0x71,0x7d,0xa9,0xff,0x59,0x5e,0x5b,0xff,0x44,0x44,0x24,0xff,0x47,0x47,0x2a,0xff,
    0x4b,0x4b,0x31,0xff,0x4a,0x49,0x31,0xff,0x28,0x30,0x28,0xff,0x19,0x22,0x23,0xb2,
    0x00,0x00,0x00,0x00,0x00,0x00,0x00,0x00,0x00,0x00,0x00,0x00,0x00,0x00,0x00,0x00,
    0x00,0x00,0x00,0x00,0x00,0x00,0x00,0x00,0x00,0x00,0x00,0x00,0x00,0x00,0x00,0x00,
    0x46,0x3f,0x3c,0x50,0x4b,0x40,0x3c,0x8b,0x4a,0x3d,0x3c,0xff,0x38,0x32,0x31,0xff,
    0x25,0x2b,0x2d,0xff,0x39,0x39,0x35,0xff,0x48,0x42,0x3a,0xff,0x4c,0x43,0x38,0xff,
    0x49,0x41,0x34,0xff,0x45,0x3c,0x30,0xff,0x40,0x39,0x2d,0xff,0x7a,0x7a,0x84,0xff,
    0x9a,0xa3,0xc3,0xff,0x82,0x90,0xb6,0xff,0x92,0x9a,0xaf,0xff,0xea,0xe7,0xe4,0xff,
    0xff,0xfe,0xfc,0xff,0xce,0xce,0xd0,0xff,0x9a,0xa7,0xbe,0xff,0x92,0xa1,0xc2,0xff,
    0x9c,0xac,0xcf,0xff,0x9f,0xb2,0xd9,0xff,0x9b,0xae,0xdd,0xff,0xa4,0xb8,0xe1,0xff,
    0xbe,0xcc,0xec,0xff,0xcb,0xd5,0xf3,0xff,0xd0,0xd9,0xf4,0xff,0xce,0xd7,0xf3,0xff,
    0xc8,0xd0,0xef,0xff,0xc6,0xcb,0xeb,0xff,0xbc,0xbf,0xdb,0xff,0xb9,0xbb,0xd1,0xff,
    0xc5,0xcb,0xe0,0xff,0xce,0xd7,0xeb,0xff,0xce,0xd6,0xe7,0xff,0xd3,0xd7,0xe2,0xff,
    0xd8,0xda,0xed,0xff,0xd2,0xd1,0xf3,0xff,0xc0,0xbf,0xe4,0xff,0xb3,0xaf,0xd9,0xff,
    0xb4,0xad,0xdb,0xff,0xc3,0xbc,0xe6,0xff,0xd1,0xd1,0xf0,0xff,0xca,0xcf,0xeb,0xff,
    0xcb,0xd3,0xe7,0xff,0xc4,0xcd,0xe1,0xff,0xc7,0xcd,0xe0,0xff,0xd1,0xd2,0xe3,0xff,
    0xd0,0xcd,0xe1,0xff,0xbf,0xbe,0xd8,0xff,0xb4,0xb8,0xd2,0xff,0xa9,0xb1,0xd0,0xff,
    0xa3,0xad,0xd0,0xff,0xa9,0xb4,0xd7,0xff,0xb4,0xc0,0xde,0xff,0xb2,0xbe,0xdf,0xff,
    0xa6,0xb7,0xd7,0xff,0x8b,0xa1,0xc2,0xff,0x82,0x93,0xac,0xff,0xbe,0xbf,0xca,0xff,
    0xff,0xfe,0xfa,0xff,0xf7,0xfa,0xf4,0xff,0x97,0xa1,0xb7,0xff,0x7c,0x8f,0xc0,0xff,
    0x6c,0x75,0x8d,0xff,0x4f,0x51,0x3e,0xff,0x41,0x41,0x1e,0xff,0x4a,0x4a,0x2f,0xff,
    0x4b,0x4c,0x30,0xff,0x41,0x43,0x2e,0xff,0x27,0x2d,0x2a,0xff,0x25,0x28,0x2c,0xa2,
    0x00,0x00,0x00,0x00,0x00,0x00,0x00,0x00,0x00,0x00,0x00,0x00,0x00,0x00,0x00,0x00,
    0x00,0x00,0x00,0x00,0x00,0x00,0x00,0x00,0x00,0x00,0x00,0x00,0x00,0x00,0x00,0x00,
    0x16,0x1a,0x23,0x39,0x1c,0x20,0x23,0x74,0x1f,0x22,0x23,0xf3,0x1f,0x25,0x27,0xff,
    0x24,0x2a,0x2e,0xff,0x3f,0x3b,0x39,0xff,0x4b,0x42,0x3a,0xff,0x4d,0x43,0x36,0xff,
    0x4b,0x42,0x37,0xff,0x47,0x3f,0x35,0xff,0x39,0x33,0x24,0xff,0x67,0x66,0x66,0xff,
    0x95,0x9b,0xb6,0xff,0x7c,0x8c,0xb4,0xff,0x76,0x86,0xa3,0xff,0xc1,0xc8,0xd0,0xff,
    0xff,0xff,0xff,0xff,0xfb,0xf3,0xec,0xff,0xb1,0xb8,0xc8,0xff,0x94,0xa2,0xbf,0xff,
    0x9a,0xa8,0xc9,0xff,0x9f,0xb0,0xd4,0xff,0x9e,0xb1,0xd7,0xff,0xad,0xbd,0xdb,0xff,
    0xc7,0xd2,0xeb,0xff,0xcf,0xd6,0xed,0xff,0xc4,0xc9,0xde,0xff,0xae,0xb1,0xc9,0xff,
    0xa6,0xa7,0xc3,0xff,0xc8,0xc7,0xe0,0xff,0xdb,0xda,0xe6,0xff,0xd9,0xd4,0xda,0xff,
    0xe8,0xe7,0xe9,0xff,0xf9,0xf9,0xf8,0xff,0xff,0xfd,0xf6,0xff,0xfc,0xf8,0xf0,0xff,
    0xdd,0xd5,0xf5,0xff,0xcb,0xc4,0xfb,0xff,0xc5,0xc0,0xf7,0xff,0xc1,0xb8,0xf5,0xff,
    0xc1,0xb6,0xf6,0xff,0xce,0xc2,0xfa,0xff,0xdf,0xda,0xfa,0xff,0xef,0xea,0xfa,0xff,
    0xfd,0xf9,0xf9,0xff,0xfc,0xf8,0xf5,0xff,0xf7,0xf3,0xf3,0xff,0xf4,0xf1,0xf2,0xff,
    0xf6,0xf4,0xf4,0xff,0xf5,0xf3,0xf3,0xff,0xf6,0xf6,0xf2,0xff,0xee,0xee,0xf2,0xff,
    0xd2,0xd2,0xf4,0xff,0xbd,0xbd,0xf6,0xff,0xbb,0xbd,0xf3,0xff,0xbc,0xc3,0xea,0xff,
    0xb5,0xbf,0xe2,0xff,0x91,0x9d,0xc6,0xff,0x9f,0xa7,0xbb,0xff,0xd8,0xdb,0xdd,0xff,
    0xff,0xff,0xfc,0xff,0xe4,0xe5,0xe5,0xff,0xa0,0xab,0xc0,0xff,0x83,0x92,0xb6,0xff,
    0x5a,0x62,0x63,0xff,0x46,0x47,0x27,0xff,0x45,0x45,0x22,0xff,0x4a,0x4b,0x31,0xff,
    0x49,0x4b,0x2f,0xff,0x3b,0x41,0x2f,0xff,0x2a,0x2c,0x2e,0xfb,0x39,0x31,0x33,0x8a,
    0x00,0x00,0x00,0x00,0x00,0x00,0x00,0x00,0x00,0x00,0x00,0x00,0x00,0x00,0x00,0x00,
    0x00,0x00,0x00,0x00,0x00,0x00,0x00,0x00,0x00,0x00,0x00,0x00,0x00,0x00,0x00,0x00,
    0x1d,0x24,0x24,0x23,0x1b,0x23,0x23,0x5e,0x1c,0x21,0x25,0xe2,0x1b,0x23,0x26,0xff,
    0x1f,0x24,0x28,0xff,0x30,0x31,0x32,0xff,0x42,0x3e,0x39,0xff,0x4a,0x44,0x39,0xff,
    0x49,0x42,0x39,0xff,0x47,0x40,0x37,0xff,0x3c,0x34,0x25,0xff,0x56,0x51,0x4f,0xff,
    0x88,0x8e,0xa4,0xff,0x82,0x91,0xb3,0xff,0x7a,0x8a,0xa9,0xff,0xae,0xba,0xc9,0xff,
    0xf9,0xfd,0xfa,0xff,0xfc,0xf5,0xf5,0xff,0xd3,0xcb,0xcb,0xff,0xbe,0xc4,0xc9,0xff,
    0xc1,0xca,0xd9,0xff,0xca,0xcd,0xe0,0xff,0xcf,0xd4,0xe1,0xff,0xd9,0xdc,0xe4,0xff,
    0xf1,0xf3,0xf9,0xff,0xde,0xdd,0xe1,0xff,0xae,0xa9,0xb0,0xff,0x87,0x7e,0x8b,0xff,
    0x8f,0x85,0x95,0xff,0xd0,0xc9,0xd1,0xff,0xfe,0xfe,0xfe,0xff,0xfe,0xfe,0xff,0xff,
    0xf6,0xf4,0xf5,0xff,0xf9,0xf9,0xf5,0xff,0xfd,0xfc,0xfc,0xff,0xe4,0xe2,0xfe,0xff,
    0xb8,0xb6,0xf9,0xff,0xba,0xb8,0xfa,0xff,0xbf,0xba,0xfe,0xff,0xc1,0xbb,0xff,0xff,
    0xcd,0xc9,0xfe,0xff,0xe5,0xe4,0xfb,0xff,0xf5,0xf2,0xfa,0xff,0xfa,0xf7,0xf8,0xff,
    0xf9,0xf7,0xf6,0xff,0xf8,0xf7,0xf5,0xff,0xf7,0xf6,0xf6,0xff,0xf7,0xf6,0xf7,0xff,
    0xfc,0xfc,0xf7,0xff,0xfe,0xfe,0xf8,0xff,0xfc,0xfd,0xf7,0xff,0xff,0xff,0xf7,0xff,
    0xeb,0xe6,0xfb,0xff,0xcc,0xc3,0xfd,0xff,0xc8,0xc0,0xfd,0xff,0xe2,0xe2,0xfe,0xff,
    0xd5,0xce,0xf9,0xff,0xc7,0xc0,0xe8,0xff,0xdf,0xdb,0xe6,0xff,0xe4,0xe2,0xdb,0xff,
    0xbd,0xbc,0xbe,0xff,0x8b,0x92,0xaa,0xff,0x91,0xa1,0xc5,0xff,0x7e,0x85,0x9d,0xff,
    0x51,0x54,0x40,0xff,0x47,0x46,0x22,0xff,0x4a,0x49,0x2b,0xff,0x47,0x49,0x31,0xff,
    0x49,0x4b,0x31,0xff,0x40,0x44,0x32,0xff,0x2c,0x2d,0x2f,0xf1,0x37,0x31,0x35,0x72,
    0x00,0x00,0x00,0x00,0x00,0x00,0x00,0x00,0x00,0x00,0x00,0x00,0x00,0x00,0x00,0x00,
    0x00,0x00,0x00,0x00,0x00,0x00,0x00,0x00,0x00,0x00,0x00,0x00,0x00,0x00,0x00,0x00,
    0x00,0x00,0x00,0x02,0x18,0x20,0x20,0x3f,0x1c,0x24,0x24,0xcc,0x1e,0x25,0x27,0xff,
    0x1c,0x23,0x25,0xff,0x28,0x2c,0x2c,0xff,0x3c,0x3b,0x35,0xff,0x48,0x43,0x38,0xff,
    0x48,0x42,0x36,0xff,0x46,0x41,0x36,0xff,0x41,0x3b,0x2d,0xff,0x40,0x3a,0x30,0xff,
    0x78,0x7e,0x8e,0xff,0x8f,0x9d,0xb9,0xff,0x8a,0x98,0xb2,0xff,0x99,0xa4,0xbe,0xff,
    0xc5,0xc8,0xf7,0xff,0xd5,0xcc,0xf0,0xff,0xd3,0xc4,0xb0,0xff,0xec,0xe7,0xd0,0xff,
    0xfd,0xfd,0xf9,0xff,0xfc,0xf5,0xf6,0xff,0xf9,0xf3,0xf2,0xff,0xf8,0xf3,0xf2,0xff,
    0xff,0xff,0xff,0xff,0xe8,0xe4,0xe5,0xff,0x9c,0x94,0x99,0xff,0x79,0x6f,0x79,0xff,
    0xb0,0xa7,0xb1,0xff,0xf1,0xed,0xf0,0xff,0xfc,0xfd,0xfc,0xff,0xf4,0xf3,0xf5,0xff,
    0xef,0xec,0xf0,0xff,0xf5,0xf4,0xf0,0xff,0xf0,0xef,0xf3,0xff,0xce,0xc7,0xf7,0xff,
    0xb4,0xb1,0xf9,0xff,0xb8,0xb6,0xfa,0xff,0xc2,0xc1,0xf8,0xff,0xd7,0xd6,0xfa,0xff,
    0xed,0xef,0xf9,0xff,0xfa,0xff,0xf5,0xff,0xf8,0xfa,0xf5,0xff,0xf8,0xf4,0xf6,0xff,
    0xf6,0xf4,0xf5,0xff,0xf9,0xfa,0xf5,0xff,0xeb,0xec,0xf8,0xff,0xd8,0xd7,0xf9,0xff,
    0xdc,0xdc,0xf6,0xff,0xfa,0xfc,0xf4,0xff,0xfe,0xff,0xf5,0xff,0xfb,0xfa,0xf8,0xff,
    0xf3,0xf3,0xf5,0xff,0xeb,0xea,0xf1,0xff,0xee,0xe9,0xf2,0xff,0xfe,0xf9,0xf7,0xff,
    0xef,0xe3,0xf0,0xff,0xf3,0xe8,0xf1,0xff,0xff,0xff,0xff,0xff,0xd6,0xd6,0xd5,0xff,
    0x79,0x7f,0x8e,0xff,0x47,0x58,0x83,0xff,0x90,0x9c,0xc5,0xff,0x70,0x73,0x7a,0xff,
    0x4c,0x4a,0x2b,0xff,0x48,0x46,0x21,0xff,0x4b,0x4d,0x2f,0xff,0x47,0x4a,0x2e,0xff,
    0x47,0x4a,0x2e,0xff,0x46,0x47,0x32,0xff,0x37,0x38,0x30,0xe5,0x36,0x33,0x33,0x55,
    0x00,0x00,0x00,0x00,0x00,0x00,0x00,0x00,0x00,0x00,0x00,0x00,0x00,0x00,0x00,0x00,
    0x00,0x00,0x00,0x00,0x00,0x00,0x00,0x00,0x00,0x00,0x00,0x00,0x00,0x00,0x00,0x00,
    0x00,0x00,0x00,0x00,0x17,0x23,0x23,0x2b,0x1c,0x24,0x24,0xb0,0x20,0x26,0x26,0xff,
    0x1c,0x22,0x25,0xff,0x27,0x2b,0x2d,0xff,0x3b,0x3a,0x35,0xff,0x47,0x41,0x35,0xff,
    0x46,0x41,0x33,0xff,0x43,0x40,0x35,0xff,0x40,0x3d,0x34,0xff,0x34,0x30,0x22,0xff,
    0x59,0x5b,0x60,0xff,0x83,0x8e,0xa4,0xff,0x8f,0x9d,0xb8,0xff,0x8d,0x96,0xb8,0xff,
    0xb5,0xb1,0xf4,0xff,0xc6,0xbf,0xfc,0xff,0xe5,0xdf,0xe8,0xff,0xfd,0xfa,0xf0,0xff,
    0xfb,0xfb,0xf6,0xff,0xec,0xeb,0xec,0xff,0xe8,0xe8,0xe9,0xff,0xeb,0xeb,0xee,0xff,
    0xf3,0xf2,0xf5,0xff,0xef,0xee,0xf0,0xff,0xbc,0xba,0xbc,0xff,0xa5,0xa2,0xa6,0xff,
    0xd1,0xd0,0xd3,0xff,0xfb,0xfb,0xfd,0xff,0xf5,0xf4,0xf6,0xff,0xf1,0xf0,0xf3,0xff,
    0xef,0xee,0xf1,0xff,0xf5,0xf5,0xf0,0xff,0xf0,0xf1,0xf1,0xff,0xd2,0xd1,0xf5,0xff,
    0xb9,0xb7,0xf8,0xff,0xcd,0xc8,0xf9,0xff,0xe8,0xe8,0xf8,0xff,0xf9,0xf9,0xf8,0xff,
    0xfa,0xfa,0xf8,0xff,0xf7,0xf7,0xf6,0xff,0xf5,0xf7,0xf5,0xff,0xf6,0xf6,0xf6,0xff,
    0xf9,0xf5,0xf7,0xff,0xf8,0xf9,0xf5,0xff,0xe4,0xe7,0xf5,0xff,0xc7,0xc9,0xfa,0xff,
    0xbf,0xbe,0xfa,0xff,0xd1,0xd0,0xf4,0xff,0xec,0xed,0xef,0xff,0xee,0xec,0xed,0xff,
    0xe7,0xe4,0xea,0xff,0xe6,0xe5,0xe6,0xff,0xf0,0xed,0xe8,0xff,0xfc,0xf5,0xef,0xff,
    0xfe,0xf9,0xf3,0xff,0xf8,0xf5,0xf2,0xff,0xfe,0xfe,0xfb,0xff,0xd9,0xd9,0xd8,0xff,
    0x8f,0x92,0xa2,0xff,0x61,0x6d,0x97,0xff,0x87,0x90,0xb5,0xff,0x5c,0x5f,0x56,0xff,
    0x47,0x47,0x23,0xff,0x49,0x48,0x24,0xff,0x4b,0x4d,0x2f,0xff,0x48,0x4c,0x2d,0xff,
    0x47,0x4a,0x2d,0xff,0x47,0x48,0x2f,0xff,0x41,0x41,0x30,0xd6,0x3e,0x3e,0x32,0x3d,
    0x00,0x00,0x00,0x00,0x00,0x00,0x00,0x00,0x00,0x00,0x00,0x00,0x00,0x00,0x00,0x00,
    0x00,0x00,0x00,0x00,0x00,0x00,0x00,0x00,0x00,0x00,0x00,0x00,0x00,0x00,0x00,0x00,
    0x00,0x00,0x00,0x00,0x18,0x20,0x20,0x1f,0x1b,0x22,0x22,0x93,0x20,0x25,0x26,0xff,
    0x1f,0x23,0x27,0xff,0x2d,0x30,0x32,0xff,0x3d,0x3c,0x37,0xff,0x43,0x40,0x36,0xff,
    0x42,0x3f,0x35,0xff,0x40,0x3e,0x36,0xff,0x3f,0x3d,0x37,0xff,0x34,0x32,0x25,0xff,
    0x3f,0x3f,0x3c,0xff,0x71,0x78,0x8b,0xff,0x96,0xa3,0xc2,0xff,0x95,0x9f,0xc5,0xff,
    0xa8,0xa6,0xf3,0xff,0xac,0xab,0xff,0xff,0xc2,0xc2,0xff,0xff,0xe8,0xe7,0xfb,0xff,
    0xf8,0xf7,0xf2,0xff,0xee,0xef,0xec,0xff,0xe6,0xe6,0xeb,0xff,0xe9,0xe9,0xec,0xff,
    0xf1,0xf1,0xed,0xff,0xf6,0xf6,0xf0,0xff,0xed,0xec,0xe8,0xff,0xe7,0xe8,0xe7,0xff,
    0xf3,0xf4,0xf2,0xff,0xf8,0xf9,0xf5,0xff,0xf2,0xf1,0xf3,0xff,0xf3,0xf2,0xf5,0xff,
    0xf4,0xf3,0xf5,0xff,0xf9,0xf7,0xf6,0xff,0xf6,0xf5,0xf6,0xff,0xdf,0xde,0xf5,0xff,
    0xcd,0xce,0xf4,0xff,0xe9,0xe8,0xf7,0xff,0xfa,0xf9,0xf8,0xff,0xfc,0xfc,0xf7,0xff,
    0xf7,0xf6,0xf6,0xff,0xf3,0xf1,0xf5,0xff,0xf1,0xf0,0xf2,0xff,0xef,0xee,0xef,0xff,
    0xeb,0xea,0xea,0xff,0xf7,0xf6,0xf0,0xff,0xe4,0xe5,0xfb,0xff,0xb8,0xb8,0xff,0xff,
    0x9e,0x9b,0xf4,0xff,0xaa,0xa5,0xf3,0xff,0xbf,0xbb,0xee,0xff,0xdf,0xdb,0xe7,0xff,
    0xe9,0xe7,0xe3,0xff,0xe5,0xe6,0xe1,0xff,0xe7,0xe7,0xe5,0xff,0xf1,0xf0,0xee,0xff,
    0xfa,0xf9,0xf3,0xff,0xfe,0xff,0xf9,0xff,0xff,0xff,0xf6,0xff,0xbb,0xb7,0xb1,0xff,
    0x70,0x6d,0x7e,0xff,0x71,0x7b,0xa3,0xff,0x7d,0x89,0xa0,0xff,0x4d,0x4e,0x36,0xff,
    0x47,0x47,0x24,0xff,0x4c,0x4b,0x2b,0xff,0x4c,0x4d,0x2e,0xff,0x48,0x4c,0x2d,0xff,
    0x47,0x4a,0x2d,0xff,0x48,0x49,0x2c,0xff,0x43,0x45,0x30,0xbc,0x42,0x42,0x31,0x2e,
    0x00,0x00,0x00,0x00,0x00,0x00,0x00,0x00,0x00,0x00,0x00,0x00,0x00,0x00,0x00,0x00,
    0x00,0x00,0x00,0x00,0x00,0x00,0x00,0x00,0x00,0x00,0x00,0x00,0x00,0x00,0x00,0x00,
    0x00,0x00,0x00,0x00,0x1e,0x1e,0x1e,0x11,0x1b,0x22,0x22,0x67,0x1e,0x23,0x25,0xf2,
    0x26,0x2a,0x2c,0xff,0x36,0x38,0x35,0xff,0x3e,0x3f,0x38,0xff,0x3f,0x3f,0x37,0xff,
    0x3d,0x3e,0x36,0xff,0x3d,0x3d,0x36,0xff,0x3f,0x3e,0x38,0xff,0x39,0x38,0x2f,0xff,
    0x34,0x33,0x2a,0xff,0x5a,0x5f,0x6f,0xff,0x8b,0x98,0xbd,0xff,0xa6,0xb2,0xd9,0xff,
    0xb9,0xba,0xf3,0xff,0xae,0xaf,0xfd,0xff,0xba,0xbb,0xff,0xff,0xe1,0xe0,0xfa,0xff,
    0xf8,0xf6,0xf1,0xff,0xf6,0xf4,0xf0,0xff,0xf1,0xf0,0xf3,0xff,0xf2,0xf1,0xf1,0xff,
    0xed,0xee,0xf2,0xff,0xeb,0xe9,0xf6,0xff,0xed,0xeb,0xff,0xff,0xee,0xee,0xff,0xff,
    0xef,0xf0,0xfd,0xff,0xf9,0xf9,0xf1,0xff,0xfa,0xfa,0xf3,0xff,0xf6,0xf4,0xf5,0xff,
    0xf5,0xf2,0xf6,0xff,0xf6,0xf3,0xf6,0xff,0xf5,0xf2,0xf6,0xff,0xed,0xea,0xf4,0xff,
    0xe8,0xe9,0xf1,0xff,0xf4,0xf6,0xf1,0xff,0xf6,0xf5,0xf3,0xff,0xf5,0xf4,0xf5,0xff,
    0xf2,0xf2,0xf4,0xff,0xef,0xee,0xf1,0xff,0xeb,0xe8,0xed,0xff,0xe7,0xe5,0xe8,0xff,
    0xe6,0xe7,0xe7,0xff,0xf2,0xf0,0xe8,0xff,0xe1,0xd9,0xe6,0xff,0xb8,0xb0,0xea,0xff,
    0xa0,0x9e,0xf7,0xff,0xa6,0xa2,0xf8,0xff,0xaa,0xa6,0xf7,0xff,0xce,0xca,0xf0,0xff,
    0xea,0xe7,0xe9,0xff,0xee,0xed,0xe6,0xff,0xe6,0xe7,0xe8,0xff,0xe2,0xe5,0xeb,0xff,
    0xe7,0xe8,0xec,0xff,0xf0,0xf1,0xf6,0xff,0xf3,0xf1,0xf4,0xff,0xb5,0xb0,0xb1,0xff,
    0x78,0x74,0x80,0xff,0x7a,0x82,0x97,0xff,0x67,0x70,0x70,0xff,0x46,0x45,0x26,0xff,
    0x49,0x49,0x27,0xff,0x4d,0x4e,0x2f,0xff,0x4c,0x4d,0x2e,0xff,0x47,0x4c,0x2d,0xff,
    0x47,0x4a,0x2d,0xff,0x47,0x49,0x2c,0xf8,0x43,0x45,0x30,0x88,0x3f,0x3f,0x36,0x1c,
    0x00,0x00,0x00,0x00,0x00,0x00,0x00,0x00,0x00,0x00,0x00,0x00,0x00,0x00,0x00,0x00,
    0x00,0x00,0x00,0x00,0x00,0x00,0x00,0x00,0x00,0x00,0x00,0x00,0x00,0x00,0x00,0x00,
    0x00,0x00,0x00,0x00,0x00,0x00,0x00,0x02,0x23,0x23,0x23,0x33,0x22,0x27,0x27,0xc6,
    0x31,0x34,0x33,0xfb,0x39,0x3d,0x36,0xff,0x3b,0x3e,0x36,0xff,0x3a,0x3d,0x36,0xff,
    0x3a,0x3c,0x36,0xff,0x3b,0x3d,0x35,0xff,0x3d,0x3e,0x36,0xff,0x3d,0x3d,0x35,0xff,
    0x36,0x35,0x2b,0xff,0x40,0x44,0x4c,0xff,0x63,0x6d,0x8b,0xff,0x9e,0xa9,0xc6,0xff,
    0xd9,0xd7,0xf2,0xff,0xc1,0xc1,0xfb,0xff,0xd2,0xd2,0xfa,0xff,0xe9,0xe7,0xf1,0xff,
    0xed,0xeb,0xe9,0xff,0xe9,0xe6,0xea,0xff,0xed,0xed,0xed,0xff,0xe9,0xea,0xed,0xff,
    0xca,0xc8,0xf4,0xff,0xbc,0xb9,0xfa,0xff,0xbb,0xb6,0xfc,0xff,0xbb,0xb8,0xfb,0xff,
    0xc6,0xc6,0xf8,0xff,0xe6,0xe8,0xf5,0xff,0xf4,0xf3,0xf2,0xff,0xf0,0xee,0xf0,0xff,
    0xec,0xea,0xef,0xff,0xe9,0xe9,0xee,0xff,0xea,0xe9,0xee,0xff,0xf2,0xf0,0xf0,0xff,
    0xf7,0xf6,0xee,0xff,0xee,0xf0,0xeb,0xff,0xee,0xef,0xee,0xff,0xf1,0xf1,0xf3,0xff,
    0xf1,0xf1,0xf3,0xff,0xee,0xed,0xf0,0xff,0xe9,0xe8,0xec,0xff,0xe9,0xe6,0xe9,0xff,
    0xf4,0xf5,0xf4,0xff,0xef,0xea,0xe2,0xff,0xd8,0xc7,0xbd,0xff,0xc3,0xb5,0xc3,0xff,
    0xc0,0xc3,0xff,0xff,0xb9,0xba,0xff,0xff,0xb2,0xb2,0xff,0xff,0xba,0xb7,0xfd,0xff,
    0xd4,0xd0,0xf6,0xff,0xe9,0xe6,0xf1,0xff,0xed,0xeb,0xee,0xff,0xe3,0xe5,0xe8,0xff,
    0xda,0xdb,0xea,0xff,0xca,0xca,0xf0,0xff,0xc7,0xc7,0xf4,0xff,0xc8,0xc8,0xe4,0xff,
    0xbe,0xbf,0xcb,0xff,0x99,0x9c,0xa4,0xff,0x54,0x54,0x42,0xff,0x44,0x43,0x21,0xff,
    0x48,0x49,0x2a,0xff,0x4b,0x4e,0x30,0xff,0x4b,0x4c,0x2f,0xff,0x48,0x4b,0x2d,0xff,
    0x46,0x49,0x2d,0xfe,0x49,0x4a,0x30,0xdf,0x45,0x45,0x33,0x46,0x24,0x24,0x48,0x07,
    0x00,0x00,0x00,0x00,0x00,0x00,0x00,0x00,0x00,0x00,0x00,0x00,0x00,0x00,0x00,0x00,
    0x00,0x00,0x00,0x00,0x00,0x00,0x00,0x00,0x00,0x00,0x00,0x00,0x00,0x00,0x00,0x00,
    0x00,0x00,0x00,0x00,0x00,0x00,0x00,0x00,0x2d,0x3c,0x3c,0x11,0x2c,0x30,0x30,0x9a,
    0x37,0x3a,0x37,0xf9,0x38,0x3d,0x35,0xff,0x36,0x3a,0x33,0xff,0x36,0x39,0x33,0xff,
    0x37,0x39,0x34,0xff,0x37,0x3b,0x35,0xff,0x38,0x3c,0x35,0xff,0x3c,0x3d,0x37,0xff,
    0x3c,0x3b,0x35,0xff,0x2c,0x2d,0x27,0xff,0x2f,0x32,0x30,0xff,0x68,0x6c,0x75,0xff,
    0xc9,0xc7,0xe8,0xff,0xb6,0xb6,0xf6,0xff,0xc1,0xc3,0xeb,0xff,0xd6,0xd7,0xe1,0xff,
    0xd9,0xda,0xde,0xff,0xcf,0xd0,0xdc,0xff,0xd0,0xd0,0xd9,0xff,0xcb,0xcd,0xda,0xff,
    0x93,0x90,0xe1,0xff,0x85,0x84,0xe8,0xff,0x94,0x93,0xec,0xff,0xa4,0xa1,0xf0,0xff,
    0xa9,0xa7,0xf5,0xff,0xb0,0xb0,0xf7,0xff,0xc8,0xc5,0xf1,0xff,0xe0,0xe0,0xeb,0xff,
    0xe6,0xe9,0xea,0xff,0xe4,0xe6,0xe8,0xff,0xe5,0xe6,0xe8,0xff,0xec,0xec,0xea,0xff,
    0xf0,0xf0,0xe9,0xff,0xed,0xee,0xeb,0xff,0xed,0xed,0xf0,0xff,0xef,0xef,0xf2,0xff,
    0xf0,0xf0,0xf2,0xff,0xf1,0xf0,0xf3,0xff,0xf1,0xf1,0xf3,0xff,0xf6,0xf3,0xf0,0xff,
    0xfc,0xfc,0xfc,0xff,0xed,0xeb,0xe7,0xff,0xd7,0xcc,0xbd,0xff,0xcc,0xc1,0xbf,0xff,
    0xce,0xce,0xff,0xff,0xba,0xb8,0xf8,0xff,0xb2,0xad,0xf9,0xff,0xab,0xa7,0xfa,0xff,
    0xb0,0xaf,0xfa,0xff,0xca,0xc7,0xf7,0xff,0xed,0xea,0xf2,0xff,0xff,0xfe,0xee,0xff,
    0xe2,0xde,0xf7,0xff,0xad,0xab,0xfa,0xff,0x9f,0x9f,0xfa,0xff,0xbd,0xc0,0xfe,0xff,
    0xda,0xdd,0xff,0xff,0xbf,0xbb,0xe6,0xff,0x5b,0x55,0x4b,0xff,0x41,0x41,0x19,0xff,
    0x46,0x48,0x27,0xff,0x49,0x4c,0x2f,0xff,0x4a,0x4b,0x2d,0xff,0x4a,0x4a,0x2c,0xff,
    0x45,0x47,0x2d,0xfc,0x49,0x49,0x31,0xc2,0x4d,0x4d,0x2c,0x17,0x00,0x00,0x00,0x00,
    0x00,0x00,0x00,0x00,0x00,0x00,0x00,0x00,0x00,0x00,0x00,0x00,0x00,0x00,0x00,0x00,
    0x00,0x00,0x00,0x00,0x00,0x00,0x00,0x00,0x00,0x00,0x00,0x00,0x00,0x00,0x00,0x00,
    0x00,0x00,0x00,0x00,0x00,0x00,0x00,0x00,0x2e,0x2e,0x2e,0x0b,0x2e,0x2e,0x31,0x68,
    0x35,0x38,0x35,0xf2,0x36,0x3b,0x34,0xff,0x34,0x38,0x34,0xff,0x33,0x38,0x35,0xff,
    0x34,0x39,0x35,0xff,0x34,0x39,0x34,0xff,0x36,0x39,0x35,0xff,0x38,0x3a,0x36,0xff,
    0x3a,0x3d,0x39,0xff,0x35,0x38,0x2f,0xff,0x2d,0x2e,0x1f,0xff,0x40,0x3e,0x41,0xff,
    0x89,0x86,0xc8,0xff,0xb8,0xba,0xf4,0xff,0xcf,0xd1,0xea,0xff,0xe8,0xe9,0xee,0xff,
    0xf2,0xf1,0xf3,0xff,0xe6,0xe6,0xeb,0xff,0xde,0xde,0xe3,0xff,0xec,0xee,0xeb,0xff,
    0xdd,0xd9,0xed,0xff,0xb7,0xaf,0xef,0xff,0xa1,0x9c,0xeb,0xff,0xa9,0xac,0xe8,0xff,
    0xba,0xc1,0xee,0xff,0xb2,0xaf,0xfd,0xff,0xb3,0xab,0xf4,0xff,0xe9,0xea,0xf8,0xff,
    0xff,0xff,0xff,0xff,0xfc,0xfd,0xfc,0xff,0xf2,0xf4,0xf4,0xff,0xee,0xed,0xf3,0xff,
    0xec,0xea,0xf1,0xff,0xef,0xef,0xf1,0xff,0xef,0xf1,0xf1,0xff,0xf1,0xef,0xf2,0xff,
    0xf1,0xee,0xf2,0xff,0xf1,0xf0,0xf3,0xff,0xf3,0xf2,0xf2,0xff,0xf5,0xf3,0xf1,0xff,
    0xd1,0xcd,0xf3,0xff,0xe4,0xe2,0xfb,0xff,0xff,0xff,0xff,0xff,0xf0,0xed,0xf2,0xff,
    0xc1,0xb2,0xc6,0xff,0xb7,0xa6,0xa8,0xff,0xdb,0xd4,0xf0,0xff,0xc3,0xbe,0xf8,0xff,
    0xbc,0xb9,0xf5,0xff,0xd0,0xcd,0xf0,0xff,0xed,0xe9,0xe9,0xff,0xfc,0xfa,0xe9,0xff,
    0xe1,0xdc,0xf4,0xff,0xbc,0xb9,0xfe,0xff,0xb5,0xb5,0xff,0xff,0xb1,0xb1,0xfe,0xff,
    0x9d,0x9c,0xe9,0xff,0x78,0x77,0xa8,0xff,0x4e,0x4e,0x3a,0xff,0x4a,0x48,0x21,0xff,
    0x4a,0x4b,0x2b,0xff,0x4b,0x4c,0x30,0xff,0x4b,0x4d,0x2e,0xff,0x4a,0x4c,0x2d,0xff,
    0x44,0x44,0x2c,0xf6,0x47,0x47,0x2f,0x8c,0x4b,0x4b,0x2d,0x11,0x00,0x00,0x00,0x00,
    0x00,0x00,0x00,0x00,0x00,0x00,0x00,0x00,0x00,0x00,0x00,0x00,0x00,0x00,0x00,0x00,
    0x00,0x00,0x00,0x00,0x00,0x00,0x00,0x00,0x00,0x00,0x00,0x00,0x00,0x00,0x00,0x00,
    0x00,0x00,0x00,0x00,0x00,0x00,0x00,0x00,0x00,0x00,0x00,0x00,0x1e,0x1e,0x33,0x19,
    0x34,0x38,0x33,0xb3,0x33,0x36,0x32,0xf6,0x34,0x38,0x35,0xff,0x34,0x38,0x34,0xff,
    0x34,0x39,0x33,0xff,0x35,0x38,0x34,0xff,0x37,0x38,0x34,0xff,0x38,0x39,0x34,0xff,
    0x39,0x3a,0x35,0xff,0x39,0x3c,0x34,0xff,0x30,0x32,0x24,0xff,0x31,0x30,0x2d,0xff,
    0x6e,0x6b,0xaa,0xff,0xc6,0xc7,0xfa,0xff,0xec,0xee,0xf1,0xff,0xea,0xe9,0xe6,0xff,
    0xe8,0xe6,0xe8,0xff,0xf2,0xf0,0xf2,0xff,0xfa,0xfa,0xfa,0xff,0xfd,0xfd,0xfc,0xff,
    0xfd,0xfd,0xfb,0xff,0xde,0xd9,0xf7,0xff,0xc7,0xc8,0xf4,0xff,0xc7,0xd3,0xf6,0xff,
    0xc6,0xd0,0xf0,0xff,0xa7,0x9d,0xce,0xff,0xe4,0xdd,0xed,0xff,0xe7,0xde,0xd4,0xff,
    0xdb,0xca,0xb6,0xff,0xe8,0xde,0xd3,0xff,0xea,0xed,0xff,0xff,0xc5,0xc2,0xf8,0xff,
    0xd5,0xd4,0xfb,0xff,0xd2,0xd1,0xfa,0xff,0xe3,0xe6,0xf4,0xff,0xf2,0xf2,0xf2,0xff,
    0xf4,0xf2,0xf3,0xff,0xf3,0xf2,0xf2,0xff,0xf7,0xf8,0xf0,0xff,0xe1,0xe1,0xf6,0xff,
    0xb1,0xae,0xfd,0xff,0xb6,0xab,0xf2,0xff,0xdb,0xcf,0xe8,0xff,0xf6,0xef,0xe7,0xff,
    0xf3,0xed,0xe0,0xff,0xdf,0xd8,0xc9,0xff,0xfa,0xf9,0xf1,0xff,0xe8,0xe5,0xed,0xff,
    0xdc,0xda,0xe7,0xff,0xdc,0xdc,0xe5,0xff,0xe1,0xe1,0xe2,0xff,0xe0,0xe1,0xe2,0xff,
    0xbe,0xb8,0xeb,0xff,0xa4,0x9b,0xf7,0xff,0x97,0x97,0xf1,0xff,0x9c,0x9e,0xf6,0xff,
    0x92,0x91,0xd5,0xff,0x62,0x62,0x68,0xff,0x3e,0x3f,0x12,0xff,0x4e,0x4c,0x2c,0xff,
    0x4f,0x4e,0x2f,0xff,0x4e,0x4d,0x2e,0xff,0x4d,0x4e,0x2f,0xff,0x4a,0x4b,0x2c,0xfb,
    0x44,0x45,0x2a,0xcd,0x3f,0x45,0x2e,0x2c,0x7f,0x7f,0x00,0x02,0x00,0x00,0x00,0x00,
    0x00,0x00,0x00,0x00,0x00,0x00,0x00,0x00,0x00,0x00,0x00,0x00,0x00,0x00,0x00,0x00,
    0x00,0x00,0x00,0x00,0x00,0x00,0x00,0x00,0x00,0x00,0x00,0x00,0x00,0x00,0x00,0x00,
    0x00,0x00,0x00,0x00,0x00,0x00,0x00,0x00,0x00,0x00,0x00,0x00,0x00,0x00,0x7f,0x02,
    0x33,0x37,0x33,0x78,0x36,0x36,0x33,0xed,0x39,0x39,0x35,0xff,0x36,0x37,0x33,0xff,
    0x36,0x38,0x34,0xff,0x37,0x38,0x35,0xff,0x37,0x38,0x33,0xff,0x3a,0x39,0x33,0xff,
    0x3a,0x3b,0x33,0xff,0x3b,0x3b,0x34,0xff,0x32,0x32,0x24,0xff,0x31,0x30,0x27,0xff,
    0x6f,0x6d,0x9b,0xff,0xd2,0xd4,0xf9,0xff,0xf2,0xf4,0xf5,0xff,0xe7,0xe7,0xe8,0xff,
    0xd7,0xd6,0xdf,0xff,0xda,0xd9,0xe1,0xff,0xf2,0xf2,0xf4,0xff,0xff,0xff,0xff,0xff,
    0xff,0xff,0xfd,0xff,0xdf,0xdb,0xf9,0xff,0xc1,0xc3,0xf8,0xff,0xb4,0xbc,0xfa,0xff,
    0xb3,0xb6,0xf3,0xff,0xbf,0xb5,0xd8,0xff,0xfe,0xfd,0xfd,0xff,0xe1,0xdb,0xdb,0xff,
    0xca,0xbc,0xbc,0xff,0xce,0xc4,0xd6,0xff,0xcf,0xce,0xff,0xff,0xb7,0xb5,0xfa,0xff,
    0xc4,0xc4,0xfc,0xff,0xcd,0xcc,0xfb,0xff,0xe7,0xe7,0xf5,0xff,0xf4,0xf4,0xf2,0xff,
    0xf7,0xf7,0xf6,0xff,0xfa,0xf9,0xf8,0xff,0xf3,0xf1,0xf4,0xff,0xc6,0xc3,0xf9,0xff,
    0xbf,0xc1,0xfc,0xff,0xc7,0xc6,0xf4,0xff,0xd0,0xca,0xed,0xff,0xda,0xd4,0xf1,0xff,
    0xed,0xea,0xfa,0xff,0xf7,0xf9,0xf3,0xff,0xf7,0xf8,0xf1,0xff,0xf3,0xf2,0xee,0xff,
    0xf3,0xf3,0xef,0xff,0xf5,0xf6,0xf4,0xff,0xf0,0xf2,0xf3,0xff,0xe2,0xe5,0xea,0xff,
    0xd3,0xcd,0xf1,0xff,0xc3,0xba,0xf6,0xff,0xb5,0xb3,0xed,0xff,0xc6,0xc5,0xfa,0xff,
    0xc3,0xbf,0xdf,0xff,0x7d,0x79,0x6f,0xff,0x3a,0x39,0x0c,0xff,0x4d,0x4b,0x2a,0xff,
    0x50,0x4d,0x2e,0xff,0x50,0x4d,0x2c,0xff,0x4f,0x4e,0x2e,0xff,0x49,0x49,0x2d,0xf3,
    0x45,0x46,0x2a,0x9b,0x24,0x48,0x48,0x07,0x00,0x00,0x00,0x00,0x00,0x00,0x00,0x00,
    0x00,0x00,0x00,0x00,0x00,0x00,0x00,0x00,0x00,0x00,0x00,0x00,0x00,0x00,0x00,0x00,
    0x00,0x00,0x00,0x00,0x00,0x00,0x00,0x00,0x00,0x00,0x00,0x00,0x00,0x00,0x00,0x00,
    0x00,0x00,0x00,0x00,0x00,0x00,0x00,0x00,0x00,0x00,0x00,0x00,0xff,0xff,0x00,0x01,
    0x2d,0x33,0x33,0x2d,0x3a,0x36,0x33,0xbb,0x3a,0x37,0x32,0xfd,0x3a,0x38,0x32,0xff,
    0x3a,0x37,0x33,0xff,0x3a,0x38,0x34,0xff,0x39,0x38,0x32,0xff,0x3b,0x3a,0x33,0xff,
    0x3c,0x3b,0x34,0xff,0x3d,0x3b,0x35,0xff,0x34,0x31,0x25,0xff,0x34,0x31,0x27,0xff,
    0x7a,0x76,0x8f,0xff,0xe5,0xe5,0xf6,0xff,0xf5,0xf7,0xf3,0xff,0xec,0xec,0xed,0xff,
    0xdf,0xdd,0xe5,0xff,0xd8,0xd7,0xda,0xff,0xe2,0xe1,0xe1,0xff,0xf8,0xf8,0xf8,0xff,
    0xff,0xfe,0xfa,0xff,0xeb,0xe8,0xf9,0xff,0xcf,0xce,0xf9,0xff,0xb8,0xb8,0xfa,0xff,
    0xb8,0xb5,0xf7,0xff,0xdf,0xdb,0xf1,0xff,0xef,0xe9,0xe4,0xff,0xd6,0xd0,0xe9,0xff,
    0xc3,0xc0,0xe7,0xff,0xbd,0xbc,0xef,0xff,0xbc,0xba,0xfb,0xff,0xb9,0xb7,0xfa,0xff,
    0xc5,0xc5,0xf7,0xff,0xe2,0xe3,0xf4,0xff,0xf2,0xf0,0xf2,0xff,0xf5,0xf2,0xf3,0xff,
    0xf8,0xf8,0xf9,0xff,0xfe,0xfe,0xfc,0xff,0xf6,0xf4,0xf7,0xff,0xcd,0xcc,0xf8,0xff,
    0xce,0xce,0xfa,0xff,0xd7,0xdc,0xf9,0xff,0xd3,0xd7,0xfa,0xff,0xc5,0xc5,0xfb,0xff,
    0xcb,0xc8,0xfe,0xff,0xf2,0xf5,0xfd,0xff,0xf8,0xf9,0xf8,0xff,0xe4,0xe4,0xe5,0xff,
    0xcf,0xcf,0xd3,0xff,0xcf,0xcf,0xd4,0xff,0xe2,0xe1,0xe6,0xff,0xf3,0xf3,0xf7,0xff,
    0xf5,0xf2,0xfb,0xff,0xf0,0xec,0xf7,0xff,0xe6,0xe1,0xec,0xff,0xf3,0xef,0xfb,0xff,
    0xe6,0xe4,0xe7,0xff,0x90,0x8f,0x7d,0xff,0x39,0x38,0x10,0xff,0x4d,0x4a,0x25,0xff,
    0x50,0x4d,0x2d,0xff,0x50,0x4d,0x2c,0xff,0x4e,0x4c,0x2c,0xff,0x49,0x49,0x2b,0xce,
    0x42,0x46,0x2c,0x45,0x00,0x00,0x00,0x01,0x00,0x00,0x00,0x00,0x00,0x00,0x00,0x00,
    0x00,0x00,0x00,0x00,0x00,0x00,0x00,0x00,0x00,0x00,0x00,0x00,0x00,0x00,0x00,0x00,
    0x00,0x00,0x00,0x00,0x00,0x00,0x00,0x00,0x00,0x00,0x00,0x00,0x00,0x00,0x00,0x00,
    0x00,0x00,0x00,0x00,0x00,0x00,0x00,0x00,0x00,0x00,0x00,0x00,0x00,0x00,0x00,0x00,
    0x00,0x00,0x00,0x00,0x3e,0x34,0x32,0x6f,0x3d,0x38,0x32,0xdd,0x3e,0x3a,0x33,0xff,
    0x3d,0x38,0x32,0xff,0x3d,0x38,0x33,0xff,0x3c,0x38,0x32,0xff,0x3d,0x3a,0x33,0xff,
    0x3f,0x3a,0x33,0xff,0x40,0x3a,0x34,0xff,0x34,0x2f,0x27,0xff,0x34,0x2f,0x27,0xff,
    0x80,0x7b,0x81,0xff,0xe9,0xe6,0xf0,0xff,0xf1,0xf1,0xef,0xff,0xef,0xef,0xeb,0xff,
    0xec,0xeb,0xea,0xff,0xe5,0xe3,0xe4,0xff,0xdd,0xdc,0xde,0xff,0xeb,0xeb,0xe8,0xff,
    0xf6,0xf5,0xf4,0xff,0xf8,0xf7,0xf4,0xff,0xee,0xec,0xf5,0xff,0xdf,0xdb,0xf8,0xff,
    0xdb,0xd9,0xf9,0xff,0xef,0xf0,0xf5,0xff,0xd6,0xca,0xb7,0xff,0xcf,0xc8,0xe7,0xff,
    0xbf,0xc0,0xff,0xff,0xb4,0xb6,0xff,0xff,0xb4,0xb3,0xfa,0xff,0xb9,0xb7,0xfa,0xff,
    0xd7,0xd6,0xf2,0xff,0xf6,0xf8,0xef,0xff,0xf6,0xf4,0xf1,0xff,0xf2,0xef,0xf4,0xff,
    0xf7,0xf5,0xf8,0xff,0xfd,0xfe,0xfb,0xff,0xfc,0xfd,0xf9,0xff,0xdc,0xdb,0xf5,0xff,
    0xc3,0xbf,0xf9,0xff,0xc7,0xc8,0xfb,0xff,0xca,0xce,0xfb,0xff,0xbe,0xc1,0xfb,0xff,
    0xbb,0xb8,0xf9,0xff,0xe8,0xe7,0xf5,0xff,0xff,0xff,0xff,0xff,0xc9,0xc7,0xcd,0xff,
    0x87,0x84,0x94,0xff,0x7c,0x7a,0x8b,0xff,0xb3,0xb0,0xbb,0xff,0xfa,0xf7,0xfb,0xff,
    0xfe,0xfd,0xf8,0xff,0xff,0xff,0xf0,0xff,0xfc,0xf7,0xe9,0xff,0xff,0xff,0xfb,0xff,
    0xef,0xf0,0xeb,0xff,0x98,0x9a,0x84,0xff,0x38,0x38,0x0f,0xff,0x4c,0x4b,0x26,0xff,
    0x4f,0x4e,0x2d,0xff,0x4f,0x4f,0x2e,0xff,0x4c,0x4b,0x2c,0xec,0x49,0x49,0x2b,0x8e,
    0x00,0x00,0x00,0x00,0x00,0x00,0x00,0x00,0x00,0x00,0x00,0x00,0x00,0x00,0x00,0x00,
    0x00,0x00,0x00,0x00,0x00,0x00,0x00,0x00,0x00,0x00,0x00,0x00,0x00,0x00,0x00,0x00,
    0x00,0x00,0x00,0x00,0x00,0x00,0x00,0x00,0x00,0x00,0x00,0x00,0x00,0x00,0x00,0x00,
    0x00,0x00,0x00,0x00,0x00,0x00,0x00,0x00,0x00,0x00,0x00,0x00,0x00,0x00,0x00,0x00,
    0x00,0x00,0x00,0x00,0x39,0x34,0x2e,0x2c,0x3d,0x36,0x31,0xa9,0x3e,0x37,0x31,0xfd,
    0x40,0x37,0x32,0xff,0x3f,0x38,0x32,0xff,0x40,0x38,0x32,0xff,0x41,0x39,0x33,0xff,
    0x41,0x38,0x32,0xff,0x42,0x39,0x33,0xff,0x35,0x2e,0x27,0xff,0x36,0x30,0x27,0xff,
    0x87,0x85,0x7e,0xff,0xcd,0xc9,0xe4,0xff,0xce,0xca,0xed,0xff,0xd5,0xd5,0xe2,0xff,
    0xd8,0xd9,0xdf,0xff,0xd1,0xcd,0xe4,0xff,0xcf,0xcc,0xe6,0xff,0xdb,0xdc,0xdd,0xff,
    0xeb,0xea,0xed,0xff,0xf0,0xef,0xed,0xff,0xf5,0xf4,0xee,0xff,0xfb,0xf9,0xf3,0xff,
    0xf9,0xf8,0xf6,0xff,0xf1,0xf0,0xec,0xff,0xdb,0xd4,0xbf,0xff,0xd1,0xcc,0xe3,0xff,
    0xbb,0xb7,0xfb,0xff,0xad,0xaa,0xfe,0xff,0xaf,0xad,0xfc,0xff,0xbd,0xbb,0xf9,0xff,
    0xed,0xee,0xf1,0xff,0xf7,0xf6,0xf2,0xff,0xf3,0xf1,0xf4,0xff,0xef,0xed,0xf4,0xff,
    0xf3,0xf3,0xf3,0xff,0xfb,0xfc,0xf7,0xff,0xf6,0xf4,0xf8,0xff,0xc9,0xc5,0xf5,0xff,
    0xab,0xa8,0xf8,0xff,0xac,0xa9,0xf9,0xff,0xb4,0xb1,0xf7,0xff,0xb8,0xb5,0xf8,0xff,
    0xc5,0xc1,0xfb,0xff,0xeb,0xe9,0xf8,0xff,0xff,0xff,0xff,0xff,0xb7,0xb4,0xbc,0xff,
    0x5e,0x59,0x6c,0xff,0x57,0x53,0x68,0xff,0xa4,0xa0,0xae,0xff,0xf3,0xef,0xf4,0xff,
    0xea,0xe6,0xe4,0xff,0xe6,0xe3,0xdf,0xff,0xe9,0xe7,0xeb,0xff,0xf7,0xf7,0xfd,0xff,
    0xe4,0xe5,0xe2,0xff,0x91,0x91,0x7e,0xff,0x3b,0x3b,0x11,0xff,0x4b,0x49,0x2a,0xff,
    0x4e,0x4d,0x2e,0xff,0x4e,0x4e,0x2e,0xff,0x4b,0x4b,0x2e,0xbc,0x47,0x47,0x2d,0x44,
    0x00,0x00,0x00,0x00,0x00,0x00,0x00,0x00,0x00,0x00,0x00,0x00,0x00,0x00,0x00,0x00,
    0x00,0x00,0x00,0x00,0x00,0x00,0x00,0x00,0x00,0x00,0x00,0x00,0x00,0x00,0x00,0x00,
    0x00,0x00,0x00,0x00,0x00,0x00,0x00,0x00,0x00,0x00,0x00,0x00,0x00,0x00,0x00,0x00,
    0x00,0x00,0x00,0x00,0x00,0x00,0x00,0x00,0x00,0x00,0x00,0x00,0x00,0x00,0x00,0x00,
    0x00,0x00,0x00,0x00,0x00,0x00,0x00,0x00,0x40,0x37,0x31,0x57,0x40,0x36,0x32,0xd1,
    0x43,0x39,0x33,0xff,0x41,0x37,0x32,0xff,0x42,0x37,0x32,0xff,0x42,0x38,0x32,0xff,
    0x41,0x37,0x32,0xff,0x42,0x37,0x33,0xff,0x37,0x2c,0x26,0xff,0x43,0x3a,0x30,0xff,
    0xa9,0xa7,0x9c,0xff,0xb6,0xb3,0xe2,0xff,0x8d,0x87,0xe6,0xff,0x92,0x8f,0xe8,0xff,
    0x9b,0x99,0xd6,0xff,0x8b,0x84,0xba,0xff,0x85,0x7d,0xbe,0xff,0xbd,0xbb,0xec,0xff,
    0xed,0xee,0xee,0xff,0xf1,0xf2,0xec,0xff,0xec,0xeb,0xeb,0xff,0xea,0xe9,0xec,0xff,
    0xee,0xed,0xee,0xff,0xff,0xff,0xf8,0xff,0xff,0xff,0xff,0xff,0xc8,0xc5,0xfb,0xff,
    0xaf,0xaa,0xfa,0xff,0xad,0xa9,0xfa,0xff,0xbc,0xb9,0xf9,0xff,0xdc,0xdc,0xf7,0xff,
    0xf6,0xf7,0xf2,0xff,0xf2,0xf0,0xf2,0xff,0xf1,0xef,0xf5,0xff,0xef,0xed,0xf2,0xff,
    0xf2,0xf1,0xef,0xff,0xf3,0xf3,0xf1,0xff,0xdd,0xd8,0xf5,0xff,0xaf,0xa9,0xf9,0xff,
    0xac,0xa8,0xfa,0xff,0xb2,0xb0,0xfa,0xff,0xb1,0xb1,0xfb,0xff,0xaf,0xaf,0xfb,0xff,
    0xc0,0xbe,0xf8,0xff,0xeb,0xea,0xf3,0xff,0xff,0xff,0xff,0xff,0xc7,0xc4,0xcb,0xff,
    0x84,0x7f,0x8c,0xff,0xa1,0x9e,0xa7,0xff,0xf5,0xf3,0xf6,0xff,0xed,0xea,0xf0,0xff,
    0xc2,0xbd,0xd1,0xff,0xa6,0xa5,0xd2,0xff,0xbc,0xbe,0xf2,0xff,0xc9,0xca,0xe9,0xff,
    0x9c,0x9a,0x96,0xff,0x4a,0x48,0x2a,0xff,0x43,0x42,0x20,0xff,0x49,0x48,0x2d,0xff,
    0x4c,0x4b,0x2e,0xff,0x49,0x48,0x2b,0xe8,0x4a,0x47,0x2e,0x6e,0x00,0x00,0x00,0x00,
    0x00,0x00,0x00,0x00,0x00,0x00,0x00,0x00,0x00,0x00,0x00,0x00,0x00,0x00,0x00,0x00,
    0x00,0x00,0x00,0x00,0x00,0x00,0x00,0x00,0x00,0x00,0x00,0x00,0x00,0x00,0x00,0x00,
    0x00,0x00,0x00,0x00,0x00,0x00,0x00,0x00,0x00,0x00,0x00,0x00,0x00,0x00,0x00,0x00,
    0x00,0x00,0x00,0x00,0x00,0x00,0x00,0x00,0x00,0x00,0x00,0x00,0x00,0x00,0x00,0x00,
    0x00,0x00,0x00,0x00,0x00,0x00,0x00,0x00,0x3f,0x3f,0x2f,0x10,0x40,0x37,0x2f,0x77,
    0x41,0x37,0x30,0xed,0x43,0x37,0x33,0xff,0x42,0x37,0x32,0xff,0x43,0x38,0x33,0xff,
    0x43,0x38,0x33,0xff,0x43,0x39,0x34,0xff,0x38,0x2f,0x27,0xff,0x41,0x38,0x2e,0xff,
    0xa0,0x9a,0x9b,0xff,0xe2,0xe4,0xf4,0xff,0xab,0xa7,0xeb,0xff,0x88,0x80,0xf4,0xff,
    0x9a,0x92,0xea,0xff,0xb6,0xaf,0xbc,0xff,0xae,0xa6,0xa4,0xff,0xa9,0xa4,0xd9,0xff,
    0xc4,0xc5,0xdf,0xff,0xeb,0xec,0xee,0xff,0xf8,0xf9,0xf4,0xff,0xf5,0xf5,0xf4,0xff,
    0xf4,0xf3,0xf3,0xff,0xf7,0xf6,0xf2,0xff,0xe7,0xe6,0xf3,0xff,0xc3,0xc1,0xf4,0xff,
    0xb7,0xb6,0xf9,0xff,0xc1,0xbe,0xf9,0xff,0xda,0xd8,0xf5,0xff,0xf8,0xf9,0xf2,0xff,
    0xf2,0xf2,0xf0,0xff,0xef,0xee,0xf2,0xff,0xf0,0xed,0xf4,0xff,0xf1,0xef,0xf4,0xff,
    0xf2,0xf1,0xf3,0xff,0xf2,0xf1,0xf2,0xff,0xef,0xeb,0xf6,0xff,0xdf,0xdc,0xf9,0xff,
    0xcb,0xc6,0xf9,0xff,0xbd,0xb9,0xfb,0xff,0xb2,0xae,0xfd,0xff,0xb8,0xb7,0xfb,0xff,
    0xda,0xdc,0xf6,0xff,0xf6,0xf7,0xf1,0xff,0xf4,0xf2,0xf2,0xff,0xed,0xeb,0xf0,0xff,
    0xe6,0xe4,0xe8,0xff,0xe2,0xe0,0xe0,0xff,0xd9,0xd6,0xd9,0xff,0xbe,0xb7,0xcf,0xff,
    0x92,0x85,0xd9,0xff,0x87,0x85,0xee,0xff,0xb0,0xb5,0xfa,0xff,0x93,0x97,0xa2,0xff,
    0x49,0x49,0x2e,0xff,0x2d,0x2e,0x0e,0xff,0x47,0x49,0x30,0xff,0x46,0x46,0x2e,0xff,
    0x44,0x44,0x2c,0xfb,0x44,0x41,0x2b,0x91,0x4a,0x41,0x31,0x1f,0x00,0x00,0x00,0x00,
    0x00,0x00,0x00,0x00,0x00,0x00,0x00,0x00,0x00,0x00,0x00,0x00,0x00,0x00,0x00,0x00,
    0x00,0x00,0x00,0x00,0x00,0x00,0x00,0x00,0x00,0x00,0x00,0x00,0x00,0x00,0x00,0x00,
    0x00,0x00,0x00,0x00,0x00,0x00,0x00,0x00,0x00,0x00,0x00,0x00,0x00,0x00,0x00,0x00,
    0x00,0x00,0x00,0x00,0x00,0x00,0x00,0x00,0x00,0x00,0x00,0x00,0x00,0x00,0x00,0x00,
    0x00,0x00,0x00,0x00,0x00,0x00,0x00,0x00,0x00,0x00,0x00,0x00,0x3f,0x34,0x2e,0x2c,
    0x41,0x37,0x30,0x99,0x41,0x37,0x32,0xff,0x41,0x37,0x32,0xff,0x43,0x38,0x33,0xff,
    0x43,0x39,0x33,0xff,0x43,0x3a,0x34,0xff,0x41,0x36,0x2f,0xff,0x3d,0x32,0x2a,0xff,
    0x4e,0x47,0x45,0xff,0xa5,0xa2,0xa3,0xff,0xcf,0xcf,0xe6,0xff,0xaa,0xaa,0xf8,0xff,
    0xa6,0xa2,0xf1,0xff,0xdb,0xd5,0xe7,0xff,0xf0,0xef,0xe1,0xff,0xc8,0xc4,0xd3,0xff,
    0xbc,0xbc,0xd2,0xff,0xd1,0xd2,0xde,0xff,0xe0,0xe1,0xe5,0xff,0xe4,0xe3,0xe7,0xff,
    0xed,0xec,0xf0,0xff,0xff,0xff,0xff,0xff,0xff,0xff,0xff,0xff,0xe9,0xec,0xfe,0xff,
    0xcc,0xcd,0xfc,0xff,0xcf,0xce,0xf8,0xff,0xe9,0xea,0xf5,0xff,0xf8,0xfa,0xf3,0xff,
    0xef,0xee,0xf1,0xff,0xef,0xee,0xf1,0xff,0xef,0xed,0xf2,0xff,0xf0,0xee,0xf3,0xff,
    0xef,0xef,0xf2,0xff,0xf0,0xee,0xf2,0xff,0xf4,0xf0,0xf4,0xff,0xf3,0xf3,0xf4,0xff,
    0xeb,0xec,0xf3,0xff,0xe3,0xe3,0xf7,0xff,0xe7,0xe4,0xfe,0xff,0xf3,0xf0,0xff,0xff,
    0xfa,0xf8,0xf9,0xff,0xf1,0xed,0xef,0xff,0xe3,0xe2,0xe7,0xff,0xe7,0xe7,0xe9,0xff,
    0xf5,0xf3,0xed,0xff,0xd8,0xd1,0xcd,0xff,0xa5,0x99,0x9c,0xff,0xae,0xa2,0xa9,0xff,
    0xd9,0xce,0xf7,0xff,0xc4,0xc4,0xff,0xff,0x9a,0x9b,0xb3,0xff,0x5b,0x5a,0x49,0xff,
    0x34,0x32,0x12,0xff,0x3f,0x40,0x26,0xff,0x43,0x46,0x30,0xff,0x43,0x44,0x2e,0xff,
    0x44,0x41,0x2f,0xb3,0x41,0x3d,0x2d,0x3e,0x00,0x00,0x00,0x00,0x00,0x00,0x00,0x00,
    0x00,0x00,0x00,0x00,0x00,0x00,0x00,0x00,0x00,0x00,0x00,0x00,0x00,0x00,0x00,0x00,
    0x00,0x00,0x00,0x00,0x00,0x00,0x00,0x00,0x00,0x00,0x00,0x00,0x00,0x00,0x00,0x00,
    0x00,0x00,0x00,0x00,0x00,0x00,0x00,0x00,0x00,0x00,0x00,0x00,0x00,0x00,0x00,0x00,
    0x00,0x00,0x00,0x00,0x00,0x00,0x00,0x00,0x00,0x00,0x00,0x00,0x00,0x00,0x00,0x00,
    0x00,0x00,0x00,0x00,0x00,0x00,0x00,0x00,0x00,0x00,0x00,0x00,0x7f,0x7f,0x7f,0x02,
    0x3f,0x33,0x33,0x3c,0x3b,0x34,0x30,0xb7,0x3d,0x36,0x32,0xff,0x40,0x37,0x33,0xff,
    0x40,0x38,0x32,0xff,0x41,0x38,0x33,0xff,0x42,0x38,0x34,0xff,0x3e,0x34,0x30,0xff,
    0x2e,0x27,0x23,0xff,0x4b,0x43,0x40,0xff,0x88,0x87,0x82,0xff,0x98,0x9b,0xb6,0xff,
    0xa7,0xa5,0xd7,0xff,0xce,0xc7,0xe9,0xff,0xe8,0xe9,0xe8,0xff,0xd9,0xd8,0xda,0xff,
    0xcc,0xcd,0xd8,0xff,0xcb,0xcd,0xda,0xff,0xd0,0xd1,0xdd,0xff,0xd4,0xd4,0xde,0xff,
    0xce,0xcf,0xd7,0xff,0xc1,0xc1,0xca,0xff,0xd6,0xd6,0xd9,0xff,0xee,0xf0,0xf7,0xff,
    0xe5,0xe4,0xfd,0xff,0xe6,0xe5,0xfa,0xff,0xf8,0xf9,0xf9,0xff,0xfa,0xfb,0xf6,0xff,
    0xf7,0xf8,0xf1,0xff,0xf2,0xf2,0xee,0xff,0xef,0xed,0xef,0xff,0xee,0xec,0xf1,0xff,
    0xeb,0xec,0xf0,0xff,0xeb,0xec,0xf0,0xff,0xf0,0xf0,0xf2,0xff,0xf2,0xf4,0xf1,0xff,
    0xfc,0xfe,0xfa,0xff,0xff,0xff,0xff,0xff,0xff,0xff,0xfe,0xff,0xf6,0xf5,0xf3,0xff,
    0xe8,0xe6,0xe8,0xff,0xd6,0xd5,0xdd,0xff,0xdb,0xdb,0xdd,0xff,0xcd,0xce,0xdb,0xff,
    0xd5,0xcf,0xdd,0xff,0xda,0xce,0xce,0xff,0xd0,0xc1,0xb9,0xff,0xcf,0xc4,0xca,0xff,
    0xe7,0xe1,0xf1,0xff,0xa9,0xa8,0xb2,0xff,0x60,0x5c,0x51,0xff,0x3c,0x37,0x1e,0xff,
    0x3e,0x3b,0x22,0xff,0x48,0x47,0x33,0xff,0x43,0x42,0x30,0xff,0x41,0x41,0x2d,0xce,
    0x44,0x41,0x2d,0x4e,0x48,0x24,0x48,0x07,0x00,0x00,0x00,0x00,0x00,0x00,0x00,0x00,
    0x00,0x00,0x00,0x00,0x00,0x00,0x00,0x00,0x00,0x00,0x00,0x00,0x00,0x00,0x00,0x00,
    0x00,0x00,0x00,0x00,0x00,0x00,0x00,0x00,0x00,0x00,0x00,0x00,0x00,0x00,0x00,0x00,
    0x00,0x00,0x00,0x00,0x00,0x00,0x00,0x00,0x00,0x00,0x00,0x00,0x00,0x00,0x00,0x00,
    0x00,0x00,0x00,0x00,0x00,0x00,0x00,0x00,0x00,0x00,0x00,0x00,0x00,0x00,0x00,0x00,
    0x00,0x00,0x00,0x00,0x00,0x00,0x00,0x00,0x00,0x00,0x00,0x00,0x00,0x00,0x00,0x00,
    0x33,0x33,0x33,0x05,0x37,0x33,0x30,0x4a,0x37,0x33,0x31,0xce,0x3b,0x34,0x31,0xff,
    0x3d,0x35,0x33,0xff,0x3d,0x35,0x32,0xff,0x3e,0x36,0x35,0xff,0x3d,0x37,0x35,0xff,
    0x37,0x31,0x2d,0xff,0x2a,0x20,0x1d,0xff,0x36,0x31,0x28,0xff,0x4d,0x4d,0x4a,0xff,
    0x79,0x76,0x87,0xff,0xaf,0xaa,0xc8,0xff,0xd1,0xd0,0xe0,0xff,0xd1,0xd1,0xda,0xff,
    0xd7,0xd7,0xdb,0xff,0xcf,0xcf,0xd8,0xff,0xcc,0xcd,0xd9,0xff,0xd5,0xd6,0xe1,0xff,
    0xc4,0xc5,0xd1,0xff,0x71,0x6f,0x82,0xff,0x70,0x6c,0x7e,0xff,0xa4,0xa0,0xaf,0xff,
    0xcf,0xcb,0xd9,0xff,0xee,0xeb,0xf0,0xff,0xfd,0xfd,0xf7,0xff,0xfa,0xfb,0xf5,0xff,
    0xf4,0xf5,0xf4,0xff,0xf1,0xf1,0xf1,0xff,0xf4,0xf3,0xf4,0xff,0xf6,0xf4,0xf6,0xff,
    0xf4,0xf4,0xf6,0xff,0xf1,0xf4,0xf4,0xff,0xf1,0xf3,0xf4,0xff,0xf4,0xf5,0xf8,0xff,
    0xf5,0xf5,0xf6,0xff,0xe1,0xe0,0xe2,0xff,0xba,0xb7,0xbf,0xff,0xa7,0xa5,0xb3,0xff,
    0xc4,0xc4,0xcf,0xff,0xd9,0xdb,0xdc,0xff,0xdd,0xdf,0xde,0xff,0xb1,0xb1,0xdc,0xff,
    0xa1,0x99,0xd7,0xff,0xc8,0xbb,0xdc,0xff,0xee,0xe4,0xe6,0xff,0xcc,0xc4,0xd2,0xff,
    0x93,0x8e,0x99,0xff,0x58,0x57,0x46,0xff,0x39,0x35,0x1d,0xff,0x3c,0x38,0x21,0xff,
    0x47,0x44,0x33,0xff,0x42,0x41,0x31,0xff,0x41,0x3f,0x30,0xdd,0x42,0x40,0x2b,0x63,
    0x38,0x55,0x1c,0x09,0x00,0x00,0x00,0x00,0x00,0x00,0x00,0x01,0x00,0x00,0x00,0x00,
    0x00,0x00,0x00,0x00,0x00,0x00,0x00,0x00,0x00,0x00,0x00,0x00,0x00,0x00,0x00,0x00,
    0x00,0x00,0x00,0x00,0x00,0x00,0x00,0x00,0x00,0x00,0x00,0x00,0x00,0x00,0x00,0x00,
    0x00,0x00,0x00,0x00,0x00,0x00,0x00,0x00,0x00,0x00,0x00,0x00,0x00,0x00,0x00,0x00,
    0x00,0x00,0x00,0x00,0x00,0x00,0x00,0x00,0x00,0x00,0x00,0x00,0x00,0x00,0x00,0x00,
    0x00,0x00,0x00,0x00,0x00,0x00,0x00,0x00,0x00,0x00,0x00,0x00,0x00,0x00,0x00,0x00,
    0x00,0x00,0x00,0x00,0x00,0x00,0x00,0x00,0x35,0x33,0x30,0x5f,0x36,0x32,0x2d,0xd9,
    0x38,0x32,0x30,0xff,0x39,0x33,0x33,0xff,0x39,0x34,0x33,0xff,0x38,0x34,0x33,0xff,
    0x3c,0x37,0x33,0xff,0x3e,0x36,0x35,0xff,0x2c,0x23,0x23,0xff,0x12,0x0e,0x07,0xff,
    0x31,0x2e,0x2c,0xff,0x89,0x88,0x92,0xff,0xd2,0xd0,0xe5,0xff,0xcc,0xcb,0xda,0xff,
    0xcd,0xcb,0xd8,0xff,0xcb,0xc8,0xd3,0xff,0xcb,0xca,0xd4,0xff,0xd9,0xda,0xe3,0xff,
    0xd1,0xd2,0xdd,0xff,0x78,0x72,0x87,0xff,0x46,0x3f,0x5a,0xff,0x61,0x5a,0x6e,0xff,
    0xa6,0xa2,0xae,0xff,0xd7,0xd6,0xdf,0xff,0xe3,0xe2,0xed,0xff,0xe0,0xdf,0xed,0xff,
    0xd4,0xd0,0xf5,0xff,0xdf,0xda,0xf7,0xff,0xf8,0xf7,0xfc,0xff,0xff,0xff,0xfd,0xff,
    0xfe,0xfe,0xfa,0xff,0xfc,0xfc,0xf8,0xff,0xf5,0xf5,0xf5,0xff,0xfc,0xfb,0xff,0xff,
    0xd5,0xd3,0xd9,0xff,0x85,0x80,0x90,0xff,0x4a,0x41,0x5c,0xff,0x60,0x57,0x72,0xff,
    0xc2,0xc0,0xc8,0xff,0xf4,0xf5,0xf1,0xff,0xcf,0xcf,0xe6,0xff,0x9b,0x99,0xe3,0xff,
    0x85,0x80,0xde,0xff,0xa2,0x9b,0xe2,0xff,0xb8,0xb4,0xd4,0xff,0x7c,0x78,0x83,0xff,
    0x32,0x2d,0x29,0xff,0x2f,0x30,0x16,0xff,0x3f,0x3e,0x25,0xff,0x47,0x44,0x30,0xff,
    0x42,0x41,0x30,0xff,0x3b,0x3f,0x30,0xe2,0x3b,0x3f,0x2f,0x7c,0x3f,0x3f,0x00,0x04,
    0x00,0x00,0x00,0x00,0x00,0x00,0x00,0x00,0x00,0x00,0x00,0x00,0x00,0x00,0x00,0x00,
    0x00,0x00,0x00,0x00,0x00,0x00,0x00,0x00,0x00,0x00,0x00,0x00,0x00,0x00,0x00,0x00,
    0x00,0x00,0x00,0x00,0x00,0x00,0x00,0x00,0x00,0x00,0x00,0x00,0x00,0x00,0x00,0x00,
    0x00,0x00,0x00,0x00,0x00,0x00,0x00,0x00,0x00,0x00,0x00,0x00,0x00,0x00,0x00,0x00,
    0x00,0x00,0x00,0x00,0x00,0x00,0x00,0x00,0x00,0x00,0x00,0x00,0x00,0x00,0x00,0x00,
    0x00,0x00,0x00,0x00,0x00,0x00,0x00,0x00,0x00,0x00,0x00,0x00,0x00,0x00,0x00,0x00,
    0x00,0x00,0x00,0x00,0x00,0x00,0x00,0x00,0x00,0x00,0x00,0x00,0x32,0x2f,0x28,0x65,
    0x32,0x2f,0x29,0xd8,0x34,0x31,0x2d,0xff,0x36,0x33,0x2f,0xff,0x37,0x33,0x32,0xff,
    0x38,0x32,0x31,0xff,0x39,0x33,0x32,0xff,0x39,0x33,0x35,0xff,0x2c,0x2a,0x28,0xff,
    0x1b,0x1b,0x18,0xff,0x3f,0x3f,0x40,0xff,0xab,0xab,0xb2,0xff,0xd9,0xda,0xed,0xff,
    0xb9,0xb6,0xe7,0xff,0xbd,0xbb,0xe2,0xff,0xc6,0xc6,0xdb,0xff,0xc6,0xc6,0xd3,0xff,
    0xc4,0xc4,0xd1,0xff,0xca,0xca,0xda,0xff,0xbb,0xba,0xcb,0xff,0xb4,0xb1,0xbd,0xff,
    0xc4,0xc4,0xd0,0xff,0xbd,0xbc,0xe3,0xff,0xa5,0x9f,0xe2,0xff,0xa0,0x99,0xdf,0xff,
    0xa0,0x9b,0xee,0xff,0xb4,0xaf,0xf2,0xff,0xe6,0xe5,0xf4,0xff,0xf4,0xf2,0xf2,0xff,
    0xea,0xe7,0xee,0xff,0xe8,0xe7,0xea,0xff,0xea,0xe8,0xe9,0xff,0xf0,0xee,0xf8,0xff,
    0xae,0xaa,0xb8,0xff,0x59,0x51,0x66,0xff,0x4f,0x46,0x5c,0xff,0x96,0x91,0x9e,0xff,
    0xe5,0xe1,0xe3,0xff,0xd9,0xd6,0xee,0xff,0x91,0x8c,0xe1,0xff,0x8d,0x8d,0xda,0xff,
    0xa8,0xa9,0xec,0xff,0xaf,0xab,0xe4,0xff,0x7e,0x79,0x9a,0xff,0x29,0x25,0x2d,0xff,
    0x2b,0x29,0x22,0xff,0x3c,0x3b,0x30,0xff,0x40,0x3b,0x39,0xff,0x3f,0x3a,0x35,0xff,
    0x3f,0x3c,0x2a,0xe2,0x3e,0x40,0x27,0x82,0x1f,0x1f,0x1f,0x08,0x00,0x00,0x00,0x00,
    0x00,0x00,0x00,0x00,0x00,0x00,0x00,0x00,0x00,0x00,0x00,0x00,0x00,0x00,0x00,0x00,
    0x00,0x00,0x00,0x00,0x00,0x00,0x00,0x00,0x00,0x00,0x00,0x00,0x00,0x00,0x00,0x00,
    0x00,0x00,0x00,0x00,0x00,0x00,0x00,0x00,0x00,0x00,0x00,0x00,0x00,0x00,0x00,0x00,
    0x00,0x00,0x00,0x00,0x00,0x00,0x00,0x00,0x00,0x00,0x00,0x00,0x00,0x00,0x00,0x00,
    0x00,0x00,0x00,0x00,0x00,0x00,0x00,0x00,0x00,0x00,0x00,0x00,0x00,0x00,0x00,0x00,
    0x00,0x00,0x00,0x00,0x00,0x00,0x00,0x00,0x00,0x00,0x00,0x00,0x00,0x00,0x00,0x00,
    0x00,0x00,0x00,0x00,0x00,0x00,0x00,0x00,0x00,0x00,0x00,0x00,0x00,0x00,0x00,0x00,
    0x2c,0x32,0x23,0x56,0x2f,0x31,0x22,0xc7,0x33,0x33,0x27,0xff,0x35,0x32,0x2a,0xff,
    0x36,0x33,0x2b,0xff,0x34,0x31,0x2b,0xff,0x32,0x30,0x2c,0xff,0x33,0x33,0x2e,0xff,
    0x29,0x29,0x24,0xff,0x22,0x21,0x1b,0xff,0x46,0x45,0x40,0xff,0xa1,0x9f,0xb4,0xff,
    0xa6,0xa4,0xed,0xff,0x98,0x96,0xf4,0xff,0x9c,0x9a,0xf0,0xff,0xb1,0xad,0xe8,0xff,
    0xc7,0xc4,0xdc,0xff,0xd7,0xd6,0xda,0xff,0xd0,0xcc,0xe1,0xff,0xd3,0xd2,0xdf,0xff,
    0xcd,0xcd,0xd9,0xff,0xac,0xa8,0xd9,0xff,0x87,0x80,0xdd,0xff,0x86,0x80,0xdd,0xff,
    0x92,0x8f,0xdb,0xff,0x98,0x95,0xe0,0xff,0xbf,0xbf,0xe8,0xff,0xc3,0xc2,0xec,0xff,
    0xb4,0xb0,0xe8,0xff,0xb9,0xb8,0xe3,0xff,0xd6,0xd8,0xe1,0xff,0xd0,0xd0,0xdd,0xff,
    0xba,0xb9,0xc9,0xff,0xab,0xa7,0xb6,0xff,0xc8,0xc3,0xcb,0xff,0xee,0xeb,0xee,0xff,
    0xda,0xda,0xee,0xff,0x91,0x8e,0xdb,0xff,0x7a,0x6e,0xdb,0xff,0xa4,0x9d,0xe9,0xff,
    0xbe,0xbc,0xea,0xff,0x8a,0x86,0xae,0xff,0x2f,0x28,0x58,0xff,0x13,0x0e,0x49,0xff,
    0x25,0x24,0x59,0xff,0x2a,0x28,0x5b,0xff,0x2a,0x22,0x6e,0xff,0x28,0x1f,0x6a,0xd8,
    0x2d,0x26,0x56,0x70,0x45,0x5c,0x00,0x0b,0x00,0x00,0x00,0x00,0x00,0x00,0x00,0x00,
    0x00,0x00,0x00,0x00,0x00,0x00,0x00,0x00,0x00,0x00,0x00,0x00,0x00,0x00,0x00,0x00,
    0x00,0x00,0x00,0x00,0x00,0x00,0x00,0x00,0x00,0x00,0x00,0x00,0x00,0x00,0x00,0x00,
    0x00,0x00,0x00,0x00,0x00,0x00,0x00,0x00,0x00,0x00,0x00,0x00,0x00,0x00,0x00,0x00,
    0x00,0x00,0x00,0x00,0x00,0x00,0x00,0x00,0x00,0x00,0x00,0x00,0x00,0x00,0x00,0x00,
    0x00,0x00,0x00,0x00,0x00,0x00,0x00,0x00,0x00,0x00,0x00,0x00,0x00,0x00,0x00,0x00,
    0x00,0x00,0x00,0x00,0x00,0x00,0x00,0x00,0x00,0x00,0x00,0x00,0x00,0x00,0x00,0x00,
    0x00,0x00,0x00,0x00,0x00,0x00,0x00,0x00,0x00,0x00,0x00,0x00,0x00,0x00,0x00,0x00,
    0x2a,0x55,0x00,0x06,0x28,0x2c,0x33,0x45,0x29,0x2a,0x35,0xad,0x2b,0x2c,0x33,0xff,
    0x2c,0x30,0x2c,0xff,0x2c,0x30,0x26,0xff,0x2d,0x2f,0x26,0xff,0x2e,0x2d,0x2e,0xff,
    0x2d,0x2b,0x36,0xff,0x22,0x22,0x32,0xff,0x16,0x16,0x2b,0xff,0x40,0x40,0x5d,0xff,
    0x91,0x92,0xb8,0xff,0xa8,0xa5,0xeb,0xff,0x95,0x8e,0xf6,0xff,0xa2,0x9a,0xf3,0xff,
    0xdd,0xd8,0xf1,0xff,0xf8,0xf7,0xeb,0xff,0xe5,0xde,0xe6,0xff,0xda,0xd6,0xe2,0xff,
    0xd6,0xd4,0xdd,0xff,0xca,0xca,0xda,0xff,0xae,0xac,0xdb,0xff,0x8f,0x89,0xdf,0xff,
    0x8c,0x8a,0xda,0xff,0x9c,0xa0,0xd6,0xff,0xab,0xb1,0xdd,0xff,0xa0,0xa4,0xe0,0xff,
    0x92,0x90,0xe7,0xff,0xa2,0x9f,0xf0,0xff,0xce,0xd1,0xeb,0xff,0xc8,0xc8,0xd2,0xff,
    0xd9,0xd7,0xdd,0xff,0xee,0xec,0xed,0xff,0xf8,0xf7,0xf1,0xff,0xdc,0xd9,0xe6,0xff,
    0x99,0x91,0xd8,0xff,0x77,0x70,0xdd,0xff,0xa5,0x9c,0xf1,0xff,0xe1,0xd6,0xfc,0xff,
    0xa0,0x99,0xb8,0xff,0x33,0x32,0x62,0xff,0x04,0x04,0x43,0xff,0x18,0x19,0x64,0xff,
    0x1e,0x1a,0x7c,0xff,0x1d,0x19,0x87,0xff,0x1b,0x15,0x8b,0xc0,0x1c,0x13,0x8a,0x5a,
    0x1e,0x0f,0x69,0x11,0x00,0x00,0x00,0x00,0x00,0x00,0x00,0x00,0x00,0x00,0x00,0x00,
    0x00,0x00,0x00,0x00,0x00,0x00,0x00,0x00,0x00,0x00,0x00,0x00,0x00,0x00,0x00,0x00,
    0x00,0x00,0x00,0x00,0x00,0x00,0x00,0x00,0x00,0x00,0x00,0x00,0x00,0x00,0x00,0x00,
    0x00,0x00,0x00,0x00,0x00,0x00,0x00,0x00,0x00,0x00,0x00,0x00,0x00,0x00,0x00,0x00,
    0x00,0x00,0x00,0x00,0x00,0x00,0x00,0x00,0x00,0x00,0x00,0x00,0x00,0x00,0x00,0x00,
    0x00,0x00,0x00,0x00,0x00,0x00,0x00,0x00,0x00,0x00,0x00,0x00,0x00,0x00,0x00,0x00,
    0x00,0x00,0x00,0x00,0x00,0x00,0x00,0x00,0x00,0x00,0x00,0x00,0x00,0x00,0x00,0x00,
    0x00,0x00,0x00,0x00,0x00,0x00,0x00,0x00,0x00,0x00,0x00,0x00,0x00,0x00,0x00,0x00,
    0x00,0x00,0x00,0x00,0x00,0x33,0x66,0x05,0x21,0x25,0x46,0x36,0x21,0x23,0x47,0x8f,
    0x22,0x23,0x4c,0xee,0x24,0x27,0x49,0xff,0x24,0x26,0x49,0xff,0x24,0x23,0x4d,0xff,
    0x23,0x22,0x50,0xff,0x1c,0x1e,0x4b,0xff,0x14,0x16,0x3e,0xff,0x1f,0x23,0x4b,0xff,
    0x51,0x56,0x7e,0xff,0x82,0x81,0xb7,0xff,0x8e,0x87,0xe0,0xff,0xa7,0xa0,0xf2,0xff,
    0xe4,0xde,0xf7,0xff,0xff,0xff,0xf4,0xff,0xf6,0xef,0xec,0xff,0xe3,0xde,0xe5,0xff,
    0xdc,0xd9,0xe3,0xff,0xe2,0xe0,0xe3,0xff,0xdc,0xda,0xe2,0xff,0xb7,0xb5,0xe2,0xff,
    0x8e,0x8d,0xde,0xff,0x9d,0x9d,0xdf,0xff,0xa6,0xa4,0xd4,0xff,0xae,0xa8,0xd6,0xff,
    0xb0,0xa6,0xd9,0xff,0xb6,0xab,0xd2,0xff,0xcf,0xc9,0xcb,0xff,0xf0,0xeb,0xe5,0xff,
    0xe8,0xe5,0xe8,0xff,0xda,0xdb,0xe8,0xff,0xd5,0xd5,0xe0,0xff,0xcc,0xc8,0xd9,0xff,
    0xb4,0xab,0xe1,0xff,0x9e,0x99,0xf3,0xff,0xbb,0xb6,0xf7,0xff,0xa9,0x9f,0xbf,0xff,
    0x4a,0x45,0x6a,0xff,0x08,0x0a,0x44,0xff,0x0f,0x13,0x52,0xff,0x1f,0x22,0x5f,0xff,
    0x1d,0x1b,0x70,0xfb,0x18,0x14,0x88,0xa4,0x15,0x0e,0x9c,0x46,0x15,0x00,0xbf,0x0c,
    0x00,0x00,0x00,0x00,0x00,0x00,0x00,0x00,0x00,0x00,0x00,0x00,0x00,0x00,0x00,0x00,
    0x00,0x00,0x00,0x00,0x00,0x00,0x00,0x00,0x00,0x00,0x00,0x00,0x00,0x00,0x00,0x00,
    0x00,0x00,0x00,0x00,0x00,0x00,0x00,0x00,0x00,0x00,0x00,0x00,0x00,0x00,0x00,0x00,
    0x00,0x00,0x00,0x00,0x00,0x00,0x00,0x00,0x00,0x00,0x00,0x00,0x00,0x00,0x00,0x00,
    0x00,0x00,0x00,0x00,0x00,0x00,0x00,0x00,0x00,0x00,0x00,0x00,0x00,0x00,0x00,0x00,
    0x00,0x00,0x00,0x00,0x00,0x00,0x00,0x00,0x00,0x00,0x00,0x00,0x00,0x00,0x00,0x00,
    0x00,0x00,0x00,0x00,0x00,0x00,0x00,0x00,0x00,0x00,0x00,0x00,0x00,0x00,0x00,0x00,
    0x00,0x00,0x00,0x00,0x00,0x00,0x00,0x00,0x00,0x00,0x00,0x00,0x00,0x00,0x00,0x00,
    0x00,0x00,0x00,0x00,0x00,0x00,0x00,0x00,0x00,0x00,0x00,0x00,0x18,0x10,0x83,0x1f,
    0x1c,0x18,0x6a,0x7f,0x1c,0x1c,0x6c,0xc7,0x1b,0x1b,0x73,0xf9,0x1c,0x1c,0x6d,0xff,
    0x18,0x1a,0x5b,0xff,0x19,0x1b,0x4e,0xff,0x23,0x25,0x4f,0xff,0x2c,0x32,0x5f,0xff,
    0x2e,0x3b,0x71,0xff,0x49,0x53,0x89,0xff,0x6e,0x70,0xaf,0xff,0x99,0x95,0xd6,0xff,
    0xc4,0xbf,0xef,0xff,0xe4,0xe1,0xf6,0xff,0xfc,0xf6,0xf2,0xff,0xea,0xe5,0xe5,0xff,
    0xdb,0xd8,0xe2,0xff,0xdf,0xdd,0xe5,0xff,0xe7,0xe4,0xe5,0xff,0xd7,0xd6,0xe2,0xff,
    0xb2,0xaf,0xe3,0xff,0xb8,0xb1,0xe4,0xff,0xc7,0xba,0xce,0xff,0xdc,0xce,0xdc,0xff,
    0xdb,0xce,0xdd,0xff,0xc9,0xbd,0xbb,0xff,0xcf,0xc4,0xb6,0xff,0xe8,0xe1,0xf1,0xff,
    0xb9,0xb6,0xe3,0xff,0xa8,0xa8,0xd8,0xff,0xbe,0xbc,0xd8,0xff,0xde,0xd9,0xe3,0xff,
    0xe2,0xdd,0xf1,0xff,0xb3,0xb0,0xee,0xff,0x82,0x81,0xbc,0xff,0x3c,0x3a,0x65,0xff,
    0x0e,0x0f,0x39,0xff,0x0d,0x11,0x42,0xff,0x1e,0x23,0x53,0xfe,0x1f,0x22,0x50,0xd4,
    0x1e,0x1e,0x5e,0x95,0x1a,0x15,0x7a,0x30,0x00,0x00,0x00,0x00,0x00,0x00,0x00,0x00,
    0x00,0x00,0x00,0x00,0x00,0x00,0x00,0x00,0x00,0x00,0x00,0x00,0x00,0x00,0x00,0x00,
    0x00,0x00,0x00,0x00,0x00,0x00,0x00,0x00,0x00,0x00,0x00,0x00,0x00,0x00,0x00,0x00,
    0x00,0x00,0x00,0x00,0x00,0x00,0x00,0x00,0x00,0x00,0x00,0x00,0x00,0x00,0x00,0x00,
    0x00,0x00,0x00,0x00,0x00,0x00,0x00,0x00,0x00,0x00,0x00,0x00,0x00,0x00,0x00,0x00,
    0x00,0x00,0x00,0x00,0x00,0x00,0x00,0x00,0x00,0x00,0x00,0x00,0x00,0x00,0x00,0x00,
    0x00,0x00,0x00,0x00,0x00,0x00,0x00,0x00,0x00,0x00,0x00,0x00,0x00,0x00,0x00,0x00,
    0x00,0x00,0x00,0x00,0x00,0x00,0x00,0x00,0x00,0x00,0x00,0x00,0x00,0x00,0x00,0x00,
    0x00,0x00,0x00,0x00,0x00,0x00,0x00,0x00,0x00,0x00,0x00,0x00,0x00,0x00,0x00,0x00,
    0x00,0x00,0x00,0x00,0x00,0x00,0x00,0x00,0x00,0x00,0x00,0x00,0x00,0x00,0x00,0x00,
    0x00,0x00,0xff,0x04,0x17,0x10,0x98,0x4d,0x19,0x16,0x8b,0xac,0x19,0x16,0x6e,0xdf,
    0x1a,0x1c,0x55,0xf8,0x25,0x29,0x50,0xff,0x34,0x36,0x5c,0xff,0x39,0x40,0x6e,0xff,
    0x38,0x4b,0x83,0xff,0x34,0x47,0x80,0xff,0x4c,0x59,0x89,0xff,0x75,0x78,0xab,0xff,
    0x93,0x8f,0xd6,0xff,0xac,0xa5,0xeb,0xff,0xf1,0xeb,0xf2,0xff,0xee,0xea,0xe7,0xff,
    0xdc,0xda,0xe1,0xff,0xd4,0xd3,0xe0,0xff,0xd7,0xd6,0xe0,0xff,0xdc,0xd9,0xe1,0xff,
    0xe4,0xdf,0xeb,0xff,0xe8,0xdd,0xe0,0xff,0xe9,0xda,0xc2,0xff,0xeb,0xde,0xdd,0xff,
    0xd6,0xcf,0xec,0xff,0xb7,0xb1,0xcd,0xff,0xb8,0xb0,0xc9,0xff,0xa8,0xa1,0xe6,0xff,
    0x93,0x8f,0xe1,0xff,0xb0,0xac,0xe5,0xff,0xdf,0xd9,0xeb,0xff,0xf0,0xe9,0xeb,0xff,
    0xc8,0xc5,0xe1,0xff,0x81,0x82,0xbd,0xff,0x33,0x37,0x6f,0xff,0x0a,0x0e,0x3e,0xff,
    0x0d,0x13,0x36,0xfb,0x1a,0x21,0x3e,0xe7,0x1b,0x20,0x41,0xba,0x1e,0x21,0x4f,0x64,
    0x1a,0x1a,0x43,0x13,0x00,0x00,0x00,0x00,0x00,0x00,0x00,0x00,0x00,0x00,0x00,0x00,
    0x00,0x00,0x00,0x00,0x00,0x00,0x00,0x00,0x00,0x00,0x00,0x00,0x00,0x00,0x00,0x00,
    0x00,0x00,0x00,0x00,0x00,0x00,0x00,0x00,0x00,0x00,0x00,0x00,0x00,0x00,0x00,0x00,
    0x00,0x00,0x00,0x00,0x00,0x00,0x00,0x00,0x00,0x00,0x00,0x00,0x00,0x00,0x00,0x00,
    0x00,0x00,0x00,0x00,0x00,0x00,0x00,0x00,0x00,0x00,0x00,0x00,0x00,0x00,0x00,0x00,
    0x00,0x00,0x00,0x00,0x00,0x00,0x00,0x00,0x00,0x00,0x00,0x00,0x00,0x00,0x00,0x00,
    0x00,0x00,0x00,0x00,0x00,0x00,0x00,0x00,0x00,0x00,0x00,0x00,0x00,0x00,0x00,0x00,
    0x00,0x00,0x00,0x00,0x00,0x00,0x00,0x00,0x00,0x00,0x00,0x00,0x00,0x00,0x00,0x00,
    0x00,0x00,0x00,0x00,0x00,0x00,0x00,0x00,0x00,0x00,0x00,0x00,0x00,0x00,0x00,0x00,
    0x00,0x00,0x00,0x00,0x00,0x00,0x00,0x00,0x00,0x00,0x00,0x00,0x00,0x00,0x00,0x00,
    0x00,0x00,0x00,0x00,0x00,0x00,0x00,0x00,0x0c,0x00,0x6d,0x15,0x1a,0x1a,0x58,0x5f,
    0x2a,0x2f,0x5a,0xb8,0x3b,0x40,0x62,0xf1,0x43,0x47,0x6f,0xf8,0x38,0x41,0x72,0xff,
    0x40,0x50,0x89,0xff,0x48,0x5b,0x93,0xff,0x4c,0x5f,0x8e,0xff,0x5d,0x69,0x94,0xff,
    0x79,0x79,0xac,0xff,0x8e,0x8b,0xca,0xff,0xca,0xc6,0xe1,0xff,0xe9,0xe7,0xec,0xff,
    0xe6,0xe5,0xe9,0xff,0xda,0xd9,0xe1,0xff,0xd1,0xd1,0xdd,0xff,0xd5,0xd3,0xe1,0xff,
    0xf3,0xed,0xee,0xff,0xfc,0xf0,0xdf,0xff,0xd5,0xc8,0xba,0xff,0xb2,0xa7,0xcb,0xff,
    0x9d,0x94,0xeb,0xff,0x8e,0x89,0xf0,0xff,0x91,0x8d,0xea,0xff,0x92,0x8e,0xde,0xff,
    0xd0,0xcb,0xef,0xff,0xf8,0xf3,0xf9,0xff,0xfc,0xf4,0xee,0xff,0xcc,0xc2,0xd1,0xff,
    0x6c,0x6a,0xab,0xff,0x32,0x3b,0x83,0xff,0x2b,0x30,0x62,0xfa,0x2b,0x2f,0x59,0xf5,
    0x26,0x2b,0x4e,0xc6,0x1c,0x23,0x39,0x74,0x0d,0x0d,0x1b,0x25,0x00,0x00,0x00,0x04,
    0x00,0x00,0x00,0x00,0x00,0x00,0x00,0x00,0x00,0x00,0x00,0x00,0x00,0x00,0x00,0x00,
    0x00,0x00,0x00,0x00,0x00,0x00,0x00,0x00,0x00,0x00,0x00,0x00,0x00,0x00,0x00,0x00,
    0x00,0x00,0x00,0x00,0x00,0x00,0x00,0x00,0x00,0x00,0x00,0x00,0x00,0x00,0x00,0x00,
    0x00,0x00,0x00,0x00,0x00,0x00,0x00,0x00,0x00,0x00,0x00,0x00,0x00,0x00,0x00,0x00,
    0x00,0x00,0x00,0x00,0x00,0x00,0x00,0x00,0x00,0x00,0x00,0x00,0x00,0x00,0x00,0x00,
    0x00,0x00,0x00,0x00,0x00,0x00,0x00,0x00,0x00,0x00,0x00,0x00,0x00,0x00,0x00,0x00,
    0x00,0x00,0x00,0x00,0x00,0x00,0x00,0x00,0x00,0x00,0x00,0x00,0x00,0x00,0x00,0x00,
    0x00,0x00,0x00,0x00,0x00,0x00,0x00,0x00,0x00,0x00,0x00,0x00,0x00,0x00,0x00,0x00,
    0x00,0x00,0x00,0x00,0x00,0x00,0x00,0x00,0x00,0x00,0x00,0x00,0x00,0x00,0x00,0x00,
    0x00,0x00,0x00,0x00,0x00,0x00,0x00,0x00,0x00,0x00,0x00,0x00,0x00,0x00,0x00,0x00,
    0x00,0x00,0x00,0x00,0x00,0x00,0x00,0x00,0x00,0x00,0x00,0x00,0x24,0x24,0x6d,0x07,
    0x4f,0x4f,0x72,0x1d,0x4e,0x55,0x7d,0x51,0x4a,0x50,0x7d,0xa4,0x3e,0x45,0x78,0xf6,
    0x43,0x51,0x8b,0xff,0x4e,0x60,0x97,0xff,0x53,0x66,0x9b,0xff,0x57,0x69,0x99,0xff,
    0x5e,0x6d,0x95,0xff,0x65,0x72,0x9a,0xff,0x6d,0x75,0xa9,0xff,0xa8,0xa5,0xcd,0xff,
    0xda,0xd5,0xe7,0xff,0xe7,0xe4,0xec,0xff,0xdc,0xdb,0xe3,0xff,0xd4,0xd2,0xdc,0xff,
    0xd4,0xd7,0xd9,0xff,0xc9,0xc7,0xe2,0xff,0xac,0xa4,0xea,0xff,0x8f,0x85,0xe5,0xff,
    0x8a,0x81,0xdf,0xff,0xa0,0x98,0xe7,0xff,0xc2,0xbd,0xf3,0xff,0xf7,0xf1,0xf9,0xff,
    0xf2,0xe9,0xde,0xff,0xd1,0xc8,0xc9,0xff,0xa7,0xa5,0xba,0xff,0x78,0x7e,0xa6,0xff,
    0x46,0x55,0x8a,0xff,0x38,0x46,0x80,0xfc,0x3c,0x44,0x7a,0xb9,0x3b,0x40,0x71,0x63,
    0x3e,0x3e,0x69,0x29,0x2a,0x2a,0x55,0x0c,0x00,0x00,0x00,0x00,0x00,0x00,0x00,0x00,
    0x00,0x00,0x00,0x00,0x00,0x00,0x00,0x00,0x00,0x00,0x00,0x00,0x00,0x00,0x00,0x00,
    0x00,0x00,0x00,0x00,0x00,0x00,0x00,0x00,0x00,0x00,0x00,0x00,0x00,0x00,0x00,0x00,
    0x00,0x00,0x00,0x00,0x00,0x00,0x00,0x00,0x00,0x00,0x00,0x00,0x00,0x00,0x00,0x00,
    0x00,0x00,0x00,0x00,0x00,0x00,0x00,0x00,0x00,0x00,0x00,0x00,0x00,0x00,0x00,0x00,
    0x00,0x00,0x00,0x00,0x00,0x00,0x00,0x00,0x00,0x00,0x00,0x00,0x00,0x00,0x00,0x00,
    0x00,0x00,0x00,0x00,0x00,0x00,0x00,0x00,0x00,0x00,0x00,0x00,0x00,0x00,0x00,0x00,
    0x00,0x00,0x00,0x00,0x00,0x00,0x00,0x00,0x00,0x00,0x00,0x00,0x00,0x00,0x00,0x00,
    0x00,0x00,0x00,0x00,0x00,0x00,0x00,0x00,0x00,0x00,0x00,0x00,0x00,0x00,0x00,0x00,
    0x00,0x00,0x00,0x00,0x00,0x00,0x00,0x00,0x00,0x00,0x00,0x00,0x00,0x00,0x00,0x00,
    0x00,0x00,0x00,0x00,0x00,0x00,0x00,0x00,0x00,0x00,0x00,0x00,0x00,0x00,0x00,0x00,
    0x00,0x00,0x00,0x00,0x00,0x00,0x00,0x00,0x00,0x00,0x00,0x00,0x00,0x00,0x00,0x00,
    0x00,0x00,0x00,0x00,0x5c,0x5c,0x73,0x0b,0x4d,0x4d,0x7f,0x24,0x43,0x4b,0x83,0x44,
    0x47,0x57,0x8c,0x72,0x53,0x63,0x9a,0xb1,0x5c,0x6d,0x9f,0xee,0x66,0x79,0xaa,0xff,
    0x65,0x78,0xa6,0xff,0x5f,0x72,0x9d,0xff,0x54,0x64,0x98,0xff,0x63,0x6d,0xa1,0xff,
    0x89,0x8d,0xb3,0xff,0xa3,0xa5,0xc3,0xff,0xaf,0xb1,0xcd,0xff,0xbd,0xc0,0xd2,0xff,
    0xc6,0xca,0xd9,0xff,0xae,0xac,0xdb,0xff,0x9d,0x9b,0xdf,0xff,0xa4,0xa2,0xe3,0xff,
    0xb8,0xb6,0xe4,0xff,0xc7,0xc6,0xe3,0xff,0xc4,0xc3,0xde,0xff,0xb0,0xb3,0xcd,0xff,
    0x82,0x88,0xa6,0xff,0x65,0x6e,0x98,0xff,0x4e,0x5c,0x8f,0xf7,0x46,0x58,0x92,0xc1,
    0x46,0x56,0x8f,0x82,0x47,0x55,0x8c,0x4e,0x44,0x49,0x82,0x2d,0x44,0x44,0x77,0x0f,
    0x7f,0x7f,0x7f,0x02,0x00,0x00,0x00,0x00,0x00,0x00,0x00,0x00,0x00,0x00,0x00,0x00,
    0x00,0x00,0x00,0x00,0x00,0x00,0x00,0x00,0x00,0x00,0x00,0x00,0x00,0x00,0x00,0x00,
    0x00,0x00,0x00,0x00,0x00,0x00,0x00,0x00,0x00,0x00,0x00,0x00,0x00,0x00,0x00,0x00,
    0x00,0x00,0x00,0x00,0x00,0x00,0x00,0x00,0x00,0x00,0x00,0x00,0x00,0x00,0x00,0x00,
    0x00,0x00,0x00,0x00,0x00,0x00,0x00,0x00,0x00,0x00,0x00,0x00,0x00,0x00,0x00,0x00,
    0x00,0x00,0x00,0x00,0x00,0x00,0x00,0x00,0x00,0x00,0x00,0x00,0x00,0x00,0x00,0x00,
    0x00,0x00,0x00,0x00,0x00,0x00,0x00,0x00,0x00,0x00,0x00,0x00,0x00,0x00,0x00,0x00,
    0x00,0x00,0x00,0x00,0x00,0x00,0x00,0x00,0x00,0x00,0x00,0x00,0x00,0x00,0x00,0x00,
    0x00,0x00,0x00,0x00,0x00,0x00,0x00,0x00,0x00,0x00,0x00,0x00,0x00,0x00,0x00,0x00,
    0x00,0x00,0x00,0x00,0x00,0x00,0x00,0x00,0x00,0x00,0x00,0x00,0x00,0x00,0x00,0x00,
    0x00,0x00,0x00,0x00,0x00,0x00,0x00,0x00,0x00,0x00,0x00,0x00,0x00,0x00,0x00,0x00,
    0x00,0x00,0x00,0x00,0x00,0x00,0x00,0x00,0x00,0x00,0x00,0x00,0x00,0x00,0x00,0x00,
    0x00,0x00,0x00,0x00,0x00,0x00,0x00,0x00,0x00,0x00,0x00,0x00,0xaa,0xaa,0xff,0x03,
    0x4c,0x59,0x7f,0x14,0x56,0x69,0x9e,0x35,0x60,0x6f,0xa1,0x57,0x65,0x75,0xa4,0x71,
    0x65,0x76,0xa6,0x88,0x61,0x72,0xa0,0xa7,0x5f,0x6e,0x9e,0xc1,0x59,0x6a,0x9b,0xd5,
    0x5f,0x6c,0x9c,0xe6,0x64,0x6e,0x9f,0xf2,0x6a,0x75,0xa4,0xf6,0x7b,0x85,0xac,0xf6,
    0x8a,0x92,0xb4,0xf6,0x86,0x8c,0xb8,0xf6,0x85,0x8d,0xb9,0xf7,0x8e,0x96,0xbc,0xf3,
    0x93,0x99,0xba,0xea,0x87,0x91,0xb2,0xda,0x73,0x7d,0xa7,0xc7,0x62,0x6f,0x9f,0xae,
    0x4f,0x5d,0x91,0x90,0x44,0x51,0x89,0x77,0x3b,0x4e,0x8a,0x5e,0x38,0x4c,0x91,0x3f,
    0x3f,0x5b,0x9a,0x1c,0x6d,0x91,0xb6,0x07,0x00,0xff,0xff,0x01,0x00,0x00,0x00,0x00,
    0x00,0x00,0x00,0x00,0x00,0x00,0x00,0x00,0x00,0x00,0x00,0x00,0x00,0x00,0x00,0x00,
    0x00,0x00,0x00,0x00,0x00,0x00,0x00,0x00,0x00,0x00,0x00,0x00,0x00,0x00,0x00,0x00,
    0x00,0x00,0x00,0x00,0x00,0x00,0x00,0x00,0x00,0x00,0x00,0x00,0x00,0x00,0x00,0x00,
    0x00,0x00,0x00,0x00,0x00,0x00,0x00,0x00,0x00,0x00,0x00,0x00,0x00,0x00,0x00,0x00,
    0x00,0x00,0x00,0x00,0x00,0x00,0x00,0x00,0x00,0x00,0x00,0x00,0x00,0x00,0x00,0x00,
    0x00,0x00,0x00,0x00,0x00,0x00,0x00,0x00,0x00,0x00,0x00,0x00,0x00,0x00,0x00,0x00,
    0x00,0x00,0x00,0x00,0x00,0x00,0x00,0x00,0x00,0x00,0x00,0x00,0x00,0x00,0x00,0x00,
};

const lv_image_dsc_t img_avatar_4_72x70_ARGB8888_aligned = {
  .header.magic = LV_IMAGE_HEADER_MAGIC,
  .header.cf = LV_COLOR_FORMAT_ARGB8888,
  .header.stride = 320,
  .header.flags = 0,
  .header.w = 72,
  .header.h = 70,
  .data_size = sizeof(img_avatar_4_72x70_ARGB8888_aligned_map),
  .data = img_avatar_4_72x70_ARGB8888_aligned_map,
};
