#ifdef __has_include
#if __has_include("lvgl.h")
#ifndef LV_LVGL_H_INCLUDE_SIMPLE
#define LV_LVGL_H_INCLUDE_SIMPLE
#endif
#endif
#endif

#if defined(LV_LVGL_H_INCLUDE_SIMPLE)
 #include "lvgl.h"
#else
 #include "lvgl/lvgl.h"
#endif

#ifndef LV_ATTRIBUTE_MEM_ALIGN
#define LV_ATTRIBUTE_MEM_ALIGN
#endif

#ifndef LV_ATTRIBUTE_IMAGE_IMG_AVATAR_2_72X72_ARGB8888_ALIGNED
#define LV_ATTRIBUTE_IMAGE_IMG_AVATAR_2_72X72_ARGB8888_ALIGNED
#endif

const LV_ATTRIBUTE_MEM_ALIGN LV_ATTRIBUTE_LARGE_CONST LV_ATTRIBUTE_IMAGE_IMG_AVATAR_2_72X72_ARGB8888_ALIGNED uint8_t img_avatar_2_72x72_ARGB8888_aligned_map[] = {
    0x00,0x00,0x00,0x00,0x00,0x00,0x00,0x00,0x00,0x00,0x00,0x00,0x00,0x00,0x00,0x00,
    0x00,0x00,0x00,0x00,0x00,0x00,0x00,0x00,0x00,0x00,0x00,0x00,0x00,0x00,0x00,0x00,
    0x00,0x00,0x00,0x00,0x00,0x00,0x00,0x00,0x00,0x00,0x00,0x00,0x00,0x00,0x00,0x00,
    0x00,0x00,0x00,0x00,0x00,0x00,0x00,0x00,0x00,0x00,0x00,0x00,0x00,0x00,0x00,0x00,
    0x00,0x00,0x00,0x00,0x00,0x00,0x00,0x00,0x00,0x00,0x00,0x00,0x00,0x00,0x00,0x00,
    0x00,0x00,0x00,0x00,0x00,0x00,0x00,0x00,0x00,0x00,0x00,0x00,0x00,0x00,0x00,0x00,
    0x00,0x00,0x00,0x00,0x00,0x00,0x00,0x00,0x00,0x00,0x00,0x00,0x00,0x00,0x00,0x00,
    0x00,0x00,0x00,0x00,0xbd,0xbd,0xee,0x2f,0xc3,0xc3,0xe8,0x5a,0xc9,0xcb,0xeb,0x77,
    0xca,0xcc,0xeb,0x92,0xc8,0xc8,0xeb,0xa7,0xc5,0xc3,0xe8,0xb7,0xc2,0xc2,0xe4,0xc2,
    0xbf,0xbf,0xe2,0xc6,0xbb,0xbe,0xe1,0xc5,0xbb,0xbd,0xde,0xba,0xb8,0xb8,0xdc,0xab,
    0xb8,0xb6,0xdb,0x98,0xb6,0xb6,0xda,0x7f,0xb3,0xb0,0xd5,0x62,0xae,0xae,0xd8,0x3c,
    0x99,0x99,0xcc,0x0a,0x00,0x00,0x00,0x00,0x00,0x00,0x00,0x00,0x00,0x00,0x00,0x00,
    0x00,0x00,0x00,0x00,0x00,0x00,0x00,0x00,0x00,0x00,0x00,0x00,0x00,0x00,0x00,0x00,
    0x00,0x00,0x00,0x00,0x00,0x00,0x00,0x00,0x00,0x00,0x00,0x00,0x00,0x00,0x00,0x00,
    0x00,0x00,0x00,0x00,0x00,0x00,0x00,0x00,0x00,0x00,0x00,0x00,0x00,0x00,0x00,0x00,
    0x00,0x00,0x00,0x00,0x00,0x00,0x00,0x00,0x00,0x00,0x00,0x00,0x00,0x00,0x00,0x00,
    0x00,0x00,0x00,0x00,0x00,0x00,0x00,0x00,0x00,0x00,0x00,0x00,0x00,0x00,0x00,0x00,
    0x00,0x00,0x00,0x00,0x00,0x00,0x00,0x00,0x00,0x00,0x00,0x00,0x00,0x00,0x00,0x00,
    0x00,0x00,0x00,0x00,0x00,0x00,0x00,0x00,0x00,0x00,0x00,0x00,0x00,0x00,0x00,0x00,
    0x00,0x00,0x00,0x00,0x00,0x00,0x00,0x00,0x00,0x00,0x00,0x00,0x00,0x00,0x00,0x00,
    0x00,0x00,0x00,0x00,0x00,0x00,0x00,0x00,0x00,0x00,0x00,0x00,0x00,0x00,0x00,0x00,
    0x00,0x00,0x00,0x00,0x00,0x00,0x00,0x00,0x00,0x00,0x00,0x00,0x00,0x00,0x00,0x00,
    0x00,0x00,0x00,0x00,0x00,0x00,0x00,0x00,0x00,0x00,0x00,0x00,0x00,0x00,0x00,0x00,
    0x00,0x00,0x00,0x00,0x00,0x00,0x00,0x00,0x00,0x00,0x00,0x00,0x00,0x00,0x00,0x00,
    0x00,0x00,0x00,0x00,0x00,0x00,0x00,0x00,0x00,0x00,0x00,0x00,0x00,0x00,0x00,0x00,
    0x00,0x00,0x00,0x00,0x00,0x00,0x00,0x00,0x00,0x00,0x00,0x00,0x00,0x00,0x00,0x00,
    0x00,0x00,0x00,0x00,0xd4,0xd4,0xff,0x12,0xdf,0xdf,0xff,0x28,0xd5,0xd9,0xfa,0x37,
    0xd3,0xd7,0xf4,0x47,0xd2,0xd4,0xf5,0x6d,0xce,0xce,0xf2,0x8e,0xcd,0xce,0xf2,0xa4,
    0xcc,0xce,0xf2,0xb7,0xcb,0xcb,0xef,0xc6,0xca,0xca,0xef,0xd0,0xc6,0xc8,0xe9,0xd8,
    0xc4,0xc4,0xe6,0xda,0xbe,0xbf,0xe1,0xd9,0xbc,0xbd,0xdf,0xd2,0xba,0xb8,0xdd,0xc8,
    0xb7,0xb5,0xdb,0xbc,0xb4,0xb4,0xd9,0xaa,0xb4,0xb0,0xd7,0x93,0xaf,0xad,0xd4,0x77,
    0xab,0xab,0xd0,0x52,0xaa,0xaa,0xcc,0x3c,0xa6,0xab,0xcf,0x2b,0x9f,0x9f,0xc9,0x18,
    0xff,0x7f,0xff,0x02,0x00,0x00,0x00,0x00,0x00,0x00,0x00,0x00,0x00,0x00,0x00,0x00,
    0x00,0x00,0x00,0x00,0x00,0x00,0x00,0x00,0x00,0x00,0x00,0x00,0x00,0x00,0x00,0x00,
    0x00,0x00,0x00,0x00,0x00,0x00,0x00,0x00,0x00,0x00,0x00,0x00,0x00,0x00,0x00,0x00,
    0x00,0x00,0x00,0x00,0x00,0x00,0x00,0x00,0x00,0x00,0x00,0x00,0x00,0x00,0x00,0x00,
    0x00,0x00,0x00,0x00,0x00,0x00,0x00,0x00,0x00,0x00,0x00,0x00,0x00,0x00,0x00,0x00,
    0x00,0x00,0x00,0x00,0x00,0x00,0x00,0x00,0x00,0x00,0x00,0x00,0x00,0x00,0x00,0x00,
    0x00,0x00,0x00,0x00,0x00,0x00,0x00,0x00,0x00,0x00,0x00,0x00,0x00,0x00,0x00,0x00,
    0x00,0x00,0x00,0x00,0x00,0x00,0x00,0x00,0x00,0x00,0x00,0x00,0x00,0x00,0x00,0x00,
    0x00,0x00,0x00,0x00,0x00,0x00,0x00,0x00,0x00,0x00,0x00,0x00,0x00,0x00,0x00,0x00,
    0x00,0x00,0x00,0x00,0x00,0x00,0x00,0x00,0x00,0x00,0x00,0x00,0x00,0x00,0x00,0x00,
    0x00,0x00,0x00,0x00,0x00,0x00,0x00,0x00,0x00,0x00,0x00,0x00,0x00,0x00,0x00,0x00,
    0x00,0x00,0x00,0x00,0x00,0x00,0x00,0x00,0x00,0x00,0x00,0x00,0x00,0x00,0x00,0x00,
    0x00,0x00,0x00,0x00,0x00,0x00,0x00,0x00,0x00,0x00,0x00,0x00,0x00,0x00,0x00,0x00,
    0x00,0x00,0x00,0x00,0x00,0x00,0x00,0x00,0x8d,0x8d,0x8d,0x09,0xdc,0xdc,0xf3,0x16,
    0xda,0xda,0xec,0x2a,0xe1,0xdf,0xfc,0x68,0xd7,0xd8,0xf8,0xa7,0xcb,0xce,0xec,0xd4,
    0xc5,0xc8,0xe5,0xea,0xc0,0xc5,0xe2,0xf2,0xb8,0xba,0xdd,0xfb,0xb3,0xb4,0xdc,0xff,
    0xb4,0xb5,0xdd,0xff,0xba,0xbc,0xe2,0xff,0xc1,0xc4,0xe8,0xff,0xc7,0xca,0xec,0xff,
    0xc9,0xcb,0xec,0xff,0xc7,0xc7,0xea,0xff,0xc3,0xc3,0xe6,0xff,0xbf,0xbd,0xe3,0xff,
    0xb9,0xb8,0xe0,0xff,0xb4,0xb3,0xdc,0xff,0xb0,0xaf,0xd6,0xfc,0xac,0xad,0xd1,0xf5,
    0xab,0xab,0xce,0xed,0xa9,0xaa,0xcd,0xd9,0xa7,0xa7,0xcb,0xb2,0xa2,0xa0,0xc8,0x79,
    0x9f,0x9b,0xc2,0x3b,0x9f,0x9f,0xc9,0x18,0x9c,0x9c,0xb0,0x0d,0x00,0x00,0x00,0x00,
    0x00,0x00,0x00,0x00,0x00,0x00,0x00,0x00,0x00,0x00,0x00,0x00,0x00,0x00,0x00,0x00,
    0x00,0x00,0x00,0x00,0x00,0x00,0x00,0x00,0x00,0x00,0x00,0x00,0x00,0x00,0x00,0x00,
    0x00,0x00,0x00,0x00,0x00,0x00,0x00,0x00,0x00,0x00,0x00,0x00,0x00,0x00,0x00,0x00,
    0x00,0x00,0x00,0x00,0x00,0x00,0x00,0x00,0x00,0x00,0x00,0x00,0x00,0x00,0x00,0x00,
    0x00,0x00,0x00,0x00,0x00,0x00,0x00,0x00,0x00,0x00,0x00,0x00,0x00,0x00,0x00,0x00,
    0x00,0x00,0x00,0x00,0x00,0x00,0x00,0x00,0x00,0x00,0x00,0x00,0x00,0x00,0x00,0x00,
    0x00,0x00,0x00,0x00,0x00,0x00,0x00,0x00,0x00,0x00,0x00,0x00,0x00,0x00,0x00,0x00,
    0x00,0x00,0x00,0x00,0x00,0x00,0x00,0x00,0x00,0x00,0x00,0x00,0x00,0x00,0x00,0x00,
    0x00,0x00,0x00,0x00,0x00,0x00,0x00,0x00,0x00,0x00,0x00,0x00,0x00,0x00,0x00,0x00,
    0x00,0x00,0x00,0x00,0x00,0x00,0x00,0x00,0x00,0x00,0x00,0x00,0x00,0x00,0x00,0x00,
    0x00,0x00,0x00,0x00,0x00,0x00,0x00,0x00,0x00,0x00,0x00,0x00,0x00,0x00,0x00,0x00,
    0x00,0x00,0x00,0x00,0x00,0x00,0x00,0x00,0x00,0x00,0x00,0x00,0x00,0x00,0x00,0x01,
    0x00,0x00,0x00,0x00,0x86,0x86,0x93,0x13,0xa1,0x9e,0xb2,0x57,0xd7,0xd9,0xf3,0xaf,
    0xe3,0xe5,0xff,0xd9,0xda,0xd9,0xf5,0xef,0xc1,0xc0,0xdf,0xfc,0xa9,0xa9,0xca,0xff,
    0x8f,0x92,0xb4,0xff,0x70,0x73,0x95,0xff,0x55,0x57,0x7d,0xff,0x44,0x46,0x6d,0xff,
    0x48,0x49,0x6f,0xff,0x5c,0x5d,0x81,0xff,0x79,0x7a,0x9d,0xff,0x98,0x97,0xbc,0xff,
    0xaf,0xb0,0xd5,0xff,0xc7,0xc5,0xec,0xff,0xc9,0xc6,0xea,0xff,0xbe,0xbc,0xdf,0xff,
    0xb3,0xb3,0xd9,0xff,0xaf,0xb0,0xd9,0xff,0xab,0xaf,0xd6,0xff,0xa7,0xab,0xcf,0xff,
    0xa5,0xa9,0xcc,0xff,0xa7,0xa8,0xce,0xff,0xa4,0xa2,0xca,0xfe,0xa0,0x9e,0xc7,0xf3,
    0x9c,0x9c,0xc5,0xdf,0x9d,0x9d,0xc5,0xba,0x9c,0x9c,0xc0,0x6f,0x97,0x97,0xb3,0x1b,
    0x00,0x00,0x00,0x00,0xff,0xff,0xff,0x01,0x00,0x00,0x00,0x00,0x00,0x00,0x00,0x00,
    0x00,0x00,0x00,0x00,0x00,0x00,0x00,0x00,0x00,0x00,0x00,0x00,0x00,0x00,0x00,0x00,
    0x00,0x00,0x00,0x00,0x00,0x00,0x00,0x00,0x00,0x00,0x00,0x00,0x00,0x00,0x00,0x00,
    0x00,0x00,0x00,0x00,0x00,0x00,0x00,0x00,0x00,0x00,0x00,0x00,0x00,0x00,0x00,0x00,
    0x00,0x00,0x00,0x00,0x00,0x00,0x00,0x00,0x00,0x00,0x00,0x00,0x00,0x00,0x00,0x00,
    0x00,0x00,0x00,0x00,0x00,0x00,0x00,0x00,0x00,0x00,0x00,0x00,0x00,0x00,0x00,0x00,
    0x00,0x00,0x00,0x00,0x00,0x00,0x00,0x00,0x00,0x00,0x00,0x00,0x00,0x00,0x00,0x00,
    0x00,0x00,0x00,0x00,0x00,0x00,0x00,0x00,0x00,0x00,0x00,0x00,0x00,0x00,0x00,0x00,
    0x00,0x00,0x00,0x00,0x00,0x00,0x00,0x00,0x00,0x00,0x00,0x00,0x00,0x00,0x00,0x00,
    0x00,0x00,0x00,0x00,0x00,0x00,0x00,0x00,0x00,0x00,0x00,0x00,0x00,0x00,0x00,0x00,
    0x00,0x00,0x00,0x00,0x00,0x00,0x00,0x00,0x00,0x00,0x00,0x00,0x00,0x00,0x00,0x00,
    0x00,0x00,0x00,0x00,0x00,0x00,0x00,0x00,0x00,0x00,0x00,0x00,0x09,0x09,0x00,0x1c,
    0x68,0x6c,0x73,0x6e,0xa9,0xad,0xc3,0xbe,0xdc,0xdc,0xf9,0xe2,0xe3,0xe5,0xff,0xfa,
    0xd2,0xd4,0xf3,0xfd,0x7e,0x7f,0xa7,0xfe,0x3e,0x3d,0x6c,0xff,0x2c,0x2a,0x5b,0xff,
    0x35,0x36,0x61,0xff,0x38,0x39,0x66,0xff,0x31,0x34,0x5e,0xff,0x26,0x2b,0x50,0xff,
    0x2c,0x33,0x58,0xff,0x3d,0x42,0x6b,0xff,0x49,0x4c,0x78,0xff,0x4d,0x4f,0x7a,0xff,
    0x52,0x53,0x7c,0xff,0x6f,0x73,0x9a,0xff,0xa7,0xab,0xd2,0xff,0xc6,0xc8,0xee,0xff,
    0xbf,0xbf,0xe6,0xff,0xab,0xad,0xd4,0xff,0xa9,0xad,0xd2,0xff,0xa6,0xaa,0xd0,0xff,
    0xa4,0xa5,0xca,0xff,0xa3,0xa1,0xc8,0xff,0xa2,0x9f,0xc8,0xff,0x9e,0x9d,0xc5,0xff,
    0x9b,0x9b,0xc2,0xfd,0x9c,0x9e,0xc4,0xfb,0xa1,0xa1,0xc8,0xe8,0x99,0x99,0xbf,0xc8,
    0x91,0x93,0xb8,0x82,0x91,0x91,0xb6,0x2a,0x00,0x00,0x00,0x00,0x00,0x00,0x00,0x00,
    0x00,0x00,0x00,0x00,0x00,0x00,0x00,0x00,0x00,0x00,0x00,0x00,0x00,0x00,0x00,0x00,
    0x00,0x00,0x00,0x00,0x00,0x00,0x00,0x00,0x00,0x00,0x00,0x00,0x00,0x00,0x00,0x00,
    0x00,0x00,0x00,0x00,0x00,0x00,0x00,0x00,0x00,0x00,0x00,0x00,0x00,0x00,0x00,0x00,
    0x00,0x00,0x00,0x00,0x00,0x00,0x00,0x00,0x00,0x00,0x00,0x00,0x00,0x00,0x00,0x00,
    0x00,0x00,0x00,0x00,0x00,0x00,0x00,0x00,0x00,0x00,0x00,0x00,0x00,0x00,0x00,0x00,
    0x00,0x00,0x00,0x00,0x00,0x00,0x00,0x00,0x00,0x00,0x00,0x00,0x00,0x00,0x00,0x00,
    0x00,0x00,0x00,0x00,0x00,0x00,0x00,0x00,0x00,0x00,0x00,0x00,0x00,0x00,0x00,0x00,
    0x00,0x00,0x00,0x00,0x00,0x00,0x00,0x00,0x00,0x00,0x00,0x00,0x00,0x00,0x00,0x00,
    0x00,0x00,0x00,0x00,0x00,0x00,0x00,0x00,0x00,0x00,0x00,0x00,0x00,0x00,0x00,0x00,
    0x00,0x00,0x00,0x00,0x00,0x00,0x00,0x00,0x00,0x00,0x00,0x00,0x00,0x00,0x00,0x00,
    0x00,0x00,0x00,0x00,0x3c,0x3c,0x4b,0x11,0x36,0x39,0x28,0x6b,0x60,0x64,0x6d,0xb1,
    0x9b,0xa0,0xc1,0xdf,0xcd,0xd4,0xf8,0xfb,0xdf,0xe8,0xff,0xff,0xb5,0xba,0xdc,0xff,
    0x49,0x48,0x7f,0xff,0x2b,0x2d,0x62,0xff,0x41,0x48,0x77,0xff,0x5f,0x6b,0x96,0xff,
    0x76,0x86,0xac,0xff,0x8c,0x9a,0xc1,0xff,0x90,0x9f,0xc5,0xff,0x8c,0x9c,0xc0,0xff,
    0x8b,0x9e,0xc3,0xff,0x89,0x9e,0xc4,0xff,0x7f,0x93,0xba,0xff,0x6b,0x7e,0xa6,0xff,
    0x51,0x64,0x8c,0xff,0x36,0x46,0x71,0xff,0x40,0x48,0x76,0xff,0x7a,0x7e,0xac,0xff,
    0xb1,0xb3,0xde,0xff,0xbd,0xbe,0xe7,0xff,0xaa,0xab,0xd1,0xff,0xa4,0xa7,0xcd,0xff,
    0xa1,0xa1,0xc8,0xff,0xa0,0x9e,0xc6,0xff,0x9f,0x9d,0xc6,0xff,0x9c,0x9c,0xc5,0xff,
    0x98,0x9a,0xc1,0xff,0x97,0x9a,0xc0,0xff,0x9f,0x9f,0xc7,0xff,0x9d,0x9e,0xc7,0xfc,
    0x91,0x92,0xbb,0xe6,0x86,0x86,0xb0,0xbd,0x89,0x89,0xb2,0x7c,0x97,0x90,0xc0,0x25,
    0x00,0x00,0x00,0x00,0x00,0x00,0x00,0x00,0x00,0x00,0x00,0x00,0x00,0x00,0x00,0x00,
    0x00,0x00,0x00,0x00,0x00,0x00,0x00,0x00,0x00,0x00,0x00,0x00,0x00,0x00,0x00,0x00,
    0x00,0x00,0x00,0x00,0x00,0x00,0x00,0x00,0x00,0x00,0x00,0x00,0x00,0x00,0x00,0x00,
    0x00,0x00,0x00,0x00,0x00,0x00,0x00,0x00,0x00,0x00,0x00,0x00,0x00,0x00,0x00,0x00,
    0x00,0x00,0x00,0x00,0x00,0x00,0x00,0x00,0x00,0x00,0x00,0x00,0x00,0x00,0x00,0x00,
    0x00,0x00,0x00,0x00,0x00,0x00,0x00,0x00,0x00,0x00,0x00,0x00,0x00,0x00,0x00,0x00,
    0x00,0x00,0x00,0x00,0x00,0x00,0x00,0x00,0x00,0x00,0x00,0x00,0x00,0x00,0x00,0x00,
    0x00,0x00,0x00,0x00,0x00,0x00,0x00,0x00,0x00,0x00,0x00,0x00,0x00,0x00,0x00,0x00,
    0x00,0x00,0x00,0x00,0x00,0x00,0x00,0x00,0x00,0x00,0x00,0x00,0x00,0x00,0x00,0x00,
    0x00,0x00,0x00,0x00,0x00,0x00,0x00,0x00,0x00,0x00,0x00,0x00,0x00,0x00,0x00,0x00,
    0x51,0x4d,0x4d,0x42,0x41,0x43,0x37,0x93,0x47,0x4c,0x4d,0xda,0x77,0x79,0x9d,0xfa,
    0xbd,0xbf,0xed,0xff,0xe1,0xe7,0xff,0xff,0xb3,0xba,0xdc,0xff,0x49,0x4e,0x7f,0xff,
    0x3d,0x40,0x78,0xff,0x77,0x7e,0xab,0xff,0xa2,0xb1,0xd5,0xff,0xaf,0xc3,0xe2,0xff,
    0xb1,0xc7,0xe4,0xff,0xb7,0xcc,0xe9,0xff,0xb8,0xcc,0xea,0xff,0xb8,0xcc,0xeb,0xff,
    0xb5,0xcb,0xea,0xff,0xaf,0xc6,0xe6,0xff,0xa6,0xbf,0xe0,0xff,0x9b,0xb4,0xd9,0xff,
    0x8e,0xa7,0xcc,0xff,0x71,0x86,0xb0,0xff,0x44,0x51,0x84,0xff,0x37,0x42,0x75,0xff,
    0x66,0x6d,0x9c,0xff,0xa8,0xab,0xd7,0xff,0xb6,0xb8,0xe0,0xff,0xa2,0xa5,0xcc,0xff,
    0x9b,0x9c,0xc5,0xff,0x9b,0x9b,0xc5,0xff,0x9a,0x9a,0xc4,0xff,0x96,0x97,0xc1,0xff,
    0x92,0x94,0xbd,0xff,0x92,0x94,0xbc,0xff,0x95,0x95,0xbd,0xff,0x9d,0x9f,0xca,0xff,
    0x98,0x99,0xc4,0xff,0x88,0x8a,0xb2,0xfe,0x80,0x82,0xa8,0xe4,0x81,0x83,0xaf,0xa3,
    0x84,0x87,0xb1,0x55,0xaa,0xaa,0xaa,0x03,0x00,0x00,0x00,0x00,0x00,0x00,0x00,0x00,
    0x00,0x00,0x00,0x00,0x00,0x00,0x00,0x00,0x00,0x00,0x00,0x00,0x00,0x00,0x00,0x00,
    0x00,0x00,0x00,0x00,0x00,0x00,0x00,0x00,0x00,0x00,0x00,0x00,0x00,0x00,0x00,0x00,
    0x00,0x00,0x00,0x00,0x00,0x00,0x00,0x00,0x00,0x00,0x00,0x00,0x00,0x00,0x00,0x00,
    0x00,0x00,0x00,0x00,0x00,0x00,0x00,0x00,0x00,0x00,0x00,0x00,0x00,0x00,0x00,0x00,
    0x00,0x00,0x00,0x00,0x00,0x00,0x00,0x00,0x00,0x00,0x00,0x00,0x00,0x00,0x00,0x00,
    0x00,0x00,0x00,0x00,0x00,0x00,0x00,0x00,0x00,0x00,0x00,0x00,0x00,0x00,0x00,0x00,
    0x00,0x00,0x00,0x00,0x00,0x00,0x00,0x00,0x00,0x00,0x00,0x00,0x00,0x00,0x00,0x00,
    0x00,0x00,0x00,0x00,0x00,0x00,0x00,0x00,0x00,0x00,0x00,0x00,0x00,0x00,0x00,0x00,
    0x00,0x00,0x00,0x00,0x00,0x00,0x00,0x00,0x4b,0x4b,0x5a,0x11,0x4d,0x4d,0x4a,0x56,
    0x49,0x4a,0x45,0xb8,0x46,0x47,0x40,0xf8,0x5c,0x5d,0x7b,0xff,0x9b,0x9b,0xcc,0xff,
    0xd3,0xd4,0xf8,0xff,0xc0,0xc2,0xdc,0xff,0x62,0x64,0x95,0xff,0x42,0x4d,0x7f,0xff,
    0x93,0xa0,0xc8,0xff,0xc7,0xd5,0xf4,0xff,0xd2,0xe2,0xfd,0xff,0xca,0xdb,0xf5,0xff,
    0xc0,0xd2,0xed,0xff,0xb9,0xcb,0xe6,0xff,0xb5,0xc9,0xe4,0xff,0xb7,0xc9,0xe7,0xff,
    0xb5,0xc7,0xe5,0xff,0xb3,0xc5,0xe4,0xff,0xb1,0xc5,0xe5,0xff,0xb1,0xc6,0xe9,0xff,
    0xb2,0xc7,0xe9,0xff,0xa9,0xbf,0xe5,0xff,0x81,0x98,0xc5,0xff,0x47,0x5f,0x8e,0xff,
    0x34,0x47,0x76,0xff,0x5f,0x6b,0x99,0xff,0xa3,0xaa,0xd3,0xff,0xa3,0xa6,0xcf,0xff,
    0x96,0x98,0xc2,0xff,0x95,0x98,0xc1,0xff,0x95,0x96,0xc1,0xff,0x90,0x92,0xbc,0xff,
    0x8d,0x8e,0xb9,0xff,0x8e,0x90,0xb9,0xff,0x8d,0x8d,0xb6,0xff,0x91,0x94,0xbf,0xff,
    0x98,0x9a,0xc6,0xff,0x91,0x93,0xbc,0xff,0x81,0x83,0xaa,0xff,0x7c,0x7d,0xa6,0xfb,
    0x7e,0x80,0xa7,0xcd,0x80,0x7e,0xaa,0x67,0x7b,0x7b,0x95,0x1d,0x00,0x00,0x00,0x00,
    0x00,0x00,0x00,0x00,0x00,0x00,0x00,0x00,0x00,0x00,0x00,0x00,0x00,0x00,0x00,0x00,
    0x00,0x00,0x00,0x00,0x00,0x00,0x00,0x00,0x00,0x00,0x00,0x00,0x00,0x00,0x00,0x00,
    0x00,0x00,0x00,0x00,0x00,0x00,0x00,0x00,0x00,0x00,0x00,0x00,0x00,0x00,0x00,0x00,
    0x00,0x00,0x00,0x00,0x00,0x00,0x00,0x00,0x00,0x00,0x00,0x00,0x00,0x00,0x00,0x00,
    0x00,0x00,0x00,0x00,0x00,0x00,0x00,0x00,0x00,0x00,0x00,0x00,0x00,0x00,0x00,0x00,
    0x00,0x00,0x00,0x00,0x00,0x00,0x00,0x00,0x00,0x00,0x00,0x00,0x00,0x00,0x00,0x00,
    0x00,0x00,0x00,0x00,0x00,0x00,0x00,0x00,0x00,0x00,0x00,0x00,0x00,0x00,0x00,0x00,
    0x00,0x00,0x00,0x00,0x00,0x00,0x00,0x00,0x00,0x00,0x00,0x00,0x00,0x00,0x00,0x00,
    0xff,0xff,0xff,0x01,0x46,0x46,0x46,0x1d,0x4c,0x4c,0x4e,0x6e,0x4c,0x4c,0x4a,0xd9,
    0x48,0x49,0x42,0xff,0x51,0x4f,0x57,0xff,0x78,0x73,0xa5,0xff,0xc1,0xc2,0xea,0xff,
    0xcd,0xcf,0xe6,0xff,0x7f,0x81,0xa2,0xff,0x40,0x47,0x7a,0xff,0x9d,0xb1,0xd4,0xff,
    0xcc,0xe0,0xfb,0xff,0xc4,0xd4,0xef,0xff,0xbd,0xc9,0xe4,0xff,0xbd,0xc8,0xe5,0xff,
    0xbc,0xc8,0xe6,0xff,0xb7,0xc6,0xe4,0xff,0xb4,0xc5,0xe4,0xff,0xb5,0xc4,0xe4,0xff,
    0xb5,0xc4,0xe4,0xff,0xb3,0xc4,0xe4,0xff,0xb1,0xc3,0xe4,0xff,0xaa,0xbf,0xe0,0xff,
    0xa6,0xb9,0xdc,0xff,0xa2,0xb8,0xdc,0xff,0x9f,0xbb,0xe1,0xff,0x82,0xa3,0xcb,0xff,
    0x49,0x68,0x93,0xff,0x2a,0x41,0x6e,0xff,0x68,0x74,0xa0,0xff,0x99,0x9d,0xc9,0xff,
    0x91,0x95,0xbe,0xff,0x92,0x95,0xbe,0xff,0x93,0x94,0xbe,0xff,0x8f,0x90,0xb9,0xff,
    0x8b,0x8c,0xb6,0xff,0x8a,0x8c,0xb5,0xff,0x8b,0x8b,0xb7,0xff,0x87,0x8a,0xb6,0xff,
    0x92,0x93,0xc2,0xff,0x93,0x94,0xc2,0xff,0x84,0x86,0xb0,0xff,0x79,0x7a,0xa1,0xff,
    0x7d,0x7d,0xa5,0xff,0x7c,0x7a,0xa5,0xea,0x78,0x78,0x9f,0x85,0x73,0x73,0x85,0x2c,
    0x3f,0x3f,0x00,0x04,0x00,0x00,0x00,0x00,0x00,0x00,0x00,0x00,0x00,0x00,0x00,0x00,
    0x00,0x00,0x00,0x00,0x00,0x00,0x00,0x00,0x00,0x00,0x00,0x00,0x00,0x00,0x00,0x00,
    0x00,0x00,0x00,0x00,0x00,0x00,0x00,0x00,0x00,0x00,0x00,0x00,0x00,0x00,0x00,0x00,
    0x00,0x00,0x00,0x00,0x00,0x00,0x00,0x00,0x00,0x00,0x00,0x00,0x00,0x00,0x00,0x00,
    0x00,0x00,0x00,0x00,0x00,0x00,0x00,0x00,0x00,0x00,0x00,0x00,0x00,0x00,0x00,0x00,
    0x00,0x00,0x00,0x00,0x00,0x00,0x00,0x00,0x00,0x00,0x00,0x00,0x00,0x00,0x00,0x00,
    0x00,0x00,0x00,0x00,0x00,0x00,0x00,0x00,0x00,0x00,0x00,0x00,0x00,0x00,0x00,0x00,
    0x00,0x00,0x00,0x00,0x00,0x00,0x00,0x00,0x00,0x00,0x00,0x00,0x00,0x00,0x00,0x00,
    0x4c,0x4c,0x4c,0x28,0x4d,0x4d,0x4d,0x91,0x4d,0x4d,0x4d,0xee,0x4c,0x4c,0x4a,0xff,
    0x4a,0x4a,0x45,0xff,0x5f,0x59,0x75,0xff,0xa0,0x9e,0xc8,0xff,0xd6,0xd9,0xf8,0xff,
    0x9c,0xa0,0xc1,0xff,0x4d,0x54,0x82,0xff,0x82,0x97,0xbd,0xff,0xc1,0xd7,0xf4,0xff,
    0xb5,0xc7,0xe4,0xff,0xb8,0xc7,0xe2,0xff,0xbe,0xcc,0xe7,0xff,0xbe,0xcc,0xe8,0xff,
    0xba,0xc8,0xe7,0xff,0xb7,0xc6,0xe6,0xff,0xb3,0xc5,0xe5,0xff,0xb2,0xc4,0xe3,0xff,
    0xb1,0xc4,0xe3,0xff,0xb0,0xc4,0xe4,0xff,0xac,0xc1,0xe3,0xff,0xa2,0xb9,0xdd,0xff,
    0x96,0xb0,0xd5,0xff,0x91,0xaa,0xd1,0xff,0x8e,0xa8,0xd1,0xff,0x8e,0xab,0xd3,0xff,
    0x79,0x95,0xc0,0xff,0x4b,0x63,0x91,0xff,0x31,0x40,0x70,0xff,0x72,0x7a,0xa6,0xff,
    0x8b,0x91,0xbb,0xff,0x92,0x95,0xbf,0xff,0x92,0x93,0xbd,0xff,0x8f,0x90,0xb8,0xff,
    0x8c,0x8e,0xb6,0xff,0x8a,0x8c,0xb5,0xff,0x89,0x8a,0xb4,0xff,0x85,0x88,0xb3,0xff,
    0x85,0x86,0xb9,0xff,0x89,0x89,0xc0,0xff,0x85,0x88,0xb8,0xff,0x75,0x78,0x9f,0xff,
    0x78,0x76,0xa2,0xff,0x74,0x73,0x9e,0xff,0x70,0x74,0x9e,0xf9,0x6d,0x71,0x93,0xa8,
    0x5d,0x61,0x6a,0x3c,0x00,0x00,0x00,0x01,0x00,0x00,0x00,0x00,0x00,0x00,0x00,0x00,
    0x00,0x00,0x00,0x00,0x00,0x00,0x00,0x00,0x00,0x00,0x00,0x00,0x00,0x00,0x00,0x00,
    0x00,0x00,0x00,0x00,0x00,0x00,0x00,0x00,0x00,0x00,0x00,0x00,0x00,0x00,0x00,0x00,
    0x00,0x00,0x00,0x00,0x00,0x00,0x00,0x00,0x00,0x00,0x00,0x00,0x00,0x00,0x00,0x00,
    0x00,0x00,0x00,0x00,0x00,0x00,0x00,0x00,0x00,0x00,0x00,0x00,0x00,0x00,0x00,0x00,
    0x00,0x00,0x00,0x00,0x00,0x00,0x00,0x00,0x00,0x00,0x00,0x00,0x00,0x00,0x00,0x00,
    0x00,0x00,0x00,0x00,0x00,0x00,0x00,0x00,0x00,0x00,0x00,0x00,0x00,0x00,0x00,0x00,
    0x00,0x00,0x00,0x00,0x00,0x00,0x00,0x00,0x00,0x00,0x00,0x00,0x45,0x45,0x45,0x30,
    0x4c,0x4c,0x4c,0xa9,0x4f,0x4f,0x4f,0xf3,0x4c,0x4d,0x4b,0xff,0x42,0x45,0x41,0xff,
    0x4f,0x50,0x54,0xff,0x86,0x7e,0xa4,0xff,0xd6,0xd5,0xf6,0xff,0xa3,0xa8,0xcb,0xff,
    0x55,0x5f,0x8d,0xff,0x61,0x72,0xa2,0xff,0xb1,0xcd,0xed,0xff,0xaa,0xc0,0xe0,0xff,
    0xb5,0xc3,0xe3,0xff,0xb7,0xc5,0xe2,0xff,0xb8,0xc6,0xe3,0xff,0xb8,0xc7,0xe6,0xff,
    0xb5,0xc7,0xe6,0xff,0xb2,0xc4,0xe4,0xff,0xae,0xc1,0xe1,0xff,0xac,0xc1,0xe0,0xff,
    0xac,0xc2,0xdf,0xff,0xaa,0xc0,0xde,0xff,0xa3,0xbb,0xdd,0xff,0x98,0xb2,0xda,0xff,
    0x89,0xa6,0xce,0xff,0x81,0x9d,0xc7,0xff,0x80,0x9b,0xc9,0xff,0x85,0xa0,0xcc,0xff,
    0x8a,0xa5,0xce,0xff,0x75,0x8e,0xb8,0xff,0x38,0x4c,0x79,0xff,0x3e,0x48,0x74,0xff,
    0x83,0x86,0xb2,0xff,0x90,0x93,0xbf,0xff,0x8d,0x91,0xbb,0xff,0x8d,0x91,0xb8,0xff,
    0x8b,0x8b,0xb4,0xff,0x8b,0x8a,0xb4,0xff,0x86,0x86,0xaf,0xff,0x84,0x85,0xaf,0xff,
    0x79,0x79,0xac,0xff,0x76,0x77,0xb3,0xff,0x7b,0x7f,0xb4,0xff,0x75,0x76,0xa0,0xff,
    0x6e,0x6f,0x9c,0xff,0x6f,0x71,0x98,0xff,0x6c,0x6e,0x98,0xff,0x6a,0x6a,0x97,0xf8,
    0x67,0x67,0x87,0xbe,0x4c,0x50,0x49,0x49,0x00,0x00,0x00,0x00,0x00,0x00,0x00,0x00,
    0x00,0x00,0x00,0x00,0x00,0x00,0x00,0x00,0x00,0x00,0x00,0x00,0x00,0x00,0x00,0x00,
    0x00,0x00,0x00,0x00,0x00,0x00,0x00,0x00,0x00,0x00,0x00,0x00,0x00,0x00,0x00,0x00,
    0x00,0x00,0x00,0x00,0x00,0x00,0x00,0x00,0x00,0x00,0x00,0x00,0x00,0x00,0x00,0x00,
    0x00,0x00,0x00,0x00,0x00,0x00,0x00,0x00,0x00,0x00,0x00,0x00,0x00,0x00,0x00,0x00,
    0x00,0x00,0x00,0x00,0x00,0x00,0x00,0x00,0x00,0x00,0x00,0x00,0x00,0x00,0x00,0x00,
    0x00,0x00,0x00,0x00,0x00,0x00,0x00,0x00,0x00,0x00,0x00,0x00,0x00,0x00,0x00,0x00,
    0x00,0x00,0x00,0x00,0x00,0x00,0x00,0x01,0x4b,0x4b,0x4b,0x2f,0x4a,0x4a,0x4a,0xae,
    0x4d,0x4d,0x4d,0xf1,0x52,0x51,0x52,0xff,0x4a,0x4c,0x48,0xff,0x3f,0x43,0x3e,0xff,
    0x5b,0x5c,0x6d,0xff,0xbc,0xb7,0xdc,0xff,0xc7,0xc7,0xe8,0xff,0x62,0x67,0x95,0xff,
    0x49,0x5b,0x90,0xff,0x8f,0xad,0xd7,0xff,0xa9,0xc2,0xe3,0xff,0xae,0xc1,0xe0,0xff,
    0xb7,0xc4,0xe4,0xff,0xb9,0xc7,0xe5,0xff,0xb6,0xc7,0xe4,0xff,0xb3,0xc5,0xe3,0xff,
    0xb0,0xc4,0xe3,0xff,0xae,0xc2,0xe1,0xff,0xad,0xc0,0xdf,0xff,0xac,0xc0,0xe0,0xff,
    0xaa,0xbe,0xdf,0xff,0xa5,0xb9,0xda,0xff,0x9a,0xb1,0xd7,0xff,0x8f,0xa9,0xd5,0xff,
    0x85,0xa0,0xcc,0xff,0x7f,0x9a,0xc6,0xff,0x7e,0x9a,0xc7,0xff,0x7f,0x9a,0xc8,0xff,
    0x83,0x9d,0xca,0xff,0x81,0x9c,0xc6,0xff,0x6b,0x82,0xaa,0xff,0x36,0x41,0x6e,0xff,
    0x5d,0x62,0x90,0xff,0x80,0x85,0xb0,0xff,0x88,0x8c,0xb6,0xff,0x85,0x87,0xb0,0xff,
    0x8a,0x8a,0xb4,0xff,0x84,0x83,0xaf,0xff,0x80,0x80,0xab,0xff,0x83,0x83,0xad,0xff,
    0x77,0x77,0xa8,0xff,0x6a,0x6b,0xa4,0xff,0x6a,0x6b,0xa2,0xff,0x70,0x71,0x9a,0xff,
    0x66,0x67,0x93,0xff,0x6b,0x6c,0x94,0xff,0x6c,0x6b,0x94,0xff,0x69,0x67,0x95,0xff,
    0x62,0x62,0x88,0xf7,0x58,0x59,0x68,0xc1,0x41,0x41,0x36,0x46,0x00,0x00,0x00,0x01,
    0x00,0x00,0x00,0x00,0x00,0x00,0x00,0x00,0x00,0x00,0x00,0x00,0x00,0x00,0x00,0x00,
    0x00,0x00,0x00,0x00,0x00,0x00,0x00,0x00,0x00,0x00,0x00,0x00,0x00,0x00,0x00,0x00,
    0x00,0x00,0x00,0x00,0x00,0x00,0x00,0x00,0x00,0x00,0x00,0x00,0x00,0x00,0x00,0x00,
    0x00,0x00,0x00,0x00,0x00,0x00,0x00,0x00,0x00,0x00,0x00,0x00,0x00,0x00,0x00,0x00,
    0x00,0x00,0x00,0x00,0x00,0x00,0x00,0x00,0x00,0x00,0x00,0x00,0x00,0x00,0x00,0x00,
    0x00,0x00,0x00,0x00,0x00,0x00,0x00,0x00,0x00,0x00,0x00,0x00,0x00,0x00,0x00,0x00,
    0x00,0x00,0x00,0x00,0x50,0x50,0x50,0x23,0x4d,0x4d,0x4d,0xa1,0x4c,0x4c,0x4c,0xef,
    0x50,0x4f,0x50,0xff,0x50,0x4f,0x50,0xff,0x48,0x4a,0x45,0xff,0x48,0x4b,0x46,0xff,
    0x7b,0x7b,0x93,0xff,0xdb,0xd7,0xfd,0xff,0x8a,0x89,0xb3,0xff,0x4b,0x53,0x86,0xff,
    0x6d,0x84,0xb5,0xff,0xad,0xcc,0xf0,0xff,0xab,0xbf,0xde,0xff,0xb4,0xc5,0xe2,0xff,
    0xb7,0xc8,0xe5,0xff,0xb9,0xcb,0xe6,0xff,0xb7,0xc7,0xe4,0xff,0xb4,0xc5,0xe2,0xff,
    0xb2,0xc4,0xe1,0xff,0xb1,0xc2,0xe1,0xff,0xaf,0xc0,0xe0,0xff,0xae,0xc0,0xe1,0xff,
    0xab,0xbe,0xdf,0xff,0xa5,0xb8,0xd9,0xff,0x9b,0xb0,0xd5,0xff,0x8f,0xa7,0xd3,0xff,
    0x8c,0xa4,0xd2,0xff,0x88,0xa2,0xcd,0xff,0x81,0x9e,0xc9,0xff,0x7b,0x9a,0xc6,0xff,
    0x79,0x98,0xc5,0xff,0x7c,0x9a,0xc5,0xff,0x85,0x9d,0xc8,0xff,0x64,0x77,0xa3,0xff,
    0x41,0x4f,0x81,0xff,0x63,0x6c,0x9a,0xff,0x80,0x83,0xad,0xff,0x81,0x81,0xaa,0xff,
    0x83,0x84,0xaf,0xff,0x7f,0x80,0xad,0xff,0x7c,0x7d,0xaa,0xff,0x7d,0x7e,0xa8,0xff,
    0x78,0x78,0xa4,0xff,0x68,0x69,0x9c,0xff,0x5c,0x5e,0x92,0xff,0x67,0x68,0x92,0xff,
    0x64,0x62,0x8e,0xff,0x68,0x67,0x92,0xff,0x67,0x67,0x91,0xff,0x62,0x61,0x8d,0xff,
    0x5f,0x5f,0x87,0xff,0x5d,0x5c,0x73,0xf6,0x4d,0x4c,0x49,0xb8,0x45,0x45,0x40,0x37,
    0x00,0x00,0x00,0x03,0x00,0x00,0x00,0x00,0x00,0x00,0x00,0x00,0x00,0x00,0x00,0x00,
    0x00,0x00,0x00,0x00,0x00,0x00,0x00,0x00,0x00,0x00,0x00,0x00,0x00,0x00,0x00,0x00,
    0x00,0x00,0x00,0x00,0x00,0x00,0x00,0x00,0x00,0x00,0x00,0x00,0x00,0x00,0x00,0x00,
    0x00,0x00,0x00,0x00,0x00,0x00,0x00,0x00,0x00,0x00,0x00,0x00,0x00,0x00,0x00,0x00,
    0x00,0x00,0x00,0x00,0x00,0x00,0x00,0x00,0x00,0x00,0x00,0x00,0x00,0x00,0x00,0x00,
    0x00,0x00,0x00,0x00,0x00,0x00,0x00,0x00,0x00,0x00,0x00,0x00,0x00,0x00,0x00,0x00,
    0x4f,0x4f,0x4f,0x1d,0x4d,0x4d,0x4d,0x87,0x4f,0x4f,0x4f,0xed,0x4e,0x4e,0x4e,0xff,
    0x50,0x50,0x50,0xff,0x4d,0x4d,0x4b,0xff,0x47,0x47,0x43,0xff,0x57,0x59,0x5d,0xff,
    0xa3,0xa2,0xc3,0xff,0xc5,0xc2,0xe6,0xff,0x5c,0x5e,0x8c,0xff,0x62,0x71,0xa2,0xff,
    0x96,0xb1,0xdb,0xff,0xad,0xc8,0xea,0xff,0xac,0xc1,0xe0,0xff,0xb3,0xc6,0xe4,0xff,
    0xb7,0xcb,0xe7,0xff,0xba,0xcc,0xe7,0xff,0xba,0xc9,0xe5,0xff,0xb7,0xc7,0xe4,0xff,
    0xb5,0xc5,0xe2,0xff,0xb4,0xc3,0xe1,0xff,0xb3,0xc3,0xe2,0xff,0xb1,0xc2,0xe1,0xff,
    0xb0,0xc1,0xe0,0xff,0xab,0xbe,0xdc,0xff,0xa2,0xb8,0xd9,0xff,0x9b,0xb2,0xd8,0xff,
    0x96,0xae,0xd9,0xff,0x8c,0xa5,0xcf,0xff,0x84,0xa0,0xca,0xff,0x80,0x9e,0xca,0xff,
    0x7c,0x9a,0xc7,0xff,0x7b,0x98,0xc5,0xff,0x84,0x9f,0xcb,0xff,0x87,0xa2,0xcd,0xff,
    0x4d,0x62,0x95,0xff,0x4a,0x56,0x8a,0xff,0x6a,0x6e,0x9d,0xff,0x7d,0x7e,0xa8,0xff,
    0x75,0x76,0xa0,0xff,0x7d,0x7f,0xaa,0xff,0x7a,0x7b,0xa7,0xff,0x75,0x77,0xa2,0xff,
    0x73,0x74,0x9f,0xff,0x68,0x68,0x99,0xff,0x5c,0x5d,0x8f,0xff,0x63,0x65,0x8f,0xff,
    0x61,0x5e,0x88,0xff,0x64,0x62,0x8e,0xff,0x62,0x62,0x8b,0xff,0x5d,0x5e,0x87,0xff,
    0x5c,0x5c,0x84,0xff,0x5d,0x5c,0x78,0xff,0x50,0x4f,0x55,0xf6,0x43,0x45,0x43,0xa2,
    0x3e,0x44,0x3e,0x2d,0x00,0x00,0x00,0x00,0x00,0x00,0x00,0x00,0x00,0x00,0x00,0x00,
    0x00,0x00,0x00,0x00,0x00,0x00,0x00,0x00,0x00,0x00,0x00,0x00,0x00,0x00,0x00,0x00,
    0x00,0x00,0x00,0x00,0x00,0x00,0x00,0x00,0x00,0x00,0x00,0x00,0x00,0x00,0x00,0x00,
    0x00,0x00,0x00,0x00,0x00,0x00,0x00,0x00,0x00,0x00,0x00,0x00,0x00,0x00,0x00,0x00,
    0x00,0x00,0x00,0x00,0x00,0x00,0x00,0x00,0x00,0x00,0x00,0x00,0x00,0x00,0x00,0x00,
    0x00,0x00,0x00,0x00,0x00,0x00,0x00,0x00,0x00,0x00,0x00,0x00,0x55,0x55,0x55,0x12,
    0x4d,0x4d,0x4d,0x6c,0x4e,0x4e,0x4e,0xe7,0x51,0x51,0x51,0xff,0x4e,0x4e,0x4e,0xff,
    0x50,0x50,0x50,0xff,0x49,0x49,0x45,0xff,0x48,0x47,0x45,0xff,0x6e,0x6e,0x7e,0xff,
    0xc2,0xc6,0xec,0xff,0x8f,0x90,0xb5,0xff,0x54,0x5d,0x8e,0xff,0x88,0xa0,0xcd,0xff,
    0xb2,0xd0,0xf2,0xff,0xa9,0xc2,0xe0,0xff,0xaf,0xc5,0xe3,0xff,0xb4,0xc7,0xe5,0xff,
    0xbc,0xcc,0xea,0xff,0xbf,0xcd,0xea,0xff,0xbe,0xcc,0xe8,0xff,0xbc,0xcb,0xe7,0xff,
    0xba,0xc9,0xe4,0xff,0xba,0xc8,0xe3,0xff,0xb8,0xc8,0xe2,0xff,0xb8,0xc7,0xe1,0xff,
    0xb7,0xc6,0xe3,0xff,0xb2,0xc4,0xe1,0xff,0xab,0xc0,0xde,0xff,0xa6,0xbd,0xde,0xff,
    0x9f,0xb6,0xdb,0xff,0x92,0xaa,0xd2,0xff,0x91,0xaa,0xd2,0xff,0x93,0xad,0xd7,0xff,
    0x92,0xac,0xd6,0xff,0x8d,0xa7,0xd1,0xff,0x8b,0xa6,0xd1,0xff,0x92,0xaf,0xda,0xff,
    0x75,0x8c,0xbc,0xff,0x46,0x56,0x89,0xff,0x4a,0x56,0x87,0xff,0x6c,0x72,0x9e,0xff,
    0x70,0x71,0x98,0xff,0x77,0x78,0xa0,0xff,0x76,0x77,0xa2,0xff,0x6f,0x71,0x9c,0xff,
    0x6c,0x6d,0x9a,0xff,0x68,0x66,0x97,0xff,0x61,0x60,0x91,0xff,0x62,0x64,0x8d,0xff,
    0x5b,0x5b,0x83,0xff,0x5f,0x5e,0x88,0xff,0x5e,0x5e,0x85,0xff,0x5c,0x5d,0x84,0xff,
    0x5b,0x5b,0x82,0xff,0x5a,0x58,0x79,0xff,0x52,0x51,0x5e,0xff,0x44,0x47,0x45,0xf5,
    0x44,0x45,0x42,0x87,0x41,0x41,0x41,0x1f,0x00,0x00,0x00,0x00,0x00,0x00,0x00,0x00,
    0x00,0x00,0x00,0x00,0x00,0x00,0x00,0x00,0x00,0x00,0x00,0x00,0x00,0x00,0x00,0x00,
    0x00,0x00,0x00,0x00,0x00,0x00,0x00,0x00,0x00,0x00,0x00,0x00,0x00,0x00,0x00,0x00,
    0x00,0x00,0x00,0x00,0x00,0x00,0x00,0x00,0x00,0x00,0x00,0x00,0x00,0x00,0x00,0x00,
    0x00,0x00,0x00,0x00,0x00,0x00,0x00,0x00,0x00,0x00,0x00,0x00,0x00,0x00,0x00,0x00,
    0x00,0x00,0x00,0x00,0x00,0x00,0x00,0x00,0x00,0x00,0x00,0x00,0x4c,0x4c,0x4c,0x53,
    0x4e,0x4e,0x4e,0xd4,0x51,0x51,0x51,0xff,0x4f,0x4f,0x4f,0xff,0x4f,0x4f,0x4f,0xff,
    0x50,0x50,0x50,0xff,0x46,0x45,0x40,0xff,0x4f,0x4d,0x4c,0xff,0x83,0x82,0x99,0xff,
    0xc3,0xcd,0xf7,0xff,0x62,0x69,0x95,0xff,0x63,0x73,0xa2,0xff,0x93,0xad,0xd4,0xff,
    0xae,0xca,0xe6,0xff,0xb0,0xc7,0xde,0xff,0xbd,0xce,0xe8,0xff,0xc5,0xd3,0xec,0xff,
    0xc8,0xd3,0xef,0xff,0xc5,0xd0,0xee,0xff,0xc3,0xd0,0xea,0xff,0xc2,0xd0,0xe7,0xff,
    0xc1,0xcf,0xe8,0xff,0xc0,0xce,0xe8,0xff,0xbc,0xca,0xe2,0xff,0xbf,0xcd,0xe4,0xff,
    0xbf,0xcc,0xe7,0xff,0xba,0xc8,0xe6,0xff,0xb2,0xc4,0xe4,0xff,0xad,0xc1,0xe3,0xff,
    0xa6,0xbd,0xdf,0xff,0xa1,0xb8,0xdb,0xff,0xa3,0xb9,0xdb,0xff,0xa4,0xb9,0xda,0xff,
    0xa0,0xb5,0xd5,0xff,0x9a,0xaf,0xd0,0xff,0x93,0xaa,0xcf,0xff,0x8c,0xa3,0xcd,0xff,
    0x90,0xa8,0xcf,0xff,0x5e,0x73,0x9d,0xff,0x3d,0x4f,0x7e,0xff,0x51,0x5b,0x88,0xff,
    0x75,0x78,0x9c,0xff,0x6d,0x6c,0x94,0xff,0x71,0x72,0x9c,0xff,0x6c,0x6d,0x99,0xff,
    0x68,0x69,0x97,0xff,0x65,0x64,0x94,0xff,0x61,0x5f,0x8f,0xff,0x5f,0x62,0x8a,0xff,
    0x58,0x5b,0x80,0xff,0x5b,0x5c,0x83,0xff,0x5c,0x5d,0x82,0xff,0x5c,0x5d,0x81,0xff,
    0x59,0x5a,0x80,0xff,0x56,0x54,0x79,0xff,0x53,0x52,0x65,0xff,0x49,0x4c,0x4a,0xff,
    0x44,0x46,0x43,0xe9,0x44,0x44,0x44,0x68,0x3f,0x3f,0x3f,0x04,0x00,0x00,0x00,0x00,
    0x00,0x00,0x00,0x00,0x00,0x00,0x00,0x00,0x00,0x00,0x00,0x00,0x00,0x00,0x00,0x00,
    0x00,0x00,0x00,0x00,0x00,0x00,0x00,0x00,0x00,0x00,0x00,0x00,0x00,0x00,0x00,0x00,
    0x00,0x00,0x00,0x00,0x00,0x00,0x00,0x00,0x00,0x00,0x00,0x00,0x00,0x00,0x00,0x00,
    0x00,0x00,0x00,0x00,0x00,0x00,0x00,0x00,0x00,0x00,0x00,0x00,0x00,0x00,0x00,0x00,
    0x00,0x00,0x00,0x00,0x00,0x00,0x00,0x00,0x4d,0x4d,0x4d,0x3b,0x4d,0x4d,0x4d,0xb5,
    0x51,0x51,0x51,0xff,0x50,0x50,0x50,0xff,0x4f,0x4f,0x4f,0xff,0x4f,0x4f,0x4f,0xff,
    0x4f,0x4f,0x50,0xff,0x4a,0x4a,0x43,0xff,0x58,0x56,0x56,0xff,0x80,0x7e,0x9c,0xff,
    0x9a,0x9f,0xd2,0xff,0x50,0x58,0x85,0xff,0x5d,0x6b,0x8e,0xff,0x62,0x72,0x8b,0xff,
    0x72,0x84,0x97,0xff,0x9b,0xac,0xbf,0xff,0xc2,0xce,0xe4,0xff,0xd8,0xe1,0xf8,0xff,
    0xcf,0xda,0xf7,0xff,0xc3,0xcf,0xec,0xff,0xc0,0xce,0xe8,0xff,0xc3,0xd1,0xe8,0xff,
    0xc2,0xd1,0xe8,0xff,0xbc,0xcb,0xe5,0xff,0xba,0xca,0xe2,0xff,0xbf,0xce,0xe7,0xff,
    0xc0,0xcf,0xea,0xff,0xba,0xc8,0xe7,0xff,0xb3,0xc3,0xe6,0xff,0xb3,0xc5,0xe8,0xff,
    0xad,0xc3,0xe2,0xff,0xa0,0xb7,0xd4,0xff,0x91,0xa7,0xc1,0xff,0x7c,0x90,0xa8,0xff,
    0x69,0x7d,0x92,0xff,0x5f,0x71,0x85,0xff,0x5b,0x6b,0x83,0xff,0x64,0x72,0x91,0xff,
    0x77,0x88,0xa5,0xff,0x7e,0x90,0xb1,0xff,0x58,0x68,0x90,0xff,0x41,0x4b,0x76,0xff,
    0x67,0x6c,0x94,0xff,0x67,0x68,0x92,0xff,0x69,0x6a,0x95,0xff,0x6b,0x6b,0x96,0xff,
    0x66,0x66,0x92,0xff,0x60,0x5e,0x8c,0xff,0x5d,0x5b,0x8a,0xff,0x5f,0x60,0x89,0xff,
    0x57,0x59,0x7f,0xff,0x59,0x5b,0x81,0xff,0x5a,0x5b,0x82,0xff,0x59,0x5a,0x80,0xff,
    0x56,0x58,0x7e,0xff,0x55,0x56,0x79,0xff,0x56,0x54,0x6c,0xff,0x4d,0x4b,0x4d,0xff,
    0x49,0x48,0x46,0xff,0x45,0x45,0x43,0xcb,0x42,0x45,0x45,0x51,0x00,0x00,0x00,0x00,
    0x00,0x00,0x00,0x00,0x00,0x00,0x00,0x00,0x00,0x00,0x00,0x00,0x00,0x00,0x00,0x00,
    0x00,0x00,0x00,0x00,0x00,0x00,0x00,0x00,0x00,0x00,0x00,0x00,0x00,0x00,0x00,0x00,
    0x00,0x00,0x00,0x00,0x00,0x00,0x00,0x00,0x00,0x00,0x00,0x00,0x00,0x00,0x00,0x00,
    0x00,0x00,0x00,0x00,0x00,0x00,0x00,0x00,0x00,0x00,0x00,0x00,0x00,0x00,0x00,0x00,
    0x00,0x00,0x00,0x00,0x4f,0x4f,0x4f,0x10,0x4b,0x4b,0x4b,0x83,0x4f,0x4f,0x4f,0xeb,
    0x52,0x52,0x52,0xff,0x50,0x50,0x50,0xff,0x4f,0x4f,0x4f,0xff,0x4f,0x4f,0x4f,0xff,
    0x4c,0x4c,0x4d,0xff,0x4d,0x4d,0x47,0xff,0x62,0x62,0x65,0xff,0x80,0x81,0xa5,0xff,
    0x76,0x75,0xa6,0xff,0x20,0x24,0x35,0xff,0x15,0x1e,0x28,0xff,0x1c,0x21,0x30,0xff,
    0x2e,0x30,0x42,0xff,0x44,0x48,0x5b,0xff,0x57,0x64,0x76,0xff,0x7b,0x90,0xa4,0xff,
    0x9d,0xb4,0xca,0xff,0xa9,0xbf,0xdd,0xff,0xab,0xc0,0xe1,0xff,0xac,0xc1,0xe0,0xff,
    0xad,0xc2,0xde,0xff,0xa9,0xbe,0xdb,0xff,0xae,0xc3,0xdf,0xff,0xb1,0xc5,0xe5,0xff,
    0xaa,0xc0,0xe2,0xff,0x9e,0xb6,0xd9,0xff,0x94,0xaa,0xcb,0xff,0x89,0x9a,0xb9,0xff,
    0x6e,0x80,0x9c,0xff,0x4e,0x5f,0x78,0xff,0x35,0x45,0x59,0xff,0x22,0x30,0x40,0xff,
    0x17,0x24,0x2e,0xff,0x11,0x1c,0x25,0xff,0x0d,0x14,0x20,0xff,0x13,0x19,0x28,0xff,
    0x1d,0x25,0x35,0xff,0x3e,0x49,0x5a,0xff,0x47,0x53,0x6d,0xff,0x40,0x49,0x71,0xff,
    0x52,0x56,0x84,0xff,0x6e,0x70,0x9a,0xff,0x60,0x62,0x8d,0xff,0x68,0x68,0x93,0xff,
    0x65,0x63,0x8f,0xff,0x59,0x56,0x85,0xff,0x57,0x54,0x83,0xff,0x5b,0x5d,0x88,0xff,
    0x56,0x59,0x7f,0xff,0x59,0x59,0x80,0xff,0x56,0x57,0x7e,0xff,0x55,0x56,0x7e,0xff,
    0x55,0x55,0x7d,0xff,0x53,0x54,0x79,0xff,0x55,0x53,0x71,0xff,0x51,0x4f,0x52,0xff,
    0x4b,0x4a,0x46,0xff,0x47,0x47,0x45,0xf6,0x47,0x47,0x47,0x9a,0x47,0x47,0x47,0x20,
    0x00,0x00,0x00,0x00,0x00,0x00,0x00,0x00,0x00,0x00,0x00,0x00,0x00,0x00,0x00,0x00,
    0x00,0x00,0x00,0x00,0x00,0x00,0x00,0x00,0x00,0x00,0x00,0x00,0x00,0x00,0x00,0x00,
    0x00,0x00,0x00,0x00,0x00,0x00,0x00,0x00,0x00,0x00,0x00,0x00,0x00,0x00,0x00,0x00,
    0x00,0x00,0x00,0x00,0x00,0x00,0x00,0x00,0x00,0x00,0x00,0x00,0x00,0x00,0x00,0x00,
    0x00,0x00,0x00,0x00,0x4b,0x4b,0x4b,0x55,0x4d,0x4d,0x4d,0xca,0x50,0x50,0x50,0xff,
    0x52,0x52,0x52,0xff,0x50,0x50,0x50,0xff,0x4f,0x4f,0x4f,0xff,0x4f,0x4e,0x4f,0xff,
    0x4c,0x4b,0x4a,0xff,0x4a,0x4a,0x46,0xff,0x6b,0x6c,0x78,0xff,0x8e,0x90,0xbb,0xff,
    0x4c,0x4b,0x6d,0xff,0x24,0x2a,0x33,0xff,0x5b,0x66,0x78,0xff,0x67,0x6d,0x88,0xff,
    0x40,0x42,0x5b,0xff,0x13,0x14,0x22,0xff,0x07,0x09,0x0d,0xff,0x12,0x18,0x23,0xff,
    0x34,0x3e,0x4f,0xff,0x60,0x6d,0x8f,0xff,0x7b,0x93,0xbd,0xff,0x88,0xa8,0xd1,0xff,
    0x91,0xaf,0xd5,0xff,0x99,0xb4,0xda,0xff,0xa2,0xbb,0xdc,0xff,0x9b,0xb5,0xdc,0xff,
    0x82,0xa6,0xd3,0xff,0x68,0x89,0xb5,0xff,0x4f,0x61,0x83,0xff,0x32,0x38,0x50,0xff,
    0x17,0x20,0x30,0xff,0x0b,0x12,0x21,0xff,0x08,0x0e,0x1d,0xff,0x0d,0x10,0x1b,0xff,
    0x14,0x15,0x21,0xff,0x1f,0x21,0x33,0xff,0x32,0x3d,0x54,0xff,0x43,0x51,0x67,0xff,
    0x3d,0x49,0x5e,0xff,0x31,0x39,0x50,0xff,0x2d,0x32,0x4a,0xff,0x2d,0x31,0x4c,0xff,
    0x36,0x39,0x5e,0xff,0x65,0x68,0x91,0xff,0x62,0x64,0x8c,0xff,0x66,0x67,0x90,0xff,
    0x64,0x61,0x8d,0xff,0x58,0x55,0x84,0xff,0x50,0x4e,0x7f,0xff,0x57,0x59,0x85,0xff,
    0x54,0x57,0x7d,0xff,0x57,0x57,0x7d,0xff,0x54,0x55,0x7b,0xff,0x53,0x54,0x7b,0xff,
    0x56,0x53,0x7c,0xff,0x56,0x53,0x7b,0xff,0x53,0x50,0x73,0xff,0x4e,0x4d,0x54,0xff,
    0x4a,0x4b,0x47,0xff,0x4a,0x4a,0x47,0xff,0x47,0x47,0x47,0xdd,0x45,0x45,0x45,0x72,
    0x00,0x00,0x00,0x00,0x00,0x00,0x00,0x00,0x00,0x00,0x00,0x00,0x00,0x00,0x00,0x00,
    0x00,0x00,0x00,0x00,0x00,0x00,0x00,0x00,0x00,0x00,0x00,0x00,0x00,0x00,0x00,0x00,
    0x00,0x00,0x00,0x00,0x00,0x00,0x00,0x00,0x00,0x00,0x00,0x00,0x00,0x00,0x00,0x00,
    0x00,0x00,0x00,0x00,0x00,0x00,0x00,0x00,0x00,0x00,0x00,0x00,0xff,0xff,0xff,0x01,
    0x48,0x48,0x48,0x1c,0x4c,0x4c,0x4c,0xa1,0x4d,0x4d,0x4d,0xf3,0x51,0x51,0x51,0xff,
    0x52,0x52,0x52,0xff,0x4f,0x4f,0x4f,0xff,0x4f,0x50,0x50,0xff,0x50,0x4f,0x50,0xff,
    0x4d,0x4c,0x4b,0xff,0x4c,0x4c,0x49,0xff,0x6c,0x6d,0x7c,0xff,0x8b,0x8f,0xb6,0xff,
    0x4a,0x4f,0x6b,0xff,0x6e,0x79,0x90,0xff,0xa4,0xb6,0xd7,0xff,0xa2,0xb5,0xda,0xff,
    0x71,0x83,0xa4,0xff,0x36,0x43,0x5d,0xff,0x15,0x1c,0x2d,0xff,0x0a,0x0a,0x1c,0xff,
    0x0e,0x10,0x27,0xff,0x28,0x2e,0x4e,0xff,0x4a,0x5e,0x88,0xff,0x67,0x89,0xb8,0xff,
    0x7b,0x9f,0xcc,0xff,0x89,0xab,0xd4,0xff,0x90,0xad,0xd8,0xff,0x7c,0x9c,0xcd,0xff,
    0x60,0x89,0xbe,0xff,0x46,0x65,0x94,0xff,0x2a,0x33,0x56,0xff,0x13,0x10,0x25,0xff,
    0x07,0x08,0x17,0xff,0x04,0x04,0x15,0xff,0x09,0x07,0x1b,0xff,0x17,0x15,0x2b,0xff,
    0x29,0x2a,0x44,0xff,0x3f,0x43,0x66,0xff,0x54,0x64,0x8b,0xff,0x65,0x7c,0x9f,0xff,
    0x69,0x7d,0x9e,0xff,0x5c,0x6c,0x8d,0xff,0x4f,0x59,0x7a,0xff,0x3d,0x42,0x61,0xff,
    0x29,0x2e,0x4d,0xff,0x48,0x4c,0x73,0xff,0x64,0x66,0x8f,0xff,0x63,0x63,0x8d,0xff,
    0x62,0x60,0x8d,0xff,0x59,0x56,0x85,0xff,0x4e,0x4b,0x7c,0xff,0x56,0x57,0x83,0xff,
    0x53,0x55,0x7b,0xff,0x54,0x53,0x7b,0xff,0x52,0x53,0x7a,0xff,0x52,0x53,0x7b,0xff,
    0x55,0x52,0x7c,0xff,0x56,0x52,0x7a,0xff,0x50,0x4e,0x73,0xff,0x4c,0x4c,0x58,0xff,
    0x4b,0x4c,0x48,0xff,0x4a,0x4a,0x47,0xff,0x48,0x48,0x48,0xfb,0x46,0x46,0x46,0xb8,
    0x41,0x41,0x41,0x2b,0xff,0xff,0xff,0x01,0x00,0x00,0x00,0x00,0x00,0x00,0x00,0x00,
    0x00,0x00,0x00,0x00,0x00,0x00,0x00,0x00,0x00,0x00,0x00,0x00,0x00,0x00,0x00,0x00,
    0x00,0x00,0x00,0x00,0x00,0x00,0x00,0x00,0x00,0x00,0x00,0x00,0x00,0x00,0x00,0x00,
    0x00,0x00,0x00,0x00,0x00,0x00,0x00,0x00,0x00,0x00,0x00,0x00,0x00,0x00,0x00,0x01,
    0x4c,0x4c,0x4c,0x5d,0x4d,0x4d,0x4d,0xd8,0x50,0x50,0x50,0xff,0x51,0x51,0x51,0xff,
    0x50,0x50,0x50,0xff,0x50,0x50,0x50,0xff,0x50,0x51,0x51,0xff,0x51,0x50,0x50,0xff,
    0x4c,0x4c,0x49,0xff,0x51,0x51,0x4f,0xff,0x68,0x68,0x78,0xff,0x7a,0x7d,0xa4,0xff,
    0x61,0x6d,0x8d,0xff,0xa2,0xb3,0xd8,0xff,0xa6,0xbe,0xe8,0xff,0x99,0xb5,0xdd,0xff,
    0x8a,0xa6,0xcc,0xff,0x76,0x8e,0xb5,0xff,0x5d,0x70,0x95,0xff,0x43,0x4e,0x72,0xff,
    0x2e,0x38,0x5e,0xff,0x24,0x30,0x56,0xff,0x33,0x44,0x70,0xff,0x50,0x6c,0x9f,0xff,
    0x6d,0x91,0xc5,0xff,0x7d,0xa3,0xcf,0xff,0x79,0x9a,0xcd,0xff,0x61,0x82,0xbc,0xff,
    0x4c,0x6d,0xa7,0xff,0x38,0x4e,0x7e,0xff,0x24,0x29,0x4d,0xff,0x1a,0x17,0x33,0xff,
    0x18,0x19,0x36,0xff,0x1a,0x1d,0x3d,0xff,0x29,0x2b,0x4e,0xff,0x37,0x3e,0x65,0xff,
    0x40,0x4e,0x79,0xff,0x46,0x57,0x86,0xff,0x4b,0x5f,0x90,0xff,0x57,0x6c,0x9a,0xff,
    0x67,0x7b,0xa7,0xff,0x6d,0x81,0xaa,0xff,0x6a,0x7b,0xa4,0xff,0x58,0x64,0x8b,0xff,
    0x39,0x41,0x62,0xff,0x31,0x36,0x5b,0xff,0x5b,0x5d,0x88,0xff,0x5d,0x5e,0x89,0xff,
    0x60,0x60,0x8d,0xff,0x58,0x56,0x85,0xff,0x4b,0x48,0x78,0xff,0x56,0x55,0x81,0xff,
    0x52,0x54,0x7a,0xff,0x51,0x51,0x7a,0xff,0x52,0x52,0x7b,0xff,0x52,0x52,0x7c,0xff,
    0x53,0x52,0x7b,0xff,0x55,0x53,0x7a,0xff,0x4e,0x4d,0x74,0xff,0x4d,0x4e,0x5c,0xff,
    0x4b,0x4c,0x49,0xff,0x49,0x49,0x46,0xff,0x49,0x48,0x49,0xff,0x48,0x48,0x48,0xe5,
    0x47,0x47,0x47,0x7c,0x00,0x00,0x00,0x01,0x00,0x00,0x00,0x00,0x00,0x00,0x00,0x00,
    0x00,0x00,0x00,0x00,0x00,0x00,0x00,0x00,0x00,0x00,0x00,0x00,0x00,0x00,0x00,0x00,
    0x00,0x00,0x00,0x00,0x00,0x00,0x00,0x00,0x00,0x00,0x00,0x00,0x00,0x00,0x00,0x00,
    0x00,0x00,0x00,0x00,0x00,0x00,0x00,0x00,0x00,0x00,0x00,0x00,0x3f,0x3f,0x3f,0x14,
    0x4d,0x4d,0x4d,0xa2,0x4e,0x4e,0x4e,0xf4,0x51,0x51,0x51,0xff,0x50,0x50,0x50,0xff,
    0x4f,0x4f,0x4f,0xff,0x51,0x51,0x51,0xff,0x51,0x51,0x51,0xff,0x50,0x50,0x50,0xff,
    0x4a,0x4a,0x46,0xff,0x57,0x57,0x54,0xff,0x68,0x66,0x78,0xff,0x6a,0x68,0x9a,0xff,
    0x6e,0x7c,0xa4,0xff,0x98,0xb1,0xd9,0xff,0x77,0x96,0xc7,0xff,0x73,0x92,0xc3,0xff,
    0x89,0xa6,0xd3,0xff,0x9b,0xb6,0xe1,0xff,0x92,0xac,0xd9,0xff,0x6f,0x89,0xbb,0xff,
    0x54,0x6f,0xa4,0xff,0x41,0x5a,0x8c,0xff,0x3a,0x4f,0x82,0xff,0x46,0x5f,0x97,0xff,
    0x65,0x86,0xbf,0xff,0x79,0x9d,0xce,0xff,0x69,0x8c,0xc3,0xff,0x51,0x6f,0xad,0xff,
    0x3f,0x56,0x8f,0xff,0x31,0x40,0x70,0xff,0x29,0x2e,0x58,0xff,0x27,0x2b,0x53,0xff,
    0x2f,0x3b,0x66,0xff,0x44,0x55,0x83,0xff,0x5f,0x72,0xa2,0xff,0x6a,0x81,0xb4,0xff,
    0x5e,0x7b,0xb0,0xff,0x49,0x67,0x9a,0xff,0x3d,0x50,0x84,0xff,0x3b,0x49,0x7b,0xff,
    0x43,0x52,0x82,0xff,0x4f,0x61,0x8f,0xff,0x5b,0x6d,0x9a,0xff,0x5e,0x70,0x98,0xff,
    0x50,0x5c,0x80,0xff,0x29,0x31,0x56,0xff,0x4b,0x4d,0x78,0xff,0x59,0x59,0x84,0xff,
    0x60,0x61,0x8c,0xff,0x56,0x55,0x82,0xff,0x48,0x46,0x74,0xff,0x55,0x54,0x7f,0xff,
    0x52,0x53,0x79,0xff,0x50,0x51,0x7a,0xff,0x51,0x50,0x7a,0xff,0x50,0x50,0x7a,0xff,
    0x53,0x52,0x79,0xff,0x56,0x55,0x7a,0xff,0x4e,0x4d,0x73,0xff,0x4e,0x4d,0x60,0xff,
    0x4b,0x4c,0x4b,0xff,0x48,0x48,0x45,0xff,0x49,0x48,0x49,0xff,0x49,0x49,0x49,0xfa,
    0x49,0x49,0x49,0xbf,0x3f,0x3f,0x3f,0x1c,0x00,0x00,0x00,0x01,0x00,0x00,0x00,0x00,
    0x00,0x00,0x00,0x00,0x00,0x00,0x00,0x00,0x00,0x00,0x00,0x00,0x00,0x00,0x00,0x00,
    0x00,0x00,0x00,0x00,0x00,0x00,0x00,0x00,0x00,0x00,0x00,0x00,0x00,0x00,0x00,0x00,
    0x00,0x00,0x00,0x00,0x00,0x00,0x00,0x00,0x48,0x48,0x48,0x07,0x4e,0x4e,0x4e,0x4b,
    0x4c,0x4c,0x4c,0xd8,0x4e,0x4e,0x4e,0xfd,0x50,0x50,0x50,0xff,0x50,0x50,0x50,0xff,
    0x50,0x50,0x50,0xff,0x51,0x51,0x51,0xff,0x50,0x50,0x50,0xff,0x51,0x50,0x51,0xff,
    0x49,0x48,0x45,0xff,0x5d,0x5e,0x5a,0xff,0x6e,0x6d,0x84,0xff,0x62,0x5f,0x99,0xff,
    0x5f,0x6c,0x97,0xff,0x7c,0x99,0xc1,0xff,0x5d,0x85,0xbd,0xff,0x63,0x88,0xc3,0xff,
    0x7b,0x9a,0xcc,0xff,0x88,0xa0,0xc8,0xff,0x7a,0x91,0xba,0xff,0x5a,0x73,0xa4,0xff,
    0x4a,0x67,0x9f,0xff,0x4f,0x6a,0xa1,0xff,0x4c,0x67,0x9d,0xff,0x4d,0x6c,0xa2,0xff,
    0x61,0x86,0xbb,0xff,0x7c,0x9e,0xd2,0xff,0x6e,0x91,0xca,0xff,0x4e,0x6a,0xa6,0xff,
    0x33,0x47,0x7f,0xff,0x28,0x35,0x65,0xff,0x2a,0x32,0x60,0xff,0x33,0x3f,0x71,0xff,
    0x53,0x6b,0x9c,0xff,0x78,0x98,0xc4,0xff,0x8a,0xa8,0xd7,0xff,0x89,0xa5,0xd9,0xff,
    0x77,0x93,0xca,0xff,0x5e,0x79,0xae,0xff,0x4e,0x5e,0x91,0xff,0x3b,0x47,0x78,0xff,
    0x30,0x3e,0x6f,0xff,0x37,0x45,0x76,0xff,0x44,0x52,0x80,0xff,0x4f,0x5f,0x86,0xff,
    0x4c,0x5f,0x83,0xff,0x28,0x34,0x5a,0xff,0x3e,0x41,0x6a,0xff,0x5a,0x5a,0x85,0xff,
    0x61,0x62,0x8c,0xff,0x52,0x52,0x7d,0xff,0x47,0x45,0x72,0xff,0x55,0x53,0x7f,0xff,
    0x53,0x54,0x79,0xff,0x52,0x53,0x79,0xff,0x51,0x52,0x78,0xff,0x4f,0x50,0x77,0xff,
    0x53,0x52,0x78,0xff,0x57,0x56,0x7a,0xff,0x4c,0x4b,0x71,0xff,0x4d,0x4a,0x63,0xff,
    0x4c,0x4c,0x4e,0xff,0x4a,0x4a,0x47,0xff,0x49,0x49,0x49,0xff,0x49,0x49,0x49,0xff,
    0x49,0x48,0x49,0xe5,0x44,0x44,0x44,0x69,0x3f,0x3f,0x3f,0x0c,0x00,0x00,0x00,0x00,
    0x00,0x00,0x00,0x00,0x00,0x00,0x00,0x00,0x00,0x00,0x00,0x00,0x00,0x00,0x00,0x00,
    0x00,0x00,0x00,0x00,0x00,0x00,0x00,0x00,0x00,0x00,0x00,0x00,0x00,0x00,0x00,0x00,
    0x00,0x00,0x00,0x00,0x00,0x00,0x00,0x00,0x4f,0x4f,0x4f,0x10,0x4f,0x4f,0x4f,0x87,
    0x4f,0x4f,0x4f,0xf7,0x4f,0x4f,0x4f,0xff,0x4f,0x4f,0x4f,0xff,0x51,0x51,0x51,0xff,
    0x52,0x52,0x52,0xff,0x50,0x50,0x50,0xff,0x4f,0x4f,0x4f,0xff,0x52,0x52,0x52,0xff,
    0x49,0x49,0x44,0xff,0x63,0x64,0x61,0xff,0x76,0x75,0x8c,0xff,0x5d,0x5e,0x95,0xff,
    0x50,0x61,0x8a,0xff,0x6b,0x8b,0xb9,0xff,0x50,0x6f,0x9f,0xff,0x38,0x51,0x75,0xff,
    0x30,0x41,0x59,0xff,0x31,0x3c,0x50,0xff,0x30,0x39,0x50,0xff,0x21,0x27,0x47,0xff,
    0x23,0x31,0x5a,0xff,0x41,0x54,0x84,0xff,0x52,0x6c,0x9e,0xff,0x59,0x7d,0xaf,0xff,
    0x6b,0x94,0xc3,0xff,0x89,0xad,0xd9,0xff,0x87,0xa8,0xd7,0xff,0x59,0x72,0xae,0xff,
    0x33,0x45,0x80,0xff,0x25,0x2e,0x60,0xff,0x2b,0x34,0x61,0xff,0x41,0x59,0x89,0xff,
    0x6a,0x8f,0xc0,0xff,0x67,0x82,0xac,0xff,0x51,0x66,0x85,0xff,0x4a,0x5b,0x7a,0xff,
    0x45,0x52,0x74,0xff,0x3b,0x43,0x64,0xff,0x3d,0x43,0x67,0xff,0x3a,0x48,0x74,0xff,
    0x32,0x3f,0x6f,0xff,0x32,0x41,0x6e,0xff,0x37,0x47,0x70,0xff,0x40,0x52,0x7a,0xff,
    0x45,0x57,0x80,0xff,0x29,0x38,0x5f,0xff,0x32,0x37,0x5f,0xff,0x5a,0x5d,0x87,0xff,
    0x63,0x63,0x8c,0xff,0x4f,0x4e,0x77,0xff,0x43,0x42,0x6f,0xff,0x52,0x51,0x7d,0xff,
    0x53,0x54,0x7a,0xff,0x51,0x53,0x78,0xff,0x4e,0x4f,0x75,0xff,0x4d,0x4e,0x74,0xff,
    0x52,0x52,0x78,0xff,0x56,0x54,0x79,0xff,0x49,0x48,0x6f,0xff,0x4b,0x47,0x63,0xff,
    0x4e,0x4e,0x51,0xff,0x4b,0x4c,0x48,0xff,0x49,0x49,0x49,0xff,0x4a,0x4a,0x4a,0xff,
    0x47,0x47,0x46,0xfa,0x45,0x45,0x45,0xaf,0x3f,0x3f,0x3f,0x18,0x00,0x00,0x00,0x00,
    0x00,0x00,0x00,0x00,0x00,0x00,0x00,0x00,0x00,0x00,0x00,0x00,0x00,0x00,0x00,0x00,
    0x00,0x00,0x00,0x00,0x00,0x00,0x00,0x00,0x00,0x00,0x00,0x00,0x00,0x00,0x00,0x00,
    0x00,0x00,0x00,0x00,0x00,0x00,0x00,0x00,0x50,0x50,0x50,0x23,0x50,0x50,0x50,0xb8,
    0x50,0x50,0x50,0xfb,0x4f,0x4f,0x4f,0xff,0x50,0x50,0x50,0xff,0x52,0x52,0x52,0xff,
    0x52,0x52,0x52,0xff,0x50,0x50,0x50,0xff,0x50,0x50,0x50,0xff,0x50,0x51,0x52,0xff,
    0x46,0x46,0x42,0xff,0x68,0x66,0x67,0xff,0x7d,0x7a,0x92,0xff,0x5d,0x62,0x95,0xff,
    0x55,0x6f,0x9f,0xff,0x52,0x63,0x95,0xff,0x13,0x1a,0x29,0xff,0x15,0x18,0x20,0xff,
    0x28,0x2d,0x30,0xff,0x1e,0x20,0x1e,0xff,0x01,0x02,0x05,0xff,0x03,0x03,0x06,0xff,
    0x01,0x03,0x09,0xff,0x19,0x21,0x47,0xff,0x39,0x4f,0x87,0xff,0x55,0x7a,0xb2,0xff,
    0x77,0xa0,0xce,0xff,0xac,0xc6,0xe9,0xff,0xa5,0xc0,0xe4,0xff,0x6e,0x89,0xbd,0xff,
    0x40,0x51,0x8a,0xff,0x24,0x2b,0x5d,0xff,0x2b,0x36,0x60,0xff,0x49,0x66,0x91,0xff,
    0x30,0x49,0x7b,0xff,0x22,0x28,0x48,0xff,0x20,0x24,0x29,0xff,0x12,0x15,0x15,0xff,
    0x05,0x07,0x0b,0xff,0x07,0x08,0x0c,0xff,0x0d,0x0f,0x19,0xff,0x18,0x21,0x37,0xff,
    0x21,0x29,0x4d,0xff,0x2c,0x36,0x60,0xff,0x33,0x41,0x6d,0xff,0x39,0x4a,0x77,0xff,
    0x3f,0x50,0x7c,0xff,0x37,0x44,0x6c,0xff,0x28,0x2f,0x56,0xff,0x4e,0x54,0x7c,0xff,
    0x62,0x61,0x89,0xff,0x53,0x4e,0x78,0xff,0x43,0x41,0x6d,0xff,0x50,0x51,0x7c,0xff,
    0x53,0x54,0x7a,0xff,0x50,0x50,0x78,0xff,0x4b,0x4b,0x75,0xff,0x4a,0x4a,0x74,0xff,
    0x51,0x50,0x78,0xff,0x57,0x56,0x7a,0xff,0x47,0x46,0x6e,0xff,0x4b,0x45,0x65,0xff,
    0x51,0x4e,0x53,0xff,0x4b,0x4b,0x49,0xff,0x48,0x48,0x49,0xff,0x4a,0x4a,0x4a,0xff,
    0x47,0x48,0x45,0xfd,0x45,0x44,0x45,0xd5,0x43,0x43,0x43,0x35,0x00,0x00,0x00,0x01,
    0x00,0x00,0x00,0x00,0x00,0x00,0x00,0x00,0x00,0x00,0x00,0x00,0x00,0x00,0x00,0x00,
    0x00,0x00,0x00,0x00,0x00,0x00,0x00,0x00,0x00,0x00,0x00,0x00,0x00,0x00,0x00,0x00,
    0x00,0x00,0x00,0x00,0x3f,0x3f,0x3f,0x0c,0x51,0x51,0x51,0x55,0x50,0x50,0x50,0xe5,
    0x51,0x51,0x51,0xfe,0x50,0x50,0x50,0xff,0x4f,0x4f,0x4f,0xff,0x51,0x51,0x51,0xff,
    0x51,0x51,0x51,0xff,0x50,0x50,0x50,0xff,0x50,0x50,0x50,0xff,0x50,0x50,0x50,0xff,
    0x44,0x44,0x3f,0xff,0x64,0x63,0x63,0xff,0x78,0x78,0x8f,0xff,0x62,0x6b,0x9f,0xff,
    0x6a,0x85,0xb9,0xff,0x51,0x61,0x8b,0xff,0x0d,0x0d,0x21,0xff,0x20,0x1f,0x34,0xff,
    0x55,0x57,0x68,0xff,0x52,0x54,0x56,0xff,0x0f,0x11,0x0c,0xff,0x04,0x07,0x06,0xff,
    0x00,0x00,0x0a,0xff,0x09,0x09,0x2d,0xff,0x33,0x41,0x77,0xff,0x67,0x85,0xbc,0xff,
    0x94,0xb4,0xe0,0xff,0xc1,0xd4,0xf0,0xff,0xbc,0xd1,0xee,0xff,0x89,0xa3,0xd1,0xff,
    0x49,0x5a,0x91,0xff,0x2d,0x37,0x69,0xff,0x3c,0x4a,0x73,0xff,0x45,0x59,0x7d,0xff,
    0x03,0x04,0x2b,0xff,0x4b,0x4a,0x61,0xff,0x6c,0x70,0x6f,0xff,0x2e,0x2f,0x26,0xff,
    0x00,0x00,0x00,0xff,0x06,0x08,0x06,0xff,0x14,0x13,0x16,0xff,0x0c,0x0c,0x12,0xff,
    0x0c,0x0f,0x1e,0xff,0x1a,0x1d,0x3f,0xff,0x25,0x2d,0x5c,0xff,0x30,0x3e,0x6f,0xff,
    0x41,0x52,0x7f,0xff,0x49,0x5d,0x84,0xff,0x26,0x2f,0x57,0xff,0x3f,0x44,0x70,0xff,
    0x5d,0x5d,0x89,0xff,0x57,0x54,0x7e,0xff,0x43,0x40,0x6b,0xff,0x52,0x52,0x7b,0xff,
    0x51,0x53,0x79,0xff,0x51,0x51,0x78,0xff,0x4c,0x4b,0x75,0xff,0x4b,0x4a,0x76,0xff,
    0x53,0x51,0x7a,0xff,0x57,0x56,0x7b,0xff,0x44,0x43,0x6d,0xff,0x4a,0x44,0x67,0xff,
    0x51,0x4f,0x54,0xff,0x4b,0x4b,0x48,0xff,0x47,0x48,0x48,0xff,0x4a,0x4a,0x4a,0xff,
    0x48,0x49,0x47,0xff,0x46,0x46,0x46,0xf1,0x45,0x45,0x45,0x71,0x48,0x48,0x48,0x15,
    0x00,0x00,0x00,0x00,0x00,0x00,0x00,0x00,0x00,0x00,0x00,0x00,0x00,0x00,0x00,0x00,
    0x00,0x00,0x00,0x00,0x00,0x00,0x00,0x00,0x00,0x00,0x00,0x00,0x00,0x00,0x00,0x00,
    0x00,0x00,0x00,0x00,0x4b,0x4b,0x4b,0x1b,0x4f,0x4f,0x4f,0x83,0x50,0x50,0x50,0xfe,
    0x4f,0x4f,0x4f,0xff,0x4f,0x4f,0x4f,0xff,0x4f,0x4f,0x4f,0xff,0x50,0x50,0x50,0xff,
    0x50,0x50,0x50,0xff,0x50,0x50,0x50,0xff,0x51,0x51,0x51,0xff,0x51,0x51,0x50,0xff,
    0x46,0x46,0x41,0xff,0x5a,0x59,0x5a,0xff,0x6d,0x70,0x89,0xff,0x6f,0x7b,0xaf,0xff,
    0x8a,0xa5,0xd1,0xff,0x7b,0x91,0xb8,0xff,0x41,0x50,0x75,0xff,0x35,0x41,0x69,0xff,
    0x4d,0x58,0x80,0xff,0x55,0x5f,0x7c,0xff,0x2f,0x3a,0x4b,0xff,0x1b,0x23,0x3d,0xff,
    0x2d,0x32,0x56,0xff,0x44,0x4b,0x71,0xff,0x66,0x76,0xa1,0xff,0x8d,0xa4,0xd1,0xff,
    0xac,0xc2,0xeb,0xff,0xc2,0xd1,0xee,0xff,0xc2,0xd2,0xef,0xff,0x94,0xac,0xd8,0xff,
    0x50,0x65,0x9a,0xff,0x3f,0x4f,0x81,0xff,0x5b,0x6c,0x94,0xff,0x60,0x70,0x93,0xff,
    0x3a,0x3b,0x62,0xff,0x69,0x73,0x9f,0xff,0x74,0x85,0xa6,0xff,0x3f,0x4b,0x5e,0xff,
    0x11,0x16,0x24,0xff,0x10,0x14,0x24,0xff,0x14,0x17,0x2a,0xff,0x13,0x13,0x24,0xff,
    0x1c,0x1e,0x32,0xff,0x29,0x2d,0x50,0xff,0x36,0x41,0x6e,0xff,0x44,0x57,0x85,0xff,
    0x56,0x6d,0x97,0xff,0x61,0x7d,0xa4,0xff,0x34,0x40,0x68,0xff,0x35,0x37,0x67,0xff,
    0x54,0x57,0x86,0xff,0x56,0x58,0x81,0xff,0x42,0x3e,0x68,0xff,0x55,0x53,0x7b,0xff,
    0x52,0x53,0x78,0xff,0x51,0x51,0x79,0xff,0x4c,0x4a,0x75,0xff,0x4b,0x4a,0x76,0xff,
    0x52,0x52,0x7b,0xff,0x54,0x54,0x7a,0xff,0x40,0x3f,0x69,0xff,0x46,0x41,0x6a,0xff,
    0x53,0x51,0x5f,0xff,0x4e,0x4e,0x4d,0xff,0x47,0x48,0x45,0xff,0x49,0x4a,0x49,0xff,
    0x4a,0x4a,0x49,0xff,0x48,0x48,0x48,0xff,0x46,0x46,0x46,0xa9,0x44,0x44,0x44,0x29,
    0x00,0x00,0x00,0x00,0x00,0x00,0x00,0x00,0x00,0x00,0x00,0x00,0x00,0x00,0x00,0x00,
    0x00,0x00,0x00,0x00,0x00,0x00,0x00,0x00,0x00,0x00,0x00,0x00,0x00,0x00,0x00,0x00,
    0x00,0x00,0x00,0x00,0x4e,0x4e,0x4e,0x27,0x4f,0x4f,0x4f,0xa6,0x52,0x52,0x52,0xff,
    0x4e,0x4e,0x4e,0xff,0x4e,0x4e,0x4e,0xff,0x4f,0x4f,0x4f,0xff,0x50,0x50,0x50,0xff,
    0x51,0x51,0x51,0xff,0x51,0x51,0x51,0xff,0x52,0x52,0x52,0xff,0x51,0x51,0x51,0xff,
    0x49,0x49,0x44,0xff,0x54,0x52,0x54,0xff,0x6b,0x6d,0x87,0xff,0x84,0x90,0xc2,0xff,
    0xa1,0xbd,0xe1,0xff,0x9c,0xb6,0xdc,0xff,0x7b,0x96,0xc2,0xff,0x5e,0x78,0xa4,0xff,
    0x53,0x68,0x98,0xff,0x55,0x67,0x98,0xff,0x53,0x64,0x91,0xff,0x49,0x56,0x88,0xff,
    0x67,0x75,0xa6,0xff,0x8d,0x9e,0xc4,0xff,0xa1,0xb6,0xd6,0xff,0xaa,0xc0,0xe1,0xff,
    0xb3,0xc6,0xe8,0xff,0xbd,0xcd,0xea,0xff,0xbb,0xca,0xeb,0xff,0x90,0xa5,0xd3,0xff,
    0x5b,0x73,0xa7,0xff,0x53,0x6b,0x9d,0xff,0x73,0x89,0xb2,0xff,0x84,0x99,0xbe,0xff,
    0x7d,0x8f,0xbb,0xff,0x69,0x7f,0xbc,0xff,0x53,0x6e,0xad,0xff,0x40,0x56,0x8d,0xff,
    0x2e,0x3a,0x68,0xff,0x1d,0x25,0x4f,0xff,0x1a,0x23,0x4d,0xff,0x2a,0x32,0x5a,0xff,
    0x3d,0x45,0x6c,0xff,0x4d,0x59,0x83,0xff,0x5e,0x71,0x9c,0xff,0x6d,0x85,0xaf,0xff,
    0x75,0x90,0xb8,0xff,0x77,0x95,0xbc,0xff,0x50,0x61,0x8a,0xff,0x35,0x37,0x68,0xff,
    0x4b,0x4d,0x7d,0xff,0x53,0x56,0x7f,0xff,0x43,0x40,0x68,0xff,0x56,0x53,0x7c,0xff,
    0x53,0x53,0x78,0xff,0x50,0x50,0x78,0xff,0x4b,0x4a,0x74,0xff,0x4b,0x4a,0x75,0xff,
    0x51,0x50,0x7a,0xff,0x4f,0x4f,0x77,0xff,0x3d,0x3c,0x63,0xff,0x3f,0x3c,0x68,0xff,
    0x55,0x53,0x6d,0xff,0x53,0x52,0x57,0xff,0x48,0x48,0x45,0xff,0x48,0x48,0x47,0xff,
    0x4a,0x4a,0x4b,0xff,0x49,0x49,0x49,0xff,0x47,0x47,0x47,0xce,0x48,0x48,0x48,0x38,
    0x00,0x00,0x00,0x00,0x00,0x00,0x00,0x00,0x00,0x00,0x00,0x00,0x00,0x00,0x00,0x00,
    0x00,0x00,0x00,0x00,0x00,0x00,0x00,0x00,0x00,0x00,0x00,0x00,0x00,0x00,0x00,0x00,
    0x00,0x00,0x00,0x00,0x4d,0x4d,0x4d,0x38,0x50,0x50,0x50,0xc4,0x51,0x51,0x51,0xff,
    0x4e,0x4e,0x4e,0xff,0x4f,0x4f,0x4f,0xff,0x4f,0x4f,0x4f,0xff,0x51,0x51,0x51,0xff,
    0x52,0x52,0x52,0xff,0x52,0x52,0x52,0xff,0x51,0x51,0x51,0xff,0x50,0x50,0x50,0xff,
    0x4b,0x49,0x45,0xff,0x56,0x52,0x55,0xff,0x75,0x75,0x8d,0xff,0x98,0xa5,0xd1,0xff,
    0xa3,0xc1,0xe4,0xff,0x9c,0xb5,0xd9,0xff,0x9a,0xb3,0xd8,0xff,0x9a,0xb4,0xd9,0xff,
    0x94,0xab,0xd2,0xff,0x86,0x9b,0xc7,0xff,0x7e,0x91,0xc2,0xff,0x81,0x93,0xc3,0xff,
    0x8f,0xa3,0xcd,0xff,0xac,0xbf,0xe2,0xff,0xb5,0xcb,0xe9,0xff,0xb0,0xc8,0xe5,0xff,
    0xb1,0xc7,0xe3,0xff,0xbd,0xcf,0xeb,0xff,0xad,0xc1,0xe6,0xff,0x86,0x9b,0xcb,0xff,
    0x6b,0x83,0xb6,0xff,0x68,0x84,0xb3,0xff,0x7c,0x97,0xc1,0xff,0x92,0xad,0xd4,0xff,
    0x8a,0xa7,0xd1,0xff,0x74,0x8c,0xbf,0xff,0x62,0x7c,0xb6,0xff,0x59,0x70,0xae,0xff,
    0x4e,0x61,0x9c,0xff,0x40,0x52,0x87,0xff,0x43,0x53,0x87,0xff,0x54,0x66,0x95,0xff,
    0x5f,0x72,0xa1,0xff,0x6e,0x85,0xb1,0xff,0x7f,0x9a,0xc3,0xff,0x8c,0xa5,0xce,0xff,
    0x89,0xa3,0xcc,0xff,0x81,0x9b,0xc4,0xff,0x6d,0x85,0xae,0xff,0x3c,0x46,0x75,0xff,
    0x41,0x43,0x73,0xff,0x4f,0x4f,0x78,0xff,0x49,0x47,0x6d,0xff,0x56,0x52,0x7c,0xff,
    0x52,0x52,0x77,0xff,0x4e,0x4e,0x75,0xff,0x4a,0x4a,0x73,0xff,0x4c,0x4b,0x75,0xff,
    0x50,0x4e,0x79,0xff,0x4c,0x4a,0x73,0xff,0x3b,0x38,0x5e,0xff,0x39,0x37,0x62,0xff,
    0x54,0x53,0x75,0xff,0x58,0x57,0x62,0xff,0x4b,0x4b,0x48,0xff,0x47,0x46,0x44,0xff,
    0x4b,0x4a,0x4c,0xff,0x48,0x48,0x48,0xff,0x47,0x47,0x47,0xe1,0x47,0x47,0x47,0x4b,
    0x00,0x00,0x00,0x00,0x00,0x00,0x00,0x00,0x00,0x00,0x00,0x00,0x00,0x00,0x00,0x00,
    0x00,0x00,0x00,0x00,0x00,0x00,0x00,0x00,0x00,0x00,0x00,0x00,0x00,0x00,0x00,0x00,
    0x4b,0x4b,0x4b,0x1b,0x50,0x50,0x50,0x56,0x4f,0x4f,0x4f,0xdd,0x52,0x52,0x52,0xff,
    0x50,0x50,0x50,0xff,0x51,0x51,0x51,0xff,0x50,0x50,0x50,0xff,0x50,0x50,0x50,0xff,
    0x51,0x51,0x51,0xff,0x51,0x51,0x51,0xff,0x50,0x50,0x50,0xff,0x51,0x50,0x51,0xff,
    0x49,0x47,0x43,0xff,0x57,0x53,0x56,0xff,0x7f,0x80,0x96,0xff,0xa5,0xb5,0xdc,0xff,
    0xa3,0xbe,0xe3,0xff,0xa6,0xbf,0xe5,0xff,0xb3,0xc8,0xe7,0xff,0xbc,0xce,0xe9,0xff,
    0xbb,0xce,0xe9,0xff,0xb2,0xc7,0xe8,0xff,0xab,0xbf,0xe1,0xff,0xa3,0xb6,0xd9,0xff,
    0xad,0xbf,0xe0,0xff,0xbb,0xcb,0xec,0xff,0xb4,0xc8,0xeb,0xff,0xae,0xc4,0xe6,0xff,
    0xb6,0xca,0xea,0xff,0xbb,0xcc,0xf1,0xff,0x9d,0xb4,0xe0,0xff,0x7c,0x95,0xc5,0xff,
    0x75,0x8e,0xbe,0xff,0x7a,0x94,0xc2,0xff,0x82,0x9e,0xca,0xff,0x91,0xab,0xd6,0xff,
    0x9d,0xb7,0xdd,0xff,0x9c,0xb4,0xd7,0xff,0x98,0xae,0xd1,0xff,0x92,0xaa,0xd1,0xff,
    0x8c,0xa5,0xce,0xff,0x86,0xa0,0xca,0xff,0x85,0x9d,0xc6,0xff,0x8b,0xa3,0xcb,0xff,
    0x8d,0xa6,0xce,0xff,0x8d,0xa7,0xd1,0xff,0x8d,0xa6,0xd0,0xff,0x8b,0xa3,0xcd,0xff,
    0x86,0x9f,0xc9,0xff,0x7b,0x95,0xc0,0xff,0x76,0x93,0xbd,0xff,0x49,0x5b,0x87,0xff,
    0x39,0x3f,0x6c,0xff,0x43,0x44,0x6f,0xff,0x50,0x4f,0x77,0xff,0x56,0x53,0x7d,0xff,
    0x50,0x52,0x75,0xff,0x4c,0x4b,0x74,0xff,0x49,0x48,0x73,0xff,0x4b,0x4a,0x75,0xff,
    0x4f,0x4e,0x78,0xff,0x4b,0x49,0x71,0xff,0x3a,0x34,0x5d,0xff,0x37,0x36,0x5e,0xff,
    0x51,0x51,0x74,0xff,0x5a,0x59,0x68,0xff,0x4f,0x4f,0x4d,0xff,0x46,0x46,0x43,0xff,
    0x4a,0x4a,0x4a,0xff,0x49,0x49,0x49,0xff,0x47,0x47,0x47,0xed,0x47,0x47,0x47,0x6b,
    0x00,0x00,0x00,0x00,0x00,0x00,0x00,0x00,0x00,0x00,0x00,0x00,0x00,0x00,0x00,0x00,
    0x00,0x00,0x00,0x00,0x00,0x00,0x00,0x00,0x00,0x00,0x00,0x00,0x00,0x00,0x00,0x00,
    0x4c,0x4c,0x4c,0x32,0x4f,0x4f,0x4f,0x6d,0x51,0x51,0x51,0xee,0x51,0x51,0x51,0xff,
    0x50,0x50,0x50,0xff,0x51,0x51,0x51,0xff,0x50,0x50,0x50,0xff,0x50,0x50,0x50,0xff,
    0x52,0x52,0x52,0xff,0x50,0x50,0x50,0xff,0x52,0x52,0x53,0xff,0x51,0x52,0x53,0xff,
    0x3a,0x39,0x33,0xff,0x43,0x42,0x3d,0xff,0x75,0x7f,0x8a,0xff,0xa7,0xbf,0xe1,0xff,
    0xaa,0xc2,0xea,0xff,0xb9,0xc9,0xee,0xff,0xbf,0xd0,0xec,0xff,0xbf,0xcf,0xe8,0xff,
    0xb6,0xc7,0xe3,0xff,0xac,0xbf,0xde,0xff,0xac,0xbd,0xdc,0xff,0xbd,0xca,0xe5,0xff,
    0xc5,0xd4,0xec,0xff,0xb8,0xcc,0xe8,0xff,0xac,0xc2,0xe4,0xff,0xac,0xc3,0xe7,0xff,
    0xb7,0xcb,0xf0,0xff,0xb4,0xc5,0xf0,0xff,0x94,0xaa,0xda,0xff,0x77,0x93,0xc2,0xff,
    0x74,0x91,0xbf,0xff,0x7d,0x9a,0xc7,0xff,0x87,0xa4,0xd0,0xff,0x95,0xac,0xd7,0xff,
    0xa5,0xb8,0xe0,0xff,0xa5,0xbb,0xdf,0xff,0xa0,0xb8,0xd8,0xff,0xa0,0xba,0xd9,0xff,
    0xa2,0xbb,0xdc,0xff,0xa2,0xbb,0xdd,0xff,0xa2,0xbc,0xdf,0xff,0xa1,0xb9,0xde,0xff,
    0x9e,0xb7,0xde,0xff,0x9a,0xb3,0xdb,0xff,0x94,0xac,0xd5,0xff,0x8c,0xa4,0xcf,0xff,
    0x81,0x9b,0xc6,0xff,0x70,0x8c,0xb8,0xff,0x69,0x87,0xb4,0xff,0x52,0x69,0x91,0xff,
    0x3a,0x46,0x6f,0xff,0x3c,0x3e,0x6b,0xff,0x4d,0x4d,0x7b,0xff,0x50,0x52,0x7c,0xff,
    0x4f,0x51,0x76,0xff,0x4c,0x4b,0x75,0xff,0x4a,0x49,0x75,0xff,0x4b,0x4a,0x75,0xff,
    0x4d,0x4d,0x74,0xff,0x4a,0x48,0x6e,0xff,0x37,0x30,0x58,0xff,0x36,0x32,0x5c,0xff,
    0x4d,0x49,0x74,0xff,0x58,0x54,0x6c,0xff,0x50,0x4f,0x50,0xff,0x47,0x49,0x43,0xff,
    0x4a,0x4a,0x4a,0xff,0x49,0x49,0x4a,0xff,0x47,0x47,0x47,0xf8,0x46,0x46,0x46,0x83,
    0x00,0x00,0x00,0x00,0x00,0x00,0x00,0x00,0x00,0x00,0x00,0x00,0x00,0x00,0x00,0x00,
    0x00,0x00,0x00,0x00,0x00,0x00,0x00,0x00,0x00,0x00,0x00,0x00,0x00,0x00,0x00,0x00,
    0x4f,0x4f,0x4f,0x4a,0x4f,0x4f,0x4f,0x84,0x50,0x50,0x50,0xff,0x50,0x50,0x50,0xff,
    0x4e,0x4e,0x4e,0xff,0x4f,0x4f,0x4f,0xff,0x50,0x50,0x50,0xff,0x51,0x51,0x51,0xff,
    0x52,0x52,0x52,0xff,0x52,0x52,0x52,0xff,0x51,0x52,0x50,0xff,0x4b,0x4e,0x4b,0xff,
    0x54,0x54,0x52,0xff,0x65,0x64,0x68,0xff,0x7f,0x8a,0x9b,0xff,0x9e,0xb6,0xdb,0xff,
    0xa7,0xbe,0xe8,0xff,0xba,0xcc,0xef,0xff,0xc0,0xd1,0xef,0xff,0xbd,0xcc,0xec,0xff,
    0xba,0xc6,0xe7,0xff,0xba,0xc8,0xe6,0xff,0xc0,0xcd,0xe9,0xff,0xc8,0xd5,0xee,0xff,
    0xc5,0xd5,0xed,0xff,0xb3,0xca,0xe6,0xff,0xa6,0xc0,0xe2,0xff,0xaa,0xc2,0xe6,0xff,
    0xb7,0xca,0xed,0xff,0xb2,0xc3,0xed,0xff,0x93,0xab,0xdc,0xff,0x79,0x93,0xc4,0xff,
    0x69,0x88,0xb7,0xff,0x6c,0x8e,0xbb,0xff,0x7e,0x9e,0xcb,0xff,0x93,0xac,0xd7,0xff,
    0xa3,0xb6,0xde,0xff,0xa7,0xba,0xe0,0xff,0xa7,0xbd,0xdf,0xff,0xa8,0xbf,0xe1,0xff,
    0xa8,0xc0,0xe2,0xff,0xa7,0xc0,0xe3,0xff,0xa8,0xbf,0xe3,0xff,0xa5,0xbb,0xe1,0xff,
    0x9e,0xb8,0xde,0xff,0x95,0xb1,0xd9,0xff,0x8d,0xa8,0xd0,0xff,0x84,0x9d,0xc9,0xff,
    0x77,0x91,0xbd,0xff,0x64,0x80,0xae,0xff,0x58,0x77,0xa7,0xff,0x52,0x6f,0x99,0xff,
    0x3c,0x4c,0x75,0xff,0x39,0x3c,0x69,0xff,0x4b,0x4a,0x7a,0xff,0x4f,0x51,0x7c,0xff,
    0x4e,0x50,0x76,0xff,0x4b,0x4b,0x75,0xff,0x4a,0x49,0x74,0xff,0x4a,0x4a,0x74,0xff,
    0x4c,0x4c,0x74,0xff,0x47,0x45,0x6c,0xff,0x32,0x2a,0x52,0xff,0x38,0x31,0x5b,0xff,
    0x4d,0x49,0x74,0xff,0x56,0x52,0x6c,0xff,0x4f,0x4e,0x51,0xff,0x49,0x4b,0x44,0xff,
    0x4c,0x4b,0x4c,0xff,0x49,0x49,0x4a,0xff,0x49,0x49,0x49,0xff,0x46,0x46,0x46,0x9c,
    0x00,0x00,0x00,0x00,0x00,0x00,0x00,0x00,0x00,0x00,0x00,0x00,0x00,0x00,0x00,0x00,
    0x00,0x00,0x00,0x00,0x00,0x00,0x00,0x00,0x00,0x00,0x00,0x00,0x00,0x00,0x00,0x00,
    0x50,0x50,0x50,0x5f,0x4f,0x4f,0x4f,0x96,0x52,0x52,0x52,0xff,0x50,0x50,0x50,0xff,
    0x50,0x50,0x50,0xff,0x50,0x50,0x50,0xff,0x4f,0x50,0x4e,0xff,0x51,0x51,0x50,0xff,
    0x54,0x53,0x54,0xff,0x51,0x50,0x51,0xff,0x48,0x49,0x44,0xff,0x56,0x58,0x54,0xff,
    0x9a,0x9c,0xab,0xff,0xa5,0xab,0xcc,0xff,0x8f,0x9d,0xc6,0xff,0x92,0xa6,0xd3,0xff,
    0xa5,0xb9,0xe6,0xff,0xb2,0xc5,0xeb,0xff,0xba,0xcc,0xeb,0xff,0xbc,0xcb,0xec,0xff,
    0xbe,0xcb,0xec,0xff,0xc2,0xcf,0xed,0xff,0xc5,0xd1,0xf0,0xff,0xc7,0xd4,0xf2,0xff,
    0xbd,0xcb,0xea,0xff,0xa8,0xc0,0xe2,0xff,0xa8,0xc0,0xe3,0xff,0xb9,0xca,0xeb,0xff,
    0xc4,0xcf,0xf1,0xff,0xb1,0xc3,0xe9,0xff,0x92,0xaa,0xda,0xff,0x7b,0x97,0xc8,0xff,
    0x69,0x84,0xb4,0xff,0x5e,0x7a,0xa8,0xff,0x67,0x87,0xb5,0xff,0x8a,0xa8,0xd5,0xff,
    0xa3,0xb8,0xde,0xff,0xa7,0xbc,0xdf,0xff,0xac,0xc1,0xe5,0xff,0xae,0xc4,0xe7,0xff,
    0xab,0xc3,0xe5,0xff,0xa8,0xc0,0xe2,0xff,0xa6,0xba,0xe2,0xff,0x9b,0xb3,0xe0,0xff,
    0x8d,0xab,0xd8,0xff,0x83,0xa1,0xd0,0xff,0x7a,0x98,0xc8,0xff,0x71,0x8f,0xbf,0xff,
    0x66,0x83,0xb2,0xff,0x57,0x73,0xa2,0xff,0x4b,0x69,0x99,0xff,0x4e,0x6c,0x9a,0xff,
    0x3b,0x4c,0x76,0xff,0x36,0x38,0x63,0xff,0x49,0x47,0x76,0xff,0x54,0x53,0x7f,0xff,
    0x4d,0x4d,0x77,0xff,0x4a,0x4a,0x74,0xff,0x49,0x49,0x72,0xff,0x4b,0x4a,0x73,0xff,
    0x4d,0x4c,0x75,0xff,0x46,0x43,0x6b,0xff,0x2f,0x27,0x4f,0xff,0x38,0x30,0x5a,0xff,
    0x4c,0x4a,0x75,0xff,0x56,0x53,0x6d,0xff,0x50,0x4f,0x51,0xff,0x49,0x4b,0x43,0xff,
    0x4c,0x4c,0x4c,0xff,0x4a,0x4a,0x4b,0xff,0x4c,0x4c,0x4c,0xff,0x47,0x47,0x47,0xae,
    0x00,0x00,0x00,0x00,0x00,0x00,0x00,0x00,0x00,0x00,0x00,0x00,0x00,0x00,0x00,0x00,
    0x00,0x00,0x00,0x00,0x00,0x00,0x00,0x00,0x00,0x00,0x00,0x00,0x00,0x00,0x00,0x00,
    0x4e,0x4e,0x4e,0x6e,0x51,0x51,0x51,0xa0,0x55,0x55,0x55,0xff,0x52,0x52,0x52,0xff,
    0x52,0x53,0x53,0xff,0x4e,0x4c,0x4c,0xff,0x45,0x43,0x40,0xff,0x48,0x47,0x42,0xff,
    0x52,0x53,0x51,0xff,0x50,0x50,0x51,0xff,0x41,0x42,0x3d,0xff,0x63,0x63,0x64,0xff,
    0xbd,0xc3,0xe0,0xff,0xb6,0xc5,0xfa,0xff,0x86,0x9b,0xd3,0xff,0x8a,0x9f,0xcf,0xff,
    0xa1,0xb6,0xe4,0xff,0xa7,0xbd,0xe6,0xff,0xb5,0xc7,0xea,0xff,0xbd,0xcc,0xed,0xff,
    0xc1,0xcf,0xef,0xff,0xc3,0xd1,0xef,0xff,0xc3,0xd0,0xef,0xff,0xc0,0xcb,0xee,0xff,
    0xb5,0xc3,0xe9,0xff,0xa6,0xbd,0xe5,0xff,0xad,0xc3,0xe9,0xff,0xc0,0xcd,0xf0,0xff,
    0xc1,0xcc,0xf1,0xff,0xa0,0xb4,0xe3,0xff,0x85,0xa0,0xd2,0xff,0x84,0xa2,0xd0,0xff,
    0x8a,0xa2,0xcf,0xff,0x6e,0x81,0xaf,0xff,0x50,0x69,0x99,0xff,0x6f,0x8f,0xc0,0xff,
    0xa3,0xbc,0xe5,0xff,0xa8,0xbd,0xe4,0xff,0xac,0xc2,0xe7,0xff,0xae,0xc3,0xe9,0xff,
    0xab,0xc1,0xe6,0xff,0xa6,0xbb,0xe1,0xff,0x9b,0xb2,0xdf,0xff,0x88,0xa5,0xda,0xff,
    0x78,0x98,0xcd,0xff,0x70,0x8e,0xc4,0xff,0x67,0x87,0xbd,0xff,0x5c,0x7f,0xb1,0xff,
    0x53,0x73,0xa5,0xff,0x4b,0x67,0x97,0xff,0x45,0x60,0x8f,0xff,0x4f,0x68,0x97,0xff,
    0x3c,0x49,0x74,0xff,0x32,0x33,0x5e,0xff,0x46,0x44,0x72,0xff,0x56,0x55,0x80,0xff,
    0x4d,0x4d,0x78,0xff,0x4a,0x49,0x73,0xff,0x47,0x47,0x70,0xff,0x4a,0x4a,0x73,0xff,
    0x4d,0x4d,0x75,0xff,0x43,0x42,0x68,0xff,0x2d,0x25,0x4d,0xff,0x37,0x30,0x5a,0xff,
    0x4c,0x49,0x74,0xff,0x56,0x54,0x6b,0xff,0x50,0x4f,0x50,0xff,0x49,0x4a,0x43,0xff,
    0x4c,0x4c,0x4c,0xff,0x4a,0x4a,0x4b,0xff,0x4c,0x4c,0x4c,0xff,0x49,0x49,0x49,0xb8,
    0x00,0x00,0x00,0x00,0x00,0x00,0x00,0x00,0x00,0x00,0x00,0x00,0x00,0x00,0x00,0x00,
    0x00,0x00,0x00,0x00,0x00,0x00,0x00,0x00,0x00,0x00,0x00,0x00,0x00,0x00,0x00,0x00,
    0x51,0x51,0x51,0x77,0x52,0x52,0x52,0xa6,0x56,0x56,0x56,0xff,0x52,0x52,0x52,0xff,
    0x4d,0x4e,0x4c,0xff,0x51,0x4d,0x4f,0xff,0x5a,0x56,0x57,0xff,0x58,0x58,0x56,0xff,
    0x4e,0x52,0x4e,0xff,0x4d,0x4e,0x4e,0xff,0x40,0x3e,0x3b,0xff,0x69,0x6a,0x72,0xff,
    0xb8,0xc3,0xe2,0xff,0x9d,0xb2,0xea,0xff,0x6b,0x85,0xc4,0xff,0x85,0x9d,0xcd,0xff,
    0x9c,0xb6,0xe4,0xff,0x9f,0xb9,0xe4,0xff,0xb0,0xc5,0xeb,0xff,0xbc,0xcc,0xef,0xff,
    0xbf,0xce,0xee,0xff,0xbe,0xcf,0xec,0xff,0xbc,0xcc,0xea,0xff,0xaf,0xbf,0xe5,0xff,
    0xa7,0xbb,0xe7,0xff,0xa2,0xbe,0xea,0xff,0xa2,0xc0,0xec,0xff,0xa3,0xbb,0xe8,0xff,
    0x94,0xab,0xde,0xff,0x73,0x8b,0xcb,0xff,0x66,0x81,0xbe,0xff,0x81,0x9c,0xd2,0xff,
    0xa2,0xba,0xec,0xff,0x86,0x99,0xcb,0xff,0x49,0x5f,0x92,0xff,0x4d,0x6c,0xa1,0xff,
    0x9a,0xb6,0xe7,0xff,0xaa,0xbd,0xeb,0xff,0xa9,0xbf,0xe7,0xff,0xa8,0xbb,0xe6,0xff,
    0xa3,0xb6,0xe4,0xff,0x99,0xae,0xdf,0xff,0x88,0xa6,0xd9,0xff,0x77,0x98,0xd1,0xff,
    0x69,0x88,0xc1,0xff,0x61,0x7f,0xb8,0xff,0x59,0x78,0xae,0xff,0x4e,0x70,0xa3,0xff,
    0x48,0x66,0x98,0xff,0x45,0x60,0x91,0xff,0x47,0x5d,0x8c,0xff,0x52,0x64,0x91,0xff,
    0x3b,0x43,0x6f,0xff,0x30,0x30,0x5d,0xff,0x46,0x46,0x72,0xff,0x56,0x56,0x7d,0xff,
    0x4e,0x4e,0x78,0xff,0x49,0x48,0x74,0xff,0x45,0x45,0x70,0xff,0x4b,0x4b,0x74,0xff,
    0x4d,0x4d,0x74,0xff,0x3e,0x3c,0x62,0xff,0x2c,0x24,0x4c,0xff,0x37,0x31,0x5c,0xff,
    0x4d,0x4a,0x72,0xff,0x55,0x53,0x66,0xff,0x4f,0x4f,0x4d,0xff,0x48,0x49,0x44,0xff,
    0x4b,0x4b,0x4b,0xff,0x49,0x49,0x4a,0xff,0x4b,0x4b,0x4b,0xff,0x49,0x49,0x49,0xbf,
    0x00,0x00,0x00,0x00,0x00,0x00,0x00,0x00,0x00,0x00,0x00,0x00,0x00,0x00,0x00,0x00,
    0x00,0x00,0x00,0x00,0x00,0x00,0x00,0x00,0x00,0x00,0x00,0x00,0x00,0x00,0x00,0x00,
    0x52,0x52,0x52,0x7e,0x51,0x51,0x51,0xac,0x54,0x54,0x55,0xff,0x51,0x51,0x50,0xff,
    0x3e,0x3e,0x39,0xff,0x67,0x64,0x6a,0xff,0xa3,0xa4,0xb6,0xff,0x91,0x98,0xa9,0xff,
    0x50,0x56,0x5b,0xff,0x47,0x46,0x43,0xff,0x3d,0x3b,0x38,0xff,0x74,0x7a,0x80,0xff,
    0xbe,0xcd,0xe8,0xff,0x8d,0xa4,0xe4,0xff,0x54,0x6f,0xba,0xff,0x7d,0x96,0xca,0xff,
    0x9e,0xb9,0xe6,0xff,0x9c,0xb7,0xe6,0xff,0xab,0xc1,0xea,0xff,0xb5,0xc6,0xed,0xff,
    0xb5,0xc6,0xeb,0xff,0xb3,0xc5,0xe7,0xff,0xaa,0xc0,0xe3,0xff,0x92,0xad,0xda,0xff,
    0x81,0xa0,0xd8,0xff,0x78,0x9f,0xd6,0xff,0x72,0x9b,0xd4,0xff,0x66,0x8d,0xca,0xff,
    0x52,0x73,0xb6,0xff,0x3c,0x57,0x9f,0xff,0x3d,0x4e,0x96,0xff,0x58,0x6b,0xad,0xff,
    0x77,0x91,0xce,0xff,0x76,0x92,0xcd,0xff,0x51,0x6d,0xa5,0xff,0x3e,0x58,0x8e,0xff,
    0x7f,0x9e,0xd2,0xff,0xa6,0xbb,0xec,0xff,0xa8,0xbb,0xe9,0xff,0x9f,0xb0,0xe3,0xff,
    0x93,0xa6,0xe0,0xff,0x85,0x9f,0xda,0xff,0x79,0x9a,0xd3,0xff,0x70,0x91,0xc9,0xff,
    0x63,0x81,0xbb,0xff,0x58,0x75,0xae,0xff,0x51,0x6c,0xa2,0xff,0x4d,0x65,0x98,0xff,
    0x48,0x61,0x93,0xff,0x47,0x60,0x90,0xff,0x4d,0x61,0x91,0xff,0x4e,0x5d,0x89,0xff,
    0x33,0x3a,0x65,0xff,0x30,0x32,0x5d,0xff,0x4d,0x4d,0x78,0xff,0x54,0x55,0x7a,0xff,
    0x4d,0x4e,0x76,0xff,0x49,0x47,0x74,0xff,0x46,0x45,0x72,0xff,0x4d,0x4c,0x76,0xff,
    0x4b,0x4a,0x71,0xff,0x35,0x32,0x58,0xff,0x2b,0x24,0x4c,0xff,0x39,0x34,0x60,0xff,
    0x4f,0x4c,0x6f,0xff,0x55,0x55,0x60,0xff,0x4f,0x50,0x4b,0xff,0x49,0x49,0x45,0xff,
    0x4b,0x4b,0x4a,0xff,0x4b,0x4b,0x4b,0xff,0x4c,0x4c,0x4c,0xff,0x48,0x48,0x48,0xc5,
    0x00,0x00,0x00,0x00,0x00,0x00,0x00,0x00,0x00,0x00,0x00,0x00,0x00,0x00,0x00,0x00,
    0x00,0x00,0x00,0x00,0x00,0x00,0x00,0x00,0x00,0x00,0x00,0x00,0x00,0x00,0x00,0x00,
    0x53,0x53,0x53,0x80,0x53,0x53,0x53,0xac,0x55,0x55,0x55,0xff,0x4f,0x4f,0x4d,0xff,
    0x3a,0x36,0x33,0xff,0x91,0x8f,0x99,0xff,0xcc,0xd7,0xf2,0xff,0xa3,0xb4,0xde,0xff,
    0x56,0x5d,0x7e,0xff,0x49,0x45,0x3e,0xff,0x42,0x40,0x3b,0xff,0x96,0x9c,0xa0,0xff,
    0xc2,0xd5,0xf4,0xff,0x71,0x8d,0xd4,0xff,0x39,0x55,0xa5,0xff,0x7a,0x91,0xc3,0xff,
    0xa5,0xbe,0xe9,0xff,0x9b,0xb3,0xe3,0xff,0xa2,0xb7,0xe4,0xff,0xa8,0xbc,0xe7,0xff,
    0xac,0xbc,0xe8,0xff,0xa5,0xb6,0xe4,0xff,0x8d,0xab,0xdc,0xff,0x6f,0x98,0xd0,0xff,
    0x40,0x67,0xb1,0xff,0x19,0x33,0x77,0xff,0x21,0x37,0x72,0xff,0x36,0x4f,0x8e,0xff,
    0x35,0x4e,0x97,0xff,0x27,0x3c,0x7e,0xff,0x1f,0x28,0x5a,0xff,0x17,0x1e,0x44,0xff,
    0x22,0x2f,0x63,0xff,0x3b,0x54,0x94,0xff,0x44,0x5f,0x9e,0xff,0x38,0x49,0x82,0xff,
    0x5b,0x73,0xac,0xff,0x92,0xb0,0xe4,0xff,0x9e,0xb5,0xe5,0xff,0x92,0xa9,0xdb,0xff,
    0x82,0x9d,0xd6,0xff,0x76,0x95,0xd3,0xff,0x70,0x8e,0xcb,0xff,0x6a,0x89,0xc2,0xff,
    0x5e,0x7c,0xb6,0xff,0x54,0x70,0xaa,0xff,0x50,0x69,0x9f,0xff,0x4e,0x65,0x97,0xff,
    0x4c,0x63,0x94,0xff,0x4b,0x62,0x92,0xff,0x50,0x64,0x96,0xff,0x41,0x51,0x7d,0xff,
    0x2a,0x32,0x5b,0xff,0x35,0x37,0x61,0xff,0x53,0x55,0x80,0xff,0x4d,0x51,0x75,0xff,
    0x49,0x4a,0x72,0xff,0x46,0x46,0x70,0xff,0x45,0x44,0x72,0xff,0x4b,0x4a,0x77,0xff,
    0x46,0x43,0x6c,0xff,0x2d,0x28,0x4f,0xff,0x2b,0x27,0x4f,0xff,0x3c,0x38,0x64,0xff,
    0x51,0x4e,0x6f,0xff,0x54,0x55,0x5e,0xff,0x4d,0x4f,0x4a,0xff,0x49,0x49,0x47,0xff,
    0x4c,0x4b,0x4c,0xff,0x4b,0x4b,0x4b,0xff,0x4d,0x4d,0x4d,0xff,0x48,0x48,0x48,0xc8,
    0x00,0x00,0x00,0x00,0x00,0x00,0x00,0x00,0x00,0x00,0x00,0x00,0x00,0x00,0x00,0x00,
    0x00,0x00,0x00,0x00,0x00,0x00,0x00,0x00,0x00,0x00,0x00,0x00,0x00,0x00,0x00,0x00,
    0x51,0x51,0x51,0x7a,0x52,0x52,0x52,0xa9,0x54,0x54,0x52,0xff,0x43,0x43,0x41,0xff,
    0x4d,0x50,0x53,0xff,0xb1,0xb7,0xcb,0xff,0xb2,0xc3,0xf8,0xff,0x71,0x82,0xc8,0xff,
    0x47,0x4b,0x75,0xff,0x4b,0x44,0x3c,0xff,0x53,0x55,0x52,0xff,0xb6,0xbf,0xc7,0xff,
    0xc4,0xdb,0xff,0xff,0x64,0x7e,0xc7,0xff,0x30,0x45,0x93,0xff,0x73,0x89,0xba,0xff,
    0xa3,0xc2,0xec,0xff,0x99,0xb1,0xe1,0xff,0x9b,0xb3,0xe1,0xff,0xa2,0xb7,0xe4,0xff,
    0xa1,0xb5,0xe4,0xff,0x8e,0xaa,0xdb,0xff,0x75,0x99,0xd0,0xff,0x79,0x9a,0xd3,0xff,
    0x65,0x7e,0xbe,0xff,0x19,0x20,0x60,0xff,0x0d,0x0d,0x46,0xff,0x27,0x2e,0x65,0xff,
    0x29,0x36,0x74,0xff,0x12,0x17,0x4d,0xff,0x03,0x03,0x24,0xff,0x00,0x00,0x06,0xff,
    0x04,0x06,0x1e,0xff,0x19,0x20,0x55,0xff,0x28,0x2f,0x70,0xff,0x20,0x25,0x5d,0xff,
    0x41,0x53,0x8f,0xff,0x74,0x96,0xd2,0xff,0x89,0xa8,0xde,0xff,0x85,0xa4,0xd7,0xff,
    0x76,0x97,0xcf,0xff,0x6c,0x8c,0xc9,0xff,0x67,0x85,0xc0,0xff,0x60,0x80,0xb8,0xff,
    0x56,0x73,0xad,0xff,0x4f,0x69,0xa4,0xff,0x4c,0x65,0x9c,0xff,0x4d,0x64,0x96,0xff,
    0x4b,0x62,0x93,0xff,0x4b,0x61,0x93,0xff,0x52,0x67,0x99,0xff,0x3b,0x48,0x74,0xff,
    0x29,0x2e,0x56,0xff,0x3b,0x3a,0x66,0xff,0x57,0x58,0x82,0xff,0x4b,0x4e,0x73,0xff,
    0x47,0x49,0x6f,0xff,0x3f,0x40,0x69,0xff,0x46,0x44,0x74,0xff,0x4b,0x47,0x75,0xff,
    0x3e,0x37,0x60,0xff,0x26,0x20,0x46,0xff,0x2f,0x2c,0x54,0xff,0x40,0x3c,0x68,0xff,
    0x51,0x4c,0x6e,0xff,0x51,0x51,0x5a,0xff,0x4c,0x4e,0x48,0xff,0x4b,0x4c,0x4a,0xff,
    0x4b,0x4b,0x4c,0xff,0x4a,0x4a,0x4a,0xff,0x4d,0x4d,0x4d,0xff,0x48,0x48,0x48,0xc1,
    0x00,0x00,0x00,0x00,0x00,0x00,0x00,0x00,0x00,0x00,0x00,0x00,0x00,0x00,0x00,0x00,
    0x00,0x00,0x00,0x00,0x00,0x00,0x00,0x00,0x00,0x00,0x00,0x00,0x00,0x00,0x00,0x00,
    0x4d,0x4d,0x4d,0x73,0x52,0x52,0x52,0xa4,0x52,0x51,0x50,0xff,0x39,0x3a,0x39,0xff,
    0x71,0x7a,0x85,0xff,0xcb,0xd9,0xeb,0xff,0xa3,0xb5,0xe9,0xff,0x56,0x62,0x9f,0xff,
    0x3d,0x3d,0x56,0xff,0x48,0x42,0x39,0xff,0x64,0x6c,0x6f,0xff,0xc0,0xcf,0xe3,0xff,
    0xb7,0xd2,0xfd,0xff,0x59,0x6f,0xb9,0xff,0x2b,0x3c,0x87,0xff,0x67,0x82,0xb2,0xff,
    0xa1,0xc3,0xec,0xff,0x95,0xb0,0xe0,0xff,0x95,0xb0,0xe1,0xff,0x97,0xb2,0xe2,0xff,
    0x91,0xae,0xde,0xff,0x81,0xa3,0xd4,0xff,0x7c,0x9e,0xd0,0xff,0x9f,0xb5,0xe0,0xff,
    0xa5,0xb3,0xde,0xff,0x74,0x7f,0xb0,0xff,0x72,0x7f,0xac,0xff,0x73,0x82,0xad,0xff,
    0x4a,0x53,0x87,0xff,0x28,0x2c,0x5c,0xff,0x29,0x2d,0x53,0xff,0x16,0x1a,0x3a,0xff,
    0x0b,0x0e,0x32,0xff,0x10,0x13,0x41,0xff,0x1c,0x21,0x56,0xff,0x2c,0x33,0x64,0xff,
    0x4a,0x5e,0x94,0xff,0x66,0x86,0xbf,0xff,0x76,0x96,0xd0,0xff,0x77,0x98,0xd2,0xff,
    0x6e,0x91,0xcb,0xff,0x64,0x87,0xc0,0xff,0x5d,0x7f,0xb7,0xff,0x57,0x75,0xad,0xff,
    0x4d,0x69,0xa2,0xff,0x4c,0x65,0x9d,0xff,0x4d,0x65,0x9b,0xff,0x4e,0x64,0x98,0xff,
    0x4c,0x62,0x94,0xff,0x4b,0x62,0x94,0xff,0x52,0x69,0x99,0xff,0x35,0x3e,0x6b,0xff,
    0x2b,0x2c,0x56,0xff,0x41,0x40,0x6a,0xff,0x58,0x58,0x81,0xff,0x4d,0x4d,0x74,0xff,
    0x43,0x44,0x6b,0xff,0x39,0x3a,0x62,0xff,0x48,0x45,0x74,0xff,0x48,0x40,0x6f,0xff,
    0x34,0x2a,0x54,0xff,0x26,0x1f,0x46,0xff,0x33,0x31,0x58,0xff,0x44,0x3f,0x6d,0xff,
    0x51,0x4c,0x6b,0xff,0x4f,0x4e,0x54,0xff,0x4b,0x4d,0x46,0xff,0x4b,0x4b,0x4b,0xff,
    0x4c,0x4c,0x4d,0xff,0x4b,0x4b,0x4b,0xff,0x4b,0x4b,0x4b,0xff,0x49,0x49,0x49,0xbb,
    0x00,0x00,0x00,0x00,0x00,0x00,0x00,0x00,0x00,0x00,0x00,0x00,0x00,0x00,0x00,0x00,
    0x00,0x00,0x00,0x00,0x00,0x00,0x00,0x00,0x00,0x00,0x00,0x00,0x00,0x00,0x00,0x00,
    0x4e,0x4e,0x4e,0x68,0x51,0x51,0x51,0x9d,0x50,0x4f,0x4e,0xff,0x3b,0x3e,0x3e,0xff,
    0x8f,0x9b,0xac,0xff,0xda,0xea,0xf9,0xff,0xa5,0xb6,0xdf,0xff,0x54,0x5d,0x89,0xff,
    0x3c,0x3a,0x44,0xff,0x4d,0x47,0x41,0xff,0x72,0x7c,0x87,0xff,0xb8,0xcb,0xed,0xff,
    0xa4,0xc1,0xf3,0xff,0x44,0x5b,0xa3,0xff,0x19,0x29,0x74,0xff,0x5f,0x76,0xaa,0xff,
    0xa4,0xc2,0xf0,0xff,0x91,0xaf,0xde,0xff,0x8c,0xac,0xde,0xff,0x87,0xaa,0xdc,0xff,
    0x81,0xa5,0xd7,0xff,0x84,0xa4,0xd6,0xff,0x99,0xb2,0xde,0xff,0xba,0xcc,0xec,0xff,
    0xc0,0xcf,0xec,0xff,0xb4,0xc6,0xe5,0xff,0xb9,0xcd,0xea,0xff,0xaa,0xbe,0xdf,0xff,
    0x7f,0x91,0xbe,0xff,0x7b,0x8d,0xb7,0xff,0x7d,0x90,0xb5,0xff,0x54,0x65,0x90,0xff,
    0x3e,0x4a,0x76,0xff,0x39,0x46,0x72,0xff,0x42,0x52,0x80,0xff,0x56,0x68,0x97,0xff,
    0x69,0x81,0xb0,0xff,0x69,0x88,0xb9,0xff,0x67,0x87,0xc0,0xff,0x67,0x88,0xc5,0xff,
    0x64,0x87,0xc2,0xff,0x5d,0x81,0xb8,0xff,0x57,0x79,0xaf,0xff,0x51,0x6d,0xa6,0xff,
    0x4a,0x63,0x9d,0xff,0x4b,0x63,0x99,0xff,0x4e,0x65,0x99,0xff,0x4e,0x64,0x97,0xff,
    0x4d,0x63,0x94,0xff,0x4c,0x66,0x95,0xff,0x51,0x68,0x97,0xff,0x32,0x3b,0x67,0xff,
    0x30,0x2f,0x5a,0xff,0x45,0x44,0x6d,0xff,0x53,0x53,0x7c,0xff,0x4e,0x4d,0x75,0xff,
    0x3d,0x3c,0x65,0xff,0x3a,0x38,0x63,0xff,0x46,0x42,0x70,0xff,0x3c,0x35,0x62,0xff,
    0x2a,0x22,0x4a,0xff,0x2c,0x26,0x4e,0xff,0x39,0x36,0x5f,0xff,0x49,0x43,0x71,0xff,
    0x51,0x4e,0x62,0xff,0x4d,0x4e,0x4d,0xff,0x4a,0x4b,0x46,0xff,0x4c,0x4b,0x4d,0xff,
    0x4d,0x4c,0x4e,0xff,0x4b,0x4b,0x4b,0xff,0x4c,0x4c,0x4c,0xff,0x49,0x49,0x49,0xb4,
    0x00,0x00,0x00,0x00,0x00,0x00,0x00,0x00,0x00,0x00,0x00,0x00,0x00,0x00,0x00,0x00,
    0x00,0x00,0x00,0x00,0x00,0x00,0x00,0x00,0x00,0x00,0x00,0x00,0x00,0x00,0x00,0x00,
    0x51,0x51,0x51,0x55,0x4f,0x4f,0x4d,0x8e,0x4d,0x4c,0x4a,0xff,0x45,0x4a,0x4a,0xff,
    0xa2,0xae,0xc3,0xff,0xdc,0xea,0xfd,0xff,0xae,0xc0,0xe4,0xff,0x62,0x6e,0x90,0xff,
    0x41,0x40,0x44,0xff,0x51,0x4b,0x46,0xff,0x7b,0x86,0x9b,0xff,0xab,0xc4,0xeb,0xff,
    0x87,0xa6,0xe0,0xff,0x2b,0x3f,0x84,0xff,0x0c,0x14,0x54,0xff,0x58,0x67,0x99,0xff,
    0xa4,0xc1,0xf3,0xff,0x8c,0xac,0xdc,0xff,0x83,0xa6,0xd9,0xff,0x7a,0x9f,0xd4,0xff,
    0x7b,0x9e,0xd2,0xff,0x8f,0xa9,0xdb,0xff,0xaf,0xc1,0xe9,0xff,0xbe,0xd1,0xea,0xff,
    0xbc,0xd2,0xea,0xff,0xb8,0xcd,0xe9,0xff,0xb2,0xc8,0xe9,0xff,0xa5,0xbd,0xe4,0xff,
    0x99,0xb2,0xe1,0xff,0xa2,0xbb,0xec,0xff,0x95,0xae,0xdf,0xff,0x7f,0x98,0xc5,0xff,
    0x76,0x8e,0xb5,0xff,0x72,0x8a,0xaf,0xff,0x72,0x8a,0xb3,0xff,0x7c,0x94,0xc3,0xff,
    0x83,0x9d,0xc9,0xff,0x73,0x91,0xc1,0xff,0x5f,0x80,0xb9,0xff,0x5b,0x7c,0xb9,0xff,
    0x5c,0x7d,0xb8,0xff,0x56,0x77,0xaf,0xff,0x4f,0x6e,0xa6,0xff,0x4e,0x67,0xa1,0xff,
    0x4d,0x62,0x9c,0xff,0x4d,0x63,0x98,0xff,0x4f,0x65,0x97,0xff,0x50,0x66,0x96,0xff,
    0x50,0x66,0x95,0xff,0x51,0x6a,0x97,0xff,0x4d,0x65,0x91,0xff,0x32,0x3c,0x67,0xff,
    0x38,0x37,0x60,0xff,0x49,0x47,0x70,0xff,0x4e,0x4f,0x77,0xff,0x4b,0x4a,0x73,0xff,
    0x36,0x34,0x5e,0xff,0x3d,0x39,0x66,0xff,0x40,0x3b,0x68,0xff,0x31,0x2b,0x55,0xff,
    0x27,0x22,0x47,0xff,0x33,0x2f,0x57,0xff,0x3e,0x3a,0x68,0xff,0x4e,0x48,0x6d,0xff,
    0x51,0x51,0x56,0xff,0x4d,0x4e,0x49,0xff,0x4b,0x4b,0x4a,0xff,0x4c,0x4b,0x4e,0xff,
    0x4d,0x4c,0x4e,0xff,0x4b,0x4b,0x4b,0xff,0x4c,0x4c,0x4c,0xff,0x49,0x49,0x49,0xa6,
    0x00,0x00,0x00,0x00,0x00,0x00,0x00,0x00,0x00,0x00,0x00,0x00,0x00,0x00,0x00,0x00,
    0x00,0x00,0x00,0x00,0x00,0x00,0x00,0x00,0x00,0x00,0x00,0x00,0x00,0x00,0x00,0x00,
    0x4f,0x4f,0x4f,0x3d,0x4b,0x49,0x49,0x79,0x47,0x46,0x45,0xf8,0x4e,0x54,0x55,0xff,
    0xac,0xb8,0xd1,0xff,0xd6,0xe5,0xfe,0xff,0xb6,0xca,0xef,0xff,0x70,0x80,0x9d,0xff,
    0x42,0x43,0x46,0xff,0x50,0x49,0x45,0xff,0x84,0x91,0xae,0xff,0xa2,0xc3,0xe7,0xff,
    0x66,0x88,0xc9,0xff,0x19,0x25,0x65,0xff,0x09,0x06,0x32,0xff,0x4c,0x55,0x7f,0xff,
    0x9b,0xbb,0xf1,0xff,0x87,0xa9,0xda,0xff,0x7d,0xa0,0xd6,0xff,0x78,0x99,0xd1,0xff,
    0x7e,0x9d,0xd3,0xff,0x94,0xae,0xdd,0xff,0xb0,0xc5,0xe6,0xff,0xb7,0xcf,0xe7,0xff,
    0xaa,0xc3,0xe4,0xff,0x8d,0xa7,0xda,0xff,0x7a,0x94,0xd3,0xff,0x77,0x91,0xd1,0xff,
    0x79,0x8d,0xcd,0xff,0x6b,0x79,0xc1,0xff,0x5a,0x6b,0xb6,0xff,0x6d,0x84,0xc0,0xff,
    0x82,0x9e,0xc5,0xff,0x8a,0xa5,0xc4,0xff,0x87,0x9f,0xc3,0xff,0x87,0xa0,0xcd,0xff,
    0x8a,0xa3,0xd2,0xff,0x79,0x95,0xc9,0xff,0x5f,0x80,0xb9,0xff,0x55,0x78,0xb2,0xff,
    0x54,0x75,0xae,0xff,0x4f,0x6c,0xa4,0xff,0x47,0x61,0x9b,0xff,0x4b,0x61,0x9b,0xff,
    0x50,0x62,0x9b,0xff,0x4f,0x63,0x97,0xff,0x50,0x65,0x95,0xff,0x52,0x67,0x96,0xff,
    0x55,0x6a,0x98,0xff,0x59,0x6f,0x9c,0xff,0x46,0x5d,0x87,0xff,0x31,0x3b,0x64,0xff,
    0x3e,0x3d,0x66,0xff,0x4e,0x4d,0x75,0xff,0x4c,0x4c,0x75,0xff,0x42,0x42,0x6b,0xff,
    0x30,0x2d,0x58,0xff,0x3f,0x3a,0x67,0xff,0x37,0x33,0x5c,0xff,0x2c,0x27,0x4d,0xff,
    0x2c,0x29,0x4d,0xff,0x39,0x36,0x5d,0xff,0x44,0x3f,0x6f,0xff,0x50,0x4d,0x62,0xff,
    0x50,0x51,0x4e,0xff,0x4d,0x4e,0x49,0xff,0x4c,0x4b,0x4c,0xff,0x4d,0x4c,0x4d,0xff,
    0x4c,0x4b,0x4c,0xff,0x4b,0x4b,0x4a,0xff,0x4a,0x4a,0x4a,0xfd,0x4a,0x4a,0x4a,0x90,
    0x00,0x00,0x00,0x00,0x00,0x00,0x00,0x00,0x00,0x00,0x00,0x00,0x00,0x00,0x00,0x00,
    0x00,0x00,0x00,0x00,0x00,0x00,0x00,0x00,0x00,0x00,0x00,0x00,0x00,0x00,0x00,0x00,
    0x4e,0x4e,0x47,0x27,0x4b,0x48,0x46,0x62,0x48,0x48,0x48,0xe5,0x4d,0x56,0x5a,0xff,
    0xa9,0xb6,0xd2,0xff,0xd3,0xe4,0xfe,0xff,0xbc,0xd1,0xf5,0xff,0x74,0x83,0xa0,0xff,
    0x3c,0x3d,0x44,0xff,0x4f,0x49,0x4e,0xff,0x8c,0x9f,0xc2,0xff,0xa4,0xc4,0xe6,0xff,
    0x60,0x7e,0xc0,0xff,0x16,0x22,0x59,0xff,0x04,0x00,0x1d,0xff,0x39,0x3c,0x5f,0xff,
    0x8c,0xab,0xe2,0xff,0x83,0xa9,0xdc,0xff,0x7f,0xa0,0xd6,0xff,0x7e,0x9b,0xd5,0xff,
    0x84,0xa1,0xd6,0xff,0x91,0xaf,0xd9,0xff,0xa2,0xc0,0xe1,0xff,0xa9,0xc5,0xeb,0xff,
    0x77,0x8e,0xcd,0xff,0x46,0x5d,0xb1,0xff,0x38,0x4d,0xa4,0xff,0x3a,0x48,0x9e,0xff,
    0x30,0x35,0x8c,0xff,0x1c,0x1f,0x73,0xff,0x27,0x2c,0x7e,0xff,0x2d,0x3a,0x81,0xff,
    0x44,0x58,0x8e,0xff,0x69,0x80,0xaa,0xff,0x80,0x9b,0xc1,0xff,0x7d,0x9b,0xc6,0xff,
    0x7d,0x9a,0xc8,0xff,0x74,0x91,0xc3,0xff,0x61,0x7f,0xb5,0xff,0x52,0x73,0xaa,0xff,
    0x4a,0x6b,0xa3,0xff,0x48,0x63,0x9e,0xff,0x46,0x5d,0x96,0xff,0x4a,0x5e,0x96,0xff,
    0x4d,0x61,0x98,0xff,0x4f,0x64,0x95,0xff,0x50,0x66,0x92,0xff,0x53,0x68,0x94,0xff,
    0x58,0x6d,0x99,0xff,0x61,0x77,0xa3,0xff,0x3f,0x51,0x7b,0xff,0x2e,0x34,0x5e,0xff,
    0x41,0x40,0x68,0xff,0x54,0x52,0x7a,0xff,0x4d,0x4a,0x74,0xff,0x37,0x34,0x5e,0xff,
    0x32,0x2f,0x59,0xff,0x3d,0x3a,0x62,0xff,0x2e,0x2b,0x50,0xff,0x2b,0x27,0x49,0xff,
    0x37,0x32,0x54,0xff,0x3f,0x3a,0x61,0xff,0x49,0x44,0x6c,0xff,0x51,0x4f,0x58,0xff,
    0x4f,0x4f,0x4c,0xff,0x4d,0x4d,0x4c,0xff,0x4c,0x4c,0x4d,0xff,0x4c,0x4d,0x4b,0xff,
    0x4b,0x4c,0x4a,0xff,0x4a,0x4a,0x4b,0xff,0x4b,0x4b,0x4b,0xf2,0x48,0x48,0x48,0x77,
    0x00,0x00,0x00,0x00,0x00,0x00,0x00,0x00,0x00,0x00,0x00,0x00,0x00,0x00,0x00,0x00,
    0x00,0x00,0x00,0x00,0x00,0x00,0x00,0x00,0x00,0x00,0x00,0x00,0x00,0x00,0x00,0x00,
    0x5c,0x5c,0x45,0x0b,0x4d,0x4d,0x46,0x48,0x49,0x4a,0x49,0xd3,0x4b,0x54,0x5b,0xff,
    0x9b,0xad,0xcc,0xff,0xc6,0xd8,0xf7,0xff,0xce,0xde,0xff,0xff,0xab,0xb7,0xcf,0xff,
    0x6c,0x73,0x81,0xff,0x47,0x4a,0x64,0xff,0x8b,0x9e,0xc9,0xff,0xb2,0xcb,0xee,0xff,
    0x8b,0xa7,0xdf,0xff,0x32,0x3e,0x78,0xff,0x00,0x00,0x16,0xff,0x18,0x1c,0x32,0xff,
    0x78,0x97,0xcb,0xff,0x85,0xab,0xe3,0xff,0x82,0xa5,0xd9,0xff,0x83,0xa3,0xd6,0xff,
    0x89,0xa9,0xda,0xff,0x8b,0xab,0xdb,0xff,0x7d,0x9b,0xcf,0xff,0x4e,0x65,0xa9,0xff,
    0x12,0x22,0x70,0xff,0x05,0x09,0x5c,0xff,0x09,0x05,0x52,0xff,0x0d,0x07,0x4a,0xff,
    0x0b,0x06,0x42,0xff,0x00,0x00,0x2b,0xff,0x06,0x04,0x2c,0xff,0x00,0x03,0x30,0xff,
    0x04,0x08,0x39,0xff,0x24,0x2d,0x62,0xff,0x4d,0x5f,0x96,0xff,0x5b,0x77,0xad,0xff,
    0x5e,0x7f,0xac,0xff,0x60,0x7e,0xac,0xff,0x55,0x72,0xa7,0xff,0x4a,0x68,0x9f,0xff,
    0x45,0x62,0x98,0xff,0x46,0x60,0x99,0xff,0x4d,0x62,0x9b,0xff,0x49,0x5d,0x95,0xff,
    0x4a,0x5e,0x94,0xff,0x4b,0x61,0x93,0xff,0x4f,0x65,0x93,0xff,0x54,0x6a,0x95,0xff,
    0x5a,0x70,0x9a,0xff,0x62,0x77,0xa2,0xff,0x3a,0x46,0x71,0xff,0x34,0x36,0x61,0xff,
    0x44,0x43,0x6d,0xff,0x50,0x4f,0x78,0xff,0x47,0x45,0x6e,0xff,0x2d,0x28,0x51,0xff,
    0x39,0x35,0x5e,0xff,0x35,0x32,0x5a,0xff,0x2c,0x2b,0x4e,0xff,0x30,0x2d,0x4f,0xff,
    0x3b,0x36,0x5c,0xff,0x43,0x3c,0x63,0xff,0x4a,0x46,0x5d,0xff,0x51,0x50,0x4f,0xff,
    0x4e,0x4d,0x4d,0xff,0x4d,0x4c,0x4d,0xff,0x4d,0x4e,0x4d,0xff,0x4c,0x4d,0x4b,0xff,
    0x49,0x49,0x48,0xff,0x4a,0x4a,0x4b,0xff,0x49,0x49,0x49,0xe8,0x49,0x49,0x49,0x5a,
    0x00,0x00,0x00,0x00,0x00,0x00,0x00,0x00,0x00,0x00,0x00,0x00,0x00,0x00,0x00,0x00,
    0x00,0x00,0x00,0x00,0x00,0x00,0x00,0x00,0x00,0x00,0x00,0x00,0x00,0x00,0x00,0x00,
    0x00,0x00,0x00,0x00,0x4b,0x4b,0x46,0x2f,0x4d,0x4b,0x47,0xb6,0x4e,0x53,0x55,0xff,
    0x8c,0xa3,0xc1,0xff,0xb9,0xcf,0xf4,0xff,0xd0,0xde,0xfb,0xff,0xd5,0xde,0xf2,0xff,
    0xb3,0xbf,0xd6,0xff,0x6e,0x7e,0xa7,0xff,0x84,0x97,0xc2,0xff,0xb1,0xc6,0xe7,0xff,
    0x9e,0xbc,0xf0,0xff,0x4c,0x61,0x9c,0xff,0x05,0x08,0x29,0xff,0x0b,0x0d,0x13,0xff,
    0x55,0x70,0xa0,0xff,0x82,0xa8,0xe6,0xff,0x83,0xa6,0xdc,0xff,0x89,0xab,0xdb,0xff,
    0x8e,0xb1,0xe2,0xff,0x73,0x8e,0xc4,0xff,0x2d,0x39,0x76,0xff,0x03,0x05,0x41,0xff,
    0x28,0x27,0x77,0xff,0x4d,0x49,0xae,0xff,0x55,0x52,0xae,0xff,0x52,0x4f,0x9c,0xff,
    0x4b,0x47,0x93,0xff,0x35,0x34,0x7b,0xff,0x2a,0x2b,0x64,0xff,0x27,0x26,0x63,0xff,
    0x20,0x1b,0x55,0xff,0x16,0x12,0x44,0xff,0x13,0x15,0x42,0xff,0x1c,0x2a,0x54,0xff,
    0x30,0x43,0x6f,0xff,0x47,0x5d,0x8c,0xff,0x4c,0x66,0x9b,0xff,0x49,0x65,0x9c,0xff,
    0x47,0x62,0x9a,0xff,0x47,0x5f,0x97,0xff,0x48,0x5d,0x96,0xff,0x48,0x5c,0x95,0xff,
    0x48,0x5d,0x94,0xff,0x4c,0x61,0x95,0xff,0x51,0x66,0x96,0xff,0x57,0x6d,0x99,0xff,
    0x5a,0x72,0x9b,0xff,0x55,0x69,0x94,0xff,0x36,0x3c,0x67,0xff,0x3f,0x3f,0x6b,0xff,
    0x4b,0x4a,0x76,0xff,0x48,0x46,0x70,0xff,0x37,0x34,0x5d,0xff,0x2b,0x28,0x51,0xff,
    0x3e,0x39,0x61,0xff,0x31,0x2d,0x53,0xff,0x32,0x2f,0x53,0xff,0x37,0x32,0x5b,0xff,
    0x39,0x32,0x60,0xff,0x3f,0x38,0x5a,0xff,0x4c,0x4b,0x4f,0xff,0x51,0x52,0x4f,0xff,
    0x4e,0x4e,0x4e,0xff,0x4c,0x4c,0x4c,0xff,0x4c,0x4c,0x4c,0xff,0x4c,0x4c,0x4c,0xff,
    0x4a,0x4a,0x49,0xff,0x4c,0x4c,0x4c,0xff,0x4a,0x49,0x4a,0xdb,0x4c,0x4c,0x4c,0x3f,
    0x00,0x00,0x00,0x00,0x00,0x00,0x00,0x00,0x00,0x00,0x00,0x00,0x00,0x00,0x00,0x00,
    0x00,0x00,0x00,0x00,0x00,0x00,0x00,0x00,0x00,0x00,0x00,0x00,0x00,0x00,0x00,0x00,
    0x00,0x00,0x00,0x00,0x4f,0x4f,0x4f,0x20,0x4e,0x4a,0x45,0x96,0x4b,0x4a,0x45,0xff,
    0x6a,0x77,0x8e,0xff,0xa8,0xbd,0xe2,0xff,0xcc,0xdd,0xf9,0xff,0xd9,0xe5,0xf7,0xff,
    0xcc,0xdb,0xf2,0xff,0x9f,0xb4,0xdc,0xff,0x89,0x9d,0xc6,0xff,0xa0,0xb5,0xda,0xff,
    0x7b,0x9c,0xd8,0xff,0x35,0x4f,0x96,0xff,0x04,0x0a,0x32,0xff,0x06,0x07,0x06,0xff,
    0x3b,0x4a,0x6c,0xff,0x7a,0x9c,0xdb,0xff,0x82,0xa7,0xdb,0xff,0x87,0xac,0xdd,0xff,
    0x7c,0xa2,0xd7,0xff,0x58,0x79,0xaf,0xff,0x38,0x48,0x7a,0xff,0x4d,0x54,0x84,0xff,
    0x60,0x66,0xb9,0xff,0x75,0x7a,0xe5,0xff,0x7d,0x84,0xf2,0xff,0x77,0x7d,0xea,0xff,
    0x6c,0x6f,0xe1,0xff,0x67,0x6c,0xe2,0xff,0x63,0x6c,0xdb,0xff,0x5f,0x66,0xcd,0xff,
    0x4d,0x4e,0xa6,0xff,0x33,0x30,0x6e,0xff,0x1b,0x16,0x3b,0xff,0x0d,0x0b,0x29,0xff,
    0x18,0x1a,0x45,0xff,0x37,0x45,0x78,0xff,0x45,0x5e,0x92,0xff,0x49,0x64,0x9a,0xff,
    0x49,0x62,0x99,0xff,0x47,0x5e,0x96,0xff,0x43,0x59,0x90,0xff,0x45,0x58,0x90,0xff,
    0x48,0x5c,0x92,0xff,0x4c,0x61,0x95,0xff,0x51,0x65,0x97,0xff,0x58,0x6d,0x9b,0xff,
    0x5a,0x72,0x9b,0xff,0x42,0x53,0x7e,0xff,0x32,0x34,0x60,0xff,0x48,0x47,0x71,0xff,
    0x4f,0x4f,0x76,0xff,0x3d,0x3b,0x63,0xff,0x2b,0x26,0x51,0xff,0x36,0x31,0x5c,0xff,
    0x3c,0x37,0x5f,0xff,0x30,0x2b,0x51,0xff,0x2b,0x24,0x4c,0xff,0x25,0x1d,0x4b,0xff,
    0x28,0x20,0x4c,0xff,0x3f,0x3c,0x4f,0xff,0x54,0x54,0x50,0xff,0x50,0x51,0x4f,0xff,
    0x4d,0x4d,0x4e,0xff,0x4b,0x4c,0x4c,0xff,0x4d,0x4c,0x4c,0xff,0x4d,0x4d,0x4d,0xff,
    0x4c,0x4c,0x4c,0xff,0x4d,0x4d,0x4d,0xff,0x48,0x49,0x49,0xc1,0x4a,0x4a,0x4a,0x30,
    0x00,0x00,0x00,0x00,0x00,0x00,0x00,0x00,0x00,0x00,0x00,0x00,0x00,0x00,0x00,0x00,
    0x00,0x00,0x00,0x00,0x00,0x00,0x00,0x00,0x00,0x00,0x00,0x00,0x00,0x00,0x00,0x00,
    0x00,0x00,0x00,0x00,0x50,0x50,0x50,0x13,0x4d,0x4d,0x49,0x6c,0x48,0x47,0x42,0xf6,
    0x49,0x4a,0x51,0xff,0x88,0x96,0xb2,0xff,0xbd,0xd0,0xf0,0xff,0xd0,0xe0,0xfb,0xff,
    0xcc,0xdb,0xf3,0xff,0xc1,0xd5,0xf2,0xff,0xa6,0xb9,0xdd,0xff,0xa7,0xbd,0xe2,0xff,
    0x7a,0x96,0xce,0xff,0x30,0x44,0x89,0xff,0x00,0x00,0x2a,0xff,0x00,0x00,0x00,0xff,
    0x24,0x27,0x37,0xff,0x58,0x6e,0xa7,0xff,0x74,0x99,0xd4,0xff,0x78,0xa2,0xd7,0xff,
    0x66,0x90,0xc5,0xff,0x5b,0x81,0xb4,0xff,0x74,0x8f,0xba,0xff,0x93,0xaa,0xd7,0xff,
    0x69,0x82,0xce,0xff,0x54,0x68,0xc8,0xff,0x51,0x62,0xd0,0xff,0x51,0x5d,0xd4,0xff,
    0x50,0x5b,0xd4,0xff,0x5b,0x64,0xdf,0xff,0x5c,0x62,0xdf,0xff,0x51,0x56,0xc3,0xff,
    0x44,0x47,0xa3,0xff,0x3a,0x3d,0x82,0xff,0x34,0x37,0x65,0xff,0x32,0x33,0x58,0xff,
    0x34,0x3c,0x67,0xff,0x3a,0x4a,0x7f,0xff,0x40,0x58,0x8b,0xff,0x46,0x5e,0x92,0xff,
    0x48,0x5e,0x94,0xff,0x46,0x5b,0x92,0xff,0x42,0x56,0x8e,0xff,0x44,0x57,0x8c,0xff,
    0x47,0x5c,0x8e,0xff,0x4b,0x60,0x93,0xff,0x4e,0x63,0x95,0xff,0x53,0x69,0x99,0xff,
    0x52,0x69,0x95,0xff,0x35,0x3f,0x6b,0xff,0x3b,0x38,0x63,0xff,0x4d,0x4e,0x74,0xff,
    0x48,0x48,0x6c,0xff,0x33,0x30,0x57,0xff,0x2c,0x25,0x50,0xff,0x39,0x34,0x5c,0xff,
    0x29,0x25,0x47,0xff,0x21,0x1c,0x3e,0xff,0x1d,0x18,0x3a,0xff,0x1e,0x18,0x37,0xff,
    0x2d,0x28,0x3d,0xff,0x49,0x4a,0x4b,0xff,0x59,0x5a,0x53,0xff,0x4f,0x4f,0x4d,0xff,
    0x4c,0x4b,0x4c,0xff,0x4c,0x4c,0x4b,0xff,0x4d,0x4c,0x4a,0xff,0x4b,0x4b,0x4a,0xff,
    0x4a,0x4a,0x49,0xff,0x4b,0x4b,0x4a,0xfb,0x49,0x49,0x47,0x8f,0x4a,0x4a,0x41,0x1f,
    0x00,0x00,0x00,0x00,0x00,0x00,0x00,0x00,0x00,0x00,0x00,0x00,0x00,0x00,0x00,0x00,
    0x00,0x00,0x00,0x00,0x00,0x00,0x00,0x00,0x00,0x00,0x00,0x00,0x00,0x00,0x00,0x00,
    0x00,0x00,0x00,0x00,0x3f,0x3f,0x3f,0x04,0x4d,0x4d,0x52,0x3b,0x4c,0x4d,0x4c,0xd3,
    0x40,0x3b,0x33,0xfc,0x5f,0x65,0x71,0xff,0x99,0xac,0xce,0xff,0xbf,0xd4,0xfa,0xff,
    0xc6,0xd7,0xf3,0xff,0xcd,0xdd,0xf2,0xff,0xc7,0xd9,0xf2,0xff,0xc2,0xd4,0xf3,0xff,
    0xae,0xc2,0xe7,0xff,0x71,0x7d,0xab,0xff,0x32,0x34,0x56,0xff,0x21,0x20,0x22,0xff,
    0x39,0x38,0x3a,0xff,0x3b,0x45,0x6f,0xff,0x58,0x76,0xb8,0xff,0x5b,0x83,0xc0,0xff,
    0x50,0x7c,0xb3,0xff,0x60,0x89,0xbe,0xff,0x8f,0xb0,0xe1,0xff,0x93,0xb5,0xe6,0xff,
    0x62,0x86,0xc4,0xff,0x35,0x54,0xa1,0xff,0x1c,0x32,0x8c,0xff,0x18,0x27,0x86,0xff,
    0x1f,0x2e,0x8a,0xff,0x28,0x33,0x8d,0xff,0x28,0x25,0x84,0xff,0x20,0x1e,0x6e,0xff,
    0x23,0x25,0x68,0xff,0x2c,0x35,0x6f,0xff,0x3b,0x4b,0x82,0xff,0x52,0x62,0x95,0xff,
    0x5a,0x70,0x9f,0xff,0x46,0x5d,0x91,0xff,0x3e,0x52,0x86,0xff,0x40,0x54,0x87,0xff,
    0x44,0x57,0x8c,0xff,0x44,0x56,0x8c,0xff,0x43,0x54,0x8d,0xff,0x44,0x57,0x8b,0xff,
    0x46,0x5b,0x8c,0xff,0x48,0x5d,0x90,0xff,0x4b,0x62,0x93,0xff,0x4b,0x63,0x93,0xff,
    0x42,0x54,0x82,0xff,0x33,0x32,0x61,0xff,0x49,0x45,0x6e,0xff,0x4c,0x4d,0x73,0xff,
    0x3b,0x3a,0x61,0xff,0x2e,0x29,0x50,0xff,0x2e,0x27,0x4c,0xff,0x27,0x24,0x44,0xff,
    0x17,0x13,0x31,0xff,0x11,0x0c,0x2a,0xff,0x1d,0x1a,0x31,0xff,0x35,0x35,0x3c,0xff,
    0x4a,0x4b,0x45,0xff,0x51,0x52,0x4b,0xff,0x56,0x55,0x52,0xff,0x51,0x52,0x4d,0xff,
    0x50,0x4f,0x4c,0xff,0x4f,0x4d,0x4b,0xff,0x4e,0x4d,0x4a,0xff,0x4b,0x4d,0x48,0xff,
    0x49,0x4b,0x46,0xfe,0x4b,0x4b,0x47,0xe7,0x49,0x49,0x46,0x50,0x55,0x55,0x38,0x09,
    0x00,0x00,0x00,0x00,0x00,0x00,0x00,0x00,0x00,0x00,0x00,0x00,0x00,0x00,0x00,0x00,
    0x00,0x00,0x00,0x00,0x00,0x00,0x00,0x00,0x00,0x00,0x00,0x00,0x00,0x00,0x00,0x00,
    0x00,0x00,0x00,0x00,0x00,0x00,0x00,0x00,0x50,0x50,0x50,0x13,0x4f,0x50,0x4f,0xa1,
    0x4c,0x4b,0x44,0xf8,0x43,0x44,0x43,0xff,0x67,0x75,0x88,0xff,0x9b,0xb3,0xd6,0xff,
    0xba,0xd1,0xf2,0xff,0xc9,0xd9,0xef,0xff,0xd1,0xe0,0xf4,0xff,0xce,0xdd,0xf3,0xff,
    0xdd,0xec,0xff,0xff,0xd5,0xe2,0xf6,0xff,0xb4,0xbc,0xd3,0xff,0x96,0x98,0xa9,0xff,
    0x96,0x98,0x9a,0xff,0x62,0x65,0x7c,0xff,0x58,0x65,0x9c,0xff,0x4e,0x68,0xa8,0xff,
    0x47,0x6b,0xa9,0xff,0x52,0x7a,0xb4,0xff,0x6f,0x94,0xc9,0xff,0x7d,0xa0,0xd3,0xff,
    0x81,0xa4,0xd4,0xff,0x62,0x82,0xbc,0xff,0x3a,0x4f,0x91,0xff,0x21,0x2f,0x71,0xff,
    0x18,0x27,0x66,0xff,0x11,0x1f,0x5d,0xff,0x13,0x18,0x57,0xff,0x1d,0x20,0x5b,0xff,
    0x25,0x2d,0x5d,0xff,0x2c,0x3a,0x66,0xff,0x36,0x4a,0x7a,0xff,0x46,0x5c,0x8f,0xff,
    0x53,0x69,0x9e,0xff,0x4a,0x60,0x93,0xff,0x3d,0x50,0x82,0xff,0x3a,0x4d,0x7e,0xff,
    0x3d,0x4f,0x82,0xff,0x40,0x51,0x86,0xff,0x42,0x53,0x89,0xff,0x45,0x55,0x8a,0xff,
    0x45,0x57,0x8b,0xff,0x45,0x59,0x8e,0xff,0x4a,0x60,0x93,0xff,0x43,0x59,0x88,0xff,
    0x31,0x3a,0x68,0xff,0x37,0x32,0x61,0xff,0x4e,0x4c,0x75,0xff,0x41,0x40,0x6a,0xff,
    0x30,0x2c,0x59,0xff,0x29,0x23,0x4b,0xff,0x22,0x1e,0x3b,0xff,0x10,0x0d,0x27,0xff,
    0x1b,0x15,0x34,0xff,0x18,0x12,0x2f,0xff,0x30,0x2c,0x43,0xff,0x4f,0x50,0x55,0xff,
    0x57,0x5a,0x53,0xff,0x49,0x45,0x4a,0xff,0x4c,0x48,0x53,0xff,0x53,0x55,0x52,0xff,
    0x51,0x52,0x4f,0xff,0x50,0x4c,0x51,0xff,0x52,0x4f,0x57,0xff,0x56,0x57,0x59,0xff,
    0x51,0x54,0x54,0xfb,0x52,0x52,0x56,0xc6,0x52,0x52,0x52,0x1f,0x00,0x00,0x00,0x00,
    0x00,0x00,0x00,0x00,0x00,0x00,0x00,0x00,0x00,0x00,0x00,0x00,0x00,0x00,0x00,0x00,
    0x00,0x00,0x00,0x00,0x00,0x00,0x00,0x00,0x00,0x00,0x00,0x00,0x00,0x00,0x00,0x00,
    0x00,0x00,0x00,0x00,0x00,0x00,0x00,0x00,0x55,0x55,0x55,0x0c,0x51,0x51,0x51,0x6b,
    0x51,0x51,0x53,0xf0,0x48,0x45,0x40,0xff,0x49,0x48,0x47,0xff,0x6d,0x7a,0x8d,0xff,
    0xa2,0xbc,0xdd,0xff,0xbf,0xd4,0xf3,0xff,0xcb,0xd9,0xef,0xff,0xc8,0xd5,0xed,0xff,
    0xc5,0xd2,0xeb,0xff,0xd1,0xdd,0xf6,0xff,0xe5,0xef,0xff,0xff,0xf2,0xfb,0xff,0xff,
    0xe9,0xf4,0xff,0xff,0xd6,0xdb,0xec,0xff,0xb9,0xbf,0xd6,0xff,0x9c,0xa8,0xcd,0xff,
    0x84,0x98,0xc7,0xff,0x75,0x8e,0xc0,0xff,0x74,0x8f,0xc1,0xff,0x7d,0x9b,0xcd,0xff,
    0x8c,0xaa,0xda,0xff,0x8f,0xad,0xdd,0xff,0x85,0x9e,0xd1,0xff,0x72,0x84,0xb9,0xff,
    0x56,0x65,0x9d,0xff,0x3c,0x4a,0x84,0xff,0x36,0x45,0x7f,0xff,0x34,0x45,0x7b,0xff,
    0x30,0x41,0x73,0xff,0x35,0x46,0x77,0xff,0x40,0x51,0x85,0xff,0x41,0x55,0x8d,0xff,
    0x43,0x56,0x8e,0xff,0x43,0x56,0x8a,0xff,0x3a,0x4c,0x7d,0xff,0x36,0x47,0x78,0xff,
    0x38,0x49,0x7b,0xff,0x3b,0x4d,0x80,0xff,0x40,0x50,0x86,0xff,0x43,0x52,0x88,0xff,
    0x44,0x53,0x89,0xff,0x47,0x5b,0x90,0xff,0x47,0x5b,0x8d,0xff,0x3c,0x46,0x76,0xff,
    0x30,0x2e,0x5a,0xff,0x44,0x44,0x6e,0xff,0x44,0x44,0x6e,0xff,0x32,0x2e,0x5c,0xff,
    0x28,0x24,0x4c,0xff,0x1e,0x1b,0x39,0xff,0x17,0x14,0x2f,0xff,0x24,0x20,0x3c,0xff,
    0x20,0x1d,0x30,0xff,0x26,0x23,0x41,0xff,0x38,0x33,0x56,0xff,0x33,0x2f,0x4a,0xff,
    0x29,0x27,0x3f,0xff,0x3a,0x35,0x58,0xff,0x45,0x40,0x67,0xff,0x40,0x40,0x5a,0xff,
    0x3a,0x3c,0x4f,0xff,0x46,0x44,0x62,0xff,0x54,0x51,0x75,0xff,0x5b,0x5a,0x7b,0xff,
    0x5e,0x5e,0x7d,0xf6,0x61,0x61,0x82,0x93,0x63,0x63,0x7f,0x12,0x00,0x00,0x00,0x00,
    0x00,0x00,0x00,0x00,0x00,0x00,0x00,0x00,0x00,0x00,0x00,0x00,0x00,0x00,0x00,0x00,
    0x00,0x00,0x00,0x00,0x00,0x00,0x00,0x00,0x00,0x00,0x00,0x00,0x00,0x00,0x00,0x00,
    0x00,0x00,0x00,0x00,0x00,0x00,0x00,0x00,0x00,0x00,0x00,0x02,0x50,0x50,0x50,0x29,
    0x4f,0x4f,0x4f,0xc3,0x52,0x51,0x4e,0xfa,0x47,0x40,0x3d,0xff,0x4f,0x4d,0x56,0xff,
    0x7c,0x8c,0xa6,0xff,0xb3,0xcd,0xf2,0xff,0xc1,0xd4,0xef,0xff,0xc1,0xd2,0xea,0xff,
    0xbb,0xcb,0xe6,0xff,0xbc,0xcb,0xe8,0xff,0xc4,0xd1,0xec,0xff,0xcd,0xd9,0xf0,0xff,
    0xd0,0xdd,0xf1,0xff,0xd4,0xe0,0xf3,0xff,0xd8,0xe4,0xf3,0xff,0xdb,0xe8,0xf4,0xff,
    0xda,0xe6,0xf2,0xff,0xcf,0xd9,0xee,0xff,0xbd,0xc6,0xe9,0xff,0xb1,0xc0,0xe7,0xff,
    0xad,0xbd,0xe3,0xff,0xae,0xc0,0xe6,0xff,0xac,0xc2,0xe7,0xff,0xa8,0xc0,0xe6,0xff,
    0xa0,0xb5,0xe1,0xff,0x93,0xa3,0xd4,0xff,0x81,0x96,0xc7,0xff,0x76,0x8c,0xbd,0xff,
    0x64,0x7a,0xad,0xff,0x58,0x6d,0xa3,0xff,0x51,0x66,0x9c,0xff,0x46,0x5d,0x92,0xff,
    0x42,0x57,0x8b,0xff,0x3f,0x52,0x87,0xff,0x39,0x4b,0x7e,0xff,0x36,0x47,0x79,0xff,
    0x37,0x48,0x7a,0xff,0x39,0x4c,0x7d,0xff,0x3b,0x4d,0x80,0xff,0x3f,0x50,0x83,0xff,
    0x45,0x55,0x87,0xff,0x4a,0x5b,0x8e,0xff,0x3e,0x49,0x7c,0xff,0x31,0x31,0x63,0xff,
    0x3b,0x38,0x64,0xff,0x47,0x46,0x6f,0xff,0x30,0x2d,0x57,0xff,0x2d,0x27,0x4e,0xff,
    0x21,0x1c,0x3b,0xff,0x1a,0x15,0x32,0xff,0x20,0x1b,0x35,0xff,0x21,0x1f,0x2e,0xff,
    0x10,0x12,0x1b,0xff,0x3a,0x38,0x5b,0xff,0x3c,0x39,0x5f,0xff,0x28,0x25,0x48,0xff,
    0x2b,0x28,0x4f,0xff,0x4c,0x48,0x77,0xff,0x4c,0x48,0x76,0xff,0x2c,0x2b,0x52,0xff,
    0x32,0x31,0x58,0xff,0x4d,0x4d,0x79,0xff,0x5c,0x5c,0x8b,0xff,0x58,0x57,0x87,0xfe,
    0x5e,0x5d,0x8e,0xda,0x5b,0x57,0x89,0x3d,0x55,0x55,0x7f,0x06,0x00,0x00,0x00,0x00,
    0x00,0x00,0x00,0x00,0x00,0x00,0x00,0x00,0x00,0x00,0x00,0x00,0x00,0x00,0x00,0x00,
    0x00,0x00,0x00,0x00,0x00,0x00,0x00,0x00,0x00,0x00,0x00,0x00,0x00,0x00,0x00,0x00,
    0x00,0x00,0x00,0x00,0x00,0x00,0x00,0x00,0x00,0x00,0x00,0x00,0x5f,0x5f,0x5f,0x08,
    0x4f,0x4f,0x4f,0x83,0x52,0x51,0x51,0xed,0x4e,0x4a,0x4a,0xff,0x49,0x44,0x44,0xff,
    0x60,0x66,0x70,0xff,0x8f,0xa8,0xcb,0xff,0x99,0xb6,0xe0,0xff,0xa7,0xbf,0xdf,0xff,
    0xb0,0xc4,0xe0,0xff,0xb2,0xc5,0xe2,0xff,0xb5,0xc6,0xe3,0xff,0xbc,0xcc,0xe5,0xff,
    0xc0,0xd2,0xe7,0xff,0xc4,0xd7,0xea,0xff,0xca,0xdb,0xec,0xff,0xcf,0xe1,0xef,0xff,
    0xc9,0xd8,0xec,0xff,0xbc,0xc8,0xe8,0xff,0xbd,0xc4,0xec,0xff,0xc9,0xd3,0xf3,0xff,
    0xc7,0xd1,0xee,0xff,0xc0,0xcb,0xea,0xff,0xb5,0xc7,0xe7,0xff,0xaa,0xc1,0xe3,0xff,
    0xa3,0xb6,0xe1,0xff,0xa3,0xb5,0xe6,0xff,0xa0,0xb8,0xe3,0xff,0x97,0xb2,0xdb,0xff,
    0x85,0xa2,0xcc,0xff,0x72,0x8f,0xbc,0xff,0x62,0x7e,0xac,0xff,0x54,0x6e,0x9d,0xff,
    0x49,0x60,0x91,0xff,0x42,0x57,0x8a,0xff,0x3e,0x51,0x82,0xff,0x3a,0x4b,0x7d,0xff,
    0x39,0x49,0x7b,0xff,0x3a,0x4b,0x7c,0xff,0x3b,0x4d,0x7c,0xff,0x40,0x51,0x81,0xff,
    0x45,0x58,0x8a,0xff,0x3b,0x49,0x7e,0xff,0x31,0x37,0x6b,0xff,0x35,0x32,0x64,0xff,
    0x3e,0x3b,0x67,0xff,0x2e,0x2b,0x54,0xff,0x2c,0x29,0x4c,0xff,0x29,0x26,0x42,0xff,
    0x1c,0x17,0x32,0xff,0x1a,0x15,0x2f,0xff,0x24,0x23,0x34,0xff,0x1e,0x22,0x2b,0xff,
    0x2a,0x29,0x40,0xff,0x4a,0x45,0x6f,0xff,0x36,0x32,0x5c,0xff,0x2f,0x2b,0x55,0xff,
    0x45,0x42,0x6e,0xff,0x53,0x50,0x7e,0xff,0x41,0x3e,0x6b,0xff,0x33,0x30,0x5a,0xff,
    0x4d,0x4b,0x75,0xff,0x5d,0x5c,0x88,0xff,0x60,0x5f,0x8e,0xff,0x5c,0x5a,0x8a,0xf5,
    0x5f,0x5e,0x8e,0xa8,0x62,0x62,0x89,0x0d,0x00,0x00,0x00,0x00,0x00,0x00,0x00,0x00,
    0x00,0x00,0x00,0x00,0x00,0x00,0x00,0x00,0x00,0x00,0x00,0x00,0x00,0x00,0x00,0x00,
    0x00,0x00,0x00,0x00,0x00,0x00,0x00,0x00,0x00,0x00,0x00,0x00,0x00,0x00,0x00,0x00,
    0x00,0x00,0x00,0x00,0x00,0x00,0x00,0x00,0x00,0x00,0x00,0x00,0x00,0x00,0x00,0x00,
    0x4e,0x4e,0x4e,0x37,0x51,0x4f,0x51,0xc6,0x4e,0x4d,0x4d,0xff,0x4c,0x4a,0x45,0xff,
    0x5d,0x61,0x62,0xff,0x7d,0x94,0xb5,0xff,0x69,0x8e,0xc8,0xff,0x82,0x9f,0xcb,0xff,
    0x9f,0xb8,0xd6,0xff,0xab,0xc3,0xdd,0xff,0xb0,0xc4,0xe1,0xff,0xb7,0xc8,0xe2,0xff,
    0xbb,0xce,0xe3,0xff,0xbd,0xd0,0xe4,0xff,0xc4,0xd7,0xe5,0xff,0xb6,0xca,0xe2,0xff,
    0xa4,0xb5,0xde,0xff,0xa3,0xb1,0xe2,0xff,0xaf,0xbd,0xea,0xff,0xa5,0xae,0xe2,0xff,
    0xb2,0xbd,0xe4,0xff,0xc3,0xcf,0xe9,0xff,0xc4,0xd2,0xeb,0xff,0xb7,0xc5,0xe4,0xff,
    0xa3,0xb1,0xd7,0xff,0x8b,0x9d,0xd0,0xff,0x87,0xa1,0xd5,0xff,0x89,0xa9,0xd7,0xff,
    0x7c,0x9c,0xc9,0xff,0x6d,0x8b,0xba,0xff,0x62,0x7e,0xae,0xff,0x57,0x72,0xa0,0xff,
    0x4c,0x63,0x94,0xff,0x45,0x5a,0x8b,0xff,0x42,0x55,0x85,0xff,0x3e,0x4f,0x7e,0xff,
    0x3b,0x4a,0x79,0xff,0x3b,0x4a,0x7a,0xff,0x3e,0x4d,0x7e,0xff,0x41,0x54,0x84,0xff,
    0x39,0x4b,0x7d,0xff,0x30,0x38,0x6b,0xff,0x31,0x32,0x61,0xff,0x35,0x32,0x5d,0xff,
    0x2d,0x2b,0x50,0xff,0x25,0x21,0x43,0xff,0x2d,0x2a,0x45,0xff,0x1c,0x18,0x30,0xff,
    0x13,0x0e,0x27,0xff,0x23,0x1e,0x38,0xff,0x34,0x32,0x4b,0xff,0x2a,0x2a,0x44,0xff,
    0x40,0x3c,0x61,0xff,0x3f,0x3b,0x65,0xff,0x32,0x2d,0x58,0xff,0x3f,0x3c,0x68,0xff,
    0x54,0x53,0x81,0xff,0x4b,0x4a,0x77,0xff,0x36,0x33,0x61,0xff,0x49,0x47,0x74,0xff,
    0x60,0x5f,0x8b,0xff,0x63,0x62,0x8f,0xff,0x60,0x5e,0x8d,0xff,0x60,0x5c,0x8b,0xd7,
    0x61,0x61,0x8d,0x51,0x00,0x00,0x00,0x00,0x00,0x00,0x00,0x00,0x00,0x00,0x00,0x00,
    0x00,0x00,0x00,0x00,0x00,0x00,0x00,0x00,0x00,0x00,0x00,0x00,0x00,0x00,0x00,0x00,
    0x00,0x00,0x00,0x00,0x00,0x00,0x00,0x00,0x00,0x00,0x00,0x00,0x00,0x00,0x00,0x00,
    0x00,0x00,0x00,0x00,0x00,0x00,0x00,0x00,0x00,0x00,0x00,0x00,0x00,0x00,0x00,0x00,
    0x55,0x55,0x55,0x06,0x51,0x51,0x51,0x80,0x4b,0x4b,0x49,0xe5,0x4d,0x4e,0x4a,0xff,
    0x63,0x6b,0x6d,0xff,0x89,0xa1,0xc1,0xff,0x6a,0x91,0xc8,0xff,0x74,0x96,0xc5,0xff,
    0x8b,0xaa,0xcc,0xff,0x9b,0xb8,0xd5,0xff,0xa6,0xbe,0xdc,0xff,0xb0,0xc3,0xdf,0xff,
    0xb2,0xc6,0xe0,0xff,0xb5,0xc9,0xdf,0xff,0xbc,0xcf,0xe2,0xff,0xa8,0xba,0xdd,0xff,
    0x9e,0xaf,0xdd,0xff,0xa6,0xb7,0xe4,0xff,0xa1,0xb2,0xe1,0xff,0x86,0x94,0xd3,0xff,
    0x9d,0xad,0xdb,0xff,0xbc,0xce,0xe8,0xff,0xc9,0xd7,0xed,0xff,0xc6,0xd1,0xe9,0xff,
    0xb5,0xc1,0xdd,0xff,0x8a,0x9d,0xc9,0xff,0x5f,0x78,0xb3,0xff,0x5a,0x76,0xb2,0xff,
    0x58,0x74,0xb0,0xff,0x55,0x70,0xa9,0xff,0x51,0x6b,0x9f,0xff,0x4d,0x67,0x97,0xff,
    0x4a,0x60,0x91,0xff,0x46,0x59,0x8a,0xff,0x43,0x54,0x84,0xff,0x3f,0x4e,0x7c,0xff,
    0x3a,0x4a,0x76,0xff,0x3b,0x49,0x77,0xff,0x3d,0x4c,0x7c,0xff,0x3a,0x4a,0x78,0xff,
    0x2d,0x35,0x64,0xff,0x2c,0x2b,0x58,0xff,0x2e,0x2b,0x52,0xff,0x2a,0x28,0x4a,0xff,
    0x21,0x20,0x3e,0xff,0x26,0x23,0x3d,0xff,0x21,0x1f,0x35,0xff,0x10,0x0d,0x25,0xff,
    0x1d,0x18,0x34,0xff,0x34,0x30,0x50,0xff,0x3c,0x36,0x5c,0xff,0x37,0x31,0x5b,0xff,
    0x46,0x43,0x6c,0xff,0x2e,0x2b,0x54,0xff,0x3b,0x36,0x61,0xff,0x53,0x50,0x7c,0xff,
    0x54,0x53,0x81,0xff,0x3a,0x39,0x67,0xff,0x39,0x38,0x67,0xff,0x5e,0x5e,0x8d,0xff,
    0x66,0x65,0x93,0xff,0x63,0x61,0x92,0xff,0x5d,0x5b,0x8b,0xf3,0x5e,0x5c,0x8d,0x9d,
    0x6a,0x6a,0x94,0x0c,0x00,0x00,0x00,0x00,0x00,0x00,0x00,0x00,0x00,0x00,0x00,0x00,
    0x00,0x00,0x00,0x00,0x00,0x00,0x00,0x00,0x00,0x00,0x00,0x00,0x00,0x00,0x00,0x00,
    0x00,0x00,0x00,0x00,0x00,0x00,0x00,0x00,0x00,0x00,0x00,0x00,0x00,0x00,0x00,0x00,
    0x00,0x00,0x00,0x00,0x00,0x00,0x00,0x00,0x00,0x00,0x00,0x00,0x00,0x00,0x00,0x00,
    0x00,0x00,0x00,0x00,0x55,0x55,0x55,0x30,0x48,0x48,0x47,0xaf,0x48,0x4b,0x49,0xff,
    0x64,0x71,0x78,0xff,0x99,0xb4,0xd7,0xff,0x89,0xb0,0xdc,0xff,0x7e,0xa3,0xcb,0xff,
    0x7a,0x9e,0xc4,0xff,0x80,0xa4,0xc8,0xff,0x8e,0xae,0xd0,0xff,0x9d,0xb5,0xd6,0xff,
    0x9e,0xb8,0xd6,0xff,0xa2,0xbb,0xd8,0xff,0xa5,0xbd,0xdc,0xff,0xa1,0xb5,0xdb,0xff,
    0xab,0xbf,0xe2,0xff,0xb3,0xc5,0xe4,0xff,0x9a,0xa9,0xd6,0xff,0x97,0xa8,0xda,0xff,
    0xaa,0xc0,0xe2,0xff,0xb6,0xcc,0xe8,0xff,0xb8,0xcb,0xe7,0xff,0xbb,0xcc,0xe6,0xff,
    0xbb,0xce,0xe6,0xff,0xa2,0xb6,0xd6,0xff,0x58,0x6b,0x9e,0xff,0x30,0x41,0x81,0xff,
    0x36,0x47,0x8b,0xff,0x3f,0x54,0x91,0xff,0x3d,0x54,0x89,0xff,0x41,0x57,0x87,0xff,
    0x46,0x59,0x89,0xff,0x44,0x56,0x86,0xff,0x40,0x50,0x81,0xff,0x3c,0x4b,0x7b,0xff,
    0x39,0x47,0x77,0xff,0x38,0x47,0x74,0xff,0x34,0x42,0x6e,0xff,0x2a,0x33,0x5b,0xff,
    0x27,0x24,0x4c,0xff,0x26,0x20,0x45,0xff,0x22,0x1f,0x3e,0xff,0x1e,0x1f,0x39,0xff,
    0x21,0x20,0x3a,0xff,0x1f,0x1d,0x34,0xff,0x14,0x12,0x2b,0xff,0x1b,0x19,0x35,0xff,
    0x37,0x33,0x54,0xff,0x3e,0x3a,0x5f,0xff,0x33,0x2d,0x58,0xff,0x3f,0x38,0x66,0xff,
    0x3f,0x3b,0x66,0xff,0x2e,0x2b,0x57,0xff,0x4e,0x4a,0x77,0xff,0x5e,0x5b,0x88,0xff,
    0x48,0x45,0x73,0xff,0x2f,0x2d,0x5b,0xff,0x4c,0x4d,0x7b,0xff,0x67,0x69,0x97,0xff,
    0x64,0x63,0x93,0xff,0x60,0x5e,0x90,0xff,0x5a,0x5a,0x8b,0xc7,0x5a,0x5a,0x8c,0x4c,
    0x00,0x00,0x00,0x00,0x00,0x00,0x00,0x00,0x00,0x00,0x00,0x00,0x00,0x00,0x00,0x00,
    0x00,0x00,0x00,0x00,0x00,0x00,0x00,0x00,0x00,0x00,0x00,0x00,0x00,0x00,0x00,0x00,
    0x00,0x00,0x00,0x00,0x00,0x00,0x00,0x00,0x00,0x00,0x00,0x00,0x00,0x00,0x00,0x00,
    0x00,0x00,0x00,0x00,0x00,0x00,0x00,0x00,0x00,0x00,0x00,0x00,0x00,0x00,0x00,0x00,
    0x00,0x00,0x00,0x00,0x00,0x00,0x00,0x00,0x43,0x41,0x41,0x62,0x4a,0x4c,0x4c,0xd9,
    0x63,0x72,0x7f,0xff,0x8a,0xad,0xd7,0xff,0x7b,0xa5,0xd3,0xff,0x78,0x9c,0xc5,0xff,
    0x6e,0x92,0xbe,0xff,0x69,0x8f,0xbc,0xff,0x6f,0x93,0xbe,0xff,0x7d,0x9d,0xc4,0xff,
    0x81,0xa3,0xc7,0xff,0x89,0xaa,0xcf,0xff,0x8f,0xaf,0xd4,0xff,0x98,0xb5,0xd9,0xff,
    0xa7,0xc0,0xe1,0xff,0xaf,0xc4,0xe3,0xff,0xab,0xba,0xdc,0xff,0xb9,0xc7,0xe7,0xff,
    0xc3,0xd5,0xed,0xff,0xb3,0xc6,0xe6,0xff,0xa5,0xb8,0xe1,0xff,0x9c,0xb3,0xdd,0xff,
    0x98,0xb3,0xd9,0xff,0x9c,0xb1,0xd4,0xff,0x7e,0x8a,0xaf,0xff,0x32,0x3b,0x6a,0xff,
    0x25,0x2f,0x68,0xff,0x31,0x3d,0x76,0xff,0x37,0x45,0x79,0xff,0x3c,0x4b,0x7c,0xff,
    0x40,0x4e,0x7f,0xff,0x3f,0x50,0x7f,0xff,0x3c,0x49,0x7b,0xff,0x39,0x43,0x77,0xff,
    0x37,0x40,0x74,0xff,0x2f,0x3b,0x69,0xff,0x1f,0x28,0x4e,0xff,0x1c,0x1b,0x3b,0xff,
    0x1f,0x1a,0x3a,0xff,0x1b,0x17,0x35,0xff,0x1d,0x1c,0x34,0xff,0x1f,0x20,0x32,0xff,
    0x17,0x18,0x2a,0xff,0x13,0x12,0x2a,0xff,0x25,0x20,0x43,0xff,0x42,0x3b,0x63,0xff,
    0x3c,0x3a,0x5d,0xff,0x2b,0x29,0x4b,0xff,0x2f,0x2a,0x53,0xff,0x4b,0x45,0x73,0xff,
    0x2f,0x2b,0x57,0xff,0x44,0x42,0x6f,0xff,0x5f,0x5c,0x8a,0xff,0x53,0x50,0x7e,0xff,
    0x36,0x34,0x62,0xff,0x37,0x38,0x66,0xff,0x62,0x65,0x93,0xff,0x64,0x64,0x93,0xff,
    0x5f,0x5e,0x90,0xff,0x5a,0x59,0x8a,0xed,0x5a,0x5a,0x8b,0x7c,0x00,0x00,0xff,0x01,
    0x00,0x00,0x00,0x00,0x00,0x00,0x00,0x00,0x00,0x00,0x00,0x00,0x00,0x00,0x00,0x00,
    0x00,0x00,0x00,0x00,0x00,0x00,0x00,0x00,0x00,0x00,0x00,0x00,0x00,0x00,0x00,0x00,
    0x00,0x00,0x00,0x00,0x00,0x00,0x00,0x00,0x00,0x00,0x00,0x00,0x00,0x00,0x00,0x00,
    0x00,0x00,0x00,0x00,0x00,0x00,0x00,0x00,0x00,0x00,0x00,0x00,0x00,0x00,0x00,0x00,
    0x00,0x00,0x00,0x00,0x00,0x00,0x00,0x00,0x2c,0x21,0x16,0x17,0x59,0x5b,0x5e,0x8c,
    0x6e,0x7c,0x90,0xff,0x7b,0xa3,0xd2,0xff,0x52,0x7f,0xb6,0xff,0x57,0x7a,0xaf,0xff,
    0x59,0x7d,0xb0,0xff,0x59,0x7d,0xaf,0xff,0x5e,0x81,0xb1,0xff,0x68,0x8b,0xb7,0xff,
    0x6e,0x94,0xba,0xff,0x73,0x9b,0xc3,0xff,0x7e,0xa2,0xcb,0xff,0x90,0xaf,0xd2,0xff,
    0xa1,0xbc,0xdc,0xff,0xaf,0xc5,0xe5,0xff,0xbb,0xce,0xe9,0xff,0xc6,0xd7,0xf2,0xff,
    0xb0,0xb6,0xe6,0xff,0x9a,0xa3,0xd5,0xff,0xa7,0xb5,0xdf,0xff,0xaa,0xbf,0xe5,0xff,
    0x89,0xa4,0xd0,0xff,0x78,0x91,0xb9,0xff,0x93,0xa0,0xc1,0xff,0x48,0x50,0x78,0xff,
    0x16,0x1e,0x51,0xff,0x1c,0x25,0x5c,0xff,0x35,0x40,0x73,0xff,0x36,0x41,0x71,0xff,
    0x36,0x42,0x72,0xff,0x37,0x44,0x75,0xff,0x37,0x3f,0x72,0xff,0x32,0x36,0x66,0xff,
    0x23,0x29,0x51,0xff,0x12,0x1b,0x38,0xff,0x0e,0x11,0x27,0xff,0x17,0x13,0x29,0xff,
    0x17,0x14,0x28,0xff,0x13,0x11,0x24,0xff,0x0d,0x0c,0x1f,0xff,0x0e,0x0d,0x20,0xff,
    0x1b,0x1b,0x2c,0xff,0x2f,0x2e,0x4a,0xff,0x45,0x3d,0x6a,0xff,0x3c,0x35,0x5f,0xff,
    0x1b,0x1a,0x36,0xff,0x23,0x21,0x3f,0xff,0x47,0x42,0x6b,0xff,0x39,0x34,0x63,0xff,
    0x37,0x34,0x62,0xff,0x5b,0x5a,0x89,0xff,0x5c,0x59,0x88,0xff,0x3e,0x39,0x68,0xff,
    0x32,0x2f,0x5e,0xff,0x50,0x54,0x83,0xff,0x66,0x69,0x98,0xff,0x5e,0x5d,0x8d,0xff,
    0x5d,0x5e,0x91,0xff,0x58,0x5a,0x8b,0xa4,0x5b,0x5b,0x8b,0x2a,0x00,0x00,0x00,0x00,
    0x00,0x00,0x00,0x00,0x00,0x00,0x00,0x00,0x00,0x00,0x00,0x00,0x00,0x00,0x00,0x00,
    0x00,0x00,0x00,0x00,0x00,0x00,0x00,0x00,0x00,0x00,0x00,0x00,0x00,0x00,0x00,0x00,
    0x00,0x00,0x00,0x00,0x00,0x00,0x00,0x00,0x00,0x00,0x00,0x00,0x00,0x00,0x00,0x00,
    0x00,0x00,0x00,0x00,0x00,0x00,0x00,0x00,0x00,0x00,0x00,0x00,0x00,0x00,0x00,0x00,
    0x00,0x00,0x00,0x00,0x00,0x00,0x00,0x00,0x00,0x00,0x00,0x00,0x70,0x6b,0x70,0x34,
    0x80,0x92,0xaf,0xa9,0x87,0xb0,0xe6,0xff,0x3d,0x6b,0xa6,0xff,0x3e,0x62,0x9d,0xff,
    0x43,0x65,0x9b,0xff,0x47,0x6a,0x9b,0xff,0x4f,0x72,0xa0,0xff,0x5a,0x7d,0xaa,0xff,
    0x5f,0x86,0xac,0xff,0x63,0x8b,0xb3,0xff,0x73,0x97,0xbf,0xff,0x85,0xa7,0xcb,0xff,
    0x98,0xb7,0xd8,0xff,0xad,0xc4,0xe3,0xff,0xbe,0xd2,0xec,0xff,0xc6,0xd8,0xf0,0xff,
    0xb4,0xbf,0xe7,0xff,0xac,0xb9,0xe0,0xff,0xbc,0xcb,0xe4,0xff,0xbb,0xcf,0xe5,0xff,
    0x98,0xb1,0xd4,0xff,0x7f,0x9c,0xbf,0xff,0x98,0xa9,0xc6,0xff,0x63,0x6d,0x8c,0xff,
    0x1e,0x24,0x50,0xff,0x12,0x1a,0x4d,0xff,0x2d,0x36,0x6b,0xff,0x2f,0x36,0x69,0xff,
    0x2e,0x31,0x64,0xff,0x27,0x2b,0x59,0xff,0x1f,0x20,0x45,0xff,0x16,0x16,0x30,0xff,
    0x0d,0x10,0x22,0xff,0x09,0x0d,0x1b,0xff,0x0d,0x0d,0x1a,0xff,0x0f,0x0b,0x19,0xff,
    0x09,0x08,0x16,0xff,0x0a,0x0b,0x18,0xff,0x16,0x13,0x26,0xff,0x27,0x21,0x3f,0xff,
    0x3a,0x33,0x58,0xff,0x41,0x3c,0x62,0xff,0x32,0x2d,0x50,0xff,0x10,0x0d,0x26,0xff,
    0x1d,0x1c,0x36,0xff,0x3b,0x3a,0x5f,0xff,0x40,0x3e,0x6a,0xff,0x32,0x2e,0x5b,0xff,
    0x54,0x53,0x84,0xff,0x62,0x5f,0x90,0xff,0x42,0x3e,0x6e,0xff,0x2f,0x2c,0x5c,0xff,
    0x42,0x43,0x74,0xff,0x63,0x68,0x99,0xff,0x5d,0x60,0x91,0xff,0x5d,0x5c,0x8e,0xff,
    0x59,0x59,0x89,0xc4,0x5b,0x5b,0x8a,0x46,0x00,0x00,0x00,0x00,0x00,0x00,0x00,0x00,
    0x00,0x00,0x00,0x00,0x00,0x00,0x00,0x00,0x00,0x00,0x00,0x00,0x00,0x00,0x00,0x00,
    0x00,0x00,0x00,0x00,0x00,0x00,0x00,0x00,0x00,0x00,0x00,0x00,0x00,0x00,0x00,0x00,
    0x00,0x00,0x00,0x00,0x00,0x00,0x00,0x00,0x00,0x00,0x00,0x00,0x00,0x00,0x00,0x00,
    0x00,0x00,0x00,0x00,0x00,0x00,0x00,0x00,0x00,0x00,0x00,0x00,0x00,0x00,0x00,0x00,
    0x00,0x00,0x00,0x00,0x00,0x00,0x00,0x00,0x00,0x00,0x00,0x00,0xff,0x7f,0x00,0x02,
    0x89,0xa0,0xc4,0x41,0x76,0x9b,0xcc,0xc6,0x37,0x60,0xa2,0xff,0x31,0x52,0x8b,0xff,
    0x37,0x53,0x84,0xff,0x3f,0x5a,0x8a,0xff,0x43,0x61,0x91,0xff,0x45,0x69,0x96,0xff,
    0x4d,0x72,0x9e,0xff,0x56,0x7a,0xa6,0xff,0x66,0x89,0xb5,0xff,0x77,0x9b,0xc6,0xff,
    0x8d,0xae,0xd6,0xff,0xa7,0xc2,0xe2,0xff,0xbd,0xd2,0xe9,0xff,0xc6,0xd8,0xec,0xff,
    0xc4,0xd6,0xed,0xff,0xc5,0xd6,0xed,0xff,0xc6,0xd5,0xea,0xff,0xba,0xcb,0xe3,0xff,
    0xa1,0xb7,0xd7,0xff,0x8e,0xaa,0xcb,0xff,0x91,0xa7,0xc4,0xff,0x83,0x95,0xb0,0xff,
    0x42,0x4c,0x6a,0xff,0x14,0x19,0x39,0xff,0x15,0x16,0x36,0xff,0x20,0x20,0x3e,0xff,
    0x19,0x18,0x33,0xff,0x11,0x0f,0x26,0xff,0x0a,0x09,0x19,0xff,0x07,0x07,0x13,0xff,
    0x08,0x07,0x13,0xff,0x0a,0x08,0x16,0xff,0x0d,0x0b,0x1b,0xff,0x11,0x0d,0x20,0xff,
    0x19,0x17,0x2b,0xff,0x25,0x22,0x3a,0xff,0x32,0x2d,0x4c,0xff,0x38,0x2f,0x55,0xff,
    0x31,0x29,0x50,0xff,0x24,0x21,0x3f,0xff,0x0a,0x0b,0x1b,0xff,0x15,0x13,0x2a,0xff,
    0x3a,0x38,0x5c,0xff,0x42,0x41,0x6c,0xff,0x35,0x34,0x60,0xff,0x4e,0x4b,0x7c,0xff,
    0x63,0x63,0x95,0xff,0x4b,0x49,0x79,0xff,0x2c,0x28,0x58,0xff,0x38,0x38,0x68,0xff,
    0x58,0x5c,0x8e,0xff,0x61,0x64,0x97,0xff,0x57,0x59,0x8c,0xff,0x57,0x57,0x88,0xdd,
    0x57,0x57,0x89,0x57,0x55,0x55,0x8d,0x09,0x00,0x00,0x00,0x00,0x00,0x00,0x00,0x00,
    0x00,0x00,0x00,0x00,0x00,0x00,0x00,0x00,0x00,0x00,0x00,0x00,0x00,0x00,0x00,0x00,
    0x00,0x00,0x00,0x00,0x00,0x00,0x00,0x00,0x00,0x00,0x00,0x00,0x00,0x00,0x00,0x00,
    0x00,0x00,0x00,0x00,0x00,0x00,0x00,0x00,0x00,0x00,0x00,0x00,0x00,0x00,0x00,0x00,
    0x00,0x00,0x00,0x00,0x00,0x00,0x00,0x00,0x00,0x00,0x00,0x00,0x00,0x00,0x00,0x00,
    0x00,0x00,0x00,0x00,0x00,0x00,0x00,0x00,0x00,0x00,0x00,0x00,0x00,0x00,0x00,0x00,
    0x91,0xb6,0xfe,0x07,0x61,0x82,0xae,0x56,0x38,0x56,0x94,0xd8,0x2e,0x46,0x7d,0xff,
    0x33,0x49,0x77,0xff,0x3c,0x50,0x7e,0xff,0x3b,0x55,0x86,0xff,0x36,0x57,0x86,0xff,
    0x3c,0x5c,0x8e,0xff,0x45,0x66,0x98,0xff,0x54,0x79,0xaa,0xff,0x6a,0x8f,0xbf,0xff,
    0x85,0xa6,0xd2,0xff,0xa2,0xbf,0xdf,0xff,0xbd,0xd3,0xe8,0xff,0xc7,0xda,0xee,0xff,
    0xcb,0xde,0xf0,0xff,0xcd,0xdd,0xef,0xff,0xc8,0xd6,0xec,0xff,0xb7,0xc6,0xe3,0xff,
    0xa2,0xb7,0xd6,0xff,0x95,0xae,0xce,0xff,0x8b,0xa2,0xc1,0xff,0x91,0xa9,0xc7,0xff,
    0x5a,0x6a,0x7f,0xff,0x19,0x1d,0x2a,0xff,0x02,0x00,0x09,0xff,0x0f,0x0f,0x18,0xff,
    0x0c,0x0c,0x10,0xff,0x06,0x05,0x07,0xff,0x06,0x04,0x0a,0xff,0x0a,0x07,0x14,0xff,
    0x11,0x0d,0x1e,0xff,0x18,0x13,0x26,0xff,0x1c,0x17,0x30,0xff,0x23,0x1f,0x3c,0xff,
    0x2d,0x28,0x48,0xff,0x30,0x29,0x4c,0xff,0x2c,0x25,0x47,0xff,0x25,0x1f,0x3d,0xff,
    0x1b,0x18,0x31,0xff,0x0e,0x0f,0x23,0xff,0x13,0x13,0x26,0xff,0x3a,0x35,0x5b,0xff,
    0x44,0x41,0x6f,0xff,0x3e,0x3c,0x6a,0xff,0x49,0x45,0x73,0xff,0x63,0x61,0x94,0xff,
    0x53,0x54,0x86,0xff,0x2c,0x2b,0x5b,0xff,0x32,0x30,0x5f,0xff,0x51,0x52,0x84,0xff,
    0x63,0x66,0x9a,0xff,0x58,0x59,0x8c,0xff,0x55,0x54,0x86,0xe6,0x55,0x57,0x88,0x72,
    0x4f,0x4f,0x8f,0x10,0x00,0x00,0x00,0x00,0x00,0x00,0x00,0x00,0x00,0x00,0x00,0x00,
    0x00,0x00,0x00,0x00,0x00,0x00,0x00,0x00,0x00,0x00,0x00,0x00,0x00,0x00,0x00,0x00,
    0x00,0x00,0x00,0x00,0x00,0x00,0x00,0x00,0x00,0x00,0x00,0x00,0x00,0x00,0x00,0x00,
    0x00,0x00,0x00,0x00,0x00,0x00,0x00,0x00,0x00,0x00,0x00,0x00,0x00,0x00,0x00,0x00,
    0x00,0x00,0x00,0x00,0x00,0x00,0x00,0x00,0x00,0x00,0x00,0x00,0x00,0x00,0x00,0x00,
    0x00,0x00,0x00,0x00,0x00,0x00,0x00,0x00,0x00,0x00,0x00,0x00,0x00,0x00,0x00,0x00,
    0x00,0x00,0x00,0x00,0x00,0x00,0x00,0x07,0x42,0x51,0x88,0x70,0x30,0x43,0x76,0xdc,
    0x2f,0x42,0x72,0xff,0x34,0x48,0x78,0xff,0x34,0x4b,0x7d,0xff,0x30,0x4c,0x7c,0xff,
    0x31,0x4c,0x80,0xff,0x34,0x53,0x88,0xff,0x43,0x67,0x9a,0xff,0x5e,0x84,0xb5,0xff,
    0x81,0xa4,0xcf,0xff,0xa5,0xc0,0xe1,0xff,0xc0,0xd6,0xeb,0xff,0xc9,0xdc,0xf1,0xff,
    0xc9,0xda,0xef,0xff,0xca,0xd7,0xec,0xff,0xc6,0xd3,0xeb,0xff,0xb7,0xc7,0xe4,0xff,
    0xa1,0xb5,0xd5,0xff,0x95,0xaa,0xc9,0xff,0x8b,0xa1,0xc1,0xff,0x90,0xa9,0xcb,0xff,
    0x60,0x74,0x89,0xff,0x1f,0x25,0x2c,0xff,0x00,0x00,0x00,0xff,0x0c,0x0b,0x16,0xff,
    0x0f,0x10,0x16,0xff,0x0c,0x0d,0x10,0xff,0x10,0x0e,0x1a,0xff,0x17,0x13,0x27,0xff,
    0x1f,0x19,0x33,0xff,0x26,0x1e,0x3a,0xff,0x28,0x23,0x3f,0xff,0x29,0x25,0x43,0xff,
    0x27,0x21,0x41,0xff,0x1f,0x18,0x37,0xff,0x17,0x13,0x2b,0xff,0x15,0x13,0x25,0xff,
    0x17,0x17,0x2a,0xff,0x1d,0x1b,0x35,0xff,0x3f,0x39,0x61,0xff,0x4a,0x45,0x77,0xff,
    0x3e,0x3b,0x6d,0xff,0x47,0x46,0x75,0xff,0x63,0x60,0x91,0xff,0x59,0x58,0x89,0xff,
    0x32,0x31,0x61,0xff,0x26,0x25,0x55,0xff,0x4e,0x4e,0x7f,0xff,0x65,0x67,0x9a,0xff,
    0x5d,0x5f,0x93,0xff,0x51,0x51,0x83,0xe7,0x56,0x52,0x84,0x8b,0x5d,0x5d,0x86,0x13,
    0x00,0x00,0x00,0x00,0x00,0x00,0x00,0x00,0x00,0x00,0x00,0x00,0x00,0x00,0x00,0x00,
    0x00,0x00,0x00,0x00,0x00,0x00,0x00,0x00,0x00,0x00,0x00,0x00,0x00,0x00,0x00,0x00,
    0x00,0x00,0x00,0x00,0x00,0x00,0x00,0x00,0x00,0x00,0x00,0x00,0x00,0x00,0x00,0x00,
    0x00,0x00,0x00,0x00,0x00,0x00,0x00,0x00,0x00,0x00,0x00,0x00,0x00,0x00,0x00,0x00,
    0x00,0x00,0x00,0x00,0x00,0x00,0x00,0x00,0x00,0x00,0x00,0x00,0x00,0x00,0x00,0x00,
    0x00,0x00,0x00,0x00,0x00,0x00,0x00,0x00,0x00,0x00,0x00,0x00,0x00,0x00,0x00,0x00,
    0x00,0x00,0x00,0x00,0x00,0x00,0x00,0x00,0x71,0x71,0x71,0x09,0x36,0x4d,0x7a,0x79,
    0x29,0x3c,0x70,0xdb,0x2a,0x3e,0x73,0xff,0x2f,0x46,0x78,0xff,0x2e,0x47,0x7a,0xff,
    0x2c,0x46,0x7a,0xff,0x29,0x45,0x7b,0xff,0x32,0x54,0x86,0xff,0x4f,0x74,0xa5,0xff,
    0x80,0xa2,0xcc,0xff,0xb2,0xcb,0xea,0xff,0xc7,0xdc,0xf0,0xff,0xc8,0xdb,0xf0,0xff,
    0xc8,0xda,0xee,0xff,0xc8,0xd7,0xec,0xff,0xc3,0xd1,0xeb,0xff,0xb4,0xc5,0xe2,0xff,
    0xa0,0xb3,0xd3,0xff,0x92,0xa8,0xc7,0xff,0x89,0xa0,0xc1,0xff,0x8c,0xa4,0xc9,0xff,
    0x66,0x78,0x92,0xff,0x27,0x2d,0x3c,0xff,0x04,0x00,0x11,0xff,0x16,0x13,0x2d,0xff,
    0x19,0x16,0x2f,0xff,0x17,0x18,0x2e,0xff,0x1a,0x1b,0x30,0xff,0x20,0x1e,0x37,0xff,
    0x24,0x1e,0x3e,0xff,0x23,0x1c,0x3f,0xff,0x1f,0x1b,0x37,0xff,0x17,0x16,0x2a,0xff,
    0x11,0x0e,0x22,0xff,0x14,0x12,0x24,0xff,0x1e,0x1e,0x2e,0xff,0x25,0x25,0x39,0xff,
    0x2b,0x26,0x48,0xff,0x41,0x39,0x65,0xff,0x4f,0x48,0x7d,0xff,0x38,0x38,0x6a,0xff,
    0x45,0x47,0x77,0xff,0x5e,0x60,0x90,0xff,0x5a,0x5b,0x8c,0xff,0x38,0x38,0x67,0xff,
    0x1f,0x1e,0x4c,0xff,0x44,0x44,0x75,0xff,0x65,0x68,0x9a,0xff,0x62,0x64,0x98,0xff,
    0x50,0x52,0x85,0xe6,0x4f,0x4f,0x82,0x93,0x4d,0x4d,0x85,0x17,0x00,0x00,0x00,0x00,
    0x00,0x00,0x00,0x00,0x00,0x00,0x00,0x00,0x00,0x00,0x00,0x00,0x00,0x00,0x00,0x00,
    0x00,0x00,0x00,0x00,0x00,0x00,0x00,0x00,0x00,0x00,0x00,0x00,0x00,0x00,0x00,0x00,
    0x00,0x00,0x00,0x00,0x00,0x00,0x00,0x00,0x00,0x00,0x00,0x00,0x00,0x00,0x00,0x00,
    0x00,0x00,0x00,0x00,0x00,0x00,0x00,0x00,0x00,0x00,0x00,0x00,0x00,0x00,0x00,0x00,
    0x00,0x00,0x00,0x00,0x00,0x00,0x00,0x00,0x00,0x00,0x00,0x00,0x00,0x00,0x00,0x00,
    0x00,0x00,0x00,0x00,0x00,0x00,0x00,0x00,0x00,0x00,0x00,0x00,0x00,0x00,0x00,0x00,
    0x00,0x00,0x00,0x00,0x00,0x00,0x00,0x00,0x00,0x00,0x00,0x00,0x6d,0x6d,0x6d,0x07,
    0x38,0x43,0x69,0x6d,0x36,0x42,0x6d,0xd7,0x36,0x46,0x76,0xff,0x33,0x45,0x7a,0xff,
    0x2d,0x43,0x7b,0xff,0x26,0x3b,0x74,0xff,0x23,0x3a,0x70,0xff,0x38,0x55,0x88,0xff,
    0x79,0x96,0xc0,0xff,0xbc,0xd6,0xf1,0xff,0xcc,0xe0,0xf4,0xff,0xc5,0xd8,0xee,0xff,
    0xc5,0xd7,0xee,0xff,0xc4,0xd4,0xed,0xff,0xbd,0xce,0xe9,0xff,0xaf,0xc1,0xde,0xff,
    0x9c,0xaf,0xd0,0xff,0x8c,0xa2,0xc4,0xff,0x7f,0x98,0xb9,0xff,0x81,0x9d,0xc0,0xff,
    0x64,0x77,0x93,0xff,0x2a,0x2f,0x42,0xff,0x06,0x00,0x14,0xff,0x16,0x12,0x2c,0xff,
    0x17,0x13,0x2d,0xff,0x19,0x16,0x30,0xff,0x18,0x16,0x30,0xff,0x17,0x15,0x2e,0xff,
    0x16,0x13,0x2e,0xff,0x17,0x13,0x31,0xff,0x1b,0x17,0x32,0xff,0x1f,0x1c,0x31,0xff,
    0x25,0x21,0x38,0xff,0x2c,0x28,0x42,0xff,0x25,0x22,0x3f,0xff,0x21,0x1e,0x41,0xff,
    0x38,0x34,0x5d,0xff,0x4f,0x4b,0x78,0xff,0x34,0x35,0x66,0xff,0x45,0x49,0x7a,0xff,
    0x5d,0x5f,0x90,0xff,0x58,0x59,0x89,0xff,0x38,0x38,0x67,0xff,0x1e,0x1e,0x4d,0xff,
    0x3c,0x3c,0x6b,0xff,0x66,0x65,0x96,0xff,0x62,0x63,0x97,0xff,0x53,0x55,0x88,0xe2,
    0x4e,0x4f,0x81,0x86,0x4d,0x42,0x85,0x17,0x00,0x00,0x00,0x00,0x00,0x00,0x00,0x00,
    0x00,0x00,0x00,0x00,0x00,0x00,0x00,0x00,0x00,0x00,0x00,0x00,0x00,0x00,0x00,0x00,
    0x00,0x00,0x00,0x00,0x00,0x00,0x00,0x00,0x00,0x00,0x00,0x00,0x00,0x00,0x00,0x00,
    0x00,0x00,0x00,0x00,0x00,0x00,0x00,0x00,0x00,0x00,0x00,0x00,0x00,0x00,0x00,0x00,
    0x00,0x00,0x00,0x00,0x00,0x00,0x00,0x00,0x00,0x00,0x00,0x00,0x00,0x00,0x00,0x00,
    0x00,0x00,0x00,0x00,0x00,0x00,0x00,0x00,0x00,0x00,0x00,0x00,0x00,0x00,0x00,0x00,
    0x00,0x00,0x00,0x00,0x00,0x00,0x00,0x00,0x00,0x00,0x00,0x00,0x00,0x00,0x00,0x00,
    0x00,0x00,0x00,0x00,0x00,0x00,0x00,0x00,0x00,0x00,0x00,0x00,0x00,0x00,0x00,0x00,
    0x2a,0x2a,0x55,0x06,0x44,0x4a,0x57,0x52,0x43,0x4b,0x61,0xc4,0x43,0x4c,0x72,0xff,
    0x37,0x45,0x77,0xff,0x2d,0x3f,0x78,0xff,0x1b,0x31,0x6a,0xff,0x27,0x3f,0x76,0xff,
    0x71,0x8a,0xb5,0xff,0xc2,0xd9,0xf5,0xff,0xc8,0xdc,0xf3,0xff,0xc1,0xd5,0xed,0xff,
    0xc2,0xd4,0xed,0xff,0xc1,0xd1,0xeb,0xff,0xb9,0xcb,0xe6,0xff,0xab,0xbf,0xdc,0xff,
    0x9a,0xae,0xcd,0xff,0x89,0x9f,0xc0,0xff,0x7c,0x93,0xb8,0xff,0x7d,0x98,0xbc,0xff,
    0x62,0x71,0x8e,0xff,0x29,0x2b,0x42,0xff,0x05,0x00,0x15,0xff,0x14,0x0f,0x26,0xff,
    0x13,0x0f,0x25,0xff,0x14,0x11,0x27,0xff,0x17,0x12,0x29,0xff,0x1b,0x16,0x2e,0xff,
    0x1e,0x1a,0x34,0xff,0x1f,0x1d,0x37,0xff,0x23,0x1e,0x3a,0xff,0x25,0x20,0x3d,0xff,
    0x1c,0x15,0x2d,0xff,0x0a,0x06,0x17,0xff,0x15,0x13,0x2c,0xff,0x38,0x35,0x5e,0xff,
    0x4a,0x47,0x76,0xff,0x36,0x35,0x61,0xff,0x4a,0x4d,0x7c,0xff,0x5f,0x61,0x95,0xff,
    0x57,0x56,0x8a,0xff,0x39,0x36,0x67,0xff,0x23,0x20,0x4e,0xff,0x32,0x33,0x63,0xff,
    0x62,0x65,0x96,0xff,0x65,0x65,0x9b,0xff,0x54,0x55,0x87,0xd4,0x4a,0x4c,0x7f,0x6a,
    0x48,0x48,0x6d,0x15,0x00,0x00,0x00,0x00,0x00,0x00,0x00,0x00,0x00,0x00,0x00,0x00,
    0x00,0x00,0x00,0x00,0x00,0x00,0x00,0x00,0x00,0x00,0x00,0x00,0x00,0x00,0x00,0x00,
    0x00,0x00,0x00,0x00,0x00,0x00,0x00,0x00,0x00,0x00,0x00,0x00,0x00,0x00,0x00,0x00,
    0x00,0x00,0x00,0x00,0x00,0x00,0x00,0x00,0x00,0x00,0x00,0x00,0x00,0x00,0x00,0x00,
    0x00,0x00,0x00,0x00,0x00,0x00,0x00,0x00,0x00,0x00,0x00,0x00,0x00,0x00,0x00,0x00,
    0x00,0x00,0x00,0x00,0x00,0x00,0x00,0x00,0x00,0x00,0x00,0x00,0x00,0x00,0x00,0x00,
    0x00,0x00,0x00,0x00,0x00,0x00,0x00,0x00,0x00,0x00,0x00,0x00,0x00,0x00,0x00,0x00,
    0x00,0x00,0x00,0x00,0x00,0x00,0x00,0x00,0x00,0x00,0x00,0x00,0x00,0x00,0x00,0x00,
    0x00,0x00,0x00,0x00,0x55,0x55,0x2a,0x06,0x4a,0x4e,0x56,0x3e,0x47,0x4c,0x5b,0xa1,
    0x44,0x4a,0x63,0xf7,0x3f,0x4a,0x6f,0xff,0x1a,0x2b,0x5a,0xff,0x18,0x2b,0x5d,0xff,
    0x65,0x7a,0xa4,0xff,0xbf,0xd5,0xf3,0xff,0xc5,0xd9,0xf2,0xff,0xbe,0xd4,0xed,0xff,
    0xc0,0xd4,0xed,0xff,0xc2,0xd3,0xed,0xff,0xbc,0xcf,0xea,0xff,0xae,0xc4,0xe0,0xff,
    0x9c,0xb3,0xd1,0xff,0x8a,0xa2,0xc3,0xff,0x7c,0x92,0xba,0xff,0x7b,0x93,0xb7,0xff,
    0x5c,0x68,0x83,0xff,0x26,0x25,0x3a,0xff,0x07,0x00,0x16,0xff,0x18,0x12,0x27,0xff,
    0x15,0x10,0x27,0xff,0x16,0x11,0x28,0xff,0x18,0x11,0x28,0xff,0x19,0x13,0x29,0xff,
    0x18,0x13,0x2b,0xff,0x15,0x12,0x2a,0xff,0x0f,0x0d,0x20,0xff,0x07,0x05,0x0d,0xff,
    0x05,0x04,0x0c,0xff,0x1f,0x1d,0x34,0xff,0x3c,0x38,0x63,0xff,0x44,0x3f,0x73,0xff,
    0x3d,0x3a,0x6b,0xff,0x4e,0x4e,0x7e,0xff,0x5a,0x5b,0x8e,0xff,0x55,0x54,0x8a,0xff,
    0x38,0x36,0x67,0xff,0x20,0x1f,0x49,0xff,0x2b,0x2c,0x58,0xff,0x5c,0x61,0x93,0xff,
    0x63,0x65,0x99,0xff,0x55,0x56,0x8d,0xb6,0x4c,0x4f,0x84,0x4d,0x3a,0x3a,0x75,0x0d,
    0x00,0x00,0x00,0x00,0x00,0x00,0x00,0x00,0x00,0x00,0x00,0x00,0x00,0x00,0x00,0x00,
    0x00,0x00,0x00,0x00,0x00,0x00,0x00,0x00,0x00,0x00,0x00,0x00,0x00,0x00,0x00,0x00,
    0x00,0x00,0x00,0x00,0x00,0x00,0x00,0x00,0x00,0x00,0x00,0x00,0x00,0x00,0x00,0x00,
    0x00,0x00,0x00,0x00,0x00,0x00,0x00,0x00,0x00,0x00,0x00,0x00,0x00,0x00,0x00,0x00,
    0x00,0x00,0x00,0x00,0x00,0x00,0x00,0x00,0x00,0x00,0x00,0x00,0x00,0x00,0x00,0x00,
    0x00,0x00,0x00,0x00,0x00,0x00,0x00,0x00,0x00,0x00,0x00,0x00,0x00,0x00,0x00,0x00,
    0x00,0x00,0x00,0x00,0x00,0x00,0x00,0x00,0x00,0x00,0x00,0x00,0x00,0x00,0x00,0x00,
    0x00,0x00,0x00,0x00,0x00,0x00,0x00,0x00,0x00,0x00,0x00,0x00,0x00,0x00,0x00,0x00,
    0x00,0x00,0x00,0x00,0x00,0x00,0x00,0x00,0x00,0x00,0x00,0x01,0x4b,0x4b,0x4b,0x2f,
    0x46,0x48,0x51,0x89,0x3c,0x44,0x4e,0xd2,0x3e,0x4a,0x63,0xff,0x3e,0x4b,0x77,0xff,
    0x6b,0x7b,0xa9,0xff,0xb5,0xcc,0xeb,0xff,0xd6,0xed,0xff,0xff,0xd6,0xef,0xff,0xff,
    0xd8,0xee,0xff,0xff,0xd1,0xe5,0xff,0xff,0xc5,0xda,0xf6,0xff,0xb4,0xca,0xe8,0xff,
    0xa3,0xbb,0xd9,0xff,0x9a,0xb3,0xd4,0xff,0x8f,0xa5,0xcd,0xff,0x83,0x9a,0xbc,0xff,
    0x51,0x5e,0x73,0xff,0x1a,0x1b,0x27,0xff,0x04,0x00,0x0d,0xff,0x14,0x10,0x23,0xff,
    0x12,0x0d,0x23,0xff,0x13,0x0f,0x23,0xff,0x13,0x0f,0x21,0xff,0x12,0x0e,0x1e,0xff,
    0x0c,0x0a,0x19,0xff,0x05,0x05,0x11,0xff,0x02,0x04,0x0b,0xff,0x0d,0x0d,0x15,0xff,
    0x27,0x26,0x3a,0xff,0x3c,0x39,0x61,0xff,0x40,0x3d,0x70,0xff,0x42,0x3f,0x72,0xff,
    0x4f,0x4e,0x7f,0xff,0x59,0x59,0x8c,0xff,0x4d,0x4d,0x84,0xff,0x3b,0x38,0x6b,0xff,
    0x1f,0x1b,0x45,0xff,0x25,0x25,0x4e,0xff,0x4a,0x50,0x7e,0xff,0x62,0x69,0x99,0xde,
    0x58,0x58,0x8e,0x9e,0x4f,0x4f,0x85,0x3d,0x33,0x33,0x66,0x05,0x00,0x00,0x00,0x00,
    0x00,0x00,0x00,0x00,0x00,0x00,0x00,0x00,0x00,0x00,0x00,0x00,0x00,0x00,0x00,0x00,
    0x00,0x00,0x00,0x00,0x00,0x00,0x00,0x00,0x00,0x00,0x00,0x00,0x00,0x00,0x00,0x00,
    0x00,0x00,0x00,0x00,0x00,0x00,0x00,0x00,0x00,0x00,0x00,0x00,0x00,0x00,0x00,0x00,
    0x00,0x00,0x00,0x00,0x00,0x00,0x00,0x00,0x00,0x00,0x00,0x00,0x00,0x00,0x00,0x00,
    0x00,0x00,0x00,0x00,0x00,0x00,0x00,0x00,0x00,0x00,0x00,0x00,0x00,0x00,0x00,0x00,
    0x00,0x00,0x00,0x00,0x00,0x00,0x00,0x00,0x00,0x00,0x00,0x00,0x00,0x00,0x00,0x00,
    0x00,0x00,0x00,0x00,0x00,0x00,0x00,0x00,0x00,0x00,0x00,0x00,0x00,0x00,0x00,0x00,
    0x00,0x00,0x00,0x00,0x00,0x00,0x00,0x00,0x00,0x00,0x00,0x00,0x00,0x00,0x00,0x00,
    0x00,0x00,0x00,0x00,0x00,0x00,0x00,0x00,0x00,0x00,0x00,0x00,0x00,0x00,0x00,0x00,
    0x38,0x38,0x2f,0x1b,0x35,0x3b,0x30,0x5a,0x6b,0x71,0x83,0xb0,0x6d,0x74,0xa3,0xe2,
    0x87,0x96,0xca,0xfb,0xba,0xd4,0xf6,0xff,0xcc,0xe5,0xf7,0xff,0xb7,0xce,0xdb,0xff,
    0xae,0xc0,0xd1,0xff,0x96,0xa7,0xbb,0xff,0x7f,0x8f,0xa4,0xff,0x70,0x7f,0x94,0xff,
    0x6b,0x7b,0x90,0xff,0x71,0x81,0x98,0xff,0x74,0x85,0x9f,0xff,0x83,0x96,0xb3,0xff,
    0x4f,0x5a,0x6e,0xff,0x12,0x15,0x1c,0xff,0x00,0x00,0x01,0xff,0x0b,0x0a,0x16,0xff,
    0x0b,0x09,0x15,0xff,0x0a,0x08,0x13,0xff,0x09,0x09,0x12,0xff,0x0a,0x0a,0x12,0xff,
    0x0b,0x0b,0x14,0xff,0x0f,0x10,0x1a,0xff,0x19,0x1b,0x29,0xff,0x2b,0x2b,0x47,0xff,
    0x3d,0x3b,0x62,0xff,0x40,0x3c,0x6c,0xff,0x41,0x40,0x70,0xff,0x4c,0x4c,0x7b,0xff,
    0x56,0x56,0x86,0xff,0x49,0x4a,0x7c,0xff,0x38,0x36,0x6a,0xff,0x22,0x1e,0x49,0xff,
    0x22,0x1f,0x45,0xff,0x3e,0x3f,0x6a,0xea,0x5d,0x65,0x96,0xbc,0x57,0x60,0x8e,0x6f,
    0x47,0x47,0x7c,0x27,0x00,0x00,0x00,0x00,0x00,0x00,0x00,0x00,0x00,0x00,0x00,0x00,
    0x00,0x00,0x00,0x00,0x00,0x00,0x00,0x00,0x00,0x00,0x00,0x00,0x00,0x00,0x00,0x00,
    0x00,0x00,0x00,0x00,0x00,0x00,0x00,0x00,0x00,0x00,0x00,0x00,0x00,0x00,0x00,0x00,
    0x00,0x00,0x00,0x00,0x00,0x00,0x00,0x00,0x00,0x00,0x00,0x00,0x00,0x00,0x00,0x00,
    0x00,0x00,0x00,0x00,0x00,0x00,0x00,0x00,0x00,0x00,0x00,0x00,0x00,0x00,0x00,0x00,
    0x00,0x00,0x00,0x00,0x00,0x00,0x00,0x00,0x00,0x00,0x00,0x00,0x00,0x00,0x00,0x00,
    0x00,0x00,0x00,0x00,0x00,0x00,0x00,0x00,0x00,0x00,0x00,0x00,0x00,0x00,0x00,0x00,
    0x00,0x00,0x00,0x00,0x00,0x00,0x00,0x00,0x00,0x00,0x00,0x00,0x00,0x00,0x00,0x00,
    0x00,0x00,0x00,0x00,0x00,0x00,0x00,0x00,0x00,0x00,0x00,0x00,0x00,0x00,0x00,0x00,
    0x00,0x00,0x00,0x00,0x00,0x00,0x00,0x00,0x00,0x00,0x00,0x00,0x00,0x00,0x00,0x00,
    0x00,0x00,0x00,0x00,0x00,0x00,0x00,0x00,0xc2,0xb6,0xee,0x2e,0x95,0x9b,0xde,0x76,
    0x9e,0xb0,0xe3,0xbc,0xa0,0xb8,0xd6,0xeb,0x7b,0x8c,0x9f,0xf6,0x51,0x5b,0x67,0xff,
    0x40,0x46,0x51,0xff,0x24,0x2a,0x36,0xff,0x0f,0x14,0x1f,0xff,0x09,0x0c,0x16,0xff,
    0x0f,0x13,0x1c,0xff,0x1a,0x1e,0x23,0xff,0x29,0x30,0x35,0xff,0x5b,0x67,0x76,0xff,
    0x46,0x4c,0x5f,0xff,0x17,0x18,0x22,0xff,0x02,0x02,0x05,0xff,0x0b,0x0c,0x12,0xff,
    0x0b,0x0b,0x11,0xff,0x0a,0x09,0x10,0xff,0x0b,0x0b,0x13,0xff,0x11,0x10,0x1b,0xff,
    0x1b,0x19,0x2a,0xff,0x2a,0x26,0x3f,0xff,0x35,0x33,0x54,0xff,0x36,0x35,0x61,0xff,
    0x33,0x31,0x5e,0xff,0x3e,0x3c,0x69,0xff,0x50,0x4f,0x7d,0xff,0x53,0x53,0x84,0xff,
    0x3e,0x3f,0x6f,0xff,0x32,0x33,0x60,0xff,0x26,0x23,0x4c,0xfa,0x1a,0x17,0x3a,0xee,
    0x3a,0x39,0x60,0xc9,0x61,0x61,0x95,0x8a,0x65,0x69,0x9d,0x3f,0x00,0x00,0x00,0x04,
    0x00,0x00,0x00,0x00,0x00,0x00,0x00,0x00,0x00,0x00,0x00,0x00,0x00,0x00,0x00,0x00,
    0x00,0x00,0x00,0x00,0x00,0x00,0x00,0x00,0x00,0x00,0x00,0x00,0x00,0x00,0x00,0x00,
    0x00,0x00,0x00,0x00,0x00,0x00,0x00,0x00,0x00,0x00,0x00,0x00,0x00,0x00,0x00,0x00,
    0x00,0x00,0x00,0x00,0x00,0x00,0x00,0x00,0x00,0x00,0x00,0x00,0x00,0x00,0x00,0x00,
    0x00,0x00,0x00,0x00,0x00,0x00,0x00,0x00,0x00,0x00,0x00,0x00,0x00,0x00,0x00,0x00,
    0x00,0x00,0x00,0x00,0x00,0x00,0x00,0x00,0x00,0x00,0x00,0x00,0x00,0x00,0x00,0x00,
    0x00,0x00,0x00,0x00,0x00,0x00,0x00,0x00,0x00,0x00,0x00,0x00,0x00,0x00,0x00,0x00,
    0x00,0x00,0x00,0x00,0x00,0x00,0x00,0x00,0x00,0x00,0x00,0x00,0x00,0x00,0x00,0x00,
    0x00,0x00,0x00,0x00,0x00,0x00,0x00,0x00,0x00,0x00,0x00,0x00,0x00,0x00,0x00,0x00,
    0x00,0x00,0x00,0x00,0x00,0x00,0x00,0x00,0x00,0x00,0x00,0x00,0x00,0x00,0x00,0x00,
    0x00,0x00,0x00,0x00,0x00,0x00,0x00,0x00,0x00,0x00,0x00,0x00,0x99,0xcc,0xff,0x05,
    0x5a,0x6a,0x7f,0x30,0x23,0x2b,0x30,0x74,0x00,0x00,0x00,0xb7,0x00,0x00,0x00,0xf3,
    0x01,0x01,0x01,0xf9,0x05,0x06,0x10,0xfc,0x08,0x09,0x19,0xff,0x09,0x0a,0x1d,0xff,
    0x08,0x09,0x1a,0xff,0x05,0x06,0x07,0xff,0x00,0x00,0x00,0xff,0x0f,0x13,0x11,0xff,
    0x1e,0x1f,0x26,0xff,0x1e,0x19,0x29,0xff,0x16,0x11,0x23,0xff,0x18,0x18,0x27,0xff,
    0x1b,0x1a,0x2c,0xff,0x1d,0x1c,0x2d,0xff,0x21,0x1e,0x32,0xff,0x28,0x23,0x3e,0xff,
    0x2d,0x27,0x49,0xff,0x2c,0x26,0x4c,0xff,0x25,0x20,0x48,0xff,0x28,0x28,0x52,0xff,
    0x44,0x43,0x6f,0xff,0x52,0x52,0x82,0xff,0x47,0x47,0x78,0xff,0x33,0x32,0x65,0xfd,
    0x2d,0x2b,0x5d,0xf9,0x23,0x23,0x4b,0xf4,0x14,0x11,0x31,0xc9,0x39,0x37,0x61,0x85,
    0x62,0x62,0x95,0x41,0x7f,0x7f,0xa3,0x0e,0x00,0x00,0x00,0x00,0x00,0x00,0x00,0x00,
    0x00,0x00,0x00,0x00,0x00,0x00,0x00,0x00,0x00,0x00,0x00,0x00,0x00,0x00,0x00,0x00,
    0x00,0x00,0x00,0x00,0x00,0x00,0x00,0x00,0x00,0x00,0x00,0x00,0x00,0x00,0x00,0x00,
    0x00,0x00,0x00,0x00,0x00,0x00,0x00,0x00,0x00,0x00,0x00,0x00,0x00,0x00,0x00,0x00,
    0x00,0x00,0x00,0x00,0x00,0x00,0x00,0x00,0x00,0x00,0x00,0x00,0x00,0x00,0x00,0x00,
    0x00,0x00,0x00,0x00,0x00,0x00,0x00,0x00,0x00,0x00,0x00,0x00,0x00,0x00,0x00,0x00,
    0x00,0x00,0x00,0x00,0x00,0x00,0x00,0x00,0x00,0x00,0x00,0x00,0x00,0x00,0x00,0x00,
    0x00,0x00,0x00,0x00,0x00,0x00,0x00,0x00,0x00,0x00,0x00,0x00,0x00,0x00,0x00,0x00,
    0x00,0x00,0x00,0x00,0x00,0x00,0x00,0x00,0x00,0x00,0x00,0x00,0x00,0x00,0x00,0x00,
    0x00,0x00,0x00,0x00,0x00,0x00,0x00,0x00,0x00,0x00,0x00,0x00,0x00,0x00,0x00,0x00,
    0x00,0x00,0x00,0x00,0x00,0x00,0x00,0x00,0x00,0x00,0x00,0x00,0x00,0x00,0x00,0x00,
    0x00,0x00,0x00,0x00,0x00,0x00,0x00,0x00,0x00,0x00,0x00,0x00,0x00,0x00,0x00,0x00,
    0x00,0x00,0x00,0x00,0x00,0x00,0x00,0x07,0x15,0x1c,0x31,0x24,0x4e,0x56,0x80,0x61,
    0x78,0x81,0xa5,0x92,0x86,0x91,0xb7,0xc9,0x89,0x97,0xbf,0xf4,0x8a,0x9b,0xc3,0xff,
    0x7f,0x8e,0xb3,0xff,0x67,0x72,0x8f,0xff,0x2e,0x32,0x45,0xff,0x06,0x06,0x09,0xff,
    0x08,0x07,0x03,0xff,0x1a,0x15,0x1f,0xff,0x22,0x1b,0x37,0xff,0x1f,0x19,0x38,0xff,
    0x20,0x1c,0x3a,0xff,0x20,0x1c,0x3a,0xff,0x1b,0x17,0x35,0xff,0x15,0x0e,0x30,0xff,
    0x15,0x0f,0x31,0xff,0x21,0x1f,0x3e,0xff,0x37,0x34,0x5a,0xff,0x4f,0x4a,0x7b,0xff,
    0x4c,0x48,0x79,0xff,0x3a,0x38,0x67,0xff,0x2e,0x2c,0x5b,0xfa,0x2d,0x29,0x56,0xd7,
    0x1e,0x19,0x41,0x9f,0x18,0x13,0x37,0x6a,0x31,0x3a,0x62,0x34,0x55,0x55,0x6a,0x0c,
    0x00,0x00,0x00,0x00,0x00,0x00,0x00,0x00,0x00,0x00,0x00,0x00,0x00,0x00,0x00,0x00,
    0x00,0x00,0x00,0x00,0x00,0x00,0x00,0x00,0x00,0x00,0x00,0x00,0x00,0x00,0x00,0x00,
    0x00,0x00,0x00,0x00,0x00,0x00,0x00,0x00,0x00,0x00,0x00,0x00,0x00,0x00,0x00,0x00,
    0x00,0x00,0x00,0x00,0x00,0x00,0x00,0x00,0x00,0x00,0x00,0x00,0x00,0x00,0x00,0x00,
    0x00,0x00,0x00,0x00,0x00,0x00,0x00,0x00,0x00,0x00,0x00,0x00,0x00,0x00,0x00,0x00,
    0x00,0x00,0x00,0x00,0x00,0x00,0x00,0x00,0x00,0x00,0x00,0x00,0x00,0x00,0x00,0x00,
    0x00,0x00,0x00,0x00,0x00,0x00,0x00,0x00,0x00,0x00,0x00,0x00,0x00,0x00,0x00,0x00,
    0x00,0x00,0x00,0x00,0x00,0x00,0x00,0x00,0x00,0x00,0x00,0x00,0x00,0x00,0x00,0x00,
    0x00,0x00,0x00,0x00,0x00,0x00,0x00,0x00,0x00,0x00,0x00,0x00,0x00,0x00,0x00,0x00,
    0x00,0x00,0x00,0x00,0x00,0x00,0x00,0x00,0x00,0x00,0x00,0x00,0x00,0x00,0x00,0x00,
    0x00,0x00,0x00,0x00,0x00,0x00,0x00,0x00,0x00,0x00,0x00,0x00,0x00,0x00,0x00,0x00,
    0x00,0x00,0x00,0x00,0x00,0x00,0x00,0x00,0x00,0x00,0x00,0x00,0x00,0x00,0x00,0x00,
    0x00,0x00,0x00,0x00,0x00,0x00,0x00,0x00,0x00,0x7f,0x7f,0x02,0x7f,0x7f,0xcc,0x0a,
    0x99,0xaa,0xcc,0x0f,0xb6,0xc8,0xe8,0x38,0xb8,0xcc,0xea,0x65,0xb6,0xca,0xe6,0x89,
    0xb2,0xc4,0xe1,0xa7,0xa5,0xb9,0xd5,0xc7,0x83,0x90,0xad,0xe4,0x25,0x25,0x34,0xf9,
    0x02,0x03,0x02,0xff,0x08,0x09,0x0e,0xff,0x13,0x10,0x26,0xff,0x10,0x0b,0x26,0xff,
    0x0e,0x0b,0x22,0xff,0x11,0x0e,0x23,0xff,0x15,0x13,0x2e,0xff,0x1e,0x1c,0x40,0xff,
    0x2e,0x2d,0x53,0xff,0x3c,0x3b,0x62,0xfe,0x41,0x3f,0x69,0xea,0x38,0x37,0x63,0xce,
    0x32,0x2e,0x58,0xb0,0x2c,0x2b,0x50,0x8e,0x25,0x23,0x48,0x6d,0x21,0x1a,0x43,0x44,
    0x16,0x16,0x37,0x17,0x15,0x15,0x2a,0x0c,0x3f,0x7f,0x7f,0x04,0x00,0x00,0x00,0x00,
    0x00,0x00,0x00,0x00,0x00,0x00,0x00,0x00,0x00,0x00,0x00,0x00,0x00,0x00,0x00,0x00,
    0x00,0x00,0x00,0x00,0x00,0x00,0x00,0x00,0x00,0x00,0x00,0x00,0x00,0x00,0x00,0x00,
    0x00,0x00,0x00,0x00,0x00,0x00,0x00,0x00,0x00,0x00,0x00,0x00,0x00,0x00,0x00,0x00,
    0x00,0x00,0x00,0x00,0x00,0x00,0x00,0x00,0x00,0x00,0x00,0x00,0x00,0x00,0x00,0x00,
    0x00,0x00,0x00,0x00,0x00,0x00,0x00,0x00,0x00,0x00,0x00,0x00,0x00,0x00,0x00,0x00,
    0x00,0x00,0x00,0x00,0x00,0x00,0x00,0x00,0x00,0x00,0x00,0x00,0x00,0x00,0x00,0x00,
    0x00,0x00,0x00,0x00,0x00,0x00,0x00,0x00,0x00,0x00,0x00,0x00,0x00,0x00,0x00,0x00,
    0x00,0x00,0x00,0x00,0x00,0x00,0x00,0x00,0x00,0x00,0x00,0x00,0x00,0x00,0x00,0x00,
    0x00,0x00,0x00,0x00,0x00,0x00,0x00,0x00,0x00,0x00,0x00,0x00,0x00,0x00,0x00,0x00,
    0x00,0x00,0x00,0x00,0x00,0x00,0x00,0x00,0x00,0x00,0x00,0x00,0x00,0x00,0x00,0x00,
    0x00,0x00,0x00,0x00,0x00,0x00,0x00,0x00,0x00,0x00,0x00,0x00,0x00,0x00,0x00,0x00,
    0x00,0x00,0x00,0x00,0x00,0x00,0x00,0x00,0x00,0x00,0x00,0x00,0x00,0x00,0x00,0x00,
    0x00,0x00,0x00,0x00,0x00,0x00,0x00,0x00,0x00,0x00,0x00,0x00,0x00,0x00,0x00,0x00,
    0x00,0x00,0x00,0x00,0xff,0xff,0xff,0x04,0xef,0xff,0xff,0x10,0xd9,0xec,0xff,0x1b,
    0xc8,0xda,0xf2,0x2a,0xb5,0xcc,0xe7,0x42,0xa3,0xb3,0xd1,0x5f,0x3f,0x44,0x53,0x74,
    0x09,0x09,0x0b,0x85,0x01,0x03,0x08,0x8f,0x0f,0x0f,0x20,0x95,0x0e,0x0b,0x26,0x9a,
    0x10,0x0d,0x25,0x9b,0x18,0x13,0x2c,0x9b,0x20,0x1c,0x3b,0x97,0x26,0x26,0x49,0x91,
    0x31,0x31,0x58,0x87,0x3a,0x38,0x60,0x7a,0x3a,0x38,0x60,0x64,0x29,0x29,0x53,0x49,
    0x21,0x21,0x48,0x2e,0x23,0x23,0x46,0x1d,0x1a,0x1a,0x35,0x13,0x00,0x00,0x00,0x07,
    0x00,0x00,0x00,0x00,0x00,0x00,0x00,0x00,0x00,0x00,0x00,0x00,0x00,0x00,0x00,0x00,
    0x00,0x00,0x00,0x00,0x00,0x00,0x00,0x00,0x00,0x00,0x00,0x00,0x00,0x00,0x00,0x00,
    0x00,0x00,0x00,0x00,0x00,0x00,0x00,0x00,0x00,0x00,0x00,0x00,0x00,0x00,0x00,0x00,
    0x00,0x00,0x00,0x00,0x00,0x00,0x00,0x00,0x00,0x00,0x00,0x00,0x00,0x00,0x00,0x00,
    0x00,0x00,0x00,0x00,0x00,0x00,0x00,0x00,0x00,0x00,0x00,0x00,0x00,0x00,0x00,0x00,
    0x00,0x00,0x00,0x00,0x00,0x00,0x00,0x00,0x00,0x00,0x00,0x00,0x00,0x00,0x00,0x00,
    0x00,0x00,0x00,0x00,0x00,0x00,0x00,0x00,0x00,0x00,0x00,0x00,0x00,0x00,0x00,0x00,
    0x00,0x00,0x00,0x00,0x00,0x00,0x00,0x00,0x00,0x00,0x00,0x00,0x00,0x00,0x00,0x00,
};

const lv_image_dsc_t img_avatar_2_72x72_ARGB8888_aligned = {
  .header.magic = LV_IMAGE_HEADER_MAGIC,
  .header.cf = LV_COLOR_FORMAT_ARGB8888,
  .header.stride = 320,
  .header.flags = 0,
  .header.w = 72,
  .header.h = 72,
  .data_size = sizeof(img_avatar_2_72x72_ARGB8888_aligned_map),
  .data = img_avatar_2_72x72_ARGB8888_aligned_map,
};
