/*
 * Original Font License:
 * ------------------------------------------------------------
 * Digitized data copyright (c) 2010 Google Corporation with Reserved Font Arimo, Tinos and Cousine.
 * Copyright (c) 2012 Red Hat, Inc. with Reserved Font Name Liberation.
 * This Font Software is licensed under the SIL Open Font License, Version 1.1.
 * And is also available with a FAQ at: http://scripts.sil.org/OFL
 * ------------------------------------------------------------
 *
 * This file was automatically generated by GUI Guider (NXP Semiconductors):
 * ------------------------------------------------------------
 * Conversion Tool : GUI Guider
 * Vendor          : NXP Semiconductors
 * Version         : 2.0.0
 * Generated on    : 2026/8/18
 * Purpose         : Convert font file into C source code for embedded GUI usage.
 *
 * Disclaimer:
 * This generated file is derived from the original font file and
 * retains its original license terms. Ensure compliance with the
 * font license when using this file in your application.
 * ------------------------------------------------------------
 *//*******************************************************************************
 * Size: 19 px
 * Bpp: 8
 * Opts: undefined
 ******************************************************************************/

#ifdef __has_include
    #if __has_include("lvgl.h")
        #ifndef LV_LVGL_H_INCLUDE_SIMPLE
            #define LV_LVGL_H_INCLUDE_SIMPLE
        #endif
    #endif
#endif

#ifdef LV_LVGL_H_INCLUDE_SIMPLE
    #include "lvgl.h"
#else
    #include "lvgl.h"
#endif

#if !LV_VERSION_CHECK(9, 3, 0)
#error "At least LVGL v9.3 is required to use the stride attribute of the fonts"
#endif

#ifndef LV_FONT_LIBERATIONSANS_19
#define LV_FONT_LIBERATIONSANS_19 1
#endif

#if LV_FONT_LIBERATIONSANS_19

/*-----------------
 *    BITMAPS
 *----------------*/

/*Store the image of the glyphs*/
static LV_ATTRIBUTE_MEM_ALIGN LV_ATTRIBUTE_LARGE_CONST const uint8_t glyph_bitmap[] = {
    /* U+0020 " " */

    /* U+002D "-" */
    0x05, 0x24, 0x24, 0x24, 0x24, 0x11, 0x00, 0x00, 0x00, 0x00, 0x00, 0x00, 0x00, 0x00, 0x00, 0x00,
    0x28, 0xff, 0xff, 0xff, 0xff, 0x7c, 0x00, 0x00, 0x00, 0x00, 0x00, 0x00, 0x00, 0x00, 0x00, 0x00,
    0x0c, 0x50, 0x50, 0x50, 0x50, 0x26, 0x00, 0x00, 0x00, 0x00, 0x00, 0x00, 0x00, 0x00, 0x00, 0x00,

    /* U+002E "." */
    0x42, 0xfc, 0x89, 0x00, 0x00, 0x00, 0x00, 0x00, 0x00, 0x00, 0x00, 0x00, 0x00, 0x00, 0x00, 0x00,
    0x44, 0xff, 0x8c, 0x00, 0x00, 0x00, 0x00, 0x00, 0x00, 0x00, 0x00, 0x00, 0x00, 0x00, 0x00, 0x00,

    /* U+002F "/" */
    0x00, 0x00, 0x00, 0x56, 0xff, 0x22, 0x00, 0x00, 0x00, 0x00, 0x00, 0x00, 0x00, 0x00, 0x00, 0x00,
    0x00, 0x00, 0x00, 0xa1, 0xd8, 0x00, 0x00, 0x00, 0x00, 0x00, 0x00, 0x00, 0x00, 0x00, 0x00, 0x00,
    0x00, 0x00, 0x02, 0xe9, 0x8d, 0x00, 0x00, 0x00, 0x00, 0x00, 0x00, 0x00, 0x00, 0x00, 0x00, 0x00,
    0x00, 0x00, 0x37, 0xff, 0x43, 0x00, 0x00, 0x00, 0x00, 0x00, 0x00, 0x00, 0x00, 0x00, 0x00, 0x00,
    0x00, 0x00, 0x82, 0xf2, 0x06, 0x00, 0x00, 0x00, 0x00, 0x00, 0x00, 0x00, 0x00, 0x00, 0x00, 0x00,
    0x00, 0x00, 0xcd, 0xae, 0x00, 0x00, 0x00, 0x00, 0x00, 0x00, 0x00, 0x00, 0x00, 0x00, 0x00, 0x00,
    0x00, 0x19, 0xfe, 0x63, 0x00, 0x00, 0x00, 0x00, 0x00, 0x00, 0x00, 0x00, 0x00, 0x00, 0x00, 0x00,
    0x00, 0x63, 0xff, 0x1a, 0x00, 0x00, 0x00, 0x00, 0x00, 0x00, 0x00, 0x00, 0x00, 0x00, 0x00, 0x00,
    0x00, 0xae, 0xce, 0x00, 0x00, 0x00, 0x00, 0x00, 0x00, 0x00, 0x00, 0x00, 0x00, 0x00, 0x00, 0x00,
    0x06, 0xf2, 0x84, 0x00, 0x00, 0x00, 0x00, 0x00, 0x00, 0x00, 0x00, 0x00, 0x00, 0x00, 0x00, 0x00,
    0x44, 0xff, 0x39, 0x00, 0x00, 0x00, 0x00, 0x00, 0x00, 0x00, 0x00, 0x00, 0x00, 0x00, 0x00, 0x00,
    0x8f, 0xec, 0x02, 0x00, 0x00, 0x00, 0x00, 0x00, 0x00, 0x00, 0x00, 0x00, 0x00, 0x00, 0x00, 0x00,
    0xda, 0xa5, 0x00, 0x00, 0x00, 0x00, 0x00, 0x00, 0x00, 0x00, 0x00, 0x00, 0x00, 0x00, 0x00, 0x00,

    /* U+0030 "0" */
    0x00, 0x00, 0x23, 0xa9, 0xeb, 0xf8, 0xd6, 0x73, 0x03, 0x00, 0x00, 0x00, 0x00, 0x00, 0x00, 0x00,
    0x00, 0x1c, 0xe9, 0xe8, 0x76, 0x5c, 0xa0, 0xff, 0x92, 0x00, 0x00, 0x00, 0x00, 0x00, 0x00, 0x00,
    0x00, 0x98, 0xfd, 0x2d, 0x00, 0x00, 0x00, 0x99, 0xfd, 0x28, 0x00, 0x00, 0x00, 0x00, 0x00, 0x00,
    0x00, 0xeb, 0xc1, 0x00, 0x00, 0x00, 0x00, 0x32, 0xff, 0x7c, 0x00, 0x00, 0x00, 0x00, 0x00, 0x00,
    0x1c, 0xff, 0x8f, 0x00, 0x00, 0x00, 0x00, 0x03, 0xfc, 0xae, 0x00, 0x00, 0x00, 0x00, 0x00, 0x00,
    0x35, 0xff, 0x77, 0x00, 0x00, 0x00, 0x00, 0x00, 0xe9, 0xc8, 0x00, 0x00, 0x00, 0x00, 0x00, 0x00,
    0x3d, 0xff, 0x71, 0x00, 0x00, 0x00, 0x00, 0x00, 0xe2, 0xd0, 0x00, 0x00, 0x00, 0x00, 0x00, 0x00,
    0x34, 0xff, 0x78, 0x00, 0x00, 0x00, 0x00, 0x00, 0xea, 0xc6, 0x00, 0x00, 0x00, 0x00, 0x00, 0x00,
    0x1a, 0xff, 0x91, 0x00, 0x00, 0x00, 0x00, 0x06, 0xfd, 0xab, 0x00, 0x00, 0x00, 0x00, 0x00, 0x00,
    0x00, 0xe6, 0xc4, 0x00, 0x00, 0x00, 0x00, 0x3a, 0xff, 0x76, 0x00, 0x00, 0x00, 0x00, 0x00, 0x00,
    0x00, 0x8e, 0xfe, 0x32, 0x00, 0x00, 0x00, 0xa9, 0xfa, 0x20, 0x00, 0x00, 0x00, 0x00, 0x00, 0x00,
    0x00, 0x15, 0xe2, 0xeb, 0x79, 0x60, 0xad, 0xff, 0x80, 0x00, 0x00, 0x00, 0x00, 0x00, 0x00, 0x00,
    0x00, 0x00, 0x1e, 0xa5, 0xec, 0xf8, 0xd3, 0x66, 0x00, 0x00, 0x00, 0x00, 0x00, 0x00, 0x00, 0x00,

    /* U+0031 "1" */
    0x00, 0x00, 0x19, 0xb6, 0xff, 0x74, 0x00, 0x00, 0x00, 0x00, 0x00, 0x00, 0x00, 0x00, 0x00, 0x00,
    0x00, 0x58, 0xed, 0xe2, 0xff, 0x74, 0x00, 0x00, 0x00, 0x00, 0x00, 0x00, 0x00, 0x00, 0x00, 0x00,
    0x29, 0xfc, 0x81, 0x3b, 0xff, 0x74, 0x00, 0x00, 0x00, 0x00, 0x00, 0x00, 0x00, 0x00, 0x00, 0x00,
    0x1b, 0x39, 0x00, 0x38, 0xff, 0x74, 0x00, 0x00, 0x00, 0x00, 0x00, 0x00, 0x00, 0x00, 0x00, 0x00,
    0x00, 0x00, 0x00, 0x38, 0xff, 0x74, 0x00, 0x00, 0x00, 0x00, 0x00, 0x00, 0x00, 0x00, 0x00, 0x00,
    0x00, 0x00, 0x00, 0x38, 0xff, 0x74, 0x00, 0x00, 0x00, 0x00, 0x00, 0x00, 0x00, 0x00, 0x00, 0x00,
    0x00, 0x00, 0x00, 0x38, 0xff, 0x74, 0x00, 0x00, 0x00, 0x00, 0x00, 0x00, 0x00, 0x00, 0x00, 0x00,
    0x00, 0x00, 0x00, 0x38, 0xff, 0x74, 0x00, 0x00, 0x00, 0x00, 0x00, 0x00, 0x00, 0x00, 0x00, 0x00,
    0x00, 0x00, 0x00, 0x38, 0xff, 0x74, 0x00, 0x00, 0x00, 0x00, 0x00, 0x00, 0x00, 0x00, 0x00, 0x00,
    0x00, 0x00, 0x00, 0x38, 0xff, 0x74, 0x00, 0x00, 0x00, 0x00, 0x00, 0x00, 0x00, 0x00, 0x00, 0x00,
    0x00, 0x00, 0x00, 0x38, 0xff, 0x74, 0x00, 0x00, 0x00, 0x00, 0x00, 0x00, 0x00, 0x00, 0x00, 0x00,
    0x36, 0x64, 0x64, 0x86, 0xff, 0xaa, 0x64, 0x64, 0x40, 0x00, 0x00, 0x00, 0x00, 0x00, 0x00, 0x00,
    0x8c, 0xff, 0xff, 0xff, 0xff, 0xff, 0xff, 0xff, 0xa4, 0x00, 0x00, 0x00, 0x00, 0x00, 0x00, 0x00,

    /* U+0032 "2" */
    0x00, 0x00, 0x2b, 0xaa, 0xe2, 0xf5, 0xd7, 0x87, 0x0f, 0x00, 0x00, 0x00, 0x00, 0x00, 0x00, 0x00,
    0x00, 0x30, 0xf4, 0xe7, 0x7c, 0x62, 0xa0, 0xfe, 0xcd, 0x03, 0x00, 0x00, 0x00, 0x00, 0x00, 0x00,
    0x00, 0xb5, 0xfa, 0x25, 0x00, 0x00, 0x00, 0x98, 0xff, 0x45, 0x00, 0x00, 0x00, 0x00, 0x00, 0x00,
    0x00, 0x5f, 0x64, 0x00, 0x00, 0x00, 0x00, 0x5a, 0xff, 0x61, 0x00, 0x00, 0x00, 0x00, 0x00, 0x00,
    0x00, 0x00, 0x00, 0x00, 0x00, 0x00, 0x00, 0x80, 0xff, 0x39, 0x00, 0x00, 0x00, 0x00, 0x00, 0x00,
    0x00, 0x00, 0x00, 0x00, 0x00, 0x00, 0x2a, 0xf2, 0xc0, 0x00, 0x00, 0x00, 0x00, 0x00, 0x00, 0x00,
    0x00, 0x00, 0x00, 0x00, 0x00, 0x2c, 0xe1, 0xdf, 0x1a, 0x00, 0x00, 0x00, 0x00, 0x00, 0x00, 0x00,
    0x00, 0x00, 0x00, 0x00, 0x4b, 0xf1, 0xcf, 0x1a, 0x00, 0x00, 0x00, 0x00, 0x00, 0x00, 0x00, 0x00,
    0x00, 0x00, 0x00, 0x6f, 0xfd, 0xab, 0x0b, 0x00, 0x00, 0x00, 0x00, 0x00, 0x00, 0x00, 0x00, 0x00,
    0x00, 0x00, 0x6e, 0xff, 0x87, 0x01, 0x00, 0x00, 0x00, 0x00, 0x00, 0x00, 0x00, 0x00, 0x00, 0x00,
    0x00, 0x39, 0xfe, 0x8c, 0x00, 0x00, 0x00, 0x00, 0x00, 0x00, 0x00, 0x00, 0x00, 0x00, 0x00, 0x00,
    0x02, 0xd1, 0xf6, 0x68, 0x64, 0x64, 0x64, 0x64, 0x64, 0x3c, 0x00, 0x00, 0x00, 0x00, 0x00, 0x00,
    0x0c, 0xff, 0xff, 0xff, 0xff, 0xff, 0xff, 0xff, 0xff, 0x9c, 0x00, 0x00, 0x00, 0x00, 0x00, 0x00,

    /* U+0033 "3" */
    0x00, 0x00, 0x36, 0xb2, 0xe6, 0xf4, 0xd4, 0x7c, 0x0b, 0x00, 0x00, 0x00, 0x00, 0x00, 0x00, 0x00,
    0x00, 0x41, 0xfa, 0xda, 0x74, 0x64, 0xa7, 0xff, 0xc3, 0x01, 0x00, 0x00, 0x00, 0x00, 0x00, 0x00,
    0x00, 0xca, 0xeb, 0x13, 0x00, 0x00, 0x00, 0xa4, 0xff, 0x3d, 0x00, 0x00, 0x00, 0x00, 0x00, 0x00,
    0x00, 0x6d, 0x58, 0x00, 0x00, 0x00, 0x00, 0x64, 0xff, 0x57, 0x00, 0x00, 0x00, 0x00, 0x00, 0x00,
    0x00, 0x00, 0x00, 0x00, 0x00, 0x00, 0x00, 0x93, 0xff, 0x2d, 0x00, 0x00, 0x00, 0x00, 0x00, 0x00,
    0x00, 0x00, 0x00, 0x03, 0x1c, 0x32, 0x83, 0xfd, 0x91, 0x00, 0x00, 0x00, 0x00, 0x00, 0x00, 0x00,
    0x00, 0x00, 0x00, 0x24, 0xff, 0xff, 0xf3, 0x76, 0x01, 0x00, 0x00, 0x00, 0x00, 0x00, 0x00, 0x00,
    0x00, 0x00, 0x00, 0x0a, 0x4c, 0x5e, 0x92, 0xf4, 0xc0, 0x0c, 0x00, 0x00, 0x00, 0x00, 0x00, 0x00,
    0x00, 0x00, 0x00, 0x00, 0x00, 0x00, 0x00, 0x4b, 0xff, 0x83, 0x00, 0x00, 0x00, 0x00, 0x00, 0x00,
    0x14, 0x67, 0x3f, 0x00, 0x00, 0x00, 0x00, 0x0d, 0xff, 0xb3, 0x00, 0x00, 0x00, 0x00, 0x00, 0x00,
    0x0b, 0xf6, 0xd2, 0x07, 0x00, 0x00, 0x00, 0x52, 0xff, 0x92, 0x00, 0x00, 0x00, 0x00, 0x00, 0x00,
    0x00, 0x74, 0xff, 0xd0, 0x75, 0x65, 0x91, 0xf4, 0xee, 0x23, 0x00, 0x00, 0x00, 0x00, 0x00, 0x00,
    0x00, 0x00, 0x52, 0xbe, 0xe8, 0xf7, 0xda, 0x99, 0x1f, 0x00, 0x00, 0x00, 0x00, 0x00, 0x00, 0x00,

    /* U+0034 "4" */
    0x00, 0x00, 0x00, 0x00, 0x00, 0x0b, 0xde, 0xff, 0x2c, 0x00, 0x00, 0x00, 0x00, 0x00, 0x00, 0x00,
    0x00, 0x00, 0x00, 0x00, 0x00, 0x94, 0xff, 0xff, 0x2c, 0x00, 0x00, 0x00, 0x00, 0x00, 0x00, 0x00,
    0x00, 0x00, 0x00, 0x00, 0x40, 0xfe, 0xb0, 0xff, 0x2c, 0x00, 0x00, 0x00, 0x00, 0x00, 0x00, 0x00,
    0x00, 0x00, 0x00, 0x0b, 0xde, 0xaa, 0x68, 0xff, 0x2c, 0x00, 0x00, 0x00, 0x00, 0x00, 0x00, 0x00,
    0x00, 0x00, 0x00, 0x95, 0xeb, 0x15, 0x68, 0xff, 0x2c, 0x00, 0x00, 0x00, 0x00, 0x00, 0x00, 0x00,
    0x00, 0x00, 0x40, 0xfe, 0x56, 0x00, 0x68, 0xff, 0x2c, 0x00, 0x00, 0x00, 0x00, 0x00, 0x00, 0x00,
    0x00, 0x0b, 0xde, 0xac, 0x00, 0x00, 0x68, 0xff, 0x2c, 0x00, 0x00, 0x00, 0x00, 0x00, 0x00, 0x00,
    0x00, 0x95, 0xeb, 0x16, 0x00, 0x00, 0x68, 0xff, 0x2c, 0x00, 0x00, 0x00, 0x00, 0x00, 0x00, 0x00,
    0x40, 0xfe, 0x5e, 0x0c, 0x0c, 0x0c, 0x6f, 0xff, 0x35, 0x0c, 0x00, 0x00, 0x00, 0x00, 0x00, 0x00,
    0x90, 0xff, 0xff, 0xff, 0xff, 0xff, 0xff, 0xff, 0xff, 0xff, 0x04, 0x00, 0x00, 0x00, 0x00, 0x00,
    0x21, 0x3c, 0x3c, 0x3c, 0x3c, 0x3c, 0x8b, 0xff, 0x5d, 0x3c, 0x00, 0x00, 0x00, 0x00, 0x00, 0x00,
    0x00, 0x00, 0x00, 0x00, 0x00, 0x00, 0x68, 0xff, 0x2c, 0x00, 0x00, 0x00, 0x00, 0x00, 0x00, 0x00,
    0x00, 0x00, 0x00, 0x00, 0x00, 0x00, 0x68, 0xff, 0x2c, 0x00, 0x00, 0x00, 0x00, 0x00, 0x00, 0x00,

    /* U+0035 "5" */
    0x00, 0x74, 0xff, 0xff, 0xff, 0xff, 0xff, 0xff, 0xff, 0x04, 0x00, 0x00, 0x00, 0x00, 0x00, 0x00,
    0x00, 0x84, 0xff, 0x6f, 0x64, 0x64, 0x64, 0x64, 0x64, 0x01, 0x00, 0x00, 0x00, 0x00, 0x00, 0x00,
    0x00, 0x94, 0xff, 0x07, 0x00, 0x00, 0x00, 0x00, 0x00, 0x00, 0x00, 0x00, 0x00, 0x00, 0x00, 0x00,
    0x00, 0xa3, 0xf8, 0x00, 0x00, 0x00, 0x00, 0x00, 0x00, 0x00, 0x00, 0x00, 0x00, 0x00, 0x00, 0x00,
    0x00, 0xb3, 0xe9, 0x00, 0x00, 0x08, 0x01, 0x00, 0x00, 0x00, 0x00, 0x00, 0x00, 0x00, 0x00, 0x00,
    0x00, 0xc3, 0xe7, 0x95, 0xeb, 0xff, 0xf6, 0xb0, 0x25, 0x00, 0x00, 0x00, 0x00, 0x00, 0x00, 0x00,
    0x00, 0xd3, 0xff, 0xac, 0x5d, 0x4d, 0x8a, 0xf8, 0xea, 0x1c, 0x00, 0x00, 0x00, 0x00, 0x00, 0x00,
    0x00, 0x1b, 0x1b, 0x00, 0x00, 0x00, 0x00, 0x5f, 0xff, 0x8d, 0x00, 0x00, 0x00, 0x00, 0x00, 0x00,
    0x00, 0x00, 0x00, 0x00, 0x00, 0x00, 0x00, 0x0a, 0xfe, 0xbc, 0x00, 0x00, 0x00, 0x00, 0x00, 0x00,
    0x00, 0x0c, 0x10, 0x00, 0x00, 0x00, 0x00, 0x14, 0xff, 0xb2, 0x00, 0x00, 0x00, 0x00, 0x00, 0x00,
    0x12, 0xf9, 0xc6, 0x04, 0x00, 0x00, 0x00, 0x7a, 0xff, 0x70, 0x00, 0x00, 0x00, 0x00, 0x00, 0x00,
    0x00, 0x86, 0xff, 0xc7, 0x6c, 0x66, 0xa5, 0xfe, 0xce, 0x0a, 0x00, 0x00, 0x00, 0x00, 0x00, 0x00,
    0x00, 0x00, 0x62, 0xc7, 0xee, 0xf9, 0xd9, 0x86, 0x0c, 0x00, 0x00, 0x00, 0x00, 0x00, 0x00, 0x00,

    /* U+0036 "6" */
    0x00, 0x00, 0x02, 0x6f, 0xd6, 0xf8, 0xe3, 0x95, 0x11, 0x00, 0x00, 0x00, 0x00, 0x00, 0x00, 0x00,
    0x00, 0x00, 0x96, 0xff, 0xa1, 0x5d, 0x85, 0xf9, 0xc3, 0x00, 0x00, 0x00, 0x00, 0x00, 0x00, 0x00,
    0x00, 0x38, 0xff, 0x8e, 0x00, 0x00, 0x00, 0x73, 0xde, 0x2a, 0x00, 0x00, 0x00, 0x00, 0x00, 0x00,
    0x00, 0x9a, 0xfc, 0x14, 0x00, 0x00, 0x00, 0x00, 0x00, 0x00, 0x00, 0x00, 0x00, 0x00, 0x00, 0x00,
    0x00, 0xd5, 0xce, 0x00, 0x00, 0x02, 0x00, 0x00, 0x00, 0x00, 0x00, 0x00, 0x00, 0x00, 0x00, 0x00,
    0x00, 0xf7, 0xad, 0x52, 0xd0, 0xfc, 0xf6, 0xb5, 0x2a, 0x00, 0x00, 0x00, 0x00, 0x00, 0x00, 0x00,
    0x04, 0xff, 0xde, 0xd8, 0x61, 0x42, 0x74, 0xf0, 0xed, 0x1c, 0x00, 0x00, 0x00, 0x00, 0x00, 0x00,
    0x01, 0xfe, 0xf9, 0x1c, 0x00, 0x00, 0x00, 0x53, 0xff, 0x87, 0x00, 0x00, 0x00, 0x00, 0x00, 0x00,
    0x00, 0xe9, 0xd6, 0x00, 0x00, 0x00, 0x00, 0x0a, 0xfe, 0xb4, 0x00, 0x00, 0x00, 0x00, 0x00, 0x00,
    0x00, 0xb7, 0xef, 0x01, 0x00, 0x00, 0x00, 0x0e, 0xff, 0xad, 0x00, 0x00, 0x00, 0x00, 0x00, 0x00,
    0x00, 0x5e, 0xff, 0x5f, 0x00, 0x00, 0x00, 0x66, 0xff, 0x72, 0x00, 0x00, 0x00, 0x00, 0x00, 0x00,
    0x00, 0x03, 0xc2, 0xfb, 0x8f, 0x5f, 0x8f, 0xfa, 0xdb, 0x0d, 0x00, 0x00, 0x00, 0x00, 0x00, 0x00,
    0x00, 0x00, 0x0c, 0x8a, 0xe1, 0xfa, 0xe7, 0x9b, 0x16, 0x00, 0x00, 0x00, 0x00, 0x00, 0x00, 0x00,

    /* U+0037 "7" */
    0x08, 0xff, 0xff, 0xff, 0xff, 0xff, 0xff, 0xff, 0xff, 0x9c, 0x00, 0x00, 0x00, 0x00, 0x00, 0x00,
    0x03, 0x64, 0x64, 0x64, 0x64, 0x64, 0x64, 0x83, 0xff, 0x76, 0x00, 0x00, 0x00, 0x00, 0x00, 0x00,
    0x00, 0x00, 0x00, 0x00, 0x00, 0x00, 0x00, 0xbb, 0xd4, 0x06, 0x00, 0x00, 0x00, 0x00, 0x00, 0x00,
    0x00, 0x00, 0x00, 0x00, 0x00, 0x00, 0x5f, 0xfe, 0x3d, 0x00, 0x00, 0x00, 0x00, 0x00, 0x00, 0x00,
    0x00, 0x00, 0x00, 0x00, 0x00, 0x0e, 0xe8, 0xa4, 0x00, 0x00, 0x00, 0x00, 0x00, 0x00, 0x00, 0x00,
    0x00, 0x00, 0x00, 0x00, 0x00, 0x81, 0xf9, 0x1e, 0x00, 0x00, 0x00, 0x00, 0x00, 0x00, 0x00, 0x00,
    0x00, 0x00, 0x00, 0x00, 0x0f, 0xf2, 0x9d, 0x00, 0x00, 0x00, 0x00, 0x00, 0x00, 0x00, 0x00, 0x00,
    0x00, 0x00, 0x00, 0x00, 0x70, 0xff, 0x31, 0x00, 0x00, 0x00, 0x00, 0x00, 0x00, 0x00, 0x00, 0x00,
    0x00, 0x00, 0x00, 0x00, 0xce, 0xd7, 0x00, 0x00, 0x00, 0x00, 0x00, 0x00, 0x00, 0x00, 0x00, 0x00,
    0x00, 0x00, 0x00, 0x1c, 0xff, 0x8c, 0x00, 0x00, 0x00, 0x00, 0x00, 0x00, 0x00, 0x00, 0x00, 0x00,
    0x00, 0x00, 0x00, 0x58, 0xff, 0x5a, 0x00, 0x00, 0x00, 0x00, 0x00, 0x00, 0x00, 0x00, 0x00, 0x00,
    0x00, 0x00, 0x00, 0x81, 0xff, 0x36, 0x00, 0x00, 0x00, 0x00, 0x00, 0x00, 0x00, 0x00, 0x00, 0x00,
    0x00, 0x00, 0x00, 0x95, 0xff, 0x27, 0x00, 0x00, 0x00, 0x00, 0x00, 0x00, 0x00, 0x00, 0x00, 0x00,

    /* U+0038 "8" */
    0x00, 0x00, 0x4a, 0xbc, 0xe8, 0xf6, 0xda, 0x90, 0x1a, 0x00, 0x00, 0x00, 0x00, 0x00, 0x00, 0x00,
    0x00, 0x65, 0xff, 0xb8, 0x50, 0x41, 0x6f, 0xee, 0xe3, 0x10, 0x00, 0x00, 0x00, 0x00, 0x00, 0x00,
    0x00, 0xd0, 0xf2, 0x06, 0x00, 0x00, 0x00, 0x70, 0xff, 0x5b, 0x00, 0x00, 0x00, 0x00, 0x00, 0x00,
    0x00, 0xc7, 0xec, 0x01, 0x00, 0x00, 0x00, 0x64, 0xff, 0x52, 0x00, 0x00, 0x00, 0x00, 0x00, 0x00,
    0x00, 0x53, 0xfd, 0x91, 0x1d, 0x0c, 0x3a, 0xda, 0xd2, 0x07, 0x00, 0x00, 0x00, 0x00, 0x00, 0x00,
    0x00, 0x00, 0x48, 0xe9, 0xff, 0xff, 0xff, 0xad, 0x0f, 0x00, 0x00, 0x00, 0x00, 0x00, 0x00, 0x00,
    0x00, 0x35, 0xec, 0xc5, 0x53, 0x3f, 0x75, 0xef, 0xb7, 0x06, 0x00, 0x00, 0x00, 0x00, 0x00, 0x00,
    0x00, 0xd4, 0xdf, 0x09, 0x00, 0x00, 0x00, 0x54, 0xff, 0x6a, 0x00, 0x00, 0x00, 0x00, 0x00, 0x00,
    0x19, 0xff, 0x9c, 0x00, 0x00, 0x00, 0x00, 0x0e, 0xff, 0xaa, 0x00, 0x00, 0x00, 0x00, 0x00, 0x00,
    0x22, 0xff, 0xa1, 0x00, 0x00, 0x00, 0x00, 0x16, 0xff, 0xb0, 0x00, 0x00, 0x00, 0x00, 0x00, 0x00,
    0x02, 0xe9, 0xe3, 0x09, 0x00, 0x00, 0x00, 0x5d, 0xff, 0x79, 0x00, 0x00, 0x00, 0x00, 0x00, 0x00,
    0x00, 0x62, 0xff, 0xc8, 0x5b, 0x46, 0x78, 0xf1, 0xde, 0x11, 0x00, 0x00, 0x00, 0x00, 0x00, 0x00,
    0x00, 0x00, 0x4b, 0xbe, 0xf1, 0xfb, 0xe1, 0x97, 0x16, 0x00, 0x00, 0x00, 0x00, 0x00, 0x00, 0x00,

    /* U+0039 "9" */
    0x00, 0x00, 0x40, 0xba, 0xf0, 0xf8, 0xd0, 0x62, 0x00, 0x00, 0x00, 0x00, 0x00, 0x00, 0x00, 0x00,
    0x00, 0x4c, 0xfd, 0xe1, 0x74, 0x65, 0xbb, 0xff, 0x74, 0x00, 0x00, 0x00, 0x00, 0x00, 0x00, 0x00,
    0x00, 0xd5, 0xf2, 0x19, 0x00, 0x00, 0x01, 0xba, 0xf5, 0x13, 0x00, 0x00, 0x00, 0x00, 0x00, 0x00,
    0x0f, 0xff, 0xaf, 0x00, 0x00, 0x00, 0x00, 0x4e, 0xff, 0x5e, 0x00, 0x00, 0x00, 0x00, 0x00, 0x00,
    0x14, 0xff, 0xa6, 0x00, 0x00, 0x00, 0x00, 0x31, 0xff, 0x8c, 0x00, 0x00, 0x00, 0x00, 0x00, 0x00,
    0x01, 0xe9, 0xe0, 0x06, 0x00, 0x00, 0x00, 0x65, 0xff, 0xa2, 0x00, 0x00, 0x00, 0x00, 0x00, 0x00,
    0x00, 0x7c, 0xff, 0xac, 0x2b, 0x16, 0x5f, 0xda, 0xff, 0xa7, 0x00, 0x00, 0x00, 0x00, 0x00, 0x00,
    0x00, 0x03, 0x8d, 0xfa, 0xff, 0xff, 0xd3, 0x40, 0xff, 0x9a, 0x00, 0x00, 0x00, 0x00, 0x00, 0x00,
    0x00, 0x00, 0x00, 0x0f, 0x35, 0x24, 0x00, 0x2f, 0xff, 0x78, 0x00, 0x00, 0x00, 0x00, 0x00, 0x00,
    0x00, 0x00, 0x00, 0x00, 0x00, 0x00, 0x00, 0x75, 0xff, 0x3c, 0x00, 0x00, 0x00, 0x00, 0x00, 0x00,
    0x00, 0x94, 0xe8, 0x10, 0x00, 0x00, 0x10, 0xe3, 0xd6, 0x01, 0x00, 0x00, 0x00, 0x00, 0x00, 0x00,
    0x00, 0x41, 0xfc, 0xcf, 0x65, 0x68, 0xd6, 0xf8, 0x3b, 0x00, 0x00, 0x00, 0x00, 0x00, 0x00, 0x00,
    0x00, 0x00, 0x4b, 0xc6, 0xf2, 0xf2, 0xb7, 0x34, 0x00, 0x00, 0x00, 0x00, 0x00, 0x00, 0x00, 0x00,

    /* U+003A ":" */
    0x44, 0xff, 0x8c, 0x00, 0x00, 0x00, 0x00, 0x00, 0x00, 0x00, 0x00, 0x00, 0x00, 0x00, 0x00, 0x00,
    0x3c, 0xe4, 0x7c, 0x00, 0x00, 0x00, 0x00, 0x00, 0x00, 0x00, 0x00, 0x00, 0x00, 0x00, 0x00, 0x00,
    0x00, 0x00, 0x00, 0x00, 0x00, 0x00, 0x00, 0x00, 0x00, 0x00, 0x00, 0x00, 0x00, 0x00, 0x00, 0x00,
    0x00, 0x00, 0x00, 0x00, 0x00, 0x00, 0x00, 0x00, 0x00, 0x00, 0x00, 0x00, 0x00, 0x00, 0x00, 0x00,
    0x00, 0x00, 0x00, 0x00, 0x00, 0x00, 0x00, 0x00, 0x00, 0x00, 0x00, 0x00, 0x00, 0x00, 0x00, 0x00,
    0x00, 0x00, 0x00, 0x00, 0x00, 0x00, 0x00, 0x00, 0x00, 0x00, 0x00, 0x00, 0x00, 0x00, 0x00, 0x00,
    0x00, 0x00, 0x00, 0x00, 0x00, 0x00, 0x00, 0x00, 0x00, 0x00, 0x00, 0x00, 0x00, 0x00, 0x00, 0x00,
    0x00, 0x00, 0x00, 0x00, 0x00, 0x00, 0x00, 0x00, 0x00, 0x00, 0x00, 0x00, 0x00, 0x00, 0x00, 0x00,
    0x3b, 0xe0, 0x7a, 0x00, 0x00, 0x00, 0x00, 0x00, 0x00, 0x00, 0x00, 0x00, 0x00, 0x00, 0x00, 0x00,
    0x44, 0xff, 0x8c, 0x00, 0x00, 0x00, 0x00, 0x00, 0x00, 0x00, 0x00, 0x00, 0x00, 0x00, 0x00, 0x00,

    /* U+003F "?" */
    0x00, 0x00, 0x2b, 0xa8, 0xdf, 0xf7, 0xdb, 0x9f, 0x23, 0x00, 0x00, 0x00, 0x00, 0x00, 0x00, 0x00,
    0x00, 0x3a, 0xf9, 0xf0, 0x98, 0x7d, 0xa0, 0xf8, 0xf4, 0x31, 0x00, 0x00, 0x00, 0x00, 0x00, 0x00,
    0x00, 0xd5, 0xeb, 0x1e, 0x00, 0x00, 0x00, 0x3b, 0xff, 0xae, 0x00, 0x00, 0x00, 0x00, 0x00, 0x00,
    0x14, 0xc7, 0x77, 0x00, 0x00, 0x00, 0x00, 0x00, 0xe2, 0xd4, 0x00, 0x00, 0x00, 0x00, 0x00, 0x00,
    0x00, 0x00, 0x00, 0x00, 0x00, 0x00, 0x00, 0x0b, 0xf6, 0xb4, 0x00, 0x00, 0x00, 0x00, 0x00, 0x00,
    0x00, 0x00, 0x00, 0x00, 0x00, 0x00, 0x02, 0xa1, 0xfe, 0x44, 0x00, 0x00, 0x00, 0x00, 0x00, 0x00,
    0x00, 0x00, 0x00, 0x00, 0x00, 0x1c, 0xc1, 0xf7, 0x5f, 0x00, 0x00, 0x00, 0x00, 0x00, 0x00, 0x00,
    0x00, 0x00, 0x00, 0x00, 0x21, 0xe6, 0xdc, 0x2d, 0x00, 0x00, 0x00, 0x00, 0x00, 0x00, 0x00, 0x00,
    0x00, 0x00, 0x00, 0x00, 0xa1, 0xf8, 0x20, 0x00, 0x00, 0x00, 0x00, 0x00, 0x00, 0x00, 0x00, 0x00,
    0x00, 0x00, 0x00, 0x00, 0x77, 0x77, 0x00, 0x00, 0x00, 0x00, 0x00, 0x00, 0x00, 0x00, 0x00, 0x00,
    0x00, 0x00, 0x00, 0x00, 0x00, 0x00, 0x00, 0x00, 0x00, 0x00, 0x00, 0x00, 0x00, 0x00, 0x00, 0x00,
    0x00, 0x00, 0x00, 0x00, 0xc6, 0xb9, 0x00, 0x00, 0x00, 0x00, 0x00, 0x00, 0x00, 0x00, 0x00, 0x00,
    0x00, 0x00, 0x00, 0x00, 0xf0, 0xe0, 0x00, 0x00, 0x00, 0x00, 0x00, 0x00, 0x00, 0x00, 0x00, 0x00,

    /* U+0041 "A" */
    0x00, 0x00, 0x00, 0x00, 0x00, 0xd4, 0xff, 0x97, 0x00, 0x00, 0x00, 0x00, 0x00, 0x00, 0x00, 0x00,
    0x00, 0x00, 0x00, 0x00, 0x3e, 0xff, 0xec, 0xf2, 0x0c, 0x00, 0x00, 0x00, 0x00, 0x00, 0x00, 0x00,
    0x00, 0x00, 0x00, 0x00, 0xa7, 0xf8, 0x5e, 0xff, 0x66, 0x00, 0x00, 0x00, 0x00, 0x00, 0x00, 0x00,
    0x00, 0x00, 0x00, 0x16, 0xf9, 0xa8, 0x06, 0xec, 0xcd, 0x00, 0x00, 0x00, 0x00, 0x00, 0x00, 0x00,
    0x00, 0x00, 0x00, 0x7a, 0xff, 0x44, 0x00, 0x8f, 0xff, 0x34, 0x00, 0x00, 0x00, 0x00, 0x00, 0x00,
    0x00, 0x00, 0x02, 0xe0, 0xde, 0x01, 0x00, 0x2a, 0xff, 0x9c, 0x00, 0x00, 0x00, 0x00, 0x00, 0x00,
    0x00, 0x00, 0x4c, 0xff, 0x7a, 0x00, 0x00, 0x00, 0xc4, 0xf4, 0x0e, 0x00, 0x00, 0x00, 0x00, 0x00,
    0x00, 0x00, 0xb5, 0xfe, 0x2e, 0x14, 0x14, 0x14, 0x6f, 0xff, 0x6b, 0x00, 0x00, 0x00, 0x00, 0x00,
    0x00, 0x21, 0xfd, 0xff, 0xff, 0xff, 0xff, 0xff, 0xff, 0xff, 0xd2, 0x00, 0x00, 0x00, 0x00, 0x00,
    0x00, 0x88, 0xff, 0x6e, 0x44, 0x44, 0x44, 0x44, 0x44, 0xa6, 0xff, 0x39, 0x00, 0x00, 0x00, 0x00,
    0x06, 0xea, 0xde, 0x02, 0x00, 0x00, 0x00, 0x00, 0x00, 0x2d, 0xff, 0xa1, 0x00, 0x00, 0x00, 0x00,
    0x5a, 0xff, 0x79, 0x00, 0x00, 0x00, 0x00, 0x00, 0x00, 0x00, 0xc6, 0xf7, 0x11, 0x00, 0x00, 0x00,
    0xc3, 0xfb, 0x18, 0x00, 0x00, 0x00, 0x00, 0x00, 0x00, 0x00, 0x5f, 0xff, 0x70, 0x00, 0x00, 0x00,

    /* U+0042 "B" */
    0x70, 0xff, 0xff, 0xff, 0xff, 0xfc, 0xea, 0xb8, 0x4b, 0x00, 0x00, 0x00, 0x00, 0x00, 0x00, 0x00,
    0x70, 0xff, 0x97, 0x64, 0x64, 0x6a, 0x8c, 0xea, 0xff, 0x5a, 0x00, 0x00, 0x00, 0x00, 0x00, 0x00,
    0x70, 0xff, 0x54, 0x00, 0x00, 0x00, 0x00, 0x2a, 0xff, 0xc9, 0x00, 0x00, 0x00, 0x00, 0x00, 0x00,
    0x70, 0xff, 0x54, 0x00, 0x00, 0x00, 0x00, 0x00, 0xeb, 0xde, 0x00, 0x00, 0x00, 0x00, 0x00, 0x00,
    0x70, 0xff, 0x54, 0x00, 0x00, 0x00, 0x00, 0x15, 0xfe, 0xb0, 0x00, 0x00, 0x00, 0x00, 0x00, 0x00,
    0x70, 0xff, 0x61, 0x14, 0x14, 0x1a, 0x41, 0xc4, 0xed, 0x2e, 0x00, 0x00, 0x00, 0x00, 0x00, 0x00,
    0x70, 0xff, 0xff, 0xff, 0xff, 0xff, 0xff, 0xe4, 0x4d, 0x00, 0x00, 0x00, 0x00, 0x00, 0x00, 0x00,
    0x70, 0xff, 0x81, 0x44, 0x44, 0x45, 0x59, 0x94, 0xf7, 0xad, 0x04, 0x00, 0x00, 0x00, 0x00, 0x00,
    0x70, 0xff, 0x54, 0x00, 0x00, 0x00, 0x00, 0x00, 0x66, 0xff, 0x6d, 0x00, 0x00, 0x00, 0x00, 0x00,
    0x70, 0xff, 0x54, 0x00, 0x00, 0x00, 0x00, 0x00, 0x2d, 0xff, 0xa1, 0x00, 0x00, 0x00, 0x00, 0x00,
    0x70, 0xff, 0x54, 0x00, 0x00, 0x00, 0x00, 0x00, 0x76, 0xff, 0x83, 0x00, 0x00, 0x00, 0x00, 0x00,
    0x70, 0xff, 0x97, 0x64, 0x64, 0x64, 0x75, 0xac, 0xfc, 0xe2, 0x17, 0x00, 0x00, 0x00, 0x00, 0x00,
    0x70, 0xff, 0xff, 0xff, 0xff, 0xff, 0xee, 0xd0, 0x7e, 0x13, 0x00, 0x00, 0x00, 0x00, 0x00, 0x00,

    /* U+0043 "C" */
    0x00, 0x00, 0x00, 0x0e, 0x79, 0xc8, 0xef, 0xf8, 0xe0, 0xb1, 0x50, 0x00, 0x00, 0x00, 0x00, 0x00,
    0x00, 0x00, 0x2c, 0xe1, 0xff, 0xc1, 0x80, 0x73, 0x91, 0xe4, 0xff, 0xa6, 0x05, 0x00, 0x00, 0x00,
    0x00, 0x0f, 0xe1, 0xf8, 0x51, 0x00, 0x00, 0x00, 0x00, 0x07, 0xa4, 0xff, 0x7a, 0x00, 0x00, 0x00,
    0x00, 0x7b, 0xff, 0x79, 0x00, 0x00, 0x00, 0x00, 0x00, 0x00, 0x09, 0x89, 0x3d, 0x00, 0x00, 0x00,
    0x00, 0xcc, 0xfc, 0x0f, 0x00, 0x00, 0x00, 0x00, 0x00, 0x00, 0x00, 0x00, 0x00, 0x00, 0x00, 0x00,
    0x00, 0xf6, 0xd6, 0x00, 0x00, 0x00, 0x00, 0x00, 0x00, 0x00, 0x00, 0x00, 0x00, 0x00, 0x00, 0x00,
    0x02, 0xff, 0xc8, 0x00, 0x00, 0x00, 0x00, 0x00, 0x00, 0x00, 0x00, 0x00, 0x00, 0x00, 0x00, 0x00,
    0x00, 0xee, 0xdb, 0x00, 0x00, 0x00, 0x00, 0x00, 0x00, 0x00, 0x00, 0x00, 0x00, 0x00, 0x00, 0x00,
    0x00, 0xc5, 0xfe, 0x19, 0x00, 0x00, 0x00, 0x00, 0x00, 0x00, 0x00, 0x00, 0x00, 0x00, 0x00, 0x00,
    0x00, 0x6f, 0xff, 0x90, 0x00, 0x00, 0x00, 0x00, 0x00, 0x00, 0x04, 0xc6, 0x8c, 0x00, 0x00, 0x00,
    0x00, 0x0a, 0xd6, 0xfe, 0x6c, 0x00, 0x00, 0x00, 0x00, 0x09, 0xa9, 0xff, 0x6a, 0x00, 0x00, 0x00,
    0x00, 0x00, 0x26, 0xd6, 0xff, 0xd1, 0x88, 0x77, 0x95, 0xe9, 0xfe, 0x82, 0x01, 0x00, 0x00, 0x00,
    0x00, 0x00, 0x00, 0x0b, 0x6c, 0xc4, 0xe9, 0xf8, 0xdd, 0xa3, 0x38, 0x00, 0x00, 0x00, 0x00, 0x00,

    /* U+0044 "D" */
    0x70, 0xff, 0xff, 0xff, 0xff, 0xf4, 0xdd, 0xa6, 0x49, 0x00, 0x00, 0x00, 0x00, 0x00, 0x00, 0x00,
    0x70, 0xff, 0x97, 0x64, 0x64, 0x70, 0x94, 0xe2, 0xff, 0xb3, 0x0d, 0x00, 0x00, 0x00, 0x00, 0x00,
    0x70, 0xff, 0x54, 0x00, 0x00, 0x00, 0x00, 0x04, 0x8a, 0xff, 0xb2, 0x00, 0x00, 0x00, 0x00, 0x00,
    0x70, 0xff, 0x54, 0x00, 0x00, 0x00, 0x00, 0x00, 0x00, 0xae, 0xff, 0x42, 0x00, 0x00, 0x00, 0x00,
    0x70, 0xff, 0x54, 0x00, 0x00, 0x00, 0x00, 0x00, 0x00, 0x3d, 0xff, 0x95, 0x00, 0x00, 0x00, 0x00,
    0x70, 0xff, 0x54, 0x00, 0x00, 0x00, 0x00, 0x00, 0x00, 0x09, 0xff, 0xbe, 0x00, 0x00, 0x00, 0x00,
    0x70, 0xff, 0x54, 0x00, 0x00, 0x00, 0x00, 0x00, 0x00, 0x01, 0xfd, 0xc8, 0x00, 0x00, 0x00, 0x00,
    0x70, 0xff, 0x54, 0x00, 0x00, 0x00, 0x00, 0x00, 0x00, 0x15, 0xff, 0xb0, 0x00, 0x00, 0x00, 0x00,
    0x70, 0xff, 0x54, 0x00, 0x00, 0x00, 0x00, 0x00, 0x00, 0x57, 0xff, 0x83, 0x00, 0x00, 0x00, 0x00,
    0x70, 0xff, 0x54, 0x00, 0x00, 0x00, 0x00, 0x00, 0x03, 0xc8, 0xff, 0x28, 0x00, 0x00, 0x00, 0x00,
    0x70, 0xff, 0x54, 0x00, 0x00, 0x00, 0x00, 0x06, 0x9e, 0xff, 0x94, 0x00, 0x00, 0x00, 0x00, 0x00,
    0x70, 0xff, 0x97, 0x64, 0x64, 0x6c, 0x8e, 0xe4, 0xff, 0xa6, 0x08, 0x00, 0x00, 0x00, 0x00, 0x00,
    0x70, 0xff, 0xff, 0xff, 0xff, 0xfb, 0xe2, 0xb0, 0x4d, 0x00, 0x00, 0x00, 0x00, 0x00, 0x00, 0x00,

    /* U+0045 "E" */
    0x70, 0xff, 0xff, 0xff, 0xff, 0xff, 0xff, 0xff, 0xff, 0xff, 0x78, 0x00, 0x00, 0x00, 0x00, 0x00,
    0x70, 0xff, 0x9c, 0x6c, 0x6c, 0x6c, 0x6c, 0x6c, 0x6c, 0x6c, 0x32, 0x00, 0x00, 0x00, 0x00, 0x00,
    0x70, 0xff, 0x54, 0x00, 0x00, 0x00, 0x00, 0x00, 0x00, 0x00, 0x00, 0x00, 0x00, 0x00, 0x00, 0x00,
    0x70, 0xff, 0x54, 0x00, 0x00, 0x00, 0x00, 0x00, 0x00, 0x00, 0x00, 0x00, 0x00, 0x00, 0x00, 0x00,
    0x70, 0xff, 0x54, 0x00, 0x00, 0x00, 0x00, 0x00, 0x00, 0x00, 0x00, 0x00, 0x00, 0x00, 0x00, 0x00,
    0x70, 0xff, 0x64, 0x18, 0x18, 0x18, 0x18, 0x18, 0x18, 0x16, 0x00, 0x00, 0x00, 0x00, 0x00, 0x00,
    0x70, 0xff, 0xff, 0xff, 0xff, 0xff, 0xff, 0xff, 0xff, 0xec, 0x00, 0x00, 0x00, 0x00, 0x00, 0x00,
    0x70, 0xff, 0x84, 0x48, 0x48, 0x48, 0x48, 0x48, 0x48, 0x42, 0x00, 0x00, 0x00, 0x00, 0x00, 0x00,
    0x70, 0xff, 0x54, 0x00, 0x00, 0x00, 0x00, 0x00, 0x00, 0x00, 0x00, 0x00, 0x00, 0x00, 0x00, 0x00,
    0x70, 0xff, 0x54, 0x00, 0x00, 0x00, 0x00, 0x00, 0x00, 0x00, 0x00, 0x00, 0x00, 0x00, 0x00, 0x00,
    0x70, 0xff, 0x54, 0x00, 0x00, 0x00, 0x00, 0x00, 0x00, 0x00, 0x00, 0x00, 0x00, 0x00, 0x00, 0x00,
    0x70, 0xff, 0x9c, 0x6c, 0x6c, 0x6c, 0x6c, 0x6c, 0x6c, 0x6c, 0x5c, 0x00, 0x00, 0x00, 0x00, 0x00,
    0x70, 0xff, 0xff, 0xff, 0xff, 0xff, 0xff, 0xff, 0xff, 0xff, 0xdc, 0x00, 0x00, 0x00, 0x00, 0x00,

    /* U+0046 "F" */
    0x70, 0xff, 0xff, 0xff, 0xff, 0xff, 0xff, 0xff, 0xff, 0xd8, 0x00, 0x00, 0x00, 0x00, 0x00, 0x00,
    0x70, 0xff, 0x9c, 0x6c, 0x6c, 0x6c, 0x6c, 0x6c, 0x6c, 0x5b, 0x00, 0x00, 0x00, 0x00, 0x00, 0x00,
    0x70, 0xff, 0x54, 0x00, 0x00, 0x00, 0x00, 0x00, 0x00, 0x00, 0x00, 0x00, 0x00, 0x00, 0x00, 0x00,
    0x70, 0xff, 0x54, 0x00, 0x00, 0x00, 0x00, 0x00, 0x00, 0x00, 0x00, 0x00, 0x00, 0x00, 0x00, 0x00,
    0x70, 0xff, 0x54, 0x00, 0x00, 0x00, 0x00, 0x00, 0x00, 0x00, 0x00, 0x00, 0x00, 0x00, 0x00, 0x00,
    0x70, 0xff, 0x69, 0x20, 0x20, 0x20, 0x20, 0x20, 0x20, 0x14, 0x00, 0x00, 0x00, 0x00, 0x00, 0x00,
    0x70, 0xff, 0xff, 0xff, 0xff, 0xff, 0xff, 0xff, 0xff, 0xa0, 0x00, 0x00, 0x00, 0x00, 0x00, 0x00,
    0x70, 0xff, 0x89, 0x50, 0x50, 0x50, 0x50, 0x50, 0x50, 0x32, 0x00, 0x00, 0x00, 0x00, 0x00, 0x00,
    0x70, 0xff, 0x54, 0x00, 0x00, 0x00, 0x00, 0x00, 0x00, 0x00, 0x00, 0x00, 0x00, 0x00, 0x00, 0x00,
    0x70, 0xff, 0x54, 0x00, 0x00, 0x00, 0x00, 0x00, 0x00, 0x00, 0x00, 0x00, 0x00, 0x00, 0x00, 0x00,
    0x70, 0xff, 0x54, 0x00, 0x00, 0x00, 0x00, 0x00, 0x00, 0x00, 0x00, 0x00, 0x00, 0x00, 0x00, 0x00,
    0x70, 0xff, 0x54, 0x00, 0x00, 0x00, 0x00, 0x00, 0x00, 0x00, 0x00, 0x00, 0x00, 0x00, 0x00, 0x00,
    0x70, 0xff, 0x54, 0x00, 0x00, 0x00, 0x00, 0x00, 0x00, 0x00, 0x00, 0x00, 0x00, 0x00, 0x00, 0x00,

    /* U+0047 "G" */
    0x00, 0x00, 0x00, 0x0f, 0x77, 0xc5, 0xee, 0xfa, 0xe6, 0xc2, 0x6c, 0x08, 0x00, 0x00, 0x00, 0x00,
    0x00, 0x00, 0x31, 0xe3, 0xff, 0xc0, 0x81, 0x72, 0x8a, 0xd4, 0xff, 0xcd, 0x18, 0x00, 0x00, 0x00,
    0x00, 0x12, 0xe5, 0xf5, 0x49, 0x00, 0x00, 0x00, 0x00, 0x00, 0x7d, 0xff, 0xb0, 0x00, 0x00, 0x00,
    0x00, 0x81, 0xff, 0x70, 0x00, 0x00, 0x00, 0x00, 0x00, 0x00, 0x00, 0x74, 0x4a, 0x01, 0x00, 0x00,
    0x00, 0xd1, 0xf9, 0x0b, 0x00, 0x00, 0x00, 0x00, 0x00, 0x00, 0x00, 0x00, 0x00, 0x00, 0x00, 0x00,
    0x00, 0xf9, 0xd1, 0x00, 0x00, 0x00, 0x00, 0x00, 0x00, 0x00, 0x00, 0x00, 0x00, 0x00, 0x00, 0x00,
    0x06, 0xff, 0xc4, 0x00, 0x00, 0x00, 0x00, 0x05, 0x20, 0x20, 0x20, 0x20, 0x20, 0x0b, 0x00, 0x00,
    0x00, 0xf0, 0xd6, 0x00, 0x00, 0x00, 0x00, 0x2c, 0xff, 0xff, 0xff, 0xff, 0xff, 0x5c, 0x00, 0x00,
    0x00, 0xc6, 0xfd, 0x13, 0x00, 0x00, 0x00, 0x0d, 0x50, 0x50, 0x50, 0x7e, 0xff, 0x5c, 0x00, 0x00,
    0x00, 0x6c, 0xff, 0x84, 0x00, 0x00, 0x00, 0x00, 0x00, 0x00, 0x00, 0x44, 0xff, 0x5c, 0x00, 0x00,
    0x00, 0x08, 0xd0, 0xfc, 0x60, 0x00, 0x00, 0x00, 0x00, 0x00, 0x08, 0x91, 0xff, 0x5a, 0x00, 0x00,
    0x00, 0x00, 0x1f, 0xcc, 0xff, 0xcb, 0x83, 0x6c, 0x78, 0xa3, 0xed, 0xfc, 0x91, 0x06, 0x00, 0x00,
    0x00, 0x00, 0x00, 0x06, 0x61, 0xbb, 0xe4, 0xfa, 0xed, 0xca, 0x88, 0x24, 0x00, 0x00, 0x00, 0x00,

    /* U+0048 "H" */
    0x70, 0xff, 0x54, 0x00, 0x00, 0x00, 0x00, 0x00, 0x00, 0x98, 0xff, 0x2c, 0x00, 0x00, 0x00, 0x00,
    0x70, 0xff, 0x54, 0x00, 0x00, 0x00, 0x00, 0x00, 0x00, 0x98, 0xff, 0x2c, 0x00, 0x00, 0x00, 0x00,
    0x70, 0xff, 0x54, 0x00, 0x00, 0x00, 0x00, 0x00, 0x00, 0x98, 0xff, 0x2c, 0x00, 0x00, 0x00, 0x00,
    0x70, 0xff, 0x54, 0x00, 0x00, 0x00, 0x00, 0x00, 0x00, 0x98, 0xff, 0x2c, 0x00, 0x00, 0x00, 0x00,
    0x70, 0xff, 0x54, 0x00, 0x00, 0x00, 0x00, 0x00, 0x00, 0x98, 0xff, 0x2c, 0x00, 0x00, 0x00, 0x00,
    0x70, 0xff, 0x69, 0x20, 0x20, 0x20, 0x20, 0x20, 0x20, 0xa5, 0xff, 0x2c, 0x00, 0x00, 0x00, 0x00,
    0x70, 0xff, 0xff, 0xff, 0xff, 0xff, 0xff, 0xff, 0xff, 0xff, 0xff, 0x2c, 0x00, 0x00, 0x00, 0x00,
    0x70, 0xff, 0x89, 0x50, 0x50, 0x50, 0x50, 0x50, 0x50, 0xb8, 0xff, 0x2c, 0x00, 0x00, 0x00, 0x00,
    0x70, 0xff, 0x54, 0x00, 0x00, 0x00, 0x00, 0x00, 0x00, 0x98, 0xff, 0x2c, 0x00, 0x00, 0x00, 0x00,
    0x70, 0xff, 0x54, 0x00, 0x00, 0x00, 0x00, 0x00, 0x00, 0x98, 0xff, 0x2c, 0x00, 0x00, 0x00, 0x00,
    0x70, 0xff, 0x54, 0x00, 0x00, 0x00, 0x00, 0x00, 0x00, 0x98, 0xff, 0x2c, 0x00, 0x00, 0x00, 0x00,
    0x70, 0xff, 0x54, 0x00, 0x00, 0x00, 0x00, 0x00, 0x00, 0x98, 0xff, 0x2c, 0x00, 0x00, 0x00, 0x00,
    0x70, 0xff, 0x54, 0x00, 0x00, 0x00, 0x00, 0x00, 0x00, 0x98, 0xff, 0x2c, 0x00, 0x00, 0x00, 0x00,

    /* U+0049 "I" */
    0x40, 0xff, 0x88, 0x00, 0x00, 0x00, 0x00, 0x00, 0x00, 0x00, 0x00, 0x00, 0x00, 0x00, 0x00, 0x00,
    0x40, 0xff, 0x88, 0x00, 0x00, 0x00, 0x00, 0x00, 0x00, 0x00, 0x00, 0x00, 0x00, 0x00, 0x00, 0x00,
    0x40, 0xff, 0x88, 0x00, 0x00, 0x00, 0x00, 0x00, 0x00, 0x00, 0x00, 0x00, 0x00, 0x00, 0x00, 0x00,
    0x40, 0xff, 0x88, 0x00, 0x00, 0x00, 0x00, 0x00, 0x00, 0x00, 0x00, 0x00, 0x00, 0x00, 0x00, 0x00,
    0x40, 0xff, 0x88, 0x00, 0x00, 0x00, 0x00, 0x00, 0x00, 0x00, 0x00, 0x00, 0x00, 0x00, 0x00, 0x00,
    0x40, 0xff, 0x88, 0x00, 0x00, 0x00, 0x00, 0x00, 0x00, 0x00, 0x00, 0x00, 0x00, 0x00, 0x00, 0x00,
    0x40, 0xff, 0x88, 0x00, 0x00, 0x00, 0x00, 0x00, 0x00, 0x00, 0x00, 0x00, 0x00, 0x00, 0x00, 0x00,
    0x40, 0xff, 0x88, 0x00, 0x00, 0x00, 0x00, 0x00, 0x00, 0x00, 0x00, 0x00, 0x00, 0x00, 0x00, 0x00,
    0x40, 0xff, 0x88, 0x00, 0x00, 0x00, 0x00, 0x00, 0x00, 0x00, 0x00, 0x00, 0x00, 0x00, 0x00, 0x00,
    0x40, 0xff, 0x88, 0x00, 0x00, 0x00, 0x00, 0x00, 0x00, 0x00, 0x00, 0x00, 0x00, 0x00, 0x00, 0x00,
    0x40, 0xff, 0x88, 0x00, 0x00, 0x00, 0x00, 0x00, 0x00, 0x00, 0x00, 0x00, 0x00, 0x00, 0x00, 0x00,
    0x40, 0xff, 0x88, 0x00, 0x00, 0x00, 0x00, 0x00, 0x00, 0x00, 0x00, 0x00, 0x00, 0x00, 0x00, 0x00,
    0x40, 0xff, 0x88, 0x00, 0x00, 0x00, 0x00, 0x00, 0x00, 0x00, 0x00, 0x00, 0x00, 0x00, 0x00, 0x00,

    /* U+004A "J" */
    0x00, 0x00, 0x00, 0x30, 0xff, 0xff, 0xff, 0xff, 0x18, 0x00, 0x00, 0x00, 0x00, 0x00, 0x00, 0x00,
    0x00, 0x00, 0x00, 0x14, 0x6c, 0x6c, 0xcf, 0xff, 0x18, 0x00, 0x00, 0x00, 0x00, 0x00, 0x00, 0x00,
    0x00, 0x00, 0x00, 0x00, 0x00, 0x00, 0xac, 0xff, 0x18, 0x00, 0x00, 0x00, 0x00, 0x00, 0x00, 0x00,
    0x00, 0x00, 0x00, 0x00, 0x00, 0x00, 0xac, 0xff, 0x18, 0x00, 0x00, 0x00, 0x00, 0x00, 0x00, 0x00,
    0x00, 0x00, 0x00, 0x00, 0x00, 0x00, 0xac, 0xff, 0x18, 0x00, 0x00, 0x00, 0x00, 0x00, 0x00, 0x00,
    0x00, 0x00, 0x00, 0x00, 0x00, 0x00, 0xac, 0xff, 0x18, 0x00, 0x00, 0x00, 0x00, 0x00, 0x00, 0x00,
    0x00, 0x00, 0x00, 0x00, 0x00, 0x00, 0xac, 0xff, 0x18, 0x00, 0x00, 0x00, 0x00, 0x00, 0x00, 0x00,
    0x00, 0x00, 0x00, 0x00, 0x00, 0x00, 0xac, 0xff, 0x18, 0x00, 0x00, 0x00, 0x00, 0x00, 0x00, 0x00,
    0x00, 0x00, 0x00, 0x00, 0x00, 0x00, 0xac, 0xff, 0x18, 0x00, 0x00, 0x00, 0x00, 0x00, 0x00, 0x00,
    0x45, 0x8d, 0x14, 0x00, 0x00, 0x00, 0xbb, 0xff, 0x0d, 0x00, 0x00, 0x00, 0x00, 0x00, 0x00, 0x00,
    0x6c, 0xff, 0x75, 0x00, 0x00, 0x11, 0xf0, 0xdc, 0x00, 0x00, 0x00, 0x00, 0x00, 0x00, 0x00, 0x00,
    0x0f, 0xdc, 0xfb, 0x97, 0x76, 0xd4, 0xff, 0x60, 0x00, 0x00, 0x00, 0x00, 0x00, 0x00, 0x00, 0x00,
    0x00, 0x1f, 0xa5, 0xe6, 0xf9, 0xd1, 0x5c, 0x00, 0x00, 0x00, 0x00, 0x00, 0x00, 0x00, 0x00, 0x00,

    /* U+004B "K" */
    0x70, 0xff, 0x54, 0x00, 0x00, 0x00, 0x00, 0x0f, 0xcc, 0xf6, 0x42, 0x00, 0x00, 0x00, 0x00, 0x00,
    0x70, 0xff, 0x54, 0x00, 0x00, 0x00, 0x0c, 0xc6, 0xf7, 0x45, 0x00, 0x00, 0x00, 0x00, 0x00, 0x00,
    0x70, 0xff, 0x54, 0x00, 0x00, 0x09, 0xc0, 0xf8, 0x48, 0x00, 0x00, 0x00, 0x00, 0x00, 0x00, 0x00,
    0x70, 0xff, 0x54, 0x00, 0x07, 0xba, 0xf9, 0x4b, 0x00, 0x00, 0x00, 0x00, 0x00, 0x00, 0x00, 0x00,
    0x70, 0xff, 0x54, 0x05, 0xb3, 0xfa, 0x4d, 0x00, 0x00, 0x00, 0x00, 0x00, 0x00, 0x00, 0x00, 0x00,
    0x70, 0xff, 0x57, 0xac, 0xff, 0x69, 0x00, 0x00, 0x00, 0x00, 0x00, 0x00, 0x00, 0x00, 0x00, 0x00,
    0x70, 0xff, 0xdf, 0xf4, 0xf5, 0xd4, 0x0f, 0x00, 0x00, 0x00, 0x00, 0x00, 0x00, 0x00, 0x00, 0x00,
    0x70, 0xff, 0xd6, 0x2a, 0x53, 0xfe, 0xba, 0x04, 0x00, 0x00, 0x00, 0x00, 0x00, 0x00, 0x00, 0x00,
    0x70, 0xff, 0x54, 0x00, 0x00, 0x7c, 0xff, 0x99, 0x00, 0x00, 0x00, 0x00, 0x00, 0x00, 0x00, 0x00,
    0x70, 0xff, 0x54, 0x00, 0x00, 0x00, 0xa6, 0xff, 0x74, 0x00, 0x00, 0x00, 0x00, 0x00, 0x00, 0x00,
    0x70, 0xff, 0x54, 0x00, 0x00, 0x00, 0x08, 0xc9, 0xfd, 0x51, 0x00, 0x00, 0x00, 0x00, 0x00, 0x00,
    0x70, 0xff, 0x54, 0x00, 0x00, 0x00, 0x00, 0x18, 0xe3, 0xf5, 0x34, 0x00, 0x00, 0x00, 0x00, 0x00,
    0x70, 0xff, 0x54, 0x00, 0x00, 0x00, 0x00, 0x00, 0x31, 0xf5, 0xe7, 0x1e, 0x00, 0x00, 0x00, 0x00,

    /* U+004C "L" */
    0x70, 0xff, 0x54, 0x00, 0x00, 0x00, 0x00, 0x00, 0x00, 0x00, 0x00, 0x00, 0x00, 0x00, 0x00, 0x00,
    0x70, 0xff, 0x54, 0x00, 0x00, 0x00, 0x00, 0x00, 0x00, 0x00, 0x00, 0x00, 0x00, 0x00, 0x00, 0x00,
    0x70, 0xff, 0x54, 0x00, 0x00, 0x00, 0x00, 0x00, 0x00, 0x00, 0x00, 0x00, 0x00, 0x00, 0x00, 0x00,
    0x70, 0xff, 0x54, 0x00, 0x00, 0x00, 0x00, 0x00, 0x00, 0x00, 0x00, 0x00, 0x00, 0x00, 0x00, 0x00,
    0x70, 0xff, 0x54, 0x00, 0x00, 0x00, 0x00, 0x00, 0x00, 0x00, 0x00, 0x00, 0x00, 0x00, 0x00, 0x00,
    0x70, 0xff, 0x54, 0x00, 0x00, 0x00, 0x00, 0x00, 0x00, 0x00, 0x00, 0x00, 0x00, 0x00, 0x00, 0x00,
    0x70, 0xff, 0x54, 0x00, 0x00, 0x00, 0x00, 0x00, 0x00, 0x00, 0x00, 0x00, 0x00, 0x00, 0x00, 0x00,
    0x70, 0xff, 0x54, 0x00, 0x00, 0x00, 0x00, 0x00, 0x00, 0x00, 0x00, 0x00, 0x00, 0x00, 0x00, 0x00,
    0x70, 0xff, 0x54, 0x00, 0x00, 0x00, 0x00, 0x00, 0x00, 0x00, 0x00, 0x00, 0x00, 0x00, 0x00, 0x00,
    0x70, 0xff, 0x54, 0x00, 0x00, 0x00, 0x00, 0x00, 0x00, 0x00, 0x00, 0x00, 0x00, 0x00, 0x00, 0x00,
    0x70, 0xff, 0x54, 0x00, 0x00, 0x00, 0x00, 0x00, 0x00, 0x00, 0x00, 0x00, 0x00, 0x00, 0x00, 0x00,
    0x70, 0xff, 0x9c, 0x6c, 0x6c, 0x6c, 0x6c, 0x6c, 0x65, 0x00, 0x00, 0x00, 0x00, 0x00, 0x00, 0x00,
    0x70, 0xff, 0xff, 0xff, 0xff, 0xff, 0xff, 0xff, 0xf0, 0x00, 0x00, 0x00, 0x00, 0x00, 0x00, 0x00,

    /* U+004D "M" */
    0x70, 0xff, 0xfb, 0x19, 0x00, 0x00, 0x00, 0x00, 0x00, 0x00, 0x30, 0xff, 0xff, 0x44, 0x00, 0x00,
    0x70, 0xff, 0xf9, 0x77, 0x00, 0x00, 0x00, 0x00, 0x00, 0x00, 0x92, 0xf9, 0xff, 0x44, 0x00, 0x00,
    0x70, 0xff, 0xbb, 0xd8, 0x00, 0x00, 0x00, 0x00, 0x00, 0x06, 0xec, 0xc1, 0xff, 0x44, 0x00, 0x00,
    0x70, 0xff, 0x6f, 0xff, 0x3c, 0x00, 0x00, 0x00, 0x00, 0x54, 0xff, 0x77, 0xff, 0x44, 0x00, 0x00,
    0x70, 0xff, 0x2c, 0xef, 0x9e, 0x00, 0x00, 0x00, 0x00, 0xb5, 0xcc, 0x53, 0xff, 0x44, 0x00, 0x00,
    0x70, 0xff, 0x24, 0x96, 0xf4, 0x0c, 0x00, 0x00, 0x19, 0xfc, 0x6b, 0x54, 0xff, 0x44, 0x00, 0x00,
    0x70, 0xff, 0x24, 0x33, 0xff, 0x63, 0x00, 0x00, 0x78, 0xf8, 0x11, 0x54, 0xff, 0x44, 0x00, 0x00,
    0x70, 0xff, 0x24, 0x00, 0xd0, 0xc6, 0x00, 0x00, 0xd8, 0xa8, 0x00, 0x54, 0xff, 0x44, 0x00, 0x00,
    0x70, 0xff, 0x24, 0x00, 0x6d, 0xff, 0x29, 0x3a, 0xff, 0x46, 0x00, 0x54, 0xff, 0x44, 0x00, 0x00,
    0x70, 0xff, 0x24, 0x00, 0x12, 0xf8, 0x81, 0x95, 0xe2, 0x02, 0x00, 0x54, 0xff, 0x44, 0x00, 0x00,
    0x70, 0xff, 0x24, 0x00, 0x00, 0xa7, 0xcd, 0xe3, 0x83, 0x00, 0x00, 0x54, 0xff, 0x44, 0x00, 0x00,
    0x70, 0xff, 0x24, 0x00, 0x00, 0x44, 0xff, 0xfe, 0x23, 0x00, 0x00, 0x54, 0xff, 0x44, 0x00, 0x00,
    0x70, 0xff, 0x24, 0x00, 0x00, 0x01, 0xdf, 0xc0, 0x00, 0x00, 0x00, 0x54, 0xff, 0x44, 0x00, 0x00,

    /* U+004E "N" */
    0x70, 0xff, 0xe3, 0x0d, 0x00, 0x00, 0x00, 0x00, 0x00, 0x6c, 0xff, 0x2c, 0x00, 0x00, 0x00, 0x00,
    0x70, 0xff, 0xff, 0x93, 0x00, 0x00, 0x00, 0x00, 0x00, 0x6c, 0xff, 0x2c, 0x00, 0x00, 0x00, 0x00,
    0x70, 0xff, 0xaa, 0xfd, 0x37, 0x00, 0x00, 0x00, 0x00, 0x6c, 0xff, 0x2c, 0x00, 0x00, 0x00, 0x00,
    0x70, 0xff, 0x2c, 0xe6, 0xd2, 0x05, 0x00, 0x00, 0x00, 0x6c, 0xff, 0x2c, 0x00, 0x00, 0x00, 0x00,
    0x70, 0xff, 0x23, 0x54, 0xff, 0x7a, 0x00, 0x00, 0x00, 0x6c, 0xff, 0x2c, 0x00, 0x00, 0x00, 0x00,
    0x70, 0xff, 0x24, 0x00, 0xb2, 0xf7, 0x24, 0x00, 0x00, 0x6c, 0xff, 0x2c, 0x00, 0x00, 0x00, 0x00,
    0x70, 0xff, 0x24, 0x00, 0x1d, 0xf3, 0xbd, 0x00, 0x00, 0x6c, 0xff, 0x2c, 0x00, 0x00, 0x00, 0x00,
    0x70, 0xff, 0x24, 0x00, 0x00, 0x70, 0xff, 0x61, 0x00, 0x6c, 0xff, 0x2c, 0x00, 0x00, 0x00, 0x00,
    0x70, 0xff, 0x24, 0x00, 0x00, 0x03, 0xcb, 0xed, 0x15, 0x6b, 0xff, 0x2c, 0x00, 0x00, 0x00, 0x00,
    0x70, 0xff, 0x24, 0x00, 0x00, 0x00, 0x31, 0xfc, 0xa5, 0x65, 0xff, 0x2c, 0x00, 0x00, 0x00, 0x00,
    0x70, 0xff, 0x24, 0x00, 0x00, 0x00, 0x00, 0x8c, 0xff, 0xa1, 0xff, 0x2c, 0x00, 0x00, 0x00, 0x00,
    0x70, 0xff, 0x24, 0x00, 0x00, 0x00, 0x00, 0x0a, 0xdf, 0xfe, 0xff, 0x2c, 0x00, 0x00, 0x00, 0x00,
    0x70, 0xff, 0x24, 0x00, 0x00, 0x00, 0x00, 0x00, 0x49, 0xff, 0xff, 0x2c, 0x00, 0x00, 0x00, 0x00,

    /* U+004F "O" */
    0x00, 0x00, 0x00, 0x11, 0x7b, 0xc7, 0xee, 0xf9, 0xe2, 0xb6, 0x5b, 0x02, 0x00, 0x00, 0x00, 0x00,
    0x00, 0x00, 0x35, 0xe6, 0xff, 0xc0, 0x81, 0x71, 0x8a, 0xd6, 0xff, 0xc1, 0x15, 0x00, 0x00, 0x00,
    0x00, 0x17, 0xe9, 0xf4, 0x49, 0x00, 0x00, 0x00, 0x00, 0x02, 0x7a, 0xff, 0xb8, 0x01, 0x00, 0x00,
    0x00, 0x8b, 0xff, 0x68, 0x00, 0x00, 0x00, 0x00, 0x00, 0x00, 0x00, 0xa8, 0xff, 0x46, 0x00, 0x00,
    0x00, 0xdc, 0xf3, 0x06, 0x00, 0x00, 0x00, 0x00, 0x00, 0x00, 0x00, 0x38, 0xff, 0x9f, 0x00, 0x00,
    0x06, 0xff, 0xc6, 0x00, 0x00, 0x00, 0x00, 0x00, 0x00, 0x00, 0x00, 0x05, 0xfe, 0xc6, 0x00, 0x00,
    0x12, 0xff, 0xb8, 0x00, 0x00, 0x00, 0x00, 0x00, 0x00, 0x00, 0x00, 0x00, 0xf4, 0xd8, 0x00, 0x00,
    0x01, 0xfa, 0xc9, 0x00, 0x00, 0x00, 0x00, 0x00, 0x00, 0x00, 0x00, 0x06, 0xfe, 0xc2, 0x00, 0x00,
    0x00, 0xd3, 0xf7, 0x0b, 0x00, 0x00, 0x00, 0x00, 0x00, 0x00, 0x00, 0x3a, 0xff, 0x96, 0x00, 0x00,
    0x00, 0x7a, 0xff, 0x75, 0x00, 0x00, 0x00, 0x00, 0x00, 0x00, 0x00, 0xa7, 0xff, 0x3a, 0x00, 0x00,
    0x00, 0x0d, 0xdd, 0xf8, 0x50, 0x00, 0x00, 0x00, 0x00, 0x01, 0x75, 0xff, 0xa5, 0x00, 0x00, 0x00,
    0x00, 0x00, 0x2b, 0xda, 0xff, 0xc0, 0x7c, 0x6d, 0x85, 0xd1, 0xff, 0xb1, 0x0d, 0x00, 0x00, 0x00,
    0x00, 0x00, 0x00, 0x0d, 0x6e, 0xc4, 0xe8, 0xf8, 0xe1, 0xb2, 0x52, 0x00, 0x00, 0x00, 0x00, 0x00,

    /* U+0050 "P" */
    0x70, 0xff, 0xff, 0xff, 0xff, 0xff, 0xf7, 0xd7, 0x84, 0x0b, 0x00, 0x00, 0x00, 0x00, 0x00, 0x00,
    0x70, 0xff, 0x97, 0x64, 0x64, 0x64, 0x7a, 0xbd, 0xff, 0xcb, 0x06, 0x00, 0x00, 0x00, 0x00, 0x00,
    0x70, 0xff, 0x54, 0x00, 0x00, 0x00, 0x00, 0x00, 0x96, 0xff, 0x63, 0x00, 0x00, 0x00, 0x00, 0x00,
    0x70, 0xff, 0x54, 0x00, 0x00, 0x00, 0x00, 0x00, 0x35, 0xff, 0x9d, 0x00, 0x00, 0x00, 0x00, 0x00,
    0x70, 0xff, 0x54, 0x00, 0x00, 0x00, 0x00, 0x00, 0x2b, 0xff, 0xa2, 0x00, 0x00, 0x00, 0x00, 0x00,
    0x70, 0xff, 0x54, 0x00, 0x00, 0x00, 0x00, 0x00, 0x6e, 0xff, 0x73, 0x00, 0x00, 0x00, 0x00, 0x00,
    0x70, 0xff, 0x64, 0x18, 0x18, 0x18, 0x2b, 0x6f, 0xf3, 0xe6, 0x11, 0x00, 0x00, 0x00, 0x00, 0x00,
    0x70, 0xff, 0xff, 0xff, 0xff, 0xff, 0xff, 0xff, 0xc7, 0x28, 0x00, 0x00, 0x00, 0x00, 0x00, 0x00,
    0x70, 0xff, 0x84, 0x48, 0x48, 0x48, 0x41, 0x20, 0x00, 0x00, 0x00, 0x00, 0x00, 0x00, 0x00, 0x00,
    0x70, 0xff, 0x54, 0x00, 0x00, 0x00, 0x00, 0x00, 0x00, 0x00, 0x00, 0x00, 0x00, 0x00, 0x00, 0x00,
    0x70, 0xff, 0x54, 0x00, 0x00, 0x00, 0x00, 0x00, 0x00, 0x00, 0x00, 0x00, 0x00, 0x00, 0x00, 0x00,
    0x70, 0xff, 0x54, 0x00, 0x00, 0x00, 0x00, 0x00, 0x00, 0x00, 0x00, 0x00, 0x00, 0x00, 0x00, 0x00,
    0x70, 0xff, 0x54, 0x00, 0x00, 0x00, 0x00, 0x00, 0x00, 0x00, 0x00, 0x00, 0x00, 0x00, 0x00, 0x00,

    /* U+0051 "Q" */
    0x00, 0x00, 0x00, 0x10, 0x79, 0xc7, 0xee, 0xf9, 0xe2, 0xb6, 0x5b, 0x02, 0x00, 0x00, 0x00, 0x00,
    0x00, 0x00, 0x33, 0xe5, 0xff, 0xc1, 0x81, 0x71, 0x8b, 0xd7, 0xff, 0xc0, 0x15, 0x00, 0x00, 0x00,
    0x00, 0x15, 0xe7, 0xf5, 0x4b, 0x00, 0x00, 0x00, 0x00, 0x02, 0x7d, 0xff, 0xb7, 0x01, 0x00, 0x00,
    0x00, 0x88, 0xff, 0x6c, 0x00, 0x00, 0x00, 0x00, 0x00, 0x00, 0x00, 0xab, 0xff, 0x45, 0x00, 0x00,
    0x00, 0xda, 0xf5, 0x08, 0x00, 0x00, 0x00, 0x00, 0x00, 0x00, 0x00, 0x3b, 0xff, 0x9e, 0x00, 0x00,
    0x05, 0xff, 0xc7, 0x00, 0x00, 0x00, 0x00, 0x00, 0x00, 0x00, 0x00, 0x06, 0xfe, 0xc5, 0x00, 0x00,
    0x13, 0xff, 0xb8, 0x00, 0x00, 0x00, 0x00, 0x00, 0x00, 0x00, 0x00, 0x00, 0xf4, 0xda, 0x00, 0x00,
    0x03, 0xfd, 0xc7, 0x00, 0x00, 0x00, 0x00, 0x00, 0x00, 0x00, 0x00, 0x04, 0xfe, 0xcc, 0x00, 0x00,
    0x00, 0xda, 0xf5, 0x08, 0x00, 0x00, 0x00, 0x00, 0x00, 0x00, 0x00, 0x35, 0xff, 0x9f, 0x00, 0x00,
    0x00, 0x89, 0xff, 0x6a, 0x00, 0x00, 0x00, 0x00, 0x00, 0x00, 0x00, 0x9d, 0xff, 0x49, 0x00, 0x00,
    0x00, 0x17, 0xec, 0xf3, 0x3e, 0x00, 0x00, 0x00, 0x00, 0x00, 0x60, 0xfe, 0xbe, 0x01, 0x00, 0x00,
    0x00, 0x00, 0x40, 0xee, 0xfd, 0xa8, 0x64, 0x55, 0x6d, 0xbc, 0xff, 0xcc, 0x14, 0x00, 0x00, 0x00,
    0x00, 0x00, 0x00, 0x1e, 0x8d, 0xd8, 0xf6, 0xff, 0xf7, 0xc4, 0x69, 0x05, 0x00, 0x00, 0x00, 0x00,
    0x00, 0x00, 0x00, 0x00, 0x00, 0x00, 0x11, 0xfb, 0xcc, 0x00, 0x00, 0x00, 0x00, 0x00, 0x00, 0x00,
    0x00, 0x00, 0x00, 0x00, 0x00, 0x00, 0x00, 0xb0, 0xff, 0x3c, 0x00, 0x00, 0x00, 0x00, 0x00, 0x00,
    0x00, 0x00, 0x00, 0x00, 0x00, 0x00, 0x00, 0x2f, 0xf9, 0xea, 0x71, 0x59, 0x1a, 0x00, 0x00, 0x00,
    0x00, 0x00, 0x00, 0x00, 0x00, 0x00, 0x00, 0x00, 0x3e, 0xc9, 0xf5, 0xe3, 0x30, 0x00, 0x00, 0x00,

    /* U+0052 "R" */
    0x70, 0xff, 0xff, 0xff, 0xff, 0xff, 0xff, 0xf2, 0xc8, 0x68, 0x02, 0x00, 0x00, 0x00, 0x00, 0x00,
    0x70, 0xff, 0x97, 0x64, 0x64, 0x64, 0x67, 0x80, 0xd5, 0xff, 0x9f, 0x00, 0x00, 0x00, 0x00, 0x00,
    0x70, 0xff, 0x54, 0x00, 0x00, 0x00, 0x00, 0x00, 0x05, 0xca, 0xff, 0x28, 0x00, 0x00, 0x00, 0x00,
    0x70, 0xff, 0x54, 0x00, 0x00, 0x00, 0x00, 0x00, 0x00, 0x81, 0xff, 0x4b, 0x00, 0x00, 0x00, 0x00,
    0x70, 0xff, 0x54, 0x00, 0x00, 0x00, 0x00, 0x00, 0x00, 0xb0, 0xff, 0x29, 0x00, 0x00, 0x00, 0x00,
    0x70, 0xff, 0x64, 0x18, 0x18, 0x18, 0x1a, 0x34, 0x95, 0xff, 0xb4, 0x00, 0x00, 0x00, 0x00, 0x00,
    0x70, 0xff, 0xff, 0xff, 0xff, 0xff, 0xff, 0xff, 0xf0, 0x94, 0x0a, 0x00, 0x00, 0x00, 0x00, 0x00,
    0x70, 0xff, 0x84, 0x48, 0x48, 0x48, 0x8e, 0xff, 0x66, 0x00, 0x00, 0x00, 0x00, 0x00, 0x00, 0x00,
    0x70, 0xff, 0x54, 0x00, 0x00, 0x00, 0x06, 0xd9, 0xee, 0x16, 0x00, 0x00, 0x00, 0x00, 0x00, 0x00,
    0x70, 0xff, 0x54, 0x00, 0x00, 0x00, 0x00, 0x47, 0xff, 0xa4, 0x00, 0x00, 0x00, 0x00, 0x00, 0x00,
    0x70, 0xff, 0x54, 0x00, 0x00, 0x00, 0x00, 0x00, 0xb0, 0xff, 0x46, 0x00, 0x00, 0x00, 0x00, 0x00,
    0x70, 0xff, 0x54, 0x00, 0x00, 0x00, 0x00, 0x00, 0x20, 0xf7, 0xdd, 0x09, 0x00, 0x00, 0x00, 0x00,
    0x70, 0xff, 0x54, 0x00, 0x00, 0x00, 0x00, 0x00, 0x00, 0x80, 0xff, 0x87, 0x00, 0x00, 0x00, 0x00,

    /* U+0053 "S" */
    0x00, 0x00, 0x0e, 0x7e, 0xcd, 0xf2, 0xfd, 0xf1, 0xcb, 0x79, 0x04, 0x00, 0x00, 0x00, 0x00, 0x00,
    0x00, 0x0b, 0xd5, 0xfc, 0xa4, 0x65, 0x56, 0x6c, 0xbd, 0xff, 0xb4, 0x00, 0x00, 0x00, 0x00, 0x00,
    0x00, 0x65, 0xff, 0x76, 0x00, 0x00, 0x00, 0x00, 0x00, 0xa1, 0xff, 0x46, 0x00, 0x00, 0x00, 0x00,
    0x00, 0x7c, 0xff, 0x40, 0x00, 0x00, 0x00, 0x00, 0x00, 0x0f, 0x18, 0x00, 0x00, 0x00, 0x00, 0x00,
    0x00, 0x45, 0xff, 0xbd, 0x18, 0x00, 0x00, 0x00, 0x00, 0x00, 0x00, 0x00, 0x00, 0x00, 0x00, 0x00,
    0x00, 0x00, 0x93, 0xff, 0xfa, 0xc1, 0x83, 0x48, 0x0c, 0x00, 0x00, 0x00, 0x00, 0x00, 0x00, 0x00,
    0x00, 0x00, 0x00, 0x3a, 0x96, 0xd8, 0xff, 0xff, 0xf9, 0xb1, 0x31, 0x00, 0x00, 0x00, 0x00, 0x00,
    0x00, 0x00, 0x00, 0x00, 0x00, 0x00, 0x14, 0x4f, 0x9f, 0xfa, 0xf8, 0x35, 0x00, 0x00, 0x00, 0x00,
    0x00, 0x00, 0x00, 0x00, 0x00, 0x00, 0x00, 0x00, 0x00, 0x45, 0xff, 0xa6, 0x00, 0x00, 0x00, 0x00,
    0x05, 0x58, 0x5d, 0x00, 0x00, 0x00, 0x00, 0x00, 0x00, 0x05, 0xfc, 0xc3, 0x00, 0x00, 0x00, 0x00,
    0x00, 0xd1, 0xf9, 0x38, 0x00, 0x00, 0x00, 0x00, 0x00, 0x5e, 0xff, 0x93, 0x00, 0x00, 0x00, 0x00,
    0x00, 0x38, 0xed, 0xf8, 0xa9, 0x71, 0x61, 0x74, 0xb1, 0xfc, 0xdc, 0x17, 0x00, 0x00, 0x00, 0x00,
    0x00, 0x00, 0x1e, 0x85, 0xd0, 0xeb, 0xfc, 0xf0, 0xc9, 0x7a, 0x0e, 0x00, 0x00, 0x00, 0x00, 0x00,

    /* U+0054 "T" */
    0x94, 0xff, 0xff, 0xff, 0xff, 0xff, 0xff, 0xff, 0xff, 0xff, 0xff, 0x2c, 0x00, 0x00, 0x00, 0x00,
    0x3e, 0x6c, 0x6c, 0x6c, 0x77, 0xff, 0xd1, 0x6c, 0x6c, 0x6c, 0x6c, 0x12, 0x00, 0x00, 0x00, 0x00,
    0x00, 0x00, 0x00, 0x00, 0x14, 0xff, 0xb0, 0x00, 0x00, 0x00, 0x00, 0x00, 0x00, 0x00, 0x00, 0x00,
    0x00, 0x00, 0x00, 0x00, 0x14, 0xff, 0xb0, 0x00, 0x00, 0x00, 0x00, 0x00, 0x00, 0x00, 0x00, 0x00,
    0x00, 0x00, 0x00, 0x00, 0x14, 0xff, 0xb0, 0x00, 0x00, 0x00, 0x00, 0x00, 0x00, 0x00, 0x00, 0x00,
    0x00, 0x00, 0x00, 0x00, 0x14, 0xff, 0xb0, 0x00, 0x00, 0x00, 0x00, 0x00, 0x00, 0x00, 0x00, 0x00,
    0x00, 0x00, 0x00, 0x00, 0x14, 0xff, 0xb0, 0x00, 0x00, 0x00, 0x00, 0x00, 0x00, 0x00, 0x00, 0x00,
    0x00, 0x00, 0x00, 0x00, 0x14, 0xff, 0xb0, 0x00, 0x00, 0x00, 0x00, 0x00, 0x00, 0x00, 0x00, 0x00,
    0x00, 0x00, 0x00, 0x00, 0x14, 0xff, 0xb0, 0x00, 0x00, 0x00, 0x00, 0x00, 0x00, 0x00, 0x00, 0x00,
    0x00, 0x00, 0x00, 0x00, 0x14, 0xff, 0xb0, 0x00, 0x00, 0x00, 0x00, 0x00, 0x00, 0x00, 0x00, 0x00,
    0x00, 0x00, 0x00, 0x00, 0x14, 0xff, 0xb0, 0x00, 0x00, 0x00, 0x00, 0x00, 0x00, 0x00, 0x00, 0x00,
    0x00, 0x00, 0x00, 0x00, 0x14, 0xff, 0xb0, 0x00, 0x00, 0x00, 0x00, 0x00, 0x00, 0x00, 0x00, 0x00,
    0x00, 0x00, 0x00, 0x00, 0x14, 0xff, 0xb0, 0x00, 0x00, 0x00, 0x00, 0x00, 0x00, 0x00, 0x00, 0x00,

    /* U+0055 "U" */
    0x88, 0xff, 0x3c, 0x00, 0x00, 0x00, 0x00, 0x00, 0x00, 0x80, 0xff, 0x40, 0x00, 0x00, 0x00, 0x00,
    0x88, 0xff, 0x3c, 0x00, 0x00, 0x00, 0x00, 0x00, 0x00, 0x80, 0xff, 0x40, 0x00, 0x00, 0x00, 0x00,
    0x88, 0xff, 0x3c, 0x00, 0x00, 0x00, 0x00, 0x00, 0x00, 0x80, 0xff, 0x40, 0x00, 0x00, 0x00, 0x00,
    0x88, 0xff, 0x3c, 0x00, 0x00, 0x00, 0x00, 0x00, 0x00, 0x80, 0xff, 0x40, 0x00, 0x00, 0x00, 0x00,
    0x88, 0xff, 0x3c, 0x00, 0x00, 0x00, 0x00, 0x00, 0x00, 0x80, 0xff, 0x40, 0x00, 0x00, 0x00, 0x00,
    0x88, 0xff, 0x3c, 0x00, 0x00, 0x00, 0x00, 0x00, 0x00, 0x80, 0xff, 0x40, 0x00, 0x00, 0x00, 0x00,
    0x88, 0xff, 0x3c, 0x00, 0x00, 0x00, 0x00, 0x00, 0x00, 0x80, 0xff, 0x40, 0x00, 0x00, 0x00, 0x00,
    0x88, 0xff, 0x3c, 0x00, 0x00, 0x00, 0x00, 0x00, 0x00, 0x80, 0xff, 0x40, 0x00, 0x00, 0x00, 0x00,
    0x7e, 0xff, 0x4e, 0x00, 0x00, 0x00, 0x00, 0x00, 0x00, 0x98, 0xff, 0x30, 0x00, 0x00, 0x00, 0x00,
    0x59, 0xff, 0x7f, 0x00, 0x00, 0x00, 0x00, 0x00, 0x00, 0xce, 0xf9, 0x0e, 0x00, 0x00, 0x00, 0x00,
    0x0b, 0xed, 0xf0, 0x23, 0x00, 0x00, 0x00, 0x00, 0x72, 0xff, 0xa2, 0x00, 0x00, 0x00, 0x00, 0x00,
    0x00, 0x47, 0xf6, 0xf6, 0x9c, 0x74, 0x83, 0xc3, 0xff, 0xd0, 0x10, 0x00, 0x00, 0x00, 0x00, 0x00,
    0x00, 0x00, 0x25, 0x99, 0xde, 0xf8, 0xef, 0xc9, 0x72, 0x06, 0x00, 0x00, 0x00, 0x00, 0x00, 0x00,

    /* U+0056 "V" */
    0xb8, 0xff, 0x26, 0x00, 0x00, 0x00, 0x00, 0x00, 0x00, 0x00, 0x7b, 0xff, 0x62, 0x00, 0x00, 0x00,
    0x4e, 0xff, 0x8a, 0x00, 0x00, 0x00, 0x00, 0x00, 0x00, 0x01, 0xdd, 0xef, 0x0a, 0x00, 0x00, 0x00,
    0x03, 0xe2, 0xe9, 0x05, 0x00, 0x00, 0x00, 0x00, 0x00, 0x43, 0xff, 0x90, 0x00, 0x00, 0x00, 0x00,
    0x00, 0x7c, 0xff, 0x54, 0x00, 0x00, 0x00, 0x00, 0x00, 0xa7, 0xff, 0x28, 0x00, 0x00, 0x00, 0x00,
    0x00, 0x18, 0xfa, 0xb8, 0x00, 0x00, 0x00, 0x00, 0x13, 0xf8, 0xbe, 0x00, 0x00, 0x00, 0x00, 0x00,
    0x00, 0x00, 0xa9, 0xfd, 0x1f, 0x00, 0x00, 0x00, 0x70, 0xff, 0x54, 0x00, 0x00, 0x00, 0x00, 0x00,
    0x00, 0x00, 0x40, 0xff, 0x82, 0x00, 0x00, 0x00, 0xd3, 0xe6, 0x05, 0x00, 0x00, 0x00, 0x00, 0x00,
    0x00, 0x00, 0x00, 0xd6, 0xe4, 0x03, 0x00, 0x39, 0xff, 0x82, 0x00, 0x00, 0x00, 0x00, 0x00, 0x00,
    0x00, 0x00, 0x00, 0x6e, 0xff, 0x4b, 0x00, 0x9d, 0xfc, 0x1d, 0x00, 0x00, 0x00, 0x00, 0x00, 0x00,
    0x00, 0x00, 0x00, 0x0f, 0xf5, 0xac, 0x09, 0xf3, 0xaf, 0x00, 0x00, 0x00, 0x00, 0x00, 0x00, 0x00,
    0x00, 0x00, 0x00, 0x00, 0x9b, 0xf6, 0x62, 0xff, 0x46, 0x00, 0x00, 0x00, 0x00, 0x00, 0x00, 0x00,
    0x00, 0x00, 0x00, 0x00, 0x32, 0xff, 0xee, 0xdc, 0x01, 0x00, 0x00, 0x00, 0x00, 0x00, 0x00, 0x00,
    0x00, 0x00, 0x00, 0x00, 0x00, 0xc9, 0xff, 0x74, 0x00, 0x00, 0x00, 0x00, 0x00, 0x00, 0x00, 0x00,

    /* U+0057 "W" */
    0xc7, 0xfe, 0x15, 0x00, 0x00, 0x00, 0x00, 0x09, 0xf7, 0xf2, 0x05, 0x00, 0x00, 0x00, 0x00, 0x20, 0xff, 0xb9, 0x00, 0x00, 0x00, 0x00, 0x00, 0x00, 0x00, 0x00, 0x00, 0x00, 0x00, 0x00, 0x00, 0x00,
    0x7b, 0xff, 0x5c, 0x00, 0x00, 0x00, 0x00, 0x4a, 0xff, 0xff, 0x40, 0x00, 0x00, 0x00, 0x00, 0x67, 0xff, 0x6d, 0x00, 0x00, 0x00, 0x00, 0x00, 0x00, 0x00, 0x00, 0x00, 0x00, 0x00, 0x00, 0x00, 0x00,
    0x2f, 0xff, 0xa5, 0x00, 0x00, 0x00, 0x00, 0x93, 0xdd, 0xe6, 0x88, 0x00, 0x00, 0x00, 0x00, 0xae, 0xff, 0x21, 0x00, 0x00, 0x00, 0x00, 0x00, 0x00, 0x00, 0x00, 0x00, 0x00, 0x00, 0x00, 0x00, 0x00,
    0x00, 0xe2, 0xeb, 0x02, 0x00, 0x00, 0x00, 0xda, 0xa3, 0xab, 0xd0, 0x00, 0x00, 0x00, 0x04, 0xf1, 0xd5, 0x00, 0x00, 0x00, 0x00, 0x00, 0x00, 0x00, 0x00, 0x00, 0x00, 0x00, 0x00, 0x00, 0x00, 0x00,
    0x00, 0x97, 0xff, 0x36, 0x00, 0x00, 0x22, 0xff, 0x63, 0x6d, 0xff, 0x19, 0x00, 0x00, 0x3e, 0xff, 0x89, 0x00, 0x00, 0x00, 0x00, 0x00, 0x00, 0x00, 0x00, 0x00, 0x00, 0x00, 0x00, 0x00, 0x00, 0x00,
    0x00, 0x4b, 0xff, 0x7e, 0x00, 0x00, 0x6a, 0xff, 0x1f, 0x28, 0xff, 0x60, 0x00, 0x00, 0x85, 0xff, 0x3d, 0x00, 0x00, 0x00, 0x00, 0x00, 0x00, 0x00, 0x00, 0x00, 0x00, 0x00, 0x00, 0x00, 0x00, 0x00,
    0x00, 0x08, 0xf5, 0xc7, 0x00, 0x00, 0xb1, 0xd9, 0x00, 0x00, 0xe1, 0xa8, 0x00, 0x00, 0xcb, 0xed, 0x03, 0x00, 0x00, 0x00, 0x00, 0x00, 0x00, 0x00, 0x00, 0x00, 0x00, 0x00, 0x00, 0x00, 0x00, 0x00,
    0x00, 0x00, 0xb3, 0xfd, 0x12, 0x05, 0xf3, 0x92, 0x00, 0x00, 0x9b, 0xed, 0x03, 0x14, 0xfe, 0xa5, 0x00, 0x00, 0x00, 0x00, 0x00, 0x00, 0x00, 0x00, 0x00, 0x00, 0x00, 0x00, 0x00, 0x00, 0x00, 0x00,
    0x00, 0x00, 0x67, 0xff, 0x55, 0x3f, 0xff, 0x4b, 0x00, 0x00, 0x55, 0xff, 0x35, 0x59, 0xff, 0x59, 0x00, 0x00, 0x00, 0x00, 0x00, 0x00, 0x00, 0x00, 0x00, 0x00, 0x00, 0x00, 0x00, 0x00, 0x00, 0x00,
    0x00, 0x00, 0x1b, 0xff, 0x93, 0x7f, 0xf9, 0x0b, 0x00, 0x00, 0x11, 0xfc, 0x76, 0x9d, 0xfc, 0x11, 0x00, 0x00, 0x00, 0x00, 0x00, 0x00, 0x00, 0x00, 0x00, 0x00, 0x00, 0x00, 0x00, 0x00, 0x00, 0x00,
    0x00, 0x00, 0x00, 0xcf, 0xd1, 0xbc, 0xbd, 0x00, 0x00, 0x00, 0x00, 0xc8, 0xb3, 0xd9, 0xc1, 0x00, 0x00, 0x00, 0x00, 0x00, 0x00, 0x00, 0x00, 0x00, 0x00, 0x00, 0x00, 0x00, 0x00, 0x00, 0x00, 0x00,
    0x00, 0x00, 0x00, 0x83, 0xfd, 0xf5, 0x76, 0x00, 0x00, 0x00, 0x00, 0x82, 0xf3, 0xff, 0x75, 0x00, 0x00, 0x00, 0x00, 0x00, 0x00, 0x00, 0x00, 0x00, 0x00, 0x00, 0x00, 0x00, 0x00, 0x00, 0x00, 0x00,
    0x00, 0x00, 0x00, 0x36, 0xff, 0xff, 0x2f, 0x00, 0x00, 0x00, 0x00, 0x3b, 0xff, 0xff, 0x29, 0x00, 0x00, 0x00, 0x00, 0x00, 0x00, 0x00, 0x00, 0x00, 0x00, 0x00, 0x00, 0x00, 0x00, 0x00, 0x00, 0x00,

    /* U+0058 "X" */
    0x06, 0xcc, 0xf5, 0x28, 0x00, 0x00, 0x00, 0x00, 0x00, 0x69, 0xff, 0x87, 0x00, 0x00, 0x00, 0x00,
    0x00, 0x23, 0xf2, 0xce, 0x06, 0x00, 0x00, 0x00, 0x24, 0xf4, 0xc9, 0x05, 0x00, 0x00, 0x00, 0x00,
    0x00, 0x00, 0x59, 0xff, 0x8b, 0x00, 0x00, 0x03, 0xc6, 0xf2, 0x23, 0x00, 0x00, 0x00, 0x00, 0x00,
    0x00, 0x00, 0x00, 0x9e, 0xfe, 0x43, 0x00, 0x7b, 0xff, 0x5c, 0x00, 0x00, 0x00, 0x00, 0x00, 0x00,
    0x00, 0x00, 0x00, 0x0a, 0xd7, 0xe5, 0x44, 0xfa, 0xa3, 0x00, 0x00, 0x00, 0x00, 0x00, 0x00, 0x00,
    0x00, 0x00, 0x00, 0x00, 0x2e, 0xf7, 0xfd, 0xdd, 0x0d, 0x00, 0x00, 0x00, 0x00, 0x00, 0x00, 0x00,
    0x00, 0x00, 0x00, 0x00, 0x03, 0xcf, 0xff, 0xab, 0x00, 0x00, 0x00, 0x00, 0x00, 0x00, 0x00, 0x00,
    0x00, 0x00, 0x00, 0x00, 0x84, 0xfe, 0xad, 0xff, 0x5b, 0x00, 0x00, 0x00, 0x00, 0x00, 0x00, 0x00,
    0x00, 0x00, 0x00, 0x43, 0xfd, 0x8e, 0x03, 0xc7, 0xf1, 0x20, 0x00, 0x00, 0x00, 0x00, 0x00, 0x00,
    0x00, 0x00, 0x16, 0xe7, 0xd2, 0x07, 0x00, 0x25, 0xf5, 0xc4, 0x03, 0x00, 0x00, 0x00, 0x00, 0x00,
    0x00, 0x01, 0xb9, 0xf8, 0x2d, 0x00, 0x00, 0x00, 0x6a, 0xff, 0x7f, 0x00, 0x00, 0x00, 0x00, 0x00,
    0x00, 0x78, 0xff, 0x72, 0x00, 0x00, 0x00, 0x00, 0x00, 0xb8, 0xfc, 0x39, 0x00, 0x00, 0x00, 0x00,
    0x39, 0xfb, 0xbc, 0x01, 0x00, 0x00, 0x00, 0x00, 0x00, 0x1a, 0xed, 0xde, 0x0e, 0x00, 0x00, 0x00,

    /* U+0059 "Y" */
    0x41, 0xfe, 0xad, 0x00, 0x00, 0x00, 0x00, 0x00, 0x00, 0x15, 0xec, 0xdf, 0x0b, 0x00, 0x00, 0x00,
    0x00, 0x96, 0xff, 0x52, 0x00, 0x00, 0x00, 0x00, 0x00, 0xa7, 0xfe, 0x42, 0x00, 0x00, 0x00, 0x00,
    0x00, 0x0c, 0xe0, 0xe6, 0x10, 0x00, 0x00, 0x00, 0x4a, 0xff, 0x97, 0x00, 0x00, 0x00, 0x00, 0x00,
    0x00, 0x00, 0x45, 0xff, 0x9c, 0x00, 0x00, 0x0c, 0xe2, 0xe0, 0x0d, 0x00, 0x00, 0x00, 0x00, 0x00,
    0x00, 0x00, 0x00, 0x9a, 0xff, 0x42, 0x00, 0x93, 0xff, 0x44, 0x00, 0x00, 0x00, 0x00, 0x00, 0x00,
    0x00, 0x00, 0x00, 0x0e, 0xe2, 0xdc, 0x43, 0xfd, 0x9a, 0x00, 0x00, 0x00, 0x00, 0x00, 0x00, 0x00,
    0x00, 0x00, 0x00, 0x00, 0x48, 0xff, 0xfa, 0xe2, 0x0e, 0x00, 0x00, 0x00, 0x00, 0x00, 0x00, 0x00,
    0x00, 0x00, 0x00, 0x00, 0x00, 0xab, 0xff, 0x53, 0x00, 0x00, 0x00, 0x00, 0x00, 0x00, 0x00, 0x00,
    0x00, 0x00, 0x00, 0x00, 0x00, 0x8c, 0xff, 0x34, 0x00, 0x00, 0x00, 0x00, 0x00, 0x00, 0x00, 0x00,
    0x00, 0x00, 0x00, 0x00, 0x00, 0x8c, 0xff, 0x34, 0x00, 0x00, 0x00, 0x00, 0x00, 0x00, 0x00, 0x00,
    0x00, 0x00, 0x00, 0x00, 0x00, 0x8c, 0xff, 0x34, 0x00, 0x00, 0x00, 0x00, 0x00, 0x00, 0x00, 0x00,
    0x00, 0x00, 0x00, 0x00, 0x00, 0x8c, 0xff, 0x34, 0x00, 0x00, 0x00, 0x00, 0x00, 0x00, 0x00, 0x00,
    0x00, 0x00, 0x00, 0x00, 0x00, 0x8c, 0xff, 0x34, 0x00, 0x00, 0x00, 0x00, 0x00, 0x00, 0x00, 0x00,

    /* U+005A "Z" */
    0x00, 0xb8, 0xff, 0xff, 0xff, 0xff, 0xff, 0xff, 0xff, 0xff, 0x94, 0x00, 0x00, 0x00, 0x00, 0x00,
    0x00, 0x4d, 0x6c, 0x6c, 0x6c, 0x6c, 0x6c, 0x6c, 0xcd, 0xff, 0x5e, 0x00, 0x00, 0x00, 0x00, 0x00,
    0x00, 0x00, 0x00, 0x00, 0x00, 0x00, 0x00, 0x47, 0xfd, 0x9f, 0x00, 0x00, 0x00, 0x00, 0x00, 0x00,
    0x00, 0x00, 0x00, 0x00, 0x00, 0x00, 0x1e, 0xec, 0xd0, 0x09, 0x00, 0x00, 0x00, 0x00, 0x00, 0x00,
    0x00, 0x00, 0x00, 0x00, 0x00, 0x06, 0xca, 0xf0, 0x24, 0x00, 0x00, 0x00, 0x00, 0x00, 0x00, 0x00,
    0x00, 0x00, 0x00, 0x00, 0x00, 0x98, 0xfe, 0x4f, 0x00, 0x00, 0x00, 0x00, 0x00, 0x00, 0x00, 0x00,
    0x00, 0x00, 0x00, 0x00, 0x5d, 0xff, 0x88, 0x00, 0x00, 0x00, 0x00, 0x00, 0x00, 0x00, 0x00, 0x00,
    0x00, 0x00, 0x00, 0x2d, 0xf5, 0xbe, 0x03, 0x00, 0x00, 0x00, 0x00, 0x00, 0x00, 0x00, 0x00, 0x00,
    0x00, 0x00, 0x0e, 0xda, 0xe5, 0x17, 0x00, 0x00, 0x00, 0x00, 0x00, 0x00, 0x00, 0x00, 0x00, 0x00,
    0x00, 0x00, 0xae, 0xfb, 0x3b, 0x00, 0x00, 0x00, 0x00, 0x00, 0x00, 0x00, 0x00, 0x00, 0x00, 0x00,
    0x00, 0x76, 0xff, 0x71, 0x00, 0x00, 0x00, 0x00, 0x00, 0x00, 0x00, 0x00, 0x00, 0x00, 0x00, 0x00,
    0x36, 0xfc, 0xe6, 0x6c, 0x6c, 0x6c, 0x6c, 0x6c, 0x6c, 0x6c, 0x6c, 0x01, 0x00, 0x00, 0x00, 0x00,
    0x64, 0xff, 0xff, 0xff, 0xff, 0xff, 0xff, 0xff, 0xff, 0xff, 0xff, 0x04, 0x00, 0x00, 0x00, 0x00,

    /* U+0061 "a" */
    0x00, 0x00, 0x4c, 0xbf, 0xeb, 0xf6, 0xd8, 0x7f, 0x09, 0x00, 0x00, 0x00, 0x00, 0x00, 0x00, 0x00,
    0x00, 0x49, 0xfd, 0xbf, 0x51, 0x47, 0x8f, 0xff, 0x96, 0x00, 0x00, 0x00, 0x00, 0x00, 0x00, 0x00,
    0x00, 0x6c, 0xbd, 0x17, 0x00, 0x00, 0x00, 0xc7, 0xf2, 0x00, 0x00, 0x00, 0x00, 0x00, 0x00, 0x00,
    0x00, 0x00, 0x00, 0x00, 0x00, 0x00, 0x00, 0x9f, 0xff, 0x12, 0x00, 0x00, 0x00, 0x00, 0x00, 0x00,
    0x00, 0x0c, 0x83, 0xd1, 0xef, 0xf7, 0xf8, 0xfc, 0xff, 0x14, 0x00, 0x00, 0x00, 0x00, 0x00, 0x00,
    0x00, 0xb9, 0xfe, 0x88, 0x3c, 0x2a, 0x28, 0xab, 0xff, 0x14, 0x00, 0x00, 0x00, 0x00, 0x00, 0x00,
    0x1c, 0xff, 0xa9, 0x00, 0x00, 0x00, 0x00, 0xb6, 0xff, 0x14, 0x00, 0x00, 0x00, 0x00, 0x00, 0x00,
    0x21, 0xff, 0x96, 0x00, 0x00, 0x00, 0x31, 0xfb, 0xff, 0x17, 0x00, 0x00, 0x00, 0x00, 0x00, 0x00,
    0x02, 0xdc, 0xf0, 0x59, 0x39, 0x73, 0xd8, 0x90, 0xff, 0x74, 0x1f, 0x00, 0x00, 0x00, 0x00, 0x00,
    0x00, 0x2d, 0xbe, 0xf2, 0xef, 0xb1, 0x24, 0x1c, 0xd3, 0xf2, 0x75, 0x00, 0x00, 0x00, 0x00, 0x00,

    /* U+0062 "b" */
    0xb8, 0xf4, 0x00, 0x00, 0x00, 0x00, 0x00, 0x00, 0x00, 0x00, 0x00, 0x00, 0x00, 0x00, 0x00, 0x00,
    0xb8, 0xf4, 0x00, 0x00, 0x00, 0x00, 0x00, 0x00, 0x00, 0x00, 0x00, 0x00, 0x00, 0x00, 0x00, 0x00,
    0xb8, 0xf4, 0x00, 0x00, 0x00, 0x00, 0x00, 0x00, 0x00, 0x00, 0x00, 0x00, 0x00, 0x00, 0x00, 0x00,
    0xb8, 0xf2, 0x21, 0xb4, 0xf1, 0xf6, 0xbf, 0x31, 0x00, 0x00, 0x00, 0x00, 0x00, 0x00, 0x00, 0x00,
    0xb8, 0xf1, 0xd5, 0x86, 0x4d, 0x72, 0xf4, 0xee, 0x14, 0x00, 0x00, 0x00, 0x00, 0x00, 0x00, 0x00,
    0xb8, 0xff, 0x70, 0x00, 0x00, 0x00, 0x62, 0xff, 0x72, 0x00, 0x00, 0x00, 0x00, 0x00, 0x00, 0x00,
    0xb8, 0xff, 0x1a, 0x00, 0x00, 0x00, 0x1a, 0xff, 0xa8, 0x00, 0x00, 0x00, 0x00, 0x00, 0x00, 0x00,
    0xb8, 0xfa, 0x00, 0x00, 0x00, 0x00, 0x01, 0xff, 0xbd, 0x00, 0x00, 0x00, 0x00, 0x00, 0x00, 0x00,
    0xb8, 0xfb, 0x01, 0x00, 0x00, 0x00, 0x01, 0xff, 0xbc, 0x00, 0x00, 0x00, 0x00, 0x00, 0x00, 0x00,
    0xb8, 0xff, 0x18, 0x00, 0x00, 0x00, 0x19, 0xff, 0xa5, 0x00, 0x00, 0x00, 0x00, 0x00, 0x00, 0x00,
    0xb8, 0xff, 0x6c, 0x00, 0x00, 0x00, 0x5f, 0xff, 0x6b, 0x00, 0x00, 0x00, 0x00, 0x00, 0x00, 0x00,
    0xb8, 0xf2, 0xd3, 0x79, 0x44, 0x6b, 0xf2, 0xe7, 0x0f, 0x00, 0x00, 0x00, 0x00, 0x00, 0x00, 0x00,
    0xbf, 0xe1, 0x22, 0xb4, 0xf2, 0xf6, 0xbb, 0x2b, 0x00, 0x00, 0x00, 0x00, 0x00, 0x00, 0x00, 0x00,

    /* U+0063 "c" */
    0x00, 0x00, 0x3a, 0xbb, 0xf2, 0xf1, 0xc3, 0x48, 0x00, 0x00, 0x00, 0x00, 0x00, 0x00, 0x00, 0x00,
    0x00, 0x3c, 0xf9, 0xcc, 0x63, 0x57, 0xbf, 0xfd, 0x4e, 0x00, 0x00, 0x00, 0x00, 0x00, 0x00, 0x00,
    0x00, 0xc5, 0xea, 0x0b, 0x00, 0x00, 0x09, 0xe9, 0xb8, 0x00, 0x00, 0x00, 0x00, 0x00, 0x00, 0x00,
    0x0e, 0xfe, 0xa9, 0x00, 0x00, 0x00, 0x00, 0x00, 0x00, 0x00, 0x00, 0x00, 0x00, 0x00, 0x00, 0x00,
    0x29, 0xff, 0x90, 0x00, 0x00, 0x00, 0x00, 0x00, 0x00, 0x00, 0x00, 0x00, 0x00, 0x00, 0x00, 0x00,
    0x29, 0xff, 0x99, 0x00, 0x00, 0x00, 0x00, 0x00, 0x00, 0x00, 0x00, 0x00, 0x00, 0x00, 0x00, 0x00,
    0x0d, 0xfd, 0xb6, 0x00, 0x00, 0x00, 0x00, 0x16, 0x1f, 0x00, 0x00, 0x00, 0x00, 0x00, 0x00, 0x00,
    0x00, 0xc4, 0xf9, 0x19, 0x00, 0x00, 0x06, 0xe2, 0xcb, 0x00, 0x00, 0x00, 0x00, 0x00, 0x00, 0x00,
    0x00, 0x3c, 0xf9, 0xdb, 0x6a, 0x5b, 0xbe, 0xfd, 0x4d, 0x00, 0x00, 0x00, 0x00, 0x00, 0x00, 0x00,
    0x00, 0x00, 0x3b, 0xbb, 0xf3, 0xf1, 0xc4, 0x47, 0x00, 0x00, 0x00, 0x00, 0x00, 0x00, 0x00, 0x00,

    /* U+0064 "d" */
    0x00, 0x00, 0x00, 0x00, 0x00, 0x00, 0x00, 0x64, 0xff, 0x48, 0x00, 0x00, 0x00, 0x00, 0x00, 0x00,
    0x00, 0x00, 0x00, 0x00, 0x00, 0x00, 0x00, 0x64, 0xff, 0x48, 0x00, 0x00, 0x00, 0x00, 0x00, 0x00,
    0x00, 0x00, 0x00, 0x00, 0x00, 0x00, 0x00, 0x64, 0xff, 0x48, 0x00, 0x00, 0x00, 0x00, 0x00, 0x00,
    0x00, 0x00, 0x70, 0xdd, 0xf9, 0xdf, 0x7a, 0x66, 0xff, 0x48, 0x00, 0x00, 0x00, 0x00, 0x00, 0x00,
    0x00, 0x67, 0xff, 0xba, 0x4b, 0x4f, 0xb6, 0xd1, 0xff, 0x48, 0x00, 0x00, 0x00, 0x00, 0x00, 0x00,
    0x00, 0xdc, 0xe8, 0x07, 0x00, 0x00, 0x02, 0xd1, 0xff, 0x48, 0x00, 0x00, 0x00, 0x00, 0x00, 0x00,
    0x16, 0xff, 0xa8, 0x00, 0x00, 0x00, 0x00, 0x83, 0xff, 0x48, 0x00, 0x00, 0x00, 0x00, 0x00, 0x00,
    0x2e, 0xff, 0x90, 0x00, 0x00, 0x00, 0x00, 0x68, 0xff, 0x48, 0x00, 0x00, 0x00, 0x00, 0x00, 0x00,
    0x2e, 0xff, 0x90, 0x00, 0x00, 0x00, 0x00, 0x6c, 0xff, 0x48, 0x00, 0x00, 0x00, 0x00, 0x00, 0x00,
    0x19, 0xff, 0xa9, 0x00, 0x00, 0x00, 0x00, 0x8c, 0xff, 0x48, 0x00, 0x00, 0x00, 0x00, 0x00, 0x00,
    0x00, 0xe2, 0xe9, 0x08, 0x00, 0x00, 0x08, 0xdd, 0xff, 0x48, 0x00, 0x00, 0x00, 0x00, 0x00, 0x00,
    0x00, 0x73, 0xff, 0xc3, 0x59, 0x5f, 0xc7, 0xc4, 0xff, 0x48, 0x00, 0x00, 0x00, 0x00, 0x00, 0x00,
    0x00, 0x01, 0x79, 0xe0, 0xfa, 0xdf, 0x79, 0x4d, 0xff, 0x4f, 0x00, 0x00, 0x00, 0x00, 0x00, 0x00,

    /* U+0065 "e" */
    0x00, 0x00, 0x30, 0xb0, 0xed, 0xf9, 0xdc, 0x89, 0x0b, 0x00, 0x00, 0x00, 0x00, 0x00, 0x00, 0x00,
    0x00, 0x35, 0xf6, 0xd2, 0x57, 0x3f, 0x7a, 0xf5, 0xc1, 0x02, 0x00, 0x00, 0x00, 0x00, 0x00, 0x00,
    0x00, 0xc1, 0xee, 0x14, 0x00, 0x00, 0x00, 0x6d, 0xff, 0x4e, 0x00, 0x00, 0x00, 0x00, 0x00, 0x00,
    0x0d, 0xfd, 0xae, 0x08, 0x08, 0x08, 0x08, 0x22, 0xff, 0x93, 0x00, 0x00, 0x00, 0x00, 0x00, 0x00,
    0x29, 0xff, 0xff, 0xff, 0xff, 0xff, 0xff, 0xff, 0xff, 0xaf, 0x00, 0x00, 0x00, 0x00, 0x00, 0x00,
    0x28, 0xff, 0xb1, 0x38, 0x38, 0x38, 0x38, 0x38, 0x38, 0x28, 0x00, 0x00, 0x00, 0x00, 0x00, 0x00,
    0x0b, 0xfc, 0xb9, 0x00, 0x00, 0x00, 0x00, 0x00, 0x00, 0x00, 0x00, 0x00, 0x00, 0x00, 0x00, 0x00,
    0x00, 0xbf, 0xfb, 0x21, 0x00, 0x00, 0x00, 0x2d, 0x9b, 0x26, 0x00, 0x00, 0x00, 0x00, 0x00, 0x00,
    0x00, 0x34, 0xf6, 0xe3, 0x67, 0x44, 0x6c, 0xe6, 0xe0, 0x0e, 0x00, 0x00, 0x00, 0x00, 0x00, 0x00,
    0x00, 0x00, 0x30, 0xaf, 0xed, 0xf9, 0xe1, 0x98, 0x18, 0x00, 0x00, 0x00, 0x00, 0x00, 0x00, 0x00,

    /* U+0066 "f" */
    0x00, 0x01, 0x95, 0xed, 0xf6, 0x48, 0x00, 0x00, 0x00, 0x00, 0x00, 0x00, 0x00, 0x00, 0x00, 0x00,
    0x00, 0x3b, 0xff, 0xb7, 0x4e, 0x19, 0x00, 0x00, 0x00, 0x00, 0x00, 0x00, 0x00, 0x00, 0x00, 0x00,
    0x00, 0x53, 0xff, 0x5a, 0x00, 0x00, 0x00, 0x00, 0x00, 0x00, 0x00, 0x00, 0x00, 0x00, 0x00, 0x00,
    0xbc, 0xff, 0xff, 0xff, 0xff, 0x50, 0x00, 0x00, 0x00, 0x00, 0x00, 0x00, 0x00, 0x00, 0x00, 0x00,
    0x23, 0x74, 0xff, 0x77, 0x30, 0x0f, 0x00, 0x00, 0x00, 0x00, 0x00, 0x00, 0x00, 0x00, 0x00, 0x00,
    0x00, 0x54, 0xff, 0x58, 0x00, 0x00, 0x00, 0x00, 0x00, 0x00, 0x00, 0x00, 0x00, 0x00, 0x00, 0x00,
    0x00, 0x54, 0xff, 0x58, 0x00, 0x00, 0x00, 0x00, 0x00, 0x00, 0x00, 0x00, 0x00, 0x00, 0x00, 0x00,
    0x00, 0x54, 0xff, 0x58, 0x00, 0x00, 0x00, 0x00, 0x00, 0x00, 0x00, 0x00, 0x00, 0x00, 0x00, 0x00,
    0x00, 0x54, 0xff, 0x58, 0x00, 0x00, 0x00, 0x00, 0x00, 0x00, 0x00, 0x00, 0x00, 0x00, 0x00, 0x00,
    0x00, 0x54, 0xff, 0x58, 0x00, 0x00, 0x00, 0x00, 0x00, 0x00, 0x00, 0x00, 0x00, 0x00, 0x00, 0x00,
    0x00, 0x54, 0xff, 0x58, 0x00, 0x00, 0x00, 0x00, 0x00, 0x00, 0x00, 0x00, 0x00, 0x00, 0x00, 0x00,
    0x00, 0x54, 0xff, 0x58, 0x00, 0x00, 0x00, 0x00, 0x00, 0x00, 0x00, 0x00, 0x00, 0x00, 0x00, 0x00,
    0x00, 0x54, 0xff, 0x58, 0x00, 0x00, 0x00, 0x00, 0x00, 0x00, 0x00, 0x00, 0x00, 0x00, 0x00, 0x00,

    /* U+0067 "g" */
    0x00, 0x00, 0x70, 0xdb, 0xf9, 0xdb, 0x6b, 0x4e, 0xff, 0x4f, 0x00, 0x00, 0x00, 0x00, 0x00, 0x00,
    0x00, 0x6c, 0xff, 0xc0, 0x50, 0x52, 0xd0, 0xc1, 0xff, 0x48, 0x00, 0x00, 0x00, 0x00, 0x00, 0x00,
    0x00, 0xde, 0xe9, 0x08, 0x00, 0x00, 0x12, 0xec, 0xff, 0x48, 0x00, 0x00, 0x00, 0x00, 0x00, 0x00,
    0x16, 0xff, 0xa7, 0x00, 0x00, 0x00, 0x00, 0x95, 0xff, 0x48, 0x00, 0x00, 0x00, 0x00, 0x00, 0x00,
    0x2e, 0xff, 0x8d, 0x00, 0x00, 0x00, 0x00, 0x6b, 0xff, 0x48, 0x00, 0x00, 0x00, 0x00, 0x00, 0x00,
    0x2f, 0xff, 0x8b, 0x00, 0x00, 0x00, 0x00, 0x69, 0xff, 0x48, 0x00, 0x00, 0x00, 0x00, 0x00, 0x00,
    0x1c, 0xff, 0xa2, 0x00, 0x00, 0x00, 0x00, 0x91, 0xff, 0x48, 0x00, 0x00, 0x00, 0x00, 0x00, 0x00,
    0x00, 0xe9, 0xe1, 0x04, 0x00, 0x00, 0x0f, 0xe9, 0xff, 0x48, 0x00, 0x00, 0x00, 0x00, 0x00, 0x00,
    0x00, 0x82, 0xff, 0xb5, 0x4d, 0x52, 0xcd, 0xb5, 0xff, 0x48, 0x00, 0x00, 0x00, 0x00, 0x00, 0x00,
    0x00, 0x03, 0x87, 0xe5, 0xf8, 0xd3, 0x5b, 0x61, 0xff, 0x47, 0x00, 0x00, 0x00, 0x00, 0x00, 0x00,
    0x00, 0x00, 0x00, 0x00, 0x00, 0x00, 0x00, 0x77, 0xff, 0x39, 0x00, 0x00, 0x00, 0x00, 0x00, 0x00,
    0x00, 0x66, 0xb4, 0x0f, 0x00, 0x00, 0x00, 0xc0, 0xf9, 0x0d, 0x00, 0x00, 0x00, 0x00, 0x00, 0x00,
    0x00, 0x4b, 0xfd, 0xc5, 0x55, 0x50, 0xa6, 0xff, 0x8c, 0x00, 0x00, 0x00, 0x00, 0x00, 0x00, 0x00,
    0x00, 0x00, 0x4d, 0xc4, 0xf0, 0xf9, 0xd5, 0x72, 0x02, 0x00, 0x00, 0x00, 0x00, 0x00, 0x00, 0x00,

    /* U+0068 "h" */
    0xb0, 0xfc, 0x00, 0x00, 0x00, 0x00, 0x00, 0x00, 0x00, 0x00, 0x00, 0x00, 0x00, 0x00, 0x00, 0x00,
    0xb0, 0xfc, 0x00, 0x00, 0x00, 0x00, 0x00, 0x00, 0x00, 0x00, 0x00, 0x00, 0x00, 0x00, 0x00, 0x00,
    0xb0, 0xfc, 0x00, 0x00, 0x00, 0x00, 0x00, 0x00, 0x00, 0x00, 0x00, 0x00, 0x00, 0x00, 0x00, 0x00,
    0xb0, 0xf8, 0x13, 0xa3, 0xed, 0xf2, 0xc3, 0x37, 0x00, 0x00, 0x00, 0x00, 0x00, 0x00, 0x00, 0x00,
    0xb0, 0xf2, 0xc4, 0x87, 0x4a, 0x68, 0xef, 0xee, 0x0b, 0x00, 0x00, 0x00, 0x00, 0x00, 0x00, 0x00,
    0xb0, 0xff, 0x71, 0x00, 0x00, 0x00, 0x7e, 0xff, 0x3f, 0x00, 0x00, 0x00, 0x00, 0x00, 0x00, 0x00,
    0xb0, 0xff, 0x15, 0x00, 0x00, 0x00, 0x5c, 0xff, 0x52, 0x00, 0x00, 0x00, 0x00, 0x00, 0x00, 0x00,
    0xb0, 0xfc, 0x00, 0x00, 0x00, 0x00, 0x58, 0xff, 0x54, 0x00, 0x00, 0x00, 0x00, 0x00, 0x00, 0x00,
    0xb0, 0xfc, 0x00, 0x00, 0x00, 0x00, 0x58, 0xff, 0x54, 0x00, 0x00, 0x00, 0x00, 0x00, 0x00, 0x00,
    0xb0, 0xfc, 0x00, 0x00, 0x00, 0x00, 0x58, 0xff, 0x54, 0x00, 0x00, 0x00, 0x00, 0x00, 0x00, 0x00,
    0xb0, 0xfc, 0x00, 0x00, 0x00, 0x00, 0x58, 0xff, 0x54, 0x00, 0x00, 0x00, 0x00, 0x00, 0x00, 0x00,
    0xb0, 0xfc, 0x00, 0x00, 0x00, 0x00, 0x58, 0xff, 0x54, 0x00, 0x00, 0x00, 0x00, 0x00, 0x00, 0x00,
    0xb0, 0xfc, 0x00, 0x00, 0x00, 0x00, 0x58, 0xff, 0x54, 0x00, 0x00, 0x00, 0x00, 0x00, 0x00, 0x00,

    /* U+0069 "i" */
    0xbc, 0xf0, 0x00, 0x00, 0x00, 0x00, 0x00, 0x00, 0x00, 0x00, 0x00, 0x00, 0x00, 0x00, 0x00, 0x00,
    0x69, 0x87, 0x00, 0x00, 0x00, 0x00, 0x00, 0x00, 0x00, 0x00, 0x00, 0x00, 0x00, 0x00, 0x00, 0x00,
    0x00, 0x00, 0x00, 0x00, 0x00, 0x00, 0x00, 0x00, 0x00, 0x00, 0x00, 0x00, 0x00, 0x00, 0x00, 0x00,
    0xbc, 0xf0, 0x00, 0x00, 0x00, 0x00, 0x00, 0x00, 0x00, 0x00, 0x00, 0x00, 0x00, 0x00, 0x00, 0x00,
    0xbc, 0xf0, 0x00, 0x00, 0x00, 0x00, 0x00, 0x00, 0x00, 0x00, 0x00, 0x00, 0x00, 0x00, 0x00, 0x00,
    0xbc, 0xf0, 0x00, 0x00, 0x00, 0x00, 0x00, 0x00, 0x00, 0x00, 0x00, 0x00, 0x00, 0x00, 0x00, 0x00,
    0xbc, 0xf0, 0x00, 0x00, 0x00, 0x00, 0x00, 0x00, 0x00, 0x00, 0x00, 0x00, 0x00, 0x00, 0x00, 0x00,
    0xbc, 0xf0, 0x00, 0x00, 0x00, 0x00, 0x00, 0x00, 0x00, 0x00, 0x00, 0x00, 0x00, 0x00, 0x00, 0x00,
    0xbc, 0xf0, 0x00, 0x00, 0x00, 0x00, 0x00, 0x00, 0x00, 0x00, 0x00, 0x00, 0x00, 0x00, 0x00, 0x00,
    0xbc, 0xf0, 0x00, 0x00, 0x00, 0x00, 0x00, 0x00, 0x00, 0x00, 0x00, 0x00, 0x00, 0x00, 0x00, 0x00,
    0xbc, 0xf0, 0x00, 0x00, 0x00, 0x00, 0x00, 0x00, 0x00, 0x00, 0x00, 0x00, 0x00, 0x00, 0x00, 0x00,
    0xbc, 0xf0, 0x00, 0x00, 0x00, 0x00, 0x00, 0x00, 0x00, 0x00, 0x00, 0x00, 0x00, 0x00, 0x00, 0x00,
    0xbc, 0xf0, 0x00, 0x00, 0x00, 0x00, 0x00, 0x00, 0x00, 0x00, 0x00, 0x00, 0x00, 0x00, 0x00, 0x00,

    /* U+006A "j" */
    0x00, 0x00, 0xbc, 0xf0, 0x00, 0x00, 0x00, 0x00, 0x00, 0x00, 0x00, 0x00, 0x00, 0x00, 0x00, 0x00,
    0x00, 0x00, 0x69, 0x87, 0x00, 0x00, 0x00, 0x00, 0x00, 0x00, 0x00, 0x00, 0x00, 0x00, 0x00, 0x00,
    0x00, 0x00, 0x00, 0x00, 0x00, 0x00, 0x00, 0x00, 0x00, 0x00, 0x00, 0x00, 0x00, 0x00, 0x00, 0x00,
    0x00, 0x00, 0xbc, 0xf0, 0x00, 0x00, 0x00, 0x00, 0x00, 0x00, 0x00, 0x00, 0x00, 0x00, 0x00, 0x00,
    0x00, 0x00, 0xbc, 0xf0, 0x00, 0x00, 0x00, 0x00, 0x00, 0x00, 0x00, 0x00, 0x00, 0x00, 0x00, 0x00,
    0x00, 0x00, 0xbc, 0xf0, 0x00, 0x00, 0x00, 0x00, 0x00, 0x00, 0x00, 0x00, 0x00, 0x00, 0x00, 0x00,
    0x00, 0x00, 0xbc, 0xf0, 0x00, 0x00, 0x00, 0x00, 0x00, 0x00, 0x00, 0x00, 0x00, 0x00, 0x00, 0x00,
    0x00, 0x00, 0xbc, 0xf0, 0x00, 0x00, 0x00, 0x00, 0x00, 0x00, 0x00, 0x00, 0x00, 0x00, 0x00, 0x00,
    0x00, 0x00, 0xbc, 0xf0, 0x00, 0x00, 0x00, 0x00, 0x00, 0x00, 0x00, 0x00, 0x00, 0x00, 0x00, 0x00,
    0x00, 0x00, 0xbc, 0xf0, 0x00, 0x00, 0x00, 0x00, 0x00, 0x00, 0x00, 0x00, 0x00, 0x00, 0x00, 0x00,
    0x00, 0x00, 0xbc, 0xf0, 0x00, 0x00, 0x00, 0x00, 0x00, 0x00, 0x00, 0x00, 0x00, 0x00, 0x00, 0x00,
    0x00, 0x00, 0xbc, 0xf0, 0x00, 0x00, 0x00, 0x00, 0x00, 0x00, 0x00, 0x00, 0x00, 0x00, 0x00, 0x00,
    0x00, 0x00, 0xbc, 0xf0, 0x00, 0x00, 0x00, 0x00, 0x00, 0x00, 0x00, 0x00, 0x00, 0x00, 0x00, 0x00,
    0x00, 0x00, 0xbc, 0xf0, 0x00, 0x00, 0x00, 0x00, 0x00, 0x00, 0x00, 0x00, 0x00, 0x00, 0x00, 0x00,
    0x00, 0x00, 0xc5, 0xe8, 0x00, 0x00, 0x00, 0x00, 0x00, 0x00, 0x00, 0x00, 0x00, 0x00, 0x00, 0x00,
    0x28, 0x63, 0xf8, 0xc1, 0x00, 0x00, 0x00, 0x00, 0x00, 0x00, 0x00, 0x00, 0x00, 0x00, 0x00, 0x00,
    0x70, 0xfa, 0xd8, 0x37, 0x00, 0x00, 0x00, 0x00, 0x00, 0x00, 0x00, 0x00, 0x00, 0x00, 0x00, 0x00,

    /* U+006B "k" */
    0xb8, 0xf4, 0x00, 0x00, 0x00, 0x00, 0x00, 0x00, 0x00, 0x00, 0x00, 0x00, 0x00, 0x00, 0x00, 0x00,
    0xb8, 0xf4, 0x00, 0x00, 0x00, 0x00, 0x00, 0x00, 0x00, 0x00, 0x00, 0x00, 0x00, 0x00, 0x00, 0x00,
    0xb8, 0xf4, 0x00, 0x00, 0x00, 0x00, 0x00, 0x00, 0x00, 0x00, 0x00, 0x00, 0x00, 0x00, 0x00, 0x00,
    0xb8, 0xf4, 0x00, 0x00, 0x00, 0x2a, 0xed, 0xc9, 0x0d, 0x00, 0x00, 0x00, 0x00, 0x00, 0x00, 0x00,
    0xb8, 0xf4, 0x00, 0x00, 0x1d, 0xe3, 0xd2, 0x11, 0x00, 0x00, 0x00, 0x00, 0x00, 0x00, 0x00, 0x00,
    0xb8, 0xf4, 0x00, 0x12, 0xd5, 0xd9, 0x17, 0x00, 0x00, 0x00, 0x00, 0x00, 0x00, 0x00, 0x00, 0x00,
    0xb8, 0xf4, 0x0a, 0xc6, 0xe0, 0x1d, 0x00, 0x00, 0x00, 0x00, 0x00, 0x00, 0x00, 0x00, 0x00, 0x00,
    0xb8, 0xf5, 0xb4, 0xff, 0x76, 0x00, 0x00, 0x00, 0x00, 0x00, 0x00, 0x00, 0x00, 0x00, 0x00, 0x00,
    0xb8, 0xff, 0xe4, 0xcc, 0xf6, 0x2d, 0x00, 0x00, 0x00, 0x00, 0x00, 0x00, 0x00, 0x00, 0x00, 0x00,
    0xb8, 0xf9, 0x18, 0x1c, 0xec, 0xd8, 0x0c, 0x00, 0x00, 0x00, 0x00, 0x00, 0x00, 0x00, 0x00, 0x00,
    0xb8, 0xf4, 0x00, 0x00, 0x4b, 0xfe, 0xa5, 0x00, 0x00, 0x00, 0x00, 0x00, 0x00, 0x00, 0x00, 0x00,
    0xb8, 0xf4, 0x00, 0x00, 0x00, 0x8b, 0xff, 0x66, 0x00, 0x00, 0x00, 0x00, 0x00, 0x00, 0x00, 0x00,
    0xb8, 0xf4, 0x00, 0x00, 0x00, 0x04, 0xc6, 0xf7, 0x2f, 0x00, 0x00, 0x00, 0x00, 0x00, 0x00, 0x00,

    /* U+006C "l" */
    0xb8, 0xf4, 0x00, 0x00, 0x00, 0x00, 0x00, 0x00, 0x00, 0x00, 0x00, 0x00, 0x00, 0x00, 0x00, 0x00,
    0xb8, 0xf4, 0x00, 0x00, 0x00, 0x00, 0x00, 0x00, 0x00, 0x00, 0x00, 0x00, 0x00, 0x00, 0x00, 0x00,
    0xb8, 0xf4, 0x00, 0x00, 0x00, 0x00, 0x00, 0x00, 0x00, 0x00, 0x00, 0x00, 0x00, 0x00, 0x00, 0x00,
    0xb8, 0xf4, 0x00, 0x00, 0x00, 0x00, 0x00, 0x00, 0x00, 0x00, 0x00, 0x00, 0x00, 0x00, 0x00, 0x00,
    0xb8, 0xf4, 0x00, 0x00, 0x00, 0x00, 0x00, 0x00, 0x00, 0x00, 0x00, 0x00, 0x00, 0x00, 0x00, 0x00,
    0xb8, 0xf4, 0x00, 0x00, 0x00, 0x00, 0x00, 0x00, 0x00, 0x00, 0x00, 0x00, 0x00, 0x00, 0x00, 0x00,
    0xb8, 0xf4, 0x00, 0x00, 0x00, 0x00, 0x00, 0x00, 0x00, 0x00, 0x00, 0x00, 0x00, 0x00, 0x00, 0x00,
    0xb8, 0xf4, 0x00, 0x00, 0x00, 0x00, 0x00, 0x00, 0x00, 0x00, 0x00, 0x00, 0x00, 0x00, 0x00, 0x00,
    0xb8, 0xf4, 0x00, 0x00, 0x00, 0x00, 0x00, 0x00, 0x00, 0x00, 0x00, 0x00, 0x00, 0x00, 0x00, 0x00,
    0xb8, 0xf4, 0x00, 0x00, 0x00, 0x00, 0x00, 0x00, 0x00, 0x00, 0x00, 0x00, 0x00, 0x00, 0x00, 0x00,
    0xb8, 0xf4, 0x00, 0x00, 0x00, 0x00, 0x00, 0x00, 0x00, 0x00, 0x00, 0x00, 0x00, 0x00, 0x00, 0x00,
    0xb8, 0xf4, 0x00, 0x00, 0x00, 0x00, 0x00, 0x00, 0x00, 0x00, 0x00, 0x00, 0x00, 0x00, 0x00, 0x00,
    0xb8, 0xf4, 0x00, 0x00, 0x00, 0x00, 0x00, 0x00, 0x00, 0x00, 0x00, 0x00, 0x00, 0x00, 0x00, 0x00,

    /* U+006D "m" */
    0xb5, 0xdc, 0x26, 0xbc, 0xf5, 0xef, 0xa1, 0x0b, 0x51, 0xd1, 0xf7, 0xde, 0x6f, 0x00, 0x00, 0x00,
    0xb1, 0xee, 0xc2, 0x48, 0x21, 0x87, 0xff, 0xb4, 0xc1, 0x34, 0x25, 0xb0, 0xff, 0x40, 0x00, 0x00,
    0xb0, 0xff, 0x51, 0x00, 0x00, 0x06, 0xf8, 0xfc, 0x1d, 0x00, 0x00, 0x33, 0xff, 0x80, 0x00, 0x00,
    0xb0, 0xff, 0x10, 0x00, 0x00, 0x00, 0xe4, 0xdb, 0x00, 0x00, 0x00, 0x18, 0xff, 0x92, 0x00, 0x00,
    0xb0, 0xfc, 0x00, 0x00, 0x00, 0x00, 0xe0, 0xc8, 0x00, 0x00, 0x00, 0x14, 0xff, 0x94, 0x00, 0x00,
    0xb0, 0xfc, 0x00, 0x00, 0x00, 0x00, 0xe0, 0xc8, 0x00, 0x00, 0x00, 0x14, 0xff, 0x94, 0x00, 0x00,
    0xb0, 0xfc, 0x00, 0x00, 0x00, 0x00, 0xe0, 0xc8, 0x00, 0x00, 0x00, 0x14, 0xff, 0x94, 0x00, 0x00,
    0xb0, 0xfc, 0x00, 0x00, 0x00, 0x00, 0xe0, 0xc8, 0x00, 0x00, 0x00, 0x14, 0xff, 0x94, 0x00, 0x00,
    0xb0, 0xfc, 0x00, 0x00, 0x00, 0x00, 0xe0, 0xc8, 0x00, 0x00, 0x00, 0x14, 0xff, 0x94, 0x00, 0x00,
    0xb0, 0xfc, 0x00, 0x00, 0x00, 0x00, 0xe0, 0xc8, 0x00, 0x00, 0x00, 0x14, 0xff, 0x94, 0x00, 0x00,

    /* U+006E "n" */
    0xb5, 0xdc, 0x1d, 0xac, 0xef, 0xf2, 0xc3, 0x37, 0x00, 0x00, 0x00, 0x00, 0x00, 0x00, 0x00, 0x00,
    0xb1, 0xee, 0xc7, 0x5b, 0x1e, 0x3b, 0xe1, 0xed, 0x0a, 0x00, 0x00, 0x00, 0x00, 0x00, 0x00, 0x00,
    0xb0, 0xff, 0x5d, 0x00, 0x00, 0x00, 0x77, 0xff, 0x3f, 0x00, 0x00, 0x00, 0x00, 0x00, 0x00, 0x00,
    0xb0, 0xff, 0x13, 0x00, 0x00, 0x00, 0x5b, 0xff, 0x52, 0x00, 0x00, 0x00, 0x00, 0x00, 0x00, 0x00,
    0xb0, 0xfc, 0x00, 0x00, 0x00, 0x00, 0x58, 0xff, 0x54, 0x00, 0x00, 0x00, 0x00, 0x00, 0x00, 0x00,
    0xb0, 0xfc, 0x00, 0x00, 0x00, 0x00, 0x58, 0xff, 0x54, 0x00, 0x00, 0x00, 0x00, 0x00, 0x00, 0x00,
    0xb0, 0xfc, 0x00, 0x00, 0x00, 0x00, 0x58, 0xff, 0x54, 0x00, 0x00, 0x00, 0x00, 0x00, 0x00, 0x00,
    0xb0, 0xfc, 0x00, 0x00, 0x00, 0x00, 0x58, 0xff, 0x54, 0x00, 0x00, 0x00, 0x00, 0x00, 0x00, 0x00,
    0xb0, 0xfc, 0x00, 0x00, 0x00, 0x00, 0x58, 0xff, 0x54, 0x00, 0x00, 0x00, 0x00, 0x00, 0x00, 0x00,
    0xb0, 0xfc, 0x00, 0x00, 0x00, 0x00, 0x58, 0xff, 0x54, 0x00, 0x00, 0x00, 0x00, 0x00, 0x00, 0x00,

    /* U+006F "o" */
    0x00, 0x00, 0x3b, 0xb7, 0xef, 0xfa, 0xe0, 0x93, 0x12, 0x00, 0x00, 0x00, 0x00, 0x00, 0x00, 0x00,
    0x00, 0x42, 0xfb, 0xd5, 0x5b, 0x41, 0x7a, 0xf9, 0xd2, 0x07, 0x00, 0x00, 0x00, 0x00, 0x00, 0x00,
    0x00, 0xcb, 0xf1, 0x12, 0x00, 0x00, 0x00, 0x6c, 0xff, 0x61, 0x00, 0x00, 0x00, 0x00, 0x00, 0x00,
    0x11, 0xff, 0xaf, 0x00, 0x00, 0x00, 0x00, 0x1d, 0xff, 0xa2, 0x00, 0x00, 0x00, 0x00, 0x00, 0x00,
    0x2c, 0xff, 0x91, 0x00, 0x00, 0x00, 0x00, 0x02, 0xff, 0xbc, 0x00, 0x00, 0x00, 0x00, 0x00, 0x00,
    0x2c, 0xff, 0x98, 0x00, 0x00, 0x00, 0x00, 0x02, 0xff, 0xbb, 0x00, 0x00, 0x00, 0x00, 0x00, 0x00,
    0x0f, 0xfe, 0xb6, 0x00, 0x00, 0x00, 0x00, 0x21, 0xff, 0x9e, 0x00, 0x00, 0x00, 0x00, 0x00, 0x00,
    0x00, 0xc5, 0xf9, 0x17, 0x00, 0x00, 0x00, 0x77, 0xff, 0x57, 0x00, 0x00, 0x00, 0x00, 0x00, 0x00,
    0x00, 0x3c, 0xf9, 0xd6, 0x5c, 0x46, 0x86, 0xfc, 0xc4, 0x04, 0x00, 0x00, 0x00, 0x00, 0x00, 0x00,
    0x00, 0x00, 0x39, 0xb8, 0xf0, 0xfa, 0xdc, 0x88, 0x0b, 0x00, 0x00, 0x00, 0x00, 0x00, 0x00, 0x00,

    /* U+0070 "p" */
    0xbf, 0xe0, 0x2a, 0xba, 0xf2, 0xf5, 0xbe, 0x2f, 0x00, 0x00, 0x00, 0x00, 0x00, 0x00, 0x00, 0x00,
    0xb9, 0xf4, 0xd1, 0x54, 0x21, 0x4c, 0xe6, 0xed, 0x15, 0x00, 0x00, 0x00, 0x00, 0x00, 0x00, 0x00,
    0xb8, 0xff, 0x60, 0x00, 0x00, 0x00, 0x53, 0xff, 0x72, 0x00, 0x00, 0x00, 0x00, 0x00, 0x00, 0x00,
    0xb8, 0xff, 0x15, 0x00, 0x00, 0x00, 0x14, 0xff, 0xa8, 0x00, 0x00, 0x00, 0x00, 0x00, 0x00, 0x00,
    0xb8, 0xfb, 0x00, 0x00, 0x00, 0x00, 0x01, 0xfe, 0xbe, 0x00, 0x00, 0x00, 0x00, 0x00, 0x00, 0x00,
    0xb8, 0xf9, 0x00, 0x00, 0x00, 0x00, 0x02, 0xff, 0xbc, 0x00, 0x00, 0x00, 0x00, 0x00, 0x00, 0x00,
    0xb8, 0xff, 0x16, 0x00, 0x00, 0x00, 0x1c, 0xff, 0xa5, 0x00, 0x00, 0x00, 0x00, 0x00, 0x00, 0x00,
    0xb8, 0xff, 0x66, 0x00, 0x00, 0x00, 0x64, 0xff, 0x6b, 0x00, 0x00, 0x00, 0x00, 0x00, 0x00, 0x00,
    0xb8, 0xf4, 0xd5, 0x7a, 0x44, 0x6d, 0xf4, 0xe7, 0x0f, 0x00, 0x00, 0x00, 0x00, 0x00, 0x00, 0x00,
    0xb8, 0xf3, 0x23, 0xb4, 0xf1, 0xf6, 0xbb, 0x2b, 0x00, 0x00, 0x00, 0x00, 0x00, 0x00, 0x00, 0x00,
    0xb8, 0xf4, 0x00, 0x00, 0x00, 0x00, 0x00, 0x00, 0x00, 0x00, 0x00, 0x00, 0x00, 0x00, 0x00, 0x00,
    0xb8, 0xf4, 0x00, 0x00, 0x00, 0x00, 0x00, 0x00, 0x00, 0x00, 0x00, 0x00, 0x00, 0x00, 0x00, 0x00,
    0xb8, 0xf4, 0x00, 0x00, 0x00, 0x00, 0x00, 0x00, 0x00, 0x00, 0x00, 0x00, 0x00, 0x00, 0x00, 0x00,
    0xb8, 0xf4, 0x00, 0x00, 0x00, 0x00, 0x00, 0x00, 0x00, 0x00, 0x00, 0x00, 0x00, 0x00, 0x00, 0x00,

    /* U+0071 "q" */
    0x00, 0x00, 0x70, 0xdd, 0xf9, 0xdf, 0x7a, 0x51, 0xff, 0x52, 0x00, 0x00, 0x00, 0x00, 0x00, 0x00,
    0x00, 0x67, 0xff, 0xbb, 0x4b, 0x4f, 0xb7, 0xcd, 0xff, 0x49, 0x00, 0x00, 0x00, 0x00, 0x00, 0x00,
    0x00, 0xdc, 0xe9, 0x07, 0x00, 0x00, 0x03, 0xdc, 0xff, 0x48, 0x00, 0x00, 0x00, 0x00, 0x00, 0x00,
    0x16, 0xff, 0xa9, 0x00, 0x00, 0x00, 0x00, 0x89, 0xff, 0x48, 0x00, 0x00, 0x00, 0x00, 0x00, 0x00,
    0x2e, 0xff, 0x90, 0x00, 0x00, 0x00, 0x00, 0x6e, 0xff, 0x48, 0x00, 0x00, 0x00, 0x00, 0x00, 0x00,
    0x2e, 0xff, 0x90, 0x00, 0x00, 0x00, 0x00, 0x74, 0xff, 0x48, 0x00, 0x00, 0x00, 0x00, 0x00, 0x00,
    0x19, 0xff, 0xa9, 0x00, 0x00, 0x00, 0x00, 0x93, 0xff, 0x48, 0x00, 0x00, 0x00, 0x00, 0x00, 0x00,
    0x00, 0xe2, 0xe9, 0x08, 0x00, 0x00, 0x0a, 0xe7, 0xff, 0x48, 0x00, 0x00, 0x00, 0x00, 0x00, 0x00,
    0x00, 0x73, 0xff, 0xc3, 0x59, 0x60, 0xca, 0xca, 0xff, 0x48, 0x00, 0x00, 0x00, 0x00, 0x00, 0x00,
    0x00, 0x01, 0x7a, 0xe1, 0xfa, 0xe1, 0x7a, 0x63, 0xff, 0x48, 0x00, 0x00, 0x00, 0x00, 0x00, 0x00,
    0x00, 0x00, 0x00, 0x00, 0x00, 0x00, 0x00, 0x64, 0xff, 0x48, 0x00, 0x00, 0x00, 0x00, 0x00, 0x00,
    0x00, 0x00, 0x00, 0x00, 0x00, 0x00, 0x00, 0x64, 0xff, 0x48, 0x00, 0x00, 0x00, 0x00, 0x00, 0x00,
    0x00, 0x00, 0x00, 0x00, 0x00, 0x00, 0x00, 0x64, 0xff, 0x48, 0x00, 0x00, 0x00, 0x00, 0x00, 0x00,
    0x00, 0x00, 0x00, 0x00, 0x00, 0x00, 0x00, 0x64, 0xff, 0x48, 0x00, 0x00, 0x00, 0x00, 0x00, 0x00,

    /* U+0072 "r" */
    0x00, 0x00, 0x00, 0x00, 0x06, 0x00, 0x00, 0x00, 0x00, 0x00, 0x00, 0x00, 0x00, 0x00, 0x00, 0x00,
    0xba, 0xdc, 0x35, 0xd8, 0xfe, 0x04, 0x00, 0x00, 0x00, 0x00, 0x00, 0x00, 0x00, 0x00, 0x00, 0x00,
    0xb4, 0xe5, 0xc9, 0x7e, 0x5f, 0x01, 0x00, 0x00, 0x00, 0x00, 0x00, 0x00, 0x00, 0x00, 0x00, 0x00,
    0xb0, 0xff, 0x70, 0x00, 0x00, 0x00, 0x00, 0x00, 0x00, 0x00, 0x00, 0x00, 0x00, 0x00, 0x00, 0x00,
    0xb0, 0xff, 0x1d, 0x00, 0x00, 0x00, 0x00, 0x00, 0x00, 0x00, 0x00, 0x00, 0x00, 0x00, 0x00, 0x00,
    0xb0, 0xfe, 0x04, 0x00, 0x00, 0x00, 0x00, 0x00, 0x00, 0x00, 0x00, 0x00, 0x00, 0x00, 0x00, 0x00,
    0xb0, 0xfc, 0x00, 0x00, 0x00, 0x00, 0x00, 0x00, 0x00, 0x00, 0x00, 0x00, 0x00, 0x00, 0x00, 0x00,
    0xb0, 0xfc, 0x00, 0x00, 0x00, 0x00, 0x00, 0x00, 0x00, 0x00, 0x00, 0x00, 0x00, 0x00, 0x00, 0x00,
    0xb0, 0xfc, 0x00, 0x00, 0x00, 0x00, 0x00, 0x00, 0x00, 0x00, 0x00, 0x00, 0x00, 0x00, 0x00, 0x00,
    0xb0, 0xfc, 0x00, 0x00, 0x00, 0x00, 0x00, 0x00, 0x00, 0x00, 0x00, 0x00, 0x00, 0x00, 0x00, 0x00,
    0xb0, 0xfc, 0x00, 0x00, 0x00, 0x00, 0x00, 0x00, 0x00, 0x00, 0x00, 0x00, 0x00, 0x00, 0x00, 0x00,

    /* U+0073 "s" */
    0x00, 0x12, 0x90, 0xdd, 0xf7, 0xed, 0xc0, 0x4a, 0x00, 0x00, 0x00, 0x00, 0x00, 0x00, 0x00, 0x00,
    0x00, 0xbb, 0xf0, 0x6c, 0x43, 0x51, 0xb3, 0xfd, 0x40, 0x00, 0x00, 0x00, 0x00, 0x00, 0x00, 0x00,
    0x08, 0xfd, 0x9c, 0x00, 0x00, 0x00, 0x03, 0x7e, 0x3c, 0x00, 0x00, 0x00, 0x00, 0x00, 0x00, 0x00,
    0x01, 0xe5, 0xe9, 0x4e, 0x05, 0x00, 0x00, 0x00, 0x00, 0x00, 0x00, 0x00, 0x00, 0x00, 0x00, 0x00,
    0x00, 0x36, 0xda, 0xff, 0xf4, 0xb7, 0x6e, 0x11, 0x00, 0x00, 0x00, 0x00, 0x00, 0x00, 0x00, 0x00,
    0x00, 0x00, 0x02, 0x39, 0x7f, 0xc4, 0xfd, 0xed, 0x2e, 0x00, 0x00, 0x00, 0x00, 0x00, 0x00, 0x00,
    0x00, 0x00, 0x00, 0x00, 0x00, 0x00, 0x31, 0xf7, 0xad, 0x00, 0x00, 0x00, 0x00, 0x00, 0x00, 0x00,
    0x31, 0xa6, 0x23, 0x00, 0x00, 0x00, 0x00, 0xe2, 0xc4, 0x00, 0x00, 0x00, 0x00, 0x00, 0x00, 0x00,
    0x15, 0xec, 0xdb, 0x69, 0x46, 0x51, 0xa5, 0xff, 0x6b, 0x00, 0x00, 0x00, 0x00, 0x00, 0x00, 0x00,
    0x00, 0x28, 0xa5, 0xe3, 0xf9, 0xeb, 0xc3, 0x59, 0x00, 0x00, 0x00, 0x00, 0x00, 0x00, 0x00, 0x00,

    /* U+0074 "t" */
    0x00, 0x1f, 0xff, 0x20, 0x00, 0x00, 0x00, 0x00, 0x00, 0x00, 0x00, 0x00, 0x00, 0x00, 0x00, 0x00,
    0x00, 0x5d, 0xff, 0x20, 0x00, 0x00, 0x00, 0x00, 0x00, 0x00, 0x00, 0x00, 0x00, 0x00, 0x00, 0x00,
    0xb8, 0xff, 0xff, 0xff, 0xf8, 0x00, 0x00, 0x00, 0x00, 0x00, 0x00, 0x00, 0x00, 0x00, 0x00, 0x00,
    0x22, 0xa1, 0xff, 0x4a, 0x2e, 0x00, 0x00, 0x00, 0x00, 0x00, 0x00, 0x00, 0x00, 0x00, 0x00, 0x00,
    0x00, 0x8c, 0xff, 0x20, 0x00, 0x00, 0x00, 0x00, 0x00, 0x00, 0x00, 0x00, 0x00, 0x00, 0x00, 0x00,
    0x00, 0x8c, 0xff, 0x20, 0x00, 0x00, 0x00, 0x00, 0x00, 0x00, 0x00, 0x00, 0x00, 0x00, 0x00, 0x00,
    0x00, 0x8c, 0xff, 0x20, 0x00, 0x00, 0x00, 0x00, 0x00, 0x00, 0x00, 0x00, 0x00, 0x00, 0x00, 0x00,
    0x00, 0x8c, 0xff, 0x20, 0x00, 0x00, 0x00, 0x00, 0x00, 0x00, 0x00, 0x00, 0x00, 0x00, 0x00, 0x00,
    0x00, 0x8c, 0xff, 0x20, 0x00, 0x00, 0x00, 0x00, 0x00, 0x00, 0x00, 0x00, 0x00, 0x00, 0x00, 0x00,
    0x00, 0x8b, 0xff, 0x24, 0x00, 0x00, 0x00, 0x00, 0x00, 0x00, 0x00, 0x00, 0x00, 0x00, 0x00, 0x00,
    0x00, 0x70, 0xff, 0x94, 0x55, 0x0e, 0x00, 0x00, 0x00, 0x00, 0x00, 0x00, 0x00, 0x00, 0x00, 0x00,
    0x00, 0x12, 0xc3, 0xf7, 0xdd, 0x1c, 0x00, 0x00, 0x00, 0x00, 0x00, 0x00, 0x00, 0x00, 0x00, 0x00,

    /* U+0075 "u" */
    0xc4, 0xe8, 0x00, 0x00, 0x00, 0x00, 0x6c, 0xff, 0x40, 0x00, 0x00, 0x00, 0x00, 0x00, 0x00, 0x00,
    0xc4, 0xe8, 0x00, 0x00, 0x00, 0x00, 0x6c, 0xff, 0x40, 0x00, 0x00, 0x00, 0x00, 0x00, 0x00, 0x00,
    0xc4, 0xe8, 0x00, 0x00, 0x00, 0x00, 0x6c, 0xff, 0x40, 0x00, 0x00, 0x00, 0x00, 0x00, 0x00, 0x00,
    0xc4, 0xe8, 0x00, 0x00, 0x00, 0x00, 0x6c, 0xff, 0x40, 0x00, 0x00, 0x00, 0x00, 0x00, 0x00, 0x00,
    0xc4, 0xe8, 0x00, 0x00, 0x00, 0x00, 0x6c, 0xff, 0x40, 0x00, 0x00, 0x00, 0x00, 0x00, 0x00, 0x00,
    0xc4, 0xe8, 0x00, 0x00, 0x00, 0x00, 0x6c, 0xff, 0x40, 0x00, 0x00, 0x00, 0x00, 0x00, 0x00, 0x00,
    0xc2, 0xea, 0x00, 0x00, 0x00, 0x00, 0x84, 0xff, 0x40, 0x00, 0x00, 0x00, 0x00, 0x00, 0x00, 0x00,
    0xb0, 0xfb, 0x08, 0x00, 0x00, 0x01, 0xcd, 0xff, 0x40, 0x00, 0x00, 0x00, 0x00, 0x00, 0x00, 0x00,
    0x6a, 0xff, 0x90, 0x1f, 0x2d, 0xa0, 0xc8, 0xff, 0x40, 0x00, 0x00, 0x00, 0x00, 0x00, 0x00, 0x00,
    0x03, 0x81, 0xdf, 0xf9, 0xdd, 0x73, 0x4e, 0xff, 0x47, 0x00, 0x00, 0x00, 0x00, 0x00, 0x00, 0x00,

    /* U+0076 "v" */
    0xc2, 0xf6, 0x0c, 0x00, 0x00, 0x00, 0x00, 0x85, 0xff, 0x3f, 0x00, 0x00, 0x00, 0x00, 0x00, 0x00,
    0x64, 0xff, 0x59, 0x00, 0x00, 0x00, 0x00, 0xdd, 0xde, 0x01, 0x00, 0x00, 0x00, 0x00, 0x00, 0x00,
    0x0f, 0xf7, 0xb0, 0x00, 0x00, 0x00, 0x37, 0xff, 0x7f, 0x00, 0x00, 0x00, 0x00, 0x00, 0x00, 0x00,
    0x00, 0xa9, 0xf8, 0x0e, 0x00, 0x00, 0x90, 0xfe, 0x21, 0x00, 0x00, 0x00, 0x00, 0x00, 0x00, 0x00,
    0x00, 0x4b, 0xff, 0x5e, 0x00, 0x02, 0xe6, 0xbf, 0x00, 0x00, 0x00, 0x00, 0x00, 0x00, 0x00, 0x00,
    0x00, 0x04, 0xe9, 0xb4, 0x00, 0x43, 0xff, 0x5f, 0x00, 0x00, 0x00, 0x00, 0x00, 0x00, 0x00, 0x00,
    0x00, 0x00, 0x90, 0xfa, 0x10, 0x9b, 0xf3, 0x0b, 0x00, 0x00, 0x00, 0x00, 0x00, 0x00, 0x00, 0x00,
    0x00, 0x00, 0x32, 0xff, 0x5b, 0xec, 0x9f, 0x00, 0x00, 0x00, 0x00, 0x00, 0x00, 0x00, 0x00, 0x00,
    0x00, 0x00, 0x00, 0xd4, 0xda, 0xff, 0x3f, 0x00, 0x00, 0x00, 0x00, 0x00, 0x00, 0x00, 0x00, 0x00,
    0x00, 0x00, 0x00, 0x77, 0xff, 0xde, 0x01, 0x00, 0x00, 0x00, 0x00, 0x00, 0x00, 0x00, 0x00, 0x00,

    /* U+0077 "w" */
    0x00, 0xe4, 0xbf, 0x00, 0x00, 0x00, 0x2a, 0xff, 0xe3, 0x00, 0x00, 0x00, 0x07, 0xf6, 0x9e, 0x00,
    0x00, 0x9d, 0xf8, 0x08, 0x00, 0x00, 0x6e, 0xea, 0xff, 0x25, 0x00, 0x00, 0x40, 0xff, 0x55, 0x00,
    0x00, 0x55, 0xff, 0x40, 0x00, 0x00, 0xb1, 0x9b, 0xe5, 0x66, 0x00, 0x00, 0x82, 0xfb, 0x0f, 0x00,
    0x00, 0x10, 0xfc, 0x80, 0x00, 0x03, 0xf0, 0x5e, 0xaa, 0xa7, 0x00, 0x00, 0xc4, 0xc2, 0x00, 0x00,
    0x00, 0x00, 0xc5, 0xc0, 0x00, 0x38, 0xff, 0x1e, 0x6a, 0xe8, 0x00, 0x0b, 0xfa, 0x78, 0x00, 0x00,
    0x00, 0x00, 0x7d, 0xf8, 0x08, 0x7c, 0xdd, 0x00, 0x2a, 0xff, 0x29, 0x49, 0xff, 0x2e, 0x00, 0x00,
    0x00, 0x00, 0x35, 0xff, 0x40, 0xbf, 0x9c, 0x00, 0x00, 0xe9, 0x6b, 0x8b, 0xe4, 0x00, 0x00, 0x00,
    0x00, 0x00, 0x01, 0xea, 0x85, 0xf8, 0x5b, 0x00, 0x00, 0xab, 0xab, 0xcb, 0x9b, 0x00, 0x00, 0x00,
    0x00, 0x00, 0x00, 0xa5, 0xea, 0xff, 0x19, 0x00, 0x00, 0x6c, 0xec, 0xfb, 0x52, 0x00, 0x00, 0x00,
    0x00, 0x00, 0x00, 0x5c, 0xff, 0xd8, 0x00, 0x00, 0x00, 0x2c, 0xff, 0xfa, 0x0d, 0x00, 0x00, 0x00,

    /* U+0078 "x" */
    0x48, 0xfe, 0x8d, 0x00, 0x00, 0x00, 0x23, 0xf6, 0xb8, 0x01, 0x00, 0x00, 0x00, 0x00, 0x00, 0x00,
    0x00, 0x93, 0xfc, 0x35, 0x00, 0x00, 0xbc, 0xec, 0x19, 0x00, 0x00, 0x00, 0x00, 0x00, 0x00, 0x00,
    0x00, 0x09, 0xd6, 0xd1, 0x05, 0x61, 0xff, 0x51, 0x00, 0x00, 0x00, 0x00, 0x00, 0x00, 0x00, 0x00,
    0x00, 0x00, 0x31, 0xfa, 0x90, 0xed, 0x9d, 0x00, 0x00, 0x00, 0x00, 0x00, 0x00, 0x00, 0x00, 0x00,
    0x00, 0x00, 0x00, 0x7c, 0xff, 0xe1, 0x0c, 0x00, 0x00, 0x00, 0x00, 0x00, 0x00, 0x00, 0x00, 0x00,
    0x00, 0x00, 0x00, 0xa9, 0xfd, 0xf7, 0x2a, 0x00, 0x00, 0x00, 0x00, 0x00, 0x00, 0x00, 0x00, 0x00,
    0x00, 0x00, 0x5b, 0xff, 0x5b, 0xd6, 0xcf, 0x06, 0x00, 0x00, 0x00, 0x00, 0x00, 0x00, 0x00, 0x00,
    0x00, 0x1c, 0xef, 0xab, 0x00, 0x38, 0xfd, 0x8a, 0x00, 0x00, 0x00, 0x00, 0x00, 0x00, 0x00, 0x00,
    0x01, 0xbc, 0xeb, 0x16, 0x00, 0x00, 0x8d, 0xfd, 0x40, 0x00, 0x00, 0x00, 0x00, 0x00, 0x00, 0x00,
    0x6f, 0xff, 0x58, 0x00, 0x00, 0x00, 0x09, 0xda, 0xe1, 0x10, 0x00, 0x00, 0x00, 0x00, 0x00, 0x00,

    /* U+0079 "y" */
    0xc2, 0xf5, 0x0f, 0x00, 0x00, 0x00, 0x00, 0x7a, 0xff, 0x46, 0x00, 0x00, 0x00, 0x00, 0x00, 0x00,
    0x5c, 0xff, 0x68, 0x00, 0x00, 0x00, 0x00, 0xd3, 0xe2, 0x02, 0x00, 0x00, 0x00, 0x00, 0x00, 0x00,
    0x08, 0xed, 0xcb, 0x00, 0x00, 0x00, 0x2e, 0xff, 0x81, 0x00, 0x00, 0x00, 0x00, 0x00, 0x00, 0x00,
    0x00, 0x90, 0xff, 0x2f, 0x00, 0x00, 0x88, 0xfe, 0x20, 0x00, 0x00, 0x00, 0x00, 0x00, 0x00, 0x00,
    0x00, 0x2b, 0xff, 0x92, 0x00, 0x01, 0xe0, 0xbd, 0x00, 0x00, 0x00, 0x00, 0x00, 0x00, 0x00, 0x00,
    0x00, 0x00, 0xc5, 0xed, 0x06, 0x3c, 0xff, 0x5a, 0x00, 0x00, 0x00, 0x00, 0x00, 0x00, 0x00, 0x00,
    0x00, 0x00, 0x5f, 0xff, 0x51, 0x95, 0xef, 0x08, 0x00, 0x00, 0x00, 0x00, 0x00, 0x00, 0x00, 0x00,
    0x00, 0x00, 0x09, 0xef, 0xb0, 0xec, 0x96, 0x00, 0x00, 0x00, 0x00, 0x00, 0x00, 0x00, 0x00, 0x00,
    0x00, 0x00, 0x00, 0x94, 0xff, 0xff, 0x33, 0x00, 0x00, 0x00, 0x00, 0x00, 0x00, 0x00, 0x00, 0x00,
    0x00, 0x00, 0x00, 0x2e, 0xff, 0xd1, 0x00, 0x00, 0x00, 0x00, 0x00, 0x00, 0x00, 0x00, 0x00, 0x00,
    0x00, 0x00, 0x00, 0x2c, 0xff, 0x6a, 0x00, 0x00, 0x00, 0x00, 0x00, 0x00, 0x00, 0x00, 0x00, 0x00,
    0x00, 0x00, 0x00, 0xb3, 0xeb, 0x0b, 0x00, 0x00, 0x00, 0x00, 0x00, 0x00, 0x00, 0x00, 0x00, 0x00,
    0x1e, 0x4e, 0xa9, 0xff, 0x5f, 0x00, 0x00, 0x00, 0x00, 0x00, 0x00, 0x00, 0x00, 0x00, 0x00, 0x00,
    0x58, 0xf9, 0xe2, 0x6a, 0x00, 0x00, 0x00, 0x00, 0x00, 0x00, 0x00, 0x00, 0x00, 0x00, 0x00, 0x00,

    /* U+007A "z" */
    0x00, 0xec, 0xff, 0xff, 0xff, 0xff, 0xff, 0xff, 0x5c, 0x00, 0x00, 0x00, 0x00, 0x00, 0x00, 0x00,
    0x00, 0x3e, 0x44, 0x44, 0x44, 0x48, 0xe5, 0xf8, 0x2d, 0x00, 0x00, 0x00, 0x00, 0x00, 0x00, 0x00,
    0x00, 0x00, 0x00, 0x00, 0x00, 0x8a, 0xff, 0x6b, 0x00, 0x00, 0x00, 0x00, 0x00, 0x00, 0x00, 0x00,
    0x00, 0x00, 0x00, 0x00, 0x4b, 0xfe, 0xaa, 0x00, 0x00, 0x00, 0x00, 0x00, 0x00, 0x00, 0x00, 0x00,
    0x00, 0x00, 0x00, 0x1d, 0xec, 0xdc, 0x0e, 0x00, 0x00, 0x00, 0x00, 0x00, 0x00, 0x00, 0x00, 0x00,
    0x00, 0x00, 0x04, 0xc6, 0xf8, 0x31, 0x00, 0x00, 0x00, 0x00, 0x00, 0x00, 0x00, 0x00, 0x00, 0x00,
    0x00, 0x00, 0x8b, 0xff, 0x69, 0x00, 0x00, 0x00, 0x00, 0x00, 0x00, 0x00, 0x00, 0x00, 0x00, 0x00,
    0x00, 0x4c, 0xfe, 0xa9, 0x00, 0x00, 0x00, 0x00, 0x00, 0x00, 0x00, 0x00, 0x00, 0x00, 0x00, 0x00,
    0x18, 0xed, 0xf4, 0x51, 0x44, 0x44, 0x44, 0x44, 0x25, 0x00, 0x00, 0x00, 0x00, 0x00, 0x00, 0x00,
    0x3c, 0xff, 0xff, 0xff, 0xff, 0xff, 0xff, 0xff, 0x8c, 0x00, 0x00, 0x00, 0x00, 0x00, 0x00, 0x00,

    /* U+03BC "μ" */
    0xb8, 0xf8, 0x00, 0x00, 0x00, 0x00, 0x2c, 0xff, 0x80, 0x00, 0x00, 0x00, 0x00, 0x00, 0x00, 0x00,
    0xb8, 0xf8, 0x00, 0x00, 0x00, 0x00, 0x2c, 0xff, 0x80, 0x00, 0x00, 0x00, 0x00, 0x00, 0x00, 0x00,
    0xb8, 0xf8, 0x00, 0x00, 0x00, 0x00, 0x2c, 0xff, 0x80, 0x00, 0x00, 0x00, 0x00, 0x00, 0x00, 0x00,
    0xb8, 0xf8, 0x00, 0x00, 0x00, 0x00, 0x2c, 0xff, 0x80, 0x00, 0x00, 0x00, 0x00, 0x00, 0x00, 0x00,
    0xb8, 0xf8, 0x00, 0x00, 0x00, 0x00, 0x2c, 0xff, 0x80, 0x00, 0x00, 0x00, 0x00, 0x00, 0x00, 0x00,
    0xb8, 0xf8, 0x00, 0x00, 0x00, 0x00, 0x2e, 0xff, 0x80, 0x00, 0x00, 0x00, 0x00, 0x00, 0x00, 0x00,
    0xb8, 0xff, 0x0a, 0x00, 0x00, 0x00, 0x4a, 0xff, 0x80, 0x00, 0x00, 0x00, 0x00, 0x00, 0x00, 0x00,
    0xb8, 0xff, 0x4d, 0x00, 0x00, 0x00, 0xa6, 0xff, 0x80, 0x00, 0x00, 0x00, 0x00, 0x00, 0x00, 0x00,
    0xb8, 0xfe, 0xea, 0x71, 0x55, 0xa0, 0xb3, 0xff, 0x80, 0x00, 0x00, 0x00, 0x00, 0x00, 0x00, 0x00,
    0xb8, 0xf5, 0x65, 0xe9, 0xf4, 0xa3, 0x14, 0xff, 0x87, 0x00, 0x00, 0x00, 0x00, 0x00, 0x00, 0x00,
    0xb8, 0xf7, 0x00, 0x00, 0x00, 0x00, 0x00, 0x00, 0x00, 0x00, 0x00, 0x00, 0x00, 0x00, 0x00, 0x00,
    0xb8, 0xf8, 0x00, 0x00, 0x00, 0x00, 0x00, 0x00, 0x00, 0x00, 0x00, 0x00, 0x00, 0x00, 0x00, 0x00,
    0xb8, 0xf8, 0x00, 0x00, 0x00, 0x00, 0x00, 0x00, 0x00, 0x00, 0x00, 0x00, 0x00, 0x00, 0x00, 0x00,
    0xb8, 0xf8, 0x00, 0x00, 0x00, 0x00, 0x00, 0x00, 0x00, 0x00, 0x00, 0x00, 0x00, 0x00, 0x00, 0x00
};

/*---------------------
 *  GLYPH DESCRIPTION
 *--------------------*/

static const lv_font_fmt_txt_glyph_dsc_t glyph_dsc[] = {
    {.bitmap_index = 0, .adv_w = 0, .box_w = 0, .box_h = 0, .ofs_x = 0, .ofs_y = 0} /* id = 0 reserved */,
    {.bitmap_index = 0, .adv_w = 84, .box_w = 0, .box_h = 0, .ofs_x = 0, .ofs_y = 0},
    {.bitmap_index = 0, .adv_w = 101, .box_w = 6, .box_h = 3, .ofs_x = 0, .ofs_y = 4},
    {.bitmap_index = 48, .adv_w = 84, .box_w = 3, .box_h = 2, .ofs_x = 1, .ofs_y = 0},
    {.bitmap_index = 80, .adv_w = 84, .box_w = 6, .box_h = 13, .ofs_x = 0, .ofs_y = 0},
    {.bitmap_index = 288, .adv_w = 169, .box_w = 10, .box_h = 13, .ofs_x = 0, .ofs_y = 0},
    {.bitmap_index = 496, .adv_w = 169, .box_w = 9, .box_h = 13, .ofs_x = 1, .ofs_y = 0},
    {.bitmap_index = 704, .adv_w = 169, .box_w = 10, .box_h = 13, .ofs_x = 0, .ofs_y = 0},
    {.bitmap_index = 912, .adv_w = 169, .box_w = 10, .box_h = 13, .ofs_x = 0, .ofs_y = 0},
    {.bitmap_index = 1120, .adv_w = 169, .box_w = 11, .box_h = 13, .ofs_x = 0, .ofs_y = 0},
    {.bitmap_index = 1328, .adv_w = 169, .box_w = 10, .box_h = 13, .ofs_x = 0, .ofs_y = 0},
    {.bitmap_index = 1536, .adv_w = 169, .box_w = 10, .box_h = 13, .ofs_x = 0, .ofs_y = 0},
    {.bitmap_index = 1744, .adv_w = 169, .box_w = 10, .box_h = 13, .ofs_x = 0, .ofs_y = 0},
    {.bitmap_index = 1952, .adv_w = 169, .box_w = 10, .box_h = 13, .ofs_x = 0, .ofs_y = 0},
    {.bitmap_index = 2160, .adv_w = 169, .box_w = 10, .box_h = 13, .ofs_x = 0, .ofs_y = 0},
    {.bitmap_index = 2368, .adv_w = 84, .box_w = 3, .box_h = 10, .ofs_x = 1, .ofs_y = 0},
    {.bitmap_index = 2528, .adv_w = 169, .box_w = 10, .box_h = 13, .ofs_x = 0, .ofs_y = 0},
    {.bitmap_index = 2736, .adv_w = 203, .box_w = 13, .box_h = 13, .ofs_x = 0, .ofs_y = 0},
    {.bitmap_index = 2944, .adv_w = 203, .box_w = 11, .box_h = 13, .ofs_x = 1, .ofs_y = 0},
    {.bitmap_index = 3152, .adv_w = 220, .box_w = 13, .box_h = 13, .ofs_x = 0, .ofs_y = 0},
    {.bitmap_index = 3360, .adv_w = 220, .box_w = 12, .box_h = 13, .ofs_x = 1, .ofs_y = 0},
    {.bitmap_index = 3568, .adv_w = 203, .box_w = 11, .box_h = 13, .ofs_x = 1, .ofs_y = 0},
    {.bitmap_index = 3776, .adv_w = 186, .box_w = 10, .box_h = 13, .ofs_x = 1, .ofs_y = 0},
    {.bitmap_index = 3984, .adv_w = 236, .box_w = 14, .box_h = 13, .ofs_x = 0, .ofs_y = 0},
    {.bitmap_index = 4192, .adv_w = 220, .box_w = 12, .box_h = 13, .ofs_x = 1, .ofs_y = 0},
    {.bitmap_index = 4400, .adv_w = 84, .box_w = 3, .box_h = 13, .ofs_x = 1, .ofs_y = 0},
    {.bitmap_index = 4608, .adv_w = 152, .box_w = 9, .box_h = 13, .ofs_x = 0, .ofs_y = 0},
    {.bitmap_index = 4816, .adv_w = 203, .box_w = 12, .box_h = 13, .ofs_x = 1, .ofs_y = 0},
    {.bitmap_index = 5024, .adv_w = 169, .box_w = 9, .box_h = 13, .ofs_x = 1, .ofs_y = 0},
    {.bitmap_index = 5232, .adv_w = 253, .box_w = 14, .box_h = 13, .ofs_x = 1, .ofs_y = 0},
    {.bitmap_index = 5440, .adv_w = 220, .box_w = 12, .box_h = 13, .ofs_x = 1, .ofs_y = 0},
    {.bitmap_index = 5648, .adv_w = 236, .box_w = 14, .box_h = 13, .ofs_x = 0, .ofs_y = 0},
    {.bitmap_index = 5856, .adv_w = 203, .box_w = 11, .box_h = 13, .ofs_x = 1, .ofs_y = 0},
    {.bitmap_index = 6064, .adv_w = 236, .box_w = 14, .box_h = 17, .ofs_x = 0, .ofs_y = -4},
    {.bitmap_index = 6336, .adv_w = 220, .box_w = 12, .box_h = 13, .ofs_x = 1, .ofs_y = 0},
    {.bitmap_index = 6544, .adv_w = 203, .box_w = 12, .box_h = 13, .ofs_x = 0, .ofs_y = 0},
    {.bitmap_index = 6752, .adv_w = 186, .box_w = 12, .box_h = 13, .ofs_x = 0, .ofs_y = 0},
    {.bitmap_index = 6960, .adv_w = 220, .box_w = 12, .box_h = 13, .ofs_x = 1, .ofs_y = 0},
    {.bitmap_index = 7168, .adv_w = 203, .box_w = 13, .box_h = 13, .ofs_x = 0, .ofs_y = 0},
    {.bitmap_index = 7376, .adv_w = 287, .box_w = 18, .box_h = 13, .ofs_x = 0, .ofs_y = 0},
    {.bitmap_index = 7792, .adv_w = 203, .box_w = 13, .box_h = 13, .ofs_x = 0, .ofs_y = 0},
    {.bitmap_index = 8000, .adv_w = 203, .box_w = 13, .box_h = 13, .ofs_x = 0, .ofs_y = 0},
    {.bitmap_index = 8208, .adv_w = 186, .box_w = 12, .box_h = 13, .ofs_x = 0, .ofs_y = 0},
    {.bitmap_index = 8416, .adv_w = 169, .box_w = 11, .box_h = 10, .ofs_x = 0, .ofs_y = 0},
    {.bitmap_index = 8576, .adv_w = 169, .box_w = 9, .box_h = 13, .ofs_x = 1, .ofs_y = 0},
    {.bitmap_index = 8784, .adv_w = 152, .box_w = 9, .box_h = 10, .ofs_x = 0, .ofs_y = 0},
    {.bitmap_index = 8944, .adv_w = 169, .box_w = 10, .box_h = 13, .ofs_x = 0, .ofs_y = 0},
    {.bitmap_index = 9152, .adv_w = 169, .box_w = 10, .box_h = 10, .ofs_x = 0, .ofs_y = 0},
    {.bitmap_index = 9312, .adv_w = 84, .box_w = 6, .box_h = 13, .ofs_x = 0, .ofs_y = 0},
    {.bitmap_index = 9520, .adv_w = 169, .box_w = 10, .box_h = 14, .ofs_x = 0, .ofs_y = -4},
    {.bitmap_index = 9744, .adv_w = 169, .box_w = 9, .box_h = 13, .ofs_x = 1, .ofs_y = 0},
    {.bitmap_index = 9952, .adv_w = 68, .box_w = 2, .box_h = 13, .ofs_x = 1, .ofs_y = 0},
    {.bitmap_index = 10160, .adv_w = 68, .box_w = 4, .box_h = 17, .ofs_x = -1, .ofs_y = -4},
    {.bitmap_index = 10432, .adv_w = 152, .box_w = 9, .box_h = 13, .ofs_x = 1, .ofs_y = 0},
    {.bitmap_index = 10640, .adv_w = 68, .box_w = 2, .box_h = 13, .ofs_x = 1, .ofs_y = 0},
    {.bitmap_index = 10848, .adv_w = 253, .box_w = 14, .box_h = 10, .ofs_x = 1, .ofs_y = 0},
    {.bitmap_index = 11008, .adv_w = 169, .box_w = 9, .box_h = 10, .ofs_x = 1, .ofs_y = 0},
    {.bitmap_index = 11168, .adv_w = 169, .box_w = 10, .box_h = 10, .ofs_x = 0, .ofs_y = 0},
    {.bitmap_index = 11328, .adv_w = 169, .box_w = 9, .box_h = 14, .ofs_x = 1, .ofs_y = -4},
    {.bitmap_index = 11552, .adv_w = 169, .box_w = 10, .box_h = 14, .ofs_x = 0, .ofs_y = -4},
    {.bitmap_index = 11776, .adv_w = 101, .box_w = 6, .box_h = 11, .ofs_x = 1, .ofs_y = 0},
    {.bitmap_index = 11952, .adv_w = 152, .box_w = 9, .box_h = 10, .ofs_x = 0, .ofs_y = 0},
    {.bitmap_index = 12112, .adv_w = 84, .box_w = 6, .box_h = 12, .ofs_x = 0, .ofs_y = 0},
    {.bitmap_index = 12304, .adv_w = 169, .box_w = 9, .box_h = 10, .ofs_x = 1, .ofs_y = 0},
    {.bitmap_index = 12464, .adv_w = 152, .box_w = 10, .box_h = 10, .ofs_x = 0, .ofs_y = 0},
    {.bitmap_index = 12624, .adv_w = 220, .box_w = 15, .box_h = 10, .ofs_x = -1, .ofs_y = 0},
    {.bitmap_index = 12784, .adv_w = 152, .box_w = 10, .box_h = 10, .ofs_x = 0, .ofs_y = 0},
    {.bitmap_index = 12944, .adv_w = 152, .box_w = 10, .box_h = 14, .ofs_x = 0, .ofs_y = -4},
    {.bitmap_index = 13168, .adv_w = 152, .box_w = 9, .box_h = 10, .ofs_x = 0, .ofs_y = 0},
    {.bitmap_index = 13328, .adv_w = 175, .box_w = 9, .box_h = 14, .ofs_x = 1, .ofs_y = -4}
};

/*---------------------
 *  CHARACTER MAPPING
 *--------------------*/

static const uint8_t glyph_id_ofs_list_0[] = {
    0, 0, 0, 0, 0, 0, 0, 0,
    0, 0, 0, 0, 0, 1, 2, 3,
    4, 5, 6, 7, 8, 9, 10, 11,
    12, 13, 14, 0, 0, 0, 0, 15
};

/*Collect the unicode lists and glyph_id offsets*/
static const lv_font_fmt_txt_cmap_t cmaps[] =
{
    {
        .range_start = 32, .range_length = 32, .glyph_id_start = 1,
        .unicode_list = NULL, .glyph_id_ofs_list = glyph_id_ofs_list_0, .list_length = 32, .type = LV_FONT_FMT_TXT_CMAP_FORMAT0_FULL
    },
    {
        .range_start = 65, .range_length = 26, .glyph_id_start = 17,
        .unicode_list = NULL, .glyph_id_ofs_list = NULL, .list_length = 0, .type = LV_FONT_FMT_TXT_CMAP_FORMAT0_TINY
    },
    {
        .range_start = 97, .range_length = 26, .glyph_id_start = 43,
        .unicode_list = NULL, .glyph_id_ofs_list = NULL, .list_length = 0, .type = LV_FONT_FMT_TXT_CMAP_FORMAT0_TINY
    },
    {
        .range_start = 956, .range_length = 1, .glyph_id_start = 69,
        .unicode_list = NULL, .glyph_id_ofs_list = NULL, .list_length = 0, .type = LV_FONT_FMT_TXT_CMAP_FORMAT0_TINY
    }
};

/*-----------------
 *    KERNING
 *----------------*/

/*Map glyph_ids to kern left classes*/
static const uint8_t kern_left_class_mapping[] =
{
    0, 1, 0, 0, 0, 0, 2, 0,
    0, 0, 0, 0, 0, 0, 0, 0,
    0, 3, 0, 0, 0, 0, 4, 0,
    0, 0, 0, 0, 5, 0, 0, 0,
    6, 0, 7, 0, 8, 0, 9, 10,
    0, 11, 0, 0, 0, 0, 0, 0,
    12, 0, 0, 0, 0, 0, 0, 0,
    0, 0, 0, 0, 13, 0, 0, 0,
    14, 13, 0, 14, 0, 0
};

/*Map glyph_ids to kern right classes*/
static const uint8_t kern_right_class_mapping[] =
{
    0, 1, 2, 3, 0, 0, 4, 0,
    0, 0, 0, 0, 0, 0, 0, 5,
    0, 6, 0, 0, 0, 0, 0, 0,
    0, 0, 0, 0, 0, 0, 0, 7,
    0, 0, 0, 0, 8, 0, 9, 10,
    0, 8, 0, 11, 0, 12, 0, 13,
    14, 0, 0, 15, 0, 0, 0, 0,
    0, 13, 16, 17, 18, 12, 0, 19,
    20, 21, 0, 22, 0, 0
};

/*Kern values between classes*/
static const int8_t kern_class_values[] =
{
    0, 0, 0, 0, 0, -17, 0, -5,
    0, 0, 0, 0, 0, 0, 0, 0,
    0, 0, 0, 0, 0, 0, 0, 0,
    0, -23, 0, 0, 0, 0, 0, 0,
    0, 0, 0, 0, 0, 0, 0, 0,
    0, 0, 0, 0, -17, 0, 0, 0,
    0, 0, 0, -23, -23, -11, 0, 0,
    0, 0, 0, 0, 0, 0, 0, -5,
    -5, -5, 0, 0, -34, 0, 0, -17,
    0, 0, 0, 0, 0, 0, 0, 0,
    0, 0, 0, 0, 0, 0, 0, 0,
    -11, 0, 0, 0, 0, 0, 0, -23,
    -23, -23, 0, 0, 0, 0, 0, 0,
    0, 0, 0, 0, 0, -11, -5, 0,
    -39, 0, 0, -23, 0, 0, 0, 0,
    0, 0, 0, 0, 0, 0, 0, 0,
    0, 0, 0, 0, 0, 0, 0, 0,
    0, 0, 0, -5, -5, -5, 0, 0,
    0, 0, 0, 0, 0, 0, 0, 0,
    0, 0, -5, -17, -34, 0, -34, -23,
    -5, 0, 0, 0, -34, -34, -34, 0,
    -11, 0, 0, -11, -11, 0, -17, -17,
    0, -17, -28, 0, -11, -23, 0, 0,
    0, 0, -23, 0, -17, 0, -5, 0,
    0, -11, -11, 0, 0, -11, 0, -5,
    -17, 0, -5, -11, 0, 0, 0, 0,
    -11, 0, -5, 0, 0, 0, 0, -5,
    -5, 0, 0, -3, -5, -28, -39, 0,
    -17, -23, 0, 0, 0, 0, -23, 0,
    -28, 0, -11, -23, -28, 0, -17, -17,
    0, 0, 0, 0, 0, 0, 0, 0,
    0, 0, 0, 0, 0, 0, 0, -5,
    0, 0, 0, 0, 0, 0, 0, 0,
    0, 0, -17, 0, 0, 0, 0, 0,
    0, 0, 0, 0, 0, 0, 0, 0,
    0, 0, 0, 0, 0, 0, 0, 0,
    -23, 0, 0, 0, 0, 0, 0, 0,
    0, 0, 0, 0, 0, 0, 0, 0,
    0, 0, 0, 0
};

/*Collect the kern class' data in one place*/
static const lv_font_fmt_txt_kern_classes_t kern_classes =
{
    .class_pair_values   = kern_class_values,
    .left_class_mapping  = kern_left_class_mapping,
    .right_class_mapping = kern_right_class_mapping,
    .left_class_cnt      = 14,
    .right_class_cnt     = 22,
};

/*--------------------
 *  ALL CUSTOM DATA
 *--------------------*/

#if LVGL_VERSION_MAJOR == 8
/*Store all the custom data of the font*/
static  lv_font_fmt_txt_glyph_cache_t cache;
#endif

#if LVGL_VERSION_MAJOR >= 8
static const lv_font_fmt_txt_dsc_t font_dsc = {
#else
static lv_font_fmt_txt_dsc_t font_dsc = {
#endif
    .glyph_bitmap = glyph_bitmap,
    .glyph_dsc = glyph_dsc,
    .cmaps = cmaps,
    .kern_dsc = &kern_classes,
    .kern_scale = 16,
    .cmap_num = 4,
    .bpp = 8,
    .kern_classes = 1,
    .bitmap_format = 0,
#if LVGL_VERSION_MAJOR == 8
    .cache = &cache
#endif
    .stride = 16
};

extern const lv_font_t lv_font_montserrat_14;


/*-----------------
 *  PUBLIC FONT
 *----------------*/

/*Initialize a public general font descriptor*/
#if LVGL_VERSION_MAJOR >= 8
const lv_font_t lv_font_LiberationSans_19 = {
#else
lv_font_t lv_font_LiberationSans_19 = {
#endif
    .get_glyph_dsc = lv_font_get_glyph_dsc_fmt_txt,    /*Function pointer to get glyph's data*/
    .get_glyph_bitmap = lv_font_get_bitmap_fmt_txt,    /*Function pointer to get glyph's bitmap*/
    .line_height = 22,          /*The maximum line height required by the font*/
    .base_line = 5,             /*Baseline measured from the bottom of the line*/
#if !(LVGL_VERSION_MAJOR == 6 && LVGL_VERSION_MINOR == 0)
    .subpx = LV_FONT_SUBPX_NONE,
#endif
#if LV_VERSION_CHECK(7, 4, 0) || LVGL_VERSION_MAJOR >= 8
    .underline_position = -2,
    .underline_thickness = 1,
#endif

#if LV_VERSION_CHECK(9, 3, 0)
    .static_bitmap = 1,    /*Bitmaps are stored as const so they are always static if not compressed */
#endif

    .dsc = &font_dsc,          /*The custom font data. Will be accessed by `get_glyph_bitmap/dsc` */
#if LV_VERSION_CHECK(8, 2, 0) || LVGL_VERSION_MAJOR >= 9
    .fallback = &lv_font_montserrat_14,
#endif
    .user_data = NULL,
};



#endif /*#if LV_FONT_LIBERATIONSANS_19*/
