/*
 * Original Font License:
 * ------------------------------------------------------------
 * Digitized data copyright (c) 2010 Google Corporation with Reserved Font Arimo, Tinos and Cousine.
 * Copyright (c) 2012 Red Hat, Inc. with Reserved Font Name Liberation.
 * This Font Software is licensed under the SIL Open Font License, Version 1.1.
 * And is also available with a FAQ at: http://scripts.sil.org/OFL
 * ------------------------------------------------------------
 *
 * This file was automatically generated by GUI Guider (NXP Semiconductors):
 * ------------------------------------------------------------
 * Conversion Tool : GUI Guider
 * Vendor          : NXP Semiconductors
 * Version         : 2.0.0
 * Generated on    : 2026/8/18
 * Purpose         : Convert font file into C source code for embedded GUI usage.
 *
 * Disclaimer:
 * This generated file is derived from the original font file and
 * retains its original license terms. Ensure compliance with the
 * font license when using this file in your application.
 * ------------------------------------------------------------
 *//*******************************************************************************
 * Size: 24 px
 * Bpp: 8
 * Opts: undefined
 ******************************************************************************/

#ifdef __has_include
    #if __has_include("lvgl.h")
        #ifndef LV_LVGL_H_INCLUDE_SIMPLE
            #define LV_LVGL_H_INCLUDE_SIMPLE
        #endif
    #endif
#endif

#ifdef LV_LVGL_H_INCLUDE_SIMPLE
    #include "lvgl.h"
#else
    #include "lvgl.h"
#endif

#if !LV_VERSION_CHECK(9, 3, 0)
#error "At least LVGL v9.3 is required to use the stride attribute of the fonts"
#endif

#ifndef LV_FONT_LIBERATIONSANS_24
#define LV_FONT_LIBERATIONSANS_24 1
#endif

#if LV_FONT_LIBERATIONSANS_24

/*-----------------
 *    BITMAPS
 *----------------*/

/*Store the image of the glyphs*/
static LV_ATTRIBUTE_MEM_ALIGN LV_ATTRIBUTE_LARGE_CONST const uint8_t glyph_bitmap[] = {
    /* U+0030 "0" */
    0x00, 0x00, 0x00, 0x1d, 0x97, 0xdf, 0xf8, 0xeb, 0xb8, 0x48, 0x00, 0x00, 0x00, 0x00, 0x00, 0x00,
    0x00, 0x00, 0x2f, 0xf0, 0xff, 0xec, 0xc0, 0xd5, 0xff, 0xff, 0x76, 0x00, 0x00, 0x00, 0x00, 0x00,
    0x00, 0x03, 0xd8, 0xff, 0x95, 0x05, 0x00, 0x00, 0x46, 0xf7, 0xfe, 0x32, 0x00, 0x00, 0x00, 0x00,
    0x00, 0x53, 0xff, 0xd8, 0x03, 0x00, 0x00, 0x00, 0x00, 0x83, 0xff, 0xa7, 0x00, 0x00, 0x00, 0x00,
    0x00, 0xa1, 0xff, 0x7e, 0x00, 0x00, 0x00, 0x00, 0x00, 0x27, 0xff, 0xf1, 0x05, 0x00, 0x00, 0x00,
    0x00, 0xd3, 0xff, 0x48, 0x00, 0x00, 0x00, 0x00, 0x00, 0x00, 0xf1, 0xff, 0x29, 0x00, 0x00, 0x00,
    0x00, 0xf6, 0xff, 0x2a, 0x00, 0x00, 0x00, 0x00, 0x00, 0x00, 0xd4, 0xff, 0x4c, 0x00, 0x00, 0x00,
    0x05, 0xff, 0xff, 0x1b, 0x00, 0x00, 0x00, 0x00, 0x00, 0x00, 0xc5, 0xff, 0x5c, 0x00, 0x00, 0x00,
    0x0d, 0xff, 0xff, 0x15, 0x00, 0x00, 0x00, 0x00, 0x00, 0x00, 0xbe, 0xff, 0x64, 0x00, 0x00, 0x00,
    0x05, 0xff, 0xff, 0x1b, 0x00, 0x00, 0x00, 0x00, 0x00, 0x00, 0xc5, 0xff, 0x5b, 0x00, 0x00, 0x00,
    0x00, 0xf5, 0xff, 0x2b, 0x00, 0x00, 0x00, 0x00, 0x00, 0x00, 0xd6, 0xff, 0x4a, 0x00, 0x00, 0x00,
    0x00, 0xd0, 0xff, 0x4c, 0x00, 0x00, 0x00, 0x00, 0x00, 0x02, 0xf5, 0xff, 0x25, 0x00, 0x00, 0x00,
    0x00, 0x9b, 0xff, 0x84, 0x00, 0x00, 0x00, 0x00, 0x00, 0x32, 0xff, 0xeb, 0x02, 0x00, 0x00, 0x00,
    0x00, 0x4a, 0xff, 0xdf, 0x06, 0x00, 0x00, 0x00, 0x00, 0x96, 0xff, 0x9a, 0x00, 0x00, 0x00, 0x00,
    0x00, 0x01, 0xce, 0xff, 0x9f, 0x08, 0x00, 0x00, 0x59, 0xfd, 0xfa, 0x24, 0x00, 0x00, 0x00, 0x00,
    0x00, 0x00, 0x26, 0xea, 0xff, 0xee, 0xc3, 0xdc, 0xff, 0xfd, 0x5f, 0x00, 0x00, 0x00, 0x00, 0x00,
    0x00, 0x00, 0x00, 0x18, 0x94, 0xe0, 0xf9, 0xea, 0xb0, 0x39, 0x00, 0x00, 0x00, 0x00, 0x00, 0x00,

    /* U+0031 "1" */
    0x00, 0x00, 0x00, 0x03, 0x7d, 0xfb, 0xff, 0x28, 0x00, 0x00, 0x00, 0x00, 0x00, 0x00, 0x00, 0x00,
    0x00, 0x00, 0x21, 0xc4, 0xff, 0xff, 0xff, 0x28, 0x00, 0x00, 0x00, 0x00, 0x00, 0x00, 0x00, 0x00,
    0x00, 0x53, 0xf1, 0xfb, 0x79, 0xf8, 0xff, 0x28, 0x00, 0x00, 0x00, 0x00, 0x00, 0x00, 0x00, 0x00,
    0x00, 0xb0, 0xe1, 0x3a, 0x00, 0xf8, 0xff, 0x28, 0x00, 0x00, 0x00, 0x00, 0x00, 0x00, 0x00, 0x00,
    0x00, 0x65, 0x11, 0x00, 0x00, 0xf8, 0xff, 0x28, 0x00, 0x00, 0x00, 0x00, 0x00, 0x00, 0x00, 0x00,
    0x00, 0x00, 0x00, 0x00, 0x00, 0xf8, 0xff, 0x28, 0x00, 0x00, 0x00, 0x00, 0x00, 0x00, 0x00, 0x00,
    0x00, 0x00, 0x00, 0x00, 0x00, 0xf8, 0xff, 0x28, 0x00, 0x00, 0x00, 0x00, 0x00, 0x00, 0x00, 0x00,
    0x00, 0x00, 0x00, 0x00, 0x00, 0xf8, 0xff, 0x28, 0x00, 0x00, 0x00, 0x00, 0x00, 0x00, 0x00, 0x00,
    0x00, 0x00, 0x00, 0x00, 0x00, 0xf8, 0xff, 0x28, 0x00, 0x00, 0x00, 0x00, 0x00, 0x00, 0x00, 0x00,
    0x00, 0x00, 0x00, 0x00, 0x00, 0xf8, 0xff, 0x28, 0x00, 0x00, 0x00, 0x00, 0x00, 0x00, 0x00, 0x00,
    0x00, 0x00, 0x00, 0x00, 0x00, 0xf8, 0xff, 0x28, 0x00, 0x00, 0x00, 0x00, 0x00, 0x00, 0x00, 0x00,
    0x00, 0x00, 0x00, 0x00, 0x00, 0xf8, 0xff, 0x28, 0x00, 0x00, 0x00, 0x00, 0x00, 0x00, 0x00, 0x00,
    0x00, 0x00, 0x00, 0x00, 0x00, 0xf8, 0xff, 0x28, 0x00, 0x00, 0x00, 0x00, 0x00, 0x00, 0x00, 0x00,
    0x00, 0x00, 0x00, 0x00, 0x00, 0xf8, 0xff, 0x28, 0x00, 0x00, 0x00, 0x00, 0x00, 0x00, 0x00, 0x00,
    0x00, 0x00, 0x00, 0x00, 0x00, 0xf8, 0xff, 0x28, 0x00, 0x00, 0x00, 0x00, 0x00, 0x00, 0x00, 0x00,
    0x23, 0xcc, 0xcc, 0xcc, 0xcc, 0xfe, 0xff, 0xd4, 0xcc, 0xcc, 0xcc, 0x23, 0x00, 0x00, 0x00, 0x00,
    0x2c, 0xff, 0xff, 0xff, 0xff, 0xff, 0xff, 0xff, 0xff, 0xff, 0xff, 0x2c, 0x00, 0x00, 0x00, 0x00,

    /* U+0032 "2" */
    0x00, 0x00, 0x2a, 0x9f, 0xe1, 0xfa, 0xf1, 0xc9, 0x71, 0x05, 0x00, 0x00, 0x00, 0x00, 0x00, 0x00,
    0x00, 0x54, 0xf8, 0xff, 0xf1, 0xcb, 0xdf, 0xff, 0xff, 0xc3, 0x08, 0x00, 0x00, 0x00, 0x00, 0x00,
    0x1e, 0xf5, 0xff, 0x91, 0x09, 0x00, 0x00, 0x44, 0xf4, 0xff, 0x75, 0x00, 0x00, 0x00, 0x00, 0x00,
    0x80, 0xff, 0xcb, 0x01, 0x00, 0x00, 0x00, 0x00, 0x83, 0xff, 0xc4, 0x00, 0x00, 0x00, 0x00, 0x00,
    0x48, 0x81, 0x4f, 0x00, 0x00, 0x00, 0x00, 0x00, 0x53, 0xff, 0xdd, 0x00, 0x00, 0x00, 0x00, 0x00,
    0x00, 0x00, 0x00, 0x00, 0x00, 0x00, 0x00, 0x00, 0x67, 0xff, 0xc2, 0x00, 0x00, 0x00, 0x00, 0x00,
    0x00, 0x00, 0x00, 0x00, 0x00, 0x00, 0x00, 0x01, 0xc7, 0xff, 0x6c, 0x00, 0x00, 0x00, 0x00, 0x00,
    0x00, 0x00, 0x00, 0x00, 0x00, 0x00, 0x00, 0x7a, 0xff, 0xd5, 0x06, 0x00, 0x00, 0x00, 0x00, 0x00,
    0x00, 0x00, 0x00, 0x00, 0x00, 0x00, 0x79, 0xfe, 0xec, 0x27, 0x00, 0x00, 0x00, 0x00, 0x00, 0x00,
    0x00, 0x00, 0x00, 0x00, 0x04, 0x9b, 0xff, 0xe6, 0x2d, 0x00, 0x00, 0x00, 0x00, 0x00, 0x00, 0x00,
    0x00, 0x00, 0x00, 0x10, 0xbb, 0xff, 0xd4, 0x1f, 0x00, 0x00, 0x00, 0x00, 0x00, 0x00, 0x00, 0x00,
    0x00, 0x00, 0x10, 0xd0, 0xff, 0xb8, 0x0e, 0x00, 0x00, 0x00, 0x00, 0x00, 0x00, 0x00, 0x00, 0x00,
    0x00, 0x0a, 0xc4, 0xff, 0xa0, 0x04, 0x00, 0x00, 0x00, 0x00, 0x00, 0x00, 0x00, 0x00, 0x00, 0x00,
    0x00, 0xa2, 0xff, 0xa9, 0x02, 0x00, 0x00, 0x00, 0x00, 0x00, 0x00, 0x00, 0x00, 0x00, 0x00, 0x00,
    0x45, 0xff, 0xe1, 0x0b, 0x00, 0x00, 0x00, 0x00, 0x00, 0x00, 0x00, 0x00, 0x00, 0x00, 0x00, 0x00,
    0xba, 0xff, 0xea, 0xcc, 0xcc, 0xcc, 0xcc, 0xcc, 0xcc, 0xcc, 0xcc, 0x1c, 0x00, 0x00, 0x00, 0x00,
    0xcc, 0xff, 0xff, 0xff, 0xff, 0xff, 0xff, 0xff, 0xff, 0xff, 0xff, 0x24, 0x00, 0x00, 0x00, 0x00,

    /* U+0033 "3" */
    0x00, 0x00, 0x00, 0x44, 0xb0, 0xe8, 0xfb, 0xf0, 0xc6, 0x6e, 0x05, 0x00, 0x00, 0x00, 0x00, 0x00,
    0x00, 0x00, 0x85, 0xff, 0xff, 0xe8, 0xc9, 0xe0, 0xff, 0xff, 0xc4, 0x09, 0x00, 0x00, 0x00, 0x00,
    0x00, 0x44, 0xff, 0xfc, 0x60, 0x01, 0x00, 0x00, 0x44, 0xf4, 0xff, 0x7a, 0x00, 0x00, 0x00, 0x00,
    0x00, 0xa6, 0xff, 0x93, 0x00, 0x00, 0x00, 0x00, 0x00, 0x86, 0xff, 0xc3, 0x00, 0x00, 0x00, 0x00,
    0x00, 0x2b, 0x49, 0x1f, 0x00, 0x00, 0x00, 0x00, 0x00, 0x60, 0xff, 0xca, 0x00, 0x00, 0x00, 0x00,
    0x00, 0x00, 0x00, 0x00, 0x00, 0x00, 0x00, 0x00, 0x00, 0x99, 0xff, 0x9a, 0x00, 0x00, 0x00, 0x00,
    0x00, 0x00, 0x00, 0x00, 0x00, 0x00, 0x00, 0x0d, 0x79, 0xfe, 0xee, 0x1f, 0x00, 0x00, 0x00, 0x00,
    0x00, 0x00, 0x00, 0x00, 0x1b, 0xd8, 0xe5, 0xfd, 0xef, 0xa1, 0x1e, 0x00, 0x00, 0x00, 0x00, 0x00,
    0x00, 0x00, 0x00, 0x00, 0x20, 0xff, 0xff, 0xff, 0xeb, 0xa9, 0x36, 0x00, 0x00, 0x00, 0x00, 0x00,
    0x00, 0x00, 0x00, 0x00, 0x00, 0x00, 0x0c, 0x2c, 0x88, 0xf6, 0xfb, 0x5d, 0x00, 0x00, 0x00, 0x00,
    0x00, 0x00, 0x00, 0x00, 0x00, 0x00, 0x00, 0x00, 0x00, 0x53, 0xff, 0xf0, 0x0b, 0x00, 0x00, 0x00,
    0x00, 0x00, 0x00, 0x00, 0x00, 0x00, 0x00, 0x00, 0x00, 0x01, 0xf1, 0xff, 0x3d, 0x00, 0x00, 0x00,
    0x03, 0xa7, 0xc1, 0x2b, 0x00, 0x00, 0x00, 0x00, 0x00, 0x02, 0xf7, 0xff, 0x41, 0x00, 0x00, 0x00,
    0x00, 0xd3, 0xff, 0x85, 0x00, 0x00, 0x00, 0x00, 0x00, 0x39, 0xff, 0xff, 0x1c, 0x00, 0x00, 0x00,
    0x00, 0x66, 0xff, 0xfb, 0x5f, 0x01, 0x00, 0x00, 0x2e, 0xd7, 0xff, 0xbe, 0x00, 0x00, 0x00, 0x00,
    0x00, 0x01, 0xa0, 0xff, 0xff, 0xea, 0xc9, 0xdd, 0xfd, 0xff, 0xe2, 0x21, 0x00, 0x00, 0x00, 0x00,
    0x00, 0x00, 0x00, 0x50, 0xb4, 0xe9, 0xfb, 0xf3, 0xce, 0x81, 0x11, 0x00, 0x00, 0x00, 0x00, 0x00,

    /* U+0034 "4" */
    0x00, 0x00, 0x00, 0x00, 0x00, 0x00, 0x00, 0x3b, 0xfd, 0xff, 0x54, 0x00, 0x00, 0x00, 0x00, 0x00,
    0x00, 0x00, 0x00, 0x00, 0x00, 0x00, 0x09, 0xda, 0xff, 0xff, 0x54, 0x00, 0x00, 0x00, 0x00, 0x00,
    0x00, 0x00, 0x00, 0x00, 0x00, 0x00, 0x8e, 0xff, 0xea, 0xff, 0x54, 0x00, 0x00, 0x00, 0x00, 0x00,
    0x00, 0x00, 0x00, 0x00, 0x00, 0x3a, 0xfd, 0xbf, 0xac, 0xff, 0x54, 0x00, 0x00, 0x00, 0x00, 0x00,
    0x00, 0x00, 0x00, 0x00, 0x09, 0xd9, 0xf6, 0x25, 0xac, 0xff, 0x54, 0x00, 0x00, 0x00, 0x00, 0x00,
    0x00, 0x00, 0x00, 0x00, 0x8e, 0xff, 0x71, 0x00, 0xac, 0xff, 0x54, 0x00, 0x00, 0x00, 0x00, 0x00,
    0x00, 0x00, 0x00, 0x3a, 0xfd, 0xc4, 0x02, 0x00, 0xac, 0xff, 0x54, 0x00, 0x00, 0x00, 0x00, 0x00,
    0x00, 0x00, 0x09, 0xd9, 0xf6, 0x25, 0x00, 0x00, 0xac, 0xff, 0x54, 0x00, 0x00, 0x00, 0x00, 0x00,
    0x00, 0x00, 0x8d, 0xff, 0x72, 0x00, 0x00, 0x00, 0xac, 0xff, 0x54, 0x00, 0x00, 0x00, 0x00, 0x00,
    0x00, 0x39, 0xfd, 0xc5, 0x02, 0x00, 0x00, 0x00, 0xac, 0xff, 0x54, 0x00, 0x00, 0x00, 0x00, 0x00,
    0x08, 0xd8, 0xf4, 0x25, 0x00, 0x00, 0x00, 0x00, 0xac, 0xff, 0x54, 0x00, 0x00, 0x00, 0x00, 0x00,
    0x69, 0xff, 0xe0, 0xac, 0xac, 0xac, 0xac, 0xac, 0xe4, 0xff, 0xc7, 0xac, 0x6e, 0x00, 0x00, 0x00,
    0x74, 0xff, 0xff, 0xff, 0xff, 0xff, 0xff, 0xff, 0xff, 0xff, 0xff, 0xff, 0xa4, 0x00, 0x00, 0x00,
    0x00, 0x00, 0x00, 0x00, 0x00, 0x00, 0x00, 0x00, 0xac, 0xff, 0x54, 0x00, 0x00, 0x00, 0x00, 0x00,
    0x00, 0x00, 0x00, 0x00, 0x00, 0x00, 0x00, 0x00, 0xac, 0xff, 0x54, 0x00, 0x00, 0x00, 0x00, 0x00,
    0x00, 0x00, 0x00, 0x00, 0x00, 0x00, 0x00, 0x00, 0xac, 0xff, 0x54, 0x00, 0x00, 0x00, 0x00, 0x00,
    0x00, 0x00, 0x00, 0x00, 0x00, 0x00, 0x00, 0x00, 0xac, 0xff, 0x54, 0x00, 0x00, 0x00, 0x00, 0x00,

    /* U+0035 "5" */
    0x00, 0x07, 0xff, 0xff, 0xff, 0xff, 0xff, 0xff, 0xff, 0xff, 0xff, 0x60, 0x00, 0x00, 0x00, 0x00,
    0x00, 0x18, 0xff, 0xfb, 0xcc, 0xcc, 0xcc, 0xcc, 0xcc, 0xcc, 0xcc, 0x4c, 0x00, 0x00, 0x00, 0x00,
    0x00, 0x28, 0xff, 0xe0, 0x00, 0x00, 0x00, 0x00, 0x00, 0x00, 0x00, 0x00, 0x00, 0x00, 0x00, 0x00,
    0x00, 0x37, 0xff, 0xd1, 0x00, 0x00, 0x00, 0x00, 0x00, 0x00, 0x00, 0x00, 0x00, 0x00, 0x00, 0x00,
    0x00, 0x47, 0xff, 0xc2, 0x00, 0x00, 0x00, 0x00, 0x00, 0x00, 0x00, 0x00, 0x00, 0x00, 0x00, 0x00,
    0x00, 0x57, 0xff, 0xb3, 0x00, 0x00, 0x00, 0x00, 0x00, 0x00, 0x00, 0x00, 0x00, 0x00, 0x00, 0x00,
    0x00, 0x66, 0xff, 0xa4, 0x33, 0x8c, 0xb2, 0xb2, 0x8e, 0x3a, 0x00, 0x00, 0x00, 0x00, 0x00, 0x00,
    0x00, 0x76, 0xff, 0xeb, 0xff, 0xff, 0xff, 0xff, 0xff, 0xff, 0x9e, 0x03, 0x00, 0x00, 0x00, 0x00,
    0x00, 0x86, 0xff, 0xf9, 0x82, 0x23, 0x07, 0x26, 0x85, 0xfa, 0xff, 0x84, 0x00, 0x00, 0x00, 0x00,
    0x00, 0x18, 0x2c, 0x1b, 0x00, 0x00, 0x00, 0x00, 0x00, 0x73, 0xff, 0xf6, 0x0c, 0x00, 0x00, 0x00,
    0x00, 0x00, 0x00, 0x00, 0x00, 0x00, 0x00, 0x00, 0x00, 0x06, 0xfb, 0xff, 0x41, 0x00, 0x00, 0x00,
    0x00, 0x00, 0x00, 0x00, 0x00, 0x00, 0x00, 0x00, 0x00, 0x00, 0xe2, 0xff, 0x52, 0x00, 0x00, 0x00,
    0x00, 0x02, 0x1a, 0x05, 0x00, 0x00, 0x00, 0x00, 0x00, 0x05, 0xfb, 0xff, 0x3e, 0x00, 0x00, 0x00,
    0x00, 0xe2, 0xff, 0x63, 0x00, 0x00, 0x00, 0x00, 0x00, 0x5c, 0xff, 0xf7, 0x0a, 0x00, 0x00, 0x00,
    0x00, 0x85, 0xff, 0xf0, 0x44, 0x00, 0x00, 0x00, 0x3d, 0xeb, 0xff, 0x8c, 0x00, 0x00, 0x00, 0x00,
    0x00, 0x08, 0xc0, 0xff, 0xff, 0xdf, 0xc2, 0xd9, 0xff, 0xff, 0xb6, 0x06, 0x00, 0x00, 0x00, 0x00,
    0x00, 0x00, 0x03, 0x58, 0xbc, 0xe2, 0xfa, 0xed, 0xbc, 0x5e, 0x02, 0x00, 0x00, 0x00, 0x00, 0x00,

    /* U+0036 "6" */
    0x00, 0x00, 0x00, 0x51, 0xbd, 0xee, 0xf3, 0xd2, 0x79, 0x0c, 0x00, 0x00, 0x00, 0x00, 0x00, 0x00,
    0x00, 0x00, 0x8c, 0xff, 0xfe, 0xcd, 0xc5, 0xf6, 0xff, 0xc3, 0x0a, 0x00, 0x00, 0x00, 0x00, 0x00,
    0x00, 0x57, 0xff, 0xe5, 0x30, 0x00, 0x00, 0x18, 0xd3, 0xff, 0x75, 0x00, 0x00, 0x00, 0x00, 0x00,
    0x01, 0xdc, 0xff, 0x44, 0x00, 0x00, 0x00, 0x00, 0x3a, 0x93, 0x52, 0x00, 0x00, 0x00, 0x00, 0x00,
    0x37, 0xff, 0xd2, 0x00, 0x00, 0x00, 0x00, 0x00, 0x00, 0x00, 0x00, 0x00, 0x00, 0x00, 0x00, 0x00,
    0x76, 0xff, 0x8e, 0x00, 0x00, 0x00, 0x00, 0x00, 0x00, 0x00, 0x00, 0x00, 0x00, 0x00, 0x00, 0x00,
    0xa0, 0xff, 0x67, 0x28, 0xa6, 0xe8, 0xf9, 0xdd, 0x8c, 0x12, 0x00, 0x00, 0x00, 0x00, 0x00, 0x00,
    0xb8, 0xff, 0x89, 0xf4, 0xe3, 0xb2, 0xc3, 0xf6, 0xff, 0xdb, 0x16, 0x00, 0x00, 0x00, 0x00, 0x00,
    0xc3, 0xff, 0xfc, 0x8a, 0x05, 0x00, 0x00, 0x23, 0xd6, 0xff, 0xa7, 0x00, 0x00, 0x00, 0x00, 0x00,
    0xc1, 0xff, 0xd2, 0x02, 0x00, 0x00, 0x00, 0x00, 0x40, 0xff, 0xfc, 0x0f, 0x00, 0x00, 0x00, 0x00,
    0xb3, 0xff, 0x99, 0x00, 0x00, 0x00, 0x00, 0x00, 0x01, 0xf7, 0xff, 0x3b, 0x00, 0x00, 0x00, 0x00,
    0x91, 0xff, 0x9c, 0x00, 0x00, 0x00, 0x00, 0x00, 0x00, 0xe1, 0xff, 0x46, 0x00, 0x00, 0x00, 0x00,
    0x5c, 0xff, 0xc3, 0x00, 0x00, 0x00, 0x00, 0x00, 0x03, 0xfa, 0xff, 0x31, 0x00, 0x00, 0x00, 0x00,
    0x11, 0xf8, 0xfe, 0x30, 0x00, 0x00, 0x00, 0x00, 0x50, 0xff, 0xf2, 0x05, 0x00, 0x00, 0x00, 0x00,
    0x00, 0x8c, 0xff, 0xd0, 0x1b, 0x00, 0x00, 0x23, 0xde, 0xff, 0x89, 0x00, 0x00, 0x00, 0x00, 0x00,
    0x00, 0x08, 0xbf, 0xff, 0xf7, 0xbf, 0xc5, 0xfa, 0xff, 0xc2, 0x08, 0x00, 0x00, 0x00, 0x00, 0x00,
    0x00, 0x00, 0x04, 0x71, 0xce, 0xf4, 0xf5, 0xce, 0x73, 0x07, 0x00, 0x00, 0x00, 0x00, 0x00, 0x00,

    /* U+0037 "7" */
    0xc4, 0xff, 0xff, 0xff, 0xff, 0xff, 0xff, 0xff, 0xff, 0xff, 0xff, 0x24, 0x00, 0x00, 0x00, 0x00,
    0x9c, 0xcc, 0xcc, 0xcc, 0xcc, 0xcc, 0xcc, 0xcc, 0xcc, 0xfd, 0xff, 0x1e, 0x00, 0x00, 0x00, 0x00,
    0x00, 0x00, 0x00, 0x00, 0x00, 0x00, 0x00, 0x00, 0x57, 0xff, 0xa7, 0x00, 0x00, 0x00, 0x00, 0x00,
    0x00, 0x00, 0x00, 0x00, 0x00, 0x00, 0x00, 0x11, 0xe8, 0xf0, 0x18, 0x00, 0x00, 0x00, 0x00, 0x00,
    0x00, 0x00, 0x00, 0x00, 0x00, 0x00, 0x00, 0x96, 0xff, 0x70, 0x00, 0x00, 0x00, 0x00, 0x00, 0x00,
    0x00, 0x00, 0x00, 0x00, 0x00, 0x00, 0x2c, 0xfc, 0xd8, 0x04, 0x00, 0x00, 0x00, 0x00, 0x00, 0x00,
    0x00, 0x00, 0x00, 0x00, 0x00, 0x00, 0xb6, 0xff, 0x4f, 0x00, 0x00, 0x00, 0x00, 0x00, 0x00, 0x00,
    0x00, 0x00, 0x00, 0x00, 0x00, 0x37, 0xff, 0xcc, 0x00, 0x00, 0x00, 0x00, 0x00, 0x00, 0x00, 0x00,
    0x00, 0x00, 0x00, 0x00, 0x00, 0xb1, 0xff, 0x5a, 0x00, 0x00, 0x00, 0x00, 0x00, 0x00, 0x00, 0x00,
    0x00, 0x00, 0x00, 0x00, 0x1f, 0xfd, 0xeb, 0x07, 0x00, 0x00, 0x00, 0x00, 0x00, 0x00, 0x00, 0x00,
    0x00, 0x00, 0x00, 0x00, 0x80, 0xff, 0x93, 0x00, 0x00, 0x00, 0x00, 0x00, 0x00, 0x00, 0x00, 0x00,
    0x00, 0x00, 0x00, 0x00, 0xd4, 0xff, 0x47, 0x00, 0x00, 0x00, 0x00, 0x00, 0x00, 0x00, 0x00, 0x00,
    0x00, 0x00, 0x00, 0x1b, 0xff, 0xf9, 0x07, 0x00, 0x00, 0x00, 0x00, 0x00, 0x00, 0x00, 0x00, 0x00,
    0x00, 0x00, 0x00, 0x57, 0xff, 0xd1, 0x00, 0x00, 0x00, 0x00, 0x00, 0x00, 0x00, 0x00, 0x00, 0x00,
    0x00, 0x00, 0x00, 0x83, 0xff, 0xa6, 0x00, 0x00, 0x00, 0x00, 0x00, 0x00, 0x00, 0x00, 0x00, 0x00,
    0x00, 0x00, 0x00, 0xa3, 0xff, 0x91, 0x00, 0x00, 0x00, 0x00, 0x00, 0x00, 0x00, 0x00, 0x00, 0x00,
    0x00, 0x00, 0x00, 0xb2, 0xff, 0x83, 0x00, 0x00, 0x00, 0x00, 0x00, 0x00, 0x00, 0x00, 0x00, 0x00,

    /* U+0038 "8" */
    0x00, 0x00, 0x3b, 0xac, 0xe6, 0xfb, 0xf0, 0xc5, 0x6a, 0x04, 0x00, 0x00, 0x00, 0x00, 0x00, 0x00,
    0x00, 0x6f, 0xfe, 0xff, 0xc1, 0x9d, 0xb1, 0xf3, 0xff, 0xbf, 0x08, 0x00, 0x00, 0x00, 0x00, 0x00,
    0x28, 0xfc, 0xfe, 0x49, 0x00, 0x00, 0x00, 0x19, 0xe1, 0xff, 0x7b, 0x00, 0x00, 0x00, 0x00, 0x00,
    0x78, 0xff, 0xbf, 0x00, 0x00, 0x00, 0x00, 0x00, 0x73, 0xff, 0xcb, 0x00, 0x00, 0x00, 0x00, 0x00,
    0x86, 0xff, 0xa1, 0x00, 0x00, 0x00, 0x00, 0x00, 0x55, 0xff, 0xda, 0x00, 0x00, 0x00, 0x00, 0x00,
    0x5f, 0xff, 0xc6, 0x00, 0x00, 0x00, 0x00, 0x00, 0x75, 0xff, 0xb3, 0x00, 0x00, 0x00, 0x00, 0x00,
    0x0a, 0xe8, 0xff, 0x5a, 0x00, 0x00, 0x00, 0x19, 0xe3, 0xff, 0x46, 0x00, 0x00, 0x00, 0x00, 0x00,
    0x00, 0x2f, 0xdb, 0xff, 0xc6, 0x9d, 0xb0, 0xf3, 0xf1, 0x69, 0x00, 0x00, 0x00, 0x00, 0x00, 0x00,
    0x00, 0x0a, 0x74, 0xf0, 0xff, 0xff, 0xff, 0xff, 0xa0, 0x2f, 0x00, 0x00, 0x00, 0x00, 0x00, 0x00,
    0x0f, 0xce, 0xff, 0x9e, 0x2c, 0x0a, 0x1d, 0x67, 0xed, 0xf7, 0x4c, 0x00, 0x00, 0x00, 0x00, 0x00,
    0x8b, 0xff, 0xaa, 0x00, 0x00, 0x00, 0x00, 0x00, 0x4d, 0xff, 0xe5, 0x08, 0x00, 0x00, 0x00, 0x00,
    0xd6, 0xff, 0x51, 0x00, 0x00, 0x00, 0x00, 0x00, 0x03, 0xf8, 0xff, 0x33, 0x00, 0x00, 0x00, 0x00,
    0xed, 0xff, 0x47, 0x00, 0x00, 0x00, 0x00, 0x00, 0x00, 0xf4, 0xff, 0x47, 0x00, 0x00, 0x00, 0x00,
    0xcd, 0xff, 0x7a, 0x00, 0x00, 0x00, 0x00, 0x00, 0x23, 0xff, 0xff, 0x26, 0x00, 0x00, 0x00, 0x00,
    0x71, 0xff, 0xf0, 0x33, 0x00, 0x00, 0x00, 0x0d, 0xb5, 0xff, 0xca, 0x00, 0x00, 0x00, 0x00, 0x00,
    0x05, 0xb0, 0xff, 0xfd, 0xc3, 0xa1, 0xb3, 0xea, 0xff, 0xe8, 0x29, 0x00, 0x00, 0x00, 0x00, 0x00,
    0x00, 0x01, 0x5a, 0xb8, 0xea, 0xfb, 0xf3, 0xd0, 0x85, 0x14, 0x00, 0x00, 0x00, 0x00, 0x00, 0x00,

    /* U+0039 "9" */
    0x00, 0x00, 0x38, 0xaa, 0xe6, 0xfa, 0xe9, 0xab, 0x32, 0x00, 0x00, 0x00, 0x00, 0x00, 0x00, 0x00,
    0x00, 0x68, 0xfd, 0xff, 0xe2, 0xbe, 0xe0, 0xff, 0xfb, 0x51, 0x00, 0x00, 0x00, 0x00, 0x00, 0x00,
    0x2c, 0xfb, 0xff, 0x73, 0x01, 0x00, 0x00, 0x6f, 0xff, 0xf3, 0x16, 0x00, 0x00, 0x00, 0x00, 0x00,
    0x94, 0xff, 0xba, 0x00, 0x00, 0x00, 0x00, 0x00, 0xb5, 0xff, 0x82, 0x00, 0x00, 0x00, 0x00, 0x00,
    0xcb, 0xff, 0x68, 0x00, 0x00, 0x00, 0x00, 0x00, 0x4c, 0xff, 0xd1, 0x00, 0x00, 0x00, 0x00, 0x00,
    0xdb, 0xff, 0x4c, 0x00, 0x00, 0x00, 0x00, 0x00, 0x27, 0xff, 0xfb, 0x05, 0x00, 0x00, 0x00, 0x00,
    0xcc, 0xff, 0x67, 0x00, 0x00, 0x00, 0x00, 0x00, 0x22, 0xff, 0xff, 0x22, 0x00, 0x00, 0x00, 0x00,
    0x97, 0xff, 0xb5, 0x00, 0x00, 0x00, 0x00, 0x00, 0x6e, 0xff, 0xff, 0x2f, 0x00, 0x00, 0x00, 0x00,
    0x33, 0xfe, 0xff, 0x66, 0x00, 0x00, 0x00, 0x48, 0xf2, 0xf9, 0xff, 0x33, 0x00, 0x00, 0x00, 0x00,
    0x00, 0x7f, 0xff, 0xff, 0xd6, 0xb1, 0xd3, 0xff, 0x87, 0xec, 0xff, 0x27, 0x00, 0x00, 0x00, 0x00,
    0x00, 0x00, 0x54, 0xc4, 0xf4, 0xf1, 0xc3, 0x56, 0x06, 0xfc, 0xff, 0x11, 0x00, 0x00, 0x00, 0x00,
    0x00, 0x00, 0x00, 0x00, 0x00, 0x00, 0x00, 0x00, 0x2e, 0xff, 0xe6, 0x00, 0x00, 0x00, 0x00, 0x00,
    0x00, 0x00, 0x00, 0x00, 0x00, 0x00, 0x00, 0x00, 0x76, 0xff, 0xa5, 0x00, 0x00, 0x00, 0x00, 0x00,
    0x3f, 0xaa, 0x87, 0x00, 0x00, 0x00, 0x00, 0x09, 0xdf, 0xff, 0x4a, 0x00, 0x00, 0x00, 0x00, 0x00,
    0x2a, 0xfe, 0xfa, 0x4d, 0x00, 0x00, 0x0a, 0xaa, 0xff, 0xc2, 0x00, 0x00, 0x00, 0x00, 0x00, 0x00,
    0x00, 0x8a, 0xff, 0xff, 0xd2, 0xbd, 0xee, 0xff, 0xdc, 0x19, 0x00, 0x00, 0x00, 0x00, 0x00, 0x00,
    0x00, 0x00, 0x57, 0xc1, 0xea, 0xf7, 0xd8, 0x85, 0x0d, 0x00, 0x00, 0x00, 0x00, 0x00, 0x00, 0x00,

    /* U+003A ":" */
    0xd0, 0xff, 0x7c, 0x00, 0x00, 0x00, 0x00, 0x00, 0x00, 0x00, 0x00, 0x00, 0x00, 0x00, 0x00, 0x00,
    0xd0, 0xff, 0x7c, 0x00, 0x00, 0x00, 0x00, 0x00, 0x00, 0x00, 0x00, 0x00, 0x00, 0x00, 0x00, 0x00,
    0x5b, 0x70, 0x36, 0x00, 0x00, 0x00, 0x00, 0x00, 0x00, 0x00, 0x00, 0x00, 0x00, 0x00, 0x00, 0x00,
    0x00, 0x00, 0x00, 0x00, 0x00, 0x00, 0x00, 0x00, 0x00, 0x00, 0x00, 0x00, 0x00, 0x00, 0x00, 0x00,
    0x00, 0x00, 0x00, 0x00, 0x00, 0x00, 0x00, 0x00, 0x00, 0x00, 0x00, 0x00, 0x00, 0x00, 0x00, 0x00,
    0x00, 0x00, 0x00, 0x00, 0x00, 0x00, 0x00, 0x00, 0x00, 0x00, 0x00, 0x00, 0x00, 0x00, 0x00, 0x00,
    0x00, 0x00, 0x00, 0x00, 0x00, 0x00, 0x00, 0x00, 0x00, 0x00, 0x00, 0x00, 0x00, 0x00, 0x00, 0x00,
    0x00, 0x00, 0x00, 0x00, 0x00, 0x00, 0x00, 0x00, 0x00, 0x00, 0x00, 0x00, 0x00, 0x00, 0x00, 0x00,
    0x00, 0x00, 0x00, 0x00, 0x00, 0x00, 0x00, 0x00, 0x00, 0x00, 0x00, 0x00, 0x00, 0x00, 0x00, 0x00,
    0x00, 0x00, 0x00, 0x00, 0x00, 0x00, 0x00, 0x00, 0x00, 0x00, 0x00, 0x00, 0x00, 0x00, 0x00, 0x00,
    0x5b, 0x70, 0x36, 0x00, 0x00, 0x00, 0x00, 0x00, 0x00, 0x00, 0x00, 0x00, 0x00, 0x00, 0x00, 0x00,
    0xd0, 0xff, 0x7c, 0x00, 0x00, 0x00, 0x00, 0x00, 0x00, 0x00, 0x00, 0x00, 0x00, 0x00, 0x00, 0x00,
    0xd0, 0xff, 0x7c, 0x00, 0x00, 0x00, 0x00, 0x00, 0x00, 0x00, 0x00, 0x00, 0x00, 0x00, 0x00, 0x00,

    /* U+0041 "A" */
    0x00, 0x00, 0x00, 0x00, 0x00, 0x00, 0x6b, 0xff, 0xff, 0x85, 0x00, 0x00, 0x00, 0x00, 0x00, 0x00,
    0x00, 0x00, 0x00, 0x00, 0x00, 0x00, 0xd0, 0xff, 0xff, 0xe5, 0x03, 0x00, 0x00, 0x00, 0x00, 0x00,
    0x00, 0x00, 0x00, 0x00, 0x00, 0x36, 0xff, 0xd9, 0xcb, 0xff, 0x4d, 0x00, 0x00, 0x00, 0x00, 0x00,
    0x00, 0x00, 0x00, 0x00, 0x00, 0x9b, 0xff, 0x84, 0x73, 0xff, 0xb1, 0x00, 0x00, 0x00, 0x00, 0x00,
    0x00, 0x00, 0x00, 0x00, 0x0d, 0xf3, 0xff, 0x29, 0x1a, 0xfd, 0xfb, 0x19, 0x00, 0x00, 0x00, 0x00,
    0x00, 0x00, 0x00, 0x00, 0x66, 0xff, 0xc8, 0x00, 0x00, 0xb7, 0xff, 0x79, 0x00, 0x00, 0x00, 0x00,
    0x00, 0x00, 0x00, 0x00, 0xcb, 0xff, 0x65, 0x00, 0x00, 0x54, 0xff, 0xdc, 0x01, 0x00, 0x00, 0x00,
    0x00, 0x00, 0x00, 0x30, 0xff, 0xf5, 0x0e, 0x00, 0x00, 0x06, 0xeb, 0xff, 0x41, 0x00, 0x00, 0x00,
    0x00, 0x00, 0x00, 0x96, 0xff, 0xa0, 0x00, 0x00, 0x00, 0x00, 0x8e, 0xff, 0xa5, 0x00, 0x00, 0x00,
    0x00, 0x00, 0x0a, 0xf0, 0xff, 0x3d, 0x00, 0x00, 0x00, 0x00, 0x2a, 0xff, 0xf7, 0x11, 0x00, 0x00,
    0x00, 0x00, 0x61, 0xff, 0xff, 0xc0, 0xc0, 0xc0, 0xc0, 0xc0, 0xc0, 0xfb, 0xff, 0x6d, 0x00, 0x00,
    0x00, 0x00, 0xc6, 0xff, 0xff, 0xff, 0xff, 0xff, 0xff, 0xff, 0xff, 0xff, 0xff, 0xd1, 0x00, 0x00,
    0x00, 0x2c, 0xff, 0xfb, 0x17, 0x00, 0x00, 0x00, 0x00, 0x00, 0x00, 0x0e, 0xf6, 0xff, 0x35, 0x00,
    0x00, 0x91, 0xff, 0xb2, 0x00, 0x00, 0x00, 0x00, 0x00, 0x00, 0x00, 0x00, 0xa5, 0xff, 0x99, 0x00,
    0x08, 0xee, 0xff, 0x51, 0x00, 0x00, 0x00, 0x00, 0x00, 0x00, 0x00, 0x00, 0x45, 0xff, 0xf2, 0x0b,
    0x5c, 0xff, 0xeb, 0x05, 0x00, 0x00, 0x00, 0x00, 0x00, 0x00, 0x00, 0x00, 0x02, 0xe2, 0xff, 0x61,
    0xc1, 0xff, 0x90, 0x00, 0x00, 0x00, 0x00, 0x00, 0x00, 0x00, 0x00, 0x00, 0x00, 0x84, 0xff, 0xc5,

    /* U+0042 "B" */
    0x08, 0xff, 0xff, 0xff, 0xff, 0xff, 0xff, 0xf9, 0xe6, 0xb9, 0x64, 0x04, 0x00, 0x00, 0x00, 0x00,
    0x08, 0xff, 0xff, 0xd6, 0xcc, 0xcc, 0xcc, 0xda, 0xf5, 0xff, 0xff, 0xc5, 0x08, 0x00, 0x00, 0x00,
    0x08, 0xff, 0xff, 0x34, 0x00, 0x00, 0x00, 0x00, 0x07, 0x6a, 0xfd, 0xff, 0x75, 0x00, 0x00, 0x00,
    0x08, 0xff, 0xff, 0x34, 0x00, 0x00, 0x00, 0x00, 0x00, 0x00, 0xa7, 0xff, 0xb7, 0x00, 0x00, 0x00,
    0x08, 0xff, 0xff, 0x34, 0x00, 0x00, 0x00, 0x00, 0x00, 0x00, 0x84, 0xff, 0xb8, 0x00, 0x00, 0x00,
    0x08, 0xff, 0xff, 0x34, 0x00, 0x00, 0x00, 0x00, 0x00, 0x00, 0xb3, 0xff, 0x86, 0x00, 0x00, 0x00,
    0x08, 0xff, 0xff, 0x34, 0x00, 0x00, 0x00, 0x00, 0x05, 0x70, 0xff, 0xea, 0x16, 0x00, 0x00, 0x00,
    0x08, 0xff, 0xff, 0xcd, 0xc0, 0xc0, 0xc0, 0xce, 0xf0, 0xfc, 0xb2, 0x23, 0x00, 0x00, 0x00, 0x00,
    0x08, 0xff, 0xff, 0xff, 0xff, 0xff, 0xff, 0xff, 0xff, 0xf8, 0xbd, 0x65, 0x01, 0x00, 0x00, 0x00,
    0x08, 0xff, 0xff, 0x34, 0x00, 0x00, 0x00, 0x02, 0x15, 0x4e, 0xcd, 0xff, 0xb1, 0x03, 0x00, 0x00,
    0x08, 0xff, 0xff, 0x34, 0x00, 0x00, 0x00, 0x00, 0x00, 0x00, 0x0b, 0xe1, 0xff, 0x62, 0x00, 0x00,
    0x08, 0xff, 0xff, 0x34, 0x00, 0x00, 0x00, 0x00, 0x00, 0x00, 0x00, 0x93, 0xff, 0xac, 0x00, 0x00,
    0x08, 0xff, 0xff, 0x34, 0x00, 0x00, 0x00, 0x00, 0x00, 0x00, 0x00, 0x98, 0xff, 0xb7, 0x00, 0x00,
    0x08, 0xff, 0xff, 0x34, 0x00, 0x00, 0x00, 0x00, 0x00, 0x00, 0x04, 0xd6, 0xff, 0x91, 0x00, 0x00,
    0x08, 0xff, 0xff, 0x34, 0x00, 0x00, 0x00, 0x00, 0x00, 0x14, 0x9f, 0xff, 0xfc, 0x2e, 0x00, 0x00,
    0x08, 0xff, 0xff, 0xd6, 0xcc, 0xcc, 0xcc, 0xcd, 0xdb, 0xfd, 0xff, 0xf9, 0x61, 0x00, 0x00, 0x00,
    0x08, 0xff, 0xff, 0xff, 0xff, 0xff, 0xff, 0xff, 0xf4, 0xd4, 0x93, 0x27, 0x00, 0x00, 0x00, 0x00,

    /* U+0043 "C" */
    0x00, 0x00, 0x00, 0x00, 0x3d, 0x99, 0xd6, 0xf0, 0xfb, 0xeb, 0xc2, 0x78, 0x13, 0x00, 0x00, 0x00,
    0x00, 0x00, 0x0e, 0xb0, 0xff, 0xff, 0xff, 0xea, 0xe0, 0xfa, 0xff, 0xff, 0xee, 0x44, 0x00, 0x00,
    0x00, 0x09, 0xce, 0xff, 0xf5, 0x7b, 0x19, 0x00, 0x00, 0x02, 0x48, 0xc6, 0xff, 0xfb, 0x48, 0x00,
    0x00, 0x92, 0xff, 0xf3, 0x36, 0x00, 0x00, 0x00, 0x00, 0x00, 0x00, 0x06, 0xaf, 0xff, 0xdd, 0x08,
    0x17, 0xf8, 0xff, 0x6c, 0x00, 0x00, 0x00, 0x00, 0x00, 0x00, 0x00, 0x00, 0x18, 0xac, 0x5d, 0x09,
    0x65, 0xff, 0xef, 0x08, 0x00, 0x00, 0x00, 0x00, 0x00, 0x00, 0x00, 0x00, 0x00, 0x00, 0x00, 0x00,
    0x9e, 0xff, 0xb3, 0x00, 0x00, 0x00, 0x00, 0x00, 0x00, 0x00, 0x00, 0x00, 0x00, 0x00, 0x00, 0x00,
    0xb7, 0xff, 0x8f, 0x00, 0x00, 0x00, 0x00, 0x00, 0x00, 0x00, 0x00, 0x00, 0x00, 0x00, 0x00, 0x00,
    0xc2, 0xff, 0x84, 0x00, 0x00, 0x00, 0x00, 0x00, 0x00, 0x00, 0x00, 0x00, 0x00, 0x00, 0x00, 0x00,
    0xae, 0xff, 0x92, 0x00, 0x00, 0x00, 0x00, 0x00, 0x00, 0x00, 0x00, 0x00, 0x00, 0x00, 0x00, 0x00,
    0x94, 0xff, 0xbd, 0x00, 0x00, 0x00, 0x00, 0x00, 0x00, 0x00, 0x00, 0x00, 0x00, 0x00, 0x00, 0x00,
    0x56, 0xff, 0xf7, 0x12, 0x00, 0x00, 0x00, 0x00, 0x00, 0x00, 0x00, 0x00, 0x00, 0x19, 0x01, 0x00,
    0x0a, 0xf4, 0xff, 0x86, 0x00, 0x00, 0x00, 0x00, 0x00, 0x00, 0x00, 0x00, 0x0b, 0xdf, 0xd1, 0x28,
    0x00, 0x7d, 0xff, 0xfc, 0x4f, 0x00, 0x00, 0x00, 0x00, 0x00, 0x00, 0x07, 0xae, 0xff, 0xe2, 0x0b,
    0x00, 0x03, 0xc2, 0xff, 0xfb, 0x8f, 0x22, 0x00, 0x00, 0x03, 0x49, 0xc9, 0xff, 0xf5, 0x39, 0x00,
    0x00, 0x00, 0x08, 0x9d, 0xff, 0xff, 0xff, 0xeb, 0xe0, 0xfa, 0xff, 0xff, 0xdd, 0x37, 0x00, 0x00,
    0x00, 0x00, 0x00, 0x00, 0x3a, 0x9b, 0xd7, 0xf6, 0xfb, 0xe9, 0xb8, 0x64, 0x07, 0x00, 0x00, 0x00,

    /* U+0044 "D" */
    0x08, 0xff, 0xff, 0xff, 0xff, 0xff, 0xfd, 0xed, 0xd3, 0x9b, 0x4b, 0x01, 0x00, 0x00, 0x00, 0x00,
    0x08, 0xff, 0xff, 0xd6, 0xcc, 0xcc, 0xcf, 0xe0, 0xfd, 0xff, 0xff, 0xd1, 0x2b, 0x00, 0x00, 0x00,
    0x08, 0xff, 0xff, 0x34, 0x00, 0x00, 0x00, 0x00, 0x0f, 0x5c, 0xd9, 0xff, 0xf5, 0x36, 0x00, 0x00,
    0x08, 0xff, 0xff, 0x34, 0x00, 0x00, 0x00, 0x00, 0x00, 0x00, 0x0c, 0xbb, 0xff, 0xe5, 0x0c, 0x00,
    0x08, 0xff, 0xff, 0x34, 0x00, 0x00, 0x00, 0x00, 0x00, 0x00, 0x00, 0x11, 0xec, 0xff, 0x77, 0x00,
    0x08, 0xff, 0xff, 0x34, 0x00, 0x00, 0x00, 0x00, 0x00, 0x00, 0x00, 0x00, 0x84, 0xff, 0xcd, 0x00,
    0x08, 0xff, 0xff, 0x34, 0x00, 0x00, 0x00, 0x00, 0x00, 0x00, 0x00, 0x00, 0x3f, 0xff, 0xfd, 0x0a,
    0x08, 0xff, 0xff, 0x34, 0x00, 0x00, 0x00, 0x00, 0x00, 0x00, 0x00, 0x00, 0x1f, 0xff, 0xff, 0x1f,
    0x08, 0xff, 0xff, 0x34, 0x00, 0x00, 0x00, 0x00, 0x00, 0x00, 0x00, 0x00, 0x16, 0xff, 0xff, 0x28,
    0x08, 0xff, 0xff, 0x34, 0x00, 0x00, 0x00, 0x00, 0x00, 0x00, 0x00, 0x00, 0x2d, 0xff, 0xff, 0x11,
    0x08, 0xff, 0xff, 0x34, 0x00, 0x00, 0x00, 0x00, 0x00, 0x00, 0x00, 0x00, 0x54, 0xff, 0xf5, 0x00,
    0x08, 0xff, 0xff, 0x34, 0x00, 0x00, 0x00, 0x00, 0x00, 0x00, 0x00, 0x00, 0xa6, 0xff, 0xb0, 0x00,
    0x08, 0xff, 0xff, 0x34, 0x00, 0x00, 0x00, 0x00, 0x00, 0x00, 0x00, 0x2a, 0xf9, 0xff, 0x56, 0x00,
    0x08, 0xff, 0xff, 0x34, 0x00, 0x00, 0x00, 0x00, 0x00, 0x00, 0x17, 0xd0, 0xff, 0xc8, 0x03, 0x00,
    0x08, 0xff, 0xff, 0x34, 0x00, 0x00, 0x00, 0x00, 0x09, 0x61, 0xe2, 0xff, 0xed, 0x25, 0x00, 0x00,
    0x08, 0xff, 0xff, 0xd6, 0xcc, 0xcc, 0xcc, 0xde, 0xfa, 0xff, 0xff, 0xce, 0x20, 0x00, 0x00, 0x00,
    0x08, 0xff, 0xff, 0xff, 0xff, 0xff, 0xff, 0xfb, 0xe5, 0xb1, 0x5b, 0x04, 0x00, 0x00, 0x00, 0x00,

    /* U+0045 "E" */
    0x08, 0xff, 0xff, 0xff, 0xff, 0xff, 0xff, 0xff, 0xff, 0xff, 0xff, 0xff, 0xff, 0x80, 0x00, 0x00,
    0x08, 0xff, 0xff, 0xe0, 0xd8, 0xd8, 0xd8, 0xd8, 0xd8, 0xd8, 0xd8, 0xd8, 0xd8, 0x6c, 0x00, 0x00,
    0x08, 0xff, 0xff, 0x34, 0x00, 0x00, 0x00, 0x00, 0x00, 0x00, 0x00, 0x00, 0x00, 0x00, 0x00, 0x00,
    0x08, 0xff, 0xff, 0x34, 0x00, 0x00, 0x00, 0x00, 0x00, 0x00, 0x00, 0x00, 0x00, 0x00, 0x00, 0x00,
    0x08, 0xff, 0xff, 0x34, 0x00, 0x00, 0x00, 0x00, 0x00, 0x00, 0x00, 0x00, 0x00, 0x00, 0x00, 0x00,
    0x08, 0xff, 0xff, 0x34, 0x00, 0x00, 0x00, 0x00, 0x00, 0x00, 0x00, 0x00, 0x00, 0x00, 0x00, 0x00,
    0x08, 0xff, 0xff, 0x34, 0x00, 0x00, 0x00, 0x00, 0x00, 0x00, 0x00, 0x00, 0x00, 0x00, 0x00, 0x00,
    0x08, 0xff, 0xff, 0xd9, 0xd0, 0xd0, 0xd0, 0xd0, 0xd0, 0xd0, 0xd0, 0xd0, 0xa5, 0x00, 0x00, 0x00,
    0x08, 0xff, 0xff, 0xff, 0xff, 0xff, 0xff, 0xff, 0xff, 0xff, 0xff, 0xff, 0xcc, 0x00, 0x00, 0x00,
    0x08, 0xff, 0xff, 0x34, 0x00, 0x00, 0x00, 0x00, 0x00, 0x00, 0x00, 0x00, 0x00, 0x00, 0x00, 0x00,
    0x08, 0xff, 0xff, 0x34, 0x00, 0x00, 0x00, 0x00, 0x00, 0x00, 0x00, 0x00, 0x00, 0x00, 0x00, 0x00,
    0x08, 0xff, 0xff, 0x34, 0x00, 0x00, 0x00, 0x00, 0x00, 0x00, 0x00, 0x00, 0x00, 0x00, 0x00, 0x00,
    0x08, 0xff, 0xff, 0x34, 0x00, 0x00, 0x00, 0x00, 0x00, 0x00, 0x00, 0x00, 0x00, 0x00, 0x00, 0x00,
    0x08, 0xff, 0xff, 0x34, 0x00, 0x00, 0x00, 0x00, 0x00, 0x00, 0x00, 0x00, 0x00, 0x00, 0x00, 0x00,
    0x08, 0xff, 0xff, 0x34, 0x00, 0x00, 0x00, 0x00, 0x00, 0x00, 0x00, 0x00, 0x00, 0x00, 0x00, 0x00,
    0x08, 0xff, 0xff, 0xe0, 0xd8, 0xd8, 0xd8, 0xd8, 0xd8, 0xd8, 0xd8, 0xd8, 0xd8, 0xd4, 0x00, 0x00,
    0x08, 0xff, 0xff, 0xff, 0xff, 0xff, 0xff, 0xff, 0xff, 0xff, 0xff, 0xff, 0xff, 0xfc, 0x00, 0x00,

    /* U+0046 "F" */
    0x08, 0xff, 0xff, 0xff, 0xff, 0xff, 0xff, 0xff, 0xff, 0xff, 0xff, 0xff, 0xb4, 0x00, 0x00, 0x00,
    0x08, 0xff, 0xff, 0xe0, 0xd8, 0xd8, 0xd8, 0xd8, 0xd8, 0xd8, 0xd8, 0xd8, 0x97, 0x00, 0x00, 0x00,
    0x08, 0xff, 0xff, 0x34, 0x00, 0x00, 0x00, 0x00, 0x00, 0x00, 0x00, 0x00, 0x00, 0x00, 0x00, 0x00,
    0x08, 0xff, 0xff, 0x34, 0x00, 0x00, 0x00, 0x00, 0x00, 0x00, 0x00, 0x00, 0x00, 0x00, 0x00, 0x00,
    0x08, 0xff, 0xff, 0x34, 0x00, 0x00, 0x00, 0x00, 0x00, 0x00, 0x00, 0x00, 0x00, 0x00, 0x00, 0x00,
    0x08, 0xff, 0xff, 0x34, 0x00, 0x00, 0x00, 0x00, 0x00, 0x00, 0x00, 0x00, 0x00, 0x00, 0x00, 0x00,
    0x08, 0xff, 0xff, 0x34, 0x00, 0x00, 0x00, 0x00, 0x00, 0x00, 0x00, 0x00, 0x00, 0x00, 0x00, 0x00,
    0x08, 0xff, 0xff, 0x34, 0x00, 0x00, 0x00, 0x00, 0x00, 0x00, 0x00, 0x00, 0x00, 0x00, 0x00, 0x00,
    0x08, 0xff, 0xff, 0xe3, 0xdc, 0xdc, 0xdc, 0xdc, 0xdc, 0xdc, 0xdc, 0xdc, 0x5c, 0x00, 0x00, 0x00,
    0x08, 0xff, 0xff, 0xff, 0xff, 0xff, 0xff, 0xff, 0xff, 0xff, 0xff, 0xff, 0x6c, 0x00, 0x00, 0x00,
    0x08, 0xff, 0xff, 0x34, 0x00, 0x00, 0x00, 0x00, 0x00, 0x00, 0x00, 0x00, 0x00, 0x00, 0x00, 0x00,
    0x08, 0xff, 0xff, 0x34, 0x00, 0x00, 0x00, 0x00, 0x00, 0x00, 0x00, 0x00, 0x00, 0x00, 0x00, 0x00,
    0x08, 0xff, 0xff, 0x34, 0x00, 0x00, 0x00, 0x00, 0x00, 0x00, 0x00, 0x00, 0x00, 0x00, 0x00, 0x00,
    0x08, 0xff, 0xff, 0x34, 0x00, 0x00, 0x00, 0x00, 0x00, 0x00, 0x00, 0x00, 0x00, 0x00, 0x00, 0x00,
    0x08, 0xff, 0xff, 0x34, 0x00, 0x00, 0x00, 0x00, 0x00, 0x00, 0x00, 0x00, 0x00, 0x00, 0x00, 0x00,
    0x08, 0xff, 0xff, 0x34, 0x00, 0x00, 0x00, 0x00, 0x00, 0x00, 0x00, 0x00, 0x00, 0x00, 0x00, 0x00,
    0x08, 0xff, 0xff, 0x34, 0x00, 0x00, 0x00, 0x00, 0x00, 0x00, 0x00, 0x00, 0x00, 0x00, 0x00, 0x00,

    /* U+0047 "G" */
    0x00, 0x00, 0x00, 0x00, 0x3a, 0x96, 0xd2, 0xed, 0xfc, 0xf2, 0xd4, 0x9c, 0x40, 0x00, 0x00, 0x00,
    0x00, 0x00, 0x0f, 0xaf, 0xff, 0xff, 0xff, 0xea, 0xde, 0xf2, 0xff, 0xff, 0xff, 0xae, 0x0b, 0x00,
    0x00, 0x0b, 0xd1, 0xff, 0xf0, 0x75, 0x18, 0x00, 0x00, 0x00, 0x25, 0x89, 0xfc, 0xff, 0xb7, 0x01,
    0x00, 0x98, 0xff, 0xed, 0x2b, 0x00, 0x00, 0x00, 0x00, 0x00, 0x00, 0x00, 0x4b, 0xfe, 0xfd, 0x44,
    0x1b, 0xfa, 0xff, 0x5e, 0x00, 0x00, 0x00, 0x00, 0x00, 0x00, 0x00, 0x00, 0x00, 0x3b, 0x12, 0x00,
    0x6a, 0xff, 0xe9, 0x04, 0x00, 0x00, 0x00, 0x00, 0x00, 0x00, 0x00, 0x00, 0x00, 0x00, 0x00, 0x00,
    0xa3, 0xff, 0xac, 0x00, 0x00, 0x00, 0x00, 0x00, 0x00, 0x00, 0x00, 0x00, 0x00, 0x00, 0x00, 0x00,
    0xbc, 0xff, 0x8b, 0x00, 0x00, 0x00, 0x00, 0x00, 0x00, 0x00, 0x00, 0x00, 0x00, 0x00, 0x00, 0x00,
    0xc6, 0xff, 0x80, 0x00, 0x00, 0x00, 0x00, 0x00, 0x1c, 0xe4, 0xe4, 0xe4, 0xe4, 0xe4, 0xe4, 0xc7,
    0xb1, 0xff, 0x8d, 0x00, 0x00, 0x00, 0x00, 0x00, 0x20, 0xff, 0xff, 0xff, 0xff, 0xff, 0xff, 0xe0,
    0x96, 0xff, 0xb6, 0x00, 0x00, 0x00, 0x00, 0x00, 0x00, 0x00, 0x00, 0x00, 0x00, 0x30, 0xff, 0xe0,
    0x57, 0xff, 0xf3, 0x0d, 0x00, 0x00, 0x00, 0x00, 0x00, 0x00, 0x00, 0x00, 0x00, 0x30, 0xff, 0xe0,
    0x09, 0xf3, 0xff, 0x7a, 0x00, 0x00, 0x00, 0x00, 0x00, 0x00, 0x00, 0x00, 0x00, 0x30, 0xff, 0xe0,
    0x00, 0x75, 0xff, 0xf9, 0x45, 0x00, 0x00, 0x00, 0x00, 0x00, 0x00, 0x00, 0x02, 0x8f, 0xff, 0xe0,
    0x00, 0x01, 0xb6, 0xff, 0xfa, 0x8b, 0x21, 0x00, 0x00, 0x00, 0x12, 0x5a, 0xcf, 0xff, 0xfc, 0x6a,
    0x00, 0x00, 0x04, 0x8b, 0xfe, 0xff, 0xff, 0xea, 0xd9, 0xe8, 0xfe, 0xff, 0xff, 0xce, 0x3f, 0x00,
    0x00, 0x00, 0x00, 0x00, 0x2c, 0x8f, 0xce, 0xf2, 0xfc, 0xeb, 0xd1, 0x94, 0x48, 0x01, 0x00, 0x00,

    /* U+0048 "H" */
    0x08, 0xff, 0xff, 0x34, 0x00, 0x00, 0x00, 0x00, 0x00, 0x00, 0x00, 0x00, 0xdc, 0xff, 0x60, 0x00,
    0x08, 0xff, 0xff, 0x34, 0x00, 0x00, 0x00, 0x00, 0x00, 0x00, 0x00, 0x00, 0xdc, 0xff, 0x60, 0x00,
    0x08, 0xff, 0xff, 0x34, 0x00, 0x00, 0x00, 0x00, 0x00, 0x00, 0x00, 0x00, 0xdc, 0xff, 0x60, 0x00,
    0x08, 0xff, 0xff, 0x34, 0x00, 0x00, 0x00, 0x00, 0x00, 0x00, 0x00, 0x00, 0xdc, 0xff, 0x60, 0x00,
    0x08, 0xff, 0xff, 0x34, 0x00, 0x00, 0x00, 0x00, 0x00, 0x00, 0x00, 0x00, 0xdc, 0xff, 0x60, 0x00,
    0x08, 0xff, 0xff, 0x34, 0x00, 0x00, 0x00, 0x00, 0x00, 0x00, 0x00, 0x00, 0xdc, 0xff, 0x60, 0x00,
    0x08, 0xff, 0xff, 0x34, 0x00, 0x00, 0x00, 0x00, 0x00, 0x00, 0x00, 0x00, 0xdc, 0xff, 0x60, 0x00,
    0x08, 0xff, 0xff, 0xe6, 0xe0, 0xe0, 0xe0, 0xe0, 0xe0, 0xe0, 0xe0, 0xe0, 0xfb, 0xff, 0x60, 0x00,
    0x08, 0xff, 0xff, 0xff, 0xff, 0xff, 0xff, 0xff, 0xff, 0xff, 0xff, 0xff, 0xff, 0xff, 0x60, 0x00,
    0x08, 0xff, 0xff, 0x34, 0x00, 0x00, 0x00, 0x00, 0x00, 0x00, 0x00, 0x00, 0xdc, 0xff, 0x60, 0x00,
    0x08, 0xff, 0xff, 0x34, 0x00, 0x00, 0x00, 0x00, 0x00, 0x00, 0x00, 0x00, 0xdc, 0xff, 0x60, 0x00,
    0x08, 0xff, 0xff, 0x34, 0x00, 0x00, 0x00, 0x00, 0x00, 0x00, 0x00, 0x00, 0xdc, 0xff, 0x60, 0x00,
    0x08, 0xff, 0xff, 0x34, 0x00, 0x00, 0x00, 0x00, 0x00, 0x00, 0x00, 0x00, 0xdc, 0xff, 0x60, 0x00,
    0x08, 0xff, 0xff, 0x34, 0x00, 0x00, 0x00, 0x00, 0x00, 0x00, 0x00, 0x00, 0xdc, 0xff, 0x60, 0x00,
    0x08, 0xff, 0xff, 0x34, 0x00, 0x00, 0x00, 0x00, 0x00, 0x00, 0x00, 0x00, 0xdc, 0xff, 0x60, 0x00,
    0x08, 0xff, 0xff, 0x34, 0x00, 0x00, 0x00, 0x00, 0x00, 0x00, 0x00, 0x00, 0xdc, 0xff, 0x60, 0x00,
    0x08, 0xff, 0xff, 0x34, 0x00, 0x00, 0x00, 0x00, 0x00, 0x00, 0x00, 0x00, 0xdc, 0xff, 0x60, 0x00,

    /* U+0049 "I" */
    0xc8, 0xff, 0x74, 0x00, 0x00, 0x00, 0x00, 0x00, 0x00, 0x00, 0x00, 0x00, 0x00, 0x00, 0x00, 0x00,
    0xc8, 0xff, 0x74, 0x00, 0x00, 0x00, 0x00, 0x00, 0x00, 0x00, 0x00, 0x00, 0x00, 0x00, 0x00, 0x00,
    0xc8, 0xff, 0x74, 0x00, 0x00, 0x00, 0x00, 0x00, 0x00, 0x00, 0x00, 0x00, 0x00, 0x00, 0x00, 0x00,
    0xc8, 0xff, 0x74, 0x00, 0x00, 0x00, 0x00, 0x00, 0x00, 0x00, 0x00, 0x00, 0x00, 0x00, 0x00, 0x00,
    0xc8, 0xff, 0x74, 0x00, 0x00, 0x00, 0x00, 0x00, 0x00, 0x00, 0x00, 0x00, 0x00, 0x00, 0x00, 0x00,
    0xc8, 0xff, 0x74, 0x00, 0x00, 0x00, 0x00, 0x00, 0x00, 0x00, 0x00, 0x00, 0x00, 0x00, 0x00, 0x00,
    0xc8, 0xff, 0x74, 0x00, 0x00, 0x00, 0x00, 0x00, 0x00, 0x00, 0x00, 0x00, 0x00, 0x00, 0x00, 0x00,
    0xc8, 0xff, 0x74, 0x00, 0x00, 0x00, 0x00, 0x00, 0x00, 0x00, 0x00, 0x00, 0x00, 0x00, 0x00, 0x00,
    0xc8, 0xff, 0x74, 0x00, 0x00, 0x00, 0x00, 0x00, 0x00, 0x00, 0x00, 0x00, 0x00, 0x00, 0x00, 0x00,
    0xc8, 0xff, 0x74, 0x00, 0x00, 0x00, 0x00, 0x00, 0x00, 0x00, 0x00, 0x00, 0x00, 0x00, 0x00, 0x00,
    0xc8, 0xff, 0x74, 0x00, 0x00, 0x00, 0x00, 0x00, 0x00, 0x00, 0x00, 0x00, 0x00, 0x00, 0x00, 0x00,
    0xc8, 0xff, 0x74, 0x00, 0x00, 0x00, 0x00, 0x00, 0x00, 0x00, 0x00, 0x00, 0x00, 0x00, 0x00, 0x00,
    0xc8, 0xff, 0x74, 0x00, 0x00, 0x00, 0x00, 0x00, 0x00, 0x00, 0x00, 0x00, 0x00, 0x00, 0x00, 0x00,
    0xc8, 0xff, 0x74, 0x00, 0x00, 0x00, 0x00, 0x00, 0x00, 0x00, 0x00, 0x00, 0x00, 0x00, 0x00, 0x00,
    0xc8, 0xff, 0x74, 0x00, 0x00, 0x00, 0x00, 0x00, 0x00, 0x00, 0x00, 0x00, 0x00, 0x00, 0x00, 0x00,
    0xc8, 0xff, 0x74, 0x00, 0x00, 0x00, 0x00, 0x00, 0x00, 0x00, 0x00, 0x00, 0x00, 0x00, 0x00, 0x00,
    0xc8, 0xff, 0x74, 0x00, 0x00, 0x00, 0x00, 0x00, 0x00, 0x00, 0x00, 0x00, 0x00, 0x00, 0x00, 0x00,

    /* U+004A "J" */
    0x00, 0x00, 0x00, 0x00, 0x30, 0xff, 0xff, 0xff, 0xff, 0xff, 0x38, 0x00, 0x00, 0x00, 0x00, 0x00,
    0x00, 0x00, 0x00, 0x00, 0x28, 0xd8, 0xd8, 0xd8, 0xff, 0xff, 0x38, 0x00, 0x00, 0x00, 0x00, 0x00,
    0x00, 0x00, 0x00, 0x00, 0x00, 0x00, 0x00, 0x00, 0xff, 0xff, 0x38, 0x00, 0x00, 0x00, 0x00, 0x00,
    0x00, 0x00, 0x00, 0x00, 0x00, 0x00, 0x00, 0x00, 0xff, 0xff, 0x38, 0x00, 0x00, 0x00, 0x00, 0x00,
    0x00, 0x00, 0x00, 0x00, 0x00, 0x00, 0x00, 0x00, 0xff, 0xff, 0x38, 0x00, 0x00, 0x00, 0x00, 0x00,
    0x00, 0x00, 0x00, 0x00, 0x00, 0x00, 0x00, 0x00, 0xff, 0xff, 0x38, 0x00, 0x00, 0x00, 0x00, 0x00,
    0x00, 0x00, 0x00, 0x00, 0x00, 0x00, 0x00, 0x00, 0xff, 0xff, 0x38, 0x00, 0x00, 0x00, 0x00, 0x00,
    0x00, 0x00, 0x00, 0x00, 0x00, 0x00, 0x00, 0x00, 0xff, 0xff, 0x38, 0x00, 0x00, 0x00, 0x00, 0x00,
    0x00, 0x00, 0x00, 0x00, 0x00, 0x00, 0x00, 0x00, 0xff, 0xff, 0x38, 0x00, 0x00, 0x00, 0x00, 0x00,
    0x00, 0x00, 0x00, 0x00, 0x00, 0x00, 0x00, 0x00, 0xff, 0xff, 0x38, 0x00, 0x00, 0x00, 0x00, 0x00,
    0x00, 0x00, 0x00, 0x00, 0x00, 0x00, 0x00, 0x00, 0xff, 0xff, 0x38, 0x00, 0x00, 0x00, 0x00, 0x00,
    0x00, 0x00, 0x00, 0x00, 0x00, 0x00, 0x00, 0x00, 0xff, 0xff, 0x37, 0x00, 0x00, 0x00, 0x00, 0x00,
    0x42, 0x95, 0x7c, 0x00, 0x00, 0x00, 0x00, 0x15, 0xff, 0xff, 0x2a, 0x00, 0x00, 0x00, 0x00, 0x00,
    0x67, 0xff, 0xeb, 0x0d, 0x00, 0x00, 0x00, 0x4e, 0xff, 0xf8, 0x07, 0x00, 0x00, 0x00, 0x00, 0x00,
    0x11, 0xf1, 0xff, 0xad, 0x0d, 0x00, 0x22, 0xd7, 0xff, 0xa3, 0x00, 0x00, 0x00, 0x00, 0x00, 0x00,
    0x00, 0x5b, 0xfe, 0xff, 0xf9, 0xe0, 0xfe, 0xff, 0xe0, 0x17, 0x00, 0x00, 0x00, 0x00, 0x00, 0x00,
    0x00, 0x00, 0x3f, 0xb6, 0xee, 0xfa, 0xe0, 0x92, 0x15, 0x00, 0x00, 0x00, 0x00, 0x00, 0x00, 0x00,

    /* U+004B "K" */
    0x08, 0xff, 0xff, 0x34, 0x00, 0x00, 0x00, 0x00, 0x00, 0x00, 0x4f, 0xfb, 0xfc, 0x55, 0x00, 0x00,
    0x08, 0xff, 0xff, 0x34, 0x00, 0x00, 0x00, 0x00, 0x00, 0x43, 0xf8, 0xfe, 0x60, 0x00, 0x00, 0x00,
    0x08, 0xff, 0xff, 0x34, 0x00, 0x00, 0x00, 0x00, 0x37, 0xf3, 0xff, 0x6b, 0x00, 0x00, 0x00, 0x00,
    0x08, 0xff, 0xff, 0x34, 0x00, 0x00, 0x00, 0x2c, 0xed, 0xff, 0x77, 0x00, 0x00, 0x00, 0x00, 0x00,
    0x08, 0xff, 0xff, 0x34, 0x00, 0x00, 0x23, 0xe6, 0xff, 0x83, 0x00, 0x00, 0x00, 0x00, 0x00, 0x00,
    0x08, 0xff, 0xff, 0x34, 0x00, 0x1a, 0xde, 0xff, 0x90, 0x00, 0x00, 0x00, 0x00, 0x00, 0x00, 0x00,
    0x08, 0xff, 0xff, 0x34, 0x13, 0xd5, 0xff, 0x9b, 0x01, 0x00, 0x00, 0x00, 0x00, 0x00, 0x00, 0x00,
    0x08, 0xff, 0xff, 0x41, 0xca, 0xff, 0xf0, 0x0d, 0x00, 0x00, 0x00, 0x00, 0x00, 0x00, 0x00, 0x00,
    0x08, 0xff, 0xff, 0xe0, 0xff, 0xf5, 0xff, 0xad, 0x01, 0x00, 0x00, 0x00, 0x00, 0x00, 0x00, 0x00,
    0x08, 0xff, 0xff, 0xfc, 0x79, 0x25, 0xee, 0xff, 0x83, 0x00, 0x00, 0x00, 0x00, 0x00, 0x00, 0x00,
    0x08, 0xff, 0xff, 0x5a, 0x00, 0x00, 0x47, 0xfd, 0xff, 0x58, 0x00, 0x00, 0x00, 0x00, 0x00, 0x00,
    0x08, 0xff, 0xff, 0x34, 0x00, 0x00, 0x00, 0x77, 0xff, 0xf6, 0x35, 0x00, 0x00, 0x00, 0x00, 0x00,
    0x08, 0xff, 0xff, 0x34, 0x00, 0x00, 0x00, 0x00, 0xa8, 0xff, 0xe5, 0x1a, 0x00, 0x00, 0x00, 0x00,
    0x08, 0xff, 0xff, 0x34, 0x00, 0x00, 0x00, 0x00, 0x0a, 0xcf, 0xff, 0xcb, 0x09, 0x00, 0x00, 0x00,
    0x08, 0xff, 0xff, 0x34, 0x00, 0x00, 0x00, 0x00, 0x00, 0x20, 0xeb, 0xff, 0xa8, 0x00, 0x00, 0x00,
    0x08, 0xff, 0xff, 0x34, 0x00, 0x00, 0x00, 0x00, 0x00, 0x00, 0x42, 0xfb, 0xff, 0x7d, 0x00, 0x00,
    0x08, 0xff, 0xff, 0x34, 0x00, 0x00, 0x00, 0x00, 0x00, 0x00, 0x00, 0x6f, 0xff, 0xfe, 0x52, 0x00,

    /* U+004C "L" */
    0x08, 0xff, 0xff, 0x34, 0x00, 0x00, 0x00, 0x00, 0x00, 0x00, 0x00, 0x00, 0x00, 0x00, 0x00, 0x00,
    0x08, 0xff, 0xff, 0x34, 0x00, 0x00, 0x00, 0x00, 0x00, 0x00, 0x00, 0x00, 0x00, 0x00, 0x00, 0x00,
    0x08, 0xff, 0xff, 0x34, 0x00, 0x00, 0x00, 0x00, 0x00, 0x00, 0x00, 0x00, 0x00, 0x00, 0x00, 0x00,
    0x08, 0xff, 0xff, 0x34, 0x00, 0x00, 0x00, 0x00, 0x00, 0x00, 0x00, 0x00, 0x00, 0x00, 0x00, 0x00,
    0x08, 0xff, 0xff, 0x34, 0x00, 0x00, 0x00, 0x00, 0x00, 0x00, 0x00, 0x00, 0x00, 0x00, 0x00, 0x00,
    0x08, 0xff, 0xff, 0x34, 0x00, 0x00, 0x00, 0x00, 0x00, 0x00, 0x00, 0x00, 0x00, 0x00, 0x00, 0x00,
    0x08, 0xff, 0xff, 0x34, 0x00, 0x00, 0x00, 0x00, 0x00, 0x00, 0x00, 0x00, 0x00, 0x00, 0x00, 0x00,
    0x08, 0xff, 0xff, 0x34, 0x00, 0x00, 0x00, 0x00, 0x00, 0x00, 0x00, 0x00, 0x00, 0x00, 0x00, 0x00,
    0x08, 0xff, 0xff, 0x34, 0x00, 0x00, 0x00, 0x00, 0x00, 0x00, 0x00, 0x00, 0x00, 0x00, 0x00, 0x00,
    0x08, 0xff, 0xff, 0x34, 0x00, 0x00, 0x00, 0x00, 0x00, 0x00, 0x00, 0x00, 0x00, 0x00, 0x00, 0x00,
    0x08, 0xff, 0xff, 0x34, 0x00, 0x00, 0x00, 0x00, 0x00, 0x00, 0x00, 0x00, 0x00, 0x00, 0x00, 0x00,
    0x08, 0xff, 0xff, 0x34, 0x00, 0x00, 0x00, 0x00, 0x00, 0x00, 0x00, 0x00, 0x00, 0x00, 0x00, 0x00,
    0x08, 0xff, 0xff, 0x34, 0x00, 0x00, 0x00, 0x00, 0x00, 0x00, 0x00, 0x00, 0x00, 0x00, 0x00, 0x00,
    0x08, 0xff, 0xff, 0x34, 0x00, 0x00, 0x00, 0x00, 0x00, 0x00, 0x00, 0x00, 0x00, 0x00, 0x00, 0x00,
    0x08, 0xff, 0xff, 0x34, 0x00, 0x00, 0x00, 0x00, 0x00, 0x00, 0x00, 0x00, 0x00, 0x00, 0x00, 0x00,
    0x08, 0xff, 0xff, 0xe0, 0xd8, 0xd8, 0xd8, 0xd8, 0xd8, 0xd8, 0xd8, 0x76, 0x00, 0x00, 0x00, 0x00,
    0x08, 0xff, 0xff, 0xff, 0xff, 0xff, 0xff, 0xff, 0xff, 0xff, 0xff, 0x8c, 0x00, 0x00, 0x00, 0x00,

    /* U+004D "M" */
    0x08, 0xff, 0xff, 0xfc, 0x1a, 0x00, 0x00, 0x00, 0x00, 0x00, 0x00, 0x00, 0x00, 0x0f, 0xf7, 0xff, 0xff, 0x08, 0x00, 0x00, 0x00, 0x00, 0x00, 0x00, 0x00, 0x00, 0x00, 0x00, 0x00, 0x00, 0x00, 0x00,
    0x08, 0xff, 0xff, 0xff, 0x77, 0x00, 0x00, 0x00, 0x00, 0x00, 0x00, 0x00, 0x00, 0x65, 0xff, 0xff, 0xff, 0x08, 0x00, 0x00, 0x00, 0x00, 0x00, 0x00, 0x00, 0x00, 0x00, 0x00, 0x00, 0x00, 0x00, 0x00,
    0x08, 0xff, 0xeb, 0xf5, 0xd6, 0x00, 0x00, 0x00, 0x00, 0x00, 0x00, 0x00, 0x00, 0xc3, 0xf3, 0xed, 0xff, 0x08, 0x00, 0x00, 0x00, 0x00, 0x00, 0x00, 0x00, 0x00, 0x00, 0x00, 0x00, 0x00, 0x00, 0x00,
    0x08, 0xff, 0xec, 0xb0, 0xff, 0x36, 0x00, 0x00, 0x00, 0x00, 0x00, 0x00, 0x21, 0xfe, 0xb2, 0xee, 0xff, 0x08, 0x00, 0x00, 0x00, 0x00, 0x00, 0x00, 0x00, 0x00, 0x00, 0x00, 0x00, 0x00, 0x00, 0x00,
    0x08, 0xff, 0xf1, 0x5f, 0xff, 0x96, 0x00, 0x00, 0x00, 0x00, 0x00, 0x00, 0x7e, 0xff, 0x63, 0xf5, 0xff, 0x08, 0x00, 0x00, 0x00, 0x00, 0x00, 0x00, 0x00, 0x00, 0x00, 0x00, 0x00, 0x00, 0x00, 0x00,
    0x08, 0xff, 0xf6, 0x11, 0xf9, 0xee, 0x07, 0x00, 0x00, 0x00, 0x00, 0x00, 0xda, 0xf9, 0x12, 0xfa, 0xff, 0x08, 0x00, 0x00, 0x00, 0x00, 0x00, 0x00, 0x00, 0x00, 0x00, 0x00, 0x00, 0x00, 0x00, 0x00,
    0x08, 0xff, 0xf8, 0x00, 0xad, 0xff, 0x56, 0x00, 0x00, 0x00, 0x00, 0x39, 0xff, 0xae, 0x00, 0xfc, 0xff, 0x08, 0x00, 0x00, 0x00, 0x00, 0x00, 0x00, 0x00, 0x00, 0x00, 0x00, 0x00, 0x00, 0x00, 0x00,
    0x08, 0xff, 0xf8, 0x00, 0x4d, 0xff, 0xb5, 0x00, 0x00, 0x00, 0x00, 0x97, 0xff, 0x4f, 0x00, 0xfc, 0xff, 0x08, 0x00, 0x00, 0x00, 0x00, 0x00, 0x00, 0x00, 0x00, 0x00, 0x00, 0x00, 0x00, 0x00, 0x00,
    0x08, 0xff, 0xf8, 0x00, 0x04, 0xe9, 0xfc, 0x19, 0x00, 0x00, 0x06, 0xed, 0xeb, 0x05, 0x00, 0xfc, 0xff, 0x08, 0x00, 0x00, 0x00, 0x00, 0x00, 0x00, 0x00, 0x00, 0x00, 0x00, 0x00, 0x00, 0x00, 0x00,
    0x08, 0xff, 0xf8, 0x00, 0x00, 0x8e, 0xff, 0x75, 0x00, 0x00, 0x53, 0xff, 0x93, 0x00, 0x00, 0xfc, 0xff, 0x08, 0x00, 0x00, 0x00, 0x00, 0x00, 0x00, 0x00, 0x00, 0x00, 0x00, 0x00, 0x00, 0x00, 0x00,
    0x08, 0xff, 0xf8, 0x00, 0x00, 0x2e, 0xff, 0xd4, 0x00, 0x00, 0xb0, 0xff, 0x34, 0x00, 0x00, 0xfc, 0xff, 0x08, 0x00, 0x00, 0x00, 0x00, 0x00, 0x00, 0x00, 0x00, 0x00, 0x00, 0x00, 0x00, 0x00, 0x00,
    0x08, 0xff, 0xf8, 0x00, 0x00, 0x00, 0xcf, 0xff, 0x34, 0x13, 0xfa, 0xd6, 0x00, 0x00, 0x00, 0xfc, 0xff, 0x08, 0x00, 0x00, 0x00, 0x00, 0x00, 0x00, 0x00, 0x00, 0x00, 0x00, 0x00, 0x00, 0x00, 0x00,
    0x08, 0xff, 0xf8, 0x00, 0x00, 0x00, 0x6f, 0xff, 0x84, 0x66, 0xff, 0x78, 0x00, 0x00, 0x00, 0xfc, 0xff, 0x08, 0x00, 0x00, 0x00, 0x00, 0x00, 0x00, 0x00, 0x00, 0x00, 0x00, 0x00, 0x00, 0x00, 0x00,
    0x08, 0xff, 0xf8, 0x00, 0x00, 0x00, 0x14, 0xfa, 0xcc, 0xb3, 0xfd, 0x1c, 0x00, 0x00, 0x00, 0xfc, 0xff, 0x08, 0x00, 0x00, 0x00, 0x00, 0x00, 0x00, 0x00, 0x00, 0x00, 0x00, 0x00, 0x00, 0x00, 0x00,
    0x08, 0xff, 0xf8, 0x00, 0x00, 0x00, 0x00, 0xb0, 0xfd, 0xf4, 0xbb, 0x00, 0x00, 0x00, 0x00, 0xfc, 0xff, 0x08, 0x00, 0x00, 0x00, 0x00, 0x00, 0x00, 0x00, 0x00, 0x00, 0x00, 0x00, 0x00, 0x00, 0x00,
    0x08, 0xff, 0xf8, 0x00, 0x00, 0x00, 0x00, 0x50, 0xff, 0xff, 0x5d, 0x00, 0x00, 0x00, 0x00, 0xfc, 0xff, 0x08, 0x00, 0x00, 0x00, 0x00, 0x00, 0x00, 0x00, 0x00, 0x00, 0x00, 0x00, 0x00, 0x00, 0x00,
    0x08, 0xff, 0xf8, 0x00, 0x00, 0x00, 0x00, 0x05, 0xea, 0xf3, 0x0b, 0x00, 0x00, 0x00, 0x00, 0xfc, 0xff, 0x08, 0x00, 0x00, 0x00, 0x00, 0x00, 0x00, 0x00, 0x00, 0x00, 0x00, 0x00, 0x00, 0x00, 0x00,

    /* U+004E "N" */
    0x08, 0xff, 0xff, 0xda, 0x07, 0x00, 0x00, 0x00, 0x00, 0x00, 0x00, 0x00, 0xa4, 0xff, 0x60, 0x00,
    0x08, 0xff, 0xff, 0xff, 0x7e, 0x00, 0x00, 0x00, 0x00, 0x00, 0x00, 0x00, 0xa4, 0xff, 0x60, 0x00,
    0x08, 0xff, 0xf3, 0xfc, 0xf7, 0x23, 0x00, 0x00, 0x00, 0x00, 0x00, 0x00, 0xa4, 0xff, 0x60, 0x00,
    0x08, 0xff, 0xe4, 0x8e, 0xff, 0xb7, 0x00, 0x00, 0x00, 0x00, 0x00, 0x00, 0xa4, 0xff, 0x60, 0x00,
    0x08, 0xff, 0xee, 0x0d, 0xe4, 0xff, 0x54, 0x00, 0x00, 0x00, 0x00, 0x00, 0xa4, 0xff, 0x60, 0x00,
    0x08, 0xff, 0xf5, 0x00, 0x56, 0xff, 0xe4, 0x0d, 0x00, 0x00, 0x00, 0x00, 0xa4, 0xff, 0x60, 0x00,
    0x08, 0xff, 0xf8, 0x00, 0x00, 0xb9, 0xff, 0x8e, 0x00, 0x00, 0x00, 0x00, 0xa4, 0xff, 0x60, 0x00,
    0x08, 0xff, 0xf8, 0x00, 0x00, 0x25, 0xf8, 0xfb, 0x2e, 0x00, 0x00, 0x00, 0xa4, 0xff, 0x60, 0x00,
    0x08, 0xff, 0xf8, 0x00, 0x00, 0x00, 0x81, 0xff, 0xc5, 0x01, 0x00, 0x00, 0xa4, 0xff, 0x60, 0x00,
    0x08, 0xff, 0xf8, 0x00, 0x00, 0x00, 0x08, 0xdc, 0xff, 0x64, 0x00, 0x00, 0xa4, 0xff, 0x60, 0x00,
    0x08, 0xff, 0xf8, 0x00, 0x00, 0x00, 0x00, 0x48, 0xff, 0xec, 0x13, 0x00, 0xa4, 0xff, 0x60, 0x00,
    0x08, 0xff, 0xf8, 0x00, 0x00, 0x00, 0x00, 0x00, 0xac, 0xff, 0x9d, 0x00, 0xa2, 0xff, 0x60, 0x00,
    0x08, 0xff, 0xf8, 0x00, 0x00, 0x00, 0x00, 0x00, 0x1c, 0xf3, 0xfe, 0x3b, 0x9b, 0xff, 0x60, 0x00,
    0x08, 0xff, 0xf8, 0x00, 0x00, 0x00, 0x00, 0x00, 0x00, 0x73, 0xff, 0xd2, 0x94, 0xff, 0x60, 0x00,
    0x08, 0xff, 0xf8, 0x00, 0x00, 0x00, 0x00, 0x00, 0x00, 0x04, 0xd2, 0xff, 0xe8, 0xff, 0x60, 0x00,
    0x08, 0xff, 0xf8, 0x00, 0x00, 0x00, 0x00, 0x00, 0x00, 0x00, 0x3b, 0xfe, 0xff, 0xff, 0x60, 0x00,
    0x08, 0xff, 0xf8, 0x00, 0x00, 0x00, 0x00, 0x00, 0x00, 0x00, 0x00, 0x9e, 0xff, 0xff, 0x60, 0x00,

    /* U+004F "O" */
    0x00, 0x00, 0x00, 0x00, 0x3e, 0x98, 0xd5, 0xef, 0xf8, 0xe0, 0xc1, 0x72, 0x17, 0x00, 0x00, 0x00, 0x00, 0x00, 0x00, 0x00, 0x00, 0x00, 0x00, 0x00, 0x00, 0x00, 0x00, 0x00, 0x00, 0x00, 0x00, 0x00,
    0x00, 0x00, 0x12, 0xb5, 0xff, 0xff, 0xff, 0xea, 0xdd, 0xf2, 0xff, 0xff, 0xf7, 0x66, 0x00, 0x00, 0x00, 0x00, 0x00, 0x00, 0x00, 0x00, 0x00, 0x00, 0x00, 0x00, 0x00, 0x00, 0x00, 0x00, 0x00, 0x00,
    0x00, 0x0e, 0xd6, 0xff, 0xef, 0x74, 0x18, 0x00, 0x00, 0x01, 0x30, 0xa5, 0xff, 0xff, 0x82, 0x00, 0x00, 0x00, 0x00, 0x00, 0x00, 0x00, 0x00, 0x00, 0x00, 0x00, 0x00, 0x00, 0x00, 0x00, 0x00, 0x00,
    0x00, 0xa3, 0xff, 0xea, 0x29, 0x00, 0x00, 0x00, 0x00, 0x00, 0x00, 0x00, 0x73, 0xff, 0xfd, 0x3e, 0x00, 0x00, 0x00, 0x00, 0x00, 0x00, 0x00, 0x00, 0x00, 0x00, 0x00, 0x00, 0x00, 0x00, 0x00, 0x00,
    0x25, 0xfd, 0xff, 0x53, 0x00, 0x00, 0x00, 0x00, 0x00, 0x00, 0x00, 0x00, 0x00, 0xb3, 0xff, 0xbc, 0x00, 0x00, 0x00, 0x00, 0x00, 0x00, 0x00, 0x00, 0x00, 0x00, 0x00, 0x00, 0x00, 0x00, 0x00, 0x00,
    0x78, 0xff, 0xdd, 0x01, 0x00, 0x00, 0x00, 0x00, 0x00, 0x00, 0x00, 0x00, 0x00, 0x3d, 0xff, 0xfd, 0x19, 0x00, 0x00, 0x00, 0x00, 0x00, 0x00, 0x00, 0x00, 0x00, 0x00, 0x00, 0x00, 0x00, 0x00, 0x00,
    0xb2, 0xff, 0x9a, 0x00, 0x00, 0x00, 0x00, 0x00, 0x00, 0x00, 0x00, 0x00, 0x00, 0x03, 0xf4, 0xff, 0x51, 0x00, 0x00, 0x00, 0x00, 0x00, 0x00, 0x00, 0x00, 0x00, 0x00, 0x00, 0x00, 0x00, 0x00, 0x00,
    0xcb, 0xff, 0x77, 0x00, 0x00, 0x00, 0x00, 0x00, 0x00, 0x00, 0x00, 0x00, 0x00, 0x00, 0xd4, 0xff, 0x6b, 0x00, 0x00, 0x00, 0x00, 0x00, 0x00, 0x00, 0x00, 0x00, 0x00, 0x00, 0x00, 0x00, 0x00, 0x00,
    0xd6, 0xff, 0x6c, 0x00, 0x00, 0x00, 0x00, 0x00, 0x00, 0x00, 0x00, 0x00, 0x00, 0x00, 0xc8, 0xff, 0x7d, 0x00, 0x00, 0x00, 0x00, 0x00, 0x00, 0x00, 0x00, 0x00, 0x00, 0x00, 0x00, 0x00, 0x00, 0x00,
    0xc1, 0xff, 0x79, 0x00, 0x00, 0x00, 0x00, 0x00, 0x00, 0x00, 0x00, 0x00, 0x00, 0x00, 0xd5, 0xff, 0x68, 0x00, 0x00, 0x00, 0x00, 0x00, 0x00, 0x00, 0x00, 0x00, 0x00, 0x00, 0x00, 0x00, 0x00, 0x00,
    0xa7, 0xff, 0xa2, 0x00, 0x00, 0x00, 0x00, 0x00, 0x00, 0x00, 0x00, 0x00, 0x00, 0x04, 0xf6, 0xff, 0x4d, 0x00, 0x00, 0x00, 0x00, 0x00, 0x00, 0x00, 0x00, 0x00, 0x00, 0x00, 0x00, 0x00, 0x00, 0x00,
    0x67, 0xff, 0xe6, 0x05, 0x00, 0x00, 0x00, 0x00, 0x00, 0x00, 0x00, 0x00, 0x00, 0x3e, 0xff, 0xf9, 0x11, 0x00, 0x00, 0x00, 0x00, 0x00, 0x00, 0x00, 0x00, 0x00, 0x00, 0x00, 0x00, 0x00, 0x00, 0x00,
    0x13, 0xfb, 0xff, 0x64, 0x00, 0x00, 0x00, 0x00, 0x00, 0x00, 0x00, 0x00, 0x00, 0xb0, 0xff, 0xb1, 0x00, 0x00, 0x00, 0x00, 0x00, 0x00, 0x00, 0x00, 0x00, 0x00, 0x00, 0x00, 0x00, 0x00, 0x00, 0x00,
    0x00, 0x89, 0xff, 0xf1, 0x33, 0x00, 0x00, 0x00, 0x00, 0x00, 0x00, 0x00, 0x6c, 0xff, 0xf9, 0x2f, 0x00, 0x00, 0x00, 0x00, 0x00, 0x00, 0x00, 0x00, 0x00, 0x00, 0x00, 0x00, 0x00, 0x00, 0x00, 0x00,
    0x00, 0x06, 0xcb, 0xff, 0xf4, 0x79, 0x18, 0x00, 0x00, 0x00, 0x2c, 0xa0, 0xff, 0xff, 0x70, 0x00, 0x00, 0x00, 0x00, 0x00, 0x00, 0x00, 0x00, 0x00, 0x00, 0x00, 0x00, 0x00, 0x00, 0x00, 0x00, 0x00,
    0x00, 0x00, 0x0a, 0xa4, 0xff, 0xff, 0xfe, 0xe5, 0xd9, 0xef, 0xff, 0xff, 0xf3, 0x56, 0x00, 0x00, 0x00, 0x00, 0x00, 0x00, 0x00, 0x00, 0x00, 0x00, 0x00, 0x00, 0x00, 0x00, 0x00, 0x00, 0x00, 0x00,
    0x00, 0x00, 0x00, 0x00, 0x3d, 0x9b, 0xd7, 0xf5, 0xfc, 0xed, 0xc3, 0x7c, 0x17, 0x00, 0x00, 0x00, 0x00, 0x00, 0x00, 0x00, 0x00, 0x00, 0x00, 0x00, 0x00, 0x00, 0x00, 0x00, 0x00, 0x00, 0x00, 0x00,

    /* U+0050 "P" */
    0x08, 0xff, 0xff, 0xff, 0xff, 0xff, 0xff, 0xff, 0xf5, 0xd8, 0x95, 0x24, 0x00, 0x00, 0x00, 0x00,
    0x08, 0xff, 0xff, 0xd6, 0xcc, 0xcc, 0xcc, 0xce, 0xe9, 0xff, 0xff, 0xf6, 0x4f, 0x00, 0x00, 0x00,
    0x08, 0xff, 0xff, 0x34, 0x00, 0x00, 0x00, 0x00, 0x00, 0x22, 0xb7, 0xff, 0xf5, 0x1a, 0x00, 0x00,
    0x08, 0xff, 0xff, 0x34, 0x00, 0x00, 0x00, 0x00, 0x00, 0x00, 0x0c, 0xe3, 0xff, 0x7b, 0x00, 0x00,
    0x08, 0xff, 0xff, 0x34, 0x00, 0x00, 0x00, 0x00, 0x00, 0x00, 0x00, 0xa2, 0xff, 0xae, 0x00, 0x00,
    0x08, 0xff, 0xff, 0x34, 0x00, 0x00, 0x00, 0x00, 0x00, 0x00, 0x00, 0x8b, 0xff, 0xb9, 0x00, 0x00,
    0x08, 0xff, 0xff, 0x34, 0x00, 0x00, 0x00, 0x00, 0x00, 0x00, 0x00, 0xac, 0xff, 0xa1, 0x00, 0x00,
    0x08, 0xff, 0xff, 0x34, 0x00, 0x00, 0x00, 0x00, 0x00, 0x00, 0x1f, 0xf5, 0xff, 0x5c, 0x00, 0x00,
    0x08, 0xff, 0xff, 0x34, 0x00, 0x00, 0x00, 0x01, 0x1a, 0x53, 0xdb, 0xff, 0xd4, 0x05, 0x00, 0x00,
    0x08, 0xff, 0xff, 0xff, 0xff, 0xff, 0xff, 0xff, 0xff, 0xff, 0xff, 0xd3, 0x20, 0x00, 0x00, 0x00,
    0x08, 0xff, 0xff, 0xd3, 0xc8, 0xc8, 0xc8, 0xc8, 0xc0, 0xa2, 0x5b, 0x05, 0x00, 0x00, 0x00, 0x00,
    0x08, 0xff, 0xff, 0x34, 0x00, 0x00, 0x00, 0x00, 0x00, 0x00, 0x00, 0x00, 0x00, 0x00, 0x00, 0x00,
    0x08, 0xff, 0xff, 0x34, 0x00, 0x00, 0x00, 0x00, 0x00, 0x00, 0x00, 0x00, 0x00, 0x00, 0x00, 0x00,
    0x08, 0xff, 0xff, 0x34, 0x00, 0x00, 0x00, 0x00, 0x00, 0x00, 0x00, 0x00, 0x00, 0x00, 0x00, 0x00,
    0x08, 0xff, 0xff, 0x34, 0x00, 0x00, 0x00, 0x00, 0x00, 0x00, 0x00, 0x00, 0x00, 0x00, 0x00, 0x00,
    0x08, 0xff, 0xff, 0x34, 0x00, 0x00, 0x00, 0x00, 0x00, 0x00, 0x00, 0x00, 0x00, 0x00, 0x00, 0x00,
    0x08, 0xff, 0xff, 0x34, 0x00, 0x00, 0x00, 0x00, 0x00, 0x00, 0x00, 0x00, 0x00, 0x00, 0x00, 0x00,

    /* U+0051 "Q" */
    0x00, 0x00, 0x00, 0x00, 0x3d, 0x98, 0xd5, 0xef, 0xfb, 0xec, 0xc5, 0x7d, 0x1a, 0x00, 0x00, 0x00, 0x00, 0x00, 0x00, 0x00, 0x00, 0x00, 0x00, 0x00, 0x00, 0x00, 0x00, 0x00, 0x00, 0x00, 0x00, 0x00,
    0x00, 0x00, 0x10, 0xb3, 0xff, 0xff, 0xff, 0xea, 0xde, 0xf3, 0xff, 0xff, 0xf6, 0x62, 0x00, 0x00, 0x00, 0x00, 0x00, 0x00, 0x00, 0x00, 0x00, 0x00, 0x00, 0x00, 0x00, 0x00, 0x00, 0x00, 0x00, 0x00,
    0x00, 0x0c, 0xd4, 0xff, 0xf0, 0x75, 0x18, 0x00, 0x00, 0x01, 0x31, 0xa8, 0xff, 0xff, 0x7f, 0x00, 0x00, 0x00, 0x00, 0x00, 0x00, 0x00, 0x00, 0x00, 0x00, 0x00, 0x00, 0x00, 0x00, 0x00, 0x00, 0x00,
    0x00, 0x9e, 0xff, 0xeb, 0x2b, 0x00, 0x00, 0x00, 0x00, 0x00, 0x00, 0x00, 0x76, 0xff, 0xfc, 0x3b, 0x00, 0x00, 0x00, 0x00, 0x00, 0x00, 0x00, 0x00, 0x00, 0x00, 0x00, 0x00, 0x00, 0x00, 0x00, 0x00,
    0x21, 0xfc, 0xff, 0x56, 0x00, 0x00, 0x00, 0x00, 0x00, 0x00, 0x00, 0x00, 0x00, 0xb6, 0xff, 0xba, 0x00, 0x00, 0x00, 0x00, 0x00, 0x00, 0x00, 0x00, 0x00, 0x00, 0x00, 0x00, 0x00, 0x00, 0x00, 0x00,
    0x75, 0xff, 0xdf, 0x02, 0x00, 0x00, 0x00, 0x00, 0x00, 0x00, 0x00, 0x00, 0x00, 0x40, 0xff, 0xfc, 0x17, 0x00, 0x00, 0x00, 0x00, 0x00, 0x00, 0x00, 0x00, 0x00, 0x00, 0x00, 0x00, 0x00, 0x00, 0x00,
    0xaf, 0xff, 0x9b, 0x00, 0x00, 0x00, 0x00, 0x00, 0x00, 0x00, 0x00, 0x00, 0x00, 0x04, 0xf5, 0xff, 0x50, 0x00, 0x00, 0x00, 0x00, 0x00, 0x00, 0x00, 0x00, 0x00, 0x00, 0x00, 0x00, 0x00, 0x00, 0x00,
    0xca, 0xff, 0x77, 0x00, 0x00, 0x00, 0x00, 0x00, 0x00, 0x00, 0x00, 0x00, 0x00, 0x00, 0xd5, 0xff, 0x6a, 0x00, 0x00, 0x00, 0x00, 0x00, 0x00, 0x00, 0x00, 0x00, 0x00, 0x00, 0x00, 0x00, 0x00, 0x00,
    0xd7, 0xff, 0x6b, 0x00, 0x00, 0x00, 0x00, 0x00, 0x00, 0x00, 0x00, 0x00, 0x00, 0x00, 0xc8, 0xff, 0x7e, 0x00, 0x00, 0x00, 0x00, 0x00, 0x00, 0x00, 0x00, 0x00, 0x00, 0x00, 0x00, 0x00, 0x00, 0x00,
    0xc5, 0xff, 0x78, 0x00, 0x00, 0x00, 0x00, 0x00, 0x00, 0x00, 0x00, 0x00, 0x00, 0x00, 0xd5, 0xff, 0x72, 0x00, 0x00, 0x00, 0x00, 0x00, 0x00, 0x00, 0x00, 0x00, 0x00, 0x00, 0x00, 0x00, 0x00, 0x00,
    0xac, 0xff, 0x9e, 0x00, 0x00, 0x00, 0x00, 0x00, 0x00, 0x00, 0x00, 0x00, 0x00, 0x03, 0xf3, 0xff, 0x53, 0x00, 0x00, 0x00, 0x00, 0x00, 0x00, 0x00, 0x00, 0x00, 0x00, 0x00, 0x00, 0x00, 0x00, 0x00,
    0x72, 0xff, 0xe1, 0x02, 0x00, 0x00, 0x00, 0x00, 0x00, 0x00, 0x00, 0x00, 0x00, 0x37, 0xff, 0xfe, 0x1b, 0x00, 0x00, 0x00, 0x00, 0x00, 0x00, 0x00, 0x00, 0x00, 0x00, 0x00, 0x00, 0x00, 0x00, 0x00,
    0x20, 0xff, 0xff, 0x57, 0x00, 0x00, 0x00, 0x00, 0x00, 0x00, 0x00, 0x00, 0x00, 0xa5, 0xff, 0xbd, 0x00, 0x00, 0x00, 0x00, 0x00, 0x00, 0x00, 0x00, 0x00, 0x00, 0x00, 0x00, 0x00, 0x00, 0x00, 0x00,
    0x00, 0xa0, 0xff, 0xea, 0x24, 0x00, 0x00, 0x00, 0x00, 0x00, 0x00, 0x00, 0x56, 0xff, 0xfe, 0x3c, 0x00, 0x00, 0x00, 0x00, 0x00, 0x00, 0x00, 0x00, 0x00, 0x00, 0x00, 0x00, 0x00, 0x00, 0x00, 0x00,
    0x00, 0x12, 0xe1, 0xff, 0xe9, 0x5f, 0x07, 0x00, 0x00, 0x00, 0x14, 0x85, 0xfc, 0xff, 0x81, 0x00, 0x00, 0x00, 0x00, 0x00, 0x00, 0x00, 0x00, 0x00, 0x00, 0x00, 0x00, 0x00, 0x00, 0x00, 0x00, 0x00,
    0x00, 0x00, 0x1a, 0xcd, 0xff, 0xff, 0xf3, 0xc9, 0xbd, 0xd3, 0xfd, 0xff, 0xf9, 0x76, 0x00, 0x00, 0x00, 0x00, 0x00, 0x00, 0x00, 0x00, 0x00, 0x00, 0x00, 0x00, 0x00, 0x00, 0x00, 0x00, 0x00, 0x00,
    0x00, 0x00, 0x00, 0x05, 0x63, 0xbb, 0xec, 0xfd, 0xff, 0xfd, 0xcd, 0x89, 0x21, 0x00, 0x00, 0x00, 0x00, 0x00, 0x00, 0x00, 0x00, 0x00, 0x00, 0x00, 0x00, 0x00, 0x00, 0x00, 0x00, 0x00, 0x00, 0x00,
    0x00, 0x00, 0x00, 0x00, 0x00, 0x00, 0x00, 0x42, 0xff, 0xfc, 0x17, 0x00, 0x00, 0x00, 0x00, 0x00, 0x00, 0x00, 0x00, 0x00, 0x00, 0x00, 0x00, 0x00, 0x00, 0x00, 0x00, 0x00, 0x00, 0x00, 0x00, 0x00,
    0x00, 0x00, 0x00, 0x00, 0x00, 0x00, 0x00, 0x04, 0xe7, 0xff, 0x7b, 0x00, 0x00, 0x00, 0x00, 0x00, 0x00, 0x00, 0x00, 0x00, 0x00, 0x00, 0x00, 0x00, 0x00, 0x00, 0x00, 0x00, 0x00, 0x00, 0x00, 0x00,
    0x00, 0x00, 0x00, 0x00, 0x00, 0x00, 0x00, 0x00, 0x78, 0xff, 0xf6, 0x3e, 0x00, 0x00, 0x00, 0x00, 0x00, 0x00, 0x00, 0x00, 0x00, 0x00, 0x00, 0x00, 0x00, 0x00, 0x00, 0x00, 0x00, 0x00, 0x00, 0x00,
    0x00, 0x00, 0x00, 0x00, 0x00, 0x00, 0x00, 0x00, 0x08, 0xcc, 0xff, 0xfd, 0xcc, 0xbe, 0x61, 0x00, 0x00, 0x00, 0x00, 0x00, 0x00, 0x00, 0x00, 0x00, 0x00, 0x00, 0x00, 0x00, 0x00, 0x00, 0x00, 0x00,
    0x00, 0x00, 0x00, 0x00, 0x00, 0x00, 0x00, 0x00, 0x00, 0x0e, 0x93, 0xe6, 0xfb, 0xe7, 0x5a, 0x00, 0x00, 0x00, 0x00, 0x00, 0x00, 0x00, 0x00, 0x00, 0x00, 0x00, 0x00, 0x00, 0x00, 0x00, 0x00, 0x00,

    /* U+0052 "R" */
    0x08, 0xff, 0xff, 0xff, 0xff, 0xff, 0xff, 0xff, 0xff, 0xf3, 0xd2, 0x8d, 0x1e, 0x00, 0x00, 0x00,
    0x08, 0xff, 0xff, 0xd6, 0xcc, 0xcc, 0xcc, 0xcc, 0xcf, 0xeb, 0xff, 0xff, 0xf2, 0x43, 0x00, 0x00,
    0x08, 0xff, 0xff, 0x34, 0x00, 0x00, 0x00, 0x00, 0x00, 0x00, 0x2f, 0xc7, 0xff, 0xec, 0x0f, 0x00,
    0x08, 0xff, 0xff, 0x34, 0x00, 0x00, 0x00, 0x00, 0x00, 0x00, 0x00, 0x16, 0xf3, 0xff, 0x5e, 0x00,
    0x08, 0xff, 0xff, 0x34, 0x00, 0x00, 0x00, 0x00, 0x00, 0x00, 0x00, 0x00, 0xc3, 0xff, 0x86, 0x00,
    0x08, 0xff, 0xff, 0x34, 0x00, 0x00, 0x00, 0x00, 0x00, 0x00, 0x00, 0x00, 0xcb, 0xff, 0x82, 0x00,
    0x08, 0xff, 0xff, 0x34, 0x00, 0x00, 0x00, 0x00, 0x00, 0x00, 0x00, 0x20, 0xf7, 0xff, 0x50, 0x00,
    0x08, 0xff, 0xff, 0x34, 0x00, 0x00, 0x00, 0x00, 0x00, 0x00, 0x30, 0xce, 0xff, 0xd9, 0x05, 0x00,
    0x08, 0xff, 0xff, 0xd3, 0xc8, 0xc8, 0xc8, 0xc8, 0xca, 0xe7, 0xff, 0xff, 0xd9, 0x25, 0x00, 0x00,
    0x08, 0xff, 0xff, 0xff, 0xff, 0xff, 0xff, 0xff, 0xff, 0xff, 0xdc, 0x67, 0x0e, 0x00, 0x00, 0x00,
    0x08, 0xff, 0xff, 0x34, 0x00, 0x00, 0x00, 0x00, 0x56, 0xff, 0xee, 0x17, 0x00, 0x00, 0x00, 0x00,
    0x08, 0xff, 0xff, 0x34, 0x00, 0x00, 0x00, 0x00, 0x00, 0xb9, 0xff, 0xab, 0x00, 0x00, 0x00, 0x00,
    0x08, 0xff, 0xff, 0x34, 0x00, 0x00, 0x00, 0x00, 0x00, 0x24, 0xf8, 0xff, 0x50, 0x00, 0x00, 0x00,
    0x08, 0xff, 0xff, 0x34, 0x00, 0x00, 0x00, 0x00, 0x00, 0x00, 0x80, 0xff, 0xe5, 0x0f, 0x00, 0x00,
    0x08, 0xff, 0xff, 0x34, 0x00, 0x00, 0x00, 0x00, 0x00, 0x00, 0x08, 0xdb, 0xff, 0x9a, 0x00, 0x00,
    0x08, 0xff, 0xff, 0x34, 0x00, 0x00, 0x00, 0x00, 0x00, 0x00, 0x00, 0x47, 0xff, 0xfe, 0x40, 0x00,
    0x08, 0xff, 0xff, 0x34, 0x00, 0x00, 0x00, 0x00, 0x00, 0x00, 0x00, 0x00, 0xaa, 0xff, 0xdb, 0x09,

    /* U+0053 "S" */
    0x00, 0x00, 0x04, 0x5e, 0xb2, 0xe2, 0xf7, 0xfb, 0xed, 0xc9, 0x85, 0x1b, 0x00, 0x00, 0x00, 0x00,
    0x00, 0x15, 0xcc, 0xff, 0xff, 0xdf, 0xc3, 0xbd, 0xd7, 0xff, 0xff, 0xf1, 0x3f, 0x00, 0x00, 0x00,
    0x00, 0xac, 0xff, 0xcf, 0x33, 0x00, 0x00, 0x00, 0x00, 0x24, 0xc5, 0xff, 0xe8, 0x0c, 0x00, 0x00,
    0x0b, 0xfc, 0xff, 0x32, 0x00, 0x00, 0x00, 0x00, 0x00, 0x00, 0x10, 0xf3, 0xf9, 0x52, 0x00, 0x00,
    0x1e, 0xff, 0xff, 0x15, 0x00, 0x00, 0x00, 0x00, 0x00, 0x00, 0x00, 0x1b, 0x04, 0x00, 0x00, 0x00,
    0x07, 0xf6, 0xff, 0x75, 0x00, 0x00, 0x00, 0x00, 0x00, 0x00, 0x00, 0x00, 0x00, 0x00, 0x00, 0x00,
    0x00, 0x91, 0xff, 0xff, 0xa8, 0x45, 0x08, 0x00, 0x00, 0x00, 0x00, 0x00, 0x00, 0x00, 0x00, 0x00,
    0x00, 0x06, 0x9f, 0xff, 0xff, 0xff, 0xf8, 0xc4, 0x87, 0x44, 0x05, 0x00, 0x00, 0x00, 0x00, 0x00,
    0x00, 0x00, 0x00, 0x30, 0x91, 0xdc, 0xff, 0xff, 0xff, 0xff, 0xef, 0x89, 0x0c, 0x00, 0x00, 0x00,
    0x00, 0x00, 0x00, 0x00, 0x00, 0x00, 0x1b, 0x58, 0x95, 0xdd, 0xff, 0xff, 0xd4, 0x0e, 0x00, 0x00,
    0x00, 0x00, 0x00, 0x00, 0x00, 0x00, 0x00, 0x00, 0x00, 0x01, 0x52, 0xf3, 0xff, 0x8a, 0x00, 0x00,
    0x00, 0x00, 0x00, 0x00, 0x00, 0x00, 0x00, 0x00, 0x00, 0x00, 0x00, 0x7a, 0xff, 0xca, 0x00, 0x00,
    0x41, 0x79, 0x3f, 0x00, 0x00, 0x00, 0x00, 0x00, 0x00, 0x00, 0x00, 0x58, 0xff, 0xde, 0x00, 0x00,
    0xad, 0xff, 0xca, 0x05, 0x00, 0x00, 0x00, 0x00, 0x00, 0x00, 0x00, 0x9a, 0xff, 0xb4, 0x00, 0x00,
    0x31, 0xf9, 0xff, 0xbd, 0x35, 0x00, 0x00, 0x00, 0x00, 0x1a, 0x87, 0xfe, 0xff, 0x45, 0x00, 0x00,
    0x00, 0x50, 0xf1, 0xff, 0xff, 0xe9, 0xcf, 0xc8, 0xe0, 0xfc, 0xff, 0xf7, 0x67, 0x00, 0x00, 0x00,
    0x00, 0x00, 0x14, 0x78, 0xbf, 0xe8, 0xf9, 0xfa, 0xeb, 0xc4, 0x82, 0x1e, 0x00, 0x00, 0x00, 0x00,

    /* U+0054 "T" */
    0x74, 0xff, 0xff, 0xff, 0xff, 0xff, 0xff, 0xff, 0xff, 0xff, 0xff, 0xff, 0xff, 0xff, 0x1c, 0x00,
    0x61, 0xd8, 0xd8, 0xd8, 0xd8, 0xd8, 0xf7, 0xff, 0xe9, 0xd8, 0xd8, 0xd8, 0xd8, 0xd8, 0x17, 0x00,
    0x00, 0x00, 0x00, 0x00, 0x00, 0x00, 0xc8, 0xff, 0x70, 0x00, 0x00, 0x00, 0x00, 0x00, 0x00, 0x00,
    0x00, 0x00, 0x00, 0x00, 0x00, 0x00, 0xc8, 0xff, 0x70, 0x00, 0x00, 0x00, 0x00, 0x00, 0x00, 0x00,
    0x00, 0x00, 0x00, 0x00, 0x00, 0x00, 0xc8, 0xff, 0x70, 0x00, 0x00, 0x00, 0x00, 0x00, 0x00, 0x00,
    0x00, 0x00, 0x00, 0x00, 0x00, 0x00, 0xc8, 0xff, 0x70, 0x00, 0x00, 0x00, 0x00, 0x00, 0x00, 0x00,
    0x00, 0x00, 0x00, 0x00, 0x00, 0x00, 0xc8, 0xff, 0x70, 0x00, 0x00, 0x00, 0x00, 0x00, 0x00, 0x00,
    0x00, 0x00, 0x00, 0x00, 0x00, 0x00, 0xc8, 0xff, 0x70, 0x00, 0x00, 0x00, 0x00, 0x00, 0x00, 0x00,
    0x00, 0x00, 0x00, 0x00, 0x00, 0x00, 0xc8, 0xff, 0x70, 0x00, 0x00, 0x00, 0x00, 0x00, 0x00, 0x00,
    0x00, 0x00, 0x00, 0x00, 0x00, 0x00, 0xc8, 0xff, 0x70, 0x00, 0x00, 0x00, 0x00, 0x00, 0x00, 0x00,
    0x00, 0x00, 0x00, 0x00, 0x00, 0x00, 0xc8, 0xff, 0x70, 0x00, 0x00, 0x00, 0x00, 0x00, 0x00, 0x00,
    0x00, 0x00, 0x00, 0x00, 0x00, 0x00, 0xc8, 0xff, 0x70, 0x00, 0x00, 0x00, 0x00, 0x00, 0x00, 0x00,
    0x00, 0x00, 0x00, 0x00, 0x00, 0x00, 0xc8, 0xff, 0x70, 0x00, 0x00, 0x00, 0x00, 0x00, 0x00, 0x00,
    0x00, 0x00, 0x00, 0x00, 0x00, 0x00, 0xc8, 0xff, 0x70, 0x00, 0x00, 0x00, 0x00, 0x00, 0x00, 0x00,
    0x00, 0x00, 0x00, 0x00, 0x00, 0x00, 0xc8, 0xff, 0x70, 0x00, 0x00, 0x00, 0x00, 0x00, 0x00, 0x00,
    0x00, 0x00, 0x00, 0x00, 0x00, 0x00, 0xc8, 0xff, 0x70, 0x00, 0x00, 0x00, 0x00, 0x00, 0x00, 0x00,
    0x00, 0x00, 0x00, 0x00, 0x00, 0x00, 0xc8, 0xff, 0x70, 0x00, 0x00, 0x00, 0x00, 0x00, 0x00, 0x00,

    /* U+0055 "U" */
    0x24, 0xff, 0xff, 0x18, 0x00, 0x00, 0x00, 0x00, 0x00, 0x00, 0x00, 0x00, 0xc0, 0xff, 0x7c, 0x00,
    0x24, 0xff, 0xff, 0x18, 0x00, 0x00, 0x00, 0x00, 0x00, 0x00, 0x00, 0x00, 0xc0, 0xff, 0x7c, 0x00,
    0x24, 0xff, 0xff, 0x18, 0x00, 0x00, 0x00, 0x00, 0x00, 0x00, 0x00, 0x00, 0xc0, 0xff, 0x7c, 0x00,
    0x24, 0xff, 0xff, 0x18, 0x00, 0x00, 0x00, 0x00, 0x00, 0x00, 0x00, 0x00, 0xc0, 0xff, 0x7c, 0x00,
    0x24, 0xff, 0xff, 0x18, 0x00, 0x00, 0x00, 0x00, 0x00, 0x00, 0x00, 0x00, 0xc0, 0xff, 0x7c, 0x00,
    0x24, 0xff, 0xff, 0x18, 0x00, 0x00, 0x00, 0x00, 0x00, 0x00, 0x00, 0x00, 0xc0, 0xff, 0x7c, 0x00,
    0x24, 0xff, 0xff, 0x18, 0x00, 0x00, 0x00, 0x00, 0x00, 0x00, 0x00, 0x00, 0xc0, 0xff, 0x7c, 0x00,
    0x24, 0xff, 0xff, 0x18, 0x00, 0x00, 0x00, 0x00, 0x00, 0x00, 0x00, 0x00, 0xc0, 0xff, 0x7c, 0x00,
    0x24, 0xff, 0xff, 0x18, 0x00, 0x00, 0x00, 0x00, 0x00, 0x00, 0x00, 0x00, 0xc0, 0xff, 0x7c, 0x00,
    0x24, 0xff, 0xff, 0x18, 0x00, 0x00, 0x00, 0x00, 0x00, 0x00, 0x00, 0x00, 0xc0, 0xff, 0x7c, 0x00,
    0x22, 0xff, 0xff, 0x1a, 0x00, 0x00, 0x00, 0x00, 0x00, 0x00, 0x00, 0x00, 0xc3, 0xff, 0x77, 0x00,
    0x0c, 0xff, 0xff, 0x2c, 0x00, 0x00, 0x00, 0x00, 0x00, 0x00, 0x00, 0x00, 0xdb, 0xff, 0x5d, 0x00,
    0x00, 0xe6, 0xff, 0x66, 0x00, 0x00, 0x00, 0x00, 0x00, 0x00, 0x00, 0x1e, 0xff, 0xff, 0x30, 0x00,
    0x00, 0x8b, 0xff, 0xd8, 0x0a, 0x00, 0x00, 0x00, 0x00, 0x00, 0x00, 0xa6, 0xff, 0xcf, 0x00, 0x00,
    0x00, 0x16, 0xe3, 0xff, 0xc6, 0x35, 0x00, 0x00, 0x00, 0x26, 0xaa, 0xff, 0xfa, 0x3a, 0x00, 0x00,
    0x00, 0x00, 0x2e, 0xd9, 0xff, 0xff, 0xed, 0xd8, 0xe8, 0xff, 0xff, 0xed, 0x50, 0x00, 0x00, 0x00,
    0x00, 0x00, 0x00, 0x09, 0x69, 0xbd, 0xe5, 0xf9, 0xe8, 0xc8, 0x78, 0x17, 0x00, 0x00, 0x00, 0x00,

    /* U+0056 "V" */
    0xb2, 0xff, 0xa8, 0x00, 0x00, 0x00, 0x00, 0x00, 0x00, 0x00, 0x00, 0x00, 0x00, 0xa5, 0xff, 0xb4,
    0x4c, 0xff, 0xf8, 0x11, 0x00, 0x00, 0x00, 0x00, 0x00, 0x00, 0x00, 0x00, 0x0f, 0xf6, 0xff, 0x4f,
    0x03, 0xe3, 0xff, 0x6b, 0x00, 0x00, 0x00, 0x00, 0x00, 0x00, 0x00, 0x00, 0x67, 0xff, 0xe6, 0x04,
    0x00, 0x81, 0xff, 0xcd, 0x00, 0x00, 0x00, 0x00, 0x00, 0x00, 0x00, 0x00, 0xc9, 0xff, 0x84, 0x00,
    0x00, 0x1e, 0xfd, 0xff, 0x2e, 0x00, 0x00, 0x00, 0x00, 0x00, 0x00, 0x2a, 0xff, 0xfe, 0x21, 0x00,
    0x00, 0x00, 0xb6, 0xff, 0x90, 0x00, 0x00, 0x00, 0x00, 0x00, 0x00, 0x8b, 0xff, 0xb9, 0x00, 0x00,
    0x00, 0x00, 0x51, 0xff, 0xeb, 0x06, 0x00, 0x00, 0x00, 0x00, 0x04, 0xe7, 0xff, 0x54, 0x00, 0x00,
    0x00, 0x00, 0x04, 0xe7, 0xff, 0x53, 0x00, 0x00, 0x00, 0x00, 0x4e, 0xff, 0xe9, 0x05, 0x00, 0x00,
    0x00, 0x00, 0x00, 0x86, 0xff, 0xb5, 0x00, 0x00, 0x00, 0x00, 0xaf, 0xff, 0x89, 0x00, 0x00, 0x00,
    0x00, 0x00, 0x00, 0x22, 0xfe, 0xfc, 0x1a, 0x00, 0x00, 0x15, 0xfa, 0xfe, 0x25, 0x00, 0x00, 0x00,
    0x00, 0x00, 0x00, 0x00, 0xbb, 0xff, 0x78, 0x00, 0x00, 0x71, 0xff, 0xbe, 0x00, 0x00, 0x00, 0x00,
    0x00, 0x00, 0x00, 0x00, 0x56, 0xff, 0xd9, 0x00, 0x00, 0xd2, 0xff, 0x59, 0x00, 0x00, 0x00, 0x00,
    0x00, 0x00, 0x00, 0x00, 0x06, 0xea, 0xff, 0x34, 0x2d, 0xff, 0xec, 0x07, 0x00, 0x00, 0x00, 0x00,
    0x00, 0x00, 0x00, 0x00, 0x00, 0x8b, 0xff, 0x88, 0x81, 0xff, 0x8e, 0x00, 0x00, 0x00, 0x00, 0x00,
    0x00, 0x00, 0x00, 0x00, 0x00, 0x26, 0xff, 0xdc, 0xd4, 0xff, 0x29, 0x00, 0x00, 0x00, 0x00, 0x00,
    0x00, 0x00, 0x00, 0x00, 0x00, 0x00, 0xc0, 0xff, 0xff, 0xc3, 0x00, 0x00, 0x00, 0x00, 0x00, 0x00,
    0x00, 0x00, 0x00, 0x00, 0x00, 0x00, 0x5b, 0xff, 0xff, 0x5e, 0x00, 0x00, 0x00, 0x00, 0x00, 0x00,

    /* U+0057 "W" */
    0xc0, 0xff, 0x92, 0x00, 0x00, 0x00, 0x00, 0x00, 0x00, 0x00, 0xdc, 0xff, 0x8e, 0x00, 0x00, 0x00, 0x00, 0x00, 0x00, 0x00, 0xe6, 0xff, 0x6e, 0x00, 0x00, 0x00, 0x00, 0x00, 0x00, 0x00, 0x00, 0x00,
    0x76, 0xff, 0xd9, 0x00, 0x00, 0x00, 0x00, 0x00, 0x00, 0x21, 0xff, 0xff, 0xd3, 0x00, 0x00, 0x00, 0x00, 0x00, 0x00, 0x2c, 0xff, 0xff, 0x25, 0x00, 0x00, 0x00, 0x00, 0x00, 0x00, 0x00, 0x00, 0x00,
    0x2d, 0xff, 0xff, 0x1f, 0x00, 0x00, 0x00, 0x00, 0x00, 0x67, 0xff, 0xf5, 0xff, 0x1a, 0x00, 0x00, 0x00, 0x00, 0x00, 0x71, 0xff, 0xdc, 0x00, 0x00, 0x00, 0x00, 0x00, 0x00, 0x00, 0x00, 0x00, 0x00,
    0x00, 0xe3, 0xff, 0x66, 0x00, 0x00, 0x00, 0x00, 0x00, 0xae, 0xff, 0x97, 0xff, 0x5e, 0x00, 0x00, 0x00, 0x00, 0x00, 0xb7, 0xff, 0x92, 0x00, 0x00, 0x00, 0x00, 0x00, 0x00, 0x00, 0x00, 0x00, 0x00,
    0x00, 0x9b, 0xff, 0xac, 0x00, 0x00, 0x00, 0x00, 0x03, 0xf0, 0xeb, 0x3c, 0xff, 0xa4, 0x00, 0x00, 0x00, 0x00, 0x06, 0xf5, 0xff, 0x49, 0x00, 0x00, 0x00, 0x00, 0x00, 0x00, 0x00, 0x00, 0x00, 0x00,
    0x00, 0x52, 0xff, 0xef, 0x03, 0x00, 0x00, 0x00, 0x3b, 0xff, 0xae, 0x08, 0xf8, 0xe8, 0x01, 0x00, 0x00, 0x00, 0x41, 0xff, 0xf6, 0x09, 0x00, 0x00, 0x00, 0x00, 0x00, 0x00, 0x00, 0x00, 0x00, 0x00,
    0x00, 0x0d, 0xfa, 0xff, 0x39, 0x00, 0x00, 0x00, 0x80, 0xff, 0x6c, 0x00, 0xbf, 0xff, 0x2f, 0x00, 0x00, 0x00, 0x87, 0xff, 0xb6, 0x00, 0x00, 0x00, 0x00, 0x00, 0x00, 0x00, 0x00, 0x00, 0x00, 0x00,
    0x00, 0x00, 0xbf, 0xff, 0x7f, 0x00, 0x00, 0x00, 0xc6, 0xff, 0x29, 0x00, 0x7c, 0xff, 0x74, 0x00, 0x00, 0x00, 0xcb, 0xff, 0x6d, 0x00, 0x00, 0x00, 0x00, 0x00, 0x00, 0x00, 0x00, 0x00, 0x00, 0x00,
    0x00, 0x00, 0x76, 0xff, 0xc6, 0x00, 0x00, 0x0f, 0xfc, 0xe6, 0x00, 0x00, 0x39, 0xff, 0xba, 0x00, 0x00, 0x12, 0xfd, 0xff, 0x23, 0x00, 0x00, 0x00, 0x00, 0x00, 0x00, 0x00, 0x00, 0x00, 0x00, 0x00,
    0x00, 0x00, 0x2d, 0xff, 0xfc, 0x0f, 0x00, 0x50, 0xff, 0xa2, 0x00, 0x00, 0x03, 0xf0, 0xf7, 0x08, 0x00, 0x54, 0xff, 0xda, 0x00, 0x00, 0x00, 0x00, 0x00, 0x00, 0x00, 0x00, 0x00, 0x00, 0x00, 0x00,
    0x00, 0x00, 0x00, 0xe3, 0xff, 0x52, 0x00, 0x94, 0xff, 0x5e, 0x00, 0x00, 0x00, 0xb1, 0xff, 0x44, 0x00, 0x99, 0xff, 0x90, 0x00, 0x00, 0x00, 0x00, 0x00, 0x00, 0x00, 0x00, 0x00, 0x00, 0x00, 0x00,
    0x00, 0x00, 0x00, 0x9b, 0xff, 0x91, 0x00, 0xd6, 0xff, 0x1b, 0x00, 0x00, 0x00, 0x6d, 0xff, 0x84, 0x00, 0xdc, 0xff, 0x47, 0x00, 0x00, 0x00, 0x00, 0x00, 0x00, 0x00, 0x00, 0x00, 0x00, 0x00, 0x00,
    0x00, 0x00, 0x00, 0x51, 0xff, 0xcc, 0x14, 0xff, 0xd6, 0x00, 0x00, 0x00, 0x00, 0x29, 0xff, 0xc3, 0x1b, 0xff, 0xf5, 0x08, 0x00, 0x00, 0x00, 0x00, 0x00, 0x00, 0x00, 0x00, 0x00, 0x00, 0x00, 0x00,
    0x00, 0x00, 0x00, 0x0d, 0xfa, 0xfc, 0x59, 0xff, 0x92, 0x00, 0x00, 0x00, 0x00, 0x00, 0xe5, 0xf8, 0x5b, 0xff, 0xb4, 0x00, 0x00, 0x00, 0x00, 0x00, 0x00, 0x00, 0x00, 0x00, 0x00, 0x00, 0x00, 0x00,
    0x00, 0x00, 0x00, 0x00, 0xbf, 0xff, 0xc9, 0xff, 0x4e, 0x00, 0x00, 0x00, 0x00, 0x00, 0xa2, 0xff, 0xc7, 0xff, 0x6b, 0x00, 0x00, 0x00, 0x00, 0x00, 0x00, 0x00, 0x00, 0x00, 0x00, 0x00, 0x00, 0x00,
    0x00, 0x00, 0x00, 0x00, 0x76, 0xff, 0xff, 0xfb, 0x0e, 0x00, 0x00, 0x00, 0x00, 0x00, 0x5e, 0xff, 0xff, 0xff, 0x21, 0x00, 0x00, 0x00, 0x00, 0x00, 0x00, 0x00, 0x00, 0x00, 0x00, 0x00, 0x00, 0x00,
    0x00, 0x00, 0x00, 0x00, 0x2d, 0xff, 0xff, 0xc6, 0x00, 0x00, 0x00, 0x00, 0x00, 0x00, 0x1a, 0xff, 0xff, 0xd8, 0x00, 0x00, 0x00, 0x00, 0x00, 0x00, 0x00, 0x00, 0x00, 0x00, 0x00, 0x00, 0x00, 0x00,

    /* U+0058 "X" */
    0x00, 0xa1, 0xff, 0xd1, 0x06, 0x00, 0x00, 0x00, 0x00, 0x00, 0x00, 0x02, 0xc6, 0xff, 0xae, 0x00,
    0x00, 0x0d, 0xdd, 0xff, 0x88, 0x00, 0x00, 0x00, 0x00, 0x00, 0x00, 0x74, 0xff, 0xe7, 0x14, 0x00,
    0x00, 0x00, 0x39, 0xfc, 0xfd, 0x3b, 0x00, 0x00, 0x00, 0x00, 0x27, 0xf7, 0xff, 0x48, 0x00, 0x00,
    0x00, 0x00, 0x00, 0x7f, 0xff, 0xdc, 0x0b, 0x00, 0x00, 0x02, 0xc7, 0xff, 0x94, 0x00, 0x00, 0x00,
    0x00, 0x00, 0x00, 0x03, 0xc5, 0xff, 0x99, 0x00, 0x00, 0x75, 0xff, 0xd7, 0x09, 0x00, 0x00, 0x00,
    0x00, 0x00, 0x00, 0x00, 0x21, 0xf1, 0xff, 0x49, 0x28, 0xf7, 0xfa, 0x33, 0x00, 0x00, 0x00, 0x00,
    0x00, 0x00, 0x00, 0x00, 0x00, 0x5d, 0xff, 0xe6, 0xcb, 0xff, 0x7a, 0x00, 0x00, 0x00, 0x00, 0x00,
    0x00, 0x00, 0x00, 0x00, 0x00, 0x00, 0xa6, 0xff, 0xff, 0xc4, 0x03, 0x00, 0x00, 0x00, 0x00, 0x00,
    0x00, 0x00, 0x00, 0x00, 0x00, 0x00, 0x6d, 0xff, 0xff, 0xaa, 0x00, 0x00, 0x00, 0x00, 0x00, 0x00,
    0x00, 0x00, 0x00, 0x00, 0x00, 0x28, 0xf5, 0xf6, 0xe8, 0xff, 0x59, 0x00, 0x00, 0x00, 0x00, 0x00,
    0x00, 0x00, 0x00, 0x00, 0x06, 0xcd, 0xff, 0x70, 0x4c, 0xff, 0xee, 0x1a, 0x00, 0x00, 0x00, 0x00,
    0x00, 0x00, 0x00, 0x00, 0x8b, 0xff, 0xc0, 0x01, 0x00, 0xa2, 0xff, 0xb8, 0x00, 0x00, 0x00, 0x00,
    0x00, 0x00, 0x00, 0x42, 0xfe, 0xf3, 0x21, 0x00, 0x00, 0x11, 0xe6, 0xff, 0x69, 0x00, 0x00, 0x00,
    0x00, 0x00, 0x12, 0xe4, 0xff, 0x65, 0x00, 0x00, 0x00, 0x00, 0x4d, 0xff, 0xf4, 0x23, 0x00, 0x00,
    0x00, 0x00, 0xac, 0xff, 0xb6, 0x00, 0x00, 0x00, 0x00, 0x00, 0x00, 0xa2, 0xff, 0xc5, 0x02, 0x00,
    0x00, 0x63, 0xff, 0xee, 0x1a, 0x00, 0x00, 0x00, 0x00, 0x00, 0x00, 0x11, 0xe6, 0xff, 0x78, 0x00,
    0x24, 0xf4, 0xff, 0x5b, 0x00, 0x00, 0x00, 0x00, 0x00, 0x00, 0x00, 0x00, 0x4d, 0xff, 0xf9, 0x2e,

    /* U+0059 "Y" */
    0x2c, 0xfa, 0xff, 0x4b, 0x00, 0x00, 0x00, 0x00, 0x00, 0x00, 0x00, 0x00, 0x4b, 0xff, 0xfb, 0x2e,
    0x00, 0x83, 0xff, 0xdf, 0x0a, 0x00, 0x00, 0x00, 0x00, 0x00, 0x00, 0x0a, 0xdf, 0xff, 0x86, 0x00,
    0x00, 0x07, 0xd8, 0xff, 0x89, 0x00, 0x00, 0x00, 0x00, 0x00, 0x00, 0x88, 0xff, 0xd9, 0x08, 0x00,
    0x00, 0x00, 0x3e, 0xfe, 0xfb, 0x2d, 0x00, 0x00, 0x00, 0x00, 0x2a, 0xfa, 0xfe, 0x3f, 0x00, 0x00,
    0x00, 0x00, 0x00, 0x9a, 0xff, 0xc6, 0x01, 0x00, 0x00, 0x01, 0xc2, 0xff, 0x9a, 0x00, 0x00, 0x00,
    0x00, 0x00, 0x00, 0x10, 0xe7, 0xff, 0x66, 0x00, 0x00, 0x62, 0xff, 0xe6, 0x0f, 0x00, 0x00, 0x00,
    0x00, 0x00, 0x00, 0x00, 0x54, 0xff, 0xee, 0x16, 0x13, 0xec, 0xff, 0x52, 0x00, 0x00, 0x00, 0x00,
    0x00, 0x00, 0x00, 0x00, 0x00, 0xb0, 0xff, 0xa5, 0x9f, 0xff, 0xae, 0x00, 0x00, 0x00, 0x00, 0x00,
    0x00, 0x00, 0x00, 0x00, 0x00, 0x1b, 0xf1, 0xff, 0xff, 0xf0, 0x1a, 0x00, 0x00, 0x00, 0x00, 0x00,
    0x00, 0x00, 0x00, 0x00, 0x00, 0x00, 0x6a, 0xff, 0xff, 0x66, 0x00, 0x00, 0x00, 0x00, 0x00, 0x00,
    0x00, 0x00, 0x00, 0x00, 0x00, 0x00, 0x20, 0xff, 0xff, 0x1c, 0x00, 0x00, 0x00, 0x00, 0x00, 0x00,
    0x00, 0x00, 0x00, 0x00, 0x00, 0x00, 0x20, 0xff, 0xff, 0x1c, 0x00, 0x00, 0x00, 0x00, 0x00, 0x00,
    0x00, 0x00, 0x00, 0x00, 0x00, 0x00, 0x20, 0xff, 0xff, 0x1c, 0x00, 0x00, 0x00, 0x00, 0x00, 0x00,
    0x00, 0x00, 0x00, 0x00, 0x00, 0x00, 0x20, 0xff, 0xff, 0x1c, 0x00, 0x00, 0x00, 0x00, 0x00, 0x00,
    0x00, 0x00, 0x00, 0x00, 0x00, 0x00, 0x20, 0xff, 0xff, 0x1c, 0x00, 0x00, 0x00, 0x00, 0x00, 0x00,
    0x00, 0x00, 0x00, 0x00, 0x00, 0x00, 0x20, 0xff, 0xff, 0x1c, 0x00, 0x00, 0x00, 0x00, 0x00, 0x00,
    0x00, 0x00, 0x00, 0x00, 0x00, 0x00, 0x20, 0xff, 0xff, 0x1c, 0x00, 0x00, 0x00, 0x00, 0x00, 0x00,

    /* U+005A "Z" */
    0x00, 0x60, 0xff, 0xff, 0xff, 0xff, 0xff, 0xff, 0xff, 0xff, 0xff, 0xff, 0xff, 0x5c, 0x00, 0x00,
    0x00, 0x51, 0xd8, 0xd8, 0xd8, 0xd8, 0xd8, 0xd8, 0xd8, 0xd8, 0xe1, 0xff, 0xff, 0x4f, 0x00, 0x00,
    0x00, 0x00, 0x00, 0x00, 0x00, 0x00, 0x00, 0x00, 0x00, 0x00, 0xac, 0xff, 0xb6, 0x01, 0x00, 0x00,
    0x00, 0x00, 0x00, 0x00, 0x00, 0x00, 0x00, 0x00, 0x00, 0x6c, 0xff, 0xe5, 0x15, 0x00, 0x00, 0x00,
    0x00, 0x00, 0x00, 0x00, 0x00, 0x00, 0x00, 0x00, 0x32, 0xf8, 0xfc, 0x3f, 0x00, 0x00, 0x00, 0x00,
    0x00, 0x00, 0x00, 0x00, 0x00, 0x00, 0x00, 0x0e, 0xdb, 0xff, 0x7d, 0x00, 0x00, 0x00, 0x00, 0x00,
    0x00, 0x00, 0x00, 0x00, 0x00, 0x00, 0x00, 0xa8, 0xff, 0xbc, 0x02, 0x00, 0x00, 0x00, 0x00, 0x00,
    0x00, 0x00, 0x00, 0x00, 0x00, 0x00, 0x68, 0xff, 0xe8, 0x18, 0x00, 0x00, 0x00, 0x00, 0x00, 0x00,
    0x00, 0x00, 0x00, 0x00, 0x00, 0x2f, 0xf7, 0xfd, 0x44, 0x00, 0x00, 0x00, 0x00, 0x00, 0x00, 0x00,
    0x00, 0x00, 0x00, 0x00, 0x0c, 0xd9, 0xff, 0x84, 0x00, 0x00, 0x00, 0x00, 0x00, 0x00, 0x00, 0x00,
    0x00, 0x00, 0x00, 0x00, 0xa5, 0xff, 0xc2, 0x03, 0x00, 0x00, 0x00, 0x00, 0x00, 0x00, 0x00, 0x00,
    0x00, 0x00, 0x00, 0x64, 0xff, 0xeb, 0x1b, 0x00, 0x00, 0x00, 0x00, 0x00, 0x00, 0x00, 0x00, 0x00,
    0x00, 0x00, 0x2c, 0xf6, 0xfe, 0x4a, 0x00, 0x00, 0x00, 0x00, 0x00, 0x00, 0x00, 0x00, 0x00, 0x00,
    0x00, 0x0b, 0xd6, 0xff, 0x8b, 0x00, 0x00, 0x00, 0x00, 0x00, 0x00, 0x00, 0x00, 0x00, 0x00, 0x00,
    0x00, 0xa1, 0xff, 0xc7, 0x05, 0x00, 0x00, 0x00, 0x00, 0x00, 0x00, 0x00, 0x00, 0x00, 0x00, 0x00,
    0x32, 0xff, 0xff, 0xe6, 0xd8, 0xd8, 0xd8, 0xd8, 0xd8, 0xd8, 0xd8, 0xd8, 0xd8, 0xc3, 0x00, 0x00,
    0x3c, 0xff, 0xff, 0xff, 0xff, 0xff, 0xff, 0xff, 0xff, 0xff, 0xff, 0xff, 0xff, 0xe8, 0x00, 0x00,

    /* U+0061 "a" */
    0x00, 0x00, 0x55, 0xb8, 0xe1, 0xf8, 0xf1, 0xc7, 0x67, 0x02, 0x00, 0x00, 0x00, 0x00, 0x00, 0x00,
    0x00, 0x90, 0xff, 0xfb, 0xbc, 0xa3, 0xb9, 0xfa, 0xff, 0x9c, 0x00, 0x00, 0x00, 0x00, 0x00, 0x00,
    0x26, 0xff, 0xfd, 0x33, 0x00, 0x00, 0x00, 0x31, 0xfa, 0xff, 0x2c, 0x00, 0x00, 0x00, 0x00, 0x00,
    0x18, 0x50, 0x54, 0x00, 0x00, 0x00, 0x00, 0x00, 0xc2, 0xff, 0x67, 0x00, 0x00, 0x00, 0x00, 0x00,
    0x00, 0x00, 0x00, 0x00, 0x12, 0x1e, 0x20, 0x20, 0xb4, 0xff, 0x77, 0x00, 0x00, 0x00, 0x00, 0x00,
    0x00, 0x2c, 0xaa, 0xef, 0xff, 0xff, 0xff, 0xff, 0xff, 0xff, 0x78, 0x00, 0x00, 0x00, 0x00, 0x00,
    0x32, 0xf5, 0xff, 0xc5, 0x72, 0x58, 0x50, 0x50, 0xc3, 0xff, 0x78, 0x00, 0x00, 0x00, 0x00, 0x00,
    0xb6, 0xff, 0xac, 0x01, 0x00, 0x00, 0x00, 0x00, 0xae, 0xff, 0x78, 0x00, 0x00, 0x00, 0x00, 0x00,
    0xef, 0xff, 0x44, 0x00, 0x00, 0x00, 0x00, 0x00, 0xd9, 0xff, 0x78, 0x00, 0x00, 0x00, 0x00, 0x00,
    0xec, 0xff, 0x3c, 0x00, 0x00, 0x00, 0x00, 0x4a, 0xff, 0xff, 0x79, 0x00, 0x00, 0x00, 0x00, 0x00,
    0xc2, 0xff, 0x8b, 0x00, 0x00, 0x00, 0x37, 0xe5, 0xc0, 0xff, 0x95, 0x00, 0x00, 0x00, 0x00, 0x00,
    0x4a, 0xff, 0xff, 0xb8, 0x95, 0xbd, 0xfd, 0x73, 0x5b, 0xff, 0xf7, 0x99, 0x35, 0x00, 0x00, 0x00,
    0x00, 0x5c, 0xd1, 0xf9, 0xef, 0xbf, 0x4e, 0x00, 0x06, 0xaa, 0xf4, 0xe7, 0x40, 0x00, 0x00, 0x00,

    /* U+0062 "b" */
    0x60, 0xff, 0xbc, 0x00, 0x00, 0x00, 0x00, 0x00, 0x00, 0x00, 0x00, 0x00, 0x00, 0x00, 0x00, 0x00,
    0x60, 0xff, 0xbc, 0x00, 0x00, 0x00, 0x00, 0x00, 0x00, 0x00, 0x00, 0x00, 0x00, 0x00, 0x00, 0x00,
    0x60, 0xff, 0xbc, 0x00, 0x00, 0x00, 0x00, 0x00, 0x00, 0x00, 0x00, 0x00, 0x00, 0x00, 0x00, 0x00,
    0x60, 0xff, 0xbc, 0x00, 0x00, 0x00, 0x00, 0x00, 0x00, 0x00, 0x00, 0x00, 0x00, 0x00, 0x00, 0x00,
    0x60, 0xff, 0xbb, 0x09, 0x87, 0xdc, 0xf8, 0xeb, 0xaa, 0x27, 0x00, 0x00, 0x00, 0x00, 0x00, 0x00,
    0x60, 0xff, 0xb8, 0xbf, 0xf0, 0xb2, 0xaa, 0xe8, 0xff, 0xee, 0x24, 0x00, 0x00, 0x00, 0x00, 0x00,
    0x60, 0xff, 0xf7, 0xcc, 0x13, 0x00, 0x00, 0x0c, 0xc7, 0xff, 0xaa, 0x00, 0x00, 0x00, 0x00, 0x00,
    0x60, 0xff, 0xff, 0x39, 0x00, 0x00, 0x00, 0x00, 0x45, 0xff, 0xf7, 0x0a, 0x00, 0x00, 0x00, 0x00,
    0x60, 0xff, 0xed, 0x01, 0x00, 0x00, 0x00, 0x00, 0x08, 0xfe, 0xff, 0x32, 0x00, 0x00, 0x00, 0x00,
    0x60, 0xff, 0xca, 0x00, 0x00, 0x00, 0x00, 0x00, 0x00, 0xeb, 0xff, 0x4b, 0x00, 0x00, 0x00, 0x00,
    0x60, 0xff, 0xbe, 0x00, 0x00, 0x00, 0x00, 0x00, 0x00, 0xe2, 0xff, 0x54, 0x00, 0x00, 0x00, 0x00,
    0x60, 0xff, 0xc5, 0x00, 0x00, 0x00, 0x00, 0x00, 0x00, 0xea, 0xff, 0x4a, 0x00, 0x00, 0x00, 0x00,
    0x60, 0xff, 0xe4, 0x00, 0x00, 0x00, 0x00, 0x00, 0x08, 0xfe, 0xff, 0x2e, 0x00, 0x00, 0x00, 0x00,
    0x60, 0xff, 0xff, 0x2a, 0x00, 0x00, 0x00, 0x00, 0x44, 0xff, 0xf3, 0x06, 0x00, 0x00, 0x00, 0x00,
    0x60, 0xff, 0xfa, 0xbb, 0x09, 0x00, 0x00, 0x08, 0xc3, 0xff, 0xa0, 0x00, 0x00, 0x00, 0x00, 0x00,
    0x62, 0xff, 0xb1, 0xc3, 0xe4, 0x9f, 0x9a, 0xdf, 0xff, 0xe8, 0x1d, 0x00, 0x00, 0x00, 0x00, 0x00,
    0x6b, 0xff, 0xa1, 0x0a, 0x8c, 0xde, 0xf9, 0xeb, 0xa5, 0x20, 0x00, 0x00, 0x00, 0x00, 0x00, 0x00,

    /* U+0063 "c" */
    0x00, 0x00, 0x3b, 0xb0, 0xe9, 0xf8, 0xda, 0x9a, 0x1f, 0x00, 0x00, 0x00, 0x00, 0x00, 0x00, 0x00,
    0x00, 0x64, 0xfe, 0xfe, 0xc7, 0xb0, 0xdb, 0xff, 0xf1, 0x2f, 0x00, 0x00, 0x00, 0x00, 0x00, 0x00,
    0x25, 0xf8, 0xf9, 0x42, 0x00, 0x00, 0x02, 0x8d, 0xff, 0xd6, 0x00, 0x00, 0x00, 0x00, 0x00, 0x00,
    0x8c, 0xff, 0xa0, 0x00, 0x00, 0x00, 0x00, 0x0a, 0xde, 0xd1, 0x1f, 0x00, 0x00, 0x00, 0x00, 0x00,
    0xcc, 0xff, 0x5e, 0x00, 0x00, 0x00, 0x00, 0x00, 0x00, 0x00, 0x00, 0x00, 0x00, 0x00, 0x00, 0x00,
    0xee, 0xff, 0x41, 0x00, 0x00, 0x00, 0x00, 0x00, 0x00, 0x00, 0x00, 0x00, 0x00, 0x00, 0x00, 0x00,
    0xf8, 0xff, 0x3a, 0x00, 0x00, 0x00, 0x00, 0x00, 0x00, 0x00, 0x00, 0x00, 0x00, 0x00, 0x00, 0x00,
    0xed, 0xff, 0x44, 0x00, 0x00, 0x00, 0x00, 0x00, 0x00, 0x00, 0x00, 0x00, 0x00, 0x00, 0x00, 0x00,
    0xcc, 0xff, 0x69, 0x00, 0x00, 0x00, 0x00, 0x00, 0x09, 0x0c, 0x04, 0x00, 0x00, 0x00, 0x00, 0x00,
    0x8c, 0xff, 0xb6, 0x00, 0x00, 0x00, 0x00, 0x03, 0xeb, 0xff, 0x40, 0x00, 0x00, 0x00, 0x00, 0x00,
    0x25, 0xf9, 0xff, 0x60, 0x00, 0x00, 0x02, 0x85, 0xff, 0xdf, 0x04, 0x00, 0x00, 0x00, 0x00, 0x00,
    0x00, 0x64, 0xfe, 0xff, 0xd1, 0xb3, 0xde, 0xff, 0xf5, 0x3c, 0x00, 0x00, 0x00, 0x00, 0x00, 0x00,
    0x00, 0x00, 0x3c, 0xaf, 0xea, 0xfb, 0xe7, 0xa4, 0x27, 0x00, 0x00, 0x00, 0x00, 0x00, 0x00, 0x00,

    /* U+0064 "d" */
    0x00, 0x00, 0x00, 0x00, 0x00, 0x00, 0x00, 0x00, 0x60, 0xff, 0xbc, 0x00, 0x00, 0x00, 0x00, 0x00,
    0x00, 0x00, 0x00, 0x00, 0x00, 0x00, 0x00, 0x00, 0x60, 0xff, 0xbc, 0x00, 0x00, 0x00, 0x00, 0x00,
    0x00, 0x00, 0x00, 0x00, 0x00, 0x00, 0x00, 0x00, 0x60, 0xff, 0xbc, 0x00, 0x00, 0x00, 0x00, 0x00,
    0x00, 0x00, 0x00, 0x00, 0x00, 0x00, 0x00, 0x00, 0x60, 0xff, 0xbc, 0x00, 0x00, 0x00, 0x00, 0x00,
    0x00, 0x06, 0x7b, 0xd9, 0xf8, 0xea, 0xac, 0x2b, 0x60, 0xff, 0xbc, 0x00, 0x00, 0x00, 0x00, 0x00,
    0x00, 0xab, 0xff, 0xf6, 0xaa, 0x97, 0xc8, 0xf4, 0x89, 0xff, 0xbc, 0x00, 0x00, 0x00, 0x00, 0x00,
    0x46, 0xff, 0xf5, 0x2e, 0x00, 0x00, 0x00, 0x6c, 0xfb, 0xff, 0xbc, 0x00, 0x00, 0x00, 0x00, 0x00,
    0xa0, 0xff, 0x9a, 0x00, 0x00, 0x00, 0x00, 0x00, 0xcf, 0xff, 0xbc, 0x00, 0x00, 0x00, 0x00, 0x00,
    0xd4, 0xff, 0x5d, 0x00, 0x00, 0x00, 0x00, 0x00, 0x89, 0xff, 0xbc, 0x00, 0x00, 0x00, 0x00, 0x00,
    0xef, 0xff, 0x41, 0x00, 0x00, 0x00, 0x00, 0x00, 0x6a, 0xff, 0xbc, 0x00, 0x00, 0x00, 0x00, 0x00,
    0xf9, 0xff, 0x3a, 0x00, 0x00, 0x00, 0x00, 0x00, 0x63, 0xff, 0xbc, 0x00, 0x00, 0x00, 0x00, 0x00,
    0xf1, 0xff, 0x41, 0x00, 0x00, 0x00, 0x00, 0x00, 0x6f, 0xff, 0xbc, 0x00, 0x00, 0x00, 0x00, 0x00,
    0xd8, 0xff, 0x5e, 0x00, 0x00, 0x00, 0x00, 0x00, 0x94, 0xff, 0xbc, 0x00, 0x00, 0x00, 0x00, 0x00,
    0xa8, 0xff, 0x9c, 0x00, 0x00, 0x00, 0x00, 0x03, 0xde, 0xff, 0xbc, 0x00, 0x00, 0x00, 0x00, 0x00,
    0x53, 0xff, 0xf6, 0x35, 0x00, 0x00, 0x02, 0x88, 0xf5, 0xff, 0xbc, 0x00, 0x00, 0x00, 0x00, 0x00,
    0x01, 0xbc, 0xff, 0xfa, 0xbc, 0xab, 0xdd, 0xf2, 0x75, 0xff, 0xbd, 0x00, 0x00, 0x00, 0x00, 0x00,
    0x00, 0x0b, 0x86, 0xdd, 0xf9, 0xea, 0xad, 0x2a, 0x43, 0xff, 0xc4, 0x00, 0x00, 0x00, 0x00, 0x00,

    /* U+0065 "e" */
    0x00, 0x00, 0x2d, 0xa2, 0xe2, 0xf9, 0xee, 0xc0, 0x60, 0x02, 0x00, 0x00, 0x00, 0x00, 0x00, 0x00,
    0x00, 0x56, 0xfa, 0xff, 0xc3, 0x97, 0xb4, 0xf5, 0xff, 0xa9, 0x01, 0x00, 0x00, 0x00, 0x00, 0x00,
    0x20, 0xf5, 0xff, 0x5c, 0x00, 0x00, 0x00, 0x23, 0xdc, 0xff, 0x64, 0x00, 0x00, 0x00, 0x00, 0x00,
    0x89, 0xff, 0xb4, 0x00, 0x00, 0x00, 0x00, 0x00, 0x53, 0xff, 0xd1, 0x00, 0x00, 0x00, 0x00, 0x00,
    0xcc, 0xff, 0x69, 0x00, 0x00, 0x00, 0x00, 0x00, 0x0b, 0xfd, 0xff, 0x11, 0x00, 0x00, 0x00, 0x00,
    0xee, 0xff, 0xbc, 0xa0, 0xa0, 0xa0, 0xa0, 0xa0, 0xa0, 0xf8, 0xff, 0x35, 0x00, 0x00, 0x00, 0x00,
    0xf8, 0xff, 0xff, 0xff, 0xff, 0xff, 0xff, 0xff, 0xff, 0xff, 0xff, 0x44, 0x00, 0x00, 0x00, 0x00,
    0xec, 0xff, 0x4a, 0x00, 0x00, 0x00, 0x00, 0x00, 0x00, 0x00, 0x00, 0x00, 0x00, 0x00, 0x00, 0x00,
    0xc8, 0xff, 0x6a, 0x00, 0x00, 0x00, 0x00, 0x00, 0x00, 0x00, 0x00, 0x00, 0x00, 0x00, 0x00, 0x00,
    0x86, 0xff, 0xc3, 0x00, 0x00, 0x00, 0x00, 0x00, 0x07, 0x5c, 0x18, 0x00, 0x00, 0x00, 0x00, 0x00,
    0x1f, 0xf5, 0xff, 0x69, 0x00, 0x00, 0x00, 0x05, 0x9c, 0xff, 0xaa, 0x00, 0x00, 0x00, 0x00, 0x00,
    0x00, 0x56, 0xfa, 0xff, 0xd0, 0x9f, 0xab, 0xe8, 0xff, 0xd8, 0x1c, 0x00, 0x00, 0x00, 0x00, 0x00,
    0x00, 0x00, 0x2c, 0xa1, 0xe1, 0xf9, 0xee, 0xce, 0x7b, 0x10, 0x00, 0x00, 0x00, 0x00, 0x00, 0x00,

    /* U+0066 "f" */
    0x00, 0x00, 0x16, 0xa7, 0xe9, 0xfb, 0xa4, 0x00, 0x00, 0x00, 0x00, 0x00, 0x00, 0x00, 0x00, 0x00,
    0x00, 0x00, 0x9f, 0xff, 0xf3, 0xb1, 0x7f, 0x00, 0x00, 0x00, 0x00, 0x00, 0x00, 0x00, 0x00, 0x00,
    0x00, 0x00, 0xd4, 0xff, 0x5b, 0x00, 0x00, 0x00, 0x00, 0x00, 0x00, 0x00, 0x00, 0x00, 0x00, 0x00,
    0x00, 0x00, 0xe0, 0xff, 0x3c, 0x00, 0x00, 0x00, 0x00, 0x00, 0x00, 0x00, 0x00, 0x00, 0x00, 0x00,
    0xa8, 0xff, 0xff, 0xff, 0xff, 0xff, 0xb4, 0x00, 0x00, 0x00, 0x00, 0x00, 0x00, 0x00, 0x00, 0x00,
    0x59, 0x88, 0xf1, 0xff, 0xa4, 0x88, 0x5f, 0x00, 0x00, 0x00, 0x00, 0x00, 0x00, 0x00, 0x00, 0x00,
    0x00, 0x00, 0xe0, 0xff, 0x3c, 0x00, 0x00, 0x00, 0x00, 0x00, 0x00, 0x00, 0x00, 0x00, 0x00, 0x00,
    0x00, 0x00, 0xe0, 0xff, 0x3c, 0x00, 0x00, 0x00, 0x00, 0x00, 0x00, 0x00, 0x00, 0x00, 0x00, 0x00,
    0x00, 0x00, 0xe0, 0xff, 0x3c, 0x00, 0x00, 0x00, 0x00, 0x00, 0x00, 0x00, 0x00, 0x00, 0x00, 0x00,
    0x00, 0x00, 0xe0, 0xff, 0x3c, 0x00, 0x00, 0x00, 0x00, 0x00, 0x00, 0x00, 0x00, 0x00, 0x00, 0x00,
    0x00, 0x00, 0xe0, 0xff, 0x3c, 0x00, 0x00, 0x00, 0x00, 0x00, 0x00, 0x00, 0x00, 0x00, 0x00, 0x00,
    0x00, 0x00, 0xe0, 0xff, 0x3c, 0x00, 0x00, 0x00, 0x00, 0x00, 0x00, 0x00, 0x00, 0x00, 0x00, 0x00,
    0x00, 0x00, 0xe0, 0xff, 0x3c, 0x00, 0x00, 0x00, 0x00, 0x00, 0x00, 0x00, 0x00, 0x00, 0x00, 0x00,
    0x00, 0x00, 0xe0, 0xff, 0x3c, 0x00, 0x00, 0x00, 0x00, 0x00, 0x00, 0x00, 0x00, 0x00, 0x00, 0x00,
    0x00, 0x00, 0xe0, 0xff, 0x3c, 0x00, 0x00, 0x00, 0x00, 0x00, 0x00, 0x00, 0x00, 0x00, 0x00, 0x00,
    0x00, 0x00, 0xe0, 0xff, 0x3c, 0x00, 0x00, 0x00, 0x00, 0x00, 0x00, 0x00, 0x00, 0x00, 0x00, 0x00,
    0x00, 0x00, 0xe0, 0xff, 0x3c, 0x00, 0x00, 0x00, 0x00, 0x00, 0x00, 0x00, 0x00, 0x00, 0x00, 0x00,

    /* U+0067 "g" */
    0x00, 0x06, 0x79, 0xd7, 0xf8, 0xe8, 0xa2, 0x1e, 0x43, 0xff, 0xc4, 0x00, 0x00, 0x00, 0x00, 0x00,
    0x00, 0xae, 0xff, 0xf8, 0xb0, 0x9f, 0xdf, 0xe9, 0x70, 0xff, 0xbd, 0x00, 0x00, 0x00, 0x00, 0x00,
    0x4a, 0xff, 0xf6, 0x32, 0x00, 0x00, 0x06, 0xa9, 0xf2, 0xff, 0xbc, 0x00, 0x00, 0x00, 0x00, 0x00,
    0xa2, 0xff, 0x99, 0x00, 0x00, 0x00, 0x00, 0x0e, 0xed, 0xff, 0xbc, 0x00, 0x00, 0x00, 0x00, 0x00,
    0xd5, 0xff, 0x58, 0x00, 0x00, 0x00, 0x00, 0x00, 0xa0, 0xff, 0xbc, 0x00, 0x00, 0x00, 0x00, 0x00,
    0xf0, 0xff, 0x3a, 0x00, 0x00, 0x00, 0x00, 0x00, 0x70, 0xff, 0xbc, 0x00, 0x00, 0x00, 0x00, 0x00,
    0xf9, 0xff, 0x32, 0x00, 0x00, 0x00, 0x00, 0x00, 0x61, 0xff, 0xbc, 0x00, 0x00, 0x00, 0x00, 0x00,
    0xf2, 0xff, 0x39, 0x00, 0x00, 0x00, 0x00, 0x00, 0x6e, 0xff, 0xbc, 0x00, 0x00, 0x00, 0x00, 0x00,
    0xdc, 0xff, 0x53, 0x00, 0x00, 0x00, 0x00, 0x00, 0x9c, 0xff, 0xbc, 0x00, 0x00, 0x00, 0x00, 0x00,
    0xae, 0xff, 0x8d, 0x00, 0x00, 0x00, 0x00, 0x0c, 0xea, 0xff, 0xbc, 0x00, 0x00, 0x00, 0x00, 0x00,
    0x5f, 0xff, 0xee, 0x23, 0x00, 0x00, 0x05, 0xa5, 0xea, 0xff, 0xbc, 0x00, 0x00, 0x00, 0x00, 0x00,
    0x04, 0xcb, 0xff, 0xf3, 0xa7, 0x9b, 0xdd, 0xde, 0x6e, 0xff, 0xbc, 0x00, 0x00, 0x00, 0x00, 0x00,
    0x00, 0x11, 0x92, 0xe3, 0xf9, 0xe2, 0x94, 0x14, 0x5e, 0xff, 0xba, 0x00, 0x00, 0x00, 0x00, 0x00,
    0x00, 0x00, 0x00, 0x00, 0x00, 0x00, 0x00, 0x00, 0x77, 0xff, 0xaa, 0x00, 0x00, 0x00, 0x00, 0x00,
    0x18, 0x54, 0x59, 0x00, 0x00, 0x00, 0x00, 0x00, 0xb0, 0xff, 0x7f, 0x00, 0x00, 0x00, 0x00, 0x00,
    0x2e, 0xff, 0xfb, 0x41, 0x00, 0x00, 0x00, 0x54, 0xfe, 0xfd, 0x27, 0x00, 0x00, 0x00, 0x00, 0x00,
    0x00, 0x8e, 0xff, 0xfe, 0xc4, 0xa9, 0xcd, 0xff, 0xff, 0x7a, 0x00, 0x00, 0x00, 0x00, 0x00, 0x00,
    0x00, 0x00, 0x56, 0xbc, 0xe6, 0xfb, 0xeb, 0xb6, 0x4a, 0x00, 0x00, 0x00, 0x00, 0x00, 0x00, 0x00,

    /* U+0068 "h" */
    0x54, 0xff, 0xc8, 0x00, 0x00, 0x00, 0x00, 0x00, 0x00, 0x00, 0x00, 0x00, 0x00, 0x00, 0x00, 0x00,
    0x54, 0xff, 0xc8, 0x00, 0x00, 0x00, 0x00, 0x00, 0x00, 0x00, 0x00, 0x00, 0x00, 0x00, 0x00, 0x00,
    0x54, 0xff, 0xc8, 0x00, 0x00, 0x00, 0x00, 0x00, 0x00, 0x00, 0x00, 0x00, 0x00, 0x00, 0x00, 0x00,
    0x54, 0xff, 0xc8, 0x00, 0x00, 0x00, 0x00, 0x00, 0x00, 0x00, 0x00, 0x00, 0x00, 0x00, 0x00, 0x00,
    0x54, 0xff, 0xc4, 0x02, 0x74, 0xd5, 0xf7, 0xf1, 0xbb, 0x3a, 0x00, 0x00, 0x00, 0x00, 0x00, 0x00,
    0x54, 0xff, 0xbb, 0xa1, 0xf1, 0xb0, 0xaa, 0xe5, 0xff, 0xf7, 0x27, 0x00, 0x00, 0x00, 0x00, 0x00,
    0x54, 0xff, 0xef, 0xcf, 0x15, 0x00, 0x00, 0x0a, 0xcf, 0xff, 0x8c, 0x00, 0x00, 0x00, 0x00, 0x00,
    0x54, 0xff, 0xff, 0x37, 0x00, 0x00, 0x00, 0x00, 0x73, 0xff, 0xbb, 0x00, 0x00, 0x00, 0x00, 0x00,
    0x54, 0xff, 0xea, 0x00, 0x00, 0x00, 0x00, 0x00, 0x59, 0xff, 0xca, 0x00, 0x00, 0x00, 0x00, 0x00,
    0x54, 0xff, 0xcb, 0x00, 0x00, 0x00, 0x00, 0x00, 0x54, 0xff, 0xcc, 0x00, 0x00, 0x00, 0x00, 0x00,
    0x54, 0xff, 0xc8, 0x00, 0x00, 0x00, 0x00, 0x00, 0x54, 0xff, 0xcc, 0x00, 0x00, 0x00, 0x00, 0x00,
    0x54, 0xff, 0xc8, 0x00, 0x00, 0x00, 0x00, 0x00, 0x54, 0xff, 0xcc, 0x00, 0x00, 0x00, 0x00, 0x00,
    0x54, 0xff, 0xc8, 0x00, 0x00, 0x00, 0x00, 0x00, 0x54, 0xff, 0xcc, 0x00, 0x00, 0x00, 0x00, 0x00,
    0x54, 0xff, 0xc8, 0x00, 0x00, 0x00, 0x00, 0x00, 0x54, 0xff, 0xcc, 0x00, 0x00, 0x00, 0x00, 0x00,
    0x54, 0xff, 0xc8, 0x00, 0x00, 0x00, 0x00, 0x00, 0x54, 0xff, 0xcc, 0x00, 0x00, 0x00, 0x00, 0x00,
    0x54, 0xff, 0xc8, 0x00, 0x00, 0x00, 0x00, 0x00, 0x54, 0xff, 0xcc, 0x00, 0x00, 0x00, 0x00, 0x00,
    0x54, 0xff, 0xc8, 0x00, 0x00, 0x00, 0x00, 0x00, 0x54, 0xff, 0xcc, 0x00, 0x00, 0x00, 0x00, 0x00,

    /* U+0069 "i" */
    0x64, 0xff, 0xb8, 0x00, 0x00, 0x00, 0x00, 0x00, 0x00, 0x00, 0x00, 0x00, 0x00, 0x00, 0x00, 0x00,
    0x64, 0xff, 0xb8, 0x00, 0x00, 0x00, 0x00, 0x00, 0x00, 0x00, 0x00, 0x00, 0x00, 0x00, 0x00, 0x00,
    0x03, 0x08, 0x05, 0x00, 0x00, 0x00, 0x00, 0x00, 0x00, 0x00, 0x00, 0x00, 0x00, 0x00, 0x00, 0x00,
    0x00, 0x00, 0x00, 0x00, 0x00, 0x00, 0x00, 0x00, 0x00, 0x00, 0x00, 0x00, 0x00, 0x00, 0x00, 0x00,
    0x64, 0xff, 0xb8, 0x00, 0x00, 0x00, 0x00, 0x00, 0x00, 0x00, 0x00, 0x00, 0x00, 0x00, 0x00, 0x00,
    0x64, 0xff, 0xb8, 0x00, 0x00, 0x00, 0x00, 0x00, 0x00, 0x00, 0x00, 0x00, 0x00, 0x00, 0x00, 0x00,
    0x64, 0xff, 0xb8, 0x00, 0x00, 0x00, 0x00, 0x00, 0x00, 0x00, 0x00, 0x00, 0x00, 0x00, 0x00, 0x00,
    0x64, 0xff, 0xb8, 0x00, 0x00, 0x00, 0x00, 0x00, 0x00, 0x00, 0x00, 0x00, 0x00, 0x00, 0x00, 0x00,
    0x64, 0xff, 0xb8, 0x00, 0x00, 0x00, 0x00, 0x00, 0x00, 0x00, 0x00, 0x00, 0x00, 0x00, 0x00, 0x00,
    0x64, 0xff, 0xb8, 0x00, 0x00, 0x00, 0x00, 0x00, 0x00, 0x00, 0x00, 0x00, 0x00, 0x00, 0x00, 0x00,
    0x64, 0xff, 0xb8, 0x00, 0x00, 0x00, 0x00, 0x00, 0x00, 0x00, 0x00, 0x00, 0x00, 0x00, 0x00, 0x00,
    0x64, 0xff, 0xb8, 0x00, 0x00, 0x00, 0x00, 0x00, 0x00, 0x00, 0x00, 0x00, 0x00, 0x00, 0x00, 0x00,
    0x64, 0xff, 0xb8, 0x00, 0x00, 0x00, 0x00, 0x00, 0x00, 0x00, 0x00, 0x00, 0x00, 0x00, 0x00, 0x00,
    0x64, 0xff, 0xb8, 0x00, 0x00, 0x00, 0x00, 0x00, 0x00, 0x00, 0x00, 0x00, 0x00, 0x00, 0x00, 0x00,
    0x64, 0xff, 0xb8, 0x00, 0x00, 0x00, 0x00, 0x00, 0x00, 0x00, 0x00, 0x00, 0x00, 0x00, 0x00, 0x00,
    0x64, 0xff, 0xb8, 0x00, 0x00, 0x00, 0x00, 0x00, 0x00, 0x00, 0x00, 0x00, 0x00, 0x00, 0x00, 0x00,
    0x64, 0xff, 0xb8, 0x00, 0x00, 0x00, 0x00, 0x00, 0x00, 0x00, 0x00, 0x00, 0x00, 0x00, 0x00, 0x00,

    /* U+006A "j" */
    0x00, 0x00, 0x64, 0xff, 0xb8, 0x00, 0x00, 0x00, 0x00, 0x00, 0x00, 0x00, 0x00, 0x00, 0x00, 0x00,
    0x00, 0x00, 0x64, 0xff, 0xb8, 0x00, 0x00, 0x00, 0x00, 0x00, 0x00, 0x00, 0x00, 0x00, 0x00, 0x00,
    0x00, 0x00, 0x03, 0x08, 0x05, 0x00, 0x00, 0x00, 0x00, 0x00, 0x00, 0x00, 0x00, 0x00, 0x00, 0x00,
    0x00, 0x00, 0x00, 0x00, 0x00, 0x00, 0x00, 0x00, 0x00, 0x00, 0x00, 0x00, 0x00, 0x00, 0x00, 0x00,
    0x00, 0x00, 0x64, 0xff, 0xb8, 0x00, 0x00, 0x00, 0x00, 0x00, 0x00, 0x00, 0x00, 0x00, 0x00, 0x00,
    0x00, 0x00, 0x64, 0xff, 0xb8, 0x00, 0x00, 0x00, 0x00, 0x00, 0x00, 0x00, 0x00, 0x00, 0x00, 0x00,
    0x00, 0x00, 0x64, 0xff, 0xb8, 0x00, 0x00, 0x00, 0x00, 0x00, 0x00, 0x00, 0x00, 0x00, 0x00, 0x00,
    0x00, 0x00, 0x64, 0xff, 0xb8, 0x00, 0x00, 0x00, 0x00, 0x00, 0x00, 0x00, 0x00, 0x00, 0x00, 0x00,
    0x00, 0x00, 0x64, 0xff, 0xb8, 0x00, 0x00, 0x00, 0x00, 0x00, 0x00, 0x00, 0x00, 0x00, 0x00, 0x00,
    0x00, 0x00, 0x64, 0xff, 0xb8, 0x00, 0x00, 0x00, 0x00, 0x00, 0x00, 0x00, 0x00, 0x00, 0x00, 0x00,
    0x00, 0x00, 0x64, 0xff, 0xb8, 0x00, 0x00, 0x00, 0x00, 0x00, 0x00, 0x00, 0x00, 0x00, 0x00, 0x00,
    0x00, 0x00, 0x64, 0xff, 0xb8, 0x00, 0x00, 0x00, 0x00, 0x00, 0x00, 0x00, 0x00, 0x00, 0x00, 0x00,
    0x00, 0x00, 0x64, 0xff, 0xb8, 0x00, 0x00, 0x00, 0x00, 0x00, 0x00, 0x00, 0x00, 0x00, 0x00, 0x00,
    0x00, 0x00, 0x64, 0xff, 0xb8, 0x00, 0x00, 0x00, 0x00, 0x00, 0x00, 0x00, 0x00, 0x00, 0x00, 0x00,
    0x00, 0x00, 0x64, 0xff, 0xb8, 0x00, 0x00, 0x00, 0x00, 0x00, 0x00, 0x00, 0x00, 0x00, 0x00, 0x00,
    0x00, 0x00, 0x64, 0xff, 0xb8, 0x00, 0x00, 0x00, 0x00, 0x00, 0x00, 0x00, 0x00, 0x00, 0x00, 0x00,
    0x00, 0x00, 0x64, 0xff, 0xb8, 0x00, 0x00, 0x00, 0x00, 0x00, 0x00, 0x00, 0x00, 0x00, 0x00, 0x00,
    0x00, 0x00, 0x64, 0xff, 0xb8, 0x00, 0x00, 0x00, 0x00, 0x00, 0x00, 0x00, 0x00, 0x00, 0x00, 0x00,
    0x00, 0x00, 0x6a, 0xff, 0xb6, 0x00, 0x00, 0x00, 0x00, 0x00, 0x00, 0x00, 0x00, 0x00, 0x00, 0x00,
    0x00, 0x00, 0x95, 0xff, 0xa3, 0x00, 0x00, 0x00, 0x00, 0x00, 0x00, 0x00, 0x00, 0x00, 0x00, 0x00,
    0x6c, 0xbd, 0xfe, 0xff, 0x62, 0x00, 0x00, 0x00, 0x00, 0x00, 0x00, 0x00, 0x00, 0x00, 0x00, 0x00,
    0x8d, 0xfc, 0xe7, 0x8a, 0x03, 0x00, 0x00, 0x00, 0x00, 0x00, 0x00, 0x00, 0x00, 0x00, 0x00, 0x00,

    /* U+006B "k" */
    0x60, 0xff, 0xbc, 0x00, 0x00, 0x00, 0x00, 0x00, 0x00, 0x00, 0x00, 0x00, 0x00, 0x00, 0x00, 0x00,
    0x60, 0xff, 0xbc, 0x00, 0x00, 0x00, 0x00, 0x00, 0x00, 0x00, 0x00, 0x00, 0x00, 0x00, 0x00, 0x00,
    0x60, 0xff, 0xbc, 0x00, 0x00, 0x00, 0x00, 0x00, 0x00, 0x00, 0x00, 0x00, 0x00, 0x00, 0x00, 0x00,
    0x60, 0xff, 0xbc, 0x00, 0x00, 0x00, 0x00, 0x00, 0x00, 0x00, 0x00, 0x00, 0x00, 0x00, 0x00, 0x00,
    0x60, 0xff, 0xbc, 0x00, 0x00, 0x00, 0x00, 0x31, 0xf3, 0xfc, 0x51, 0x00, 0x00, 0x00, 0x00, 0x00,
    0x60, 0xff, 0xbc, 0x00, 0x00, 0x00, 0x1f, 0xe6, 0xff, 0x63, 0x00, 0x00, 0x00, 0x00, 0x00, 0x00,
    0x60, 0xff, 0xbc, 0x00, 0x00, 0x11, 0xd6, 0xff, 0x77, 0x00, 0x00, 0x00, 0x00, 0x00, 0x00, 0x00,
    0x60, 0xff, 0xbc, 0x00, 0x07, 0xc2, 0xff, 0x8c, 0x00, 0x00, 0x00, 0x00, 0x00, 0x00, 0x00, 0x00,
    0x60, 0xff, 0xbc, 0x01, 0xa9, 0xff, 0x9f, 0x01, 0x00, 0x00, 0x00, 0x00, 0x00, 0x00, 0x00, 0x00,
    0x60, 0xff, 0xbc, 0x8d, 0xff, 0xd4, 0x04, 0x00, 0x00, 0x00, 0x00, 0x00, 0x00, 0x00, 0x00, 0x00,
    0x60, 0xff, 0xf4, 0xff, 0xff, 0xfe, 0x49, 0x00, 0x00, 0x00, 0x00, 0x00, 0x00, 0x00, 0x00, 0x00,
    0x60, 0xff, 0xff, 0xb6, 0x74, 0xff, 0xea, 0x19, 0x00, 0x00, 0x00, 0x00, 0x00, 0x00, 0x00, 0x00,
    0x60, 0xff, 0xcd, 0x03, 0x00, 0xae, 0xff, 0xbc, 0x02, 0x00, 0x00, 0x00, 0x00, 0x00, 0x00, 0x00,
    0x60, 0xff, 0xbc, 0x00, 0x00, 0x12, 0xe3, 0xff, 0x79, 0x00, 0x00, 0x00, 0x00, 0x00, 0x00, 0x00,
    0x60, 0xff, 0xbc, 0x00, 0x00, 0x00, 0x40, 0xfd, 0xfb, 0x39, 0x00, 0x00, 0x00, 0x00, 0x00, 0x00,
    0x60, 0xff, 0xbc, 0x00, 0x00, 0x00, 0x00, 0x85, 0xff, 0xdf, 0x0f, 0x00, 0x00, 0x00, 0x00, 0x00,
    0x60, 0xff, 0xbc, 0x00, 0x00, 0x00, 0x00, 0x04, 0xc8, 0xff, 0xa9, 0x00, 0x00, 0x00, 0x00, 0x00,

    /* U+006C "l" */
    0x60, 0xff, 0xbc, 0x00, 0x00, 0x00, 0x00, 0x00, 0x00, 0x00, 0x00, 0x00, 0x00, 0x00, 0x00, 0x00,
    0x60, 0xff, 0xbc, 0x00, 0x00, 0x00, 0x00, 0x00, 0x00, 0x00, 0x00, 0x00, 0x00, 0x00, 0x00, 0x00,
    0x60, 0xff, 0xbc, 0x00, 0x00, 0x00, 0x00, 0x00, 0x00, 0x00, 0x00, 0x00, 0x00, 0x00, 0x00, 0x00,
    0x60, 0xff, 0xbc, 0x00, 0x00, 0x00, 0x00, 0x00, 0x00, 0x00, 0x00, 0x00, 0x00, 0x00, 0x00, 0x00,
    0x60, 0xff, 0xbc, 0x00, 0x00, 0x00, 0x00, 0x00, 0x00, 0x00, 0x00, 0x00, 0x00, 0x00, 0x00, 0x00,
    0x60, 0xff, 0xbc, 0x00, 0x00, 0x00, 0x00, 0x00, 0x00, 0x00, 0x00, 0x00, 0x00, 0x00, 0x00, 0x00,
    0x60, 0xff, 0xbc, 0x00, 0x00, 0x00, 0x00, 0x00, 0x00, 0x00, 0x00, 0x00, 0x00, 0x00, 0x00, 0x00,
    0x60, 0xff, 0xbc, 0x00, 0x00, 0x00, 0x00, 0x00, 0x00, 0x00, 0x00, 0x00, 0x00, 0x00, 0x00, 0x00,
    0x60, 0xff, 0xbc, 0x00, 0x00, 0x00, 0x00, 0x00, 0x00, 0x00, 0x00, 0x00, 0x00, 0x00, 0x00, 0x00,
    0x60, 0xff, 0xbc, 0x00, 0x00, 0x00, 0x00, 0x00, 0x00, 0x00, 0x00, 0x00, 0x00, 0x00, 0x00, 0x00,
    0x60, 0xff, 0xbc, 0x00, 0x00, 0x00, 0x00, 0x00, 0x00, 0x00, 0x00, 0x00, 0x00, 0x00, 0x00, 0x00,
    0x60, 0xff, 0xbc, 0x00, 0x00, 0x00, 0x00, 0x00, 0x00, 0x00, 0x00, 0x00, 0x00, 0x00, 0x00, 0x00,
    0x60, 0xff, 0xbc, 0x00, 0x00, 0x00, 0x00, 0x00, 0x00, 0x00, 0x00, 0x00, 0x00, 0x00, 0x00, 0x00,
    0x60, 0xff, 0xbc, 0x00, 0x00, 0x00, 0x00, 0x00, 0x00, 0x00, 0x00, 0x00, 0x00, 0x00, 0x00, 0x00,
    0x60, 0xff, 0xbc, 0x00, 0x00, 0x00, 0x00, 0x00, 0x00, 0x00, 0x00, 0x00, 0x00, 0x00, 0x00, 0x00,
    0x60, 0xff, 0xbc, 0x00, 0x00, 0x00, 0x00, 0x00, 0x00, 0x00, 0x00, 0x00, 0x00, 0x00, 0x00, 0x00,
    0x60, 0xff, 0xbc, 0x00, 0x00, 0x00, 0x00, 0x00, 0x00, 0x00, 0x00, 0x00, 0x00, 0x00, 0x00, 0x00,

    /* U+006D "m" */
    0x5f, 0xff, 0x9e, 0x0e, 0x96, 0xe5, 0xf9, 0xe0, 0x87, 0x04, 0x01, 0x71, 0xd4, 0xf7, 0xee, 0xaa, 0x1a, 0x00, 0x00, 0x00, 0x00, 0x00, 0x00, 0x00, 0x00, 0x00, 0x00, 0x00, 0x00, 0x00, 0x00, 0x00,
    0x57, 0xff, 0xad, 0xc7, 0xae, 0x6c, 0x8a, 0xf4, 0xff, 0x88, 0x97, 0xd3, 0x75, 0x79, 0xd6, 0xff, 0xcc, 0x00, 0x00, 0x00, 0x00, 0x00, 0x00, 0x00, 0x00, 0x00, 0x00, 0x00, 0x00, 0x00, 0x00, 0x00,
    0x54, 0xff, 0xfb, 0x92, 0x00, 0x00, 0x00, 0x57, 0xff, 0xf8, 0xd7, 0x0a, 0x00, 0x00, 0x11, 0xf4, 0xff, 0x2e, 0x00, 0x00, 0x00, 0x00, 0x00, 0x00, 0x00, 0x00, 0x00, 0x00, 0x00, 0x00, 0x00, 0x00,
    0x54, 0xff, 0xfb, 0x18, 0x00, 0x00, 0x00, 0x14, 0xff, 0xff, 0x66, 0x00, 0x00, 0x00, 0x00, 0xc1, 0xff, 0x59, 0x00, 0x00, 0x00, 0x00, 0x00, 0x00, 0x00, 0x00, 0x00, 0x00, 0x00, 0x00, 0x00, 0x00,
    0x54, 0xff, 0xdf, 0x00, 0x00, 0x00, 0x00, 0x02, 0xff, 0xff, 0x32, 0x00, 0x00, 0x00, 0x00, 0xae, 0xff, 0x66, 0x00, 0x00, 0x00, 0x00, 0x00, 0x00, 0x00, 0x00, 0x00, 0x00, 0x00, 0x00, 0x00, 0x00,
    0x54, 0xff, 0xc6, 0x00, 0x00, 0x00, 0x00, 0x00, 0xff, 0xff, 0x1a, 0x00, 0x00, 0x00, 0x00, 0xac, 0xff, 0x68, 0x00, 0x00, 0x00, 0x00, 0x00, 0x00, 0x00, 0x00, 0x00, 0x00, 0x00, 0x00, 0x00, 0x00,
    0x54, 0xff, 0xc4, 0x00, 0x00, 0x00, 0x00, 0x00, 0xff, 0xff, 0x18, 0x00, 0x00, 0x00, 0x00, 0xac, 0xff, 0x68, 0x00, 0x00, 0x00, 0x00, 0x00, 0x00, 0x00, 0x00, 0x00, 0x00, 0x00, 0x00, 0x00, 0x00,
    0x54, 0xff, 0xc4, 0x00, 0x00, 0x00, 0x00, 0x00, 0xff, 0xff, 0x18, 0x00, 0x00, 0x00, 0x00, 0xac, 0xff, 0x68, 0x00, 0x00, 0x00, 0x00, 0x00, 0x00, 0x00, 0x00, 0x00, 0x00, 0x00, 0x00, 0x00, 0x00,
    0x54, 0xff, 0xc4, 0x00, 0x00, 0x00, 0x00, 0x00, 0xff, 0xff, 0x18, 0x00, 0x00, 0x00, 0x00, 0xac, 0xff, 0x68, 0x00, 0x00, 0x00, 0x00, 0x00, 0x00, 0x00, 0x00, 0x00, 0x00, 0x00, 0x00, 0x00, 0x00,
    0x54, 0xff, 0xc4, 0x00, 0x00, 0x00, 0x00, 0x00, 0xff, 0xff, 0x18, 0x00, 0x00, 0x00, 0x00, 0xac, 0xff, 0x68, 0x00, 0x00, 0x00, 0x00, 0x00, 0x00, 0x00, 0x00, 0x00, 0x00, 0x00, 0x00, 0x00, 0x00,
    0x54, 0xff, 0xc4, 0x00, 0x00, 0x00, 0x00, 0x00, 0xff, 0xff, 0x18, 0x00, 0x00, 0x00, 0x00, 0xac, 0xff, 0x68, 0x00, 0x00, 0x00, 0x00, 0x00, 0x00, 0x00, 0x00, 0x00, 0x00, 0x00, 0x00, 0x00, 0x00,
    0x54, 0xff, 0xc4, 0x00, 0x00, 0x00, 0x00, 0x00, 0xff, 0xff, 0x18, 0x00, 0x00, 0x00, 0x00, 0xac, 0xff, 0x68, 0x00, 0x00, 0x00, 0x00, 0x00, 0x00, 0x00, 0x00, 0x00, 0x00, 0x00, 0x00, 0x00, 0x00,
    0x54, 0xff, 0xc4, 0x00, 0x00, 0x00, 0x00, 0x00, 0xff, 0xff, 0x18, 0x00, 0x00, 0x00, 0x00, 0xac, 0xff, 0x68, 0x00, 0x00, 0x00, 0x00, 0x00, 0x00, 0x00, 0x00, 0x00, 0x00, 0x00, 0x00, 0x00, 0x00,

    /* U+006E "n" */
    0x5f, 0xff, 0x9e, 0x07, 0x81, 0xd9, 0xf8, 0xf1, 0xbc, 0x3b, 0x00, 0x00, 0x00, 0x00, 0x00, 0x00,
    0x57, 0xff, 0xac, 0xbc, 0xc9, 0x75, 0x6e, 0xb5, 0xff, 0xf8, 0x28, 0x00, 0x00, 0x00, 0x00, 0x00,
    0x54, 0xff, 0xfa, 0xaf, 0x02, 0x00, 0x00, 0x00, 0xb9, 0xff, 0x8d, 0x00, 0x00, 0x00, 0x00, 0x00,
    0x54, 0xff, 0xfe, 0x24, 0x00, 0x00, 0x00, 0x00, 0x6d, 0xff, 0xbb, 0x00, 0x00, 0x00, 0x00, 0x00,
    0x54, 0xff, 0xe6, 0x00, 0x00, 0x00, 0x00, 0x00, 0x58, 0xff, 0xca, 0x00, 0x00, 0x00, 0x00, 0x00,
    0x54, 0xff, 0xcb, 0x00, 0x00, 0x00, 0x00, 0x00, 0x54, 0xff, 0xcc, 0x00, 0x00, 0x00, 0x00, 0x00,
    0x54, 0xff, 0xc8, 0x00, 0x00, 0x00, 0x00, 0x00, 0x54, 0xff, 0xcc, 0x00, 0x00, 0x00, 0x00, 0x00,
    0x54, 0xff, 0xc8, 0x00, 0x00, 0x00, 0x00, 0x00, 0x54, 0xff, 0xcc, 0x00, 0x00, 0x00, 0x00, 0x00,
    0x54, 0xff, 0xc8, 0x00, 0x00, 0x00, 0x00, 0x00, 0x54, 0xff, 0xcc, 0x00, 0x00, 0x00, 0x00, 0x00,
    0x54, 0xff, 0xc8, 0x00, 0x00, 0x00, 0x00, 0x00, 0x54, 0xff, 0xcc, 0x00, 0x00, 0x00, 0x00, 0x00,
    0x54, 0xff, 0xc8, 0x00, 0x00, 0x00, 0x00, 0x00, 0x54, 0xff, 0xcc, 0x00, 0x00, 0x00, 0x00, 0x00,
    0x54, 0xff, 0xc8, 0x00, 0x00, 0x00, 0x00, 0x00, 0x54, 0xff, 0xcc, 0x00, 0x00, 0x00, 0x00, 0x00,
    0x54, 0xff, 0xc8, 0x00, 0x00, 0x00, 0x00, 0x00, 0x54, 0xff, 0xcc, 0x00, 0x00, 0x00, 0x00, 0x00,

    /* U+006F "o" */
    0x00, 0x00, 0x39, 0xaa, 0xe5, 0xfa, 0xf0, 0xc8, 0x73, 0x08, 0x00, 0x00, 0x00, 0x00, 0x00, 0x00,
    0x00, 0x68, 0xfe, 0xff, 0xc1, 0x97, 0xa6, 0xed, 0xff, 0xca, 0x0c, 0x00, 0x00, 0x00, 0x00, 0x00,
    0x28, 0xfa, 0xfe, 0x53, 0x00, 0x00, 0x00, 0x12, 0xd3, 0xff, 0x8b, 0x00, 0x00, 0x00, 0x00, 0x00,
    0x90, 0xff, 0xb0, 0x00, 0x00, 0x00, 0x00, 0x00, 0x4f, 0xff, 0xee, 0x04, 0x00, 0x00, 0x00, 0x00,
    0xce, 0xff, 0x65, 0x00, 0x00, 0x00, 0x00, 0x00, 0x0b, 0xff, 0xff, 0x2c, 0x00, 0x00, 0x00, 0x00,
    0xee, 0xff, 0x43, 0x00, 0x00, 0x00, 0x00, 0x00, 0x00, 0xec, 0xff, 0x49, 0x00, 0x00, 0x00, 0x00,
    0xf8, 0xff, 0x3a, 0x00, 0x00, 0x00, 0x00, 0x00, 0x00, 0xe3, 0xff, 0x53, 0x00, 0x00, 0x00, 0x00,
    0xed, 0xff, 0x44, 0x00, 0x00, 0x00, 0x00, 0x00, 0x00, 0xec, 0xff, 0x47, 0x00, 0x00, 0x00, 0x00,
    0xcb, 0xff, 0x67, 0x00, 0x00, 0x00, 0x00, 0x00, 0x0e, 0xff, 0xff, 0x26, 0x00, 0x00, 0x00, 0x00,
    0x8a, 0xff, 0xb2, 0x00, 0x00, 0x00, 0x00, 0x00, 0x57, 0xff, 0xe5, 0x01, 0x00, 0x00, 0x00, 0x00,
    0x23, 0xf8, 0xfe, 0x52, 0x00, 0x00, 0x00, 0x19, 0xdb, 0xff, 0x77, 0x00, 0x00, 0x00, 0x00, 0x00,
    0x00, 0x61, 0xfd, 0xfe, 0xbc, 0x95, 0xaa, 0xf2, 0xff, 0xb2, 0x04, 0x00, 0x00, 0x00, 0x00, 0x00,
    0x00, 0x00, 0x37, 0xaa, 0xe7, 0xfa, 0xef, 0xc1, 0x61, 0x03, 0x00, 0x00, 0x00, 0x00, 0x00, 0x00,

    /* U+0070 "p" */
    0x6b, 0xff, 0x9f, 0x11, 0x94, 0xe1, 0xf9, 0xeb, 0xa9, 0x26, 0x00, 0x00, 0x00, 0x00, 0x00, 0x00,
    0x63, 0xff, 0xb7, 0xd2, 0xc9, 0x7b, 0x72, 0xbe, 0xff, 0xee, 0x25, 0x00, 0x00, 0x00, 0x00, 0x00,
    0x60, 0xff, 0xff, 0xaf, 0x01, 0x00, 0x00, 0x00, 0xac, 0xff, 0xac, 0x00, 0x00, 0x00, 0x00, 0x00,
    0x60, 0xff, 0xff, 0x28, 0x00, 0x00, 0x00, 0x00, 0x37, 0xff, 0xf8, 0x0a, 0x00, 0x00, 0x00, 0x00,
    0x60, 0xff, 0xe8, 0x00, 0x00, 0x00, 0x00, 0x00, 0x04, 0xfc, 0xff, 0x34, 0x00, 0x00, 0x00, 0x00,
    0x60, 0xff, 0xca, 0x00, 0x00, 0x00, 0x00, 0x00, 0x00, 0xe8, 0xff, 0x4c, 0x00, 0x00, 0x00, 0x00,
    0x60, 0xff, 0xbe, 0x00, 0x00, 0x00, 0x00, 0x00, 0x00, 0xe2, 0xff, 0x54, 0x00, 0x00, 0x00, 0x00,
    0x60, 0xff, 0xc6, 0x00, 0x00, 0x00, 0x00, 0x00, 0x00, 0xec, 0xff, 0x4a, 0x00, 0x00, 0x00, 0x00,
    0x60, 0xff, 0xe7, 0x00, 0x00, 0x00, 0x00, 0x00, 0x09, 0xfe, 0xff, 0x2e, 0x00, 0x00, 0x00, 0x00,
    0x60, 0xff, 0xff, 0x2d, 0x00, 0x00, 0x00, 0x00, 0x46, 0xff, 0xf3, 0x06, 0x00, 0x00, 0x00, 0x00,
    0x60, 0xff, 0xfa, 0xbd, 0x0a, 0x00, 0x00, 0x08, 0xc4, 0xff, 0xa0, 0x00, 0x00, 0x00, 0x00, 0x00,
    0x60, 0xff, 0xbc, 0xc5, 0xe5, 0x9f, 0x9a, 0xdf, 0xff, 0xe8, 0x1d, 0x00, 0x00, 0x00, 0x00, 0x00,
    0x60, 0xff, 0xbb, 0x0b, 0x8a, 0xdd, 0xf9, 0xeb, 0xa5, 0x20, 0x00, 0x00, 0x00, 0x00, 0x00, 0x00,
    0x60, 0xff, 0xbc, 0x00, 0x00, 0x00, 0x00, 0x00, 0x00, 0x00, 0x00, 0x00, 0x00, 0x00, 0x00, 0x00,
    0x60, 0xff, 0xbc, 0x00, 0x00, 0x00, 0x00, 0x00, 0x00, 0x00, 0x00, 0x00, 0x00, 0x00, 0x00, 0x00,
    0x60, 0xff, 0xbc, 0x00, 0x00, 0x00, 0x00, 0x00, 0x00, 0x00, 0x00, 0x00, 0x00, 0x00, 0x00, 0x00,
    0x60, 0xff, 0xbc, 0x00, 0x00, 0x00, 0x00, 0x00, 0x00, 0x00, 0x00, 0x00, 0x00, 0x00, 0x00, 0x00,
    0x60, 0xff, 0xbc, 0x00, 0x00, 0x00, 0x00, 0x00, 0x00, 0x00, 0x00, 0x00, 0x00, 0x00, 0x00, 0x00,

    /* U+0071 "q" */
    0x00, 0x06, 0x7b, 0xd9, 0xf8, 0xea, 0xae, 0x2c, 0x47, 0xff, 0xc7, 0x00, 0x00, 0x00, 0x00, 0x00,
    0x00, 0xab, 0xff, 0xf6, 0xaa, 0x97, 0xc9, 0xf4, 0x80, 0xff, 0xbf, 0x00, 0x00, 0x00, 0x00, 0x00,
    0x46, 0xff, 0xf6, 0x2e, 0x00, 0x00, 0x00, 0x71, 0xfb, 0xff, 0xbc, 0x00, 0x00, 0x00, 0x00, 0x00,
    0xa0, 0xff, 0x9c, 0x00, 0x00, 0x00, 0x00, 0x00, 0xd2, 0xff, 0xbc, 0x00, 0x00, 0x00, 0x00, 0x00,
    0xd4, 0xff, 0x5e, 0x00, 0x00, 0x00, 0x00, 0x00, 0x8a, 0xff, 0xbc, 0x00, 0x00, 0x00, 0x00, 0x00,
    0xef, 0xff, 0x41, 0x00, 0x00, 0x00, 0x00, 0x00, 0x6a, 0xff, 0xbc, 0x00, 0x00, 0x00, 0x00, 0x00,
    0xf9, 0xff, 0x3a, 0x00, 0x00, 0x00, 0x00, 0x00, 0x63, 0xff, 0xbc, 0x00, 0x00, 0x00, 0x00, 0x00,
    0xf1, 0xff, 0x41, 0x00, 0x00, 0x00, 0x00, 0x00, 0x70, 0xff, 0xbc, 0x00, 0x00, 0x00, 0x00, 0x00,
    0xd8, 0xff, 0x5e, 0x00, 0x00, 0x00, 0x00, 0x00, 0x96, 0xff, 0xbc, 0x00, 0x00, 0x00, 0x00, 0x00,
    0xa6, 0xff, 0x9c, 0x00, 0x00, 0x00, 0x00, 0x04, 0xe1, 0xff, 0xbc, 0x00, 0x00, 0x00, 0x00, 0x00,
    0x50, 0xff, 0xf6, 0x36, 0x00, 0x00, 0x02, 0x8d, 0xf4, 0xff, 0xbc, 0x00, 0x00, 0x00, 0x00, 0x00,
    0x01, 0xba, 0xff, 0xfa, 0xbc, 0xab, 0xde, 0xf1, 0x7d, 0xff, 0xbc, 0x00, 0x00, 0x00, 0x00, 0x00,
    0x00, 0x0a, 0x84, 0xdd, 0xf9, 0xeb, 0xaf, 0x2a, 0x5f, 0xff, 0xbc, 0x00, 0x00, 0x00, 0x00, 0x00,
    0x00, 0x00, 0x00, 0x00, 0x00, 0x00, 0x00, 0x00, 0x60, 0xff, 0xbc, 0x00, 0x00, 0x00, 0x00, 0x00,
    0x00, 0x00, 0x00, 0x00, 0x00, 0x00, 0x00, 0x00, 0x60, 0xff, 0xbc, 0x00, 0x00, 0x00, 0x00, 0x00,
    0x00, 0x00, 0x00, 0x00, 0x00, 0x00, 0x00, 0x00, 0x60, 0xff, 0xbc, 0x00, 0x00, 0x00, 0x00, 0x00,
    0x00, 0x00, 0x00, 0x00, 0x00, 0x00, 0x00, 0x00, 0x60, 0xff, 0xbc, 0x00, 0x00, 0x00, 0x00, 0x00,
    0x00, 0x00, 0x00, 0x00, 0x00, 0x00, 0x00, 0x00, 0x60, 0xff, 0xbc, 0x00, 0x00, 0x00, 0x00, 0x00,

    /* U+0072 "r" */
    0x00, 0x00, 0x00, 0x00, 0x00, 0x01, 0x0c, 0x00, 0x00, 0x00, 0x00, 0x00, 0x00, 0x00, 0x00, 0x00,
    0x64, 0xff, 0x9c, 0x20, 0xbd, 0xf6, 0x98, 0x00, 0x00, 0x00, 0x00, 0x00, 0x00, 0x00, 0x00, 0x00,
    0x5a, 0xff, 0xa7, 0xc4, 0xe7, 0xb9, 0x75, 0x00, 0x00, 0x00, 0x00, 0x00, 0x00, 0x00, 0x00, 0x00,
    0x56, 0xff, 0xe2, 0xbf, 0x09, 0x00, 0x00, 0x00, 0x00, 0x00, 0x00, 0x00, 0x00, 0x00, 0x00, 0x00,
    0x54, 0xff, 0xff, 0x3d, 0x00, 0x00, 0x00, 0x00, 0x00, 0x00, 0x00, 0x00, 0x00, 0x00, 0x00, 0x00,
    0x54, 0xff, 0xf0, 0x01, 0x00, 0x00, 0x00, 0x00, 0x00, 0x00, 0x00, 0x00, 0x00, 0x00, 0x00, 0x00,
    0x54, 0xff, 0xd7, 0x00, 0x00, 0x00, 0x00, 0x00, 0x00, 0x00, 0x00, 0x00, 0x00, 0x00, 0x00, 0x00,
    0x54, 0xff, 0xc8, 0x00, 0x00, 0x00, 0x00, 0x00, 0x00, 0x00, 0x00, 0x00, 0x00, 0x00, 0x00, 0x00,
    0x54, 0xff, 0xc8, 0x00, 0x00, 0x00, 0x00, 0x00, 0x00, 0x00, 0x00, 0x00, 0x00, 0x00, 0x00, 0x00,
    0x54, 0xff, 0xc8, 0x00, 0x00, 0x00, 0x00, 0x00, 0x00, 0x00, 0x00, 0x00, 0x00, 0x00, 0x00, 0x00,
    0x54, 0xff, 0xc8, 0x00, 0x00, 0x00, 0x00, 0x00, 0x00, 0x00, 0x00, 0x00, 0x00, 0x00, 0x00, 0x00,
    0x54, 0xff, 0xc8, 0x00, 0x00, 0x00, 0x00, 0x00, 0x00, 0x00, 0x00, 0x00, 0x00, 0x00, 0x00, 0x00,
    0x54, 0xff, 0xc8, 0x00, 0x00, 0x00, 0x00, 0x00, 0x00, 0x00, 0x00, 0x00, 0x00, 0x00, 0x00, 0x00,
    0x54, 0xff, 0xc8, 0x00, 0x00, 0x00, 0x00, 0x00, 0x00, 0x00, 0x00, 0x00, 0x00, 0x00, 0x00, 0x00,

    /* U+0073 "s" */
    0x00, 0x00, 0x29, 0xa0, 0xdf, 0xf8, 0xf3, 0xda, 0x95, 0x26, 0x00, 0x00, 0x00, 0x00, 0x00, 0x00,
    0x00, 0x34, 0xf5, 0xff, 0xcf, 0xa4, 0xa4, 0xd6, 0xff, 0xee, 0x2f, 0x00, 0x00, 0x00, 0x00, 0x00,
    0x00, 0xad, 0xff, 0x84, 0x00, 0x00, 0x00, 0x00, 0x78, 0xff, 0xab, 0x00, 0x00, 0x00, 0x00, 0x00,
    0x00, 0xcd, 0xff, 0x44, 0x00, 0x00, 0x00, 0x00, 0x04, 0x44, 0x22, 0x00, 0x00, 0x00, 0x00, 0x00,
    0x00, 0xa2, 0xff, 0xc4, 0x26, 0x00, 0x00, 0x00, 0x00, 0x00, 0x00, 0x00, 0x00, 0x00, 0x00, 0x00,
    0x00, 0x1e, 0xe0, 0xff, 0xff, 0xd4, 0x91, 0x4a, 0x08, 0x00, 0x00, 0x00, 0x00, 0x00, 0x00, 0x00,
    0x00, 0x00, 0x0f, 0x7b, 0xd3, 0xff, 0xff, 0xff, 0xef, 0x7e, 0x03, 0x00, 0x00, 0x00, 0x00, 0x00,
    0x00, 0x00, 0x00, 0x00, 0x00, 0x1b, 0x5d, 0xad, 0xfd, 0xff, 0x8c, 0x00, 0x00, 0x00, 0x00, 0x00,
    0x00, 0x00, 0x00, 0x00, 0x00, 0x00, 0x00, 0x00, 0x48, 0xff, 0xf9, 0x04, 0x00, 0x00, 0x00, 0x00,
    0x11, 0x5c, 0x58, 0x00, 0x00, 0x00, 0x00, 0x00, 0x01, 0xf8, 0xff, 0x1b, 0x00, 0x00, 0x00, 0x00,
    0x11, 0xf5, 0xf4, 0x3c, 0x00, 0x00, 0x00, 0x00, 0x56, 0xff, 0xe9, 0x03, 0x00, 0x00, 0x00, 0x00,
    0x00, 0x6b, 0xfe, 0xff, 0xcb, 0xa6, 0xa7, 0xcc, 0xff, 0xfc, 0x57, 0x00, 0x00, 0x00, 0x00, 0x00,
    0x00, 0x00, 0x49, 0xb2, 0xe5, 0xfb, 0xf9, 0xe0, 0xa4, 0x35, 0x00, 0x00, 0x00, 0x00, 0x00, 0x00,

    /* U+0074 "t" */
    0x00, 0x00, 0x93, 0xf0, 0x00, 0x00, 0x00, 0x00, 0x00, 0x00, 0x00, 0x00, 0x00, 0x00, 0x00, 0x00,
    0x00, 0x00, 0xc8, 0xf0, 0x00, 0x00, 0x00, 0x00, 0x00, 0x00, 0x00, 0x00, 0x00, 0x00, 0x00, 0x00,
    0x00, 0x05, 0xf8, 0xf0, 0x00, 0x00, 0x00, 0x00, 0x00, 0x00, 0x00, 0x00, 0x00, 0x00, 0x00, 0x00,
    0xa4, 0xff, 0xff, 0xff, 0xff, 0xff, 0x48, 0x00, 0x00, 0x00, 0x00, 0x00, 0x00, 0x00, 0x00, 0x00,
    0x57, 0x9c, 0xff, 0xf8, 0x88, 0x88, 0x26, 0x00, 0x00, 0x00, 0x00, 0x00, 0x00, 0x00, 0x00, 0x00,
    0x00, 0x2c, 0xff, 0xf0, 0x00, 0x00, 0x00, 0x00, 0x00, 0x00, 0x00, 0x00, 0x00, 0x00, 0x00, 0x00,
    0x00, 0x2c, 0xff, 0xf0, 0x00, 0x00, 0x00, 0x00, 0x00, 0x00, 0x00, 0x00, 0x00, 0x00, 0x00, 0x00,
    0x00, 0x2c, 0xff, 0xf0, 0x00, 0x00, 0x00, 0x00, 0x00, 0x00, 0x00, 0x00, 0x00, 0x00, 0x00, 0x00,
    0x00, 0x2c, 0xff, 0xf0, 0x00, 0x00, 0x00, 0x00, 0x00, 0x00, 0x00, 0x00, 0x00, 0x00, 0x00, 0x00,
    0x00, 0x2c, 0xff, 0xf0, 0x00, 0x00, 0x00, 0x00, 0x00, 0x00, 0x00, 0x00, 0x00, 0x00, 0x00, 0x00,
    0x00, 0x2c, 0xff, 0xf0, 0x00, 0x00, 0x00, 0x00, 0x00, 0x00, 0x00, 0x00, 0x00, 0x00, 0x00, 0x00,
    0x00, 0x2c, 0xff, 0xf0, 0x00, 0x00, 0x00, 0x00, 0x00, 0x00, 0x00, 0x00, 0x00, 0x00, 0x00, 0x00,
    0x00, 0x2c, 0xff, 0xf1, 0x00, 0x00, 0x00, 0x00, 0x00, 0x00, 0x00, 0x00, 0x00, 0x00, 0x00, 0x00,
    0x00, 0x1f, 0xff, 0xfe, 0x13, 0x00, 0x00, 0x00, 0x00, 0x00, 0x00, 0x00, 0x00, 0x00, 0x00, 0x00,
    0x00, 0x03, 0xe7, 0xff, 0xdf, 0xb7, 0x68, 0x00, 0x00, 0x00, 0x00, 0x00, 0x00, 0x00, 0x00, 0x00,
    0x00, 0x00, 0x44, 0xd8, 0xfa, 0xe7, 0x62, 0x00, 0x00, 0x00, 0x00, 0x00, 0x00, 0x00, 0x00, 0x00,

    /* U+0075 "u" */
    0x70, 0xff, 0xb0, 0x00, 0x00, 0x00, 0x00, 0x00, 0x6c, 0xff, 0xb0, 0x00, 0x00, 0x00, 0x00, 0x00,
    0x70, 0xff, 0xb0, 0x00, 0x00, 0x00, 0x00, 0x00, 0x6c, 0xff, 0xb0, 0x00, 0x00, 0x00, 0x00, 0x00,
    0x70, 0xff, 0xb0, 0x00, 0x00, 0x00, 0x00, 0x00, 0x6c, 0xff, 0xb0, 0x00, 0x00, 0x00, 0x00, 0x00,
    0x70, 0xff, 0xb0, 0x00, 0x00, 0x00, 0x00, 0x00, 0x6c, 0xff, 0xb0, 0x00, 0x00, 0x00, 0x00, 0x00,
    0x70, 0xff, 0xb0, 0x00, 0x00, 0x00, 0x00, 0x00, 0x6c, 0xff, 0xb0, 0x00, 0x00, 0x00, 0x00, 0x00,
    0x70, 0xff, 0xb0, 0x00, 0x00, 0x00, 0x00, 0x00, 0x6c, 0xff, 0xb0, 0x00, 0x00, 0x00, 0x00, 0x00,
    0x70, 0xff, 0xb0, 0x00, 0x00, 0x00, 0x00, 0x00, 0x6c, 0xff, 0xb0, 0x00, 0x00, 0x00, 0x00, 0x00,
    0x70, 0xff, 0xb0, 0x00, 0x00, 0x00, 0x00, 0x00, 0x6f, 0xff, 0xb0, 0x00, 0x00, 0x00, 0x00, 0x00,
    0x6e, 0xff, 0xb3, 0x00, 0x00, 0x00, 0x00, 0x00, 0x8c, 0xff, 0xb0, 0x00, 0x00, 0x00, 0x00, 0x00,
    0x60, 0xff, 0xc7, 0x00, 0x00, 0x00, 0x00, 0x00, 0xc9, 0xff, 0xb0, 0x00, 0x00, 0x00, 0x00, 0x00,
    0x31, 0xff, 0xf7, 0x18, 0x00, 0x00, 0x00, 0x5a, 0xfa, 0xff, 0xb0, 0x00, 0x00, 0x00, 0x00, 0x00,
    0x00, 0xc6, 0xff, 0xdb, 0x7d, 0x6e, 0xa4, 0xed, 0x77, 0xff, 0xb1, 0x00, 0x00, 0x00, 0x00, 0x00,
    0x00, 0x13, 0x9b, 0xe6, 0xfb, 0xe9, 0xa8, 0x24, 0x45, 0xff, 0xb8, 0x00, 0x00, 0x00, 0x00, 0x00,

    /* U+0076 "v" */
    0xbf, 0xff, 0x7d, 0x00, 0x00, 0x00, 0x00, 0x00, 0x00, 0x7c, 0xff, 0xbc, 0x00, 0x00, 0x00, 0x00,
    0x64, 0xff, 0xd2, 0x00, 0x00, 0x00, 0x00, 0x00, 0x00, 0xd3, 0xff, 0x5f, 0x00, 0x00, 0x00, 0x00,
    0x10, 0xf8, 0xff, 0x27, 0x00, 0x00, 0x00, 0x00, 0x2a, 0xff, 0xf5, 0x0d, 0x00, 0x00, 0x00, 0x00,
    0x00, 0xae, 0xff, 0x7c, 0x00, 0x00, 0x00, 0x00, 0x82, 0xff, 0xa5, 0x00, 0x00, 0x00, 0x00, 0x00,
    0x00, 0x54, 0xff, 0xd0, 0x00, 0x00, 0x00, 0x00, 0xd9, 0xff, 0x48, 0x00, 0x00, 0x00, 0x00, 0x00,
    0x00, 0x08, 0xf0, 0xff, 0x25, 0x00, 0x00, 0x31, 0xff, 0xe7, 0x03, 0x00, 0x00, 0x00, 0x00, 0x00,
    0x00, 0x00, 0x9e, 0xff, 0x7a, 0x00, 0x00, 0x88, 0xff, 0x8d, 0x00, 0x00, 0x00, 0x00, 0x00, 0x00,
    0x00, 0x00, 0x43, 0xff, 0xce, 0x00, 0x00, 0xde, 0xff, 0x30, 0x00, 0x00, 0x00, 0x00, 0x00, 0x00,
    0x00, 0x00, 0x02, 0xe6, 0xff, 0x22, 0x36, 0xff, 0xd3, 0x00, 0x00, 0x00, 0x00, 0x00, 0x00, 0x00,
    0x00, 0x00, 0x00, 0x8e, 0xff, 0x6e, 0x88, 0xff, 0x75, 0x00, 0x00, 0x00, 0x00, 0x00, 0x00, 0x00,
    0x00, 0x00, 0x00, 0x33, 0xff, 0xb5, 0xd5, 0xfd, 0x1b, 0x00, 0x00, 0x00, 0x00, 0x00, 0x00, 0x00,
    0x00, 0x00, 0x00, 0x00, 0xd8, 0xf9, 0xff, 0xbb, 0x00, 0x00, 0x00, 0x00, 0x00, 0x00, 0x00, 0x00,
    0x00, 0x00, 0x00, 0x00, 0x7d, 0xff, 0xff, 0x5e, 0x00, 0x00, 0x00, 0x00, 0x00, 0x00, 0x00, 0x00,

    /* U+0077 "w" */
    0x00, 0xe5, 0xff, 0x2a, 0x00, 0x00, 0x00, 0x00, 0x95, 0xff, 0xed, 0x01, 0x00, 0x00, 0x00, 0x00, 0xcd, 0xff, 0x3f, 0x00, 0x00, 0x00, 0x00, 0x00, 0x00, 0x00, 0x00, 0x00, 0x00, 0x00, 0x00, 0x00,
    0x00, 0xa0, 0xff, 0x69, 0x00, 0x00, 0x00, 0x00, 0xd7, 0xfd, 0xff, 0x2f, 0x00, 0x00, 0x00, 0x10, 0xfd, 0xf3, 0x05, 0x00, 0x00, 0x00, 0x00, 0x00, 0x00, 0x00, 0x00, 0x00, 0x00, 0x00, 0x00, 0x00,
    0x00, 0x5a, 0xff, 0xa8, 0x00, 0x00, 0x00, 0x18, 0xff, 0xb4, 0xff, 0x6f, 0x00, 0x00, 0x00, 0x4e, 0xff, 0xb1, 0x00, 0x00, 0x00, 0x00, 0x00, 0x00, 0x00, 0x00, 0x00, 0x00, 0x00, 0x00, 0x00, 0x00,
    0x00, 0x15, 0xfe, 0xe6, 0x00, 0x00, 0x00, 0x5a, 0xff, 0x51, 0xf5, 0xaf, 0x00, 0x00, 0x00, 0x8e, 0xff, 0x69, 0x00, 0x00, 0x00, 0x00, 0x00, 0x00, 0x00, 0x00, 0x00, 0x00, 0x00, 0x00, 0x00, 0x00,
    0x00, 0x00, 0xce, 0xff, 0x25, 0x00, 0x00, 0x9b, 0xfe, 0x12, 0xbe, 0xed, 0x01, 0x00, 0x00, 0xcf, 0xff, 0x22, 0x00, 0x00, 0x00, 0x00, 0x00, 0x00, 0x00, 0x00, 0x00, 0x00, 0x00, 0x00, 0x00, 0x00,
    0x00, 0x00, 0x88, 0xff, 0x64, 0x00, 0x00, 0xdd, 0xd2, 0x00, 0x80, 0xff, 0x2e, 0x00, 0x11, 0xfd, 0xdb, 0x00, 0x00, 0x00, 0x00, 0x00, 0x00, 0x00, 0x00, 0x00, 0x00, 0x00, 0x00, 0x00, 0x00, 0x00,
    0x00, 0x00, 0x42, 0xff, 0xa2, 0x00, 0x1e, 0xff, 0x93, 0x00, 0x42, 0xff, 0x6e, 0x00, 0x50, 0xff, 0x93, 0x00, 0x00, 0x00, 0x00, 0x00, 0x00, 0x00, 0x00, 0x00, 0x00, 0x00, 0x00, 0x00, 0x00, 0x00,
    0x00, 0x00, 0x07, 0xf5, 0xe1, 0x00, 0x60, 0xff, 0x53, 0x00, 0x09, 0xfa, 0xae, 0x00, 0x91, 0xff, 0x4c, 0x00, 0x00, 0x00, 0x00, 0x00, 0x00, 0x00, 0x00, 0x00, 0x00, 0x00, 0x00, 0x00, 0x00, 0x00,
    0x00, 0x00, 0x00, 0xb7, 0xff, 0x20, 0xa1, 0xfe, 0x14, 0x00, 0x00, 0xc7, 0xec, 0x01, 0xd2, 0xf9, 0x0b, 0x00, 0x00, 0x00, 0x00, 0x00, 0x00, 0x00, 0x00, 0x00, 0x00, 0x00, 0x00, 0x00, 0x00, 0x00,
    0x00, 0x00, 0x00, 0x71, 0xff, 0x5a, 0xe2, 0xd3, 0x00, 0x00, 0x00, 0x89, 0xff, 0x3d, 0xfe, 0xbd, 0x00, 0x00, 0x00, 0x00, 0x00, 0x00, 0x00, 0x00, 0x00, 0x00, 0x00, 0x00, 0x00, 0x00, 0x00, 0x00,
    0x00, 0x00, 0x00, 0x2b, 0xff, 0xb1, 0xff, 0x94, 0x00, 0x00, 0x00, 0x4b, 0xff, 0xaf, 0xff, 0x76, 0x00, 0x00, 0x00, 0x00, 0x00, 0x00, 0x00, 0x00, 0x00, 0x00, 0x00, 0x00, 0x00, 0x00, 0x00, 0x00,
    0x00, 0x00, 0x00, 0x00, 0xe4, 0xfd, 0xff, 0x54, 0x00, 0x00, 0x00, 0x0f, 0xfd, 0xfd, 0xff, 0x2e, 0x00, 0x00, 0x00, 0x00, 0x00, 0x00, 0x00, 0x00, 0x00, 0x00, 0x00, 0x00, 0x00, 0x00, 0x00, 0x00,
    0x00, 0x00, 0x00, 0x00, 0x9f, 0xff, 0xfe, 0x15, 0x00, 0x00, 0x00, 0x00, 0xcf, 0xff, 0xe6, 0x00, 0x00, 0x00, 0x00, 0x00, 0x00, 0x00, 0x00, 0x00, 0x00, 0x00, 0x00, 0x00, 0x00, 0x00, 0x00, 0x00,

    /* U+0078 "x" */
    0x32, 0xfa, 0xf8, 0x27, 0x00, 0x00, 0x00, 0x00, 0x32, 0xfc, 0xf7, 0x28, 0x00, 0x00, 0x00, 0x00,
    0x00, 0x7f, 0xff, 0xbf, 0x00, 0x00, 0x00, 0x02, 0xcb, 0xff, 0x71, 0x00, 0x00, 0x00, 0x00, 0x00,
    0x00, 0x04, 0xcc, 0xff, 0x60, 0x00, 0x00, 0x6d, 0xff, 0xc1, 0x02, 0x00, 0x00, 0x00, 0x00, 0x00,
    0x00, 0x00, 0x2a, 0xf8, 0xec, 0x14, 0x1a, 0xf1, 0xf3, 0x21, 0x00, 0x00, 0x00, 0x00, 0x00, 0x00,
    0x00, 0x00, 0x00, 0x74, 0xff, 0xa1, 0xab, 0xff, 0x65, 0x00, 0x00, 0x00, 0x00, 0x00, 0x00, 0x00,
    0x00, 0x00, 0x00, 0x02, 0xc3, 0xff, 0xff, 0xb6, 0x00, 0x00, 0x00, 0x00, 0x00, 0x00, 0x00, 0x00,
    0x00, 0x00, 0x00, 0x00, 0x69, 0xff, 0xff, 0x5e, 0x00, 0x00, 0x00, 0x00, 0x00, 0x00, 0x00, 0x00,
    0x00, 0x00, 0x00, 0x18, 0xec, 0xf5, 0xf8, 0xe8, 0x14, 0x00, 0x00, 0x00, 0x00, 0x00, 0x00, 0x00,
    0x00, 0x00, 0x00, 0xb1, 0xff, 0x72, 0x7d, 0xff, 0xac, 0x00, 0x00, 0x00, 0x00, 0x00, 0x00, 0x00,
    0x00, 0x00, 0x5f, 0xff, 0xca, 0x03, 0x05, 0xd3, 0xff, 0x5b, 0x00, 0x00, 0x00, 0x00, 0x00, 0x00,
    0x00, 0x1c, 0xef, 0xfa, 0x2e, 0x00, 0x00, 0x37, 0xfd, 0xef, 0x1b, 0x00, 0x00, 0x00, 0x00, 0x00,
    0x00, 0xb8, 0xff, 0x83, 0x00, 0x00, 0x00, 0x00, 0x92, 0xff, 0xb8, 0x00, 0x00, 0x00, 0x00, 0x00,
    0x66, 0xff, 0xd7, 0x07, 0x00, 0x00, 0x00, 0x00, 0x0c, 0xe1, 0xff, 0x68, 0x00, 0x00, 0x00, 0x00,

    /* U+0079 "y" */
    0xbe, 0xff, 0x80, 0x00, 0x00, 0x00, 0x00, 0x00, 0x00, 0x70, 0xff, 0xc3, 0x00, 0x00, 0x00, 0x00,
    0x5a, 0xff, 0xdf, 0x01, 0x00, 0x00, 0x00, 0x00, 0x00, 0xc8, 0xff, 0x62, 0x00, 0x00, 0x00, 0x00,
    0x08, 0xee, 0xff, 0x42, 0x00, 0x00, 0x00, 0x00, 0x20, 0xff, 0xf5, 0x0d, 0x00, 0x00, 0x00, 0x00,
    0x00, 0x92, 0xff, 0xa3, 0x00, 0x00, 0x00, 0x00, 0x78, 0xff, 0xa1, 0x00, 0x00, 0x00, 0x00, 0x00,
    0x00, 0x2e, 0xff, 0xf6, 0x0e, 0x00, 0x00, 0x00, 0xcf, 0xff, 0x41, 0x00, 0x00, 0x00, 0x00, 0x00,
    0x00, 0x00, 0xca, 0xff, 0x65, 0x00, 0x00, 0x27, 0xff, 0xdf, 0x01, 0x00, 0x00, 0x00, 0x00, 0x00,
    0x00, 0x00, 0x66, 0xff, 0xc6, 0x00, 0x00, 0x7f, 0xff, 0x7f, 0x00, 0x00, 0x00, 0x00, 0x00, 0x00,
    0x00, 0x00, 0x0d, 0xf4, 0xff, 0x24, 0x00, 0xd6, 0xfe, 0x20, 0x00, 0x00, 0x00, 0x00, 0x00, 0x00,
    0x00, 0x00, 0x00, 0x9e, 0xff, 0x79, 0x30, 0xff, 0xbe, 0x00, 0x00, 0x00, 0x00, 0x00, 0x00, 0x00,
    0x00, 0x00, 0x00, 0x3a, 0xff, 0xd1, 0x8b, 0xff, 0x5e, 0x00, 0x00, 0x00, 0x00, 0x00, 0x00, 0x00,
    0x00, 0x00, 0x00, 0x00, 0xd5, 0xff, 0xf0, 0xf2, 0x0b, 0x00, 0x00, 0x00, 0x00, 0x00, 0x00, 0x00,
    0x00, 0x00, 0x00, 0x00, 0x72, 0xff, 0xff, 0x9d, 0x00, 0x00, 0x00, 0x00, 0x00, 0x00, 0x00, 0x00,
    0x00, 0x00, 0x00, 0x00, 0x14, 0xfa, 0xff, 0x3c, 0x00, 0x00, 0x00, 0x00, 0x00, 0x00, 0x00, 0x00,
    0x00, 0x00, 0x00, 0x00, 0x2c, 0xff, 0xd8, 0x00, 0x00, 0x00, 0x00, 0x00, 0x00, 0x00, 0x00, 0x00,
    0x00, 0x00, 0x00, 0x00, 0xaa, 0xff, 0x6a, 0x00, 0x00, 0x00, 0x00, 0x00, 0x00, 0x00, 0x00, 0x00,
    0x00, 0x00, 0x00, 0x70, 0xff, 0xdf, 0x07, 0x00, 0x00, 0x00, 0x00, 0x00, 0x00, 0x00, 0x00, 0x00,
    0x28, 0xaf, 0xd1, 0xff, 0xf8, 0x3a, 0x00, 0x00, 0x00, 0x00, 0x00, 0x00, 0x00, 0x00, 0x00, 0x00,
    0x31, 0xf6, 0xf6, 0xc0, 0x36, 0x00, 0x00, 0x00, 0x00, 0x00, 0x00, 0x00, 0x00, 0x00, 0x00, 0x00,

    /* U+007A "z" */
    0x00, 0xa0, 0xff, 0xff, 0xff, 0xff, 0xff, 0xff, 0xff, 0xff, 0x90, 0x00, 0x00, 0x00, 0x00, 0x00,
    0x00, 0x64, 0xa0, 0xa0, 0xa0, 0xa0, 0xa0, 0xa7, 0xff, 0xff, 0x81, 0x00, 0x00, 0x00, 0x00, 0x00,
    0x00, 0x00, 0x00, 0x00, 0x00, 0x00, 0x00, 0x93, 0xff, 0xdc, 0x0d, 0x00, 0x00, 0x00, 0x00, 0x00,
    0x00, 0x00, 0x00, 0x00, 0x00, 0x00, 0x4d, 0xff, 0xfa, 0x34, 0x00, 0x00, 0x00, 0x00, 0x00, 0x00,
    0x00, 0x00, 0x00, 0x00, 0x00, 0x1a, 0xec, 0xff, 0x74, 0x00, 0x00, 0x00, 0x00, 0x00, 0x00, 0x00,
    0x00, 0x00, 0x00, 0x00, 0x02, 0xbe, 0xff, 0xb8, 0x01, 0x00, 0x00, 0x00, 0x00, 0x00, 0x00, 0x00,
    0x00, 0x00, 0x00, 0x00, 0x7b, 0xff, 0xe8, 0x16, 0x00, 0x00, 0x00, 0x00, 0x00, 0x00, 0x00, 0x00,
    0x00, 0x00, 0x00, 0x39, 0xfb, 0xfe, 0x45, 0x00, 0x00, 0x00, 0x00, 0x00, 0x00, 0x00, 0x00, 0x00,
    0x00, 0x00, 0x0f, 0xdf, 0xff, 0x89, 0x00, 0x00, 0x00, 0x00, 0x00, 0x00, 0x00, 0x00, 0x00, 0x00,
    0x00, 0x00, 0xa8, 0xff, 0xc9, 0x05, 0x00, 0x00, 0x00, 0x00, 0x00, 0x00, 0x00, 0x00, 0x00, 0x00,
    0x00, 0x63, 0xff, 0xf1, 0x22, 0x00, 0x00, 0x00, 0x00, 0x00, 0x00, 0x00, 0x00, 0x00, 0x00, 0x00,
    0x05, 0xf4, 0xff, 0xd9, 0xa4, 0xa4, 0xa4, 0xa4, 0xa4, 0xa4, 0x85, 0x00, 0x00, 0x00, 0x00, 0x00,
    0x08, 0xff, 0xff, 0xff, 0xff, 0xff, 0xff, 0xff, 0xff, 0xff, 0xd0, 0x00, 0x00, 0x00, 0x00, 0x00
};

/*---------------------
 *  GLYPH DESCRIPTION
 *--------------------*/

static const lv_font_fmt_txt_glyph_dsc_t glyph_dsc[] = {
    {.bitmap_index = 0, .adv_w = 0, .box_w = 0, .box_h = 0, .ofs_x = 0, .ofs_y = 0} /* id = 0 reserved */,
    {.bitmap_index = 0, .adv_w = 214, .box_w = 13, .box_h = 17, .ofs_x = 0, .ofs_y = 0},
    {.bitmap_index = 272, .adv_w = 214, .box_w = 12, .box_h = 17, .ofs_x = 1, .ofs_y = 0},
    {.bitmap_index = 544, .adv_w = 214, .box_w = 12, .box_h = 17, .ofs_x = 1, .ofs_y = 0},
    {.bitmap_index = 816, .adv_w = 214, .box_w = 13, .box_h = 17, .ofs_x = 0, .ofs_y = 0},
    {.bitmap_index = 1088, .adv_w = 214, .box_w = 13, .box_h = 17, .ofs_x = 0, .ofs_y = 0},
    {.bitmap_index = 1360, .adv_w = 214, .box_w = 13, .box_h = 17, .ofs_x = 0, .ofs_y = 0},
    {.bitmap_index = 1632, .adv_w = 214, .box_w = 12, .box_h = 17, .ofs_x = 1, .ofs_y = 0},
    {.bitmap_index = 1904, .adv_w = 214, .box_w = 12, .box_h = 17, .ofs_x = 1, .ofs_y = 0},
    {.bitmap_index = 2176, .adv_w = 214, .box_w = 12, .box_h = 17, .ofs_x = 1, .ofs_y = 0},
    {.bitmap_index = 2448, .adv_w = 214, .box_w = 12, .box_h = 17, .ofs_x = 1, .ofs_y = 0},
    {.bitmap_index = 2720, .adv_w = 107, .box_w = 3, .box_h = 13, .ofs_x = 2, .ofs_y = 0},
    {.bitmap_index = 2928, .adv_w = 256, .box_w = 16, .box_h = 17, .ofs_x = 0, .ofs_y = 0},
    {.bitmap_index = 3200, .adv_w = 256, .box_w = 14, .box_h = 17, .ofs_x = 1, .ofs_y = 0},
    {.bitmap_index = 3472, .adv_w = 277, .box_w = 16, .box_h = 17, .ofs_x = 1, .ofs_y = 0},
    {.bitmap_index = 3744, .adv_w = 277, .box_w = 16, .box_h = 17, .ofs_x = 1, .ofs_y = 0},
    {.bitmap_index = 4016, .adv_w = 256, .box_w = 14, .box_h = 17, .ofs_x = 1, .ofs_y = 0},
    {.bitmap_index = 4288, .adv_w = 235, .box_w = 13, .box_h = 17, .ofs_x = 1, .ofs_y = 0},
    {.bitmap_index = 4560, .adv_w = 299, .box_w = 16, .box_h = 17, .ofs_x = 1, .ofs_y = 0},
    {.bitmap_index = 4832, .adv_w = 277, .box_w = 15, .box_h = 17, .ofs_x = 1, .ofs_y = 0},
    {.bitmap_index = 5104, .adv_w = 107, .box_w = 3, .box_h = 17, .ofs_x = 2, .ofs_y = 0},
    {.bitmap_index = 5376, .adv_w = 192, .box_w = 11, .box_h = 17, .ofs_x = 0, .ofs_y = 0},
    {.bitmap_index = 5648, .adv_w = 256, .box_w = 15, .box_h = 17, .ofs_x = 1, .ofs_y = 0},
    {.bitmap_index = 5920, .adv_w = 214, .box_w = 12, .box_h = 17, .ofs_x = 1, .ofs_y = 0},
    {.bitmap_index = 6192, .adv_w = 320, .box_w = 18, .box_h = 17, .ofs_x = 1, .ofs_y = 0},
    {.bitmap_index = 6736, .adv_w = 277, .box_w = 15, .box_h = 17, .ofs_x = 1, .ofs_y = 0},
    {.bitmap_index = 7008, .adv_w = 299, .box_w = 17, .box_h = 17, .ofs_x = 1, .ofs_y = 0},
    {.bitmap_index = 7552, .adv_w = 256, .box_w = 14, .box_h = 17, .ofs_x = 1, .ofs_y = 0},
    {.bitmap_index = 7824, .adv_w = 299, .box_w = 17, .box_h = 22, .ofs_x = 1, .ofs_y = -5},
    {.bitmap_index = 8528, .adv_w = 277, .box_w = 16, .box_h = 17, .ofs_x = 1, .ofs_y = 0},
    {.bitmap_index = 8800, .adv_w = 256, .box_w = 14, .box_h = 17, .ofs_x = 1, .ofs_y = 0},
    {.bitmap_index = 9072, .adv_w = 235, .box_w = 15, .box_h = 17, .ofs_x = 0, .ofs_y = 0},
    {.bitmap_index = 9344, .adv_w = 277, .box_w = 15, .box_h = 17, .ofs_x = 1, .ofs_y = 0},
    {.bitmap_index = 9616, .adv_w = 256, .box_w = 16, .box_h = 17, .ofs_x = 0, .ofs_y = 0},
    {.bitmap_index = 9888, .adv_w = 362, .box_w = 23, .box_h = 17, .ofs_x = 0, .ofs_y = 0},
    {.bitmap_index = 10432, .adv_w = 256, .box_w = 16, .box_h = 17, .ofs_x = 0, .ofs_y = 0},
    {.bitmap_index = 10704, .adv_w = 256, .box_w = 16, .box_h = 17, .ofs_x = 0, .ofs_y = 0},
    {.bitmap_index = 10976, .adv_w = 235, .box_w = 14, .box_h = 17, .ofs_x = 0, .ofs_y = 0},
    {.bitmap_index = 11248, .adv_w = 214, .box_w = 13, .box_h = 13, .ofs_x = 1, .ofs_y = 0},
    {.bitmap_index = 11456, .adv_w = 214, .box_w = 12, .box_h = 17, .ofs_x = 1, .ofs_y = 0},
    {.bitmap_index = 11728, .adv_w = 192, .box_w = 11, .box_h = 13, .ofs_x = 1, .ofs_y = 0},
    {.bitmap_index = 11936, .adv_w = 214, .box_w = 11, .box_h = 17, .ofs_x = 1, .ofs_y = 0},
    {.bitmap_index = 12208, .adv_w = 214, .box_w = 12, .box_h = 13, .ofs_x = 1, .ofs_y = 0},
    {.bitmap_index = 12416, .adv_w = 107, .box_w = 7, .box_h = 17, .ofs_x = 0, .ofs_y = 0},
    {.bitmap_index = 12688, .adv_w = 214, .box_w = 11, .box_h = 18, .ofs_x = 1, .ofs_y = -5},
    {.bitmap_index = 12976, .adv_w = 214, .box_w = 11, .box_h = 17, .ofs_x = 1, .ofs_y = 0},
    {.bitmap_index = 13248, .adv_w = 85, .box_w = 3, .box_h = 17, .ofs_x = 1, .ofs_y = 0},
    {.bitmap_index = 13520, .adv_w = 85, .box_w = 5, .box_h = 22, .ofs_x = -1, .ofs_y = -5},
    {.bitmap_index = 13872, .adv_w = 192, .box_w = 12, .box_h = 17, .ofs_x = 1, .ofs_y = 0},
    {.bitmap_index = 14144, .adv_w = 85, .box_w = 3, .box_h = 17, .ofs_x = 1, .ofs_y = 0},
    {.bitmap_index = 14416, .adv_w = 320, .box_w = 18, .box_h = 13, .ofs_x = 1, .ofs_y = 0},
    {.bitmap_index = 14832, .adv_w = 214, .box_w = 11, .box_h = 13, .ofs_x = 1, .ofs_y = 0},
    {.bitmap_index = 15040, .adv_w = 214, .box_w = 12, .box_h = 13, .ofs_x = 1, .ofs_y = 0},
    {.bitmap_index = 15248, .adv_w = 214, .box_w = 12, .box_h = 18, .ofs_x = 1, .ofs_y = -5},
    {.bitmap_index = 15536, .adv_w = 214, .box_w = 11, .box_h = 18, .ofs_x = 1, .ofs_y = -5},
    {.bitmap_index = 15824, .adv_w = 128, .box_w = 7, .box_h = 14, .ofs_x = 1, .ofs_y = 0},
    {.bitmap_index = 16048, .adv_w = 192, .box_w = 12, .box_h = 13, .ofs_x = 0, .ofs_y = 0},
    {.bitmap_index = 16256, .adv_w = 107, .box_w = 7, .box_h = 16, .ofs_x = 0, .ofs_y = 0},
    {.bitmap_index = 16512, .adv_w = 214, .box_w = 11, .box_h = 13, .ofs_x = 1, .ofs_y = 0},
    {.bitmap_index = 16720, .adv_w = 192, .box_w = 12, .box_h = 13, .ofs_x = 0, .ofs_y = 0},
    {.bitmap_index = 16928, .adv_w = 277, .box_w = 19, .box_h = 13, .ofs_x = -1, .ofs_y = 0},
    {.bitmap_index = 17344, .adv_w = 192, .box_w = 12, .box_h = 13, .ofs_x = 0, .ofs_y = 0},
    {.bitmap_index = 17552, .adv_w = 192, .box_w = 12, .box_h = 18, .ofs_x = 0, .ofs_y = -5},
    {.bitmap_index = 17840, .adv_w = 192, .box_w = 11, .box_h = 13, .ofs_x = 0, .ofs_y = 0}
};

/*---------------------
 *  CHARACTER MAPPING
 *--------------------*/



/*Collect the unicode lists and glyph_id offsets*/
static const lv_font_fmt_txt_cmap_t cmaps[] =
{
    {
        .range_start = 48, .range_length = 11, .glyph_id_start = 1,
        .unicode_list = NULL, .glyph_id_ofs_list = NULL, .list_length = 0, .type = LV_FONT_FMT_TXT_CMAP_FORMAT0_TINY
    },
    {
        .range_start = 65, .range_length = 26, .glyph_id_start = 12,
        .unicode_list = NULL, .glyph_id_ofs_list = NULL, .list_length = 0, .type = LV_FONT_FMT_TXT_CMAP_FORMAT0_TINY
    },
    {
        .range_start = 97, .range_length = 26, .glyph_id_start = 38,
        .unicode_list = NULL, .glyph_id_ofs_list = NULL, .list_length = 0, .type = LV_FONT_FMT_TXT_CMAP_FORMAT0_TINY
    }
};

/*-----------------
 *    KERNING
 *----------------*/

/*Map glyph_ids to kern left classes*/
static const uint8_t kern_left_class_mapping[] =
{
    0, 0, 1, 0, 0, 0, 0, 0,
    0, 0, 0, 0, 2, 0, 0, 0,
    0, 3, 0, 0, 0, 0, 0, 4,
    0, 0, 0, 5, 0, 6, 0, 7,
    0, 8, 9, 0, 10, 0, 0, 0,
    0, 0, 0, 11, 0, 0, 0, 0,
    0, 0, 0, 0, 0, 0, 0, 0,
    0, 0, 0, 0, 0, 0, 0, 0
};

/*Map glyph_ids to kern right classes*/
static const uint8_t kern_right_class_mapping[] =
{
    0, 0, 1, 0, 0, 0, 0, 0,
    0, 0, 0, 2, 3, 0, 0, 0,
    0, 0, 0, 0, 0, 0, 0, 0,
    0, 0, 4, 0, 0, 0, 0, 5,
    0, 5, 6, 0, 5, 0, 7, 0,
    8, 0, 9, 10, 0, 0, 11, 0,
    0, 0, 0, 0, 9, 12, 13, 14,
    8, 0, 15, 16, 17, 0, 18, 0
};

/*Kern values between classes*/
static const int8_t kern_class_values[] =
{
    -28, 0, 0, 0, 0, 0, 0, 0,
    0, 0, 0, 0, 0, 0, 0, 0,
    0, 0, 0, 0, 0, 0, -28, -14,
    0, 0, 0, 0, 0, 0, 0, 0,
    0, -7, -7, -7, 0, 0, -21, 0,
    0, 0, 0, 0, 0, 0, 0, 0,
    0, 0, 0, 0, 0, 0, 0, 0,
    0, 0, -28, -28, 0, 0, 0, 0,
    0, 0, 0, 0, 0, 0, 0, -14,
    0, 0, -28, 0, 0, 0, 0, 0,
    0, 0, 0, 0, 0, 0, 0, 0,
    0, 0, 0, 0, 0, 0, -7, -7,
    0, 0, 0, 0, 0, 0, 0, 0,
    0, 0, 0, 0, 0, -43, -28, -7,
    0, 0, -43, -43, -43, 0, -14, 0,
    0, -14, -14, 0, -21, -21, 0, -14,
    -28, 0, 0, 0, -28, 0, -21, 0,
    -7, 0, 0, -14, -14, 0, 0, -14,
    0, -7, -14, 0, 0, 0, -14, 0,
    -7, 0, 0, 0, 0, -7, -7, 0,
    0, -3, 0, -21, -28, 0, 0, 0,
    -28, 0, -35, 0, -14, -28, -35, 0,
    -21, -21, 0, 0, 0, 0, 0, 0,
    0, 0, 0, 0, 0, -7, 0, 0,
    0, 0, 0, 0, 0, 0
};

/*Collect the kern class' data in one place*/
static const lv_font_fmt_txt_kern_classes_t kern_classes =
{
    .class_pair_values   = kern_class_values,
    .left_class_mapping  = kern_left_class_mapping,
    .right_class_mapping = kern_right_class_mapping,
    .left_class_cnt      = 11,
    .right_class_cnt     = 18,
};

/*--------------------
 *  ALL CUSTOM DATA
 *--------------------*/

#if LVGL_VERSION_MAJOR == 8
/*Store all the custom data of the font*/
static  lv_font_fmt_txt_glyph_cache_t cache;
#endif

#if LVGL_VERSION_MAJOR >= 8
static const lv_font_fmt_txt_dsc_t font_dsc = {
#else
static lv_font_fmt_txt_dsc_t font_dsc = {
#endif
    .glyph_bitmap = glyph_bitmap,
    .glyph_dsc = glyph_dsc,
    .cmaps = cmaps,
    .kern_dsc = &kern_classes,
    .kern_scale = 16,
    .cmap_num = 3,
    .bpp = 8,
    .kern_classes = 1,
    .bitmap_format = 0,
#if LVGL_VERSION_MAJOR == 8
    .cache = &cache
#endif
    .stride = 16
};

extern const lv_font_t lv_font_montserrat_14;


/*-----------------
 *  PUBLIC FONT
 *----------------*/

/*Initialize a public general font descriptor*/
#if LVGL_VERSION_MAJOR >= 8
const lv_font_t lv_font_LiberationSans_24 = {
#else
lv_font_t lv_font_LiberationSans_24 = {
#endif
    .get_glyph_dsc = lv_font_get_glyph_dsc_fmt_txt,    /*Function pointer to get glyph's data*/
    .get_glyph_bitmap = lv_font_get_bitmap_fmt_txt,    /*Function pointer to get glyph's bitmap*/
    .line_height = 28,          /*The maximum line height required by the font*/
    .base_line = 6,             /*Baseline measured from the bottom of the line*/
#if !(LVGL_VERSION_MAJOR == 6 && LVGL_VERSION_MINOR == 0)
    .subpx = LV_FONT_SUBPX_NONE,
#endif
#if LV_VERSION_CHECK(7, 4, 0) || LVGL_VERSION_MAJOR >= 8
    .underline_position = -3,
    .underline_thickness = 2,
#endif

#if LV_VERSION_CHECK(9, 3, 0)
    .static_bitmap = 1,    /*Bitmaps are stored as const so they are always static if not compressed */
#endif

    .dsc = &font_dsc,          /*The custom font data. Will be accessed by `get_glyph_bitmap/dsc` */
#if LV_VERSION_CHECK(8, 2, 0) || LVGL_VERSION_MAJOR >= 9
    .fallback = &lv_font_montserrat_14,
#endif
    .user_data = NULL,
};



#endif /*#if LV_FONT_LIBERATIONSANS_24*/
