/*
 * Original Font License:
 * ------------------------------------------------------------
 * Digitized data copyright (c) 2010 Google Corporation with Reserved Font Arimo, Tinos and Cousine.
 * Copyright (c) 2012 Red Hat, Inc. with Reserved Font Name Liberation.
 * This Font Software is licensed under the SIL Open Font License, Version 1.1.
 * And is also available with a FAQ at: http://scripts.sil.org/OFL
 * ------------------------------------------------------------
 *
 * This file was automatically generated by GUI Guider (NXP Semiconductors):
 * ------------------------------------------------------------
 * Conversion Tool : GUI Guider
 * Vendor          : NXP Semiconductors
 * Version         : 2.0.0
 * Generated on    : 2026/8/18
 * Purpose         : Convert font file into C source code for embedded GUI usage.
 *
 * Disclaimer:
 * This generated file is derived from the original font file and
 * retains its original license terms. Ensure compliance with the
 * font license when using this file in your application.
 * ------------------------------------------------------------
 *//*******************************************************************************
 * Size: 20 px
 * Bpp: 8
 * Opts: undefined
 ******************************************************************************/

#ifdef __has_include
    #if __has_include("lvgl.h")
        #ifndef LV_LVGL_H_INCLUDE_SIMPLE
            #define LV_LVGL_H_INCLUDE_SIMPLE
        #endif
    #endif
#endif

#ifdef LV_LVGL_H_INCLUDE_SIMPLE
    #include "lvgl.h"
#else
    #include "lvgl.h"
#endif

#if !LV_VERSION_CHECK(9, 3, 0)
#error "At least LVGL v9.3 is required to use the stride attribute of the fonts"
#endif

#ifndef LV_FONT_LIBERATIONSANS_20
#define LV_FONT_LIBERATIONSANS_20 1
#endif

#if LV_FONT_LIBERATIONSANS_20

/*-----------------
 *    BITMAPS
 *----------------*/

/*Store the image of the glyphs*/
static LV_ATTRIBUTE_MEM_ALIGN LV_ATTRIBUTE_LARGE_CONST const uint8_t glyph_bitmap[] = {
    /* U+0020 " " */

    /* U+0030 "0" */
    0x00, 0x00, 0x0f, 0x8e, 0xe0, 0xf9, 0xe6, 0x9c, 0x18, 0x00, 0x00, 0x00, 0x00, 0x00, 0x00, 0x00,
    0x00, 0x08, 0xcd, 0xff, 0xac, 0x7b, 0x9e, 0xfb, 0xde, 0x13, 0x00, 0x00, 0x00, 0x00, 0x00, 0x00,
    0x00, 0x71, 0xff, 0x76, 0x00, 0x00, 0x00, 0x58, 0xff, 0x8d, 0x00, 0x00, 0x00, 0x00, 0x00, 0x00,
    0x00, 0xcc, 0xf2, 0x08, 0x00, 0x00, 0x00, 0x00, 0xdc, 0xe8, 0x01, 0x00, 0x00, 0x00, 0x00, 0x00,
    0x07, 0xfd, 0xbe, 0x00, 0x00, 0x00, 0x00, 0x00, 0xa0, 0xff, 0x22, 0x00, 0x00, 0x00, 0x00, 0x00,
    0x26, 0xff, 0x9f, 0x00, 0x00, 0x00, 0x00, 0x00, 0x81, 0xff, 0x44, 0x00, 0x00, 0x00, 0x00, 0x00,
    0x33, 0xff, 0x93, 0x00, 0x00, 0x00, 0x00, 0x00, 0x74, 0xff, 0x52, 0x00, 0x00, 0x00, 0x00, 0x00,
    0x33, 0xff, 0x93, 0x00, 0x00, 0x00, 0x00, 0x00, 0x75, 0xff, 0x51, 0x00, 0x00, 0x00, 0x00, 0x00,
    0x24, 0xff, 0xa1, 0x00, 0x00, 0x00, 0x00, 0x00, 0x83, 0xff, 0x42, 0x00, 0x00, 0x00, 0x00, 0x00,
    0x05, 0xfb, 0xc2, 0x00, 0x00, 0x00, 0x00, 0x00, 0xa5, 0xff, 0x1e, 0x00, 0x00, 0x00, 0x00, 0x00,
    0x00, 0xc6, 0xf5, 0x0b, 0x00, 0x00, 0x00, 0x03, 0xe5, 0xe0, 0x00, 0x00, 0x00, 0x00, 0x00, 0x00,
    0x00, 0x66, 0xff, 0x82, 0x00, 0x00, 0x00, 0x6a, 0xff, 0x7e, 0x00, 0x00, 0x00, 0x00, 0x00, 0x00,
    0x00, 0x05, 0xc3, 0xff, 0xb2, 0x7f, 0xa7, 0xfe, 0xd0, 0x0b, 0x00, 0x00, 0x00, 0x00, 0x00, 0x00,
    0x00, 0x00, 0x0b, 0x89, 0xe0, 0xf9, 0xe3, 0x91, 0x10, 0x00, 0x00, 0x00, 0x00, 0x00, 0x00, 0x00,

    /* U+0031 "1" */
    0x00, 0x00, 0x05, 0x87, 0xfd, 0xcc, 0x00, 0x00, 0x00, 0x00, 0x00, 0x00, 0x00, 0x00, 0x00, 0x00,
    0x00, 0x29, 0xcd, 0xf2, 0xfd, 0xcc, 0x00, 0x00, 0x00, 0x00, 0x00, 0x00, 0x00, 0x00, 0x00, 0x00,
    0x0e, 0xf6, 0xcb, 0x24, 0xf8, 0xcc, 0x00, 0x00, 0x00, 0x00, 0x00, 0x00, 0x00, 0x00, 0x00, 0x00,
    0x12, 0x8c, 0x05, 0x00, 0xf8, 0xcc, 0x00, 0x00, 0x00, 0x00, 0x00, 0x00, 0x00, 0x00, 0x00, 0x00,
    0x00, 0x00, 0x00, 0x00, 0xf8, 0xcc, 0x00, 0x00, 0x00, 0x00, 0x00, 0x00, 0x00, 0x00, 0x00, 0x00,
    0x00, 0x00, 0x00, 0x00, 0xf8, 0xcc, 0x00, 0x00, 0x00, 0x00, 0x00, 0x00, 0x00, 0x00, 0x00, 0x00,
    0x00, 0x00, 0x00, 0x00, 0xf8, 0xcc, 0x00, 0x00, 0x00, 0x00, 0x00, 0x00, 0x00, 0x00, 0x00, 0x00,
    0x00, 0x00, 0x00, 0x00, 0xf8, 0xcc, 0x00, 0x00, 0x00, 0x00, 0x00, 0x00, 0x00, 0x00, 0x00, 0x00,
    0x00, 0x00, 0x00, 0x00, 0xf8, 0xcc, 0x00, 0x00, 0x00, 0x00, 0x00, 0x00, 0x00, 0x00, 0x00, 0x00,
    0x00, 0x00, 0x00, 0x00, 0xf8, 0xcc, 0x00, 0x00, 0x00, 0x00, 0x00, 0x00, 0x00, 0x00, 0x00, 0x00,
    0x00, 0x00, 0x00, 0x00, 0xf8, 0xcc, 0x00, 0x00, 0x00, 0x00, 0x00, 0x00, 0x00, 0x00, 0x00, 0x00,
    0x00, 0x00, 0x00, 0x00, 0xf8, 0xcc, 0x00, 0x00, 0x00, 0x00, 0x00, 0x00, 0x00, 0x00, 0x00, 0x00,
    0x3f, 0x88, 0x88, 0x88, 0xfc, 0xe7, 0x88, 0x88, 0x88, 0x13, 0x00, 0x00, 0x00, 0x00, 0x00, 0x00,
    0x78, 0xff, 0xff, 0xff, 0xff, 0xff, 0xff, 0xff, 0xff, 0x24, 0x00, 0x00, 0x00, 0x00, 0x00, 0x00,

    /* U+0032 "2" */
    0x00, 0x14, 0x8d, 0xd7, 0xf6, 0xe0, 0xad, 0x2d, 0x00, 0x00, 0x00, 0x00, 0x00, 0x00, 0x00, 0x00,
    0x13, 0xdd, 0xfe, 0xb2, 0x82, 0xa2, 0xfa, 0xf9, 0x3b, 0x00, 0x00, 0x00, 0x00, 0x00, 0x00, 0x00,
    0x93, 0xff, 0x6a, 0x00, 0x00, 0x00, 0x50, 0xff, 0xb6, 0x00, 0x00, 0x00, 0x00, 0x00, 0x00, 0x00,
    0x8e, 0xb8, 0x04, 0x00, 0x00, 0x00, 0x01, 0xf5, 0xe0, 0x00, 0x00, 0x00, 0x00, 0x00, 0x00, 0x00,
    0x00, 0x00, 0x00, 0x00, 0x00, 0x00, 0x07, 0xfa, 0xcc, 0x00, 0x00, 0x00, 0x00, 0x00, 0x00, 0x00,
    0x00, 0x00, 0x00, 0x00, 0x00, 0x00, 0x6e, 0xff, 0x71, 0x00, 0x00, 0x00, 0x00, 0x00, 0x00, 0x00,
    0x00, 0x00, 0x00, 0x00, 0x00, 0x3f, 0xf9, 0xc6, 0x06, 0x00, 0x00, 0x00, 0x00, 0x00, 0x00, 0x00,
    0x00, 0x00, 0x00, 0x00, 0x59, 0xf8, 0xcc, 0x13, 0x00, 0x00, 0x00, 0x00, 0x00, 0x00, 0x00, 0x00,
    0x00, 0x00, 0x01, 0x81, 0xff, 0xb4, 0x0c, 0x00, 0x00, 0x00, 0x00, 0x00, 0x00, 0x00, 0x00, 0x00,
    0x00, 0x01, 0x9d, 0xff, 0x8e, 0x02, 0x00, 0x00, 0x00, 0x00, 0x00, 0x00, 0x00, 0x00, 0x00, 0x00,
    0x00, 0x90, 0xff, 0x74, 0x00, 0x00, 0x00, 0x00, 0x00, 0x00, 0x00, 0x00, 0x00, 0x00, 0x00, 0x00,
    0x52, 0xff, 0x8d, 0x00, 0x00, 0x00, 0x00, 0x00, 0x00, 0x00, 0x00, 0x00, 0x00, 0x00, 0x00, 0x00,
    0xdc, 0xff, 0x91, 0x88, 0x88, 0x88, 0x88, 0x88, 0x88, 0x11, 0x00, 0x00, 0x00, 0x00, 0x00, 0x00,
    0xff, 0xff, 0xff, 0xff, 0xff, 0xff, 0xff, 0xff, 0xff, 0x20, 0x00, 0x00, 0x00, 0x00, 0x00, 0x00,

    /* U+0033 "3" */
    0x00, 0x00, 0x22, 0x9d, 0xdc, 0xf7, 0xde, 0xa8, 0x2c, 0x00, 0x00, 0x00, 0x00, 0x00, 0x00, 0x00,
    0x00, 0x33, 0xf3, 0xf9, 0xa3, 0x80, 0xa4, 0xfa, 0xf8, 0x39, 0x00, 0x00, 0x00, 0x00, 0x00, 0x00,
    0x00, 0xbd, 0xfe, 0x3e, 0x00, 0x00, 0x00, 0x51, 0xff, 0xb2, 0x00, 0x00, 0x00, 0x00, 0x00, 0x00,
    0x00, 0x84, 0x86, 0x00, 0x00, 0x00, 0x00, 0x03, 0xfa, 0xd3, 0x00, 0x00, 0x00, 0x00, 0x00, 0x00,
    0x00, 0x00, 0x00, 0x00, 0x00, 0x00, 0x00, 0x20, 0xff, 0xb0, 0x00, 0x00, 0x00, 0x00, 0x00, 0x00,
    0x00, 0x00, 0x00, 0x00, 0x00, 0x0e, 0x41, 0xce, 0xf3, 0x35, 0x00, 0x00, 0x00, 0x00, 0x00, 0x00,
    0x00, 0x00, 0x00, 0x00, 0xf0, 0xff, 0xff, 0xa6, 0x24, 0x00, 0x00, 0x00, 0x00, 0x00, 0x00, 0x00,
    0x00, 0x00, 0x00, 0x00, 0x87, 0x9c, 0xc3, 0xfe, 0xc3, 0x22, 0x00, 0x00, 0x00, 0x00, 0x00, 0x00,
    0x00, 0x00, 0x00, 0x00, 0x00, 0x00, 0x00, 0x3e, 0xf6, 0xd1, 0x03, 0x00, 0x00, 0x00, 0x00, 0x00,
    0x00, 0x00, 0x00, 0x00, 0x00, 0x00, 0x00, 0x00, 0xac, 0xff, 0x29, 0x00, 0x00, 0x00, 0x00, 0x00,
    0x18, 0xd0, 0xa1, 0x00, 0x00, 0x00, 0x00, 0x00, 0xad, 0xff, 0x34, 0x00, 0x00, 0x00, 0x00, 0x00,
    0x00, 0xdc, 0xf9, 0x36, 0x00, 0x00, 0x00, 0x26, 0xf3, 0xf3, 0x09, 0x00, 0x00, 0x00, 0x00, 0x00,
    0x00, 0x41, 0xfb, 0xf9, 0xa6, 0x84, 0x9f, 0xf4, 0xff, 0x6c, 0x00, 0x00, 0x00, 0x00, 0x00, 0x00,
    0x00, 0x00, 0x31, 0xa7, 0xde, 0xf9, 0xef, 0xbc, 0x4d, 0x00, 0x00, 0x00, 0x00, 0x00, 0x00, 0x00,

    /* U+0034 "4" */
    0x00, 0x00, 0x00, 0x00, 0x00, 0x00, 0x8e, 0xff, 0x9c, 0x00, 0x00, 0x00, 0x00, 0x00, 0x00, 0x00,
    0x00, 0x00, 0x00, 0x00, 0x00, 0x34, 0xfc, 0xff, 0x9c, 0x00, 0x00, 0x00, 0x00, 0x00, 0x00, 0x00,
    0x00, 0x00, 0x00, 0x00, 0x04, 0xcf, 0xd1, 0xff, 0x9c, 0x00, 0x00, 0x00, 0x00, 0x00, 0x00, 0x00,
    0x00, 0x00, 0x00, 0x00, 0x77, 0xfd, 0x46, 0xff, 0x9c, 0x00, 0x00, 0x00, 0x00, 0x00, 0x00, 0x00,
    0x00, 0x00, 0x00, 0x23, 0xf6, 0x91, 0x10, 0xff, 0x9c, 0x00, 0x00, 0x00, 0x00, 0x00, 0x00, 0x00,
    0x00, 0x00, 0x00, 0xbc, 0xe2, 0x0c, 0x10, 0xff, 0x9c, 0x00, 0x00, 0x00, 0x00, 0x00, 0x00, 0x00,
    0x00, 0x00, 0x60, 0xff, 0x4c, 0x00, 0x10, 0xff, 0x9c, 0x00, 0x00, 0x00, 0x00, 0x00, 0x00, 0x00,
    0x00, 0x16, 0xed, 0xa8, 0x00, 0x00, 0x10, 0xff, 0x9c, 0x00, 0x00, 0x00, 0x00, 0x00, 0x00, 0x00,
    0x00, 0xa7, 0xee, 0x17, 0x00, 0x00, 0x10, 0xff, 0x9c, 0x00, 0x00, 0x00, 0x00, 0x00, 0x00, 0x00,
    0x49, 0xff, 0x75, 0x1c, 0x1c, 0x1c, 0x2a, 0xff, 0xa6, 0x1c, 0x0e, 0x00, 0x00, 0x00, 0x00, 0x00,
    0x8c, 0xff, 0xff, 0xff, 0xff, 0xff, 0xff, 0xff, 0xff, 0xff, 0x88, 0x00, 0x00, 0x00, 0x00, 0x00,
    0x29, 0x4c, 0x4c, 0x4c, 0x4c, 0x4c, 0x57, 0xff, 0xb9, 0x4c, 0x28, 0x00, 0x00, 0x00, 0x00, 0x00,
    0x00, 0x00, 0x00, 0x00, 0x00, 0x00, 0x10, 0xff, 0x9c, 0x00, 0x00, 0x00, 0x00, 0x00, 0x00, 0x00,
    0x00, 0x00, 0x00, 0x00, 0x00, 0x00, 0x10, 0xff, 0x9c, 0x00, 0x00, 0x00, 0x00, 0x00, 0x00, 0x00,

    /* U+0035 "5" */
    0x00, 0x60, 0xff, 0xff, 0xff, 0xff, 0xff, 0xff, 0xff, 0x7c, 0x00, 0x00, 0x00, 0x00, 0x00, 0x00,
    0x00, 0x70, 0xff, 0xa6, 0x88, 0x88, 0x88, 0x88, 0x88, 0x41, 0x00, 0x00, 0x00, 0x00, 0x00, 0x00,
    0x00, 0x80, 0xff, 0x34, 0x00, 0x00, 0x00, 0x00, 0x00, 0x00, 0x00, 0x00, 0x00, 0x00, 0x00, 0x00,
    0x00, 0x90, 0xff, 0x24, 0x00, 0x00, 0x00, 0x00, 0x00, 0x00, 0x00, 0x00, 0x00, 0x00, 0x00, 0x00,
    0x00, 0xa0, 0xff, 0x14, 0x00, 0x16, 0x15, 0x00, 0x00, 0x00, 0x00, 0x00, 0x00, 0x00, 0x00, 0x00,
    0x00, 0xaf, 0xff, 0x84, 0xed, 0xff, 0xff, 0xdd, 0x5c, 0x00, 0x00, 0x00, 0x00, 0x00, 0x00, 0x00,
    0x00, 0xbf, 0xff, 0xde, 0x80, 0x5f, 0x85, 0xf1, 0xff, 0x67, 0x00, 0x00, 0x00, 0x00, 0x00, 0x00,
    0x00, 0x42, 0x53, 0x0c, 0x00, 0x00, 0x00, 0x2a, 0xf7, 0xee, 0x07, 0x00, 0x00, 0x00, 0x00, 0x00,
    0x00, 0x00, 0x00, 0x00, 0x00, 0x00, 0x00, 0x00, 0xad, 0xff, 0x35, 0x00, 0x00, 0x00, 0x00, 0x00,
    0x00, 0x00, 0x00, 0x00, 0x00, 0x00, 0x00, 0x00, 0x97, 0xff, 0x41, 0x00, 0x00, 0x00, 0x00, 0x00,
    0x0c, 0x69, 0x5b, 0x00, 0x00, 0x00, 0x00, 0x00, 0xc1, 0xff, 0x22, 0x00, 0x00, 0x00, 0x00, 0x00,
    0x02, 0xe3, 0xf5, 0x2b, 0x00, 0x00, 0x00, 0x4b, 0xff, 0xcf, 0x00, 0x00, 0x00, 0x00, 0x00, 0x00,
    0x00, 0x51, 0xfc, 0xf3, 0x9c, 0x81, 0xab, 0xfd, 0xf3, 0x35, 0x00, 0x00, 0x00, 0x00, 0x00, 0x00,
    0x00, 0x00, 0x3c, 0xb1, 0xe4, 0xfa, 0xe6, 0xa3, 0x26, 0x00, 0x00, 0x00, 0x00, 0x00, 0x00, 0x00,

    /* U+0036 "6" */
    0x00, 0x00, 0x48, 0xc2, 0xf3, 0xee, 0xbb, 0x3e, 0x00, 0x00, 0x00, 0x00, 0x00, 0x00, 0x00, 0x00,
    0x00, 0x5d, 0xff, 0xda, 0x83, 0x8a, 0xe7, 0xf8, 0x3a, 0x00, 0x00, 0x00, 0x00, 0x00, 0x00, 0x00,
    0x14, 0xf2, 0xce, 0x0a, 0x00, 0x00, 0x22, 0xf2, 0x96, 0x00, 0x00, 0x00, 0x00, 0x00, 0x00, 0x00,
    0x72, 0xff, 0x47, 0x00, 0x00, 0x00, 0x00, 0x01, 0x00, 0x00, 0x00, 0x00, 0x00, 0x00, 0x00, 0x00,
    0xb6, 0xf6, 0x04, 0x00, 0x07, 0x0e, 0x00, 0x00, 0x00, 0x00, 0x00, 0x00, 0x00, 0x00, 0x00, 0x00,
    0xe0, 0xd4, 0x31, 0xc4, 0xfe, 0xff, 0xe0, 0x62, 0x00, 0x00, 0x00, 0x00, 0x00, 0x00, 0x00, 0x00,
    0xf3, 0xe0, 0xe8, 0x8c, 0x54, 0x6d, 0xe1, 0xff, 0x69, 0x00, 0x00, 0x00, 0x00, 0x00, 0x00, 0x00,
    0xf8, 0xff, 0x5b, 0x00, 0x00, 0x00, 0x1a, 0xf3, 0xec, 0x04, 0x00, 0x00, 0x00, 0x00, 0x00, 0x00,
    0xed, 0xfc, 0x07, 0x00, 0x00, 0x00, 0x00, 0xab, 0xff, 0x2d, 0x00, 0x00, 0x00, 0x00, 0x00, 0x00,
    0xcc, 0xfc, 0x05, 0x00, 0x00, 0x00, 0x00, 0x95, 0xff, 0x3a, 0x00, 0x00, 0x00, 0x00, 0x00, 0x00,
    0x92, 0xff, 0x37, 0x00, 0x00, 0x00, 0x00, 0xb8, 0xff, 0x20, 0x00, 0x00, 0x00, 0x00, 0x00, 0x00,
    0x32, 0xfe, 0xbc, 0x07, 0x00, 0x00, 0x34, 0xfd, 0xd5, 0x00, 0x00, 0x00, 0x00, 0x00, 0x00, 0x00,
    0x00, 0x8c, 0xff, 0xd1, 0x85, 0x98, 0xf5, 0xfa, 0x42, 0x00, 0x00, 0x00, 0x00, 0x00, 0x00, 0x00,
    0x00, 0x01, 0x66, 0xd0, 0xf8, 0xf0, 0xb6, 0x37, 0x00, 0x00, 0x00, 0x00, 0x00, 0x00, 0x00, 0x00,

    /* U+0037 "7" */
    0xf8, 0xff, 0xff, 0xff, 0xff, 0xff, 0xff, 0xff, 0xff, 0x20, 0x00, 0x00, 0x00, 0x00, 0x00, 0x00,
    0x83, 0x88, 0x88, 0x88, 0x88, 0x88, 0x88, 0xdf, 0xf7, 0x12, 0x00, 0x00, 0x00, 0x00, 0x00, 0x00,
    0x00, 0x00, 0x00, 0x00, 0x00, 0x00, 0x37, 0xfd, 0x79, 0x00, 0x00, 0x00, 0x00, 0x00, 0x00, 0x00,
    0x00, 0x00, 0x00, 0x00, 0x00, 0x04, 0xd4, 0xd6, 0x05, 0x00, 0x00, 0x00, 0x00, 0x00, 0x00, 0x00,
    0x00, 0x00, 0x00, 0x00, 0x00, 0x70, 0xff, 0x44, 0x00, 0x00, 0x00, 0x00, 0x00, 0x00, 0x00, 0x00,
    0x00, 0x00, 0x00, 0x00, 0x0f, 0xef, 0xb5, 0x00, 0x00, 0x00, 0x00, 0x00, 0x00, 0x00, 0x00, 0x00,
    0x00, 0x00, 0x00, 0x00, 0x81, 0xff, 0x33, 0x00, 0x00, 0x00, 0x00, 0x00, 0x00, 0x00, 0x00, 0x00,
    0x00, 0x00, 0x00, 0x09, 0xed, 0xc4, 0x00, 0x00, 0x00, 0x00, 0x00, 0x00, 0x00, 0x00, 0x00, 0x00,
    0x00, 0x00, 0x00, 0x5e, 0xff, 0x5e, 0x00, 0x00, 0x00, 0x00, 0x00, 0x00, 0x00, 0x00, 0x00, 0x00,
    0x00, 0x00, 0x00, 0xb4, 0xfc, 0x12, 0x00, 0x00, 0x00, 0x00, 0x00, 0x00, 0x00, 0x00, 0x00, 0x00,
    0x00, 0x00, 0x05, 0xf5, 0xca, 0x00, 0x00, 0x00, 0x00, 0x00, 0x00, 0x00, 0x00, 0x00, 0x00, 0x00,
    0x00, 0x00, 0x31, 0xff, 0x9d, 0x00, 0x00, 0x00, 0x00, 0x00, 0x00, 0x00, 0x00, 0x00, 0x00, 0x00,
    0x00, 0x00, 0x57, 0xff, 0x7d, 0x00, 0x00, 0x00, 0x00, 0x00, 0x00, 0x00, 0x00, 0x00, 0x00, 0x00,
    0x00, 0x00, 0x6a, 0xff, 0x6f, 0x00, 0x00, 0x00, 0x00, 0x00, 0x00, 0x00, 0x00, 0x00, 0x00, 0x00,

    /* U+0038 "8" */
    0x00, 0x00, 0x20, 0x9d, 0xdb, 0xf7, 0xdf, 0xaa, 0x2f, 0x00, 0x00, 0x00, 0x00, 0x00, 0x00, 0x00,
    0x00, 0x2d, 0xf2, 0xec, 0x80, 0x5c, 0x7a, 0xe4, 0xfa, 0x42, 0x00, 0x00, 0x00, 0x00, 0x00, 0x00,
    0x00, 0xa8, 0xff, 0x41, 0x00, 0x00, 0x00, 0x2d, 0xff, 0xc0, 0x00, 0x00, 0x00, 0x00, 0x00, 0x00,
    0x00, 0xc8, 0xff, 0x07, 0x00, 0x00, 0x00, 0x00, 0xf2, 0xdf, 0x00, 0x00, 0x00, 0x00, 0x00, 0x00,
    0x00, 0x9f, 0xff, 0x2d, 0x00, 0x00, 0x00, 0x14, 0xff, 0xb6, 0x00, 0x00, 0x00, 0x00, 0x00, 0x00,
    0x00, 0x29, 0xef, 0xd1, 0x44, 0x1c, 0x38, 0xbd, 0xf5, 0x37, 0x00, 0x00, 0x00, 0x00, 0x00, 0x00,
    0x00, 0x00, 0x2b, 0xd7, 0xff, 0xff, 0xff, 0xe2, 0x3a, 0x00, 0x00, 0x00, 0x00, 0x00, 0x00, 0x00,
    0x00, 0x29, 0xe0, 0xe1, 0x70, 0x4d, 0x67, 0xd2, 0xf2, 0x44, 0x00, 0x00, 0x00, 0x00, 0x00, 0x00,
    0x00, 0xc6, 0xf4, 0x1e, 0x00, 0x00, 0x00, 0x0d, 0xe2, 0xe4, 0x06, 0x00, 0x00, 0x00, 0x00, 0x00,
    0x0c, 0xff, 0xc0, 0x00, 0x00, 0x00, 0x00, 0x00, 0xa3, 0xff, 0x2d, 0x00, 0x00, 0x00, 0x00, 0x00,
    0x15, 0xff, 0xc8, 0x00, 0x00, 0x00, 0x00, 0x00, 0xad, 0xff, 0x33, 0x00, 0x00, 0x00, 0x00, 0x00,
    0x00, 0xdd, 0xf9, 0x28, 0x00, 0x00, 0x00, 0x12, 0xec, 0xf2, 0x08, 0x00, 0x00, 0x00, 0x00, 0x00,
    0x00, 0x50, 0xfd, 0xec, 0x84, 0x60, 0x78, 0xdc, 0xff, 0x68, 0x00, 0x00, 0x00, 0x00, 0x00, 0x00,
    0x00, 0x00, 0x3b, 0xb0, 0xea, 0xfc, 0xee, 0xba, 0x4a, 0x00, 0x00, 0x00, 0x00, 0x00, 0x00, 0x00,

    /* U+0039 "9" */
    0x00, 0x00, 0x20, 0xa0, 0xe6, 0xfa, 0xe1, 0x8d, 0x0d, 0x00, 0x00, 0x00, 0x00, 0x00, 0x00, 0x00,
    0x00, 0x21, 0xeb, 0xfe, 0xa9, 0x7d, 0xb2, 0xff, 0xc7, 0x05, 0x00, 0x00, 0x00, 0x00, 0x00, 0x00,
    0x00, 0xa7, 0xff, 0x63, 0x00, 0x00, 0x00, 0x88, 0xff, 0x6a, 0x00, 0x00, 0x00, 0x00, 0x00, 0x00,
    0x00, 0xf1, 0xe4, 0x01, 0x00, 0x00, 0x00, 0x0e, 0xf5, 0xc7, 0x00, 0x00, 0x00, 0x00, 0x00, 0x00,
    0x0b, 0xff, 0xc1, 0x00, 0x00, 0x00, 0x00, 0x00, 0xd1, 0xf9, 0x03, 0x00, 0x00, 0x00, 0x00, 0x00,
    0x02, 0xfb, 0xd5, 0x00, 0x00, 0x00, 0x00, 0x00, 0xc8, 0xff, 0x1c, 0x00, 0x00, 0x00, 0x00, 0x00,
    0x00, 0xc6, 0xfd, 0x2d, 0x00, 0x00, 0x00, 0x21, 0xfb, 0xff, 0x28, 0x00, 0x00, 0x00, 0x00, 0x00,
    0x00, 0x50, 0xff, 0xde, 0x50, 0x25, 0x53, 0xdd, 0xdd, 0xff, 0x21, 0x00, 0x00, 0x00, 0x00, 0x00,
    0x00, 0x00, 0x6c, 0xf5, 0xff, 0xff, 0xf3, 0x71, 0xa4, 0xff, 0x0f, 0x00, 0x00, 0x00, 0x00, 0x00,
    0x00, 0x00, 0x00, 0x0d, 0x3f, 0x3d, 0x0d, 0x00, 0xce, 0xe6, 0x00, 0x00, 0x00, 0x00, 0x00, 0x00,
    0x00, 0x00, 0x03, 0x00, 0x00, 0x00, 0x00, 0x1f, 0xfe, 0xa1, 0x00, 0x00, 0x00, 0x00, 0x00, 0x00,
    0x00, 0x89, 0xfa, 0x35, 0x00, 0x00, 0x02, 0xae, 0xff, 0x37, 0x00, 0x00, 0x00, 0x00, 0x00, 0x00,
    0x00, 0x2d, 0xf5, 0xef, 0x90, 0x7d, 0xca, 0xff, 0x8b, 0x00, 0x00, 0x00, 0x00, 0x00, 0x00, 0x00,
    0x00, 0x00, 0x39, 0xb8, 0xec, 0xf7, 0xce, 0x63, 0x00, 0x00, 0x00, 0x00, 0x00, 0x00, 0x00, 0x00,

    /* U+003A ":" */
    0x2c, 0xff, 0xbc, 0x00, 0x00, 0x00, 0x00, 0x00, 0x00, 0x00, 0x00, 0x00, 0x00, 0x00, 0x00, 0x00,
    0x2c, 0xff, 0xbc, 0x00, 0x00, 0x00, 0x00, 0x00, 0x00, 0x00, 0x00, 0x00, 0x00, 0x00, 0x00, 0x00,
    0x02, 0x10, 0x0b, 0x00, 0x00, 0x00, 0x00, 0x00, 0x00, 0x00, 0x00, 0x00, 0x00, 0x00, 0x00, 0x00,
    0x00, 0x00, 0x00, 0x00, 0x00, 0x00, 0x00, 0x00, 0x00, 0x00, 0x00, 0x00, 0x00, 0x00, 0x00, 0x00,
    0x00, 0x00, 0x00, 0x00, 0x00, 0x00, 0x00, 0x00, 0x00, 0x00, 0x00, 0x00, 0x00, 0x00, 0x00, 0x00,
    0x00, 0x00, 0x00, 0x00, 0x00, 0x00, 0x00, 0x00, 0x00, 0x00, 0x00, 0x00, 0x00, 0x00, 0x00, 0x00,
    0x00, 0x00, 0x00, 0x00, 0x00, 0x00, 0x00, 0x00, 0x00, 0x00, 0x00, 0x00, 0x00, 0x00, 0x00, 0x00,
    0x00, 0x00, 0x00, 0x00, 0x00, 0x00, 0x00, 0x00, 0x00, 0x00, 0x00, 0x00, 0x00, 0x00, 0x00, 0x00,
    0x02, 0x10, 0x0b, 0x00, 0x00, 0x00, 0x00, 0x00, 0x00, 0x00, 0x00, 0x00, 0x00, 0x00, 0x00, 0x00,
    0x2c, 0xff, 0xbc, 0x00, 0x00, 0x00, 0x00, 0x00, 0x00, 0x00, 0x00, 0x00, 0x00, 0x00, 0x00, 0x00,
    0x2c, 0xff, 0xbc, 0x00, 0x00, 0x00, 0x00, 0x00, 0x00, 0x00, 0x00, 0x00, 0x00, 0x00, 0x00, 0x00,

    /* U+0041 "A" */
    0x00, 0x00, 0x00, 0x00, 0x00, 0x8c, 0xff, 0xf0, 0x09, 0x00, 0x00, 0x00, 0x00, 0x00, 0x00, 0x00,
    0x00, 0x00, 0x00, 0x00, 0x06, 0xeb, 0xfd, 0xff, 0x5e, 0x00, 0x00, 0x00, 0x00, 0x00, 0x00, 0x00,
    0x00, 0x00, 0x00, 0x00, 0x59, 0xff, 0x95, 0xfe, 0xc3, 0x00, 0x00, 0x00, 0x00, 0x00, 0x00, 0x00,
    0x00, 0x00, 0x00, 0x00, 0xbf, 0xff, 0x24, 0xc1, 0xff, 0x29, 0x00, 0x00, 0x00, 0x00, 0x00, 0x00,
    0x00, 0x00, 0x00, 0x26, 0xff, 0xc5, 0x00, 0x64, 0xff, 0x8d, 0x00, 0x00, 0x00, 0x00, 0x00, 0x00,
    0x00, 0x00, 0x00, 0x8c, 0xff, 0x64, 0x00, 0x0d, 0xf5, 0xeb, 0x06, 0x00, 0x00, 0x00, 0x00, 0x00,
    0x00, 0x00, 0x07, 0xeb, 0xf6, 0x0e, 0x00, 0x00, 0xa2, 0xff, 0x57, 0x00, 0x00, 0x00, 0x00, 0x00,
    0x00, 0x00, 0x5a, 0xff, 0xa3, 0x00, 0x00, 0x00, 0x41, 0xff, 0xbb, 0x00, 0x00, 0x00, 0x00, 0x00,
    0x00, 0x00, 0xc0, 0xff, 0x63, 0x24, 0x24, 0x24, 0x25, 0xe8, 0xfe, 0x22, 0x00, 0x00, 0x00, 0x00,
    0x00, 0x27, 0xff, 0xff, 0xff, 0xff, 0xff, 0xff, 0xff, 0xff, 0xff, 0x85, 0x00, 0x00, 0x00, 0x00,
    0x00, 0x8d, 0xff, 0x9b, 0x54, 0x54, 0x54, 0x54, 0x54, 0x5c, 0xfc, 0xe6, 0x04, 0x00, 0x00, 0x00,
    0x07, 0xec, 0xf8, 0x15, 0x00, 0x00, 0x00, 0x00, 0x00, 0x00, 0xac, 0xff, 0x4f, 0x00, 0x00, 0x00,
    0x5a, 0xff, 0x9e, 0x00, 0x00, 0x00, 0x00, 0x00, 0x00, 0x00, 0x3f, 0xff, 0xb4, 0x00, 0x00, 0x00,
    0xc1, 0xff, 0x2f, 0x00, 0x00, 0x00, 0x00, 0x00, 0x00, 0x00, 0x00, 0xd2, 0xfc, 0x1c, 0x00, 0x00,

    /* U+0042 "B" */
    0x5c, 0xff, 0xff, 0xff, 0xff, 0xff, 0xf4, 0xd2, 0x89, 0x14, 0x00, 0x00, 0x00, 0x00, 0x00, 0x00,
    0x5c, 0xff, 0xc4, 0x88, 0x88, 0x89, 0x9c, 0xdd, 0xff, 0xda, 0x0c, 0x00, 0x00, 0x00, 0x00, 0x00,
    0x5c, 0xff, 0x80, 0x00, 0x00, 0x00, 0x00, 0x03, 0xbc, 0xff, 0x5c, 0x00, 0x00, 0x00, 0x00, 0x00,
    0x5c, 0xff, 0x80, 0x00, 0x00, 0x00, 0x00, 0x00, 0x70, 0xff, 0x71, 0x00, 0x00, 0x00, 0x00, 0x00,
    0x5c, 0xff, 0x80, 0x00, 0x00, 0x00, 0x00, 0x00, 0x9c, 0xff, 0x3f, 0x00, 0x00, 0x00, 0x00, 0x00,
    0x5c, 0xff, 0x92, 0x24, 0x24, 0x25, 0x3b, 0x89, 0xfe, 0x9e, 0x00, 0x00, 0x00, 0x00, 0x00, 0x00,
    0x5c, 0xff, 0xff, 0xff, 0xff, 0xff, 0xff, 0xfe, 0x98, 0x0f, 0x00, 0x00, 0x00, 0x00, 0x00, 0x00,
    0x5c, 0xff, 0xaa, 0x54, 0x54, 0x54, 0x62, 0x89, 0xe8, 0xe7, 0x3c, 0x00, 0x00, 0x00, 0x00, 0x00,
    0x5c, 0xff, 0x80, 0x00, 0x00, 0x00, 0x00, 0x00, 0x1b, 0xec, 0xe2, 0x07, 0x00, 0x00, 0x00, 0x00,
    0x5c, 0xff, 0x80, 0x00, 0x00, 0x00, 0x00, 0x00, 0x00, 0xaa, 0xff, 0x32, 0x00, 0x00, 0x00, 0x00,
    0x5c, 0xff, 0x80, 0x00, 0x00, 0x00, 0x00, 0x00, 0x00, 0xb4, 0xff, 0x3a, 0x00, 0x00, 0x00, 0x00,
    0x5c, 0xff, 0x80, 0x00, 0x00, 0x00, 0x00, 0x00, 0x34, 0xf8, 0xf2, 0x0a, 0x00, 0x00, 0x00, 0x00,
    0x5c, 0xff, 0xc4, 0x88, 0x88, 0x88, 0x92, 0xb5, 0xfc, 0xfe, 0x5f, 0x00, 0x00, 0x00, 0x00, 0x00,
    0x5c, 0xff, 0xff, 0xff, 0xff, 0xff, 0xfc, 0xe6, 0xab, 0x3a, 0x00, 0x00, 0x00, 0x00, 0x00, 0x00,

    /* U+0043 "C" */
    0x00, 0x00, 0x01, 0x53, 0xb0, 0xe5, 0xf9, 0xea, 0xcc, 0x7b, 0x17, 0x00, 0x00, 0x00, 0x00, 0x00,
    0x00, 0x0e, 0xb9, 0xff, 0xf4, 0xb2, 0x93, 0xa3, 0xdd, 0xff, 0xea, 0x3d, 0x00, 0x00, 0x00, 0x00,
    0x00, 0xb4, 0xff, 0xb1, 0x14, 0x00, 0x00, 0x00, 0x01, 0x64, 0xf9, 0xee, 0x16, 0x00, 0x00, 0x00,
    0x4a, 0xff, 0xcd, 0x05, 0x00, 0x00, 0x00, 0x00, 0x00, 0x00, 0x7b, 0xbc, 0x39, 0x00, 0x00, 0x00,
    0xa7, 0xff, 0x51, 0x00, 0x00, 0x00, 0x00, 0x00, 0x00, 0x00, 0x00, 0x00, 0x00, 0x00, 0x00, 0x00,
    0xde, 0xfe, 0x0d, 0x00, 0x00, 0x00, 0x00, 0x00, 0x00, 0x00, 0x00, 0x00, 0x00, 0x00, 0x00, 0x00,
    0xf4, 0xef, 0x00, 0x00, 0x00, 0x00, 0x00, 0x00, 0x00, 0x00, 0x00, 0x00, 0x00, 0x00, 0x00, 0x00,
    0xee, 0xf1, 0x00, 0x00, 0x00, 0x00, 0x00, 0x00, 0x00, 0x00, 0x00, 0x00, 0x00, 0x00, 0x00, 0x00,
    0xd5, 0xff, 0x14, 0x00, 0x00, 0x00, 0x00, 0x00, 0x00, 0x00, 0x00, 0x00, 0x00, 0x00, 0x00, 0x00,
    0x9a, 0xff, 0x63, 0x00, 0x00, 0x00, 0x00, 0x00, 0x00, 0x00, 0x01, 0x2e, 0x00, 0x00, 0x00, 0x00,
    0x3e, 0xff, 0xe0, 0x0f, 0x00, 0x00, 0x00, 0x00, 0x00, 0x00, 0x6e, 0xff, 0x6a, 0x00, 0x00, 0x00,
    0x00, 0xa3, 0xff, 0xc9, 0x22, 0x00, 0x00, 0x00, 0x03, 0x6d, 0xfc, 0xe2, 0x0e, 0x00, 0x00, 0x00,
    0x00, 0x0b, 0xab, 0xff, 0xfa, 0xbc, 0x97, 0xa6, 0xe0, 0xff, 0xd6, 0x23, 0x00, 0x00, 0x00, 0x00,
    0x00, 0x00, 0x00, 0x4c, 0xad, 0xde, 0xf7, 0xe8, 0xc3, 0x68, 0x0a, 0x00, 0x00, 0x00, 0x00, 0x00,

    /* U+0044 "D" */
    0x5c, 0xff, 0xff, 0xff, 0xff, 0xf9, 0xe8, 0xbb, 0x72, 0x0f, 0x00, 0x00, 0x00, 0x00, 0x00, 0x00,
    0x5c, 0xff, 0xc4, 0x88, 0x88, 0x8e, 0xa7, 0xe4, 0xff, 0xea, 0x45, 0x00, 0x00, 0x00, 0x00, 0x00,
    0x5c, 0xff, 0x80, 0x00, 0x00, 0x00, 0x00, 0x03, 0x64, 0xf6, 0xf7, 0x35, 0x00, 0x00, 0x00, 0x00,
    0x5c, 0xff, 0x80, 0x00, 0x00, 0x00, 0x00, 0x00, 0x00, 0x55, 0xff, 0xc7, 0x00, 0x00, 0x00, 0x00,
    0x5c, 0xff, 0x80, 0x00, 0x00, 0x00, 0x00, 0x00, 0x00, 0x00, 0xcc, 0xff, 0x26, 0x00, 0x00, 0x00,
    0x5c, 0xff, 0x80, 0x00, 0x00, 0x00, 0x00, 0x00, 0x00, 0x00, 0x87, 0xff, 0x5e, 0x00, 0x00, 0x00,
    0x5c, 0xff, 0x80, 0x00, 0x00, 0x00, 0x00, 0x00, 0x00, 0x00, 0x6b, 0xff, 0x73, 0x00, 0x00, 0x00,
    0x5c, 0xff, 0x80, 0x00, 0x00, 0x00, 0x00, 0x00, 0x00, 0x00, 0x74, 0xff, 0x6b, 0x00, 0x00, 0x00,
    0x5c, 0xff, 0x80, 0x00, 0x00, 0x00, 0x00, 0x00, 0x00, 0x00, 0x96, 0xff, 0x50, 0x00, 0x00, 0x00,
    0x5c, 0xff, 0x80, 0x00, 0x00, 0x00, 0x00, 0x00, 0x00, 0x02, 0xe4, 0xfa, 0x14, 0x00, 0x00, 0x00,
    0x5c, 0xff, 0x80, 0x00, 0x00, 0x00, 0x00, 0x00, 0x00, 0x73, 0xff, 0xae, 0x00, 0x00, 0x00, 0x00,
    0x5c, 0xff, 0x80, 0x00, 0x00, 0x00, 0x00, 0x03, 0x6e, 0xfb, 0xf0, 0x1d, 0x00, 0x00, 0x00, 0x00,
    0x5c, 0xff, 0xc4, 0x88, 0x88, 0x8a, 0xa3, 0xe3, 0xff, 0xe4, 0x38, 0x00, 0x00, 0x00, 0x00, 0x00,
    0x5c, 0xff, 0xff, 0xff, 0xff, 0xff, 0xeb, 0xc9, 0x74, 0x12, 0x00, 0x00, 0x00, 0x00, 0x00, 0x00,

    /* U+0045 "E" */
    0x5c, 0xff, 0xff, 0xff, 0xff, 0xff, 0xff, 0xff, 0xff, 0xff, 0xff, 0x14, 0x00, 0x00, 0x00, 0x00,
    0x5c, 0xff, 0xc8, 0x90, 0x90, 0x90, 0x90, 0x90, 0x90, 0x90, 0x90, 0x0b, 0x00, 0x00, 0x00, 0x00,
    0x5c, 0xff, 0x80, 0x00, 0x00, 0x00, 0x00, 0x00, 0x00, 0x00, 0x00, 0x00, 0x00, 0x00, 0x00, 0x00,
    0x5c, 0xff, 0x80, 0x00, 0x00, 0x00, 0x00, 0x00, 0x00, 0x00, 0x00, 0x00, 0x00, 0x00, 0x00, 0x00,
    0x5c, 0xff, 0x80, 0x00, 0x00, 0x00, 0x00, 0x00, 0x00, 0x00, 0x00, 0x00, 0x00, 0x00, 0x00, 0x00,
    0x5c, 0xff, 0x80, 0x00, 0x00, 0x00, 0x00, 0x00, 0x00, 0x00, 0x00, 0x00, 0x00, 0x00, 0x00, 0x00,
    0x5c, 0xff, 0xff, 0xff, 0xff, 0xff, 0xff, 0xff, 0xff, 0xff, 0x80, 0x00, 0x00, 0x00, 0x00, 0x00,
    0x5c, 0xff, 0xc6, 0x8c, 0x8c, 0x8c, 0x8c, 0x8c, 0x8c, 0x8c, 0x46, 0x00, 0x00, 0x00, 0x00, 0x00,
    0x5c, 0xff, 0x80, 0x00, 0x00, 0x00, 0x00, 0x00, 0x00, 0x00, 0x00, 0x00, 0x00, 0x00, 0x00, 0x00,
    0x5c, 0xff, 0x80, 0x00, 0x00, 0x00, 0x00, 0x00, 0x00, 0x00, 0x00, 0x00, 0x00, 0x00, 0x00, 0x00,
    0x5c, 0xff, 0x80, 0x00, 0x00, 0x00, 0x00, 0x00, 0x00, 0x00, 0x00, 0x00, 0x00, 0x00, 0x00, 0x00,
    0x5c, 0xff, 0x80, 0x00, 0x00, 0x00, 0x00, 0x00, 0x00, 0x00, 0x00, 0x00, 0x00, 0x00, 0x00, 0x00,
    0x5c, 0xff, 0xc8, 0x90, 0x90, 0x90, 0x90, 0x90, 0x90, 0x90, 0x90, 0x45, 0x00, 0x00, 0x00, 0x00,
    0x5c, 0xff, 0xff, 0xff, 0xff, 0xff, 0xff, 0xff, 0xff, 0xff, 0xff, 0x7c, 0x00, 0x00, 0x00, 0x00,

    /* U+0046 "F" */
    0x5c, 0xff, 0xff, 0xff, 0xff, 0xff, 0xff, 0xff, 0xff, 0xff, 0x6c, 0x00, 0x00, 0x00, 0x00, 0x00,
    0x5c, 0xff, 0xc8, 0x90, 0x90, 0x90, 0x90, 0x90, 0x90, 0x90, 0x3c, 0x00, 0x00, 0x00, 0x00, 0x00,
    0x5c, 0xff, 0x80, 0x00, 0x00, 0x00, 0x00, 0x00, 0x00, 0x00, 0x00, 0x00, 0x00, 0x00, 0x00, 0x00,
    0x5c, 0xff, 0x80, 0x00, 0x00, 0x00, 0x00, 0x00, 0x00, 0x00, 0x00, 0x00, 0x00, 0x00, 0x00, 0x00,
    0x5c, 0xff, 0x80, 0x00, 0x00, 0x00, 0x00, 0x00, 0x00, 0x00, 0x00, 0x00, 0x00, 0x00, 0x00, 0x00,
    0x5c, 0xff, 0x80, 0x00, 0x00, 0x00, 0x00, 0x00, 0x00, 0x00, 0x00, 0x00, 0x00, 0x00, 0x00, 0x00,
    0x5c, 0xff, 0x80, 0x00, 0x00, 0x00, 0x00, 0x00, 0x00, 0x00, 0x00, 0x00, 0x00, 0x00, 0x00, 0x00,
    0x5c, 0xff, 0xff, 0xff, 0xff, 0xff, 0xff, 0xff, 0xff, 0xff, 0x30, 0x00, 0x00, 0x00, 0x00, 0x00,
    0x5c, 0xff, 0xca, 0x94, 0x94, 0x94, 0x94, 0x94, 0x94, 0x94, 0x1b, 0x00, 0x00, 0x00, 0x00, 0x00,
    0x5c, 0xff, 0x80, 0x00, 0x00, 0x00, 0x00, 0x00, 0x00, 0x00, 0x00, 0x00, 0x00, 0x00, 0x00, 0x00,
    0x5c, 0xff, 0x80, 0x00, 0x00, 0x00, 0x00, 0x00, 0x00, 0x00, 0x00, 0x00, 0x00, 0x00, 0x00, 0x00,
    0x5c, 0xff, 0x80, 0x00, 0x00, 0x00, 0x00, 0x00, 0x00, 0x00, 0x00, 0x00, 0x00, 0x00, 0x00, 0x00,
    0x5c, 0xff, 0x80, 0x00, 0x00, 0x00, 0x00, 0x00, 0x00, 0x00, 0x00, 0x00, 0x00, 0x00, 0x00, 0x00,
    0x5c, 0xff, 0x80, 0x00, 0x00, 0x00, 0x00, 0x00, 0x00, 0x00, 0x00, 0x00, 0x00, 0x00, 0x00, 0x00,

    /* U+0047 "G" */
    0x00, 0x00, 0x01, 0x52, 0xae, 0xe3, 0xf8, 0xf0, 0xd7, 0x99, 0x35, 0x00, 0x00, 0x00, 0x00, 0x00,
    0x00, 0x11, 0xbc, 0xff, 0xf3, 0xb2, 0x93, 0x9d, 0xc9, 0xff, 0xfd, 0x77, 0x00, 0x00, 0x00, 0x00,
    0x01, 0xbb, 0xff, 0xa9, 0x11, 0x00, 0x00, 0x00, 0x00, 0x36, 0xe2, 0xff, 0x4a, 0x00, 0x00, 0x00,
    0x51, 0xff, 0xc7, 0x03, 0x00, 0x00, 0x00, 0x00, 0x00, 0x00, 0x36, 0x9a, 0x3f, 0x00, 0x00, 0x00,
    0xad, 0xff, 0x4c, 0x00, 0x00, 0x00, 0x00, 0x00, 0x00, 0x00, 0x00, 0x00, 0x00, 0x00, 0x00, 0x00,
    0xe3, 0xfe, 0x0c, 0x00, 0x00, 0x00, 0x00, 0x00, 0x00, 0x00, 0x00, 0x00, 0x00, 0x00, 0x00, 0x00,
    0xf8, 0xef, 0x00, 0x00, 0x00, 0x00, 0x00, 0x00, 0x00, 0x00, 0x00, 0x00, 0x00, 0x00, 0x00, 0x00,
    0xf2, 0xf1, 0x00, 0x00, 0x00, 0x00, 0x00, 0xc4, 0xff, 0xff, 0xff, 0xff, 0xff, 0x10, 0x00, 0x00,
    0xd7, 0xff, 0x12, 0x00, 0x00, 0x00, 0x00, 0x74, 0x98, 0x98, 0x98, 0xdc, 0xff, 0x10, 0x00, 0x00,
    0x9a, 0xff, 0x5d, 0x00, 0x00, 0x00, 0x00, 0x00, 0x00, 0x00, 0x00, 0xa8, 0xff, 0x10, 0x00, 0x00,
    0x3b, 0xff, 0xda, 0x0b, 0x00, 0x00, 0x00, 0x00, 0x00, 0x00, 0x00, 0xa8, 0xff, 0x10, 0x00, 0x00,
    0x00, 0x9a, 0xff, 0xc3, 0x1f, 0x00, 0x00, 0x00, 0x00, 0x09, 0x6f, 0xf6, 0xf2, 0x0a, 0x00, 0x00,
    0x00, 0x08, 0x9d, 0xff, 0xf9, 0xba, 0x94, 0x96, 0xb6, 0xf1, 0xff, 0xd0, 0x2b, 0x00, 0x00, 0x00,
    0x00, 0x00, 0x00, 0x40, 0xa1, 0xd9, 0xf4, 0xf4, 0xdc, 0xa2, 0x50, 0x01, 0x00, 0x00, 0x00, 0x00,

    /* U+0048 "H" */
    0x5c, 0xff, 0x80, 0x00, 0x00, 0x00, 0x00, 0x00, 0x00, 0x0c, 0xff, 0xd0, 0x00, 0x00, 0x00, 0x00,
    0x5c, 0xff, 0x80, 0x00, 0x00, 0x00, 0x00, 0x00, 0x00, 0x0c, 0xff, 0xd0, 0x00, 0x00, 0x00, 0x00,
    0x5c, 0xff, 0x80, 0x00, 0x00, 0x00, 0x00, 0x00, 0x00, 0x0c, 0xff, 0xd0, 0x00, 0x00, 0x00, 0x00,
    0x5c, 0xff, 0x80, 0x00, 0x00, 0x00, 0x00, 0x00, 0x00, 0x0c, 0xff, 0xd0, 0x00, 0x00, 0x00, 0x00,
    0x5c, 0xff, 0x80, 0x00, 0x00, 0x00, 0x00, 0x00, 0x00, 0x0c, 0xff, 0xd0, 0x00, 0x00, 0x00, 0x00,
    0x5c, 0xff, 0x80, 0x00, 0x00, 0x00, 0x00, 0x00, 0x00, 0x0c, 0xff, 0xd0, 0x00, 0x00, 0x00, 0x00,
    0x5c, 0xff, 0xff, 0xff, 0xff, 0xff, 0xff, 0xff, 0xff, 0xff, 0xff, 0xd0, 0x00, 0x00, 0x00, 0x00,
    0x5c, 0xff, 0xcc, 0x98, 0x98, 0x98, 0x98, 0x98, 0x98, 0x9c, 0xff, 0xd0, 0x00, 0x00, 0x00, 0x00,
    0x5c, 0xff, 0x80, 0x00, 0x00, 0x00, 0x00, 0x00, 0x00, 0x0c, 0xff, 0xd0, 0x00, 0x00, 0x00, 0x00,
    0x5c, 0xff, 0x80, 0x00, 0x00, 0x00, 0x00, 0x00, 0x00, 0x0c, 0xff, 0xd0, 0x00, 0x00, 0x00, 0x00,
    0x5c, 0xff, 0x80, 0x00, 0x00, 0x00, 0x00, 0x00, 0x00, 0x0c, 0xff, 0xd0, 0x00, 0x00, 0x00, 0x00,
    0x5c, 0xff, 0x80, 0x00, 0x00, 0x00, 0x00, 0x00, 0x00, 0x0c, 0xff, 0xd0, 0x00, 0x00, 0x00, 0x00,
    0x5c, 0xff, 0x80, 0x00, 0x00, 0x00, 0x00, 0x00, 0x00, 0x0c, 0xff, 0xd0, 0x00, 0x00, 0x00, 0x00,
    0x5c, 0xff, 0x80, 0x00, 0x00, 0x00, 0x00, 0x00, 0x00, 0x0c, 0xff, 0xd0, 0x00, 0x00, 0x00, 0x00,

    /* U+0049 "I" */
    0x28, 0xff, 0xb8, 0x00, 0x00, 0x00, 0x00, 0x00, 0x00, 0x00, 0x00, 0x00, 0x00, 0x00, 0x00, 0x00,
    0x28, 0xff, 0xb8, 0x00, 0x00, 0x00, 0x00, 0x00, 0x00, 0x00, 0x00, 0x00, 0x00, 0x00, 0x00, 0x00,
    0x28, 0xff, 0xb8, 0x00, 0x00, 0x00, 0x00, 0x00, 0x00, 0x00, 0x00, 0x00, 0x00, 0x00, 0x00, 0x00,
    0x28, 0xff, 0xb8, 0x00, 0x00, 0x00, 0x00, 0x00, 0x00, 0x00, 0x00, 0x00, 0x00, 0x00, 0x00, 0x00,
    0x28, 0xff, 0xb8, 0x00, 0x00, 0x00, 0x00, 0x00, 0x00, 0x00, 0x00, 0x00, 0x00, 0x00, 0x00, 0x00,
    0x28, 0xff, 0xb8, 0x00, 0x00, 0x00, 0x00, 0x00, 0x00, 0x00, 0x00, 0x00, 0x00, 0x00, 0x00, 0x00,
    0x28, 0xff, 0xb8, 0x00, 0x00, 0x00, 0x00, 0x00, 0x00, 0x00, 0x00, 0x00, 0x00, 0x00, 0x00, 0x00,
    0x28, 0xff, 0xb8, 0x00, 0x00, 0x00, 0x00, 0x00, 0x00, 0x00, 0x00, 0x00, 0x00, 0x00, 0x00, 0x00,
    0x28, 0xff, 0xb8, 0x00, 0x00, 0x00, 0x00, 0x00, 0x00, 0x00, 0x00, 0x00, 0x00, 0x00, 0x00, 0x00,
    0x28, 0xff, 0xb8, 0x00, 0x00, 0x00, 0x00, 0x00, 0x00, 0x00, 0x00, 0x00, 0x00, 0x00, 0x00, 0x00,
    0x28, 0xff, 0xb8, 0x00, 0x00, 0x00, 0x00, 0x00, 0x00, 0x00, 0x00, 0x00, 0x00, 0x00, 0x00, 0x00,
    0x28, 0xff, 0xb8, 0x00, 0x00, 0x00, 0x00, 0x00, 0x00, 0x00, 0x00, 0x00, 0x00, 0x00, 0x00, 0x00,
    0x28, 0xff, 0xb8, 0x00, 0x00, 0x00, 0x00, 0x00, 0x00, 0x00, 0x00, 0x00, 0x00, 0x00, 0x00, 0x00,
    0x28, 0xff, 0xb8, 0x00, 0x00, 0x00, 0x00, 0x00, 0x00, 0x00, 0x00, 0x00, 0x00, 0x00, 0x00, 0x00,

    /* U+004A "J" */
    0x00, 0x00, 0x00, 0x00, 0xfc, 0xff, 0xff, 0xff, 0x84, 0x00, 0x00, 0x00, 0x00, 0x00, 0x00, 0x00,
    0x00, 0x00, 0x00, 0x00, 0x8d, 0x90, 0xb6, 0xff, 0x84, 0x00, 0x00, 0x00, 0x00, 0x00, 0x00, 0x00,
    0x00, 0x00, 0x00, 0x00, 0x00, 0x00, 0x58, 0xff, 0x84, 0x00, 0x00, 0x00, 0x00, 0x00, 0x00, 0x00,
    0x00, 0x00, 0x00, 0x00, 0x00, 0x00, 0x58, 0xff, 0x84, 0x00, 0x00, 0x00, 0x00, 0x00, 0x00, 0x00,
    0x00, 0x00, 0x00, 0x00, 0x00, 0x00, 0x58, 0xff, 0x84, 0x00, 0x00, 0x00, 0x00, 0x00, 0x00, 0x00,
    0x00, 0x00, 0x00, 0x00, 0x00, 0x00, 0x58, 0xff, 0x84, 0x00, 0x00, 0x00, 0x00, 0x00, 0x00, 0x00,
    0x00, 0x00, 0x00, 0x00, 0x00, 0x00, 0x58, 0xff, 0x84, 0x00, 0x00, 0x00, 0x00, 0x00, 0x00, 0x00,
    0x00, 0x00, 0x00, 0x00, 0x00, 0x00, 0x58, 0xff, 0x84, 0x00, 0x00, 0x00, 0x00, 0x00, 0x00, 0x00,
    0x00, 0x00, 0x00, 0x00, 0x00, 0x00, 0x58, 0xff, 0x84, 0x00, 0x00, 0x00, 0x00, 0x00, 0x00, 0x00,
    0x00, 0x00, 0x00, 0x00, 0x00, 0x00, 0x59, 0xff, 0x83, 0x00, 0x00, 0x00, 0x00, 0x00, 0x00, 0x00,
    0x6a, 0xd5, 0x40, 0x00, 0x00, 0x00, 0x72, 0xff, 0x71, 0x00, 0x00, 0x00, 0x00, 0x00, 0x00, 0x00,
    0x53, 0xff, 0xb5, 0x02, 0x00, 0x06, 0xce, 0xff, 0x35, 0x00, 0x00, 0x00, 0x00, 0x00, 0x00, 0x00,
    0x03, 0xc1, 0xff, 0xce, 0x98, 0xd5, 0xff, 0xae, 0x00, 0x00, 0x00, 0x00, 0x00, 0x00, 0x00, 0x00,
    0x00, 0x0f, 0x8c, 0xdc, 0xf9, 0xe1, 0x86, 0x07, 0x00, 0x00, 0x00, 0x00, 0x00, 0x00, 0x00, 0x00,

    /* U+004B "K" */
    0x5c, 0xff, 0x80, 0x00, 0x00, 0x00, 0x00, 0x00, 0x57, 0xfd, 0xca, 0x0e, 0x00, 0x00, 0x00, 0x00,
    0x5c, 0xff, 0x80, 0x00, 0x00, 0x00, 0x00, 0x4c, 0xfa, 0xd0, 0x11, 0x00, 0x00, 0x00, 0x00, 0x00,
    0x5c, 0xff, 0x80, 0x00, 0x00, 0x00, 0x42, 0xf7, 0xd5, 0x15, 0x00, 0x00, 0x00, 0x00, 0x00, 0x00,
    0x5c, 0xff, 0x80, 0x00, 0x00, 0x38, 0xf3, 0xda, 0x19, 0x00, 0x00, 0x00, 0x00, 0x00, 0x00, 0x00,
    0x5c, 0xff, 0x80, 0x00, 0x2f, 0xef, 0xe0, 0x1d, 0x00, 0x00, 0x00, 0x00, 0x00, 0x00, 0x00, 0x00,
    0x5c, 0xff, 0x80, 0x27, 0xe9, 0xe4, 0x22, 0x00, 0x00, 0x00, 0x00, 0x00, 0x00, 0x00, 0x00, 0x00,
    0x5c, 0xff, 0x9f, 0xe3, 0xff, 0xca, 0x08, 0x00, 0x00, 0x00, 0x00, 0x00, 0x00, 0x00, 0x00, 0x00,
    0x5c, 0xff, 0xff, 0xd3, 0x95, 0xff, 0xa7, 0x00, 0x00, 0x00, 0x00, 0x00, 0x00, 0x00, 0x00, 0x00,
    0x5c, 0xff, 0xb9, 0x0a, 0x01, 0xad, 0xff, 0x7f, 0x00, 0x00, 0x00, 0x00, 0x00, 0x00, 0x00, 0x00,
    0x5c, 0xff, 0x80, 0x00, 0x00, 0x0c, 0xd3, 0xfe, 0x56, 0x00, 0x00, 0x00, 0x00, 0x00, 0x00, 0x00,
    0x5c, 0xff, 0x80, 0x00, 0x00, 0x00, 0x21, 0xec, 0xf6, 0x35, 0x00, 0x00, 0x00, 0x00, 0x00, 0x00,
    0x5c, 0xff, 0x80, 0x00, 0x00, 0x00, 0x00, 0x42, 0xfb, 0xe6, 0x1c, 0x00, 0x00, 0x00, 0x00, 0x00,
    0x5c, 0xff, 0x80, 0x00, 0x00, 0x00, 0x00, 0x00, 0x6d, 0xff, 0xce, 0x0b, 0x00, 0x00, 0x00, 0x00,
    0x5c, 0xff, 0x80, 0x00, 0x00, 0x00, 0x00, 0x00, 0x00, 0x9c, 0xff, 0xae, 0x01, 0x00, 0x00, 0x00,

    /* U+004C "L" */
    0x5c, 0xff, 0x80, 0x00, 0x00, 0x00, 0x00, 0x00, 0x00, 0x00, 0x00, 0x00, 0x00, 0x00, 0x00, 0x00,
    0x5c, 0xff, 0x80, 0x00, 0x00, 0x00, 0x00, 0x00, 0x00, 0x00, 0x00, 0x00, 0x00, 0x00, 0x00, 0x00,
    0x5c, 0xff, 0x80, 0x00, 0x00, 0x00, 0x00, 0x00, 0x00, 0x00, 0x00, 0x00, 0x00, 0x00, 0x00, 0x00,
    0x5c, 0xff, 0x80, 0x00, 0x00, 0x00, 0x00, 0x00, 0x00, 0x00, 0x00, 0x00, 0x00, 0x00, 0x00, 0x00,
    0x5c, 0xff, 0x80, 0x00, 0x00, 0x00, 0x00, 0x00, 0x00, 0x00, 0x00, 0x00, 0x00, 0x00, 0x00, 0x00,
    0x5c, 0xff, 0x80, 0x00, 0x00, 0x00, 0x00, 0x00, 0x00, 0x00, 0x00, 0x00, 0x00, 0x00, 0x00, 0x00,
    0x5c, 0xff, 0x80, 0x00, 0x00, 0x00, 0x00, 0x00, 0x00, 0x00, 0x00, 0x00, 0x00, 0x00, 0x00, 0x00,
    0x5c, 0xff, 0x80, 0x00, 0x00, 0x00, 0x00, 0x00, 0x00, 0x00, 0x00, 0x00, 0x00, 0x00, 0x00, 0x00,
    0x5c, 0xff, 0x80, 0x00, 0x00, 0x00, 0x00, 0x00, 0x00, 0x00, 0x00, 0x00, 0x00, 0x00, 0x00, 0x00,
    0x5c, 0xff, 0x80, 0x00, 0x00, 0x00, 0x00, 0x00, 0x00, 0x00, 0x00, 0x00, 0x00, 0x00, 0x00, 0x00,
    0x5c, 0xff, 0x80, 0x00, 0x00, 0x00, 0x00, 0x00, 0x00, 0x00, 0x00, 0x00, 0x00, 0x00, 0x00, 0x00,
    0x5c, 0xff, 0x80, 0x00, 0x00, 0x00, 0x00, 0x00, 0x00, 0x00, 0x00, 0x00, 0x00, 0x00, 0x00, 0x00,
    0x5c, 0xff, 0xc8, 0x90, 0x90, 0x90, 0x90, 0x90, 0x90, 0x41, 0x00, 0x00, 0x00, 0x00, 0x00, 0x00,
    0x5c, 0xff, 0xff, 0xff, 0xff, 0xff, 0xff, 0xff, 0xff, 0x74, 0x00, 0x00, 0x00, 0x00, 0x00, 0x00,

    /* U+004D "M" */
    0x5c, 0xff, 0xff, 0x47, 0x00, 0x00, 0x00, 0x00, 0x00, 0x00, 0x00, 0x90, 0xff, 0xff, 0x04, 0x00,
    0x5c, 0xff, 0xfc, 0xa8, 0x00, 0x00, 0x00, 0x00, 0x00, 0x00, 0x04, 0xe9, 0xfc, 0xff, 0x04, 0x00,
    0x5c, 0xff, 0xc6, 0xf7, 0x10, 0x00, 0x00, 0x00, 0x00, 0x00, 0x4d, 0xff, 0xc9, 0xff, 0x04, 0x00,
    0x5c, 0xff, 0x7a, 0xff, 0x68, 0x00, 0x00, 0x00, 0x00, 0x00, 0xab, 0xe1, 0xa1, 0xff, 0x04, 0x00,
    0x5c, 0xff, 0x4b, 0xdd, 0xc9, 0x00, 0x00, 0x00, 0x00, 0x11, 0xf8, 0x8a, 0xa6, 0xff, 0x04, 0x00,
    0x5c, 0xff, 0x4c, 0x7f, 0xff, 0x29, 0x00, 0x00, 0x00, 0x69, 0xff, 0x2c, 0xa8, 0xff, 0x04, 0x00,
    0x5c, 0xff, 0x4c, 0x20, 0xfe, 0x89, 0x00, 0x00, 0x00, 0xc7, 0xcc, 0x00, 0xa8, 0xff, 0x04, 0x00,
    0x5c, 0xff, 0x4c, 0x00, 0xbf, 0xe6, 0x03, 0x00, 0x26, 0xff, 0x6d, 0x00, 0xa8, 0xff, 0x04, 0x00,
    0x5c, 0xff, 0x4c, 0x00, 0x5e, 0xff, 0x4a, 0x00, 0x85, 0xfa, 0x14, 0x00, 0xa8, 0xff, 0x04, 0x00,
    0x5c, 0xff, 0x4c, 0x00, 0x0a, 0xf2, 0xa9, 0x01, 0xe1, 0xaf, 0x00, 0x00, 0xa8, 0xff, 0x04, 0x00,
    0x5c, 0xff, 0x4c, 0x00, 0x00, 0x9e, 0xf4, 0x3f, 0xff, 0x50, 0x00, 0x00, 0xa8, 0xff, 0x04, 0x00,
    0x5c, 0xff, 0x4c, 0x00, 0x00, 0x3d, 0xff, 0xc7, 0xeb, 0x05, 0x00, 0x00, 0xa8, 0xff, 0x04, 0x00,
    0x5c, 0xff, 0x4c, 0x00, 0x00, 0x00, 0xdc, 0xff, 0x92, 0x00, 0x00, 0x00, 0xa8, 0xff, 0x04, 0x00,
    0x5c, 0xff, 0x4c, 0x00, 0x00, 0x00, 0x7c, 0xff, 0x33, 0x00, 0x00, 0x00, 0xa8, 0xff, 0x04, 0x00,

    /* U+004E "N" */
    0x5c, 0xff, 0xf8, 0x26, 0x00, 0x00, 0x00, 0x00, 0x00, 0x00, 0xdc, 0xd0, 0x00, 0x00, 0x00, 0x00,
    0x5c, 0xff, 0xff, 0xbc, 0x00, 0x00, 0x00, 0x00, 0x00, 0x00, 0xdc, 0xd0, 0x00, 0x00, 0x00, 0x00,
    0x5c, 0xff, 0xc2, 0xff, 0x5c, 0x00, 0x00, 0x00, 0x00, 0x00, 0xdc, 0xd0, 0x00, 0x00, 0x00, 0x00,
    0x5c, 0xff, 0x4d, 0xe0, 0xe9, 0x11, 0x00, 0x00, 0x00, 0x00, 0xdc, 0xd0, 0x00, 0x00, 0x00, 0x00,
    0x5c, 0xff, 0x49, 0x4d, 0xff, 0x99, 0x00, 0x00, 0x00, 0x00, 0xdc, 0xd0, 0x00, 0x00, 0x00, 0x00,
    0x5c, 0xff, 0x4c, 0x00, 0xb0, 0xfe, 0x39, 0x00, 0x00, 0x00, 0xdc, 0xd0, 0x00, 0x00, 0x00, 0x00,
    0x5c, 0xff, 0x4c, 0x00, 0x1d, 0xf4, 0xd2, 0x04, 0x00, 0x00, 0xdc, 0xd0, 0x00, 0x00, 0x00, 0x00,
    0x5c, 0xff, 0x4c, 0x00, 0x00, 0x74, 0xff, 0x75, 0x00, 0x00, 0xdc, 0xd0, 0x00, 0x00, 0x00, 0x00,
    0x5c, 0xff, 0x4c, 0x00, 0x00, 0x04, 0xd1, 0xf5, 0x1f, 0x00, 0xdc, 0xd0, 0x00, 0x00, 0x00, 0x00,
    0x5c, 0xff, 0x4c, 0x00, 0x00, 0x00, 0x39, 0xfe, 0xb2, 0x00, 0xda, 0xd0, 0x00, 0x00, 0x00, 0x00,
    0x5c, 0xff, 0x4c, 0x00, 0x00, 0x00, 0x00, 0x9a, 0xff, 0x51, 0xd3, 0xd0, 0x00, 0x00, 0x00, 0x00,
    0x5c, 0xff, 0x4c, 0x00, 0x00, 0x00, 0x00, 0x11, 0xea, 0xe3, 0xd4, 0xd0, 0x00, 0x00, 0x00, 0x00,
    0x5c, 0xff, 0x4c, 0x00, 0x00, 0x00, 0x00, 0x00, 0x5e, 0xff, 0xff, 0xd0, 0x00, 0x00, 0x00, 0x00,
    0x5c, 0xff, 0x4c, 0x00, 0x00, 0x00, 0x00, 0x00, 0x00, 0xbe, 0xff, 0xd0, 0x00, 0x00, 0x00, 0x00,

    /* U+004F "O" */
    0x00, 0x00, 0x00, 0x01, 0x55, 0xb0, 0xe5, 0xf9, 0xec, 0xcf, 0x83, 0x20, 0x00, 0x00, 0x00, 0x00,
    0x00, 0x00, 0x12, 0xbe, 0xff, 0xf2, 0xb1, 0x93, 0x9b, 0xcf, 0xff, 0xf4, 0x5e, 0x00, 0x00, 0x00,
    0x00, 0x03, 0xbf, 0xff, 0xa4, 0x11, 0x00, 0x00, 0x00, 0x00, 0x44, 0xeb, 0xfe, 0x44, 0x00, 0x00,
    0x00, 0x59, 0xff, 0xbe, 0x01, 0x00, 0x00, 0x00, 0x00, 0x00, 0x00, 0x3c, 0xfe, 0xdd, 0x01, 0x00,
    0x00, 0xb6, 0xff, 0x3e, 0x00, 0x00, 0x00, 0x00, 0x00, 0x00, 0x00, 0x00, 0xb7, 0xff, 0x3b, 0x00,
    0x00, 0xee, 0xf6, 0x04, 0x00, 0x00, 0x00, 0x00, 0x00, 0x00, 0x00, 0x00, 0x71, 0xff, 0x72, 0x00,
    0x04, 0xff, 0xdf, 0x00, 0x00, 0x00, 0x00, 0x00, 0x00, 0x00, 0x00, 0x00, 0x54, 0xff, 0x8c, 0x00,
    0x02, 0xfb, 0xe1, 0x00, 0x00, 0x00, 0x00, 0x00, 0x00, 0x00, 0x00, 0x00, 0x56, 0xff, 0x88, 0x00,
    0x00, 0xe4, 0xf9, 0x07, 0x00, 0x00, 0x00, 0x00, 0x00, 0x00, 0x00, 0x00, 0x73, 0xff, 0x6e, 0x00,
    0x00, 0xaa, 0xff, 0x4b, 0x00, 0x00, 0x00, 0x00, 0x00, 0x00, 0x00, 0x00, 0xb8, 0xff, 0x30, 0x00,
    0x00, 0x4d, 0xff, 0xcb, 0x04, 0x00, 0x00, 0x00, 0x00, 0x00, 0x00, 0x3a, 0xfe, 0xd0, 0x00, 0x00,
    0x00, 0x00, 0xb0, 0xff, 0xb1, 0x15, 0x00, 0x00, 0x00, 0x00, 0x42, 0xea, 0xfb, 0x35, 0x00, 0x00,
    0x00, 0x00, 0x0f, 0xb1, 0xff, 0xf4, 0xb2, 0x92, 0x9b, 0xce, 0xff, 0xef, 0x4e, 0x00, 0x00, 0x00,
    0x00, 0x00, 0x00, 0x01, 0x4e, 0xad, 0xde, 0xf7, 0xec, 0xcc, 0x7d, 0x1a, 0x00, 0x00, 0x00, 0x00,

    /* U+0050 "P" */
    0x5c, 0xff, 0xff, 0xff, 0xff, 0xff, 0xfd, 0xe9, 0xb1, 0x3d, 0x00, 0x00, 0x00, 0x00, 0x00, 0x00,
    0x5c, 0xff, 0xc4, 0x88, 0x88, 0x88, 0x91, 0xb7, 0xfd, 0xfe, 0x5c, 0x00, 0x00, 0x00, 0x00, 0x00,
    0x5c, 0xff, 0x80, 0x00, 0x00, 0x00, 0x00, 0x00, 0x3b, 0xfa, 0xee, 0x07, 0x00, 0x00, 0x00, 0x00,
    0x5c, 0xff, 0x80, 0x00, 0x00, 0x00, 0x00, 0x00, 0x00, 0xb8, 0xff, 0x36, 0x00, 0x00, 0x00, 0x00,
    0x5c, 0xff, 0x80, 0x00, 0x00, 0x00, 0x00, 0x00, 0x00, 0xa5, 0xff, 0x40, 0x00, 0x00, 0x00, 0x00,
    0x5c, 0xff, 0x80, 0x00, 0x00, 0x00, 0x00, 0x00, 0x05, 0xdc, 0xff, 0x19, 0x00, 0x00, 0x00, 0x00,
    0x5c, 0xff, 0x80, 0x00, 0x00, 0x00, 0x08, 0x2d, 0xac, 0xff, 0xa8, 0x00, 0x00, 0x00, 0x00, 0x00,
    0x5c, 0xff, 0xff, 0xff, 0xff, 0xff, 0xff, 0xff, 0xff, 0xb2, 0x0d, 0x00, 0x00, 0x00, 0x00, 0x00,
    0x5c, 0xff, 0xc0, 0x80, 0x80, 0x80, 0x7e, 0x6b, 0x2f, 0x00, 0x00, 0x00, 0x00, 0x00, 0x00, 0x00,
    0x5c, 0xff, 0x80, 0x00, 0x00, 0x00, 0x00, 0x00, 0x00, 0x00, 0x00, 0x00, 0x00, 0x00, 0x00, 0x00,
    0x5c, 0xff, 0x80, 0x00, 0x00, 0x00, 0x00, 0x00, 0x00, 0x00, 0x00, 0x00, 0x00, 0x00, 0x00, 0x00,
    0x5c, 0xff, 0x80, 0x00, 0x00, 0x00, 0x00, 0x00, 0x00, 0x00, 0x00, 0x00, 0x00, 0x00, 0x00, 0x00,
    0x5c, 0xff, 0x80, 0x00, 0x00, 0x00, 0x00, 0x00, 0x00, 0x00, 0x00, 0x00, 0x00, 0x00, 0x00, 0x00,
    0x5c, 0xff, 0x80, 0x00, 0x00, 0x00, 0x00, 0x00, 0x00, 0x00, 0x00, 0x00, 0x00, 0x00, 0x00, 0x00,

    /* U+0051 "Q" */
    0x00, 0x00, 0x00, 0x01, 0x53, 0xaf, 0xe4, 0xf9, 0xec, 0xcf, 0x83, 0x1f, 0x00, 0x00, 0x00, 0x00,
    0x00, 0x00, 0x11, 0xbc, 0xff, 0xf3, 0xb2, 0x93, 0x9c, 0xd0, 0xff, 0xf4, 0x5b, 0x00, 0x00, 0x00,
    0x00, 0x02, 0xbc, 0xff, 0xa7, 0x11, 0x00, 0x00, 0x00, 0x00, 0x46, 0xed, 0xfd, 0x41, 0x00, 0x00,
    0x00, 0x56, 0xff, 0xc1, 0x02, 0x00, 0x00, 0x00, 0x00, 0x00, 0x00, 0x3f, 0xfe, 0xda, 0x00, 0x00,
    0x00, 0xb4, 0xff, 0x41, 0x00, 0x00, 0x00, 0x00, 0x00, 0x00, 0x00, 0x00, 0xba, 0xff, 0x38, 0x00,
    0x00, 0xec, 0xf7, 0x05, 0x00, 0x00, 0x00, 0x00, 0x00, 0x00, 0x00, 0x00, 0x72, 0xff, 0x71, 0x00,
    0x03, 0xfe, 0xdf, 0x00, 0x00, 0x00, 0x00, 0x00, 0x00, 0x00, 0x00, 0x00, 0x54, 0xff, 0x8b, 0x00,
    0x03, 0xfd, 0xe0, 0x00, 0x00, 0x00, 0x00, 0x00, 0x00, 0x00, 0x00, 0x00, 0x55, 0xff, 0x8e, 0x00,
    0x00, 0xe7, 0xf8, 0x05, 0x00, 0x00, 0x00, 0x00, 0x00, 0x00, 0x00, 0x00, 0x71, 0xff, 0x75, 0x00,
    0x00, 0xb0, 0xff, 0x44, 0x00, 0x00, 0x00, 0x00, 0x00, 0x00, 0x00, 0x00, 0xb2, 0xff, 0x3c, 0x00,
    0x00, 0x58, 0xff, 0xc1, 0x02, 0x00, 0x00, 0x00, 0x00, 0x00, 0x00, 0x30, 0xfc, 0xda, 0x01, 0x00,
    0x00, 0x01, 0xc4, 0xff, 0xa0, 0x0a, 0x00, 0x00, 0x00, 0x00, 0x2e, 0xe0, 0xfe, 0x47, 0x00, 0x00,
    0x00, 0x00, 0x1a, 0xce, 0xff, 0xe8, 0x9b, 0x7a, 0x83, 0xb7, 0xfc, 0xf9, 0x63, 0x00, 0x00, 0x00,
    0x00, 0x00, 0x00, 0x0a, 0x6b, 0xc8, 0xec, 0xff, 0xff, 0xdc, 0x97, 0x28, 0x00, 0x00, 0x00, 0x00,
    0x00, 0x00, 0x00, 0x00, 0x00, 0x00, 0x00, 0xaf, 0xff, 0x46, 0x00, 0x00, 0x00, 0x00, 0x00, 0x00,
    0x00, 0x00, 0x00, 0x00, 0x00, 0x00, 0x00, 0x4c, 0xff, 0xc5, 0x03, 0x00, 0x00, 0x00, 0x00, 0x00,
    0x00, 0x00, 0x00, 0x00, 0x00, 0x00, 0x00, 0x00, 0xbb, 0xff, 0xcb, 0x79, 0x71, 0x00, 0x00, 0x00,
    0x00, 0x00, 0x00, 0x00, 0x00, 0x00, 0x00, 0x00, 0x0c, 0x91, 0xe4, 0xf3, 0xbb, 0x00, 0x00, 0x00,

    /* U+0052 "R" */
    0x5c, 0xff, 0xff, 0xff, 0xff, 0xff, 0xff, 0xf9, 0xdf, 0x9c, 0x23, 0x00, 0x00, 0x00, 0x00, 0x00,
    0x5c, 0xff, 0xc4, 0x88, 0x88, 0x88, 0x88, 0x99, 0xcd, 0xff, 0xf1, 0x2e, 0x00, 0x00, 0x00, 0x00,
    0x5c, 0xff, 0x80, 0x00, 0x00, 0x00, 0x00, 0x00, 0x00, 0x75, 0xff, 0xb5, 0x00, 0x00, 0x00, 0x00,
    0x5c, 0xff, 0x80, 0x00, 0x00, 0x00, 0x00, 0x00, 0x00, 0x05, 0xf8, 0xed, 0x00, 0x00, 0x00, 0x00,
    0x5c, 0xff, 0x80, 0x00, 0x00, 0x00, 0x00, 0x00, 0x00, 0x07, 0xfb, 0xdf, 0x00, 0x00, 0x00, 0x00,
    0x5c, 0xff, 0x80, 0x00, 0x00, 0x00, 0x00, 0x00, 0x00, 0x7c, 0xff, 0x9e, 0x00, 0x00, 0x00, 0x00,
    0x5c, 0xff, 0xc0, 0x80, 0x80, 0x80, 0x80, 0x8f, 0xc8, 0xff, 0xdc, 0x1a, 0x00, 0x00, 0x00, 0x00,
    0x5c, 0xff, 0xff, 0xff, 0xff, 0xff, 0xff, 0xff, 0xe7, 0x7c, 0x10, 0x00, 0x00, 0x00, 0x00, 0x00,
    0x5c, 0xff, 0x80, 0x00, 0x00, 0x00, 0x09, 0xdf, 0xf2, 0x1c, 0x00, 0x00, 0x00, 0x00, 0x00, 0x00,
    0x5c, 0xff, 0x80, 0x00, 0x00, 0x00, 0x00, 0x4f, 0xff, 0xaf, 0x00, 0x00, 0x00, 0x00, 0x00, 0x00,
    0x5c, 0xff, 0x80, 0x00, 0x00, 0x00, 0x00, 0x00, 0xb6, 0xff, 0x50, 0x00, 0x00, 0x00, 0x00, 0x00,
    0x5c, 0xff, 0x80, 0x00, 0x00, 0x00, 0x00, 0x00, 0x25, 0xf8, 0xe3, 0x0d, 0x00, 0x00, 0x00, 0x00,
    0x5c, 0xff, 0x80, 0x00, 0x00, 0x00, 0x00, 0x00, 0x00, 0x85, 0xff, 0x92, 0x00, 0x00, 0x00, 0x00,
    0x5c, 0xff, 0x80, 0x00, 0x00, 0x00, 0x00, 0x00, 0x00, 0x0a, 0xe2, 0xfd, 0x36, 0x00, 0x00, 0x00,

    /* U+0053 "S" */
    0x00, 0x00, 0x02, 0x5f, 0xbb, 0xea, 0xfb, 0xf7, 0xdd, 0xa1, 0x2c, 0x00, 0x00, 0x00, 0x00, 0x00,
    0x00, 0x00, 0xab, 0xff, 0xde, 0x91, 0x77, 0x81, 0xb4, 0xfc, 0xf2, 0x3b, 0x00, 0x00, 0x00, 0x00,
    0x00, 0x42, 0xff, 0xbf, 0x05, 0x00, 0x00, 0x00, 0x00, 0x4d, 0xff, 0xca, 0x00, 0x00, 0x00, 0x00,
    0x00, 0x6d, 0xff, 0x6c, 0x00, 0x00, 0x00, 0x00, 0x00, 0x00, 0x5d, 0x44, 0x02, 0x00, 0x00, 0x00,
    0x00, 0x52, 0xff, 0xae, 0x01, 0x00, 0x00, 0x00, 0x00, 0x00, 0x00, 0x00, 0x00, 0x00, 0x00, 0x00,
    0x00, 0x04, 0xc8, 0xff, 0xcb, 0x6a, 0x28, 0x01, 0x00, 0x00, 0x00, 0x00, 0x00, 0x00, 0x00, 0x00,
    0x00, 0x00, 0x12, 0x99, 0xf5, 0xff, 0xff, 0xec, 0xaf, 0x62, 0x0a, 0x00, 0x00, 0x00, 0x00, 0x00,
    0x00, 0x00, 0x00, 0x00, 0x0a, 0x49, 0x87, 0xc5, 0xfa, 0xff, 0xea, 0x44, 0x00, 0x00, 0x00, 0x00,
    0x00, 0x00, 0x00, 0x00, 0x00, 0x00, 0x00, 0x00, 0x11, 0x6d, 0xf8, 0xf0, 0x14, 0x00, 0x00, 0x00,
    0x00, 0x00, 0x00, 0x00, 0x00, 0x00, 0x00, 0x00, 0x00, 0x00, 0x8c, 0xff, 0x53, 0x00, 0x00, 0x00,
    0x03, 0x98, 0xb4, 0x03, 0x00, 0x00, 0x00, 0x00, 0x00, 0x00, 0x84, 0xff, 0x5f, 0x00, 0x00, 0x00,
    0x00, 0xba, 0xff, 0x8a, 0x01, 0x00, 0x00, 0x00, 0x00, 0x22, 0xe3, 0xfc, 0x21, 0x00, 0x00, 0x00,
    0x00, 0x20, 0xdf, 0xff, 0xe1, 0x9b, 0x83, 0x8c, 0xb2, 0xf9, 0xfe, 0x6e, 0x00, 0x00, 0x00, 0x00,
    0x00, 0x00, 0x0e, 0x77, 0xc5, 0xee, 0xfd, 0xf7, 0xda, 0x9e, 0x34, 0x00, 0x00, 0x00, 0x00, 0x00,

    /* U+0054 "T" */
    0x8c, 0xff, 0xff, 0xff, 0xff, 0xff, 0xff, 0xff, 0xff, 0xff, 0xff, 0xc4, 0x00, 0x00, 0x00, 0x00,
    0x4e, 0x90, 0x90, 0x90, 0x90, 0xec, 0xff, 0x93, 0x90, 0x90, 0x90, 0x6e, 0x00, 0x00, 0x00, 0x00,
    0x00, 0x00, 0x00, 0x00, 0x00, 0xd4, 0xff, 0x08, 0x00, 0x00, 0x00, 0x00, 0x00, 0x00, 0x00, 0x00,
    0x00, 0x00, 0x00, 0x00, 0x00, 0xd4, 0xff, 0x08, 0x00, 0x00, 0x00, 0x00, 0x00, 0x00, 0x00, 0x00,
    0x00, 0x00, 0x00, 0x00, 0x00, 0xd4, 0xff, 0x08, 0x00, 0x00, 0x00, 0x00, 0x00, 0x00, 0x00, 0x00,
    0x00, 0x00, 0x00, 0x00, 0x00, 0xd4, 0xff, 0x08, 0x00, 0x00, 0x00, 0x00, 0x00, 0x00, 0x00, 0x00,
    0x00, 0x00, 0x00, 0x00, 0x00, 0xd4, 0xff, 0x08, 0x00, 0x00, 0x00, 0x00, 0x00, 0x00, 0x00, 0x00,
    0x00, 0x00, 0x00, 0x00, 0x00, 0xd4, 0xff, 0x08, 0x00, 0x00, 0x00, 0x00, 0x00, 0x00, 0x00, 0x00,
    0x00, 0x00, 0x00, 0x00, 0x00, 0xd4, 0xff, 0x08, 0x00, 0x00, 0x00, 0x00, 0x00, 0x00, 0x00, 0x00,
    0x00, 0x00, 0x00, 0x00, 0x00, 0xd4, 0xff, 0x08, 0x00, 0x00, 0x00, 0x00, 0x00, 0x00, 0x00, 0x00,
    0x00, 0x00, 0x00, 0x00, 0x00, 0xd4, 0xff, 0x08, 0x00, 0x00, 0x00, 0x00, 0x00, 0x00, 0x00, 0x00,
    0x00, 0x00, 0x00, 0x00, 0x00, 0xd4, 0xff, 0x08, 0x00, 0x00, 0x00, 0x00, 0x00, 0x00, 0x00, 0x00,
    0x00, 0x00, 0x00, 0x00, 0x00, 0xd4, 0xff, 0x08, 0x00, 0x00, 0x00, 0x00, 0x00, 0x00, 0x00, 0x00,
    0x00, 0x00, 0x00, 0x00, 0x00, 0xd4, 0xff, 0x08, 0x00, 0x00, 0x00, 0x00, 0x00, 0x00, 0x00, 0x00,

    /* U+0055 "U" */
    0x74, 0xff, 0x68, 0x00, 0x00, 0x00, 0x00, 0x00, 0x00, 0x00, 0xf4, 0xe8, 0x00, 0x00, 0x00, 0x00,
    0x74, 0xff, 0x68, 0x00, 0x00, 0x00, 0x00, 0x00, 0x00, 0x00, 0xf4, 0xe8, 0x00, 0x00, 0x00, 0x00,
    0x74, 0xff, 0x68, 0x00, 0x00, 0x00, 0x00, 0x00, 0x00, 0x00, 0xf4, 0xe8, 0x00, 0x00, 0x00, 0x00,
    0x74, 0xff, 0x68, 0x00, 0x00, 0x00, 0x00, 0x00, 0x00, 0x00, 0xf4, 0xe8, 0x00, 0x00, 0x00, 0x00,
    0x74, 0xff, 0x68, 0x00, 0x00, 0x00, 0x00, 0x00, 0x00, 0x00, 0xf4, 0xe8, 0x00, 0x00, 0x00, 0x00,
    0x74, 0xff, 0x68, 0x00, 0x00, 0x00, 0x00, 0x00, 0x00, 0x00, 0xf4, 0xe8, 0x00, 0x00, 0x00, 0x00,
    0x74, 0xff, 0x68, 0x00, 0x00, 0x00, 0x00, 0x00, 0x00, 0x00, 0xf4, 0xe8, 0x00, 0x00, 0x00, 0x00,
    0x74, 0xff, 0x68, 0x00, 0x00, 0x00, 0x00, 0x00, 0x00, 0x00, 0xf4, 0xe8, 0x00, 0x00, 0x00, 0x00,
    0x73, 0xff, 0x6a, 0x00, 0x00, 0x00, 0x00, 0x00, 0x00, 0x00, 0xf6, 0xe5, 0x00, 0x00, 0x00, 0x00,
    0x5f, 0xff, 0x88, 0x00, 0x00, 0x00, 0x00, 0x00, 0x00, 0x0e, 0xff, 0xcd, 0x00, 0x00, 0x00, 0x00,
    0x30, 0xff, 0xca, 0x01, 0x00, 0x00, 0x00, 0x00, 0x00, 0x5b, 0xff, 0x97, 0x00, 0x00, 0x00, 0x00,
    0x00, 0xc4, 0xff, 0x7d, 0x02, 0x00, 0x00, 0x00, 0x3d, 0xe9, 0xf9, 0x2c, 0x00, 0x00, 0x00, 0x00,
    0x00, 0x1e, 0xde, 0xff, 0xd9, 0xa3, 0x9a, 0xc3, 0xff, 0xf9, 0x5d, 0x00, 0x00, 0x00, 0x00, 0x00,
    0x00, 0x00, 0x0d, 0x7d, 0xce, 0xf0, 0xf6, 0xdc, 0x98, 0x2b, 0x00, 0x00, 0x00, 0x00, 0x00, 0x00,

    /* U+0056 "V" */
    0xb5, 0xff, 0x3c, 0x00, 0x00, 0x00, 0x00, 0x00, 0x00, 0x00, 0x02, 0xe2, 0xf8, 0x13, 0x00, 0x00,
    0x4e, 0xff, 0x9f, 0x00, 0x00, 0x00, 0x00, 0x00, 0x00, 0x00, 0x48, 0xff, 0xa5, 0x00, 0x00, 0x00,
    0x03, 0xe4, 0xf4, 0x0d, 0x00, 0x00, 0x00, 0x00, 0x00, 0x00, 0xab, 0xff, 0x3f, 0x00, 0x00, 0x00,
    0x00, 0x81, 0xff, 0x65, 0x00, 0x00, 0x00, 0x00, 0x00, 0x13, 0xf9, 0xd8, 0x00, 0x00, 0x00, 0x00,
    0x00, 0x1d, 0xfd, 0xc8, 0x00, 0x00, 0x00, 0x00, 0x00, 0x70, 0xff, 0x72, 0x00, 0x00, 0x00, 0x00,
    0x00, 0x00, 0xb4, 0xff, 0x2b, 0x00, 0x00, 0x00, 0x00, 0xd2, 0xf8, 0x13, 0x00, 0x00, 0x00, 0x00,
    0x00, 0x00, 0x4e, 0xff, 0x8e, 0x00, 0x00, 0x00, 0x35, 0xff, 0xa4, 0x00, 0x00, 0x00, 0x00, 0x00,
    0x00, 0x00, 0x03, 0xe3, 0xeb, 0x06, 0x00, 0x00, 0x98, 0xff, 0x3e, 0x00, 0x00, 0x00, 0x00, 0x00,
    0x00, 0x00, 0x00, 0x80, 0xff, 0x54, 0x00, 0x09, 0xf0, 0xd7, 0x00, 0x00, 0x00, 0x00, 0x00, 0x00,
    0x00, 0x00, 0x00, 0x1c, 0xfc, 0xb7, 0x00, 0x5c, 0xff, 0x71, 0x00, 0x00, 0x00, 0x00, 0x00, 0x00,
    0x00, 0x00, 0x00, 0x00, 0xb3, 0xfc, 0x15, 0xb6, 0xf7, 0x12, 0x00, 0x00, 0x00, 0x00, 0x00, 0x00,
    0x00, 0x00, 0x00, 0x00, 0x4d, 0xff, 0x78, 0xfa, 0xa4, 0x00, 0x00, 0x00, 0x00, 0x00, 0x00, 0x00,
    0x00, 0x00, 0x00, 0x00, 0x03, 0xe2, 0xf6, 0xff, 0x3d, 0x00, 0x00, 0x00, 0x00, 0x00, 0x00, 0x00,
    0x00, 0x00, 0x00, 0x00, 0x00, 0x7f, 0xff, 0xd6, 0x00, 0x00, 0x00, 0x00, 0x00, 0x00, 0x00, 0x00,

    /* U+0057 "W" */
    0xc4, 0xff, 0x2b, 0x00, 0x00, 0x00, 0x00, 0x00, 0x94, 0xff, 0x7e, 0x00, 0x00, 0x00, 0x00, 0x00, 0x48, 0xff, 0xaa, 0x00, 0x00, 0x00, 0x00, 0x00, 0x00, 0x00, 0x00, 0x00, 0x00, 0x00, 0x00, 0x00,
    0x7a, 0xff, 0x72, 0x00, 0x00, 0x00, 0x00, 0x00, 0xdb, 0xff, 0xc5, 0x00, 0x00, 0x00, 0x00, 0x00, 0x8e, 0xff, 0x60, 0x00, 0x00, 0x00, 0x00, 0x00, 0x00, 0x00, 0x00, 0x00, 0x00, 0x00, 0x00, 0x00,
    0x30, 0xff, 0xb9, 0x00, 0x00, 0x00, 0x00, 0x22, 0xff, 0xd4, 0xfb, 0x0f, 0x00, 0x00, 0x00, 0x00, 0xd4, 0xfe, 0x17, 0x00, 0x00, 0x00, 0x00, 0x00, 0x00, 0x00, 0x00, 0x00, 0x00, 0x00, 0x00, 0x00,
    0x00, 0xe4, 0xf7, 0x09, 0x00, 0x00, 0x00, 0x69, 0xff, 0x64, 0xff, 0x51, 0x00, 0x00, 0x00, 0x1b, 0xff, 0xcb, 0x00, 0x00, 0x00, 0x00, 0x00, 0x00, 0x00, 0x00, 0x00, 0x00, 0x00, 0x00, 0x00, 0x00,
    0x00, 0x9c, 0xff, 0x47, 0x00, 0x00, 0x00, 0xb0, 0xe9, 0x0a, 0xf9, 0x98, 0x00, 0x00, 0x00, 0x60, 0xff, 0x81, 0x00, 0x00, 0x00, 0x00, 0x00, 0x00, 0x00, 0x00, 0x00, 0x00, 0x00, 0x00, 0x00, 0x00,
    0x00, 0x52, 0xff, 0x8e, 0x00, 0x00, 0x04, 0xf1, 0xa7, 0x00, 0xc0, 0xde, 0x00, 0x00, 0x00, 0xa6, 0xff, 0x37, 0x00, 0x00, 0x00, 0x00, 0x00, 0x00, 0x00, 0x00, 0x00, 0x00, 0x00, 0x00, 0x00, 0x00,
    0x00, 0x0d, 0xfa, 0xd5, 0x00, 0x00, 0x3c, 0xff, 0x64, 0x00, 0x7c, 0xff, 0x24, 0x00, 0x01, 0xea, 0xea, 0x02, 0x00, 0x00, 0x00, 0x00, 0x00, 0x00, 0x00, 0x00, 0x00, 0x00, 0x00, 0x00, 0x00, 0x00,
    0x00, 0x00, 0xbe, 0xff, 0x1d, 0x00, 0x82, 0xff, 0x1f, 0x00, 0x37, 0xff, 0x6b, 0x00, 0x31, 0xff, 0xa2, 0x00, 0x00, 0x00, 0x00, 0x00, 0x00, 0x00, 0x00, 0x00, 0x00, 0x00, 0x00, 0x00, 0x00, 0x00,
    0x00, 0x00, 0x74, 0xff, 0x63, 0x00, 0xc8, 0xda, 0x00, 0x00, 0x03, 0xef, 0xb1, 0x00, 0x77, 0xff, 0x58, 0x00, 0x00, 0x00, 0x00, 0x00, 0x00, 0x00, 0x00, 0x00, 0x00, 0x00, 0x00, 0x00, 0x00, 0x00,
    0x00, 0x00, 0x2a, 0xff, 0xa4, 0x0f, 0xfc, 0x96, 0x00, 0x00, 0x00, 0xad, 0xef, 0x02, 0xbb, 0xfc, 0x11, 0x00, 0x00, 0x00, 0x00, 0x00, 0x00, 0x00, 0x00, 0x00, 0x00, 0x00, 0x00, 0x00, 0x00, 0x00,
    0x00, 0x00, 0x00, 0xdf, 0xe1, 0x48, 0xff, 0x51, 0x00, 0x00, 0x00, 0x69, 0xff, 0x35, 0xf5, 0xc3, 0x00, 0x00, 0x00, 0x00, 0x00, 0x00, 0x00, 0x00, 0x00, 0x00, 0x00, 0x00, 0x00, 0x00, 0x00, 0x00,
    0x00, 0x00, 0x00, 0x96, 0xff, 0x9f, 0xfc, 0x0f, 0x00, 0x00, 0x00, 0x24, 0xff, 0xa0, 0xff, 0x79, 0x00, 0x00, 0x00, 0x00, 0x00, 0x00, 0x00, 0x00, 0x00, 0x00, 0x00, 0x00, 0x00, 0x00, 0x00, 0x00,
    0x00, 0x00, 0x00, 0x4c, 0xff, 0xf9, 0xc6, 0x00, 0x00, 0x00, 0x00, 0x00, 0xdf, 0xf9, 0xff, 0x2f, 0x00, 0x00, 0x00, 0x00, 0x00, 0x00, 0x00, 0x00, 0x00, 0x00, 0x00, 0x00, 0x00, 0x00, 0x00, 0x00,
    0x00, 0x00, 0x00, 0x0a, 0xf7, 0xff, 0x82, 0x00, 0x00, 0x00, 0x00, 0x00, 0x9a, 0xff, 0xe4, 0x00, 0x00, 0x00, 0x00, 0x00, 0x00, 0x00, 0x00, 0x00, 0x00, 0x00, 0x00, 0x00, 0x00, 0x00, 0x00, 0x00,

    /* U+0058 "X" */
    0x04, 0xc7, 0xfe, 0x42, 0x00, 0x00, 0x00, 0x00, 0x00, 0x09, 0xd9, 0xf9, 0x2f, 0x00, 0x00, 0x00,
    0x00, 0x22, 0xf1, 0xe2, 0x10, 0x00, 0x00, 0x00, 0x00, 0x90, 0xff, 0x74, 0x00, 0x00, 0x00, 0x00,
    0x00, 0x00, 0x5c, 0xff, 0xa5, 0x00, 0x00, 0x00, 0x3e, 0xfe, 0xbe, 0x01, 0x00, 0x00, 0x00, 0x00,
    0x00, 0x00, 0x00, 0xa4, 0xff, 0x56, 0x00, 0x0c, 0xde, 0xee, 0x1c, 0x00, 0x00, 0x00, 0x00, 0x00,
    0x00, 0x00, 0x00, 0x0e, 0xdd, 0xee, 0x1b, 0x97, 0xff, 0x55, 0x00, 0x00, 0x00, 0x00, 0x00, 0x00,
    0x00, 0x00, 0x00, 0x00, 0x38, 0xfb, 0xd4, 0xff, 0xa0, 0x00, 0x00, 0x00, 0x00, 0x00, 0x00, 0x00,
    0x00, 0x00, 0x00, 0x00, 0x00, 0x88, 0xff, 0xf3, 0x0e, 0x00, 0x00, 0x00, 0x00, 0x00, 0x00, 0x00,
    0x00, 0x00, 0x00, 0x00, 0x08, 0xd4, 0xfd, 0xff, 0x66, 0x00, 0x00, 0x00, 0x00, 0x00, 0x00, 0x00,
    0x00, 0x00, 0x00, 0x00, 0x96, 0xff, 0x54, 0xd2, 0xf4, 0x23, 0x00, 0x00, 0x00, 0x00, 0x00, 0x00,
    0x00, 0x00, 0x00, 0x4e, 0xff, 0x9d, 0x00, 0x31, 0xfa, 0xc6, 0x03, 0x00, 0x00, 0x00, 0x00, 0x00,
    0x00, 0x00, 0x1a, 0xec, 0xdf, 0x0d, 0x00, 0x00, 0x80, 0xff, 0x7c, 0x00, 0x00, 0x00, 0x00, 0x00,
    0x00, 0x02, 0xbc, 0xfd, 0x3e, 0x00, 0x00, 0x00, 0x05, 0xce, 0xfa, 0x33, 0x00, 0x00, 0x00, 0x00,
    0x00, 0x78, 0xff, 0x8c, 0x00, 0x00, 0x00, 0x00, 0x00, 0x2d, 0xf9, 0xd7, 0x09, 0x00, 0x00, 0x00,
    0x35, 0xfa, 0xd4, 0x07, 0x00, 0x00, 0x00, 0x00, 0x00, 0x00, 0x7a, 0xff, 0x92, 0x00, 0x00, 0x00,

    /* U+0059 "Y" */
    0x3f, 0xfe, 0xc9, 0x02, 0x00, 0x00, 0x00, 0x00, 0x00, 0x00, 0x78, 0xff, 0x94, 0x00, 0x00, 0x00,
    0x00, 0x98, 0xff, 0x6d, 0x00, 0x00, 0x00, 0x00, 0x00, 0x21, 0xf6, 0xe2, 0x0d, 0x00, 0x00, 0x00,
    0x00, 0x0e, 0xe4, 0xf2, 0x1c, 0x00, 0x00, 0x00, 0x00, 0xb6, 0xff, 0x49, 0x00, 0x00, 0x00, 0x00,
    0x00, 0x00, 0x4d, 0xff, 0xaf, 0x00, 0x00, 0x00, 0x56, 0xff, 0xa3, 0x00, 0x00, 0x00, 0x00, 0x00,
    0x00, 0x00, 0x00, 0xa8, 0xff, 0x51, 0x00, 0x0f, 0xe6, 0xea, 0x13, 0x00, 0x00, 0x00, 0x00, 0x00,
    0x00, 0x00, 0x00, 0x16, 0xed, 0xe4, 0x0e, 0x95, 0xff, 0x58, 0x00, 0x00, 0x00, 0x00, 0x00, 0x00,
    0x00, 0x00, 0x00, 0x00, 0x5e, 0xff, 0xb9, 0xfd, 0xb2, 0x00, 0x00, 0x00, 0x00, 0x00, 0x00, 0x00,
    0x00, 0x00, 0x00, 0x00, 0x00, 0xb8, 0xff, 0xf1, 0x1b, 0x00, 0x00, 0x00, 0x00, 0x00, 0x00, 0x00,
    0x00, 0x00, 0x00, 0x00, 0x00, 0x47, 0xff, 0x9b, 0x00, 0x00, 0x00, 0x00, 0x00, 0x00, 0x00, 0x00,
    0x00, 0x00, 0x00, 0x00, 0x00, 0x44, 0xff, 0x98, 0x00, 0x00, 0x00, 0x00, 0x00, 0x00, 0x00, 0x00,
    0x00, 0x00, 0x00, 0x00, 0x00, 0x44, 0xff, 0x98, 0x00, 0x00, 0x00, 0x00, 0x00, 0x00, 0x00, 0x00,
    0x00, 0x00, 0x00, 0x00, 0x00, 0x44, 0xff, 0x98, 0x00, 0x00, 0x00, 0x00, 0x00, 0x00, 0x00, 0x00,
    0x00, 0x00, 0x00, 0x00, 0x00, 0x44, 0xff, 0x98, 0x00, 0x00, 0x00, 0x00, 0x00, 0x00, 0x00, 0x00,
    0x00, 0x00, 0x00, 0x00, 0x00, 0x44, 0xff, 0x98, 0x00, 0x00, 0x00, 0x00, 0x00, 0x00, 0x00, 0x00,

    /* U+005A "Z" */
    0x00, 0xa8, 0xff, 0xff, 0xff, 0xff, 0xff, 0xff, 0xff, 0xff, 0xff, 0x24, 0x00, 0x00, 0x00, 0x00,
    0x00, 0x5e, 0x90, 0x90, 0x90, 0x90, 0x90, 0x90, 0xa0, 0xff, 0xee, 0x11, 0x00, 0x00, 0x00, 0x00,
    0x00, 0x00, 0x00, 0x00, 0x00, 0x00, 0x00, 0x01, 0xb1, 0xfe, 0x4d, 0x00, 0x00, 0x00, 0x00, 0x00,
    0x00, 0x00, 0x00, 0x00, 0x00, 0x00, 0x00, 0x76, 0xff, 0x89, 0x00, 0x00, 0x00, 0x00, 0x00, 0x00,
    0x00, 0x00, 0x00, 0x00, 0x00, 0x00, 0x3d, 0xfb, 0xc3, 0x04, 0x00, 0x00, 0x00, 0x00, 0x00, 0x00,
    0x00, 0x00, 0x00, 0x00, 0x00, 0x16, 0xe5, 0xea, 0x1a, 0x00, 0x00, 0x00, 0x00, 0x00, 0x00, 0x00,
    0x00, 0x00, 0x00, 0x00, 0x02, 0xbb, 0xfd, 0x44, 0x00, 0x00, 0x00, 0x00, 0x00, 0x00, 0x00, 0x00,
    0x00, 0x00, 0x00, 0x00, 0x81, 0xff, 0x7f, 0x00, 0x00, 0x00, 0x00, 0x00, 0x00, 0x00, 0x00, 0x00,
    0x00, 0x00, 0x00, 0x46, 0xfd, 0xbb, 0x02, 0x00, 0x00, 0x00, 0x00, 0x00, 0x00, 0x00, 0x00, 0x00,
    0x00, 0x00, 0x1c, 0xeb, 0xe5, 0x15, 0x00, 0x00, 0x00, 0x00, 0x00, 0x00, 0x00, 0x00, 0x00, 0x00,
    0x00, 0x04, 0xc5, 0xfb, 0x3c, 0x00, 0x00, 0x00, 0x00, 0x00, 0x00, 0x00, 0x00, 0x00, 0x00, 0x00,
    0x00, 0x8d, 0xff, 0x76, 0x00, 0x00, 0x00, 0x00, 0x00, 0x00, 0x00, 0x00, 0x00, 0x00, 0x00, 0x00,
    0x3d, 0xff, 0xf5, 0x91, 0x90, 0x90, 0x90, 0x90, 0x90, 0x90, 0x90, 0x55, 0x00, 0x00, 0x00, 0x00,
    0x5c, 0xff, 0xff, 0xff, 0xff, 0xff, 0xff, 0xff, 0xff, 0xff, 0xff, 0x98, 0x00, 0x00, 0x00, 0x00,

    /* U+0061 "a" */
    0x00, 0x00, 0x38, 0xae, 0xe4, 0xf8, 0xe0, 0xa3, 0x20, 0x00, 0x00, 0x00, 0x00, 0x00, 0x00, 0x00,
    0x00, 0x34, 0xf7, 0xe5, 0x7f, 0x66, 0x8a, 0xf3, 0xe9, 0x13, 0x00, 0x00, 0x00, 0x00, 0x00, 0x00,
    0x00, 0x66, 0xc6, 0x3f, 0x00, 0x00, 0x00, 0x6c, 0xff, 0x6c, 0x00, 0x00, 0x00, 0x00, 0x00, 0x00,
    0x00, 0x00, 0x00, 0x00, 0x00, 0x02, 0x04, 0x3f, 0xff, 0x8c, 0x00, 0x00, 0x00, 0x00, 0x00, 0x00,
    0x00, 0x02, 0x6a, 0xcb, 0xf5, 0xff, 0xff, 0xff, 0xff, 0x90, 0x00, 0x00, 0x00, 0x00, 0x00, 0x00,
    0x00, 0x89, 0xff, 0xc3, 0x57, 0x3a, 0x34, 0x60, 0xff, 0x90, 0x00, 0x00, 0x00, 0x00, 0x00, 0x00,
    0x08, 0xf7, 0xe3, 0x07, 0x00, 0x00, 0x00, 0x43, 0xff, 0x90, 0x00, 0x00, 0x00, 0x00, 0x00, 0x00,
    0x21, 0xff, 0xaf, 0x00, 0x00, 0x00, 0x00, 0x82, 0xff, 0x90, 0x00, 0x00, 0x00, 0x00, 0x00, 0x00,
    0x09, 0xfe, 0xce, 0x00, 0x00, 0x00, 0x29, 0xe0, 0xff, 0x98, 0x00, 0x00, 0x00, 0x00, 0x00, 0x00,
    0x00, 0xb2, 0xff, 0x98, 0x59, 0x84, 0xea, 0x44, 0xfa, 0xe3, 0x5b, 0x0c, 0x00, 0x00, 0x00, 0x00,
    0x00, 0x15, 0xa5, 0xea, 0xf3, 0xc0, 0x3d, 0x00, 0x7c, 0xf3, 0xe6, 0x18, 0x00, 0x00, 0x00, 0x00,

    /* U+0062 "b" */
    0xa8, 0xff, 0x1c, 0x00, 0x00, 0x00, 0x00, 0x00, 0x00, 0x00, 0x00, 0x00, 0x00, 0x00, 0x00, 0x00,
    0xa8, 0xff, 0x1c, 0x00, 0x00, 0x00, 0x00, 0x00, 0x00, 0x00, 0x00, 0x00, 0x00, 0x00, 0x00, 0x00,
    0xa8, 0xff, 0x1c, 0x00, 0x00, 0x00, 0x00, 0x00, 0x00, 0x00, 0x00, 0x00, 0x00, 0x00, 0x00, 0x00,
    0xa8, 0xff, 0x1c, 0x00, 0x00, 0x00, 0x00, 0x00, 0x00, 0x00, 0x00, 0x00, 0x00, 0x00, 0x00, 0x00,
    0xa8, 0xff, 0x22, 0x8d, 0xe5, 0xf9, 0xd8, 0x6a, 0x00, 0x00, 0x00, 0x00, 0x00, 0x00, 0x00, 0x00,
    0xa8, 0xff, 0xb2, 0xc4, 0x71, 0x82, 0xe5, 0xff, 0x64, 0x00, 0x00, 0x00, 0x00, 0x00, 0x00, 0x00,
    0xa8, 0xff, 0xc0, 0x02, 0x00, 0x00, 0x24, 0xfa, 0xde, 0x00, 0x00, 0x00, 0x00, 0x00, 0x00, 0x00,
    0xa8, 0xff, 0x58, 0x00, 0x00, 0x00, 0x00, 0xc0, 0xff, 0x1d, 0x00, 0x00, 0x00, 0x00, 0x00, 0x00,
    0xa8, 0xff, 0x2b, 0x00, 0x00, 0x00, 0x00, 0x9c, 0xff, 0x3c, 0x00, 0x00, 0x00, 0x00, 0x00, 0x00,
    0xa8, 0xff, 0x1e, 0x00, 0x00, 0x00, 0x00, 0x92, 0xff, 0x44, 0x00, 0x00, 0x00, 0x00, 0x00, 0x00,
    0xa8, 0xff, 0x27, 0x00, 0x00, 0x00, 0x00, 0x9c, 0xff, 0x3a, 0x00, 0x00, 0x00, 0x00, 0x00, 0x00,
    0xa8, 0xff, 0x4e, 0x00, 0x00, 0x00, 0x00, 0xbf, 0xff, 0x18, 0x00, 0x00, 0x00, 0x00, 0x00, 0x00,
    0xa8, 0xff, 0xb2, 0x01, 0x00, 0x00, 0x20, 0xf9, 0xd5, 0x00, 0x00, 0x00, 0x00, 0x00, 0x00, 0x00,
    0xa9, 0xff, 0xb8, 0xb9, 0x68, 0x73, 0xe0, 0xff, 0x58, 0x00, 0x00, 0x00, 0x00, 0x00, 0x00, 0x00,
    0xae, 0xff, 0x11, 0x8f, 0xe6, 0xf9, 0xd6, 0x60, 0x00, 0x00, 0x00, 0x00, 0x00, 0x00, 0x00, 0x00,

    /* U+0063 "c" */
    0x00, 0x00, 0x1e, 0xa2, 0xe9, 0xf7, 0xd5, 0x73, 0x05, 0x00, 0x00, 0x00, 0x00, 0x00, 0x00, 0x00,
    0x00, 0x19, 0xe6, 0xf6, 0x93, 0x73, 0xb3, 0xff, 0xa0, 0x00, 0x00, 0x00, 0x00, 0x00, 0x00, 0x00,
    0x00, 0x9b, 0xff, 0x46, 0x00, 0x00, 0x00, 0xb4, 0xff, 0x2c, 0x00, 0x00, 0x00, 0x00, 0x00, 0x00,
    0x00, 0xee, 0xe1, 0x00, 0x00, 0x00, 0x00, 0x22, 0x41, 0x14, 0x00, 0x00, 0x00, 0x00, 0x00, 0x00,
    0x18, 0xff, 0xbb, 0x00, 0x00, 0x00, 0x00, 0x00, 0x00, 0x00, 0x00, 0x00, 0x00, 0x00, 0x00, 0x00,
    0x24, 0xff, 0xb2, 0x00, 0x00, 0x00, 0x00, 0x00, 0x00, 0x00, 0x00, 0x00, 0x00, 0x00, 0x00, 0x00,
    0x18, 0xff, 0xbe, 0x00, 0x00, 0x00, 0x00, 0x00, 0x00, 0x00, 0x00, 0x00, 0x00, 0x00, 0x00, 0x00,
    0x00, 0xee, 0xe9, 0x01, 0x00, 0x00, 0x00, 0x27, 0x6c, 0x2b, 0x00, 0x00, 0x00, 0x00, 0x00, 0x00,
    0x00, 0x9d, 0xff, 0x58, 0x00, 0x00, 0x00, 0xa7, 0xff, 0x30, 0x00, 0x00, 0x00, 0x00, 0x00, 0x00,
    0x00, 0x1b, 0xe8, 0xf8, 0x94, 0x74, 0xb3, 0xff, 0xa1, 0x00, 0x00, 0x00, 0x00, 0x00, 0x00, 0x00,
    0x00, 0x00, 0x20, 0xa3, 0xe9, 0xf7, 0xd5, 0x74, 0x06, 0x00, 0x00, 0x00, 0x00, 0x00, 0x00, 0x00,

    /* U+0064 "d" */
    0x00, 0x00, 0x00, 0x00, 0x00, 0x00, 0x00, 0x00, 0xfc, 0xc8, 0x00, 0x00, 0x00, 0x00, 0x00, 0x00,
    0x00, 0x00, 0x00, 0x00, 0x00, 0x00, 0x00, 0x00, 0xfc, 0xc8, 0x00, 0x00, 0x00, 0x00, 0x00, 0x00,
    0x00, 0x00, 0x00, 0x00, 0x00, 0x00, 0x00, 0x00, 0xfc, 0xc8, 0x00, 0x00, 0x00, 0x00, 0x00, 0x00,
    0x00, 0x00, 0x00, 0x00, 0x00, 0x00, 0x00, 0x00, 0xfc, 0xc8, 0x00, 0x00, 0x00, 0x00, 0x00, 0x00,
    0x00, 0x00, 0x4b, 0xcd, 0xf7, 0xea, 0x9c, 0x10, 0xfb, 0xc8, 0x00, 0x00, 0x00, 0x00, 0x00, 0x00,
    0x00, 0x3c, 0xfc, 0xed, 0x7b, 0x65, 0xab, 0xc2, 0xfa, 0xc8, 0x00, 0x00, 0x00, 0x00, 0x00, 0x00,
    0x00, 0xb7, 0xff, 0x39, 0x00, 0x00, 0x00, 0x97, 0xff, 0xc8, 0x00, 0x00, 0x00, 0x00, 0x00, 0x00,
    0x02, 0xf6, 0xde, 0x00, 0x00, 0x00, 0x00, 0x2f, 0xff, 0xc8, 0x00, 0x00, 0x00, 0x00, 0x00, 0x00,
    0x1b, 0xff, 0xbb, 0x00, 0x00, 0x00, 0x00, 0x08, 0xff, 0xc8, 0x00, 0x00, 0x00, 0x00, 0x00, 0x00,
    0x25, 0xff, 0xb2, 0x00, 0x00, 0x00, 0x00, 0x00, 0xfe, 0xc8, 0x00, 0x00, 0x00, 0x00, 0x00, 0x00,
    0x1c, 0xff, 0xbb, 0x00, 0x00, 0x00, 0x00, 0x0d, 0xff, 0xc8, 0x00, 0x00, 0x00, 0x00, 0x00, 0x00,
    0x04, 0xf9, 0xde, 0x00, 0x00, 0x00, 0x00, 0x39, 0xff, 0xc8, 0x00, 0x00, 0x00, 0x00, 0x00, 0x00,
    0x00, 0xbf, 0xff, 0x3b, 0x00, 0x00, 0x00, 0xa6, 0xff, 0xc8, 0x00, 0x00, 0x00, 0x00, 0x00, 0x00,
    0x00, 0x49, 0xfe, 0xf0, 0x88, 0x6d, 0xb5, 0xbd, 0xee, 0xc8, 0x00, 0x00, 0x00, 0x00, 0x00, 0x00,
    0x00, 0x00, 0x57, 0xd2, 0xf9, 0xea, 0x9d, 0x10, 0xe2, 0xcd, 0x00, 0x00, 0x00, 0x00, 0x00, 0x00,

    /* U+0065 "e" */
    0x00, 0x00, 0x18, 0x97, 0xe2, 0xfa, 0xeb, 0xb0, 0x35, 0x00, 0x00, 0x00, 0x00, 0x00, 0x00, 0x00,
    0x00, 0x16, 0xe1, 0xf0, 0x85, 0x5d, 0x79, 0xe3, 0xf9, 0x3e, 0x00, 0x00, 0x00, 0x00, 0x00, 0x00,
    0x00, 0x98, 0xfc, 0x33, 0x00, 0x00, 0x00, 0x1d, 0xf2, 0xcb, 0x00, 0x00, 0x00, 0x00, 0x00, 0x00,
    0x00, 0xed, 0xd4, 0x18, 0x18, 0x18, 0x18, 0x18, 0xb8, 0xff, 0x14, 0x00, 0x00, 0x00, 0x00, 0x00,
    0x19, 0xff, 0xff, 0xff, 0xff, 0xff, 0xff, 0xff, 0xff, 0xff, 0x32, 0x00, 0x00, 0x00, 0x00, 0x00,
    0x24, 0xff, 0xcf, 0x48, 0x48, 0x48, 0x48, 0x48, 0x48, 0x48, 0x10, 0x00, 0x00, 0x00, 0x00, 0x00,
    0x17, 0xff, 0xd3, 0x00, 0x00, 0x00, 0x00, 0x00, 0x00, 0x00, 0x00, 0x00, 0x00, 0x00, 0x00, 0x00,
    0x00, 0xeb, 0xf8, 0x12, 0x00, 0x00, 0x00, 0x00, 0x15, 0x00, 0x00, 0x00, 0x00, 0x00, 0x00, 0x00,
    0x00, 0x96, 0xff, 0x7f, 0x00, 0x00, 0x00, 0x15, 0xe7, 0xb0, 0x00, 0x00, 0x00, 0x00, 0x00, 0x00,
    0x00, 0x16, 0xe1, 0xfd, 0x9b, 0x5f, 0x79, 0xe1, 0xf8, 0x43, 0x00, 0x00, 0x00, 0x00, 0x00, 0x00,
    0x00, 0x00, 0x18, 0x96, 0xe2, 0xfa, 0xe8, 0xb1, 0x38, 0x00, 0x00, 0x00, 0x00, 0x00, 0x00, 0x00,

    /* U+0066 "f" */
    0x00, 0x00, 0x5a, 0xde, 0xf8, 0x89, 0x00, 0x00, 0x00, 0x00, 0x00, 0x00, 0x00, 0x00, 0x00, 0x00,
    0x00, 0x0f, 0xf6, 0xee, 0x78, 0x45, 0x00, 0x00, 0x00, 0x00, 0x00, 0x00, 0x00, 0x00, 0x00, 0x00,
    0x00, 0x32, 0xff, 0x97, 0x00, 0x00, 0x00, 0x00, 0x00, 0x00, 0x00, 0x00, 0x00, 0x00, 0x00, 0x00,
    0x00, 0x3c, 0xff, 0x88, 0x00, 0x00, 0x00, 0x00, 0x00, 0x00, 0x00, 0x00, 0x00, 0x00, 0x00, 0x00,
    0xb8, 0xff, 0xff, 0xff, 0xff, 0x98, 0x00, 0x00, 0x00, 0x00, 0x00, 0x00, 0x00, 0x00, 0x00, 0x00,
    0x39, 0x79, 0xff, 0xad, 0x50, 0x2f, 0x00, 0x00, 0x00, 0x00, 0x00, 0x00, 0x00, 0x00, 0x00, 0x00,
    0x00, 0x3c, 0xff, 0x88, 0x00, 0x00, 0x00, 0x00, 0x00, 0x00, 0x00, 0x00, 0x00, 0x00, 0x00, 0x00,
    0x00, 0x3c, 0xff, 0x88, 0x00, 0x00, 0x00, 0x00, 0x00, 0x00, 0x00, 0x00, 0x00, 0x00, 0x00, 0x00,
    0x00, 0x3c, 0xff, 0x88, 0x00, 0x00, 0x00, 0x00, 0x00, 0x00, 0x00, 0x00, 0x00, 0x00, 0x00, 0x00,
    0x00, 0x3c, 0xff, 0x88, 0x00, 0x00, 0x00, 0x00, 0x00, 0x00, 0x00, 0x00, 0x00, 0x00, 0x00, 0x00,
    0x00, 0x3c, 0xff, 0x88, 0x00, 0x00, 0x00, 0x00, 0x00, 0x00, 0x00, 0x00, 0x00, 0x00, 0x00, 0x00,
    0x00, 0x3c, 0xff, 0x88, 0x00, 0x00, 0x00, 0x00, 0x00, 0x00, 0x00, 0x00, 0x00, 0x00, 0x00, 0x00,
    0x00, 0x3c, 0xff, 0x88, 0x00, 0x00, 0x00, 0x00, 0x00, 0x00, 0x00, 0x00, 0x00, 0x00, 0x00, 0x00,
    0x00, 0x3c, 0xff, 0x88, 0x00, 0x00, 0x00, 0x00, 0x00, 0x00, 0x00, 0x00, 0x00, 0x00, 0x00, 0x00,
    0x00, 0x3c, 0xff, 0x88, 0x00, 0x00, 0x00, 0x00, 0x00, 0x00, 0x00, 0x00, 0x00, 0x00, 0x00, 0x00,

    /* U+0067 "g" */
    0x00, 0x00, 0x4c, 0xcb, 0xf7, 0xe8, 0x91, 0x09, 0xe4, 0xcd, 0x00, 0x00, 0x00, 0x00, 0x00, 0x00,
    0x00, 0x40, 0xfd, 0xef, 0x80, 0x65, 0xc0, 0xb1, 0xf1, 0xc8, 0x00, 0x00, 0x00, 0x00, 0x00, 0x00,
    0x00, 0xba, 0xff, 0x38, 0x00, 0x00, 0x04, 0xc1, 0xff, 0xc8, 0x00, 0x00, 0x00, 0x00, 0x00, 0x00,
    0x02, 0xf7, 0xd9, 0x00, 0x00, 0x00, 0x00, 0x49, 0xff, 0xc8, 0x00, 0x00, 0x00, 0x00, 0x00, 0x00,
    0x1b, 0xff, 0xb4, 0x00, 0x00, 0x00, 0x00, 0x0e, 0xff, 0xc8, 0x00, 0x00, 0x00, 0x00, 0x00, 0x00,
    0x25, 0xff, 0xa9, 0x00, 0x00, 0x00, 0x00, 0x00, 0xfc, 0xc8, 0x00, 0x00, 0x00, 0x00, 0x00, 0x00,
    0x1e, 0xff, 0xb2, 0x00, 0x00, 0x00, 0x00, 0x0c, 0xff, 0xc8, 0x00, 0x00, 0x00, 0x00, 0x00, 0x00,
    0x06, 0xfc, 0xd3, 0x00, 0x00, 0x00, 0x00, 0x45, 0xff, 0xc8, 0x00, 0x00, 0x00, 0x00, 0x00, 0x00,
    0x00, 0xc8, 0xfe, 0x2b, 0x00, 0x00, 0x03, 0xbe, 0xff, 0xc8, 0x00, 0x00, 0x00, 0x00, 0x00, 0x00,
    0x00, 0x57, 0xff, 0xe7, 0x77, 0x62, 0xbf, 0xa0, 0xf8, 0xc8, 0x00, 0x00, 0x00, 0x00, 0x00, 0x00,
    0x00, 0x00, 0x65, 0xd9, 0xf9, 0xe1, 0x83, 0x05, 0xfa, 0xc5, 0x00, 0x00, 0x00, 0x00, 0x00, 0x00,
    0x00, 0x00, 0x00, 0x00, 0x00, 0x00, 0x00, 0x14, 0xff, 0xb1, 0x00, 0x00, 0x00, 0x00, 0x00, 0x00,
    0x00, 0x61, 0xc0, 0x33, 0x00, 0x00, 0x00, 0x6f, 0xff, 0x75, 0x00, 0x00, 0x00, 0x00, 0x00, 0x00,
    0x00, 0x37, 0xf8, 0xe7, 0x7e, 0x65, 0x96, 0xfc, 0xe0, 0x10, 0x00, 0x00, 0x00, 0x00, 0x00, 0x00,
    0x00, 0x00, 0x3c, 0xb5, 0xe9, 0xfa, 0xe4, 0x9c, 0x1a, 0x00, 0x00, 0x00, 0x00, 0x00, 0x00, 0x00,

    /* U+0068 "h" */
    0x9c, 0xff, 0x24, 0x00, 0x00, 0x00, 0x00, 0x00, 0x00, 0x00, 0x00, 0x00, 0x00, 0x00, 0x00, 0x00,
    0x9c, 0xff, 0x24, 0x00, 0x00, 0x00, 0x00, 0x00, 0x00, 0x00, 0x00, 0x00, 0x00, 0x00, 0x00, 0x00,
    0x9c, 0xff, 0x24, 0x00, 0x00, 0x00, 0x00, 0x00, 0x00, 0x00, 0x00, 0x00, 0x00, 0x00, 0x00, 0x00,
    0x9c, 0xff, 0x24, 0x00, 0x00, 0x00, 0x00, 0x00, 0x00, 0x00, 0x00, 0x00, 0x00, 0x00, 0x00, 0x00,
    0x9c, 0xff, 0x22, 0x79, 0xdf, 0xf7, 0xd9, 0x70, 0x01, 0x00, 0x00, 0x00, 0x00, 0x00, 0x00, 0x00,
    0x9c, 0xff, 0xa1, 0xcc, 0x77, 0x77, 0xdd, 0xff, 0x61, 0x00, 0x00, 0x00, 0x00, 0x00, 0x00, 0x00,
    0x9c, 0xff, 0xc3, 0x05, 0x00, 0x00, 0x2f, 0xff, 0xb4, 0x00, 0x00, 0x00, 0x00, 0x00, 0x00, 0x00,
    0x9c, 0xff, 0x50, 0x00, 0x00, 0x00, 0x00, 0xf9, 0xcf, 0x00, 0x00, 0x00, 0x00, 0x00, 0x00, 0x00,
    0x9c, 0xff, 0x2b, 0x00, 0x00, 0x00, 0x00, 0xf0, 0xd4, 0x00, 0x00, 0x00, 0x00, 0x00, 0x00, 0x00,
    0x9c, 0xff, 0x24, 0x00, 0x00, 0x00, 0x00, 0xf0, 0xd4, 0x00, 0x00, 0x00, 0x00, 0x00, 0x00, 0x00,
    0x9c, 0xff, 0x24, 0x00, 0x00, 0x00, 0x00, 0xf0, 0xd4, 0x00, 0x00, 0x00, 0x00, 0x00, 0x00, 0x00,
    0x9c, 0xff, 0x24, 0x00, 0x00, 0x00, 0x00, 0xf0, 0xd4, 0x00, 0x00, 0x00, 0x00, 0x00, 0x00, 0x00,
    0x9c, 0xff, 0x24, 0x00, 0x00, 0x00, 0x00, 0xf0, 0xd4, 0x00, 0x00, 0x00, 0x00, 0x00, 0x00, 0x00,
    0x9c, 0xff, 0x24, 0x00, 0x00, 0x00, 0x00, 0xf0, 0xd4, 0x00, 0x00, 0x00, 0x00, 0x00, 0x00, 0x00,
    0x9c, 0xff, 0x24, 0x00, 0x00, 0x00, 0x00, 0xf0, 0xd4, 0x00, 0x00, 0x00, 0x00, 0x00, 0x00, 0x00,

    /* U+0069 "i" */
    0xa8, 0xff, 0x18, 0x00, 0x00, 0x00, 0x00, 0x00, 0x00, 0x00, 0x00, 0x00, 0x00, 0x00, 0x00, 0x00,
    0x78, 0xb8, 0x11, 0x00, 0x00, 0x00, 0x00, 0x00, 0x00, 0x00, 0x00, 0x00, 0x00, 0x00, 0x00, 0x00,
    0x00, 0x00, 0x00, 0x00, 0x00, 0x00, 0x00, 0x00, 0x00, 0x00, 0x00, 0x00, 0x00, 0x00, 0x00, 0x00,
    0x00, 0x00, 0x00, 0x00, 0x00, 0x00, 0x00, 0x00, 0x00, 0x00, 0x00, 0x00, 0x00, 0x00, 0x00, 0x00,
    0xa8, 0xff, 0x18, 0x00, 0x00, 0x00, 0x00, 0x00, 0x00, 0x00, 0x00, 0x00, 0x00, 0x00, 0x00, 0x00,
    0xa8, 0xff, 0x18, 0x00, 0x00, 0x00, 0x00, 0x00, 0x00, 0x00, 0x00, 0x00, 0x00, 0x00, 0x00, 0x00,
    0xa8, 0xff, 0x18, 0x00, 0x00, 0x00, 0x00, 0x00, 0x00, 0x00, 0x00, 0x00, 0x00, 0x00, 0x00, 0x00,
    0xa8, 0xff, 0x18, 0x00, 0x00, 0x00, 0x00, 0x00, 0x00, 0x00, 0x00, 0x00, 0x00, 0x00, 0x00, 0x00,
    0xa8, 0xff, 0x18, 0x00, 0x00, 0x00, 0x00, 0x00, 0x00, 0x00, 0x00, 0x00, 0x00, 0x00, 0x00, 0x00,
    0xa8, 0xff, 0x18, 0x00, 0x00, 0x00, 0x00, 0x00, 0x00, 0x00, 0x00, 0x00, 0x00, 0x00, 0x00, 0x00,
    0xa8, 0xff, 0x18, 0x00, 0x00, 0x00, 0x00, 0x00, 0x00, 0x00, 0x00, 0x00, 0x00, 0x00, 0x00, 0x00,
    0xa8, 0xff, 0x18, 0x00, 0x00, 0x00, 0x00, 0x00, 0x00, 0x00, 0x00, 0x00, 0x00, 0x00, 0x00, 0x00,
    0xa8, 0xff, 0x18, 0x00, 0x00, 0x00, 0x00, 0x00, 0x00, 0x00, 0x00, 0x00, 0x00, 0x00, 0x00, 0x00,
    0xa8, 0xff, 0x18, 0x00, 0x00, 0x00, 0x00, 0x00, 0x00, 0x00, 0x00, 0x00, 0x00, 0x00, 0x00, 0x00,
    0xa8, 0xff, 0x18, 0x00, 0x00, 0x00, 0x00, 0x00, 0x00, 0x00, 0x00, 0x00, 0x00, 0x00, 0x00, 0x00,

    /* U+006A "j" */
    0x00, 0x00, 0xa8, 0xff, 0x18, 0x00, 0x00, 0x00, 0x00, 0x00, 0x00, 0x00, 0x00, 0x00, 0x00, 0x00,
    0x00, 0x00, 0x78, 0xb8, 0x11, 0x00, 0x00, 0x00, 0x00, 0x00, 0x00, 0x00, 0x00, 0x00, 0x00, 0x00,
    0x00, 0x00, 0x00, 0x00, 0x00, 0x00, 0x00, 0x00, 0x00, 0x00, 0x00, 0x00, 0x00, 0x00, 0x00, 0x00,
    0x00, 0x00, 0x00, 0x00, 0x00, 0x00, 0x00, 0x00, 0x00, 0x00, 0x00, 0x00, 0x00, 0x00, 0x00, 0x00,
    0x00, 0x00, 0xa8, 0xff, 0x18, 0x00, 0x00, 0x00, 0x00, 0x00, 0x00, 0x00, 0x00, 0x00, 0x00, 0x00,
    0x00, 0x00, 0xa8, 0xff, 0x18, 0x00, 0x00, 0x00, 0x00, 0x00, 0x00, 0x00, 0x00, 0x00, 0x00, 0x00,
    0x00, 0x00, 0xa8, 0xff, 0x18, 0x00, 0x00, 0x00, 0x00, 0x00, 0x00, 0x00, 0x00, 0x00, 0x00, 0x00,
    0x00, 0x00, 0xa8, 0xff, 0x18, 0x00, 0x00, 0x00, 0x00, 0x00, 0x00, 0x00, 0x00, 0x00, 0x00, 0x00,
    0x00, 0x00, 0xa8, 0xff, 0x18, 0x00, 0x00, 0x00, 0x00, 0x00, 0x00, 0x00, 0x00, 0x00, 0x00, 0x00,
    0x00, 0x00, 0xa8, 0xff, 0x18, 0x00, 0x00, 0x00, 0x00, 0x00, 0x00, 0x00, 0x00, 0x00, 0x00, 0x00,
    0x00, 0x00, 0xa8, 0xff, 0x18, 0x00, 0x00, 0x00, 0x00, 0x00, 0x00, 0x00, 0x00, 0x00, 0x00, 0x00,
    0x00, 0x00, 0xa8, 0xff, 0x18, 0x00, 0x00, 0x00, 0x00, 0x00, 0x00, 0x00, 0x00, 0x00, 0x00, 0x00,
    0x00, 0x00, 0xa8, 0xff, 0x18, 0x00, 0x00, 0x00, 0x00, 0x00, 0x00, 0x00, 0x00, 0x00, 0x00, 0x00,
    0x00, 0x00, 0xa8, 0xff, 0x18, 0x00, 0x00, 0x00, 0x00, 0x00, 0x00, 0x00, 0x00, 0x00, 0x00, 0x00,
    0x00, 0x00, 0xa8, 0xff, 0x18, 0x00, 0x00, 0x00, 0x00, 0x00, 0x00, 0x00, 0x00, 0x00, 0x00, 0x00,
    0x00, 0x00, 0xa8, 0xff, 0x18, 0x00, 0x00, 0x00, 0x00, 0x00, 0x00, 0x00, 0x00, 0x00, 0x00, 0x00,
    0x00, 0x00, 0xb9, 0xff, 0x0c, 0x00, 0x00, 0x00, 0x00, 0x00, 0x00, 0x00, 0x00, 0x00, 0x00, 0x00,
    0x36, 0x7e, 0xf9, 0xde, 0x00, 0x00, 0x00, 0x00, 0x00, 0x00, 0x00, 0x00, 0x00, 0x00, 0x00, 0x00,
    0x74, 0xfc, 0xdc, 0x44, 0x00, 0x00, 0x00, 0x00, 0x00, 0x00, 0x00, 0x00, 0x00, 0x00, 0x00, 0x00,

    /* U+006B "k" */
    0xa8, 0xff, 0x1c, 0x00, 0x00, 0x00, 0x00, 0x00, 0x00, 0x00, 0x00, 0x00, 0x00, 0x00, 0x00, 0x00,
    0xa8, 0xff, 0x1c, 0x00, 0x00, 0x00, 0x00, 0x00, 0x00, 0x00, 0x00, 0x00, 0x00, 0x00, 0x00, 0x00,
    0xa8, 0xff, 0x1c, 0x00, 0x00, 0x00, 0x00, 0x00, 0x00, 0x00, 0x00, 0x00, 0x00, 0x00, 0x00, 0x00,
    0xa8, 0xff, 0x1c, 0x00, 0x00, 0x00, 0x00, 0x00, 0x00, 0x00, 0x00, 0x00, 0x00, 0x00, 0x00, 0x00,
    0xa8, 0xff, 0x1c, 0x00, 0x00, 0x02, 0xad, 0xfe, 0x5c, 0x00, 0x00, 0x00, 0x00, 0x00, 0x00, 0x00,
    0xa8, 0xff, 0x1c, 0x00, 0x00, 0x8e, 0xff, 0x73, 0x00, 0x00, 0x00, 0x00, 0x00, 0x00, 0x00, 0x00,
    0xa8, 0xff, 0x1c, 0x00, 0x6b, 0xff, 0x8a, 0x00, 0x00, 0x00, 0x00, 0x00, 0x00, 0x00, 0x00, 0x00,
    0xa8, 0xff, 0x1c, 0x4d, 0xfc, 0xa1, 0x01, 0x00, 0x00, 0x00, 0x00, 0x00, 0x00, 0x00, 0x00, 0x00,
    0xa8, 0xff, 0x4f, 0xf4, 0xc4, 0x04, 0x00, 0x00, 0x00, 0x00, 0x00, 0x00, 0x00, 0x00, 0x00, 0x00,
    0xa8, 0xff, 0xf2, 0xff, 0xf0, 0x20, 0x00, 0x00, 0x00, 0x00, 0x00, 0x00, 0x00, 0x00, 0x00, 0x00,
    0xa8, 0xff, 0xba, 0x4f, 0xfd, 0xc5, 0x03, 0x00, 0x00, 0x00, 0x00, 0x00, 0x00, 0x00, 0x00, 0x00,
    0xa8, 0xff, 0x1c, 0x00, 0x87, 0xff, 0x82, 0x00, 0x00, 0x00, 0x00, 0x00, 0x00, 0x00, 0x00, 0x00,
    0xa8, 0xff, 0x1c, 0x00, 0x05, 0xcb, 0xfc, 0x3d, 0x00, 0x00, 0x00, 0x00, 0x00, 0x00, 0x00, 0x00,
    0xa8, 0xff, 0x1c, 0x00, 0x00, 0x26, 0xf4, 0xe2, 0x10, 0x00, 0x00, 0x00, 0x00, 0x00, 0x00, 0x00,
    0xa8, 0xff, 0x1c, 0x00, 0x00, 0x00, 0x63, 0xff, 0xab, 0x00, 0x00, 0x00, 0x00, 0x00, 0x00, 0x00,

    /* U+006C "l" */
    0xa8, 0xff, 0x1c, 0x00, 0x00, 0x00, 0x00, 0x00, 0x00, 0x00, 0x00, 0x00, 0x00, 0x00, 0x00, 0x00,
    0xa8, 0xff, 0x1c, 0x00, 0x00, 0x00, 0x00, 0x00, 0x00, 0x00, 0x00, 0x00, 0x00, 0x00, 0x00, 0x00,
    0xa8, 0xff, 0x1c, 0x00, 0x00, 0x00, 0x00, 0x00, 0x00, 0x00, 0x00, 0x00, 0x00, 0x00, 0x00, 0x00,
    0xa8, 0xff, 0x1c, 0x00, 0x00, 0x00, 0x00, 0x00, 0x00, 0x00, 0x00, 0x00, 0x00, 0x00, 0x00, 0x00,
    0xa8, 0xff, 0x1c, 0x00, 0x00, 0x00, 0x00, 0x00, 0x00, 0x00, 0x00, 0x00, 0x00, 0x00, 0x00, 0x00,
    0xa8, 0xff, 0x1c, 0x00, 0x00, 0x00, 0x00, 0x00, 0x00, 0x00, 0x00, 0x00, 0x00, 0x00, 0x00, 0x00,
    0xa8, 0xff, 0x1c, 0x00, 0x00, 0x00, 0x00, 0x00, 0x00, 0x00, 0x00, 0x00, 0x00, 0x00, 0x00, 0x00,
    0xa8, 0xff, 0x1c, 0x00, 0x00, 0x00, 0x00, 0x00, 0x00, 0x00, 0x00, 0x00, 0x00, 0x00, 0x00, 0x00,
    0xa8, 0xff, 0x1c, 0x00, 0x00, 0x00, 0x00, 0x00, 0x00, 0x00, 0x00, 0x00, 0x00, 0x00, 0x00, 0x00,
    0xa8, 0xff, 0x1c, 0x00, 0x00, 0x00, 0x00, 0x00, 0x00, 0x00, 0x00, 0x00, 0x00, 0x00, 0x00, 0x00,
    0xa8, 0xff, 0x1c, 0x00, 0x00, 0x00, 0x00, 0x00, 0x00, 0x00, 0x00, 0x00, 0x00, 0x00, 0x00, 0x00,
    0xa8, 0xff, 0x1c, 0x00, 0x00, 0x00, 0x00, 0x00, 0x00, 0x00, 0x00, 0x00, 0x00, 0x00, 0x00, 0x00,
    0xa8, 0xff, 0x1c, 0x00, 0x00, 0x00, 0x00, 0x00, 0x00, 0x00, 0x00, 0x00, 0x00, 0x00, 0x00, 0x00,
    0xa8, 0xff, 0x1c, 0x00, 0x00, 0x00, 0x00, 0x00, 0x00, 0x00, 0x00, 0x00, 0x00, 0x00, 0x00, 0x00,
    0xa8, 0xff, 0x1c, 0x00, 0x00, 0x00, 0x00, 0x00, 0x00, 0x00, 0x00, 0x00, 0x00, 0x00, 0x00, 0x00,

    /* U+006D "m" */
    0xa4, 0xff, 0x0e, 0x96, 0xeb, 0xf6, 0xc6, 0x32, 0x09, 0x90, 0xe7, 0xf4, 0xc5, 0x33, 0x00, 0x00,
    0x9d, 0xff, 0xb3, 0x85, 0x3d, 0x6d, 0xfa, 0xdf, 0xab, 0x94, 0x3f, 0x61, 0xf1, 0xe9, 0x06, 0x00,
    0x9c, 0xff, 0x98, 0x00, 0x00, 0x00, 0xaf, 0xff, 0xb0, 0x00, 0x00, 0x00, 0x93, 0xff, 0x3b, 0x00,
    0x9c, 0xff, 0x44, 0x00, 0x00, 0x00, 0x8b, 0xff, 0x5c, 0x00, 0x00, 0x00, 0x6f, 0xff, 0x53, 0x00,
    0x9c, 0xff, 0x29, 0x00, 0x00, 0x00, 0x80, 0xff, 0x41, 0x00, 0x00, 0x00, 0x64, 0xff, 0x58, 0x00,
    0x9c, 0xff, 0x24, 0x00, 0x00, 0x00, 0x80, 0xff, 0x3c, 0x00, 0x00, 0x00, 0x64, 0xff, 0x58, 0x00,
    0x9c, 0xff, 0x24, 0x00, 0x00, 0x00, 0x80, 0xff, 0x3c, 0x00, 0x00, 0x00, 0x64, 0xff, 0x58, 0x00,
    0x9c, 0xff, 0x24, 0x00, 0x00, 0x00, 0x80, 0xff, 0x3c, 0x00, 0x00, 0x00, 0x64, 0xff, 0x58, 0x00,
    0x9c, 0xff, 0x24, 0x00, 0x00, 0x00, 0x80, 0xff, 0x3c, 0x00, 0x00, 0x00, 0x64, 0xff, 0x58, 0x00,
    0x9c, 0xff, 0x24, 0x00, 0x00, 0x00, 0x80, 0xff, 0x3c, 0x00, 0x00, 0x00, 0x64, 0xff, 0x58, 0x00,
    0x9c, 0xff, 0x24, 0x00, 0x00, 0x00, 0x80, 0xff, 0x3c, 0x00, 0x00, 0x00, 0x64, 0xff, 0x58, 0x00,

    /* U+006E "n" */
    0xa4, 0xff, 0x09, 0x83, 0xe1, 0xf7, 0xd8, 0x70, 0x01, 0x00, 0x00, 0x00, 0x00, 0x00, 0x00, 0x00,
    0x9d, 0xff, 0xae, 0x9f, 0x43, 0x42, 0xbc, 0xff, 0x62, 0x00, 0x00, 0x00, 0x00, 0x00, 0x00, 0x00,
    0x9c, 0xff, 0xab, 0x00, 0x00, 0x00, 0x21, 0xff, 0xb4, 0x00, 0x00, 0x00, 0x00, 0x00, 0x00, 0x00,
    0x9c, 0xff, 0x49, 0x00, 0x00, 0x00, 0x00, 0xf7, 0xcf, 0x00, 0x00, 0x00, 0x00, 0x00, 0x00, 0x00,
    0x9c, 0xff, 0x2a, 0x00, 0x00, 0x00, 0x00, 0xf0, 0xd4, 0x00, 0x00, 0x00, 0x00, 0x00, 0x00, 0x00,
    0x9c, 0xff, 0x24, 0x00, 0x00, 0x00, 0x00, 0xf0, 0xd4, 0x00, 0x00, 0x00, 0x00, 0x00, 0x00, 0x00,
    0x9c, 0xff, 0x24, 0x00, 0x00, 0x00, 0x00, 0xf0, 0xd4, 0x00, 0x00, 0x00, 0x00, 0x00, 0x00, 0x00,
    0x9c, 0xff, 0x24, 0x00, 0x00, 0x00, 0x00, 0xf0, 0xd4, 0x00, 0x00, 0x00, 0x00, 0x00, 0x00, 0x00,
    0x9c, 0xff, 0x24, 0x00, 0x00, 0x00, 0x00, 0xf0, 0xd4, 0x00, 0x00, 0x00, 0x00, 0x00, 0x00, 0x00,
    0x9c, 0xff, 0x24, 0x00, 0x00, 0x00, 0x00, 0xf0, 0xd4, 0x00, 0x00, 0x00, 0x00, 0x00, 0x00, 0x00,
    0x9c, 0xff, 0x24, 0x00, 0x00, 0x00, 0x00, 0xf0, 0xd4, 0x00, 0x00, 0x00, 0x00, 0x00, 0x00, 0x00,

    /* U+006F "o" */
    0x00, 0x00, 0x1f, 0x9f, 0xe5, 0xfa, 0xeb, 0xb2, 0x36, 0x00, 0x00, 0x00, 0x00, 0x00, 0x00, 0x00,
    0x00, 0x1d, 0xe9, 0xf4, 0x87, 0x5c, 0x80, 0xee, 0xf9, 0x3d, 0x00, 0x00, 0x00, 0x00, 0x00, 0x00,
    0x00, 0xa0, 0xff, 0x50, 0x00, 0x00, 0x00, 0x2e, 0xfc, 0xc8, 0x00, 0x00, 0x00, 0x00, 0x00, 0x00,
    0x01, 0xf0, 0xe7, 0x01, 0x00, 0x00, 0x00, 0x00, 0xc5, 0xff, 0x14, 0x00, 0x00, 0x00, 0x00, 0x00,
    0x19, 0xff, 0xbd, 0x00, 0x00, 0x00, 0x00, 0x00, 0x9e, 0xff, 0x38, 0x00, 0x00, 0x00, 0x00, 0x00,
    0x24, 0xff, 0xb2, 0x00, 0x00, 0x00, 0x00, 0x00, 0x93, 0xff, 0x44, 0x00, 0x00, 0x00, 0x00, 0x00,
    0x18, 0xff, 0xbe, 0x00, 0x00, 0x00, 0x00, 0x00, 0x9e, 0xff, 0x37, 0x00, 0x00, 0x00, 0x00, 0x00,
    0x00, 0xed, 0xe8, 0x01, 0x00, 0x00, 0x00, 0x00, 0xc9, 0xfe, 0x10, 0x00, 0x00, 0x00, 0x00, 0x00,
    0x00, 0x9b, 0xff, 0x51, 0x00, 0x00, 0x00, 0x32, 0xfe, 0xbc, 0x00, 0x00, 0x00, 0x00, 0x00, 0x00,
    0x00, 0x1a, 0xe6, 0xf4, 0x83, 0x59, 0x7b, 0xeb, 0xf2, 0x2e, 0x00, 0x00, 0x00, 0x00, 0x00, 0x00,
    0x00, 0x00, 0x1d, 0x9e, 0xe6, 0xfb, 0xe9, 0xa7, 0x29, 0x00, 0x00, 0x00, 0x00, 0x00, 0x00, 0x00,

    /* U+0070 "p" */
    0xae, 0xff, 0x16, 0x99, 0xe8, 0xf9, 0xd8, 0x69, 0x00, 0x00, 0x00, 0x00, 0x00, 0x00, 0x00, 0x00,
    0xa9, 0xff, 0xc7, 0x98, 0x42, 0x52, 0xcb, 0xff, 0x65, 0x00, 0x00, 0x00, 0x00, 0x00, 0x00, 0x00,
    0xa8, 0xff, 0xab, 0x00, 0x00, 0x00, 0x11, 0xf4, 0xdf, 0x00, 0x00, 0x00, 0x00, 0x00, 0x00, 0x00,
    0xa8, 0xff, 0x50, 0x00, 0x00, 0x00, 0x00, 0xb8, 0xff, 0x1d, 0x00, 0x00, 0x00, 0x00, 0x00, 0x00,
    0xa8, 0xff, 0x2a, 0x00, 0x00, 0x00, 0x00, 0x99, 0xff, 0x3c, 0x00, 0x00, 0x00, 0x00, 0x00, 0x00,
    0xa8, 0xff, 0x1e, 0x00, 0x00, 0x00, 0x00, 0x92, 0xff, 0x44, 0x00, 0x00, 0x00, 0x00, 0x00, 0x00,
    0xa8, 0xff, 0x28, 0x00, 0x00, 0x00, 0x00, 0x9d, 0xff, 0x39, 0x00, 0x00, 0x00, 0x00, 0x00, 0x00,
    0xa8, 0xff, 0x50, 0x00, 0x00, 0x00, 0x00, 0xc2, 0xff, 0x18, 0x00, 0x00, 0x00, 0x00, 0x00, 0x00,
    0xa8, 0xff, 0xb4, 0x02, 0x00, 0x00, 0x23, 0xfa, 0xd4, 0x00, 0x00, 0x00, 0x00, 0x00, 0x00, 0x00,
    0xa8, 0xff, 0xbd, 0xbb, 0x69, 0x73, 0xe1, 0xff, 0x57, 0x00, 0x00, 0x00, 0x00, 0x00, 0x00, 0x00,
    0xa8, 0xff, 0x25, 0x90, 0xe5, 0xf9, 0xd6, 0x5f, 0x00, 0x00, 0x00, 0x00, 0x00, 0x00, 0x00, 0x00,
    0xa8, 0xff, 0x1c, 0x00, 0x00, 0x00, 0x00, 0x00, 0x00, 0x00, 0x00, 0x00, 0x00, 0x00, 0x00, 0x00,
    0xa8, 0xff, 0x1c, 0x00, 0x00, 0x00, 0x00, 0x00, 0x00, 0x00, 0x00, 0x00, 0x00, 0x00, 0x00, 0x00,
    0xa8, 0xff, 0x1c, 0x00, 0x00, 0x00, 0x00, 0x00, 0x00, 0x00, 0x00, 0x00, 0x00, 0x00, 0x00, 0x00,
    0xa8, 0xff, 0x1c, 0x00, 0x00, 0x00, 0x00, 0x00, 0x00, 0x00, 0x00, 0x00, 0x00, 0x00, 0x00, 0x00,

    /* U+0071 "q" */
    0x00, 0x00, 0x4b, 0xcd, 0xf8, 0xea, 0x9e, 0x10, 0xe9, 0xd0, 0x00, 0x00, 0x00, 0x00, 0x00, 0x00,
    0x00, 0x3c, 0xfc, 0xed, 0x7b, 0x65, 0xad, 0xc0, 0xf7, 0xca, 0x00, 0x00, 0x00, 0x00, 0x00, 0x00,
    0x00, 0xb7, 0xff, 0x38, 0x00, 0x00, 0x00, 0x9a, 0xff, 0xc8, 0x00, 0x00, 0x00, 0x00, 0x00, 0x00,
    0x02, 0xf6, 0xde, 0x00, 0x00, 0x00, 0x00, 0x31, 0xff, 0xc8, 0x00, 0x00, 0x00, 0x00, 0x00, 0x00,
    0x1b, 0xff, 0xbb, 0x00, 0x00, 0x00, 0x00, 0x08, 0xff, 0xc8, 0x00, 0x00, 0x00, 0x00, 0x00, 0x00,
    0x25, 0xff, 0xb2, 0x00, 0x00, 0x00, 0x00, 0x00, 0xfe, 0xc8, 0x00, 0x00, 0x00, 0x00, 0x00, 0x00,
    0x1c, 0xff, 0xbb, 0x00, 0x00, 0x00, 0x00, 0x0d, 0xff, 0xc8, 0x00, 0x00, 0x00, 0x00, 0x00, 0x00,
    0x03, 0xf9, 0xdf, 0x00, 0x00, 0x00, 0x00, 0x3c, 0xff, 0xc8, 0x00, 0x00, 0x00, 0x00, 0x00, 0x00,
    0x00, 0xbe, 0xff, 0x3e, 0x00, 0x00, 0x00, 0xaa, 0xff, 0xc8, 0x00, 0x00, 0x00, 0x00, 0x00, 0x00,
    0x00, 0x46, 0xfe, 0xf1, 0x88, 0x6d, 0xb7, 0xba, 0xf4, 0xc8, 0x00, 0x00, 0x00, 0x00, 0x00, 0x00,
    0x00, 0x00, 0x55, 0xd1, 0xf9, 0xeb, 0x9f, 0x0f, 0xfa, 0xc8, 0x00, 0x00, 0x00, 0x00, 0x00, 0x00,
    0x00, 0x00, 0x00, 0x00, 0x00, 0x00, 0x00, 0x00, 0xfc, 0xc8, 0x00, 0x00, 0x00, 0x00, 0x00, 0x00,
    0x00, 0x00, 0x00, 0x00, 0x00, 0x00, 0x00, 0x00, 0xfc, 0xc8, 0x00, 0x00, 0x00, 0x00, 0x00, 0x00,
    0x00, 0x00, 0x00, 0x00, 0x00, 0x00, 0x00, 0x00, 0xfc, 0xc8, 0x00, 0x00, 0x00, 0x00, 0x00, 0x00,
    0x00, 0x00, 0x00, 0x00, 0x00, 0x00, 0x00, 0x00, 0xfc, 0xc8, 0x00, 0x00, 0x00, 0x00, 0x00, 0x00,

    /* U+0072 "r" */
    0x00, 0x00, 0x00, 0x00, 0x02, 0x06, 0x00, 0x00, 0x00, 0x00, 0x00, 0x00, 0x00, 0x00, 0x00, 0x00,
    0xa9, 0xfe, 0x13, 0xbd, 0xf9, 0x54, 0x00, 0x00, 0x00, 0x00, 0x00, 0x00, 0x00, 0x00, 0x00, 0x00,
    0xa3, 0xff, 0x9f, 0xbe, 0x7e, 0x2d, 0x00, 0x00, 0x00, 0x00, 0x00, 0x00, 0x00, 0x00, 0x00, 0x00,
    0x9d, 0xff, 0xb8, 0x02, 0x00, 0x00, 0x00, 0x00, 0x00, 0x00, 0x00, 0x00, 0x00, 0x00, 0x00, 0x00,
    0x9c, 0xff, 0x59, 0x00, 0x00, 0x00, 0x00, 0x00, 0x00, 0x00, 0x00, 0x00, 0x00, 0x00, 0x00, 0x00,
    0x9c, 0xff, 0x34, 0x00, 0x00, 0x00, 0x00, 0x00, 0x00, 0x00, 0x00, 0x00, 0x00, 0x00, 0x00, 0x00,
    0x9c, 0xff, 0x24, 0x00, 0x00, 0x00, 0x00, 0x00, 0x00, 0x00, 0x00, 0x00, 0x00, 0x00, 0x00, 0x00,
    0x9c, 0xff, 0x24, 0x00, 0x00, 0x00, 0x00, 0x00, 0x00, 0x00, 0x00, 0x00, 0x00, 0x00, 0x00, 0x00,
    0x9c, 0xff, 0x24, 0x00, 0x00, 0x00, 0x00, 0x00, 0x00, 0x00, 0x00, 0x00, 0x00, 0x00, 0x00, 0x00,
    0x9c, 0xff, 0x24, 0x00, 0x00, 0x00, 0x00, 0x00, 0x00, 0x00, 0x00, 0x00, 0x00, 0x00, 0x00, 0x00,
    0x9c, 0xff, 0x24, 0x00, 0x00, 0x00, 0x00, 0x00, 0x00, 0x00, 0x00, 0x00, 0x00, 0x00, 0x00, 0x00,
    0x9c, 0xff, 0x24, 0x00, 0x00, 0x00, 0x00, 0x00, 0x00, 0x00, 0x00, 0x00, 0x00, 0x00, 0x00, 0x00,

    /* U+0073 "s" */
    0x00, 0x07, 0x75, 0xd1, 0xf1, 0xf3, 0xd2, 0x75, 0x02, 0x00, 0x00, 0x00, 0x00, 0x00, 0x00, 0x00,
    0x00, 0x9e, 0xff, 0xa5, 0x68, 0x68, 0xac, 0xff, 0x94, 0x00, 0x00, 0x00, 0x00, 0x00, 0x00, 0x00,
    0x00, 0xf5, 0xc6, 0x00, 0x00, 0x00, 0x00, 0x8c, 0xac, 0x03, 0x00, 0x00, 0x00, 0x00, 0x00, 0x00,
    0x00, 0xef, 0xe6, 0x17, 0x00, 0x00, 0x00, 0x00, 0x00, 0x00, 0x00, 0x00, 0x00, 0x00, 0x00, 0x00,
    0x00, 0x74, 0xff, 0xf0, 0xa4, 0x61, 0x1a, 0x00, 0x00, 0x00, 0x00, 0x00, 0x00, 0x00, 0x00, 0x00,
    0x00, 0x00, 0x45, 0xaf, 0xf4, 0xff, 0xfe, 0xb7, 0x24, 0x00, 0x00, 0x00, 0x00, 0x00, 0x00, 0x00,
    0x00, 0x00, 0x00, 0x00, 0x06, 0x40, 0x9b, 0xfd, 0xda, 0x06, 0x00, 0x00, 0x00, 0x00, 0x00, 0x00,
    0x00, 0x00, 0x00, 0x00, 0x00, 0x00, 0x00, 0x94, 0xff, 0x35, 0x00, 0x00, 0x00, 0x00, 0x00, 0x00,
    0x3a, 0xe5, 0x5e, 0x00, 0x00, 0x00, 0x00, 0x94, 0xff, 0x31, 0x00, 0x00, 0x00, 0x00, 0x00, 0x00,
    0x06, 0xd4, 0xf9, 0x9a, 0x6a, 0x6b, 0x9e, 0xfd, 0xc4, 0x01, 0x00, 0x00, 0x00, 0x00, 0x00, 0x00,
    0x00, 0x15, 0x8f, 0xda, 0xf4, 0xf1, 0xd2, 0x7a, 0x0c, 0x00, 0x00, 0x00, 0x00, 0x00, 0x00, 0x00,

    /* U+0074 "t" */
    0x00, 0x00, 0x78, 0x24, 0x00, 0x00, 0x00, 0x00, 0x00, 0x00, 0x00, 0x00, 0x00, 0x00, 0x00, 0x00,
    0x00, 0x19, 0xff, 0x48, 0x00, 0x00, 0x00, 0x00, 0x00, 0x00, 0x00, 0x00, 0x00, 0x00, 0x00, 0x00,
    0x00, 0x4e, 0xff, 0x48, 0x00, 0x00, 0x00, 0x00, 0x00, 0x00, 0x00, 0x00, 0x00, 0x00, 0x00, 0x00,
    0xb4, 0xff, 0xff, 0xff, 0xff, 0x3c, 0x00, 0x00, 0x00, 0x00, 0x00, 0x00, 0x00, 0x00, 0x00, 0x00,
    0x38, 0xa2, 0xff, 0x81, 0x50, 0x12, 0x00, 0x00, 0x00, 0x00, 0x00, 0x00, 0x00, 0x00, 0x00, 0x00,
    0x00, 0x78, 0xff, 0x48, 0x00, 0x00, 0x00, 0x00, 0x00, 0x00, 0x00, 0x00, 0x00, 0x00, 0x00, 0x00,
    0x00, 0x78, 0xff, 0x48, 0x00, 0x00, 0x00, 0x00, 0x00, 0x00, 0x00, 0x00, 0x00, 0x00, 0x00, 0x00,
    0x00, 0x78, 0xff, 0x48, 0x00, 0x00, 0x00, 0x00, 0x00, 0x00, 0x00, 0x00, 0x00, 0x00, 0x00, 0x00,
    0x00, 0x78, 0xff, 0x48, 0x00, 0x00, 0x00, 0x00, 0x00, 0x00, 0x00, 0x00, 0x00, 0x00, 0x00, 0x00,
    0x00, 0x78, 0xff, 0x48, 0x00, 0x00, 0x00, 0x00, 0x00, 0x00, 0x00, 0x00, 0x00, 0x00, 0x00, 0x00,
    0x00, 0x78, 0xff, 0x48, 0x00, 0x00, 0x00, 0x00, 0x00, 0x00, 0x00, 0x00, 0x00, 0x00, 0x00, 0x00,
    0x00, 0x75, 0xff, 0x51, 0x00, 0x00, 0x00, 0x00, 0x00, 0x00, 0x00, 0x00, 0x00, 0x00, 0x00, 0x00,
    0x00, 0x53, 0xff, 0xc9, 0x73, 0x36, 0x00, 0x00, 0x00, 0x00, 0x00, 0x00, 0x00, 0x00, 0x00, 0x00,
    0x00, 0x05, 0xac, 0xf5, 0xe3, 0x52, 0x00, 0x00, 0x00, 0x00, 0x00, 0x00, 0x00, 0x00, 0x00, 0x00,

    /* U+0075 "u" */
    0xb4, 0xff, 0x10, 0x00, 0x00, 0x00, 0x04, 0xff, 0xbc, 0x00, 0x00, 0x00, 0x00, 0x00, 0x00, 0x00,
    0xb4, 0xff, 0x10, 0x00, 0x00, 0x00, 0x04, 0xff, 0xbc, 0x00, 0x00, 0x00, 0x00, 0x00, 0x00, 0x00,
    0xb4, 0xff, 0x10, 0x00, 0x00, 0x00, 0x04, 0xff, 0xbc, 0x00, 0x00, 0x00, 0x00, 0x00, 0x00, 0x00,
    0xb4, 0xff, 0x10, 0x00, 0x00, 0x00, 0x04, 0xff, 0xbc, 0x00, 0x00, 0x00, 0x00, 0x00, 0x00, 0x00,
    0xb4, 0xff, 0x10, 0x00, 0x00, 0x00, 0x04, 0xff, 0xbc, 0x00, 0x00, 0x00, 0x00, 0x00, 0x00, 0x00,
    0xb4, 0xff, 0x10, 0x00, 0x00, 0x00, 0x04, 0xff, 0xbc, 0x00, 0x00, 0x00, 0x00, 0x00, 0x00, 0x00,
    0xb4, 0xff, 0x10, 0x00, 0x00, 0x00, 0x0a, 0xff, 0xbc, 0x00, 0x00, 0x00, 0x00, 0x00, 0x00, 0x00,
    0xaf, 0xff, 0x16, 0x00, 0x00, 0x00, 0x2a, 0xff, 0xbc, 0x00, 0x00, 0x00, 0x00, 0x00, 0x00, 0x00,
    0x96, 0xff, 0x3d, 0x00, 0x00, 0x00, 0x8c, 0xff, 0xbc, 0x00, 0x00, 0x00, 0x00, 0x00, 0x00, 0x00,
    0x46, 0xff, 0xcd, 0x48, 0x3e, 0x8c, 0xbc, 0xf0, 0xbd, 0x00, 0x00, 0x00, 0x00, 0x00, 0x00, 0x00,
    0x00, 0x60, 0xd4, 0xf6, 0xe8, 0x98, 0x0d, 0xe5, 0xc3, 0x00, 0x00, 0x00, 0x00, 0x00, 0x00, 0x00,

    /* U+0076 "v" */
    0xc4, 0xfe, 0x1a, 0x00, 0x00, 0x00, 0x00, 0x1c, 0xfe, 0xc1, 0x00, 0x00, 0x00, 0x00, 0x00, 0x00,
    0x6a, 0xff, 0x6c, 0x00, 0x00, 0x00, 0x00, 0x70, 0xff, 0x65, 0x00, 0x00, 0x00, 0x00, 0x00, 0x00,
    0x15, 0xfb, 0xbf, 0x00, 0x00, 0x00, 0x00, 0xc6, 0xf8, 0x10, 0x00, 0x00, 0x00, 0x00, 0x00, 0x00,
    0x00, 0xb7, 0xfc, 0x16, 0x00, 0x00, 0x1c, 0xfe, 0xad, 0x00, 0x00, 0x00, 0x00, 0x00, 0x00, 0x00,
    0x00, 0x5e, 0xff, 0x66, 0x00, 0x00, 0x70, 0xff, 0x51, 0x00, 0x00, 0x00, 0x00, 0x00, 0x00, 0x00,
    0x00, 0x0d, 0xf6, 0xb9, 0x00, 0x00, 0xc6, 0xee, 0x06, 0x00, 0x00, 0x00, 0x00, 0x00, 0x00, 0x00,
    0x00, 0x00, 0xab, 0xfb, 0x11, 0x1c, 0xfe, 0x99, 0x00, 0x00, 0x00, 0x00, 0x00, 0x00, 0x00, 0x00,
    0x00, 0x00, 0x51, 0xff, 0x5c, 0x6f, 0xff, 0x3d, 0x00, 0x00, 0x00, 0x00, 0x00, 0x00, 0x00, 0x00,
    0x00, 0x00, 0x07, 0xf0, 0xa4, 0xc0, 0xe0, 0x01, 0x00, 0x00, 0x00, 0x00, 0x00, 0x00, 0x00, 0x00,
    0x00, 0x00, 0x00, 0x9e, 0xed, 0xfb, 0x85, 0x00, 0x00, 0x00, 0x00, 0x00, 0x00, 0x00, 0x00, 0x00,
    0x00, 0x00, 0x00, 0x45, 0xff, 0xff, 0x29, 0x00, 0x00, 0x00, 0x00, 0x00, 0x00, 0x00, 0x00, 0x00,

    /* U+0077 "w" */
    0x00, 0xe5, 0xd2, 0x00, 0x00, 0x00, 0x00, 0xd5, 0xff, 0x4a, 0x00, 0x00, 0x00, 0x59, 0xff, 0x5c,
    0x00, 0xa0, 0xfe, 0x11, 0x00, 0x00, 0x16, 0xff, 0xf2, 0x89, 0x00, 0x00, 0x00, 0x99, 0xfe, 0x17,
    0x00, 0x5b, 0xff, 0x4d, 0x00, 0x00, 0x57, 0xfb, 0x9a, 0xc7, 0x00, 0x00, 0x00, 0xd9, 0xcf, 0x00,
    0x00, 0x17, 0xfe, 0x8b, 0x00, 0x00, 0x98, 0xca, 0x59, 0xfb, 0x0b, 0x00, 0x18, 0xff, 0x88, 0x00,
    0x00, 0x00, 0xd1, 0xc8, 0x00, 0x00, 0xd9, 0x8c, 0x1d, 0xff, 0x44, 0x00, 0x59, 0xff, 0x42, 0x00,
    0x00, 0x00, 0x8c, 0xfb, 0x0b, 0x1a, 0xff, 0x4f, 0x00, 0xe1, 0x83, 0x00, 0x99, 0xf4, 0x06, 0x00,
    0x00, 0x00, 0x47, 0xff, 0x44, 0x5b, 0xfe, 0x12, 0x00, 0xa5, 0xc1, 0x00, 0xd9, 0xb5, 0x00, 0x00,
    0x00, 0x00, 0x09, 0xf8, 0x80, 0x9c, 0xd2, 0x00, 0x00, 0x68, 0xf8, 0x20, 0xff, 0x6e, 0x00, 0x00,
    0x00, 0x00, 0x00, 0xbd, 0xb7, 0xdc, 0x93, 0x00, 0x00, 0x2c, 0xff, 0x8f, 0xff, 0x28, 0x00, 0x00,
    0x00, 0x00, 0x00, 0x78, 0xf3, 0xff, 0x55, 0x00, 0x00, 0x01, 0xed, 0xf2, 0xe1, 0x00, 0x00, 0x00,
    0x00, 0x00, 0x00, 0x33, 0xff, 0xff, 0x17, 0x00, 0x00, 0x00, 0xb2, 0xff, 0x9b, 0x00, 0x00, 0x00,

    /* U+0078 "x" */
    0x44, 0xfe, 0xa6, 0x00, 0x00, 0x00, 0x00, 0xb6, 0xfd, 0x3c, 0x00, 0x00, 0x00, 0x00, 0x00, 0x00,
    0x00, 0x97, 0xff, 0x44, 0x00, 0x00, 0x53, 0xff, 0x8e, 0x00, 0x00, 0x00, 0x00, 0x00, 0x00, 0x00,
    0x00, 0x0c, 0xdf, 0xda, 0x07, 0x0b, 0xe2, 0xd9, 0x09, 0x00, 0x00, 0x00, 0x00, 0x00, 0x00, 0x00,
    0x00, 0x00, 0x41, 0xfe, 0x80, 0x8b, 0xfd, 0x39, 0x00, 0x00, 0x00, 0x00, 0x00, 0x00, 0x00, 0x00,
    0x00, 0x00, 0x00, 0x95, 0xf8, 0xfa, 0x8a, 0x00, 0x00, 0x00, 0x00, 0x00, 0x00, 0x00, 0x00, 0x00,
    0x00, 0x00, 0x00, 0x32, 0xff, 0xff, 0x2c, 0x00, 0x00, 0x00, 0x00, 0x00, 0x00, 0x00, 0x00, 0x00,
    0x00, 0x00, 0x02, 0xc6, 0xe8, 0xec, 0xc2, 0x01, 0x00, 0x00, 0x00, 0x00, 0x00, 0x00, 0x00, 0x00,
    0x00, 0x00, 0x74, 0xff, 0x57, 0x60, 0xff, 0x6f, 0x00, 0x00, 0x00, 0x00, 0x00, 0x00, 0x00, 0x00,
    0x00, 0x26, 0xf6, 0xb5, 0x00, 0x00, 0xbe, 0xf5, 0x25, 0x00, 0x00, 0x00, 0x00, 0x00, 0x00, 0x00,
    0x02, 0xc6, 0xf4, 0x1f, 0x00, 0x00, 0x26, 0xf8, 0xc4, 0x02, 0x00, 0x00, 0x00, 0x00, 0x00, 0x00,
    0x73, 0xff, 0x71, 0x00, 0x00, 0x00, 0x00, 0x7d, 0xff, 0x72, 0x00, 0x00, 0x00, 0x00, 0x00, 0x00,

    /* U+0079 "y" */
    0xc2, 0xfd, 0x1d, 0x00, 0x00, 0x00, 0x00, 0x13, 0xfb, 0xc7, 0x00, 0x00, 0x00, 0x00, 0x00, 0x00,
    0x5e, 0xff, 0x7b, 0x00, 0x00, 0x00, 0x00, 0x66, 0xff, 0x67, 0x00, 0x00, 0x00, 0x00, 0x00, 0x00,
    0x09, 0xf0, 0xda, 0x00, 0x00, 0x00, 0x00, 0xbc, 0xf7, 0x0f, 0x00, 0x00, 0x00, 0x00, 0x00, 0x00,
    0x00, 0x96, 0xff, 0x3b, 0x00, 0x00, 0x15, 0xfc, 0xa6, 0x00, 0x00, 0x00, 0x00, 0x00, 0x00, 0x00,
    0x00, 0x32, 0xff, 0x9b, 0x00, 0x00, 0x68, 0xff, 0x45, 0x00, 0x00, 0x00, 0x00, 0x00, 0x00, 0x00,
    0x00, 0x00, 0xce, 0xf1, 0x09, 0x00, 0xbe, 0xe2, 0x02, 0x00, 0x00, 0x00, 0x00, 0x00, 0x00, 0x00,
    0x00, 0x00, 0x6a, 0xff, 0x55, 0x16, 0xfc, 0x84, 0x00, 0x00, 0x00, 0x00, 0x00, 0x00, 0x00, 0x00,
    0x00, 0x00, 0x0f, 0xf6, 0xaa, 0x6c, 0xff, 0x24, 0x00, 0x00, 0x00, 0x00, 0x00, 0x00, 0x00, 0x00,
    0x00, 0x00, 0x00, 0xa2, 0xf5, 0xcd, 0xc3, 0x00, 0x00, 0x00, 0x00, 0x00, 0x00, 0x00, 0x00, 0x00,
    0x00, 0x00, 0x00, 0x3e, 0xff, 0xff, 0x63, 0x00, 0x00, 0x00, 0x00, 0x00, 0x00, 0x00, 0x00, 0x00,
    0x00, 0x00, 0x00, 0x00, 0xe0, 0xf5, 0x0d, 0x00, 0x00, 0x00, 0x00, 0x00, 0x00, 0x00, 0x00, 0x00,
    0x00, 0x00, 0x00, 0x1e, 0xfa, 0x99, 0x00, 0x00, 0x00, 0x00, 0x00, 0x00, 0x00, 0x00, 0x00, 0x00,
    0x00, 0x00, 0x00, 0xac, 0xfb, 0x27, 0x00, 0x00, 0x00, 0x00, 0x00, 0x00, 0x00, 0x00, 0x00, 0x00,
    0x26, 0x6d, 0xb9, 0xff, 0x85, 0x00, 0x00, 0x00, 0x00, 0x00, 0x00, 0x00, 0x00, 0x00, 0x00, 0x00,
    0x4f, 0xf7, 0xe8, 0x7f, 0x02, 0x00, 0x00, 0x00, 0x00, 0x00, 0x00, 0x00, 0x00, 0x00, 0x00, 0x00,

    /* U+007A "z" */
    0x00, 0xdc, 0xff, 0xff, 0xff, 0xff, 0xff, 0xff, 0xcc, 0x00, 0x00, 0x00, 0x00, 0x00, 0x00, 0x00,
    0x00, 0x55, 0x64, 0x64, 0x64, 0x64, 0xb2, 0xff, 0xa7, 0x00, 0x00, 0x00, 0x00, 0x00, 0x00, 0x00,
    0x00, 0x00, 0x00, 0x00, 0x00, 0x21, 0xf1, 0xe7, 0x15, 0x00, 0x00, 0x00, 0x00, 0x00, 0x00, 0x00,
    0x00, 0x00, 0x00, 0x00, 0x04, 0xc7, 0xfe, 0x46, 0x00, 0x00, 0x00, 0x00, 0x00, 0x00, 0x00, 0x00,
    0x00, 0x00, 0x00, 0x00, 0x83, 0xff, 0x8c, 0x00, 0x00, 0x00, 0x00, 0x00, 0x00, 0x00, 0x00, 0x00,
    0x00, 0x00, 0x00, 0x3d, 0xfc, 0xce, 0x06, 0x00, 0x00, 0x00, 0x00, 0x00, 0x00, 0x00, 0x00, 0x00,
    0x00, 0x00, 0x10, 0xe1, 0xf5, 0x27, 0x00, 0x00, 0x00, 0x00, 0x00, 0x00, 0x00, 0x00, 0x00, 0x00,
    0x00, 0x00, 0xa9, 0xff, 0x64, 0x00, 0x00, 0x00, 0x00, 0x00, 0x00, 0x00, 0x00, 0x00, 0x00, 0x00,
    0x00, 0x62, 0xff, 0xac, 0x00, 0x00, 0x00, 0x00, 0x00, 0x00, 0x00, 0x00, 0x00, 0x00, 0x00, 0x00,
    0x18, 0xf3, 0xfd, 0x75, 0x64, 0x64, 0x64, 0x64, 0x64, 0x00, 0x00, 0x00, 0x00, 0x00, 0x00, 0x00,
    0x30, 0xff, 0xff, 0xff, 0xff, 0xff, 0xff, 0xff, 0xff, 0x00, 0x00, 0x00, 0x00, 0x00, 0x00, 0x00,

    /* U+007C "|" */
    0x38, 0xff, 0x68, 0x00, 0x00, 0x00, 0x00, 0x00, 0x00, 0x00, 0x00, 0x00, 0x00, 0x00, 0x00, 0x00,
    0x38, 0xff, 0x68, 0x00, 0x00, 0x00, 0x00, 0x00, 0x00, 0x00, 0x00, 0x00, 0x00, 0x00, 0x00, 0x00,
    0x38, 0xff, 0x68, 0x00, 0x00, 0x00, 0x00, 0x00, 0x00, 0x00, 0x00, 0x00, 0x00, 0x00, 0x00, 0x00,
    0x38, 0xff, 0x68, 0x00, 0x00, 0x00, 0x00, 0x00, 0x00, 0x00, 0x00, 0x00, 0x00, 0x00, 0x00, 0x00,
    0x38, 0xff, 0x68, 0x00, 0x00, 0x00, 0x00, 0x00, 0x00, 0x00, 0x00, 0x00, 0x00, 0x00, 0x00, 0x00,
    0x38, 0xff, 0x68, 0x00, 0x00, 0x00, 0x00, 0x00, 0x00, 0x00, 0x00, 0x00, 0x00, 0x00, 0x00, 0x00,
    0x38, 0xff, 0x68, 0x00, 0x00, 0x00, 0x00, 0x00, 0x00, 0x00, 0x00, 0x00, 0x00, 0x00, 0x00, 0x00,
    0x38, 0xff, 0x68, 0x00, 0x00, 0x00, 0x00, 0x00, 0x00, 0x00, 0x00, 0x00, 0x00, 0x00, 0x00, 0x00,
    0x38, 0xff, 0x68, 0x00, 0x00, 0x00, 0x00, 0x00, 0x00, 0x00, 0x00, 0x00, 0x00, 0x00, 0x00, 0x00,
    0x38, 0xff, 0x68, 0x00, 0x00, 0x00, 0x00, 0x00, 0x00, 0x00, 0x00, 0x00, 0x00, 0x00, 0x00, 0x00,
    0x38, 0xff, 0x68, 0x00, 0x00, 0x00, 0x00, 0x00, 0x00, 0x00, 0x00, 0x00, 0x00, 0x00, 0x00, 0x00,
    0x38, 0xff, 0x68, 0x00, 0x00, 0x00, 0x00, 0x00, 0x00, 0x00, 0x00, 0x00, 0x00, 0x00, 0x00, 0x00,
    0x38, 0xff, 0x68, 0x00, 0x00, 0x00, 0x00, 0x00, 0x00, 0x00, 0x00, 0x00, 0x00, 0x00, 0x00, 0x00,
    0x38, 0xff, 0x68, 0x00, 0x00, 0x00, 0x00, 0x00, 0x00, 0x00, 0x00, 0x00, 0x00, 0x00, 0x00, 0x00,
    0x38, 0xff, 0x68, 0x00, 0x00, 0x00, 0x00, 0x00, 0x00, 0x00, 0x00, 0x00, 0x00, 0x00, 0x00, 0x00,
    0x38, 0xff, 0x68, 0x00, 0x00, 0x00, 0x00, 0x00, 0x00, 0x00, 0x00, 0x00, 0x00, 0x00, 0x00, 0x00,
    0x38, 0xff, 0x68, 0x00, 0x00, 0x00, 0x00, 0x00, 0x00, 0x00, 0x00, 0x00, 0x00, 0x00, 0x00, 0x00,
    0x38, 0xff, 0x68, 0x00, 0x00, 0x00, 0x00, 0x00, 0x00, 0x00, 0x00, 0x00, 0x00, 0x00, 0x00, 0x00,
    0x38, 0xff, 0x68, 0x00, 0x00, 0x00, 0x00, 0x00, 0x00, 0x00, 0x00, 0x00, 0x00, 0x00, 0x00, 0x00
};

/*---------------------
 *  GLYPH DESCRIPTION
 *--------------------*/

static const lv_font_fmt_txt_glyph_dsc_t glyph_dsc[] = {
    {.bitmap_index = 0, .adv_w = 0, .box_w = 0, .box_h = 0, .ofs_x = 0, .ofs_y = 0} /* id = 0 reserved */,
    {.bitmap_index = 0, .adv_w = 89, .box_w = 0, .box_h = 0, .ofs_x = 0, .ofs_y = 0},
    {.bitmap_index = 0, .adv_w = 178, .box_w = 11, .box_h = 14, .ofs_x = 0, .ofs_y = 0},
    {.bitmap_index = 224, .adv_w = 178, .box_w = 10, .box_h = 14, .ofs_x = 1, .ofs_y = 0},
    {.bitmap_index = 448, .adv_w = 178, .box_w = 10, .box_h = 14, .ofs_x = 1, .ofs_y = 0},
    {.bitmap_index = 672, .adv_w = 178, .box_w = 11, .box_h = 14, .ofs_x = 0, .ofs_y = 0},
    {.bitmap_index = 896, .adv_w = 178, .box_w = 11, .box_h = 14, .ofs_x = 0, .ofs_y = 0},
    {.bitmap_index = 1120, .adv_w = 178, .box_w = 11, .box_h = 14, .ofs_x = 0, .ofs_y = 0},
    {.bitmap_index = 1344, .adv_w = 178, .box_w = 10, .box_h = 14, .ofs_x = 1, .ofs_y = 0},
    {.bitmap_index = 1568, .adv_w = 178, .box_w = 10, .box_h = 14, .ofs_x = 1, .ofs_y = 0},
    {.bitmap_index = 1792, .adv_w = 178, .box_w = 11, .box_h = 14, .ofs_x = 0, .ofs_y = 0},
    {.bitmap_index = 2016, .adv_w = 178, .box_w = 11, .box_h = 14, .ofs_x = 0, .ofs_y = 0},
    {.bitmap_index = 2240, .adv_w = 89, .box_w = 3, .box_h = 11, .ofs_x = 1, .ofs_y = 0},
    {.bitmap_index = 2416, .adv_w = 213, .box_w = 14, .box_h = 14, .ofs_x = 0, .ofs_y = 0},
    {.bitmap_index = 2640, .adv_w = 213, .box_w = 12, .box_h = 14, .ofs_x = 1, .ofs_y = 0},
    {.bitmap_index = 2864, .adv_w = 231, .box_w = 13, .box_h = 14, .ofs_x = 1, .ofs_y = 0},
    {.bitmap_index = 3088, .adv_w = 231, .box_w = 13, .box_h = 14, .ofs_x = 1, .ofs_y = 0},
    {.bitmap_index = 3312, .adv_w = 213, .box_w = 12, .box_h = 14, .ofs_x = 1, .ofs_y = 0},
    {.bitmap_index = 3536, .adv_w = 195, .box_w = 11, .box_h = 14, .ofs_x = 1, .ofs_y = 0},
    {.bitmap_index = 3760, .adv_w = 249, .box_w = 14, .box_h = 14, .ofs_x = 1, .ofs_y = 0},
    {.bitmap_index = 3984, .adv_w = 231, .box_w = 12, .box_h = 14, .ofs_x = 1, .ofs_y = 0},
    {.bitmap_index = 4208, .adv_w = 89, .box_w = 3, .box_h = 14, .ofs_x = 1, .ofs_y = 0},
    {.bitmap_index = 4432, .adv_w = 160, .box_w = 9, .box_h = 14, .ofs_x = 0, .ofs_y = 0},
    {.bitmap_index = 4656, .adv_w = 213, .box_w = 13, .box_h = 14, .ofs_x = 1, .ofs_y = 0},
    {.bitmap_index = 4880, .adv_w = 178, .box_w = 10, .box_h = 14, .ofs_x = 1, .ofs_y = 0},
    {.bitmap_index = 5104, .adv_w = 267, .box_w = 15, .box_h = 14, .ofs_x = 1, .ofs_y = 0},
    {.bitmap_index = 5328, .adv_w = 231, .box_w = 12, .box_h = 14, .ofs_x = 1, .ofs_y = 0},
    {.bitmap_index = 5552, .adv_w = 249, .box_w = 15, .box_h = 14, .ofs_x = 0, .ofs_y = 0},
    {.bitmap_index = 5776, .adv_w = 213, .box_w = 12, .box_h = 14, .ofs_x = 1, .ofs_y = 0},
    {.bitmap_index = 6000, .adv_w = 249, .box_w = 15, .box_h = 18, .ofs_x = 0, .ofs_y = -4},
    {.bitmap_index = 6288, .adv_w = 231, .box_w = 13, .box_h = 14, .ofs_x = 1, .ofs_y = 0},
    {.bitmap_index = 6512, .adv_w = 213, .box_w = 13, .box_h = 14, .ofs_x = 0, .ofs_y = 0},
    {.bitmap_index = 6736, .adv_w = 195, .box_w = 12, .box_h = 14, .ofs_x = 0, .ofs_y = 0},
    {.bitmap_index = 6960, .adv_w = 231, .box_w = 12, .box_h = 14, .ofs_x = 1, .ofs_y = 0},
    {.bitmap_index = 7184, .adv_w = 213, .box_w = 14, .box_h = 14, .ofs_x = 0, .ofs_y = 0},
    {.bitmap_index = 7408, .adv_w = 302, .box_w = 19, .box_h = 14, .ofs_x = 0, .ofs_y = 0},
    {.bitmap_index = 7856, .adv_w = 213, .box_w = 13, .box_h = 14, .ofs_x = 0, .ofs_y = 0},
    {.bitmap_index = 8080, .adv_w = 213, .box_w = 13, .box_h = 14, .ofs_x = 0, .ofs_y = 0},
    {.bitmap_index = 8304, .adv_w = 195, .box_w = 12, .box_h = 14, .ofs_x = 0, .ofs_y = 0},
    {.bitmap_index = 8528, .adv_w = 178, .box_w = 12, .box_h = 11, .ofs_x = 0, .ofs_y = 0},
    {.bitmap_index = 8704, .adv_w = 178, .box_w = 10, .box_h = 15, .ofs_x = 1, .ofs_y = 0},
    {.bitmap_index = 8944, .adv_w = 160, .box_w = 10, .box_h = 11, .ofs_x = 0, .ofs_y = 0},
    {.bitmap_index = 9120, .adv_w = 178, .box_w = 10, .box_h = 15, .ofs_x = 0, .ofs_y = 0},
    {.bitmap_index = 9360, .adv_w = 178, .box_w = 11, .box_h = 11, .ofs_x = 0, .ofs_y = 0},
    {.bitmap_index = 9536, .adv_w = 89, .box_w = 6, .box_h = 15, .ofs_x = 0, .ofs_y = 0},
    {.bitmap_index = 9776, .adv_w = 178, .box_w = 10, .box_h = 15, .ofs_x = 0, .ofs_y = -4},
    {.bitmap_index = 10016, .adv_w = 178, .box_w = 9, .box_h = 15, .ofs_x = 1, .ofs_y = 0},
    {.bitmap_index = 10256, .adv_w = 71, .box_w = 3, .box_h = 15, .ofs_x = 1, .ofs_y = 0},
    {.bitmap_index = 10496, .adv_w = 71, .box_w = 5, .box_h = 19, .ofs_x = -1, .ofs_y = -4},
    {.bitmap_index = 10800, .adv_w = 160, .box_w = 10, .box_h = 15, .ofs_x = 1, .ofs_y = 0},
    {.bitmap_index = 11040, .adv_w = 71, .box_w = 3, .box_h = 15, .ofs_x = 1, .ofs_y = 0},
    {.bitmap_index = 11280, .adv_w = 267, .box_w = 15, .box_h = 11, .ofs_x = 1, .ofs_y = 0},
    {.bitmap_index = 11456, .adv_w = 178, .box_w = 9, .box_h = 11, .ofs_x = 1, .ofs_y = 0},
    {.bitmap_index = 11632, .adv_w = 178, .box_w = 11, .box_h = 11, .ofs_x = 0, .ofs_y = 0},
    {.bitmap_index = 11808, .adv_w = 178, .box_w = 10, .box_h = 15, .ofs_x = 1, .ofs_y = -4},
    {.bitmap_index = 12048, .adv_w = 178, .box_w = 10, .box_h = 15, .ofs_x = 0, .ofs_y = -4},
    {.bitmap_index = 12288, .adv_w = 107, .box_w = 6, .box_h = 12, .ofs_x = 1, .ofs_y = 0},
    {.bitmap_index = 12480, .adv_w = 160, .box_w = 10, .box_h = 11, .ofs_x = 0, .ofs_y = 0},
    {.bitmap_index = 12656, .adv_w = 89, .box_w = 6, .box_h = 14, .ofs_x = 0, .ofs_y = 0},
    {.bitmap_index = 12880, .adv_w = 178, .box_w = 9, .box_h = 11, .ofs_x = 1, .ofs_y = 0},
    {.bitmap_index = 13056, .adv_w = 160, .box_w = 10, .box_h = 11, .ofs_x = 0, .ofs_y = 0},
    {.bitmap_index = 13232, .adv_w = 231, .box_w = 16, .box_h = 11, .ofs_x = -1, .ofs_y = 0},
    {.bitmap_index = 13408, .adv_w = 160, .box_w = 10, .box_h = 11, .ofs_x = 0, .ofs_y = 0},
    {.bitmap_index = 13584, .adv_w = 160, .box_w = 10, .box_h = 15, .ofs_x = 0, .ofs_y = -4},
    {.bitmap_index = 13824, .adv_w = 160, .box_w = 9, .box_h = 11, .ofs_x = 0, .ofs_y = 0},
    {.bitmap_index = 14000, .adv_w = 83, .box_w = 3, .box_h = 19, .ofs_x = 1, .ofs_y = -4}
};

/*---------------------
 *  CHARACTER MAPPING
 *--------------------*/



/*Collect the unicode lists and glyph_id offsets*/
static const lv_font_fmt_txt_cmap_t cmaps[] =
{
    {
        .range_start = 32, .range_length = 1, .glyph_id_start = 1,
        .unicode_list = NULL, .glyph_id_ofs_list = NULL, .list_length = 0, .type = LV_FONT_FMT_TXT_CMAP_FORMAT0_TINY
    },
    {
        .range_start = 48, .range_length = 11, .glyph_id_start = 2,
        .unicode_list = NULL, .glyph_id_ofs_list = NULL, .list_length = 0, .type = LV_FONT_FMT_TXT_CMAP_FORMAT0_TINY
    },
    {
        .range_start = 65, .range_length = 26, .glyph_id_start = 13,
        .unicode_list = NULL, .glyph_id_ofs_list = NULL, .list_length = 0, .type = LV_FONT_FMT_TXT_CMAP_FORMAT0_TINY
    },
    {
        .range_start = 97, .range_length = 26, .glyph_id_start = 39,
        .unicode_list = NULL, .glyph_id_ofs_list = NULL, .list_length = 0, .type = LV_FONT_FMT_TXT_CMAP_FORMAT0_TINY
    },
    {
        .range_start = 124, .range_length = 1, .glyph_id_start = 65,
        .unicode_list = NULL, .glyph_id_ofs_list = NULL, .list_length = 0, .type = LV_FONT_FMT_TXT_CMAP_FORMAT0_TINY
    }
};

/*-----------------
 *    KERNING
 *----------------*/

/*Map glyph_ids to kern left classes*/
static const uint8_t kern_left_class_mapping[] =
{
    0, 1, 0, 2, 0, 0, 0, 0,
    0, 0, 0, 0, 0, 3, 0, 0,
    0, 0, 4, 0, 0, 0, 0, 0,
    5, 0, 0, 0, 6, 0, 7, 0,
    8, 0, 9, 10, 0, 11, 0, 0,
    0, 0, 0, 0, 12, 0, 0, 0,
    0, 0, 0, 0, 0, 0, 0, 0,
    0, 0, 0, 0, 0, 0, 0, 0,
    0, 0
};

/*Map glyph_ids to kern right classes*/
static const uint8_t kern_right_class_mapping[] =
{
    0, 1, 0, 2, 0, 0, 0, 0,
    0, 0, 0, 0, 3, 4, 0, 0,
    0, 0, 0, 0, 0, 0, 0, 0,
    0, 0, 0, 5, 0, 0, 0, 0,
    6, 0, 7, 8, 0, 6, 0, 9,
    0, 10, 0, 11, 12, 0, 0, 13,
    0, 0, 0, 0, 0, 11, 14, 15,
    16, 10, 0, 17, 18, 19, 0, 20,
    0, 0
};

/*Kern values between classes*/
static const int8_t kern_class_values[] =
{
    0, 0, 0, -18, 0, -6, 0, 0,
    0, 0, 0, 0, 0, 0, 0, 0,
    0, 0, 0, 0, 0, -24, 0, 0,
    0, 0, 0, 0, 0, 0, 0, 0,
    0, 0, 0, 0, 0, 0, 0, 0,
    -18, 0, 0, 0, 0, -24, -24, -12,
    0, 0, 0, 0, 0, 0, 0, 0,
    0, -6, -6, -6, 0, 0, 0, -18,
    0, 0, 0, 0, 0, 0, 0, 0,
    0, 0, 0, 0, 0, 0, 0, 0,
    -12, 0, 0, 0, 0, -24, -24, -24,
    0, 0, 0, 0, 0, 0, 0, 0,
    0, 0, 0, -12, -6, 0, 0, -24,
    0, 0, 0, 0, 0, 0, 0, 0,
    0, 0, 0, 0, 0, 0, 0, 0,
    0, 0, 0, 0, 0, -6, -6, -6,
    0, 0, 0, 0, 0, 0, 0, 0,
    0, 0, 0, 0, -6, 0, -35, -24,
    -6, 0, 0, 0, -35, -35, -35, 0,
    -12, 0, 0, -12, -12, 0, -18, -18,
    0, 0, -12, -24, 0, 0, 0, 0,
    -24, 0, -18, 0, -6, 0, 0, -12,
    -12, 0, 0, -12, 0, 0, -6, -12,
    0, 0, 0, 0, -12, 0, -6, 0,
    0, 0, 0, -6, -6, 0, 0, -3,
    -6, 0, -18, -24, 0, 0, 0, 0,
    -24, 0, -29, 0, -12, -24, -29, 0,
    -18, -18, 0, 0, 0, 0, 0, 0,
    0, 0, 0, 0, 0, 0, 0, -6,
    0, 0, 0, 0, 0, 0, 0, 0
};

/*Collect the kern class' data in one place*/
static const lv_font_fmt_txt_kern_classes_t kern_classes =
{
    .class_pair_values   = kern_class_values,
    .left_class_mapping  = kern_left_class_mapping,
    .right_class_mapping = kern_right_class_mapping,
    .left_class_cnt      = 12,
    .right_class_cnt     = 20,
};

/*--------------------
 *  ALL CUSTOM DATA
 *--------------------*/

#if LVGL_VERSION_MAJOR == 8
/*Store all the custom data of the font*/
static  lv_font_fmt_txt_glyph_cache_t cache;
#endif

#if LVGL_VERSION_MAJOR >= 8
static const lv_font_fmt_txt_dsc_t font_dsc = {
#else
static lv_font_fmt_txt_dsc_t font_dsc = {
#endif
    .glyph_bitmap = glyph_bitmap,
    .glyph_dsc = glyph_dsc,
    .cmaps = cmaps,
    .kern_dsc = &kern_classes,
    .kern_scale = 16,
    .cmap_num = 5,
    .bpp = 8,
    .kern_classes = 1,
    .bitmap_format = 0,
#if LVGL_VERSION_MAJOR == 8
    .cache = &cache
#endif
    .stride = 16
};

extern const lv_font_t lv_font_montserrat_14;


/*-----------------
 *  PUBLIC FONT
 *----------------*/

/*Initialize a public general font descriptor*/
#if LVGL_VERSION_MAJOR >= 8
const lv_font_t lv_font_LiberationSans_20 = {
#else
lv_font_t lv_font_LiberationSans_20 = {
#endif
    .get_glyph_dsc = lv_font_get_glyph_dsc_fmt_txt,    /*Function pointer to get glyph's data*/
    .get_glyph_bitmap = lv_font_get_bitmap_fmt_txt,    /*Function pointer to get glyph's bitmap*/
    .line_height = 23,          /*The maximum line height required by the font*/
    .base_line = 5,             /*Baseline measured from the bottom of the line*/
#if !(LVGL_VERSION_MAJOR == 6 && LVGL_VERSION_MINOR == 0)
    .subpx = LV_FONT_SUBPX_NONE,
#endif
#if LV_VERSION_CHECK(7, 4, 0) || LVGL_VERSION_MAJOR >= 8
    .underline_position = -2,
    .underline_thickness = 1,
#endif

#if LV_VERSION_CHECK(9, 3, 0)
    .static_bitmap = 1,    /*Bitmaps are stored as const so they are always static if not compressed */
#endif

    .dsc = &font_dsc,          /*The custom font data. Will be accessed by `get_glyph_bitmap/dsc` */
#if LV_VERSION_CHECK(8, 2, 0) || LVGL_VERSION_MAJOR >= 9
    .fallback = &lv_font_montserrat_14,
#endif
    .user_data = NULL,
};



#endif /*#if LV_FONT_LIBERATIONSANS_20*/
